# Extracted losslessly from Unity Mesh asset: C:/Users/slicc/Documents/Changing My Life/Game/Assets/_Project/Art/Cinematics/Meshes/MSH_CIN_Asteroid_02.asset
o MSH_CIN_Asteroid_02
v 0 0 52.5598228
v 0 11.95786 52.3908079
v 0 0 52.5598228
v 0 0 52.5598228
v 0 11.95786 52.3908079
v 4.13007438 11.3472857 52.9063523
v 0 0 52.5598228
v 4.13007438 11.3472857 52.9063523
v 0 0 52.5598228
v 0 0 52.5598228
v 4.13007438 11.3472857 52.9063523
v 7.82201365 9.32191312 53.315407
v 0 0 52.5598228
v 7.82201365 9.32191312 53.315407
v 0 0 52.5598228
v 0 0 52.5598228
v 7.82201365 9.32191312 53.315407
v 10.5808504 6.10885583 53.5292983
v 0 0 52.5598228
v 10.5808504 6.10885583 53.5292983
v 0 0 52.5598228
v 0 0 52.5598228
v 10.5808504 6.10885583 53.5292983
v 12.0197073 2.11939774 53.47417
v 0 0 52.5598228
v 12.0197073 2.11939774 53.47417
v 0 -0 52.5598228
v 0 -0 52.5598228
v 12.0197073 2.11939774 53.47417
v 11.940632 -2.10545566 53.1223774
v 0 -0 52.5598228
v 11.940632 -2.10545566 53.1223774
v 0 -0 52.5598228
v 0 -0 52.5598228
v 11.940632 -2.10545566 53.1223774
v 10.3797302 -5.99274114 52.5118232
v 0 -0 52.5598228
v 10.3797302 -5.99274114 52.5118232
v 0 -0 52.5598228
v 0 -0 52.5598228
v 10.3797302 -5.99274114 52.5118232
v 7.59140477 -9.0470843 51.743561
v 0 -0 52.5598228
v 7.59140477 -9.0470843 51.743561
v 0 -0 52.5598228
v 0 -0 52.5598228
v 7.59140477 -9.0470843 51.743561
v 3.97787876 -10.9291375 50.956744
v 0 -0 52.5598228
v 3.97787876 -10.9291375 50.956744
v -0 -0 52.5598228
v -0 -0 52.5598228
v 3.97787876 -10.9291375 50.956744
v -1.00358237e-06 -11.4796445 50.2956092
v -0 -0 52.5598228
v -1.00358237e-06 -11.4796445 50.2956092
v -0 -0 52.5598228
v -0 -0 52.5598228
v -1.00358237e-06 -11.4796445 50.2956092
v -3.89289074 -10.6956288 49.8680204
v -0 -0 52.5598228
v -3.89289074 -10.6956288 49.8680204
v -0 -0 52.5598228
v -0 -0 52.5598228
v -3.89289074 -10.6956288 49.8680204
v -7.29178637 -8.69000927 49.7013271
v -0 -0 52.5598228
v -7.29178637 -8.69000927 49.7013271
v -0 -0 52.5598228
v -0 -0 52.5598228
v -7.29178637 -8.69000927 49.7013271
v -9.83716846 -5.67949042 49.7669548
v -0 -0 52.5598228
v -9.83716846 -5.67949042 49.7669548
v -0 -0 52.5598228
v -0 -0 52.5598228
v -9.83716846 -5.67949042 49.7669548
v -11.2404592 -1.98199581 50.007391
v -0 -0 52.5598228
v -11.2404592 -1.98199581 50.007391
v -0 0 52.5598228
v -0 0 52.5598228
v -11.2404592 -1.98199581 50.007391
v -11.3211386 1.99622177 50.3663301
v -0 0 52.5598228
v -11.3211386 1.99622177 50.3663301
v -0 0 52.5598228
v -0 0 52.5598228
v -11.3211386 1.99622177 50.3663301
v -10.0429967 5.79832532 50.8082569
v -0 0 52.5598228
v -10.0429967 5.79832532 50.8082569
v -0 0 52.5598228
v -0 0 52.5598228
v -10.0429967 5.79832532 50.8082569
v -7.52760395 8.97105411 51.3087034
v -0 0 52.5598228
v -7.52760395 8.97105411 51.3087034
v -0 0 52.5598228
v -0 0 52.5598228
v -7.52760395 8.97105411 51.3087034
v -4.04707156 11.1192457 51.8431187
v -0 0 52.5598228
v -4.04707156 11.1192457 51.8431187
v 0 0 52.5598228
v 0 0 52.5598228
v -4.04707156 11.1192457 51.8431187
v 2.09077857e-06 11.95786 52.3908079
v 0 11.95786 52.3908079
v 0 23.8136947 49.4496435
v 4.13007438 11.3472857 52.9063523
v 4.13007438 11.3472857 52.9063523
v 0 23.8136947 49.4496435
v 8.29684511 22.7953941 50.372982
v 4.13007438 11.3472857 52.9063523
v 8.29684511 22.7953941 50.372982
v 7.82201365 9.32191312 53.315407
v 7.82201365 9.32191312 53.315407
v 8.29684511 22.7953941 50.372982
v 15.8685967 18.9114571 51.2633979
v 7.82201365 9.32191312 53.315407
v 15.8685967 18.9114571 51.2633979
v 10.5808504 6.10885583 53.5292983
v 10.5808504 6.10885583 53.5292983
v 15.8685967 18.9114571 51.2633979
v 21.6349185 12.4909244 51.8753409
v 10.5808504 6.10885583 53.5292983
v 21.6349185 12.4909244 51.8753409
v 12.0197073 2.11939774 53.47417
v 12.0197073 2.11939774 53.47417
v 21.6349185 12.4909244 51.8753409
v 24.6453911 4.34564538 51.9661605
v 12.0197073 2.11939774 53.47417
v 24.6453911 4.34564538 51.9661605
v 11.940632 -2.10545566 53.1223774
v 11.940632 -2.10545566 53.1223774
v 24.6453911 4.34564538 51.9661605
v 24.378939 -4.29866537 51.4043331
v 11.940632 -2.10545566 53.1223774
v 24.378939 -4.29866537 51.4043331
v 10.3797302 -5.99274114 52.5118232
v 10.3797302 -5.99274114 52.5118232
v 24.378939 -4.29866537 51.4043331
v 20.9536314 -12.0975867 50.2417862
v 10.3797302 -5.99274114 52.5118232
v 20.9536314 -12.0975867 50.2417862
v 7.59140477 -9.0470843 51.743561
v 7.59140477 -9.0470843 51.743561
v 20.9536314 -12.0975867 50.2417862
v 15.0797412 -17.9713354 48.7150073
v 7.59140477 -9.0470843 51.743561
v 15.0797412 -17.9713354 48.7150073
v 3.97787876 -10.9291375 50.956744
v 3.97787876 -10.9291375 50.956744
v 15.0797412 -17.9713354 48.7150073
v 7.77028725 -21.3486984 47.1760929
v 3.97787876 -10.9291375 50.956744
v 7.77028725 -21.3486984 47.1760929
v -1.00358237e-06 -11.4796445 50.2956092
v -1.00358237e-06 -11.4796445 50.2956092
v 7.77028725 -21.3486984 47.1760929
v -1.93740917e-06 -22.161378 46.0185736
v -1.00358237e-06 -11.4796445 50.2956092
v -1.93740917e-06 -22.161378 46.0185736
v -3.89289074 -10.6956288 49.8680204
v -3.89289074 -10.6956288 49.8680204
v -1.93740917e-06 -22.161378 46.0185736
v -7.48426989 -20.5628633 45.4395652
v -3.89289074 -10.6956288 49.8680204
v -7.48426989 -20.5628633 45.4395652
v -7.29178637 -8.69000927 49.7013271
v -7.29178637 -8.69000927 49.7013271
v -7.48426989 -20.5628633 45.4395652
v -14.059943 -16.7559803 45.4205424
v -7.29178637 -8.69000927 49.7013271
v -14.059943 -16.7559803 45.4205424
v -9.83716846 -5.67949042 49.7669548
v -9.83716846 -5.67949042 49.7669548
v -14.059943 -16.7559803 45.4205424
v -19.0433621 -10.9946869 45.6614137
v -9.83716846 -5.67949042 49.7669548
v -19.0433621 -10.9946869 45.6614137
v -11.2404592 -1.98199581 50.007391
v -11.2404592 -1.98199581 50.007391
v -19.0433621 -10.9946869 45.6614137
v -21.8320608 -3.84958014 46.0340977
v -11.2404592 -1.98199581 50.007391
v -21.8320608 -3.84958014 46.0340977
v -11.3211386 1.99622177 50.3663301
v -11.3211386 1.99622177 50.3663301
v -21.8320608 -3.84958014 46.0340977
v -22.0889583 3.89487892 46.5757847
v -11.3211386 1.99622177 50.3663301
v -22.0889583 3.89487892 46.5757847
v -10.0429967 5.79832532 50.8082569
v -10.0429967 5.79832532 50.8082569
v -22.0889583 3.89487892 46.5757847
v -19.7107881 11.3800257 47.2617418
v -10.0429967 5.79832532 50.8082569
v -19.7107881 11.3800257 47.2617418
v -7.52760395 8.97105411 51.3087034
v -7.52760395 8.97105411 51.3087034
v -19.7107881 11.3800257 47.2617418
v -14.8535341 17.7017614 47.9842633
v -7.52760395 8.97105411 51.3087034
v -14.8535341 17.7017614 47.9842633
v -4.04707156 11.1192457 51.8431187
v -4.04707156 11.1192457 51.8431187
v -14.8535341 17.7017614 47.9842633
v -8.01264569 22.0145792 48.6475468
v -4.04707156 11.1192457 51.8431187
v -8.01264569 22.0145792 48.6475468
v 2.09077857e-06 11.95786 52.3908079
v 2.09077857e-06 11.95786 52.3908079
v -8.01264569 22.0145792 48.6475468
v 4.16371861e-06 23.8136947 49.4496435
v 0 23.8136947 49.4496435
v 0 34.7740084 43.6052203
v 8.29684511 22.7953941 50.372982
v 8.29684511 22.7953941 50.372982
v 0 34.7740084 43.6052203
v 12.1897854 33.4911585 44.6918249
v 8.29684511 22.7953941 50.372982
v 12.1897854 33.4911585 44.6918249
v 15.8685967 18.9114571 51.2633979
v 15.8685967 18.9114571 51.2633979
v 12.1897854 33.4911585 44.6918249
v 23.547937 28.063336 45.9376842
v 15.8685967 18.9114571 51.2633979
v 23.547937 28.063336 45.9376842
v 21.6349185 12.4909244 51.8753409
v 21.6349185 12.4909244 51.8753409
v 23.547937 28.063336 45.9376842
v 32.42172 18.7186867 46.9449788
v 21.6349185 12.4909244 51.8753409
v 32.42172 18.7186867 46.9449788
v 24.6453911 4.34564538 51.9661605
v 24.6453911 4.34564538 51.9661605
v 32.42172 18.7186867 46.9449788
v 37.1393085 6.54865876 47.2896487
v 24.6453911 4.34564538 51.9661605
v 37.1393085 6.54865876 47.2896487
v 24.378939 -4.29866537 51.4043331
v 24.378939 -4.29866537 51.4043331
v 37.1393085 6.54865876 47.2896487
v 36.6872787 -6.46895841 46.7140824
v 24.378939 -4.29866537 51.4043331
v 36.6872787 -6.46895841 46.7140824
v 20.9536314 -12.0975867 50.2417862
v 20.9536314 -12.0975867 50.2417862
v 36.6872787 -6.46895841 46.7140824
v 31.2575489 -18.0465564 45.2593207
v 20.9536314 -12.0975867 50.2417862
v 31.2575489 -18.0465564 45.2593207
v 15.0797412 -17.9713354 48.7150073
v 15.0797412 -17.9713354 48.7150073
v 31.2575489 -18.0465564 45.2593207
v 22.1786618 -26.4314979 43.2664812
v 15.0797412 -17.9713354 48.7150073
v 22.1786618 -26.4314979 43.2664812
v 7.77028725 -21.3486984 47.1760929
v 7.77028725 -21.3486984 47.1760929
v 22.1786618 -26.4314979 43.2664812
v 11.2455957 -30.8970362 41.2301302
v 7.77028725 -21.3486984 47.1760929
v 11.2455957 -30.8970362 41.2301302
v -1.93740917e-06 -22.161378 46.0185736
v -1.93740917e-06 -22.161378 46.0185736
v 11.2455957 -30.8970362 41.2301302
v -2.7790378e-06 -31.7884862 39.8614973
v -1.93740917e-06 -22.161378 46.0185736
v -2.7790378e-06 -31.7884862 39.8614973
v -7.48426989 -20.5628633 45.4395652
v -7.48426989 -20.5628633 45.4395652
v -2.7790378e-06 -31.7884862 39.8614973
v -10.7633784 -29.5721382 39.4621402
v -7.48426989 -20.5628633 45.4395652
v -10.7633784 -29.5721382 39.4621402
v -14.059943 -16.7559803 45.4205424
v -14.059943 -16.7559803 45.4205424
v -10.7633784 -29.5721382 39.4621402
v -20.300585 -24.1932854 39.6026909
v -14.059943 -16.7559803 45.4205424
v -20.300585 -24.1932854 39.6026909
v -19.0433621 -10.9946869 45.6614137
v -19.0433621 -10.9946869 45.6614137
v -20.300585 -24.1932854 39.6026909
v -27.4132699 -15.8270553 39.6930009
v -19.0433621 -10.9946869 45.6614137
v -27.4132699 -15.8270553 39.6930009
v -21.8320608 -3.84958014 46.0340977
v -21.8320608 -3.84958014 46.0340977
v -27.4132699 -15.8270553 39.6930009
v -31.3581109 -5.52927963 39.9284244
v -21.8320608 -3.84958014 46.0340977
v -31.3581109 -5.52927963 39.9284244
v -22.0889583 3.89487892 46.5757847
v -22.0889583 3.89487892 46.5757847
v -31.3581109 -5.52927963 39.9284244
v -31.7532569 5.59895523 40.431568
v -22.0889583 3.89487892 46.5757847
v -31.7532569 5.59895523 40.431568
v -19.7107881 11.3800257 47.2617418
v -19.7107881 11.3800257 47.2617418
v -31.7532569 5.59895523 40.431568
v -28.4640849 16.4337426 41.2145257
v -19.7107881 11.3800257 47.2617418
v -28.4640849 16.4337426 41.2145257
v -14.8535341 17.7017614 47.9842633
v -14.8535341 17.7017614 47.9842633
v -28.4640849 16.4337426 41.2145257
v -21.604158 25.7468492 42.1457469
v -14.8535341 17.7017614 47.9842633
v -21.604158 25.7468492 42.1457469
v -8.01264569 22.0145792 48.6475468
v -8.01264569 22.0145792 48.6475468
v -21.604158 25.7468492 42.1457469
v -11.6971314 32.1376294 42.8856224
v -8.01264569 22.0145792 48.6475468
v -11.6971314 32.1376294 42.8856224
v 4.16371861e-06 23.8136947 49.4496435
v 4.16371861e-06 23.8136947 49.4496435
v -11.6971314 32.1376294 42.8856224
v 6.08008079e-06 34.7740084 43.6052203
v 0 34.7740084 43.6052203
v 0 43.8129097 34.9396288
v 12.1897854 33.4911585 44.6918249
v 12.1897854 33.4911585 44.6918249
v 0 43.8129097 34.9396288
v 15.4233202 42.3752218 35.9618753
v 12.1897854 33.4911585 44.6918249
v 15.4233202 42.3752218 35.9618753
v 23.547937 28.063336 45.9376842
v 23.547937 28.063336 45.9376842
v 15.4233202 42.3752218 35.9618753
v 30.0881088 35.8576089 37.3287618
v 23.547937 28.063336 45.9376842
v 30.0881088 35.8576089 37.3287618
v 32.42172 18.7186867 46.9449788
v 32.42172 18.7186867 46.9449788
v 30.0881088 35.8576089 37.3287618
v 41.8574244 24.1663918 38.5441095
v 32.42172 18.7186867 46.9449788
v 41.8574244 24.1663918 38.5441095
v 37.1393085 6.54865876 47.2896487
v 37.1393085 6.54865876 47.2896487
v 41.8574244 24.1663918 38.5441095
v 48.2885718 8.51457417 39.102909
v 37.1393085 6.54865876 47.2896487
v 48.2885718 8.51457417 39.102909
v 36.6872787 -6.46895841 46.7140824
v 36.6872787 -6.46895841 46.7140824
v 48.2885718 8.51457417 39.102909
v 47.7678418 -8.42276067 38.6812359
v 36.6872787 -6.46895841 46.7140824
v 47.7678418 -8.42276067 38.6812359
v 31.2575489 -18.0465564 45.2593207
v 31.2575489 -18.0465564 45.2593207
v 47.7678418 -8.42276067 38.6812359
v 40.4924959 -23.3783558 37.2872263
v 31.2575489 -18.0465564 45.2593207
v 40.4924959 -23.3783558 37.2872263
v 22.1786618 -26.4314979 43.2664812
v 22.1786618 -26.4314979 43.2664812
v 40.4924959 -23.3783558 37.2872263
v 28.3231735 -33.7542415 35.1390988
v 22.1786618 -26.4314979 43.2664812
v 28.3231735 -33.7542415 35.1390988
v 11.2455957 -30.8970362 41.2301302
v 11.2455957 -30.8970362 41.2301302
v 28.3231735 -33.7542415 35.1390988
v 14.1486943 -38.8732314 32.9899013
v 11.2455957 -30.8970362 41.2301302
v 14.1486943 -38.8732314 32.9899013
v -2.7790378e-06 -31.7884862 39.8614973
v -2.7790378e-06 -31.7884862 39.8614973
v 14.1486943 -38.8732314 32.9899013
v -3.47988696e-06 -39.8052663 31.7436397
v -2.7790378e-06 -31.7884862 39.8614973
v -3.47988696e-06 -39.8052663 31.7436397
v -10.7633784 -29.5721382 39.4621402
v -10.7633784 -29.5721382 39.4621402
v -3.47988696e-06 -39.8052663 31.7436397
v -13.5854527 -37.325722 31.6766024
v -10.7633784 -29.5721382 39.4621402
v -13.5854527 -37.325722 31.6766024
v -20.300585 -24.1932854 39.6026909
v -20.300585 -24.1932854 39.6026909
v -13.5854527 -37.325722 31.6766024
v -25.6911546 -30.6175143 31.8736792
v -20.300585 -24.1932854 39.6026909
v -25.6911546 -30.6175143 31.8736792
v -27.4132699 -15.8270553 39.6930009
v -27.4132699 -15.8270553 39.6930009
v -25.6911546 -30.6175143 31.8736792
v -34.6489012 -20.0045481 31.9061935
v -27.4132699 -15.8270553 39.6930009
v -34.6489012 -20.0045481 31.9061935
v -31.3581109 -5.52927963 39.9284244
v -31.3581109 -5.52927963 39.9284244
v -34.6489012 -20.0045481 31.9061935
v -39.3976778 -6.94687217 31.9032788
v -31.3581109 -5.52927963 39.9284244
v -39.3976778 -6.94687217 31.9032788
v -31.7532569 5.59895523 40.431568
v -31.7532569 5.59895523 40.431568
v -39.3976778 -6.94687217 31.9032788
v -39.7750616 7.01341555 32.2088778
v -31.7532569 5.59895523 40.431568
v -39.7750616 7.01341555 32.2088778
v -28.4640849 16.4337426 41.2145257
v -28.4640849 16.4337426 41.2145257
v -39.7750616 7.01341555 32.2088778
v -35.7065856 20.6152022 32.8801543
v -28.4640849 16.4337426 41.2145257
v -35.7065856 20.6152022 32.8801543
v -21.604158 25.7468492 42.1457469
v -21.604158 25.7468492 42.1457469
v -35.7065856 20.6152022 32.8801543
v -27.2313654 32.4530959 33.7845594
v -21.604158 25.7468492 42.1457469
v -27.2313654 32.4530959 33.7845594
v -11.6971314 32.1376294 42.8856224
v -11.6971314 32.1376294 42.8856224
v -27.2313654 32.4530959 33.7845594
v -14.7922173 40.6413138 34.4903886
v -11.6971314 32.1376294 42.8856224
v -14.7922173 40.6413138 34.4903886
v 6.08008079e-06 34.7740084 43.6052203
v 6.08008079e-06 34.7740084 43.6052203
v -14.7922173 40.6413138 34.4903886
v 7.66049411e-06 43.8129157 34.9396318
v 0 43.8129097 34.9396288
v 0 48.8823086 23.5404804
v 15.4233202 42.3752218 35.9618753
v 15.4233202 42.3752218 35.9618753
v 0 48.8823086 23.5404804
v 17.3016161 47.535798 24.3611947
v 15.4233202 42.3752218 35.9618753
v 17.3016161 47.535798 24.3611947
v 30.0881088 35.8576089 37.3287618
v 30.0881088 35.8576089 37.3287618
v 17.3016161 47.535798 24.3611947
v 34.424147 41.0250962 25.7904708
v 30.0881088 35.8576089 37.3287618
v 34.424147 41.0250962 25.7904708
v 41.8574244 24.1663918 38.5441095
v 41.8574244 24.1663918 38.5441095
v 34.424147 41.0250962 25.7904708
v 48.6984611 28.1160682 27.0799726
v 41.8574244 24.1663918 38.5441095
v 48.6984611 28.1160682 27.0799726
v 48.2885718 8.51457417 39.102909
v 48.2885718 8.51457417 39.102909
v 48.6984611 28.1160682 27.0799726
v 56.7218661 10.0015916 27.7372032
v 48.2885718 8.51457417 39.102909
v 56.7218661 10.0015916 27.7372032
v 47.7678418 -8.42276067 38.6812359
v 47.7678418 -8.42276067 38.6812359
v 56.7218661 10.0015916 27.7372032
v 56.3173771 -9.93027464 27.5394082
v 47.7678418 -8.42276067 38.6812359
v 56.3173771 -9.93027464 27.5394082
v 40.4924959 -23.3783558 37.2872263
v 40.4924959 -23.3783558 37.2872263
v 56.3173771 -9.93027464 27.5394082
v 47.5534827 -27.45502 26.4432788
v 40.4924959 -23.3783558 37.2872263
v 47.5534827 -27.45502 26.4432788
v 28.3231735 -33.7542415 35.1390988
v 28.3231735 -33.7542415 35.1390988
v 47.5534827 -27.45502 26.4432788
v 32.8897148 -39.1964316 24.640879
v 28.3231735 -33.7542415 35.1390988
v 32.8897148 -39.1964316 24.640879
v 14.1486943 -38.8732314 32.9899013
v 14.1486943 -38.8732314 32.9899013
v 32.8897148 -39.1964316 24.640879
v 16.274257 -44.7131783 22.914654
v 14.1486943 -38.8732314 32.9899013
v 16.274257 -44.7131783 22.914654
v -3.47988696e-06 -39.8052663 31.7436397
v -3.47988696e-06 -39.8052663 31.7436397
v 16.274257 -44.7131783 22.914654
v -4.00530027e-06 -45.815295 22.0634848
v -3.47988696e-06 -39.8052663 31.7436397
v -4.00530027e-06 -45.815295 22.0634848
v -13.5854527 -37.325722 31.6766024
v -13.5854527 -37.325722 31.6766024
v -4.00530027e-06 -45.815295 22.0634848
v -15.7603413 -43.30118 22.1910343
v -13.5854527 -37.325722 31.6766024
v -15.7603413 -43.30118 22.1910343
v -25.6911546 -30.6175143 31.8736792
v -25.6911546 -30.6175143 31.8736792
v -15.7603413 -43.30118 22.1910343
v -29.8706084 -35.5983943 22.3789722
v -25.6911546 -30.6175143 31.8736792
v -29.8706084 -35.5983943 22.3789722
v -34.6489012 -20.0045481 31.9061935
v -34.6489012 -20.0045481 31.9061935
v -29.8706084 -35.5983943 22.3789722
v -40.3001606 -23.2673034 22.4098921
v -34.6489012 -20.0045481 31.9061935
v -40.3001606 -23.2673034 22.4098921
v -39.3976778 -6.94687217 31.9032788
v -39.3976778 -6.94687217 31.9032788
v -40.3001606 -23.2673034 22.4098921
v -45.5796629 -8.03692192 22.2886249
v -39.3976778 -6.94687217 31.9032788
v -45.5796629 -8.03692192 22.2886249
v -39.7750616 7.01341555 32.2088778
v -39.7750616 7.01341555 32.2088778
v -45.5796629 -8.03692192 22.2886249
v -45.7317144 8.06373358 22.3629788
v -39.7750616 7.01341555 32.2088778
v -45.7317144 8.06373358 22.3629788
v -35.7065856 20.6152022 32.8801543
v -35.7065856 20.6152022 32.8801543
v -45.7317144 8.06373358 22.3629788
v -40.8965051 23.6116022 22.7415025
v -35.7065856 20.6152022 32.8801543
v -40.8965051 23.6116022 22.7415025
v -27.2313654 32.4530959 33.7845594
v -27.2313654 32.4530959 33.7845594
v -40.8965051 23.6116022 22.7415025
v -30.9066415 36.8331224 23.1551751
v -27.2313654 32.4530959 33.7845594
v -30.9066415 36.8331224 23.1551751
v -14.7922173 40.6413138 34.4903886
v -14.7922173 40.6413138 34.4903886
v -30.9066415 36.8331224 23.1551751
v -16.6298658 45.6902176 23.4153688
v -14.7922173 40.6413138 34.4903886
v -16.6298658 45.6902176 23.4153688
v 7.66049411e-06 43.8129157 34.9396318
v 7.66049411e-06 43.8129157 34.9396318
v -16.6298658 45.6902176 23.4153688
v 8.54685425e-06 48.8823086 23.5404804
v 0 48.8823086 23.5404804
v 0 49.3469357 11.263112
v 17.3016161 47.535798 24.3611947
v 17.3016161 47.535798 24.3611947
v 0 49.3469357 11.263112
v 17.4877152 48.0471015 11.6702348
v 17.3016161 47.535798 24.3611947
v 17.4877152 48.0471015 11.6702348
v 34.424147 41.0250962 25.7904708
v 34.424147 41.0250962 25.7904708
v 17.4877152 48.0471015 11.6702348
v 35.5592877 42.377907 12.6265228
v 34.424147 41.0250962 25.7904708
v 35.5592877 42.377907 12.6265228
v 48.6984611 28.1160682 27.0799726
v 48.6984611 28.1160682 27.0799726
v 35.5592877 42.377907 12.6265228
v 51.7183483 29.8595965 13.6305124
v 48.6984611 28.1160682 27.0799726
v 51.7183483 29.8595965 13.6305124
v 56.7218661 10.0015916 27.7372032
v 56.7218661 10.0015916 27.7372032
v 51.7183483 29.8595965 13.6305124
v 61.2147272 10.7938036 14.1873956
v 56.7218661 10.0015916 27.7372032
v 61.2147272 10.7938036 14.1873956
v 56.3173771 -9.93027464 27.5394082
v 56.3173771 -9.93027464 27.5394082
v 61.2147272 10.7938036 14.1873956
v 61.2042725 -10.7919656 14.1849741
v 56.3173771 -9.93027464 27.5394082
v 61.2042725 -10.7919656 14.1849741
v 47.5534827 -27.45502 26.4432788
v 47.5534827 -27.45502 26.4432788
v 61.2042725 -10.7919656 14.1849741
v 51.5206575 -29.7454685 13.5784119
v 47.5534827 -27.45502 26.4432788
v 51.5206575 -29.7454685 13.5784119
v 32.8897148 -39.1964316 24.640879
v 32.8897148 -39.1964316 24.640879
v 51.5206575 -29.7454685 13.5784119
v 35.4397118 -42.2354013 12.5840634
v 32.8897148 -39.1964316 24.640879
v 35.4397118 -42.2354013 12.5840634
v 16.274257 -44.7131783 22.914654
v 16.274257 -44.7131783 22.914654
v 35.4397118 -42.2354013 12.5840634
v 17.4920097 -48.0589271 11.673107
v 16.274257 -44.7131783 22.914654
v 17.4920097 -48.0589271 11.673107
v -4.00530027e-06 -45.815295 22.0634848
v -4.00530027e-06 -45.815295 22.0634848
v 17.4920097 -48.0589271 11.673107
v -4.33074199e-06 -49.537915 11.3067023
v -4.00530027e-06 -45.815295 22.0634848
v -4.33074199e-06 -49.537915 11.3067023
v -15.7603413 -43.30118 22.1910343
v -15.7603413 -43.30118 22.1910343
v -4.33074199e-06 -49.537915 11.3067023
v -17.1437606 -47.1020967 11.440701
v -15.7603413 -43.30118 22.1910343
v -17.1437606 -47.1020967 11.440701
v -29.8706084 -35.5983943 22.3789722
v -29.8706084 -35.5983943 22.3789722
v -17.1437606 -47.1020967 11.440701
v -32.5454533 -38.7861431 11.5563564
v -29.8706084 -35.5983943 22.3789722
v -32.5454533 -38.7861431 11.5563564
v -40.3001606 -23.2673034 22.4098921
v -40.3001606 -23.2673034 22.4098921
v -32.5454533 -38.7861431 11.5563564
v -43.9204097 -25.357455 11.5753457
v -40.3001606 -23.2673034 22.4098921
v -43.9204097 -25.357455 11.5753457
v -45.5796629 -8.03692192 22.2886249
v -45.5796629 -8.03692192 22.2886249
v -43.9204097 -25.357455 11.5753457
v -49.5703965 -8.74059647 11.4886545
v -45.5796629 -8.03692192 22.2886249
v -49.5703965 -8.74059647 11.4886545
v -45.7317144 8.06373358 22.3629788
v -45.7317144 8.06373358 22.3629788
v -49.5703965 -8.74059647 11.4886545
v -49.2889047 8.69096294 11.4234149
v -45.7317144 8.06373358 22.3629788
v -49.2889047 8.69096294 11.4234149
v -40.8965051 23.6116022 22.7415025
v -40.8965051 23.6116022 22.7415025
v -49.2889047 8.69096294 11.4234149
v -43.2612211 24.9768704 11.4016138
v -40.8965051 23.6116022 22.7415025
v -43.2612211 24.9768704 11.4016138
v -30.9066415 36.8331224 23.1551751
v -30.9066415 36.8331224 23.1551751
v -43.2612211 24.9768704 11.4016138
v -32.0237726 38.1644666 11.371123
v -30.9066415 36.8331224 23.1551751
v -32.0237726 38.1644666 11.371123
v -16.6298658 45.6902176 23.4153688
v -16.6298658 45.6902176 23.4153688
v -32.0237726 38.1644666 11.371123
v -16.9559017 46.585992 11.3153428
v -16.6298658 45.6902176 23.4153688
v -16.9559017 46.585992 11.3153428
v 8.54685425e-06 48.8823086 23.5404804
v 8.54685425e-06 48.8823086 23.5404804
v -16.9559017 46.585992 11.3153428
v 8.62809202e-06 49.3469357 11.263112
v 0 49.3469357 11.263112
v 0 46.8961835 -2.04989732e-06
v 17.4877152 48.0471015 11.6702348
v 17.4877152 48.0471015 11.6702348
v 0 46.8961835 -2.04989732e-06
v 16.4649144 45.2369809 -2.10427444e-06
v 17.4877152 48.0471015 11.6702348
v 16.4649144 45.2369809 -2.10427444e-06
v 35.5592877 42.377907 12.6265228
v 35.5592877 42.377907 12.6265228
v 16.4649144 45.2369809 -2.10427444e-06
v 33.7743014 40.2506441 -2.29674875e-06
v 35.5592877 42.377907 12.6265228
v 33.7743014 40.2506441 -2.29674875e-06
v 51.7183483 29.8595965 13.6305124
v 51.7183483 29.8595965 13.6305124
v 33.7743014 40.2506441 -2.29674875e-06
v 50.2763391 29.0270537 -2.53762593e-06
v 51.7183483 29.8595965 13.6305124
v 50.2763391 29.0270537 -2.53762593e-06
v 61.2147272 10.7938036 14.1873956
v 61.2147272 10.7938036 14.1873956
v 50.2763391 29.0270537 -2.53762593e-06
v 61.0330939 10.7617766 -2.70899694e-06
v 61.2147272 10.7938036 14.1873956
v 61.0330939 10.7617766 -2.70899694e-06
v 61.2042725 -10.7919656 14.1849741
v 61.2042725 -10.7919656 14.1849741
v 61.0330939 10.7617766 -2.70899694e-06
v 61.711812 -10.881459 -2.73912253e-06
v 61.2042725 -10.7919656 14.1849741
v 61.711812 -10.881459 -2.73912253e-06
v 51.5206575 -29.7454685 13.5784119
v 51.5206575 -29.7454685 13.5784119
v 61.711812 -10.881459 -2.73912253e-06
v 51.9745886 -30.0075471 -2.62334279e-06
v 51.5206575 -29.7454685 13.5784119
v 51.9745886 -30.0075471 -2.62334279e-06
v 35.4397118 -42.2354013 12.5840634
v 35.4397118 -42.2354013 12.5840634
v 51.9745886 -30.0075471 -2.62334279e-06
v 35.7959867 -42.659995 -2.434229e-06
v 35.4397118 -42.2354013 12.5840634
v 35.7959867 -42.659995 -2.434229e-06
v 17.4920097 -48.0589271 11.673107
v 17.4920097 -48.0589271 11.673107
v 35.7959867 -42.659995 -2.434229e-06
v 17.7572235 -48.7875909 -2.26943708e-06
v 17.4920097 -48.0589271 11.673107
v 17.7572235 -48.7875909 -2.26943708e-06
v -4.33074199e-06 -49.537915 11.3067023
v -4.33074199e-06 -49.537915 11.3067023
v 17.7572235 -48.7875909 -2.26943708e-06
v -4.44132411e-06 -50.8028269 -2.22066205e-06
v -4.33074199e-06 -49.537915 11.3067023
v -4.44132411e-06 -50.8028269 -2.22066205e-06
v -17.1437606 -47.1020967 11.440701
v -17.1437606 -47.1020967 11.440701
v -4.44132411e-06 -50.8028269 -2.22066205e-06
v -17.6341802 -48.4495133 -2.25371082e-06
v -17.1437606 -47.1020967 11.440701
v -17.6341802 -48.4495133 -2.25371082e-06
v -32.5454533 -38.7861431 11.5563564
v -32.5454533 -38.7861431 11.5563564
v -17.6341802 -48.4495133 -2.25371082e-06
v -33.500576 -39.9244159 -2.27813413e-06
v -32.5454533 -38.7861431 11.5563564
v -33.500576 -39.9244159 -2.27813413e-06
v -43.9204097 -25.357455 11.5753457
v -43.9204097 -25.357455 11.5753457
v -33.500576 -39.9244159 -2.27813413e-06
v -45.21451 -26.1046022 -2.28213732e-06
v -43.9204097 -25.357455 11.5753457
v -45.21451 -26.1046022 -2.28213732e-06
v -49.5703965 -8.74059647 11.4886545
v -49.5703965 -8.74059647 11.4886545
v -45.21451 -26.1046022 -2.28213732e-06
v -51.1211216 -9.01403055 -2.26904699e-06
v -49.5703965 -8.74059647 11.4886545
v -51.1211216 -9.01403055 -2.26904699e-06
v -49.2889047 8.69096294 11.4234149
v -49.2889047 8.69096294 11.4234149
v -51.1211216 -9.01403055 -2.26904699e-06
v -50.3887832 8.88490081 -2.2365418e-06
v -49.2889047 8.69096294 11.4234149
v -50.3887832 8.88490081 -2.2365418e-06
v -43.2612211 24.9768704 11.4016138
v -43.2612211 24.9768704 11.4016138
v -50.3887832 8.88490081 -2.2365418e-06
v -43.3968753 25.0551909 -2.19039489e-06
v -43.2612211 24.9768704 11.4016138
v -43.3968753 25.0551909 -2.19039489e-06
v -32.0237726 38.1644666 11.371123
v -32.0237726 38.1644666 11.371123
v -43.3968753 25.0551909 -2.19039489e-06
v -31.3781083 37.3949945 -2.1338014e-06
v -32.0237726 38.1644666 11.371123
v -31.3781083 37.3949945 -2.1338014e-06
v -16.9559017 46.585992 11.3153428
v -16.9559017 46.585992 11.3153428
v -31.3781083 37.3949945 -2.1338014e-06
v -16.3068563 44.8027521 -2.08407549e-06
v -16.9559017 46.585992 11.3153428
v -16.3068563 44.8027521 -2.08407549e-06
v 8.62809202e-06 49.3469357 11.263112
v 8.62809202e-06 49.3469357 11.263112
v -16.3068563 44.8027521 -2.08407549e-06
v 8.19958927e-06 46.8961835 -2.04989732e-06
v 0 46.8961835 -2.04989732e-06
v 0 42.894724 -9.79044139
v 16.4649144 45.2369809 -2.10427444e-06
v 16.4649144 45.2369809 -2.10427444e-06
v 0 42.894724 -9.79044139
v 14.8789629 40.8796161 -9.92931724
v 16.4649144 45.2369809 -2.10427444e-06
v 14.8789629 40.8796161 -9.92931724
v 33.7743014 40.2506441 -2.29674875e-06
v 33.7743014 40.2506441 -2.29674875e-06
v 14.8789629 40.8796161 -9.92931724
v 30.4711998 36.3141596 -10.81983
v 33.7743014 40.2506441 -2.29674875e-06
v 30.4711998 36.3141596 -10.81983
v 50.2763391 29.0270537 -2.53762593e-06
v 50.2763391 29.0270537 -2.53762593e-06
v 30.4711998 36.3141596 -10.81983
v 45.7382828 26.4070064 -12.054456
v 50.2763391 29.0270537 -2.53762593e-06
v 45.7382828 26.4070064 -12.054456
v 61.0330939 10.7617766 -2.70899694e-06
v 61.0330939 10.7617766 -2.70899694e-06
v 45.7382828 26.4070064 -12.054456
v 56.4344645 9.95091498 -13.0795062
v 61.0330939 10.7617766 -2.70899694e-06
v 56.4344645 9.95091498 -13.0795062
v 61.711812 -10.881459 -2.73912253e-06
v 61.711812 -10.881459 -2.73912253e-06
v 56.4344645 9.95091498 -13.0795062
v 57.7684641 -10.1861402 -13.3886814
v 61.711812 -10.881459 -2.73912253e-06
v 57.7684641 -10.1861402 -13.3886814
v 51.9745886 -30.0075471 -2.62334279e-06
v 51.9745886 -30.0075471 -2.62334279e-06
v 57.7684641 -10.1861402 -13.3886814
v 49.0777224 -28.3350408 -12.934576
v 51.9745886 -30.0075471 -2.62334279e-06
v 49.0777224 -28.3350408 -12.934576
v 35.7959867 -42.659995 -2.434229e-06
v 35.7959867 -42.659995 -2.434229e-06
v 49.0777224 -28.3350408 -12.934576
v 34.0731591 -40.6068057 -12.0988272
v 35.7959867 -42.659995 -2.434229e-06
v 34.0731591 -40.6068057 -12.0988272
v 17.7572235 -48.7875909 -2.26943708e-06
v 17.7572235 -48.7875909 -2.26943708e-06
v 34.0731591 -40.6068057 -12.0988272
v 17.1058372 -46.9979256 -11.4154033
v 17.7572235 -48.7875909 -2.26943708e-06
v 17.1058372 -46.9979256 -11.4154033
v -4.44132411e-06 -50.8028269 -2.22066205e-06
v -4.44132411e-06 -50.8028269 -2.22066205e-06
v 17.1058372 -46.9979256 -11.4154033
v -4.33013341e-06 -49.5309532 -11.3051176
v -4.44132411e-06 -50.8028269 -2.22066205e-06
v -4.33013341e-06 -49.5309532 -11.3051176
v -17.6341802 -48.4495133 -2.25371082e-06
v -17.6341802 -48.4495133 -2.25371082e-06
v -4.33013341e-06 -49.5309532 -11.3051176
v -17.1893969 -47.227481 -11.4711605
v -17.6341802 -48.4495133 -2.25371082e-06
v -17.1893969 -47.227481 -11.4711605
v -33.500576 -39.9244159 -2.27813413e-06
v -33.500576 -39.9244159 -2.27813413e-06
v -17.1893969 -47.227481 -11.4711605
v -32.6899618 -38.9583647 -11.6076745
v -33.500576 -39.9244159 -2.27813413e-06
v -32.6899618 -38.9583647 -11.6076745
v -45.21451 -26.1046022 -2.28213732e-06
v -45.21451 -26.1046022 -2.28213732e-06
v -32.6899618 -38.9583647 -11.6076745
v -44.4686264 -25.6739676 -11.7198341
v -45.21451 -26.1046022 -2.28213732e-06
v -44.4686264 -25.6739676 -11.7198341
v -51.1211216 -9.01403055 -2.26904699e-06
v -51.1211216 -9.01403055 -2.26904699e-06
v -44.4686264 -25.6739676 -11.7198341
v -50.7252574 -8.94422978 -11.7563143
v -51.1211216 -9.01403055 -2.26904699e-06
v -50.7252574 -8.94422978 -11.7563143
v -50.3887832 8.88490081 -2.2365418e-06
v -50.3887832 8.88490081 -2.2365418e-06
v -50.7252574 -8.94422978 -11.7563143
v -49.5838195 8.74296427 -11.4917703
v -50.3887832 8.88490081 -2.2365418e-06
v -49.5838195 8.74296427 -11.4917703
v -43.3968753 25.0551909 -2.19039489e-06
v -43.3968753 25.0551909 -2.19039489e-06
v -49.5838195 8.74296427 -11.4917703
v -41.7648017 24.1129145 -11.0072337
v -43.3968753 25.0551909 -2.19039489e-06
v -41.7648017 24.1129145 -11.0072337
v -31.3781083 37.3949945 -2.1338014e-06
v -31.3781083 37.3949945 -2.1338014e-06
v -41.7648017 24.1129145 -11.0072337
v -29.5424819 35.2073789 -10.4900613
v -31.3781083 37.3949945 -2.1338014e-06
v -29.5424819 35.2073789 -10.4900613
v -16.3068563 44.8027521 -2.08407549e-06
v -16.3068563 44.8027521 -2.08407549e-06
v -29.5424819 35.2073789 -10.4900613
v -15.0811911 41.4352626 -10.0642785
v -16.3068563 44.8027521 -2.08407549e-06
v -15.0811911 41.4352626 -10.0642785
v 8.19958927e-06 46.8961835 -2.04989732e-06
v 8.19958927e-06 46.8961835 -2.04989732e-06
v -15.0811911 41.4352626 -10.0642785
v 7.49995124e-06 42.894724 -9.79044139
v 0 42.894724 -9.79044139
v 0 38.2677287 -18.4287712
v 14.8789629 40.8796161 -9.92931724
v 14.8789629 40.8796161 -9.92931724
v 0 38.2677287 -18.4287712
v 13.1233782 36.0561818 -18.4781134
v 14.8789629 40.8796161 -9.92931724
v 13.1233782 36.0561818 -18.4781134
v 30.4711998 36.3141596 -10.81983
v 30.4711998 36.3141596 -10.81983
v 13.1233782 36.0561818 -18.4781134
v 26.5425712 31.6321999 -19.8856205
v 30.4711998 36.3141596 -10.81983
v 26.5425712 31.6321999 -19.8856205
v 45.7382828 26.4070064 -12.054456
v 45.7382828 26.4070064 -12.054456
v 26.5425712 31.6321999 -19.8856205
v 39.6876842 22.9136929 -22.0693126
v 45.7382828 26.4070064 -12.054456
v 39.6876842 22.9136929 -22.0693126
v 56.4344645 9.95091498 -13.0795062
v 56.4344645 9.95091498 -13.0795062
v 39.6876842 22.9136929 -22.0693126
v 49.226597 8.67997408 -24.0719929
v 56.4344645 9.95091498 -13.0795062
v 49.226597 8.67997408 -24.0719929
v 57.7684641 -10.1861402 -13.3886814
v 57.7684641 -10.1861402 -13.3886814
v 49.226597 8.67997408 -24.0719929
v 50.8707643 -8.96988958 -24.8759985
v 57.7684641 -10.1861402 -13.3886814
v 50.8707643 -8.96988958 -24.8759985
v 49.0777224 -28.3350408 -12.934576
v 49.0777224 -28.3350408 -12.934576
v 50.8707643 -8.96988958 -24.8759985
v 43.6515123 -25.2022177 -24.2734984
v 49.0777224 -28.3350408 -12.934576
v 43.6515123 -25.2022177 -24.2734984
v 34.0731591 -40.6068057 -12.0988272
v 34.0731591 -40.6068057 -12.0988272
v 43.6515123 -25.2022177 -24.2734984
v 30.7177573 -36.6079926 -23.0136588
v 34.0731591 -40.6068057 -12.0988272
v 30.7177573 -36.6079926 -23.0136588
v 17.1058372 -46.9979256 -11.4154033
v 17.1058372 -46.9979256 -11.4154033
v 30.7177573 -36.6079926 -23.0136588
v 15.6777278 -43.0742234 -22.0747262
v 17.1058372 -46.9979256 -11.4154033
v 15.6777278 -43.0742234 -22.0747262
v -4.33013341e-06 -49.5309532 -11.3051176
v -4.33013341e-06 -49.5309532 -11.3051176
v 15.6777278 -43.0742234 -22.0747262
v -4.01564364e-06 -45.9336102 -22.1204668
v -4.33013341e-06 -49.5309532 -11.3051176
v -4.01564364e-06 -45.9336102 -22.1204668
v -17.1893969 -47.227481 -11.4711605
v -17.1893969 -47.227481 -11.4711605
v -4.01564364e-06 -45.9336102 -22.1204668
v -16.0022989 -43.9659536 -22.5317225
v -17.1893969 -47.227481 -11.4711605
v -16.0022989 -43.9659536 -22.5317225
v -32.6899618 -38.9583647 -11.6076745
v -32.6899618 -38.9583647 -11.6076745
v -16.0022989 -43.9659536 -22.5317225
v -30.702579 -36.5898967 -23.0022848
v -32.6899618 -38.9583647 -11.6076745
v -30.702579 -36.5898967 -23.0022848
v -44.4686264 -25.6739676 -11.7198341
v -44.4686264 -25.6739676 -11.7198341
v -30.702579 -36.5898967 -23.0022848
v -42.1605289 -24.341388 -23.4443992
v -44.4686264 -25.6739676 -11.7198341
v -42.1605289 -24.341388 -23.4443992
v -50.7252574 -8.94422978 -11.7563143
v -50.7252574 -8.94422978 -11.7563143
v -42.1605289 -24.341388 -23.4443992
v -47.9678184 -8.4580183 -23.4564468
v -50.7252574 -8.94422978 -11.7563143
v -47.9678184 -8.4580183 -23.4564468
v -49.5838195 8.74296427 -11.4917703
v -49.5838195 8.74296427 -11.4917703
v -47.9678184 -8.4580183 -23.4564468
v -46.4976519 8.19878951 -22.7375299
v -49.5838195 8.74296427 -11.4917703
v -46.4976519 8.19878951 -22.7375299
v -41.7648017 24.1129145 -11.0072337
v -41.7648017 24.1129145 -11.0072337
v -46.4976519 8.19878951 -22.7375299
v -38.570711 22.2688049 -21.448192
v -41.7648017 24.1129145 -11.0072337
v -38.570711 22.2688049 -21.448192
v -29.5424819 35.2073789 -10.4900613
v -29.5424819 35.2073789 -10.4900613
v -38.570711 22.2688049 -21.448192
v -26.8783778 32.0324212 -20.1372147
v -29.5424819 35.2073789 -10.4900613
v -26.8783778 32.0324212 -20.1372147
v -15.0811911 41.4352626 -10.0642785
v -15.0811911 41.4352626 -10.0642785
v -26.8783778 32.0324212 -20.1372147
v -13.5545552 37.2408628 -19.0852389
v -15.0811911 41.4352626 -10.0642785
v -13.5545552 37.2408628 -19.0852389
v 7.49995124e-06 42.894724 -9.79044139
v 7.49995124e-06 42.894724 -9.79044139
v -13.5545552 37.2408628 -19.0852389
v 6.6909422e-06 38.2677287 -18.4287712
v 0 38.2677287 -18.4287712
v 0 33.3266526 -26.577118
v 13.1233782 36.0561818 -18.4781134
v 13.1233782 36.0561818 -18.4781134
v 0 33.3266526 -26.577118
v 11.3486372 31.1801225 -26.4611185
v 13.1233782 36.0561818 -18.4781134
v 11.3486372 31.1801225 -26.4611185
v 26.5425712 31.6321999 -19.8856205
v 26.5425712 31.6321999 -19.8856205
v 11.3486372 31.1801225 -26.4611185
v 22.4740714 26.7835528 -27.882418
v 26.5425712 31.6321999 -19.8856205
v 22.4740714 26.7835528 -27.882418
v 39.6876842 22.9136929 -22.0693126
v 39.6876842 22.9136929 -22.0693126
v 22.4740714 26.7835528 -27.882418
v 33.0324918 19.0713152 -30.4177344
v 39.6876842 22.9136929 -22.0693126
v 33.0324918 19.0713152 -30.4177344
v 49.226597 8.67997408 -24.0719929
v 49.226597 8.67997408 -24.0719929
v 33.0324918 19.0713152 -30.4177344
v 40.6121016 7.16100633 -32.8866929
v 49.226597 8.67997408 -24.0719929
v 40.6121016 7.16100633 -32.8866929
v 50.8707643 -8.96988958 -24.8759985
v 50.8707643 -8.96988958 -24.8759985
v 40.6121016 7.16100633 -32.8866929
v 42.1951979 -7.44015276 -34.1686457
v 50.8707643 -8.96988958 -24.8759985
v 42.1951979 -7.44015276 -34.1686457
v 43.6515123 -25.2022177 -24.2734984
v 43.6515123 -25.2022177 -24.2734984
v 42.1951979 -7.44015276 -34.1686457
v 36.9467318 -21.3312089 -34.0221375
v 43.6515123 -25.2022177 -24.2734984
v 36.9467318 -21.3312089 -34.0221375
v 30.7177573 -36.6079926 -23.0136588
v 30.7177573 -36.6079926 -23.0136588
v 36.9467318 -21.3312089 -34.0221375
v 26.6044438 -31.7059398 -33.0067575
v 30.7177573 -36.6079926 -23.0136588
v 26.6044438 -31.7059398 -33.0067575
v 15.6777278 -43.0742234 -22.0747262
v 15.6777278 -43.0742234 -22.0747262
v 26.6044438 -31.7059398 -33.0067575
v 13.8577819 -38.073957 -32.3115915
v 15.6777278 -43.0742234 -22.0747262
v 13.8577819 -38.073957 -32.3115915
v -4.01564364e-06 -45.9336102 -22.1204668
v -4.01564364e-06 -45.9336102 -22.1204668
v 13.8577819 -38.073957 -32.3115915
v -3.57847263e-06 -40.9329534 -32.6429397
v -4.01564364e-06 -45.9336102 -22.1204668
v -3.57847263e-06 -40.9329534 -32.6429397
v -16.0022989 -43.9659536 -22.5317225
v -16.0022989 -43.9659536 -22.5317225
v -3.57847263e-06 -40.9329534 -32.6429397
v -14.2938092 -39.2719179 -33.3282471
v -16.0022989 -43.9659536 -22.5317225
v -14.2938092 -39.2719179 -33.3282471
v -30.702579 -36.5898967 -23.0022848
v -30.702579 -36.5898967 -23.0022848
v -14.2938092 -39.2719179 -33.3282471
v -27.5059402 -32.7802896 -34.125191
v -30.702579 -36.5898967 -23.0022848
v -27.5059402 -32.7802896 -34.125191
v -42.1605289 -24.341388 -23.4443992
v -42.1605289 -24.341388 -23.4443992
v -27.5059402 -32.7802896 -34.125191
v -37.5875026 -21.7011496 -34.6121848
v -42.1605289 -24.341388 -23.4443992
v -37.5875026 -21.7011496 -34.6121848
v -47.9678184 -8.4580183 -23.4564468
v -47.9678184 -8.4580183 -23.4564468
v -37.5875026 -21.7011496 -34.6121848
v -42.4159467 -7.47907385 -34.3474001
v -47.9678184 -8.4580183 -23.4564468
v -42.4159467 -7.47907385 -34.3474001
v -46.4976519 8.19878951 -22.7375299
v -46.4976519 8.19878951 -22.7375299
v -42.4159467 -7.47907385 -34.3474001
v -40.9249574 7.21617341 -33.1400365
v -46.4976519 8.19878951 -22.7375299
v -40.9249574 7.21617341 -33.1400365
v -38.570711 22.2688049 -21.448192
v -38.570711 22.2688049 -21.448192
v -40.9249574 7.21617341 -33.1400365
v -33.8663906 19.5527658 -31.185624
v -38.570711 22.2688049 -21.448192
v -33.8663906 19.5527658 -31.185624
v -26.8783778 32.0324212 -20.1372147
v -26.8783778 32.0324212 -20.1372147
v -33.8663906 19.5527658 -31.185624
v -23.5039517 28.0109376 -29.1601479
v -26.8783778 32.0324212 -20.1372147
v -23.5039517 28.0109376 -29.1601479
v -13.5545552 37.2408628 -19.0852389
v -13.5545552 37.2408628 -19.0852389
v -23.5039517 28.0109376 -29.1601479
v -11.819046 32.4725866 -27.5579691
v -13.5545552 37.2408628 -19.0852389
v -11.819046 32.4725866 -27.5579691
v 6.6909422e-06 38.2677287 -18.4287712
v 6.6909422e-06 38.2677287 -18.4287712
v -11.819046 32.4725866 -27.5579691
v 5.82701709e-06 33.3266526 -26.577118
v 0 33.3266526 -26.577118
v 0 27.6984751 -34.7327948
v 11.3486372 31.1801225 -26.4611185
v 11.3486372 31.1801225 -26.4611185
v 0 27.6984751 -34.7327948
v 9.42485109 25.8945644 -34.5546633
v 11.3486372 31.1801225 -26.4611185
v 9.42485109 25.8945644 -34.5546633
v 22.4740714 26.7835528 -27.882418
v 22.4740714 26.7835528 -27.882418
v 9.42485109 25.8945644 -34.5546633
v 18.2386398 21.7359617 -35.5802327
v 22.4740714 26.7835528 -27.882418
v 18.2386398 21.7359617 -35.5802327
v 33.0324918 19.0713152 -30.4177344
v 33.0324918 19.0713152 -30.4177344
v 18.2386398 21.7359617 -35.5802327
v 26.0611683 15.0464192 -37.7352327
v 33.0324918 19.0713152 -30.4177344
v 26.0611683 15.0464192 -37.7352327
v 40.6121016 7.16100633 -32.8866929
v 40.6121016 7.16100633 -32.8866929
v 26.0611683 15.0464192 -37.7352327
v 31.3846081 5.5339504 -39.9621725
v 40.6121016 7.16100633 -32.8866929
v 31.3846081 5.5339504 -39.9621725
v 42.1951979 -7.44015276 -34.1686457
v 42.1951979 -7.44015276 -34.1686457
v 31.3846081 5.5339504 -39.9621725
v 32.5603247 -5.7412643 -41.4592206
v 42.1951979 -7.44015276 -34.1686457
v 32.5603247 -5.7412643 -41.4592206
v 36.9467318 -21.3312089 -34.0221375
v 36.9467318 -21.3312089 -34.0221375
v 32.5603247 -5.7412643 -41.4592206
v 28.9918959 -16.7384803 -41.9787824
v 36.9467318 -21.3312089 -34.0221375
v 28.9918959 -16.7384803 -41.9787824
v 26.6044438 -31.7059398 -33.0067575
v 26.6044438 -31.7059398 -33.0067575
v 28.9918959 -16.7384803 -41.9787824
v 21.4711815 -25.5883545 -41.8863267
v 26.6044438 -31.7059398 -33.0067575
v 21.4711815 -25.5883545 -41.8863267
v 13.8577819 -38.073957 -32.3115915
v 13.8577819 -38.073957 -32.3115915
v 21.4711815 -25.5883545 -41.8863267
v 11.4592925 -31.4841628 -42.0136273
v 13.8577819 -38.073957 -32.3115915
v 11.4592925 -31.4841628 -42.0136273
v -3.57847263e-06 -40.9329534 -32.6429397
v -3.57847263e-06 -40.9329534 -32.6429397
v 11.4592925 -31.4841628 -42.0136273
v -2.97016811e-06 -33.9747608 -42.6030099
v -3.57847263e-06 -40.9329534 -32.6429397
v -2.97016811e-06 -33.9747608 -42.6030099
v -14.2938092 -39.2719179 -33.3282471
v -14.2938092 -39.2719179 -33.3282471
v -2.97016811e-06 -33.9747608 -42.6030099
v -11.8127912 -32.4553728 -43.3096498
v -14.2938092 -39.2719179 -33.3282471
v -11.8127912 -32.4553728 -43.3096498
v -27.5059402 -32.7802896 -34.125191
v -27.5059402 -32.7802896 -34.125191
v -11.8127912 -32.4553728 -43.3096498
v -22.5105211 -26.8269837 -43.91388
v -27.5059402 -32.7802896 -34.125191
v -22.5105211 -26.8269837 -43.91388
v -37.5875026 -21.7011496 -34.6121848
v -37.5875026 -21.7011496 -34.6121848
v -22.5105211 -26.8269837 -43.91388
v -30.4338217 -17.570971 -44.0666139
v -37.5875026 -21.7011496 -34.6121848
v -30.4338217 -17.570971 -44.0666139
v -42.4159467 -7.47907385 -34.3474001
v -42.4159467 -7.47907385 -34.3474001
v -30.4338217 -17.570971 -44.0666139
v -34.1321826 -6.01842329 -43.4606731
v -42.4159467 -7.47907385 -34.3474001
v -34.1321826 -6.01842329 -43.4606731
v -40.9249574 7.21617341 -33.1400365
v -40.9249574 7.21617341 -33.1400365
v -34.1321826 -6.01842329 -43.4606731
v -32.9873413 5.81655763 -42.0029461
v -40.9249574 7.21617341 -33.1400365
v -32.9873413 5.81655763 -42.0029461
v -33.8663906 19.5527658 -31.185624
v -33.8663906 19.5527658 -31.185624
v -32.9873413 5.81655763 -42.0029461
v -27.5585741 15.9109458 -39.9034023
v -33.8663906 19.5527658 -31.185624
v -27.5585741 15.9109458 -39.9034023
v -23.5039517 28.0109376 -29.1601479
v -23.5039517 28.0109376 -29.1601479
v -27.5585741 15.9109458 -39.9034023
v -19.2948103 22.9946718 -37.6406401
v -23.5039517 28.0109376 -29.1601479
v -19.2948103 22.9946718 -37.6406401
v -11.819046 32.4725866 -27.5579691
v -11.819046 32.4725866 -27.5579691
v -19.2948103 22.9946718 -37.6406401
v -9.77179781 26.8478125 -35.8267099
v -11.819046 32.4725866 -27.5579691
v -9.77179781 26.8478125 -35.8267099
v 5.82701709e-06 33.3266526 -26.577118
v 5.82701709e-06 33.3266526 -26.577118
v -9.77179781 26.8478125 -35.8267099
v 4.84295519e-06 27.6984751 -34.7327948
v 0 27.6984751 -34.7327948
v 0 20.6047907 -42.7863061
v 9.42485109 25.8945644 -34.5546633
v 9.42485109 25.8945644 -34.5546633
v 0 20.6047907 -42.7863061
v 7.01806694 19.2819789 -42.6090986
v 9.42485109 25.8945644 -34.5546633
v 7.01806694 19.2819789 -42.6090986
v 18.2386398 21.7359617 -35.5802327
v 18.2386398 21.7359617 -35.5802327
v 7.01806694 19.2819789 -42.6090986
v 13.3582324 15.9197211 -43.1537002
v 18.2386398 21.7359617 -35.5802327
v 13.3582324 15.9197211 -43.1537002
v 26.0611683 15.0464192 -37.7352327
v 26.0611683 15.0464192 -37.7352327
v 13.3582324 15.9197211 -43.1537002
v 18.5024738 10.6824078 -44.3645149
v 26.0611683 15.0464192 -37.7352327
v 18.5024738 10.6824078 -44.3645149
v 31.3846081 5.5339504 -39.9621725
v 31.3846081 5.5339504 -39.9621725
v 18.5024738 10.6824078 -44.3645149
v 21.7516214 3.83539572 -45.8645046
v 31.3846081 5.5339504 -39.9621725
v 21.7516214 3.83539572 -45.8645046
v 32.5603247 -5.7412643 -41.4592206
v 32.5603247 -5.7412643 -41.4592206
v 21.7516214 3.83539572 -45.8645046
v 22.3742396 -3.94518264 -47.1773356
v 32.5603247 -5.7412643 -41.4592206
v 22.3742396 -3.94518264 -47.1773356
v 28.9918959 -16.7384803 -41.9787824
v 28.9918959 -16.7384803 -41.9787824
v 22.3742396 -3.94518264 -47.1773356
v 20.0634032 -11.5836136 -48.1072545
v 28.9918959 -16.7384803 -41.9787824
v 20.0634032 -11.5836136 -48.1072545
v 21.4711815 -25.5883545 -41.8863267
v 21.4711815 -25.5883545 -41.8863267
v 20.0634032 -11.5836136 -48.1072545
v 15.1014864 -17.99725 -48.7852722
v 21.4711815 -25.5883545 -41.8863267
v 15.1014864 -17.99725 -48.7852722
v 11.4592925 -31.4841628 -42.0136273
v 11.4592925 -31.4841628 -42.0136273
v 15.1014864 -17.99725 -48.7852722
v 8.14800858 -22.3864809 -49.4693875
v 11.4592925 -31.4841628 -42.0136273
v 8.14800858 -22.3864809 -49.4693875
v -2.97016811e-06 -33.9747608 -42.6030099
v -2.97016811e-06 -33.9747608 -42.6030099
v 8.14800858 -22.3864809 -49.4693875
v -2.10873914e-06 -24.1211638 -50.0881314
v -2.97016811e-06 -33.9747608 -42.6030099
v -2.10873914e-06 -24.1211638 -50.0881314
v -11.8127912 -32.4553728 -43.3096498
v -11.8127912 -32.4553728 -43.3096498
v -2.10873914e-06 -24.1211638 -50.0881314
v -8.33414495 -22.8978753 -50.5994618
v -11.8127912 -32.4553728 -43.3096498
v -8.33414495 -22.8978753 -50.5994618
v -22.5105211 -26.8269837 -43.91388
v -22.5105211 -26.8269837 -43.91388
v -8.33414495 -22.8978753 -50.5994618
v -15.7457992 -18.7651038 -50.8667111
v -22.5105211 -26.8269837 -43.91388
v -15.7457992 -18.7651038 -50.8667111
v -30.4338217 -17.570971 -44.0666139
v -30.4338217 -17.570971 -44.0666139
v -15.7457992 -18.7651038 -50.8667111
v -21.1461782 -12.2087486 -50.7034838
v -30.4338217 -17.570971 -44.0666139
v -21.1461782 -12.2087486 -50.7034838
v -34.1321826 -6.01842329 -43.4606731
v -34.1321826 -6.01842329 -43.4606731
v -21.1461782 -12.2087486 -50.7034838
v -23.6978993 -4.17857803 -49.968344
v -34.1321826 -6.01842329 -43.4606731
v -23.6978993 -4.17857803 -49.968344
v -32.9873413 5.81655763 -42.0029461
v -32.9873413 5.81655763 -42.0029461
v -23.6978993 -4.17857803 -49.968344
v -23.0760723 4.0689338 -48.6571878
v -32.9873413 5.81655763 -42.0029461
v -23.0760723 4.0689338 -48.6571878
v -27.5585741 15.9109458 -39.9034023
v -27.5585741 15.9109458 -39.9034023
v -23.0760723 4.0689338 -48.6571878
v -19.5796072 11.3042891 -46.9472229
v -27.5585741 15.9109458 -39.9034023
v -19.5796072 11.3042891 -46.9472229
v -19.2948103 22.9946718 -37.6406401
v -19.2948103 22.9946718 -37.6406401
v -19.5796072 11.3042891 -46.9472229
v -13.9813304 16.6623116 -45.1666325
v -19.2948103 22.9946718 -37.6406401
v -13.9813304 16.6623116 -45.1666325
v -9.77179781 26.8478125 -35.8267099
v -9.77179781 26.8478125 -35.8267099
v -13.9813304 16.6623116 -45.1666325
v -7.19665065 19.7726503 -43.6933756
v -9.77179781 26.8478125 -35.8267099
v -7.19665065 19.7726503 -43.6933756
v 4.84295519e-06 27.6984751 -34.7327948
v 4.84295519e-06 27.6984751 -34.7327948
v -7.19665065 19.7726503 -43.6933756
v 3.60265631e-06 20.6047907 -42.7863061
v 0 20.6047907 -42.7863061
v 0 11.3027111 -49.5204121
v 7.01806694 19.2819789 -42.6090986
v 7.01806694 19.2819789 -42.6090986
v 0 11.3027111 -49.5204121
v 3.8553182 10.5923995 -49.3867189
v 7.01806694 19.2819789 -42.6090986
v 3.8553182 10.5923995 -49.3867189
v 13.3582324 15.9197211 -43.1537002
v 13.3582324 15.9197211 -43.1537002
v 3.8553182 10.5923995 -49.3867189
v 7.27738291 8.67284685 -49.6031612
v 13.3582324 15.9197211 -43.1537002
v 7.27738291 8.67284685 -49.6031612
v 18.5024738 10.6824078 -44.3645149
v 18.5024738 10.6824078 -44.3645149
v 7.27738291 8.67284685 -49.6031612
v 9.90480185 5.71853966 -50.1091182
v 18.5024738 10.6824078 -44.3645149
v 9.90480185 5.71853966 -50.1091182
v 21.7516214 3.83539572 -45.8645046
v 21.7516214 3.83539572 -45.8645046
v 9.90480185 5.71853966 -50.1091182
v 11.4184499 2.01337989 -50.7992506
v 21.7516214 3.83539572 -45.8645046
v 11.4184499 2.01337989 -50.7992506
v 22.3742396 -3.94518264 -47.1773356
v 22.3742396 -3.94518264 -47.1773356
v 11.4184499 2.01337989 -50.7992506
v 11.5887471 -2.04340909 -51.5568852
v 22.3742396 -3.94518264 -47.1773356
v 11.5887471 -2.04340909 -51.5568852
v 20.0634032 -11.5836136 -48.1072545
v 20.0634032 -11.5836136 -48.1072545
v 11.5887471 -2.04340909 -51.5568852
v 10.3346571 -5.96671812 -52.2837937
v 20.0634032 -11.5836136 -48.1072545
v 10.3346571 -5.96671812 -52.2837937
v 15.1014864 -17.99725 -48.7852722
v 15.1014864 -17.99725 -48.7852722
v 10.3346571 -5.96671812 -52.2837937
v 7.7648215 -9.25375372 -52.9255807
v 15.1014864 -17.99725 -48.7852722
v 7.7648215 -9.25375372 -52.9255807
v 8.14800858 -22.3864809 -49.4693875
v 8.14800858 -22.3864809 -49.4693875
v 7.7648215 -9.25375372 -52.9255807
v 4.17354554 -11.4667282 -53.4632444
v 8.14800858 -22.3864809 -49.4693875
v 4.17354554 -11.4667282 -53.4632444
v -2.10873914e-06 -24.1211638 -50.0881314
v -2.10873914e-06 -24.1211638 -50.0881314
v 4.17354554 -11.4667282 -53.4632444
v -1.07491394e-06 -12.2955829 -53.8704693
v -2.10873914e-06 -24.1211638 -50.0881314
v -1.07491394e-06 -12.2955829 -53.8704693
v -8.33414495 -22.8978753 -50.5994618
v -8.33414495 -22.8978753 -50.5994618
v -1.07491394e-06 -12.2955829 -53.8704693
v -4.2239815 -11.6052926 -54.1092992
v -8.33414495 -22.8978753 -50.5994618
v -4.2239815 -11.6052926 -54.1092992
v -15.7457992 -18.7651038 -50.8667111
v -15.7457992 -18.7651038 -50.8667111
v -4.2239815 -11.6052926 -54.1092992
v -7.94146508 -9.46426615 -54.1295826
v -15.7457992 -18.7651038 -50.8667111
v -7.94146508 -9.46426615 -54.1295826
v -21.1461782 -12.2087486 -50.7034838
v -21.1461782 -12.2087486 -50.7034838
v -7.94146508 -9.46426615 -54.1295826
v -10.6511556 -6.14944622 -53.8849771
v -21.1461782 -12.2087486 -50.7034838
v -10.6511556 -6.14944622 -53.8849771
v -23.6978993 -4.17857803 -49.968344
v -23.6978993 -4.17857803 -49.968344
v -10.6511556 -6.14944622 -53.8849771
v -11.9938552 -2.11483967 -53.3591568
v -23.6978993 -4.17857803 -49.968344
v -11.9938552 -2.11483967 -53.3591568
v -23.0760723 4.0689338 -48.6571878
v -23.0760723 4.0689338 -48.6571878
v -11.9938552 -2.11483967 -53.3591568
v -11.8207686 2.08432004 -52.5891185
v -23.0760723 4.0689338 -48.6571878
v -11.8207686 2.08432004 -52.5891185
v -19.5796072 11.3042891 -46.9472229
v -19.5796072 11.3042891 -46.9472229
v -11.8207686 2.08432004 -52.5891185
v -10.2139607 5.89703135 -51.6731739
v -19.5796072 11.3042891 -46.9472229
v -10.2139607 5.89703135 -51.6731739
v -13.9813304 16.6623116 -45.1666325
v -13.9813304 16.6623116 -45.1666325
v -10.2139607 5.89703135 -51.6731739
v -7.44659007 8.87450501 -50.7565022
v -13.9813304 16.6623116 -45.1666325
v -7.44659007 8.87450501 -50.7565022
v -7.19665065 19.7726503 -43.6933756
v -7.19665065 19.7726503 -43.6933756
v -7.44659007 8.87450501 -50.7565022
v -3.90298925 10.7233815 -49.9974161
v -7.19665065 19.7726503 -43.6933756
v -3.90298925 10.7233815 -49.9974161
v 3.60265631e-06 20.6047907 -42.7863061
v 3.60265631e-06 20.6047907 -42.7863061
v -3.90298925 10.7233815 -49.9974161
v 1.97622843e-06 11.3027096 -49.5204061
v 0 11.3027111 -49.5204121
v -0 -4.68104133e-06 -53.544873
v 3.8553182 10.5923995 -49.3867189
v 3.8553182 10.5923995 -49.3867189
v -0 -4.68104133e-06 -53.544873
v -1.60101052e-06 -4.39873986e-06 -53.544873
v 3.8553182 10.5923995 -49.3867189
v -1.60101052e-06 -4.39873986e-06 -53.544873
v 7.27738291 8.67284685 -49.6031612
v 7.27738291 8.67284685 -49.6031612
v -1.60101052e-06 -4.39873986e-06 -53.544873
v -3.00891578e-06 -3.58588572e-06 -53.544873
v 7.27738291 8.67284685 -49.6031612
v -3.00891578e-06 -3.58588572e-06 -53.544873
v 9.90480185 5.71853966 -50.1091182
v 9.90480185 5.71853966 -50.1091182
v -3.00891578e-06 -3.58588572e-06 -53.544873
v -4.05390033e-06 -2.34052031e-06 -53.544867
v 9.90480185 5.71853966 -50.1091182
v -4.05390033e-06 -2.34052031e-06 -53.544867
v 11.4184499 2.01337989 -50.7992506
v 11.4184499 2.01337989 -50.7992506
v -4.05390033e-06 -2.34052031e-06 -53.544867
v -4.6099256e-06 -8.12853873e-07 -53.544867
v 11.4184499 2.01337989 -50.7992506
v -4.6099256e-06 -8.12853873e-07 -53.544867
v 11.5887471 -2.04340909 -51.5568852
v 11.5887471 -2.04340909 -51.5568852
v -4.6099256e-06 -8.12853873e-07 -53.544867
v -4.60992524e-06 8.12854317e-07 -53.544867
v 11.5887471 -2.04340909 -51.5568852
v -4.60992524e-06 8.12854317e-07 -53.544867
v 10.3346571 -5.96671812 -52.2837937
v 10.3346571 -5.96671812 -52.2837937
v -4.60992524e-06 8.12854317e-07 -53.544867
v -4.05390033e-06 2.34052067e-06 -53.544867
v 10.3346571 -5.96671812 -52.2837937
v -4.05390033e-06 2.34052067e-06 -53.544867
v 7.7648215 -9.25375372 -52.9255807
v 7.7648215 -9.25375372 -52.9255807
v -4.05390033e-06 2.34052067e-06 -53.544867
v -3.00891543e-06 3.58588537e-06 -53.544867
v 7.7648215 -9.25375372 -52.9255807
v -3.00891543e-06 3.58588537e-06 -53.544867
v 4.17354554 -11.4667282 -53.4632444
v 4.17354554 -11.4667282 -53.4632444
v -3.00891543e-06 3.58588537e-06 -53.544867
v -1.60100964e-06 4.39873986e-06 -53.544867
v 4.17354554 -11.4667282 -53.4632444
v -1.60100964e-06 4.39873986e-06 -53.544867
v -1.07491394e-06 -12.2955829 -53.8704693
v -1.07491394e-06 -12.2955829 -53.8704693
v -1.60100964e-06 4.39873986e-06 -53.544867
v 4.09229611e-13 4.68104098e-06 -53.544867
v -1.07491394e-06 -12.2955829 -53.8704693
v 4.09229611e-13 4.68104098e-06 -53.544867
v -4.2239815 -11.6052926 -54.1092992
v -4.2239815 -11.6052926 -54.1092992
v 4.09229611e-13 4.68104098e-06 -53.544867
v 1.60101035e-06 4.39873951e-06 -53.544867
v -4.2239815 -11.6052926 -54.1092992
v 1.60101035e-06 4.39873951e-06 -53.544867
v -7.94146508 -9.46426615 -54.1295826
v -7.94146508 -9.46426615 -54.1295826
v 1.60101035e-06 4.39873951e-06 -53.544867
v 3.00891578e-06 3.58588466e-06 -53.544867
v -7.94146508 -9.46426615 -54.1295826
v 3.00891578e-06 3.58588466e-06 -53.544867
v -10.6511556 -6.14944622 -53.8849771
v -10.6511556 -6.14944622 -53.8849771
v 3.00891578e-06 3.58588466e-06 -53.544867
v 4.05390033e-06 2.34052013e-06 -53.544867
v -10.6511556 -6.14944622 -53.8849771
v 4.05390033e-06 2.34052013e-06 -53.544867
v -11.9938552 -2.11483967 -53.3591568
v -11.9938552 -2.11483967 -53.3591568
v 4.05390033e-06 2.34052013e-06 -53.544867
v 4.6099256e-06 8.12854051e-07 -53.544867
v -11.9938552 -2.11483967 -53.3591568
v 4.6099256e-06 8.12854051e-07 -53.544867
v -11.8207686 2.08432004 -52.5891185
v -11.8207686 2.08432004 -52.5891185
v 4.6099256e-06 8.12854051e-07 -53.544867
v 4.60992524e-06 -8.1285414e-07 -53.544867
v -11.8207686 2.08432004 -52.5891185
v 4.60992524e-06 -8.1285414e-07 -53.544867
v -10.2139607 5.89703135 -51.6731739
v -10.2139607 5.89703135 -51.6731739
v 4.60992524e-06 -8.1285414e-07 -53.544867
v 4.05390104e-06 -2.34052031e-06 -53.544873
v -10.2139607 5.89703135 -51.6731739
v 4.05390104e-06 -2.34052031e-06 -53.544873
v -7.44659007 8.87450501 -50.7565022
v -7.44659007 8.87450501 -50.7565022
v 4.05390104e-06 -2.34052031e-06 -53.544873
v 3.00891436e-06 -3.58588643e-06 -53.544873
v -7.44659007 8.87450501 -50.7565022
v 3.00891436e-06 -3.58588643e-06 -53.544873
v -3.90298925 10.7233815 -49.9974161
v -3.90298925 10.7233815 -49.9974161
v 3.00891436e-06 -3.58588643e-06 -53.544873
v 1.60100946e-06 -4.39874022e-06 -53.544873
v -3.90298925 10.7233815 -49.9974161
v 1.60100946e-06 -4.39874022e-06 -53.544873
v 1.97622843e-06 11.3027096 -49.5204061
v 1.97622843e-06 11.3027096 -49.5204061
v 1.60100946e-06 -4.39874022e-06 -53.544873
v -8.18459307e-13 -4.68104133e-06 -53.544873
vt 0 0
vt 0 0
vt 0 0
vt 0 0
vt 0 0
vt 0 0
vt 0 0
vt 0 0
vt 0 0
vt 0 0
vt 0 0
vt 0 0
vt 0 0
vt 0 0
vt 0 0
vt 0 0
vt 0 0
vt 0 0
vt 0 0
vt 0 0
vt 0 0
vt 0 0
vt 0 0
vt 0 0
vt 0 0
vt 0 0
vt 0 0
vt 0 0
vt 0 0
vt 0 0
vt 0 0
vt 0 0
vt 0 0
vt 0 0
vt 0 0
vt 0 0
vt 0 0
vt 0 0
vt 0 0
vt 0 0
vt 0 0
vt 0 0
vt 0 0
vt 0 0
vt 0 0
vt 0 0
vt 0 0
vt 0 0
vt 0 0
vt 0 0
vt 0 0
vt 0 0
vt 0 0
vt 0 0
vt 0 0
vt 0 0
vt 0 0
vt 0 0
vt 0 0
vt 0 0
vt 0 0
vt 0 0
vt 0 0
vt 0 0
vt 0 0
vt 0 0
vt 0 0
vt 0 0
vt 0 0
vt 0 0
vt 0 0
vt 0 0
vt 0 0
vt 0 0
vt 0 0
vt 0 0
vt 0 0
vt 0 0
vt 0 0
vt 0 0
vt 0 0
vt 0 0
vt 0 0
vt 0 0
vt 0 0
vt 0 0
vt 0 0
vt 0 0
vt 0 0
vt 0 0
vt 0 0
vt 0 0
vt 0 0
vt 0 0
vt 0 0
vt 0 0
vt 0 0
vt 0 0
vt 0 0
vt 0 0
vt 0 0
vt 0 0
vt 0 0
vt 0 0
vt 0 0
vt 0 0
vt 0 0
vt 0 0
vt 0 0
vt 0 0
vt 0 0
vt 0 0
vt 0 0
vt 0 0
vt 0 0
vt 0 0
vt 0 0
vt 0 0
vt 0 0
vt 0 0
vt 0 0
vt 0 0
vt 0 0
vt 0 0
vt 0 0
vt 0 0
vt 0 0
vt 0 0
vt 0 0
vt 0 0
vt 0 0
vt 0 0
vt 0 0
vt 0 0
vt 0 0
vt 0 0
vt 0 0
vt 0 0
vt 0 0
vt 0 0
vt 0 0
vt 0 0
vt 0 0
vt 0 0
vt 0 0
vt 0 0
vt 0 0
vt 0 0
vt 0 0
vt 0 0
vt 0 0
vt 0 0
vt 0 0
vt 0 0
vt 0 0
vt 0 0
vt 0 0
vt 0 0
vt 0 0
vt 0 0
vt 0 0
vt 0 0
vt 0 0
vt 0 0
vt 0 0
vt 0 0
vt 0 0
vt 0 0
vt 0 0
vt 0 0
vt 0 0
vt 0 0
vt 0 0
vt 0 0
vt 0 0
vt 0 0
vt 0 0
vt 0 0
vt 0 0
vt 0 0
vt 0 0
vt 0 0
vt 0 0
vt 0 0
vt 0 0
vt 0 0
vt 0 0
vt 0 0
vt 0 0
vt 0 0
vt 0 0
vt 0 0
vt 0 0
vt 0 0
vt 0 0
vt 0 0
vt 0 0
vt 0 0
vt 0 0
vt 0 0
vt 0 0
vt 0 0
vt 0 0
vt 0 0
vt 0 0
vt 0 0
vt 0 0
vt 0 0
vt 0 0
vt 0 0
vt 0 0
vt 0 0
vt 0 0
vt 0 0
vt 0 0
vt 0 0
vt 0 0
vt 0 0
vt 0 0
vt 0 0
vt 0 0
vt 0 0
vt 0 0
vt 0 0
vt 0 0
vt 0 0
vt 0 0
vt 0 0
vt 0 0
vt 0 0
vt 0 0
vt 0 0
vt 0 0
vt 0 0
vt 0 0
vt 0 0
vt 0 0
vt 0 0
vt 0 0
vt 0 0
vt 0 0
vt 0 0
vt 0 0
vt 0 0
vt 0 0
vt 0 0
vt 0 0
vt 0 0
vt 0 0
vt 0 0
vt 0 0
vt 0 0
vt 0 0
vt 0 0
vt 0 0
vt 0 0
vt 0 0
vt 0 0
vt 0 0
vt 0 0
vt 0 0
vt 0 0
vt 0 0
vt 0 0
vt 0 0
vt 0 0
vt 0 0
vt 0 0
vt 0 0
vt 0 0
vt 0 0
vt 0 0
vt 0 0
vt 0 0
vt 0 0
vt 0 0
vt 0 0
vt 0 0
vt 0 0
vt 0 0
vt 0 0
vt 0 0
vt 0 0
vt 0 0
vt 0 0
vt 0 0
vt 0 0
vt 0 0
vt 0 0
vt 0 0
vt 0 0
vt 0 0
vt 0 0
vt 0 0
vt 0 0
vt 0 0
vt 0 0
vt 0 0
vt 0 0
vt 0 0
vt 0 0
vt 0 0
vt 0 0
vt 0 0
vt 0 0
vt 0 0
vt 0 0
vt 0 0
vt 0 0
vt 0 0
vt 0 0
vt 0 0
vt 0 0
vt 0 0
vt 0 0
vt 0 0
vt 0 0
vt 0 0
vt 0 0
vt 0 0
vt 0 0
vt 0 0
vt 0 0
vt 0 0
vt 0 0
vt 0 0
vt 0 0
vt 0 0
vt 0 0
vt 0 0
vt 0 0
vt 0 0
vt 0 0
vt 0 0
vt 0 0
vt 0 0
vt 0 0
vt 0 0
vt 0 0
vt 0 0
vt 0 0
vt 0 0
vt 0 0
vt 0 0
vt 0 0
vt 0 0
vt 0 0
vt 0 0
vt 0 0
vt 0 0
vt 0 0
vt 0 0
vt 0 0
vt 0 0
vt 0 0
vt 0 0
vt 0 0
vt 0 0
vt 0 0
vt 0 0
vt 0 0
vt 0 0
vt 0 0
vt 0 0
vt 0 0
vt 0 0
vt 0 0
vt 0 0
vt 0 0
vt 0 0
vt 0 0
vt 0 0
vt 0 0
vt 0 0
vt 0 0
vt 0 0
vt 0 0
vt 0 0
vt 0 0
vt 0 0
vt 0 0
vt 0 0
vt 0 0
vt 0 0
vt 0 0
vt 0 0
vt 0 0
vt 0 0
vt 0 0
vt 0 0
vt 0 0
vt 0 0
vt 0 0
vt 0 0
vt 0 0
vt 0 0
vt 0 0
vt 0 0
vt 0 0
vt 0 0
vt 0 0
vt 0 0
vt 0 0
vt 0 0
vt 0 0
vt 0 0
vt 0 0
vt 0 0
vt 0 0
vt 0 0
vt 0 0
vt 0 0
vt 0 0
vt 0 0
vt 0 0
vt 0 0
vt 0 0
vt 0 0
vt 0 0
vt 0 0
vt 0 0
vt 0 0
vt 0 0
vt 0 0
vt 0 0
vt 0 0
vt 0 0
vt 0 0
vt 0 0
vt 0 0
vt 0 0
vt 0 0
vt 0 0
vt 0 0
vt 0 0
vt 0 0
vt 0 0
vt 0 0
vt 0 0
vt 0 0
vt 0 0
vt 0 0
vt 0 0
vt 0 0
vt 0 0
vt 0 0
vt 0 0
vt 0 0
vt 0 0
vt 0 0
vt 0 0
vt 0 0
vt 0 0
vt 0 0
vt 0 0
vt 0 0
vt 0 0
vt 0 0
vt 0 0
vt 0 0
vt 0 0
vt 0 0
vt 0 0
vt 0 0
vt 0 0
vt 0 0
vt 0 0
vt 0 0
vt 0 0
vt 0 0
vt 0 0
vt 0 0
vt 0 0
vt 0 0
vt 0 0
vt 0 0
vt 0 0
vt 0 0
vt 0 0
vt 0 0
vt 0 0
vt 0 0
vt 0 0
vt 0 0
vt 0 0
vt 0 0
vt 0 0
vt 0 0
vt 0 0
vt 0 0
vt 0 0
vt 0 0
vt 0 0
vt 0 0
vt 0 0
vt 0 0
vt 0 0
vt 0 0
vt 0 0
vt 0 0
vt 0 0
vt 0 0
vt 0 0
vt 0 0
vt 0 0
vt 0 0
vt 0 0
vt 0 0
vt 0 0
vt 0 0
vt 0 0
vt 0 0
vt 0 0
vt 0 0
vt 0 0
vt 0 0
vt 0 0
vt 0 0
vt 0 0
vt 0 0
vt 0 0
vt 0 0
vt 0 0
vt 0 0
vt 0 0
vt 0 0
vt 0 0
vt 0 0
vt 0 0
vt 0 0
vt 0 0
vt 0 0
vt 0 0
vt 0 0
vt 0 0
vt 0 0
vt 0 0
vt 0 0
vt 0 0
vt 0 0
vt 0 0
vt 0 0
vt 0 0
vt 0 0
vt 0 0
vt 0 0
vt 0 0
vt 0 0
vt 0 0
vt 0 0
vt 0 0
vt 0 0
vt 0 0
vt 0 0
vt 0 0
vt 0 0
vt 0 0
vt 0 0
vt 0 0
vt 0 0
vt 0 0
vt 0 0
vt 0 0
vt 0 0
vt 0 0
vt 0 0
vt 0 0
vt 0 0
vt 0 0
vt 0 0
vt 0 0
vt 0 0
vt 0 0
vt 0 0
vt 0 0
vt 0 0
vt 0 0
vt 0 0
vt 0 0
vt 0 0
vt 0 0
vt 0 0
vt 0 0
vt 0 0
vt 0 0
vt 0 0
vt 0 0
vt 0 0
vt 0 0
vt 0 0
vt 0 0
vt 0 0
vt 0 0
vt 0 0
vt 0 0
vt 0 0
vt 0 0
vt 0 0
vt 0 0
vt 0 0
vt 0 0
vt 0 0
vt 0 0
vt 0 0
vt 0 0
vt 0 0
vt 0 0
vt 0 0
vt 0 0
vt 0 0
vt 0 0
vt 0 0
vt 0 0
vt 0 0
vt 0 0
vt 0 0
vt 0 0
vt 0 0
vt 0 0
vt 0 0
vt 0 0
vt 0 0
vt 0 0
vt 0 0
vt 0 0
vt 0 0
vt 0 0
vt 0 0
vt 0 0
vt 0 0
vt 0 0
vt 0 0
vt 0 0
vt 0 0
vt 0 0
vt 0 0
vt 0 0
vt 0 0
vt 0 0
vt 0 0
vt 0 0
vt 0 0
vt 0 0
vt 0 0
vt 0 0
vt 0 0
vt 0 0
vt 0 0
vt 0 0
vt 0 0
vt 0 0
vt 0 0
vt 0 0
vt 0 0
vt 0 0
vt 0 0
vt 0 0
vt 0 0
vt 0 0
vt 0 0
vt 0 0
vt 0 0
vt 0 0
vt 0 0
vt 0 0
vt 0 0
vt 0 0
vt 0 0
vt 0 0
vt 0 0
vt 0 0
vt 0 0
vt 0 0
vt 0 0
vt 0 0
vt 0 0
vt 0 0
vt 0 0
vt 0 0
vt 0 0
vt 0 0
vt 0 0
vt 0 0
vt 0 0
vt 0 0
vt 0 0
vt 0 0
vt 0 0
vt 0 0
vt 0 0
vt 0 0
vt 0 0
vt 0 0
vt 0 0
vt 0 0
vt 0 0
vt 0 0
vt 0 0
vt 0 0
vt 0 0
vt 0 0
vt 0 0
vt 0 0
vt 0 0
vt 0 0
vt 0 0
vt 0 0
vt 0 0
vt 0 0
vt 0 0
vt 0 0
vt 0 0
vt 0 0
vt 0 0
vt 0 0
vt 0 0
vt 0 0
vt 0 0
vt 0 0
vt 0 0
vt 0 0
vt 0 0
vt 0 0
vt 0 0
vt 0 0
vt 0 0
vt 0 0
vt 0 0
vt 0 0
vt 0 0
vt 0 0
vt 0 0
vt 0 0
vt 0 0
vt 0 0
vt 0 0
vt 0 0
vt 0 0
vt 0 0
vt 0 0
vt 0 0
vt 0 0
vt 0 0
vt 0 0
vt 0 0
vt 0 0
vt 0 0
vt 0 0
vt 0 0
vt 0 0
vt 0 0
vt 0 0
vt 0 0
vt 0 0
vt 0 0
vt 0 0
vt 0 0
vt 0 0
vt 0 0
vt 0 0
vt 0 0
vt 0 0
vt 0 0
vt 0 0
vt 0 0
vt 0 0
vt 0 0
vt 0 0
vt 0 0
vt 0 0
vt 0 0
vt 0 0
vt 0 0
vt 0 0
vt 0 0
vt 0 0
vt 0 0
vt 0 0
vt 0 0
vt 0 0
vt 0 0
vt 0 0
vt 0 0
vt 0 0
vt 0 0
vt 0 0
vt 0 0
vt 0 0
vt 0 0
vt 0 0
vt 0 0
vt 0 0
vt 0 0
vt 0 0
vt 0 0
vt 0 0
vt 0 0
vt 0 0
vt 0 0
vt 0 0
vt 0 0
vt 0 0
vt 0 0
vt 0 0
vt 0 0
vt 0 0
vt 0 0
vt 0 0
vt 0 0
vt 0 0
vt 0 0
vt 0 0
vt 0 0
vt 0 0
vt 0 0
vt 0 0
vt 0 0
vt 0 0
vt 0 0
vt 0 0
vt 0 0
vt 0 0
vt 0 0
vt 0 0
vt 0 0
vt 0 0
vt 0 0
vt 0 0
vt 0 0
vt 0 0
vt 0 0
vt 0 0
vt 0 0
vt 0 0
vt 0 0
vt 0 0
vt 0 0
vt 0 0
vt 0 0
vt 0 0
vt 0 0
vt 0 0
vt 0 0
vt 0 0
vt 0 0
vt 0 0
vt 0 0
vt 0 0
vt 0 0
vt 0 0
vt 0 0
vt 0 0
vt 0 0
vt 0 0
vt 0 0
vt 0 0
vt 0 0
vt 0 0
vt 0 0
vt 0 0
vt 0 0
vt 0 0
vt 0 0
vt 0 0
vt 0 0
vt 0 0
vt 0 0
vt 0 0
vt 0 0
vt 0 0
vt 0 0
vt 0 0
vt 0 0
vt 0 0
vt 0 0
vt 0 0
vt 0 0
vt 0 0
vt 0 0
vt 0 0
vt 0 0
vt 0 0
vt 0 0
vt 0 0
vt 0 0
vt 0 0
vt 0 0
vt 0 0
vt 0 0
vt 0 0
vt 0 0
vt 0 0
vt 0 0
vt 0 0
vt 0 0
vt 0 0
vt 0 0
vt 0 0
vt 0 0
vt 0 0
vt 0 0
vt 0 0
vt 0 0
vt 0 0
vt 0 0
vt 0 0
vt 0 0
vt 0 0
vt 0 0
vt 0 0
vt 0 0
vt 0 0
vt 0 0
vt 0 0
vt 0 0
vt 0 0
vt 0 0
vt 0 0
vt 0 0
vt 0 0
vt 0 0
vt 0 0
vt 0 0
vt 0 0
vt 0 0
vt 0 0
vt 0 0
vt 0 0
vt 0 0
vt 0 0
vt 0 0
vt 0 0
vt 0 0
vt 0 0
vt 0 0
vt 0 0
vt 0 0
vt 0 0
vt 0 0
vt 0 0
vt 0 0
vt 0 0
vt 0 0
vt 0 0
vt 0 0
vt 0 0
vt 0 0
vt 0 0
vt 0 0
vt 0 0
vt 0 0
vt 0 0
vt 0 0
vt 0 0
vt 0 0
vt 0 0
vt 0 0
vt 0 0
vt 0 0
vt 0 0
vt 0 0
vt 0 0
vt 0 0
vt 0 0
vt 0 0
vt 0 0
vt 0 0
vt 0 0
vt 0 0
vt 0 0
vt 0 0
vt 0 0
vt 0 0
vt 0 0
vt 0 0
vt 0 0
vt 0 0
vt 0 0
vt 0 0
vt 0 0
vt 0 0
vt 0 0
vt 0 0
vt 0 0
vt 0 0
vt 0 0
vt 0 0
vt 0 0
vt 0 0
vt 0 0
vt 0 0
vt 0 0
vt 0 0
vt 0 0
vt 0 0
vt 0 0
vt 0 0
vt 0 0
vt 0 0
vt 0 0
vt 0 0
vt 0 0
vt 0 0
vt 0 0
vt 0 0
vt 0 0
vt 0 0
vt 0 0
vt 0 0
vt 0 0
vt 0 0
vt 0 0
vt 0 0
vt 0 0
vt 0 0
vt 0 0
vt 0 0
vt 0 0
vt 0 0
vt 0 0
vt 0 0
vt 0 0
vt 0 0
vt 0 0
vt 0 0
vt 0 0
vt 0 0
vt 0 0
vt 0 0
vt 0 0
vt 0 0
vt 0 0
vt 0 0
vt 0 0
vt 0 0
vt 0 0
vt 0 0
vt 0 0
vt 0 0
vt 0 0
vt 0 0
vt 0 0
vt 0 0
vt 0 0
vt 0 0
vt 0 0
vt 0 0
vt 0 0
vt 0 0
vt 0 0
vt 0 0
vt 0 0
vt 0 0
vt 0 0
vt 0 0
vt 0 0
vt 0 0
vt 0 0
vt 0 0
vt 0 0
vt 0 0
vt 0 0
vt 0 0
vt 0 0
vt 0 0
vt 0 0
vt 0 0
vt 0 0
vt 0 0
vt 0 0
vt 0 0
vt 0 0
vt 0 0
vt 0 0
vt 0 0
vt 0 0
vt 0 0
vt 0 0
vt 0 0
vt 0 0
vt 0 0
vt 0 0
vt 0 0
vt 0 0
vt 0 0
vt 0 0
vt 0 0
vt 0 0
vt 0 0
vt 0 0
vt 0 0
vt 0 0
vt 0 0
vt 0 0
vt 0 0
vt 0 0
vt 0 0
vt 0 0
vt 0 0
vt 0 0
vt 0 0
vt 0 0
vt 0 0
vt 0 0
vt 0 0
vt 0 0
vt 0 0
vt 0 0
vt 0 0
vt 0 0
vt 0 0
vt 0 0
vt 0 0
vt 0 0
vt 0 0
vt 0 0
vt 0 0
vt 0 0
vt 0 0
vt 0 0
vt 0 0
vt 0 0
vt 0 0
vt 0 0
vt 0 0
vt 0 0
vt 0 0
vt 0 0
vt 0 0
vt 0 0
vt 0 0
vt 0 0
vt 0 0
vt 0 0
vt 0 0
vt 0 0
vt 0 0
vt 0 0
vt 0 0
vt 0 0
vt 0 0
vt 0 0
vt 0 0
vt 0 0
vt 0 0
vt 0 0
vt 0 0
vt 0 0
vt 0 0
vt 0 0
vt 0 0
vt 0 0
vt 0 0
vt 0 0
vt 0 0
vt 0 0
vt 0 0
vt 0 0
vt 0 0
vt 0 0
vt 0 0
vt 0 0
vt 0 0
vt 0 0
vt 0 0
vt 0 0
vt 0 0
vt 0 0
vt 0 0
vt 0 0
vt 0 0
vt 0 0
vt 0 0
vt 0 0
vt 0 0
vt 0 0
vt 0 0
vt 0 0
vt 0 0
vt 0 0
vt 0 0
vt 0 0
vt 0 0
vt 0 0
vt 0 0
vt 0 0
vt 0 0
vt 0 0
vt 0 0
vt 0 0
vt 0 0
vt 0 0
vt 0 0
vt 0 0
vt 0 0
vt 0 0
vt 0 0
vt 0 0
vt 0 0
vt 0 0
vt 0 0
vt 0 0
vt 0 0
vt 0 0
vt 0 0
vt 0 0
vt 0 0
vt 0 0
vt 0 0
vt 0 0
vt 0 0
vt 0 0
vt 0 0
vt 0 0
vt 0 0
vt 0 0
vt 0 0
vt 0 0
vt 0 0
vt 0 0
vt 0 0
vt 0 0
vt 0 0
vt 0 0
vt 0 0
vt 0 0
vt 0 0
vt 0 0
vt 0 0
vt 0 0
vt 0 0
vt 0 0
vt 0 0
vt 0 0
vt 0 0
vt 0 0
vt 0 0
vt 0 0
vt 0 0
vt 0 0
vt 0 0
vt 0 0
vt 0 0
vt 0 0
vt 0 0
vt 0 0
vt 0 0
vt 0 0
vt 0 0
vt 0 0
vt 0 0
vt 0 0
vt 0 0
vt 0 0
vt 0 0
vt 0 0
vt 0 0
vt 0 0
vt 0 0
vt 0 0
vt 0 0
vt 0 0
vt 0 0
vt 0 0
vt 0 0
vt 0 0
vt 0 0
vt 0 0
vt 0 0
vt 0 0
vt 0 0
vt 0 0
vt 0 0
vt 0 0
vt 0 0
vt 0 0
vt 0 0
vt 0 0
vt 0 0
vt 0 0
vt 0 0
vt 0 0
vt 0 0
vt 0 0
vt 0 0
vt 0 0
vt 0 0
vt 0 0
vt 0 0
vt 0 0
vt 0 0
vt 0 0
vt 0 0
vt 0 0
vt 0 0
vt 0 0
vt 0 0
vt 0 0
vt 0 0
vt 0 0
vt 0 0
vt 0 0
vt 0 0
vt 0 0
vt 0 0
vt 0 0
vt 0 0
vt 0 0
vt 0 0
vt 0 0
vt 0 0
vt 0 0
vt 0 0
vt 0 0
vt 0 0
vt 0 0
vt 0 0
vt 0 0
vt 0 0
vt 0 0
vt 0 0
vt 0 0
vt 0 0
vt 0 0
vt 0 0
vt 0 0
vt 0 0
vt 0 0
vt 0 0
vt 0 0
vt 0 0
vt 0 0
vt 0 0
vt 0 0
vt 0 0
vt 0 0
vt 0 0
vt 0 0
vt 0 0
vt 0 0
vt 0 0
vt 0 0
vt 0 0
vt 0 0
vt 0 0
vt 0 0
vt 0 0
vt 0 0
vt 0 0
vt 0 0
vt 0 0
vt 0 0
vt 0 0
vt 0 0
vt 0 0
vt 0 0
vt 0 0
vt 0 0
vt 0 0
vt 0 0
vt 0 0
vt 0 0
vt 0 0
vt 0 0
vt 0 0
vt 0 0
vt 0 0
vt 0 0
vt 0 0
vt 0 0
vt 0 0
vt 0 0
vt 0 0
vt 0 0
vt 0 0
vt 0 0
vt 0 0
vt 0 0
vt 0 0
vt 0 0
vt 0 0
vt 0 0
vt 0 0
vt 0 0
vt 0 0
vt 0 0
vt 0 0
vt 0 0
vt 0 0
vt 0 0
vt 0 0
vt 0 0
vt 0 0
vt 0 0
vt 0 0
vt 0 0
vt 0 0
vt 0 0
vt 0 0
vt 0 0
vt 0 0
vt 0 0
vt 0 0
vt 0 0
vt 0 0
vt 0 0
vt 0 0
vt 0 0
vt 0 0
vt 0 0
vt 0 0
vt 0 0
vt 0 0
vt 0 0
vt 0 0
vt 0 0
vt 0 0
vt 0 0
vt 0 0
vt 0 0
vt 0 0
vt 0 0
vt 0 0
vt 0 0
vt 0 0
vt 0 0
vt 0 0
vt 0 0
vt 0 0
vt 0 0
vt 0 0
vt 0 0
vt 0 0
vt 0 0
vt 0 0
vt 0 0
vt 0 0
vt 0 0
vt 0 0
vt 0 0
vt 0 0
vt 0 0
vt 0 0
vt 0 0
vt 0 0
vt 0 0
vt 0 0
vt 0 0
vt 0 0
vt 0 0
vt 0 0
vt 0 0
vt 0 0
vt 0 0
vt 0 0
vt 0 0
vt 0 0
vt 0 0
vt 0 0
vt 0 0
vt 0 0
vt 0 0
vt 0 0
vt 0 0
vt 0 0
vt 0 0
vt 0 0
vt 0 0
vt 0 0
vt 0 0
vt 0 0
vt 0 0
vt 0 0
vt 0 0
vt 0 0
vt 0 0
vt 0 0
vt 0 0
vt 0 0
vt 0 0
vt 0 0
vt 0 0
vt 0 0
vt 0 0
vt 0 0
vt 0 0
vt 0 0
vt 0 0
vt 0 0
vt 0 0
vt 0 0
vt 0 0
vt 0 0
vt 0 0
vt 0 0
vt 0 0
vt 0 0
vt 0 0
vt 0 0
vt 0 0
vt 0 0
vt 0 0
vt 0 0
vt 0 0
vt 0 0
vt 0 0
vt 0 0
vt 0 0
vt 0 0
vt 0 0
vt 0 0
vt 0 0
vn 0 0 0
vn 0 0 0
vn 0 0 0
vn 0.121811196 -0.0140275564 -0.992454112
vn 0.121811196 -0.0140275564 -0.992454112
vn 0.121811196 -0.0140275564 -0.992454112
vn 0 0 0
vn 0 0 0
vn 0 0 0
vn 0.105721347 -0.00811304897 -0.994362712
vn 0.105721347 -0.00811304897 -0.994362712
vn 0.105721347 -0.00811304897 -0.994362712
vn 0 0 0
vn 0 0 0
vn 0 0 0
vn 0.0866239518 0.008061192 -0.996208489
vn 0.0866239518 0.008061192 -0.996208489
vn 0.0866239518 0.008061192 -0.996208489
vn 0 0 0
vn 0 0 0
vn 0 0 0
vn 0.0690143779 0.0386662409 -0.996866107
vn 0.0690143779 0.0386662409 -0.996866107
vn 0.0690143779 0.0386662409 -0.996866107
vn 0 0 0
vn 0 0 0
vn 0 0 0
vn 0.0612697266 0.0816854015 -0.994773149
vn 0.0612697266 0.0816854015 -0.994773149
vn 0.0612697266 0.0816854015 -0.994773149
vn 0 0 0
vn 0 0 0
vn 0 0 0
vn 0.0691210553 0.127645954 -0.989408374
vn 0.0691210553 0.127645954 -0.989408374
vn 0.0691210553 0.127645954 -0.989408374
vn 0 0 0
vn 0 0 0
vn 0 0 0
vn 0.0904333442 0.164502352 -0.982222378
vn 0.0904333442 0.164502352 -0.982222378
vn 0.0904333442 0.164502352 -0.982222378
vn 0 0 0
vn 0 0 0
vn 0 0 0
vn 0.11594741 0.185332775 -0.975811481
vn 0.11594741 0.185332775 -0.975811481
vn 0.11594741 0.185332775 -0.975811481
vn 0 0 0
vn 0 0 0
vn 0 0 0
vn 0.135032997 0.191736847 -0.972112656
vn 0.135032997 0.191736847 -0.972112656
vn 0.135032997 0.191736847 -0.972112656
vn 0 0 0
vn 0 0 0
vn 0 0 0
vn 0.145179808 0.191458985 -0.970704079
vn 0.145179808 0.191458985 -0.970704079
vn 0.145179808 0.191458985 -0.970704079
vn 0 0 0
vn 0 0 0
vn 0 0 0
vn 0.157694221 0.186648384 -0.969688058
vn 0.157694221 0.186648384 -0.969688058
vn 0.157694221 0.186648384 -0.969688058
vn 0 0 0
vn 0 0 0
vn 0 0 0
vn 0.176738128 0.170563042 -0.969366789
vn 0.176738128 0.170563042 -0.969366789
vn 0.176738128 0.170563042 -0.969366789
vn 0 0 0
vn 0 0 0
vn 0 0 0
vn 0.196197525 0.13759391 -0.970862746
vn 0.196197525 0.13759391 -0.970862746
vn 0.196197525 0.13759391 -0.970862746
vn 0 0 0
vn 0 0 0
vn 0 0 0
vn 0.205030262 0.09207578 -0.974415123
vn 0.205030262 0.09207578 -0.974415123
vn 0.205030262 0.09207578 -0.974415123
vn 0 0 0
vn 0 0 0
vn 0 0 0
vn 0.19802241 0.0472295247 -0.979058981
vn 0.19802241 0.0472295247 -0.979058981
vn 0.19802241 0.0472295247 -0.979058981
vn 0 0 0
vn 0 0 0
vn 0 0 0
vn 0.179152206 0.0131331859 -0.983733654
vn 0.179152206 0.0131331859 -0.983733654
vn 0.179152206 0.0131331859 -0.983733654
vn 0 0 0
vn 0 0 0
vn 0 0 0
vn 0.155928895 -0.00691278605 -0.987744093
vn 0.155928895 -0.00691278605 -0.987744093
vn 0.155928895 -0.00691278605 -0.987744093
vn 0 0 0
vn 0 0 0
vn 0 0 0
vn 0.136942282 -0.0139996801 -0.990480065
vn 0.136942282 -0.0139996801 -0.990480065
vn 0.136942282 -0.0139996801 -0.990480065
vn 0.0852472112 -0.239902437 -0.967046857
vn 0.0852472112 -0.239902437 -0.967046857
vn 0.0852472112 -0.239902437 -0.967046857
vn 0.0778778195 -0.242347226 -0.967058837
vn 0.0778778195 -0.242347226 -0.967058837
vn 0.0778778195 -0.242347226 -0.967058837
vn -0.00863444339 -0.213059485 -0.977001131
vn -0.00863444339 -0.213059485 -0.977001131
vn -0.00863444339 -0.213059485 -0.977001131
vn 0.00535017252 -0.213534757 -0.976920843
vn 0.00535017252 -0.213534757 -0.976920843
vn 0.00535017252 -0.213534757 -0.976920843
vn -0.0856623054 -0.139226407 -0.986548483
vn -0.0856623054 -0.139226407 -0.986548483
vn -0.0856623054 -0.139226407 -0.986548483
vn -0.0614782162 -0.149274126 -0.986882806
vn -0.0614782162 -0.149274126 -0.986882806
vn -0.0614782162 -0.149274126 -0.986882806
vn -0.129274875 -0.0329298936 -0.991061807
vn -0.129274875 -0.0329298936 -0.991061807
vn -0.129274875 -0.0329298936 -0.991061807
vn -0.109476142 -0.0515301265 -0.992652833
vn -0.109476142 -0.0515301265 -0.992652833
vn -0.109476142 -0.0515301265 -0.992652833
vn -0.132884741 0.0847141072 -0.987504482
vn -0.132884741 0.0847141072 -0.987504482
vn -0.132884741 0.0847141072 -0.987504482
vn -0.124701537 0.0681779534 -0.989849091
vn -0.124701537 0.0681779534 -0.989849091
vn -0.124701537 0.0681779534 -0.989849091
vn -0.100642055 0.193689004 -0.97588712
vn -0.100642055 0.193689004 -0.97588712
vn -0.100642055 0.193689004 -0.97588712
vn -0.100215405 0.18961145 -0.976731479
vn -0.100215405 0.18961145 -0.976731479
vn -0.100215405 0.18961145 -0.976731479
vn -0.0436095372 0.280961186 -0.958727837
vn -0.0436095372 0.280961186 -0.958727837
vn -0.0436095372 0.280961186 -0.958727837
vn -0.0412964448 0.289840758 -0.956183553
vn -0.0412964448 0.289840758 -0.956183553
vn -0.0412964448 0.289840758 -0.956183553
vn 0.0268001668 0.341338605 -0.939558268
vn 0.0268001668 0.341338605 -0.939558268
vn 0.0268001668 0.341338605 -0.939558268
vn 0.0343398713 0.351903111 -0.935406268
vn 0.0343398713 0.351903111 -0.935406268
vn 0.0343398713 0.351903111 -0.935406268
vn 0.101887614 0.371869534 -0.922676444
vn 0.101887614 0.371869534 -0.922676444
vn 0.101887614 0.371869534 -0.922676444
vn 0.0989285856 0.369892538 -0.923792601
vn 0.0989285856 0.369892538 -0.923792601
vn 0.0989285856 0.369892538 -0.923792601
vn 0.174129069 0.36603722 -0.914164007
vn 0.174129069 0.36603722 -0.914164007
vn 0.174129069 0.36603722 -0.914164007
vn 0.148075074 0.359583437 -0.921289086
vn 0.148075074 0.359583437 -0.921289086
vn 0.148075074 0.359583437 -0.921289086
vn 0.236597344 0.324852169 -0.915692508
vn 0.236597344 0.324852169 -0.915692508
vn 0.236597344 0.324852169 -0.915692508
vn 0.192982227 0.328720748 -0.924500108
vn 0.192982227 0.328720748 -0.924500108
vn 0.192982227 0.328720748 -0.924500108
vn 0.2795192 0.256502211 -0.925243616
vn 0.2795192 0.256502211 -0.925243616
vn 0.2795192 0.256502211 -0.925243616
vn 0.261151522 0.264702231 -0.928295553
vn 0.261151522 0.264702231 -0.928295553
vn 0.261151522 0.264702231 -0.928295553
vn 0.312508404 0.179264694 -0.932846546
vn 0.312508404 0.179264694 -0.932846546
vn 0.312508404 0.179264694 -0.932846546
vn 0.319027066 0.173116744 -0.931800663
vn 0.319027066 0.173116744 -0.931800663
vn 0.319027066 0.173116744 -0.931800663
vn 0.335597128 0.0913985223 -0.937561095
vn 0.335597128 0.0913985223 -0.937561095
vn 0.335597128 0.0913985223 -0.937561095
vn 0.343100607 0.0768602937 -0.936148703
vn 0.343100607 0.0768602937 -0.936148703
vn 0.343100607 0.0768602937 -0.936148703
vn 0.33175683 -0.00187658041 -0.94336307
vn 0.33175683 -0.00187658041 -0.94336307
vn 0.33175683 -0.00187658041 -0.94336307
vn 0.334216386 -0.0198332388 -0.942287624
vn 0.334216386 -0.0198332388 -0.942287624
vn 0.334216386 -0.0198332388 -0.942287624
vn 0.298553735 -0.0867820457 -0.950439095
vn 0.298553735 -0.0867820457 -0.950439095
vn 0.298553735 -0.0867820457 -0.950439095
vn 0.292349398 -0.1161348 -0.949233592
vn 0.292349398 -0.1161348 -0.949233592
vn 0.292349398 -0.1161348 -0.949233592
vn 0.24484472 -0.158754036 -0.956476986
vn 0.24484472 -0.158754036 -0.956476986
vn 0.24484472 -0.158754036 -0.956476986
vn 0.218929738 -0.200397491 -0.954940081
vn 0.218929738 -0.200397491 -0.954940081
vn 0.218929738 -0.200397491 -0.954940081
vn 0.175084129 -0.217881784 -0.960142255
vn 0.175084129 -0.217881784 -0.960142255
vn 0.175084129 -0.217881784 -0.960142255
vn 0.149521932 -0.238072231 -0.959669113
vn 0.149521932 -0.238072231 -0.959669113
vn 0.149521932 -0.238072231 -0.959669113
vn 0.0404175222 -0.470136285 -0.881667972
vn 0.0404175222 -0.470136285 -0.881667972
vn 0.0404175222 -0.470136285 -0.881667972
vn 0.0281260703 -0.476872563 -0.878522336
vn 0.0281260703 -0.476872563 -0.878522336
vn 0.0281260703 -0.476872563 -0.878522336
vn -0.1166761 -0.432434767 -0.894084394
vn -0.1166761 -0.432434767 -0.894084394
vn -0.1166761 -0.432434767 -0.894084394
vn -0.107689887 -0.430989295 -0.895907938
vn -0.107689887 -0.430989295 -0.895907938
vn -0.107689887 -0.430989295 -0.895907938
vn -0.255836606 -0.316818416 -0.913331151
vn -0.255836606 -0.316818416 -0.913331151
vn -0.255836606 -0.316818416 -0.913331151
vn -0.234022468 -0.321148247 -0.917658567
vn -0.234022468 -0.321148247 -0.917658567
vn -0.234022468 -0.321148247 -0.917658567
vn -0.3448309 -0.137801245 -0.928494811
vn -0.3448309 -0.137801245 -0.928494811
vn -0.3448309 -0.137801245 -0.928494811
vn -0.322933793 -0.151639506 -0.934194386
vn -0.322933793 -0.151639506 -0.934194386
vn -0.322933793 -0.151639506 -0.934194386
vn -0.360695064 0.0715581328 -0.92993468
vn -0.360695064 0.0715581328 -0.92993468
vn -0.360695064 0.0715581328 -0.92993468
vn -0.34733206 0.0534552075 -0.936217427
vn -0.34733206 0.0534552075 -0.936217427
vn -0.34733206 0.0534552075 -0.936217427
vn -0.30125767 0.268693298 -0.914903104
vn -0.30125767 0.268693298 -0.914903104
vn -0.30125767 0.268693298 -0.914903104
vn -0.297549427 0.255145013 -0.919981182
vn -0.297549427 0.255145013 -0.919981182
vn -0.297549427 0.255145013 -0.919981182
vn -0.187832102 0.418774337 -0.888452172
vn -0.187832102 0.418774337 -0.888452172
vn -0.187832102 0.418774337 -0.888452172
vn -0.188182041 0.415284961 -0.890014529
vn -0.188182041 0.415284961 -0.890014529
vn -0.188182041 0.415284961 -0.890014529
vn -0.0539061464 0.508298695 -0.859492004
vn -0.0539061464 0.508298695 -0.859492004
vn -0.0539061464 0.508298695 -0.859492004
vn -0.0507395118 0.51455462 -0.855955064
vn -0.0507395118 0.51455462 -0.855955064
vn -0.0507395118 0.51455462 -0.855955064
vn 0.0674958974 0.544989169 -0.83572191
vn 0.0674958974 0.544989169 -0.83572191
vn 0.0674958974 0.544989169 -0.83572191
vn 0.0597112887 0.537827075 -0.840938032
vn 0.0597112887 0.537827075 -0.840938032
vn 0.0597112887 0.537827075 -0.840938032
vn 0.177391604 0.530243397 -0.829080284
vn 0.177391604 0.530243397 -0.829080284
vn 0.177391604 0.530243397 -0.829080284
vn 0.136991665 0.512542367 -0.847663522
vn 0.136991665 0.512542367 -0.847663522
vn 0.136991665 0.512542367 -0.847663522
vn 0.270003498 0.462159276 -0.844693303
vn 0.270003498 0.462159276 -0.844693303
vn 0.270003498 0.462159276 -0.844693303
vn 0.246877939 0.46002388 -0.852894664
vn 0.246877939 0.46002388 -0.852894664
vn 0.246877939 0.46002388 -0.852894664
vn 0.372148454 0.357709974 -0.856474817
vn 0.372148454 0.357709974 -0.856474817
vn 0.372148454 0.357709974 -0.856474817
vn 0.401269943 0.350281894 -0.846336186
vn 0.401269943 0.350281894 -0.846336186
vn 0.401269943 0.350281894 -0.846336186
vn 0.473881632 0.229299977 -0.850210428
vn 0.473881632 0.229299977 -0.850210428
vn 0.473881632 0.229299977 -0.850210428
vn 0.500816584 0.211042017 -0.839430809
vn 0.500816584 0.211042017 -0.839430809
vn 0.500816584 0.211042017 -0.839430809
vn 0.528412402 0.0766682923 -0.845518947
vn 0.528412402 0.0766682923 -0.845518947
vn 0.528412402 0.0766682923 -0.845518947
vn 0.542796373 0.0571587868 -0.83791697
vn 0.542796373 0.0571587868 -0.83791697
vn 0.542796373 0.0571587868 -0.83791697
vn 0.52323842 -0.0885690898 -0.847571254
vn 0.52323842 -0.0885690898 -0.847571254
vn 0.52323842 -0.0885690898 -0.847571254
vn 0.52638799 -0.0987728089 -0.844487846
vn 0.52638799 -0.0987728089 -0.844487846
vn 0.52638799 -0.0987728089 -0.844487846
vn 0.449870646 -0.24758184 -0.858090758
vn 0.449870646 -0.24758184 -0.858090758
vn 0.449870646 -0.24758184 -0.858090758
vn 0.449949861 -0.245573506 -0.858626068
vn 0.449949861 -0.245573506 -0.858626068
vn 0.449949861 -0.245573506 -0.858626068
vn 0.316953033 -0.368327856 -0.873999596
vn 0.316953033 -0.368327856 -0.873999596
vn 0.316953033 -0.368327856 -0.873999596
vn 0.311371088 -0.381950051 -0.870150566
vn 0.311371088 -0.381950051 -0.870150566
vn 0.311371088 -0.381950051 -0.870150566
vn 0.185720116 -0.43413952 -0.881493568
vn 0.185720116 -0.43413952 -0.881493568
vn 0.185720116 -0.43413952 -0.881493568
vn 0.15831098 -0.464587122 -0.871261477
vn 0.15831098 -0.464587122 -0.871261477
vn 0.15831098 -0.464587122 -0.871261477
vn -0.00848346762 -0.69201833 -0.721830189
vn -0.00848346762 -0.69201833 -0.721830189
vn -0.00848346762 -0.69201833 -0.721830189
vn -0.0175417773 -0.697529793 -0.716341019
vn -0.0175417773 -0.697529793 -0.716341019
vn -0.0175417773 -0.697529793 -0.716341019
vn -0.225232333 -0.639946699 -0.734669089
vn -0.225232333 -0.639946699 -0.734669089
vn -0.225232333 -0.639946699 -0.734669089
vn -0.214356095 -0.637505949 -0.740025401
vn -0.214356095 -0.637505949 -0.740025401
vn -0.214356095 -0.637505949 -0.740025401
vn -0.425353944 -0.486203521 -0.76333487
vn -0.425353944 -0.486203521 -0.76333487
vn -0.425353944 -0.486203521 -0.76333487
vn -0.405628741 -0.488638759 -0.77246201
vn -0.405628741 -0.488638759 -0.77246201
vn -0.405628741 -0.488638759 -0.77246201
vn -0.564032614 -0.241009593 -0.789798498
vn -0.564032614 -0.241009593 -0.789798498
vn -0.564032614 -0.241009593 -0.789798498
vn -0.54352349 -0.251913905 -0.800700665
vn -0.54352349 -0.251913905 -0.800700665
vn -0.54352349 -0.251913905 -0.800700665
vn -0.597339511 0.0561148301 -0.8000229
vn -0.597339511 0.0561148301 -0.8000229
vn -0.597339511 0.0561148301 -0.8000229
vn -0.582099736 0.0381175578 -0.812223554
vn -0.582099736 0.0381175578 -0.812223554
vn -0.582099736 0.0381175578 -0.812223554
vn -0.512160122 0.339337826 -0.789013147
vn -0.512160122 0.339337826 -0.789013147
vn -0.512160122 0.339337826 -0.789013147
vn -0.505986273 0.320774585 -0.80067569
vn -0.505986273 0.320774585 -0.80067569
vn -0.505986273 0.320774585 -0.80067569
vn -0.340646625 0.550059497 -0.762492299
vn -0.340646625 0.550059497 -0.762492299
vn -0.340646625 0.550059497 -0.762492299
vn -0.340275049 0.556077957 -0.758281052
vn -0.340275049 0.556077957 -0.758281052
vn -0.340275049 0.556077957 -0.758281052
vn -0.143216476 0.678989887 -0.720042884
vn -0.143216476 0.678989887 -0.720042884
vn -0.143216476 0.678989887 -0.720042884
vn -0.13969177 0.686431408 -0.71365124
vn -0.13969177 0.686431408 -0.71365124
vn -0.13969177 0.686431408 -0.71365124
vn 0.0267124157 0.72295469 -0.690378845
vn 0.0267124157 0.72295469 -0.690378845
vn 0.0267124157 0.72295469 -0.690378845
vn 0.0150200436 0.711442292 -0.702583969
vn 0.0150200436 0.711442292 -0.702583969
vn 0.0150200436 0.711442292 -0.702583969
vn 0.170070589 0.701157033 -0.692426741
vn 0.170070589 0.701157033 -0.692426741
vn 0.170070589 0.701157033 -0.692426741
vn 0.127543688 0.679273546 -0.722717166
vn 0.127543688 0.679273546 -0.722717166
vn 0.127543688 0.679273546 -0.722717166
vn 0.33105123 0.605887234 -0.723398745
vn 0.33105123 0.605887234 -0.723398745
vn 0.33105123 0.605887234 -0.723398745
vn 0.323200405 0.604637682 -0.727979898
vn 0.323200405 0.604637682 -0.727979898
vn 0.323200405 0.604637682 -0.727979898
vn 0.515961111 0.446543634 -0.731014967
vn 0.515961111 0.446543634 -0.731014967
vn 0.515961111 0.446543634 -0.731014967
vn 0.524439692 0.444871157 -0.725984037
vn 0.524439692 0.444871157 -0.725984037
vn 0.524439692 0.444871157 -0.725984037
vn 0.634061694 0.259547383 -0.728423536
vn 0.634061694 0.259547383 -0.728423536
vn 0.634061694 0.259547383 -0.728423536
vn 0.663952172 0.241306141 -0.707770467
vn 0.663952172 0.241306141 -0.707770467
vn 0.663952172 0.241306141 -0.707770467
vn 0.700265825 0.0570390746 -0.711599827
vn 0.700265825 0.0570390746 -0.711599827
vn 0.700265825 0.0570390746 -0.711599827
vn 0.718338072 0.0346288793 -0.694831789
vn 0.718338072 0.0346288793 -0.694831789
vn 0.718338072 0.0346288793 -0.694831789
vn 0.692780793 -0.159488887 -0.70329088
vn 0.692780793 -0.159488887 -0.70329088
vn 0.692780793 -0.159488887 -0.70329088
vn 0.698187709 -0.174571887 -0.694304347
vn 0.698187709 -0.174571887 -0.694304347
vn 0.698187709 -0.174571887 -0.694304347
vn 0.600442529 -0.371470749 -0.708151281
vn 0.600442529 -0.371470749 -0.708151281
vn 0.600442529 -0.371470749 -0.708151281
vn 0.60049063 -0.375999033 -0.705716431
vn 0.60049063 -0.375999033 -0.705716431
vn 0.60049063 -0.375999033 -0.705716431
vn 0.412046701 -0.555106342 -0.722547114
vn 0.412046701 -0.555106342 -0.722547114
vn 0.412046701 -0.555106342 -0.722547114
vn 0.410004079 -0.560857892 -0.719260097
vn 0.410004079 -0.560857892 -0.719260097
vn 0.410004079 -0.560857892 -0.719260097
vn 0.192263767 -0.653120518 -0.732439876
vn 0.192263767 -0.653120518 -0.732439876
vn 0.192263767 -0.653120518 -0.732439876
vn 0.167886645 -0.682220221 -0.711610556
vn 0.167886645 -0.682220221 -0.711610556
vn 0.167886645 -0.682220221 -0.711610556
vn -0.0581416078 -0.912173212 -0.405659258
vn -0.0581416078 -0.912173212 -0.405659258
vn -0.0581416078 -0.912173212 -0.405659258
vn -0.0511899292 -0.909371495 -0.4128232
vn -0.0511899292 -0.909371495 -0.4128232
vn -0.0511899292 -0.909371495 -0.4128232
vn -0.333517045 -0.840126216 -0.427731693
vn -0.333517045 -0.840126216 -0.427731693
vn -0.333517045 -0.840126216 -0.427731693
vn -0.277160734 -0.833742201 -0.477551818
vn -0.277160734 -0.833742201 -0.477551818
vn -0.277160734 -0.833742201 -0.477551818
vn -0.581760049 -0.638079584 -0.504390299
vn -0.581760049 -0.638079584 -0.504390299
vn -0.581760049 -0.638079584 -0.504390299
vn -0.535912633 -0.646796405 -0.542634308
vn -0.535912633 -0.646796405 -0.542634308
vn -0.535912633 -0.646796405 -0.542634308
vn -0.755883276 -0.330755621 -0.565014422
vn -0.755883276 -0.330755621 -0.565014422
vn -0.755883276 -0.330755621 -0.565014422
vn -0.731487751 -0.345327944 -0.587940633
vn -0.731487751 -0.345327944 -0.587940633
vn -0.731487751 -0.345327944 -0.587940633
vn -0.804914236 0.0394870527 -0.592075884
vn -0.804914236 0.0394870527 -0.592075884
vn -0.804914236 0.0394870527 -0.592075884
vn -0.791707337 0.0221249107 -0.61049974
vn -0.791707337 0.0221249107 -0.61049974
vn -0.791707337 0.0221249107 -0.61049974
vn -0.70162946 0.39650026 -0.592033505
vn -0.70162946 0.39650026 -0.592033505
vn -0.70162946 0.39650026 -0.592033505
vn -0.699244976 0.387268007 -0.600899339
vn -0.699244976 0.387268007 -0.600899339
vn -0.699244976 0.387268007 -0.600899339
vn -0.47601828 0.67500329 -0.563717246
vn -0.47601828 0.67500329 -0.563717246
vn -0.47601828 0.67500329 -0.563717246
vn -0.475320637 0.679430544 -0.558967352
vn -0.475320637 0.679430544 -0.558967352
vn -0.475320637 0.679430544 -0.558967352
vn -0.218481898 0.824277163 -0.522334158
vn -0.218481898 0.824277163 -0.522334158
vn -0.218481898 0.824277163 -0.522334158
vn -0.21900712 0.823410511 -0.52347964
vn -0.21900712 0.823410511 -0.52347964
vn -0.21900712 0.823410511 -0.52347964
vn -0.0125687234 0.863947868 -0.503424346
vn -0.0125687234 0.863947868 -0.503424346
vn -0.0125687234 0.863947868 -0.503424346
vn -0.0299336519 0.849194288 -0.527231514
vn -0.0299336519 0.849194288 -0.527231514
vn -0.0299336519 0.849194288 -0.527231514
vn 0.15573895 0.839208663 -0.521031797
vn 0.15573895 0.839208663 -0.521031797
vn 0.15573895 0.839208663 -0.521031797
vn 0.127287477 0.825805187 -0.549403071
vn 0.127287477 0.825805187 -0.549403071
vn 0.127287477 0.825805187 -0.549403071
vn 0.39705193 0.732759833 -0.552641571
vn 0.39705193 0.732759833 -0.552641571
vn 0.39705193 0.732759833 -0.552641571
vn 0.392286479 0.732190669 -0.556783617
vn 0.392286479 0.732190669 -0.556783617
vn 0.392286479 0.732190669 -0.556783617
vn 0.632566571 0.535624087 -0.559433997
vn 0.632566571 0.535624087 -0.559433997
vn 0.632566571 0.535624087 -0.559433997
vn 0.631830454 0.535802305 -0.560094833
vn 0.631830454 0.535802305 -0.560094833
vn 0.631830454 0.535802305 -0.560094833
vn 0.778371155 0.28295058 -0.560426116
vn 0.778371155 0.28295058 -0.560426116
vn 0.778371155 0.28295058 -0.560426116
vn 0.795283377 0.271362841 -0.542113006
vn 0.795283377 0.271362841 -0.542113006
vn 0.795283377 0.271362841 -0.542113006
vn 0.838843107 0.0345687754 -0.543274581
vn 0.838843107 0.0345687754 -0.543274581
vn 0.838843107 0.0345687754 -0.543274581
vn 0.856051624 0.0104709221 -0.516784191
vn 0.856051624 0.0104709221 -0.516784191
vn 0.856051624 0.0104709221 -0.516784191
vn 0.823906302 -0.220679864 -0.52199477
vn 0.823906302 -0.220679864 -0.52199477
vn 0.823906302 -0.220679864 -0.52199477
vn 0.831246555 -0.246376082 -0.49832502
vn 0.831246555 -0.246376082 -0.49832502
vn 0.831246555 -0.246376082 -0.49832502
vn 0.718205452 -0.475370586 -0.508137465
vn 0.718205452 -0.475370586 -0.508137465
vn 0.718205452 -0.475370586 -0.508137465
vn 0.714010656 -0.5249964 -0.463214487
vn 0.714010656 -0.5249964 -0.463214487
vn 0.714010656 -0.5249964 -0.463214487
vn 0.503203511 -0.723737001 -0.472219169
vn 0.503203511 -0.723737001 -0.472219169
vn 0.503203511 -0.723737001 -0.472219169
vn 0.481973529 -0.764309287 -0.42840749
vn 0.481973529 -0.764309287 -0.42840749
vn 0.481973529 -0.764309287 -0.42840749
vn 0.201469645 -0.878202558 -0.433786154
vn 0.201469645 -0.878202558 -0.433786154
vn 0.201469645 -0.878202558 -0.433786154
vn 0.17566976 -0.899510086 -0.400027126
vn 0.17566976 -0.899510086 -0.400027126
vn 0.17566976 -0.899510086 -0.400027126
vn -0.0757578239 -0.996412933 -0.0377084501
vn -0.0757578239 -0.996412933 -0.0377084501
vn -0.0757578239 -0.996412933 -0.0377084501
vn -0.0731065869 -0.996472001 -0.0412186868
vn -0.0731065869 -0.996472001 -0.0412186868
vn -0.0731065869 -0.996472001 -0.0412186868
vn -0.351963311 -0.935033262 -0.0428325236
vn -0.351963311 -0.935033262 -0.0428325236
vn -0.351963311 -0.935033262 -0.0428325236
vn -0.291153759 -0.948786736 -0.122609831
vn -0.291153759 -0.948786736 -0.122609831
vn -0.291153759 -0.948786736 -0.122609831
vn -0.658164382 -0.741049707 -0.132909164
vn -0.658164382 -0.741049707 -0.132909164
vn -0.658164382 -0.741049707 -0.132909164
vn -0.586607516 -0.775843084 -0.232291311
vn -0.586607516 -0.775843084 -0.232291311
vn -0.586607516 -0.775843084 -0.232291311
vn -0.881939948 -0.399700493 -0.249842629
vn -0.881939948 -0.399700493 -0.249842629
vn -0.881939948 -0.399700493 -0.249842629
vn -0.848413408 -0.431535542 -0.306548387
vn -0.848413408 -0.431535542 -0.306548387
vn -0.848413408 -0.431535542 -0.306548387
vn -0.949333489 0.022376148 -0.313472867
vn -0.949333489 0.022376148 -0.313472867
vn -0.949333489 0.022376148 -0.313472867
vn -0.939086914 0.000493389554 -0.343679398
vn -0.939086914 0.000493389554 -0.343679398
vn -0.939086914 0.000493389554 -0.343679398
vn -0.834615231 0.438251883 -0.333695531
vn -0.834615231 0.438251883 -0.333695531
vn -0.834615231 0.438251883 -0.333695531
vn -0.834599555 0.437135935 -0.335195035
vn -0.834599555 0.437135935 -0.335195035
vn -0.834599555 0.437135935 -0.335195035
vn -0.570388138 0.760129213 -0.311224848
vn -0.570388138 0.760129213 -0.311224848
vn -0.570388138 0.760129213 -0.311224848
vn -0.570643961 0.759561419 -0.312140852
vn -0.570643961 0.759561419 -0.312140852
vn -0.570643961 0.759561419 -0.312140852
vn -0.274448693 0.917083085 -0.289199978
vn -0.274448693 0.917083085 -0.289199978
vn -0.274448693 0.917083085 -0.289199978
vn -0.280377269 0.911280215 -0.301590562
vn -0.280377269 0.911280215 -0.301590562
vn -0.280377269 0.911280215 -0.301590562
vn -0.0495687686 0.95579195 -0.289835781
vn -0.0495687686 0.95579195 -0.289835781
vn -0.0495687686 0.95579195 -0.289835781
vn -0.0728579834 0.942498505 -0.326172262
vn -0.0728579834 0.942498505 -0.326172262
vn -0.0728579834 0.942498505 -0.326172262
vn 0.146504745 0.934813261 -0.323512614
vn 0.146504745 0.934813261 -0.323512614
vn 0.146504745 0.934813261 -0.323512614
vn 0.129371077 0.929533839 -0.345296741
vn 0.129371077 0.929533839 -0.345296741
vn 0.129371077 0.929533839 -0.345296741
vn 0.4454678 0.824537039 -0.348851055
vn 0.4454678 0.824537039 -0.348851055
vn 0.4454678 0.824537039 -0.348851055
vn 0.442600131 0.824623883 -0.352279007
vn 0.442600131 0.824623883 -0.352279007
vn 0.442600131 0.824623883 -0.352279007
vn 0.713534415 0.604391098 -0.354372829
vn 0.713534415 0.604391098 -0.354372829
vn 0.713534415 0.604391098 -0.354372829
vn 0.71312201 0.604561806 -0.354911506
vn 0.71312201 0.604561806 -0.354911506
vn 0.71312201 0.604561806 -0.354911506
vn 0.884478331 0.303778321 -0.354142636
vn 0.884478331 0.303778321 -0.354142636
vn 0.884478331 0.303778321 -0.354142636
vn 0.888222635 0.300195009 -0.347769439
vn 0.888222635 0.300195009 -0.347769439
vn 0.888222635 0.300195009 -0.347769439
vn 0.937737226 0.0104591427 -0.347187907
vn 0.937737226 0.0104591427 -0.347187907
vn 0.937737226 0.0104591427 -0.347187907
vn 0.950578868 -0.0165106989 -0.310043961
vn 0.950578868 -0.0165106989 -0.310043961
vn 0.950578868 -0.0165106989 -0.310043961
vn 0.909498036 -0.275259286 -0.311521411
vn 0.909498036 -0.275259286 -0.311521411
vn 0.909498036 -0.275259286 -0.311521411
vn 0.912371993 -0.337993085 -0.2309504
vn 0.912371993 -0.337993085 -0.2309504
vn 0.912371993 -0.337993085 -0.2309504
vn 0.779467463 -0.581670225 -0.232573271
vn 0.779467463 -0.581670225 -0.232573271
vn 0.779467463 -0.581670225 -0.232573271
vn 0.753052711 -0.642025948 -0.143924698
vn 0.753052711 -0.642025948 -0.143924698
vn 0.753052711 -0.642025948 -0.143924698
vn 0.523543656 -0.839656651 -0.144495204
vn 0.523543656 -0.839656651 -0.144495204
vn 0.523543656 -0.839656651 -0.144495204
vn 0.486188769 -0.870407045 -0.0775372982
vn 0.486188769 -0.870407045 -0.0775372982
vn 0.486188769 -0.870407045 -0.0775372982
vn 0.188502803 -0.979005575 -0.0775557682
vn 0.188502803 -0.979005575 -0.0775557682
vn 0.188502803 -0.979005575 -0.0775557682
vn 0.160490096 -0.986331403 -0.0373269208
vn 0.160490096 -0.986331403 -0.0373269208
vn 0.160490096 -0.986331403 -0.0373269208
vn -0.0773463622 -0.974208653 0.211979032
vn -0.0773463622 -0.974208653 0.211979032
vn -0.0773463622 -0.974208653 0.211979032
vn -0.097307831 -0.965623558 0.241044387
vn -0.097307831 -0.965623558 0.241044387
vn -0.097307831 -0.965623558 0.241044387
vn -0.301894128 -0.920490563 0.248106942
vn -0.301894128 -0.920490563 0.248106942
vn -0.301894128 -0.920490563 0.248106942
vn -0.271385223 -0.942076743 0.197082222
vn -0.271385223 -0.942076743 0.197082222
vn -0.271385223 -0.942076743 0.197082222
vn -0.606438577 -0.765591145 0.214714512
vn -0.606438577 -0.765591145 0.214714512
vn -0.606438577 -0.765591145 0.214714512
vn -0.559013605 -0.821917355 0.109341733
vn -0.559013605 -0.821917355 0.109341733
vn -0.559013605 -0.821917355 0.109341733
vn -0.889940321 -0.439731151 0.121007688
vn -0.889940321 -0.439731151 0.121007688
vn -0.889940321 -0.439731151 0.121007688
vn -0.861613035 -0.507419646 0.0121762091
vn -0.861613035 -0.507419646 0.0121762091
vn -0.861613035 -0.507419646 0.0121762091
vn -0.999917924 0.000482855219 0.012800293
vn -0.999917924 0.000482855219 0.012800293
vn -0.999917924 0.000482855219 0.012800293
vn -0.998877168 -0.0313241519 -0.0355422758
vn -0.998877168 -0.0313241519 -0.0355422758
vn -0.998877168 -0.0313241519 -0.0355422758
vn -0.889519036 0.455578506 -0.0347013101
vn -0.889519036 0.455578506 -0.0347013101
vn -0.889519036 0.455578506 -0.0347013101
vn -0.890495956 0.453357667 -0.0385198928
vn -0.890495956 0.453357667 -0.0385198928
vn -0.890495956 0.453357667 -0.0385198928
vn -0.611636937 0.790332615 -0.0357015431
vn -0.611636937 0.790332615 -0.0357015431
vn -0.611636937 0.790332615 -0.0357015431
vn -0.615438461 0.786957145 -0.0439764261
vn -0.615438461 0.786957145 -0.0439764261
vn -0.615438461 0.786957145 -0.0439764261
vn -0.30650264 0.950996518 -0.0407647491
vn -0.30650264 0.950996518 -0.0407647491
vn -0.30650264 0.950996518 -0.0407647491
vn -0.320933014 0.944780707 -0.0662671179
vn -0.320933014 0.944780707 -0.0662671179
vn -0.320933014 0.944780707 -0.0662671179
vn -0.0827487111 0.994515836 -0.0639601499
vn -0.0827487111 0.994515836 -0.0639601499
vn -0.0827487111 0.994515836 -0.0639601499
vn -0.112074062 0.987539291 -0.110478714
vn -0.112074062 0.987539291 -0.110478714
vn -0.112074062 0.987539291 -0.110478714
vn 0.138970405 0.984157145 -0.110100336
vn 0.138970405 0.984157145 -0.110100336
vn 0.138970405 0.984157145 -0.110100336
vn 0.131299108 0.983868718 -0.121502377
vn 0.131299108 0.983868718 -0.121502377
vn 0.131299108 0.983868718 -0.121502377
vn 0.470778942 0.873625159 -0.123070784
vn 0.470778942 0.873625159 -0.123070784
vn 0.470778942 0.873625159 -0.123070784
vn 0.469603747 0.873998106 -0.124898992
vn 0.469603747 0.873998106 -0.124898992
vn 0.469603747 0.873998106 -0.124898992
vn 0.756901383 0.64132154 -0.125725821
vn 0.756901383 0.64132154 -0.125725821
vn 0.756901383 0.64132154 -0.125725821
vn 0.756754756 0.641439557 -0.126006261
vn 0.756754756 0.641439557 -0.126006261
vn 0.756754756 0.641439557 -0.126006261
vn 0.939469576 0.318778783 -0.125606805
vn 0.939469576 0.318778783 -0.125606805
vn 0.939469576 0.318778783 -0.125606805
vn 0.936605752 0.323696971 -0.134126008
vn 0.936605752 0.323696971 -0.134126008
vn 0.936605752 0.323696971 -0.134126008
vn 0.990929961 -0.0165010579 -0.133361802
vn 0.990929961 -0.0165010579 -0.133361802
vn 0.990929961 -0.0165010579 -0.133361802
vn 0.994506299 -0.0406904221 -0.0964446589
vn 0.994506299 -0.0406904221 -0.0964446589
vn 0.994506299 -0.0406904221 -0.0964446589
vn 0.933475971 -0.345623046 -0.0957453921
vn 0.933475971 -0.345623046 -0.0957453921
vn 0.933475971 -0.345623046 -0.0957453921
vn 0.917785048 -0.396843135 -0.0136456406
vn 0.917785048 -0.396843135 -0.0136456406
vn 0.917785048 -0.396843135 -0.0136456406
vn 0.761056602 -0.648544729 -0.0135099171
vn 0.761056602 -0.648544729 -0.0135099171
vn 0.761056602 -0.648544729 -0.0135099171
vn 0.713612974 -0.695047438 0.0875528231
vn 0.713612974 -0.695047438 0.0875528231
vn 0.713612974 -0.695047438 0.0875528231
vn 0.486293584 -0.869508326 0.0864509717
vn 0.486293584 -0.869508326 0.0864509717
vn 0.486293584 -0.869508326 0.0864509717
vn 0.435105234 -0.885231435 0.164465427
vn 0.435105234 -0.885231435 0.164465427
vn 0.435105234 -0.885231435 0.164465427
vn 0.159063533 -0.97378844 0.162587866
vn 0.159063533 -0.97378844 0.162587866
vn 0.159063533 -0.97378844 0.162587866
vn 0.124466613 -0.969537437 0.210962608
vn 0.124466613 -0.969537437 0.210962608
vn 0.124466613 -0.969537437 0.210962608
vn -0.0928784236 -0.921668887 0.37669614
vn -0.0928784236 -0.921668887 0.37669614
vn -0.0928784236 -0.921668887 0.37669614
vn -0.118313976 -0.902183056 0.414810181
vn -0.118313976 -0.902183056 0.414810181
vn -0.118313976 -0.902183056 0.414810181
vn -0.250917852 -0.871026993 0.422317743
vn -0.250917852 -0.871026993 0.422317743
vn -0.250917852 -0.871026993 0.422317743
vn -0.23725529 -0.887390792 0.395281523
vn -0.23725529 -0.887390792 0.395281523
vn -0.23725529 -0.887390792 0.395281523
vn -0.508477688 -0.747614443 0.427227348
vn -0.508477688 -0.747614443 0.427227348
vn -0.508477688 -0.747614443 0.427227348
vn -0.488034517 -0.79654026 0.35685575
vn -0.488034517 -0.79654026 0.35685575
vn -0.488034517 -0.79654026 0.35685575
vn -0.790246069 -0.465390325 0.398651481
vn -0.790246069 -0.465390325 0.398651481
vn -0.790246069 -0.465390325 0.398651481
vn -0.788183331 -0.531620502 0.310075521
vn -0.788183331 -0.531620502 0.310075521
vn -0.788183331 -0.531620502 0.310075521
vn -0.94240278 -0.0295531489 0.333172023
vn -0.94240278 -0.0295531489 0.333172023
vn -0.94240278 -0.0295531489 0.333172023
vn -0.958003163 -0.0677420273 0.278641194
vn -0.958003163 -0.0677420273 0.278641194
vn -0.958003163 -0.0677420273 0.278641194
vn -0.856796861 0.436201245 0.275004536
vn -0.856796861 0.436201245 0.275004536
vn -0.856796861 0.436201245 0.275004536
vn -0.870886922 0.423280716 0.249778837
vn -0.870886922 0.423280716 0.249778837
vn -0.870886922 0.423280716 0.249778837
vn -0.59904784 0.765998483 0.233212098
vn -0.59904784 0.765998483 0.233212098
vn -0.59904784 0.765998483 0.233212098
vn -0.610869467 0.761630297 0.216235369
vn -0.610869467 0.761630297 0.216235369
vn -0.610869467 0.761630297 0.216235369
vn -0.31499505 0.927300274 0.202218398
vn -0.31499505 0.927300274 0.202218398
vn -0.31499505 0.927300274 0.202218398
vn -0.341877818 0.925223827 0.164561495
vn -0.341877818 0.925223827 0.164561495
vn -0.341877818 0.925223827 0.164561495
vn -0.111309454 0.98080194 0.160118118
vn -0.111309454 0.98080194 0.160118118
vn -0.111309454 0.98080194 0.160118118
vn -0.144885466 0.983245313 0.110619299
vn -0.144885466 0.983245313 0.110619299
vn -0.144885466 0.983245313 0.110619299
vn 0.131464243 0.985106111 0.110828646
vn 0.131464243 0.985106111 0.110828646
vn 0.131464243 0.985106111 0.110828646
vn 0.130967394 0.985260904 0.110038824
vn 0.130967394 0.985260904 0.110038824
vn 0.130967394 0.985260904 0.110038824
vn 0.470358908 0.875403523 0.111495204
vn 0.470358908 0.875403523 0.111495204
vn 0.470358908 0.875403523 0.111495204
vn 0.467322618 0.877747118 0.105685875
vn 0.467322618 0.877747118 0.105685875
vn 0.467322618 0.877747118 0.105685875
vn 0.75849843 0.642917573 0.10647621
vn 0.75849843 0.642917573 0.10647621
vn 0.75849843 0.642917573 0.10647621
vn 0.746006608 0.662056029 0.0718046427
vn 0.746006608 0.662056029 0.0718046427
vn 0.746006608 0.662056029 0.0718046427
vn 0.942695141 0.325801522 0.0719671026
vn 0.942695141 0.325801522 0.0719671026
vn 0.942695141 0.325801522 0.0719671026
vn 0.936089218 0.35015434 0.0335994214
vn 0.936089218 0.35015434 0.0335994214
vn 0.936089218 0.35015434 0.0335994214
vn 0.998607039 -0.0408582129 0.0333829969
vn 0.998607039 -0.0408582129 0.0333829969
vn 0.998607039 -0.0408582129 0.0333829969
vn 0.995370626 -0.0652908459 0.0705291331
vn 0.995370626 -0.0652908459 0.0705291331
vn 0.995370626 -0.0652908459 0.0705291331
vn 0.915680945 -0.3959333 0.0690309182
vn 0.915680945 -0.3959333 0.0690309182
vn 0.915680945 -0.3959333 0.0690309182
vn 0.876384735 -0.451149434 0.168564796
vn 0.876384735 -0.451149434 0.168564796
vn 0.876384735 -0.451149434 0.168564796
vn 0.706699371 -0.688313663 0.163707569
vn 0.706699371 -0.688313663 0.163707569
vn 0.706699371 -0.688313663 0.163707569
vn 0.642422199 -0.71996963 0.262559414
vn 0.642422199 -0.71996963 0.262559414
vn 0.642422199 -0.71996963 0.262559414
vn 0.426463157 -0.867649019 0.255566686
vn 0.426463157 -0.867649019 0.255566686
vn 0.426463157 -0.867649019 0.255566686
vn 0.364329547 -0.868891537 0.335099012
vn 0.364329547 -0.868891537 0.335099012
vn 0.364329547 -0.868891537 0.335099012
vn 0.120281547 -0.936937809 0.32814613
vn 0.120281547 -0.936937809 0.32814613
vn 0.120281547 -0.936937809 0.32814613
vn 0.0824293569 -0.922520041 0.377044022
vn 0.0824293569 -0.922520041 0.377044022
vn 0.0824293569 -0.922520041 0.377044022
vn -0.11422608 -0.875739217 0.469076931
vn -0.11422608 -0.875739217 0.469076931
vn -0.11422608 -0.875739217 0.469076931
vn -0.141247332 -0.849506617 0.508318424
vn -0.141247332 -0.849506617 0.508318424
vn -0.141247332 -0.849506617 0.508318424
vn -0.214099512 -0.83126688 0.512988091
vn -0.214099512 -0.83126688 0.512988091
vn -0.214099512 -0.83126688 0.512988091
vn -0.2175657 -0.825584829 0.520648479
vn -0.2175657 -0.825584829 0.520648479
vn -0.2175657 -0.825584829 0.520648479
vn -0.421373338 -0.718329668 0.553576708
vn -0.421373338 -0.718329668 0.553576708
vn -0.421373338 -0.718329668 0.553576708
vn -0.413876474 -0.752372444 0.512485921
vn -0.413876474 -0.752372444 0.512485921
vn -0.413876474 -0.752372444 0.512485921
vn -0.671848059 -0.472234279 0.570626795
vn -0.671848059 -0.472234279 0.570626795
vn -0.671848059 -0.472234279 0.570626795
vn -0.681018353 -0.527808905 0.50757432
vn -0.681018353 -0.527808905 0.50757432
vn -0.681018353 -0.527808905 0.50757432
vn -0.831180811 -0.0635430887 0.552359164
vn -0.831180811 -0.0635430887 0.552359164
vn -0.831180811 -0.0635430887 0.552359164
vn -0.85754025 -0.102844104 0.504031658
vn -0.85754025 -0.102844104 0.504031658
vn -0.85754025 -0.102844104 0.504031658
vn -0.773479283 0.383022189 0.504998624
vn -0.773479283 0.383022189 0.504998624
vn -0.773479283 0.383022189 0.504998624
vn -0.793646634 0.370871037 0.482265115
vn -0.793646634 0.370871037 0.482265115
vn -0.793646634 0.370871037 0.482265115
vn -0.548078895 0.701186478 0.456012011
vn -0.548078895 0.701186478 0.456012011
vn -0.548078895 0.701186478 0.456012011
vn -0.572687089 0.697061837 0.431432724
vn -0.572687089 0.697061837 0.431432724
vn -0.572687089 0.697061837 0.431432724
vn -0.307151824 0.859192491 0.409201711
vn -0.307151824 0.859192491 0.409201711
vn -0.307151824 0.859192491 0.409201711
vn -0.348495603 0.863512635 0.364550054
vn -0.348495603 0.863512635 0.364550054
vn -0.348495603 0.863512635 0.364550054
vn -0.134507149 0.923935294 0.358121991
vn -0.134507149 0.923935294 0.358121991
vn -0.134507149 0.923935294 0.358121991
vn -0.171408951 0.934844077 0.310942799
vn -0.171408951 0.934844077 0.310942799
vn -0.171408951 0.934844077 0.310942799
vn 0.123162515 0.941663325 0.313210964
vn 0.123162515 0.941663325 0.313210964
vn 0.123162515 0.941663325 0.313210964
vn 0.109331861 0.950173199 0.291920364
vn 0.109331861 0.950173199 0.291920364
vn 0.109331861 0.950173199 0.291920364
vn 0.447439462 0.843630731 0.296791375
vn 0.447439462 0.843630731 0.296791375
vn 0.447439462 0.843630731 0.296791375
vn 0.427139819 0.867534697 0.254823864
vn 0.427139819 0.867534697 0.254823864
vn 0.427139819 0.867534697 0.254823864
vn 0.721561491 0.641964614 0.25928852
vn 0.721561491 0.641964614 0.25928852
vn 0.721561491 0.641964614 0.25928852
vn 0.709159791 0.671180964 0.215889633
vn 0.709159791 0.671180964 0.215889633
vn 0.709159791 0.671180964 0.215889633
vn 0.913793564 0.342219979 0.218785077
vn 0.913793564 0.342219979 0.218785077
vn 0.913793564 0.342219979 0.218785077
vn 0.914106846 0.334390342 0.229328871
vn 0.914106846 0.334390342 0.229328871
vn 0.914106846 0.334390342 0.229328871
vn 0.971815348 -0.0661003441 0.226286575
vn 0.971815348 -0.0661003441 0.226286575
vn 0.971815348 -0.0661003441 0.226286575
vn 0.958678603 -0.0961710215 0.267743289
vn 0.958678603 -0.0961710215 0.267743289
vn 0.958678603 -0.0961710215 0.267743289
vn 0.858062625 -0.444616199 0.25699231
vn 0.858062625 -0.444616199 0.25699231
vn 0.858062625 -0.444616199 0.25699231
vn 0.808131933 -0.48581332 0.333028793
vn 0.808131933 -0.48581332 0.333028793
vn 0.808131933 -0.48581332 0.333028793
vn 0.629851818 -0.708699048 0.317856103
vn 0.629851818 -0.708699048 0.317856103
vn 0.629851818 -0.708699048 0.317856103
vn 0.562520504 -0.726608455 0.394475371
vn 0.562520504 -0.726608455 0.394475371
vn 0.562520504 -0.726608455 0.394475371
vn 0.356512815 -0.853772104 0.379436016
vn 0.356512815 -0.853772104 0.379436016
vn 0.356512815 -0.853772104 0.379436016
vn 0.295738637 -0.846101582 0.443453163
vn 0.295738637 -0.846101582 0.443453163
vn 0.295738637 -0.846101582 0.443453163
vn 0.0791436657 -0.898742735 0.431274474
vn 0.0791436657 -0.898742735 0.431274474
vn 0.0791436657 -0.898742735 0.431274474
vn 0.0438712314 -0.880660176 0.471712768
vn 0.0438712314 -0.880660176 0.471712768
vn 0.0438712314 -0.880660176 0.471712768
vn -0.140732378 -0.846562982 0.513347328
vn -0.140732378 -0.846562982 0.513347328
vn -0.140732378 -0.846562982 0.513347328
vn -0.161711931 -0.825766087 0.540332973
vn -0.161711931 -0.825766087 0.540332973
vn -0.161711931 -0.825766087 0.540332973
vn -0.210926577 -0.812639296 0.543256283
vn -0.210926577 -0.812639296 0.543256283
vn -0.210926577 -0.812639296 0.543256283
vn -0.231291354 -0.775281131 0.587744415
vn -0.231291354 -0.775281131 0.587744415
vn -0.231291354 -0.775281131 0.587744415
vn -0.364379406 -0.702500761 0.611326694
vn -0.364379406 -0.702500761 0.611326694
vn -0.364379406 -0.702500761 0.611326694
vn -0.364615202 -0.700754464 0.613187432
vn -0.364615202 -0.700754464 0.613187432
vn -0.364615202 -0.700754464 0.613187432
vn -0.568212152 -0.475306749 0.671728015
vn -0.568212152 -0.475306749 0.671728015
vn -0.568212152 -0.475306749 0.671728015
vn -0.574710608 -0.500031769 0.647823989
vn -0.574710608 -0.500031769 0.647823989
vn -0.574710608 -0.500031769 0.647823989
vn -0.703309536 -0.0975929052 0.704153001
vn -0.703309536 -0.0975929052 0.704153001
vn -0.703309536 -0.0975929052 0.704153001
vn -0.735196829 -0.137980178 0.663661897
vn -0.735196829 -0.137980178 0.663661897
vn -0.735196829 -0.137980178 0.663661897
vn -0.665363789 0.320934922 0.674011707
vn -0.665363789 0.320934922 0.674011707
vn -0.665363789 0.320934922 0.674011707
vn -0.733757019 0.283746719 0.617323637
vn -0.733757019 0.283746719 0.617323637
vn -0.733757019 0.283746719 0.617323637
vn -0.498877734 0.631297708 0.593787968
vn -0.498877734 0.631297708 0.593787968
vn -0.498877734 0.631297708 0.593787968
vn -0.569624424 0.620584607 0.538890183
vn -0.569624424 0.620584607 0.538890183
vn -0.569624424 0.620584607 0.538890183
vn -0.310198575 0.796797454 0.518546581
vn -0.310198575 0.796797454 0.518546581
vn -0.310198575 0.796797454 0.518546581
vn -0.376682609 0.804185629 0.459777892
vn -0.376682609 0.804185629 0.459777892
vn -0.376682609 0.804185629 0.459777892
vn -0.160960719 0.875235081 0.456130683
vn -0.160960719 0.875235081 0.456130683
vn -0.160960719 0.875235081 0.456130683
vn -0.192908317 0.886230052 0.421168327
vn -0.192908317 0.886230052 0.421168327
vn -0.192908317 0.886230052 0.421168327
vn 0.0995298401 0.898710132 0.427099288
vn 0.0995298401 0.898710132 0.427099288
vn 0.0995298401 0.898710132 0.427099288
vn 0.0859959573 0.908628404 0.408655316
vn 0.0859959573 0.908628404 0.408655316
vn 0.0859959573 0.908628404 0.408655316
vn 0.396671742 0.817227721 0.418079495
vn 0.396671742 0.817227721 0.418079495
vn 0.396671742 0.817227721 0.418079495
vn 0.385532826 0.833298326 0.39620474
vn 0.385532826 0.833298326 0.39620474
vn 0.385532826 0.833298326 0.39620474
vn 0.659977257 0.632040203 0.406146884
vn 0.659977257 0.632040203 0.406146884
vn 0.659977257 0.632040203 0.406146884
vn 0.662605882 0.621327221 0.418217748
vn 0.662605882 0.621327221 0.418217748
vn 0.662605882 0.621327221 0.418217748
vn 0.85126245 0.311559469 0.422235668
vn 0.85126245 0.311559469 0.422235668
vn 0.85126245 0.311559469 0.422235668
vn 0.845311582 0.278497458 0.455946773
vn 0.845311582 0.278497458 0.455946773
vn 0.845311582 0.278497458 0.455946773
vn 0.890178502 -0.097775422 0.444996893
vn 0.890178502 -0.097775422 0.444996893
vn 0.890178502 -0.097775422 0.444996893
vn 0.869234383 -0.127440408 0.477692872
vn 0.869234383 -0.127440408 0.477692872
vn 0.869234383 -0.127440408 0.477692872
vn 0.75927037 -0.469100893 0.451057374
vn 0.75927037 -0.469100893 0.451057374
vn 0.75927037 -0.469100893 0.451057374
vn 0.723049164 -0.490728408 0.486195147
vn 0.723049164 -0.490728408 0.486195147
vn 0.723049164 -0.490728408 0.486195147
vn 0.539100528 -0.707046449 0.457663566
vn 0.539100528 -0.707046449 0.457663566
vn 0.539100528 -0.707046449 0.457663566
vn 0.486392766 -0.715863705 0.500960171
vn 0.486392766 -0.715863705 0.500960171
vn 0.486392766 -0.715863705 0.500960171
vn 0.286947489 -0.830480397 0.477455229
vn 0.286947489 -0.830480397 0.477455229
vn 0.286947489 -0.830480397 0.477455229
vn 0.243875921 -0.822955906 0.51309669
vn 0.243875921 -0.822955906 0.51309669
vn 0.243875921 -0.822955906 0.51309669
vn 0.0416401327 -0.867046118 0.496484846
vn 0.0416401327 -0.867046118 0.496484846
vn 0.0416401327 -0.867046118 0.496484846
vn 0.0187553857 -0.854922533 0.518416524
vn 0.0187553857 -0.854922533 0.518416524
vn 0.0187553857 -0.854922533 0.518416524
vn -0.159414634 -0.812518895 0.560713828
vn -0.159414634 -0.812518895 0.560713828
vn -0.159414634 -0.812518895 0.560713828
vn -0.165228456 -0.807324469 0.566503882
vn -0.165228456 -0.807324469 0.566503882
vn -0.165228456 -0.807324469 0.566503882
vn -0.237927526 -0.786369622 0.570099354
vn -0.237927526 -0.786369622 0.570099354
vn -0.237927526 -0.786369622 0.570099354
vn -0.271241754 -0.729672253 0.627699316
vn -0.271241754 -0.729672253 0.627699316
vn -0.271241754 -0.729672253 0.627699316
vn -0.346877158 -0.685372174 0.640266538
vn -0.346877158 -0.685372174 0.640266538
vn -0.346877158 -0.685372174 0.640266538
vn -0.353973985 -0.635095119 0.686554193
vn -0.353973985 -0.635095119 0.686554193
vn -0.353973985 -0.635095119 0.686554193
vn -0.497034132 -0.46780622 0.730831325
vn -0.497034132 -0.46780622 0.730831325
vn -0.497034132 -0.46780622 0.730831325
vn -0.492128611 -0.449880391 0.7452631
vn -0.492128611 -0.449880391 0.7452631
vn -0.492128611 -0.449880391 0.7452631
vn -0.588054657 -0.133793056 0.797678649
vn -0.588054657 -0.133793056 0.797678649
vn -0.588054657 -0.133793056 0.797678649
vn -0.613485217 -0.166466787 0.77196157
vn -0.613485217 -0.166466787 0.77196157
vn -0.613485217 -0.166466787 0.77196157
vn -0.563346386 0.221245378 0.79604727
vn -0.563346386 0.221245378 0.79604727
vn -0.563346386 0.221245378 0.79604727
vn -0.6444031 0.173918322 0.744645596
vn -0.6444031 0.173918322 0.744645596
vn -0.6444031 0.173918322 0.744645596
vn -0.441362083 0.512098253 0.736854732
vn -0.441362083 0.512098253 0.736854732
vn -0.441362083 0.512098253 0.736854732
vn -0.566433787 0.488296807 0.663866699
vn -0.566433787 0.488296807 0.663866699
vn -0.566433787 0.488296807 0.663866699
vn -0.309141129 0.690218389 0.65424037
vn -0.309141129 0.690218389 0.65424037
vn -0.309141129 0.690218389 0.65424037
vn -0.419267148 0.699476898 0.578746259
vn -0.419267148 0.699476898 0.578746259
vn -0.419267148 0.699476898 0.578746259
vn -0.177560002 0.793126106 0.582600772
vn -0.177560002 0.793126106 0.582600772
vn -0.177560002 0.793126106 0.582600772
vn -0.203290537 0.802649319 0.560737848
vn -0.203290537 0.802649319 0.560737848
vn -0.203290537 0.802649319 0.560737848
vn 0.0676495209 0.817889452 0.571384728
vn 0.0676495209 0.817889452 0.571384728
vn 0.0676495209 0.817889452 0.571384728
vn 0.0705271214 0.815494418 0.574451625
vn 0.0705271214 0.815494418 0.574451625
vn 0.0705271214 0.815494418 0.574451625
vn 0.328218848 0.74007231 0.586996973
vn 0.328218848 0.74007231 0.586996973
vn 0.328218848 0.74007231 0.586996973
vn 0.341900826 0.715273857 0.609497547
vn 0.341900826 0.715273857 0.609497547
vn 0.341900826 0.715273857 0.609497547
vn 0.566834927 0.543028474 0.619530678
vn 0.566834927 0.543028474 0.619530678
vn 0.566834927 0.543028474 0.619530678
vn 0.571458697 0.499916792 0.650782645
vn 0.571458697 0.499916792 0.650782645
vn 0.571458697 0.499916792 0.650782645
vn 0.723576903 0.233564064 0.649526238
vn 0.723576903 0.233564064 0.649526238
vn 0.723576903 0.233564064 0.649526238
vn 0.710697293 0.192020342 0.676784694
vn 0.710697293 0.192020342 0.676784694
vn 0.710697293 0.192020342 0.676784694
vn 0.743996263 -0.129345998 0.655544996
vn 0.743996263 -0.129345998 0.655544996
vn 0.743996263 -0.129345998 0.655544996
vn 0.724044323 -0.152883872 0.672596812
vn 0.724044323 -0.152883872 0.672596812
vn 0.724044323 -0.152883872 0.672596812
vn 0.625121653 -0.457821548 0.632156909
vn 0.625121653 -0.457821548 0.632156909
vn 0.625121653 -0.457821548 0.632156909
vn 0.614692211 -0.463348329 0.63832742
vn 0.614692211 -0.463348329 0.63832742
vn 0.614692211 -0.463348329 0.63832742
vn 0.434425741 -0.675033808 0.59632504
vn 0.434425741 -0.675033808 0.59632504
vn 0.434425741 -0.675033808 0.59632504
vn 0.414903224 -0.677882969 0.606901884
vn 0.414903224 -0.677882969 0.606901884
vn 0.414903224 -0.677882969 0.606901884
vn 0.22162734 -0.787130058 0.575593233
vn 0.22162734 -0.787130058 0.575593233
vn 0.22162734 -0.787130058 0.575593233
vn 0.206079692 -0.784603655 0.584746182
vn 0.206079692 -0.784603655 0.584746182
vn 0.206079692 -0.784603655 0.584746182
vn 0.0127842557 -0.825289726 0.564564884
vn 0.0127842557 -0.825289726 0.564564884
vn 0.0127842557 -0.825289726 0.564564884
vn 0.00806522276 -0.823017418 0.567958772
vn 0.00806522276 -0.823017418 0.567958772
vn 0.00806522276 -0.823017418 0.567958772
vn -0.154251799 -0.741427541 0.653063357
vn -0.154251799 -0.741427541 0.653063357
vn -0.154251799 -0.741427541 0.653063357
vn -0.156009823 -0.740059018 0.654196799
vn -0.156009823 -0.740059018 0.654196799
vn -0.156009823 -0.740059018 0.654196799
vn -0.257368386 -0.707726538 0.657939613
vn -0.257368386 -0.707726538 0.657939613
vn -0.257368386 -0.707726538 0.657939613
vn -0.290166885 -0.659486353 0.693455756
vn -0.290166885 -0.659486353 0.693455756
vn -0.290166885 -0.659486353 0.693455756
vn -0.342035025 -0.625787854 0.701000333
vn -0.342035025 -0.625787854 0.701000333
vn -0.342035025 -0.625787854 0.701000333
vn -0.362712413 -0.532995641 0.764431357
vn -0.362712413 -0.532995641 0.764431357
vn -0.362712413 -0.532995641 0.764431357
vn -0.441274524 -0.431189477 0.78698945
vn -0.441274524 -0.431189477 0.78698945
vn -0.441274524 -0.431189477 0.78698945
vn -0.432265222 -0.383878201 0.815955997
vn -0.432265222 -0.383878201 0.815955997
vn -0.432265222 -0.383878201 0.815955997
vn -0.494003177 -0.164858863 0.853687584
vn -0.494003177 -0.164858863 0.853687584
vn -0.494003177 -0.164858863 0.853687584
vn -0.505570889 -0.182733506 0.843212128
vn -0.505570889 -0.182733506 0.843212128
vn -0.505570889 -0.182733506 0.843212128
vn -0.471409649 0.111634478 0.874820411
vn -0.471409649 0.111634478 0.874820411
vn -0.471409649 0.111634478 0.874820411
vn -0.540517211 0.0613685623 0.839091837
vn -0.540517211 0.0613685623 0.839091837
vn -0.540517211 0.0613685623 0.839091837
vn -0.390379637 0.340684056 0.855300009
vn -0.390379637 0.340684056 0.855300009
vn -0.390379637 0.340684056 0.855300009
vn -0.506777287 0.30690524 0.80559653
vn -0.506777287 0.30690524 0.80559653
vn -0.506777287 0.30690524 0.80559653
vn -0.29982996 0.491498083 0.817637801
vn -0.29982996 0.491498083 0.817637801
vn -0.29982996 0.491498083 0.817637801
vn -0.388964415 0.495113701 0.776897073
vn -0.388964415 0.495113701 0.776897073
vn -0.388964415 0.495113701 0.776897073
vn -0.168384671 0.587422252 0.791569173
vn -0.168384671 0.587422252 0.791569173
vn -0.168384671 0.587422252 0.791569173
vn -0.185949743 0.594348311 0.782414675
vn -0.185949743 0.594348311 0.782414675
vn -0.185949743 0.594348311 0.782414675
vn 0.0301549211 0.604623139 0.795940697
vn 0.0301549211 0.604623139 0.795940697
vn 0.0301549211 0.604623139 0.795940697
vn 0.0384865217 0.59711659 0.801230669
vn 0.0384865217 0.59711659 0.801230669
vn 0.0384865217 0.59711659 0.801230669
vn 0.235046148 0.533938527 0.812196314
vn 0.235046148 0.533938527 0.812196314
vn 0.235046148 0.533938527 0.812196314
vn 0.250659406 0.503016174 0.827130377
vn 0.250659406 0.503016174 0.827130377
vn 0.250659406 0.503016174 0.827130377
vn 0.415017724 0.368984848 0.831631184
vn 0.415017724 0.368984848 0.831631184
vn 0.415017724 0.368984848 0.831631184
vn 0.419027478 0.324030668 0.848186314
vn 0.419027478 0.324030668 0.848186314
vn 0.419027478 0.324030668 0.848186314
vn 0.528061032 0.124993712 0.839957118
vn 0.528061032 0.124993712 0.839957118
vn 0.528061032 0.124993712 0.839957118
vn 0.516264558 0.0860446393 0.852095783
vn 0.516264558 0.0860446393 0.852095783
vn 0.516264558 0.0860446393 0.852095783
vn 0.542297184 -0.15418756 0.825917721
vn 0.542297184 -0.15418756 0.825917721
vn 0.542297184 -0.15418756 0.825917721
vn 0.528011262 -0.172019422 0.831632972
vn 0.528011262 -0.172019422 0.831632972
vn 0.528011262 -0.172019422 0.831632972
vn 0.457425475 -0.410114855 0.789029539
vn 0.457425475 -0.410114855 0.789029539
vn 0.457425475 -0.410114855 0.789029539
vn 0.460011244 -0.408604056 0.788309813
vn 0.460011244 -0.408604056 0.788309813
vn 0.460011244 -0.408604056 0.788309813
vn 0.308973044 -0.596948922 0.740397036
vn 0.308973044 -0.596948922 0.740397036
vn 0.308973044 -0.596948922 0.740397036
vn 0.33340168 -0.59215045 0.733622015
vn 0.33340168 -0.59215045 0.733622015
vn 0.33340168 -0.59215045 0.733622015
vn 0.151042789 -0.701283336 0.696697772
vn 0.151042789 -0.701283336 0.696697772
vn 0.151042789 -0.701283336 0.696697772
vn 0.17284067 -0.703531742 0.689325273
vn 0.17284067 -0.703531742 0.689325273
vn 0.17284067 -0.703531742 0.689325273
vn -0.00979632884 -0.745078087 0.666905284
vn -0.00979632884 -0.745078087 0.666905284
vn -0.00979632884 -0.745078087 0.666905284
vn 0.003459353 -0.750404239 0.660970151
vn 0.003459353 -0.750404239 0.660970151
vn 0.003459353 -0.750404239 0.660970151
vn -0.129872829 -0.581435859 0.803159654
vn -0.129872829 -0.581435859 0.803159654
vn -0.129872829 -0.581435859 0.803159654
vn -0.134488031 -0.578533232 0.804495096
vn -0.134488031 -0.578533232 0.804495096
vn -0.134488031 -0.578533232 0.804495096
vn -0.221520081 -0.548332155 0.806387484
vn -0.221520081 -0.548332155 0.806387484
vn -0.221520081 -0.548332155 0.806387484
vn -0.242116168 -0.523725092 0.816756904
vn -0.242116168 -0.523725092 0.816756904
vn -0.242116168 -0.523725092 0.816756904
vn -0.297842741 -0.482923836 0.823452592
vn -0.297842741 -0.482923836 0.823452592
vn -0.297842741 -0.482923836 0.823452592
vn -0.318205833 -0.427878529 0.845969915
vn -0.318205833 -0.427878529 0.845969915
vn -0.318205833 -0.427878529 0.845969915
vn -0.364878058 -0.361146271 0.858159244
vn -0.364878058 -0.361146271 0.858159244
vn -0.364878058 -0.361146271 0.858159244
vn -0.364027917 -0.312163025 0.877518117
vn -0.364027917 -0.312163025 0.877518117
vn -0.364027917 -0.312163025 0.877518117
vn -0.397090107 -0.183507487 0.899246573
vn -0.397090107 -0.183507487 0.899246573
vn -0.397090107 -0.183507487 0.899246573
vn -0.397524267 -0.184552327 0.898840845
vn -0.397524267 -0.184552327 0.898840845
vn -0.397524267 -0.184552327 0.898840845
vn -0.376078486 0.000969415647 0.926587343
vn -0.376078486 0.000969415647 0.926587343
vn -0.376078486 0.000969415647 0.926587343
vn -0.412143022 -0.0369309299 0.910370409
vn -0.412143022 -0.0369309299 0.910370409
vn -0.412143022 -0.0369309299 0.910370409
vn -0.317533404 0.146621719 0.936842859
vn -0.317533404 0.146621719 0.936842859
vn -0.317533404 0.146621719 0.936842859
vn -0.378790826 0.116890863 0.918070793
vn -0.378790826 0.116890863 0.918070793
vn -0.378790826 0.116890863 0.918070793
vn -0.244027108 0.240148515 0.939563513
vn -0.244027108 0.240148515 0.939563513
vn -0.244027108 0.240148515 0.939563513
vn -0.284646332 0.236203566 0.929077148
vn -0.284646332 0.236203566 0.929077148
vn -0.284646332 0.236203566 0.929077148
vn -0.134949505 0.296658963 0.945400536
vn -0.134949505 0.296658963 0.945400536
vn -0.134949505 0.296658963 0.945400536
vn -0.15166086 0.301116794 0.941449702
vn -0.15166086 0.301116794 0.941449702
vn -0.15166086 0.301116794 0.941449702
vn -0.0137208207 0.30461207 0.952377677
vn -0.0137208207 0.30461207 0.952377677
vn -0.0137208207 0.30461207 0.952377677
vn -0.00517827505 0.298517853 0.954389989
vn -0.00517827505 0.298517853 0.954389989
vn -0.00517827505 0.298517853 0.954389989
vn 0.109507777 0.258455783 0.959796071
vn 0.109507777 0.258455783 0.959796071
vn 0.109507777 0.258455783 0.959796071
vn 0.127833039 0.231095001 0.964496672
vn 0.127833039 0.231095001 0.964496672
vn 0.127833039 0.231095001 0.964496672
vn 0.217720971 0.15534468 0.963569283
vn 0.217720971 0.15534468 0.963569283
vn 0.217720971 0.15534468 0.963569283
vn 0.227166787 0.114331499 0.967121184
vn 0.227166787 0.114331499 0.967121184
vn 0.227166787 0.114331499 0.967121184
vn 0.288057595 0.00386901852 0.957605243
vn 0.288057595 0.00386901852 0.957605243
vn 0.288057595 0.00386901852 0.957605243
vn 0.283130169 -0.0307060592 0.958589792
vn 0.283130169 -0.0307060592 0.958589792
vn 0.283130169 -0.0307060592 0.958589792
vn 0.301964819 -0.171839237 0.937703848
vn 0.301964819 -0.171839237 0.937703848
vn 0.301964819 -0.171839237 0.937703848
vn 0.295071155 -0.184093878 0.937572598
vn 0.295071155 -0.184093878 0.937572598
vn 0.295071155 -0.184093878 0.937572598
vn 0.256703287 -0.338039368 0.905446112
vn 0.256703287 -0.338039368 0.905446112
vn 0.256703287 -0.338039368 0.905446112
vn 0.266521841 -0.329882085 0.905618012
vn 0.266521841 -0.329882085 0.905618012
vn 0.266521841 -0.329882085 0.905618012
vn 0.169431642 -0.465678483 0.868583024
vn 0.169431642 -0.465678483 0.868583024
vn 0.169431642 -0.465678483 0.868583024
vn 0.201159999 -0.454167724 0.867909133
vn 0.201159999 -0.454167724 0.867909133
vn 0.201159999 -0.454167724 0.867909133
vn 0.0676082969 -0.543716133 0.836541593
vn 0.0676082969 -0.543716133 0.836541593
vn 0.0676082969 -0.543716133 0.836541593
vn 0.104547992 -0.542576015 0.833475292
vn 0.104547992 -0.542576015 0.833475292
vn 0.104547992 -0.542576015 0.833475292
vn -0.0355284251 -0.579921126 0.81389755
vn -0.0355284251 -0.579921126 0.81389755
vn -0.0355284251 -0.579921126 0.81389755
vn -0.0119563509 -0.586359978 0.809962392
vn -0.0119563509 -0.586359978 0.809962392
vn -0.0119563509 -0.586359978 0.809962392
vn -0.0940505788 -0.33394587 0.937888324
vn -0.0940505788 -0.33394587 0.937888324
vn -0.0940505788 -0.33394587 0.937888324
vn 0 0.44721359 -0.89442718
vn 0 0.44721359 -0.89442718
vn 0 0.44721359 -0.89442718
vn -0.122284599 -0.323789328 0.9381935
vn -0.122284599 -0.323789328 0.9381935
vn -0.122284599 -0.323789328 0.9381935
vn 0.120385855 0.240771711 -0.963086843
vn 0.120385855 0.240771711 -0.963086843
vn 0.120385855 0.240771711 -0.963086843
vn -0.154330656 -0.298553228 0.941832304
vn -0.154330656 -0.298553228 0.941832304
vn -0.154330656 -0.298553228 0.941832304
vn -0.403603673 0.874474585 -0.269069105
vn -0.403603673 0.874474585 -0.269069105
vn -0.403603673 0.874474585 -0.269069105
vn -0.183986574 -0.252120644 0.950044274
vn -0.183986574 -0.252120644 0.950044274
vn -0.183986574 -0.252120644 0.950044274
vn 0.215665549 0.107832775 -0.970494986
vn 0.215665549 0.107832775 -0.970494986
vn 0.215665549 0.107832775 -0.970494986
vn -0.198166072 -0.187974453 0.961974978
vn -0.198166072 -0.187974453 0.961974978
vn -0.198166072 -0.187974453 0.961974978
vn 0.154376864 0 -0.988011956
vn 0.154376864 0 -0.988011956
vn 0.154376864 0 -0.988011956
vn -0.188423961 -0.120359093 0.974684596
vn -0.188423961 -0.120359093 0.974684596
vn -0.188423961 -0.120359093 0.974684596
vn 0.123796888 -0.0618984438 -0.990375102
vn 0.123796888 -0.0618984438 -0.990375102
vn 0.123796888 -0.0618984438 -0.990375102
vn -0.159300983 -0.0677571371 0.984902203
vn -0.159300983 -0.0677571371 0.984902203
vn -0.159300983 -0.0677571371 0.984902203
vn 0.0623707026 -0.0155926757 -0.997931242
vn 0.0623707026 -0.0155926757 -0.997931242
vn 0.0623707026 -0.0155926757 -0.997931242
vn -0.124792531 -0.0383634791 0.991440952
vn -0.124792531 -0.0383634791 0.991440952
vn -0.124792531 -0.0383634791 0.991440952
vn 0.00390610099 -0.00781220198 -0.999961853
vn 0.00390610099 -0.00781220198 -0.999961853
vn 0.00390610099 -0.00781220198 -0.999961853
vn -0.0918909833 -0.0263599567 0.995420098
vn -0.0918909833 -0.0263599567 0.995420098
vn -0.0918909833 -0.0263599567 0.995420098
vn 0 0.0264719483 -0.999649525
vn 0 0.0264719483 -0.999649525
vn 0 0.0264719483 -0.999649525
vn -0.0607353672 -0.0264230762 0.997804165
vn -0.0607353672 -0.0264230762 0.997804165
vn -0.0607353672 -0.0264230762 0.997804165
vn 0 0.0468235835 -0.998903155
vn 0 0.0468235835 -0.998903155
vn 0 0.0468235835 -0.998903155
vn -0.0276363697 -0.0385222249 0.998875499
vn -0.0276363697 -0.0385222249 0.998875499
vn -0.0276363697 -0.0385222249 0.998875499
vn 0 0.0374736637 -0.999297619
vn 0 0.0374736637 -0.999297619
vn 0 0.0374736637 -0.999297619
vn 0.00723326951 -0.0677074268 0.997679055
vn 0.00723326951 -0.0677074268 0.997679055
vn 0.00723326951 -0.0677074268 0.997679055
vn 0.0312309451 0.0156154726 -0.999390244
vn 0.0312309451 0.0156154726 -0.999390244
vn 0.0312309451 0.0156154726 -0.999390244
vn 0.0360572562 -0.117342122 0.992436767
vn 0.0360572562 -0.117342122 0.992436767
vn 0.0360572562 -0.117342122 0.992436767
vn -0.0124990242 0 -0.999921918
vn -0.0124990242 0 -0.999921918
vn -0.0124990242 0 -0.999921918
vn 0.0473087095 -0.182055756 0.982149422
vn 0.0473087095 -0.182055756 0.982149422
vn 0.0473087095 -0.182055756 0.982149422
vn -0.0778876692 0 -0.99696213
vn -0.0778876692 0 -0.99696213
vn -0.0778876692 0 -0.99696213
vn 0.034696158 -0.24724856 0.968330681
vn 0.034696158 -0.24724856 0.968330681
vn 0.034696158 -0.24724856 0.968330681
vn 0.451319456 0.854283273 -0.257896841
vn 0.451319456 0.854283273 -0.257896841
vn 0.451319456 0.854283273 -0.257896841
vn 0.0034181471 -0.29713887 0.954828143
vn 0.0034181471 -0.29713887 0.954828143
vn 0.0034181471 -0.29713887 0.954828143
vn -0.240771711 0.120385855 -0.963086843
vn -0.240771711 0.120385855 -0.963086843
vn -0.240771711 0.120385855 -0.963086843
vn -0.0330541618 -0.324726999 0.945230007
vn -0.0330541618 -0.324726999 0.945230007
vn -0.0330541618 -0.324726999 0.945230007
vn -0.118469775 0.296174437 -0.947758198
vn -0.118469775 0.296174437 -0.947758198
vn -0.118469775 0.296174437 -0.947758198
vn -0.0652077571 -0.3347193 0.940059006
vn -0.0652077571 -0.3347193 0.940059006
vn -0.0652077571 -0.3347193 0.940059006
vn 0 0.335433125 -0.942063928
vn 0 0.335433125 -0.942063928
vn 0 0.335433125 -0.942063928
g MSH_CIN_Asteroid_02_Submesh0
f 1/1/1 2/2/2 3/3/3
f 4/4/4 5/5/5 6/6/6
f 7/7/7 8/8/8 9/9/9
f 10/10/10 11/11/11 12/12/12
f 13/13/13 14/14/14 15/15/15
f 16/16/16 17/17/17 18/18/18
f 19/19/19 20/20/20 21/21/21
f 22/22/22 23/23/23 24/24/24
f 25/25/25 26/26/26 27/27/27
f 28/28/28 29/29/29 30/30/30
f 31/31/31 32/32/32 33/33/33
f 34/34/34 35/35/35 36/36/36
f 37/37/37 38/38/38 39/39/39
f 40/40/40 41/41/41 42/42/42
f 43/43/43 44/44/44 45/45/45
f 46/46/46 47/47/47 48/48/48
f 49/49/49 50/50/50 51/51/51
f 52/52/52 53/53/53 54/54/54
f 55/55/55 56/56/56 57/57/57
f 58/58/58 59/59/59 60/60/60
f 61/61/61 62/62/62 63/63/63
f 64/64/64 65/65/65 66/66/66
f 67/67/67 68/68/68 69/69/69
f 70/70/70 71/71/71 72/72/72
f 73/73/73 74/74/74 75/75/75
f 76/76/76 77/77/77 78/78/78
f 79/79/79 80/80/80 81/81/81
f 82/82/82 83/83/83 84/84/84
f 85/85/85 86/86/86 87/87/87
f 88/88/88 89/89/89 90/90/90
f 91/91/91 92/92/92 93/93/93
f 94/94/94 95/95/95 96/96/96
f 97/97/97 98/98/98 99/99/99
f 100/100/100 101/101/101 102/102/102
f 103/103/103 104/104/104 105/105/105
f 106/106/106 107/107/107 108/108/108
f 109/109/109 110/110/110 111/111/111
f 112/112/112 113/113/113 114/114/114
f 115/115/115 116/116/116 117/117/117
f 118/118/118 119/119/119 120/120/120
f 121/121/121 122/122/122 123/123/123
f 124/124/124 125/125/125 126/126/126
f 127/127/127 128/128/128 129/129/129
f 130/130/130 131/131/131 132/132/132
f 133/133/133 134/134/134 135/135/135
f 136/136/136 137/137/137 138/138/138
f 139/139/139 140/140/140 141/141/141
f 142/142/142 143/143/143 144/144/144
f 145/145/145 146/146/146 147/147/147
f 148/148/148 149/149/149 150/150/150
f 151/151/151 152/152/152 153/153/153
f 154/154/154 155/155/155 156/156/156
f 157/157/157 158/158/158 159/159/159
f 160/160/160 161/161/161 162/162/162
f 163/163/163 164/164/164 165/165/165
f 166/166/166 167/167/167 168/168/168
f 169/169/169 170/170/170 171/171/171
f 172/172/172 173/173/173 174/174/174
f 175/175/175 176/176/176 177/177/177
f 178/178/178 179/179/179 180/180/180
f 181/181/181 182/182/182 183/183/183
f 184/184/184 185/185/185 186/186/186
f 187/187/187 188/188/188 189/189/189
f 190/190/190 191/191/191 192/192/192
f 193/193/193 194/194/194 195/195/195
f 196/196/196 197/197/197 198/198/198
f 199/199/199 200/200/200 201/201/201
f 202/202/202 203/203/203 204/204/204
f 205/205/205 206/206/206 207/207/207
f 208/208/208 209/209/209 210/210/210
f 211/211/211 212/212/212 213/213/213
f 214/214/214 215/215/215 216/216/216
f 217/217/217 218/218/218 219/219/219
f 220/220/220 221/221/221 222/222/222
f 223/223/223 224/224/224 225/225/225
f 226/226/226 227/227/227 228/228/228
f 229/229/229 230/230/230 231/231/231
f 232/232/232 233/233/233 234/234/234
f 235/235/235 236/236/236 237/237/237
f 238/238/238 239/239/239 240/240/240
f 241/241/241 242/242/242 243/243/243
f 244/244/244 245/245/245 246/246/246
f 247/247/247 248/248/248 249/249/249
f 250/250/250 251/251/251 252/252/252
f 253/253/253 254/254/254 255/255/255
f 256/256/256 257/257/257 258/258/258
f 259/259/259 260/260/260 261/261/261
f 262/262/262 263/263/263 264/264/264
f 265/265/265 266/266/266 267/267/267
f 268/268/268 269/269/269 270/270/270
f 271/271/271 272/272/272 273/273/273
f 274/274/274 275/275/275 276/276/276
f 277/277/277 278/278/278 279/279/279
f 280/280/280 281/281/281 282/282/282
f 283/283/283 284/284/284 285/285/285
f 286/286/286 287/287/287 288/288/288
f 289/289/289 290/290/290 291/291/291
f 292/292/292 293/293/293 294/294/294
f 295/295/295 296/296/296 297/297/297
f 298/298/298 299/299/299 300/300/300
f 301/301/301 302/302/302 303/303/303
f 304/304/304 305/305/305 306/306/306
f 307/307/307 308/308/308 309/309/309
f 310/310/310 311/311/311 312/312/312
f 313/313/313 314/314/314 315/315/315
f 316/316/316 317/317/317 318/318/318
f 319/319/319 320/320/320 321/321/321
f 322/322/322 323/323/323 324/324/324
f 325/325/325 326/326/326 327/327/327
f 328/328/328 329/329/329 330/330/330
f 331/331/331 332/332/332 333/333/333
f 334/334/334 335/335/335 336/336/336
f 337/337/337 338/338/338 339/339/339
f 340/340/340 341/341/341 342/342/342
f 343/343/343 344/344/344 345/345/345
f 346/346/346 347/347/347 348/348/348
f 349/349/349 350/350/350 351/351/351
f 352/352/352 353/353/353 354/354/354
f 355/355/355 356/356/356 357/357/357
f 358/358/358 359/359/359 360/360/360
f 361/361/361 362/362/362 363/363/363
f 364/364/364 365/365/365 366/366/366
f 367/367/367 368/368/368 369/369/369
f 370/370/370 371/371/371 372/372/372
f 373/373/373 374/374/374 375/375/375
f 376/376/376 377/377/377 378/378/378
f 379/379/379 380/380/380 381/381/381
f 382/382/382 383/383/383 384/384/384
f 385/385/385 386/386/386 387/387/387
f 388/388/388 389/389/389 390/390/390
f 391/391/391 392/392/392 393/393/393
f 394/394/394 395/395/395 396/396/396
f 397/397/397 398/398/398 399/399/399
f 400/400/400 401/401/401 402/402/402
f 403/403/403 404/404/404 405/405/405
f 406/406/406 407/407/407 408/408/408
f 409/409/409 410/410/410 411/411/411
f 412/412/412 413/413/413 414/414/414
f 415/415/415 416/416/416 417/417/417
f 418/418/418 419/419/419 420/420/420
f 421/421/421 422/422/422 423/423/423
f 424/424/424 425/425/425 426/426/426
f 427/427/427 428/428/428 429/429/429
f 430/430/430 431/431/431 432/432/432
f 433/433/433 434/434/434 435/435/435
f 436/436/436 437/437/437 438/438/438
f 439/439/439 440/440/440 441/441/441
f 442/442/442 443/443/443 444/444/444
f 445/445/445 446/446/446 447/447/447
f 448/448/448 449/449/449 450/450/450
f 451/451/451 452/452/452 453/453/453
f 454/454/454 455/455/455 456/456/456
f 457/457/457 458/458/458 459/459/459
f 460/460/460 461/461/461 462/462/462
f 463/463/463 464/464/464 465/465/465
f 466/466/466 467/467/467 468/468/468
f 469/469/469 470/470/470 471/471/471
f 472/472/472 473/473/473 474/474/474
f 475/475/475 476/476/476 477/477/477
f 478/478/478 479/479/479 480/480/480
f 481/481/481 482/482/482 483/483/483
f 484/484/484 485/485/485 486/486/486
f 487/487/487 488/488/488 489/489/489
f 490/490/490 491/491/491 492/492/492
f 493/493/493 494/494/494 495/495/495
f 496/496/496 497/497/497 498/498/498
f 499/499/499 500/500/500 501/501/501
f 502/502/502 503/503/503 504/504/504
f 505/505/505 506/506/506 507/507/507
f 508/508/508 509/509/509 510/510/510
f 511/511/511 512/512/512 513/513/513
f 514/514/514 515/515/515 516/516/516
f 517/517/517 518/518/518 519/519/519
f 520/520/520 521/521/521 522/522/522
f 523/523/523 524/524/524 525/525/525
f 526/526/526 527/527/527 528/528/528
f 529/529/529 530/530/530 531/531/531
f 532/532/532 533/533/533 534/534/534
f 535/535/535 536/536/536 537/537/537
f 538/538/538 539/539/539 540/540/540
f 541/541/541 542/542/542 543/543/543
f 544/544/544 545/545/545 546/546/546
f 547/547/547 548/548/548 549/549/549
f 550/550/550 551/551/551 552/552/552
f 553/553/553 554/554/554 555/555/555
f 556/556/556 557/557/557 558/558/558
f 559/559/559 560/560/560 561/561/561
f 562/562/562 563/563/563 564/564/564
f 565/565/565 566/566/566 567/567/567
f 568/568/568 569/569/569 570/570/570
f 571/571/571 572/572/572 573/573/573
f 574/574/574 575/575/575 576/576/576
f 577/577/577 578/578/578 579/579/579
f 580/580/580 581/581/581 582/582/582
f 583/583/583 584/584/584 585/585/585
f 586/586/586 587/587/587 588/588/588
f 589/589/589 590/590/590 591/591/591
f 592/592/592 593/593/593 594/594/594
f 595/595/595 596/596/596 597/597/597
f 598/598/598 599/599/599 600/600/600
f 601/601/601 602/602/602 603/603/603
f 604/604/604 605/605/605 606/606/606
f 607/607/607 608/608/608 609/609/609
f 610/610/610 611/611/611 612/612/612
f 613/613/613 614/614/614 615/615/615
f 616/616/616 617/617/617 618/618/618
f 619/619/619 620/620/620 621/621/621
f 622/622/622 623/623/623 624/624/624
f 625/625/625 626/626/626 627/627/627
f 628/628/628 629/629/629 630/630/630
f 631/631/631 632/632/632 633/633/633
f 634/634/634 635/635/635 636/636/636
f 637/637/637 638/638/638 639/639/639
f 640/640/640 641/641/641 642/642/642
f 643/643/643 644/644/644 645/645/645
f 646/646/646 647/647/647 648/648/648
f 649/649/649 650/650/650 651/651/651
f 652/652/652 653/653/653 654/654/654
f 655/655/655 656/656/656 657/657/657
f 658/658/658 659/659/659 660/660/660
f 661/661/661 662/662/662 663/663/663
f 664/664/664 665/665/665 666/666/666
f 667/667/667 668/668/668 669/669/669
f 670/670/670 671/671/671 672/672/672
f 673/673/673 674/674/674 675/675/675
f 676/676/676 677/677/677 678/678/678
f 679/679/679 680/680/680 681/681/681
f 682/682/682 683/683/683 684/684/684
f 685/685/685 686/686/686 687/687/687
f 688/688/688 689/689/689 690/690/690
f 691/691/691 692/692/692 693/693/693
f 694/694/694 695/695/695 696/696/696
f 697/697/697 698/698/698 699/699/699
f 700/700/700 701/701/701 702/702/702
f 703/703/703 704/704/704 705/705/705
f 706/706/706 707/707/707 708/708/708
f 709/709/709 710/710/710 711/711/711
f 712/712/712 713/713/713 714/714/714
f 715/715/715 716/716/716 717/717/717
f 718/718/718 719/719/719 720/720/720
f 721/721/721 722/722/722 723/723/723
f 724/724/724 725/725/725 726/726/726
f 727/727/727 728/728/728 729/729/729
f 730/730/730 731/731/731 732/732/732
f 733/733/733 734/734/734 735/735/735
f 736/736/736 737/737/737 738/738/738
f 739/739/739 740/740/740 741/741/741
f 742/742/742 743/743/743 744/744/744
f 745/745/745 746/746/746 747/747/747
f 748/748/748 749/749/749 750/750/750
f 751/751/751 752/752/752 753/753/753
f 754/754/754 755/755/755 756/756/756
f 757/757/757 758/758/758 759/759/759
f 760/760/760 761/761/761 762/762/762
f 763/763/763 764/764/764 765/765/765
f 766/766/766 767/767/767 768/768/768
f 769/769/769 770/770/770 771/771/771
f 772/772/772 773/773/773 774/774/774
f 775/775/775 776/776/776 777/777/777
f 778/778/778 779/779/779 780/780/780
f 781/781/781 782/782/782 783/783/783
f 784/784/784 785/785/785 786/786/786
f 787/787/787 788/788/788 789/789/789
f 790/790/790 791/791/791 792/792/792
f 793/793/793 794/794/794 795/795/795
f 796/796/796 797/797/797 798/798/798
f 799/799/799 800/800/800 801/801/801
f 802/802/802 803/803/803 804/804/804
f 805/805/805 806/806/806 807/807/807
f 808/808/808 809/809/809 810/810/810
f 811/811/811 812/812/812 813/813/813
f 814/814/814 815/815/815 816/816/816
f 817/817/817 818/818/818 819/819/819
f 820/820/820 821/821/821 822/822/822
f 823/823/823 824/824/824 825/825/825
f 826/826/826 827/827/827 828/828/828
f 829/829/829 830/830/830 831/831/831
f 832/832/832 833/833/833 834/834/834
f 835/835/835 836/836/836 837/837/837
f 838/838/838 839/839/839 840/840/840
f 841/841/841 842/842/842 843/843/843
f 844/844/844 845/845/845 846/846/846
f 847/847/847 848/848/848 849/849/849
f 850/850/850 851/851/851 852/852/852
f 853/853/853 854/854/854 855/855/855
f 856/856/856 857/857/857 858/858/858
f 859/859/859 860/860/860 861/861/861
f 862/862/862 863/863/863 864/864/864
f 865/865/865 866/866/866 867/867/867
f 868/868/868 869/869/869 870/870/870
f 871/871/871 872/872/872 873/873/873
f 874/874/874 875/875/875 876/876/876
f 877/877/877 878/878/878 879/879/879
f 880/880/880 881/881/881 882/882/882
f 883/883/883 884/884/884 885/885/885
f 886/886/886 887/887/887 888/888/888
f 889/889/889 890/890/890 891/891/891
f 892/892/892 893/893/893 894/894/894
f 895/895/895 896/896/896 897/897/897
f 898/898/898 899/899/899 900/900/900
f 901/901/901 902/902/902 903/903/903
f 904/904/904 905/905/905 906/906/906
f 907/907/907 908/908/908 909/909/909
f 910/910/910 911/911/911 912/912/912
f 913/913/913 914/914/914 915/915/915
f 916/916/916 917/917/917 918/918/918
f 919/919/919 920/920/920 921/921/921
f 922/922/922 923/923/923 924/924/924
f 925/925/925 926/926/926 927/927/927
f 928/928/928 929/929/929 930/930/930
f 931/931/931 932/932/932 933/933/933
f 934/934/934 935/935/935 936/936/936
f 937/937/937 938/938/938 939/939/939
f 940/940/940 941/941/941 942/942/942
f 943/943/943 944/944/944 945/945/945
f 946/946/946 947/947/947 948/948/948
f 949/949/949 950/950/950 951/951/951
f 952/952/952 953/953/953 954/954/954
f 955/955/955 956/956/956 957/957/957
f 958/958/958 959/959/959 960/960/960
f 961/961/961 962/962/962 963/963/963
f 964/964/964 965/965/965 966/966/966
f 967/967/967 968/968/968 969/969/969
f 970/970/970 971/971/971 972/972/972
f 973/973/973 974/974/974 975/975/975
f 976/976/976 977/977/977 978/978/978
f 979/979/979 980/980/980 981/981/981
f 982/982/982 983/983/983 984/984/984
f 985/985/985 986/986/986 987/987/987
f 988/988/988 989/989/989 990/990/990
f 991/991/991 992/992/992 993/993/993
f 994/994/994 995/995/995 996/996/996
f 997/997/997 998/998/998 999/999/999
f 1000/1000/1000 1001/1001/1001 1002/1002/1002
f 1003/1003/1003 1004/1004/1004 1005/1005/1005
f 1006/1006/1006 1007/1007/1007 1008/1008/1008
f 1009/1009/1009 1010/1010/1010 1011/1011/1011
f 1012/1012/1012 1013/1013/1013 1014/1014/1014
f 1015/1015/1015 1016/1016/1016 1017/1017/1017
f 1018/1018/1018 1019/1019/1019 1020/1020/1020
f 1021/1021/1021 1022/1022/1022 1023/1023/1023
f 1024/1024/1024 1025/1025/1025 1026/1026/1026
f 1027/1027/1027 1028/1028/1028 1029/1029/1029
f 1030/1030/1030 1031/1031/1031 1032/1032/1032
f 1033/1033/1033 1034/1034/1034 1035/1035/1035
f 1036/1036/1036 1037/1037/1037 1038/1038/1038
f 1039/1039/1039 1040/1040/1040 1041/1041/1041
f 1042/1042/1042 1043/1043/1043 1044/1044/1044
f 1045/1045/1045 1046/1046/1046 1047/1047/1047
f 1048/1048/1048 1049/1049/1049 1050/1050/1050
f 1051/1051/1051 1052/1052/1052 1053/1053/1053
f 1054/1054/1054 1055/1055/1055 1056/1056/1056
f 1057/1057/1057 1058/1058/1058 1059/1059/1059
f 1060/1060/1060 1061/1061/1061 1062/1062/1062
f 1063/1063/1063 1064/1064/1064 1065/1065/1065
f 1066/1066/1066 1067/1067/1067 1068/1068/1068
f 1069/1069/1069 1070/1070/1070 1071/1071/1071
f 1072/1072/1072 1073/1073/1073 1074/1074/1074
f 1075/1075/1075 1076/1076/1076 1077/1077/1077
f 1078/1078/1078 1079/1079/1079 1080/1080/1080
f 1081/1081/1081 1082/1082/1082 1083/1083/1083
f 1084/1084/1084 1085/1085/1085 1086/1086/1086
f 1087/1087/1087 1088/1088/1088 1089/1089/1089
f 1090/1090/1090 1091/1091/1091 1092/1092/1092
f 1093/1093/1093 1094/1094/1094 1095/1095/1095
f 1096/1096/1096 1097/1097/1097 1098/1098/1098
f 1099/1099/1099 1100/1100/1100 1101/1101/1101
f 1102/1102/1102 1103/1103/1103 1104/1104/1104
f 1105/1105/1105 1106/1106/1106 1107/1107/1107
f 1108/1108/1108 1109/1109/1109 1110/1110/1110
f 1111/1111/1111 1112/1112/1112 1113/1113/1113
f 1114/1114/1114 1115/1115/1115 1116/1116/1116
f 1117/1117/1117 1118/1118/1118 1119/1119/1119
f 1120/1120/1120 1121/1121/1121 1122/1122/1122
f 1123/1123/1123 1124/1124/1124 1125/1125/1125
f 1126/1126/1126 1127/1127/1127 1128/1128/1128
f 1129/1129/1129 1130/1130/1130 1131/1131/1131
f 1132/1132/1132 1133/1133/1133 1134/1134/1134
f 1135/1135/1135 1136/1136/1136 1137/1137/1137
f 1138/1138/1138 1139/1139/1139 1140/1140/1140
f 1141/1141/1141 1142/1142/1142 1143/1143/1143
f 1144/1144/1144 1145/1145/1145 1146/1146/1146
f 1147/1147/1147 1148/1148/1148 1149/1149/1149
f 1150/1150/1150 1151/1151/1151 1152/1152/1152
f 1153/1153/1153 1154/1154/1154 1155/1155/1155
f 1156/1156/1156 1157/1157/1157 1158/1158/1158
f 1159/1159/1159 1160/1160/1160 1161/1161/1161
f 1162/1162/1162 1163/1163/1163 1164/1164/1164
f 1165/1165/1165 1166/1166/1166 1167/1167/1167
f 1168/1168/1168 1169/1169/1169 1170/1170/1170
f 1171/1171/1171 1172/1172/1172 1173/1173/1173
f 1174/1174/1174 1175/1175/1175 1176/1176/1176
f 1177/1177/1177 1178/1178/1178 1179/1179/1179
f 1180/1180/1180 1181/1181/1181 1182/1182/1182
f 1183/1183/1183 1184/1184/1184 1185/1185/1185
f 1186/1186/1186 1187/1187/1187 1188/1188/1188
f 1189/1189/1189 1190/1190/1190 1191/1191/1191
f 1192/1192/1192 1193/1193/1193 1194/1194/1194
f 1195/1195/1195 1196/1196/1196 1197/1197/1197
f 1198/1198/1198 1199/1199/1199 1200/1200/1200
f 1201/1201/1201 1202/1202/1202 1203/1203/1203
f 1204/1204/1204 1205/1205/1205 1206/1206/1206
f 1207/1207/1207 1208/1208/1208 1209/1209/1209
f 1210/1210/1210 1211/1211/1211 1212/1212/1212
f 1213/1213/1213 1214/1214/1214 1215/1215/1215
f 1216/1216/1216 1217/1217/1217 1218/1218/1218
f 1219/1219/1219 1220/1220/1220 1221/1221/1221
f 1222/1222/1222 1223/1223/1223 1224/1224/1224
f 1225/1225/1225 1226/1226/1226 1227/1227/1227
f 1228/1228/1228 1229/1229/1229 1230/1230/1230
f 1231/1231/1231 1232/1232/1232 1233/1233/1233
f 1234/1234/1234 1235/1235/1235 1236/1236/1236
f 1237/1237/1237 1238/1238/1238 1239/1239/1239
f 1240/1240/1240 1241/1241/1241 1242/1242/1242
f 1243/1243/1243 1244/1244/1244 1245/1245/1245
f 1246/1246/1246 1247/1247/1247 1248/1248/1248
f 1249/1249/1249 1250/1250/1250 1251/1251/1251
f 1252/1252/1252 1253/1253/1253 1254/1254/1254
f 1255/1255/1255 1256/1256/1256 1257/1257/1257
f 1258/1258/1258 1259/1259/1259 1260/1260/1260
f 1261/1261/1261 1262/1262/1262 1263/1263/1263
f 1264/1264/1264 1265/1265/1265 1266/1266/1266
f 1267/1267/1267 1268/1268/1268 1269/1269/1269
f 1270/1270/1270 1271/1271/1271 1272/1272/1272
f 1273/1273/1273 1274/1274/1274 1275/1275/1275
f 1276/1276/1276 1277/1277/1277 1278/1278/1278
f 1279/1279/1279 1280/1280/1280 1281/1281/1281
f 1282/1282/1282 1283/1283/1283 1284/1284/1284
f 1285/1285/1285 1286/1286/1286 1287/1287/1287
f 1288/1288/1288 1289/1289/1289 1290/1290/1290
f 1291/1291/1291 1292/1292/1292 1293/1293/1293
f 1294/1294/1294 1295/1295/1295 1296/1296/1296
f 1297/1297/1297 1298/1298/1298 1299/1299/1299
f 1300/1300/1300 1301/1301/1301 1302/1302/1302
f 1303/1303/1303 1304/1304/1304 1305/1305/1305
f 1306/1306/1306 1307/1307/1307 1308/1308/1308
f 1309/1309/1309 1310/1310/1310 1311/1311/1311
f 1312/1312/1312 1313/1313/1313 1314/1314/1314
f 1315/1315/1315 1316/1316/1316 1317/1317/1317
f 1318/1318/1318 1319/1319/1319 1320/1320/1320
f 1321/1321/1321 1322/1322/1322 1323/1323/1323
f 1324/1324/1324 1325/1325/1325 1326/1326/1326
f 1327/1327/1327 1328/1328/1328 1329/1329/1329
f 1330/1330/1330 1331/1331/1331 1332/1332/1332
f 1333/1333/1333 1334/1334/1334 1335/1335/1335
f 1336/1336/1336 1337/1337/1337 1338/1338/1338
f 1339/1339/1339 1340/1340/1340 1341/1341/1341
f 1342/1342/1342 1343/1343/1343 1344/1344/1344
f 1345/1345/1345 1346/1346/1346 1347/1347/1347
f 1348/1348/1348 1349/1349/1349 1350/1350/1350
f 1351/1351/1351 1352/1352/1352 1353/1353/1353
f 1354/1354/1354 1355/1355/1355 1356/1356/1356
f 1357/1357/1357 1358/1358/1358 1359/1359/1359
f 1360/1360/1360 1361/1361/1361 1362/1362/1362
f 1363/1363/1363 1364/1364/1364 1365/1365/1365
f 1366/1366/1366 1367/1367/1367 1368/1368/1368
f 1369/1369/1369 1370/1370/1370 1371/1371/1371
f 1372/1372/1372 1373/1373/1373 1374/1374/1374
f 1375/1375/1375 1376/1376/1376 1377/1377/1377
f 1378/1378/1378 1379/1379/1379 1380/1380/1380
f 1381/1381/1381 1382/1382/1382 1383/1383/1383
f 1384/1384/1384 1385/1385/1385 1386/1386/1386
f 1387/1387/1387 1388/1388/1388 1389/1389/1389
f 1390/1390/1390 1391/1391/1391 1392/1392/1392
f 1393/1393/1393 1394/1394/1394 1395/1395/1395
f 1396/1396/1396 1397/1397/1397 1398/1398/1398
f 1399/1399/1399 1400/1400/1400 1401/1401/1401
f 1402/1402/1402 1403/1403/1403 1404/1404/1404
f 1405/1405/1405 1406/1406/1406 1407/1407/1407
f 1408/1408/1408 1409/1409/1409 1410/1410/1410
f 1411/1411/1411 1412/1412/1412 1413/1413/1413
f 1414/1414/1414 1415/1415/1415 1416/1416/1416
f 1417/1417/1417 1418/1418/1418 1419/1419/1419
f 1420/1420/1420 1421/1421/1421 1422/1422/1422
f 1423/1423/1423 1424/1424/1424 1425/1425/1425
f 1426/1426/1426 1427/1427/1427 1428/1428/1428
f 1429/1429/1429 1430/1430/1430 1431/1431/1431
f 1432/1432/1432 1433/1433/1433 1434/1434/1434
f 1435/1435/1435 1436/1436/1436 1437/1437/1437
f 1438/1438/1438 1439/1439/1439 1440/1440/1440
f 1441/1441/1441 1442/1442/1442 1443/1443/1443
f 1444/1444/1444 1445/1445/1445 1446/1446/1446
f 1447/1447/1447 1448/1448/1448 1449/1449/1449
f 1450/1450/1450 1451/1451/1451 1452/1452/1452
f 1453/1453/1453 1454/1454/1454 1455/1455/1455
f 1456/1456/1456 1457/1457/1457 1458/1458/1458
f 1459/1459/1459 1460/1460/1460 1461/1461/1461
f 1462/1462/1462 1463/1463/1463 1464/1464/1464
f 1465/1465/1465 1466/1466/1466 1467/1467/1467
f 1468/1468/1468 1469/1469/1469 1470/1470/1470
f 1471/1471/1471 1472/1472/1472 1473/1473/1473
f 1474/1474/1474 1475/1475/1475 1476/1476/1476
f 1477/1477/1477 1478/1478/1478 1479/1479/1479
f 1480/1480/1480 1481/1481/1481 1482/1482/1482
f 1483/1483/1483 1484/1484/1484 1485/1485/1485
f 1486/1486/1486 1487/1487/1487 1488/1488/1488
f 1489/1489/1489 1490/1490/1490 1491/1491/1491
f 1492/1492/1492 1493/1493/1493 1494/1494/1494
f 1495/1495/1495 1496/1496/1496 1497/1497/1497
f 1498/1498/1498 1499/1499/1499 1500/1500/1500
f 1501/1501/1501 1502/1502/1502 1503/1503/1503
f 1504/1504/1504 1505/1505/1505 1506/1506/1506
f 1507/1507/1507 1508/1508/1508 1509/1509/1509
f 1510/1510/1510 1511/1511/1511 1512/1512/1512
