# Extracted losslessly from Unity Mesh asset: C:/Users/slicc/Documents/Changing My Life/Game/Assets/_Project/Art/Environment/StarterIsland/VerticalRockKit_Sculpted/Meshes/MESH_VRKS_Straight_A.asset
o MESH_VRKS_Straight_A
v -117.840898 114.455402 443.088388
v -124.778903 129.491198 406.455612
v -115.740395 68.7128007 429.163599
v -117.710805 117.402399 345.529699
v -124.077594 101.275599 383.765507
v -126.274002 160.009003 392.119098
v -74.2853999 -154.157901 252.457905
v -45.5837995 -202.715206 249.77119
v -53.9538026 -197.4576 264.488196
v -122.000003 4.35680002 358.061194
v -124.067497 58.6763024 376.580501
v -127.943206 21.0705996 357.216692
v 121.358001 335.953999 224.990702
v 77.8797984 345.452905 222.902799
v 60.3841007 342.879796 290.56859
v -88.8019025 -111.782503 265.6147
v -74.2853999 -154.157901 252.457905
v -81.2546015 -148.402703 304.631209
v -45.4988986 -216.230512 14.8511007
v -72.9263008 -141.164994 74.2864013
v -51.8737018 -133.005202 24.9523997
v -90.3082013 -38.9961988 454.812002
v -76.6933024 -82.5493991 417.596102
v -72.7604985 -98.6235976 519.403982
v 97.2262025 -75.1299024 483.118391
v 86.5386009 -23.9534006 532.291317
v 90.1768982 -76.7428994 536.4995
v -140.773106 161.4586 15.0606006
v -127.737796 172.288895 26.7053008
v -125.8407 171.142995 13.8742998
v -88.8078988 -148.821497 161.345696
v -87.0329022 -122.581196 158.428705
v -81.3799024 -154.226196 138.869596
v -8.29259977 -265.610194 230.531907
v -0.0796000008 -265.573692 276.514792
v -45.5837995 -202.715206 249.77119
v -128.592503 66.5727019 61.5154982
v -122.753096 -55.1981986 52.8231025
v -129.673696 -70.9855974 96.469599
v -122.732103 77.8394997 326.6922
v -120.970094 140.727699 312.668109
v -122.3436 81.1230004 294.25621
v 47.0885009 343.927789 299.949002
v 22.0247 314.700198 347.590899
v 56.3637972 340.904307 373.484302
v -123.778999 66.4229989 393.461895
v -124.778903 129.491198 406.455612
v -124.077594 101.275599 383.765507
v -6.24059997 285.300589 76.5366018
v -8.22380036 275.073195 16.5946007
v -16.8968007 309.789395 23.2910007
v -69.2403972 67.6796019 3.01949997
v -17.1154007 99.4175017 17.5413996
v -34.8282993 -40.2686 17.7807003
v 129.567397 161.869395 3.05179991
v 79.4275999 124.710405 5.60769998
v 97.7101028 199.168801 3.72669995
v -97.2240984 68.9496994 463.531017
v -107.303405 43.6131001 394.673491
v -91.2818015 -20.9732994 436.975813
v 97.6812005 -121.480405 373.243093
v 95.0217009 -47.1964002 339.415312
v 98.5665977 -26.6819 402.672815
v 96.0000992 -139.473701 305.7199
v 95.0217009 -47.1964002 339.415312
v -120.1213 131.2572 243.890905
v -118.929994 93.958199 275.536203
v -122.145295 140.786695 284.82511
v -35.7735991 -269.707108 173.021996
v -51.6264021 -213.654709 211.891794
v -66.5705979 -223.302889 169.410598
v -8.29259977 -265.610194 230.531907
v -45.5837995 -202.715206 249.77119
v -74.4650006 225.60339 360.860801
v -75.0437021 249.93329 330.306792
v -91.3994014 219.138193 336.597395
v -80.0127029 -112.6665 217.9775
v -73.1414974 -156.537604 209.627199
v -74.2853999 -154.157901 252.457905
v -91.3568974 -65.8710003 213.980007
v -91.5132999 -79.3824017 169.129896
v 101.928699 46.8344986 186.489904
v 93.3762014 52.1833003 165.172398
v 97.0409989 98.4744012 171.9877
v -123.308802 237.565494 155.751503
v -123.916304 179.275703 150.506604
v -120.339799 179.905999 244.685197
v 19.3212003 264.372802 367.495489
v -43.2707012 264.04779 375.346899
v -30.7410002 254.205203 454.552984
v 112.150002 -190.075302 2.18620002
v 139.747405 -176.609397 0
v 138.014996 -263.614297 5.18239997
v -12.8480002 249.848008 281.894994
v -49.3194014 255.270195 270.377588
v -55.7528973 251.374006 283.74939
v 15.6958997 -245.236897 413.999414
v -6.31970018 -196.176302 423.5991
v -23.3017996 -207.729602 341.624904
v -78.492099 290.760899 11.8988998
v -16.8968007 309.789395 23.2910007
v -8.22380036 275.073195 16.5946007
v 99.1861999 -313.697195 155.335295
v 88.3445978 -363.827205 135.028696
v 131.248605 -268.735504 142.169595
v 115.455902 -62.4741018 324.102211
v 114.629102 -139.754295 258.88381
v 127.135706 -48.9003003 251.860404
v 0.634799991 230.284095 217.837191
v 12.1123999 230.886102 207.922006
v -13.7116998 220.625806 143.874395
v 30.756101 233.334899 476.724815
v 71.3620007 244.447303 445.623589
v 42.9143995 262.042403 440.784788
v 109.3817 -267.403507 405.411005
v 121.931696 -267.456007 378.046894
v 127.137303 -219.284391 440.144205
v 72.6534009 -25.2912015 558.1707
v 46.8546003 -9.66859981 568.548584
v 38.3329988 -49.1084009 590.978003
v 93.9535022 228.625989 453.558111
v 121.1676 167.997396 430.668306
v 128.085101 234.776592 430.835676
v -106.0655 73.7098992 461.11722
v -114.680696 117.974901 453.035116
v -115.740395 68.7128007 429.163599
v -124.778903 129.491198 406.455612
v -121.084094 188.476598 410.711813
v -126.274002 160.009003 392.119098
v -121.084094 188.476598 410.711813
v -117.840898 114.455402 443.088388
v -114.523304 184.034503 441.785002
v -17.2059998 321.016598 133.169496
v -56.318301 290.307999 214.96501
v -44.6065992 273.717189 222.916508
v -45.3637004 60.0247025 563.537502
v -47.4723995 -21.9239995 593.663502
v -40.3297991 -3.81290019 601.153994
v -78.4550011 274.349189 277.316999
v -86.5345001 289.455199 265.425491
v -103.677499 266.842699 251.971507
v -13.7116998 220.625806 143.874395
v -1.18819997 273.782301 140.397096
v -44.6065992 273.717189 222.916508
v 53.8335979 82.4505985 541.539097
v 98.6739993 99.5458007 512.787819
v 52.3743987 135.764503 536.3626
v 33.6295009 193.089497 523.679495
v 17.1233997 138.449705 547.941303
v 98.6739993 99.5458007 512.787819
v 97.2280025 144.316304 503.976917
v 83.3904982 10.0606002 533.561802
v 53.8335979 82.4505985 541.539097
v -37.6204014 -114.884198 12.1124998
v -51.8737018 -133.005202 24.9523997
v -64.0187025 -84.5524013 20.1291993
v -107.393897 -6.73450008 376.38731
v -91.2818015 -20.9732994 436.975813
v -107.303405 43.6131001 394.673491
v 13.2135004 -23.8077 593.289185
v 46.8546003 -9.66859981 568.548584
v 6.79510012 -20.916 597.970104
v -117.229795 311.451697 78.7567019
v -116.691899 307.602692 141.795599
v -88.5330975 354.5784 138.360703
v 47.992 339.085698 282.847095
v -3.75100002 306.3236 254.630208
v 22.0247 314.700198 347.590899
v 127.135706 -48.9003003 251.860404
v 125.558996 -9.09340009 173.997295
v 116.986096 6.43030033 246.224499
v 129.376101 13.7342006 70.4804003
v 129.307699 -46.0132986 74.2928028
v 126.780796 -33.1656992 17.2454
v -141.908097 118.3429 65.7869995
v -139.644396 123.017097 17.2459006
v -142.590499 82.7848017 61.9109988
v -139.644396 123.017097 17.2459006
v -137.235403 89.1198993 20.2244997
v -142.590499 82.7848017 61.9109988
v -107.303405 43.6131001 394.673491
v -123.243201 46.0083008 389.507699
v -107.393897 -6.73450008 376.38731
v 125.500798 -284.483194 237.987709
v 117.035306 -286.370301 256.764197
v 114.753902 -273.551702 187.246895
v -58.0327988 -112.979102 575.730515
v -67.1081007 -115.177906 540.71002
v -34.5061004 -199.168003 515.307188
v 116.986096 6.43030033 246.224499
v 125.272095 50.6264985 170.832705
v 101.928699 46.8344986 186.489904
v -95.885098 181.874001 363.601208
v -83.3496988 233.622193 409.001923
v -74.4650006 225.60339 360.860801
v 95.0217009 -47.1964002 339.415312
v 109.585798 0.375599996 324.447703
v 100.617397 -3.61919999 334.402108
v 70.5398023 197.191596 8.60119984
v 84.4260991 272.049999 14.7208005
v 99.1581023 209.725595 9.44219977
v 32.2795004 118.918502 6.5252997
v 79.4275999 124.710405 5.60769998
v -124.067497 58.6763024 376.580501
v -122.000003 4.35680002 358.061194
v -123.243201 46.0083008 389.507699
v 5.0818 77.1875024 559.264517
v 13.6434004 88.3626997 570.873594
v -42.3554987 126.201797 550.4776
v -78.3116996 72.1306026 552.436399
v -45.3637004 60.0247025 563.537502
v -42.3554987 126.201797 550.4776
v 127.773404 -131.898999 375.165391
v 125.001502 -153.743804 295.462203
v 96.0000992 -139.473701 305.7199
v -106.526101 79.5534015 10.1535998
v -75.088799 146.677804 5.27000017
v -101.477599 -57.1053982 11.6207004
v -43.2707012 264.04779 375.346899
v -74.4650006 225.60339 360.860801
v -83.3496988 233.622193 409.001923
v 22.0247 314.700198 347.590899
v -3.75100002 306.3236 254.630208
v -5.18720001 263.2514 297.841096
v -137.311602 156.161499 84.5948994
v -143.125606 127.016795 73.7915993
v -141.425204 86.1736 135.682201
v -61.9382024 -95.2817023 573.961878
v -67.1081007 -115.177906 540.71002
v -58.0327988 -112.979102 575.730515
v -66.5705979 -223.302889 169.410598
v -38.0971014 -280.889893 130.638194
v -35.7735991 -269.707108 173.021996
v -64.2336011 -241.716695 125.316298
v -38.0971014 -280.889893 130.638194
v 23.4035999 -61.0827982 14.7523999
v 69.729197 -20.4628006 13.4352997
v 75.1363993 -77.5650024 14.4899994
v 119.2415 236.775804 226.184201
v 112.502205 137.995803 286.437297
v 113.260496 132.075596 213.080311
v 106.060898 -347.825599 9.17590037
v 113.0934 -241.563296 8.75279978
v 133.251905 -281.918001 3.76100019
v -130.692303 49.197799 129.6772
v -129.673696 -70.9855974 96.469599
v -132.914698 -42.1068013 146.656299
v -106.526101 79.5534015 10.1535998
v -117.649305 -36.8019998 7.57239982
v -122.618699 69.2272007 22.6427004
v -120.385504 244.738293 256.876206
v -120.339799 179.905999 244.685197
v -74.2570996 232.154608 281.719899
v -137.311602 156.161499 84.5948994
v -140.773106 161.4586 15.0606006
v -141.908097 118.3429 65.7869995
v 83.4931016 -166.949606 549.783993
v 62.0688975 -156.695795 554.508591
v 71.9224989 -172.913098 472.627878
v -116.791904 163.884604 353.0056
v -126.274002 160.009003 392.119098
v -121.084094 188.476598 410.711813
v -127.209198 61.1460984 218.488503
v -130.692303 49.197799 129.6772
v -132.914698 -42.1068013 146.656299
v -127.209198 61.1460984 218.488503
v -129.885805 -22.6701006 220.790195
v 32.2795004 118.918502 6.5252997
v 79.4275999 124.710405 5.60769998
v 66.6998029 23.4356001 15.2551994
v 113.260496 132.075596 213.080311
v 112.502205 137.995803 286.437297
v 92.1432018 104.966295 283.835506
v -123.535299 85.2419972 216.317105
v -121.796405 72.8182971 280.32639
v -120.1213 131.2572 243.890905
v 103.964901 309.00631 306.373
v 104.8509 230.227399 296.539593
v 119.2415 236.775804 226.184201
v 42.7670002 351.193094 64.8397028
v 77.1366 367.171001 69.2951024
v 71.4163005 352.883005 16.5484995
v -120.3385 78.4659028 341.130209
v -127.943206 21.0705996 357.216692
v -124.067497 58.6763024 376.580501
v 98.6739993 99.5458007 512.787819
v 83.3904982 10.0606002 533.561802
v 89.053899 18.7961996 472.570276
v -74.2570996 232.154608 281.719899
v -91.3994014 219.138193 336.597395
v -75.0437021 249.93329 330.306792
v -50.7524014 -153.172898 425.815487
v -48.5608995 -187.568104 445.763922
v -34.5061004 -199.168003 515.307188
v 101.615906 -342.386699 373.891592
v 100.150096 -357.624602 299.511695
v 111.137104 -312.784195 246.710396
v -88.2579029 -76.8377006 226.339602
v -88.8019025 -111.782503 265.6147
v -92.1675026 -60.8928025 287.094092
v -29.0580988 -59.1432989 609.293413
v 15.5947998 -77.4507999 603.566885
v 6.79510012 -20.916 597.970104
v -123.535299 85.2419972 216.317105
v -127.209198 61.1460984 218.488503
v -128.920698 -4.00220007 281.600308
v -112.469995 59.7249985 403.672981
v -106.0655 73.7098992 461.11722
v -115.740395 68.7128007 429.163599
v -108.8588 177.8216 453.025389
v -93.8544989 123.810005 481.243277
v -94.3886995 207.222795 471.616411
v 86.0150993 102.554405 215.042591
v 92.1432018 104.966295 283.835506
v 91.5710986 42.3078001 246.363902
v 86.0150993 102.554405 215.042591
v 101.928699 46.8344986 186.489904
v -91.7521 -86.4243984 339.596605
v -50.7524014 -153.172898 425.815487
v -76.6933024 -82.5493991 417.596102
v 108.772194 -354.760289 59.9520028
v 30.3355008 -359.59661 73.9301026
v 35.0012004 -357.997489 8.10189992
v -140.773106 161.4586 15.0606006
v -125.8407 171.142995 13.8742998
v -124.532199 128.230906 15.2824998
v -37.6204014 -114.884198 12.1124998
v 4.62910011 -143.710995 17.0158997
v -42.9603994 -150.483596 10.2430999
v -23.3017996 -207.729602 341.624904
v -91.7521 -86.4243984 339.596605
v -81.2546015 -148.402703 304.631209
v -91.2818015 -20.9732994 436.975813
v -100.884795 77.1335006 480.283213
v -97.2240984 68.9496994 463.531017
v -122.424603 238.390493 150.029302
v -125.2056 240.270495 69.9437976
v -124.097896 166.578603 85.3516996
v 129.457104 -268.73641 313.236499
v 133.0634 -268.823695 256.1239
v 127.285004 -216.00461 259.57849
v 77.1366 367.171001 69.2951024
v 121.338403 340.824103 67.8768992
v 117.855597 348.783588 8.12069997
v -112.469995 59.7249985 403.672981
v -115.740395 68.7128007 429.163599
v -120.377803 53.7238002 396.522093
v 96.6454983 -283.819795 412.017822
v 59.831202 -244.479704 443.698692
v 62.866801 -291.377807 369.079995
v 31.8242013 -187.1876 452.635908
v -1.48 -192.203701 513.649321
v -6.70500025 -182.7492 434.813976
v -134.006 120.462704 227.633095
v -132.0768 156.4623 233.938694
v -133.959103 159.174705 149.446595
v 31.8242013 -187.1876 452.635908
v 59.831202 -244.479704 443.698692
v 79.3896973 -231.100392 455.839205
v 140.0967 238.167 145.539701
v 138.355303 222.427201 131.730294
v 121.338403 340.824103 67.8768992
v 62.0688975 -156.695795 554.508591
v 83.4931016 -166.949606 549.783993
v 87.2473001 -83.1854999 557.502699
v 112.258303 154.565001 457.303476
v 139.245701 124.006295 428.774595
v 121.1676 167.997396 430.668306
v 101.928699 46.8344986 186.489904
v 97.0409989 98.4744012 171.9877
v 86.0150993 102.554405 215.042591
v -111.386395 139.658701 4.62770015
v -124.532199 128.230906 15.2824998
v -125.8407 171.142995 13.8742998
v 93.9535022 228.625989 453.558111
v 89.6504998 208.505297 473.40641
v 112.258303 154.565001 457.303476
v 35.4045987 339.070702 74.7196019
v 77.1366 367.171001 69.2951024
v 42.7670002 351.193094 64.8397028
v -122.424603 238.390493 150.029302
v -123.308802 237.565494 155.751503
v -120.385504 244.738293 256.876206
v -78.492099 290.760899 11.8988998
v -12.8931999 222.839093 11.4090003
v -81.1237991 211.554694 7.55269974
v -88.8078988 -148.821497 161.345696
v -83.0101013 -171.286404 163.071799
v -83.8747978 -127.939796 176.3767
v -72.9263008 -141.164994 74.2864013
v -81.2077999 -144.490695 119.275606
v -89.9532974 -107.193601 115.306306
v -143.125606 127.016795 73.7915993
v -142.590499 82.7848017 61.9109988
v -140.538204 79.9022019 105.580902
v 97.0409989 98.4744012 171.9877
v 130.779898 102.604401 150.135505
v 131.381905 112.915301 158.953905
v 88.3445978 -363.827205 135.028696
v 96.3222027 -361.336994 183.328497
v 48.526299 -374.324894 180.750406
v -116.791904 163.884604 353.0056
v -95.885098 181.874001 363.601208
v -91.3994014 219.138193 336.597395
v 19.3212003 264.372802 367.495489
v -5.18720001 263.2514 297.841096
v -61.3254011 259.810805 349.152899
v -124.077594 101.275599 383.765507
v -117.710805 117.402399 345.529699
v -120.3385 78.4659028 341.130209
v 95.0217009 -47.1964002 339.415312
v 100.617397 -3.61919999 334.402108
v 106.332803 22.5756004 337.730598
v 97.0409989 98.4744012 171.9877
v 113.260496 132.075596 213.080311
v 86.0150993 102.554405 215.042591
v -122.145295 140.786695 284.82511
v -120.339799 179.905999 244.685197
v -120.1213 131.2572 243.890905
v 79.4275999 124.710405 5.60769998
v 129.567397 161.869395 3.05179991
v 121.505594 28.7984014 20.3069001
v 117.035306 -286.370301 256.764197
v 128.044403 -280.097294 306.221199
v 116.056097 -289.835691 307.571292
v -2.39899997 -183.303797 555.151796
v -1.48 -192.203701 513.649321
v 32.6698989 -170.158505 545.843601
v -89.9532974 -107.193601 115.306306
v -87.0329022 -122.581196 158.428705
v -91.5132999 -79.3824017 169.129896
v 80.0442994 211.642599 482.94282
v 83.9716017 185.480297 501.820183
v 85.9762013 211.506295 489.732313
v 100.150096 -357.624602 299.511695
v 101.615906 -342.386699 373.891592
v 64.4931018 -346.4571 367.131901
v -20.0856 -116.401196 598.541212
v -58.0327988 -112.979102 575.730515
v -23.4217003 -174.719799 574.413586
v -117.649305 -36.8019998 7.57239982
v -122.753096 -55.1981986 52.8231025
v -128.592503 66.5727019 61.5154982
v -117.649305 -36.8019998 7.57239982
v -122.618699 69.2272007 22.6427004
v 99.1861999 -313.697195 155.335295
v 131.248605 -268.735504 142.169595
v 105.761802 -289.978695 154.802501
v -91.5132999 -79.3824017 169.129896
v -98.2391 -84.9170029 162.708902
v -108.240199 -109.233904 107.324302
v -42.2580987 -327.252007 123.142898
v -38.0971014 -280.889893 130.638194
v -45.5944002 -301.386404 117.851996
v -17.1154007 99.4175017 17.5413996
v 18.5792997 108.640695 10.1265997
v 18.2882994 11.2746 15.3171003
v 55.0813019 335.620499 425.029612
v 22.0247 314.700198 347.590899
v 19.3212003 264.372802 367.495489
v -29.0515989 -200.278401 357.196093
v -6.70500025 -182.7492 434.813976
v -48.5608995 -187.568104 445.763922
v 39.2551988 257.575703 138.529396
v 11.8515 295.66679 197.297299
v 48.6737996 346.939707 141.938901
v 62.866801 -291.377807 369.079995
v 59.831202 -244.479704 443.698692
v 15.6958997 -245.236897 413.999414
v 62.0688975 -156.695795 554.508591
v 39.0271008 -97.3975003 589.646101
v 32.6698989 -170.158505 545.843601
v -12.8931999 222.839093 11.4090003
v 20.2489004 223.441601 16.0156995
v 21.8199998 178.874505 16.3314998
v -64.2336011 -241.716695 125.316298
v -66.5705979 -223.302889 169.410598
v -83.0101013 -171.286404 163.071799
v 42.9143995 262.042403 440.784788
v -30.7410002 254.205203 454.552984
v 30.756101 233.334899 476.724815
v -45.4988986 -216.230512 14.8511007
v -42.0379996 -170.899498 4.90109995
v -36.7716998 -245.393205 5.1665999
v -106.526101 79.5534015 10.1535998
v -111.386395 139.658701 4.62770015
v -84.4843984 159.523702 1.7577
v -99.921 -92.0579016 55.8990002
v -76.3031006 -110.405099 65.5539989
v -89.9532974 -107.193601 115.306306
v 96.6454983 -283.819795 412.017822
v 112.787497 -310.331011 373.953795
v 111.120403 -288.452196 380.067301
v -103.677499 266.842699 251.971507
v -86.5345001 289.455199 265.425491
v -88.5330975 354.5784 138.360703
v 11.8515 295.66679 197.297299
v 39.2551988 257.575703 138.529396
v 12.1123999 230.886102 207.922006
v 125.558996 -9.09340009 173.997295
v 125.272095 50.6264985 170.832705
v 116.986096 6.43030033 246.224499
v -20.0856 -116.401196 598.541212
v -34.9397004 -75.4473984 605.957317
v -42.5121009 -110.263598 583.284807
v -91.5132999 -79.3824017 169.129896
v -112.410605 -50.0068009 214.290595
v -98.2391 -84.9170029 162.708902
v 85.9762013 211.506295 489.732313
v 83.9716017 185.480297 501.820183
v 97.2280025 144.316304 503.976917
v -42.9603994 -150.483596 10.2430999
v -45.4988986 -216.230512 14.8511007
v -51.8737018 -133.005202 24.9523997
v -133.959103 159.174705 149.446595
v -123.916304 179.275703 150.506604
v -124.097896 166.578603 85.3516996
v -75.088799 146.677804 5.27000017
v -16.9542 161.270201 15.1050001
v -17.1154007 99.4175017 17.5413996
v -81.1237991 211.554694 7.55269974
v -12.8931999 222.839093 11.4090003
v 21.8199998 178.874505 16.3314998
v -12.8480002 249.848008 281.894994
v -55.7528973 251.374006 283.74939
v -49.1676986 265.306902 311.379504
v -5.87520003 227.844691 66.7127013
v 32.0679009 262.848091 65.7772005
v 23.3270004 242.172098 23.1681004
v -128.683805 74.4529009 209.215212
v -123.535299 85.2419972 216.317105
v -134.006 120.462704 227.633095
v -82.1241975 -23.8184005 560.489607
v -78.3116996 72.1306026 552.436399
v -81.4628005 84.1548979 545.806599
v -94.3886995 207.222795 471.616411
v -108.934402 190.322399 445.659781
v -108.673596 189.929104 460.105991
v 70.7001984 347.458601 373.18821
v 108.950806 327.995992 378.501391
v 103.964901 309.00631 306.373
v -16.9542 161.270201 15.1050001
v -75.088799 146.677804 5.27000017
v -81.1237991 211.554694 7.55269974
v 93.9535022 228.625989 453.558111
v 128.085101 234.776592 430.835676
v 106.052399 331.379795 435.280514
v -129.033005 2.17630006 339.730191
v -113.533294 -29.7033012 279.494309
v -122.000003 4.35680002 358.061194
v 136.2059 161.296403 432.850885
v 121.1676 167.997396 430.668306
v 139.245701 124.006295 428.774595
v 126.780796 -33.1656992 17.2454
v 125.807095 -91.1432981 11.2754002
v 102.969897 -43.5088009 9.84999985
v 32.6698989 -170.158505 545.843601
v -1.48 -192.203701 513.649321
v 31.8242013 -187.1876 452.635908
v 122.115397 49.7961015 129.804003
v 136.201 98.6527979 73.9871025
v 136.832201 112.169695 140.588903
v -129.885805 -22.6701006 220.790195
v -112.410605 -50.0068009 214.290595
v -113.533294 -29.7033012 279.494309
v -17.2059998 321.016598 133.169496
v -1.18819997 273.782301 140.397096
v -6.24059997 285.300589 76.5366018
v -49.3194014 255.270195 270.377588
v -36.8568987 240.925908 225.041103
v -74.2570996 232.154608 281.719899
v -64.0187025 -84.5524013 20.1291993
v -101.477599 -57.1053982 11.6207004
v -90.8147991 -57.9092026 12.1688999
v -0.0796000008 -265.573692 276.514792
v -8.29259977 -265.610194 230.531907
v -6.95400015 -314.641595 238.234591
v 132.392704 -123.975503 188.758504
v 114.629102 -139.754295 258.88381
v 128.856695 -206.885791 247.96319
v 30.3355008 -359.59661 73.9301026
v 33.0291986 -374.019098 124.779105
v -42.2580987 -327.252007 123.142898
v -43.3573991 -324.559498 68.6218023
v -42.2580987 -327.252007 123.142898
v -45.5944002 -301.386404 117.851996
v 96.3222027 -361.336994 183.328497
v 88.3445978 -363.827205 135.028696
v 99.1861999 -313.697195 155.335295
v -48.0325997 -267.284298 125.857401
v -64.2336011 -241.716695 125.316298
v -52.7245998 -227.178788 72.3047972
v -88.5330975 354.5784 138.360703
v -86.5345001 289.455199 265.425491
v -58.6410999 306.957507 204.709792
v -123.778999 66.4229989 393.461895
v -124.077594 101.275599 383.765507
v -124.067497 58.6763024 376.580501
v -124.778903 129.491198 406.455612
v -126.274002 160.009003 392.119098
v 12.5838995 -330.876589 347.846007
v 64.4931018 -346.4571 367.131901
v 62.866801 -291.377807 369.079995
v 138.014996 -263.614297 5.18239997
v 134.925604 -189.514601 72.2809017
v 136.4344 -256.089807 67.909801
v 139.747405 -176.609397 0
v 138.014996 -263.614297 5.18239997
v 125.272095 50.6264985 170.832705
v 122.115397 49.7961015 129.804003
v 93.3762014 52.1833003 165.172398
v -122.424603 238.390493 150.029302
v -103.677499 266.842699 251.971507
v -116.691899 307.602692 141.795599
v -106.526101 79.5534015 10.1535998
v -124.532199 128.230906 15.2824998
v -111.386395 139.658701 4.62770015
v 127.773404 -131.898999 375.165391
v 96.4565992 -135.777497 383.827806
v 95.7349002 -171.631205 389.798498
v 125.272095 50.6264985 170.832705
v 125.558996 -9.09340009 173.997295
v 126.236105 -1.22910002 122.868502
v 77.8797984 345.452905 222.902799
v 11.8515 295.66679 197.297299
v 47.992 339.085698 282.847095
v 80.0442994 211.642599 482.94282
v 52.6507974 190.434897 512.151098
v 83.9716017 185.480297 501.820183
v 125.001502 -153.743804 295.462203
v 127.285004 -216.00461 259.57849
v 128.856695 -206.885791 247.96319
v 2.0947 -260.736799 292.1381
v -1.62850004 -316.320109 287.2118
v 4.98659983 -283.542395 352.251101
v -0.0796000008 -265.573692 276.514792
v -3.78669985 -311.457992 274.329901
v -53.9538026 -197.4576 264.488196
v -81.2546015 -148.402703 304.631209
v -74.2853999 -154.157901 252.457905
v -116.647601 237.486005 13.1173998
v -116.388202 266.628289 9.42519978
v -78.492099 290.760899 11.8988998
v -78.4550011 274.349189 277.316999
v -103.677499 266.842699 251.971507
v -120.385504 244.738293 256.876206
v 52.3743987 135.764503 536.3626
v 97.2280025 144.316304 503.976917
v 83.9716017 185.480297 501.820183
v -13.7116998 220.625806 143.874395
v -44.6065992 273.717189 222.916508
v -36.8568987 240.925908 225.041103
v 9.83040035 -316.243792 287.648106
v 60.1724982 -358.624697 246.263003
v 67.1101987 -354.568505 300.712895
v 125.807095 -91.1432981 11.2754002
v 112.150002 -190.075302 2.18620002
v 102.969897 -43.5088009 9.84999985
v 121.505594 28.7984014 20.3069001
v 126.780796 -33.1656992 17.2454
v 96.955198 -21.6352001 12.9087999
v 130.016398 -185.916996 391.181493
v 122.089398 -172.098994 443.075895
v 127.137303 -219.284391 440.144205
v 108.950806 327.995992 378.501391
v 85.847801 351.840806 435.913706
v 106.052399 331.379795 435.280514
v 134.814501 -210.70919 188.749003
v 132.282102 -260.426998 183.312905
v 131.248605 -268.735504 142.169595
v 115.343702 101.589704 461.60059
v 89.053899 18.7961996 472.570276
v 102.470899 36.3624007 387.662792
v 32.0679009 262.848091 65.7772005
v 27.9801011 306.9803 20.0086996
v 23.3270004 242.172098 23.1681004
v 95.5739021 -161.491001 465.698385
v 88.1829977 -150.471699 533.704376
v 86.8484974 -176.960301 472.294521
v 113.260806 -272.500205 368.725801
v 116.056097 -289.835691 307.571292
v 129.457104 -268.73641 313.236499
v -122.753096 -55.1981986 52.8231025
v -99.921 -92.0579016 55.8990002
v -108.240199 -109.233904 107.324302
v -69.2403972 67.6796019 3.01949997
v -64.0187025 -84.5524013 20.1291993
v -90.8147991 -57.9092026 12.1688999
v -68.6159015 -84.2311978 559.628916
v -61.9382024 -95.2817023 573.961878
v -43.1980014 -68.0202007 603.174686
v 17.1233997 138.449705 547.941303
v 13.6434004 88.3626997 570.873594
v 50.3479004 77.7180016 542.147398
v 55.0813019 335.620499 425.029612
v 42.9143995 262.042403 440.784788
v 71.3620007 244.447303 445.623589
v 117.262602 -9.15279984 309.909606
v 113.732195 2.04799995 262.485194
v 99.7494996 18.5507998 265.171504
v -82.1241975 -23.8184005 560.489607
v -81.8337977 -68.026799 543.167591
v -43.1980014 -68.0202007 603.174686
v 101.473701 -308.428311 189.027596
v 117.035306 -286.370301 256.764197
v 111.137104 -312.784195 246.710396
v -88.8019025 -111.782503 265.6147
v -80.0127029 -112.6665 217.9775
v -74.2853999 -154.157901 252.457905
v -78.4550011 274.349189 277.316999
v -74.2570996 232.154608 281.719899
v -36.8568987 240.925908 225.041103
v -15.0718004 -302.031708 231.375599
v -8.29259977 -265.610194 230.531907
v -28.0800015 -275.875902 189.644396
v 48.6737996 346.939707 141.938901
v 11.8515 295.66679 197.297299
v 77.8797984 345.452905 222.902799
v 27.3357987 242.791796 15.2834997
v 27.9801011 306.9803 20.0086996
v 84.4260991 272.049999 14.7208005
v -72.9263008 -141.164994 74.2864013
v -76.3031006 -110.405099 65.5539989
v -64.0187025 -84.5524013 20.1291993
v 132.392704 -123.975503 188.758504
v 129.751897 -188.813102 139.935696
v 134.925604 -189.514601 72.2809017
v 32.6698989 -170.158505 545.843601
v 71.9224989 -172.913098 472.627878
v 62.0688975 -156.695795 554.508591
v -132.0768 156.4623 233.938694
v -134.006 120.462704 227.633095
v -120.1213 131.2572 243.890905
v 108.950806 327.995992 378.501391
v 106.052399 331.379795 435.280514
v 128.085101 234.776592 430.835676
v -74.2570996 232.154608 281.719899
v -120.339799 179.905999 244.685197
v -118.195403 197.656 307.073903
v -74.2570996 232.154608 281.719899
v -91.3994014 219.138193 336.597395
v 103.964901 309.00631 306.373
v 108.950806 327.995992 378.501391
v 127.099895 232.377195 365.330195
v 108.950806 327.995992 378.501391
v 128.085101 234.776592 430.835676
v 127.099895 232.377195 365.330195
v 143.125606 166.025698 421.659184
v 143.125606 166.025698 421.659184
v 140.054595 153.581405 356.857395
v 97.2262025 -75.1299024 483.118391
v 98.5665977 -26.6819 402.672815
v 86.5386009 -23.9534006 532.291317
v -112.410605 -50.0068009 214.290595
v -88.2579029 -76.8377006 226.339602
v -97.6382971 -46.3396013 279.274893
v -48.5608995 -187.568104 445.763922
v -6.70500025 -182.7492 434.813976
v -34.5061004 -199.168003 515.307188
v -76.6933024 -82.5493991 417.596102
v -91.2818015 -20.9732994 436.975813
v -103.353405 -17.0532003 358.537102
v -1.18819997 273.782301 140.397096
v -13.7116998 220.625806 143.874395
v -11.4207998 229.580212 81.8565011
v -129.454398 61.0639989 113.589799
v -140.538204 79.9022019 105.580902
v -128.592503 66.5727019 61.5154982
v 121.1676 167.997396 430.668306
v 136.2059 161.296403 432.850885
v 143.125606 166.025698 421.659184
v 127.135706 -48.9003003 251.860404
v 112.833798 -9.28979963 254.1363
v 113.732195 2.04799995 262.485194
v -116.388202 266.628289 9.42519978
v -124.206901 263.864303 69.5743978
v -118.433404 317.072296 66.0335004
v 26.0738999 130.317402 14.9306998
v 18.5792997 108.640695 10.1265997
v -16.9542 161.270201 15.1050001
v 79.3896973 -231.100392 455.839205
v 109.3817 -267.403507 405.411005
v 98.912102 -231.000495 454.953384
v -137.235403 89.1198993 20.2244997
v -122.618699 69.2272007 22.6427004
v -128.592503 66.5727019 61.5154982
v -128.592503 66.5727019 61.5154982
v -142.590499 82.7848017 61.9109988
v -120.970094 140.727699 312.668109
v -116.791904 163.884604 353.0056
v -118.195403 197.656 307.073903
v 75.3372014 -186.433303 7.91279972
v 112.150002 -190.075302 2.18620002
v 113.0934 -241.563296 8.75279978
v -125.760996 187.440705 14.1606003
v -127.737796 172.288895 26.7053008
v -125.2056 240.270495 69.9437976
v 71.9224989 -172.913098 472.627878
v 97.5355029 -183.697999 471.70248
v 86.8484974 -176.960301 472.294521
v 92.1432018 104.966295 283.835506
v 127.675998 112.6284 367.113209
v 106.332803 22.5756004 337.730598
v -81.4628005 84.1548979 545.806599
v -93.8544989 123.810005 481.243277
v -97.6050973 82.8568995 482.759094
v 95.7349002 -171.631205 389.798498
v 93.5778975 -172.010195 462.420511
v 122.089398 -172.098994 443.075895
v 133.213496 -212.406898 317.596698
v 127.773404 -131.898999 375.165391
v 130.016398 -185.916996 391.181493
v 113.260496 132.075596 213.080311
v 125.019002 239.286494 213.691401
v 119.2415 236.775804 226.184201
v 111.2131 -292.199397 174.279404
v 105.761802 -289.978695 154.802501
v 132.282102 -260.426998 183.312905
v -34.098801 327.979302 14.1973004
v -19.8688999 335.265088 72.2980976
v -16.8968007 309.789395 23.2910007
v 88.3445978 -363.827205 135.028696
v 33.0291986 -374.019098 124.779105
v 30.3355008 -359.59661 73.9301026
v -92.1675026 -60.8928025 287.094092
v -88.8019025 -111.782503 265.6147
v -81.2546015 -148.402703 304.631209
v 9.83040035 -316.243792 287.648106
v 12.5838995 -330.876589 347.846007
v -1.62850004 -316.320109 287.2118
v 23.4035999 -61.0827982 14.7523999
v 75.1363993 -77.5650024 14.4899994
v 74.2753029 -158.683801 12.2959003
v 20.2489004 223.441601 16.0156995
v 70.5398023 197.191596 8.60119984
v 21.8199998 178.874505 16.3314998
v -72.7604985 -98.6235976 519.403982
v -68.6159015 -84.2311978 559.628916
v -81.8337977 -68.026799 543.167591
v 106.052399 331.379795 435.280514
v 85.847801 351.840806 435.913706
v 71.3620007 244.447303 445.623589
v -118.433404 317.072296 66.0335004
v -85.1828992 365.436506 65.2411997
v -89.398402 357.494211 16.2744999
v -75.0437021 249.93329 330.306792
v -61.3254011 259.810805 349.152899
v -55.7528973 251.374006 283.74939
v -132.0768 156.4623 233.938694
v -120.339799 179.905999 244.685197
v -123.916304 179.275703 150.506604
v -123.916304 179.275703 150.506604
v -133.959103 159.174705 149.446595
v 114.629102 -139.754295 258.88381
v 115.455902 -62.4741018 324.102211
v 125.001502 -153.743804 295.462203
v 83.3904982 10.0606002 533.561802
v 53.8335979 82.4505985 541.539097
v 46.8546003 -9.66859981 568.548584
v 117.035306 -286.370301 256.764197
v 116.056097 -289.835691 307.571292
v 111.137104 -312.784195 246.710396
v 129.376101 13.7342006 70.4804003
v 136.201 98.6527979 73.9871025
v 122.115397 49.7961015 129.804003
v -129.673696 -70.9855974 96.469599
v -108.240199 -109.233904 107.324302
v -115.559602 -75.1900017 154.018199
v 31.8242013 -187.1876 452.635908
v -6.70500025 -182.7492 434.813976
v 15.6958997 -245.236897 413.999414
v -6.95400015 -314.641595 238.234591
v -25.711 -328.38769 175.085294
v 48.526299 -374.324894 180.750406
v 132.392704 -123.975503 188.758504
v 127.135706 -48.9003003 251.860404
v 114.629102 -139.754295 258.88381
v 115.455902 -62.4741018 324.102211
v 95.0217009 -47.1964002 339.415312
v 96.0000992 -139.473701 305.7199
v 111.2131 -292.199397 174.279404
v 101.473701 -308.428311 189.027596
v 99.1861999 -313.697195 155.335295
v 80.0442994 211.642599 482.94282
v 89.6504998 208.505297 473.40641
v 71.3620007 244.447303 445.623589
v 30.756101 233.334899 476.724815
v 33.6295009 193.089497 523.679495
v 52.6507974 190.434897 512.151098
v 85.847801 351.840806 435.913706
v 70.7001984 347.458601 373.18821
v 56.3637972 340.904307 373.484302
v 39.0271008 -97.3975003 589.646101
v 27.2105992 -60.6464028 602.379513
v 25.9232998 -98.0898976 595.780277
v -78.6469996 225.437403 480.895519
v -30.7410002 254.205203 454.552984
v -83.3496988 233.622193 409.001923
v -39.3382013 -301.634002 12.4099001
v 35.0012004 -357.997489 8.10189992
v 30.3355008 -359.59661 73.9301026
v 101.615906 -342.386699 373.891592
v 112.787497 -310.331011 373.953795
v 62.866801 -291.377807 369.079995
v 62.866801 -291.377807 369.079995
v 64.4931018 -346.4571 367.131901
v 112.787497 -310.331011 373.953795
v 113.260806 -272.500205 368.725801
v 111.120403 -288.452196 380.067301
v -111.386395 139.658701 4.62770015
v -125.8407 171.142995 13.8742998
v -116.647601 237.486005 13.1173998
v -3.75100002 306.3236 254.630208
v 11.8515 295.66679 197.297299
v 10.8616002 240.642595 214.615798
v 100.150096 -357.624602 299.511695
v 98.7644017 -347.767711 238.860297
v 111.137104 -312.784195 246.710396
v -103.353405 -17.0532003 358.537102
v -107.393897 -6.73450008 376.38731
v -107.877696 -3.88090014 361.480904
v 90.1768982 -76.7428994 536.4995
v 83.8061988 -47.9445994 543.864489
v 87.2473001 -83.1854999 557.502699
v -131.944501 63.8020992 126.516998
v -129.454398 61.0639989 113.589799
v -130.692303 49.197799 129.6772
v -120.377803 53.7238002 396.522093
v -123.778999 66.4229989 393.461895
v -122.2067 50.732398 380.799198
v -94.3886995 207.222795 471.616411
v -89.4814014 221.506596 488.474083
v -78.6469996 225.437403 480.895519
v -101.070201 87.3138011 473.972702
v -100.884795 77.1335006 480.283213
v -97.6050973 82.8568995 482.759094
v -108.8588 177.8216 453.025389
v -108.673596 189.929104 460.105991
v -108.934402 190.322399 445.659781
v 89.6504998 208.505297 473.40641
v 80.0442994 211.642599 482.94282
v 85.9762013 211.506295 489.732313
v -128.683805 74.4529009 209.215212
v -127.209198 61.1460984 218.488503
v -123.535299 85.2419972 216.317105
v 60.1724982 -358.624697 246.263003
v 98.7644017 -347.767711 238.860297
v 67.1101987 -354.568505 300.712895
v 13.6434004 88.3626997 570.873594
v 5.0818 77.1875024 559.264517
v 11.6614997 62.4029994 576.906395
v 18.5792997 108.640695 10.1265997
v 26.0738999 130.317402 14.9306998
v 32.2795004 118.918502 6.5252997
v 10.8616002 240.642595 214.615798
v 12.1123999 230.886102 207.922006
v 0.634799991 230.284095 217.837191
v 111.120403 -288.452196 380.067301
v 113.260806 -272.500205 368.725801
v 118.0233 -263.4444 375.770903
v 101.473701 -308.428311 189.027596
v 111.2131 -292.199397 174.279404
v 114.753902 -273.551702 187.246895
v -45.5944002 -301.386404 117.851996
v -38.0971014 -280.889893 130.638194
v -48.0325997 -267.284298 125.857401
v 2.0947 -260.736799 292.1381
v -0.0796000008 -265.573692 276.514792
v -1.75190009 -274.011993 288.470101
v 143.125606 166.025698 421.659184
v 136.2059 161.296403 432.850885
v 139.245701 124.006295 428.774595
v 136.832201 112.169695 140.588903
v 131.381905 112.915301 158.953905
v 130.779898 102.604401 150.135505
v 125.3214 248.176098 5.52980006
v 130.9955 256.328607 6.97259977
v 133.642805 234.175396 12.9421994
v -85.7392013 369.837403 88.0267024
v -77.5147974 358.059692 75.0594974
v -85.1828992 365.436506 65.2411997
v -87.0329022 -122.581196 158.428705
v -88.8078988 -148.821497 161.345696
v -83.8747978 -127.939796 176.3767
v 25.9232998 -98.0898976 595.780277
v 15.8004001 -66.5350974 609.103298
v 12.2828998 -101.683104 597.541285
v 116.986096 6.43030033 246.224499
v 113.732195 2.04799995 262.485194
v 112.833798 -9.28979963 254.1363
v 136.693799 -104.841101 14.5279005
v 134.527194 -118.931603 4.20669988
v 125.807095 -91.1432981 11.2754002
v -3.78669985 -311.457992 274.329901
v 9.83040035 -316.243792 287.648106
v -1.62850004 -316.320109 287.2118
v -141.425204 86.1736 135.682201
v -140.538204 79.9022019 105.580902
v -140.067005 72.3613024 136.852801
v 27.2105992 -60.6464028 602.379513
v 15.5947998 -77.4507999 603.566885
v 15.8004001 -66.5350974 609.103298
v -68.6159015 -84.2311978 559.628916
v -72.7604985 -98.6235976 519.403982
v -67.1081007 -115.177906 540.71002
v -75.088799 146.677804 5.27000017
v -69.2403972 67.6796019 3.01949997
v -90.8147991 -57.9092026 12.1688999
v -107.303405 43.6131001 394.673491
v -97.2240984 68.9496994 463.531017
v -106.0655 73.7098992 461.11722
v -6.95400015 -314.641595 238.234591
v -15.0718004 -302.031708 231.375599
v -24.7151002 -308.995008 190.923095
v -35.7735991 -269.707108 173.021996
v -25.711 -328.38769 175.085294
v -24.7151002 -308.995008 190.923095
v -78.4087002 -173.497903 115.671206
v -83.0101013 -171.286404 163.071799
v -81.3799024 -154.226196 138.869596
v -5.18720001 263.2514 297.841096
v -12.8480002 249.848008 281.894994
v -49.1676986 265.306902 311.379504
v -55.7528973 251.374006 283.74939
v -61.3254011 259.810805 349.152899
v -49.1676986 265.306902 311.379504
v -6.31970018 -196.176302 423.5991
v -6.70500025 -182.7492 434.813976
v -29.0515989 -200.278401 357.196093
v 109.3817 -267.403507 405.411005
v 79.3896973 -231.100392 455.839205
v 96.6454983 -283.819795 412.017822
v -42.0379996 -170.899498 4.90109995
v -45.4988986 -216.230512 14.8511007
v -42.9603994 -150.483596 10.2430999
v -81.4628005 84.1548979 545.806599
v -78.3116996 72.1306026 552.436399
v -80.7546973 139.119804 543.569279
v -42.5121009 -110.263598 583.284807
v -58.0327988 -112.979102 575.730515
v -20.0856 -116.401196 598.541212
v -91.2818015 -20.9732994 436.975813
v -107.393897 -6.73450008 376.38731
v -103.353405 -17.0532003 358.537102
v 56.3637972 340.904307 373.484302
v 70.7001984 347.458601 373.18821
v 60.3841007 342.879796 290.56859
v 106.332803 22.5756004 337.730598
v 109.585798 0.375599996 324.447703
v 99.7494996 18.5507998 265.171504
v 116.986096 6.43030033 246.224499
v 91.5710986 42.3078001 246.363902
v 99.7494996 18.5507998 265.171504
v -122.424603 238.390493 150.029302
v -124.206901 263.864303 69.5743978
v -125.2056 240.270495 69.9437976
v -40.3297991 -3.81290019 601.153994
v -47.4723995 -21.9239995 593.663502
v -43.1980014 -68.0202007 603.174686
v -42.0379996 -170.899498 4.90109995
v -42.9603994 -150.483596 10.2430999
v 4.62910011 -143.710995 17.0158997
v 72.6534009 -25.2912015 558.1707
v 38.3329988 -49.1084009 590.978003
v 46.0305989 -61.6176009 588.442087
v 93.5778975 -172.010195 462.420511
v 98.912102 -231.000495 454.953384
v 122.089398 -172.098994 443.075895
v -130.692303 49.197799 129.6772
v -127.209198 61.1460984 218.488503
v -128.683805 74.4529009 209.215212
v -5.87520003 227.844691 66.7127013
v -11.4207998 229.580212 81.8565011
v 38.1810993 264.219999 74.3242025
v 88.1829977 -150.471699 533.704376
v 90.1768982 -76.7428994 536.4995
v 87.2473001 -83.1854999 557.502699
v -129.033005 2.17630006 339.730191
v -127.943206 21.0705996 357.216692
v -120.3385 78.4659028 341.130209
v 13.2135004 -23.8077 593.289185
v 6.79510012 -20.916 597.970104
v 15.5947998 -77.4507999 603.566885
v -122.3436 81.1230004 294.25621
v -120.970094 140.727699 312.668109
v -122.145295 140.786695 284.82511
v -124.206901 263.864303 69.5743978
v -116.388202 266.628289 9.42519978
v -116.647601 237.486005 13.1173998
v 9.83040035 -316.243792 287.648106
v -3.78669985 -311.457992 274.329901
v 60.1724982 -358.624697 246.263003
v 138.355303 222.427201 131.730294
v 140.0967 238.167 145.539701
v 131.381905 112.915301 158.953905
v 138.014996 -263.614297 5.18239997
v 133.251905 -281.918001 3.76100019
v 113.0934 -241.563296 8.75279978
v 119.2415 236.775804 226.184201
v 125.019002 239.286494 213.691401
v 121.358001 335.953999 224.990702
v 18.2882994 11.2746 15.3171003
v 33.9987993 -6.79510012 9.88140032
v 17.3852995 -35.0358009 12.0963
v 23.4035999 -61.0827982 14.7523999
v -34.8282993 -40.2686 17.7807003
v 17.3852995 -35.0358009 12.0963
v -5.87520003 227.844691 66.7127013
v -7.4124001 226.678205 27.4502993
v -12.8931999 222.839093 11.4090003
v 127.773404 -131.898999 375.165391
v 97.6812005 -121.480405 373.243093
v 96.4565992 -135.777497 383.827806
v 13.6434004 88.3626997 570.873594
v 11.6614997 62.4029994 576.906395
v 50.3479004 77.7180016 542.147398
v -88.2579029 -76.8377006 226.339602
v -92.1675026 -60.8928025 287.094092
v -97.6382971 -46.3396013 279.274893
v -12.8480002 249.848008 281.894994
v -5.18720001 263.2514 297.841096
v 10.8616002 240.642595 214.615798
v -7.4124001 226.678205 27.4502993
v 23.3270004 242.172098 23.1681004
v 20.2489004 223.441601 16.0156995
v 102.969897 -43.5088009 9.84999985
v 96.955198 -21.6352001 12.9087999
v 126.780796 -33.1656992 17.2454
v 133.0634 -268.823695 256.1239
v 125.500798 -284.483194 237.987709
v 128.856695 -206.885791 247.96319
v 14.3647999 -182.144701 8.79409984
v 4.62910011 -143.710995 17.0158997
v 74.2753029 -158.683801 12.2959003
v 18.2882994 11.2746 15.3171003
v 18.5792997 108.640695 10.1265997
v 32.2795004 118.918502 6.5252997
v -34.0021014 218.013906 503.422594
v 33.6295009 193.089497 523.679495
v 30.756101 233.334899 476.724815
v 133.0634 -268.823695 256.1239
v 129.457104 -268.73641 313.236499
v 128.044403 -280.097294 306.221199
v 127.137303 -219.284391 440.144205
v 121.931696 -267.456007 378.046894
v 129.189599 -258.635902 359.871888
v -108.8588 177.8216 453.025389
v -114.523304 184.034503 441.785002
v -117.840898 114.455402 443.088388
v 89.6504998 208.505297 473.40641
v 85.9762013 211.506295 489.732313
v 112.258303 154.565001 457.303476
v -117.229795 311.451697 78.7567019
v -85.7392013 369.837403 88.0267024
v -85.1828992 365.436506 65.2411997
v -29.0580988 -59.1432989 609.293413
v 15.8004001 -66.5350974 609.103298
v 15.5947998 -77.4507999 603.566885
v 6.79510012 -20.916 597.970104
v 11.6614997 62.4029994 576.906395
v -40.3297991 -3.81290019 601.153994
v -40.3297991 -3.81290019 601.153994
v 5.0818 77.1875024 559.264517
v -45.3637004 60.0247025 563.537502
v 5.0818 77.1875024 559.264517
v -40.3297991 -3.81290019 601.153994
v 11.6614997 62.4029994 576.906395
v -115.740395 68.7128007 429.163599
v -124.778903 129.491198 406.455612
v -123.778999 66.4229989 393.461895
v -80.7546973 139.119804 543.569279
v -83.1426978 207.309699 534.048319
v -93.8544989 123.810005 481.243277
v -93.8544989 123.810005 481.243277
v -83.1426978 207.309699 534.048319
v -89.4814014 221.506596 488.474083
v -117.710805 117.402399 345.529699
v -126.274002 160.009003 392.119098
v -116.791904 163.884604 353.0056
v -45.5837995 -202.715206 249.77119
v -73.1414974 -156.537604 209.627199
v -51.6264021 -213.654709 211.891794
v -73.1414974 -156.537604 209.627199
v -45.5837995 -202.715206 249.77119
v -74.2853999 -154.157901 252.457905
v -122.000003 4.35680002 358.061194
v -127.943206 21.0705996 357.216692
v -129.033005 2.17630006 339.730191
v 47.992 339.085698 282.847095
v 60.3841007 342.879796 290.56859
v 77.8797984 345.452905 222.902799
v 121.358001 335.953999 224.990702
v 60.3841007 342.879796 290.56859
v 103.964901 309.00631 306.373
v 95.0064003 374.324894 145.268095
v 129.006696 353.11079 143.543804
v -52.7245998 -227.178788 72.3047972
v -72.9263008 -141.164994 74.2864013
v -45.4988986 -216.230512 14.8511007
v -76.6933024 -82.5493991 417.596102
v -90.3082013 -38.9961988 454.812002
v -91.2818015 -20.9732994 436.975813
v -90.3082013 -38.9961988 454.812002
v -72.7604985 -98.6235976 519.403982
v -81.8337977 -68.026799 543.167591
v -124.097896 166.578603 85.3516996
v -127.737796 172.288895 26.7053008
v -137.311602 156.161499 84.5948994
v -137.311602 156.161499 84.5948994
v -127.737796 172.288895 26.7053008
v -140.773106 161.4586 15.0606006
v -81.2077999 -144.490695 119.275606
v -81.3799024 -154.226196 138.869596
v -89.9532974 -107.193601 115.306306
v -89.9532974 -107.193601 115.306306
v -81.3799024 -154.226196 138.869596
v -87.0329022 -122.581196 158.428705
v -19.8688999 335.265088 72.2980976
v -6.24059997 285.300589 76.5366018
v -16.8968007 309.789395 23.2910007
v -69.2403972 67.6796019 3.01949997
v -34.8282993 -40.2686 17.7807003
v -64.0187025 -84.5524013 20.1291993
v 129.567397 161.869395 3.05179991
v 97.7101028 199.168801 3.72669995
v 131.965601 223.035002 2.70680003
v -8.29259977 -265.610194 230.531907
v -51.6264021 -213.654709 211.891794
v -28.0800015 -275.875902 189.644396
v -28.0800015 -275.875902 189.644396
v -51.6264021 -213.654709 211.891794
v -35.7735991 -269.707108 173.021996
v -64.2336011 -241.716695 125.316298
v -78.4087002 -173.497903 115.671206
v -52.7245998 -227.178788 72.3047972
v -52.7245998 -227.178788 72.3047972
v -78.4087002 -173.497903 115.671206
v -72.9263008 -141.164994 74.2864013
v -123.916304 179.275703 150.506604
v -123.308802 237.565494 155.751503
v -122.424603 238.390493 150.029302
v -120.339799 179.905999 244.685197
v -120.385504 244.738293 256.876206
v 19.3212003 264.372802 367.495489
v -30.7410002 254.205203 454.552984
v 42.9143995 262.042403 440.784788
v 98.6739993 99.5458007 512.787819
v 115.343702 101.589704 461.60059
v 97.2280025 144.316304 503.976917
v 115.343702 101.589704 461.60059
v 112.258303 154.565001 457.303476
v 112.150002 -190.075302 2.18620002
v 138.014996 -263.614297 5.18239997
v 113.0934 -241.563296 8.75279978
v 75.1363993 -77.5650024 14.4899994
v 102.969897 -43.5088009 9.84999985
v 74.2753029 -158.683801 12.2959003
v 15.6958997 -245.236897 413.999414
v -23.3017996 -207.729602 341.624904
v 4.98659983 -283.542395 352.251101
v 115.455902 -62.4741018 324.102211
v 127.135706 -48.9003003 251.860404
v 117.262602 -9.15279984 309.909606
v -36.8568987 240.925908 225.041103
v 0.634799991 230.284095 217.837191
v -13.7116998 220.625806 143.874395
v 80.0442994 211.642599 482.94282
v 71.3620007 244.447303 445.623589
v 30.756101 233.334899 476.724815
v 121.931696 -267.456007 378.046894
v 109.3817 -267.403507 405.411005
v 118.0233 -263.4444 375.770903
v 109.3817 -267.403507 405.411005
v 127.137303 -219.284391 440.144205
v 98.912102 -231.000495 454.953384
v -52.7245998 -227.178788 72.3047972
v -45.4988986 -216.230512 14.8511007
v -40.1271999 -256.438398 69.9889004
v -40.1271999 -256.438398 69.9889004
v -45.4988986 -216.230512 14.8511007
v -36.7716998 -245.393205 5.1665999
v -3.75100002 306.3236 254.630208
v 47.992 339.085698 282.847095
v 11.8515 295.66679 197.297299
v 140.054595 153.581405 356.857395
v 139.245701 124.006295 428.774595
v 127.675998 112.6284 367.113209
v -114.680696 117.974901 453.035116
v -106.0655 73.7098992 461.11722
v -101.070201 87.3138011 473.972702
v -115.740395 68.7128007 429.163599
v -114.680696 117.974901 453.035116
v -117.840898 114.455402 443.088388
v 121.338403 340.824103 67.8768992
v 130.9955 256.328607 6.97259977
v 117.855597 348.783588 8.12069997
v 133.642805 234.175396 12.9421994
v 130.9955 256.328607 6.97259977
v 137.490201 199.548805 75.5611002
v -17.2059998 321.016598 133.169496
v -44.6065992 273.717189 222.916508
v -1.18819997 273.782301 140.397096
v -47.4723995 -21.9239995 593.663502
v -45.3637004 60.0247025 563.537502
v -82.1241975 -23.8184005 560.489607
v -82.1241975 -23.8184005 560.489607
v -45.3637004 60.0247025 563.537502
v -78.3116996 72.1306026 552.436399
v 50.3479004 77.7180016 542.147398
v 53.8335979 82.4505985 541.539097
v 52.3743987 135.764503 536.3626
v -29.0580988 -59.1432989 609.293413
v -34.9397004 -75.4473984 605.957317
v 15.8004001 -66.5350974 609.103298
v -20.0856 -116.401196 598.541212
v -34.9397004 -75.4473984 605.957317
v -117.229795 311.451697 78.7567019
v -88.5330975 354.5784 138.360703
v -85.7392013 369.837403 88.0267024
v -3.78669985 -311.457992 274.329901
v -6.95400015 -314.641595 238.234591
v 60.1724982 -358.624697 246.263003
v 60.1724982 -358.624697 246.263003
v -6.95400015 -314.641595 238.234591
v 48.526299 -374.324894 180.750406
v 47.992 339.085698 282.847095
v 22.0247 314.700198 347.590899
v 47.0885009 343.927789 299.949002
v 127.135706 -48.9003003 251.860404
v 116.986096 6.43030033 246.224499
v 112.833798 -9.28979963 254.1363
v 129.376101 13.7342006 70.4804003
v 126.780796 -33.1656992 17.2454
v 121.505594 28.7984014 20.3069001
v -141.425204 86.1736 135.682201
v -140.067005 72.3613024 136.852801
v -137.8968 86.2379014 210.323596
v -139.644396 123.017097 17.2459006
v -141.908097 118.3429 65.7869995
v -140.773106 161.4586 15.0606006
v -141.908097 118.3429 65.7869995
v -142.590499 82.7848017 61.9109988
v -143.125606 127.016795 73.7915993
v -107.877696 -3.88090014 361.480904
v -107.393897 -6.73450008 376.38731
v -122.000003 4.35680002 358.061194
v -122.000003 4.35680002 358.061194
v -107.393897 -6.73450008 376.38731
v -123.243201 46.0083008 389.507699
v -123.243201 46.0083008 389.507699
v -107.303405 43.6131001 394.673491
v -120.377803 53.7238002 396.522093
v -120.377803 53.7238002 396.522093
v -107.303405 43.6131001 394.673491
v -112.469995 59.7249985 403.672981
v 125.500798 -284.483194 237.987709
v 114.753902 -273.551702 187.246895
v 132.282102 -260.426998 183.312905
v -58.0327988 -112.979102 575.730515
v -34.5061004 -199.168003 515.307188
v -23.4217003 -174.719799 574.413586
v 116.986096 6.43030033 246.224499
v 101.928699 46.8344986 186.489904
v 91.5710986 42.3078001 246.363902
v -95.885098 181.874001 363.601208
v -74.4650006 225.60339 360.860801
v -91.3994014 219.138193 336.597395
v 129.457104 -268.73641 313.236499
v 133.213496 -212.406898 317.596698
v 129.189599 -258.635902 359.871888
v 109.585798 0.375599996 324.447703
v 115.455902 -62.4741018 324.102211
v 117.262602 -9.15279984 309.909606
v 115.455902 -62.4741018 324.102211
v 109.585798 0.375599996 324.447703
v 95.0217009 -47.1964002 339.415312
v 70.5398023 197.191596 8.60119984
v 99.1581023 209.725595 9.44219977
v 97.7101028 199.168801 3.72669995
v -124.067497 58.6763024 376.580501
v -123.243201 46.0083008 389.507699
v -122.2067 50.732398 380.799198
v -23.4217003 -174.719799 574.413586
v -34.5061004 -199.168003 515.307188
v 1.68340001 -172.624302 573.467112
v 1.68340001 -172.624302 573.467112
v -34.5061004 -199.168003 515.307188
v -2.39899997 -183.303797 555.151796
v -2.39899997 -183.303797 555.151796
v -34.5061004 -199.168003 515.307188
v -1.48 -192.203701 513.649321
v -45.3637004 60.0247025 563.537502
v 5.0818 77.1875024 559.264517
v -42.3554987 126.201797 550.4776
v -78.3116996 72.1306026 552.436399
v -42.3554987 126.201797 550.4776
v -80.7546973 139.119804 543.569279
v 127.773404 -131.898999 375.165391
v 96.0000992 -139.473701 305.7199
v 97.6812005 -121.480405 373.243093
v -106.526101 79.5534015 10.1535998
v -101.477599 -57.1053982 11.6207004
v -117.649305 -36.8019998 7.57239982
v -34.8282993 -40.2686 17.7807003
v 4.62910011 -143.710995 17.0158997
v -37.6204014 -114.884198 12.1124998
v 22.0247 314.700198 347.590899
v -5.18720001 263.2514 297.841096
v 19.3212003 264.372802 367.495489
v 97.2262025 -75.1299024 483.118391
v 97.6812005 -121.480405 373.243093
v 98.5665977 -26.6819 402.672815
v 96.4565992 -135.777497 383.827806
v 95.5739021 -161.491001 465.698385
v 95.7349002 -171.631205 389.798498
v 96.4565992 -135.777497 383.827806
v 97.6812005 -121.480405 373.243093
v 97.2262025 -75.1299024 483.118391
v -38.0971014 -280.889893 130.638194
v -64.2336011 -241.716695 125.316298
v -48.0325997 -267.284298 125.857401
v -58.6410999 306.957507 204.709792
v -86.5345001 289.455199 265.425491
v -56.318301 290.307999 214.96501
v 104.8509 230.227399 296.539593
v 112.502205 137.995803 286.437297
v 119.2415 236.775804 226.184201
v 70.5398023 197.191596 8.60119984
v 32.2795004 118.918502 6.5252997
v 21.8199998 178.874505 16.3314998
v 21.8199998 178.874505 16.3314998
v 32.2795004 118.918502 6.5252997
v 26.0738999 130.317402 14.9306998
v -128.592503 66.5727019 61.5154982
v -129.673696 -70.9855974 96.469599
v -129.454398 61.0639989 113.589799
v -129.454398 61.0639989 113.589799
v -129.673696 -70.9855974 96.469599
v -130.692303 49.197799 129.6772
v 35.4045987 339.070702 74.7196019
v 38.1810993 264.219999 74.3242025
v 48.6737996 346.939707 141.938901
v 48.6737996 346.939707 141.938901
v 38.1810993 264.219999 74.3242025
v 39.2551988 257.575703 138.529396
v 38.1810993 264.219999 74.3242025
v 35.4045987 339.070702 74.7196019
v 32.0679009 262.848091 65.7772005
v -120.385504 244.738293 256.876206
v -74.2570996 232.154608 281.719899
v -78.4550011 274.349189 277.316999
v -137.311602 156.161499 84.5948994
v -141.908097 118.3429 65.7869995
v -143.125606 127.016795 73.7915993
v 83.4931016 -166.949606 549.783993
v 71.9224989 -172.913098 472.627878
v 86.8484974 -176.960301 472.294521
v -83.1426978 207.309699 534.048319
v -34.0021014 218.013906 503.422594
v -89.4814014 221.506596 488.474083
v -89.4814014 221.506596 488.474083
v -34.0021014 218.013906 503.422594
v -78.6469996 225.437403 480.895519
v -78.6469996 225.437403 480.895519
v -34.0021014 218.013906 503.422594
v -30.7410002 254.205203 454.552984
v -116.791904 163.884604 353.0056
v -121.084094 188.476598 410.711813
v -95.885098 181.874001 363.601208
v 32.2795004 118.918502 6.5252997
v 66.6998029 23.4356001 15.2551994
v 33.9987993 -6.79510012 9.88140032
v 6.79510012 -20.916 597.970104
v 46.8546003 -9.66859981 568.548584
v 11.6614997 62.4029994 576.906395
v 11.6614997 62.4029994 576.906395
v 46.8546003 -9.66859981 568.548584
v 50.3479004 77.7180016 542.147398
v 113.260496 132.075596 213.080311
v 92.1432018 104.966295 283.835506
v 86.0150993 102.554405 215.042591
v -120.1213 131.2572 243.890905
v -121.796405 72.8182971 280.32639
v -118.929994 93.958199 275.536203
v 103.964901 309.00631 306.373
v 119.2415 236.775804 226.184201
v 121.358001 335.953999 224.990702
v 42.7670002 351.193094 64.8397028
v 71.4163005 352.883005 16.5484995
v 27.9801011 306.9803 20.0086996
v 98.6739993 99.5458007 512.787819
v 89.053899 18.7961996 472.570276
v 115.343702 101.589704 461.60059
v 101.615906 -342.386699 373.891592
v 111.137104 -312.784195 246.710396
v 112.787497 -310.331011 373.953795
v -29.0580988 -59.1432989 609.293413
v 6.79510012 -20.916 597.970104
v -40.3297991 -3.81290019 601.153994
v -128.920698 -4.00220007 281.600308
v -127.209198 61.1460984 218.488503
v -129.885805 -22.6701006 220.790195
v -108.8588 177.8216 453.025389
v -94.3886995 207.222795 471.616411
v -108.673596 189.929104 460.105991
v 108.772194 -354.760289 59.9520028
v 35.0012004 -357.997489 8.10189992
v 106.060898 -347.825599 9.17590037
v -140.773106 161.4586 15.0606006
v -124.532199 128.230906 15.2824998
v -139.644396 123.017097 17.2459006
v -81.2546015 -148.402703 304.631209
v -53.9538026 -197.4576 264.488196
v -23.3017996 -207.729602 341.624904
v -91.7521 -86.4243984 339.596605
v -29.0515989 -200.278401 357.196093
v -50.7524014 -153.172898 425.815487
v -29.0515989 -200.278401 357.196093
v -91.7521 -86.4243984 339.596605
v -23.3017996 -207.729602 341.624904
v -100.884795 77.1335006 480.283213
v -90.3082013 -38.9961988 454.812002
v -82.1241975 -23.8184005 560.489607
v -82.1241975 -23.8184005 560.489607
v -90.3082013 -38.9961988 454.812002
v -81.8337977 -68.026799 543.167591
v -90.3082013 -38.9961988 454.812002
v -100.884795 77.1335006 480.283213
v -91.2818015 -20.9732994 436.975813
v -122.424603 238.390493 150.029302
v -124.097896 166.578603 85.3516996
v -123.916304 179.275703 150.506604
v 129.457104 -268.73641 313.236499
v 127.285004 -216.00461 259.57849
v 133.213496 -212.406898 317.596698
v 77.1366 367.171001 69.2951024
v 117.855597 348.783588 8.12069997
v 71.4163005 352.883005 16.5484995
v 136.693799 -104.841101 14.5279005
v 139.747405 -176.609397 0
v 134.527194 -118.931603 4.20669988
v 96.6454983 -283.819795 412.017822
v 62.866801 -291.377807 369.079995
v 112.787497 -310.331011 373.953795
v -140.067005 72.3613024 136.852801
v -128.683805 74.4529009 209.215212
v -137.8968 86.2379014 210.323596
v -128.683805 74.4529009 209.215212
v -140.067005 72.3613024 136.852801
v -131.944501 63.8020992 126.516998
v 98.7644017 -347.767711 238.860297
v 60.1724982 -358.624697 246.263003
v 96.3222027 -361.336994 183.328497
v 96.3222027 -361.336994 183.328497
v 60.1724982 -358.624697 246.263003
v 48.526299 -374.324894 180.750406
v 31.8242013 -187.1876 452.635908
v 79.3896973 -231.100392 455.839205
v 71.9224989 -172.913098 472.627878
v 129.006696 353.11079 143.543804
v 140.0967 238.167 145.539701
v 121.338403 340.824103 67.8768992
v 121.338403 340.824103 67.8768992
v 138.355303 222.427201 131.730294
v 137.490201 199.548805 75.5611002
v 62.0688975 -156.695795 554.508591
v 87.2473001 -83.1854999 557.502699
v 39.0271008 -97.3975003 589.646101
v 115.343702 101.589704 461.60059
v 139.245701 124.006295 428.774595
v 112.258303 154.565001 457.303476
v 93.9535022 228.625989 453.558111
v 112.258303 154.565001 457.303476
v 121.1676 167.997396 430.668306
v -122.424603 238.390493 150.029302
v -120.385504 244.738293 256.876206
v -103.677499 266.842699 251.971507
v -42.0379996 -170.899498 4.90109995
v 14.3647999 -182.144701 8.79409984
v -36.7716998 -245.393205 5.1665999
v -36.7716998 -245.393205 5.1665999
v 14.3647999 -182.144701 8.79409984
v -26.828599 -258.982611 9.1211997
v -80.0127029 -112.6665 217.9775
v -83.8747978 -127.939796 176.3767
v -73.1414974 -156.537604 209.627199
v -73.1414974 -156.537604 209.627199
v -83.8747978 -127.939796 176.3767
v -83.0101013 -171.286404 163.071799
v 95.7349002 -171.631205 389.798498
v 95.5739021 -161.491001 465.698385
v 93.5778975 -172.010195 462.420511
v -72.9263008 -141.164994 74.2864013
v -89.9532974 -107.193601 115.306306
v -76.3031006 -110.405099 65.5539989
v 97.0409989 98.4744012 171.9877
v 131.381905 112.915301 158.953905
v 113.260496 132.075596 213.080311
v 88.3445978 -363.827205 135.028696
v 48.526299 -374.324894 180.750406
v 33.0291986 -374.019098 124.779105
v -129.885805 -22.6701006 220.790195
v -115.559602 -75.1900017 154.018199
v -112.410605 -50.0068009 214.290595
v -116.791904 163.884604 353.0056
v -91.3994014 219.138193 336.597395
v -118.195403 197.656 307.073903
v 140.054595 153.581405 356.857395
v 127.675998 112.6284 367.113209
v 112.502205 137.995803 286.437297
v 112.502205 137.995803 286.437297
v 127.675998 112.6284 367.113209
v 92.1432018 104.966295 283.835506
v 19.3212003 264.372802 367.495489
v -61.3254011 259.810805 349.152899
v -43.2707012 264.04779 375.346899
v -124.067497 58.6763024 376.580501
v -124.077594 101.275599 383.765507
v -120.3385 78.4659028 341.130209
v 95.0217009 -47.1964002 339.415312
v 106.332803 22.5756004 337.730598
v 98.5665977 -26.6819 402.672815
v 98.5665977 -26.6819 402.672815
v 106.332803 22.5756004 337.730598
v 102.470899 36.3624007 387.662792
v 25.9232998 -98.0898976 595.780277
v 17.2006994 -113.653505 601.984978
v 39.0271008 -97.3975003 589.646101
v 39.0271008 -97.3975003 589.646101
v 17.2006994 -113.653505 601.984978
v 32.6698989 -170.158505 545.843601
v -118.195403 197.656 307.073903
v -120.339799 179.905999 244.685197
v -120.970094 140.727699 312.668109
v -120.970094 140.727699 312.668109
v -120.339799 179.905999 244.685197
v -122.145295 140.786695 284.82511
v -117.649305 -36.8019998 7.57239982
v -101.477599 -57.1053982 11.6207004
v -122.753096 -55.1981986 52.8231025
v -122.753096 -55.1981986 52.8231025
v -101.477599 -57.1053982 11.6207004
v -99.921 -92.0579016 55.8990002
v 128.044403 -280.097294 306.221199
v 117.035306 -286.370301 256.764197
v 125.500798 -284.483194 237.987709
v 77.8797984 345.452905 222.902799
v 121.358001 335.953999 224.990702
v 95.0064003 374.324894 145.268095
v -91.7521 -86.4243984 339.596605
v -93.3284998 -45.054999 287.954402
v -92.1675026 -60.8928025 287.094092
v -93.3284998 -45.054999 287.954402
v -91.7521 -86.4243984 339.596605
v -103.353405 -17.0532003 358.537102
v 129.307699 -46.0132986 74.2928028
v 136.693799 -104.841101 14.5279005
v 126.780796 -33.1656992 17.2454
v 100.150096 -357.624602 299.511695
v 64.4931018 -346.4571 367.131901
v 67.1101987 -354.568505 300.712895
v 121.505594 28.7984014 20.3069001
v 96.955198 -21.6352001 12.9087999
v 66.6998029 23.4356001 15.2551994
v 69.729197 -20.4628006 13.4352997
v 96.955198 -21.6352001 12.9087999
v 79.9908996 -29.9347997 8.2791999
v -89.9532974 -107.193601 115.306306
v -91.5132999 -79.3824017 169.129896
v -108.240199 -109.233904 107.324302
v -108.240199 -109.233904 107.324302
v -98.2391 -84.9170029 162.708902
v -115.559602 -75.1900017 154.018199
v -35.7735991 -269.707108 173.021996
v -38.0971014 -280.889893 130.638194
v -25.711 -328.38769 175.085294
v -25.711 -328.38769 175.085294
v -38.0971014 -280.889893 130.638194
v -42.2580987 -327.252007 123.142898
v -17.1154007 99.4175017 17.5413996
v 18.2882994 11.2746 15.3171003
v -34.8282993 -40.2686 17.7807003
v 55.0813019 335.620499 425.029612
v 19.3212003 264.372802 367.495489
v 42.9143995 262.042403 440.784788
v 62.866801 -291.377807 369.079995
v 15.6958997 -245.236897 413.999414
v 4.98659983 -283.542395 352.251101
v -64.2336011 -241.716695 125.316298
v -83.0101013 -171.286404 163.071799
v -78.4087002 -173.497903 115.671206
v 74.2753029 -158.683801 12.2959003
v 102.969897 -43.5088009 9.84999985
v 75.3372014 -186.433303 7.91279972
v 75.3372014 -186.433303 7.91279972
v 102.969897 -43.5088009 9.84999985
v 112.150002 -190.075302 2.18620002
v -106.526101 79.5534015 10.1535998
v -84.4843984 159.523702 1.7577
v -75.088799 146.677804 5.27000017
v -117.229795 311.451697 78.7567019
v -122.424603 238.390493 150.029302
v -116.691899 307.602692 141.795599
v -122.424603 238.390493 150.029302
v -117.229795 311.451697 78.7567019
v -124.206901 263.864303 69.5743978
v -99.921 -92.0579016 55.8990002
v -89.9532974 -107.193601 115.306306
v -108.240199 -109.233904 107.324302
v -37.6204014 -114.884198 12.1124998
v -64.0187025 -84.5524013 20.1291993
v -34.8282993 -40.2686 17.7807003
v 139.245701 124.006295 428.774595
v 102.470899 36.3624007 387.662792
v 127.675998 112.6284 367.113209
v 127.675998 112.6284 367.113209
v 102.470899 36.3624007 387.662792
v 106.332803 22.5756004 337.730598
v -121.796405 72.8182971 280.32639
v -122.732103 77.8394997 326.6922
v -122.3436 81.1230004 294.25621
v -103.677499 266.842699 251.971507
v -88.5330975 354.5784 138.360703
v -116.691899 307.602692 141.795599
v 136.201 98.6527979 73.9871025
v 129.567397 161.869395 3.05179991
v 137.490201 199.548805 75.5611002
v 27.2105992 -60.6464028 602.379513
v 38.3329988 -49.1084009 590.978003
v 13.2135004 -23.8077 593.289185
v 13.2135004 -23.8077 593.289185
v 38.3329988 -49.1084009 590.978003
v 46.8546003 -9.66859981 568.548584
v 70.5398023 197.191596 8.60119984
v 97.7101028 199.168801 3.72669995
v 79.4275999 124.710405 5.60769998
v -8.22380036 275.073195 16.5946007
v -12.8931999 222.839093 11.4090003
v -78.492099 290.760899 11.8988998
v 11.8515 295.66679 197.297299
v 12.1123999 230.886102 207.922006
v 10.8616002 240.642595 214.615798
v 121.358001 335.953999 224.990702
v 125.019002 239.286494 213.691401
v 129.006696 353.11079 143.543804
v 129.006696 353.11079 143.543804
v 125.019002 239.286494 213.691401
v 140.0967 238.167 145.539701
v 56.3637972 340.904307 373.484302
v 22.0247 314.700198 347.590899
v 55.0813019 335.620499 425.029612
v 24.4933993 -301.515508 7.69840032
v 78.274399 -291.520309 9.42609981
v 35.0012004 -357.997489 8.10189992
v -115.559602 -75.1900017 154.018199
v -98.2391 -84.9170029 162.708902
v -112.410605 -50.0068009 214.290595
v -112.410605 -50.0068009 214.290595
v -91.3568974 -65.8710003 213.980007
v -88.2579029 -76.8377006 226.339602
v -91.5132999 -79.3824017 169.129896
v -91.3568974 -65.8710003 213.980007
v -112.410605 -50.0068009 214.290595
v 85.9762013 211.506295 489.732313
v 97.2280025 144.316304 503.976917
v 112.258303 154.565001 457.303476
v -42.9603994 -150.483596 10.2430999
v -51.8737018 -133.005202 24.9523997
v -37.6204014 -114.884198 12.1124998
v -133.959103 159.174705 149.446595
v -124.097896 166.578603 85.3516996
v -137.311602 156.161499 84.5948994
v -75.088799 146.677804 5.27000017
v -17.1154007 99.4175017 17.5413996
v -69.2403972 67.6796019 3.01949997
v 100.150096 -357.624602 299.511695
v 67.1101987 -354.568505 300.712895
v 98.7644017 -347.767711 238.860297
v -5.87520003 227.844691 66.7127013
v 23.3270004 242.172098 23.1681004
v -7.4124001 226.678205 27.4502993
v -137.8968 86.2379014 210.323596
v -128.683805 74.4529009 209.215212
v -134.006 120.462704 227.633095
v -134.006 120.462704 227.633095
v -123.535299 85.2419972 216.317105
v -120.1213 131.2572 243.890905
v -82.1241975 -23.8184005 560.489607
v -81.4628005 84.1548979 545.806599
v -100.884795 77.1335006 480.283213
v -100.884795 77.1335006 480.283213
v -81.4628005 84.1548979 545.806599
v -97.6050973 82.8568995 482.759094
v -108.934402 190.322399 445.659781
v -78.6469996 225.437403 480.895519
v -83.3496988 233.622193 409.001923
v -78.6469996 225.437403 480.895519
v -108.934402 190.322399 445.659781
v -94.3886995 207.222795 471.616411
v 70.7001984 347.458601 373.18821
v 103.964901 309.00631 306.373
v 60.3841007 342.879796 290.56859
v 2.0947 -260.736799 292.1381
v 4.98659983 -283.542395 352.251101
v -23.3017996 -207.729602 341.624904
v -81.1237991 211.554694 7.55269974
v -75.088799 146.677804 5.27000017
v -84.4843984 159.523702 1.7577
v 79.4275999 124.710405 5.60769998
v 121.505594 28.7984014 20.3069001
v 66.6998029 23.4356001 15.2551994
v -113.533294 -29.7033012 279.494309
v -129.033005 2.17630006 339.730191
v -128.920698 -4.00220007 281.600308
v 12.2828998 -101.683104 597.541285
v 15.8004001 -66.5350974 609.103298
v -20.0856 -116.401196 598.541212
v 32.6698989 -170.158505 545.843601
v 31.8242013 -187.1876 452.635908
v 71.9224989 -172.913098 472.627878
v 122.115397 49.7961015 129.804003
v 136.832201 112.169695 140.588903
v 130.779898 102.604401 150.135505
v -129.885805 -22.6701006 220.790195
v -113.533294 -29.7033012 279.494309
v -128.920698 -4.00220007 281.600308
v 33.6295009 193.089497 523.679495
v 52.3743987 135.764503 536.3626
v 52.6507974 190.434897 512.151098
v -17.2059998 321.016598 133.169496
v -6.24059997 285.300589 76.5366018
v -19.8688999 335.265088 72.2980976
v -139.644396 123.017097 17.2459006
v -124.532199 128.230906 15.2824998
v -137.235403 89.1198993 20.2244997
v -137.235403 89.1198993 20.2244997
v -124.532199 128.230906 15.2824998
v -122.618699 69.2272007 22.6427004
v -49.3194014 255.270195 270.377588
v -74.2570996 232.154608 281.719899
v -55.7528973 251.374006 283.74939
v -1.75190009 -274.011993 288.470101
v -0.0796000008 -265.573692 276.514792
v -1.62850004 -316.320109 287.2118
v -3.78669985 -311.457992 274.329901
v -0.0796000008 -265.573692 276.514792
v -6.95400015 -314.641595 238.234591
v -6.95400015 -314.641595 238.234591
v -8.29259977 -265.610194 230.531907
v -15.0718004 -302.031708 231.375599
v 132.392704 -123.975503 188.758504
v 128.856695 -206.885791 247.96319
v 134.814501 -210.70919 188.749003
v 30.3355008 -359.59661 73.9301026
v -42.2580987 -327.252007 123.142898
v -43.3573991 -324.559498 68.6218023
v -43.3573991 -324.559498 68.6218023
v -45.5944002 -301.386404 117.851996
v -38.7187988 -287.402606 68.7357008
v -48.0325997 -267.284298 125.857401
v -52.7245998 -227.178788 72.3047972
v -40.1271999 -256.438398 69.9889004
v -97.6382971 -46.3396013 279.274893
v -93.3284998 -45.054999 287.954402
v -113.533294 -29.7033012 279.494309
v -122.000003 4.35680002 358.061194
v -103.353405 -17.0532003 358.537102
v -107.877696 -3.88090014 361.480904
v -123.778999 66.4229989 393.461895
v -124.067497 58.6763024 376.580501
v -122.2067 50.732398 380.799198
v 12.5838995 -330.876589 347.846007
v 62.866801 -291.377807 369.079995
v 4.98659983 -283.542395 352.251101
v 98.7644017 -347.767711 238.860297
v 101.473701 -308.428311 189.027596
v 111.137104 -312.784195 246.710396
v 125.272095 50.6264985 170.832705
v 93.3762014 52.1833003 165.172398
v 101.928699 46.8344986 186.489904
v -122.618699 69.2272007 22.6427004
v -124.532199 128.230906 15.2824998
v -106.526101 79.5534015 10.1535998
v 127.773404 -131.898999 375.165391
v 95.7349002 -171.631205 389.798498
v 130.016398 -185.916996 391.181493
v 125.272095 50.6264985 170.832705
v 126.236105 -1.22910002 122.868502
v 122.115397 49.7961015 129.804003
v 127.137303 -219.284391 440.144205
v 122.089398 -172.098994 443.075895
v 98.912102 -231.000495 454.953384
v 98.912102 -231.000495 454.953384
v 93.5778975 -172.010195 462.420511
v 97.5355029 -183.697999 471.70248
v -72.9263008 -141.164994 74.2864013
v -78.4087002 -173.497903 115.671206
v -81.2077999 -144.490695 119.275606
v 125.001502 -153.743804 295.462203
v 128.856695 -206.885791 247.96319
v 114.629102 -139.754295 258.88381
v 12.5838995 -330.876589 347.846007
v 4.98659983 -283.542395 352.251101
v -1.62850004 -316.320109 287.2118
v -1.62850004 -316.320109 287.2118
v 2.0947 -260.736799 292.1381
v -1.75190009 -274.011993 288.470101
v 84.4260991 272.049999 14.7208005
v 130.9955 256.328607 6.97259977
v 125.3214 248.176098 5.52980006
v 52.3743987 135.764503 536.3626
v 83.9716017 185.480297 501.820183
v 52.6507974 190.434897 512.151098
v 139.747405 -176.609397 0
v 112.150002 -190.075302 2.18620002
v 134.527194 -118.931603 4.20669988
v 134.527194 -118.931603 4.20669988
v 112.150002 -190.075302 2.18620002
v 125.807095 -91.1432981 11.2754002
v 96.955198 -21.6352001 12.9087999
v 102.969897 -43.5088009 9.84999985
v 79.9908996 -29.9347997 8.2791999
v 79.9908996 -29.9347997 8.2791999
v 102.969897 -43.5088009 9.84999985
v 75.1363993 -77.5650024 14.4899994
v -34.0021014 218.013906 503.422594
v 30.756101 233.334899 476.724815
v -30.7410002 254.205203 454.552984
v 115.343702 101.589704 461.60059
v 102.470899 36.3624007 387.662792
v 139.245701 124.006295 428.774595
v 27.9801011 306.9803 20.0086996
v 32.0679009 262.848091 65.7772005
v 35.4045987 339.070702 74.7196019
v 118.0233 -263.4444 375.770903
v 113.260806 -272.500205 368.725801
v 121.931696 -267.456007 378.046894
v 121.931696 -267.456007 378.046894
v 113.260806 -272.500205 368.725801
v 129.189599 -258.635902 359.871888
v 129.189599 -258.635902 359.871888
v 113.260806 -272.500205 368.725801
v 129.457104 -268.73641 313.236499
v 129.457104 -268.73641 313.236499
v 116.056097 -289.835691 307.571292
v 128.044403 -280.097294 306.221199
v -122.753096 -55.1981986 52.8231025
v -108.240199 -109.233904 107.324302
v -129.673696 -70.9855974 96.469599
v -34.0021014 218.013906 503.422594
v 17.1233997 138.449705 547.941303
v 33.6295009 193.089497 523.679495
v -81.8337977 -68.026799 543.167591
v -68.6159015 -84.2311978 559.628916
v -43.1980014 -68.0202007 603.174686
v 66.6998029 23.4356001 15.2551994
v 69.729197 -20.4628006 13.4352997
v 33.9987993 -6.79510012 9.88140032
v 33.9987993 -6.79510012 9.88140032
v 23.4035999 -61.0827982 14.7523999
v 17.3852995 -35.0358009 12.0963
v 69.729197 -20.4628006 13.4352997
v 23.4035999 -61.0827982 14.7523999
v 33.9987993 -6.79510012 9.88140032
v 17.1233997 138.449705 547.941303
v 50.3479004 77.7180016 542.147398
v 52.3743987 135.764503 536.3626
v 55.0813019 335.620499 425.029612
v 71.3620007 244.447303 445.623589
v 85.847801 351.840806 435.913706
v 117.262602 -9.15279984 309.909606
v 99.7494996 18.5507998 265.171504
v 109.585798 0.375599996 324.447703
v -82.1241975 -23.8184005 560.489607
v -43.1980014 -68.0202007 603.174686
v -47.4723995 -21.9239995 593.663502
v -88.2579029 -76.8377006 226.339602
v -80.0127029 -112.6665 217.9775
v -88.8019025 -111.782503 265.6147
v -78.4550011 274.349189 277.316999
v -36.8568987 240.925908 225.041103
v -44.6065992 273.717189 222.916508
v -15.0718004 -302.031708 231.375599
v -28.0800015 -275.875902 189.644396
v -24.7151002 -308.995008 190.923095
v 48.6737996 346.939707 141.938901
v 77.8797984 345.452905 222.902799
v 95.0064003 374.324894 145.268095
v -101.070201 87.3138011 473.972702
v -93.8544989 123.810005 481.243277
v -114.680696 117.974901 453.035116
v -114.680696 117.974901 453.035116
v -93.8544989 123.810005 481.243277
v -108.8588 177.8216 453.025389
v 71.4163005 352.883005 16.5484995
v 84.4260991 272.049999 14.7208005
v 27.9801011 306.9803 20.0086996
v 27.9801011 306.9803 20.0086996
v 27.3357987 242.791796 15.2834997
v 23.3270004 242.172098 23.1681004
v -72.9263008 -141.164994 74.2864013
v -64.0187025 -84.5524013 20.1291993
v -51.8737018 -133.005202 24.9523997
v 132.392704 -123.975503 188.758504
v 134.925604 -189.514601 72.2809017
v 129.307699 -46.0132986 74.2928028
v -132.0768 156.4623 233.938694
v -120.1213 131.2572 243.890905
v -120.339799 179.905999 244.685197
v 87.2473001 -83.1854999 557.502699
v 46.0305989 -61.6176009 588.442087
v 39.0271008 -97.3975003 589.646101
v 46.0305989 -61.6176009 588.442087
v 87.2473001 -83.1854999 557.502699
v 83.8061988 -47.9445994 543.864489
v 103.964901 309.00631 306.373
v 127.099895 232.377195 365.330195
v 104.8509 230.227399 296.539593
v -51.6264021 -213.654709 211.891794
v -73.1414974 -156.537604 209.627199
v -66.5705979 -223.302889 169.410598
v -66.5705979 -223.302889 169.410598
v -73.1414974 -156.537604 209.627199
v -83.0101013 -171.286404 163.071799
v -88.2579029 -76.8377006 226.339602
v -91.3568974 -65.8710003 213.980007
v -80.0127029 -112.6665 217.9775
v -112.410605 -50.0068009 214.290595
v -97.6382971 -46.3396013 279.274893
v -113.533294 -29.7033012 279.494309
v -1.48 -192.203701 513.649321
v -34.5061004 -199.168003 515.307188
v -6.70500025 -182.7492 434.813976
v 89.053899 18.7961996 472.570276
v 98.5665977 -26.6819 402.672815
v 102.470899 36.3624007 387.662792
v 125.558996 -9.09340009 173.997295
v 132.392704 -123.975503 188.758504
v 126.236105 -1.22910002 122.868502
v -76.6933024 -82.5493991 417.596102
v -103.353405 -17.0532003 358.537102
v -91.7521 -86.4243984 339.596605
v -1.18819997 273.782301 140.397096
v -11.4207998 229.580212 81.8565011
v -6.24059997 285.300589 76.5366018
v -50.7524014 -153.172898 425.815487
v -29.0515989 -200.278401 357.196093
v -48.5608995 -187.568104 445.763922
v -20.0856 -116.401196 598.541212
v 17.2006994 -113.653505 601.984978
v 12.2828998 -101.683104 597.541285
v 17.2006994 -113.653505 601.984978
v -20.0856 -116.401196 598.541212
v 1.68340001 -172.624302 573.467112
v -128.592503 66.5727019 61.5154982
v -140.538204 79.9022019 105.580902
v -142.590499 82.7848017 61.9109988
v -140.538204 79.9022019 105.580902
v -131.944501 63.8020992 126.516998
v -140.067005 72.3613024 136.852801
v -131.944501 63.8020992 126.516998
v -140.538204 79.9022019 105.580902
v -129.454398 61.0639989 113.589799
v 121.1676 167.997396 430.668306
v 143.125606 166.025698 421.659184
v 128.085101 234.776592 430.835676
v 127.099895 232.377195 365.330195
v 140.054595 153.581405 356.857395
v 104.8509 230.227399 296.539593
v 104.8509 230.227399 296.539593
v 112.502205 137.995803 286.437297
v -61.9382024 -95.2817023 573.961878
v -42.5121009 -110.263598 583.284807
v -43.1980014 -68.0202007 603.174686
v -42.5121009 -110.263598 583.284807
v -34.9397004 -75.4473984 605.957317
v -43.1980014 -68.0202007 603.174686
v -42.5121009 -110.263598 583.284807
v -61.9382024 -95.2817023 573.961878
v -58.0327988 -112.979102 575.730515
v 127.135706 -48.9003003 251.860404
v 113.732195 2.04799995 262.485194
v 117.262602 -9.15279984 309.909606
v -26.828599 -258.982611 9.1211997
v -39.3382013 -301.634002 12.4099001
v -36.283201 -272.680807 5.80650009
v -115.469503 317.9533 12.8527999
v -116.388202 266.628289 9.42519978
v -118.433404 317.072296 66.0335004
v -118.433404 317.072296 66.0335004
v -124.206901 263.864303 69.5743978
v -117.229795 311.451697 78.7567019
v 21.8199998 178.874505 16.3314998
v 26.0738999 130.317402 14.9306998
v -16.9542 161.270201 15.1050001
v -16.9542 161.270201 15.1050001
v 18.5792997 108.640695 10.1265997
v -17.1154007 99.4175017 17.5413996
v 108.772194 -354.760289 59.9520028
v 133.251905 -281.918001 3.76100019
v 136.4344 -256.089807 67.909801
v 136.4344 -256.089807 67.909801
v 133.251905 -281.918001 3.76100019
v 138.014996 -263.614297 5.18239997
v 133.251905 -281.918001 3.76100019
v 108.772194 -354.760289 59.9520028
v 106.060898 -347.825599 9.17590037
v -117.710805 117.402399 345.529699
v -116.791904 163.884604 353.0056
v -120.970094 140.727699 312.668109
v 130.779898 102.604401 150.135505
v 93.3762014 52.1833003 165.172398
v 122.115397 49.7961015 129.804003
v 93.3762014 52.1833003 165.172398
v 130.779898 102.604401 150.135505
v 97.0409989 98.4744012 171.9877
v -116.647601 237.486005 13.1173998
v -125.760996 187.440705 14.1606003
v -125.2056 240.270495 69.9437976
v -125.2056 240.270495 69.9437976
v -127.737796 172.288895 26.7053008
v -124.097896 166.578603 85.3516996
v 97.5355029 -183.697999 471.70248
v 79.3896973 -231.100392 455.839205
v 98.912102 -231.000495 454.953384
v 79.3896973 -231.100392 455.839205
v 97.5355029 -183.697999 471.70248
v 71.9224989 -172.913098 472.627878
v 92.1432018 104.966295 283.835506
v 106.332803 22.5756004 337.730598
v 91.5710986 42.3078001 246.363902
v -101.070201 87.3138011 473.972702
v -97.6050973 82.8568995 482.759094
v -93.8544989 123.810005 481.243277
v -93.8544989 123.810005 481.243277
v -81.4628005 84.1548979 545.806599
v -80.7546973 139.119804 543.569279
v 130.016398 -185.916996 391.181493
v 95.7349002 -171.631205 389.798498
v 122.089398 -172.098994 443.075895
v 127.773404 -131.898999 375.165391
v 133.213496 -212.406898 317.596698
v 125.001502 -153.743804 295.462203
v 125.001502 -153.743804 295.462203
v 133.213496 -212.406898 317.596698
v 127.285004 -216.00461 259.57849
v 125.019002 239.286494 213.691401
v 113.260496 132.075596 213.080311
v 140.0967 238.167 145.539701
v 140.0967 238.167 145.539701
v 113.260496 132.075596 213.080311
v 131.381905 112.915301 158.953905
v 114.753902 -273.551702 187.246895
v 111.2131 -292.199397 174.279404
v 132.282102 -260.426998 183.312905
v 132.282102 -260.426998 183.312905
v 105.761802 -289.978695 154.802501
v 131.248605 -268.735504 142.169595
v -19.8688999 335.265088 72.2980976
v -34.098801 327.979302 14.1973004
v -77.5147974 358.059692 75.0594974
v -77.5147974 358.059692 75.0594974
v -34.098801 327.979302 14.1973004
v -85.1828992 365.436506 65.2411997
v -85.1828992 365.436506 65.2411997
v -34.098801 327.979302 14.1973004
v -89.398402 357.494211 16.2744999
v 88.3445978 -363.827205 135.028696
v 30.3355008 -359.59661 73.9301026
v 108.772194 -354.760289 59.9520028
v -92.1675026 -60.8928025 287.094092
v -81.2546015 -148.402703 304.631209
v -91.7521 -86.4243984 339.596605
v 64.4931018 -346.4571 367.131901
v 12.5838995 -330.876589 347.846007
v 67.1101987 -354.568505 300.712895
v 67.1101987 -354.568505 300.712895
v 12.5838995 -330.876589 347.846007
v 9.83040035 -316.243792 287.648106
v 84.4260991 272.049999 14.7208005
v 70.5398023 197.191596 8.60119984
v 27.3357987 242.791796 15.2834997
v 27.3357987 242.791796 15.2834997
v 70.5398023 197.191596 8.60119984
v 20.2489004 223.441601 16.0156995
v 106.052399 331.379795 435.280514
v 71.3620007 244.447303 445.623589
v 93.9535022 228.625989 453.558111
v -118.433404 317.072296 66.0335004
v -89.398402 357.494211 16.2744999
v -115.469503 317.9533 12.8527999
v -75.0437021 249.93329 330.306792
v -55.7528973 251.374006 283.74939
v -74.2570996 232.154608 281.719899
v -80.7546973 139.119804 543.569279
v -42.3554987 126.201797 550.4776
v -83.1426978 207.309699 534.048319
v -83.1426978 207.309699 534.048319
v -42.3554987 126.201797 550.4776
v -34.0021014 218.013906 503.422594
v -95.885098 181.874001 363.601208
v -121.084094 188.476598 410.711813
v -83.3496988 233.622193 409.001923
v 83.3904982 10.0606002 533.561802
v 72.6534009 -25.2912015 558.1707
v 86.5386009 -23.9534006 532.291317
v 72.6534009 -25.2912015 558.1707
v 83.3904982 10.0606002 533.561802
v 46.8546003 -9.66859981 568.548584
v 46.8546003 -9.66859981 568.548584
v 53.8335979 82.4505985 541.539097
v 50.3479004 77.7180016 542.147398
v 129.376101 13.7342006 70.4804003
v 122.115397 49.7961015 129.804003
v 126.236105 -1.22910002 122.868502
v 59.831202 -244.479704 443.698692
v 31.8242013 -187.1876 452.635908
v 15.6958997 -245.236897 413.999414
v 15.6958997 -245.236897 413.999414
v -6.70500025 -182.7492 434.813976
v -6.31970018 -196.176302 423.5991
v -17.2059998 321.016598 133.169496
v -77.5147974 358.059692 75.0594974
v -88.5330975 354.5784 138.360703
v -88.5330975 354.5784 138.360703
v -77.5147974 358.059692 75.0594974
v -85.7392013 369.837403 88.0267024
v -77.5147974 358.059692 75.0594974
v -17.2059998 321.016598 133.169496
v -19.8688999 335.265088 72.2980976
v 88.3445978 -363.827205 135.028696
v 108.772194 -354.760289 59.9520028
v 131.248605 -268.735504 142.169595
v 131.248605 -268.735504 142.169595
v 108.772194 -354.760289 59.9520028
v 136.4344 -256.089807 67.909801
v 115.455902 -62.4741018 324.102211
v 96.0000992 -139.473701 305.7199
v 125.001502 -153.743804 295.462203
v 111.2131 -292.199397 174.279404
v 99.1861999 -313.697195 155.335295
v 105.761802 -289.978695 154.802501
v 71.3620007 244.447303 445.623589
v 89.6504998 208.505297 473.40641
v 93.9535022 228.625989 453.558111
v 30.756101 233.334899 476.724815
v 52.6507974 190.434897 512.151098
v 80.0442994 211.642599 482.94282
v 70.7001984 347.458601 373.18821
v 85.847801 351.840806 435.913706
v 108.950806 327.995992 378.501391
v 85.847801 351.840806 435.913706
v 56.3637972 340.904307 373.484302
v 55.0813019 335.620499 425.029612
v 27.2105992 -60.6464028 602.379513
v 46.0305989 -61.6176009 588.442087
v 38.3329988 -49.1084009 590.978003
v -83.3496988 233.622193 409.001923
v -30.7410002 254.205203 454.552984
v -43.2707012 264.04779 375.346899
v -43.3573991 -324.559498 68.6218023
v -39.3382013 -301.634002 12.4099001
v 30.3355008 -359.59661 73.9301026
v 113.260806 -272.500205 368.725801
v 112.787497 -310.331011 373.953795
v 116.056097 -289.835691 307.571292
v 116.056097 -289.835691 307.571292
v 112.787497 -310.331011 373.953795
v 111.137104 -312.784195 246.710396
v -116.647601 237.486005 13.1173998
v -125.8407 171.142995 13.8742998
v -125.760996 187.440705 14.1606003
v -3.75100002 306.3236 254.630208
v 10.8616002 240.642595 214.615798
v -5.18720001 263.2514 297.841096
v -118.929994 93.958199 275.536203
v -121.796405 72.8182971 280.32639
v -122.3436 81.1230004 294.25621
v -125.8407 171.142995 13.8742998
v -127.737796 172.288895 26.7053008
v -125.760996 187.440705 14.1606003
v -120.377803 53.7238002 396.522093
v -122.2067 50.732398 380.799198
v -123.243201 46.0083008 389.507699
v -100.884795 77.1335006 480.283213
v -101.070201 87.3138011 473.972702
v -97.2240984 68.9496994 463.531017
v -97.2240984 68.9496994 463.531017
v -101.070201 87.3138011 473.972702
v -106.0655 73.7098992 461.11722
v -108.8588 177.8216 453.025389
v -108.934402 190.322399 445.659781
v -114.523304 184.034503 441.785002
v 97.5355029 -183.697999 471.70248
v 93.5778975 -172.010195 462.420511
v 86.8484974 -176.960301 472.294521
v 93.5778975 -172.010195 462.420511
v 95.5739021 -161.491001 465.698385
v 86.8484974 -176.960301 472.294521
v -97.6382971 -46.3396013 279.274893
v -92.1675026 -60.8928025 287.094092
v -93.3284998 -45.054999 287.954402
v 106.332803 22.5756004 337.730598
v 100.617397 -3.61919999 334.402108
v 109.585798 0.375599996 324.447703
v -83.0101013 -171.286404 163.071799
v -88.8078988 -148.821497 161.345696
v -81.3799024 -154.226196 138.869596
v 23.3270004 242.172098 23.1681004
v 27.3357987 242.791796 15.2834997
v 20.2489004 223.441601 16.0156995
v 111.120403 -288.452196 380.067301
v 118.0233 -263.4444 375.770903
v 109.3817 -267.403507 405.411005
v -36.7716998 -245.393205 5.1665999
v -26.828599 -258.982611 9.1211997
v -36.283201 -272.680807 5.80650009
v 125.3214 248.176098 5.52980006
v 133.642805 234.175396 12.9421994
v 131.965601 223.035002 2.70680003
v 79.3896973 -231.100392 455.839205
v 59.831202 -244.479704 443.698692
v 96.6454983 -283.819795 412.017822
v 60.3841007 342.879796 290.56859
v 47.992 339.085698 282.847095
v 47.0885009 343.927789 299.949002
v 83.8061988 -47.9445994 543.864489
v 86.5386009 -23.9534006 532.291317
v 72.6534009 -25.2912015 558.1707
v -43.1980014 -68.0202007 603.174686
v -34.9397004 -75.4473984 605.957317
v -29.0580988 -59.1432989 609.293413
v 25.9232998 -98.0898976 595.780277
v 12.2828998 -101.683104 597.541285
v 17.2006994 -113.653505 601.984978
v 27.2105992 -60.6464028 602.379513
v 15.8004001 -66.5350974 609.103298
v 25.9232998 -98.0898976 595.780277
v -68.6159015 -84.2311978 559.628916
v -67.1081007 -115.177906 540.71002
v -61.9382024 -95.2817023 573.961878
v -78.492099 290.760899 11.8988998
v -34.098801 327.979302 14.1973004
v -16.8968007 309.789395 23.2910007
v -75.088799 146.677804 5.27000017
v -90.8147991 -57.9092026 12.1688999
v -101.477599 -57.1053982 11.6207004
v -107.303405 43.6131001 394.673491
v -106.0655 73.7098992 461.11722
v -112.469995 59.7249985 403.672981
v 32.6698989 -170.158505 545.843601
v 1.68340001 -172.624302 573.467112
v -2.39899997 -183.303797 555.151796
v -6.95400015 -314.641595 238.234591
v -24.7151002 -308.995008 190.923095
v -25.711 -328.38769 175.085294
v -35.7735991 -269.707108 173.021996
v -24.7151002 -308.995008 190.923095
v -28.0800015 -275.875902 189.644396
v -78.4087002 -173.497903 115.671206
v -81.3799024 -154.226196 138.869596
v -81.2077999 -144.490695 119.275606
v -5.18720001 263.2514 297.841096
v -49.1676986 265.306902 311.379504
v -61.3254011 259.810805 349.152899
v -6.31970018 -196.176302 423.5991
v -29.0515989 -200.278401 357.196093
v -23.3017996 -207.729602 341.624904
v 109.3817 -267.403507 405.411005
v 96.6454983 -283.819795 412.017822
v 111.120403 -288.452196 380.067301
v -17.2059998 321.016598 133.169496
v -58.6410999 306.957507 204.709792
v -56.318301 290.307999 214.96501
v 56.3637972 340.904307 373.484302
v 60.3841007 342.879796 290.56859
v 47.0885009 343.927789 299.949002
v -143.125606 127.016795 73.7915993
v -140.538204 79.9022019 105.580902
v -141.425204 86.1736 135.682201
v 114.753902 -273.551702 187.246895
v 117.035306 -286.370301 256.764197
v 101.473701 -308.428311 189.027596
v 106.332803 22.5756004 337.730598
v 99.7494996 18.5507998 265.171504
v 91.5710986 42.3078001 246.363902
v 116.986096 6.43030033 246.224499
v 99.7494996 18.5507998 265.171504
v 113.732195 2.04799995 262.485194
v -40.3297991 -3.81290019 601.153994
v -43.1980014 -68.0202007 603.174686
v -29.0580988 -59.1432989 609.293413
v -42.0379996 -170.899498 4.90109995
v 4.62910011 -143.710995 17.0158997
v 14.3647999 -182.144701 8.79409984
v 72.6534009 -25.2912015 558.1707
v 46.0305989 -61.6176009 588.442087
v 83.8061988 -47.9445994 543.864489
v -130.692303 49.197799 129.6772
v -128.683805 74.4529009 209.215212
v -131.944501 63.8020992 126.516998
v -5.87520003 227.844691 66.7127013
v 38.1810993 264.219999 74.3242025
v 32.0679009 262.848091 65.7772005
v 88.1829977 -150.471699 533.704376
v 87.2473001 -83.1854999 557.502699
v 83.4931016 -166.949606 549.783993
v -129.033005 2.17630006 339.730191
v -120.3385 78.4659028 341.130209
v -122.732103 77.8394997 326.6922
v 13.2135004 -23.8077 593.289185
v 15.5947998 -77.4507999 603.566885
v 27.2105992 -60.6464028 602.379513
v -122.3436 81.1230004 294.25621
v -122.145295 140.786695 284.82511
v -118.929994 93.958199 275.536203
v -124.206901 263.864303 69.5743978
v -116.647601 237.486005 13.1173998
v -125.2056 240.270495 69.9437976
v -0.0796000008 -265.573692 276.514792
v -53.9538026 -197.4576 264.488196
v -45.5837995 -202.715206 249.77119
v 86.8484974 -176.960301 472.294521
v 88.1829977 -150.471699 533.704376
v 83.4931016 -166.949606 549.783993
v 138.355303 222.427201 131.730294
v 131.381905 112.915301 158.953905
v 136.832201 112.169695 140.588903
v 18.2882994 11.2746 15.3171003
v 17.3852995 -35.0358009 12.0963
v -34.8282993 -40.2686 17.7807003
v -5.87520003 227.844691 66.7127013
v -12.8931999 222.839093 11.4090003
v -11.4207998 229.580212 81.8565011
v 99.1581023 209.725595 9.44219977
v 131.965601 223.035002 2.70680003
v 97.7101028 199.168801 3.72669995
v 139.245701 124.006295 428.774595
v 140.054595 153.581405 356.857395
v 143.125606 166.025698 421.659184
v -12.8480002 249.848008 281.894994
v 10.8616002 240.642595 214.615798
v 0.634799991 230.284095 217.837191
v -7.4124001 226.678205 27.4502993
v 20.2489004 223.441601 16.0156995
v -12.8931999 222.839093 11.4090003
v 133.0634 -268.823695 256.1239
v 128.856695 -206.885791 247.96319
v 127.285004 -216.00461 259.57849
v 14.3647999 -182.144701 8.79409984
v 74.2753029 -158.683801 12.2959003
v 75.3372014 -186.433303 7.91279972
v 126.780796 -33.1656992 17.2454
v 136.693799 -104.841101 14.5279005
v 125.807095 -91.1432981 11.2754002
v 75.1363993 -77.5650024 14.4899994
v 69.729197 -20.4628006 13.4352997
v 79.9908996 -29.9347997 8.2791999
v 18.2882994 11.2746 15.3171003
v 32.2795004 118.918502 6.5252997
v 33.9987993 -6.79510012 9.88140032
v 133.0634 -268.823695 256.1239
v 128.044403 -280.097294 306.221199
v 125.500798 -284.483194 237.987709
v -108.8588 177.8216 453.025389
v -117.840898 114.455402 443.088388
v -114.680696 117.974901 453.035116
v -117.229795 311.451697 78.7567019
v -85.1828992 365.436506 65.2411997
v -118.433404 317.072296 66.0335004
v -93.8544989 123.810005 481.243277
v -89.4814014 221.506596 488.474083
v -94.3886995 207.222795 471.616411
v -123.778999 66.4229989 393.461895
v -120.377803 53.7238002 396.522093
v -115.740395 68.7128007 429.163599
v 1.68340001 -172.624302 573.467112
v -20.0856 -116.401196 598.541212
v -23.4217003 -174.719799 574.413586
v 39.0271008 -97.3975003 589.646101
v 46.0305989 -61.6176009 588.442087
v 27.2105992 -60.6464028 602.379513
v 132.392704 -123.975503 188.758504
v 125.558996 -9.09340009 173.997295
v 127.135706 -48.9003003 251.860404
v -88.5330975 354.5784 138.360703
v -58.6410999 306.957507 204.709792
v -17.2059998 321.016598 133.169496
v -121.796405 72.8182971 280.32639
v -123.535299 85.2419972 216.317105
v -128.920698 -4.00220007 281.600308
v -134.006 120.462704 227.633095
v -133.959103 159.174705 149.446595
v -137.311602 156.161499 84.5948994
v 27.9801011 306.9803 20.0086996
v 35.4045987 339.070702 74.7196019
v 42.7670002 351.193094 64.8397028
v -78.492099 290.760899 11.8988998
v -89.398402 357.494211 16.2744999
v -34.098801 327.979302 14.1973004
v 66.6998029 23.4356001 15.2551994
v 96.955198 -21.6352001 12.9087999
v 69.729197 -20.4628006 13.4352997
v 1.68340001 -172.624302 573.467112
v 32.6698989 -170.158505 545.843601
v 17.2006994 -113.653505 601.984978
v 86.5386009 -23.9534006 532.291317
v 83.8061988 -47.9445994 543.864489
v 90.1768982 -76.7428994 536.4995
v 24.4933993 -301.515508 7.69840032
v 35.0012004 -357.997489 8.10189992
v -39.3382013 -301.634002 12.4099001
v -26.828599 -258.982611 9.1211997
v -129.885805 -22.6701006 220.790195
v -132.914698 -42.1068013 146.656299
v -115.559602 -75.1900017 154.018199
v -129.673696 -70.9855974 96.469599
v -74.4650006 225.60339 360.860801
v -43.2707012 264.04779 375.346899
v -61.3254011 259.810805 349.152899
v -75.0437021 249.93329 330.306792
v -128.920698 -4.00220007 281.600308
v -129.033005 2.17630006 339.730191
v -122.732103 77.8394997 326.6922
v -121.796405 72.8182971 280.32639
v -34.0021014 218.013906 503.422594
v -42.3554987 126.201797 550.4776
v 17.1233997 138.449705 547.941303
v 13.6434004 88.3626997 570.873594
v 129.376101 13.7342006 70.4804003
v 126.236105 -1.22910002 122.868502
v 129.307699 -46.0132986 74.2928028
v 132.392704 -123.975503 188.758504
v -117.710805 117.402399 345.529699
v -120.970094 140.727699 312.668109
v -120.3385 78.4659028 341.130209
v -122.732103 77.8394997 326.6922
v 95.0064003 374.324894 145.268095
v 77.1366 367.171001 69.2951024
v 48.6737996 346.939707 141.938901
v 35.4045987 339.070702 74.7196019
v 75.3372014 -186.433303 7.91279972
v 113.0934 -241.563296 8.75279978
v 78.274399 -291.520309 9.42609981
v 24.4933993 -301.515508 7.69840032
v 117.855597 348.783588 8.12069997
v 130.9955 256.328607 6.97259977
v 84.4260991 272.049999 14.7208005
v 71.4163005 352.883005 16.5484995
v -50.7524014 -153.172898 425.815487
v -34.5061004 -199.168003 515.307188
v -67.1081007 -115.177906 540.71002
v -76.6933024 -82.5493991 417.596102
v -72.7604985 -98.6235976 519.403982
v 86.5386009 -23.9534006 532.291317
v 98.5665977 -26.6819 402.672815
v 89.053899 18.7961996 472.570276
v 83.3904982 10.0606002 533.561802
v -91.5132999 -79.3824017 169.129896
v -87.0329022 -122.581196 158.428705
v -83.8747978 -127.939796 176.3767
v -80.0127029 -112.6665 217.9775
v 96.3222027 -361.336994 183.328497
v 99.1861999 -313.697195 155.335295
v 101.473701 -308.428311 189.027596
v 98.7644017 -347.767711 238.860297
v 136.693799 -104.841101 14.5279005
v 129.307699 -46.0132986 74.2928028
v 134.925604 -189.514601 72.2809017
v 139.747405 -176.609397 0
v 134.814501 -210.70919 188.749003
v 131.248605 -268.735504 142.169595
v 129.751897 -188.813102 139.935696
v 132.392704 -123.975503 188.758504
v 78.274399 -291.520309 9.42609981
v 113.0934 -241.563296 8.75279978
v 106.060898 -347.825599 9.17590037
v 35.0012004 -357.997489 8.10189992
v 88.1829977 -150.471699 533.704376
v 95.5739021 -161.491001 465.698385
v 97.2262025 -75.1299024 483.118391
v 90.1768982 -76.7428994 536.4995
v -36.283201 -272.680807 5.80650009
v -38.7187988 -287.402606 68.7357008
v -40.1271999 -256.438398 69.9889004
v -36.7716998 -245.393205 5.1665999
v -12.8480002 249.848008 281.894994
v 0.634799991 230.284095 217.837191
v -36.8568987 240.925908 225.041103
v -49.3194014 255.270195 270.377588
v 136.832201 112.169695 140.588903
v 136.201 98.6527979 73.9871025
v 137.490201 199.548805 75.5611002
v 138.355303 222.427201 131.730294
v -56.318301 290.307999 214.96501
v -86.5345001 289.455199 265.425491
v -78.4550011 274.349189 277.316999
v -44.6065992 273.717189 222.916508
v 14.3647999 -182.144701 8.79409984
v 75.3372014 -186.433303 7.91279972
v 24.4933993 -301.515508 7.69840032
v -26.828599 -258.982611 9.1211997
v 130.016398 -185.916996 391.181493
v 127.137303 -219.284391 440.144205
v 129.189599 -258.635902 359.871888
v 133.213496 -212.406898 317.596698
v -137.311602 156.161499 84.5948994
v -141.425204 86.1736 135.682201
v -137.8968 86.2379014 210.323596
v -134.006 120.462704 227.633095
v 39.2551988 257.575703 138.529396
v 38.1810993 264.219999 74.3242025
v -11.4207998 229.580212 81.8565011
v -13.7116998 220.625806 143.874395
v 12.1123999 230.886102 207.922006
v 2.0947 -260.736799 292.1381
v -23.3017996 -207.729602 341.624904
v -53.9538026 -197.4576 264.488196
v -0.0796000008 -265.573692 276.514792
v 23.4035999 -61.0827982 14.7523999
v 74.2753029 -158.683801 12.2959003
v 4.62910011 -143.710995 17.0158997
v -34.8282993 -40.2686 17.7807003
v -45.5944002 -301.386404 117.851996
v -48.0325997 -267.284298 125.857401
v -40.1271999 -256.438398 69.9889004
v -38.7187988 -287.402606 68.7357008
v -11.4207998 229.580212 81.8565011
v -12.8931999 222.839093 11.4090003
v -8.22380036 275.073195 16.5946007
v -6.24059997 285.300589 76.5366018
v -111.386395 139.658701 4.62770015
v -116.647601 237.486005 13.1173998
v -78.492099 290.760899 11.8988998
v -84.4843984 159.523702 1.7577
v -81.1237991 211.554694 7.55269974
v 134.814501 -210.70919 188.749003
v 128.856695 -206.885791 247.96319
v 125.500798 -284.483194 237.987709
v 132.282102 -260.426998 183.312905
v -103.353405 -17.0532003 358.537102
v -122.000003 4.35680002 358.061194
v -113.533294 -29.7033012 279.494309
v -93.3284998 -45.054999 287.954402
v -78.492099 290.760899 11.8988998
v -116.388202 266.628289 9.42519978
v -115.469503 317.9533 12.8527999
v -89.398402 357.494211 16.2744999
v 129.567397 161.869395 3.05179991
v 131.965601 223.035002 2.70680003
v 133.642805 234.175396 12.9421994
v 137.490201 199.548805 75.5611002
v 129.751897 -188.813102 139.935696
v 131.248605 -268.735504 142.169595
v 136.4344 -256.089807 67.909801
v 134.925604 -189.514601 72.2809017
v 125.3214 248.176098 5.52980006
v 131.965601 223.035002 2.70680003
v 99.1581023 209.725595 9.44219977
v 84.4260991 272.049999 14.7208005
v -38.7187988 -287.402606 68.7357008
v -36.283201 -272.680807 5.80650009
v -39.3382013 -301.634002 12.4099001
v -43.3573991 -324.559498 68.6218023
v -64.0187025 -84.5524013 20.1291993
v -76.3031006 -110.405099 65.5539989
v -99.921 -92.0579016 55.8990002
v -101.477599 -57.1053982 11.6207004
v -25.711 -328.38769 175.085294
v -42.2580987 -327.252007 123.142898
v 33.0291986 -374.019098 124.779105
v 48.526299 -374.324894 180.750406
v -121.084094 188.476598 410.711813
v -114.523304 184.034503 441.785002
v -108.934402 190.322399 445.659781
v -83.3496988 233.622193 409.001923
v 136.201 98.6527979 73.9871025
v 129.376101 13.7342006 70.4804003
v 121.505594 28.7984014 20.3069001
v 129.567397 161.869395 3.05179991
v 121.338403 340.824103 67.8768992
v 77.1366 367.171001 69.2951024
v 95.0064003 374.324894 145.268095
v 129.006696 353.11079 143.543804
vt 0.344078988 0.393563002
vt 0.34405601 0.393620014
vt 0.344105005 0.393575013
vt 0.344083011 0.393698007
vt 0.344078988 0.393649012
vt 0.344033986 0.393633991
vt 0.344345987 0.393821001
vt 0.344411999 0.393819004
vt 0.344399005 0.393797994
vt 0.349263996 0.397103995
vt 0.349305987 0.397083014
vt 0.349274993 0.397074997
vt 0.344808996 0.393765986
vt 0.344871998 0.393768996
vt 0.344902009 0.393671989
vt 0.345595002 0.399286002
vt 0.345645994 0.399309993
vt 0.345633 0.399233997
vt 0.34443301 0.394142002
vt 0.344370991 0.39407599
vt 0.344388992 0.394136012
vt 0.344229013 0.393545985
vt 0.344283998 0.393584996
vt 0.344289005 0.393438011
vt 0.347745001 0.391983986
vt 0.348102987 0.399152011
vt 0.347826988 0.391979009
vt 0.364048988 0.907415986
vt 0.364004999 0.907406986
vt 0.365447998 0.906086028
vt 0.344336987 0.393945992
vt 0.344318986 0.393954009
vt 0.344345987 0.393979013
vt 0.344500005 0.393835992
vt 0.344505012 0.393774003
vt 0.344411999 0.393819004
vt 0.349036008 0.398066014
vt 0.349157006 0.398068994
vt 0.349157006 0.398027986
vt 0.344107002 0.393725008
vt 0.344069004 0.393748999
vt 0.344107985 0.393770993
vt 0.344920993 0.393658012
vt 0.344960988 0.393581003
vt 0.344897985 0.393557996
vt 0.364733011 0.905112982
vt 0.364701003 0.905101001
vt 0.364715993 0.905121028
vt 0.367110997 0.906912029
vt 0.367105007 0.906969011
vt 0.367132008 0.906962991
vt 0.345010996 0.395137995
vt 0.344916999 0.395117015
vt 0.344954014 0.395249009
vt 0.345977992 0.400633991
vt 0.346076995 0.400664002
vt 0.346029997 0.400602013
vt 0.344146997 0.393521011
vt 0.344152004 0.393628001
vt 0.344213992 0.393563002
vt 0.347593993 0.391943991
vt 0.347544998 0.392021
vt 0.347633004 0.392033011
vt 0.347498 0.391932011
vt 0.347544998 0.392021
vt 0.344081998 0.393842012
vt 0.344103992 0.393792987
vt 0.344067991 0.393774003
vt 0.344482005 0.393923014
vt 0.344417989 0.39387399
vt 0.344413012 0.393934011
vt 0.344500005 0.393835992
vt 0.344411999 0.393819004
vt 0.345144987 0.393545002
vt 0.345144004 0.39359501
vt 0.345178008 0.393579006
vt 0.344316006 0.393869013
vt 0.344352007 0.393878996
vt 0.344345987 0.393821001
vt 0.344271988 0.393875003
vt 0.344283998 0.393934995
vt 0.340986997 0.395428985
vt 0.34099099 0.395458013
vt 0.341030002 0.395444006
vt 0.348278999 0.396506995
vt 0.348311007 0.396524996
vt 0.348318994 0.396387011
vt 0.344983011 0.393557996
vt 0.345086008 0.393528014
vt 0.345055014 0.393424988
vt 0.344702005 0.395392001
vt 0.34465301 0.395384014
vt 0.344659001 0.395446986
vt 0.346397012 0.399147987
vt 0.346455008 0.399161011
vt 0.346444011 0.399147987
vt 0.344498992 0.393572986
vt 0.344446003 0.393563002
vt 0.344435006 0.39368999
vt 0.345025986 0.394939989
vt 0.344907999 0.394926995
vt 0.344895005 0.394957989
vt 0.346832991 0.395121992
vt 0.346801996 0.395152986
vt 0.34689799 0.395141006
vt 0.340876013 0.395233005
vt 0.340811014 0.395325005
vt 0.340889007 0.395332009
vt 0.346386999 0.399246007
vt 0.346367002 0.399262011
vt 0.34642601 0.399356008
vt 0.347539008 0.399444014
vt 0.344897002 0.393442988
vt 0.344931006 0.393454999
vt 0.347075999 0.392509013
vt 0.347097009 0.392551005
vt 0.347113997 0.392453015
vt 0.365146011 0.907239974
vt 0.365180999 0.907252014
vt 0.365188003 0.907216012
vt 0.367713988 0.906437993
vt 0.367707998 0.906490028
vt 0.367742985 0.906472981
vt 0.364751011 0.905043006
vt 0.364721 0.905052006
vt 0.364740014 0.90506798
vt 0.34405601 0.393620014
vt 0.344024986 0.393611997
vt 0.344033986 0.393633991
vt 0.344024986 0.393611997
vt 0.344078988 0.393563002
vt 0.344040006 0.393552989
vt 0.367128015 0.90685302
vt 0.367119998 0.906774998
vt 0.367110997 0.906771004
vt 0.344909996 0.396798015
vt 0.344918996 0.396724999
vt 0.344909996 0.396735013
vt 0.349314988 0.392327011
vt 0.349301994 0.392311007
vt 0.349263996 0.392327011
vt 0.347492993 0.396155
vt 0.347541004 0.396158993
vt 0.347550005 0.396039993
vt 0.34473601 0.396824986
vt 0.34465301 0.396842986
vt 0.344743013 0.396872997
vt 0.344772011 0.396930009
vt 0.344801992 0.396874011
vt 0.34465301 0.396842986
vt 0.344653994 0.396883994
vt 0.344678998 0.396757007
vt 0.34473601 0.396824986
vt 0.344958007 0.395314008
vt 0.344987005 0.395339012
vt 0.344339997 0.394138008
vt 0.344188005 0.393660992
vt 0.344213992 0.393563002
vt 0.344152004 0.393628001
vt 0.345586985 0.400591999
vt 0.344752014 0.396737009
vt 0.346702009 0.394562006
vt 0.342974991 0.396881014
vt 0.342972994 0.396797001
vt 0.342889011 0.396798998
vt 0.344920993 0.393680006
vt 0.345019996 0.393709987
vt 0.344960988 0.393581003
vt 0.340889007 0.395332009
vt 0.340923995 0.395438999
vt 0.340943009 0.395343989
vt 0.340948999 0.395595998
vt 0.340894997 0.395595014
vt 0.340912014 0.395666003
vt 0.364692986 0.905430019
vt 0.364699006 0.90547502
vt 0.364713013 0.905434012
vt 0.364699006 0.90547502
vt 0.364722013 0.905471981
vt 0.364713013 0.905434012
vt 0.317214996 0.401001006
vt 0.317180008 0.401019007
vt 0.317252994 0.401035011
vt 0.347077996 0.392746001
vt 0.347061992 0.392722011
vt 0.347057015 0.392814994
vt 0.345605999 0.398820013
vt 0.345600009 0.398876011
vt 0.345699012 0.398898989
vt 0.348610014 0.393550992
vt 0.348589003 0.393658012
vt 0.348634005 0.393635005
vt 0.345205009 0.393537015
vt 0.345153987 0.393482
vt 0.345144987 0.393545002
vt 0.364084989 0.908353984
vt 0.364062995 0.908383012
vt 0.364073008 0.908379018
vt 0.346089005 0.40059799
vt 0.346058995 0.400525987
vt 0.346031994 0.400584012
vt 0.346161991 0.400673002
vt 0.346076995 0.400664002
vt 0.344107002 0.393658996
vt 0.344152004 0.393687993
vt 0.344119996 0.393646002
vt 0.344823986 0.396811992
vt 0.344810009 0.396825999
vt 0.344904989 0.396865994
vt 0.344967008 0.396811008
vt 0.344909996 0.396798015
vt 0.344904989 0.396865994
vt 0.341829002 0.398414999
vt 0.341829002 0.398519993
vt 0.34187001 0.398514003
vt 0.345084012 0.395130992
vt 0.345034987 0.395135999
vt 0.345077991 0.39526099
vt 0.365411013 0.905037999
vt 0.365451992 0.90504998
vt 0.365458012 0.905005991
vt 0.363386005 0.90744698
vt 0.363364011 0.907540023
vt 0.363393992 0.907508016
vt 0.344031006 0.394071013
vt 0.344042003 0.394080997
vt 0.344067007 0.394001991
vt 0.345589995 0.398822993
vt 0.345600009 0.398876011
vt 0.345605999 0.398820013
vt 0.344413012 0.393934011
vt 0.344484001 0.393985003
vt 0.344482005 0.393923014
vt 0.344424009 0.393996
vt 0.344484001 0.393985003
vt 0.346183985 0.400846988
vt 0.346105009 0.400824994
vt 0.346100986 0.400876999
vt 0.341149986 0.395375997
vt 0.34106499 0.395292014
vt 0.341060013 0.395392001
vt 0.344713986 0.395543993
vt 0.344702005 0.395464987
vt 0.344668001 0.39547199
vt 0.344119012 0.394010007
vt 0.344197989 0.394064009
vt 0.344170004 0.393988013
vt 0.345084012 0.395130992
vt 0.34512201 0.395236999
vt 0.345137 0.395132005
vt 0.348138005 0.398404986
vt 0.348075986 0.398402989
vt 0.348100007 0.398505002
vt 0.343109012 0.396881014
vt 0.343111992 0.396975011
vt 0.343129009 0.396903992
vt 0.347633988 0.394499987
vt 0.347609997 0.394520015
vt 0.34771201 0.394591004
vt 0.345257998 0.393552989
vt 0.345288992 0.393492997
vt 0.345263004 0.393474996
vt 0.344114989 0.393886
vt 0.344119012 0.394010007
vt 0.344170004 0.393988013
vt 0.344114989 0.393886
vt 0.34415701 0.393886
vt 0.346161991 0.400673002
vt 0.346076995 0.400664002
vt 0.346096009 0.400770992
vt 0.347045988 0.391743004
vt 0.347048998 0.391642988
vt 0.347003996 0.391645014
vt 0.344103992 0.393877
vt 0.344107985 0.393795013
vt 0.344081998 0.393842012
vt 0.341224015 0.395258009
vt 0.341145009 0.395274997
vt 0.341149986 0.395375997
vt 0.344954997 0.393981993
vt 0.344889998 0.39398399
vt 0.344909996 0.394057989
vt 0.348598003 0.392473012
vt 0.348639011 0.392461002
vt 0.348616987 0.392432004
vt 0.349308997 0.397522986
vt 0.349335998 0.39743799
vt 0.349247009 0.39744401
vt 0.345153987 0.393660009
vt 0.345178008 0.393579006
vt 0.345144004 0.39359501
vt 0.345656008 0.399044991
vt 0.345685005 0.39901799
vt 0.345699012 0.398898989
vt 0.348028988 0.401786
vt 0.348030001 0.401888013
vt 0.348080009 0.401977003
vt 0.345575988 0.399354011
vt 0.345595002 0.399286002
vt 0.345557988 0.399273992
vt 0.365278989 0.907212973
vt 0.365222991 0.907203019
vt 0.365240991 0.90723598
vt 0.348589987 0.392648011
vt 0.348598003 0.392659992
vt 0.348646998 0.392563999
vt 0.349130988 0.394787997
vt 0.349058002 0.394800991
vt 0.349110991 0.394809008
vt 0.349121004 0.395406008
vt 0.349094987 0.395440996
vt 0.349157989 0.395437002
vt 0.341042012 0.395388991
vt 0.341040999 0.395291001
vt 0.340977997 0.395339012
vt 0.341042012 0.395388991
vt 0.340986997 0.395428985
vt 0.345557988 0.399185002
vt 0.345656008 0.399044991
vt 0.345580995 0.399058998
vt 0.346819997 0.395256013
vt 0.34463501 0.394044012
vt 0.346697003 0.395312995
vt 0.345210999 0.395056009
vt 0.345160007 0.395043999
vt 0.345158994 0.395087987
vt 0.344958007 0.395314008
vt 0.344882995 0.395346999
vt 0.344963014 0.395336002
vt 0.345723003 0.399168998
vt 0.345557988 0.399185002
vt 0.345633 0.399233997
vt 0.344213992 0.393563002
vt 0.34414199 0.393505991
vt 0.344146997 0.393521011
vt 0.348286986 0.396521002
vt 0.348277003 0.396622986
vt 0.348320991 0.396613985
vt 0.340698987 0.395256996
vt 0.340694994 0.395327985
vt 0.340725005 0.395321995
vt 0.344889998 0.39398399
vt 0.344832987 0.393985003
vt 0.344843 0.394071013
vt 0.368209004 0.905906022
vt 0.368193001 0.905920029
vt 0.368221998 0.905920029
vt 0.34910199 0.395936012
vt 0.349036008 0.395962
vt 0.349141002 0.396008998
vt 0.36720401 0.905816019
vt 0.367128015 0.905802011
vt 0.367181987 0.90585798
vt 0.344045013 0.393867999
vt 0.344027013 0.393857002
vt 0.344024986 0.393979013
vt 0.348980993 0.395442009
vt 0.349036008 0.395962
vt 0.348928005 0.395523012
vt 0.341147989 0.395494014
vt 0.341131985 0.395507008
vt 0.341244996 0.395592004
vt 0.344722003 0.396602005
vt 0.344687998 0.396598011
vt 0.344684005 0.396670014
vt 0.347718 0.392188013
vt 0.347665012 0.392152011
vt 0.347680986 0.392199993
vt 0.362583995 0.906349003
vt 0.362612993 0.906359971
vt 0.362621009 0.906322002
vt 0.36541599 0.906104982
vt 0.365447015 0.906112015
vt 0.365447998 0.906086028
vt 0.347719014 0.392264992
vt 0.347746998 0.392253011
vt 0.347718 0.392188013
vt 0.344963998 0.393970013
vt 0.344889998 0.39398399
vt 0.344954997 0.393981993
vt 0.343012989 0.396784008
vt 0.343017995 0.396777987
vt 0.343010992 0.396636009
vt 0.345025986 0.394939989
vt 0.344900995 0.395009011
vt 0.345025003 0.395011991
vt 0.344336987 0.393945992
vt 0.34435901 0.393945009
vt 0.344319999 0.393929005
vt 0.344357014 0.394075006
vt 0.344348997 0.394008011
vt 0.344310999 0.394012988
vt 0.34405601 0.39409101
vt 0.344072998 0.394102007
vt 0.344074011 0.394039989
vt 0.347003996 0.39179799
vt 0.347054988 0.391842008
vt 0.347059995 0.391824007
vt 0.346801996 0.395152986
vt 0.34681499 0.39508599
vt 0.346731007 0.395078003
vt 0.346616 0.39902401
vt 0.346560001 0.399008006
vt 0.346531004 0.399053007
vt 0.344983011 0.393557996
vt 0.345030993 0.393653005
vt 0.345111012 0.393570989
vt 0.344078988 0.393649012
vt 0.344083011 0.393698007
vt 0.344101995 0.393703997
vt 0.347544998 0.392021
vt 0.347544014 0.392055005
vt 0.347555012 0.392069012
vt 0.347003996 0.39179799
vt 0.347045988 0.391743004
vt 0.346991003 0.391741991
vt 0.344067991 0.393774003
vt 0.344054997 0.393835992
vt 0.344081998 0.393842012
vt 0.344751 0.395094007
vt 0.344657987 0.395065993
vt 0.344677001 0.395193994
vt 0.347061992 0.392722011
vt 0.347088009 0.392650992
vt 0.347068995 0.392650992
vt 0.347535014 0.394600004
vt 0.347573996 0.394636005
vt 0.347586989 0.394567013
vt 0.364876002 0.905372024
vt 0.364881992 0.905332029
vt 0.364863008 0.905335009
vt 0.344884992 0.393397987
vt 0.344882011 0.393364012
vt 0.344875991 0.393388987
vt 0.346834987 0.394917011
vt 0.346846014 0.394822001
vt 0.346785992 0.394825995
vt 0.365263999 0.907172024
vt 0.365294993 0.907168984
vt 0.365265995 0.90713799
vt 0.36481601 0.905480027
vt 0.364814997 0.905440986
vt 0.364742994 0.905431986
vt 0.36481601 0.905480027
vt 0.364755988 0.90546602
vt 0.34918201 0.394879997
vt 0.349256992 0.394879997
vt 0.349207014 0.394865006
vt 0.348583996 0.395231992
vt 0.348574996 0.395220995
vt 0.348538995 0.395294994
vt 0.344516009 0.39399901
vt 0.344484001 0.393985003
vt 0.344491988 0.393997997
vt 0.346253991 0.400689006
vt 0.346188992 0.400676996
vt 0.346190006 0.400777996
vt 0.344891012 0.393478006
vt 0.344960988 0.393581003
vt 0.344983011 0.393557996
vt 0.347709 0.394811004
vt 0.347651988 0.394719005
vt 0.347597003 0.394758999
vt 0.368248999 0.904778004
vt 0.368236989 0.904815972
vt 0.368288994 0.904815972
vt 0.344597012 0.393629998
vt 0.344532996 0.393537015
vt 0.344498992 0.393572986
vt 0.347609997 0.394520015
vt 0.347539991 0.394493014
vt 0.347586989 0.394567013
vt 0.344900995 0.395009011
vt 0.34484899 0.395006001
vt 0.344846994 0.395049006
vt 0.344424009 0.393996
vt 0.344413012 0.393934011
vt 0.34435901 0.393945009
vt 0.344931006 0.393454999
vt 0.345055014 0.393424988
vt 0.344965011 0.393402994
vt 0.34443301 0.394142002
vt 0.344963998 0.395365
vt 0.344958991 0.395435989
vt 0.36541 0.906144023
vt 0.36541599 0.906104982
vt 0.365379006 0.906102002
vt 0.348560989 0.395366013
vt 0.348598003 0.395359993
vt 0.34857899 0.395289004
vt 0.346650004 0.396088988
vt 0.346625 0.396145999
vt 0.346635997 0.396140993
vt 0.342958987 0.396632999
vt 0.342914999 0.396620989
vt 0.342889011 0.396798998
vt 0.342146009 0.397239
vt 0.342191994 0.397318989
vt 0.342184007 0.397229999
vt 0.340923995 0.395438999
vt 0.340974003 0.395449996
vt 0.340943009 0.395343989
vt 0.345645994 0.400503993
vt 0.344900012 0.396667987
vt 0.346897006 0.398662001
vt 0.34858799 0.395208001
vt 0.348553985 0.395134002
vt 0.348574996 0.395220995
vt 0.347768992 0.392242014
vt 0.347793013 0.392228007
vt 0.347779006 0.392181009
vt 0.346307993 0.400952011
vt 0.34631899 0.400977999
vt 0.34632799 0.400923997
vt 0.343102008 0.396789014
vt 0.343044996 0.396791995
vt 0.343048006 0.396881998
vt 0.345014006 0.39506799
vt 0.344920009 0.395060003
vt 0.344916999 0.395117015
vt 0.345025003 0.395011991
vt 0.344900995 0.395009011
vt 0.344846994 0.395049006
vt 0.345052004 0.393669009
vt 0.345095992 0.393669009
vt 0.345095992 0.393620998
vt 0.365401 0.905342996
vt 0.365352005 0.905357003
vt 0.365370005 0.905384004
vt 0.344372004 0.398523003
vt 0.34435901 0.398532003
vt 0.344415009 0.398555011
vt 0.364818007 0.904946029
vt 0.364773989 0.904946029
vt 0.364766002 0.904954016
vt 0.345169008 0.393388003
vt 0.345218003 0.393420011
vt 0.345214993 0.393406987
vt 0.344877005 0.393557996
vt 0.344817013 0.393557996
vt 0.344835013 0.393651009
vt 0.344920009 0.395060003
vt 0.345014006 0.39506799
vt 0.345025003 0.395011991
vt 0.348423004 0.395556986
vt 0.348466009 0.395608008
vt 0.348520994 0.395518988
vt 0.343782008 0.398416013
vt 0.343814999 0.398514986
vt 0.343814999 0.398402989
vt 0.348426998 0.395660013
vt 0.348414987 0.395633012
vt 0.348399997 0.395678997
vt 0.365125 0.906222999
vt 0.365126014 0.906265974
vt 0.365155011 0.906229019
vt 0.347586989 0.394567013
vt 0.347573996 0.394636005
vt 0.347685009 0.394656003
vt 0.34098199 0.395507008
vt 0.341019988 0.395579994
vt 0.341028005 0.395493001
vt 0.364769995 0.905285001
vt 0.364816993 0.905278981
vt 0.364802003 0.905218005
vt 0.347582996 0.39616701
vt 0.347541004 0.396158993
vt 0.347550005 0.396243989
vt 0.345106006 0.39368099
vt 0.345100999 0.393743992
vt 0.345153987 0.393660009
vt 0.344339997 0.394138008
vt 0.344283015 0.394149989
vt 0.344292015 0.394156992
vt 0.344505012 0.393774003
vt 0.344500005 0.393835992
vt 0.344534993 0.393826991
vt 0.362466007 0.90634501
vt 0.362462014 0.906278014
vt 0.362417996 0.906289995
vt 0.34463501 0.394044012
vt 0.344644994 0.393983006
vt 0.344516009 0.39399901
vt 0.344514012 0.394073993
vt 0.344516009 0.39399901
vt 0.344491988 0.393997997
vt 0.348046988 0.402069986
vt 0.348062992 0.402143002
vt 0.34809801 0.40211001
vt 0.364987999 0.905360997
vt 0.364955008 0.905360997
vt 0.364968002 0.905408978
vt 0.342889011 0.396798998
vt 0.344123989 0.40228799
vt 0.344062001 0.402379006
vt 0.344103992 0.393640012
vt 0.344078988 0.393649012
vt 0.344107002 0.393658996
vt 0.34405601 0.393620014
vt 0.344033986 0.393633991
vt 0.342132986 0.398072988
vt 0.342119008 0.398166001
vt 0.342171013 0.398153007
vt 0.340701997 0.395675987
vt 0.340761006 0.395595014
vt 0.34069401 0.395599008
vt 0.340768009 0.395684987
vt 0.340701997 0.395675987
vt 0.348589003 0.393658012
vt 0.3486 0.393714994
vt 0.348643005 0.393664002
vt 0.343012989 0.396784008
vt 0.342958987 0.396632999
vt 0.342972994 0.396797001
vt 0.36541 0.906144023
vt 0.365447015 0.906112015
vt 0.36541599 0.906104982
vt 0.344393998 0.398678005
vt 0.344399005 0.398626
vt 0.344363004 0.398624003
vt 0.340974003 0.395449996
vt 0.340923995 0.395438999
vt 0.340934008 0.395516992
vt 0.344871998 0.393768996
vt 0.345001012 0.393795997
vt 0.344920993 0.393680006
vt 0.344884992 0.393397987
vt 0.34493199 0.393348008
vt 0.344882011 0.393364012
vt 0.340793997 0.39526999
vt 0.340755999 0.395256013
vt 0.340746999 0.395341009
vt 0.344507992 0.393747985
vt 0.344536006 0.393756002
vt 0.344516993 0.393664986
vt 0.344505012 0.393774003
vt 0.344538003 0.393774986
vt 0.344399005 0.393797994
vt 0.344332993 0.393750012
vt 0.344345987 0.393821001
vt 0.345111012 0.394982994
vt 0.345104992 0.394959986
vt 0.345025986 0.394939989
vt 0.342905998 0.396604002
vt 0.342958987 0.396632999
vt 0.343010992 0.396636009
vt 0.365175009 0.90734601
vt 0.36511299 0.907352984
vt 0.365128994 0.907383025
vt 0.347492993 0.396155
vt 0.347550005 0.396039993
vt 0.347517014 0.396034002
vt 0.344556987 0.393756986
vt 0.346767008 0.394989997
vt 0.344648004 0.393729001
vt 0.365126014 0.906265974
vt 0.365146011 0.906324029
vt 0.365155011 0.906229019
vt 0.365128994 0.906186998
vt 0.365125 0.906222999
vt 0.365159005 0.906204998
vt 0.340768009 0.395150989
vt 0.340770006 0.395063013
vt 0.340732992 0.39506799
vt 0.344817013 0.393557996
vt 0.344841003 0.393474013
vt 0.344799995 0.393471003
vt 0.340739995 0.395424008
vt 0.340698987 0.395431995
vt 0.340694994 0.395496011
vt 0.347054988 0.391396999
vt 0.346980989 0.391400993
vt 0.347003996 0.391508013
vt 0.34316501 0.398171008
vt 0.343138009 0.398227006
vt 0.343171 0.398223996
vt 0.348491013 0.395779997
vt 0.348598003 0.395792007
vt 0.348497987 0.39844501
vt 0.347075999 0.392560989
vt 0.347068995 0.392650992
vt 0.347101003 0.392637998
vt 0.344222009 0.394111991
vt 0.344292015 0.394097
vt 0.344283015 0.394030005
vt 0.345010996 0.395137995
vt 0.344339997 0.394138008
vt 0.345055997 0.39526999
vt 0.341161013 0.398487985
vt 0.341163993 0.398461998
vt 0.341149002 0.398414999
vt 0.344801992 0.396874011
vt 0.344810009 0.396825999
vt 0.344745994 0.396834999
vt 0.348464996 0.395442009
vt 0.348396987 0.395473987
vt 0.348408997 0.395512998
vt 0.340925992 0.395253003
vt 0.340938985 0.395321012
vt 0.340956986 0.395316988
vt 0.344224989 0.393395007
vt 0.344255 0.393417001
vt 0.344289988 0.393321991
vt 0.348096013 0.402060002
vt 0.348096013 0.401959985
vt 0.348080009 0.401977003
vt 0.345595002 0.399286002
vt 0.345615 0.399360001
vt 0.345645994 0.399309993
vt 0.347557008 0.39595601
vt 0.34751901 0.395951986
vt 0.347517014 0.396034002
vt 0.365024 0.905251026
vt 0.365007013 0.905251026
vt 0.364998996 0.905295014
vt 0.344940007 0.393880993
vt 0.345001012 0.393795997
vt 0.344871998 0.393768996
vt 0.346168995 0.400552988
vt 0.346161991 0.400485992
vt 0.346058995 0.400525987
vt 0.344357014 0.394075006
vt 0.34433499 0.394077003
vt 0.344339997 0.394138008
vt 0.340817004 0.395424992
vt 0.340759993 0.395498991
vt 0.340761006 0.395595014
vt 0.347586989 0.394567013
vt 0.34771201 0.394591004
vt 0.347609997 0.394520015
vt 0.344413996 0.398586988
vt 0.344415009 0.398555011
vt 0.34435901 0.398566991
vt 0.341235995 0.395164013
vt 0.341242999 0.39507699
vt 0.341138989 0.395081997
vt 0.346506 0.399138987
vt 0.346635014 0.399185002
vt 0.34661901 0.399089009
vt 0.346506 0.399138987
vt 0.346531004 0.399053007
vt 0.341224015 0.395258009
vt 0.341235995 0.395164013
vt 0.341143012 0.395177007
vt 0.341235995 0.395164013
vt 0.341138989 0.395081997
vt 0.341143012 0.395177007
vt 0.341078013 0.395094991
vt 0.341078013 0.395094991
vt 0.341073006 0.395193011
vt 0.347745001 0.391983986
vt 0.347633004 0.392033011
vt 0.348102987 0.399152011
vt 0.344224006 0.393878013
vt 0.344258994 0.393866003
vt 0.344240993 0.393785
vt 0.347597003 0.394758999
vt 0.347651988 0.394719005
vt 0.347535998 0.394677013
vt 0.344283998 0.393584996
vt 0.344237 0.393563002
vt 0.344202995 0.39367801
vt 0.347541004 0.396158993
vt 0.347492993 0.396155
vt 0.347505003 0.396234006
vt 0.344112992 0.394024998
vt 0.344074011 0.394039989
vt 0.344117999 0.394098997
vt 0.367707998 0.906490028
vt 0.367716014 0.906508982
vt 0.367722988 0.906509995
vt 0.362515986 0.906283021
vt 0.362544 0.906283021
vt 0.36254999 0.906274974
vt 0.363958001 0.90741998
vt 0.363979995 0.907361984
vt 0.363952994 0.907368004
vt 0.344844013 0.39509201
vt 0.344855994 0.395105988
vt 0.344920009 0.395060003
vt 0.366764992 0.904284
vt 0.366784006 0.904335022
vt 0.366782993 0.904281974
vt 0.344895989 0.398582995
vt 0.344944 0.398613989
vt 0.344944 0.398553014
vt 0.344944 0.398553014
vt 0.344906986 0.398523003
vt 0.36470899 0.905191004
vt 0.364697993 0.905147016
vt 0.364686012 0.905188024
vt 0.344763011 0.395388007
vt 0.344702005 0.395392001
vt 0.344700009 0.395437002
vt 0.363997996 0.907415986
vt 0.364004999 0.907406986
vt 0.363988996 0.907360017
vt 0.348980993 0.395507008
vt 0.348971009 0.395545006
vt 0.348982006 0.395530999
vt 0.341040999 0.395291001
vt 0.341035008 0.395177007
vt 0.340957999 0.395213008
vt 0.34415099 0.393406004
vt 0.344114006 0.393496007
vt 0.344137013 0.39350301
vt 0.349148989 0.397814006
vt 0.349047989 0.397814006
vt 0.349068999 0.397859991
vt 0.340746999 0.395238996
vt 0.340808004 0.395164013
vt 0.340768009 0.395150989
vt 0.341060013 0.395392001
vt 0.341156006 0.395392001
vt 0.341149986 0.395375997
vt 0.366762012 0.904554009
vt 0.366757005 0.904577971
vt 0.366795003 0.904547989
vt 0.342804998 0.39696601
vt 0.342783004 0.396881014
vt 0.342783988 0.39695099
vt 0.346801996 0.395152986
vt 0.346706986 0.395159006
vt 0.34463501 0.394044012
vt 0.344255 0.393774003
vt 0.344298005 0.393799007
vt 0.344332993 0.393750012
vt 0.344556987 0.393756986
vt 0.344556987 0.393667012
vt 0.344536006 0.393756002
vt 0.344853997 0.39526999
vt 0.344752997 0.395292997
vt 0.344765007 0.395363003
vt 0.34484899 0.395006001
vt 0.344761997 0.395031989
vt 0.344846994 0.395049006
vt 0.344287992 0.393438011
vt 0.344278008 0.393379003
vt 0.344255 0.393417001
vt 0.348520994 0.395518988
vt 0.34850201 0.395473987
vt 0.348408997 0.395512998
vt 0.342972994 0.396905005
vt 0.342882007 0.396898001
vt 0.342887014 0.396977007
vt 0.346495003 0.399069011
vt 0.346466005 0.399044007
vt 0.346469015 0.399145991
vt 0.343091011 0.396667004
vt 0.343026012 0.396654993
vt 0.343044996 0.396791995
vt 0.343044996 0.396791995
vt 0.343102008 0.396789014
vt 0.340811014 0.395325005
vt 0.340876013 0.395233005
vt 0.340793997 0.39526999
vt 0.344678998 0.396757007
vt 0.34473601 0.396824986
vt 0.344752014 0.396737009
vt 0.348096013 0.401959985
vt 0.348087013 0.401881009
vt 0.348080009 0.401977003
vt 0.340948999 0.395595998
vt 0.341019988 0.395579994
vt 0.34098199 0.395507008
vt 0.344197989 0.394064009
vt 0.344283015 0.394030005
vt 0.344240993 0.393970996
vt 0.344476014 0.393521994
vt 0.344440013 0.393554986
vt 0.344498992 0.393572986
vt 0.344534993 0.393826991
vt 0.344534993 0.393925011
vt 0.344648004 0.393896013
vt 0.362466007 0.90634501
vt 0.362515986 0.906283021
vt 0.362462014 0.906278014
vt 0.364057004 0.908339024
vt 0.364084989 0.908353984
vt 0.364082009 0.908294022
vt 0.346668988 0.396416992
vt 0.346648991 0.396405995
vt 0.346650988 0.396452993
vt 0.344884992 0.393397987
vt 0.344870001 0.393411994
vt 0.344897002 0.393442988
vt 0.344945997 0.393397003
vt 0.344963014 0.393339008
vt 0.34493199 0.393348008
vt 0.365242004 0.905000985
vt 0.365267009 0.905058026
vt 0.365274996 0.90504998
vt 0.36519599 0.907190979
vt 0.36521101 0.907216012
vt 0.36521101 0.907189012
vt 0.345144987 0.393388003
vt 0.345055014 0.393424988
vt 0.345153987 0.393482
vt 0.344514996 0.394158006
vt 0.34464401 0.394140005
vt 0.34463501 0.394044012
vt 0.342132002 0.398223013
vt 0.34217599 0.39823401
vt 0.342171013 0.398153007
vt 0.342171013 0.398153007
vt 0.342119008 0.398166001
vt 0.346625 0.396145999
vt 0.346646994 0.396149009
vt 0.346635997 0.396140993
vt 0.345093012 0.395074993
vt 0.345135987 0.395047992
vt 0.345111012 0.394982994
vt 0.342117995 0.397154987
vt 0.342146009 0.397239
vt 0.34217599 0.397224009
vt 0.346587002 0.396245003
vt 0.346596986 0.396333992
vt 0.346634001 0.396328986
vt 0.312034011 0.396732002
vt 0.312027007 0.396721989
vt 0.312018007 0.396726012
vt 0.348601013 0.395855993
vt 0.348610997 0.39585501
vt 0.348612994 0.395853013
vt 0.311933994 0.397065014
vt 0.311944991 0.397078007
vt 0.311944008 0.397065997
vt 0.317171991 0.401008993
vt 0.312707007 0.40051499
vt 0.317169011 0.401010007
vt 0.312988013 0.396441013
vt 0.312988013 0.396436006
vt 0.312976986 0.396441013
vt 0.311966002 0.396566987
vt 0.311969012 0.396557987
vt 0.311969012 0.39655599
vt 0.313059002 0.39646399
vt 0.313055009 0.396468014
vt 0.313050002 0.396472007
vt 0.315578997 0.395305008
vt 0.312716007 0.396450996
vt 0.315600008 0.395294011
vt 0.311940998 0.396937996
vt 0.311940998 0.396937996
vt 0.311935991 0.396930009
vt 0.346767008 0.394989997
vt 0.346827 0.395004988
vt 0.346776992 0.394919008
vt 0.312642008 0.399879009
vt 0.312655985 0.399865001
vt 0.312646002 0.399854988
vt 0.312687993 0.398158997
vt 0.312676013 0.39814499
vt 0.312674999 0.398155987
vt 0.346368998 0.399257988
vt 0.346367002 0.399262011
vt 0.346386999 0.399246007
vt 0.314467996 0.399194002
vt 0.314478993 0.399201006
vt 0.314478993 0.399190009
vt 0.314489007 0.399459004
vt 0.314500988 0.399470001
vt 0.314498007 0.399457991
vt 0.312316 0.397049993
vt 0.312316 0.397038013
vt 0.31230399 0.397049993
vt 0.345279992 0.397635996
vt 0.345279008 0.397650003
vt 0.345279992 0.39763701
vt 0.367722988 0.906509995
vt 0.367716014 0.906508982
vt 0.367718995 0.906516016
vt 0.314889997 0.394892007
vt 0.314886987 0.39488399
vt 0.314886987 0.394894987
vt 0.345979005 0.400563002
vt 0.345973015 0.400559008
vt 0.345973998 0.400563985
vt 0.31071499 0.399926007
vt 0.310703009 0.399937987
vt 0.310714006 0.399951011
vt 0.345093012 0.397830993
vt 0.345106006 0.397821009
vt 0.345095009 0.397817999
vt 0.312638998 0.399695992
vt 0.312638998 0.399695992
vt 0.312651008 0.399695009
vt 0.308775008 0.398396999
vt 0.308773994 0.398384988
vt 0.308773011 0.398387015
vt 0.308667988 0.398719996
vt 0.308656991 0.39873299
vt 0.308670014 0.39873299
vt 0.312368989 0.396827996
vt 0.312388986 0.396809995
vt 0.312368006 0.396809012
vt 0.311906993 0.397062004
vt 0.31190601 0.397092998
vt 0.311908007 0.397062004
vt 0.36521101 0.907216012
vt 0.365218997 0.907203972
vt 0.365218997 0.907208979
vt 0.345584989 0.398837
vt 0.345595002 0.398891002
vt 0.345600009 0.398876011
vt 0.312866986 0.398189008
vt 0.312842995 0.398191005
vt 0.312887996 0.398322999
vt 0.311984003 0.396681011
vt 0.311978996 0.396573007
vt 0.311969012 0.396589011
vt 0.312366992 0.396880001
vt 0.312364012 0.396890014
vt 0.312361002 0.396952987
vt 0.312314987 0.396975994
vt 0.312361985 0.396977007
vt 0.312350005 0.396964997
vt 0.345142007 0.397888005
vt 0.345131993 0.397821009
vt 0.345120013 0.397855014
vt 0.312862992 0.396705002
vt 0.312884003 0.396721989
vt 0.312927991 0.396672994
vt 0.312938005 0.396719992
vt 0.312938988 0.396647006
vt 0.312927991 0.396672994
vt 0.315494001 0.397778988
vt 0.315488994 0.397780001
vt 0.315546989 0.397866994
vt 0.314489007 0.399156004
vt 0.316868991 0.398988992
vt 0.314482003 0.399141997
vt 0.312795997 0.398418009
vt 0.312804997 0.398454994
vt 0.312799007 0.398409009
vt 0.311982989 0.396459013
vt 0.311984986 0.396447003
vt 0.311949015 0.396456003
vt 0.347669989 0.402539015
vt 0.347678006 0.402557999
vt 0.345645994 0.400503993
vt 0.312045991 0.396614999
vt 0.312020004 0.396714002
vt 0.312034011 0.396732002
vt 0.312721014 0.396616012
vt 0.312709004 0.396609992
vt 0.312734008 0.396724999
vt 0.308789998 0.398265988
vt 0.308773011 0.398281991
vt 0.308789015 0.398369998
vt 0.316442013 0.396604002
vt 0.316477001 0.396598995
vt 0.31646499 0.396587998
vt 0.310844988 0.399836987
vt 0.310842991 0.399949014
vt 0.310851008 0.399944991
vt 0.312090009 0.396378011
vt 0.312085986 0.396385014
vt 0.312121987 0.396375
vt 0.312795997 0.398418009
vt 0.312799007 0.398409009
vt 0.312714994 0.398400009
vt 0.312528998 0.399760991
vt 0.31258601 0.399744987
vt 0.312588006 0.39973101
vt 0.349047989 0.397814006
vt 0.348926008 0.395550996
vt 0.348971009 0.395599991
vt 0.311951995 0.397062987
vt 0.311946988 0.396937996
vt 0.311940998 0.396941006
vt 0.312900007 0.397011012
vt 0.312905014 0.396997988
vt 0.312822998 0.397020012
vt 0.348598003 0.395792007
vt 0.348601013 0.395855993
vt 0.348612994 0.395853013
vt 0.316478997 0.395536005
vt 0.31647101 0.395512998
vt 0.316430002 0.395525008
vt 0.345586985 0.400591999
vt 0.346702009 0.394562006
vt 0.345580995 0.400559992
vt 0.311940014 0.396822989
vt 0.311897993 0.396813005
vt 0.31189999 0.396827012
vt 0.363979995 0.907361984
vt 0.363958001 0.90741998
vt 0.363968998 0.907419026
vt 0.312388986 0.396809995
vt 0.312368989 0.396827996
vt 0.312521011 0.396874994
vt 0.308964014 0.398559988
vt 0.308979988 0.398546994
vt 0.308865011 0.39852199
vt 0.312491 0.398505002
vt 0.3125 0.398525
vt 0.312532008 0.398492008
vt 0.308982015 0.398427993
vt 0.308988005 0.39844501
vt 0.309071988 0.39842099
vt 0.312685013 0.398265988
vt 0.312664002 0.398272008
vt 0.312687993 0.398295999
vt 0.312682986 0.398308992
vt 0.31278801 0.398292005
vt 0.312687993 0.398295999
vt 0.367076993 0.906921029
vt 0.367072999 0.906961024
vt 0.367072999 0.906970978
vt 0.310158014 0.401519001
vt 0.309702992 0.401470989
vt 0.312231004 0.401679009
vt 0.312642008 0.399879009
vt 0.312646002 0.399854988
vt 0.312579989 0.399872005
vt 0.345575988 0.399354011
vt 0.345557988 0.399273992
vt 0.345546007 0.399269015
vt 0.346397012 0.399147987
vt 0.346383989 0.399147987
vt 0.346372992 0.399250001
vt 0.312725008 0.398059011
vt 0.312676013 0.398045003
vt 0.31268099 0.398059011
vt 0.365155011 0.906229019
vt 0.365159005 0.906204998
vt 0.365125 0.906222999
vt 0.308526993 0.398380995
vt 0.308513999 0.398395985
vt 0.308568001 0.398384988
vt 0.312698007 0.398414999
vt 0.312714994 0.398400009
vt 0.312597007 0.398416013
vt 0.346190006 0.400777996
vt 0.346188992 0.400676996
vt 0.346161991 0.400673002
vt 0.31270501 0.400000006
vt 0.312604994 0.399984986
vt 0.312622994 0.399996996
vt 0.308526993 0.398380995
vt 0.308522999 0.398310989
vt 0.308519006 0.398312986
vt 0.314952999 0.395509988
vt 0.314929008 0.395604014
vt 0.314940006 0.395619005
vt 0.311877012 0.396593988
vt 0.311872005 0.396605015
vt 0.311910987 0.396616012
vt 0.315578997 0.395305008
vt 0.315600008 0.395294011
vt 0.315549999 0.395240992
vt 0.310804993 0.399946004
vt 0.31071499 0.399926007
vt 0.310714006 0.399951011
vt 0.344893992 0.396679997
vt 0.344814986 0.39667201
vt 0.344814003 0.396670014
vt 0.344828993 0.396719992
vt 0.344814003 0.396802008
vt 0.344909996 0.396735013
vt 0.344909996 0.396735013
vt 0.344823986 0.396811992
vt 0.344909996 0.396798015
vt 0.344823986 0.396811992
vt 0.344909996 0.396735013
vt 0.344814003 0.396802008
vt 0.344105005 0.393575013
vt 0.34405601 0.393620014
vt 0.344101995 0.393633991
vt 0.344108999 0.393404007
vt 0.344067007 0.393424004
vt 0.344114006 0.393496007
vt 0.344114006 0.393496007
vt 0.344067007 0.393424004
vt 0.344062001 0.393483996
vt 0.344083011 0.393698007
vt 0.344033986 0.393633991
vt 0.344051987 0.393685013
vt 0.344411999 0.393819004
vt 0.344352007 0.393878996
vt 0.344417989 0.39387399
vt 0.344352007 0.393878996
vt 0.344411999 0.393819004
vt 0.344345987 0.393821001
vt 0.349263996 0.397103995
vt 0.349274993 0.397074997
vt 0.349263996 0.397083998
vt 0.344920993 0.393680006
vt 0.344902009 0.393671989
vt 0.344871998 0.393768996
vt 0.344808996 0.393765986
vt 0.344902009 0.393671989
vt 0.344835013 0.393651009
vt 0.344848007 0.393880993
vt 0.344799995 0.393884987
vt 0.344442993 0.394066006
vt 0.344370991 0.39407599
vt 0.34443301 0.394142002
vt 0.344283998 0.393584996
vt 0.344229013 0.393545985
vt 0.344237 0.393563002
vt 0.344229013 0.393545985
vt 0.344289005 0.393438011
vt 0.344255 0.393417001
vt 0.364004999 0.907351971
vt 0.364004999 0.907406986
vt 0.364046991 0.907351017
vt 0.364046991 0.907351017
vt 0.364004999 0.907406986
vt 0.364048988 0.907415986
vt 0.344348997 0.394008011
vt 0.344345987 0.393979013
vt 0.344310999 0.394012988
vt 0.344310999 0.394012988
vt 0.344345987 0.393979013
vt 0.344318986 0.393954009
vt 0.367143005 0.906910002
vt 0.367110997 0.906912029
vt 0.367132008 0.906962991
vt 0.345010996 0.395137995
vt 0.344954014 0.395249009
vt 0.344339997 0.394138008
vt 0.345977992 0.400633991
vt 0.346029997 0.400602013
vt 0.345973998 0.400575995
vt 0.344500005 0.393835992
vt 0.344417989 0.39387399
vt 0.344487995 0.39390099
vt 0.344487995 0.39390099
vt 0.344417989 0.39387399
vt 0.344482005 0.393923014
vt 0.344424009 0.393996
vt 0.344368994 0.394012004
vt 0.344442993 0.394066006
vt 0.344442993 0.394066006
vt 0.344368994 0.394012004
vt 0.344370991 0.39407599
vt 0.348311007 0.396524996
vt 0.348278999 0.396506995
vt 0.348286986 0.396521002
vt 0.348318994 0.396387011
vt 0.348268002 0.396364987
vt 0.344983011 0.393557996
vt 0.345055014 0.393424988
vt 0.344931006 0.393454999
vt 0.34778899 0.392141014
vt 0.347727001 0.392143011
vt 0.347779006 0.392181009
vt 0.347727001 0.392143011
vt 0.347718 0.392188013
vt 0.344702005 0.395392001
vt 0.344659001 0.395446986
vt 0.344700009 0.395437002
vt 0.344752997 0.395292997
vt 0.344714999 0.395253986
vt 0.344765007 0.395363003
vt 0.344498992 0.393572986
vt 0.344435006 0.39368999
vt 0.344516993 0.393664986
vt 0.340876013 0.395233005
vt 0.340889007 0.395332009
vt 0.340925992 0.395253003
vt 0.346448988 0.399228007
vt 0.346386999 0.399246007
vt 0.34642601 0.399356008
vt 0.344884992 0.393397987
vt 0.344897002 0.393442988
vt 0.344945997 0.393397003
vt 0.347097009 0.392551005
vt 0.347075999 0.392509013
vt 0.347088993 0.392549992
vt 0.347075999 0.392509013
vt 0.347113997 0.392453015
vt 0.347074002 0.392432004
vt 0.344442993 0.394066006
vt 0.34443301 0.394142002
vt 0.344476014 0.394068986
vt 0.344476014 0.394068986
vt 0.34443301 0.394142002
vt 0.344958991 0.395435989
vt 0.345019996 0.393709987
vt 0.344920993 0.393680006
vt 0.345001012 0.393795997
vt 0.36680001 0.903666019
vt 0.366795003 0.903609991
vt 0.366779 0.90366298
vt 0.364721 0.905052006
vt 0.364751011 0.905043006
vt 0.364749014 0.905034006
vt 0.364740014 0.90506798
vt 0.364721 0.905052006
vt 0.364719003 0.905061007
vt 0.362762004 0.906462014
vt 0.362706006 0.906522989
vt 0.362767011 0.906521022
vt 0.362693995 0.906516016
vt 0.362706006 0.906522989
vt 0.362668991 0.90645802
vt 0.367128015 0.90685302
vt 0.367110997 0.906771004
vt 0.367105007 0.90685302
vt 0.344918996 0.396724999
vt 0.344909996 0.396798015
vt 0.344967991 0.396719992
vt 0.344967991 0.396719992
vt 0.344909996 0.396798015
vt 0.344967008 0.396811008
vt 0.344745994 0.396834999
vt 0.34473601 0.396824986
vt 0.344743013 0.396872997
vt 0.344893992 0.396679997
vt 0.344900012 0.396667987
vt 0.344814986 0.39667201
vt 0.344873011 0.396620989
vt 0.344900012 0.396667987
vt 0.342974991 0.396881014
vt 0.342889011 0.396798998
vt 0.342882991 0.396872997
vt 0.344538003 0.393774986
vt 0.344534993 0.393826991
vt 0.346767008 0.394989997
vt 0.346767008 0.394989997
vt 0.344534993 0.393826991
vt 0.344648004 0.393896013
vt 0.344920993 0.393680006
vt 0.344960988 0.393581003
vt 0.344920993 0.393658012
vt 0.340889007 0.395332009
vt 0.340943009 0.395343989
vt 0.340929002 0.395332992
vt 0.340948999 0.395595998
vt 0.340912014 0.395666003
vt 0.340959013 0.395666987
vt 0.345349014 0.399502009
vt 0.345355988 0.399495989
vt 0.345346987 0.399390012
vt 0.364699006 0.90547502
vt 0.364692986 0.905430019
vt 0.364681989 0.905476987
vt 0.364692986 0.905430019
vt 0.364713013 0.905434012
vt 0.364701003 0.905426025
vt 0.317250997 0.401048005
vt 0.317252994 0.401035011
vt 0.317214996 0.401064008
vt 0.317214996 0.401064008
vt 0.317252994 0.401035011
vt 0.317180008 0.401019007
vt 0.317180008 0.401019007
vt 0.317214996 0.401001006
vt 0.317182004 0.401005
vt 0.317182004 0.401005
vt 0.317214996 0.401001006
vt 0.317198992 0.400997013
vt 0.347077996 0.392746001
vt 0.347057015 0.392814994
vt 0.347092003 0.392818004
vt 0.345605999 0.398820013
vt 0.345699012 0.398898989
vt 0.345697999 0.398820996
vt 0.348610014 0.393550992
vt 0.348634005 0.393635005
vt 0.348645002 0.393545985
vt 0.345205009 0.393537015
vt 0.345144987 0.393545002
vt 0.345178008 0.393579006
vt 0.341756999 0.400828004
vt 0.341809988 0.400824994
vt 0.341762006 0.400748998
vt 0.364062995 0.908383012
vt 0.364057004 0.908339024
vt 0.364050001 0.908374012
vt 0.364057004 0.908339024
vt 0.364062995 0.908383012
vt 0.364084989 0.908353984
vt 0.346089005 0.40059799
vt 0.346031994 0.400584012
vt 0.346029997 0.400602013
vt 0.344107002 0.393658996
vt 0.344119996 0.393646002
vt 0.344110012 0.393649012
vt 0.347487003 0.394614011
vt 0.347535998 0.394677013
vt 0.347516 0.394598007
vt 0.347516 0.394598007
vt 0.347535998 0.394677013
vt 0.347535014 0.394600004
vt 0.347535014 0.394600004
vt 0.347535998 0.394677013
vt 0.347573996 0.394636005
vt 0.344909996 0.396798015
vt 0.344823986 0.396811992
vt 0.344904989 0.396865994
vt 0.344967008 0.396811008
vt 0.344904989 0.396865994
vt 0.344969004 0.396878004
vt 0.341829002 0.398414999
vt 0.34187001 0.398514003
vt 0.341870993 0.398418009
vt 0.345084012 0.395130992
vt 0.345077991 0.39526099
vt 0.34512201 0.395236999
vt 0.346287012 0.400857002
vt 0.34621799 0.400932997
vt 0.346296996 0.40089801
vt 0.363386005 0.90744698
vt 0.363393992 0.907508016
vt 0.36341399 0.90743798
vt 0.347745001 0.391983986
vt 0.347593993 0.391943991
vt 0.347633004 0.392033011
vt 0.347608 0.391934007
vt 0.347719014 0.391905993
vt 0.34761399 0.391900003
vt 0.347608 0.391934007
vt 0.347593993 0.391943991
vt 0.347745001 0.391983986
vt 0.344484001 0.393985003
vt 0.344424009 0.393996
vt 0.344471991 0.393997014
vt 0.344062001 0.402379006
vt 0.344123989 0.40228799
vt 0.344067007 0.402357012
vt 0.341145009 0.395274997
vt 0.34106499 0.395292014
vt 0.341149986 0.395375997
vt 0.346089005 0.40059799
vt 0.346161991 0.400673002
vt 0.346179992 0.40061599
vt 0.346179992 0.40061599
vt 0.346161991 0.400673002
vt 0.346175998 0.400660992
vt 0.344117999 0.394098997
vt 0.344197989 0.394064009
vt 0.344112992 0.394024998
vt 0.344112992 0.394024998
vt 0.344197989 0.394064009
vt 0.344119012 0.394010007
vt 0.343115985 0.39815101
vt 0.343169004 0.398151994
vt 0.343124986 0.398056
vt 0.343124986 0.398056
vt 0.343169004 0.398151994
vt 0.343174011 0.398059994
vt 0.343169004 0.398151994
vt 0.343115985 0.39815101
vt 0.34316501 0.398171008
vt 0.348138005 0.398404986
vt 0.348100007 0.398505002
vt 0.348138005 0.398503989
vt 0.343109012 0.396881014
vt 0.343129009 0.396903992
vt 0.343124002 0.396889001
vt 0.347633988 0.394499987
vt 0.34771201 0.394591004
vt 0.347725004 0.39456901
vt 0.34514901 0.393310994
vt 0.345064998 0.393352985
vt 0.345155001 0.393370986
vt 0.345155001 0.393370986
vt 0.345064998 0.393352985
vt 0.345144987 0.393388003
vt 0.345144987 0.393388003
vt 0.345064998 0.393352985
vt 0.345055014 0.393424988
vt 0.345257998 0.393552989
vt 0.345263004 0.393474996
vt 0.345205009 0.393537015
vt 0.346161991 0.400673002
vt 0.346096009 0.400770992
vt 0.346163988 0.400797009
vt 0.346702009 0.394562006
vt 0.344752014 0.396737009
vt 0.344814003 0.396802008
vt 0.344814003 0.396802008
vt 0.344752014 0.396737009
vt 0.34474799 0.396811008
vt 0.347045988 0.391743004
vt 0.347003996 0.391645014
vt 0.346991003 0.391741991
vt 0.344081998 0.393842012
vt 0.344107985 0.393795013
vt 0.344103992 0.393792987
vt 0.341224015 0.395258009
vt 0.341149986 0.395375997
vt 0.341237992 0.395357013
vt 0.344954997 0.393981993
vt 0.344909996 0.394057989
vt 0.344978988 0.394046009
vt 0.349308997 0.397522986
vt 0.349247009 0.39744401
vt 0.349242985 0.397525012
vt 0.348028988 0.401786
vt 0.348080009 0.401977003
vt 0.348069996 0.401782006
vt 0.365278989 0.907212973
vt 0.365240991 0.90723598
vt 0.365281999 0.907243013
vt 0.348646998 0.392563999
vt 0.348598003 0.392659992
vt 0.348645985 0.392659009
vt 0.349121004 0.395406008
vt 0.349157989 0.395437002
vt 0.349133998 0.395404994
vt 0.346819997 0.395256013
vt 0.346697003 0.395312995
vt 0.346816987 0.395327985
vt 0.345210999 0.395056009
vt 0.345158994 0.395087987
vt 0.345210999 0.395090014
vt 0.344332993 0.393750012
vt 0.344399005 0.393797994
vt 0.344435006 0.39368999
vt 0.345557988 0.399185002
vt 0.345726013 0.399150997
vt 0.345656008 0.399044991
vt 0.345726013 0.399150997
vt 0.345557988 0.399185002
vt 0.345723003 0.399168998
vt 0.34414199 0.393505991
vt 0.344229013 0.393545985
vt 0.344224989 0.393395007
vt 0.344224989 0.393395007
vt 0.344229013 0.393545985
vt 0.344255 0.393417001
vt 0.344229013 0.393545985
vt 0.34414199 0.393505991
vt 0.344213992 0.393563002
vt 0.348286986 0.396521002
vt 0.348320991 0.396613985
vt 0.348311007 0.396524996
vt 0.340698987 0.395256996
vt 0.340725005 0.395321995
vt 0.340732008 0.395253003
vt 0.344889998 0.39398399
vt 0.344843 0.394071013
vt 0.344909996 0.394057989
vt 0.340835989 0.395666987
vt 0.340768009 0.395684987
vt 0.340824991 0.395680994
vt 0.34910199 0.395936012
vt 0.349141002 0.396008998
vt 0.349162012 0.395934999
vt 0.349146008 0.396046996
vt 0.349038005 0.396019995
vt 0.349043995 0.396055996
vt 0.349038005 0.396019995
vt 0.349146008 0.396046996
vt 0.349160999 0.396019012
vt 0.346827 0.395004988
vt 0.346767008 0.394989997
vt 0.34681499 0.39508599
vt 0.34681499 0.39508599
vt 0.346767008 0.394989997
vt 0.346731007 0.395078003
vt 0.348980993 0.395442009
vt 0.348928005 0.395523012
vt 0.348980993 0.395507008
vt 0.341253996 0.395489991
vt 0.341147989 0.395494014
vt 0.341244996 0.395592004
vt 0.341244996 0.395592004
vt 0.341131985 0.395507008
vt 0.341109991 0.395586014
vt 0.344722003 0.396602005
vt 0.344684005 0.396670014
vt 0.344747007 0.396656007
vt 0.347727001 0.392143011
vt 0.347665012 0.392152011
vt 0.347718 0.392188013
vt 0.347719014 0.392264992
vt 0.347718 0.392188013
vt 0.347680986 0.392199993
vt 0.343012989 0.396784008
vt 0.343010992 0.396636009
vt 0.342958987 0.396632999
vt 0.344963998 0.395365
vt 0.344868004 0.395375997
vt 0.344958991 0.395435989
vt 0.344958991 0.395435989
vt 0.344868004 0.395375997
vt 0.344945014 0.395453006
vt 0.344316006 0.393869013
vt 0.344319999 0.393929005
vt 0.344352007 0.393878996
vt 0.344352007 0.393878996
vt 0.344319999 0.393929005
vt 0.34435901 0.393945009
vt 0.34761399 0.391900003
vt 0.347719014 0.391905993
vt 0.347714007 0.391900003
vt 0.344357014 0.394075006
vt 0.344310999 0.394012988
vt 0.34433499 0.394077003
vt 0.347003996 0.39179799
vt 0.347059995 0.391824007
vt 0.347045988 0.391743004
vt 0.346801996 0.395152986
vt 0.346731007 0.395078003
vt 0.346706986 0.395159006
vt 0.34415701 0.393886
vt 0.344240993 0.393970996
vt 0.344224006 0.393878013
vt 0.346616 0.39902401
vt 0.346531004 0.399053007
vt 0.34661901 0.399089009
vt 0.347101986 0.391550988
vt 0.347068012 0.391535997
vt 0.347048998 0.391642988
vt 0.347048998 0.391642988
vt 0.347068012 0.391535997
vt 0.347003996 0.391645014
vt 0.344983011 0.393557996
vt 0.345111012 0.393570989
vt 0.345086008 0.393528014
vt 0.344107002 0.393658996
vt 0.344078988 0.393649012
vt 0.344101995 0.393703997
vt 0.347544998 0.392021
vt 0.347555012 0.392069012
vt 0.347633004 0.392033011
vt 0.347633004 0.392033011
vt 0.347555012 0.392069012
vt 0.347620994 0.392089009
vt 0.347523004 0.394502997
vt 0.347514004 0.394520015
vt 0.347539991 0.394493014
vt 0.347539991 0.394493014
vt 0.347514004 0.394520015
vt 0.347586989 0.394567013
vt 0.344035 0.393745005
vt 0.344054997 0.393835992
vt 0.344058007 0.393756002
vt 0.344058007 0.393756002
vt 0.344054997 0.393835992
vt 0.344067991 0.393774003
vt 0.36481601 0.905480027
vt 0.364849001 0.90547502
vt 0.364814997 0.905440986
vt 0.364814997 0.905440986
vt 0.364849001 0.90547502
vt 0.364863992 0.905430019
vt 0.347088009 0.392650992
vt 0.347061992 0.392722011
vt 0.347077996 0.392747015
vt 0.344871998 0.393768996
vt 0.344808996 0.393765986
vt 0.344848007 0.393880993
vt 0.344262987 0.393703997
vt 0.344247013 0.393772006
vt 0.344255 0.393774003
vt 0.344247013 0.393772006
vt 0.344262987 0.393703997
vt 0.344202995 0.39367801
vt 0.340894997 0.395595014
vt 0.340835989 0.395666987
vt 0.340912014 0.395666003
vt 0.346834987 0.394917011
vt 0.346785992 0.394825995
vt 0.346776992 0.394919008
vt 0.344677001 0.395193994
vt 0.344729006 0.395233989
vt 0.344767988 0.395195007
vt 0.344767004 0.395231992
vt 0.344729006 0.395233989
vt 0.344752997 0.395240992
vt 0.34857899 0.395289004
vt 0.348583996 0.395231992
vt 0.348538995 0.395294994
vt 0.348538995 0.395294994
vt 0.348574996 0.395220995
vt 0.348527998 0.395226985
vt 0.344482005 0.393923014
vt 0.344484001 0.393985003
vt 0.344529986 0.393923998
vt 0.344529986 0.393923998
vt 0.344484001 0.393985003
vt 0.344516009 0.39399901
vt 0.346253991 0.400689006
vt 0.346190006 0.400777996
vt 0.346294999 0.400817007
vt 0.344891012 0.393478006
vt 0.344983011 0.393557996
vt 0.344931006 0.393454999
vt 0.344597012 0.393629998
vt 0.344498992 0.393572986
vt 0.344516993 0.393664986
vt 0.344424009 0.393996
vt 0.34435901 0.393945009
vt 0.344368994 0.394012004
vt 0.344765007 0.395363003
vt 0.344714999 0.395253986
vt 0.344763011 0.395388007
vt 0.344763011 0.395388007
vt 0.344714999 0.395253986
vt 0.344702005 0.395392001
vt 0.36541 0.906144023
vt 0.365379006 0.906102002
vt 0.365370005 0.906102002
vt 0.342974991 0.396881014
vt 0.343012989 0.396784008
vt 0.342972994 0.396797001
vt 0.343012989 0.396784008
vt 0.342974991 0.396881014
vt 0.343010992 0.396896005
vt 0.348560989 0.395366013
vt 0.34857899 0.395289004
vt 0.348538995 0.395294994
vt 0.344958007 0.395314008
vt 0.344339997 0.394138008
vt 0.344954014 0.395249009
vt 0.366795003 0.903609991
vt 0.366735011 0.903644025
vt 0.366779 0.90366298
vt 0.366779 0.90366298
vt 0.366735011 0.903644025
vt 0.366735011 0.903694987
vt 0.348589003 0.392560989
vt 0.348589987 0.392500013
vt 0.348583996 0.392545998
vt 0.342958987 0.396632999
vt 0.342889011 0.396798998
vt 0.342972994 0.396797001
vt 0.341019988 0.395579994
vt 0.34108299 0.395684987
vt 0.341109991 0.395586014
vt 0.344796002 0.396685004
vt 0.344772011 0.396688998
vt 0.344812989 0.396715999
vt 0.344812989 0.396715999
vt 0.344772011 0.396688998
vt 0.344752014 0.396737009
vt 0.346089005 0.40059799
vt 0.346029997 0.400602013
vt 0.346076995 0.400664002
vt 0.344895005 0.394957989
vt 0.344900995 0.395009011
vt 0.345025986 0.394939989
vt 0.342146009 0.397239
vt 0.342184007 0.397229999
vt 0.34217599 0.397224009
vt 0.341241986 0.395381004
vt 0.341156006 0.395392001
vt 0.341253996 0.395489991
vt 0.341253996 0.395489991
vt 0.341156006 0.395392001
vt 0.341147989 0.395494014
vt 0.344897985 0.393557996
vt 0.344960988 0.393581003
vt 0.344891012 0.393478006
vt 0.346190006 0.401093006
vt 0.346089005 0.401084006
vt 0.346170992 0.401149005
vt 0.348527998 0.395226985
vt 0.348574996 0.395220995
vt 0.348553985 0.395134002
vt 0.348553985 0.395134002
vt 0.34859699 0.395148009
vt 0.34858799 0.395134985
vt 0.34858799 0.395208001
vt 0.34859699 0.395148009
vt 0.348553985 0.395134002
vt 0.347768992 0.392242014
vt 0.347779006 0.392181009
vt 0.347718 0.392188013
vt 0.346307993 0.400952011
vt 0.34632799 0.400923997
vt 0.346296996 0.40089801
vt 0.343102008 0.396789014
vt 0.343048006 0.396881998
vt 0.343109012 0.396881014
vt 0.345014006 0.39506799
vt 0.344916999 0.395117015
vt 0.345010996 0.395137995
vt 0.346834987 0.394917011
vt 0.346776992 0.394919008
vt 0.346827 0.395004988
vt 0.365401 0.905342996
vt 0.365370005 0.905384004
vt 0.36540699 0.905381978
vt 0.344413012 0.398523003
vt 0.344372004 0.398523003
vt 0.344415009 0.398555011
vt 0.344415009 0.398555011
vt 0.34435901 0.398532003
vt 0.34435901 0.398566991
vt 0.364818007 0.904946029
vt 0.364766002 0.904954016
vt 0.364760011 0.905022979
vt 0.364760011 0.905022979
vt 0.364766002 0.904954016
vt 0.364757001 0.905021012
vt 0.345218003 0.393420011
vt 0.345144987 0.393388003
vt 0.345153987 0.393482
vt 0.345144987 0.393388003
vt 0.345218003 0.393420011
vt 0.345169008 0.393388003
vt 0.344877005 0.393557996
vt 0.344835013 0.393651009
vt 0.344902009 0.393671989
vt 0.345817 0.399232
vt 0.345827997 0.399143994
vt 0.345744997 0.399163008
vt 0.345025003 0.395011991
vt 0.345014006 0.39506799
vt 0.345028996 0.395060003
vt 0.344751 0.395094007
vt 0.344677001 0.395193994
vt 0.344767988 0.395195007
vt 0.343814999 0.398514986
vt 0.343782008 0.398416013
vt 0.343764991 0.398494989
vt 0.344819009 0.396641999
vt 0.344814986 0.39667201
vt 0.344873011 0.396620989
vt 0.347586989 0.394567013
vt 0.347685009 0.394656003
vt 0.34771201 0.394591004
vt 0.34098199 0.395507008
vt 0.341028005 0.395493001
vt 0.341019988 0.395485997
vt 0.364769995 0.905285001
vt 0.364802003 0.905218005
vt 0.364762008 0.905219972
vt 0.344772011 0.396930009
vt 0.344743013 0.396872997
vt 0.344734013 0.396930993
vt 0.347582996 0.39616701
vt 0.347550005 0.396243989
vt 0.34759599 0.396241009
vt 0.345210999 0.395090014
vt 0.345158994 0.395087987
vt 0.345198989 0.395123988
vt 0.345198989 0.395123988
vt 0.345158994 0.395087987
vt 0.345137 0.395132005
vt 0.345106006 0.39368099
vt 0.345153987 0.393660009
vt 0.345118999 0.393667012
vt 0.344514012 0.393759996
vt 0.344505012 0.393774003
vt 0.344536006 0.393756002
vt 0.344538003 0.393774986
vt 0.344505012 0.393774003
vt 0.344534993 0.393826991
vt 0.344534993 0.393826991
vt 0.344500005 0.393835992
vt 0.344523996 0.393837005
vt 0.362466007 0.90634501
vt 0.362417996 0.906289995
vt 0.362412989 0.906346023
vt 0.34463501 0.394044012
vt 0.344516009 0.39399901
vt 0.344514012 0.394073993
vt 0.344514012 0.394073993
vt 0.344491988 0.393997997
vt 0.344493985 0.394071013
vt 0.364987999 0.905360997
vt 0.364968002 0.905408978
vt 0.364989996 0.905411005
vt 0.344240993 0.393785
vt 0.344247013 0.393772006
vt 0.344202995 0.393788993
vt 0.344152004 0.393687993
vt 0.344202995 0.39367801
vt 0.344186008 0.393673003
vt 0.344103992 0.393640012
vt 0.344107002 0.393658996
vt 0.344110012 0.393649012
vt 0.342132986 0.398072988
vt 0.342171013 0.398153007
vt 0.34217599 0.398054987
vt 0.346596986 0.396333992
vt 0.346648991 0.396405995
vt 0.346634001 0.396328986
vt 0.348589003 0.393658012
vt 0.348643005 0.393664002
vt 0.348634005 0.393635005
vt 0.365446001 0.906144977
vt 0.365447015 0.906112015
vt 0.36541 0.906144023
vt 0.344393998 0.398678005
vt 0.344363004 0.398624003
vt 0.344363004 0.398685008
vt 0.340974003 0.395449996
vt 0.340934008 0.395516992
vt 0.34098199 0.395507008
vt 0.348931998 0.395604014
vt 0.348971009 0.395599991
vt 0.348926008 0.395550996
vt 0.348926008 0.395550996
vt 0.349047989 0.397814006
vt 0.348971009 0.395545006
vt 0.364912003 0.905414999
vt 0.364912987 0.905376971
vt 0.364903003 0.905368984
vt 0.340793997 0.39526999
vt 0.340746999 0.395341009
vt 0.340811014 0.395325005
vt 0.344556987 0.393667012
vt 0.344516993 0.393664986
vt 0.344536006 0.393756002
vt 0.344536006 0.393756002
vt 0.344507992 0.393747985
vt 0.344514012 0.393759996
vt 0.346058995 0.400525987
vt 0.345975995 0.400546998
vt 0.345986992 0.400552988
vt 0.365175009 0.90734601
vt 0.365128994 0.907383025
vt 0.365168989 0.907386005
vt 0.36511299 0.906319022
vt 0.365146011 0.906324029
vt 0.365116 0.906279027
vt 0.365116 0.906279027
vt 0.365146011 0.906324029
vt 0.365126014 0.906265974
vt 0.344729006 0.395233989
vt 0.344714999 0.395253986
vt 0.344752997 0.395240992
vt 0.344752997 0.395240992
vt 0.344714999 0.395253986
vt 0.344752997 0.395292997
vt 0.365390003 0.904928982
vt 0.365330994 0.904942989
vt 0.365390003 0.90496701
vt 0.347054988 0.391396999
vt 0.347003996 0.391508013
vt 0.347088993 0.391458988
vt 0.343138009 0.398227006
vt 0.34316501 0.398171008
vt 0.343115985 0.39815101
vt 0.347088993 0.392549992
vt 0.347075999 0.392560989
vt 0.347097009 0.392551005
vt 0.347097009 0.392551005
vt 0.347075999 0.392560989
vt 0.347108006 0.392565012
vt 0.347108006 0.392565012
vt 0.347075999 0.392560989
vt 0.347101003 0.392637998
vt 0.347101003 0.392637998
vt 0.347068995 0.392650992
vt 0.347088009 0.392650992
vt 0.344222009 0.394111991
vt 0.344283015 0.394030005
vt 0.344197989 0.394064009
vt 0.344880015 0.396954
vt 0.344801992 0.396874011
vt 0.344772995 0.396932006
vt 0.341147006 0.39852199
vt 0.341161013 0.398487985
vt 0.341149002 0.398414999
vt 0.344767988 0.395195007
vt 0.344767004 0.395231992
vt 0.344832003 0.395218998
vt 0.344832003 0.395218998
vt 0.344853997 0.39526999
vt 0.344855994 0.395242989
vt 0.344767004 0.395231992
vt 0.344853997 0.39526999
vt 0.344832003 0.395218998
vt 0.344801992 0.396874011
vt 0.344745994 0.396834999
vt 0.344743013 0.396872997
vt 0.348464996 0.395442009
vt 0.348408997 0.395512998
vt 0.34850201 0.395473987
vt 0.340925992 0.395253003
vt 0.340956986 0.395316988
vt 0.340941012 0.395229012
vt 0.344224989 0.393395007
vt 0.344289988 0.393321991
vt 0.344253987 0.393332988
vt 0.345575988 0.399354011
vt 0.345615 0.399360001
vt 0.345595002 0.399286002
vt 0.347557008 0.39595601
vt 0.347517014 0.396034002
vt 0.347550005 0.396039993
vt 0.365024 0.905251026
vt 0.364998996 0.905295014
vt 0.365020007 0.905295014
vt 0.344940007 0.393880993
vt 0.344871998 0.393768996
vt 0.344848007 0.393880993
vt 0.368140996 0.906358004
vt 0.368164003 0.906364024
vt 0.368158013 0.906333983
vt 0.368158013 0.906333983
vt 0.368164003 0.906364024
vt 0.368194997 0.906333983
vt 0.346080989 0.400440991
vt 0.346058995 0.400525987
vt 0.346161991 0.400485992
vt 0.346161991 0.400485992
vt 0.346168995 0.400552988
vt 0.346179008 0.400543988
vt 0.344357014 0.394075006
vt 0.344339997 0.394138008
vt 0.344388992 0.394136012
vt 0.340817004 0.395424992
vt 0.340761006 0.395595014
vt 0.340894997 0.395595014
vt 0.344413996 0.398586988
vt 0.34435901 0.398566991
vt 0.34435901 0.398615003
vt 0.344684005 0.396670014
vt 0.344756007 0.396679014
vt 0.344747007 0.396656007
vt 0.344756007 0.396679014
vt 0.344684005 0.396670014
vt 0.344678998 0.396699011
vt 0.341224015 0.395258009
vt 0.341143012 0.395177007
vt 0.341145009 0.395274997
vt 0.344417989 0.39387399
vt 0.344352007 0.393878996
vt 0.344413012 0.393934011
vt 0.344413012 0.393934011
vt 0.344352007 0.393878996
vt 0.34435901 0.393945009
vt 0.344280988 0.393864989
vt 0.344271988 0.393875003
vt 0.344316006 0.393869013
vt 0.344224006 0.393878013
vt 0.344240993 0.393785
vt 0.344202995 0.393788993
vt 0.347573996 0.394636005
vt 0.347535998 0.394677013
vt 0.347651988 0.394719005
vt 0.347730994 0.392066985
vt 0.347633004 0.392033011
vt 0.347620994 0.392089009
vt 0.342005998 0.401030988
vt 0.348690003 0.404985994
vt 0.342016995 0.401113987
vt 0.344283998 0.393584996
vt 0.344202995 0.39367801
vt 0.344262987 0.393703997
vt 0.347541004 0.396158993
vt 0.347505003 0.396234006
vt 0.347550005 0.396243989
vt 0.344354987 0.393572003
vt 0.344420999 0.393665999
vt 0.344383001 0.393546999
vt 0.344873011 0.396620989
vt 0.344810009 0.396634996
vt 0.344819009 0.396641999
vt 0.344810009 0.396634996
vt 0.344873011 0.396620989
vt 0.34483099 0.396586001
vt 0.344117999 0.394098997
vt 0.344074011 0.394039989
vt 0.344072998 0.394102007
vt 0.344074011 0.394039989
vt 0.344101995 0.394012004
vt 0.344085008 0.394010007
vt 0.344101995 0.394012004
vt 0.344074011 0.394039989
vt 0.344112992 0.394024998
vt 0.367707998 0.906490028
vt 0.367722988 0.906509995
vt 0.367742985 0.906472981
vt 0.341143012 0.395177007
vt 0.341073006 0.395193011
vt 0.341145009 0.395274997
vt 0.341145009 0.395274997
vt 0.34106499 0.395292014
vt 0.344942003 0.396649987
vt 0.344915986 0.396636993
vt 0.344913006 0.396676004
vt 0.344915986 0.396636993
vt 0.344900012 0.396667987
vt 0.344913006 0.396676004
vt 0.344915986 0.396636993
vt 0.344942003 0.396649987
vt 0.344935 0.396636993
vt 0.362515986 0.906283021
vt 0.36254999 0.906274974
vt 0.36254099 0.906228006
vt 0.344945014 0.395453006
vt 0.344971001 0.395496011
vt 0.344960004 0.395458996
vt 0.363945991 0.907418013
vt 0.363958001 0.90741998
vt 0.363952994 0.907368004
vt 0.363952994 0.907368004
vt 0.363979995 0.907361984
vt 0.363959998 0.907360017
vt 0.344846994 0.395049006
vt 0.344844013 0.39509201
vt 0.344920009 0.395060003
vt 0.344920009 0.395060003
vt 0.344855994 0.395105988
vt 0.344916999 0.395117015
vt 0.346819997 0.395256013
vt 0.346884012 0.395325005
vt 0.346902996 0.395244002
vt 0.346902996 0.395244002
vt 0.346884012 0.395325005
vt 0.346897006 0.395312011
vt 0.346884012 0.395325005
vt 0.346819997 0.395256013
vt 0.346816987 0.395327985
vt 0.364719003 0.905155003
vt 0.364697993 0.905147016
vt 0.36470899 0.905191004
vt 0.347054988 0.391842008
vt 0.346980989 0.391817987
vt 0.34702599 0.391869009
vt 0.346980989 0.391817987
vt 0.347054988 0.391842008
vt 0.347003996 0.39179799
vt 0.363968998 0.907419026
vt 0.363997996 0.907415986
vt 0.363988996 0.907360017
vt 0.363988996 0.907360017
vt 0.364004999 0.907406986
vt 0.364004999 0.907351971
vt 0.348971009 0.395545006
vt 0.348928005 0.395523012
vt 0.348926008 0.395550996
vt 0.348928005 0.395523012
vt 0.348971009 0.395545006
vt 0.348980993 0.395507008
vt 0.341040999 0.395291001
vt 0.340957999 0.395213008
vt 0.34097901 0.395337999
vt 0.344130009 0.393510014
vt 0.344137013 0.39350301
vt 0.344114006 0.393496007
vt 0.344114006 0.393496007
vt 0.34415099 0.393406004
vt 0.344108999 0.393404007
vt 0.349157006 0.397868007
vt 0.349148989 0.397814006
vt 0.349068999 0.397859991
vt 0.340808004 0.395164013
vt 0.340746999 0.395238996
vt 0.340793997 0.39526999
vt 0.340793997 0.39526999
vt 0.340746999 0.395238996
vt 0.340755999 0.395256013
vt 0.341156006 0.395392001
vt 0.341060013 0.395392001
vt 0.341147989 0.395494014
vt 0.341147989 0.395494014
vt 0.341060013 0.395392001
vt 0.341033012 0.39546901
vt 0.366771013 0.904546022
vt 0.366762012 0.904554009
vt 0.366795003 0.904547989
vt 0.366795003 0.904547989
vt 0.366757005 0.904577971
vt 0.366789013 0.904591978
vt 0.342783004 0.396881014
vt 0.342804998 0.39696601
vt 0.34287101 0.396885008
vt 0.34287101 0.396885008
vt 0.342804998 0.39696601
vt 0.342882007 0.396898001
vt 0.342882007 0.396898001
vt 0.342804998 0.39696601
vt 0.342887014 0.396977007
vt 0.346801996 0.395152986
vt 0.34463501 0.394044012
vt 0.346819997 0.395256013
vt 0.344255 0.393774003
vt 0.344332993 0.393750012
vt 0.344262987 0.393703997
vt 0.344639003 0.393635988
vt 0.344556987 0.393667012
vt 0.344648004 0.393729001
vt 0.344648004 0.393729001
vt 0.344556987 0.393667012
vt 0.344556987 0.393756986
vt 0.344772011 0.394966006
vt 0.344761997 0.395031989
vt 0.344837993 0.394989997
vt 0.344837993 0.394989997
vt 0.344761997 0.395031989
vt 0.34484899 0.395006001
vt 0.348520994 0.395518988
vt 0.348408997 0.395512998
vt 0.348423004 0.395556986
vt 0.342972994 0.396905005
vt 0.342887014 0.396977007
vt 0.342961997 0.396977991
vt 0.346495003 0.399069011
vt 0.346469015 0.399145991
vt 0.346506 0.399138987
vt 0.344969004 0.396878004
vt 0.344904989 0.396865994
vt 0.344972998 0.39694199
vt 0.344972998 0.39694199
vt 0.344904989 0.396865994
vt 0.344880015 0.396954
vt 0.345205009 0.393537015
vt 0.345263004 0.393474996
vt 0.345153987 0.393482
vt 0.344678998 0.396757007
vt 0.344700992 0.396719992
vt 0.344680995 0.396723986
vt 0.344700992 0.396719992
vt 0.344678998 0.396757007
vt 0.344752014 0.396737009
vt 0.344752014 0.396737009
vt 0.34473601 0.396824986
vt 0.34474799 0.396811008
vt 0.340948999 0.395595998
vt 0.34098199 0.395507008
vt 0.340934008 0.395516992
vt 0.344532996 0.393537015
vt 0.344476014 0.393521994
vt 0.344498992 0.393572986
vt 0.344498992 0.393572986
vt 0.344440013 0.393554986
vt 0.344446003 0.393563002
vt 0.342783988 0.396809995
vt 0.34287101 0.396885008
vt 0.342889011 0.396798998
vt 0.342889011 0.396798998
vt 0.34287101 0.396885008
vt 0.342882991 0.396872997
vt 0.34287101 0.396885008
vt 0.342783988 0.396809995
vt 0.342783004 0.396881014
vt 0.346801996 0.395152986
vt 0.346819997 0.395256013
vt 0.34689799 0.395141006
vt 0.34689799 0.395141006
vt 0.346819997 0.395256013
vt 0.346902996 0.395244002
vt 0.364057004 0.908339024
vt 0.364082009 0.908294022
vt 0.364050001 0.908285022
vt 0.346668988 0.396416992
vt 0.346650988 0.396452993
vt 0.346677989 0.396452993
vt 0.344897002 0.393442988
vt 0.344870001 0.393411994
vt 0.344861001 0.393440992
vt 0.344945997 0.393397003
vt 0.34493199 0.393348008
vt 0.344884992 0.393397987
vt 0.365267009 0.905058026
vt 0.365242004 0.905000985
vt 0.365226001 0.90505898
vt 0.365242004 0.905000985
vt 0.365274996 0.90504998
vt 0.365276992 0.905003011
vt 0.36521101 0.907216012
vt 0.365186989 0.907211006
vt 0.365188003 0.907216012
vt 0.345153987 0.393482
vt 0.345055014 0.393424988
vt 0.345086008 0.393528014
vt 0.344514012 0.394073993
vt 0.344514996 0.394158006
vt 0.34463501 0.394044012
vt 0.346646994 0.396149009
vt 0.346625 0.396145999
vt 0.346641004 0.396239012
vt 0.346641004 0.396239012
vt 0.346625 0.396145999
vt 0.346634001 0.396328986
vt 0.345111012 0.394982994
vt 0.345135987 0.395047992
vt 0.345140994 0.395029992
vt 0.342117995 0.397154987
vt 0.34217599 0.397224009
vt 0.342153996 0.397112012
vt 0.311935991 0.396845996
vt 0.311940014 0.396838993
vt 0.311940014 0.396836013
vt 0.365447998 0.906086028
vt 0.365453988 0.906082988
vt 0.365453988 0.906081975
vt 0.317171991 0.401008993
vt 0.317169011 0.401010007
vt 0.317173004 0.401008993
vt 0.311969012 0.396557987
vt 0.311966002 0.396566987
vt 0.311967999 0.396568
vt 0.311967999 0.396568
vt 0.311966002 0.396566987
vt 0.311967999 0.396568
vt 0.313059002 0.39646399
vt 0.313050002 0.396472007
vt 0.313064992 0.396474987
vt 0.34849599 0.395776004
vt 0.348488003 0.395776004
vt 0.348497987 0.395776004
vt 0.348488003 0.395776004
vt 0.348491013 0.395779997
vt 0.348497987 0.395776004
vt 0.312072992 0.396836996
vt 0.312083989 0.396836996
vt 0.312079996 0.396836013
vt 0.315382987 0.395121008
vt 0.315376014 0.395108014
vt 0.315375 0.395117015
vt 0.345131993 0.397821009
vt 0.345111012 0.397821993
vt 0.345117986 0.397855997
vt 0.312676013 0.398045003
vt 0.312669992 0.398043007
vt 0.31268099 0.398059011
vt 0.314467996 0.399194002
vt 0.314478993 0.399190009
vt 0.314480007 0.399188995
vt 0.31278801 0.398499995
vt 0.312777013 0.398505986
vt 0.312792003 0.398512006
vt 0.345979005 0.400563002
vt 0.345973998 0.400563985
vt 0.345973998 0.400575995
vt 0.316868991 0.398988992
vt 0.316868007 0.399001002
vt 0.31693399 0.398988008
vt 0.312734008 0.396724999
vt 0.312752992 0.396732986
vt 0.312750012 0.396710992
vt 0.348610014 0.395884007
vt 0.348102987 0.399152011
vt 0.348607987 0.395895988
vt 0.312745005 0.399728
vt 0.312732011 0.39972201
vt 0.312736005 0.399728
vt 0.312638998 0.399695992
vt 0.312651008 0.399695009
vt 0.312642008 0.399688005
vt 0.36521101 0.907216012
vt 0.365218997 0.907208979
vt 0.36521101 0.907189012
vt 0.345584989 0.398837
vt 0.345600009 0.398876011
vt 0.345589995 0.398822993
vt 0.312855989 0.397992998
vt 0.312766999 0.397973001
vt 0.312743008 0.397974998
vt 0.312866986 0.398189008
vt 0.312887996 0.398322999
vt 0.312898993 0.398317993
vt 0.311984003 0.396681011
vt 0.311969012 0.396589011
vt 0.311978012 0.396674007
vt 0.348345995 0.398438007
vt 0.348298013 0.398456007
vt 0.34830901 0.398476988
vt 0.312366992 0.396880001
vt 0.312361002 0.396952987
vt 0.312366992 0.396977991
vt 0.312314987 0.396975994
vt 0.312350005 0.396964997
vt 0.312317997 0.396964997
vt 0.345142007 0.397888005
vt 0.345120013 0.397855014
vt 0.345126003 0.397884011
vt 0.312862992 0.396705002
vt 0.312927991 0.396672994
vt 0.312943012 0.396622986
vt 0.315494001 0.397778988
vt 0.315546989 0.397866994
vt 0.31556201 0.397873014
vt 0.314489007 0.399156004
vt 0.314482003 0.399141997
vt 0.314467996 0.399194002
vt 0.310615987 0.399859011
vt 0.310689002 0.399758995
vt 0.310685009 0.399747998
vt 0.312721014 0.396616012
vt 0.312734008 0.396724999
vt 0.312752992 0.396710992
vt 0.310956001 0.399942011
vt 0.31190601 0.397092998
vt 0.311899006 0.397055
vt 0.348114014 0.402058989
vt 0.348096013 0.401959985
vt 0.348096013 0.402060002
vt 0.308789998 0.398265988
vt 0.308789015 0.398369998
vt 0.308811009 0.398391008
vt 0.316442013 0.396604002
vt 0.31646499 0.396587998
vt 0.316444993 0.396591991
vt 0.312090009 0.396378011
vt 0.312121987 0.396375
vt 0.312126011 0.396364003
vt 0.312795997 0.398418009
vt 0.312714994 0.398400009
vt 0.312700003 0.398429006
vt 0.312528998 0.399760991
vt 0.312588006 0.39973101
vt 0.312510997 0.399753004
vt 0.311951995 0.397062987
vt 0.311940998 0.396941006
vt 0.311944008 0.397065014
vt 0.312900007 0.397011012
vt 0.312822998 0.397020012
vt 0.312826008 0.397031993
vt 0.348598003 0.395792007
vt 0.348612994 0.395853013
vt 0.348610014 0.39578101
vt 0.316478997 0.395536005
vt 0.316430002 0.395525008
vt 0.316421986 0.395552009
vt 0.345586985 0.400591999
vt 0.345580995 0.400559992
vt 0.345569015 0.400561988
vt 0.311940014 0.396822989
vt 0.31189999 0.396827012
vt 0.311935991 0.396845996
vt 0.363979995 0.907361984
vt 0.363968998 0.907419026
vt 0.363988996 0.907360017
vt 0.345279008 0.397650003
vt 0.345173001 0.397673994
vt 0.345185995 0.397695005
vt 0.348497987 0.39844501
vt 0.348598003 0.395792007
vt 0.348408014 0.398377001
vt 0.308964014 0.398559988
vt 0.308865011 0.39852199
vt 0.308860004 0.398544997
vt 0.312685013 0.398265988
vt 0.312687993 0.398295999
vt 0.312750995 0.398290008
vt 0.367076993 0.906921029
vt 0.367072999 0.906970978
vt 0.367080003 0.906904995
vt 0.34602499 0.400595009
vt 0.345973998 0.400575995
vt 0.346029997 0.400602013
vt 0.308898002 0.39815101
vt 0.308905989 0.39823699
vt 0.308910012 0.398148
vt 0.346397012 0.399147987
vt 0.346372992 0.399250001
vt 0.346386999 0.399246007
vt 0.312725008 0.398059011
vt 0.31268099 0.398059011
vt 0.312732995 0.398061991
vt 0.308526993 0.398380995
vt 0.308568001 0.398384988
vt 0.308557004 0.398375005
vt 0.312698007 0.398414999
vt 0.312597007 0.398416013
vt 0.31259501 0.398440003
vt 0.308737993 0.398721009
vt 0.308667988 0.398719996
vt 0.308678001 0.398732007
vt 0.312584013 0.398346007
vt 0.31259501 0.398295999
vt 0.312584996 0.398294002
vt 0.346190006 0.400777996
vt 0.346161991 0.400673002
vt 0.346163988 0.400797009
vt 0.308526993 0.398380995
vt 0.308519006 0.398312986
vt 0.308513999 0.398395985
vt 0.311877012 0.396593988
vt 0.311910987 0.396616012
vt 0.31190601 0.396609008
vt 0.310804993 0.399946004
vt 0.310714006 0.399951011
vt 0.310804993 0.399958014
vt 0.311946005 0.396548986
vt 0.311894 0.396537006
vt 0.31189701 0.396548986
vt 0.312707007 0.40051499
vt 0.317171991 0.401008993
vt 0.311942011 0.396634012
vt 0.34483099 0.396586001
vt 0.344873011 0.396620989
vt 0.344875008 0.396571994
vt 0.36519599 0.907190979
vt 0.365186989 0.907211006
vt 0.36521101 0.907216012
vt 0.348690003 0.404985994
vt 0.342005998 0.401030988
vt 0.340889007 0.395332009
vt 0.342889011 0.396798998
vt 0.344062001 0.402379006
vt 0.342783988 0.396809995
vt 0.348589003 0.392560989
vt 0.348589987 0.392648011
vt 0.348646998 0.392563999
vt 0.345326006 0.399360001
vt 0.344024986 0.393979013
vt 0.344031006 0.394071013
vt 0.312821001 0.397096992
vt 0.31279701 0.397035986
vt 0.312786996 0.397035003
vt 0.346383005 0.400492013
vt 0.346379012 0.400433004
vt 0.346275002 0.400465995
vt 0.344767988 0.395195007
vt 0.344729006 0.395233989
vt 0.344767004 0.395231992
vt 0.347523987 0.394578993
vt 0.348345995 0.398438007
vt 0.347514004 0.394520015
vt 0.348102987 0.399152011
vt 0.348610014 0.395884007
vt 0.347826988 0.391979009
vt 0.344857991 0.395496994
vt 0.344839007 0.395550013
vt 0.344971001 0.395496011
vt 0.344945014 0.395453006
vt 0.34415701 0.393886
vt 0.344170004 0.393988013
vt 0.344240993 0.393970996
vt 0.344197989 0.394064009
vt 0.345144987 0.393545002
vt 0.345086008 0.393528014
vt 0.345115006 0.393568993
vt 0.345144004 0.39359501
vt 0.348646998 0.392563999
vt 0.348646998 0.392482996
vt 0.348589987 0.392500013
vt 0.348589003 0.392560989
vt 0.344880015 0.396954
vt 0.344904989 0.396865994
vt 0.344801992 0.396874011
vt 0.344810009 0.396825999
vt 0.340948999 0.395595998
vt 0.340934008 0.395516992
vt 0.340894997 0.395595014
vt 0.340817004 0.395424992
vt 0.344083011 0.393698007
vt 0.344069004 0.393748999
vt 0.344101995 0.393703997
vt 0.344107002 0.393725008
vt 0.344848007 0.393880993
vt 0.344889998 0.39398399
vt 0.344940007 0.393880993
vt 0.344963998 0.393970013
vt 0.346091002 0.400976986
vt 0.344700009 0.395437002
vt 0.344758004 0.395478994
vt 0.346190006 0.401093006
vt 0.345999986 0.400454015
vt 0.345975995 0.400546998
vt 0.346058995 0.400525987
vt 0.346080989 0.400440991
vt 0.344354987 0.393572003
vt 0.345699012 0.398898989
vt 0.345600009 0.398876011
vt 0.344283998 0.393584996
vt 0.345586002 0.398901999
vt 0.349348009 0.397395015
vt 0.347633004 0.392033011
vt 0.347730994 0.392066985
vt 0.349335998 0.39743799
vt 0.344283998 0.393934995
vt 0.345090985 0.397819012
vt 0.345093995 0.397805989
vt 0.344316006 0.393869013
vt 0.346603006 0.396416008
vt 0.34809801 0.40211001
vt 0.348096013 0.402060002
vt 0.346596986 0.396333992
vt 0.340835989 0.395666987
vt 0.340894997 0.395595014
vt 0.340761006 0.395595014
vt 0.340768009 0.395684987
vt 0.340739995 0.395424008
vt 0.340694994 0.395496011
vt 0.340759993 0.395498991
vt 0.348690003 0.404985994
vt 0.346089005 0.401084006
vt 0.344702005 0.395464987
vt 0.344713986 0.395543993
vt 0.346170992 0.401149005
vt 0.347824007 0.391916007
vt 0.347719014 0.391905993
vt 0.347745001 0.391983986
vt 0.347826988 0.391979009
vt 0.312321007 0.397206008
vt 0.312319994 0.397121996
vt 0.312308013 0.397121012
vt 0.31278801 0.398499995
vt 0.346397012 0.399147987
vt 0.346386999 0.399246007
vt 0.346448988 0.399228007
vt 0.346455008 0.399161011
vt 0.341028005 0.395493001
vt 0.341019988 0.395579994
vt 0.341109991 0.395586014
vt 0.341131985 0.395507008
vt 0.347570986 0.396041989
vt 0.347575992 0.395972013
vt 0.347557008 0.39595601
vt 0.347550005 0.396039993
vt 0.344868004 0.395375997
vt 0.346091002 0.400976986
vt 0.346190006 0.401093006
vt 0.344945014 0.395453006
vt 0.341839999 0.400725007
vt 0.340732992 0.39506799
vt 0.340709001 0.39515999
vt 0.341809988 0.400824994
vt 0.344031006 0.394071013
vt 0.344067007 0.394001991
vt 0.345346987 0.399390012
vt 0.345326006 0.399360001
vt 0.34631899 0.399367988
vt 0.344990999 0.393967003
vt 0.345073014 0.393945009
vt 0.345079005 0.393864006
vt 0.346367002 0.399262011
vt 0.345279992 0.397635996
vt 0.344435006 0.39368999
vt 0.344399005 0.393797994
vt 0.345279008 0.397650003
vt 0.346183985 0.400846988
vt 0.344765007 0.395363003
vt 0.344882995 0.395346999
vt 0.346287012 0.400857002
vt 0.312323987 0.397049993
vt 0.312316 0.397049993
vt 0.312319994 0.397121012
vt 0.312326014 0.397123009
vt 0.367080003 0.906904995
vt 0.367072999 0.906970978
vt 0.367105007 0.906969011
vt 0.367110997 0.906912029
vt 0.345093012 0.395074993
vt 0.345111012 0.394982994
vt 0.345025986 0.394939989
vt 0.345028996 0.395060003
vt 0.345025003 0.395011991
vt 0.362412989 0.906346023
vt 0.362417996 0.906289995
vt 0.362370014 0.906298995
vt 0.362383991 0.90635097
vt 0.344202995 0.39367801
vt 0.344152004 0.393687993
vt 0.344202995 0.393788993
vt 0.344247013 0.393772006
vt 0.346383005 0.400492013
vt 0.345104992 0.394959986
vt 0.345100999 0.394915998
vt 0.346379012 0.400433004
vt 0.34108299 0.395684987
vt 0.341136009 0.395682007
vt 0.341147006 0.395669997
vt 0.341109991 0.395586014
vt 0.362426996 0.906397998
vt 0.362381995 0.906395018
vt 0.362381011 0.906467021
vt 0.362426996 0.906463981
vt 0.344666004 0.394989014
vt 0.345973998 0.400575995
vt 0.34602499 0.400595009
vt 0.344718009 0.394962996
vt 0.346455008 0.398525
vt 0.346455008 0.398611009
vt 0.346477985 0.398609996
vt 0.346477985 0.398523003
vt 0.344339997 0.394138008
vt 0.34433499 0.394077003
vt 0.344292015 0.394097
vt 0.344283015 0.394149989
vt 0.344534993 0.393925011
vt 0.344516009 0.39399901
vt 0.344644994 0.393983006
vt 0.344648004 0.393896013
vt 0.345263004 0.393474996
vt 0.345232993 0.393422008
vt 0.345218003 0.393420011
vt 0.345153987 0.393482
vt 0.362605989 0.906454027
vt 0.362556994 0.906464994
vt 0.362563998 0.906513989
vt 0.362650007 0.906526029
vt 0.365236998 0.905354023
vt 0.365276009 0.905351996
vt 0.365247011 0.905282021
vt 0.36521399 0.905285001
vn -0.986405909 -0.104400627 0.126900762
vn -0.988433659 -0.0743025243 0.132204518
vn -0.981402099 -0.108000234 0.158700347
vn -0.93860209 -0.0371000804 -0.34300074
vn -0.937704206 0.142200634 -0.317001432
vn -0.986173272 0.149595946 -0.0712980628
vn -0.865093648 -0.36279735 -0.34639743
vn -0.752140045 -0.550529301 -0.362219274
vn -0.839033663 -0.382415354 -0.387015522
vn -0.754409552 -0.237302989 0.612007737
vn -0.754409552 -0.237302989 0.612007737
vn -0.754409552 -0.237302989 0.612007737
vn 0.277591825 0.958571732 0.0638981164
vn 0.273503602 0.959712625 0.0644008517
vn 0.15609391 0.979361832 0.128394991
vn -0.961237133 -0.265910238 -0.0729028136
vn -0.965339124 -0.250610173 -0.0729029551
vn -0.937002778 -0.327100992 -0.122600362
vn -0.880418122 -0.102402106 -0.463009536
vn -0.88378638 -0.102198422 -0.456592977
vn -0.940722406 -0.0213005077 -0.33850807
vn -0.977769911 -0.207693607 -0.0287991129
vn -0.966770172 -0.255492121 0.00889972597
vn -0.929919541 -0.367207706 0.0202004239
vn 0.985995829 0.0781996697 0.147299379
vn 0.995913446 0.0175002366 0.0886012018
vn 0.985692382 0.109899141 0.127799004
vn -0.537305355 0.829208314 -0.154001549
vn -0.539991796 0.828787446 -0.146697775
vn -0.536076069 0.829762936 -0.155293062
vn -0.941684783 0.0010999823 -0.336494535
vn -0.948245227 -0.00390018593 -0.317515165
vn -0.954143226 -0.0322014615 -0.297613472
vn -0.843019664 -0.523012221 0.125602931
vn -0.835303843 -0.535202444 0.125800565
vn -0.851476967 -0.492386699 0.180395126
vn -0.987615466 0.0284004435 -0.154302418
vn -0.990283787 0.0730988011 -0.118298061
vn -0.984628558 -0.0409011841 -0.169804916
vn -0.997620046 0.0650013015 0.023000462
vn -0.99997735 -0.00639985502 -0.00209995243
vn -0.997652233 0.0637969524 -0.0248988084
vn -0.655303955 0.746804535 0.11340069
vn -0.655303955 0.746804535 0.11340069
vn -0.686830819 0.722832441 0.0760034099
vn -0.999805629 -0.0128000714 -0.0150000835
vn -0.999340594 -0.0343013927 0.0119004836
vn -0.999706805 0.024100164 0.00230001565
vn 0.966058433 0.251889169 -0.057297539
vn 0.960682333 0.269295096 -0.0675987527
vn 0.959049225 0.270185709 -0.0849955007
vn 0.305012345 -0.0873035342 -0.94833833
vn 0.248206094 -0.0635015666 -0.966623724
vn 0.295909375 0.0128004048 -0.955130219
vn -0.0245998856 -0.00199999101 -0.99969542
vn -0.00600023847 0.00920036528 -0.99993968
vn -0.0381987058 -0.00279990514 -0.999266207
vn -0.97510922 -0.11960113 0.186701775
vn -0.97510922 -0.11960113 0.186701775
vn -0.97510922 -0.11960113 0.186701775
vn 0.998690546 0.0260997526 -0.0439995825
vn 0.989390671 -0.0471995547 -0.137398705
vn 0.990888953 -0.0153998286 -0.13379851
vn 0.998751879 0.00219989405 -0.0498975925
vn 0.991074741 0.0552985892 -0.121296898
vn -0.99789536 -0.0539997518 -0.0358998328
vn -0.997493267 -0.0614995845 -0.0349997655
vn -0.997074485 -0.0688982308 -0.0330991559
vn -0.837836862 -0.395017356 0.376816571
vn -0.768365085 -0.532675803 0.354783863
vn -0.764900804 -0.477900475 0.431900412
vn -0.789847374 -0.557633519 0.255315304
vn -0.77462095 -0.533314347 0.339909166
vn -0.673717856 0.495213151 0.548514545
vn -0.699891865 0.552793622 0.452294767
vn -0.894722939 0.367909461 0.253206491
vn -0.977515757 -0.208703369 0.0301004834
vn -0.980135024 -0.190406814 -0.0555019863
vn -0.986396313 -0.148499444 -0.0704997331
vn -0.982113302 -0.139101878 0.126901731
vn -0.9854936 -0.169198915 0.0131999142
vn 0.926323116 0.0303007588 -0.375509381
vn 0.969608068 -0.026700221 -0.243202016
vn 0.926280081 -0.0160996541 -0.376491934
vn -0.992762864 0.0977963433 -0.069697395
vn -0.990896404 -0.133799523 -0.0148999458
vn -0.983908236 0.0370003134 0.174801454
vn 0.0497979708 0.994759381 0.0892963484
vn -0.0585990809 0.995284379 0.0772987828
vn -0.00410015322 0.987236857 0.159205943
vn -0.0436003171 -0.0779005662 -0.996007264
vn -0.0656007752 -0.0621007308 -0.995911717
vn -0.0545004755 -0.0648005679 -0.996408761
vn 0.0414021984 0.95135057 0.30531621
vn 0.0503998287 0.952196777 0.301298976
vn 0.0736979768 0.967073381 0.24359329
vn -0.82898742 -0.511792243 0.225496575
vn -0.86768645 -0.383094013 0.316795051
vn -0.892360508 -0.395682484 0.217090383
vn 0.116097428 0.214595228 -0.969778478
vn 0.112899981 0.215299964 -0.96999985
vn 0.113598309 0.215896785 -0.969785511
vn 0.76078099 -0.355191112 0.543186486
vn 0.757653117 -0.342178822 0.555765629
vn 0.745191932 -0.421195477 0.516994417
vn 0.98031348 0.00420005759 0.197402716
vn 0.965424001 -0.0507012643 0.25570634
vn 0.998450518 -0.0438978262 -0.0341983102
vn -0.257790327 0.963063776 -0.0777970701
vn 0.00690033054 0.999447882 -0.0325015523
vn -0.248687491 0.967951357 -0.0349982418
vn 0.326108277 0.716718256 0.616415679
vn 0.341609627 0.687219381 0.64111805
vn 0.326507688 0.675415933 0.661215544
vn 0.734417975 -0.553613603 0.392609626
vn 0.721006334 -0.558904886 0.409603596
vn 0.769087255 -0.486091912 0.414993107
vn 0.561187744 0.315293074 0.765283227
vn 0.550223053 0.35171476 0.757331789
vn 0.526902497 0.373001784 0.763703704
vn 0.562108874 -0.0596009456 0.824913025
vn 0.549014449 -0.0499013104 0.834321916
vn 0.571489751 -0.0575989634 0.818585277
vn -0.943510532 -0.127801433 0.305703431
vn -0.941515326 -0.137802243 0.307505012
vn -0.943510532 -0.127801433 0.305703431
vn -0.98085326 0.0117994379 0.194390729
vn -0.964851916 0.0238012802 0.261714071
vn -0.98534286 0.0780033916 0.151706606
vn -0.963933706 0.10130354 0.246108577
vn -0.977598906 0.0426999517 0.206099778
vn -0.976301491 0.0420000628 0.21230033
vn 0.591522098 0.651724398 0.474717766
vn 0.60080421 0.671904743 0.433103055
vn 0.67271167 0.614110649 0.41270718
vn -0.756217301 0.0164003763 0.654114962
vn -0.861581862 0.384691924 0.33119303
vn -0.801224649 0.279608607 0.529016256
vn -0.715930223 0.112004735 0.689129114
vn -0.689200819 0.157700196 0.707200825
vn -0.6178177 0.242106929 0.748121381
vn 0.855091214 -0.236697555 0.461295247
vn 0.877124488 -0.227406353 0.42301181
vn 0.851076722 -0.0733979866 0.519885778
vn 0.481874824 0.0904952735 0.871554434
vn 0.536226809 0.0666033328 0.841442108
vn 0.446910739 0.212305099 0.869020879
vn 0.32419908 0.406498849 0.854197562
vn 0.246301174 0.265901268 0.932004392
vn 0.540300488 0.118400104 0.833100736
vn 0.548694313 0.0567994155 0.834091365
vn 0.477310449 0.0774016976 0.875319183
vn 0.491205007 0.143101454 0.859208763
vn -0.549495816 -0.143998906 -0.822993755
vn -0.464601159 -0.153000385 -0.872202218
vn -0.560671449 -0.210789278 -0.800759256
vn -0.967704892 -0.0845004246 0.237501189
vn -0.967704892 -0.0845004246 0.237501189
vn -0.967704892 -0.0845004246 0.237501189
vn 0.584517002 0.0160004664 0.811223626
vn 0.544889569 -0.0433991663 0.837383926
vn 0.58026284 0.0490968563 0.812947989
vn -0.855712712 0.516807675 0.0258003846
vn -0.878750741 0.476273298 0.0309982635
vn -0.852552176 0.521070778 0.0404977314
vn -0.50678426 0.858473301 0.0786975548
vn -0.536308467 0.84351337 0.0293004662
vn -0.564902127 0.821003139 0.0827003121
vn 0.985079706 0.0615987331 0.160696685
vn 0.973268032 0.131795675 0.188093826
vn 0.999997735 0.00209999527 -0.000499998918
vn 0.992429674 -0.0592017733 -0.107603222
vn 0.998300016 0.0291000009 -0.0505000018
vn 0.999562442 -0.0191992801 0.0224991553
vn -0.998885095 0.0256996155 -0.0395994075
vn -0.998464465 0.029798938 -0.0466983393
vn -0.998653173 0.0210990086 -0.0473977774
vn -0.98684597 -0.153507158 -0.0507023633
vn -0.991611838 -0.00360004301 -0.129201546
vn -0.966792285 -0.168098658 -0.19249846
vn -0.453503281 -0.414303005 0.789105713
vn -0.484019905 -0.363614917 0.79593271
vn -0.480698168 -0.371298611 0.794396996
vn -0.130097762 -0.970183372 -0.204496503
vn -0.133200571 -0.979004085 -0.15430066
vn -0.13539283 -0.972948492 -0.187190101
vn -0.86908704 -0.432093561 0.240796402
vn -0.864398301 -0.413199157 0.286499441
vn -0.901264071 -0.345086217 0.261989564
vn 0.351799339 0.827598453 0.437399209
vn 0.298385292 0.797560573 0.524274051
vn 0.251708269 0.866328359 0.431414127
vn -0.934297085 0.335798919 -0.119699627
vn -0.945403755 0.32590127 0.000200000795
vn -0.746500492 0.618200421 -0.246100157
vn 0.762872338 0.269990206 0.587478638
vn 0.86148864 0.181597605 0.474193752
vn 0.599274755 0.267388701 0.75456816
vn -0.0124005247 0.0613025911 -0.998042226
vn -0.00940015633 0.0698011667 -0.997516632
vn -0.00159994606 0.099196665 -0.995066524
vn -0.0493985787 0.0247992855 -0.9984712
vn -0.0292002093 0.0795005634 -0.996407092
vn -0.998799801 -0.044799991 0.019799998
vn -0.998799801 -0.044799991 0.019799998
vn -0.998799801 -0.044799991 0.019799998
vn -0.537507176 -0.383105069 0.751209974
vn -0.536895752 -0.38379699 0.751294076
vn -0.537619412 -0.382913858 0.7512272
vn -0.443107843 0.09410166 0.891515791
vn -0.277201295 0.0243001133 0.960504472
vn -0.166902155 0.295303851 0.940712154
vn 0.351594299 0.90038538 -0.25629586
vn 0.349310935 0.900928199 -0.257508069
vn 0.348904312 0.900311112 -0.260203183
vn -0.168791637 -0.00109994551 -0.985651195
vn -0.138298884 -0.0506995954 -0.989091992
vn -0.145406097 -0.0429017991 -0.988441467
vn -0.642496884 0.717296541 -0.269598693
vn -0.616816819 0.635717332 -0.464112669
vn -0.864094317 0.470196933 -0.179598823
vn -0.919397235 0.274199188 0.281999141
vn -0.936309457 0.242502451 0.254002571
vn -0.944517255 0.233504266 0.231004223
vn -0.96167928 0.255094498 0.100497834
vn -0.99869895 0.0471999496 0.0192999784
vn -0.991638124 0.0963037014 0.0859033093
vn -0.941021562 -0.210104808 0.265206069
vn -0.943430662 -0.165505379 0.287309319
vn -0.953702211 -0.184900418 0.237200558
vn -0.796615779 -0.574211359 0.188903749
vn -0.839770079 -0.531181037 0.112396002
vn -0.826120436 -0.55791378 0.0791019574
vn -0.831500709 -0.526200473 0.178100154
vn -0.813795805 -0.569497108 0.115799405
vn 0.0182003025 -0.0289004799 -0.99941659
vn -0.0459001809 -0.0498002023 -0.997703969
vn -0.0149001526 0.0189001933 -0.999710262
vn 0.999089122 0.0124998633 0.0407995582
vn 0.982414067 -0.12170174 0.141602024
vn 0.993271768 0.0312991105 0.111496828
vn -0.219192505 0.00539981574 -0.975666642
vn -0.221293986 -0.00809978042 -0.975173473
vn -0.219105288 0.0123002976 -0.975623608
vn -0.997121751 0.0327007137 -0.0684014931
vn -0.995433271 0.00700023398 -0.0952031836
vn -0.99946934 -0.00219993247 -0.0324990004
vn -0.643376648 0.0844969302 -0.760872364
vn -0.629609585 0.054300826 -0.775011778
vn -0.629980445 0.0380988158 -0.775675893
vn -0.443314821 0.130404368 0.886829615
vn -0.498367608 -0.00619959692 0.866943598
vn -0.541782856 -0.108596548 0.833473563
vn -0.994089901 0.0926990584 0.0564994253
vn -0.994089901 0.0926990584 0.0564994253
vn -0.994089901 0.0926990584 0.0564994253
vn -0.326001465 -0.921704113 0.210200936
vn -0.319988906 -0.940967441 0.110396177
vn -0.388802558 -0.9211061 0.019900132
vn -0.706900179 0.632800162 -0.316000104
vn -0.748021364 0.622617781 -0.229806557
vn -0.785903156 0.600302398 -0.148300603
vn -0.993766546 0.0382987149 0.104696475
vn -0.997725546 0.0674017295 0.000900023093
vn -0.999683738 -0.0220996384 0.0119998055
vn -0.993239284 0.0843033344 0.0798031613
vn -0.998863459 0.0131995175 -0.0457983278
vn -0.0303012021 -0.0761030167 -0.99663949
vn -0.0490997732 -0.0987995416 -0.993895352
vn -0.000200009716 -0.0332016125 -0.999448597
vn 0.827460647 -0.561373293 0.0129993819
vn 0.863061845 -0.502577782 -0.0503977723
vn 0.791230142 -0.611023307 0.024600938
vn -0.999068916 0.0117996326 -0.0414987057
vn -0.999123514 0.0418009795 -0.00220005168
vn -0.997346044 0.0550025366 0.0477022007
vn 0.976596355 0.0127999522 0.214699194
vn 0.975785434 0.0783988312 0.20419696
vn 0.991999328 0.00329999789 0.126199931
vn -0.496287197 0.856877863 -0.139496401
vn -0.514896274 0.850993872 -0.103399254
vn -0.265088081 0.954457104 -0.136893839
vn -0.992143393 0.12150532 -0.0298013035
vn -0.991637051 0.122304574 -0.0412015393
vn -0.991962254 0.121095397 -0.0366986021
vn 0.99686265 0.0462982655 0.0641975924
vn 0.922418833 -0.285005838 0.260605305
vn 0.967539847 -0.239009842 -0.0821033791
vn -0.884243727 0.452922404 -0.113905631
vn -0.945931137 0.295709729 -0.133304387
vn -0.869886279 0.491692275 -0.0391993858
vn -0.883014739 -0.465907782 -0.0567009449
vn -0.884367704 -0.462383091 -0.0639976636
vn -0.886077821 -0.45768857 -0.073398158
vn 0.97715044 -0.2111893 0.0239987839
vn 0.977090478 -0.211397946 0.0245997589
vn 0.966287315 -0.248296738 0.0680991039
vn -0.999926209 0.00110002887 -0.0121003175
vn -0.994351745 -0.0755963251 -0.0744963884
vn -0.997654021 -0.0436979868 -0.0526975729
vn 0.153201267 0.120601006 0.980808139
vn 0.158697978 0.133298308 0.978287518
vn 0.220106319 0.128103659 0.967027783
vn -0.976219833 0.159603253 0.14670299
vn -0.976041019 0.160506755 0.146906167
vn -0.976366639 0.158894554 0.146495
vn -0.403787702 -0.859973848 0.312090486
vn -0.400184333 -0.87916553 0.25868988
vn -0.400184333 -0.87916553 0.25868988
vn -0.828899264 0.0707999319 0.554899514
vn -0.841507912 0.101600952 0.530605018
vn -0.83119899 0.0443999432 0.554199338
vn 0.990779281 0.133397207 0.0236995053
vn 0.966734409 0.213207588 -0.141305029
vn 0.997234404 0.0353012197 0.0654022545
vn 0.99047488 0.100897446 0.0936976224
vn 0.976193011 0.0747994632 0.203598544
vn -0.944330633 -0.269708753 0.18840611
vn -0.886971653 -0.412586808 0.20749335
vn -0.911916852 -0.354106516 0.207403824
vn 0.0933011547 -0.99541229 -0.0212002601
vn 0.107904151 -0.993738294 -0.0290011168
vn 0.0404011942 -0.99832958 -0.0413012244
vn -0.0738009289 -0.0303003807 -0.996812522
vn -0.104196765 -0.0807974935 -0.991269231
vn -0.0579012446 -0.00130002794 -0.998321474
vn 0.123693787 -0.0539972894 -0.99085021
vn 0.119797729 0.034999337 -0.992181182
vn 0.139402166 0.0321004987 -0.989715397
vn -0.84114939 -0.463027209 0.279416412
vn -0.823735297 -0.492321104 0.281212032
vn -0.833223403 -0.476913422 0.279807866
vn -0.976381361 0.0258995052 -0.214495897
vn -0.976295471 0.0257998817 -0.214899004
vn -0.976274431 0.0257993247 -0.214994371
vn -0.996522546 0.00190004299 0.0833018795
vn -0.994835615 0.101403639 0.00440015784
vn -0.99230063 0.116000071 -0.0434000306
vn 0.995103478 0.0843002871 0.0516001806
vn 0.997623622 0.0659015551 -0.0201004762
vn 0.997121155 0.0141002992 0.0745015815
vn 0.423590243 0.901579261 0.0878979787
vn 0.4229168 0.903635859 0.0677026883
vn 0.388793021 0.92108351 -0.0210996214
vn 0.292986453 -0.894158602 0.338584334
vn 0.343504339 -0.871011019 0.351204455
vn 0.250091016 -0.927366734 0.278290004
vn -0.446027219 -0.781347692 0.436526626
vn -0.394791901 -0.80398351 0.444690883
vn -0.430006355 -0.776311457 0.460906804
vn -0.116894856 -0.983156741 -0.14049381
vn -0.0436005108 -0.986411572 -0.158401862
vn -0.114696473 -0.987369716 -0.10929665
vn -0.998775423 0.0491987914 0.00519987242
vn -0.998834193 0.0426014587 0.0227007773
vn -0.99757427 0.0635983646 0.0282992702
vn -0.296094567 -0.347293615 0.88978374
vn -0.362790972 -0.262693435 0.894077718
vn -0.33188659 -0.320887029 0.887064159
vn 0.98990345 0.033200115 -0.13780047
vn 0.985515237 0.072301127 -0.153402388
vn 0.977732122 0.087802887 -0.190606251
vn 0.432203859 -0.380203396 0.8177073
vn 0.476490051 -0.329293132 0.815182984
vn 0.515205264 -0.265802681 0.814808309
vn 0.847883999 0.343693525 0.403692365
vn 0.868790567 0.264697134 0.418495446
vn 0.858689666 0.275896668 0.431894809
vn 0.935782611 0.117297813 0.332493842
vn 0.960588694 0.156698152 0.2295973
vn 0.976597369 0.182999507 0.112999693
vn -0.623789549 -0.00289995153 -0.781586945
vn -0.583679259 -0.0258990787 -0.811571181
vn -0.596997499 -0.110499531 -0.794596672
vn 0.864285767 0.264095634 0.428092957
vn 0.869004726 0.205301121 0.450202405
vn 0.853610098 0.277403265 0.440905184
vn -0.465583801 0.685476124 0.559780478
vn -0.444707245 0.706211507 0.550908923
vn -0.429397643 0.709796131 0.558396935
vn -0.762199938 0.643599927 0.0694999918
vn -0.754782259 0.645384789 -0.117397241
vn -0.760680139 0.648683071 -0.0239993744
vn 0.0475011393 0.0499011986 -0.99762398
vn 0.0792984962 0.0502990447 -0.99558109
vn 0.0678030327 0.030101344 -0.997244596
vn -0.854528844 -0.187406331 0.484416366
vn -0.850584567 -0.213396132 0.480591267
vn -0.826613069 -0.179702833 0.533308387
vn -0.977467358 -0.177594051 -0.114096187
vn -0.941138864 -0.226609364 -0.250810355
vn -0.965668857 -0.220092908 -0.137995556
vn -0.998127043 -0.0327008851 0.0517014004
vn -0.998889625 -0.0222997684 0.04149957
vn -0.999420881 -0.0173003618 0.0293006133
vn 0.49101752 -0.582320809 0.647923112
vn 0.490887612 -0.582585275 0.647783697
vn 0.490887612 -0.582585275 0.647783697
vn 0.208300382 -0.976301849 0.0587001108
vn 0.294497728 -0.954992592 0.0354997255
vn 0.217299536 -0.975897968 0.0200999584
vn -0.714054525 0.445634037 0.539941251
vn -0.712399006 0.251399636 0.655199051
vn -0.560017228 0.66582042 0.49301511
vn -0.0159996822 0.999280155 0.0343993157
vn -0.101204298 0.990242064 -0.0958040655
vn -0.147003651 0.988624573 -0.0318007916
vn -0.991549253 0.0622968152 -0.113794178
vn -0.994815052 0.0525007918 -0.0871013179
vn -0.984439194 0.123604923 -0.124904975
vn 0.950872779 -0.179694861 -0.252092749
vn 0.904007077 -0.0247001946 -0.42680338
vn 0.906588793 -0.0262996741 -0.421194792
vn 0.720128477 -0.648725688 0.246109724
vn 0.756579101 -0.61628294 0.218593955
vn 0.786407292 -0.576705277 0.221302062
vn -0.998483121 -0.00849985704 -0.0543990806
vn -0.998360693 -0.0177992992 -0.0543978587
vn -0.998428226 -0.00220006239 -0.0560015887
vn 0.0633009672 -0.168802589 -0.9836151
vn 0.0377008468 -0.11350254 -0.99282223
vn 0.100797437 -0.181695387 -0.978175163
vn 0.610395432 -0.791494012 -0.0308997668
vn 0.611877501 -0.790470958 -0.0275989883
vn 0.611042619 -0.791055202 -0.0293020457
vn 0.418515801 -0.887333512 0.193607315
vn 0.396411866 -0.884526491 0.245907351
vn 0.336207151 -0.929619789 0.15090321
vn -0.997380674 -0.0698986426 -0.0185996406
vn -0.9951846 -0.097998485 0.00199996936
vn -0.990007877 -0.0876006931 0.11050088
vn -0.671304941 0.339402467 0.65890485
vn -0.713455975 0.439234436 0.545942843
vn -0.694176972 0.377487481 0.612879694
vn 0.0757991076 -0.985988438 0.148598254
vn 0.0227003507 -0.986015201 0.165102541
vn 0.103398681 -0.962787747 0.249696821
vn -0.510802031 -0.304401219 0.804003239
vn -0.492915899 -0.305109829 0.81482625
vn -0.510892451 -0.303495497 0.804288089
vn -0.975178599 -0.0750983506 -0.20829542
vn -0.974416137 0.0324005373 -0.22240369
vn -0.995688975 0.015799826 -0.0913989842
vn -0.978564739 -0.112195954 -0.172693774
vn -0.994745374 -0.0953043401 -0.037401706
vn 0.510102868 -0.104800582 0.853704751
vn 0.511000633 -0.170500234 0.842501104
vn 0.678282142 -0.0865977257 0.729680836
vn 0.442198932 -0.847397923 0.293899298
vn 0.424496412 -0.853792846 0.301397502
vn 0.396003842 -0.874708533 0.279402733
vn -0.760780275 -0.239293784 0.603284299
vn -0.799370766 0.254490703 0.544280171
vn -0.694177449 -0.210693181 0.688277662
vn -0.171504661 -0.0977026597 -0.980326653
vn -0.233991578 -0.0586978868 -0.970465064
vn -0.190090701 -0.0149992658 -0.981652021
vn -0.893758297 0.182191491 0.409880877
vn -0.926959395 0.217490479 0.305686623
vn -0.922698677 0.232399687 0.307599574
vn 0.15750505 -0.972031236 0.174205586
vn 0.205504864 -0.967122853 0.149803534
vn 0.194796711 -0.969383657 0.149497479
vn -0.865803003 0.109300375 -0.488301665
vn -0.877105772 0.0965006351 -0.470503092
vn -0.880192518 0.0935992002 -0.46529603
vn -0.319205374 -0.813813627 0.485608131
vn -0.317211956 -0.832831323 0.453617096
vn -0.326701075 -0.80470264 0.495701611
vn -0.08370094 -0.602906764 0.793408871
vn 0.0432002395 -0.432902426 0.90040499
vn -0.0110001126 -0.444504559 0.895709157
vn 0.106698096 0.00429992331 -0.994282246
vn 0.104699723 -0.00359999039 -0.994497359
vn 0.136002451 0.0420007557 -0.989817798
vn -0.940647006 -0.3390809 0.0143991886
vn -0.949905932 -0.31150198 0.025400158
vn -0.958511949 -0.260203212 0.116401449
vn 0.0270006862 0.76461941 0.643916309
vn 0.0113004968 0.804735363 0.593526125
vn -0.0095003657 0.789230466 0.614023685
vn -0.825081289 -0.0602986328 -0.561787248
vn -0.825081289 -0.0602986328 -0.561787248
vn -0.825081289 -0.0602986328 -0.561787248
vn -0.0477992035 -0.142197624 -0.988683522
vn -0.0326009654 -0.14130418 -0.989429295
vn -0.0619025864 -0.113204725 -0.991641402
vn -0.414390236 -0.897078812 -0.153396383
vn -0.462611794 -0.868322194 -0.178904578
vn -0.383792698 -0.903682768 -0.189896375
vn 0.907232881 -0.0477017276 0.417915136
vn 0.901316166 -0.149602681 0.406507283
vn 0.930286765 0.00529992441 0.366794795
vn -0.760283411 0.613086641 0.21469532
vn -0.85097301 0.441485971 0.284490973
vn -0.837800503 0.483400285 0.253800154
vn -0.910703838 -0.129600555 -0.392201632
vn -0.920190036 -0.066999279 -0.385695815
vn -0.920190036 -0.066999279 -0.385695815
vn 0.971129835 0.0432013273 0.234607205
vn 0.998672247 0.0275992323 0.0434987918
vn 0.993247032 0.010900517 0.115505472
vn -0.591303706 -0.346102178 0.728404582
vn -0.575118482 -0.394212663 0.716822982
vn -0.584311128 -0.318506092 0.746414244
vn 0.127294391 -0.819763958 0.558375418
vn 0.108200669 -0.813505054 0.571403563
vn 0.113002062 -0.803914726 0.583910704
vn 0.636797488 0.207099184 0.74269706
vn 0.69719708 0.367698461 0.615397453
vn 0.651592314 0.373595566 0.660192192
vn -0.858021379 -0.00110002747 -0.513612807
vn -0.829556406 -0.105994433 -0.548271239
vn -0.856854379 -0.0643040761 -0.511532485
vn -0.90678829 0.414194673 -0.0785989836
vn -0.882884204 0.463691682 -0.0741986707
vn -0.87186873 0.482482672 -0.0839969814
vn 0.206206888 -0.0637021288 -0.976432621
vn 0.131294906 -0.0503980368 -0.990061522
vn 0.176102832 0.0105001675 -0.984315813
vn 0.0578001328 -0.0939002186 -0.993902326
vn 0.0704982951 -0.032699205 -0.99697578
vn 0.0371990837 -0.0293992739 -0.99887532
vn -0.111797191 0.924076736 -0.365490794
vn 0.0761954412 0.887546897 -0.454372823
vn -0.0609970316 0.934054494 -0.351882875
vn -0.728593111 0.659293771 -0.185698241
vn -0.726201892 0.655101717 -0.208500534
vn -0.643433928 0.715237737 -0.272814393
vn -0.462912202 -0.412410885 0.784620702
vn -0.285408556 -0.395211905 0.873126209
vn -0.384505779 -0.369805545 0.845812678
vn -0.837518275 0.0787017196 0.54071182
vn -0.837518275 0.0787017196 0.54071182
vn -0.837518275 0.0787017196 0.54071182
vn -0.784402549 0.618102014 0.0516001731
vn -0.749719322 0.655116856 0.0935024098
vn -0.780666709 0.624173343 0.0310986713
vn 0.405596763 0.89859277 -0.167398661
vn 0.373578429 0.895748258 -0.240986064
vn 0.455400378 0.813500702 -0.361700326
vn 0.117799163 0.0776994452 -0.989993036
vn 0.192105681 0.0585017279 -0.97962898
vn 0.128504679 0.0337012261 -0.991136074
vn 0.541503489 0.0868005678 0.836205423
vn 0.545969725 0.0725959763 0.834653735
vn 0.548204243 0.0396003053 0.835406423
vn -0.608271956 -0.738465965 0.290986598
vn -0.527483046 -0.777075112 0.343389004
vn -0.525932491 -0.821950793 0.218613505
vn -0.19570148 -0.122300923 0.973007381
vn -0.19570148 -0.122300923 0.973007381
vn -0.19570148 -0.122300923 0.973007381
vn 0.195798144 0.0678993538 -0.978290677
vn 0.258005232 0.153203115 -0.953919411
vn 0.228595063 0.108297661 -0.96747911
vn 0.423291296 -0.902481437 0.0796983615
vn 0.464582503 -0.868567288 0.172493502
vn 0.394913942 -0.893731534 0.212807506
vn 0.977442861 -0.187708244 0.0968042463
vn 0.963136613 -0.268010199 0.0232008807
vn 0.971029043 -0.235807046 0.038701158
vn -0.841811597 -0.523907185 0.129901782
vn -0.816776693 -0.566583812 0.108896896
vn -0.811689258 -0.574792385 0.10379862
vn 0.932145238 0.361917585 -0.0110005336
vn 0.952398181 0.304699391 -0.00979998056
vn 0.94803834 0.316112787 -0.036001455
vn -0.718299627 0.582399726 -0.380599797
vn -0.715703964 0.584803283 -0.381802142
vn -0.67932874 0.593625069 -0.43141824
vn 0.0272013396 -0.236511633 -0.971247792
vn 0.0100999158 -0.228498086 -0.973491907
vn 0.0444995612 -0.233697698 -0.97129041
vn -0.984158158 9.99957483e-05 0.177292466
vn -0.98463583 0.00220007985 0.174606353
vn -0.984531462 -0.000900028797 0.175205603
vn 0.964910448 0.155201674 0.211802274
vn 0.971758962 0.0863963515 0.219590738
vn 0.922972262 0.197394073 0.330390096
vn -0.551614821 -0.814021885 -0.181904882
vn -0.514893532 -0.813989758 -0.268896639
vn -0.548006237 -0.810609221 -0.206402361
vn -0.998768389 -0.0427986495 -0.0250992067
vn -0.998655796 -0.0439980514 -0.0273987874
vn -0.998721063 -0.0433009118 -0.0261005498
vn 0.987227023 -0.148504049 -0.0577015802
vn 0.99208051 -0.10119801 -0.07439854
vn 0.982002139 -0.0725001544 -0.174400389
vn -0.789189279 -0.549392521 -0.274496287
vn -0.825323582 -0.483413786 -0.291808337
vn -0.814387739 -0.534591973 -0.225796595
vn 0.389701724 0.820103645 0.419001877
vn 0.385095507 0.822890401 0.417795122
vn 0.372874916 0.824944496 0.424771428
vn -0.999821246 -0.00340007222 0.0186003949
vn -0.99917233 0.0118996706 0.0388989225
vn -0.999489307 0.0153998351 0.027999701
vn -0.99697125 -0.0741978586 0.0232993271
vn -0.998793244 0.0116999215 0.0476996787
vn -0.365112692 -0.0438015237 0.929932356
vn -0.377195835 -0.00899989996 0.926089764
vn -0.342399985 -0.0100999987 0.939499915
vn 0.999881864 0.0145997358 0.00479991315
vn 0.999993801 -0.00349997845 0.000299998152
vn 0.999081731 0.0187996551 0.038499292
vn 0.997518301 -0.0302005541 0.0636011735
vn 0.997926474 -0.0331008807 0.0552014634
vn 0.00660015224 0.998023033 0.0625014454
vn 0.080697462 0.995468736 -0.0502984188
vn 0.138400391 0.982302725 -0.126200363
vn -0.990863085 0.0645975918 0.118395589
vn -0.983194411 0.0995994359 0.152999133
vn -0.976463318 0.131195083 0.171193585
vn -0.553911746 -0.169603586 -0.8151173
vn -0.547896624 -0.151599064 -0.822694898
vn -0.589537442 -0.147009328 -0.794250429
vn 0.284089923 0.153894529 0.946366429
vn 0.264910609 0.156806275 0.95143801
vn 0.215600178 0.148000121 0.965200782
vn 0.99725467 0.0712967589 -0.0199990887
vn 0.991526067 0.129903406 0.00110002887
vn 0.995959461 -0.00609975168 0.0895963535
vn -0.549791157 0.827486694 -0.113998167
vn -0.613690197 0.749588072 -0.247996062
vn -0.56391865 0.817327082 -0.118203916
vn 0.339611858 0.54351902 0.767626822
vn 0.407788903 0.636782646 0.654382169
vn 0.218396008 0.597589076 0.771485925
vn 0.998168349 0 0.0604980811
vn 0.986173511 -0.0561984926 0.155895814
vn 0.996526897 -0.0302008148 0.0776020959
vn -0.987502992 0 0.157600477
vn -0.990720987 -0.0967020467 0.0955020189
vn -0.995339751 -0.00660026399 0.0962038413
vn -0.978882849 0.0709987506 0.191696629
vn -0.99947685 -0.0203995295 0.0250994191
vn -0.895149887 -0.440075368 -0.0709960237
vn -0.875388503 -0.478893697 -0.0659991279
vn -0.896977484 -0.441688925 -0.0184995346
vn 0.1194968 -0.192094877 -0.974073946
vn 0.154002503 -0.139902264 -0.978115857
vn 0.141304836 -0.127404362 -0.98173368
vn -0.638683498 0.582484901 0.502786994
vn -0.600703359 0.595603347 0.533302963
vn -0.641193569 0.647593498 0.411695868
vn 0.451912016 0.150804028 0.879223406
vn 0.439811319 0.203105211 0.874822497
vn 0.577220023 0.0993034467 0.810528159
vn 0.965719759 0.182703733 0.184403792
vn 0.918450534 0.35118112 0.181990191
vn 0.912163913 0.318187416 0.258289814
vn -0.553815901 -0.821323633 0.13680394
vn -0.587201178 -0.796201587 0.145800292
vn -0.576702058 -0.811802983 0.0916003361
vn 0.166902363 0.116101645 -0.979113877
vn 0.195908681 0.0837037042 -0.977043271
vn 0.187392578 0.0951962322 -0.977661312
vn 0.135296404 0.130496532 -0.98217392
vn 0.161101788 0.131701455 -0.978110909
vn 0.0994017199 0.0695012063 -0.99261719
vn 0.978044927 0.0535024591 0.20140925
vn 0.995830834 -0.0387011953 0.0826025531
vn 0.991605997 0.0124000758 0.128700793
vn 0.724867105 0.681969047 0.097395584
vn 0.669316471 0.737518132 -0.0899022147
vn 0.679777086 0.733175278 -0.0188993625
vn 0.992348194 -0.107005194 -0.0616029948
vn 0.996790707 0.00289997295 -0.0799992532
vn 0.991782069 -0.120097823 -0.0440992042
vn 0.938464046 -0.236190975 0.251990348
vn 0.890895724 -0.401698053 0.211998969
vn 0.907147825 -0.387620419 0.163808629
vn -0.995334446 0.0415014364 0.0871030092
vn -0.973612368 0.165902123 0.156701997
vn -0.994658887 -0.0270988792 0.099595882
vn 0.939003229 0.103700355 0.327901125
vn 0.863709211 -0.470405042 0.18090193
vn 0.799612999 -0.558409035 0.220903575
vn 0.849974394 -0.515084505 0.110596664
vn 0.745191574 -0.643992722 0.173098043
vn 0.845602453 -0.523801506 0.102900296
vn -0.833874285 -0.49578473 -0.242592514
vn -0.81546247 -0.485077649 -0.315785468
vn -0.796347976 -0.538032413 -0.276316673
vn 0.178402781 -0.154102415 -0.971815228
vn 0.263500452 -0.103400171 -0.959101617
vn 0.187404811 -0.103402652 -0.976825118
vn -0.874386132 0.0900985673 0.476792455
vn -0.87610954 0.109101184 0.469605118
vn -0.839911282 0.0876011774 0.535607159
vn 0.632303655 0.26850155 0.72670418
vn 0.650774002 0.251889914 0.7162714
vn 0.63662535 0.233009249 0.735129178
vn 0.029200267 0.222002015 0.974608898
vn -0.0116003174 0.224406138 0.974426627
vn -0.0272002537 0.20440191 0.978509128
vn 0.72397244 0.668274581 0.171093494
vn 0.806581855 0.589886785 0.0381991379
vn 0.735417724 0.676216245 0.0435010456
vn -0.777508318 -0.0366003923 0.627806723
vn -0.817806363 -0.115400903 0.563804388
vn -0.785767019 -0.261389047 0.560576439
vn 0.956089318 -0.237297356 -0.171998084
vn 0.981295526 -0.099499546 -0.164799258
vn 0.983343482 -0.0970042944 -0.153706789
vn -0.951163948 -0.279089421 -0.131894991
vn -0.958260238 -0.269688815 -0.0948960558
vn -0.953258157 -0.227989987 -0.198291302
vn 0.796071053 0.185793236 0.575978994
vn 0.780325115 0.261408418 0.568118274
vn 0.782882869 0.0543988086 0.619786441
vn -0.943664789 0.0452983081 0.327787757
vn -0.938902557 0.0378001034 0.342100918
vn -0.941910088 0.0422004499 0.333203584
vn -0.642171025 0.744766414 0.181491822
vn -0.599696696 0.77269578 0.208098873
vn -0.58411485 0.750919044 0.308107793
vn -0.0526984967 0.0621982254 -0.996671557
vn -0.0519974194 0.0834958479 -0.995150566
vn -0.0588001534 0.0807002112 -0.995002568
vn -0.893035293 -0.125204951 -0.432217091
vn -0.917821467 -0.242905676 -0.314007342
vn -0.899106801 -0.160601228 -0.407203078
vn 0.995285332 -0.0340994969 0.0907986611
vn 0.994211078 -0.0524005853 0.0938010439
vn 0.98909843 -0.0978998542 0.109999828
vn 0.420184016 -0.874466717 0.242390797
vn 0.309604317 -0.927112937 0.211202934
vn 0.376083344 -0.907459795 0.187291697
vn -0.752812207 0.01720028 0.658010721
vn -0.707630277 0.0437018685 0.705230176
vn -0.658479869 -0.101096906 0.74577719
vn 0.991795599 0.127799436 -0.00299998675
vn 0.969979882 0.240594998 0.0353992656
vn 0.965557516 0.251888901 0.0651971325
vn -0.56879586 0.79999423 -0.190998614
vn -0.626599193 0.773998916 -0.0910998732
vn -0.715791523 0.695591748 -0.0615992695
vn -0.554204047 0.824906051 -0.111300826
vn -0.663575649 0.747972548 -0.0142994747
vn 0.963320553 0.0738015696 -0.2580055
vn 0.944961011 0.258789301 -0.200191751
vn 0.983433485 0.135504618 -0.120404094
vn 0.982977748 0.144396737 -0.11359743
vn 0.969432712 0.238008037 -0.0596020147
vn 0.963685334 0.256496102 -0.0742988661
vn 0.978158236 0.206991166 -0.0189991873
vn 0.983475327 0.167295814 -0.0691982657
vn 0.98112452 0.178904474 -0.0734018311
vn 0.986380756 0.131197453 0.0991980657
vn 0.984447718 0.0796038583 0.156607598
vn 0.993926227 0.109102875 0.0144003797
vn -0.803413868 -0.561109722 0.199203447
vn -0.777911484 -0.602308869 0.179102659
vn -0.750866175 -0.650170743 0.116094768
vn 0.0948041603 -0.985243201 -0.142506257
vn 0.0520985983 -0.97217381 -0.228393853
vn 0.0849013478 -0.985515594 -0.146802321
vn -0.964170575 -0.24559249 0.100296937
vn -0.951585531 -0.26079601 0.162697524
vn -0.977780402 -0.196696058 0.0724985451
vn 0.992592633 -0.0942993015 0.076599434
vn 0.992322028 -0.100202225 -0.0725016147
vn 0.975556016 -0.196691141 -0.0979955792
vn -0.840131819 -0.54052043 -0.0449016988
vn -0.863090217 -0.49779436 -0.0852990299
vn -0.842230141 -0.527418911 -0.111703999
vn 0.284605503 0.807215631 0.51710999
vn 0.284605503 0.807215631 0.51710999
vn 0.284605503 0.807215631 0.51710999
vn 0.795705318 0.317002118 -0.516103446
vn 0.795705318 0.317002118 -0.516103446
vn 0.795705318 0.317002118 -0.516103446
vn -0.999233484 -0.0144004831 -0.0364012197
vn -0.998420596 -0.0242004991 -0.0507010482
vn -0.997600615 -0.0304000191 -0.0622000359
vn 0.0929982513 0.20189622 -0.974981725
vn 0.111198142 0.172097132 -0.978783727
vn 0.147501245 0.135701165 -0.979708374
vn 0.0307990946 -0.791276753 0.61068207
vn 0.00439998088 -0.829696417 0.558197618
vn 0.0359008424 -0.818619192 0.573213398
vn -0.749192297 -0.653993249 -0.104898922
vn -0.833105803 -0.538803756 -0.125000864
vn -0.781817973 -0.611414075 -0.122202814
vn -0.722177804 -0.66917944 -0.175094619
vn -0.741780698 -0.65998286 -0.11909689
vn -0.993761718 0.0883965939 0.0679973811
vn -0.994923949 0.0529012755 0.0856020674
vn -0.995799363 0.0670999587 0.0622999594
vn -0.153293654 -0.144494012 -0.977559507
vn -0.185108557 -0.125705808 -0.974645019
vn -0.165103883 -0.109102562 -0.98022306
vn -0.980899215 0.186099857 0.056599956
vn -0.997516036 0.0681010932 -0.0180002898
vn -0.994717777 0.0396007076 0.0947016925
vn -0.00259998045 -0.091599308 0.995792508
vn -0.00259998045 -0.091599308 0.995792508
vn -0.00259998045 -0.091599308 0.995792508
vn 0.962356448 0.0367983356 -0.269287825
vn 0.958937943 0.046301838 -0.279811084
vn 0.95725596 0.0504029468 -0.284816653
vn -0.944295883 0.142599374 0.296598732
vn -0.955323756 0.0714017823 0.28680715
vn -0.979481399 0.0599988587 0.192396343
vn 0.00790020078 0.999625444 -0.026200667
vn -0.0134003917 0.999529243 0.0276008081
vn 0.0793981031 0.996376216 0.030499272
vn 0.994462907 0.0684974417 0.0796970278
vn 0.990779877 0.127397403 0.0460990667
vn 0.991540372 0.129205257 -0.0124005051
vn 0.896299243 -0.0559999533 0.439899623
vn 0.90587765 -0.0435989238 0.421289593
vn 0.904406369 -0.0449003167 0.424302995
vn 0.765124261 -0.591318727 -0.254808068
vn 0.869606674 -0.470503598 -0.149701148
vn 0.795115054 -0.583011091 -0.167003155
vn 0.769707918 0.583806038 -0.258302659
vn 0.751837134 0.613130271 -0.242511988
vn 0.760014713 0.600311637 -0.249004826
vn 0.175194621 -0.925971568 -0.334489733
vn 0.28371048 -0.921534121 -0.265109807
vn 0.225802764 -0.947211683 -0.227602795
vn -0.982806444 -0.0661004335 0.17240113
vn -0.987858534 -0.138694167 -0.0699970648
vn -0.962965608 -0.210492492 0.168493986
vn -0.28349039 -0.913569093 -0.291590095
vn 0.0475004166 -0.980008602 -0.193201691
vn -0.162795246 -0.977871478 -0.131396174
vn 0.0178007372 -0.00040001655 -0.999841452
vn -0.0332998633 0.0386998393 -0.99869591
vn 0.00130006042 0.0480022319 -0.998846412
vn -0.150395975 -0.0455987863 -0.987573683
vn -0.131795704 -0.00429985998 -0.991267622
vn -0.111100532 0.00300001423 -0.993804693
vn -0.858798504 -0.447899252 0.248699561
vn -0.858798504 -0.447899252 0.248699561
vn -0.858798504 -0.447899252 0.248699561
vn 0.111701995 0.0211003777 0.993517756
vn 0.181500256 0.039400056 0.982601345
vn 0.127496645 0.0654982701 0.989673972
vn -0.848614156 0.529008865 -0.0019000317
vn -0.840196371 0.53989768 -0.0507997796
vn -0.813304186 0.57800293 -0.0667003393
vn -0.546584129 0.812776446 -0.201594159
vn -0.417682052 0.907561004 -0.0432981364
vn -0.436503887 0.895407975 -0.0878007859
vn -0.900318503 0.434008896 0.0326006711
vn -0.913582742 0.404892355 0.0377992839
vn -0.900110245 0.435504973 0.0117001329
vn -0.888706923 0.458003581 0.0208001621
vn -0.899540544 0.436819702 -0.00390017568
vn 0.978500128 0.159300029 -0.131000012
vn 0.91562897 0.217806891 -0.337910712
vn 0.971719682 0.180203632 -0.152603105
vn 0.651005268 0.130301043 0.747806013
vn 0.645709515 0.198202923 0.737410903
vn 0.600787461 0.204595745 0.772783935
vn 0.979950547 -0.194590181 -0.0427978411
vn 0.971129417 -0.218206614 0.0964029282
vn 0.978388488 -0.198297665 0.0585993119
vn 0.969171762 -0.0424987599 0.242692918
vn 0.985901058 -0.0955001041 0.13740015
vn 0.987161815 -0.0116995471 0.159293845
vn -0.883286774 -0.433893502 0.177597329
vn -0.891025245 -0.419611901 0.173204914
vn -0.872647882 -0.465125531 0.148808166
vn -0.433701605 -0.468301773 0.769802868
vn -0.419896632 -0.370297015 0.828593373
vn -0.412698656 -0.515298307 0.75109756
vn -0.504126668 -0.795242071 0.336817831
vn -0.519789875 -0.779084802 0.350493133
vn -0.513008952 -0.80391407 0.300905287
vn 0.950622976 -0.20200488 0.235605687
vn 0.97835505 0.0703967661 0.19459106
vn 0.968387663 0.0228997078 0.248396844
vn 0.493322134 -0.39451769 0.775234818
vn 0.389097393 -0.298498034 0.871494234
vn 0.419992834 -0.332594335 0.844385624
vn 0.860772371 -0.508483648 -0.0226992723
vn 0.879019797 -0.47661075 -0.012900291
vn 0.885640442 -0.461221069 -0.0540024713
vn 0.62560463 0.678805053 0.384502858
vn 0.620499015 0.660598934 0.422599316
vn 0.617004156 0.672204554 0.409202784
vn 0.459105074 0.657607257 0.597306609
vn 0.418104261 0.744907558 0.519905329
vn 0.33379811 0.703796029 0.627096415
vn -0.317706048 0.943418026 0.0950018167
vn -0.390512019 0.920128286 0.0294009075
vn -0.365883917 0.929359198 0.0491978377
vn 0.454593092 -0.269695878 0.848887086
vn 0.40037784 -0.126692981 0.907549679
vn 0.465091825 -0.133197665 0.875184536
vn -0.471791178 0.874283612 0.114197858
vn -0.421405673 0.895812035 0.141201913
vn -0.462289482 0.885879874 0.0387991183
vn -0.64079529 -0.764694393 -0.0679995045
vn -0.592686832 -0.80088222 -0.0854981095
vn -0.600905061 -0.791306734 -0.112900957
vn -0.0690012649 -0.039900735 0.996818304
vn -0.122498751 -0.149198487 0.981189966
vn -0.11589805 0.0522991158 0.991883278
vn -0.185796663 -0.00339993904 0.982582331
vn -0.144301564 -0.0156001681 0.989410698
vn 0.963706672 -0.0726004988 0.256901771
vn 0.958670437 -0.129396021 0.25339219
vn 0.959379792 0.0368992202 0.27969411
vn -0.456101447 0.0999003127 -0.884302795
vn -0.404583573 0.0158993565 -0.914362848
vn -0.447774529 0.123692952 -0.885549545
vn -0.994002879 0.00580001669 -0.109200314
vn -0.978983402 -0.0735987574 -0.190196782
vn -0.933649361 -0.109994024 -0.340881497
vn 0.945489407 -0.317296416 -0.073299177
vn 0.954592109 -0.297797561 -0.00839993078
vn 0.924539626 -0.371415913 -0.0853036568
vn -0.924500823 -0.364200324 -0.112500101
vn -0.924300075 -0.302599996 -0.232600003
vn -0.885320842 -0.231405437 -0.403309494
vn 0.963050187 0.159908324 0.216711298
vn 0.990711153 -0.035000395 0.131401479
vn 0.947894335 0.181398913 0.261898428
vn -0.979319274 -0.119302347 -0.163403198
vn -0.979319274 -0.119302347 -0.163403198
vn -0.979319274 -0.119302347 -0.163403198
vn -0.97725749 -0.0681970343 -0.20079127
vn -0.956439137 -0.228009328 0.182307467
vn -0.973745286 -0.184308589 0.13360621
vn -0.548911929 0.702415287 -0.45310986
vn -0.587887585 0.715884924 -0.376692086
vn -0.568103969 0.711005032 -0.414402902
vn -0.426621556 0.257012993 0.86714381
vn -0.534787595 -0.0319992602 0.844380438
vn -0.502806067 0.0319003873 0.86381042
vn -0.812686384 0.160397321 0.560190558
vn -0.813184261 0.297894239 0.499990314
vn -0.814222217 0.409211218 0.411811233
vn 0.180694059 0.973767996 -0.138295457
vn 0.180694059 0.973767996 -0.138295457
vn 0.180694059 0.973767996 -0.138295457
vn -0.918322384 0.25120613 0.305907458
vn -0.852070034 0.453084052 0.262090802
vn -0.877278745 0.256193787 0.405890167
vn 0.280009568 -0.958132803 0.0598020442
vn 0.302588403 -0.953063548 0.0104995975
vn 0.295813948 -0.955245078 -0.000900042418
vn -0.865381658 0.175196275 0.469490051
vn -0.865381658 0.175196275 0.469490051
vn -0.865381658 0.175196275 0.469490051
vn -0.470890701 0.34299323 -0.812783957
vn -0.470890701 0.34299323 -0.812783957
vn -0.470890701 0.34299323 -0.812783957
vn -0.613095582 0.391997159 -0.685895026
vn -0.613095582 0.391997159 -0.685895026
vn -0.613095582 0.391997159 -0.685895026
vn 0.844805539 -0.229401499 0.483403176
vn 0.811205804 -0.332102388 0.481303424
vn 0.859300613 -0.180400118 0.478600323
vn 0.928001046 -0.295900345 0.226400256
vn 0.896515429 -0.375606477 0.234904036
vn 0.912626565 -0.335609764 0.233406797
vn -0.648792267 -0.21759741 0.729191303
vn -0.648792267 -0.21759741 0.729191303
vn -0.648792267 -0.21759741 0.729191303
vn -0.953689635 0.203397781 0.221597582
vn -0.943100452 0.305400193 0.131500065
vn -0.975999773 0.216399938 -0.0243999921
vn 0.84837085 0.011299612 0.529281795
vn 0.84837085 0.011299612 0.529281795
vn 0.84837085 0.011299612 0.529281795
vn 0.860110939 0.156501994 0.485506207
vn 0.861615717 0.158102885 0.482308835
vn 0.839278102 0.132196561 0.527386248
vn 0.607886195 0.465189397 -0.643485308
vn 0.724225044 0.39471364 -0.565419555
vn 0.813536406 0.301213503 -0.497422248
vn 0.756606162 0.645205259 -0.106100865
vn 0.760662556 0.641368449 -0.100195065
vn 0.763203919 0.637503266 -0.105400555
vn -0.970683634 0.0763987079 0.227896154
vn -0.979807138 0.104600757 0.170401245
vn -0.976213872 0.0881012529 0.198102817
vn 0.205403104 -0.310804665 0.92801398
vn 0.203902528 -0.310903877 0.928311586
vn 0.202094927 -0.311292201 0.928576708
vn 0.971813977 -0.224803239 0.0710010231
vn 0.963804483 -0.249901175 0.0929004326
vn 0.969628513 -0.232506841 0.075902231
vn 0.663281143 0.37318942 -0.648681581
vn 0.663281143 0.37318942 -0.648681581
vn 0.663281143 0.37318942 -0.648681581
vn -0.0819016397 -0.862717271 -0.499010026
vn -0.139903843 -0.799521983 -0.584116101
vn 0.0968990028 -0.98078984 -0.169298261
vn -0.980775118 -0.0348991156 -0.191995129
vn -0.981066346 -0.0320988968 -0.190993443
vn -0.979973793 -0.0426988564 -0.194494799
vn 0.565790236 -0.233195946 0.790886283
vn 0.59248209 -0.219593361 0.775076568
vn 0.583412707 -0.223504856 0.780816972
vn -0.975798607 -0.124599829 0.179699749
vn -0.972136557 -0.165406227 0.166106239
vn -0.985230923 -0.118603729 0.123503879
vn -0.383887231 -0.0409986414 -0.922469378
vn -0.384407967 0.0498010293 -0.921819091
vn -0.387701362 -0.029800104 -0.921303272
vn -0.516585827 -0.776278675 0.361290038
vn -0.516585827 -0.776278675 0.361290038
vn -0.516585827 -0.776278675 0.361290038
vn -0.858874977 -0.409988046 0.306991071
vn -0.854667723 -0.435983479 0.281889349
vn -0.846861005 -0.462578684 0.262387931
vn -0.922815382 -0.250704169 0.292504877
vn -0.904035807 -0.278111041 0.324612856
vn -0.917092144 -0.27229768 0.291197509
vn -0.998184144 -0.00999984052 -0.0593990572
vn -0.994237423 -0.0297011174 -0.103003882
vn -0.995719969 0.004700094 -0.092301853
vn -0.0972985104 0.939585626 -0.328194976
vn -0.116894752 0.875760734 -0.468379021
vn -0.272391379 0.783375263 -0.558682382
vn -0.734216809 0.672815442 -0.0908020809
vn -0.777718365 0.627214789 -0.0419009887
vn -0.659358263 0.740453064 -0.130291745
vn -0.88528645 -0.313495189 0.343494743
vn -0.902025402 -0.271507621 0.335609436
vn -0.900114298 -0.257504076 0.351405591
vn 0.711976767 -0.296190351 0.636679173
vn 0.711976767 -0.296190351 0.636679173
vn 0.711976767 -0.296190351 0.636679173
vn -0.967581451 0.0152997067 -0.252095163
vn -0.959834397 -0.0886031762 -0.266209543
vn -0.969447851 0.017299071 -0.244686827
vn -0.900408208 -0.0254002307 0.434303969
vn -0.859173477 0.000399987621 0.511684179
vn -0.873893321 -0.0549995787 0.482996345
vn -0.431494355 0.344395489 0.83378911
vn -0.440103292 0.355202645 0.824706137
vn -0.459480613 0.351985127 0.815465569
vn -0.838180721 -0.530087829 0.128297046
vn -0.753699481 -0.657199502 -0.00509999646
vn -0.865498602 -0.500799179 0.0105999829
vn -0.396308422 0.916819513 -0.0488010384
vn -0.411520511 0.910945356 0.0288014337
vn -0.390184879 0.918964446 -0.0570977926
vn 0.981107771 0.185801461 0.0539004244
vn 0.935053587 0.336583287 -0.111294471
vn 0.942377031 0.265393525 -0.203695044
vn 0.801088214 0.457793266 0.385594308
vn 0.733522594 0.621719122 0.274608463
vn 0.732610106 0.540107429 0.41420576
vn -0.996398568 0.0233999658 0.0814998895
vn -0.997140884 0.0727029815 0.020600846
vn -0.996968448 0.01959938 -0.0752976164
vn -0.832302988 0.191200688 0.520301819
vn -0.68749404 0.249197856 0.682094097
vn -0.864106119 0.0426003002 0.501503587
vn 0.0916045234 0.254412591 -0.962747514
vn 0.10069599 0.253189951 -0.96216172
vn 0.0846031904 0.250409424 -0.964436293
vn 0.633706868 0.217702374 0.742308021
vn 0.624165714 0.229387403 0.746859014
vn 0.554409206 0.231103808 0.799513221
vn 0.546093702 -0.0298996568 0.83719033
vn 0.537703395 -0.173901096 0.825005174
vn 0.615977705 -0.0173993707 0.78757149
vn -0.996565998 -0.0719975457 0.0408986025
vn -0.994987488 -0.0847989321 0.0529993325
vn -0.995989382 -0.0696992576 0.0560994036
vn -0.589405775 0.716307044 -0.373503655
vn -0.574312389 0.75311619 -0.320906907
vn -0.54537946 0.774870813 -0.319587946
vn 0.98989886 -0.0999998897 0.100499891
vn 0.989551604 -0.0633969009 0.129493669
vn 0.987930179 0.0457013957 0.148004517
vn -0.991834402 0.109003775 -0.0662022978
vn -0.992077887 0.109597556 -0.0613986328
vn -0.992364168 0.10979604 -0.0561979711
vn 0.626293123 0.161898211 0.7625916
vn 0.640699506 0.212499842 0.737799466
vn 0.627101421 0.192400441 0.75480175
vn -0.999420881 0.033000689 0.0083001731
vn -0.999241471 -0.0216008984 0.0324013494
vn -0.999417305 0.00150002597 0.0341005884
vn -0.996498466 -0.0071999887 -0.0832998678
vn -0.993432641 -0.0152005004 -0.11340373
vn -0.984363735 -0.0707973912 -0.161294058
vn -0.498367906 -0.84034586 0.213186264
vn -0.516201258 -0.82180202 0.241200581
vn -0.530025482 -0.815139294 0.233711272
vn 0.993631899 -0.107703455 -0.0331010669
vn 0.999022841 -0.0410009399 -0.0165003762
vn 0.993014276 -0.104601502 -0.0546007864
vn -0.0528011881 0.0913020521 -0.994422376
vn -0.0582997203 0.0925995559 -0.993995249
vn -0.0519025065 0.0761036798 -0.995748103
vn 0.898260593 -0.0883961245 0.430481136
vn 0.932746708 -0.0495024808 0.357117921
vn 0.920005858 0.035400223 0.390302479
vn -0.251689732 0.0353985541 -0.967160463
vn -0.276102006 0.101000726 -0.955806851
vn -0.22889623 0.109398194 -0.967284083
vn -0.102104597 -0.0927041695 -0.990444601
vn -0.0465985462 -0.139895648 -0.989069164
vn -0.138205558 -0.126905099 -0.982239485
vn -0.577103078 0.812204361 0.085300453
vn -0.563277483 0.810767531 0.159293622
vn -0.756488502 0.65339005 0.0283995681
vn 0.183401138 0.559903443 0.808005035
vn 0.17199707 0.578990102 0.796986401
vn 0.150998011 0.596092165 0.788589716
vn 0.610313475 0.121302687 0.782817364
vn 0.608420551 0.0688023269 0.790626705
vn 0.649976134 0.0776971504 0.755972266
vn -0.950105727 -0.31150189 0.016300099
vn -0.851727605 -0.509916484 0.120603904
vn -0.901359141 -0.426280648 0.0763965324
vn -0.785668075 0.58607614 -0.198091939
vn -0.704215944 0.586713314 -0.399809062
vn -0.546958327 0.638651371 -0.541258752
vn -0.280399263 0.584898412 -0.761097908
vn -0.283299714 0.584799409 -0.760099232
vn -0.276206434 0.584913671 -0.762617767
vn 0.198492527 0.165293768 -0.966063559
vn 0.197295427 0.258394003 -0.945678055
vn 0.14920032 0.21700044 -0.96470201
vn 0.942010999 0.0256002992 -0.334603935
vn 0.940699399 0.0352999792 -0.337399781
vn 0.942239583 0.0235009864 -0.334114045
vn -0.0192997698 0.205397546 -0.978488326
vn -0.00989967585 0.19239369 -0.981267869
vn -0.0435977988 0.205189645 -0.977750659
vn -0.212795958 -0.0149997156 -0.976981461
vn -0.22100167 -0.0963007286 -0.970507324
vn -0.213006884 -0.0400012918 -0.976231515
vn 0.0383021496 0.804045141 0.593333304
vn 0.0135997003 0.768183053 0.640085936
vn 0.0886989236 0.725491166 0.68249172
vn 0.986840606 -0.147206053 0.0669027492
vn 0.975171566 -0.173594937 0.137495995
vn 0.991386712 -0.0912987739 0.0938987434
vn 0.898430109 -0.339411348 0.278609365
vn 0.890886426 -0.3800942 0.248696208
vn 0.888395607 -0.380198121 0.257298708
vn -0.878835797 0.0391015932 0.475519359
vn -0.876725972 0.0516015291 0.478214175
vn -0.883303583 0.0493002012 0.466201872
vn 0.912229121 0.377312034 0.159605101
vn 0.907326579 0.390211403 0.156504586
vn 0.909264803 0.381685227 0.165993571
vn -0.871880591 0.474789381 -0.11999733
vn -0.872722864 0.473212421 -0.120103151
vn -0.86696887 0.479982764 -0.134095192
vn 0.118799917 0.667799592 -0.734799504
vn 0.116098724 0.668392658 -0.734691978
vn 0.133202091 0.664510369 -0.735311508
vn 0.129204497 0.195606798 0.972133815
vn 0.130599231 0.271998405 0.953394353
vn 0.13940765 0.269514769 0.952852249
vn -0.0134001374 0.457304686 0.889209092
vn -0.0107002631 0.461411357 0.887121797
vn -0.0216004457 0.446709186 0.894418418
vn -0.446965933 0.596154571 0.666949153
vn -0.46669668 0.612395644 0.638095498
vn -0.411996812 0.619495153 0.66819483
vn -0.968117237 -0.0643011481 0.242104292
vn -0.97472465 -0.0377009585 0.220205575
vn -0.978418589 -0.0401007608 0.202703863
vn -0.992298305 -0.0176999699 0.122599788
vn -0.964533746 0.0674023628 0.25520891
vn -0.971711338 0.0367004238 0.233302712
vn -0.984974146 0.0830978155 0.151396021
vn -0.971516967 0.033400584 0.23460409
vn -0.981013834 0.0699009821 0.180902541
vn -0.943087339 -0.100498654 -0.31699574
vn -0.993186712 0.106098577 -0.0481993556
vn -0.984501243 -0.093300119 -0.148500189
vn -0.885271311 -0.373887897 0.276591033
vn -0.932173848 -0.289091885 0.217893869
vn -0.929329515 -0.281208932 0.239307612
vn -0.891853869 -0.440277219 0.103694633
vn -0.793493986 -0.607195437 0.0409996882
vn -0.908110976 -0.413104981 0.06840083
vn -0.880110502 -0.294103503 0.372704446
vn -0.877974272 -0.295791328 0.376388967
vn -0.882503211 -0.295101076 0.366201341
vn -0.339009047 0.940225065 -0.0324008651
vn -0.273193061 0.961475551 0.0304992236
vn -0.251701087 0.967204034 0.0341001451
vn 0.519697785 0.800096691 0.299598753
vn 0.429686308 0.828073621 0.360088497
vn 0.467099786 0.817999661 0.335699856
vn 0.499892205 0.852286696 0.153997585
vn 0.509085834 0.808877468 0.294191808
vn -0.945900917 -0.20400019 -0.252300233
vn -0.931608975 -0.32400313 -0.164701596
vn -0.935768127 -0.224892348 -0.271590739
vn -0.982114673 -0.102401532 -0.158002362
vn -0.982943952 -0.160207152 -0.0903040394
vn -0.973299563 -0.213299915 -0.0847999603
vn -0.963618696 -0.253604919 -0.0844016373
vn -0.934899569 -0.351799846 -0.0468999781
vn -0.928203464 -0.364901334 -0.072700277
vn -0.630993366 0.761792004 0.14669846
vn -0.62220633 0.776007891 0.103301048
vn -0.639230013 0.759435654 0.121005677
vn -0.692079902 0.713079333 0.111996762
vn -0.676295936 0.731995583 0.0824995041
vn -0.676234901 0.730337739 0.0965049863
vn -0.976688087 -0.181197792 -0.115098596
vn -0.956724882 -0.273307085 -0.0999025926
vn -0.977372348 -0.189194649 -0.0945973247
vn -0.993143082 -0.116905071 -0.000200008668
vn -0.975380957 -0.220495716 -0.00369992782
vn -0.979597986 -0.200499579 -0.0136999711
vn 0.964537084 0.247909516 -0.0906034783
vn 0.968277454 0.241194397 -0.0652984828
vn 0.962640285 0.254310638 -0.0930038914
vn 0.0863980725 -0.159696445 -0.983378053
vn 0.0691019148 -0.0596016534 -0.995827615
vn 0.144898742 -0.156498656 -0.976991594
vn -0.00710020401 -0.00960027613 -0.999928713
vn -0.038198851 0.000599982042 -0.999270022
vn -0.0259988923 -0.0029998722 -0.999657393
vn -0.741794527 -0.48159641 0.46669656
vn -0.715865016 -0.495575756 0.491875976
vn -0.812779069 -0.405389577 0.418389231
vn -0.864574254 -0.474085867 0.166595042
vn -0.85317564 -0.467886657 0.230593413
vn -0.892717481 -0.32910645 0.307806015
vn -0.931951344 -0.289284885 -0.218588606
vn -0.925139725 -0.276511878 -0.260111183
vn -0.963582695 -0.163897067 -0.211296216
vn -0.950309932 -0.122001283 -0.286403
vn -0.916171789 -0.245892435 -0.316490263
vn -0.938978136 -0.276293576 -0.204895228
vn -0.988638103 -0.139005363 -0.0572022051
vn -0.988767207 -0.0683977306 -0.132895604
vn -0.996079147 -0.0383991972 -0.0796983317
vn -0.98593384 -0.0988033935 0.134804636
vn -0.990400851 0.117500097 0.0728000626
vn -0.0938031301 0.995533228 0.0107003571
vn -0.130400136 0.988300979 0.0791000798
vn -0.0670995563 0.994093359 0.0852994323
vn 0.944097638 0.0771998093 0.320499182
vn 0.946250618 0.0601968542 0.317783386
vn 0.935823023 0.10060247 0.337808281
vn 0.935619295 0.0632013008 0.347307175
vn 0.945080459 0.0355992652 0.324893296
vn -0.24949415 -0.147496521 -0.957077503
vn -0.250506729 -0.134503618 -0.95872575
vn -0.235906109 -0.139403626 -0.961724937
vn -0.198605746 -0.0100002894 -0.980028391
vn -0.181497112 0.0561991036 -0.981784344
vn -0.194299519 0.0493998826 -0.979697645
vn -0.856537223 -0.327914238 0.398517311
vn -0.908707976 -0.236602068 0.343903035
vn -0.919480801 -0.289393961 0.266094446
vn 0.953701079 0.0124000143 0.300500333
vn 0.994640946 -0.10290423 0.0100004114
vn 0.997236729 -0.0325011946 0.066802457
vn 0.115096092 0.962567329 -0.245391667
vn 0.242595986 0.968884051 -0.0490991883
vn 0.112098224 0.980584502 -0.160897449
vn 0.211702242 0.775108159 0.595306337
vn 0.259387404 0.773062468 0.578871906
vn 0.294594556 0.764485896 0.573389411
vn -0.714338839 -0.55883038 -0.421222895
vn -0.78445971 -0.556671381 -0.273385972
vn -0.768402219 -0.549401581 -0.328200966
vn 0.516478121 -0.65177238 0.55537647
vn 0.600307465 -0.549706876 0.580907226
vn 0.574876845 -0.602275729 0.553877652
vn -0.867570639 -0.458884448 -0.1916935
vn -0.915334523 -0.300911367 -0.267610103
vn -0.88768214 -0.445891023 -0.114897683
vn -0.965660632 -0.25968942 0.00779968174
vn -0.984414577 -0.147802189 -0.0953014046
vn -0.931805432 -0.331501901 -0.147800848
vn -0.448304504 0.839908481 -0.305903107
vn -0.379891723 0.900080383 -0.213395357
vn -0.41330117 0.828202307 -0.378501087
vn 0.919073105 -0.371889114 -0.130396187
vn 0.946324587 -0.321708381 -0.0312008075
vn 0.909281492 -0.41249159 -0.055298876
vn -0.887615919 -0.100401796 0.449508041
vn -0.891200006 -0.0923999995 0.444099993
vn -0.891200006 -0.0923999995 0.444099993
vn -0.926208854 -0.148101419 0.346703321
vn -0.926388919 -0.15739812 0.342095882
vn -0.927066743 -0.141694918 0.347087532
vn 0.98802489 0.152703851 0.0221005566
vn 0.98645252 0.162192196 -0.0245988145
vn 0.993590236 0.112598896 -0.00999990106
vn 0.995702207 0.0923002064 0.00760001689
vn 0.995826781 0.0907024369 0.0101002706
vn 0.989298582 0.145899788 -0.00119999843
vn 0.787435055 0.42281884 0.448520005
vn 0.785183907 0.420191407 0.454890668
vn 0.797227442 0.427714735 0.426014662
vn -0.819123387 0.254407257 0.514114678
vn -0.491724551 0.0865043178 0.866443336
vn -0.578073144 0.0387981944 0.815062046
vn -0.51791513 0.300208777 0.801023424
vn -0.123694986 0.0361985341 0.99165982
vn -0.422114402 0.257408768 0.869229615
vn 0.0643973127 0.0609974563 0.996058464
vn 0.0912038386 0.0868036598 0.992041767
vn -0.000199998191 0.0958991274 0.995391011
vn -0.0330989771 -0.139495686 0.989669383
vn -0.00460009556 -0.145003006 0.989420533
vn 0.00770033989 -0.243210748 0.969942868
vn -0.0819959193 -0.264286816 0.960952163
vn 0.0239995439 -0.186396465 0.98218137
vn -0.886923432 0.45481205 0.0807021335
vn -0.880994618 0.463097155 0.0968994126
vn -0.884794176 0.454297006 0.103699312
vn -0.543613672 -0.828520775 0.134303361
vn -0.566776037 -0.814365566 0.124794722
vn -0.57380867 -0.810312212 0.118901789
vn -0.552780986 -0.790772736 0.262890935
vn -0.547524631 -0.780735135 0.301113516
vn -0.562899768 -0.783699632 0.262599885
vn -0.870534062 0.459517956 -0.176106885
vn -0.870534062 0.459517956 -0.176106885
vn -0.870534062 0.459517956 -0.176106885
vn 0.748723745 0.0296009388 0.662220955
vn 0.750005484 0.0310002267 0.660704851
vn 0.749685168 0.0305993948 0.661086917
vn 0.971825898 0.113803029 -0.206405506
vn 0.987827122 0.136003733 -0.0755020678
vn 0.979951441 0.0821959227 -0.181491002
vn -0.997072339 -0.030999139 0.069898054
vn -0.994476616 -0.0937977955 0.0470988937
vn -0.994045854 -0.101704694 0.0391018018
vn -0.997893155 -0.0330997743 -0.0557996146
vn -0.998294055 -0.0356997885 -0.0461997241
vn -0.99851948 -0.025400497 -0.0481009372
vn -0.979662299 0.0429983437 -0.19599244
vn -0.97969979 0.0396999903 -0.196499959
vn -0.98048234 0.0293994714 -0.194396496
vn -0.263000667 -0.951402366 -0.160200402
vn -0.264697969 -0.954792678 -0.135298952
vn -0.265699595 -0.942698598 -0.201799706
vn -0.724597156 -0.303598821 0.618697584
vn -0.707016289 -0.347708017 0.615814209
vn -0.708260536 -0.344180793 0.616365671
vn -0.479505509 -0.503805757 0.718508303
vn -0.2630952 -0.663187921 0.70068723
vn -0.328984052 -0.454877973 0.827559888
vn -0.423307121 -0.487708181 0.76351279
vn -0.31810534 -0.636510611 0.702611744
vn -0.299099088 -0.58379817 0.754797637
vn 0.521677792 -0.804665744 -0.283487916
vn 0.521811962 -0.804818451 -0.282806486
vn 0.522489309 -0.805083573 -0.280794263
vn -0.805200458 -0.482600272 0.344600201
vn -0.835192382 -0.398896366 0.378596544
vn -0.837877274 -0.448187858 0.311591536
vn 0.801422834 0.532615185 0.27210775
vn 0.675763488 0.685262918 0.271585315
vn 0.729799092 0.644699156 0.227499723
vn -0.913331091 0.331211269 0.236908078
vn -0.691693783 0.552995026 0.464495867
vn -0.801297367 0.544398189 0.248099193
vn 0.997631669 -0.054001715 0.0426013507
vn 0.992002487 -0.125200316 0.0160000417
vn 0.999479711 -0.0136997225 -0.0291994102
vn 0.706227839 0.0149005866 0.707827866
vn 0.709689617 -0.00589991454 0.704489708
vn 0.711600125 -0.0161000025 0.702400148
vn 0.807551146 0.0293982197 0.58906436
vn 0.620598793 0.34449935 0.704398632
vn 0.764588773 0.245596409 0.595891297
vn -0.225711122 0.50142467 -0.835241139
vn -0.227807224 0.497315824 -0.837126613
vn -0.226606384 0.499714047 -0.836023569
vn 0.879064262 0.367285043 0.303887635
vn 0.879064262 0.367285043 0.303887635
vn 0.879064262 0.367285043 0.303887635
vn 0.0940022171 -0.926521897 0.364308625
vn 0.0617995746 -0.935493529 0.347897559
vn 0.107302599 -0.929522514 0.352808565
vn -0.236599296 -0.815297544 0.528498471
vn -0.289194822 -0.807385504 0.51429075
vn -0.275311679 -0.817834735 0.505321443
vn 0.212400839 -0.96070379 0.178700715
vn 0.177001283 -0.960506976 0.214701563
vn 0.168106928 -0.959439516 0.226309314
vn -0.157005772 0.163105994 0.97403574
vn 0.0387015641 0.220408931 0.974639475
vn 0.0165002197 0.314504206 0.949112654
vn -0.162005082 -0.102703221 0.981430769
vn -0.00920033455 0.126404598 0.991936088
vn -0.24289991 0.276199877 0.929899633
vn 0.332986653 0.909463525 -0.248990014
vn 0.330702275 0.909106255 -0.25330174
vn 0.33330068 0.90860188 -0.25170055
vn 0.249106482 0.0472012274 -0.967325151
vn 0.232096419 -0.0370994247 -0.971985042
vn 0.193306923 -0.00250008958 -0.98113519
vn 0.159004226 0.0173004605 -0.987126291
vn 0.150306255 0.0819034055 -0.985240996
vn 0.232187226 0.0208988506 -0.972446561
vn -0.912873566 0.22109361 0.343190074
vn -0.941068232 0.171194226 0.291690141
vn -0.94898212 0.161396965 0.270894915
vn 0.999584258 -0.0276995637 -0.00799987372
vn 0.999413371 -0.0122001627 0.0320004299
vn 0.996045291 -0.0877039954 -0.0142006464
vn 0.999375999 -0.0260993727 0.0237994287
vn 0.999971509 -0.00749978609 0.000899974315
vn 0.998664975 -0.0505982228 0.0103996349
vn 0.997487307 -0.0521993376 0.0478993915
vn 0.995742142 -0.0846035853 0.0366015509
vn 0.997504532 -0.0685003027 0.017100079
vn -0.796292126 -0.571694314 0.197698042
vn -0.821178377 -0.515786409 0.244193584
vn -0.821614802 -0.518209279 0.237504274
vn 0.781487584 0.388893843 0.48789224
vn 0.782571793 0.401985526 0.475382894
vn 0.73257947 0.398988813 0.551484585
vn 0.991587937 0.0612992533 0.113998614
vn 0.96866715 -0.0800972804 0.235092029
vn 0.977506518 0.125500828 0.169501111
vn -0.192008048 0.144206032 -0.970740676
vn -0.208493859 0.0962971598 -0.97327131
vn -0.193108782 0.08080367 -0.977844477
vn -0.841808319 -0.0701006949 -0.535205305
vn -0.842583179 -0.069298625 -0.534089386
vn -0.842423379 -0.069501929 -0.534314871
vn -0.998878419 0.0158996563 -0.0445990339
vn -0.999355376 -0.0145993475 -0.0327985361
vn -0.999643207 0.0206008907 -0.0170007348
vn -0.996242285 0.0125005301 -0.0857036337
vn -0.995930016 -0.00220006634 -0.0901027173
vn -0.998702884 0.0167000461 -0.0481001362
vn -0.990866661 0.0260991231 0.132295564
vn -0.979377151 -0.125297084 0.158496305
vn -0.95902729 0.00180005119 0.283308089
vn -0.979465187 0.189693257 0.0682975724
vn -0.995331824 0.072502315 -0.063702032
vn -0.996391952 0.0194998439 0.082599327
vn -0.786620736 -0.0433011428 0.615916193
vn -0.782619119 0.0152003709 0.622315228
vn -0.80367589 0.0520984381 0.592782259
vn -0.470501423 -0.0296000913 0.881902695
vn -0.557211876 -0.260905564 0.788316786
vn -0.463791817 -0.186996698 0.865984678
vn -0.800209105 0.342203915 -0.49250561
vn -0.798997462 0.339398921 -0.496398389
vn -0.799311817 0.334204912 -0.499407381
vn -0.274205506 -0.935718834 0.221904472
vn -0.332093626 -0.942781866 0.02959943
vn -0.374699831 -0.914199531 0.154399917
vn -0.0471013933 0.895326436 0.442913085
vn 0.0372008681 0.933321834 0.357108355
vn -0.0986008048 0.931807578 0.349302828
vn -0.0360008888 0.873321652 0.485812008
vn -0.040599063 0.878079712 0.476788998
vn -0.0235000197 0.875800788 0.482100427
vn -0.0698975399 0.818471193 0.570279956
vn -0.190508261 0.745732307 0.638427675
vn -0.107602239 0.808616817 0.578412056
vn -0.674430788 0.647329569 -0.355116218
vn -0.512687624 0.857379317 -0.0452989079
vn -0.659199476 0.701399386 -0.271099776
vn 0.1823055 0.00490014767 -0.983229697
vn 0.162407905 0.0337016433 -0.986148
vn 0.21199289 0.00279990607 -0.977267265
vn 0.509986877 0.125496775 0.850978196
vn 0.613108933 0.130701914 0.779111385
vn 0.524104953 0.240102246 0.817107677
vn 0.549366117 0.224886134 0.804750323
vn 0.616239727 0.123907998 0.777750194
vn 0.64831239 0.18950361 0.737414062
vn 0.733002841 -0.67330265 -0.0968003795
vn 0.667999029 -0.744098902 0.00969998632
vn 0.751800895 -0.657100797 0.0549000651
vn -0.948621094 0.18650414 0.255605668
vn -0.95290643 0.188201264 0.237801611
vn -0.943974555 0.18499501 0.273292631
vn 0.972381294 -0.0136997364 0.23299551
vn 0.987932146 -0.0623020269 0.141804606
vn 0.988340139 0.00690027978 0.152106166
vn -0.698418915 0.664618015 -0.265507191
vn -0.666332662 0.70003432 -0.256812602
vn -0.612977028 0.714773238 -0.336687386
vn 0.889038563 -0.127505526 0.439719081
vn 0.867641449 -0.419871658 0.266282022
vn 0.950599074 -0.0858999118 0.2982997
vn 0.944279194 -0.329092771 -0.0058998703
vn 0.938384473 -0.341794342 0.0510991588
vn 0.965963542 -0.233891174 -0.110495828
vn 0.119999431 0.147899315 0.981695414
vn 0.156900436 0.135300368 0.978302658
vn 0.157706007 0.191007286 0.968836963
vn -0.992272258 0.101197176 0.0717979968
vn -0.994719267 0.102201983 0.0094001824
vn -0.993665099 0.112296052 0.00439984491
vn -0.0857008249 -0.502004802 0.86060828
vn -0.0857008249 -0.502004802 0.86060828
vn -0.0857008249 -0.502004802 0.86060828
vn 0.166399032 -0.97929436 -0.115299337
vn 0.115096055 -0.98306632 -0.142595127
vn 0.151893765 -0.975459933 -0.15939346
vn -0.113194376 -0.0427978784 -0.992650688
vn -0.122896902 -0.0296992529 -0.991975009
vn -0.0856037363 -0.0506022051 -0.995043397
vn -0.768995404 -0.597896457 0.226198643
vn -0.76407975 -0.609883845 0.210294425
vn -0.755261958 -0.614269078 0.228588477
vn -0.895987332 -0.437193811 0.0778988972
vn -0.893689454 -0.448494703 0.0130998455
vn -0.852070808 -0.502682745 0.145894989
vn -0.843320608 -0.526912868 -0.105702586
vn -0.880512834 -0.472406864 -0.0391005687
vn -0.857064664 -0.507879019 -0.0865964293
vn -0.991921306 -0.0844018087 0.0947020352
vn -0.983619392 -0.162603199 0.0778015256
vn -0.981409073 -0.133901238 0.137501284
vn -0.991978884 -0.0112997601 0.125897318
vn -0.997062504 -0.0674974695 0.0361986384
vn -0.989615917 -0.11620187 0.0846013576
vn -0.992798448 -0.119299814 0.0108999824
vn -0.997878075 -0.0634986088 -0.0143996831
vn -0.999382257 -0.0269995201 -0.0224996004
vn -0.997450292 0.0668033659 0.0251012668
vn -0.985623479 0.161603853 0.0493011735
vn -0.996843576 -0.0599026196 0.0521022752
vn 0.994232833 -0.0328010842 -0.102103375
vn 0.986128569 -0.0861024857 -0.141904116
vn 0.985992372 -0.0620995238 -0.154798791
vn -0.0957958773 0.929759979 -0.355484724
vn 0.205391139 0.966758192 -0.152293414
vn 0.121498927 0.915891886 -0.382596612
vn 0.925884306 0.122797914 -0.357293963
vn 0.926409125 0.124601223 -0.355303496
vn 0.925985277 0.123198047 -0.356894344
vn -0.34058091 -0.852252245 0.397077769
vn -0.367292613 -0.827383399 0.424891442
vn -0.343291968 -0.837880373 0.424390048
vn -0.771190464 -0.613292456 0.170697883
vn -0.763885379 -0.625788033 0.157696992
vn -0.785719395 -0.600714803 0.147603646
vn -0.645207942 -0.750409245 0.143501759
vn -0.622915685 -0.768619299 0.145603672
vn -0.646834791 -0.757240772 0.0905048698
vn 0.33139205 -0.914677978 0.23139444
vn 0.324809968 -0.922328174 0.209306404
vn 0.311698377 -0.93479526 0.170299143
vn 0.286602259 -0.944407523 0.161101282
vn 0.26029247 -0.951672435 0.162995294
vn 0.217496037 -0.964482427 0.149897277
vn -0.284192234 -0.281292289 0.916574895
vn -0.346201181 -0.31470108 0.88380307
vn -0.338601261 -0.30710113 0.889403284
vn 0.986585617 0.151897788 -0.059799131
vn 0.99184072 0.0522021428 -0.116304778
vn 0.981394053 0.117699288 -0.151699081
vn 0.986113966 0.154102191 -0.0619008727
vn 0.987085044 0.140697867 -0.076598838
vn 0.992045283 0.122105576 -0.0306013972
vn 0.492713571 -0.185805127 0.850123405
vn 0.482688546 -0.121097133 0.867379427
vn 0.545819759 -0.142305166 0.825729966
vn 0.751806319 0.105400883 0.65090543
vn 0.816334307 0.0900037885 0.570524037
vn 0.796295285 0.067799598 0.601096451
vn 0.865840375 0.258412033 0.428419977
vn 0.866785347 0.281995237 0.41129306
vn 0.865216315 0.206703901 0.456808627
vn -0.799761474 0.599971116 -0.0203990191
vn -0.827581584 0.555687666 -0.079498224
vn -0.845123649 0.534214973 -0.0195005462
vn 0.0664982274 0.00509986468 -0.997773468
vn 0.0654968023 0.00169991713 -0.997851372
vn 0.0502019413 -0.0374014452 -0.99803859
vn 0.177204624 -0.115903027 -0.977325439
vn 0.216695756 -0.124397561 -0.968281031
vn 0.21380116 -0.153100833 -0.964805245
vn -0.956433356 -0.254808873 0.142504975
vn -0.974265039 -0.164694086 0.153894469
vn -0.956588209 -0.229997158 0.1789978
vn -0.953243971 -0.0961044356 0.286513239
vn -0.965596259 -0.0797996968 0.247499049
vn -0.979027271 -0.0956026688 0.179905012
vn 0.980438828 -0.194807708 0.0281011127
vn 0.980438828 -0.194807708 0.0281011127
vn 0.980438828 -0.194807708 0.0281011127
vn -0.958005548 -0.0730004236 -0.27730161
vn -0.960042417 -0.201208889 -0.194508597
vn -0.968925118 -0.129403353 -0.210805461
vn 0.483793825 -0.761190295 0.431894511
vn 0.483917147 -0.761326969 0.431515276
vn 0.523209095 -0.72531265 0.447407782
vn 0.11880146 -0.989912212 -0.0772009566
vn 0.176097184 -0.984284282 -0.0131997885
vn 0.207697988 -0.978190541 0.00219997857
vn -0.798617125 -0.520811141 0.301606476
vn -0.78511107 -0.53670758 0.309104353
vn -0.745506346 -0.601205051 0.287702441
vn -0.805091262 0.441695213 0.39589572
vn -0.633114457 0.608513892 0.478410929
vn -0.757724702 0.482915699 0.438914269
vn 0.882146239 -0.330117315 -0.335917622
vn 0.938569784 -0.300990313 -0.168794557
vn 0.894327998 -0.404212654 -0.191806003
vn 0.756388009 -0.556491196 -0.343794584
vn 0.880360901 -0.378083229 -0.286387265
vn 0.783077776 -0.473186553 -0.403588563
vn 0.0279991664 0.988770485 -0.146795616
vn -0.0521982387 0.970667303 -0.234692097
vn -0.0521019585 0.996337414 -0.0678025484
vn -0.993523002 0.0321007445 -0.109002516
vn -0.997363627 0.0171993747 -0.0704974309
vn -0.997681737 0.0355993472 -0.0579989366
vn 0.968677223 -0.245194241 0.0392990746
vn 0.987204373 -0.0821003541 -0.136700615
vn 0.991507173 -0.112000808 -0.0661004782
vn 0.996914268 0.0363005176 0.0696009994
vn 0.99364388 -0.0981043279 -0.0552024394
vn 0.996436477 0.084003076 0.00760027813
vn 0.447496682 0.109199204 0.887593508
vn 0.4492203 0.114605173 0.886039972
vn 0.448300719 0.111500189 0.886901438
vn 0.740500629 -0.36220032 0.566100538
vn 0.652716219 -0.418810397 0.631315649
vn 0.647261322 -0.369977921 0.666460156
vn -0.997623503 0.0636015013 0.0265006237
vn -0.998046637 0.0578026995 0.0237011071
vn -0.997708321 0.0671005696 -0.00870007277
vn -0.995972335 0.0891975164 0.00909974705
vn -0.994512796 0.0920011848 0.0498006418
vn -0.995389223 0.0812991187 0.0508994497
vn -0.677482009 -0.677281976 -0.286892384
vn -0.665509462 -0.655309319 -0.35730511
vn -0.655361772 -0.682160258 -0.324281096
vn -0.780268431 -0.543277979 -0.309887439
vn -0.758522987 -0.494914979 -0.423912853
vn -0.765604079 -0.493902594 -0.412202179
vn 0.270906597 -0.961123288 0.0534012914
vn 0.289790273 -0.954068065 0.0759974495
vn 0.279888809 -0.95976156 0.0227990858
vn 0.162901714 0.935509801 0.313503265
vn 0.235597417 0.876890421 0.41899541
vn 0.2225997 0.923298776 0.312999576
vn -0.991874397 -0.122196838 -0.035399083
vn -0.997070789 -0.0715978965 -0.026899213
vn -0.992417693 -0.0495008826 -0.112502001
vn -0.986306965 -0.142101005 -0.0837005898
vn -0.976591766 -0.181398481 -0.115599029
vn -0.994870424 -0.101096995 0.00349989603
vn 0.988748312 0.142306954 -0.0461022556
vn 0.989880681 0.122397609 -0.0717986003
vn 0.997530639 0.0685020983 -0.0155004757
vn -0.0478003845 -0.995207965 0.0853006765
vn -0.0258007646 -0.993629396 0.109703243
vn -0.0888008103 -0.983308971 0.158801466
vn 0.108596578 0.174394503 -0.978669167
vn 0.0516996384 0.0439996906 -0.997692943
vn 0.114894681 0.0549974516 -0.991854072
vn 0.0354988836 0.451485783 -0.891571879
vn -0.0677958652 0.506369114 -0.859647572
vn 0.0570006706 0.512806058 -0.856610119
vn -0.161208674 -0.867046595 0.471425354
vn -0.0734968185 -0.884361744 0.460980058
vn -0.131802619 -0.888317704 0.439908773
vn -0.601195216 -0.67399466 0.429296613
vn -0.565398991 -0.730398715 0.383199304
vn -0.559520781 -0.709926426 0.427715927
vn -0.957092345 -0.271797836 0.100499198
vn -0.993067384 -0.103296608 0.0560981594
vn -0.948881447 -0.20299603 0.24169527
vn -0.9820593 -0.117495127 0.147493869
vn -0.945807278 0.272702128 0.17630136
vn -0.9639799 -0.199595839 0.175796345
vn -0.0570983961 -0.0445987433 -0.997371912
vn -0.0645972043 0.0387983285 -0.997156978
vn -0.0138997054 0.0405991413 -0.99907887
vn -0.897635579 0.265210509 0.352013946
vn -0.906192899 0.270297885 0.325197458
vn -0.926972508 0.170994923 0.33389011
vn -0.257297069 -0.803790867 0.53639394
vn -0.266499281 -0.793097913 0.547698557
vn -0.282210857 -0.775529802 0.564721704
vn -0.953414917 -0.28460443 -0.100001566
vn -0.974667251 -0.221692547 -0.0295990054
vn -0.976552665 -0.211789727 -0.0385981314
vn -0.513914883 0.0980028361 -0.852224708
vn -0.516116083 0.144004479 -0.844326317
vn -0.521706164 0.132901549 -0.842709899
vn -0.129494891 0.040298406 -0.990760863
vn -0.144598469 0.0743992031 -0.986689508
vn -0.150696501 0.0628985316 -0.986577034
vn 0.139498085 -0.190697357 -0.971686542
vn 0.154704615 -0.177805305 -0.971829057
vn 0.14040561 -0.116304643 -0.983239233
vn -0.994006634 0.0943006352 -0.0553003699
vn -0.999057353 0.0356984735 0.0246989466
vn -0.99591881 0.0754014254 0.0496009402
vn -0.990248621 0.097704798 0.0993048772
vn -0.98120451 0.191100881 0.0268001221
vn -0.992168486 0.120496169 0.032898955
vn 0.0184996463 -0.976681292 -0.213895902
vn 0.0473990552 -0.962780774 -0.266094685
vn 0.0136995334 -0.973166883 -0.229692176
vn -0.198899925 0.16749993 -0.965599597
vn -0.24469094 0.0162993968 -0.969464123
vn -0.230501458 0.0386002474 -0.972306132
vn 0.956899822 -0.286799937 -0.0456999913
vn 0.921679199 -0.386991262 0.0272993837
vn 0.894263148 -0.393283784 -0.213591188
vn 0.96862483 -0.246406332 0.0324008316
vn 0.943595886 -0.18979916 0.271298796
vn 0.903221846 -0.415310085 0.108202621
vn -0.999058545 -0.0187992193 -0.0390983745
vn -0.999377966 0.00819981936 -0.0342992432
vn -0.999528766 -0.0221006367 0.0213006139
vn -0.803774893 0.578081965 0.1405956
vn -0.811258018 0.513073504 0.280385494
vn -0.81880182 0.521501184 0.240000531
vn 0.994811535 0.00690008001 -0.101501182
vn 0.994546294 -0.0248011556 -0.101304717
vn 0.991035342 -0.0257009156 -0.131104678
vn 0.412091881 0.427391589 0.804684162
vn 0.422692895 0.344394237 0.838285983
vn 0.417404324 0.421204388 0.805208325
vn 0.391786724 0.383387029 0.83637166
vn 0.413608998 0.399308681 0.818217754
vn 0.476498306 0.334398776 0.81309706
vn -0.198590055 0.0254987236 -0.979750931
vn -0.166201174 0.0237001665 -0.985806942
vn -0.167806908 0.0592024438 -0.984040618
vn 0.0861964077 0.0915961862 -0.992058694
vn 0.103902727 0.0640016794 -0.992526054
vn 0.088900879 0.088400878 -0.992109835
vn -0.987864077 -0.0889967605 -0.12729536
vn -0.989116609 -0.0277004652 -0.144502431
vn -0.991170824 -0.108996794 -0.0754977763
vn 0.988999546 0.0764999613 0.126599938
vn 0.99358809 -0.0474994294 0.102598771
vn 0.99685812 0.0779967234 0.0137994196
vn 0.965343833 0.190588906 0.178289622
vn 0.961212814 0.0523006953 0.270803601
vn 0.985953867 0.0472025797 0.160208762
vn -0.653842926 0.74864918 0.109607197
vn -0.635074675 0.769869328 0.0630974844
vn -0.660067558 0.749963164 -0.0431978814
vn 0.0338993259 -0.00949981064 -0.999380112
vn 0.0192001779 -0.003600033 -0.999809206
vn 0.0352987908 -0.00469983881 -0.999365747
vn -0.581565499 -0.720357239 0.37797758
vn -0.607169747 -0.740663111 0.287685663
vn -0.556000173 -0.738200247 0.382000148
vn -0.504004419 -0.752406538 -0.424103677
vn -0.458521843 -0.689532816 -0.560626686
vn -0.51038456 -0.672479689 -0.535983801
vn -0.520886004 -0.801878512 0.292692155
vn -0.521180034 -0.801469266 0.293288767
vn -0.519319534 -0.803830206 0.290110916
vn 0.908970714 0.269191325 0.318289757
vn 0.919126451 0.197105676 0.341109842
vn 0.897218108 0.215904355 0.385207772
vn -0.758343458 0.150108591 -0.634336352
vn -0.740807056 0.0968009233 -0.66470629
vn -0.758707106 0.147101372 -0.634605944
vn -0.638440371 0.769248664 0.0255016126
vn -0.594608605 0.80381155 0.0181002617
vn -0.627979398 0.777674437 -0.0293990336
vn 0.245000601 0.00630001538 -0.969502389
vn 0.203995481 0.0764983073 -0.975978434
vn 0.285011441 0.0717028826 -0.955838382
vn -0.0559997223 -0.990295053 -0.127199382
vn -0.054898221 -0.98576802 -0.158894837
vn -0.0935968682 -0.976567328 -0.19379352
vn -0.487989455 0.870181143 0.0681985244
vn -0.395091683 0.918080688 -0.0320993252
vn -0.301614344 0.953145325 -0.0233011059
vn -0.414293677 -0.387594134 0.823487461
vn -0.436306447 -0.462206811 0.772011399
vn -0.399603695 -0.366103381 0.840407729
vn -0.564906001 -0.400204271 0.721607685
vn -0.533491731 -0.477992594 0.697789192
vn -0.540203989 -0.404202968 0.738105416
vn -0.959111392 0.0439005233 0.279603332
vn -0.959111392 0.0439005233 0.279603332
vn -0.959111392 0.0439005233 0.279603332
vn -0.884490967 0.412495762 0.21799776
vn -0.884490967 0.412495762 0.21799776
vn -0.884490967 0.412495762 0.21799776
vn -0.768711209 0.633909225 0.0851012394
vn -0.820103228 0.559102178 0.121800482
vn -0.767388165 0.638090134 0.0628990307
vn -0.768403947 0.639903307 0.00890004542
vn -0.715079665 0.697580218 0.0451987162
vn -0.769701838 0.638401508 0.0016000038
vn 0.656504691 0.754305422 -0.00500003574
vn 0.700001597 0.690901637 -0.180700406
vn 0.573705316 0.799307406 -0.178801656
vn -0.953572512 -0.301091313 -0.00659980997
vn -0.900876999 -0.414989382 -0.127296746
vn -0.940615237 -0.336505443 -0.0448007248
vn 0.409606129 0.0213003196 -0.91201371
vn 0.430112064 0.111003116 -0.895925164
vn 0.452192992 0.0468992703 -0.890686154
vn 0.0963979065 -0.147996783 -0.984278619
vn 0.175805435 -0.104803242 -0.978830278
vn 0.162100345 -0.10090021 -0.981602013
vn -0.883343399 -0.465222865 0.0572028123
vn -0.85365808 -0.493875772 0.165391892
vn -0.850338221 -0.513223052 0.116305225
vn 0.266704112 -0.399206132 0.877213478
vn 0.236605942 -0.30490762 0.922523141
vn 0.081997633 -0.34239009 0.935972929
vn 0.290309161 -0.951629996 0.100603163
vn 0.253395289 -0.939082503 0.232195675
vn 0.254208595 -0.95893234 0.125804245
vn 0.896449149 -0.235612914 0.375320584
vn 0.912284553 -0.268695444 0.309094757
vn 0.912284553 -0.268695444 0.309094757
vn -0.844178975 -0.522686958 0.118997037
vn -0.8530913 -0.508794844 0.115598813
vn -0.805679142 -0.569485247 0.162995785
vn 0.440811247 0.421610773 0.792420208
vn 0.53998965 0.215995863 0.813484371
vn 0.516894102 0.228497386 0.824990571
vn 0.956703305 0.284600973 0.061000213
vn 0.968472004 0.248892799 0.0106996903
vn 0.968674302 0.247393444 0.0215994287
vn -0.0930023119 -0.118202932 -0.988624573
vn -0.127500951 -0.104600772 -0.986307323
vn -0.106398828 -0.11889869 -0.987189114
vn -0.0316988379 -0.123295471 -0.991863608
vn -0.0146996193 -0.155195981 -0.987774432
vn -0.00319984858 -0.148192987 -0.988953233
vn -0.70783329 0.693532646 -0.134106308
vn -0.661512375 0.733613789 -0.155602917
vn -0.74917233 0.646976113 -0.141994759
vn -0.996608138 -0.0521004237 -0.0637005195
vn -0.997877359 -0.0357991867 -0.0543987639
vn -0.99030602 -0.000700004224 -0.138900831
vn -0.976800203 -0.0667000115 0.203500032
vn -0.993661642 0.0768970251 0.0819968358
vn -0.994004428 0.0758003443 0.0788003504
vn -0.507514715 0.0991028771 0.855924845
vn -0.526515424 0.119503498 0.841724694
vn -0.513213813 0.145003915 0.845922828
vn 0.996692419 0.067199491 0.0456996523
vn 0.98936069 0.100496009 0.10519582
vn 0.984578729 0.0324992947 0.171896279
vn -0.472325504 -0.880547523 -0.0393021181
vn -0.451006383 -0.89251256 -0.00380005362
vn -0.437419266 -0.8992396 0.00570025109
vn -0.988971174 0.0833975747 -0.122396424
vn -0.97776854 0.104496643 -0.181794137
vn -0.994208336 0.0928007811 -0.0542004555
vn -0.914384961 -0.377293795 -0.146797583
vn -0.89519757 -0.427398831 -0.126299664
vn -0.858171642 -0.445785254 -0.254591584
vn -0.72448194 -0.549086273 0.416689605
vn -0.632813692 -0.650814116 0.419509113
vn -0.608774781 -0.662872553 0.435881972
vn -0.369402349 -0.331302106 0.868205547
vn -0.369383752 -0.333785295 0.867261827
vn -0.369309425 -0.332408458 0.867822111
vn -0.972762644 -0.203392178 0.111195728
vn -0.979257226 -0.177292258 0.098095715
vn -0.982527435 -0.177804962 0.0550015345
vn -0.296309471 -0.140304506 0.944730282
vn -0.257890612 -0.127195358 0.957765043
vn -0.256505996 -0.127302974 0.958122432
vn 0.955677867 -0.225994766 -0.188695639
vn 0.977128148 -0.184805319 -0.105203025
vn 0.928174078 -0.28709197 -0.236793369
vn 0.0448009782 0.943820655 0.327407181
vn 0.135402888 0.954720438 0.264905661
vn -0.0742028207 0.979837358 0.185507074
vn -0.529501975 -0.062500231 -0.846003175
vn -0.557912111 -0.153303325 -0.815617681
vn -0.520799816 -0.143099949 -0.841599703
vn 0.109597132 0.311891824 0.943775296
vn 0.0546983592 0.304090887 0.951071441
vn 0.0661002472 0.329601258 0.941803515
vn 0.985553443 0.16049242 -0.0540974438
vn 0.988850296 0.146607459 -0.0261013284
vn 0.990971565 0.035098996 -0.12939629
vn 0.564002872 -0.0734003708 0.822504163
vn 0.481295109 0.0695992932 0.873791099
vn 0.382887661 -0.087197192 0.919670403
vn 0.966200411 0.189200088 -0.175100073
vn 0.799192727 0.288897365 -0.527095258
vn 0.949015915 0.312705249 0.0398006663
vn -0.993626475 -0.0788021013 -0.0806021467
vn -0.974181294 -0.0431991704 -0.221595734
vn -0.970237434 -0.128404945 -0.205307931
vn 0.939302981 0.289000928 -0.184900597
vn 0.959270239 0.201393753 -0.198093861
vn 0.973012805 0.154602021 -0.171302244
vn -0.989580452 -0.0048999032 0.143897161
vn -0.992009401 -0.0108001027 0.125701189
vn -0.99215591 -0.0112994974 0.124494463
vn -0.544974625 -0.131593883 0.828061461
vn -0.651598155 -0.129099622 0.747497857
vn -0.581280231 -0.18679364 0.791973054
vn -0.0725035146 0.223310813 -0.972047091
vn -0.0837006867 0.229901865 -0.96960789
vn -0.0832978636 0.228494152 -0.969975173
vn 0.311602235 0.261901885 0.913406551
vn 0.283988923 0.286688805 0.914964318
vn 0.456074893 0.357780337 0.814855158
vn -0.107800856 0.0780006275 -0.991107941
vn -0.0905023739 0.0715018809 -0.993326068
vn -0.113101214 0.0755008161 -0.990710676
vn -0.322898835 0.136099488 -0.936596632
vn -0.32919842 0.15169929 -0.931995571
vn -0.336903751 0.13500151 -0.931810379
vn 0.098603636 0.171506315 -0.980236113
vn 0.110505313 0.161007732 -0.980747163
vn 0.231487572 0.1528918 -0.960748434
vn -0.0339007154 -0.0848017782 -0.995820999
vn 0.024199076 -0.124995224 -0.991862178
vn 0.0161999241 -0.0985995382 -0.994995356
vn -0.0271996949 0.798791051 0.600993276
vn 0.0112003312 0.788823307 0.614518106
vn 0.0753995702 0.828495264 0.554896832
vn 0.918318391 -0.329006612 0.220104426
vn 0.918512344 -0.352704734 0.178702399
vn 0.917715788 -0.342805892 0.200703457
vn -0.997006714 0.0675004572 0.0377002582
vn -0.994495332 0.0889995843 0.0552997403
vn -0.982358396 0.0534977354 0.179192409
vn -0.562887192 -0.328192532 0.758582711
vn -0.539093256 -0.271196634 0.797390044
vn -0.547715902 -0.302608788 0.780022621
vn 0.654278159 -0.747475088 -0.114896171
vn 0.645771623 -0.76246649 -0.0402982309
vn 0.552286148 -0.82637924 -0.109897234
vn 0.69488287 -0.714282393 0.083297953
vn 0.769199669 -0.619999707 0.154699922
vn 0.662880838 -0.746178508 0.0616982207
vn 0.462082893 -0.449683368 0.764371753
vn 0.363692343 -0.55208838 0.750284195
vn 0.423391879 -0.541389585 0.726386011
vn -0.829801679 -0.478000969 -0.288000554
vn -0.773770511 -0.556578755 -0.302488476
vn -0.804385424 -0.520190537 -0.286994785
vn -0.0907966793 0.442283779 0.892267346
vn -0.122702897 0.426510066 0.896121144
vn -0.108200759 0.431903005 0.895406246
vn -0.772782564 -0.133896977 0.620385945
vn -0.833142638 -0.134606883 0.536427438
vn -0.794004917 -0.158800989 0.586803555
vn 0.0726021603 0.00790023524 -0.997329712
vn 0.114200577 0.0950004756 -0.988904953
vn 0.154006645 0.035201516 -0.987442553
vn 0.00859954115 -0.128693134 -0.991647124
vn 0.034500502 -0.0646009445 -0.997314632
vn 0.0383011512 -0.137004122 -0.989829719
vn 0.0172996875 -0.0843984634 -0.996281922
vn 0.0833973065 -0.0803973973 -0.993267894
vn 0.0525975116 -0.139293402 -0.988853216
vn 0.334392101 0.103097565 0.93677789
vn 0.354216397 0.0644029826 0.932943165
vn 0.301204115 0.121301651 0.945812941
vn -0.391407281 0.197303668 0.898816705
vn -0.393386334 0.123295717 0.911068261
vn -0.373293847 0.0710988268 0.924984753
vn 0.842511177 0.526606977 0.113401502
vn 0.807187557 0.589690864 -0.0266995877
vn 0.763227701 0.638623178 0.0982035697
vn -0.719869971 -0.190792024 0.667372167
vn -0.769061625 -0.00289985514 0.639168084
vn -0.653196216 -0.138599202 0.744395733
vn -0.974560797 -0.191892281 -0.115795344
vn -0.981366396 -0.109496251 -0.157894596
vn -0.962361932 -0.217991367 -0.162293583
vn 0.797019005 0.243905813 0.552513182
vn 0.77179575 0.202998877 0.6025967
vn 0.880598366 0.20379962 0.427799225
vn -0.945827365 0.0571016558 0.319609225
vn -0.945399344 -0.0323999785 0.324299783
vn -0.991066158 -0.0480983555 0.12439575
vn -0.559177577 0.812867463 0.162993476
vn -0.501774907 0.816459179 0.285685718
vn -0.524618506 0.810628533 0.260109156
vn -0.835678518 0.031999182 0.548285961
vn -0.816508651 -0.00560005894 0.577306151
vn -0.801855206 0.044397518 0.59586668
vn -0.808661819 0.0891957805 0.581472516
vn -0.838043869 0.0705036893 0.54102838
vn -0.803162038 0.0745964795 0.591072023
vn -0.0929021016 0.0265005995 -0.995322526
vn -0.0901996195 0.0212999098 -0.995695829
vn -0.098698698 0.00779989641 -0.995086849
vn -0.894690573 0.0325996578 -0.445495307
vn -0.892688036 0.0311995801 -0.449593991
vn -0.892828643 0.0312010013 -0.449314415
vn -0.825804889 -0.242401451 -0.509203017
vn -0.87645632 -0.201089993 -0.437478185
vn -0.880702615 -0.200800598 -0.429001272
vn 0.995813191 0.0717009529 0.0567007512
vn 0.998051882 0.0553973317 0.0286986176
vn 0.999982953 0.00559990434 0.00169997104
vn -0.730791867 -0.0204997733 0.682292402
vn -0.628277779 -0.111396059 0.769972742
vn -0.656172097 -0.12209481 0.744668365
vn 0.545017064 0.0905028284 0.833526075
vn 0.516116917 -0.0505016558 0.855028033
vn 0.476726621 -0.105905905 0.872648716
vn 0.66410166 0.244300604 0.706601799
vn 0.662910521 0.253404021 0.704511225
vn 0.674669921 0.122594528 0.727867544
vn 0.968552291 0.18551001 -0.165808961
vn 0.906222582 0.13810344 -0.399609953
vn 0.976357758 -0.00800047349 -0.216012776
vn -0.888004363 -0.324401587 0.325901568
vn -0.885031402 -0.260809243 0.38561368
vn -0.874485672 -0.270095587 0.402893424
vn -0.938959002 -0.210790798 0.271888107
vn -0.922507703 -0.220201835 0.317002654
vn -0.942766786 -0.20929262 0.259590864
vn -0.955888808 -0.28919664 0.0513993949
vn -0.989726722 -0.142203823 -0.0148003986
vn -0.986869872 -0.158495158 0.0310990512
vn -0.73635906 -0.656863451 0.162190974
vn -0.726937592 -0.680335224 0.0933048278
vn -0.665660083 -0.719456851 0.198188111
vn 0.179894865 -0.968372345 -0.172895059
vn 0.185296878 -0.977883577 -0.0969983712
vn 0.151598528 -0.975990474 -0.15639846
vn 0.998497844 -0.0186999589 0.0514998883
vn 0.976167977 0.0176994186 0.216292903
vn 0.996030867 -0.0875027105 0.0163005069
vn 0.992157221 0.0723968819 -0.101895601
vn 0.996783614 0.0241996031 0.0763987452
vn 0.998256385 -0.00519977277 0.0587974302
vn -0.9618119 -0.224902794 0.15600194
vn -0.970263958 -0.118795589 0.210892156
vn -0.968744218 -0.199809119 0.14700672
vn 0.995513022 -0.0762009919 0.0561007299
vn 0.970063746 -0.16079399 -0.181993201
vn 0.985051751 -0.166491866 -0.0441978388
vn -0.967089653 -0.170898169 -0.18849799
vn -0.967089653 -0.170898169 -0.18849799
vn -0.967089653 -0.170898169 -0.18849799
vn 0.0374003984 0.402604282 0.91460979
vn 0.00780025497 0.301509857 0.953431189
vn -0.115196727 0.415488213 0.90227443
vn 0.1002023 -0.335707694 0.936621487
vn -0.142499357 -0.339098483 0.929895818
vn -0.0260999966 -0.629699886 0.77639991
vn -0.734996974 -0.677197218 -0.0343998596
vn -0.779308915 -0.626607239 0.00640007341
vn -0.803009152 -0.595806777 0.0138001572
vn -0.777303934 -0.607803106 -0.162400827
vn -0.773677707 -0.616882265 -0.14449583
vn -0.78050369 -0.604802847 -0.158200741
vn -0.839328289 -0.542818367 -0.0296010002
vn -0.847094834 -0.52369678 -0.0903994516
vn -0.835727632 -0.545518041 -0.0630020872
vn 0.372092098 -0.0241994876 0.927880347
vn 0.37608546 -0.0412984043 0.925664246
vn 0.383884937 -0.0308987871 0.922863841
vn 0.890752554 0.148692086 -0.429477125
vn 0.950309813 0.123401284 -0.28580296
vn 0.950165987 0.0757972896 -0.302389175
vn 0.891073644 0.0325990357 -0.452686608
vn 0.919255078 0.177010611 -0.351621062
vn -0.595403373 -0.340501964 0.727704167
vn -0.633619547 -0.326610059 0.701321661
vn -0.569923162 -0.314012825 0.759330928
vn -0.570717692 -0.327010155 0.753223419
vn -0.587204695 -0.394303173 0.706905663
vn -0.573913932 -0.294007123 0.764318526
vn -0.466122508 -0.011700565 0.88464272
vn -0.412781119 -0.0176991876 0.9106583
vn -0.441080928 0.0137994029 0.897361219
vn 0.966448188 0.256612778 -0.0113005629
vn 0.966448188 0.256612778 -0.0113005629
vn 0.966448188 0.256612778 -0.0113005629
vn 0.608703315 -0.236901283 -0.757204115
vn 0.608703315 -0.236901283 -0.757204115
vn 0.608703315 -0.236901283 -0.757204115
vn -0.965138435 0.214908555 -0.149405941
vn -0.964884579 0.211996615 -0.155097514
vn -0.964825213 0.211305514 -0.156404078
vn -0.998839796 -0.0343013667 0.033801347
vn -0.999457181 -0.0246989429 0.021799067
vn -0.998554885 -0.0375983007 0.0383982658
vn -0.022399459 0.0120997084 -0.99967587
vn 0.0216005854 0.0698018819 -0.99732697
vn 0.0557023808 0.00310013257 -0.99844259
vn -0.193697929 -0.0847990885 -0.977389514
vn -0.215309814 0.00160007295 -0.976544499
vn -0.146398038 -0.0258996505 -0.988886654
vn 0.948276103 -0.30889219 0.0731981546
vn 0.958829343 -0.282508641 0.0289008841
vn 0.967471182 -0.250492543 0.0353989489
vn 0.974107087 -0.222301602 0.0412002988
vn 0.955965519 -0.288889587 0.0516981371
vn 0.958871722 -0.269592047 0.088797383
vn 0.921258926 -0.366583645 -0.129994199
vn 0.911726654 -0.405011833 -0.0687020048
vn 0.904319882 -0.406608939 -0.129902855
vn -0.997139692 0.0402015969 0.0640025511
vn -0.993729711 0.0142004248 0.110903315
vn -0.991369188 0.0197993834 0.12959598
vn 0.672500551 -0.300600231 0.676300526
vn 0.674790978 -0.297496051 0.675391018
vn 0.68700707 -0.28340292 0.669106901
vn 0.615095556 -0.252598166 0.746894598
vn 0.614692807 -0.252997041 0.747091234
vn 0.604313076 -0.263205707 0.752016246
vn -0.998258412 -0.0587975495 -0.00479979999
vn -0.930828214 0.330910027 -0.155104697
vn -0.996523678 0.0795018822 -0.024900591
vn -0.98652631 0.0718019083 0.147003919
vn -0.971850812 0.182990745 -0.148392484
vn -0.996092618 -0.0360997319 -0.0805994049
vn 0.0444011763 -0.332308799 0.942124963
vn 0.027200941 -0.326711297 0.944732666
vn 0.0160005745 -0.332311898 0.943033755
vn -0.1030984 -0.292195439 0.95078522
vn -0.0861027539 -0.286409169 0.954230607
vn -0.0805010125 -0.290403664 0.953512013
vn 0.943285406 0.115898207 -0.311095208
vn 0.992628574 -0.0713020563 -0.0980028138
vn 0.992875338 -0.0717982203 -0.0950976387
vn -0.915982902 0.136197463 0.377392948
vn -0.902265608 0.0358986333 0.429683596
vn -0.911171377 0.0482984856 0.409187168
vn -0.968189776 0.0324996561 0.24809739
vn -0.962955117 0.00969954766 0.269487411
vn -0.978193164 -0.0654995367 0.197098613
vn 0.411407083 0.890215337 -0.195603371
vn 0.36262092 0.909152448 -0.204811811
vn 0.388917834 0.915141881 -0.106104858
vn 0.988104284 0.15370065 0.00510002207
vn 0.986510217 0.160501674 -0.0322003365
vn 0.992251217 0.0685966313 -0.103594907
vn 0.980580449 0.105697893 -0.165196702
vn 0.980298102 0.151199698 -0.127099767
vn 0.992389977 0.0462995358 -0.114098854
vn 0.9598279 -0.0622018054 0.273607969
vn 0.958086729 -0.17279762 0.22849682
vn 0.98558414 -0.0693988875 0.154297516
vn 0.951133966 0.0405014455 0.306110919
vn 0.921323776 -0.0569014698 0.384609938
vn 0.955970943 -0.0852974057 0.280791491
vn 0.407411098 -0.559715271 0.721619666
vn 0.403901517 -0.575002134 0.711502671
vn 0.413097471 -0.542596579 0.731395483
vn 0.726412833 -0.686412096 0.0341006033
vn 0.731533408 -0.680631042 0.0400018245
vn 0.729053259 -0.683456182 0.0369976312
vn 0.335107297 0.920620084 -0.200404376
vn 0.349994361 0.910985351 -0.218196481
vn 0.344816267 0.916143239 -0.204409644
vn 0.633776903 0.769071937 0.0827969834
vn 0.64529109 0.761489511 0.0610991567
vn 0.640893221 0.764691889 0.0670992956
vn 0.45141089 0.872221053 -0.188304529
vn 0.469287217 0.862076521 -0.191294789
vn 0.442276239 0.873953104 -0.201489195
vn 0.066798605 -0.981579542 -0.17899628
vn 0.0768978521 -0.994472146 -0.0714979991
vn 0.0615982078 -0.988571227 -0.137595996
vn -0.99821943 -0.0512009971 -0.0306005962
vn -0.962254643 -0.264687508 -0.0632970184
vn -0.986234486 -0.164605767 -0.0157005489
vn -0.275592774 -0.959174931 0.0634983405
vn -0.376308531 -0.919820845 0.11100252
vn -0.350510806 -0.927728593 0.12830396
vn -0.552210391 -0.812415242 -0.187203512
vn -0.541797936 -0.831296802 -0.124099515
vn -0.516702116 -0.841403425 -0.158300638
vn -0.0686032549 0.0858040825 -0.993947268
vn -0.0423985906 0.075197503 -0.996266901
vn -0.0695008337 0.0922011137 -0.993311942
vn -0.143195793 0.0252992567 -0.989370942
vn -0.117305726 0.0097004734 -0.993048429
vn -0.109202079 -0.00110002095 -0.994018912
vn -0.233401731 0.157701179 0.959507108
vn -0.220000178 0.206000164 0.953500748
vn -0.216694728 0.212294832 0.952876806
vn -0.843923688 0.5364151 0.00720020197
vn -0.805900693 0.58970052 -0.0527000502
vn -0.813315868 0.581811368 0.00360007025
vn -0.76551789 0.62391454 -0.157203674
vn -0.70461154 0.68041116 -0.201403305
vn -0.63821131 0.727412939 -0.252104491
vn -0.125399262 0.217398703 0.967994213
vn -0.0233009532 0.1929079 0.980940163
vn -0.117696308 0.218693137 0.968669593
vn 0.380303264 0.355503082 0.85380739
vn 0.435280204 0.349084139 0.829862297
vn 0.442381114 0.364384443 0.819465041
vn -0.706442118 0.659339368 -0.257315338
vn -0.880568385 0.42598471 -0.207692549
vn -0.757225931 0.636921823 -0.144704968
vn 0.895596266 0.113299526 0.430198222
vn 0.870499969 0.191699982 0.453299969
vn 0.839324355 0.0793023035 0.53781563
vn 0.535988927 0.322293311 0.780283868
vn 0.571390331 0.363293886 0.735887587
vn 0.524893105 0.411494642 0.745090246
vn -0.247094557 0.331892669 0.910379887
vn -0.220284984 0.338176966 0.914937675
vn -0.272297323 0.276297271 0.921690881
vn 0.986138165 0.046401795 0.159306169
vn 0.996528447 0.0831023678 0.00500014285
vn 0.98540467 0.144800693 0.0895004272
vn -0.553210914 -0.372107327 0.745314658
vn -0.485920846 -0.426218271 0.763032734
vn -0.578218043 -0.421913177 0.698321819
vn -0.755567372 -0.492978722 0.431381404
vn -0.812109828 -0.371204495 0.450205445
vn -0.808935523 -0.4030177 0.428018779
vn 0.462085545 0.873972654 0.150495291
vn 0.433912367 0.893325448 0.117003337
vn 0.430915028 0.894431174 0.11960417
vn 0.886189222 0.429894745 0.172797903
vn 0.886925817 0.428812444 0.171704993
vn 0.886738479 0.429118633 0.17190747
vn 0.367013067 0.910832405 0.188906714
vn 0.373200744 0.895901799 0.241000488
vn 0.368985742 0.904465079 0.213991731
vn 0.906309903 -0.389704257 0.163501769
vn 0.89010334 -0.428301603 0.155800581
vn 0.901885092 -0.378493756 0.208196551
vn 0.964260995 -0.257789582 0.0611975268
vn 0.952331483 -0.30501008 0.00580019178
vn 0.957847357 -0.287014216 -0.0123006087
vn 0.335892618 -0.278193891 0.89988023
vn 0.177195579 -0.294192642 0.9391765
vn 0.162498236 -0.292396843 0.942389786
vn 0.945474625 -0.288892239 -0.15039596
vn 0.912127912 -0.349910736 -0.21350652
vn 0.880956411 -0.395225316 -0.260216653
vn 0.111896679 0.65468049 0.747577786
vn 0.11599233 0.644857407 0.75545007
vn 0.120005839 0.637631059 0.760937035
vn 0.258687764 0.663568556 0.701966763
vn 0.166799188 0.767396271 0.619096935
vn 0.180595338 0.662482917 0.726981223
vn 0.360797316 0.908393204 -0.211298421
vn 0.375303328 0.906308055 -0.194301724
vn 0.450409263 0.890018344 -0.0707014576
vn -0.379590511 0.92117697 0.0856978595
vn -0.467597634 0.874595523 0.128199339
vn -0.429089606 0.903178096 -0.0122997025
vn 0.61559701 0.255198777 0.745596409
vn 0.557307541 0.17520237 0.811611056
vn 0.611915648 0.166404262 0.773219764
vn -0.56522131 0.81213063 0.144805476
vn -0.477609634 0.850217164 0.221404448
vn -0.471708268 0.875115335 0.108001888
vn -0.341300815 -0.868902028 -0.358500838
vn -0.395890534 -0.823380291 -0.406590253
vn -0.408301294 -0.820102572 -0.400901258
vn 0.991300404 -0.118200049 -0.0579000264
vn 0.988812745 -0.040700525 0.143501848
vn 0.987657547 -0.155993298 0.014099394
vn 0.995491326 -0.0947991759 -0.00319997198
vn 0.997420907 -0.050401058 -0.0511010736
vn 0.981509566 -0.184901789 0.0495004803
vn -0.19760482 0.0880021453 -0.976323783
vn -0.203892842 0.0841970518 -0.975365758
vn -0.0917964652 0.0491981059 -0.994561732
vn -0.987790704 0.0362996608 -0.151498571
vn -0.96326071 -0.0866964683 -0.25418964
vn -0.968801916 -0.0317000598 -0.24580048
vn -0.986582279 0.1281977 -0.101098187
vn -0.985518456 0.119602241 -0.120202251
vn -0.985252142 0.0990951806 -0.139493227
vn -0.531712949 0.707517147 -0.465511262
vn -0.571415305 0.797521353 -0.193505183
vn -0.547921181 0.757929265 -0.354013681
vn -0.997959733 0.018199265 0.0611975305
vn -0.994077444 0.0225994885 0.106297582
vn -0.995307505 0.0208001565 0.0945007056
vn -0.968064249 0.0724973157 0.239991128
vn -0.962931633 -0.011300372 0.269508839
vn -0.969299555 0.111399956 0.219199911
vn -0.683508992 -0.365904808 0.631608307
vn -0.690576553 -0.41878581 0.589680016
vn -0.690575123 -0.418084949 0.590178788
vn -0.927257061 0.19121176 0.321919799
vn -0.914273441 0.0994971097 0.392688572
vn -0.925182641 0.15029718 0.348493487
vn 0.479705065 0.343003631 0.807608545
vn 0.655810893 0.673011184 0.3420057
vn 0.54671371 0.0958024114 0.831820905
vn 0.77349627 -0.10819947 0.624496937
vn 0.511324048 -0.139806569 0.847939789
vn 0.77665633 -0.258885413 0.574267685
vn -0.83421737 -0.0750015602 0.546311378
vn -0.90055728 -0.270687163 0.340183854
vn -0.881785572 -0.419593155 0.215396464
vn 0.820578575 -0.101297356 0.562485337
vn 0.800173163 -0.353688151 0.484383792
vn 0.827297032 -0.262999058 0.496398211
vn -0.915312231 -0.311404139 -0.255403399
vn -0.943490922 -0.220497891 -0.247397631
vn -0.950033009 -0.258408964 -0.175106078
vn -0.933627546 -0.106303133 -0.342110068
vn -0.90139246 -0.116999015 -0.416896522
vn -0.922462881 -0.111995496 -0.36948514
vn 0.963735461 -0.252209276 0.0872032046
vn 0.96870631 -0.233201519 0.0850005522
vn 0.976941288 -0.194708228 0.0876037031
vn 0.34310624 0.0267004836 -0.938917041
vn 0.380391806 -0.021299541 -0.924580097
vn 0.282998979 -0.118299574 -0.951796591
vn 0.699276865 -0.0157994777 -0.71467638
vn 0.750890255 -0.0813989416 -0.655391514
vn 0.723902583 -0.0498001799 -0.688102424
vn -0.0151002929 -0.641212463 0.767214894
vn 0.00290008727 -0.620218635 0.78442359
vn -0.0593020208 -0.620921135 0.781626582
vn -0.0602997877 0.965296626 -0.254099101
vn -0.131093919 0.930956841 -0.340784192
vn -0.138998121 0.974886835 -0.173997641
vn 0.771436155 0.289713591 0.566526592
vn 0.854305685 0.0680004507 0.515303433
vn 0.907843649 0.197809502 0.369717777
vn -0.419807673 -0.0232004244 0.907316566
vn -0.397907048 -0.0196003485 0.917216301
vn -0.31910497 -0.0414006449 0.946814716
vn 0.0563022681 0.311312556 0.94863826
vn -0.0914945081 0.357178539 0.929544151
vn 0.0834959447 0.25828746 0.962453187
vn 0.575679064 -0.109796017 0.810270548
vn 0.555484712 -0.134496316 0.820577502
vn 0.554683387 -0.107596777 0.825075269
vn -0.944743097 -0.18058911 0.273583531
vn -0.939056516 -0.182391554 0.291386485
vn -0.939789474 -0.23139739 0.251497179
vn 0.249998793 -0.235398844 -0.939195395
vn 0.238500923 -0.242400974 -0.9404037
vn 0.235205084 -0.227604911 -0.944920361
vn 0.0434017256 -0.0763030276 -0.996139586
vn 0.0651012138 -0.0609011389 -0.996018589
vn 0.0122997258 -0.0434990302 -0.99897778
vn -0.914123893 -0.39991042 0.06670174
vn -0.896368086 -0.397285879 0.196693018
vn -0.878893971 -0.40619719 0.250098288
vn 0.338010043 -0.8487252 0.406712085
vn 0.426012546 -0.812023878 0.398911744
vn 0.417789131 -0.808178961 0.41508919
vn -0.92946744 -0.167494148 0.328688502
vn -0.909902215 -0.111700274 0.399500996
vn -0.886577904 -0.359991044 0.290492743
vn -0.866325378 -0.112203285 0.486714244
vn -0.952199399 -0.124399915 0.278999835
vn -0.874182224 -0.130297348 0.467790484
vn -0.997915208 -0.0438006707 -0.0474007241
vn -0.995981216 -0.0890983194 -0.00909982901
vn -0.992085397 -0.125498146 -0.00409993995
vn 0.13140437 0.988832831 0.0703023374
vn 0.0350994281 0.999383688 -0.000599990191
vn 0.00720001897 0.978902578 0.204200536
vn -0.499789149 -0.83098191 0.244294688
vn -0.498689771 -0.825183153 0.265294582
vn -0.483717561 -0.850730896 0.205607459
vn 0.790605903 -0.443303347 0.422403127
vn 0.790605903 -0.443303347 0.422403127
vn 0.790605903 -0.443303347 0.422403127
vn 0.772837579 0.418420315 0.477123201
vn 0.758282661 0.413890541 0.503688514
vn 0.732564211 0.496575773 0.465577275
vn 0.0936968401 0.995266438 -0.025799131
vn 0.149598479 0.988689959 -0.0105998926
vn -0.00620012591 0.999920249 0.0110002225
vn -0.997468948 -0.0707977936 -0.00659979461
vn -0.998751879 -0.0481976792 -0.0130993696
vn -0.998923361 -0.0447010472 0.01240029
vn 0.941163778 -0.327087432 -0.0849967226
vn 0.94289577 -0.321498573 -0.0870996043
vn 0.937155247 -0.336483926 -0.0922955871
vn 0.990234017 0.139404789 0.00170005846
vn 0.969966829 0.157694608 -0.185193658
vn 0.977550805 0.115394197 -0.176291138
vn 0.810522556 0.519914448 0.269707471
vn 0.702737808 0.639134407 0.312516809
vn 0.763112009 0.531808317 0.367205739
vn -0.390108913 0.0395009033 0.919921041
vn -0.473393232 0.0105998488 0.880787432
vn -0.3892878 0.00909971539 0.921071172
vn 0.106894299 0.241287157 -0.964548647
vn 0.107796922 0.219793722 -0.969572365
vn 0.112297632 0.238694966 -0.964579701
vn 0.834979713 -0.0809980333 0.544286788
vn 0.779604733 -0.0609003641 0.623303771
vn 0.61830163 -0.0745001957 0.782402039
vn -0.995999575 -0.0794999674 0.0407999866
vn -0.995239735 -0.0789031535 0.0572022833
vn -0.996733427 -0.0661022216 0.0464015566
vn -0.698695719 0.641996086 0.315698057
vn -0.602114201 0.72111696 0.342708081
vn -0.581030488 0.703636944 0.409021497
vn 0.98676908 -0.0700978115 0.146195427
vn 0.987200737 -0.0124000097 0.159000114
vn 0.962083161 -0.143597484 0.231895939
vn -0.982751667 0.110605821 0.148207799
vn -0.985451102 0.0665034503 0.156408101
vn -0.98121053 0.121101305 0.150201604
vn -0.187001199 0.178501129 0.96600616
vn -0.187001914 0.176301822 0.966409922
vn -0.187004536 0.178404301 0.966023386
vn -0.984332204 -0.0266008694 -0.174305692
vn -0.984352529 -0.0237012636 -0.174609318
vn -0.984266579 -0.0289990138 -0.174294084
vn -0.989992678 0.0740994588 -0.120099112
vn -0.97569716 0.0200999398 -0.218199357
vn -0.983931601 0.0852027312 -0.15690504
vn -0.755104542 -0.629603744 -0.182801083
vn -0.755500197 -0.629100144 -0.182900041
vn -0.756019592 -0.628416359 -0.183104753
vn 0.984500885 -0.167400151 0.0523000434
vn 0.985484779 -0.141097829 0.0943985507
vn 0.958752275 -0.24731347 0.140107632
vn 0.95765996 -0.0252989419 0.286788017
vn 0.954126418 -0.020400567 0.29870826
vn 0.967541635 0.000600025873 0.252710879
vn -0.141302228 0.0456007235 -0.988915682
vn -0.11399556 0.114495546 -0.986861527
vn -0.0638031363 0.0762037411 -0.995048821
vn 0.219099432 0.970197499 -0.103499733
vn 0.218099609 0.969198287 -0.114399791
vn 0.219310164 0.971144915 -0.0937043354
vn -0.369302243 0.468102843 -0.802804828
vn -0.358004004 0.485605448 -0.797508955
vn -0.359588176 0.481184185 -0.799473703
vn 0.986039639 -0.164306611 0.0270010866
vn 0.989551485 -0.143592954 0.0129993623
vn 0.990971327 -0.131096214 -0.0280991886
vn -0.713320136 0.693419635 -0.101702869
vn -0.549723923 0.659328699 -0.512922347
vn -0.521894634 0.823291481 -0.223197699
vn -0.0459991246 0.822784364 -0.566489279
vn -0.0586027056 0.823537946 -0.564225972
vn -0.0381983854 0.822365284 -0.567676127
vn 0.985059738 0.00869964529 0.171992972
vn 0.99689281 0.0601995625 0.0507996306
vn 0.987426639 0.107602909 0.115803123
vn 0.000399995479 0.155798241 -0.987788856
vn -0.0199007299 0.14290525 -0.989536285
vn -0.00409999816 0.175899923 -0.984399557
vn 0.38318938 0.0189994741 -0.923474431
vn 0.357593596 0.035999354 -0.933183253
vn 0.421019197 0.0428019539 -0.906041324
vn -0.48948133 -0.0245990623 -0.871666789
vn -0.488885611 -0.108496793 -0.865574479
vn -0.541177511 -0.0272988677 -0.840465069
vn -0.33351177 -0.0568020046 -0.941033185
vn -0.358193636 -0.0174996872 -0.933483362
vn -0.357521296 0.00960057229 -0.933855593
vn 0.897577703 -0.440789044 -0.00769980904
vn 0.897649467 -0.440624297 -0.00870047975
vn 0.897575617 -0.440788031 -0.00799978338
vn -0.95650202 0.083900176 0.279400587
vn -0.95952183 0.0945021436 0.265306026
vn -0.960873723 0.0898975432 0.261992812
vn -0.773287296 0.540191114 0.331994534
vn -0.772292495 0.541794777 0.331696779
vn -0.774715185 0.538010538 0.332206517
vn -0.964238763 0.0736029595 0.254610211
vn -0.952405632 0.00440002605 0.304801792
vn -0.961480975 0.0293994192 0.273294598
vn -0.953941762 -0.175207675 0.243510664
vn -0.930993617 0.173998803 0.320897818
vn -0.951972783 -0.187194631 0.242293075
vn 0.271987379 -0.483077556 0.832261324
vn 0.0785959363 -0.265686274 0.960850358
vn -0.190399215 -0.524897873 0.829596519
vn 0.535117209 -0.181605861 0.825026572
vn 0.609597921 -0.0183999371 0.792497277
vn 0.547508419 -0.0741011426 0.833512843
vn 0.999520659 -0.00190003938 0.0309006386
vn 0.99753499 -0.0629022121 0.031101089
vn 0.983166873 0.0901969597 0.158894628
vn 0.417882472 0.815565765 0.400283188
vn 0.412293702 0.825987399 0.384394169
vn 0.45508635 0.802775919 0.385288447
vn -0.996665537 0.05529809 0.0599979237
vn -0.990232348 0.135704443 -0.0320010483
vn -0.99799037 0.0439995714 0.0455995612
vn -0.996228099 0.073702082 0.0458012894
vn -0.993410647 0.0974010453 0.0604006499
vn -0.989708304 0.131301105 -0.0569004752
vn -0.888122857 0.405310392 -0.216705576
vn -0.915709734 0.392704159 -0.0852008983
vn -0.879516184 0.451708347 -0.149702758
vn -0.000300013839 0.0671030954 -0.997745931
vn -0.00439985283 0.061997924 -0.998066604
vn -0.011400451 0.0706027895 -0.997439384
vn -0.0132999085 -0.0208998565 -0.999693155
vn 0.0176993739 -0.0188993309 -0.999664664
vn 0.0283990484 0.0381987207 -0.998866558
vn 0.594296575 -0.465697348 0.655696273
vn 0.54640317 -0.472802728 0.691303968
vn 0.614508271 -0.448806047 0.648808777
vn 0.906832993 0.0200007278 0.421015322
vn 0.907722712 0.280407012 0.312107801
vn 0.899540842 0.125505686 0.418418974
vn -0.0821005702 -0.0208001453 -0.996406972
vn -0.0688995942 -0.0213998742 -0.997394085
vn -0.0735978633 -0.0207993947 -0.997071028
vn -0.075796634 -0.0230989736 -0.996855736
vn -0.892218113 -0.406708241 0.196303993
vn -0.885190129 -0.430695206 0.17589803
vn -0.907638669 -0.395216852 0.141406015
vn -0.888229549 -0.424014121 0.176805884
vn -0.811200082 0.292600036 0.506300032
vn -0.739774048 0.461883813 0.489282876
vn -0.773697138 0.480098248 0.413398474
vn -0.790719032 0.525212646 0.314507574
vn -0.996108115 0.0668005422 -0.0575004667
vn -0.997804463 0.0655002892 0.00980004389
vn -0.994034827 0.108903818 -0.00590020698
vn -0.993869543 0.110396616 0.00599981612
vn -0.0346005373 0.458707094 0.887913704
vn -0.0786989033 0.434993953 0.896987557
vn -0.0587002933 0.447202265 0.892504513
vn -0.0713991672 0.390595436 0.91778928
vn 0.994579196 -0.0805983171 0.0656986237
vn 0.999635816 0.0237008501 -0.0129004633
vn 0.996122301 0.0271006078 0.0837018713
vn 0.996220052 0.0426008552 0.0757015198
vn -0.993540823 0.00400016457 0.113404654
vn -0.986339569 0.032401301 0.161506489
vn -0.98899734 0.090399757 0.11709968
vn -0.987310052 0.0552005619 0.148901522
vn -0.567895651 0.822493732 0.0315997563
vn -0.509102285 0.860703766 -0.00200000871
vn -0.554813206 0.828319788 0.0779018626
vn -0.589686811 0.807581961 -0.00899979845
vn 0.0130999424 -0.0321998596 -0.999395609
vn 0.0105004543 0.00180007797 -0.999943256
vn 0.0287994519 -0.00289994502 -0.999581039
vn 0.0296995379 -0.0121998098 -0.99948442
vn -0.197899044 -0.021099899 -0.97999531
vn -0.17500633 -0.00790028553 -0.984535635
vn -0.160896778 -0.0133997323 -0.986880302
vn -0.191092193 -0.00489979982 -0.981559873
vn -0.917406499 -0.381002694 -0.114900813
vn -0.941995859 -0.324098587 -0.0871996209
vn -0.923168838 -0.383487046 -0.0263991095
vn -0.936696291 -0.349298596 0.0242999047
vn -0.951910019 -0.302103162 0.0510005355
vn 0.986099124 0.147499859 0.0764999315
vn 0.982131362 0.0750023946 0.1726055
vn 0.999092937 -0.0114999181 0.0409997106
vn 0.98303026 0.133604109 0.125703871
vn -0.986156225 -0.0506028831 0.157909006
vn -0.983294129 -0.106799357 0.147399127
vn -0.981467307 -0.145595148 0.124595851
vn -0.98495549 -0.159292787 0.0669969767
vn 0.981399894 -0.189599991 -0.0300999954
vn 0.991354644 -0.073196657 -0.108895026
vn 0.982362211 -0.156393975 -0.102496058
vn 0.973778069 -0.214395165 -0.0760982856
vn 0.994641542 0.0887037069 0.0531022176
vn 0.998280048 0.00919981673 0.0578988418
vn 0.994464099 0.0672975704 0.0806970894
vn 0.995108068 0.0307002477 0.0939007625
vn 0.990948856 0.0967047662 -0.093104586
vn 0.996264994 -0.0506982207 -0.0698975474
vn 0.996788502 -0.0239997227 -0.0763991177
vn 0.990105808 0.0848004967 -0.111800656
vn -0.00619976223 -0.00619976223 -0.999961615
vn -0.00979996007 -0.010599955 -0.999895811
vn 0.00579988165 0.00269994512 -0.999979615
vn 0.000399999932 0.000199999966 -0.999999881
vn 0.981298447 -0.0944998488 0.167699724
vn 0.990778565 -0.0309993271 0.131897137
vn 0.991634727 -0.0523018315 0.118004136
vn 0.995190382 -0.0395996198 0.0895991325
vn -0.995682359 -0.0532990545 -0.075998649
vn -0.994841874 -0.00260010967 -0.101404279
vn -0.99272126 -0.102702208 -0.0629013479
vn -0.995072782 -0.092497468 -0.0356990211
vn 0.212406024 0.947526872 -0.238906786
vn 0.33369571 0.920188129 -0.204697356
vn 0.253008634 0.893330455 -0.371412665
vn 0.220298365 0.944293022 -0.244498193
vn 0.999990582 -0.000599994382 0.00429995963
vn 0.999892473 -0.0109999171 0.00969992764
vn 0.998927176 -0.0455012359 -0.00860023405
vn 0.998816013 -0.0268004294 -0.0406006537
vn 0.693028212 0.580023587 0.428117424
vn 0.722279787 0.552884579 0.415488362
vn 0.725549757 0.553461671 0.408971697
vn 0.635599434 0.724599421 0.266399801
vn -0.0185003709 0.00420008413 -0.999820054
vn -0.0374983214 0.00909959245 -0.99925524
vn -0.0137997875 0.0154997613 -0.999784648
vn -0.0494024009 0.00780037837 -0.998748541
vn 0.996549606 -0.0782038867 -0.0278013833
vn 0.98974669 -0.0714033619 0.123705834
vn 0.993550003 0.000499974878 0.11339429
vn 0.993461728 -0.0743971318 0.0865966678
vn -0.989708304 0.131301105 -0.0569004752
vn -0.996124566 0.0856021196 -0.0202004965
vn -0.995483875 0.0877985805 0.0360994153
vn -0.996228099 0.073702082 0.0458012894
vn -0.366291612 0.930478692 -0.00629985565
vn -0.55517906 0.829768717 0.0570978522
vn -0.544272721 0.834458113 0.0862956718
vn -0.586598396 0.780597866 0.215799406
vn -0.585668266 0.771458209 0.248686522
vn -0.7797122 -0.58100909 0.233403653
vn -0.773713768 -0.580910325 0.252804488
vn -0.784002185 -0.574801624 0.234400675
vn -0.779431462 -0.581423461 0.233309418
vn -0.0929965973 -0.00239991234 -0.995663583
vn -0.0774989128 0.00359994941 -0.996985972
vn -0.053902477 0.000800036767 -0.998545885
vn -0.0454997271 -0.0610996298 -0.997094035
vn -0.977921426 0.0167003665 -0.208304554
vn -0.987250805 0.0374981351 -0.154692292
vn -0.995144784 -0.0576025918 -0.0798035935
vn -0.992227733 0.0152004249 -0.123503447
vn 0.981912017 -0.187502295 0.0263003223
vn 0.996398211 -0.0839998499 -0.0115999784
vn 0.996395886 -0.0839996487 -0.0117999511
vn 0.985788286 -0.152298182 -0.0708991587
vn -0.0821963549 0.106995255 -0.990856051
vn -0.186893761 0.100096665 -0.977267385
vn -0.12200655 0.0768041238 -0.989553094
vn -0.11809729 0.111897431 -0.986677289
vn -0.100996114 0.102796033 -0.989561856
vn 0.986932933 -0.13200441 0.092403084
vn 0.99902451 -0.0164004024 0.041001007
vn 0.993902802 -0.0795002207 0.0764002129
vn 0.985511839 -0.0117001403 0.169202045
vn -0.718969107 -0.664371431 0.204191238
vn -0.660282433 -0.735080361 0.153895885
vn -0.702795565 -0.664195836 0.254798412
vn -0.692473412 -0.700073123 0.174293309
vn 0.0236995388 0.0711986125 -0.997180581
vn 0.0358982533 0.0811960474 -0.99605149
vn 0.0293984935 0.0694964379 -0.997148931
vn 0.0211006273 0.0670019984 -0.997529685
vn 0.995953202 -0.047497768 -0.0762964189
vn 0.994485557 -0.0592991412 -0.0864987373
vn 0.992687106 -0.0429994464 -0.112798534
vn 0.992678881 -0.0283993967 -0.117397502
vn 0.999604762 0.00880004186 0.026700126
vn 0.989057481 -0.00329985819 0.147493646
vn 0.997538805 0.00400015619 0.0700027272
vn 0.997294724 -0.0137999272 0.0721996129
vn -0.204402313 0.0414004661 -0.978011012
vn -0.201390281 0.040998023 -0.978652716
vn -0.188997641 0.0367995426 -0.981287777
vn -0.202499211 0.0274998937 -0.978896201
vn -0.9973526 0.0605971217 -0.0401980877
vn -0.989876688 0.135696813 -0.0415990204
vn -0.993207633 0.115000889 -0.0177001357
vn -0.996747613 0.079803817 0.0112005351
vn -0.337714851 -0.739332497 -0.582525551
vn -0.340993345 -0.736985624 -0.5835886
vn -0.366804272 -0.766008914 -0.527906179
vn -0.414006203 -0.703210473 -0.578008652
vn -0.504177928 -0.84876287 0.159393027
vn -0.55177635 -0.826164603 0.113995112
vn -0.578511477 -0.802915931 0.14370285
vn -0.503896296 -0.852293789 0.140298992
vn -0.746599793 0.659999847 -0.0835999772
vn -0.699880242 0.712479889 -0.0503985807
vn -0.793597698 0.582098305 0.177099481
vn -0.6869151 0.687315106 0.236105189
vn 0.981382132 -0.0650988147 -0.180696711
vn 0.986440361 0.00610024901 -0.16400671
vn 0.977847576 -0.131806403 -0.162607908
vn 0.980356634 -0.0884051099 -0.176310182
vn 0.494994611 0.863990545 -0.0921989977
vn 0.453800172 0.846300364 -0.279000133
vn 0.442714602 0.88162905 -0.163505375
vn 0.438881457 0.87666297 -0.197091669
g MESH_VRKS_Straight_A_Submesh0
f 1/1/1 2/2/2 3/3/3
f 4/4/4 5/5/5 6/6/6
f 7/7/7 8/8/8 9/9/9
f 10/10/10 11/11/11 12/12/12
f 13/13/13 14/14/14 15/15/15
f 16/16/16 17/17/17 18/18/18
f 19/19/19 20/20/20 21/21/21
f 22/22/22 23/23/23 24/24/24
f 25/25/25 26/26/26 27/27/27
f 28/28/28 29/29/29 30/30/30
f 31/31/31 32/32/32 33/33/33
f 34/34/34 35/35/35 36/36/36
f 37/37/37 38/38/38 39/39/39
f 40/40/40 41/41/41 42/42/42
f 43/43/43 44/44/44 45/45/45
f 46/46/46 47/47/47 48/48/48
f 49/49/49 50/50/50 51/51/51
f 52/52/52 53/53/53 54/54/54
f 55/55/55 56/56/56 57/57/57
f 58/58/58 59/59/59 60/60/60
f 61/61/61 62/62/62 63/63/63
f 64/64/64 65/65/65 61/61/61
f 66/66/66 67/67/67 68/68/68
f 69/69/69 70/70/70 71/71/71
f 72/72/72 73/73/73 70/70/70
f 74/74/74 75/75/75 76/76/76
f 77/77/77 78/78/78 79/79/79
f 80/80/80 81/81/81 77/77/77
f 82/82/82 83/83/83 84/84/84
f 85/85/85 86/86/86 87/87/87
f 88/88/88 89/89/89 90/90/90
f 91/91/91 92/92/92 93/93/93
f 94/94/94 95/95/95 96/96/96
f 97/97/97 98/98/98 99/99/99
f 100/100/100 101/101/101 102/102/102
f 103/103/103 104/104/104 105/105/105
f 106/106/106 107/107/107 108/108/108
f 109/109/109 110/110/110 111/111/111
f 112/112/112 113/113/113 114/114/114
f 115/115/115 116/116/116 117/117/117
f 118/118/118 119/119/119 120/120/120
f 121/121/121 122/122/122 123/123/123
f 124/124/124 125/125/125 126/126/126
f 127/127/127 128/128/128 129/129/129
f 130/130/130 127/127/127 131/131/131
f 130/130/130 131/131/131 132/132/132
f 133/133/133 134/134/134 135/135/135
f 136/136/136 137/137/137 138/138/138
f 139/139/139 140/140/140 141/141/141
f 142/142/142 143/143/143 144/144/144
f 145/145/145 146/146/146 147/147/147
f 148/148/148 149/149/149 147/147/147
f 147/147/147 150/150/150 151/151/151
f 152/152/152 150/150/150 153/153/153
f 154/154/154 155/155/155 156/156/156
f 157/157/157 158/158/158 159/159/159
f 160/160/160 161/161/161 162/162/162
f 163/163/163 164/164/164 165/165/165
f 166/166/166 167/167/167 168/168/168
f 169/169/169 170/170/170 171/171/171
f 172/172/172 173/173/173 174/174/174
f 175/175/175 176/176/176 177/177/177
f 178/178/178 179/179/179 180/180/180
f 181/181/181 182/182/182 183/183/183
f 184/184/184 185/185/185 186/186/186
f 187/187/187 188/188/188 189/189/189
f 190/190/190 191/191/191 192/192/192
f 193/193/193 194/194/194 195/195/195
f 196/196/196 197/197/197 198/198/198
f 199/199/199 200/200/200 201/201/201
f 202/202/202 199/199/199 203/203/203
f 204/204/204 205/205/205 206/206/206
f 207/207/207 208/208/208 209/209/209
f 210/210/210 211/211/211 212/212/212
f 213/213/213 214/214/214 215/215/215
f 216/216/216 217/217/217 218/218/218
f 219/219/219 220/220/220 221/221/221
f 222/222/222 223/223/223 224/224/224
f 225/225/225 226/226/226 227/227/227
f 228/228/228 229/229/229 230/230/230
f 231/231/231 232/232/232 233/233/233
f 231/231/231 234/234/234 235/235/235
f 236/236/236 237/237/237 238/238/238
f 239/239/239 240/240/240 241/241/241
f 242/242/242 243/243/243 244/244/244
f 245/245/245 246/246/246 247/247/247
f 248/248/248 249/249/249 250/250/250
f 251/251/251 252/252/252 253/253/253
f 254/254/254 255/255/255 256/256/256
f 257/257/257 258/258/258 259/259/259
f 260/260/260 261/261/261 262/262/262
f 263/263/263 264/264/264 265/265/265
f 266/266/266 265/265/265 267/267/267
f 268/268/268 269/269/269 270/270/270
f 271/271/271 272/272/272 273/273/273
f 274/274/274 275/275/275 276/276/276
f 277/277/277 278/278/278 279/279/279
f 280/280/280 281/281/281 282/282/282
f 283/283/283 284/284/284 285/285/285
f 286/286/286 287/287/287 288/288/288
f 289/289/289 290/290/290 291/291/291
f 292/292/292 293/293/293 294/294/294
f 295/295/295 296/296/296 297/297/297
f 298/298/298 299/299/299 300/300/300
f 301/301/301 302/302/302 303/303/303
f 304/304/304 305/305/305 306/306/306
f 307/307/307 308/308/308 309/309/309
f 310/310/310 311/311/311 312/312/312
f 313/313/313 314/314/314 315/315/315
f 316/316/316 315/315/315 317/317/317
f 318/318/318 319/319/319 320/320/320
f 321/321/321 322/322/322 323/323/323
f 324/324/324 325/325/325 326/326/326
f 327/327/327 328/328/328 329/329/329
f 330/330/330 331/331/331 332/332/332
f 333/333/333 334/334/334 335/335/335
f 336/336/336 337/337/337 338/338/338
f 339/339/339 340/340/340 341/341/341
f 342/342/342 343/343/343 344/344/344
f 345/345/345 346/346/346 347/347/347
f 348/348/348 349/349/349 350/350/350
f 351/351/351 352/352/352 353/353/353
f 354/354/354 355/355/355 356/356/356
f 357/357/357 358/358/358 359/359/359
f 360/360/360 361/361/361 362/362/362
f 363/363/363 364/364/364 365/365/365
f 366/366/366 367/367/367 368/368/368
f 369/369/369 370/370/370 371/371/371
f 372/372/372 373/373/373 374/374/374
f 375/375/375 376/376/376 377/377/377
f 378/378/378 379/379/379 380/380/380
f 381/381/381 382/382/382 383/383/383
f 384/384/384 385/385/385 386/386/386
f 387/387/387 388/388/388 389/389/389
f 390/390/390 391/391/391 392/392/392
f 393/393/393 394/394/394 395/395/395
f 396/396/396 397/397/397 398/398/398
f 399/399/399 400/400/400 401/401/401
f 402/402/402 403/403/403 404/404/404
f 405/405/405 406/406/406 407/407/407
f 408/408/408 409/409/409 410/410/410
f 411/411/411 412/412/412 413/413/413
f 414/414/414 415/415/415 416/416/416
f 417/417/417 418/418/418 419/419/419
f 420/420/420 421/421/421 422/422/422
f 423/423/423 424/424/424 425/425/425
f 426/426/426 427/427/427 428/428/428
f 429/429/429 430/430/430 431/431/431
f 432/432/432 433/433/433 434/434/434
f 435/435/435 436/436/436 437/437/437
f 438/438/438 439/439/439 440/440/440
f 441/441/441 442/442/442 443/443/443
f 444/444/444 443/443/443 445/445/445
f 446/446/446 447/447/447 448/448/448
f 449/449/449 450/450/450 451/451/451
f 452/452/452 453/453/453 454/454/454
f 455/455/455 456/456/456 457/457/457
f 458/458/458 459/459/459 460/460/460
f 461/461/461 462/462/462 463/463/463
f 464/464/464 465/465/465 466/466/466
f 467/467/467 468/468/468 469/469/469
f 470/470/470 471/471/471 472/472/472
f 473/473/473 474/474/474 475/475/475
f 476/476/476 477/477/477 478/478/478
f 479/479/479 480/480/480 481/481/481
f 482/482/482 483/483/483 484/484/484
f 485/485/485 486/486/486 487/487/487
f 488/488/488 489/489/489 490/490/490
f 491/491/491 492/492/492 493/493/493
f 494/494/494 495/495/495 496/496/496
f 497/497/497 498/498/498 499/499/499
f 500/500/500 501/501/501 502/502/502
f 503/503/503 504/504/504 505/505/505
f 506/506/506 507/507/507 508/508/508
f 509/509/509 510/510/510 511/511/511
f 512/512/512 513/513/513 514/514/514
f 515/515/515 516/516/516 517/517/517
f 518/518/518 519/519/519 520/520/520
f 519/519/519 521/521/521 522/522/522
f 519/519/519 522/522/522 523/523/523
f 524/524/524 525/525/525 526/526/526
f 527/527/527 528/528/528 529/529/529
f 530/530/530 531/531/531 532/532/532
f 533/533/533 534/534/534 535/535/535
f 536/536/536 537/537/537 538/538/538
f 539/539/539 540/540/540 541/541/541
f 542/542/542 543/543/543 544/544/544
f 545/545/545 546/546/546 547/547/547
f 548/548/548 549/549/549 550/550/550
f 551/551/551 552/552/552 553/553/553
f 554/554/554 555/555/555 556/556/556
f 557/557/557 558/558/558 559/559/559
f 560/560/560 561/561/561 562/562/562
f 563/563/563 564/564/564 565/565/565
f 566/566/566 567/567/567 568/568/568
f 569/569/569 570/570/570 571/571/571
f 572/572/572 573/573/573 574/574/574
f 575/575/575 576/576/576 577/577/577
f 578/578/578 579/579/579 580/580/580
f 581/581/581 582/582/582 583/583/583
f 584/584/584 585/585/585 586/586/586
f 587/587/587 588/588/588 589/589/589
f 590/590/590 591/591/591 592/592/592
f 593/593/593 594/594/594 595/595/595
f 596/596/596 597/597/597 598/598/598
f 599/599/599 600/600/600 597/597/597
f 601/601/601 602/602/602 603/603/603
f 604/604/604 605/605/605 606/606/606
f 607/607/607 605/605/605 608/608/608
f 609/609/609 610/610/610 611/611/611
f 612/612/612 613/613/613 614/614/614
f 615/615/615 616/616/616 617/617/617
f 618/618/618 619/619/619 620/620/620
f 621/621/621 622/622/622 623/623/623
f 624/624/624 625/625/625 626/626/626
f 627/627/627 628/628/628 629/629/629
f 630/630/630 631/631/631 632/632/632
f 633/633/633 634/634/634 635/635/635
f 634/634/634 636/636/636 637/637/637
f 638/638/638 639/639/639 640/640/640
f 641/641/641 642/642/642 643/643/643
f 644/644/644 645/645/645 646/646/646
f 647/647/647 648/648/648 649/649/649
f 650/650/650 651/651/651 652/652/652
f 653/653/653 654/654/654 655/655/655
f 656/656/656 657/657/657 658/658/658
f 659/659/659 660/660/660 661/661/661
f 662/662/662 663/663/663 664/664/664
f 665/665/665 666/666/666 667/667/667
f 668/668/668 669/669/669 670/670/670
f 671/671/671 672/672/672 673/673/673
f 674/674/674 675/675/675 676/676/676
f 677/677/677 678/678/678 679/679/679
f 680/680/680 681/681/681 682/682/682
f 683/683/683 684/684/684 685/685/685
f 686/686/686 687/687/687 688/688/688
f 689/689/689 690/690/690 691/691/691
f 692/692/692 693/693/693 694/694/694
f 695/695/695 696/696/696 697/697/697
f 698/698/698 699/699/699 700/700/700
f 701/701/701 702/702/702 703/703/703
f 704/704/704 705/705/705 706/706/706
f 707/707/707 708/708/708 709/709/709
f 710/710/710 711/711/711 712/712/712
f 713/713/713 714/714/714 715/715/715
f 716/716/716 717/717/717 718/718/718
f 719/719/719 720/720/720 721/721/721
f 722/722/722 723/723/723 724/724/724
f 725/725/725 726/726/726 727/727/727
f 728/728/728 729/729/729 730/730/730
f 731/731/731 732/732/732 733/733/733
f 734/734/734 735/735/735 736/736/736
f 737/737/737 738/738/738 739/739/739
f 740/740/740 739/739/739 741/741/741
f 742/742/742 743/743/743 744/744/744
f 745/745/745 746/746/746 744/744/744
f 747/747/747 746/746/746 748/748/748
f 747/747/747 749/749/749 750/750/750
f 751/751/751 752/752/752 753/753/753
f 754/754/754 755/755/755 756/756/756
f 757/757/757 758/758/758 759/759/759
f 760/760/760 761/761/761 762/762/762
f 763/763/763 764/764/764 765/765/765
f 766/766/766 767/767/767 768/768/768
f 769/769/769 770/770/770 771/771/771
f 772/772/772 773/773/773 774/774/774
f 775/775/775 776/776/776 777/777/777
f 778/778/778 779/779/779 780/780/780
f 781/781/781 782/782/782 783/783/783
f 784/784/784 785/785/785 786/786/786
f 784/784/784 787/787/787 788/788/788
f 789/789/789 790/790/790 791/791/791
f 792/792/792 793/793/793 794/794/794
f 795/795/795 796/796/796 797/797/797
f 798/798/798 799/799/799 800/800/800
f 801/801/801 802/802/802 803/803/803
f 804/804/804 805/805/805 806/806/806
f 807/807/807 808/808/808 809/809/809
f 810/810/810 811/811/811 812/812/812
f 813/813/813 814/814/814 815/815/815
f 816/816/816 817/817/817 818/818/818
f 819/819/819 820/820/820 821/821/821
f 822/822/822 823/823/823 824/824/824
f 825/825/825 826/826/826 827/827/827
f 828/828/828 829/829/829 830/830/830
f 831/831/831 832/832/832 833/833/833
f 834/834/834 835/835/835 836/836/836
f 837/837/837 838/838/838 839/839/839
f 840/840/840 841/841/841 842/842/842
f 843/843/843 844/844/844 845/845/845
f 846/846/846 847/847/847 848/848/848
f 849/849/849 850/850/850 851/851/851
f 849/849/849 852/852/852 853/853/853
f 854/854/854 855/855/855 856/856/856
f 857/857/857 858/858/858 859/859/859
f 860/860/860 861/861/861 862/862/862
f 863/863/863 864/864/864 865/865/865
f 866/866/866 867/867/867 868/868/868
f 869/869/869 870/870/870 871/871/871
f 872/872/872 873/873/873 874/874/874
f 875/875/875 876/876/876 877/877/877
f 878/878/878 879/879/879 880/880/880
f 881/881/881 882/882/882 883/883/883
f 884/884/884 885/885/885 886/886/886
f 887/887/887 888/888/888 889/889/889
f 890/890/890 891/891/891 892/892/892
f 893/893/893 894/894/894 895/895/895
f 896/896/896 897/897/897 898/898/898
f 899/899/899 900/900/900 901/901/901
f 902/902/902 903/903/903 904/904/904
f 902/902/902 905/905/905 906/906/906
f 907/907/907 908/908/908 909/909/909
f 910/910/910 911/911/911 912/912/912
f 913/913/913 914/914/914 915/915/915
f 916/916/916 917/917/917 918/918/918
f 919/919/919 920/920/920 921/921/921
f 922/922/922 923/923/923 924/924/924
f 925/925/925 926/926/926 927/927/927
f 928/928/928 929/929/929 930/930/930
f 931/931/931 932/932/932 933/933/933
f 934/934/934 935/935/935 936/936/936
f 937/937/937 938/938/938 939/939/939
f 940/940/940 941/941/941 942/942/942
f 943/943/943 944/944/944 945/945/945
f 946/946/946 947/947/947 948/948/948
f 949/949/949 950/950/950 951/951/951
f 952/952/952 953/953/953 954/954/954
f 955/955/955 956/956/956 957/957/957
f 958/958/958 959/959/959 960/960/960
f 961/961/961 962/962/962 963/963/963
f 964/964/964 965/965/965 966/966/966
f 967/967/967 968/968/968 969/969/969
f 970/970/970 971/971/971 972/972/972
f 973/973/973 974/974/974 975/975/975
f 976/976/976 977/977/977 978/978/978
f 979/979/979 980/980/980 981/981/981
f 982/982/982 983/983/983 984/984/984
f 985/985/985 986/986/986 987/987/987
f 988/988/988 989/989/989 990/990/990
f 991/991/991 992/992/992 993/993/993
f 994/994/994 995/995/995 996/996/996
f 997/997/997 998/998/998 999/999/999
f 1000/1000/1000 1001/1001/1001 1002/1002/1002
f 1003/1003/1003 1004/1004/1004 1005/1005/1005
f 1006/1006/1006 1007/1007/1007 1008/1008/1008
f 1009/1009/1009 1010/1010/1010 1011/1011/1011
f 1012/1012/1012 1013/1013/1013 1014/1014/1014
f 1015/1015/1015 1016/1016/1016 1017/1017/1017
f 1018/1018/1018 1019/1019/1019 1020/1020/1020
f 1021/1021/1021 1022/1022/1022 1023/1023/1023
f 1024/1024/1024 1025/1025/1025 1026/1026/1026
f 1027/1027/1027 1028/1028/1028 1029/1029/1029
f 1030/1030/1030 1031/1031/1031 1032/1032/1032
f 1033/1033/1033 1034/1034/1034 1035/1035/1035
f 1036/1036/1036 1037/1037/1037 1038/1038/1038
f 1039/1039/1039 1040/1040/1040 1041/1041/1041
f 1042/1042/1042 1043/1043/1043 1044/1044/1044
f 1045/1045/1045 1046/1046/1046 1047/1047/1047
f 1048/1048/1048 1049/1049/1049 1050/1050/1050
f 1051/1051/1051 1052/1052/1052 1053/1053/1053
f 1054/1054/1054 1055/1055/1055 1056/1056/1056
f 1057/1057/1057 1058/1058/1058 1059/1059/1059
f 1060/1060/1060 1061/1061/1061 1062/1062/1062
f 1063/1063/1063 1064/1064/1064 1065/1065/1065
f 1066/1066/1066 1067/1067/1067 1068/1068/1068
f 1069/1069/1069 1070/1070/1070 1071/1071/1071
f 1072/1072/1072 1073/1073/1073 1074/1074/1074
f 1075/1075/1075 1076/1076/1076 1077/1077/1077
f 1078/1078/1078 1079/1079/1079 1080/1080/1080
f 1081/1081/1081 1082/1082/1082 1083/1083/1083
f 1084/1084/1084 1085/1085/1085 1086/1086/1086
f 1087/1087/1087 1088/1088/1088 1089/1089/1089
f 1090/1090/1090 1091/1091/1091 1092/1092/1092
f 1093/1093/1093 1094/1094/1094 1095/1095/1095
f 1096/1096/1096 1097/1097/1097 1098/1098/1098
f 1099/1099/1099 1100/1100/1100 1101/1101/1101
f 1102/1102/1102 1103/1103/1103 1104/1104/1104
f 1105/1105/1105 1106/1106/1106 1107/1107/1107
f 1108/1108/1108 1109/1109/1109 1110/1110/1110
f 1111/1111/1111 1112/1112/1112 1113/1113/1113
f 1114/1114/1114 1115/1115/1115 1116/1116/1116
f 1117/1117/1117 1118/1118/1118 1119/1119/1119
f 1120/1120/1120 1121/1121/1121 1122/1122/1122
f 1123/1123/1123 1124/1124/1124 1125/1125/1125
f 1126/1126/1126 1127/1127/1127 1128/1128/1128
f 1129/1129/1129 1130/1130/1130 1131/1131/1131
f 1132/1132/1132 1133/1133/1133 1134/1134/1134
f 1135/1135/1135 1136/1136/1136 1137/1137/1137
f 1138/1138/1138 1139/1139/1139 1140/1140/1140
f 1141/1141/1141 1142/1142/1142 1143/1143/1143
f 1144/1144/1144 1145/1145/1145 1146/1146/1146
f 1147/1147/1147 1148/1148/1148 1149/1149/1149
f 1150/1150/1150 1151/1151/1151 1152/1152/1152
f 1153/1153/1153 1154/1154/1154 1155/1155/1155
f 1156/1156/1156 1157/1157/1157 1158/1158/1158
f 1159/1159/1159 1160/1160/1160 1161/1161/1161
f 1162/1162/1162 1163/1163/1163 1164/1164/1164
f 1165/1165/1165 1166/1166/1166 1167/1167/1167
f 1168/1168/1168 1169/1169/1169 1170/1170/1170
f 1171/1171/1171 1172/1172/1172 1173/1173/1173
f 1174/1174/1174 1175/1175/1175 1176/1176/1176
f 1177/1177/1177 1178/1178/1178 1179/1179/1179
f 1180/1180/1180 1181/1181/1181 1182/1182/1182
f 1183/1183/1183 1184/1184/1184 1185/1185/1185
f 1186/1186/1186 1187/1187/1187 1188/1188/1188
f 1189/1189/1189 1190/1190/1190 1191/1191/1191
f 1192/1192/1192 1193/1193/1193 1194/1194/1194
f 1195/1195/1195 1192/1192/1192 1196/1196/1196
f 1197/1197/1197 1198/1198/1198 1199/1199/1199
f 1200/1200/1200 1201/1201/1201 1202/1202/1202
f 1203/1203/1203 1204/1204/1204 1205/1205/1205
f 1206/1206/1206 1207/1207/1207 1208/1208/1208
f 1209/1209/1209 1210/1210/1210 1211/1211/1211
f 1212/1212/1212 1213/1213/1213 1214/1214/1214
f 1215/1215/1215 1216/1216/1216 1217/1217/1217
f 1218/1218/1218 1219/1219/1219 1220/1220/1220
f 1221/1221/1221 1222/1222/1222 1223/1223/1223
f 1224/1224/1224 1225/1225/1225 1226/1226/1226
f 1227/1227/1227 1228/1228/1228 1229/1229/1229
f 1230/1230/1230 1231/1231/1231 1232/1232/1232
f 1233/1233/1233 1234/1234/1234 1235/1235/1235
f 1236/1236/1236 1237/1237/1237 1238/1238/1238
f 1239/1239/1239 1240/1240/1240 1241/1241/1241
f 1240/1240/1240 1242/1242/1242 1243/1243/1243
f 1244/1244/1244 1245/1245/1245 1246/1246/1246
f 1247/1247/1247 1248/1248/1248 1249/1249/1249
f 1249/1249/1249 1250/1250/1250 1251/1251/1251
f 1252/1252/1252 1253/1253/1253 1254/1254/1254
f 1255/1255/1255 1256/1256/1256 1257/1257/1257
f 1258/1258/1258 1259/1259/1259 1260/1260/1260
f 1261/1261/1261 1262/1262/1262 1263/1263/1263
f 1264/1264/1264 1265/1265/1265 1266/1266/1266
f 1267/1267/1267 1268/1268/1268 1269/1269/1269
f 1270/1270/1270 1271/1271/1271 1272/1272/1272
f 1273/1273/1273 1274/1274/1274 1275/1275/1275
f 1276/1276/1276 1277/1277/1277 1278/1278/1278
f 1279/1279/1279 1280/1280/1280 1281/1281/1281
f 1282/1282/1282 1283/1283/1283 1284/1284/1284
f 1285/1285/1285 1286/1286/1286 1287/1287/1287
f 1288/1288/1288 1289/1289/1289 1290/1290/1290
f 1291/1291/1291 1292/1292/1292 1293/1293/1293
f 1294/1294/1294 1295/1295/1295 1296/1296/1296
f 1297/1297/1297 1298/1298/1298 1294/1294/1294
f 1297/1297/1297 1294/1294/1294 1299/1299/1299
f 1300/1300/1300 1301/1301/1301 1302/1302/1302
f 1303/1303/1303 1304/1304/1304 1305/1305/1305
f 1306/1306/1306 1307/1307/1307 1308/1308/1308
f 1309/1309/1309 1310/1310/1310 1311/1311/1311
f 1312/1312/1312 1313/1313/1313 1314/1314/1314
f 1315/1315/1315 1314/1314/1314 1316/1316/1316
f 1317/1317/1317 1318/1318/1318 1319/1319/1319
f 1320/1320/1320 1321/1321/1321 1322/1322/1322
f 1323/1323/1323 1324/1324/1324 1325/1325/1325
f 1326/1326/1326 1327/1327/1327 1328/1328/1328
f 1329/1329/1329 1330/1330/1330 1331/1331/1331
f 1332/1332/1332 1333/1333/1333 1334/1334/1334
f 1335/1335/1335 1336/1336/1336 1337/1337/1337
f 1338/1338/1338 1339/1339/1339 1340/1340/1340
f 1341/1341/1341 1342/1342/1342 1343/1343/1343
f 1344/1344/1344 1345/1345/1345 1346/1346/1346
f 1347/1347/1347 1348/1348/1348 1349/1349/1349
f 1350/1350/1350 1351/1351/1351 1352/1352/1352
f 1353/1353/1353 1354/1354/1354 1355/1355/1355
f 1356/1356/1356 1357/1357/1357 1358/1358/1358
f 1359/1359/1359 1360/1360/1360 1361/1361/1361
f 1362/1362/1362 1363/1363/1363 1364/1364/1364
f 1365/1365/1365 1366/1366/1366 1367/1367/1367
f 1368/1368/1368 1369/1369/1369 1370/1370/1370
f 1371/1371/1371 1372/1372/1372 1373/1373/1373
f 1374/1374/1374 1375/1375/1375 1376/1376/1376
f 1377/1377/1377 1378/1378/1378 1379/1379/1379
f 1380/1380/1380 1381/1381/1381 1382/1382/1382
f 1383/1383/1383 1384/1384/1384 1385/1385/1385
f 1386/1386/1386 1387/1387/1387 1388/1388/1388
f 1389/1389/1389 1390/1390/1390 1391/1391/1391
f 1392/1392/1392 1393/1393/1393 1394/1394/1394
f 1395/1395/1395 1396/1396/1396 1397/1397/1397
f 1398/1398/1398 1399/1399/1399 1400/1400/1400
f 1401/1401/1401 1402/1402/1402 1403/1403/1403
f 1404/1404/1404 1405/1405/1405 1406/1406/1406
f 1407/1407/1407 1408/1408/1408 1409/1409/1409
f 1410/1410/1410 1411/1411/1411 1412/1412/1412
f 1413/1413/1413 1410/1410/1410 1414/1414/1414
f 1414/1414/1414 1415/1415/1415 1413/1413/1413
f 1416/1416/1416 1417/1417/1417 1418/1418/1418
f 1419/1419/1419 1420/1420/1420 1421/1421/1421
f 1422/1422/1422 1423/1423/1423 1424/1424/1424
f 1425/1425/1425 1426/1426/1426 1427/1427/1427
f 1428/1428/1428 1429/1429/1429 1430/1430/1430
f 1431/1431/1431 1432/1432/1432 1433/1433/1433
f 1434/1434/1434 1435/1435/1435 1436/1436/1436
f 1437/1437/1437 1438/1438/1438 1439/1439/1439
f 1440/1440/1440 1441/1441/1441 1442/1442/1442
f 1443/1443/1443 1444/1444/1444 1445/1445/1445
f 1446/1446/1446 1447/1447/1447 1448/1448/1448
f 1449/1449/1449 1450/1450/1450 1451/1451/1451
f 1452/1452/1452 1453/1453/1453 1454/1454/1454
f 1455/1455/1455 1456/1456/1456 1457/1457/1457
f 1458/1458/1458 1459/1459/1459 1460/1460/1460
f 1461/1461/1461 1462/1462/1462 1463/1463/1463
f 1464/1464/1464 1465/1465/1465 1466/1466/1466
f 1467/1467/1467 1468/1468/1468 1469/1469/1469
f 1470/1470/1470 1471/1471/1471 1472/1472/1472
f 1473/1473/1473 1474/1474/1474 1475/1475/1475
f 1476/1476/1476 1477/1477/1477 1478/1478/1478
f 1479/1479/1479 1480/1480/1480 1481/1481/1481
f 1482/1482/1482 1483/1483/1483 1484/1484/1484
f 1485/1485/1485 1486/1486/1486 1487/1487/1487
f 1488/1488/1488 1489/1489/1489 1490/1490/1490
f 1491/1491/1491 1492/1492/1492 1493/1493/1493
f 1494/1494/1494 1495/1495/1495 1496/1496/1496
f 1497/1497/1497 1498/1498/1498 1499/1499/1499
f 1500/1500/1500 1501/1501/1501 1502/1502/1502
f 1503/1503/1503 1504/1504/1504 1505/1505/1505
f 1506/1506/1506 1507/1507/1507 1508/1508/1508
f 1509/1509/1509 1510/1510/1510 1511/1511/1511
f 1512/1512/1512 1513/1513/1513 1514/1514/1514
f 1515/1515/1515 1516/1516/1516 1517/1517/1517
f 1518/1518/1518 1519/1519/1519 1520/1520/1520
f 1521/1521/1521 1522/1522/1522 1523/1523/1523
f 1524/1524/1524 1525/1525/1525 1526/1526/1526
f 1527/1527/1527 1528/1528/1528 1529/1529/1529
f 1530/1530/1530 1531/1531/1531 1532/1532/1532
f 1533/1533/1533 1534/1534/1534 1535/1535/1535
f 1536/1536/1536 1537/1537/1537 1538/1538/1538
f 1539/1539/1539 1540/1540/1540 1541/1541/1541
f 1542/1542/1542 1543/1543/1543 1544/1544/1544
f 1545/1545/1545 1546/1546/1546 1547/1547/1547
f 1548/1548/1548 1549/1549/1549 1550/1550/1550
f 1551/1551/1551 1552/1552/1552 1553/1553/1553
f 1554/1554/1554 1555/1555/1555 1556/1556/1556
f 1557/1557/1557 1558/1558/1558 1559/1559/1559
f 1560/1560/1560 1561/1561/1561 1562/1562/1562
f 1563/1563/1563 1564/1564/1564 1565/1565/1565
f 1566/1566/1566 1567/1567/1567 1568/1568/1568
f 1569/1569/1569 1570/1570/1570 1571/1571/1571
f 1572/1572/1572 1573/1573/1573 1574/1574/1574
f 1575/1575/1575 1576/1576/1576 1577/1577/1577
f 1578/1578/1578 1579/1579/1579 1580/1580/1580
f 1581/1581/1581 1582/1582/1582 1583/1583/1583
f 1584/1584/1584 1585/1585/1585 1586/1586/1586
f 1587/1587/1587 1588/1588/1588 1589/1589/1589
f 1590/1590/1590 1591/1591/1591 1592/1592/1592
f 1593/1593/1593 1594/1594/1594 1595/1595/1595
f 1596/1596/1596 1597/1597/1597 1598/1598/1598
f 1599/1599/1599 1600/1600/1600 1601/1601/1601
f 1602/1602/1602 1603/1603/1603 1604/1604/1604
f 1605/1605/1605 1606/1606/1606 1607/1607/1607
f 1608/1608/1608 1609/1609/1609 1610/1610/1610
f 1611/1611/1611 1612/1612/1612 1613/1613/1613
f 1614/1614/1614 1615/1615/1615 1616/1616/1616
f 1617/1617/1617 1618/1618/1618 1619/1619/1619
f 1620/1620/1620 1621/1621/1621 1622/1622/1622
f 1623/1623/1623 1624/1624/1624 1625/1625/1625
f 1626/1626/1626 1627/1627/1627 1628/1628/1628
f 1629/1629/1629 1630/1630/1630 1631/1631/1631
f 1632/1632/1632 1633/1633/1633 1634/1634/1634
f 1635/1635/1635 1636/1636/1636 1637/1637/1637
f 1638/1638/1638 1639/1639/1639 1640/1640/1640
f 1641/1641/1641 1642/1642/1642 1643/1643/1643
f 1644/1644/1644 1645/1645/1645 1646/1646/1646
f 1647/1647/1647 1648/1648/1648 1649/1649/1649
f 1650/1650/1650 1651/1651/1651 1652/1652/1652
f 1653/1653/1653 1654/1654/1654 1655/1655/1655
f 1656/1656/1656 1657/1657/1657 1658/1658/1658
f 1659/1659/1659 1660/1660/1660 1661/1661/1661
f 1662/1662/1662 1663/1663/1663 1664/1664/1664
f 1665/1665/1665 1666/1666/1666 1667/1667/1667
f 1668/1668/1668 1669/1669/1669 1670/1670/1670
f 1671/1671/1671 1672/1672/1672 1673/1673/1673
f 1674/1674/1674 1675/1675/1675 1676/1676/1676
f 1677/1677/1677 1678/1678/1678 1679/1679/1679
f 1680/1680/1680 1681/1681/1681 1682/1682/1682
f 1683/1683/1683 1684/1684/1684 1685/1685/1685
f 1686/1686/1686 1687/1687/1687 1688/1688/1688
f 1689/1689/1689 1690/1690/1690 1691/1691/1691
f 1692/1692/1692 1693/1693/1693 1694/1694/1694
f 1695/1695/1695 1696/1696/1696 1697/1697/1697
f 1698/1698/1698 1699/1699/1699 1700/1700/1700
f 1701/1701/1701 1702/1702/1702 1703/1703/1703
f 1704/1704/1704 1705/1705/1705 1706/1706/1706
f 1707/1707/1707 1708/1708/1708 1709/1709/1709
f 1710/1710/1710 1711/1711/1711 1712/1712/1712
f 1713/1713/1713 1714/1714/1714 1715/1715/1715
f 1716/1716/1716 1717/1717/1717 1718/1718/1718
f 1719/1719/1719 1720/1720/1720 1721/1721/1721
f 1722/1722/1722 1723/1723/1723 1724/1724/1724
f 1725/1725/1725 1726/1726/1726 1727/1727/1727
f 1728/1728/1728 1729/1729/1729 1730/1730/1730
f 1731/1731/1731 1732/1732/1732 1733/1733/1733
f 1734/1734/1734 1735/1735/1735 1736/1736/1736
f 1737/1737/1737 1738/1738/1738 1739/1739/1739
f 1740/1740/1740 1741/1741/1741 1742/1742/1742
f 1743/1743/1743 1744/1744/1744 1745/1745/1745
f 1746/1746/1746 1747/1747/1747 1748/1748/1748
f 1749/1749/1749 1750/1750/1750 1751/1751/1751
f 1752/1752/1752 1753/1753/1753 1754/1754/1754
f 1755/1755/1755 1756/1756/1756 1757/1757/1757
f 1758/1758/1758 1759/1759/1759 1760/1760/1760
f 1761/1761/1761 1762/1762/1762 1763/1763/1763
f 1764/1764/1764 1765/1765/1765 1766/1766/1766
f 1767/1767/1767 1768/1768/1768 1769/1769/1769
f 1770/1770/1770 1771/1771/1771 1772/1772/1772
f 1773/1773/1773 1774/1774/1774 1775/1775/1775
f 1776/1776/1776 1777/1777/1777 1778/1778/1778
f 1779/1779/1779 1780/1780/1780 1781/1781/1781
f 1782/1782/1782 1783/1783/1783 1784/1784/1784
f 1785/1785/1785 1786/1786/1786 1787/1787/1787
f 1788/1788/1788 1789/1789/1789 1790/1790/1790
f 1791/1791/1791 1792/1792/1792 1793/1793/1793
f 1794/1794/1794 1795/1795/1795 1796/1796/1796
f 1797/1797/1797 1798/1798/1798 1799/1799/1799
f 1800/1800/1800 1801/1801/1801 1802/1802/1802
f 1803/1803/1803 1804/1804/1804 1805/1805/1805
f 1806/1806/1806 1807/1807/1807 1808/1808/1808
f 1809/1809/1809 1810/1810/1810 1811/1811/1811
f 1812/1812/1812 1813/1813/1813 1814/1814/1814
f 1815/1815/1815 1816/1816/1816 1817/1817/1817
f 1818/1818/1818 1819/1819/1819 1820/1820/1820
f 1821/1821/1821 1822/1822/1822 1823/1823/1823
f 1824/1824/1824 1825/1825/1825 1826/1826/1826
f 1827/1827/1827 1828/1828/1828 1829/1829/1829
f 1830/1830/1830 1831/1831/1831 1832/1832/1832
f 1833/1833/1833 1834/1834/1834 1835/1835/1835
f 1836/1836/1836 1837/1837/1837 1838/1838/1838
f 1839/1839/1839 1840/1840/1840 1841/1841/1841
f 1842/1842/1842 1843/1843/1843 1844/1844/1844
f 1845/1845/1845 1846/1846/1846 1847/1847/1847
f 1848/1848/1848 1849/1849/1849 1850/1850/1850
f 1851/1851/1851 1852/1852/1852 1853/1853/1853
f 1854/1854/1854 1855/1855/1855 1856/1856/1856
f 1857/1857/1857 1858/1858/1858 1859/1859/1859
f 1860/1860/1860 1861/1861/1861 1862/1862/1862
f 1863/1863/1863 1864/1864/1864 1865/1865/1865
f 1866/1866/1866 1867/1867/1867 1868/1868/1868
f 1869/1869/1869 1870/1870/1870 1871/1871/1871
f 1872/1872/1872 1873/1873/1873 1874/1874/1874
f 1875/1875/1875 1876/1876/1876 1877/1877/1877
f 1878/1878/1878 1879/1879/1879 1880/1880/1880
f 1881/1881/1881 1882/1882/1882 1883/1883/1883
f 1884/1884/1884 1885/1885/1885 1886/1886/1886
f 1887/1887/1887 1888/1888/1888 1889/1889/1889
f 1890/1890/1890 1891/1891/1891 1892/1892/1892
f 1893/1893/1893 1894/1894/1894 1895/1895/1895
f 1896/1896/1896 1897/1897/1897 1898/1898/1898
f 1899/1899/1899 1900/1900/1900 1901/1901/1901
f 1902/1902/1902 1903/1903/1903 1904/1904/1904
f 1905/1905/1905 1906/1906/1906 1907/1907/1907
f 1908/1908/1908 1909/1909/1909 1910/1910/1910
f 1911/1911/1911 1912/1912/1912 1913/1913/1913
f 1914/1914/1914 1915/1915/1915 1916/1916/1916
f 1917/1917/1917 1918/1918/1918 1919/1919/1919
f 1920/1920/1920 1921/1921/1921 1922/1922/1922
f 1923/1923/1923 1924/1924/1924 1925/1925/1925
f 1926/1926/1926 1927/1927/1927 1928/1928/1928
f 1929/1929/1929 1930/1930/1930 1931/1931/1931
f 1932/1932/1932 1933/1933/1933 1934/1934/1934
f 1935/1935/1935 1936/1936/1936 1937/1937/1937
f 1938/1938/1938 1939/1939/1939 1940/1940/1940
f 1941/1941/1941 1942/1942/1942 1943/1943/1943
f 1944/1944/1944 1945/1945/1945 1946/1946/1946
f 1947/1947/1947 1948/1948/1948 1949/1949/1949
f 1950/1950/1950 1951/1951/1951 1952/1952/1952
f 1953/1953/1953 1954/1954/1954 1955/1955/1955
f 1956/1956/1956 1957/1957/1957 1958/1958/1958
f 1959/1959/1959 1960/1960/1960 1961/1961/1961
f 1962/1962/1962 1963/1963/1963 1964/1964/1964
f 1965/1965/1965 1966/1966/1966 1967/1967/1967
f 1968/1968/1968 1969/1969/1969 1970/1970/1970
f 1971/1971/1971 1972/1972/1972 1973/1973/1973
f 1974/1974/1974 1975/1975/1975 1976/1976/1976
f 1977/1977/1977 1978/1978/1978 1979/1979/1979
f 1980/1980/1980 1981/1981/1981 1982/1982/1982
f 1983/1983/1983 1984/1984/1984 1985/1985/1985
f 1986/1986/1986 1987/1987/1987 1988/1988/1988
f 1989/1989/1989 1990/1990/1990 1991/1991/1991
f 1992/1992/1992 1993/1993/1993 1994/1994/1994
f 1995/1995/1995 1996/1996/1996 1997/1997/1997
f 1998/1998/1998 1999/1999/1999 2000/2000/2000
f 2001/2001/2001 2002/2002/2002 2003/2003/2003
f 2004/2004/2004 2005/2005/2005 2006/2006/2006
f 2007/2007/2007 2008/2008/2008 2009/2009/2009
f 2010/2010/2010 2011/2011/2011 2012/2012/2012
f 2013/2013/2013 2014/2014/2014 2015/2015/2015
f 2016/2016/2016 2017/2017/2017 2018/2018/2018
f 2019/2019/2019 2020/2020/2020 2021/2021/2021
f 2022/2022/2022 2023/2023/2023 2024/2024/2024
f 2025/2025/2025 2026/2026/2026 2027/2027/2027
f 2028/2028/2028 2029/2029/2029 2030/2030/2030
f 2031/2031/2031 2032/2032/2032 2033/2033/2033
f 2034/2034/2034 2035/2035/2035 2036/2036/2036
f 2037/2037/2037 2038/2038/2038 2039/2039/2039
f 2040/2040/2040 2041/2041/2041 2042/2042/2042
f 2043/2043/2043 2044/2044/2044 2045/2045/2045
f 2046/2046/2046 2047/2047/2047 2048/2048/2048
f 2049/2049/2049 2050/2050/2050 2051/2051/2051
f 2052/2052/2052 2053/2053/2053 2054/2054/2054
f 2055/2055/2055 2056/2056/2056 2057/2057/2057
f 2058/2058/2058 2059/2059/2059 2060/2060/2060
f 2061/2061/2061 2062/2062/2062 2063/2063/2063
f 2064/2064/2064 2065/2065/2065 2066/2066/2066
f 2067/2067/2067 2068/2068/2068 2069/2069/2069
f 2070/2070/2070 2068/2068/2068 2071/2071/2071
f 2072/2072/2072 2073/2073/2073 2074/2074/2074
f 2075/2075/2075 2076/2076/2076 2077/2077/2077
f 2078/2078/2078 2079/2079/2079 2080/2080/2080
f 2081/2081/2081 2082/2082/2082 2083/2083/2083
f 2084/2084/2084 2085/2085/2085 2086/2086/2086
f 2087/2087/2087 2088/2088/2088 2089/2089/2089
f 2090/2090/2090 2091/2091/2091 2092/2092/2092
f 2093/2093/2093 2094/2094/2094 2095/2095/2095
f 2096/2096/2096 2097/2097/2097 2098/2098/2098
f 2099/2099/2099 2100/2100/2100 2101/2101/2101
f 2102/2102/2102 2103/2103/2103 2104/2104/2104
f 2105/2105/2105 2106/2106/2106 2107/2107/2107
f 2108/2108/2108 2109/2109/2109 2110/2110/2110
f 2111/2111/2111 2112/2112/2112 2113/2113/2113
f 2114/2114/2114 2115/2115/2115 2116/2116/2116
f 2117/2117/2117 2118/2118/2118 2119/2119/2119
f 2120/2120/2120 2121/2121/2121 2122/2122/2122
f 2123/2123/2123 2124/2124/2124 2125/2125/2125
f 2126/2126/2126 2127/2127/2127 2128/2128/2128
f 2129/2129/2129 2130/2130/2130 2131/2131/2131
f 2132/2132/2132 2133/2133/2133 2134/2134/2134
f 2135/2135/2135 2136/2136/2136 2137/2137/2137
f 2138/2138/2138 2139/2139/2139 2140/2140/2140
f 2141/2141/2141 2142/2142/2142 2143/2143/2143
f 2144/2144/2144 2145/2145/2145 2146/2146/2146
f 2147/2147/2147 2148/2148/2148 2149/2149/2149
f 2150/2150/2150 2151/2151/2151 2152/2152/2152
f 2153/2153/2153 2154/2154/2154 2155/2155/2155
f 2156/2156/2156 2157/2157/2157 2158/2158/2158
f 2159/2159/2159 2160/2160/2160 2161/2161/2161
f 2162/2162/2162 2163/2163/2163 2164/2164/2164
f 2165/2165/2165 2166/2166/2166 2167/2167/2167
f 2168/2168/2168 2169/2169/2169 2170/2170/2170
f 2171/2171/2171 2172/2172/2172 2173/2173/2173
f 2174/2174/2174 2175/2175/2175 2176/2176/2176
f 2177/2177/2177 2178/2178/2178 2179/2179/2179
f 2180/2180/2180 2181/2181/2181 2182/2182/2182
f 2183/2183/2183 2184/2184/2184 2185/2185/2185
f 2186/2186/2186 2187/2187/2187 2188/2188/2188
f 2189/2189/2189 2190/2190/2190 2191/2191/2191
f 2192/2192/2192 2193/2193/2193 2194/2194/2194
f 2195/2195/2195 2196/2196/2196 2197/2197/2197
f 2198/2198/2198 2199/2199/2199 2200/2200/2200
f 2201/2201/2201 2202/2202/2202 2203/2203/2203
f 2204/2204/2204 2205/2205/2205 2206/2206/2206
f 2207/2207/2207 2208/2208/2208 2209/2209/2209
f 2210/2210/2210 2211/2211/2211 2212/2212/2212
f 2213/2213/2213 2214/2214/2214 2215/2215/2215
f 2216/2216/2216 2217/2217/2217 2218/2218/2218
f 2219/2219/2219 2220/2220/2220 2221/2221/2221
f 2222/2222/2222 2223/2223/2223 2224/2224/2224
f 2225/2225/2225 2226/2226/2226 2227/2227/2227
f 2228/2228/2228 2229/2229/2229 2230/2230/2230
f 2231/2231/2231 2232/2232/2232 2233/2233/2233
f 2234/2234/2234 2235/2235/2235 2236/2236/2236
f 2237/2237/2237 2238/2238/2238 2239/2239/2239
f 2240/2240/2240 2241/2241/2241 2242/2242/2242
f 2243/2243/2243 2244/2244/2244 2245/2245/2245
f 2246/2246/2246 2247/2247/2247 2248/2248/2248
f 2249/2249/2249 2250/2250/2250 2251/2251/2251
f 2252/2252/2252 2253/2253/2253 2254/2254/2254
f 2255/2255/2255 2256/2256/2256 2257/2257/2257
f 2258/2258/2258 2259/2259/2259 2260/2260/2260
f 2261/2261/2261 2262/2262/2262 2263/2263/2263
f 2264/2264/2264 2265/2265/2265 2266/2266/2266
f 2267/2267/2267 2268/2268/2268 2269/2269/2269
f 2270/2270/2270 2271/2271/2271 2272/2272/2272
f 2273/2273/2273 2274/2274/2274 2275/2275/2275
f 2276/2276/2276 2277/2277/2277 2278/2278/2278
f 2279/2279/2279 2280/2280/2280 2281/2281/2281
f 2282/2282/2282 2283/2283/2283 2284/2284/2284
f 2285/2285/2285 2286/2286/2286 2287/2287/2287
f 2288/2288/2288 2289/2289/2289 2290/2290/2290
f 2291/2291/2291 2292/2292/2292 2293/2293/2293
f 2294/2294/2294 2295/2295/2295 2296/2296/2296
f 2297/2297/2297 2298/2298/2298 2299/2299/2299
f 2300/2300/2300 2301/2301/2301 2302/2302/2302
f 2303/2303/2303 2304/2304/2304 2305/2305/2305
f 2306/2306/2306 2307/2307/2307 2308/2308/2308
f 2309/2309/2309 2310/2310/2310 2311/2311/2311
f 2312/2312/2312 2313/2313/2313 2314/2314/2314
f 2315/2315/2315 2316/2316/2316 2317/2317/2317
f 2318/2318/2318 2319/2319/2319 2320/2320/2320
f 2321/2321/2321 2322/2322/2322 2323/2323/2323
f 2324/2324/2324 2325/2325/2325 2326/2326/2326
f 2327/2327/2327 2328/2328/2328 2329/2329/2329
f 2330/2330/2330 2331/2331/2331 2332/2332/2332
f 2333/2333/2333 2334/2334/2334 2335/2335/2335
f 2336/2336/2336 2337/2337/2337 2338/2338/2338
f 2339/2339/2339 2340/2340/2340 2341/2341/2341
f 2342/2342/2342 2343/2343/2343 2344/2344/2344
f 2345/2345/2345 2346/2346/2346 2347/2347/2347
f 2348/2348/2348 2349/2349/2349 2350/2350/2350
f 2351/2351/2351 2352/2352/2352 2353/2353/2353
f 2354/2354/2354 2355/2355/2355 2356/2356/2356
f 2357/2357/2357 2358/2358/2358 2359/2359/2359
f 2360/2360/2360 2361/2361/2361 2362/2362/2362
f 2363/2363/2363 2364/2364/2364 2365/2365/2365
f 2366/2366/2366 2367/2367/2367 2368/2368/2368
f 2369/2369/2369 2370/2370/2370 2371/2371/2371
f 2372/2372/2372 2373/2373/2373 2374/2374/2374
f 2375/2375/2375 2376/2376/2376 2377/2377/2377
f 2378/2378/2378 2379/2379/2379 2380/2380/2380
f 2381/2381/2381 2382/2382/2382 2383/2383/2383
f 2384/2384/2384 2385/2385/2385 2386/2386/2386
f 2387/2387/2387 2388/2388/2388 2389/2389/2389
f 2390/2390/2390 2391/2391/2391 2392/2392/2392
f 2393/2393/2393 2394/2394/2394 2395/2395/2395
f 2396/2396/2396 2397/2397/2397 2398/2398/2398
f 2399/2399/2399 2400/2400/2400 2401/2401/2401
f 2402/2402/2402 2403/2403/2403 2404/2404/2404
f 2405/2405/2405 2406/2406/2406 2407/2407/2407
f 2408/2408/2408 2409/2409/2409 2410/2410/2410
f 2411/2411/2411 2412/2412/2412 2413/2413/2413
f 2414/2414/2414 2415/2415/2415 2416/2416/2416
f 2417/2417/2417 2418/2418/2418 2419/2419/2419
f 2420/2420/2420 2421/2421/2421 2422/2422/2422
f 2423/2423/2423 2424/2424/2424 2425/2425/2425
f 2426/2426/2426 2427/2427/2427 2428/2428/2428
f 2429/2429/2429 2430/2430/2430 2431/2431/2431
f 2432/2432/2432 2433/2433/2433 2434/2434/2434
f 2435/2435/2435 2436/2436/2436 2437/2437/2437
f 2438/2438/2438 2439/2439/2439 2440/2440/2440
f 2441/2441/2441 2442/2442/2442 2443/2443/2443
f 2444/2444/2444 2445/2445/2445 2446/2446/2446
f 2447/2447/2447 2448/2448/2448 2449/2449/2449
f 2450/2450/2450 2451/2451/2451 2452/2452/2452
f 2453/2453/2453 2454/2454/2454 2455/2455/2455
f 2456/2456/2456 2457/2457/2457 2458/2458/2458
f 2459/2459/2459 2460/2460/2460 2461/2461/2461
f 2462/2462/2462 2463/2463/2463 2464/2464/2464
f 2465/2465/2465 2466/2466/2466 2467/2467/2467
f 2468/2468/2468 2469/2469/2469 2470/2470/2470
f 2471/2471/2471 2472/2472/2472 2473/2473/2473
f 2474/2474/2474 2475/2475/2475 2476/2476/2476
f 2477/2477/2477 2478/2478/2478 2479/2479/2479
f 2480/2480/2480 2481/2481/2481 2482/2482/2482
f 2483/2483/2483 2484/2484/2484 2485/2485/2485
f 2486/2486/2486 2487/2487/2487 2488/2488/2488
f 2489/2489/2489 2490/2490/2490 2491/2491/2491
f 2492/2492/2492 2493/2493/2493 2494/2494/2494
f 2495/2495/2495 2496/2496/2496 2497/2497/2497
f 2498/2498/2498 2499/2499/2499 2500/2500/2500
f 2501/2501/2501 2502/2502/2502 2503/2503/2503
f 2504/2504/2504 2505/2505/2505 2506/2506/2506
f 2507/2507/2507 2508/2508/2508 2509/2509/2509
f 2510/2510/2510 2511/2511/2511 2512/2512/2512
f 2513/2513/2513 2510/2510/2510 2512/2512/2512
f 2514/2514/2514 2515/2515/2515 2516/2516/2516
f 2517/2517/2517 2516/2516/2516 2515/2515/2515
f 2518/2518/2518 2519/2519/2519 2520/2520/2520
f 2518/2518/2518 2520/2520/2520 2521/2521/2521
f 2522/2522/2522 2523/2523/2523 2524/2524/2524
f 2522/2522/2522 2524/2524/2524 2525/2525/2525
f 2526/2526/2526 2527/2527/2527 2528/2528/2528
f 2527/2527/2527 2529/2529/2529 2528/2528/2528
f 2530/2530/2530 2531/2531/2531 2532/2532/2532
f 2533/2533/2533 2532/2532/2532 2531/2531/2531
f 2534/2534/2534 2535/2535/2535 2536/2536/2536
f 2536/2536/2536 2535/2535/2535 2537/2537/2537
f 2538/2538/2538 2539/2539/2539 2540/2540/2540
f 2540/2540/2540 2539/2539/2539 2541/2541/2541
f 2542/2542/2542 2543/2543/2543 2544/2544/2544
f 2542/2542/2542 2544/2544/2544 2545/2545/2545
f 2546/2546/2546 2547/2547/2547 2548/2548/2548
f 2546/2546/2546 2548/2548/2548 2549/2549/2549
f 2550/2550/2550 2551/2551/2551 2552/2552/2552
f 2552/2552/2552 2553/2553/2553 2550/2550/2550
f 2552/2552/2552 2554/2554/2554 2553/2553/2553
f 2555/2555/2555 2556/2556/2556 2557/2557/2557
f 2555/2555/2555 2557/2557/2557 2558/2558/2558
f 2559/2559/2559 2560/2560/2560 2561/2561/2561
f 2559/2559/2559 2561/2561/2561 2562/2562/2562
f 2563/2563/2563 2564/2564/2564 2565/2565/2565
f 2563/2563/2563 2565/2565/2565 2566/2566/2566
f 2567/2567/2567 2568/2568/2568 2569/2569/2569
f 2567/2567/2567 2569/2569/2569 2570/2570/2570
f 2571/2571/2571 2572/2572/2572 2573/2573/2573
f 2571/2571/2571 2573/2573/2573 2574/2574/2574
f 2575/2575/2575 2576/2576/2576 2577/2577/2577
f 2575/2575/2575 2577/2577/2577 2578/2578/2578
f 2579/2579/2579 2580/2580/2580 2581/2581/2581
f 2579/2579/2579 2581/2581/2581 2582/2582/2582
f 2583/2583/2583 2584/2584/2584 2585/2585/2585
f 2583/2583/2583 2585/2585/2585 2586/2586/2586
f 2587/2587/2587 2588/2588/2588 2589/2589/2589
f 2587/2587/2587 2589/2589/2589 2590/2590/2590
f 2591/2591/2591 2592/2592/2592 2593/2593/2593
f 2591/2591/2591 2593/2593/2593 2594/2594/2594
f 2595/2595/2595 2596/2596/2596 2597/2597/2597
f 2595/2595/2595 2597/2597/2597 2598/2598/2598
f 2599/2599/2599 2600/2600/2600 2601/2601/2601
f 2599/2599/2599 2601/2601/2601 2602/2602/2602
f 2603/2603/2603 2604/2604/2604 2605/2605/2605
f 2603/2603/2603 2605/2605/2605 2606/2606/2606
f 2607/2607/2607 2608/2608/2608 2609/2609/2609
f 2609/2609/2609 2610/2610/2610 2607/2607/2607
f 2611/2611/2611 2612/2612/2612 2613/2613/2613
f 2613/2613/2613 2614/2614/2614 2611/2611/2611
f 2614/2614/2614 2615/2615/2615 2611/2611/2611
f 2616/2616/2616 2617/2617/2617 2618/2618/2618
f 2616/2616/2616 2618/2618/2618 2619/2619/2619
f 2620/2620/2620 2621/2621/2621 2622/2622/2622
f 2620/2620/2620 2622/2622/2622 2623/2623/2623
f 2624/2624/2624 2625/2625/2625 2626/2626/2626
f 2624/2624/2624 2626/2626/2626 2627/2627/2627
f 2628/2628/2628 2629/2629/2629 2630/2630/2630
f 2628/2628/2628 2630/2630/2630 2631/2631/2631
f 2632/2632/2632 2633/2633/2633 2634/2634/2634
f 2634/2634/2634 2635/2635/2635 2632/2632/2632
f 2634/2634/2634 2636/2636/2636 2635/2635/2635
f 2637/2637/2637 2638/2638/2638 2639/2639/2639
f 2637/2637/2637 2639/2639/2639 2640/2640/2640
f 2641/2641/2641 2642/2642/2642 2643/2643/2643
f 2641/2641/2641 2643/2643/2643 2644/2644/2644
f 2645/2645/2645 2646/2646/2646 2647/2647/2647
f 2645/2645/2645 2647/2647/2647 2648/2648/2648
f 2649/2649/2649 2650/2650/2650 2651/2651/2651
f 2649/2649/2649 2651/2651/2651 2652/2652/2652
f 2653/2653/2653 2654/2654/2654 2655/2655/2655
f 2653/2653/2653 2655/2655/2655 2656/2656/2656
f 2657/2657/2657 2658/2658/2658 2659/2659/2659
f 2657/2657/2657 2659/2659/2659 2660/2660/2660
f 2661/2661/2661 2662/2662/2662 2663/2663/2663
f 2661/2661/2661 2663/2663/2663 2664/2664/2664
f 2665/2665/2665 2666/2666/2666 2667/2667/2667
f 2665/2665/2665 2667/2667/2667 2668/2668/2668
f 2669/2669/2669 2670/2670/2670 2671/2671/2671
f 2669/2669/2669 2671/2671/2671 2672/2672/2672
f 2673/2673/2673 2674/2674/2674 2675/2675/2675
f 2673/2673/2673 2675/2675/2675 2676/2676/2676
f 2677/2677/2677 2678/2678/2678 2679/2679/2679
f 2677/2677/2677 2679/2679/2679 2680/2680/2680
f 2681/2681/2681 2682/2682/2682 2683/2683/2683
f 2681/2681/2681 2683/2683/2683 2684/2684/2684
