# Extracted losslessly from Unity Mesh asset: C:/Users/slicc/Documents/Changing My Life/Game/Assets/_Project/Art/Environment/StarterIsland/VerticalRockKit_Sculpted/Meshes/MESH_VRKS_Straight_B.asset
o MESH_VRKS_Straight_B
v 122.832799 224.192095 400.655985
v 127.583504 226.770401 394.827008
v 117.121994 311.684489 348.4694
v -0.740200002 337.418199 135.453105
v -34.5896989 312.996292 208.3673
v -17.0582995 290.446496 133.148205
v -28.2288998 342.845893 212.894392
v -34.5896989 312.996292 208.3673
v -138.450503 257.170391 409.590387
v -121.767497 237.060094 450.3685
v -131.2572 283.590007 413.239813
v -153.198099 13.8525993 8.94189999
v -136.254001 82.8778028 5.81669994
v -146.0186 -43.2428002 6.96400031
v -135.5582 -134.7386 255.552292
v -138.669598 -64.1596973 266.838789
v -135.029101 -119.721401 242.8478
v 119.8843 317.818499 274.773407
v 123.436999 301.097703 282.276893
v 141.038096 328.60651 213.537502
v -140.272605 -257.579899 20.3336999
v -137.201405 -252.259588 69.0394998
v -141.302896 -225.474095 13.6538997
v -28.5650015 -389.951491 327.081895
v 7.95549974 -400.056982 328.473306
v 11.6608001 -357.421708 333.639407
v -142.275095 -60.0803971 503.080177
v -139.6245 -91.9291973 552.470779
v -141.981101 -48.2470006 540.426111
v -144.269097 -9.65140015 510.663509
v -142.275095 -60.0803971 503.080177
v -91.6782022 303.284693 342.462897
v -95.6497014 312.7671 339.0944
v -126.366305 312.323093 333.028507
v -54.6082973 -138.816404 13.5929003
v 10.2443002 -234.621191 16.1347002
v -68.7246978 -209.075403 16.6437998
v 137.087405 -84.7799003 241.42971
v 104.3908 -207.058692 249.783897
v 156.8519 -152.131402 225.817895
v 137.797403 256.667399 72.9942024
v 123.324096 133.390999 79.5701027
v 120.783103 179.474103 14.4933
v 123.447895 162.075901 398.826003
v 124.310398 161.877298 390.2071
v 124.958801 191.013801 399.626899
v 23.9063993 -220.352507 418.251896
v -5.78310005 -230.46279 428.11141
v 19.9310005 -235.525799 407.782698
v 114.6806 297.686195 401.21851
v 117.121994 311.684489 348.4694
v 96.9981015 322.043204 393.15269
v -142.578602 252.172709 399.166489
v -139.394999 283.67939 380.588293
v -142.7665 256.144404 372.913194
v -97.8772998 307.5629 375.3232
v -54.569 324.689794 352.837205
v -91.1731005 310.815501 347.695708
v -96.0721016 384.67021 11.789
v -127.326202 408.52499 17.2592998
v -89.9348021 411.13472 15.5744001
v -140.371001 236.590195 415.443707
v -144.234395 191.890705 401.590395
v -134.108198 192.028201 431.509686
v -137.077796 180.5444 364.429903
v -134.108198 192.028201 431.509686
v -144.234395 191.890705 401.590395
v 52.9353023 -131.316495 425.099277
v 48.8568991 -186.386299 341.703892
v 88.9665008 -82.0473015 361.303091
v -154.860902 253.408098 1.67859998
v -149.896395 282.980609 10.1360999
v -151.705694 219.167709 8.92779976
v -136.280501 -134.643996 197.338998
v -138.870001 -94.7712004 162.336397
v -140.123904 -140.980899 159.703898
v -87.173301 319.664407 306.436706
v -51.5290976 329.271197 259.650111
v -119.405603 331.422496 294.170189
v -146.274996 341.308689 12.5317007
v -149.896395 282.980609 10.1360999
v -151.312101 281.065392 15.1238993
v -144.502199 -138.284898 59.1687977
v -141.457403 -78.6117017 19.3097994
v -141.302896 -225.474095 13.6538997
v 35.1934999 286.214209 196.2749
v 30.8456987 307.719994 136.988902
v -17.0582995 290.446496 133.148205
v -139.394999 283.67939 380.588293
v -138.450503 257.170391 409.590387
v -137.753296 288.471198 391.756606
v -111.770105 -244.7016 350.170493
v -97.537899 -248.0088 409.067678
v -134.9859 -182.523799 439.968204
v -28.2288998 342.845893 212.894392
v -119.405603 331.422496 294.170189
v -37.2864991 312.052393 212.142706
v -54.4932008 -95.7518995 576.012516
v -65.428102 -120.160794 579.452991
v -58.6495996 -113.840497 568.654823
v 105.583501 -182.593 12.4857999
v 137.135994 -147.591102 10.5160996
v 134.257698 -197.281599 13.5309994
v 67.5068974 327.747512 340.960789
v 28.1856 328.225493 318.428993
v 54.8496008 316.8257 381.603694
v 20.1192006 297.123098 340.262008
v -65.0674999 329.748106 308.807707
v -54.569 324.689794 352.837205
v -129.860497 -331.904697 118.076897
v -128.254402 -345.199895 126.218998
v -131.406403 -295.303297 115.739799
v -1.97589993 -83.6519003 524.12591
v -5.3661 -140.5442 515.010118
v 42.1341002 -140.635502 468.557119
v 35.1934999 286.214209 196.2749
v 33.108601 296.158004 248.057008
v 32.9445004 341.50269 236.001897
v -144.218194 213.367295 325.168705
v -143.182194 247.376704 336.2005
v -143.694401 219.099903 296.173692
v 30.8456987 307.719994 136.988902
v 35.1934999 286.214209 196.2749
v 40.5793995 330.092597 182.277
v 42.5300002 205.53019 467.595816
v 53.2006979 231.873894 450.906706
v 26.6629994 251.308203 437.635183
v 35.1568997 -391.564202 273.918295
v 37.1300995 -363.994789 269.725895
v 27.7236015 -354.064608 326.138806
v 11.6608001 -357.421708 333.639407
v 27.7236015 -354.064608 326.138806
v 18.3229998 -305.958605 393.341494
v 122.966099 66.2349999 351.806402
v 127.624798 102.449703 387.849402
v 121.013606 60.2331996 368.962097
v 30.3965002 -38.7611002 11.1138999
v 55.8146 -111.932898 9.96680036
v 26.453799 -107.433498 22.4525005
v -35.4772002 -341.141391 336.690998
v -95.658201 -305.54359 341.925812
v -81.2564015 -352.597809 327.741599
v 70.3400016 -365.61749 9.80959982
v 56.4710975 -346.67511 3.44090015
v 53.0990005 -263.101292 3.10350005
v 70.1964974 318.872404 12.1660002
v 33.7511986 360.671997 28.2243997
v 71.272099 355.279112 30.7224005
v 101.525998 215.534306 19.8670998
v 126.672995 257.089496 14.4743994
v 120.783103 179.474103 14.4933
v 96.9981015 322.043204 393.15269
v 117.121994 311.684489 348.4694
v 67.5068974 327.747512 340.960789
v -90.3248012 426.242495 16.3132995
v -127.326202 408.52499 17.2592998
v -124.588096 414.661312 59.1517985
v 148.948002 248.200893 125.082695
v 137.478399 94.8319018 132.171094
v 123.324096 133.390999 79.5701027
v -121.767497 237.060094 450.3685
v -106.105804 288.902497 438.636303
v -131.2572 283.590007 413.239813
v -143.182194 247.376704 336.2005
v -145.711899 236.999798 367.691493
v -145.067203 252.150798 365.321589
v -144.218194 213.367295 325.168705
v -145.711899 236.999798 367.691493
v -106.105804 288.902497 438.636303
v -104.665506 287.196302 485.330009
v -43.501699 273.641992 461.813021
v -138.1567 28.808701 263.179302
v -141.128099 -12.9688993 323.368311
v -143.787098 113.703299 344.922495
v -96.0721016 384.67021 11.789
v -139.939702 391.447806 4.42119986
v -127.326202 408.52499 17.2592998
v -130.004001 400.462389 83.929503
v -127.326202 408.52499 17.2592998
v -139.939702 391.447806 4.42119986
v -139.939702 391.447806 4.42119986
v -141.031897 324.761796 17.7848995
v -146.274996 341.308689 12.5317007
v -28.2288998 342.845893 212.894392
v -123.839903 345.73319 295.283508
v -119.405603 331.422496 294.170189
v 123.436999 301.097703 282.276893
v 139.103901 257.759905 204.862094
v 141.038096 328.60651 213.537502
v 41.0896987 -376.261997 232.575893
v 37.1300995 -363.994789 269.725895
v 35.1568997 -391.564202 273.918295
v 93.2834029 379.269409 81.2436998
v 71.272099 355.279112 30.7224005
v 42.6073015 384.456706 65.9267008
v 63.0472004 -11.7091998 468.827105
v 80.9476018 48.6496001 462.634277
v 31.1690003 40.4197991 491.962624
v 5.68130016 249.235201 11.8284002
v -35.5659992 246.155691 16.1735997
v -29.1256994 310.888195 6.60839975
v -130.129802 -200.885701 270.884895
v -137.4874 -120.435297 301.409698
v -135.5582 -134.7386 255.552292
v 80.8107972 -208.953691 332.368588
v 105.413103 -93.5948014 342.715311
v 88.9665008 -82.0473015 361.303091
v 52.9353023 -131.316495 425.099277
v 60.333401 -81.1726987 442.763996
v 50.0630021 -83.6048007 469.447613
v 56.0517013 -358.245206 322.613811
v 27.7236015 -354.064608 326.138806
v 58.8756979 -363.11059 308.566689
v -67.4403012 -221.645689 420.354414
v -103.647196 -222.465301 519.774199
v -97.537899 -248.0088 409.067678
v -140.184605 -26.9311011 407.93829
v -144.520497 11.0577002 495.78042
v -139.568996 -8.58459994 404.633999
v 11.6608001 -357.421708 333.639407
v 7.95549974 -400.056982 328.473306
v 21.8440995 -416.028976 278.009701
v 16.1384001 -213.291597 22.7871999
v 26.453799 -107.433498 22.4525005
v 55.8146 -111.932898 9.96680036
v 21.2816 -415.649605 165.805399
v 32.4470997 -412.188387 124.454403
v 33.4331989 -419.946194 138.4884
v 27.7236015 -354.064608 326.138806
v 37.1300995 -363.994789 269.725895
v 58.8756979 -363.11059 308.566689
v 64.0969992 -272.8477 341.711998
v 61.9257987 -268.405509 384.660292
v 63.5933995 -332.711196 384.097505
v -121.672797 -331.818008 175.980306
v -47.5567013 -394.836092 173.894501
v -56.7968011 -372.270799 221.849895
v 81.7121029 -324.7648 173.401701
v 64.2247975 -340.676308 174.468005
v 67.8120017 -366.226697 131.379294
v 45.3092009 -423.914194 61.6059005
v -43.9343005 -390.445304 67.7121997
v -45.3251004 -383.553195 19.6541995
v 45.3092009 -423.914194 61.6059005
v 39.4753993 -405.691004 127.245498
v 32.4470997 -412.188387 124.454403
v 120.922506 5.69170006 166.140699
v 115.044999 -39.8162007 235.008407
v 137.962699 -19.9793994 167.1031
v -148.966205 263.063002 163.979399
v -154.442096 225.846195 127.818894
v -149.359095 215.029097 197.009504
v -150.995696 202.434993 3.45330015
v -135.367703 212.235904 3.6646001
v -146.912003 175.875902 3.96240018
v -146.494603 266.694403 257.814097
v -149.852705 268.200111 233.765101
v -149.359095 215.029097 197.009504
v -0.0241000002 167.564797 489.84251
v -17.0578003 97.3203003 511.755705
v 31.2584996 101.287305 485.413694
v -143.694401 219.099903 296.173692
v -144.152701 125.866795 243.362904
v -148.773503 147.461295 287.685895
v -143.694401 219.099903 296.173692
v -142.504895 266.765308 273.711896
v -146.692502 148.898494 202.624106
v -150.619698 137.784398 120.108104
v -148.735499 100.569904 171.514702
v -146.750605 151.206398 192.398
v 111.713803 61.6509974 248.965597
v 124.017406 56.2256992 346.129298
v 106.545997 7.54949972 347.805405
v -144.836795 265.359592 259.9962
v -140.778399 276.559901 266.912508
v -140.521801 317.453003 280.728793
v -98.6828029 369.758105 222.578001
v -28.2288998 342.845893 212.894392
v -60.8672976 363.590193 196.837103
v 105.413103 -93.5948014 342.715311
v 115.044999 -39.8162007 235.008407
v 112.6513 -14.7020996 334.647989
v -144.206703 140.833795 353.675199
v -147.848701 181.748199 363.1387
v -145.409501 142.201996 348.496008
v -104.665506 287.196302 485.330009
v -120.127702 225.92361 517.403078
v -79.796797 196.347594 505.537701
v 0.330600003 349.522591 12.9730001
v -5.53780012 348.732901 75.1699984
v -23.4464005 301.799989 74.4234979
v -95.6497014 312.7671 339.0944
v -87.173301 319.664407 306.436706
v -119.405603 331.422496 294.170189
v 94.6148992 223.240089 23.9469007
v 101.525998 215.534306 19.8670998
v 69.5523977 170.853102 8.66060033
v 1.71809997 185.903704 0.915599987
v -43.6361998 156.840098 20.0611994
v -35.5659992 246.155691 16.1735997
v -80.0020993 -365.2246 4.48720008
v -129.248595 -338.529301 12.4551997
v -137.622404 -282.615495 5.60850017
v 120.098102 51.5308976 70.2522993
v 123.324096 133.390999 79.5701027
v 137.478399 94.8319018 132.171094
v 56.4710975 -346.67511 3.44090015
v 70.3400016 -365.61749 9.80959982
v 45.5623001 -430.833006 4.4013001
v 35.5634987 157.584298 475.795984
v 31.2584996 101.287305 485.413694
v 84.1741025 100.3497 456.939077
v 100.595498 6.42319992 363.745999
v 95.1201975 -66.9790983 359.117198
v 112.6513 -14.7020996 334.647989
v 105.094504 36.5612 184.762597
v 100.328505 26.0553002 155.7459
v 113.315296 64.0177011 161.9313
v 121.792197 331.611705 19.3620995
v 92.5185978 288.909888 26.7226011
v 115.831602 331.111407 26.2434006
v -127.536404 175.079703 512.676096
v -96.784699 131.814301 496.389294
v -120.127702 225.92361 517.403078
v -5.3661 -140.5442 515.010118
v -14.5839006 -181.071997 489.699602
v 24.7485995 -178.195405 472.469282
v -141.981101 -48.2470006 540.426111
v -120.3583 -9.12960023 558.321524
v -143.201005 -1.28570003 511.306477
v -54.1170001 -289.526796 405.5089
v -35.4772002 -341.141391 336.690998
v -14.8904994 -294.298196 393.180108
v 35.5634987 157.584298 475.795984
v 90.1624024 150.439298 457.299089
v 83.7261021 199.294198 476.418018
v -144.333196 32.5991005 202.296591
v -153.197801 -0.742499996 147.397399
v -144.528198 -22.6071 160.380101
v -130.369699 83.6691976 16.4993003
v -88.6654973 0.883399975 16.3314998
v -97.4947989 -36.4271998 17.1290994
v -129.628098 -282.15251 69.0949023
v -131.406403 -295.303297 115.739799
v -138.829994 -247.645712 119.151294
v -148.674095 140.004098 5.84269986
v -146.912003 175.875902 3.96240018
v -135.367703 212.235904 3.6646001
v 119.8843 317.818499 274.773407
v 100.199199 352.552104 210.584497
v 63.1713986 337.802505 255.061102
v -137.524402 308.121896 321.742201
v -140.113497 285.313797 349.384093
v -132.243896 293.934608 363.113499
v -129.750395 271.265697 9.41490009
v -46.0166991 250.504303 19.2101002
v -55.0813973 162.729001 29.5248002
v 20.1192006 297.123098 340.262008
v -54.569 324.689794 352.837205
v -39.3660992 300.146604 424.979591
v 124.017406 56.2256992 346.129298
v 131.287098 107.546496 338.1809
v 122.966099 66.2349999 351.806402
v 100.374901 -304.587102 67.7109003
v 128.614402 -278.140807 23.5602006
v 105.868495 -292.603207 70.0281978
v -1.97589993 -83.6519003 524.12591
v -4.60800007 -69.6695983 520.403099
v -23.4855995 -129.212701 545.002317
v 23.1105998 -412.164688 218.523598
v -56.7968011 -372.270799 221.849895
v -47.5567013 -394.836092 173.894501
v -103.647196 -222.465301 519.774199
v -134.300804 -203.288388 514.912415
v -134.9859 -182.523799 439.968204
v -18.0315003 -76.2907982 539.485121
v -23.4855995 -129.212701 545.002317
v -4.60800007 -69.6695983 520.403099
v -85.7194006 -278.977299 401.253414
v -97.537899 -248.0088 409.067678
v -111.770105 -244.7016 350.170493
v 126.381302 -301.857996 219.723392
v 96.7796981 -301.681304 236.636209
v 102.783203 -326.810288 174.037898
v -16.3908005 371.87531 15.5671999
v -5.53780012 348.732901 75.1699984
v 0.330600003 349.522591 12.9730001
v 132.733297 -216.733694 66.4627016
v 130.8689 -290.146804 67.3186004
v 128.614402 -278.140807 23.5602006
v -91.742301 309.309912 21.5296999
v -129.750395 271.265697 9.41490009
v -141.031897 324.761796 17.7848995
v -131.2572 283.590007 413.239813
v -97.8772998 307.5629 375.3232
v -137.753296 288.471198 391.756606
v -145.711899 236.999798 367.691493
v -150.081897 189.928305 359.968591
v -145.146406 193.909204 374.331808
v -97.8772998 307.5629 375.3232
v -131.2572 283.590007 413.239813
v -106.105804 288.902497 438.636303
v -53.7918985 -397.388101 107.191396
v -127.884603 -342.194104 109.052396
v -127.5985 -338.870502 70.6912994
v -122.150004 -52.8342009 567.8617
v -139.6245 -91.9291973 552.470779
v -114.350903 -101.266098 578.866005
v 26.7672002 -231.532097 403.98221
v 25.9187996 -253.302407 339.977908
v 48.8568991 -186.386299 341.703892
v -133.933997 -132.929599 425.696898
v -142.275095 -60.0803971 503.080177
v -140.184605 -26.9311011 407.93829
v -51.5290976 329.271197 259.650111
v 20.1192006 297.123098 340.262008
v 28.5021007 290.961409 268.819189
v -146.750605 151.206398 192.398
v -156.8519 169.976294 126.044095
v -150.619698 137.784398 120.108104
v -146.750605 151.206398 192.398
v -149.218905 173.888302 196.740401
v -4.25449982 92.2486007 15.6334996
v -15.8602998 24.6724993 21.4362994
v -64.4541979 68.0063009 23.4623998
v -132.616401 -192.290604 518.596601
v -134.9859 -182.523799 439.968204
v -134.300804 -203.288388 514.912415
v -97.8772998 307.5629 375.3232
v -91.1731005 310.815501 347.695708
v -91.6782022 303.284693 342.462897
v 25.9187996 -253.302407 339.977908
v 61.9257987 -268.405509 384.660292
v 60.8196974 -269.099998 331.047106
v -144.152701 125.866795 243.362904
v -145.737398 65.7294989 262.269211
v -148.773503 147.461295 287.685895
v 99.5122015 1.1039 237.111211
v 104.653203 19.8972002 184.840703
v 105.094504 36.5612 184.762597
v -49.7125 -117.928696 19.4549993
v -54.6082973 -138.816404 13.5929003
v -96.5102017 -183.882797 12.3754002
v -109.451497 -313.456511 281.045103
v -117.692995 -312.206197 230.223298
v -56.7968011 -372.270799 221.849895
v -5.53780012 348.732901 75.1699984
v -0.740200002 337.418199 135.453105
v -17.0582995 290.446496 133.148205
v -5.53780012 348.732901 75.1699984
v -23.4464005 301.799989 74.4234979
v 65.0618017 -303.07219 319.156599
v 57.9293013 -363.089705 235.412097
v 75.6727993 -289.512491 233.027911
v -139.811003 124.948502 417.801619
v -139.701295 55.9188008 492.332077
v -137.363195 112.878203 493.757486
v 99.5122015 1.1039 237.111211
v 112.6513 -14.7020996 334.647989
v 115.044999 -39.8162007 235.008407
v 101.396799 138.637304 8.56140032
v 114.733195 82.3149025 5.37770018
v 97.0238984 1.58120003 8.16240013
v 42.6073015 384.456706 65.9267008
v 22.1811995 311.500812 69.1911995
v 30.8456987 307.719994 136.988902
v 105.0964 -281.258202 10.8939998
v 128.568995 -204.536009 14.7936001
v 129.255104 -283.654904 9.05219987
v -28.2288998 342.845893 212.894392
v -98.6828029 369.758105 222.578001
v -123.839903 345.73319 295.283508
v 70.3400016 -365.61749 9.80959982
v 71.4945972 -352.116203 60.7647002
v 45.3092009 -423.914194 61.6059005
v -146.274996 341.308689 12.5317007
v -151.312101 281.065392 15.1238993
v -149.5736 363.527107 1.33199999
v 18.7570006 -411.925697 229.711699
v 21.8440995 -416.028976 278.009701
v -41.0376012 -376.606011 271.871495
v -124.009895 -242.935991 222.824502
v -130.822599 -211.460209 212.984204
v -136.589301 -241.266608 164.309096
v -124.009895 -242.935991 222.824502
v -129.120195 -294.014096 177.394998
v -46.0166991 250.504303 19.2101002
v -129.750395 271.265697 9.41490009
v -91.742301 309.309912 21.5296999
v -145.737398 65.7294989 262.269211
v -144.152701 125.866795 243.362904
v -148.735499 100.569904 171.514702
v 121.792197 331.611705 19.3620995
v 137.797403 256.667399 72.9942024
v 126.672995 257.089496 14.4743994
v 112.6513 -14.7020996 334.647989
v 99.5122015 1.1039 237.111211
v 106.545997 7.54949972 347.805405
v -17.0582995 290.446496 133.148205
v 30.8456987 307.719994 136.988902
v 22.1811995 311.500812 69.1911995
v -140.123904 -140.980899 159.703898
v -133.444202 -148.136902 208.366203
v -136.280501 -134.643996 197.338998
v 20.1192006 297.123098 340.262008
v -51.5290976 329.271197 259.650111
v -65.0674999 329.748106 308.807707
v -138.1567 28.808701 263.179302
v -137.780404 -48.7331986 259.561706
v -141.128099 -12.9688993 323.368311
v -54.1170001 -289.526796 405.5089
v -14.8904994 -294.298196 393.180108
v -5.78310005 -230.46279 428.11141
v 45.5704004 276.905203 404.265881
v -39.3660992 300.146604 424.979591
v 26.6629994 251.308203 437.635183
v -72.5494981 78.8914979 21.2413996
v -117.278504 167.7356 17.6210001
v -55.0813973 162.729001 29.5248002
v -149.5736 363.527107 1.33199999
v -151.221204 362.024403 77.3254991
v -145.033395 401.266193 66.5965021
v 144.508898 -232.543802 174.809206
v 156.203401 -118.471396 173.932099
v 156.8519 -152.131402 225.817895
v 84.1741025 100.3497 456.939077
v 80.9476018 48.6496001 462.634277
v 95.3154981 49.6032 426.521397
v -124.009895 -242.935991 222.824502
v -120.2075 -257.494593 269.235802
v -130.129802 -200.885701 270.884895
v -117.692995 -312.206197 230.223298
v -124.009895 -242.935991 222.824502
v -0.0241000002 167.564797 489.84251
v -32.7012002 257.330704 465.792418
v -9.41189975 163.3425 487.149906
v 115.044999 -39.8162007 235.008407
v 120.922506 5.69170006 166.140699
v 104.653203 19.8972002 184.840703
v -138.829994 -247.645712 119.151294
v -136.589301 -241.266608 164.309096
v -140.123904 -140.980899 159.703898
v -144.333196 32.5991005 202.296591
v -139.579904 6.04970008 206.690502
v -138.1567 28.808701 263.179302
v 156.203401 -118.471396 173.932099
v 137.087405 -84.7799003 241.42971
v 156.8519 -152.131402 225.817895
v -106.323802 -179.049504 18.8885003
v -68.7246978 -209.075403 16.6437998
v -62.5395 -348.722291 6.53799996
v -135.376096 -76.8073976 211.776996
v -136.280501 -134.643996 197.338998
v -135.029101 -119.721401 242.8478
v -1.97589993 -83.6519003 524.12591
v 50.0630021 -83.6048007 469.447613
v 10.4273997 -18.3290005 506.1728
v -140.068698 56.6339016 406.229401
v -144.520497 11.0577002 495.78042
v -139.701295 55.9188008 492.332077
v 139.103901 257.759905 204.862094
v 124.850905 235.702205 274.428391
v 129.103696 140.588498 264.233208
v 139.103901 257.759905 204.862094
v 123.436999 301.097703 282.276893
v 30.8456987 307.719994 136.988902
v 40.5793995 330.092597 182.277
v 49.1818011 364.603901 136.849594
v 65.1727021 248.643208 413.2761
v 53.2006979 231.873894 450.906706
v 88.6717975 222.730899 449.83449
v -142.423701 276.787591 315.278101
v -143.182194 247.376704 336.2005
v -140.113497 285.313797 349.384093
v -142.423701 276.787591 315.278101
v -137.524402 308.121896 321.742201
v -62.587899 -190.181804 532.934093
v -58.0039978 -198.209906 528.053808
v -37.3504996 -128.351605 556.498098
v 63.0472004 -11.7091998 468.827105
v 50.0630021 -83.6048007 469.447613
v 60.333401 -81.1726987 442.763996
v 42.5300002 205.53019 467.595816
v 26.6629994 251.308203 437.635183
v 20.1207995 230.6494 483.459377
v 88.6717975 222.730899 449.83449
v 83.7261021 199.294198 476.418018
v 90.1624024 150.439298 457.299089
v 69.5523977 170.853102 8.66060033
v 3.29869986 168.771601 3.71440016
v 67.2069013 244.642305 14.8828
v -148.117805 339.707208 264.825892
v -149.852705 268.200111 233.765101
v -146.494603 266.694403 257.814097
v -116.164696 -54.3738008 21.3213995
v -141.457403 -78.6117017 19.3097994
v -146.0186 -43.2428002 6.96400031
v 23.9063993 -220.352507 418.251896
v 24.7485995 -178.195405 472.469282
v 21.9123006 -195.925605 468.349695
v -33.6347997 39.9450988 530.032396
v -108.735394 95.9003985 516.153908
v -52.048701 -15.4936001 556.736803
v -66.0205007 367.863107 17.0754999
v -16.3908005 371.87531 15.5671999
v 0.330600003 349.522591 12.9730001
v -22.2220004 98.4520972 506.326723
v -33.6347997 39.9450988 530.032396
v -17.0578003 97.3203003 511.755705
v -35.4772002 -341.141391 336.690998
v -81.2564015 -352.597809 327.741599
v -28.5650015 -389.951491 327.081895
v -106.323802 -179.049504 18.8885003
v -141.302896 -225.474095 13.6538997
v -141.457403 -78.6117017 19.3097994
v -149.852705 268.200111 233.765101
v -148.117805 339.707208 264.825892
v -146.976101 382.561207 158.122694
v -41.0021007 403.652716 15.2695999
v -19.1723004 371.258712 77.0962
v -16.3908005 371.87531 15.5671999
v -137.363195 112.878203 493.757486
v -130.607402 175.038004 501.463795
v -134.108198 192.028201 431.509686
v -130.607402 175.038004 501.463795
v -121.767497 237.060094 450.3685
v 30.3965002 -38.7611002 11.1138999
v 26.453799 -107.433498 22.4525005
v -39.4295007 -55.785799 14.0594006
v 31.1690003 40.4197991 491.962624
v -17.0578003 97.3203003 511.755705
v -33.6347997 39.9450988 530.032396
v 31.2584996 101.287305 485.413694
v 80.9476018 48.6496001 462.634277
v 80.9476018 48.6496001 462.634277
v 84.1741025 100.3497 456.939077
v -145.737398 65.7294989 262.269211
v -138.1567 28.808701 263.179302
v -143.787098 113.703299 344.922495
v 129.103696 140.588498 264.233208
v 135.357106 146.181095 379.546404
v 131.287098 107.546496 338.1809
v 126.381302 -301.857996 219.723392
v 133.116901 -301.7524 173.108697
v 144.508898 -232.543802 174.809206
v -148.355603 183.205497 348.479104
v -146.868205 196.910095 330.146909
v -150.873697 158.144999 347.814798
v 100.199199 352.552104 210.584497
v 49.1818011 364.603901 136.849594
v 40.5793995 330.092597 182.277
v 117.706501 -58.9437008 11.4978001
v 97.0238984 1.58120003 8.16240013
v 105.081105 0.0935000018 58.8145971
v 105.081105 0.0935000018 58.8145971
v 124.012303 -71.6418982 66.3332999
v -123.839903 345.73319 295.283508
v -140.521801 317.453003 280.728793
v -137.346804 299.046993 276.2609
v -138.194501 52.0345986 509.156084
v -143.201005 -1.28570003 511.306477
v -120.3583 -9.12960023 558.321524
v 122.832799 224.192095 400.655985
v 96.5309978 228.747702 415.565014
v 123.447895 162.075901 398.826003
v -50.5506992 -394.135809 130.204999
v -47.5567013 -394.836092 173.894501
v -121.672797 -331.818008 175.980306
v -144.383705 -87.578398 67.9526985
v -142.601204 -97.9372978 116.069102
v -148.891699 -52.0219982 109.7772
v 123.447895 162.075901 398.826003
v 127.624798 102.449703 387.849402
v 134.472096 131.769896 389.779806
v -154.796505 237.213302 60.3402972
v -151.522505 277.4333 80.103302
v -151.312101 281.065392 15.1238993
v 130.789006 62.9849017 130.482697
v 137.478399 94.8319018 132.171094
v 113.315296 64.0177011 161.9313
v -29.1256994 310.888195 6.60839975
v -89.0260994 373.454309 13.9805004
v -66.0205007 367.863107 17.0754999
v 93.2834029 379.269409 81.2436998
v 131.081498 347.0788 64.5407021
v 96.9909012 365.401006 66.811502
v 67.2069013 244.642305 14.8828
v 3.29869986 168.771601 3.71440016
v 13.5594994 242.839098 9.79330018
v 16.9556007 308.385801 20.4073995
v 67.2069013 244.642305 14.8828
v 37.1300995 -363.994789 269.725895
v 41.0896987 -376.261997 232.575893
v 52.5372982 -359.876394 231.254005
v -117.670405 56.0918987 552.018881
v -134.753895 116.718102 502.799606
v -138.194501 52.0345986 509.156084
v 96.9909012 365.401006 66.811502
v 131.081498 347.0788 64.5407021
v 121.412599 350.173998 30.1661015
v 10.4273997 -18.3290005 506.1728
v 50.0630021 -83.6048007 469.447613
v 63.0472004 -11.7091998 468.827105
v 31.9123 -388.67681 183.628798
v 23.1105998 -412.164688 218.523598
v 27.9493004 -410.490608 167.637098
v 16.9556007 308.385801 20.4073995
v 8.73510018 304.811597 13.2378995
v -23.4464005 301.799989 74.4234979
v 53.2006979 231.873894 450.906706
v 42.5300002 205.53019 467.595816
v 83.7261021 199.294198 476.418018
v -135.367703 212.235904 3.6646001
v -141.031897 324.761796 17.7848995
v -129.750395 271.265697 9.41490009
v 144.508898 -232.543802 174.809206
v 133.116901 -301.7524 173.108697
v 128.486204 -277.658796 129.469895
v -137.077796 180.5444 364.429903
v -144.234395 191.890705 401.590395
v -147.848701 181.748199 363.1387
v -91.742301 309.309912 21.5296999
v -96.0721016 384.67021 11.789
v -89.0260994 373.454309 13.9805004
v -123.839903 345.73319 295.283508
v -98.6828029 369.758105 222.578001
v -127.190602 370.097589 265.7655
v 156.203401 -118.471396 173.932099
v 144.508898 -232.543802 174.809206
v 138.284898 -214.084101 128.121102
v -153.770494 4.82029989 135.141504
v -155.587697 -20.9582999 52.729398
v -155.305696 -40.0041014 108.172405
v -144.836795 265.359592 259.9962
v -149.218905 173.888302 196.740401
v -146.750605 151.206398 192.398
v -98.6828029 369.758105 222.578001
v -130.860102 402.227402 133.580005
v -127.190602 370.097589 265.7655
v -117.278504 167.7356 17.6210001
v -130.369699 83.6691976 16.4993003
v -148.674095 140.004098 5.84269986
v -116.568899 -262.576389 286.152005
v -120.2075 -257.494593 269.235802
v -117.692995 -312.206197 230.223298
v 63.6660993 47.2781986 20.9832996
v 30.3965002 -38.7611002 11.1138999
v -15.8602998 24.6724993 21.4362994
v -18.0315003 -76.2907982 539.485121
v -50.8341014 -38.1817013 556.6185
v -44.8386997 -68.857199 569.6908
v -139.939702 391.447806 4.42119986
v -146.274996 341.308689 12.5317007
v -149.5736 363.527107 1.33199999
v -140.521801 317.453003 280.728793
v -141.620696 359.044409 274.71509
v -148.117805 339.707208 264.825892
v 114.733195 82.3149025 5.37770018
v 120.783103 179.474103 14.4933
v 123.324096 133.390999 79.5701027
v 67.5068974 327.747512 340.960789
v 117.121994 311.684489 348.4694
v 121.356106 301.700211 295.80121
v 96.5309978 228.747702 415.565014
v 114.6806 297.686195 401.21851
v 87.0552003 312.539697 406.300402
v 135.726404 -14.0691996 126.386499
v 137.587905 -29.0131003 153.038704
v 146.201396 -42.0489997 164.974499
v 102.307606 93.1258023 424.718714
v 95.3154981 49.6032 426.521397
v 121.013606 60.2331996 368.962097
v 104.3908 -207.058692 249.783897
v 77.7127981 -217.615294 238.49299
v 75.6727993 -289.512491 233.027911
v -127.190602 370.097589 265.7655
v -141.620696 359.044409 274.71509
v -140.521801 317.453003 280.728793
v -14.8904994 -294.298196 393.180108
v -35.4772002 -341.141391 336.690998
v 11.6608001 -357.421708 333.639407
v 61.9731009 -353.782701 224.897504
v 81.7121029 -324.7648 173.401701
v 75.6727993 -289.512491 233.027911
v 13.1923005 -371.811795 9.96859968
v -50.2022982 -374.796295 0
v 10.2443002 -234.621191 16.1347002
v -54.1170001 -289.526796 405.5089
v -95.658201 -305.54359 341.925812
v -35.4772002 -341.141391 336.690998
v 137.087405 -84.7799003 241.42971
v 115.044999 -39.8162007 235.008407
v 77.7127981 -217.615294 238.49299
v -144.502199 -138.284898 59.1687977
v -143.743801 -142.827702 114.291298
v -142.601204 -97.9372978 116.069102
v 37.8261 -390.409207 218.006992
v 31.9123 -388.67681 183.628798
v 37.1861994 -385.983801 174.535
v 61.7614985 -354.440403 343.710589
v 63.5933995 -332.711196 384.097505
v 27.7236015 -354.064608 326.138806
v 135.726404 -14.0691996 126.386499
v 124.012303 -71.6418982 66.3332999
v 104.847395 4.5341 75.6503999
v -56.370002 -225.361109 425.799704
v -14.1916007 -191.788995 487.231302
v -52.0183027 -197.561097 506.927109
v 53.0990005 -263.101292 3.10350005
v 55.8146 -111.932898 9.96680036
v 85.5073988 -160.740995 17.0733005
v 32.4470997 -412.188387 124.454403
v -43.9343005 -390.445304 67.7121997
v 45.3092009 -423.914194 61.6059005
v -117.692995 -312.206197 230.223298
v -124.009895 -242.935991 222.824502
v -129.120195 -294.014096 177.394998
v -120.127702 225.92361 517.403078
v -130.607402 175.038004 501.463795
v -127.536404 175.079703 512.676096
v -137.201405 -252.259588 69.0394998
v -143.743801 -142.827702 114.291298
v -144.502199 -138.284898 59.1687977
v -138.829994 -247.645712 119.151294
v -137.201405 -252.259588 69.0394998
v 61.7757976 329.353404 277.9598
v 63.1713986 337.802505 255.061102
v 28.1856 328.225493 318.428993
v 105.081105 0.0935000018 58.8145971
v 114.733195 82.3149025 5.37770018
v 120.098102 51.5308976 70.2522993
v 53.0990005 -263.101292 3.10350005
v 85.5073988 -160.740995 17.0733005
v 76.3004005 -254.358506 10.8737998
v 70.3400016 -365.61749 9.80959982
v 76.3004005 -254.358506 10.8737998
v -150.8183 162.580097 42.5639004
v -150.995696 202.434993 3.45330015
v -146.912003 175.875902 3.96240018
v -52.048701 -15.4936001 556.736803
v -4.60800007 -69.6695983 520.403099
v 10.4273997 -18.3290005 506.1728
v -91.742301 309.309912 21.5296999
v -29.1256994 310.888195 6.60839975
v -46.0166991 250.504303 19.2101002
v -91.742301 309.309912 21.5296999
v -89.0260994 373.454309 13.9805004
v 26.6629994 251.308203 437.635183
v -39.3660992 300.146604 424.979591
v -32.7012002 257.330704 465.792418
v -137.780404 -48.7331986 259.561706
v -139.579904 6.04970008 206.690502
v -135.376096 -76.8073976 211.776996
v 85.5073988 -160.740995 17.0733005
v 117.706501 -58.9437008 11.4978001
v 137.135994 -147.591102 10.5160996
v -140.068698 56.6339016 406.229401
v -139.811003 124.948502 417.801619
v -144.206703 140.833795 353.675199
v 37.1300995 -363.994789 269.725895
v 52.5372982 -359.876394 231.254005
v 57.9293013 -363.089705 235.412097
v -141.128099 -12.9688993 323.368311
v -139.568996 -8.58459994 404.633999
v -140.068698 56.6339016 406.229401
v -52.4344981 -124.079704 563.528681
v -37.3504996 -128.351605 556.498098
v -54.4932008 -95.7518995 576.012516
v -64.4541979 68.0063009 23.4623998
v -39.4295007 -55.785799 14.0594006
v -88.6654973 0.883399975 16.3314998
v -97.8772998 307.5629 375.3232
v -106.105804 288.902497 438.636303
v -39.3660992 300.146604 424.979591
v -114.350903 -101.266098 578.866005
v -123.381805 -183.157897 564.161015
v -94.9728012 -196.374094 576.204491
v -102.340806 -212.136698 536.235619
v -58.0039978 -198.209906 528.053808
v -62.587899 -190.181804 532.934093
v 71.272099 355.279112 30.7224005
v 33.7511986 360.671997 28.2243997
v 42.6073015 384.456706 65.9267008
v 59.6041024 -359.913707 213.587809
v 44.0465987 -364.120507 214.543295
v 42.3319995 -359.657788 178.753495
v 148.948002 248.200893 125.082695
v 139.103901 257.759905 204.862094
v 134.028399 144.322205 199.263406
v 148.948002 248.200893 125.082695
v 139.212298 115.143704 147.529697
v -129.628098 -282.15251 69.0949023
v -129.248595 -338.529301 12.4551997
v -127.5985 -338.870502 70.6912994
v 96.7796981 -301.681304 236.636209
v 75.6727993 -289.512491 233.027911
v 81.7121029 -324.7648 173.401701
v -17.0578003 97.3203003 511.755705
v 31.1690003 40.4197991 491.962624
v 31.2584996 101.287305 485.413694
v -95.658201 -305.54359 341.925812
v -109.451497 -313.456511 281.045103
v -81.2564015 -352.597809 327.741599
v -149.896395 282.980609 10.1360999
v -141.031897 324.761796 17.7848995
v -151.705694 219.167709 8.92779976
v -151.522505 277.4333 80.103302
v -148.966205 263.063002 163.979399
v -146.976101 382.561207 158.122694
v -154.442096 225.846195 127.818894
v -151.522505 277.4333 80.103302
v -149.852705 268.200111 233.765101
v -146.976101 382.561207 158.122694
v 65.0618017 -303.07219 319.156599
v 56.0517013 -358.245206 322.613811
v 58.8756979 -363.11059 308.566689
v 61.7529988 323.698401 387.56001
v 45.5704004 276.905203 404.265881
v 65.1727021 248.643208 413.2761
v -148.117805 339.707208 264.825892
v -141.620696 359.044409 274.71509
v -146.976101 382.561207 158.122694
v 120.922506 5.69170006 166.140699
v 135.726404 -14.0691996 126.386499
v 115.602505 17.2183007 147.052097
v 128.486204 -277.658796 129.469895
v 130.8689 -290.146804 67.3186004
v 132.733297 -216.733694 66.4627016
v -151.312101 281.065392 15.1238993
v -151.522505 277.4333 80.103302
v -151.221204 362.024403 77.3254991
v -52.048701 -15.4936001 556.736803
v -117.670405 56.0918987 552.018881
v -120.3583 -9.12960023 558.321524
v 132.847202 -227.06759 224.649096
v 104.3908 -207.058692 249.783897
v 96.7796981 -301.681304 236.636209
v 110.872698 22.1529007 122.693503
v 104.847395 4.5341 75.6503999
v 120.098102 51.5308976 70.2522993
v -81.2564015 -352.597809 327.741599
v -41.0376012 -376.606011 271.871495
v -28.5650015 -389.951491 327.081895
v -79.796797 196.347594 505.537701
v -96.784699 131.814301 496.389294
v -22.2220004 98.4520972 506.326723
v 81.7121029 -324.7648 173.401701
v 67.8120017 -366.226697 131.379294
v 75.9872019 -277.680492 130.2338
v -145.409501 142.201996 348.496008
v -150.159705 141.139698 340.2601
v -150.366497 120.908403 324.369097
v -130.860102 402.227402 133.580005
v -130.004001 400.462389 83.929503
v -145.033395 401.266193 66.5965021
v 18.7570006 -411.925697 229.711699
v 37.8261 -390.409207 218.006992
v 35.1568997 -391.564202 273.918295
v 115.602505 17.2183007 147.052097
v 110.872698 22.1529007 122.693503
v 100.328505 26.0553002 155.7459
v 96.5309978 228.747702 415.565014
v 88.6717975 222.730899 449.83449
v 111.301303 156.680596 429.087591
v -149.896395 282.980609 10.1360999
v -146.274996 341.308689 12.5317007
v -141.031897 324.761796 17.7848995
v -119.405603 331.422496 294.170189
v -137.346804 299.046993 276.2609
v -137.524402 308.121896 321.742201
v 111.301303 156.680596 429.087591
v 102.307606 93.1258023 424.718714
v 127.624798 102.449703 387.849402
v -49.7125 -117.928696 19.4549993
v -42.7781999 -55.4374993 17.7079007
v -39.4295007 -55.785799 14.0594006
v -141.457403 -78.6117017 19.3097994
v -144.502199 -138.284898 59.1687977
v -144.383705 -87.578398 67.9526985
v -65.0674999 329.748106 308.807707
v -51.5290976 329.271197 259.650111
v -87.173301 319.664407 306.436706
v -148.735499 100.569904 171.514702
v -153.770494 4.82029989 135.141504
v -153.197801 -0.742499996 147.397399
v -148.735499 100.569904 171.514702
v -144.333196 32.5991005 202.296591
v 21.8440995 -416.028976 278.009701
v 7.95549974 -400.056982 328.473306
v -28.5650015 -389.951491 327.081895
v -140.272605 -257.579899 20.3336999
v -137.622404 -282.615495 5.60850017
v -129.628098 -282.15251 69.0949023
v -148.966205 263.063002 163.979399
v -149.359095 215.029097 197.009504
v -149.852705 268.200111 233.765101
v 123.436999 301.097703 282.276893
v 127.259195 230.13041 337.21869
v 124.850905 235.702205 274.428391
v -154.442096 225.846195 127.818894
v -156.8519 169.976294 126.044095
v -149.218905 173.888302 196.740401
v -149.218905 173.888302 196.740401
v -149.359095 215.029097 197.009504
v 110.872698 22.1529007 122.693503
v 130.789006 62.9849017 130.482697
v 113.315296 64.0177011 161.9313
v -149.896395 282.980609 10.1360999
v -154.860902 253.408098 1.67859998
v -151.312101 281.065392 15.1238993
v -146.494603 266.694403 257.814097
v -149.359095 215.029097 197.009504
v -149.218905 173.888302 196.740401
v -155.305696 -40.0041014 108.172405
v -155.587697 -20.9582999 52.729398
v -146.907103 -49.269399 71.014303
v 67.2069013 244.642305 14.8828
v 92.5185978 288.909888 26.7226011
v 94.6148992 223.240089 23.9469007
v 94.6148992 223.240089 23.9469007
v 69.5523977 170.853102 8.66060033
v 62.8391027 -28.0856997 12.5278994
v 63.6660993 47.2781986 20.9832996
v 97.0238984 1.58120003 8.16240013
v 60.8196974 -269.099998 331.047106
v 80.8107972 -208.953691 332.368588
v 48.8568991 -186.386299 341.703892
v -155.587697 -20.9582999 52.729398
v -153.198099 13.8525993 8.94189999
v -146.0186 -43.2428002 6.96400031
v 95.1201975 -66.9790983 359.117198
v 71.7189014 -6.05410002 423.590708
v 88.9665008 -82.0473015 361.303091
v -127.190602 370.097589 265.7655
v -130.860102 402.227402 133.580005
v -146.976101 382.561207 158.122694
v 156.203401 -118.471396 173.932099
v 144.663501 -124.105203 118.340194
v 151.938498 -102.302396 165.402496
v 97.4065006 -301.577902 127.904797
v 102.783203 -326.810288 174.037898
v 81.7121029 -324.7648 173.401701
v 45.5704004 276.905203 404.265881
v 26.6629994 251.308203 437.635183
v 53.2006979 231.873894 450.906706
v 144.663501 -124.105203 118.340194
v 139.378905 -143.501103 64.7171021
v 146.999705 -111.106503 116.257
v -154.796505 237.213302 60.3402972
v -154.860902 253.408098 1.67859998
v -151.705694 219.167709 8.92779976
v 101.396799 138.637304 8.56140032
v 120.783103 179.474103 14.4933
v 114.733195 82.3149025 5.37770018
v -123.381805 -183.157897 564.161015
v -139.6245 -91.9291973 552.470779
v -132.616401 -192.290604 518.596601
v 24.7485995 -178.195405 472.469282
v 52.9353023 -131.316495 425.099277
v 42.1341002 -140.635502 468.557119
v -102.340806 -212.136698 536.235619
v -62.587899 -190.181804 532.934093
v -101.132095 -210.217309 563.689613
v -142.601204 -97.9372978 116.069102
v -144.528198 -22.6071 160.380101
v -145.147705 -29.7955006 139.246202
v 108.566594 103.278399 203.22721
v 129.103696 140.588498 264.233208
v 111.982799 117.293501 259.846807
v -50.5506992 -394.135809 130.204999
v 21.2816 -415.649605 165.805399
v -47.5567013 -394.836092 173.894501
v -137.753296 288.471198 391.756606
v -97.8772998 307.5629 375.3232
v -132.243896 293.934608 363.113499
v 33.7511986 360.671997 28.2243997
v 70.1964974 318.872404 12.1660002
v 16.9556007 308.385801 20.4073995
v -102.700102 -102.799201 22.0483005
v -116.164696 -54.3738008 21.3213995
v -97.4947989 -36.4271998 17.1290994
v -131.612098 -129.047 421.400499
v -111.770105 -244.7016 350.170493
v -134.9859 -182.523799 439.968204
v -91.1731005 310.815501 347.695708
v -54.569 324.689794 352.837205
v -65.0674999 329.748106 308.807707
v -146.692502 148.898494 202.624106
v -148.735499 100.569904 171.514702
v -144.152701 125.866795 243.362904
v -52.048701 -15.4936001 556.736803
v -92.1902001 -60.4758978 571.702385
v -50.8341014 -38.1817013 556.6185
v 56.4710975 -346.67511 3.44090015
v 45.5623001 -430.833006 4.4013001
v 6.21230006 -386.810207 4.28530015
v -133.444202 -148.136902 208.366203
v -130.129802 -200.885701 270.884895
v -135.5582 -134.7386 255.552292
v 81.5877974 -275.087595 55.0239027
v 105.0964 -281.258202 10.8939998
v 100.374901 -304.587102 67.7109003
v 97.4065006 -301.577902 127.904797
v 75.9872019 -277.680492 130.2338
v 78.8133979 -278.994608 68.6338007
v -155.587697 -20.9582999 52.729398
v -153.419495 79.5913994 104.980397
v -152.975094 106.763196 58.8532984
v -153.419495 79.5913994 104.980397
v -153.420103 128.575003 107.660306
v -150.8183 162.580097 42.5639004
v -98.6828029 369.758105 222.578001
v -60.8672976 363.590193 196.837103
v -84.1889024 412.516594 130.996096
v -127.536404 175.079703 512.676096
v -134.753895 116.718102 502.799606
v -108.735394 95.9003985 516.153908
v -141.457403 -78.6117017 19.3097994
v -144.383705 -87.578398 67.9526985
v -146.907103 -49.269399 71.014303
v -85.4973018 430.833006 67.047298
v -84.1889024 412.516594 130.996096
v -19.1723004 371.258712 77.0962
v -19.1723004 371.258712 77.0962
v -41.0021007 403.652716 15.2695999
v 61.9257987 -268.405509 384.660292
v 26.7672002 -231.532097 403.98221
v 18.3229998 -305.958605 393.341494
v -15.1232004 369.945002 130.014503
v -0.740200002 337.418199 135.453105
v -5.53780012 348.732901 75.1699984
v -56.370002 -225.361109 425.799704
v -67.4403012 -221.645689 420.354414
v -97.537899 -248.0088 409.067678
v -131.406403 -295.303297 115.739799
v -129.120195 -294.014096 177.394998
v -136.589301 -241.266608 164.309096
v -137.753296 288.471198 391.756606
v -138.450503 257.170391 409.590387
v -131.2572 283.590007 413.239813
v 27.9493004 -410.490608 167.637098
v 21.2816 -415.649605 165.805399
v 33.4331989 -419.946194 138.4884
v 21.8440995 -416.028976 278.009701
v 35.1568997 -391.564202 273.918295
v 27.7236015 -354.064608 326.138806
v 117.706501 -58.9437008 11.4978001
v 85.5073988 -160.740995 17.0733005
v 55.8146 -111.932898 9.96680036
v -45.3251004 -383.553195 19.6541995
v -43.9343005 -390.445304 67.7121997
v -127.5985 -338.870502 70.6912994
v 90.1624024 150.439298 457.299089
v 84.1741025 100.3497 456.939077
v 102.307606 93.1258023 424.718714
v 81.5877974 -275.087595 55.0239027
v 78.8133979 -278.994608 68.6338007
v 70.3400016 -365.61749 9.80959982
v -89.8580015 409.330702 115.6443
v -85.4973018 430.833006 67.047298
v -130.004001 400.462389 83.929503
v 100.374901 -304.587102 67.7109003
v 105.868495 -292.603207 70.0281978
v 128.486204 -277.658796 129.469895
v -134.300804 -203.288388 514.912415
v -131.602097 -200.897408 533.544016
v -132.616401 -192.290604 518.596601
v -147.848701 181.748199 363.1387
v -150.081897 189.928305 359.968591
v -148.355603 183.205497 348.479104
v 105.583501 -182.593 12.4857999
v 76.3004005 -254.358506 10.8737998
v 85.5073988 -160.740995 17.0733005
v -95.6497014 312.7671 339.0944
v -91.6782022 303.284693 342.462897
v -91.1731005 310.815501 347.695708
v -146.868205 196.910095 330.146909
v -144.218194 213.367295 325.168705
v -143.694401 219.099903 296.173692
v 100.328505 26.0553002 155.7459
v 105.094504 36.5612 184.762597
v 104.653203 19.8972002 184.840703
v -153.197801 -0.742499996 147.397399
v -153.770494 4.82029989 135.141504
v -156.518495 -11.0498004 128.660798
v 60.8196974 -269.099998 331.047106
v 68.0348992 -270.8987 325.664401
v 73.7982988 -240.4778 323.978996
v 135.357106 146.181095 379.546404
v 127.259195 230.13041 337.21869
v 127.583504 226.770401 394.827008
v 37.1861994 -385.983801 174.535
v 34.5678985 -375.628901 168.075597
v 42.3319995 -359.657788 178.753495
v -62.5395 -348.722291 6.53799996
v -50.2022982 -374.796295 0
v -45.3251004 -383.553195 19.6541995
v -136.890602 -252.159309 8.48269984
v -137.622404 -282.615495 5.60850017
v -140.272605 -257.579899 20.3336999
v 121.412599 350.173998 30.1661015
v 121.792197 331.611705 19.3620995
v 115.831602 331.111407 26.2434006
v 119.8843 317.818499 274.773407
v 121.356106 301.700211 295.80121
v 123.436999 301.097703 282.276893
v 124.310398 161.877298 390.2071
v 134.472096 131.769896 389.779806
v 135.357106 146.181095 379.546404
v -142.578602 252.172709 399.166489
v -140.371001 236.590195 415.443707
v -138.450503 257.170391 409.590387
v -144.836795 265.359592 259.9962
v -142.504895 266.765308 273.711896
v -140.778399 276.559901 266.912508
v -152.455795 179.571402 56.8539977
v -150.995696 202.434993 3.45330015
v -150.8183 162.580097 42.5639004
v 34.5678985 -375.628901 168.075597
v 31.9123 -388.67681 183.628798
v 27.9493004 -410.490608 167.637098
v -143.201005 -1.28570003 511.306477
v -144.520497 11.0577002 495.78042
v -144.269097 -9.65140015 510.663509
v -52.4344981 -124.079704 563.528681
v -58.6495996 -113.840497 568.654823
v -65.428102 -120.160794 579.452991
v 52.5372982 -359.876394 231.254005
v 59.6041024 -359.913707 213.587809
v 61.9731009 -353.782701 224.897504
v -128.254402 -345.199895 126.218998
v -129.860497 -331.904697 118.076897
v -127.884603 -342.194104 109.052396
v 124.017406 56.2256992 346.129298
v 122.966099 66.2349999 351.806402
v 121.013606 60.2331996 368.962097
v 146.201396 -42.0489997 164.974499
v 137.587905 -29.0131003 153.038704
v 137.962699 -19.9793994 167.1031
v -140.267003 -21.9699994 13.2045999
v -97.4947989 -36.4271998 17.1290994
v -116.164696 -54.3738008 21.3213995
v 119.8843 317.818499 274.773407
v 63.1713986 337.802505 255.061102
v 61.7757976 329.353404 277.9598
v -54.6082973 -138.816404 13.5929003
v -49.7125 -117.928696 19.4549993
v 16.1384001 -213.291597 22.7871999
v 144.663501 -124.105203 118.340194
v 146.999705 -111.106503 116.257
v 151.938498 -102.302396 165.402496
v 124.958801 191.013801 399.626899
v 124.310398 161.877298 390.2071
v 135.357106 146.181095 379.546404
v -14.1916007 -191.788995 487.231302
v 21.9123006 -195.925605 468.349695
v 24.7485995 -178.195405 472.469282
v -66.0205007 367.863107 17.0754999
v -89.9348021 411.13472 15.5744001
v -41.0021007 403.652716 15.2695999
v 48.8568991 -186.386299 341.703892
v 23.9063993 -220.352507 418.251896
v 26.7672002 -231.532097 403.98221
v -150.995696 202.434993 3.45330015
v -152.455795 179.571402 56.8539977
v -154.584503 192.744303 65.9226
v -133.444202 -148.136902 208.366203
v -135.5582 -134.7386 255.552292
v -135.029101 -119.721401 242.8478
v 110.898101 90.8900976 175.460994
v 105.094504 36.5612 184.762597
v 113.315296 64.0177011 161.9313
v -35.5659992 246.155691 16.1735997
v -43.6361998 156.840098 20.0611994
v -55.0813973 162.729001 29.5248002
v 33.108601 296.158004 248.057008
v -34.5896989 312.996292 208.3673
v -37.2864991 312.052393 212.142706
v -120.2075 -257.494593 269.235802
v -116.568899 -262.576389 286.152005
v -130.129802 -200.885701 270.884895
v 55.8146 -111.932898 9.96680036
v 62.8391027 -28.0856997 12.5278994
v 72.319603 -27.6504993 8.96200016
v -144.234395 191.890705 401.590395
v -145.067203 252.150798 365.321589
v -145.711899 236.999798 367.691493
v -147.848701 181.748199 363.1387
v -144.234395 191.890705 401.590395
v -145.146406 193.909204 374.331808
v -144.206703 140.833795 353.675199
v -145.409501 142.201996 348.496008
v -143.787098 113.703299 344.922495
v 44.0465987 -364.120507 214.543295
v 59.6041024 -359.913707 213.587809
v 52.5372982 -359.876394 231.254005
v -103.647196 -222.465301 519.774199
v -52.0183027 -197.561097 506.927109
v -58.0039978 -198.209906 528.053808
v 39.3449008 -401.148319 148.598099
v 34.5678985 -375.628901 168.075597
v 27.9493004 -410.490608 167.637098
v 61.7614985 -354.440403 343.710589
v 56.0517013 -358.245206 322.613811
v 65.0618017 -303.07219 319.156599
v -44.8386997 -68.857199 569.6908
v -54.4932008 -95.7518995 576.012516
v -37.3504996 -128.351605 556.498098
v 6.21230006 -386.810207 4.28530015
v 13.1923005 -371.811795 9.96859968
v 56.4710975 -346.67511 3.44090015
v 53.0990005 -263.101292 3.10350005
v 47.4256992 -283.2371 6.64020032
v 10.2443002 -234.621191 16.1347002
v 100.328505 26.0553002 155.7459
v 104.653203 19.8972002 184.840703
v 120.922506 5.69170006 166.140699
v -137.853396 -99.8862028 297.608995
v -137.4874 -120.435297 301.409698
v -131.612098 -129.047 421.400499
v -43.6361998 156.840098 20.0611994
v -64.4541979 68.0063009 23.4623998
v -72.5494981 78.8914979 21.2413996
v 44.0465987 -364.120507 214.543295
v 41.0896987 -376.261997 232.575893
v 37.1861994 -385.983801 174.535
v -56.7968011 -372.270799 221.849895
v 23.1105998 -412.164688 218.523598
v 18.7570006 -411.925697 229.711699
v -92.1902001 -60.4758978 571.702385
v -116.632903 -66.6485012 565.376902
v -54.4932008 -95.7518995 576.012516
v -146.868205 196.910095 330.146909
v -143.694401 219.099903 296.173692
v -151.250696 145.665503 335.018396
v 108.566594 103.278399 203.22721
v 105.094504 36.5612 184.762597
v 110.898101 90.8900976 175.460994
v 93.2834029 379.269409 81.2436998
v 96.9909012 365.401006 66.811502
v 89.3335998 355.381799 38.2683009
v 115.831602 331.111407 26.2434006
v 71.272099 355.279112 30.7224005
v 89.3335998 355.381799 38.2683009
v 8.73510018 304.811597 13.2378995
v 16.9556007 308.385801 20.4073995
v 13.5594994 242.839098 9.79330018
v -145.147705 -29.7955006 139.246202
v -144.528198 -22.6071 160.380101
v -153.197801 -0.742499996 147.397399
v -136.254001 82.8778028 5.81669994
v -130.369699 83.6691976 16.4993003
v -140.267003 -21.9699994 13.2045999
v -17.0578003 97.3203003 511.755705
v -0.0241000002 167.564797 489.84251
v -9.41189975 163.3425 487.149906
v -106.323802 -179.049504 18.8885003
v -116.164696 -54.3738008 21.3213995
v -102.700102 -102.799201 22.0483005
v -124.588096 414.661312 59.1517985
v -130.004001 400.462389 83.929503
v -85.4973018 430.833006 67.047298
v -130.607402 175.038004 501.463795
v -137.363195 112.878203 493.757486
v -134.753895 116.718102 502.799606
v -136.890602 -252.159309 8.48269984
v -62.5395 -348.722291 6.53799996
v -80.0020993 -365.2246 4.48720008
v -140.184605 -26.9311011 407.93829
v -139.568996 -8.58459994 404.633999
v -141.128099 -12.9688993 323.368311
v 105.081105 0.0935000018 58.8145971
v 104.847395 4.5341 75.6503999
v 124.012303 -71.6418982 66.3332999
v -155.587697 -20.9582999 52.729398
v -152.784395 35.7248008 12.2322999
v -153.198099 13.8525993 8.94189999
v -128.254402 -345.199895 126.218998
v -127.884603 -342.194104 109.052396
v -53.7918985 -397.388101 107.191396
v 113.315296 64.0177011 161.9313
v 137.478399 94.8319018 132.171094
v 139.212298 115.143704 147.529697
v 101.525998 215.534306 19.8670998
v 94.6148992 223.240089 23.9469007
v 92.5185978 288.909888 26.7226011
v -139.701295 55.9188008 492.332077
v -144.520497 11.0577002 495.78042
v -143.201005 -1.28570003 511.306477
v 128.568995 -204.536009 14.7936001
v 133.3179 -215.269208 24.3379995
v 128.614402 -278.140807 23.5602006
v -127.326202 408.52499 17.2592998
v -90.3248012 426.242495 16.3132995
v -89.9348021 411.13472 15.5744001
v -18.0315003 -76.2907982 539.485121
v -4.60800007 -69.6695983 520.403099
v -52.048701 -15.4936001 556.736803
v 138.289106 -63.1154001 241.124797
v 137.087405 -84.7799003 241.42971
v 146.201396 -42.0489997 164.974499
v -69.2076981 -185.579205 557.532787
v -62.587899 -190.181804 532.934093
v -52.4344981 -124.079704 563.528681
v -52.0183027 -197.561097 506.927109
v -23.4855995 -129.212701 545.002317
v -37.3504996 -128.351605 556.498098
v -101.132095 -210.217309 563.689613
v -62.587899 -190.181804 532.934093
v -69.2076981 -185.579205 557.532787
v -144.836795 265.359592 259.9962
v -146.750605 151.206398 192.398
v -146.692502 148.898494 202.624106
v -123.381805 -183.157897 564.161015
v -102.340806 -212.136698 536.235619
v -101.132095 -210.217309 563.689613
v 114.6806 297.686195 401.21851
v 122.832799 224.192095 400.655985
v 117.121994 311.684489 348.4694
v 117.121994 311.684489 348.4694
v 127.583504 226.770401 394.827008
v 127.259195 230.13041 337.21869
v 6.21230006 -386.810207 4.28530015
v 45.5623001 -430.833006 4.4013001
v -45.3251004 -383.553195 19.6541995
v -134.108198 192.028201 431.509686
v -121.767497 237.060094 450.3685
v -140.371001 236.590195 415.443707
v -140.371001 236.590195 415.443707
v -121.767497 237.060094 450.3685
v -138.450503 257.170391 409.590387
v -148.674095 140.004098 5.84269986
v -136.254001 82.8778028 5.81669994
v -152.784395 35.7248008 12.2322999
v -152.784395 35.7248008 12.2322999
v -136.254001 82.8778028 5.81669994
v -153.198099 13.8525993 8.94189999
v -135.029101 -119.721401 242.8478
v -137.780404 -48.7331986 259.561706
v -135.376096 -76.8073976 211.776996
v -137.780404 -48.7331986 259.561706
v -135.029101 -119.721401 242.8478
v -138.669598 -64.1596973 266.838789
v -138.669598 -64.1596973 266.838789
v -135.5582 -134.7386 255.552292
v -137.853396 -99.8862028 297.608995
v -137.853396 -99.8862028 297.608995
v -135.5582 -134.7386 255.552292
v -136.4972 -112.955296 293.925595
v -28.5650015 -389.951491 327.081895
v 11.6608001 -357.421708 333.639407
v -35.4772002 -341.141391 336.690998
v -15.1232004 369.945002 130.014503
v -28.2288998 342.845893 212.894392
v -0.740200002 337.418199 135.453105
v -91.6782022 303.284693 342.462897
v -126.366305 312.323093 333.028507
v -132.243896 293.934608 363.113499
v 156.8519 -152.131402 225.817895
v 104.3908 -207.058692 249.783897
v 132.847202 -227.06759 224.649096
v 137.797403 256.667399 72.9942024
v 120.783103 179.474103 14.4933
v 126.672995 257.089496 14.4743994
v -14.1916007 -191.788995 487.231302
v -5.78310005 -230.46279 428.11141
v 21.9123006 -195.925605 468.349695
v 21.9123006 -195.925605 468.349695
v -5.78310005 -230.46279 428.11141
v 23.9063993 -220.352507 418.251896
v -142.578602 252.172709 399.166489
v -142.7665 256.144404 372.913194
v -145.067203 252.150798 365.321589
v -139.394999 283.67939 380.588293
v -140.113497 285.313797 349.384093
v -142.7665 256.144404 372.913194
v -142.7665 256.144404 372.913194
v -140.113497 285.313797 349.384093
v -145.067203 252.150798 365.321589
v -145.067203 252.150798 365.321589
v -140.113497 285.313797 349.384093
v -143.182194 247.376704 336.2005
v -144.234395 191.890705 401.590395
v -142.578602 252.172709 399.166489
v -145.067203 252.150798 365.321589
v -142.578602 252.172709 399.166489
v -144.234395 191.890705 401.590395
v -140.371001 236.590195 415.443707
v -135.376096 -76.8073976 211.776996
v -138.870001 -94.7712004 162.336397
v -136.280501 -134.643996 197.338998
v -106.323802 -179.049504 18.8885003
v -136.890602 -252.159309 8.48269984
v -141.302896 -225.474095 13.6538997
v -28.2288998 342.845893 212.894392
v -37.2864991 312.052393 212.142706
v -34.5896989 312.996292 208.3673
v -65.428102 -120.160794 579.452991
v -54.4932008 -95.7518995 576.012516
v -114.350903 -101.266098 578.866005
v -114.350903 -101.266098 578.866005
v -54.4932008 -95.7518995 576.012516
v -116.632903 -66.6485012 565.376902
v 105.583501 -182.593 12.4857999
v 134.257698 -197.281599 13.5309994
v 128.568995 -204.536009 14.7936001
v 67.5068974 327.747512 340.960789
v 54.8496008 316.8257 381.603694
v 61.7529988 323.698401 387.56001
v -129.120195 -294.014096 177.394998
v -131.406403 -295.303297 115.739799
v -121.672797 -331.818008 175.980306
v -121.672797 -331.818008 175.980306
v -131.406403 -295.303297 115.739799
v -128.254402 -345.199895 126.218998
v -1.97589993 -83.6519003 524.12591
v 42.1341002 -140.635502 468.557119
v 50.0630021 -83.6048007 469.447613
v 40.5793995 330.092597 182.277
v 35.1934999 286.214209 196.2749
v 32.9445004 341.50269 236.001897
v 32.9445004 341.50269 236.001897
v 33.108601 296.158004 248.057008
v 28.5021007 290.961409 268.819189
v -144.269097 -9.65140015 510.663509
v -141.981101 -48.2470006 540.426111
v -143.201005 -1.28570003 511.306477
v 127.624798 102.449703 387.849402
v 122.966099 66.2349999 351.806402
v 131.287098 107.546496 338.1809
v 62.8391027 -28.0856997 12.5278994
v 55.8146 -111.932898 9.96680036
v 30.3965002 -38.7611002 11.1138999
v 6.21230006 -386.810207 4.28530015
v -45.3251004 -383.553195 19.6541995
v -50.2022982 -374.796295 0
v 96.9981015 322.043204 393.15269
v 67.5068974 327.747512 340.960789
v 61.7529988 323.698401 387.56001
v -90.3248012 426.242495 16.3132995
v -124.588096 414.661312 59.1517985
v -85.4973018 430.833006 67.047298
v 148.948002 248.200893 125.082695
v 123.324096 133.390999 79.5701027
v 137.797403 256.667399 72.9942024
v -148.355603 183.205497 348.479104
v -150.081897 189.928305 359.968591
v -146.868205 196.910095 330.146909
v -146.868205 196.910095 330.146909
v -145.711899 236.999798 367.691493
v -144.218194 213.367295 325.168705
v -150.081897 189.928305 359.968591
v -145.711899 236.999798 367.691493
v -146.868205 196.910095 330.146909
v -106.105804 288.902497 438.636303
v -43.501699 273.641992 461.813021
v -39.3660992 300.146604 424.979591
v -130.004001 400.462389 83.929503
v -139.939702 391.447806 4.42119986
v -145.033395 401.266193 66.5965021
v 41.0896987 -376.261997 232.575893
v 35.1568997 -391.564202 273.918295
v 37.8261 -390.409207 218.006992
v 93.2834029 379.269409 81.2436998
v 42.6073015 384.456706 65.9267008
v 49.1818011 364.603901 136.849594
v 8.73510018 304.811597 13.2378995
v 5.68130016 249.235201 11.8284002
v -29.1256994 310.888195 6.60839975
v -52.048701 -15.4936001 556.736803
v -108.735394 95.9003985 516.153908
v -117.670405 56.0918987 552.018881
v 80.8107972 -208.953691 332.368588
v 88.9665008 -82.0473015 361.303091
v 48.8568991 -186.386299 341.703892
v 42.1341002 -140.635502 468.557119
v 52.9353023 -131.316495 425.099277
v 50.0630021 -83.6048007 469.447613
v -52.0183027 -197.561097 506.927109
v -103.647196 -222.465301 519.774199
v -56.370002 -225.361109 425.799704
v -139.568996 -8.58459994 404.633999
v -144.520497 11.0577002 495.78042
v -140.068698 56.6339016 406.229401
v -139.394999 283.67939 380.588293
v -132.243896 293.934608 363.113499
v -140.113497 285.313797 349.384093
v 16.1384001 -213.291597 22.7871999
v 55.8146 -111.932898 9.96680036
v 53.0990005 -263.101292 3.10350005
v 32.4470997 -412.188387 124.454403
v -50.5506992 -394.135809 130.204999
v -43.9343005 -390.445304 67.7121997
v 32.4470997 -412.188387 124.454403
v 21.2816 -415.649605 165.805399
v -43.9343005 -390.445304 67.7121997
v -50.5506992 -394.135809 130.204999
v -53.7918985 -397.388101 107.191396
v 64.0969992 -272.8477 341.711998
v 63.5933995 -332.711196 384.097505
v 61.7614985 -354.440403 343.710589
v -117.692995 -312.206197 230.223298
v -121.672797 -331.818008 175.980306
v -56.7968011 -372.270799 221.849895
v 45.3092009 -423.914194 61.6059005
v -45.3251004 -383.553195 19.6541995
v 45.5623001 -430.833006 4.4013001
v 39.4753993 -405.691004 127.245498
v 45.3092009 -423.914194 61.6059005
v 67.8120017 -366.226697 131.379294
v 67.8120017 -366.226697 131.379294
v 45.3092009 -423.914194 61.6059005
v 71.4945972 -352.116203 60.7647002
v 137.962699 -19.9793994 167.1031
v 115.044999 -39.8162007 235.008407
v 138.289106 -63.1154001 241.124797
v -135.367703 212.235904 3.6646001
v -151.705694 219.167709 8.92779976
v -141.031897 324.761796 17.7848995
v -151.705694 219.167709 8.92779976
v -135.367703 212.235904 3.6646001
v -150.995696 202.434993 3.45330015
v -0.0241000002 167.564797 489.84251
v 31.2584996 101.287305 485.413694
v 35.5634987 157.584298 475.795984
v -143.694401 219.099903 296.173692
v -146.692502 148.898494 202.624106
v -144.152701 125.866795 243.362904
v -146.692502 148.898494 202.624106
v -146.750605 151.206398 192.398
v -148.735499 100.569904 171.514702
v -148.735499 100.569904 171.514702
v -153.420103 128.575003 107.660306
v -153.419495 79.5913994 104.980397
v -150.619698 137.784398 120.108104
v -153.420103 128.575003 107.660306
v -148.735499 100.569904 171.514702
v 111.713803 61.6509974 248.965597
v 106.545997 7.54949972 347.805405
v 99.5122015 1.1039 237.111211
v -146.494603 266.694403 257.814097
v -144.836795 265.359592 259.9962
v -140.521801 317.453003 280.728793
v -140.521801 317.453003 280.728793
v -140.778399 276.559901 266.912508
v -137.346804 299.046993 276.2609
v -121.767497 237.060094 450.3685
v -104.665506 287.196302 485.330009
v -106.105804 288.902497 438.636303
v -150.873697 158.144999 347.814798
v -150.159705 141.139698 340.2601
v -152.911305 172.981298 358.035111
v -152.911305 172.981298 358.035111
v -145.409501 142.201996 348.496008
v -147.848701 181.748199 363.1387
v -150.159705 141.139698 340.2601
v -145.409501 142.201996 348.496008
v -152.911305 172.981298 358.035111
v -147.848701 181.748199 363.1387
v -144.206703 140.833795 353.675199
v -137.077796 180.5444 364.429903
v -134.108198 192.028201 431.509686
v -137.077796 180.5444 364.429903
v -139.811003 124.948502 417.801619
v -139.811003 124.948502 417.801619
v -137.077796 180.5444 364.429903
v -144.206703 140.833795 353.675199
v -44.8386997 -68.857199 569.6908
v -23.4855995 -129.212701 545.002317
v -18.0315003 -76.2907982 539.485121
v 0.330600003 349.522591 12.9730001
v -23.4464005 301.799989 74.4234979
v -29.1256994 310.888195 6.60839975
v -95.6497014 312.7671 339.0944
v -119.405603 331.422496 294.170189
v -126.366305 312.323093 333.028507
v 69.5523977 170.853102 8.66060033
v 101.525998 215.534306 19.8670998
v 101.396799 138.637304 8.56140032
v -4.25449982 92.2486007 15.6334996
v -43.6361998 156.840098 20.0611994
v 3.29869986 168.771601 3.71440016
v 3.29869986 168.771601 3.71440016
v 1.71809997 185.903704 0.915599987
v 120.098102 51.5308976 70.2522993
v 137.478399 94.8319018 132.171094
v 130.789006 62.9849017 130.482697
v 35.5634987 157.584298 475.795984
v 84.1741025 100.3497 456.939077
v 90.1624024 150.439298 457.299089
v 106.545997 7.54949972 347.805405
v 100.595498 6.42319992 363.745999
v 112.6513 -14.7020996 334.647989
v 112.6513 -14.7020996 334.647989
v 95.1201975 -66.9790983 359.117198
v 105.413103 -93.5948014 342.715311
v 101.525998 215.534306 19.8670998
v 92.5185978 288.909888 26.7226011
v 126.672995 257.089496 14.4743994
v 126.672995 257.089496 14.4743994
v 92.5185978 288.909888 26.7226011
v 121.792197 331.611705 19.3620995
v -120.127702 225.92361 517.403078
v -96.784699 131.814301 496.389294
v -79.796797 196.347594 505.537701
v -5.3661 -140.5442 515.010118
v 24.7485995 -178.195405 472.469282
v 42.1341002 -140.635502 468.557119
v -135.5582 -134.7386 255.552292
v -137.4874 -120.435297 301.409698
v -136.4972 -112.955296 293.925595
v 35.5634987 157.584298 475.795984
v 83.7261021 199.294198 476.418018
v 42.5300002 205.53019 467.595816
v -144.333196 32.5991005 202.296591
v -144.528198 -22.6071 160.380101
v -139.579904 6.04970008 206.690502
v -130.369699 83.6691976 16.4993003
v -97.4947989 -36.4271998 17.1290994
v -140.267003 -21.9699994 13.2045999
v -129.628098 -282.15251 69.0949023
v -138.829994 -247.645712 119.151294
v -137.201405 -252.259588 69.0394998
v 118.207598 369.48359 136.876595
v 141.038096 328.60651 213.537502
v 140.959406 342.791796 135.158598
v 141.038096 328.60651 213.537502
v 139.103901 257.759905 204.862094
v 140.959406 342.791796 135.158598
v 140.959406 342.791796 135.158598
v 139.103901 257.759905 204.862094
v 148.948002 248.200893 125.082695
v -137.524402 308.121896 321.742201
v -132.243896 293.934608 363.113499
v -126.366305 312.323093 333.028507
v -129.750395 271.265697 9.41490009
v -55.0813973 162.729001 29.5248002
v -117.278504 167.7356 17.6210001
v 20.1192006 297.123098 340.262008
v -39.3660992 300.146604 424.979591
v 45.5704004 276.905203 404.265881
v 63.6660993 47.2781986 20.9832996
v 62.8391027 -28.0856997 12.5278994
v 30.3965002 -38.7611002 11.1138999
v 131.287098 107.546496 338.1809
v 124.017406 56.2256992 346.129298
v 111.982799 117.293501 259.846807
v 111.982799 117.293501 259.846807
v 124.017406 56.2256992 346.129298
v 111.713803 61.6509974 248.965597
v 105.868495 -292.603207 70.0281978
v 128.614402 -278.140807 23.5602006
v 130.8689 -290.146804 67.3186004
v 128.614402 -278.140807 23.5602006
v 100.374901 -304.587102 67.7109003
v 129.255104 -283.654904 9.05219987
v 129.255104 -283.654904 9.05219987
v 100.374901 -304.587102 67.7109003
v 105.0964 -281.258202 10.8939998
v -1.97589993 -83.6519003 524.12591
v -23.4855995 -129.212701 545.002317
v -5.3661 -140.5442 515.010118
v 23.1105998 -412.164688 218.523598
v -47.5567013 -394.836092 173.894501
v 21.2816 -415.649605 165.805399
v -103.647196 -222.465301 519.774199
v -134.9859 -182.523799 439.968204
v -97.537899 -248.0088 409.067678
v -85.7194006 -278.977299 401.253414
v -111.770105 -244.7016 350.170493
v -95.658201 -305.54359 341.925812
v 126.381302 -301.857996 219.723392
v 102.783203 -326.810288 174.037898
v 133.116901 -301.7524 173.108697
v -19.1723004 371.258712 77.0962
v -5.53780012 348.732901 75.1699984
v -16.3908005 371.87531 15.5671999
v 124.850905 235.702205 274.428391
v 135.357106 146.181095 379.546404
v 129.103696 140.588498 264.233208
v -121.767497 237.060094 450.3685
v -120.127702 225.92361 517.403078
v -104.665506 287.196302 485.330009
v -130.607402 175.038004 501.463795
v -120.127702 225.92361 517.403078
v -53.7918985 -397.388101 107.191396
v -127.5985 -338.870502 70.6912994
v -43.9343005 -390.445304 67.7121997
v -122.150004 -52.8342009 567.8617
v -114.350903 -101.266098 578.866005
v -116.632903 -66.6485012 565.376902
v -135.156906 -105.762601 418.859291
v -133.933997 -132.929599 425.696898
v -140.184605 -26.9311011 407.93829
v 77.7127981 -217.615294 238.49299
v 68.0348992 -270.8987 325.664401
v 75.6727993 -289.512491 233.027911
v -51.5290976 329.271197 259.650111
v 28.5021007 290.961409 268.819189
v -37.2864991 312.052393 212.142706
v -153.420103 128.575003 107.660306
v -150.619698 137.784398 120.108104
v -156.8519 169.976294 126.044095
v -4.25449982 92.2486007 15.6334996
v -64.4541979 68.0063009 23.4623998
v -43.6361998 156.840098 20.0611994
v -133.933997 -132.929599 425.696898
v -134.9859 -182.523799 439.968204
v -132.616401 -192.290604 518.596601
v -97.8772998 307.5629 375.3232
v -91.6782022 303.284693 342.462897
v -132.243896 293.934608 363.113499
v 64.0969992 -272.8477 341.711998
v 60.8196974 -269.099998 331.047106
v 61.9257987 -268.405509 384.660292
v 25.9187996 -253.302407 339.977908
v 26.7672002 -231.532097 403.98221
v 61.9257987 -268.405509 384.660292
v -143.694401 219.099903 296.173692
v -148.773503 147.461295 287.685895
v -151.250696 145.665503 335.018396
v 111.713803 61.6509974 248.965597
v 99.5122015 1.1039 237.111211
v 105.094504 36.5612 184.762597
v -102.700102 -102.799201 22.0483005
v -49.7125 -117.928696 19.4549993
v -96.5102017 -183.882797 12.3754002
v -96.5102017 -183.882797 12.3754002
v -54.6082973 -138.816404 13.5929003
v -68.7246978 -209.075403 16.6437998
v 57.9293013 -363.089705 235.412097
v 65.0618017 -303.07219 319.156599
v 58.8756979 -363.11059 308.566689
v 65.0618017 -303.07219 319.156599
v 75.6727993 -289.512491 233.027911
v 68.0348992 -270.8987 325.664401
v 75.6727993 -289.512491 233.027911
v 57.9293013 -363.089705 235.412097
v 61.9731009 -353.782701 224.897504
v -139.701295 55.9188008 492.332077
v -139.811003 124.948502 417.801619
v -140.068698 56.6339016 406.229401
v -4.25449982 92.2486007 15.6334996
v 55.4787993 117.623794 16.0383001
v 63.6660993 47.2781986 20.9832996
v 101.396799 138.637304 8.56140032
v 97.0238984 1.58120003 8.16240013
v 63.6660993 47.2781986 20.9832996
v 42.6073015 384.456706 65.9267008
v 30.8456987 307.719994 136.988902
v 49.1818011 364.603901 136.849594
v 70.3400016 -365.61749 9.80959982
v 45.3092009 -423.914194 61.6059005
v 45.5623001 -430.833006 4.4013001
v 18.7570006 -411.925697 229.711699
v -41.0376012 -376.606011 271.871495
v -56.7968011 -372.270799 221.849895
v -145.737398 65.7294989 262.269211
v -148.735499 100.569904 171.514702
v -144.333196 32.5991005 202.296591
v 137.797403 256.667399 72.9942024
v 121.792197 331.611705 19.3620995
v 131.081498 347.0788 64.5407021
v 131.081498 347.0788 64.5407021
v 121.792197 331.611705 19.3620995
v 121.412599 350.173998 30.1661015
v -17.0582995 290.446496 133.148205
v 22.1811995 311.500812 69.1911995
v -23.4464005 301.799989 74.4234979
v -133.444202 -148.136902 208.366203
v -136.589301 -241.266608 164.309096
v -130.822599 -211.460209 212.984204
v -136.589301 -241.266608 164.309096
v -133.444202 -148.136902 208.366203
v -140.123904 -140.980899 159.703898
v -54.1170001 -289.526796 405.5089
v -5.78310005 -230.46279 428.11141
v -56.370002 -225.361109 425.799704
v 78.8133979 -278.994608 68.6338007
v 67.8120017 -366.226697 131.379294
v 71.4945972 -352.116203 60.7647002
v 70.3400016 -365.61749 9.80959982
v 71.4945972 -352.116203 60.7647002
v 67.8120017 -366.226697 131.379294
v 78.8133979 -278.994608 68.6338007
v 75.9872019 -277.680492 130.2338
v -149.5736 363.527107 1.33199999
v -145.033395 401.266193 66.5965021
v -139.939702 391.447806 4.42119986
v 132.847202 -227.06759 224.649096
v 144.508898 -232.543802 174.809206
v 156.8519 -152.131402 225.817895
v 84.1741025 100.3497 456.939077
v 95.3154981 49.6032 426.521397
v 102.307606 93.1258023 424.718714
v -124.009895 -242.935991 222.824502
v -130.129802 -200.885701 270.884895
v -130.822599 -211.460209 212.984204
v -32.7012002 257.330704 465.792418
v -0.0241000002 167.564797 489.84251
v 20.1207995 230.6494 483.459377
v 115.044999 -39.8162007 235.008407
v 104.653203 19.8972002 184.840703
v 99.5122015 1.1039 237.111211
v -138.829994 -247.645712 119.151294
v -140.123904 -140.980899 159.703898
v -143.743801 -142.827702 114.291298
v -144.333196 32.5991005 202.296591
v -138.1567 28.808701 263.179302
v -145.737398 65.7294989 262.269211
v 146.201396 -42.0489997 164.974499
v 137.087405 -84.7799003 241.42971
v 151.938498 -102.302396 165.402496
v 151.938498 -102.302396 165.402496
v 137.087405 -84.7799003 241.42971
v 156.203401 -118.471396 173.932099
v -68.7246978 -209.075403 16.6437998
v -106.323802 -179.049504 18.8885003
v -96.5102017 -183.882797 12.3754002
v -106.323802 -179.049504 18.8885003
v -62.5395 -348.722291 6.53799996
v -136.890602 -252.159309 8.48269984
v -1.97589993 -83.6519003 524.12591
v 10.4273997 -18.3290005 506.1728
v -4.60800007 -69.6695983 520.403099
v 139.103901 257.759905 204.862094
v 129.103696 140.588498 264.233208
v 134.028399 144.322205 199.263406
v 65.1727021 248.643208 413.2761
v 88.6717975 222.730899 449.83449
v 96.5309978 228.747702 415.565014
v -62.587899 -190.181804 532.934093
v -37.3504996 -128.351605 556.498098
v -52.4344981 -124.079704 563.528681
v 63.0472004 -11.7091998 468.827105
v 60.333401 -81.1726987 442.763996
v 71.7189014 -6.05410002 423.590708
v -151.221204 362.024403 77.3254991
v -146.976101 382.561207 158.122694
v -145.033395 401.266193 66.5965021
v 88.6717975 222.730899 449.83449
v 90.1624024 150.439298 457.299089
v 111.301303 156.680596 429.087591
v 77.7127981 -217.615294 238.49299
v 105.413103 -93.5948014 342.715311
v 73.7982988 -240.4778 323.978996
v -148.117805 339.707208 264.825892
v -146.494603 266.694403 257.814097
v -140.521801 317.453003 280.728793
v 24.7485995 -178.195405 472.469282
v 23.9063993 -220.352507 418.251896
v 52.9353023 -131.316495 425.099277
v 52.9353023 -131.316495 425.099277
v 23.9063993 -220.352507 418.251896
v 48.8568991 -186.386299 341.703892
v 67.8120017 -366.226697 131.379294
v 39.3449008 -401.148319 148.598099
v 39.4753993 -405.691004 127.245498
v 39.3449008 -401.148319 148.598099
v 67.8120017 -366.226697 131.379294
v 34.5678985 -375.628901 168.075597
v -108.735394 95.9003985 516.153908
v -33.6347997 39.9450988 530.032396
v -96.784699 131.814301 496.389294
v -96.784699 131.814301 496.389294
v -33.6347997 39.9450988 530.032396
v -22.2220004 98.4520972 506.326723
v -106.323802 -179.049504 18.8885003
v -141.457403 -78.6117017 19.3097994
v -116.164696 -54.3738008 21.3213995
v -41.0021007 403.652716 15.2695999
v -90.3248012 426.242495 16.3132995
v -85.4973018 430.833006 67.047298
v -137.363195 112.878203 493.757486
v -134.108198 192.028201 431.509686
v -139.811003 124.948502 417.801619
v -80.0020993 -365.2246 4.48720008
v -45.3251004 -383.553195 19.6541995
v -129.248595 -338.529301 12.4551997
v 10.4273997 -18.3290005 506.1728
v 31.1690003 40.4197991 491.962624
v -33.6347997 39.9450988 530.032396
v -127.884603 -342.194104 109.052396
v -129.860497 -331.904697 118.076897
v -131.406403 -295.303297 115.739799
v -148.674095 140.004098 5.84269986
v -150.8183 162.580097 42.5639004
v -146.912003 175.875902 3.96240018
v -145.737398 65.7294989 262.269211
v -143.787098 113.703299 344.922495
v -150.366497 120.908403 324.369097
v 129.103696 140.588498 264.233208
v 131.287098 107.546496 338.1809
v 111.982799 117.293501 259.846807
v -35.5659992 246.155691 16.1735997
v 5.68130016 249.235201 11.8284002
v 1.71809997 185.903704 0.915599987
v 1.71809997 185.903704 0.915599987
v 5.68130016 249.235201 11.8284002
v 3.29869986 168.771601 3.71440016
v 126.381302 -301.857996 219.723392
v 144.508898 -232.543802 174.809206
v 132.847202 -227.06759 224.649096
v -148.355603 183.205497 348.479104
v -150.873697 158.144999 347.814798
v -152.911305 172.981298 358.035111
v -123.839903 345.73319 295.283508
v -137.346804 299.046993 276.2609
v -119.405603 331.422496 294.170189
v -138.194501 52.0345986 509.156084
v -120.3583 -9.12960023 558.321524
v -117.670405 56.0918987 552.018881
v 122.832799 224.192095 400.655985
v 123.447895 162.075901 398.826003
v 124.958801 191.013801 399.626899
v -50.5506992 -394.135809 130.204999
v -121.672797 -331.818008 175.980306
v -128.254402 -345.199895 126.218998
v -144.383705 -87.578398 67.9526985
v -148.891699 -52.0219982 109.7772
v -146.907103 -49.269399 71.014303
v 123.447895 162.075901 398.826003
v 134.472096 131.769896 389.779806
v 124.310398 161.877298 390.2071
v -52.0183027 -197.561097 506.927109
v -14.5839006 -181.071997 489.699602
v -23.4855995 -129.212701 545.002317
v -23.4855995 -129.212701 545.002317
v -14.5839006 -181.071997 489.699602
v -5.3661 -140.5442 515.010118
v 32.9445004 341.50269 236.001897
v 28.5021007 290.961409 268.819189
v 28.1856 328.225493 318.428993
v 28.1856 328.225493 318.428993
v 28.5021007 290.961409 268.819189
v 20.1192006 297.123098 340.262008
v -154.796505 237.213302 60.3402972
v -151.312101 281.065392 15.1238993
v -154.860902 253.408098 1.67859998
v -29.1256994 310.888195 6.60839975
v -66.0205007 367.863107 17.0754999
v 0.330600003 349.522591 12.9730001
v 140.959406 342.791796 135.158598
v 131.081498 347.0788 64.5407021
v 118.207598 369.48359 136.876595
v 118.207598 369.48359 136.876595
v 131.081498 347.0788 64.5407021
v 93.2834029 379.269409 81.2436998
v 13.5594994 242.839098 9.79330018
v 3.29869986 168.771601 3.71440016
v 5.68130016 249.235201 11.8284002
v 88.9665008 -82.0473015 361.303091
v 60.333401 -81.1726987 442.763996
v 52.9353023 -131.316495 425.099277
v 115.831602 331.111407 26.2434006
v 92.5185978 288.909888 26.7226011
v 71.272099 355.279112 30.7224005
v 71.272099 355.279112 30.7224005
v 92.5185978 288.909888 26.7226011
v 70.1964974 318.872404 12.1660002
v -139.701295 55.9188008 492.332077
v -138.194501 52.0345986 509.156084
v -137.363195 112.878203 493.757486
v -137.363195 112.878203 493.757486
v -138.194501 52.0345986 509.156084
v -134.753895 116.718102 502.799606
v -134.753895 116.718102 502.799606
v -117.670405 56.0918987 552.018881
v -108.735394 95.9003985 516.153908
v 96.9909012 365.401006 66.811502
v 121.412599 350.173998 30.1661015
v 89.3335998 355.381799 38.2683009
v 10.4273997 -18.3290005 506.1728
v 63.0472004 -11.7091998 468.827105
v 31.1690003 40.4197991 491.962624
v 21.2816 -415.649605 165.805399
v 27.9493004 -410.490608 167.637098
v 23.1105998 -412.164688 218.523598
v 23.1105998 -412.164688 218.523598
v 31.9123 -388.67681 183.628798
v 37.8261 -390.409207 218.006992
v 22.1811995 311.500812 69.1911995
v 16.9556007 308.385801 20.4073995
v -23.4464005 301.799989 74.4234979
v -23.4464005 301.799989 74.4234979
v 8.73510018 304.811597 13.2378995
v -29.1256994 310.888195 6.60839975
v 53.2006979 231.873894 450.906706
v 83.7261021 199.294198 476.418018
v 88.6717975 222.730899 449.83449
v -142.423701 276.787591 315.278101
v -143.694401 219.099903 296.173692
v -143.182194 247.376704 336.2005
v -143.694401 219.099903 296.173692
v -142.423701 276.787591 315.278101
v -142.504895 266.765308 273.711896
v 144.508898 -232.543802 174.809206
v 128.486204 -277.658796 129.469895
v 138.284898 -214.084101 128.121102
v -96.0721016 384.67021 11.789
v -141.031897 324.761796 17.7848995
v -139.939702 391.447806 4.42119986
v -141.031897 324.761796 17.7848995
v -96.0721016 384.67021 11.789
v -91.742301 309.309912 21.5296999
v 156.203401 -118.471396 173.932099
v 138.284898 -214.084101 128.121102
v 144.663501 -124.105203 118.340194
v -155.587697 -20.9582999 52.729398
v -153.770494 4.82029989 135.141504
v -153.419495 79.5913994 104.980397
v -153.770494 4.82029989 135.141504
v -155.305696 -40.0041014 108.172405
v -156.518495 -11.0498004 128.660798
v -135.367703 212.235904 3.6646001
v -117.278504 167.7356 17.6210001
v -148.674095 140.004098 5.84269986
v -148.674095 140.004098 5.84269986
v -130.369699 83.6691976 16.4993003
v -136.254001 82.8778028 5.81669994
v -130.369699 83.6691976 16.4993003
v -72.5494981 78.8914979 21.2413996
v -88.6654973 0.883399975 16.3314998
v -72.5494981 78.8914979 21.2413996
v -130.369699 83.6691976 16.4993003
v -117.278504 167.7356 17.6210001
v -109.451497 -313.456511 281.045103
v -116.568899 -262.576389 286.152005
v -117.692995 -312.206197 230.223298
v 63.6660993 47.2781986 20.9832996
v -15.8602998 24.6724993 21.4362994
v -4.25449982 92.2486007 15.6334996
v 114.733195 82.3149025 5.37770018
v 123.324096 133.390999 79.5701027
v 120.098102 51.5308976 70.2522993
v -111.770105 -244.7016 350.170493
v -116.568899 -262.576389 286.152005
v -95.658201 -305.54359 341.925812
v -95.658201 -305.54359 341.925812
v -116.568899 -262.576389 286.152005
v -109.451497 -313.456511 281.045103
v 67.5068974 327.747512 340.960789
v 121.356106 301.700211 295.80121
v 61.7757976 329.353404 277.9598
v 65.1727021 248.643208 413.2761
v 96.5309978 228.747702 415.565014
v 87.0552003 312.539697 406.300402
v 87.0552003 312.539697 406.300402
v 114.6806 297.686195 401.21851
v 96.9981015 322.043204 393.15269
v -129.750395 271.265697 9.41490009
v -117.278504 167.7356 17.6210001
v -135.367703 212.235904 3.6646001
v 135.726404 -14.0691996 126.386499
v 146.201396 -42.0489997 164.974499
v 146.999705 -111.106503 116.257
v 146.999705 -111.106503 116.257
v 146.201396 -42.0489997 164.974499
v 151.938498 -102.302396 165.402496
v 102.307606 93.1258023 424.718714
v 121.013606 60.2331996 368.962097
v 127.624798 102.449703 387.849402
v 104.3908 -207.058692 249.783897
v 75.6727993 -289.512491 233.027911
v 96.7796981 -301.681304 236.636209
v -127.190602 370.097589 265.7655
v -140.521801 317.453003 280.728793
v -123.839903 345.73319 295.283508
v -14.8904994 -294.298196 393.180108
v 11.6608001 -357.421708 333.639407
v 18.3229998 -305.958605 393.341494
v 81.7121029 -324.7648 173.401701
v 61.9731009 -353.782701 224.897504
v 64.2247975 -340.676308 174.468005
v 64.2247975 -340.676308 174.468005
v 61.9731009 -353.782701 224.897504
v 59.6041024 -359.913707 213.587809
v -68.7246978 -209.075403 16.6437998
v 10.2443002 -234.621191 16.1347002
v -62.5395 -348.722291 6.53799996
v -62.5395 -348.722291 6.53799996
v 10.2443002 -234.621191 16.1347002
v -50.2022982 -374.796295 0
v -50.2022982 -374.796295 0
v 13.1923005 -371.811795 9.96859968
v 6.21230006 -386.810207 4.28530015
v -85.7194006 -278.977299 401.253414
v -95.658201 -305.54359 341.925812
v -54.1170001 -289.526796 405.5089
v 115.044999 -39.8162007 235.008407
v 137.087405 -84.7799003 241.42971
v 138.289106 -63.1154001 241.124797
v 137.087405 -84.7799003 241.42971
v 77.7127981 -217.615294 238.49299
v 104.3908 -207.058692 249.783897
v -144.502199 -138.284898 59.1687977
v -142.601204 -97.9372978 116.069102
v -144.383705 -87.578398 67.9526985
v 41.0896987 -376.261997 232.575893
v 37.8261 -390.409207 218.006992
v 37.1861994 -385.983801 174.535
v 37.1861994 -385.983801 174.535
v 31.9123 -388.67681 183.628798
v 34.5678985 -375.628901 168.075597
v 56.0517013 -358.245206 322.613811
v 61.7614985 -354.440403 343.710589
v 27.7236015 -354.064608 326.138806
v 27.7236015 -354.064608 326.138806
v 63.5933995 -332.711196 384.097505
v 18.3229998 -305.958605 393.341494
v 135.726404 -14.0691996 126.386499
v 104.847395 4.5341 75.6503999
v 110.872698 22.1529007 122.693503
v -52.0183027 -197.561097 506.927109
v -14.1916007 -191.788995 487.231302
v -14.5839006 -181.071997 489.699602
v -14.1916007 -191.788995 487.231302
v -56.370002 -225.361109 425.799704
v -5.78310005 -230.46279 428.11141
v 148.948002 248.200893 125.082695
v 131.081498 347.0788 64.5407021
v 140.959406 342.791796 135.158598
v 148.948002 248.200893 125.082695
v 137.797403 256.667399 72.9942024
v 96.5309978 228.747702 415.565014
v 122.832799 224.192095 400.655985
v 114.6806 297.686195 401.21851
v -117.692995 -312.206197 230.223298
v -129.120195 -294.014096 177.394998
v -121.672797 -331.818008 175.980306
v -137.201405 -252.259588 69.0394998
v -144.502199 -138.284898 59.1687977
v -141.302896 -225.474095 13.6538997
v 67.5068974 327.747512 340.960789
v 61.7757976 329.353404 277.9598
v 28.1856 328.225493 318.428993
v 28.1856 328.225493 318.428993
v 63.1713986 337.802505 255.061102
v 32.9445004 341.50269 236.001897
v 114.733195 82.3149025 5.37770018
v 105.081105 0.0935000018 58.8145971
v 97.0238984 1.58120003 8.16240013
v 105.0964 -281.258202 10.8939998
v 81.5877974 -275.087595 55.0239027
v 76.3004005 -254.358506 10.8737998
v -52.048701 -15.4936001 556.736803
v 10.4273997 -18.3290005 506.1728
v -33.6347997 39.9450988 530.032396
v -35.5659992 246.155691 16.1735997
v -46.0166991 250.504303 19.2101002
v -29.1256994 310.888195 6.60839975
v -138.669598 -64.1596973 266.838789
v -137.853396 -99.8862028 297.608995
v -141.128099 -12.9688993 323.368311
v 20.1207995 230.6494 483.459377
v 26.6629994 251.308203 437.635183
v -32.7012002 257.330704 465.792418
v -32.7012002 257.330704 465.792418
v -39.3660992 300.146604 424.979591
v -43.501699 273.641992 461.813021
v -138.1567 28.808701 263.179302
v -139.579904 6.04970008 206.690502
v -137.780404 -48.7331986 259.561706
v 16.1384001 -213.291597 22.7871999
v -49.7125 -117.928696 19.4549993
v 26.453799 -107.433498 22.4525005
v -49.7125 -117.928696 19.4549993
v -39.4295007 -55.785799 14.0594006
v 37.1300995 -363.994789 269.725895
v 57.9293013 -363.089705 235.412097
v 58.8756979 -363.11059 308.566689
v -52.4344981 -124.079704 563.528681
v -54.4932008 -95.7518995 576.012516
v -58.6495996 -113.840497 568.654823
v -39.4295007 -55.785799 14.0594006
v -64.4541979 68.0063009 23.4623998
v -15.8602998 24.6724993 21.4362994
v -64.4541979 68.0063009 23.4623998
v -88.6654973 0.883399975 16.3314998
v -72.5494981 78.8914979 21.2413996
v -97.8772998 307.5629 375.3232
v -39.3660992 300.146604 424.979591
v -54.569 324.689794 352.837205
v 80.8107972 -208.953691 332.368588
v 73.7982988 -240.4778 323.978996
v 105.413103 -93.5948014 342.715311
v 105.413103 -93.5948014 342.715311
v 77.7127981 -217.615294 238.49299
v 115.044999 -39.8162007 235.008407
v 127.624798 102.449703 387.849402
v 131.287098 107.546496 338.1809
v 134.472096 131.769896 389.779806
v 134.472096 131.769896 389.779806
v 131.287098 107.546496 338.1809
v 135.357106 146.181095 379.546404
v -114.350903 -101.266098 578.866005
v -64.3217981 -135.6498 569.749308
v -65.428102 -120.160794 579.452991
v -64.3217981 -135.6498 569.749308
v -114.350903 -101.266098 578.866005
v -94.9728012 -196.374094 576.204491
v -94.9728012 -196.374094 576.204491
v -123.381805 -183.157897 564.161015
v -101.132095 -210.217309 563.689613
v -120.3583 -9.12960023 558.321524
v -122.150004 -52.8342009 567.8617
v -118.697405 -42.2439009 571.98801
v 59.6041024 -359.913707 213.587809
v 42.3319995 -359.657788 178.753495
v 64.2247975 -340.676308 174.468005
v 96.7796981 -301.681304 236.636209
v 81.7121029 -324.7648 173.401701
v 102.783203 -326.810288 174.037898
v -151.522505 277.4333 80.103302
v -146.976101 382.561207 158.122694
v -151.221204 362.024403 77.3254991
v 61.7529988 323.698401 387.56001
v 65.1727021 248.643208 413.2761
v 87.0552003 312.539697 406.300402
v -109.451497 -313.456511 281.045103
v -56.7968011 -372.270799 221.849895
v -81.2564015 -352.597809 327.741599
v -81.2564015 -352.597809 327.741599
v -56.7968011 -372.270799 221.849895
v -41.0376012 -376.606011 271.871495
v -154.442096 225.846195 127.818894
v -151.522505 277.4333 80.103302
v -154.796505 237.213302 60.3402972
v 110.872698 22.1529007 122.693503
v 115.602505 17.2183007 147.052097
v 135.726404 -14.0691996 126.386499
v 135.726404 -14.0691996 126.386499
v 137.962699 -19.9793994 167.1031
v 137.587905 -29.0131003 153.038704
v 120.922506 5.69170006 166.140699
v 137.962699 -19.9793994 167.1031
v 135.726404 -14.0691996 126.386499
v 16.9556007 308.385801 20.4073995
v 22.1811995 311.500812 69.1911995
v 33.7511986 360.671997 28.2243997
v 33.7511986 360.671997 28.2243997
v 42.6073015 384.456706 65.9267008
v 128.486204 -277.658796 129.469895
v 132.733297 -216.733694 66.4627016
v 138.284898 -214.084101 128.121102
v -151.312101 281.065392 15.1238993
v -151.221204 362.024403 77.3254991
v -149.5736 363.527107 1.33199999
v 132.847202 -227.06759 224.649096
v 96.7796981 -301.681304 236.636209
v 126.381302 -301.857996 219.723392
v 130.789006 62.9849017 130.482697
v 110.872698 22.1529007 122.693503
v 120.098102 51.5308976 70.2522993
v 120.098102 51.5308976 70.2522993
v 104.847395 4.5341 75.6503999
v 105.081105 0.0935000018 58.8145971
v -79.796797 196.347594 505.537701
v -22.2220004 98.4520972 506.326723
v -9.41189975 163.3425 487.149906
v -143.787098 113.703299 344.922495
v -145.409501 142.201996 348.496008
v -150.366497 120.908403 324.369097
v -150.366497 120.908403 324.369097
v -150.159705 141.139698 340.2601
v -151.250696 145.665503 335.018396
v -130.860102 402.227402 133.580005
v -145.033395 401.266193 66.5965021
v -146.976101 382.561207 158.122694
v 37.8261 -390.409207 218.006992
v 18.7570006 -411.925697 229.711699
v 23.1105998 -412.164688 218.523598
v 18.7570006 -411.925697 229.711699
v 35.1568997 -391.564202 273.918295
v 21.8440995 -416.028976 278.009701
v 96.5309978 228.747702 415.565014
v 111.301303 156.680596 429.087591
v 123.447895 162.075901 398.826003
v -119.405603 331.422496 294.170189
v -137.524402 308.121896 321.742201
v -126.366305 312.323093 333.028507
v 111.301303 156.680596 429.087591
v 127.624798 102.449703 387.849402
v 123.447895 162.075901 398.826003
v 139.378905 -143.501103 64.7171021
v 124.012303 -71.6418982 66.3332999
v 146.999705 -111.106503 116.257
v 146.999705 -111.106503 116.257
v 135.726404 -14.0691996 126.386499
v -0.0241000002 167.564797 489.84251
v 35.5634987 157.584298 475.795984
v 20.1207995 230.6494 483.459377
v 20.1207995 230.6494 483.459377
v 35.5634987 157.584298 475.795984
v 42.5300002 205.53019 467.595816
v -42.7781999 -55.4374993 17.7079007
v -49.7125 -117.928696 19.4549993
v -97.4947989 -36.4271998 17.1290994
v -102.700102 -102.799201 22.0483005
v -97.4947989 -36.4271998 17.1290994
v -49.7125 -117.928696 19.4549993
v -153.770494 4.82029989 135.141504
v -148.735499 100.569904 171.514702
v -153.419495 79.5913994 104.980397
v -97.4947989 -36.4271998 17.1290994
v -88.6654973 0.883399975 16.3314998
v -42.7781999 -55.4374993 17.7079007
v -42.7781999 -55.4374993 17.7079007
v -88.6654973 0.883399975 16.3314998
v -39.4295007 -55.785799 14.0594006
v 21.8440995 -416.028976 278.009701
v -28.5650015 -389.951491 327.081895
v -41.0376012 -376.606011 271.871495
v -137.201405 -252.259588 69.0394998
v -140.272605 -257.579899 20.3336999
v -129.628098 -282.15251 69.0949023
v -129.628098 -282.15251 69.0949023
v -137.622404 -282.615495 5.60850017
v -129.248595 -338.529301 12.4551997
v -155.305696 -40.0041014 108.172405
v -148.891699 -52.0219982 109.7772
v -156.518495 -11.0498004 128.660798
v -156.518495 -11.0498004 128.660798
v -148.891699 -52.0219982 109.7772
v -145.147705 -29.7955006 139.246202
v 117.121994 311.684489 348.4694
v 127.259195 230.13041 337.21869
v 121.356106 301.700211 295.80121
v 121.356106 301.700211 295.80121
v 127.259195 230.13041 337.21869
v 123.436999 301.097703 282.276893
v 54.8496008 316.8257 381.603694
v 45.5704004 276.905203 404.265881
v 61.7529988 323.698401 387.56001
v -144.836795 265.359592 259.9962
v -146.494603 266.694403 257.814097
v -149.218905 173.888302 196.740401
v 110.872698 22.1529007 122.693503
v 113.315296 64.0177011 161.9313
v 100.328505 26.0553002 155.7459
v -155.305696 -40.0041014 108.172405
v -146.907103 -49.269399 71.014303
v -148.891699 -52.0219982 109.7772
v 70.1964974 318.872404 12.1660002
v 92.5185978 288.909888 26.7226011
v 67.2069013 244.642305 14.8828
v 62.8391027 -28.0856997 12.5278994
v 97.0238984 1.58120003 8.16240013
v 72.319603 -27.6504993 8.96200016
v 80.8107972 -208.953691 332.368588
v 60.8196974 -269.099998 331.047106
v 73.7982988 -240.4778 323.978996
v 60.8196974 -269.099998 331.047106
v 48.8568991 -186.386299 341.703892
v 25.9187996 -253.302407 339.977908
v -155.587697 -20.9582999 52.729398
v -146.0186 -43.2428002 6.96400031
v -146.907103 -49.269399 71.014303
v 60.333401 -81.1726987 442.763996
v 88.9665008 -82.0473015 361.303091
v 71.7189014 -6.05410002 423.590708
v 71.7189014 -6.05410002 423.590708
v 95.1201975 -66.9790983 359.117198
v 100.595498 6.42319992 363.745999
v 32.9445004 341.50269 236.001897
v 63.1713986 337.802505 255.061102
v 40.5793995 330.092597 182.277
v 40.5793995 330.092597 182.277
v 63.1713986 337.802505 255.061102
v 100.199199 352.552104 210.584497
v -127.190602 370.097589 265.7655
v -146.976101 382.561207 158.122694
v -141.620696 359.044409 274.71509
v 97.4065006 -301.577902 127.904797
v 81.7121029 -324.7648 173.401701
v 75.9872019 -277.680492 130.2338
v 45.5704004 276.905203 404.265881
v 53.2006979 231.873894 450.906706
v 65.1727021 248.643208 413.2761
v 132.733297 -216.733694 66.4627016
v 139.378905 -143.501103 64.7171021
v 138.284898 -214.084101 128.121102
v 138.284898 -214.084101 128.121102
v 139.378905 -143.501103 64.7171021
v 144.663501 -124.105203 118.340194
v -154.796505 237.213302 60.3402972
v -151.705694 219.167709 8.92779976
v -154.584503 192.744303 65.9226
v -139.6245 -91.9291973 552.470779
v -123.381805 -183.157897 564.161015
v -114.350903 -101.266098 578.866005
v -123.381805 -183.157897 564.161015
v -132.616401 -192.290604 518.596601
v -131.602097 -200.897408 533.544016
v -154.584503 192.744303 65.9226
v -153.420103 128.575003 107.660306
v -156.8519 169.976294 126.044095
v -153.420103 128.575003 107.660306
v -154.584503 192.744303 65.9226
v -152.455795 179.571402 56.8539977
v -144.528198 -22.6071 160.380101
v -142.601204 -97.9372978 116.069102
v -138.870001 -94.7712004 162.336397
v -142.601204 -97.9372978 116.069102
v -145.147705 -29.7955006 139.246202
v -148.891699 -52.0219982 109.7772
v 129.103696 140.588498 264.233208
v 108.566594 103.278399 203.22721
v 134.028399 144.322205 199.263406
v -137.753296 288.471198 391.756606
v -132.243896 293.934608 363.113499
v -139.394999 283.67939 380.588293
v -131.612098 -129.047 421.400499
v -134.9859 -182.523799 439.968204
v -133.933997 -132.929599 425.696898
v -91.1731005 310.815501 347.695708
v -65.0674999 329.748106 308.807707
v -87.173301 319.664407 306.436706
v -50.8341014 -38.1817013 556.6185
v -92.1902001 -60.4758978 571.702385
v -44.8386997 -68.857199 569.6908
v -92.1902001 -60.4758978 571.702385
v -120.3583 -9.12960023 558.321524
v -118.697405 -42.2439009 571.98801
v -120.3583 -9.12960023 558.321524
v -92.1902001 -60.4758978 571.702385
v -52.048701 -15.4936001 556.736803
v -130.822599 -211.460209 212.984204
v -130.129802 -200.885701 270.884895
v -133.444202 -148.136902 208.366203
v 97.4065006 -301.577902 127.904797
v 78.8133979 -278.994608 68.6338007
v 100.374901 -304.587102 67.7109003
v -155.587697 -20.9582999 52.729398
v -152.975094 106.763196 58.8532984
v -152.784395 35.7248008 12.2322999
v -98.6828029 369.758105 222.578001
v -84.1889024 412.516594 130.996096
v -122.040701 408.285809 144.832098
v -28.2288998 342.845893 212.894392
v -84.1889024 412.516594 130.996096
v -60.8672976 363.590193 196.837103
v -127.536404 175.079703 512.676096
v -108.735394 95.9003985 516.153908
v -96.784699 131.814301 496.389294
v -141.457403 -78.6117017 19.3097994
v -146.907103 -49.269399 71.014303
v -146.0186 -43.2428002 6.96400031
v -15.1232004 369.945002 130.014503
v -19.1723004 371.258712 77.0962
v -84.1889024 412.516594 130.996096
v -84.1889024 412.516594 130.996096
v -85.4973018 430.833006 67.047298
v -89.8580015 409.330702 115.6443
v 63.5933995 -332.711196 384.097505
v 61.9257987 -268.405509 384.660292
v 18.3229998 -305.958605 393.341494
v 18.3229998 -305.958605 393.341494
v 26.7672002 -231.532097 403.98221
v 19.9310005 -235.525799 407.782698
v 76.3004005 -254.358506 10.8737998
v 105.583501 -182.593 12.4857999
v 105.0964 -281.258202 10.8939998
v 105.0964 -281.258202 10.8939998
v 105.583501 -182.593 12.4857999
v 128.568995 -204.536009 14.7936001
v -15.1232004 369.945002 130.014503
v -5.53780012 348.732901 75.1699984
v -19.1723004 371.258712 77.0962
v -131.406403 -295.303297 115.739799
v -136.589301 -241.266608 164.309096
v -138.829994 -247.645712 119.151294
v 18.3229998 -305.958605 393.341494
v 19.9310005 -235.525799 407.782698
v -14.8904994 -294.298196 393.180108
v -14.8904994 -294.298196 393.180108
v 19.9310005 -235.525799 407.782698
v -5.78310005 -230.46279 428.11141
v -89.9348021 411.13472 15.5744001
v -90.3248012 426.242495 16.3132995
v -41.0021007 403.652716 15.2695999
v -137.4874 -120.435297 301.409698
v -111.770105 -244.7016 350.170493
v -131.612098 -129.047 421.400499
v 63.0472004 -11.7091998 468.827105
v 71.7189014 -6.05410002 423.590708
v 80.9476018 48.6496001 462.634277
v 16.9556007 308.385801 20.4073995
v 70.1964974 318.872404 12.1660002
v 67.2069013 244.642305 14.8828
v 21.8440995 -416.028976 278.009701
v 27.7236015 -354.064608 326.138806
v 11.6608001 -357.421708 333.639407
v -45.3251004 -383.553195 19.6541995
v -127.5985 -338.870502 70.6912994
v -129.248595 -338.529301 12.4551997
v 101.525998 215.534306 19.8670998
v 120.783103 179.474103 14.4933
v 101.396799 138.637304 8.56140032
v 90.1624024 150.439298 457.299089
v 102.307606 93.1258023 424.718714
v 111.301303 156.680596 429.087591
v 76.3004005 -254.358506 10.8737998
v 81.5877974 -275.087595 55.0239027
v 70.3400016 -365.61749 9.80959982
v -89.8580015 409.330702 115.6443
v -130.004001 400.462389 83.929503
v -130.860102 402.227402 133.580005
v 97.4065006 -301.577902 127.904797
v 100.374901 -304.587102 67.7109003
v 128.486204 -277.658796 129.469895
v 128.486204 -277.658796 129.469895
v 105.868495 -292.603207 70.0281978
v 130.8689 -290.146804 67.3186004
v -137.4874 -120.435297 301.409698
v -137.853396 -99.8862028 297.608995
v -136.4972 -112.955296 293.925595
v -147.848701 181.748199 363.1387
v -148.355603 183.205497 348.479104
v -152.911305 172.981298 358.035111
v 19.9310005 -235.525799 407.782698
v 26.7672002 -231.532097 403.98221
v 23.9063993 -220.352507 418.251896
v -133.933997 -132.929599 425.696898
v -135.156906 -105.762601 418.859291
v -131.612098 -129.047 421.400499
v 100.595498 6.42319992 363.745999
v 106.545997 7.54949972 347.805405
v 121.013606 60.2331996 368.962097
v 68.0348992 -270.8987 325.664401
v 60.8196974 -269.099998 331.047106
v 65.0618017 -303.07219 319.156599
v 65.0618017 -303.07219 319.156599
v 60.8196974 -269.099998 331.047106
v 64.0969992 -272.8477 341.711998
v -62.5395 -348.722291 6.53799996
v -45.3251004 -383.553195 19.6541995
v -80.0020993 -365.2246 4.48720008
v -136.890602 -252.159309 8.48269984
v -140.272605 -257.579899 20.3336999
v -141.302896 -225.474095 13.6538997
v 127.583504 226.770401 394.827008
v 122.832799 224.192095 400.655985
v 124.958801 191.013801 399.626899
v -96.0721016 384.67021 11.789
v -89.9348021 411.13472 15.5744001
v -89.0260994 373.454309 13.9805004
v 32.4470997 -412.188387 124.454403
v 39.4753993 -405.691004 127.245498
v 33.4331989 -419.946194 138.4884
v 33.4331989 -419.946194 138.4884
v 39.4753993 -405.691004 127.245498
v 39.3449008 -401.148319 148.598099
v -52.4344981 -124.079704 563.528681
v -65.428102 -120.160794 579.452991
v -64.3217981 -135.6498 569.749308
v 52.5372982 -359.876394 231.254005
v 61.9731009 -353.782701 224.897504
v 57.9293013 -363.089705 235.412097
v -151.250696 145.665503 335.018396
v -150.159705 141.139698 340.2601
v -150.873697 158.144999 347.814798
v 133.3179 -215.269208 24.3379995
v 128.568995 -204.536009 14.7936001
v 134.257698 -197.281599 13.5309994
v -140.267003 -21.9699994 13.2045999
v -116.164696 -54.3738008 21.3213995
v -146.0186 -43.2428002 6.96400031
v 119.8843 317.818499 274.773407
v 61.7757976 329.353404 277.9598
v 121.356106 301.700211 295.80121
v -54.6082973 -138.816404 13.5929003
v 16.1384001 -213.291597 22.7871999
v 10.2443002 -234.621191 16.1347002
v 124.958801 191.013801 399.626899
v 135.357106 146.181095 379.546404
v 127.583504 226.770401 394.827008
v -14.1916007 -191.788995 487.231302
v 24.7485995 -178.195405 472.469282
v -14.5839006 -181.071997 489.699602
v -66.0205007 367.863107 17.0754999
v -41.0021007 403.652716 15.2695999
v -16.3908005 371.87531 15.5671999
v -138.450503 257.170391 409.590387
v -139.394999 283.67939 380.588293
v -142.578602 252.172709 399.166489
v -150.995696 202.434993 3.45330015
v -154.584503 192.744303 65.9226
v -151.705694 219.167709 8.92779976
v -133.444202 -148.136902 208.366203
v -135.029101 -119.721401 242.8478
v -136.280501 -134.643996 197.338998
v -35.5659992 246.155691 16.1735997
v -55.0813973 162.729001 29.5248002
v -46.0166991 250.504303 19.2101002
v 33.108601 296.158004 248.057008
v -37.2864991 312.052393 212.142706
v 28.5021007 290.961409 268.819189
v -144.234395 191.890705 401.590395
v -145.711899 236.999798 367.691493
v -145.146406 193.909204 374.331808
v -147.848701 181.748199 363.1387
v -145.146406 193.909204 374.331808
v -150.081897 189.928305 359.968591
v 44.0465987 -364.120507 214.543295
v 52.5372982 -359.876394 231.254005
v 41.0896987 -376.261997 232.575893
v -141.128099 -12.9688993 323.368311
v -137.780404 -48.7331986 259.561706
v -138.669598 -64.1596973 266.838789
v -103.647196 -222.465301 519.774199
v -58.0039978 -198.209906 528.053808
v -102.340806 -212.136698 536.235619
v 39.3449008 -401.148319 148.598099
v 27.9493004 -410.490608 167.637098
v 33.4331989 -419.946194 138.4884
v 61.7614985 -354.440403 343.710589
v 65.0618017 -303.07219 319.156599
v 64.0969992 -272.8477 341.711998
v 124.017406 56.2256992 346.129298
v 121.013606 60.2331996 368.962097
v 106.545997 7.54949972 347.805405
v -104.665506 287.196302 485.330009
v -32.7012002 257.330704 465.792418
v -43.501699 273.641992 461.813021
v -44.8386997 -68.857199 569.6908
v -37.3504996 -128.351605 556.498098
v -23.4855995 -129.212701 545.002317
v 148.948002 248.200893 125.082695
v 139.212298 115.143704 147.529697
v 137.478399 94.8319018 132.171094
v 56.4710975 -346.67511 3.44090015
v 47.4256992 -283.2371 6.64020032
v 53.0990005 -263.101292 3.10350005
v 53.0990005 -263.101292 3.10350005
v 10.2443002 -234.621191 16.1347002
v 16.1384001 -213.291597 22.7871999
v 100.328505 26.0553002 155.7459
v 120.922506 5.69170006 166.140699
v 115.602505 17.2183007 147.052097
v -137.853396 -99.8862028 297.608995
v -131.612098 -129.047 421.400499
v -135.156906 -105.762601 418.859291
v -91.1731005 310.815501 347.695708
v -87.173301 319.664407 306.436706
v -95.6497014 312.7671 339.0944
v -43.6361998 156.840098 20.0611994
v -72.5494981 78.8914979 21.2413996
v -55.0813973 162.729001 29.5248002
v 44.0465987 -364.120507 214.543295
v 37.1861994 -385.983801 174.535
v 42.3319995 -359.657788 178.753495
v -92.1902001 -60.4758978 571.702385
v -54.4932008 -95.7518995 576.012516
v -44.8386997 -68.857199 569.6908
v -146.868205 196.910095 330.146909
v -151.250696 145.665503 335.018396
v -150.873697 158.144999 347.814798
v -98.6828029 369.758105 222.578001
v -122.040701 408.285809 144.832098
v -130.860102 402.227402 133.580005
v 93.2834029 379.269409 81.2436998
v 89.3335998 355.381799 38.2683009
v 71.272099 355.279112 30.7224005
v 115.831602 331.111407 26.2434006
v 89.3335998 355.381799 38.2683009
v 121.412599 350.173998 30.1661015
v 88.9665008 -82.0473015 361.303091
v 105.413103 -93.5948014 342.715311
v 95.1201975 -66.9790983 359.117198
v 8.73510018 304.811597 13.2378995
v 13.5594994 242.839098 9.79330018
v 5.68130016 249.235201 11.8284002
v -145.147705 -29.7955006 139.246202
v -153.197801 -0.742499996 147.397399
v -156.518495 -11.0498004 128.660798
v -136.254001 82.8778028 5.81669994
v -140.267003 -21.9699994 13.2045999
v -146.0186 -43.2428002 6.96400031
v -17.0578003 97.3203003 511.755705
v -9.41189975 163.3425 487.149906
v -22.2220004 98.4520972 506.326723
v -106.323802 -179.049504 18.8885003
v -102.700102 -102.799201 22.0483005
v -96.5102017 -183.882797 12.3754002
v -130.607402 175.038004 501.463795
v -134.753895 116.718102 502.799606
v -127.536404 175.079703 512.676096
v -136.890602 -252.159309 8.48269984
v -80.0020993 -365.2246 4.48720008
v -137.622404 -282.615495 5.60850017
v -128.254402 -345.199895 126.218998
v -53.7918985 -397.388101 107.191396
v -50.5506992 -394.135809 130.204999
v 113.315296 64.0177011 161.9313
v 139.212298 115.143704 147.529697
v 110.898101 90.8900976 175.460994
v -139.701295 55.9188008 492.332077
v -143.201005 -1.28570003 511.306477
v -138.194501 52.0345986 509.156084
v 128.568995 -204.536009 14.7936001
v 128.614402 -278.140807 23.5602006
v 129.255104 -283.654904 9.05219987
v -18.0315003 -76.2907982 539.485121
v -52.048701 -15.4936001 556.736803
v -50.8341014 -38.1817013 556.6185
v 138.289106 -63.1154001 241.124797
v 146.201396 -42.0489997 164.974499
v 137.962699 -19.9793994 167.1031
v -52.0183027 -197.561097 506.927109
v -37.3504996 -128.351605 556.498098
v -58.0039978 -198.209906 528.053808
v 81.5877974 -275.087595 55.0239027
v 100.374901 -304.587102 67.7109003
v 78.8133979 -278.994608 68.6338007
v -101.132095 -210.217309 563.689613
v -69.2076981 -185.579205 557.532787
v -94.9728012 -196.374094 576.204491
v -150.8183 162.580097 42.5639004
v -153.420103 128.575003 107.660306
v -152.455795 179.571402 56.8539977
v -124.588096 414.661312 59.1517985
v -127.326202 408.52499 17.2592998
v -130.004001 400.462389 83.929503
v -144.836795 265.359592 259.9962
v -146.692502 148.898494 202.624106
v -142.504895 266.765308 273.711896
v 61.7529988 323.698401 387.56001
v 87.0552003 312.539697 406.300402
v 96.9981015 322.043204 393.15269
v -103.647196 -222.465301 519.774199
v -131.602097 -200.897408 533.544016
v -134.300804 -203.288388 514.912415
v -133.933997 -132.929599 425.696898
v -139.6245 -91.9291973 552.470779
v -142.275095 -60.0803971 503.080177
v -139.6245 -91.9291973 552.470779
v -133.933997 -132.929599 425.696898
v -132.616401 -192.290604 518.596601
v -51.5290976 329.271197 259.650111
v -37.2864991 312.052393 212.142706
v -119.405603 331.422496 294.170189
v 105.583501 -182.593 12.4857999
v 85.5073988 -160.740995 17.0733005
v 137.135994 -147.591102 10.5160996
v 124.850905 235.702205 274.428391
v 127.259195 230.13041 337.21869
v 135.357106 146.181095 379.546404
v -89.0260994 373.454309 13.9805004
v -89.9348021 411.13472 15.5744001
v -66.0205007 367.863107 17.0754999
v -15.8602998 24.6724993 21.4362994
v 30.3965002 -38.7611002 11.1138999
v -39.4295007 -55.785799 14.0594006
v -28.2288998 342.845893 212.894392
v -15.1232004 369.945002 130.014503
v -84.1889024 412.516594 130.996096
v 77.7127981 -217.615294 238.49299
v 73.7982988 -240.4778 323.978996
v 68.0348992 -270.8987 325.664401
v -67.4403012 -221.645689 420.354414
v -56.370002 -225.361109 425.799704
v -103.647196 -222.465301 519.774199
v -148.773503 147.461295 287.685895
v -145.737398 65.7294989 262.269211
v -150.366497 120.908403 324.369097
v -151.250696 145.665503 335.018396
v -142.601204 -97.9372978 116.069102
v -143.743801 -142.827702 114.291298
v -140.123904 -140.980899 159.703898
v -138.870001 -94.7712004 162.336397
v -122.150004 -52.8342009 567.8617
v -141.981101 -48.2470006 540.426111
v -139.6245 -91.9291973 552.470779
v -120.3583 -9.12960023 558.321524
v -137.853396 -99.8862028 297.608995
v -135.156906 -105.762601 418.859291
v -140.184605 -26.9311011 407.93829
v -141.128099 -12.9688993 323.368311
v 20.1192006 297.123098 340.262008
v 45.5704004 276.905203 404.265881
v 54.8496008 316.8257 381.603694
v 28.1856 328.225493 318.428993
v 72.319603 -27.6504993 8.96200016
v 97.0238984 1.58120003 8.16240013
v 117.706501 -58.9437008 11.4978001
v 55.8146 -111.932898 9.96680036
v -127.884603 -342.194104 109.052396
v -131.406403 -295.303297 115.739799
v -127.5985 -338.870502 70.6912994
v -129.628098 -282.15251 69.0949023
v -139.579904 6.04970008 206.690502
v -144.528198 -22.6071 160.380101
v -135.376096 -76.8073976 211.776996
v -138.870001 -94.7712004 162.336397
v -154.796505 237.213302 60.3402972
v -154.584503 192.744303 65.9226
v -154.442096 225.846195 127.818894
v -156.8519 169.976294 126.044095
v 133.116901 -301.7524 173.108697
v 102.783203 -326.810288 174.037898
v 97.4065006 -301.577902 127.904797
v 128.486204 -277.658796 129.469895
v -111.770105 -244.7016 350.170493
v -137.4874 -120.435297 301.409698
v -130.129802 -200.885701 270.884895
v -116.568899 -262.576389 286.152005
v 111.713803 61.6509974 248.965597
v 105.094504 36.5612 184.762597
v 108.566594 103.278399 203.22721
v 111.982799 117.293501 259.846807
v -69.2076981 -185.579205 557.532787
v -52.4344981 -124.079704 563.528681
v -64.3217981 -135.6498 569.749308
v -94.9728012 -196.374094 576.204491
v 47.4256992 -283.2371 6.64020032
v 56.4710975 -346.67511 3.44090015
v 13.1923005 -371.811795 9.96859968
v 10.2443002 -234.621191 16.1347002
v -140.778399 276.559901 266.912508
v -142.504895 266.765308 273.711896
v -142.423701 276.787591 315.278101
v -137.346804 299.046993 276.2609
v -137.524402 308.121896 321.742201
v 80.9476018 48.6496001 462.634277
v 71.7189014 -6.05410002 423.590708
v 100.595498 6.42319992 363.745999
v 95.3154981 49.6032 426.521397
v 121.013606 60.2331996 368.962097
v -118.697405 -42.2439009 571.98801
v -122.150004 -52.8342009 567.8617
v -116.632903 -66.6485012 565.376902
v -92.1902001 -60.4758978 571.702385
v -79.796797 196.347594 505.537701
v -9.41189975 163.3425 487.149906
v -32.7012002 257.330704 465.792418
v -104.665506 287.196302 485.330009
v 67.8120017 -366.226697 131.379294
v 64.2247975 -340.676308 174.468005
v 42.3319995 -359.657788 178.753495
v 34.5678985 -375.628901 168.075597
v -56.370002 -225.361109 425.799704
v -97.537899 -248.0088 409.067678
v -85.7194006 -278.977299 401.253414
v -54.1170001 -289.526796 405.5089
v 35.1934999 286.214209 196.2749
v -17.0582995 290.446496 133.148205
v -34.5896989 312.996292 208.3673
v 33.108601 296.158004 248.057008
v 124.012303 -71.6418982 66.3332999
v 139.378905 -143.501103 64.7171021
v 137.135994 -147.591102 10.5160996
v 117.706501 -58.9437008 11.4978001
v -152.975094 106.763196 58.8532984
v -150.8183 162.580097 42.5639004
v -148.674095 140.004098 5.84269986
v -152.784395 35.7248008 12.2322999
v 101.396799 138.637304 8.56140032
v 63.6660993 47.2781986 20.9832996
v 55.4787993 117.623794 16.0383001
v 69.5523977 170.853102 8.66060033
v -102.340806 -212.136698 536.235619
v -123.381805 -183.157897 564.161015
v -131.602097 -200.897408 533.544016
v -103.647196 -222.465301 519.774199
v 141.038096 328.60651 213.537502
v 118.207598 369.48359 136.876595
v 100.199199 352.552104 210.584497
v 119.8843 317.818499 274.773407
v 118.207598 369.48359 136.876595
v 93.2834029 379.269409 81.2436998
v 49.1818011 364.603901 136.849594
v 100.199199 352.552104 210.584497
v 110.898101 90.8900976 175.460994
v 139.212298 115.143704 147.529697
v 134.028399 144.322205 199.263406
v 108.566594 103.278399 203.22721
v 133.3179 -215.269208 24.3379995
v 139.378905 -143.501103 64.7171021
v 132.733297 -216.733694 66.4627016
v 128.614402 -278.140807 23.5602006
v -122.040701 408.285809 144.832098
v -84.1889024 412.516594 130.996096
v -89.8580015 409.330702 115.6443
v -130.860102 402.227402 133.580005
v -144.520497 11.0577002 495.78042
v -140.184605 -26.9311011 407.93829
v -142.275095 -60.0803971 503.080177
v -144.269097 -9.65140015 510.663509
v -143.787098 113.703299 344.922495
v -141.128099 -12.9688993 323.368311
v -140.068698 56.6339016 406.229401
v -144.206703 140.833795 353.675199
v 134.257698 -197.281599 13.5309994
v 137.135994 -147.591102 10.5160996
v 139.378905 -143.501103 64.7171021
v 133.3179 -215.269208 24.3379995
v 55.4787993 117.623794 16.0383001
v -4.25449982 92.2486007 15.6334996
v 3.29869986 168.771601 3.71440016
v 69.5523977 170.853102 8.66060033
vt 0.343369991 0.394320995
vt 0.343382001 0.394333005
vt 0.343437999 0.394241005
vt 0.368045002 0.905381978
vt 0.368030995 0.905317008
vt 0.368012011 0.905382991
vt 0.368050992 0.905313015
vt 0.368030995 0.905317008
vt 0.346314013 0.398250997
vt 0.346248001 0.398292989
vt 0.346311003 0.398303986
vt 0.344018012 0.392881006
vt 0.343921006 0.392803997
vt 0.343979001 0.392940015
vt 0.341892004 0.393727988
vt 0.34187901 0.393803
vt 0.341910005 0.393739998
vt 0.348320007 0.398936987
vt 0.348306 0.39893499
vt 0.348271996 0.399026006
vt 0.342197001 0.393604994
vt 0.342132002 0.393610001
vt 0.342204005 0.393637002
vt 0.367677003 0.905282974
vt 0.36768499 0.905335009
vt 0.367720991 0.905335009
vt 0.341574013 0.393801004
vt 0.341520011 0.393765002
vt 0.341535002 0.393817991
vt 0.341576993 0.393869013
vt 0.341574013 0.393801004
vt 0.342608005 0.395336986
vt 0.342606992 0.395339012
vt 0.342696011 0.395372987
vt 0.343686998 0.393047988
vt 0.343544006 0.393153995
vt 0.343726009 0.393121004
vt 0.347974986 0.391326994
vt 0.348004013 0.391178012
vt 0.347914994 0.391261995
vt 0.364520997 0.905586004
vt 0.364511013 0.905682981
vt 0.364571005 0.905650973
vt 0.343214989 0.39753899
vt 0.343214989 0.397552013
vt 0.343239993 0.397520989
vt 0.365895987 0.907139003
vt 0.365882009 0.907180011
vt 0.364214987 0.905983984
vt 0.346857011 0.393310994
vt 0.346857995 0.393379003
vt 0.346901 0.393323004
vt 0.314608991 0.401580989
vt 0.314626992 0.401616007
vt 0.314640999 0.401589006
vt 0.342628002 0.395300001
vt 0.342532009 0.395298004
vt 0.342602015 0.395325989
vt 0.343782008 0.392477006
vt 0.343888998 0.392444015
vt 0.343773007 0.392448008
vt 0.314590991 0.401571006
vt 0.314613014 0.401502013
vt 0.314561009 0.40151599
vt 0.349108011 0.393476009
vt 0.349036008 0.393528998
vt 0.349108011 0.393530011
vt 0.364201993 0.905900002
vt 0.364273012 0.905954003
vt 0.364261001 0.905860007
vt 0.364679009 0.904411972
vt 0.364665002 0.904388011
vt 0.364674985 0.904434979
vt 0.341966003 0.393725991
vt 0.342014015 0.393770009
vt 0.342022002 0.393714994
vt 0.34256199 0.395370007
vt 0.342483997 0.395408005
vt 0.342655987 0.395417005
vt 0.364654005 0.904341996
vt 0.364665002 0.904388011
vt 0.364670992 0.904386997
vt 0.342137992 0.393730998
vt 0.342195988 0.393795013
vt 0.342204005 0.393637002
vt 0.34228 0.395417005
vt 0.342256993 0.395500988
vt 0.342363 0.395532012
vt 0.309556007 0.397269011
vt 0.314601004 0.401591003
vt 0.314619988 0.401627004
vt 0.345800996 0.396883994
vt 0.345735013 0.396829009
vt 0.345654011 0.396939993
vt 0.347052991 0.39330101
vt 0.347153008 0.393106014
vt 0.347043008 0.393258005
vt 0.346323997 0.393489987
vt 0.346334994 0.393449992
vt 0.346323997 0.393462002
vt 0.364199013 0.904742002
vt 0.364154011 0.904713988
vt 0.364156008 0.904753983
vt 0.346971005 0.39338401
vt 0.347063988 0.393402994
vt 0.346989989 0.393326014
vt 0.363534987 0.906233013
vt 0.363647014 0.906301975
vt 0.363649011 0.906259
vt 0.342076987 0.393510014
vt 0.34206599 0.393496007
vt 0.34206301 0.393545002
vt 0.31941101 0.400891006
vt 0.319408 0.400819004
vt 0.319297999 0.400835007
vt 0.344633996 0.395830005
vt 0.344621986 0.395763993
vt 0.344567001 0.395785004
vt 0.341796011 0.394125015
vt 0.341782004 0.394161999
vt 0.341838986 0.394118994
vt 0.344608009 0.395915985
vt 0.344633996 0.395830005
vt 0.344588995 0.395850986
vt 0.348645985 0.398678988
vt 0.348681986 0.398678988
vt 0.348659009 0.398624003
vt 0.348001987 0.397471994
vt 0.348035008 0.397473991
vt 0.348037988 0.397401989
vt 0.341825992 0.395769
vt 0.341865987 0.39577201
vt 0.341827005 0.395684987
vt 0.343430012 0.394535005
vt 0.343387008 0.394477993
vt 0.343407005 0.394540012
vt 0.364308 0.904636979
vt 0.364277989 0.904688001
vt 0.36432299 0.90468502
vt 0.367709011 0.905261993
vt 0.367720991 0.905166984
vt 0.367691994 0.905196011
vt 0.343409002 0.393296987
vt 0.343443006 0.393292993
vt 0.343430996 0.393189013
vt 0.343412012 0.392551988
vt 0.343495011 0.392504007
vt 0.343403995 0.392504007
vt 0.343338996 0.392666996
vt 0.343277991 0.392607987
vt 0.343295991 0.392699987
vt 0.346901 0.393323004
vt 0.346857995 0.393379003
vt 0.346971005 0.39338401
vt 0.340703011 0.396432996
vt 0.340700001 0.396524012
vt 0.340754986 0.396526009
vt 0.364475012 0.905586004
vt 0.364464015 0.905713022
vt 0.364511013 0.905682981
vt 0.346248001 0.398292989
vt 0.346260995 0.398380011
vt 0.346311003 0.398303986
vt 0.341782004 0.394161999
vt 0.341740996 0.394151002
vt 0.341749012 0.394169986
vt 0.341796011 0.394125015
vt 0.341740996 0.394151002
vt 0.342667997 0.395231992
vt 0.341596007 0.394235998
vt 0.342537999 0.395157993
vt 0.341881007 0.393907994
vt 0.341818988 0.393871993
vt 0.34177199 0.394008994
vt 0.343782008 0.392477006
vt 0.343952 0.392464012
vt 0.343888998 0.392444015
vt 0.340781003 0.396551013
vt 0.340687007 0.39654699
vt 0.340682 0.396607012
vt 0.343952 0.392464012
vt 0.34395799 0.392545015
vt 0.343988001 0.39252001
vt 0.347052991 0.39330101
vt 0.347184002 0.393106014
vt 0.347153008 0.393106014
vt 0.343524009 0.394255996
vt 0.343618989 0.394315004
vt 0.343614012 0.394232988
vt 0.348035991 0.397522002
vt 0.348035008 0.397473991
vt 0.348001987 0.397471994
vt 0.366685003 0.905170977
vt 0.366714001 0.905212998
vt 0.366762996 0.905179024
vt 0.346103996 0.393631995
vt 0.346078992 0.393712014
vt 0.346188009 0.393684
vt 0.34356001 0.392632008
vt 0.34364599 0.392628998
vt 0.343623996 0.392560989
vt 0.34187901 0.393655002
vt 0.341838002 0.393734992
vt 0.341892004 0.393727988
vt 0.347804993 0.390843987
vt 0.347476006 0.391041011
vt 0.347867012 0.390956998
vt 0.343333006 0.394778013
vt 0.343306988 0.394710004
vt 0.343270004 0.394719988
vt 0.341926992 0.395765007
vt 0.341865987 0.39577201
vt 0.341933995 0.395787001
vt 0.345732987 0.396753997
vt 0.345596999 0.396804005
vt 0.345735013 0.396829009
vt 0.341690004 0.393846005
vt 0.341589004 0.393887997
vt 0.341701001 0.393862993
vt 0.343717009 0.398523003
vt 0.343677998 0.398557007
vt 0.343717009 0.398616999
vt 0.343533993 0.393130988
vt 0.343508005 0.393016994
vt 0.343443006 0.393020988
vt 0.341877013 0.39598
vt 0.341906995 0.396034002
vt 0.341903001 0.396012008
vt 0.341865987 0.39577201
vt 0.341890007 0.395841002
vt 0.341933995 0.395787001
vt 0.347470999 0.39083001
vt 0.347526014 0.390832007
vt 0.347526014 0.390760988
vt 0.362964988 0.90674597
vt 0.363092005 0.906738997
vt 0.363072008 0.906692982
vt 0.342005998 0.395940006
vt 0.341975987 0.395947993
vt 0.341989994 0.396007001
vt 0.363247007 0.906817019
vt 0.363112003 0.906829
vt 0.36311999 0.906868994
vt 0.347586989 0.398061007
vt 0.34760499 0.397976995
vt 0.347595006 0.397987992
vt 0.345423013 0.397534013
vt 0.345441014 0.39743799
vt 0.345384985 0.397540987
vt 0.342002004 0.394169986
vt 0.342045993 0.394124001
vt 0.341960013 0.394116014
vt 0.344011009 0.392677009
vt 0.343923002 0.392663002
vt 0.343993992 0.392702997
vt 0.341883987 0.394176006
vt 0.341912001 0.394178987
vt 0.341960013 0.394116014
vt 0.346273005 0.393830001
vt 0.346296012 0.393730998
vt 0.346193999 0.393757999
vt 0.341838986 0.394118994
vt 0.341906011 0.394021988
vt 0.341845006 0.394035995
vt 0.342985004 0.399628013
vt 0.343006998 0.399677008
vt 0.343102008 0.399540991
vt 0.342061013 0.394026995
vt 0.341996014 0.393985003
vt 0.341969997 0.394048989
vt 0.343558997 0.394555002
vt 0.343439013 0.394547999
vt 0.343432993 0.394609004
vt 0.347144991 0.392964005
vt 0.347148001 0.392986
vt 0.347198993 0.393011987
vt 0.340961009 0.396439999
vt 0.344581991 0.40070501
vt 0.340927988 0.396319985
vt 0.347476006 0.391041011
vt 0.347339988 0.39110899
vt 0.347470999 0.391131997
vt 0.349110991 0.395222992
vt 0.349144995 0.395179987
vt 0.349099994 0.395208001
vt 0.347983003 0.399399012
vt 0.348008007 0.399333
vt 0.347887993 0.399313986
vt 0.366676986 0.908542991
vt 0.366672993 0.908483982
vt 0.366641998 0.908487022
vt 0.363700986 0.906288028
vt 0.363685995 0.906314015
vt 0.36373499 0.906341016
vt 0.343353987 0.392650992
vt 0.343338996 0.392666996
vt 0.343421012 0.392711997
vt 0.34356901 0.392699003
vt 0.343668997 0.392729014
vt 0.34364599 0.392628998
vt 0.343742996 0.393294007
vt 0.343888998 0.393265009
vt 0.343932986 0.393195987
vt 0.343787998 0.394560993
vt 0.343782008 0.394463003
vt 0.343712002 0.394506991
vt 0.343443006 0.393292993
vt 0.343409002 0.393296987
vt 0.343463004 0.393375993
vt 0.346197993 0.393831015
vt 0.346193999 0.393757999
vt 0.346087992 0.393777013
vt 0.347880006 0.391059011
vt 0.347867012 0.390982985
vt 0.347855002 0.391050994
vt 0.343641996 0.394573987
vt 0.343676001 0.394594014
vt 0.343674004 0.394553006
vt 0.343291998 0.392529994
vt 0.34336099 0.392571986
vt 0.343304008 0.392527997
vt 0.346585006 0.393777996
vt 0.346477002 0.393743992
vt 0.346565992 0.393842995
vt 0.346213996 0.393458009
vt 0.346213013 0.393409014
vt 0.346132994 0.393422991
vt 0.346597999 0.393485993
vt 0.346509993 0.393559009
vt 0.346608013 0.393548012
vt 0.339233011 0.396265
vt 0.341719002 0.395776004
vt 0.341753989 0.395691991
vt 0.346197993 0.393831015
vt 0.346078992 0.393846989
vt 0.34610799 0.393905997
vt 0.341957986 0.393913001
vt 0.342029005 0.393869996
vt 0.342011005 0.393848002
vt 0.343903989 0.392803997
vt 0.343768001 0.39289701
vt 0.343787014 0.392949998
vt 0.342137992 0.393570989
vt 0.342087001 0.393548995
vt 0.34207499 0.39360401
vt 0.344006002 0.392753005
vt 0.343993992 0.392702997
vt 0.343923002 0.392663002
vt 0.346859008 0.393471003
vt 0.346908003 0.393552005
vt 0.346982002 0.39348799
vt 0.342749 0.395408005
vt 0.342759997 0.395375997
vt 0.342732012 0.395352989
vt 0.343896002 0.39259699
vt 0.343668014 0.392627001
vt 0.343692005 0.392720014
vt 0.363534987 0.906233013
vt 0.363649011 0.906259
vt 0.363644987 0.906192005
vt 0.343439013 0.394547999
vt 0.343445987 0.394483
vt 0.343430012 0.394535005
vt 0.367439002 0.904073
vt 0.36748299 0.904105008
vt 0.367448002 0.904066026
vt 0.31941101 0.400891006
vt 0.307934999 0.392246991
vt 0.319451004 0.400826007
vt 0.341870993 0.395924002
vt 0.341704011 0.395936996
vt 0.341724992 0.395994008
vt 0.345596999 0.396804005
vt 0.345575988 0.396907002
vt 0.345654011 0.396939993
vt 0.314081997 0.396578997
vt 0.319451004 0.400826007
vt 0.307934999 0.392246991
vt 0.341711015 0.393555999
vt 0.341702998 0.39359501
vt 0.34178099 0.393595994
vt 0.348084986 0.391927004
vt 0.348019004 0.391900003
vt 0.348028004 0.391986012
vt 0.341753989 0.401906013
vt 0.341841996 0.401872009
vt 0.341749996 0.401858985
vt 0.343800992 0.394849002
vt 0.343800992 0.394926012
vt 0.343858004 0.394915015
vt 0.343780994 0.392553002
vt 0.343896002 0.39259699
vt 0.34395799 0.392545015
vt 0.342741996 0.395287007
vt 0.342628002 0.395300001
vt 0.342768997 0.395319998
vt 0.341740996 0.394151002
vt 0.341751009 0.394097
vt 0.341728002 0.394104987
vt 0.342628002 0.395300001
vt 0.342741996 0.395287007
vt 0.342667997 0.395231992
vt 0.341731012 0.396073014
vt 0.341522992 0.396095991
vt 0.341536999 0.396144003
vt 0.346502006 0.393498003
vt 0.346570998 0.393436998
vt 0.346464992 0.393451989
vt 0.364219993 0.905986011
vt 0.364270985 0.906005979
vt 0.364273012 0.905954003
vt 0.363052011 0.905183017
vt 0.362989008 0.905225992
vt 0.363070995 0.90525502
vt 0.342483997 0.395408005
vt 0.342366993 0.395260006
vt 0.344617009 0.395740002
vt 0.341969997 0.394048989
vt 0.342058003 0.394064993
vt 0.342061013 0.394026995
vt 0.341969997 0.394048989
vt 0.341959 0.394073009
vt 0.364371002 0.904533982
vt 0.364399999 0.904582977
vt 0.364466012 0.904547989
vt 0.341560006 0.393642008
vt 0.341659009 0.393656999
vt 0.341571987 0.393635005
vt 0.363714993 0.906260014
vt 0.363698989 0.906278014
vt 0.363700986 0.906286001
vt 0.341302991 0.39842099
vt 0.341239005 0.398499995
vt 0.341302991 0.398506999
vt 0.341906011 0.394021988
vt 0.341883987 0.393949986
vt 0.341845006 0.394035995
vt 0.364367992 0.905793011
vt 0.36441499 0.905776978
vt 0.36441499 0.90575999
vt 0.343681008 0.393027008
vt 0.343686998 0.393047988
vt 0.343791008 0.393097013
vt 0.362984002 0.906652987
vt 0.362971008 0.906693995
vt 0.363072008 0.906692982
vt 0.348910987 0.394100994
vt 0.348903 0.394026995
vt 0.348856002 0.394028008
vt 0.348910987 0.394100994
vt 0.348863006 0.394102991
vt 0.347445995 0.390790999
vt 0.347335011 0.390736014
vt 0.347330987 0.390827
vt 0.34167999 0.394032001
vt 0.34158501 0.393947989
vt 0.341574997 0.394017011
vt 0.365680993 0.90773201
vt 0.365646988 0.907648027
vt 0.365655988 0.90773499
vt 0.344599992 0.398209989
vt 0.344545007 0.398231
vt 0.344590992 0.398324996
vt 0.34454 0.396003008
vt 0.344615996 0.395992011
vt 0.344608009 0.395915985
vt 0.343340993 0.39320901
vt 0.343282014 0.393144011
vt 0.343288004 0.393204987
vt 0.344581991 0.40070501
vt 0.340961009 0.396439999
vt 0.341046989 0.396508992
vt 0.367190003 0.908214986
vt 0.367193997 0.908165991
vt 0.367137015 0.908164978
vt 0.343988001 0.39252001
vt 0.344013989 0.392583996
vt 0.343997985 0.392506003
vt 0.341865987 0.395898998
vt 0.341850996 0.395846009
vt 0.341719002 0.395862997
vt 0.341939986 0.393599987
vt 0.341951013 0.393638998
vt 0.342014998 0.393608987
vt 0.341939986 0.393599987
vt 0.342000991 0.393554986
vt 0.364432007 0.904413998
vt 0.364589989 0.904395998
vt 0.364511013 0.904365003
vt 0.343026996 0.399446011
vt 0.343050987 0.39952299
vt 0.34314701 0.399484009
vt 0.343861014 0.394246995
vt 0.343796015 0.394322008
vt 0.343870014 0.394322008
vt 0.343448013 0.394632995
vt 0.343573987 0.394623011
vt 0.343432993 0.394609004
vt 0.342363 0.395532012
vt 0.342256993 0.395500988
vt 0.342254996 0.39557901
vt 0.342022002 0.393714994
vt 0.341957986 0.393711001
vt 0.341966003 0.393725991
vt 0.342366993 0.395260006
vt 0.342483997 0.395408005
vt 0.342528999 0.395361006
vt 0.343023986 0.399403006
vt 0.343026996 0.399313986
vt 0.342958003 0.399363995
vt 0.341674 0.395686001
vt 0.343392015 0.396795005
vt 0.343475997 0.396797001
vt 0.363519996 0.906166971
vt 0.363644987 0.906192005
vt 0.363550991 0.90614301
vt 0.364479005 0.904537976
vt 0.364553988 0.904473007
vt 0.364448994 0.904480994
vt 0.342202991 0.39426899
vt 0.342105001 0.394268006
vt 0.342117995 0.394315004
vt 0.343659014 0.394861013
vt 0.343668997 0.394739985
vt 0.343600988 0.394771993
vt 0.344525993 0.400023013
vt 0.344516009 0.400092989
vt 0.344567001 0.400090009
vt 0.341939986 0.393599987
vt 0.341881007 0.393590987
vt 0.34187901 0.393655002
vt 0.341930002 0.393523991
vt 0.341939986 0.393599987
vt 0.346273005 0.393830001
vt 0.346370995 0.393925011
vt 0.346293986 0.393824011
vt 0.345441014 0.39743799
vt 0.345423013 0.397534013
vt 0.345470011 0.397504002
vt 0.36333099 0.905090988
vt 0.363292009 0.905093014
vt 0.363297999 0.905166984
vt 0.343106002 0.399408013
vt 0.343097001 0.399372011
vt 0.343023986 0.399403006
vt 0.343668997 0.394739985
vt 0.343578011 0.394704014
vt 0.343600988 0.394771993
vt 0.364535004 0.904739976
vt 0.364472985 0.904757023
vt 0.364455998 0.904872
vt 0.343098015 0.399278998
vt 0.343106002 0.399217993
vt 0.34305501 0.399224013
vt 0.34621501 0.393528998
vt 0.346109003 0.393545985
vt 0.34620899 0.393608004
vt 0.341693997 0.393943012
vt 0.341589004 0.393887997
vt 0.34158501 0.393947989
vt 0.343618989 0.394315004
vt 0.343531013 0.394331008
vt 0.34354499 0.394445002
vt 0.343618989 0.394315004
vt 0.343524009 0.394255996
vt 0.344608009 0.395915985
vt 0.344588995 0.395850986
vt 0.344552994 0.395909995
vt 0.342301011 0.395141006
vt 0.342339993 0.395096004
vt 0.342267007 0.395076007
vt 0.341809005 0.394194007
vt 0.341782004 0.394161999
vt 0.341767013 0.394216001
vt 0.341809005 0.394194007
vt 0.341798007 0.394241989
vt 0.319514006 0.400721014
vt 0.319505006 0.40072
vt 0.319476008 0.40081799
vt 0.344509989 0.400175989
vt 0.344502002 0.400265992
vt 0.344531 0.400256008
vt 0.34236601 0.395081013
vt 0.342388988 0.395130008
vt 0.342424005 0.39508301
vt 0.344541013 0.399866015
vt 0.344503999 0.399884999
vt 0.344518006 0.399949998
vt 0.311253011 0.395765007
vt 0.311392009 0.39576599
vt 0.311237007 0.395687014
vt 0.363193005 0.905543983
vt 0.36322099 0.905487001
vt 0.363202006 0.905484974
vt 0.343842 0.392957002
vt 0.342195988 0.393795013
vt 0.343979001 0.392942011
vt 0.343338013 0.394892007
vt 0.34326601 0.394840986
vt 0.343275011 0.394858986
vt 0.346314013 0.393660992
vt 0.346504003 0.393694013
vt 0.346341014 0.393586993
vt 0.364464015 0.904321015
vt 0.364387006 0.904317975
vt 0.364363015 0.904339015
vt 0.366255999 0.905183971
vt 0.366259009 0.905129015
vt 0.366248995 0.905175984
vt 0.367709011 0.905261993
vt 0.367691994 0.905196011
vt 0.367677003 0.905282974
vt 0.343816012 0.393096
vt 0.342204005 0.393637002
vt 0.342195988 0.393795013
vt 0.341912001 0.394178987
vt 0.34187001 0.394261003
vt 0.342009008 0.394300014
vt 0.341751009 0.401960999
vt 0.341841012 0.401912004
vt 0.341753989 0.401906013
vt 0.341574997 0.394017011
vt 0.341565996 0.394100994
vt 0.341657013 0.394113988
vt 0.341565996 0.394100994
vt 0.341643989 0.394169003
vt 0.343493015 0.392951995
vt 0.343508005 0.393016994
vt 0.343656003 0.392971009
vt 0.346188009 0.393684
vt 0.346296012 0.393730998
vt 0.346314013 0.393660992
vt 0.346193999 0.393757999
vt 0.346078992 0.393712014
vt 0.346078992 0.393712014
vt 0.346087992 0.393777013
vt 0.341883987 0.393949986
vt 0.341881007 0.393907994
vt 0.341769993 0.393997997
vt 0.34354499 0.394445002
vt 0.343401015 0.394432008
vt 0.343445987 0.394483
vt 0.343602985 0.394950986
vt 0.343661994 0.394953012
vt 0.343659014 0.394861013
vt 0.363119006 0.905425012
vt 0.363133013 0.905435026
vt 0.363124013 0.905404985
vt 0.346908003 0.393552005
vt 0.34702599 0.393640012
vt 0.347041011 0.393577993
vt 0.343865007 0.394676
vt 0.343863994 0.394616991
vt 0.343807995 0.394616008
vt 0.343807995 0.394616008
vt 0.343804002 0.394686997
vt 0.347184002 0.393106014
vt 0.347198993 0.393011987
vt 0.347169995 0.393016994
vt 0.366459012 0.905098975
vt 0.366461009 0.905052006
vt 0.366393 0.90505898
vt 0.343268991 0.397486001
vt 0.343221992 0.39744401
vt 0.343214989 0.39753899
vt 0.341728002 0.39605099
vt 0.341724992 0.395994008
vt 0.341540009 0.396003991
vt 0.342130005 0.39377901
vt 0.342070997 0.393761009
vt 0.342078 0.393821001
vt 0.343214989 0.39753899
vt 0.343174011 0.397594988
vt 0.343203992 0.397578001
vt 0.342135012 0.394138008
vt 0.342115015 0.394181997
vt 0.342198998 0.394189
vt 0.349108994 0.397814006
vt 0.349142998 0.397810996
vt 0.349087 0.397760987
vt 0.343623996 0.392560989
vt 0.343766987 0.392488986
vt 0.343712986 0.392488986
vt 0.346920997 0.393720001
vt 0.346841007 0.393741995
vt 0.34691599 0.393730998
vt 0.343407005 0.392627001
vt 0.343558013 0.392693996
vt 0.343537003 0.392628014
vt 0.343528003 0.392560989
vt 0.343407005 0.392627001
vt 0.341890007 0.395841002
vt 0.341901988 0.395886004
vt 0.341933995 0.395880014
vt 0.34651199 0.393635988
vt 0.346605003 0.393694013
vt 0.34660399 0.393615991
vt 0.34691599 0.393730998
vt 0.346841007 0.393741995
vt 0.346859008 0.39378801
vt 0.34620899 0.393608004
vt 0.346109003 0.393545985
vt 0.346103996 0.393631995
vt 0.348024994 0.397587001
vt 0.347994 0.39754501
vt 0.348013997 0.397601992
vt 0.363454014 0.906490028
vt 0.363460988 0.906502008
vt 0.363521993 0.906472027
vt 0.342339993 0.395096004
vt 0.34236601 0.395081013
vt 0.342285991 0.395045012
vt 0.343923002 0.392663002
vt 0.34395799 0.392545015
vt 0.343896002 0.39259699
vt 0.343659014 0.394861013
vt 0.343661994 0.394953012
vt 0.343715996 0.394914001
vt 0.349108011 0.393476009
vt 0.349108011 0.393530011
vt 0.349157006 0.393512011
vt 0.343780994 0.392553002
vt 0.343782008 0.392477006
vt 0.343766987 0.392488986
vt 0.342137009 0.402168989
vt 0.342041999 0.40209499
vt 0.342108995 0.402188987
vt 0.311336011 0.401304007
vt 0.31131801 0.401428014
vt 0.311381996 0.401410997
vt 0.342045009 0.393875003
vt 0.342141002 0.393871009
vt 0.342079997 0.393835008
vt 0.347144991 0.392964005
vt 0.347074986 0.392881989
vt 0.347052991 0.392883986
vt 0.342041999 0.40209499
vt 0.341921002 0.402224004
vt 0.342108995 0.402188987
vt 0.343843013 0.392708987
vt 0.343903989 0.392803997
vt 0.344006002 0.392753005
vt 0.341868013 0.393577009
vt 0.341881007 0.393590987
vt 0.341930002 0.393523991
vt 0.343421996 0.392843992
vt 0.343490005 0.392926991
vt 0.343620002 0.392868996
vt 0.346249998 0.393525988
vt 0.346329987 0.393563986
vt 0.346311003 0.393525004
vt 0.364629 0.904304028
vt 0.364654005 0.904341996
vt 0.364661008 0.904332995
vt 0.366874009 0.90467
vt 0.366894007 0.904697001
vt 0.36689201 0.904666007
vt 0.343865991 0.394524008
vt 0.343867004 0.394416004
vt 0.343782008 0.394463003
vt 0.346971005 0.39338401
vt 0.346857995 0.393379003
vt 0.346852005 0.393444985
vt 0.343221992 0.39744401
vt 0.343324006 0.397410989
vt 0.343284011 0.397367001
vt 0.311383992 0.401183993
vt 0.311347991 0.401190013
vt 0.311336011 0.401205003
vt 0.344576001 0.400023997
vt 0.344567001 0.400090009
vt 0.344644994 0.400074005
vt 0.348004013 0.391178012
vt 0.348057002 0.391162008
vt 0.348039001 0.391090989
vt 0.347209007 0.39310199
vt 0.347234994 0.393032998
vt 0.347198993 0.393011987
vt 0.341753989 0.395691991
vt 0.341719002 0.395776004
vt 0.341825992 0.395769
vt 0.347323 0.390749007
vt 0.347256988 0.390789986
vt 0.347330987 0.390827
vt 0.343544006 0.39330101
vt 0.343686998 0.393303007
vt 0.343544006 0.393153995
vt 0.339233011 0.396265
vt 0.341592997 0.395783007
vt 0.341719002 0.395776004
vt 0.347974986 0.391326994
vt 0.348040998 0.391371995
vt 0.348057002 0.391162008
vt 0.342137992 0.393730998
vt 0.342078 0.393712997
vt 0.342070997 0.393761009
vt 0.348019987 0.397540003
vt 0.348024994 0.397587001
vt 0.348042011 0.397596985
vt 0.363234997 0.906566978
vt 0.363234997 0.906526029
vt 0.363189995 0.906585991
vt 0.343721986 0.394630998
vt 0.343804002 0.394686997
vt 0.343786001 0.394614011
vt 0.345735013 0.396730989
vt 0.345685989 0.396616995
vt 0.34563899 0.396692008
vt 0.343430996 0.393189013
vt 0.343418986 0.393036991
vt 0.343378991 0.393079996
vt 0.341906995 0.396034002
vt 0.341753989 0.396124989
vt 0.341948986 0.396106988
vt 0.341930002 0.393523991
vt 0.341939986 0.393599987
vt 0.342000991 0.393554986
vt 0.341554999 0.394167006
vt 0.341565996 0.394100994
vt 0.341553986 0.394111007
vt 0.342132002 0.393610001
vt 0.342078 0.393712997
vt 0.342137992 0.393730998
vt 0.34207499 0.39360401
vt 0.342132002 0.393610001
vt 0.366724014 0.904994011
vt 0.366733015 0.905007005
vt 0.36677599 0.90495199
vt 0.343807995 0.394616008
vt 0.343865991 0.394524008
vt 0.343787998 0.394560993
vt 0.343430996 0.393189013
vt 0.343378991 0.393079996
vt 0.343391001 0.39318499
vt 0.343409002 0.393296987
vt 0.343391001 0.39318499
vt 0.342148989 0.394050986
vt 0.342206001 0.394097
vt 0.342211008 0.394071996
vt 0.366272986 0.905080974
vt 0.366196007 0.905044973
vt 0.366185993 0.905093014
vt 0.343780994 0.392553002
vt 0.343623996 0.392560989
vt 0.343665987 0.392621994
vt 0.343780994 0.392553002
vt 0.343766987 0.392488986
vt 0.363550991 0.90614301
vt 0.363644987 0.906192005
vt 0.363647997 0.906150997
vt 0.341888994 0.393817991
vt 0.341948986 0.393878996
vt 0.341949999 0.393792003
vt 0.343378991 0.393079996
vt 0.343306988 0.392960995
vt 0.343263 0.393058985
vt 0.341693997 0.393943012
vt 0.34167999 0.394032001
vt 0.341755986 0.394033998
vt 0.341890007 0.395841002
vt 0.341933995 0.395880014
vt 0.341944009 0.395877987
vt 0.342929989 0.399367988
vt 0.342833012 0.399354011
vt 0.342824996 0.399439007
vt 0.346311986 0.393451989
vt 0.346278012 0.393456995
vt 0.346323997 0.393489987
vt 0.343715012 0.392818004
vt 0.343656003 0.392971009
vt 0.343768001 0.39289701
vt 0.342628002 0.395300001
vt 0.342667997 0.395231992
vt 0.342525989 0.395200998
vt 0.319674999 0.400812
vt 0.319685012 0.400700003
vt 0.319595009 0.40069899
vt 0.345573008 0.396798998
vt 0.345611006 0.396697998
vt 0.345595002 0.396701992
vt 0.366714001 0.905212998
vt 0.36677599 0.905210972
vt 0.366762996 0.905179024
vt 0.341951013 0.395900995
vt 0.341919988 0.395907998
vt 0.341926992 0.395958006
vt 0.343730003 0.394322991
vt 0.343618989 0.394315004
vt 0.343625993 0.394454002
vt 0.343730003 0.394322991
vt 0.343694001 0.394488007
vt 0.363377005 0.90506798
vt 0.363427997 0.905031979
vt 0.363380015 0.905023992
vt 0.348019004 0.391900003
vt 0.347968012 0.391902
vt 0.347979009 0.391979009
vt 0.346296012 0.393730998
vt 0.346188009 0.393684
vt 0.346193999 0.393757999
vt 0.341789991 0.393528014
vt 0.341872007 0.393521011
vt 0.341812015 0.393482
vt 0.344004005 0.392585993
vt 0.34395799 0.392545015
vt 0.344015002 0.392654985
vt 0.342115015 0.394181997
vt 0.342002004 0.394169986
vt 0.342009008 0.394300014
vt 0.342045993 0.394124001
vt 0.342115015 0.394181997
vt 0.341912001 0.394178987
vt 0.342009008 0.394300014
vt 0.347445995 0.390790999
vt 0.347445011 0.390733004
vt 0.347427011 0.390733987
vt 0.343228012 0.397323996
vt 0.343174011 0.397341996
vt 0.343192995 0.397390991
vt 0.363193005 0.905543983
vt 0.363182992 0.905561984
vt 0.363288999 0.905569971
vt 0.345423013 0.397534013
vt 0.345387995 0.397587001
vt 0.345432013 0.397549987
vt 0.343715996 0.394914001
vt 0.343800992 0.394926012
vt 0.343800992 0.394849002
vt 0.342198998 0.394189
vt 0.342115015 0.394181997
vt 0.342105001 0.394268006
vt 0.366283 0.905075014
vt 0.366394997 0.905112982
vt 0.366393 0.90505898
vt 0.347932994 0.391169012
vt 0.348004013 0.391178012
vt 0.347983003 0.391072005
vt 0.343719989 0.394594014
vt 0.343786001 0.394614011
vt 0.343787998 0.394560993
vt 0.363022 0.906610012
vt 0.363088995 0.906648993
vt 0.363099992 0.906598985
vt 0.346453995 0.393824995
vt 0.346477002 0.393743992
vt 0.346311003 0.393739015
vt 0.347712994 0.397924989
vt 0.347660989 0.397980988
vt 0.347763985 0.397980005
vt 0.350704014 0.400784999
vt 0.350704998 0.400748014
vt 0.35067001 0.400756001
vt 0.340842992 0.396560997
vt 0.340781003 0.396551013
vt 0.340768009 0.396631002
vt 0.363189995 0.906674027
vt 0.363213986 0.906678021
vt 0.363207012 0.906632006
vt 0.365649998 0.907813013
vt 0.365655005 0.907836974
vt 0.365680009 0.907804012
vt 0.343351007 0.394335985
vt 0.343306988 0.394344002
vt 0.343331993 0.394414991
vt 0.344004005 0.392585993
vt 0.343988001 0.39252001
vt 0.34395799 0.392545015
vt 0.342655987 0.395417005
vt 0.342727005 0.395462006
vt 0.342749 0.395408005
vt 0.344568014 0.399942011
vt 0.344576001 0.400023997
vt 0.344626009 0.400009006
vt 0.343681008 0.393027008
vt 0.34366399 0.392958999
vt 0.343656003 0.392971009
vt 0.342195988 0.393795013
vt 0.342137992 0.393730998
vt 0.342130005 0.39377901
vt 0.342528999 0.395361006
vt 0.342483997 0.395408005
vt 0.34256199 0.395370007
vt 0.341996014 0.393985003
vt 0.342045009 0.393875003
vt 0.342029005 0.393869996
vt 0.341996014 0.393985003
vt 0.341957986 0.393913001
vt 0.341850996 0.395846009
vt 0.341811001 0.39578101
vt 0.341735989 0.395790994
vt 0.342197001 0.393604994
vt 0.342209995 0.393584996
vt 0.342137992 0.393570989
vt 0.342002004 0.394169986
vt 0.341960013 0.394116014
vt 0.341912001 0.394178987
vt 0.343524009 0.394255996
vt 0.343452007 0.394335002
vt 0.343531013 0.394331008
vt 0.342045993 0.394124001
vt 0.342058003 0.394064993
vt 0.341959 0.394073009
vt 0.341959 0.394073009
vt 0.341960013 0.394116014
vt 0.349049002 0.397796005
vt 0.349108994 0.397814006
vt 0.349087 0.397760987
vt 0.364665002 0.904388011
vt 0.364679009 0.904411972
vt 0.364670992 0.904386997
vt 0.341883987 0.394176006
vt 0.341960013 0.394116014
vt 0.341959 0.394073009
vt 0.36818701 0.905586004
vt 0.368225008 0.905577004
vt 0.368216991 0.90555799
vt 0.343407005 0.392627001
vt 0.34336099 0.392571986
vt 0.343353987 0.392650992
vt 0.343353987 0.392650992
vt 0.343421012 0.392711997
vt 0.343430012 0.392930001
vt 0.343421996 0.392843992
vt 0.343353987 0.392895013
vt 0.367285997 0.903123021
vt 0.367284 0.903168976
vt 0.367343009 0.903155029
vt 0.342144996 0.393851012
vt 0.342202008 0.393893003
vt 0.342200011 0.393837988
vt 0.343416989 0.394695014
vt 0.35155499 0.401410997
vt 0.343407989 0.394715011
vt 0.341021001 0.396528006
vt 0.340842992 0.39656201
vt 0.342009008 0.394300014
vt 0.311500996 0.397792995
vt 0.311396003 0.40130499
vt 0.311336994 0.401279986
vt 0.34801501 0.392031997
vt 0.348028004 0.391986012
vt 0.347979009 0.391979009
vt 0.342344999 0.395164013
vt 0.342388988 0.395130008
vt 0.342339993 0.395096004
vt 0.311396003 0.40130499
vt 0.311468005 0.401324004
vt 0.31141001 0.401297003
vt 0.363375008 0.905457973
vt 0.363418996 0.905467987
vt 0.364674985 0.904434979
vt 0.343349993 0.392742991
vt 0.343295991 0.392699987
vt 0.343311012 0.392807007
vt 0.346473992 0.393346012
vt 0.346570998 0.393436998
vt 0.34651199 0.393321007
vt 0.34326601 0.394840986
vt 0.343333006 0.394778013
vt 0.343270987 0.394791991
vt 0.345573008 0.396798998
vt 0.345595002 0.396703005
vt 0.34553799 0.396786004
vt 0.36333099 0.905198991
vt 0.363296002 0.905247986
vt 0.363305002 0.90525198
vt 0.347986996 0.398189992
vt 0.348048002 0.398117006
vt 0.348003 0.398111999
vt 0.341728002 0.39605099
vt 0.341877013 0.39598
vt 0.341724992 0.395994008
vt 0.342768997 0.395319998
vt 0.342628002 0.395300001
vt 0.342732012 0.395352989
vt 0.343495011 0.392504007
vt 0.343412012 0.392551988
vt 0.343528003 0.392560989
vt 0.343804002 0.393011004
vt 0.343842 0.392957002
vt 0.343787014 0.392949998
vt 0.341683 0.393721998
vt 0.34178099 0.393595994
vt 0.341659009 0.393656999
vt 0.342602015 0.395325989
vt 0.342532009 0.395298004
vt 0.342528999 0.395361006
vt 0.341957003 0.394037992
vt 0.341996014 0.393985003
vt 0.341906011 0.394021988
vt 0.346341014 0.393586993
vt 0.346414 0.393514007
vt 0.346329987 0.393563986
vt 0.343443006 0.393292993
vt 0.343463004 0.393375993
vt 0.343555987 0.393314987
vt 0.343106002 0.399192989
vt 0.343019992 0.399132013
vt 0.343043 0.399199992
vt 0.349510998 0.397491008
vt 0.348022997 0.392185003
vt 0.345371991 0.397388011
vt 0.349548995 0.397406995
vt 0.349498987 0.397401005
vt 0.349509001 0.397477001
vt 0.342141002 0.393871009
vt 0.34208101 0.393967003
vt 0.342141002 0.39399299
vt 0.34208101 0.393967003
vt 0.34207499 0.394012004
vt 0.342148989 0.394050986
vt 0.342041999 0.40209499
vt 0.341993988 0.401998997
vt 0.341913998 0.402069986
vt 0.346585006 0.393777996
vt 0.346605003 0.393694013
vt 0.346504003 0.393694013
vt 0.363418013 0.905220985
vt 0.363371998 0.905210972
vt 0.363375008 0.905239999
vt 0.341832012 0.402072996
vt 0.341913998 0.402069986
vt 0.341841012 0.401912004
vt 0.341841012 0.401912004
vt 0.341751009 0.401960999
vt 0.364284992 0.907401979
vt 0.364219993 0.905986011
vt 0.364237994 0.907344997
vt 0.340835005 0.396254987
vt 0.340844005 0.396216005
vt 0.340768993 0.396230012
vt 0.343443006 0.396674991
vt 0.34345299 0.39667201
vt 0.343423992 0.396605015
vt 0.34206301 0.393545002
vt 0.342000991 0.393554986
vt 0.342014998 0.393608987
vt 0.34633401 0.398277014
vt 0.346314013 0.398250997
vt 0.346311003 0.398303986
vt 0.348013997 0.397601992
vt 0.347988009 0.397608995
vt 0.348004013 0.397644013
vt 0.341850996 0.395846009
vt 0.341890007 0.395839006
vt 0.341865987 0.39577201
vt 0.343306988 0.392960995
vt 0.343378991 0.393079996
vt 0.343418986 0.393036991
vt 0.341764003 0.396183997
vt 0.341753989 0.396124989
vt 0.341536999 0.396144003
vt 0.343284994 0.394423008
vt 0.343293011 0.394492
vt 0.343340009 0.394493014
vt 0.347763985 0.398077011
vt 0.347752988 0.398061007
vt 0.347662985 0.398131996
vt 0.340822011 0.396427006
vt 0.340775013 0.396425992
vt 0.340781003 0.396551013
vt 0.348024011 0.392105997
vt 0.348037988 0.39211899
vt 0.348082989 0.392035007
vt 0.314339012 0.396364003
vt 0.314332992 0.396369994
vt 0.314343005 0.39637199
vt 0.309587985 0.39714399
vt 0.309583008 0.39715001
vt 0.309594989 0.397141993
vt 0.343329012 0.39309901
vt 0.343391001 0.39318499
vt 0.343378991 0.393079996
vt 0.310438991 0.398391992
vt 0.310440004 0.398389012
vt 0.310434014 0.398389012
vt 0.309632003 0.397166997
vt 0.30962801 0.397177994
vt 0.30964601 0.397168994
vt 0.313299 0.400570989
vt 0.313300997 0.400570005
vt 0.31330201 0.400557011
vt 0.309873015 0.396917999
vt 0.309877008 0.396928012
vt 0.309881985 0.396908998
vt 0.315290987 0.39388299
vt 0.315279007 0.39388299
vt 0.315290987 0.39388299
vt 0.343401015 0.394432008
vt 0.344695985 0.399857014
vt 0.343382001 0.394333005
vt 0.309747994 0.399019003
vt 0.30974701 0.399022996
vt 0.309758991 0.399010986
vt 0.311538994 0.39635101
vt 0.311531007 0.396355003
vt 0.311531007 0.396355003
vt 0.311771005 0.396232009
vt 0.311764985 0.396248996
vt 0.311776996 0.396228999
vt 0.311127007 0.39557001
vt 0.311123997 0.39558199
vt 0.311136007 0.395581007
vt 0.314693004 0.396510988
vt 0.314684004 0.396497995
vt 0.31468299 0.396510005
vt 0.311217993 0.397471011
vt 0.311221004 0.397486001
vt 0.311233014 0.397484988
vt 0.314608991 0.401580989
vt 0.314597011 0.401582003
vt 0.314601004 0.401591003
vt 0.309702992 0.397231996
vt 0.309693009 0.397233993
vt 0.309700012 0.397242993
vt 0.342137009 0.394071013
vt 0.342206001 0.394097
vt 0.342148989 0.394050986
vt 0.315858006 0.400649011
vt 0.315856993 0.400640011
vt 0.315845996 0.400655001
vt 0.314440012 0.396600991
vt 0.314449996 0.396600008
vt 0.314447999 0.396591991
vt 0.314143986 0.396504998
vt 0.314155996 0.396515012
vt 0.314155012 0.396503001
vt 0.309767991 0.398945004
vt 0.309783012 0.398954004
vt 0.309778988 0.398945987
vt 0.309354991 0.399123996
vt 0.309908986 0.396560013
vt 0.309354007 0.399147987
vt 0.311271012 0.397601008
vt 0.311262012 0.397588015
vt 0.311244994 0.397617012
vt 0.311336011 0.401205003
vt 0.311347991 0.401190013
vt 0.311338991 0.401192009
vt 0.311787009 0.395981997
vt 0.311623991 0.395990014
vt 0.311673999 0.396010995
vt 0.314691007 0.396524012
vt 0.314814001 0.396540999
vt 0.314819992 0.396517992
vt 0.311518997 0.396100014
vt 0.311513007 0.396079987
vt 0.311365992 0.396183997
vt 0.311396003 0.40130499
vt 0.311396986 0.401279986
vt 0.311336994 0.401279986
vt 0.311071992 0.400573999
vt 0.311046988 0.400604993
vt 0.311233014 0.397484988
vt 0.314040989 0.39645201
vt 0.313971013 0.396463007
vt 0.313964993 0.396474987
vt 0.311545014 0.395529985
vt 0.31160301 0.395520002
vt 0.311488003 0.395514995
vt 0.364273012 0.905954003
vt 0.364214003 0.905983984
vt 0.364219993 0.905986011
vt 0.310038 0.39715001
vt 0.309967995 0.397130013
vt 0.309969008 0.397139996
vt 0.343106002 0.399192989
vt 0.343043 0.399199992
vt 0.34305501 0.399224013
vt 0.364427 0.905727983
vt 0.36441499 0.90575999
vt 0.364436001 0.905740023
vt 0.311477989 0.395684004
vt 0.311500996 0.395781994
vt 0.311524004 0.395772994
vt 0.310144991 0.398411006
vt 0.310261011 0.398519009
vt 0.310277998 0.398501992
vt 0.309713006 0.396643013
vt 0.309700012 0.396634996
vt 0.309715003 0.396697015
vt 0.311277002 0.396072
vt 0.311251998 0.395985991
vt 0.311239988 0.39597699
vt 0.309547007 0.39715001
vt 0.309579998 0.397222996
vt 0.309572995 0.397204012
vt 0.309576005 0.397139013
vt 0.309547007 0.39715001
vt 0.309560001 0.397157997
vt 0.350703001 0.400797993
vt 0.350704014 0.400784999
vt 0.350677013 0.400795996
vt 0.309751987 0.398961008
vt 0.309783012 0.398954004
vt 0.309765995 0.398932993
vt 0.346370995 0.400680006
vt 0.346412003 0.400568008
vt 0.346385002 0.400575012
vt 0.315851003 0.400685996
vt 0.31585899 0.400651008
vt 0.315845996 0.400655001
vt 0.315301001 0.39379099
vt 0.31527701 0.393786013
vt 0.315277994 0.393842995
vt 0.314155996 0.396553993
vt 0.314155996 0.396542996
vt 0.314110011 0.396510005
vt 0.311387986 0.396367997
vt 0.311376005 0.39635399
vt 0.311289012 0.396333992
vt 0.311282992 0.396234006
vt 0.311289012 0.396259993
vt 0.311376005 0.396205992
vt 0.313299 0.400570989
vt 0.31330201 0.400557011
vt 0.313253999 0.400590986
vt 0.342615008 0.39763099
vt 0.342606992 0.397621989
vt 0.342455 0.397608995
vt 0.364432991 0.904487014
vt 0.364466012 0.904547989
vt 0.364479005 0.904537976
vt 0.315878004 0.40059799
vt 0.31586799 0.400575012
vt 0.31587401 0.400649995
vt 0.309534013 0.398981988
vt 0.309702009 0.398968995
vt 0.309697986 0.398952007
vt 0.314245999 0.396557003
vt 0.314319015 0.39654699
vt 0.314155996 0.396542996
vt 0.309626997 0.397152007
vt 0.30964601 0.397168994
vt 0.309621006 0.397098005
vt 0.311448991 0.397561014
vt 0.311466008 0.397617996
vt 0.311475009 0.397579998
vt 0.314758003 0.396779001
vt 0.314747989 0.396784008
vt 0.314770997 0.396824986
vt 0.311136007 0.395581007
vt 0.311235994 0.395556986
vt 0.311203986 0.39555499
vt 0.311383009 0.395617992
vt 0.311360002 0.395617008
vt 0.311369002 0.395680994
vt 0.309855998 0.396898001
vt 0.309843004 0.396901011
vt 0.309861004 0.396923006
vt 0.311753005 0.395857006
vt 0.311735988 0.395857006
vt 0.311787009 0.395981997
vt 0.314125001 0.396791995
vt 0.314105004 0.396883011
vt 0.314126015 0.396876007
vt 0.311648011 0.396147996
vt 0.311661005 0.396063
vt 0.311636001 0.396064013
vt 0.308587015 0.399578989
vt 0.308613002 0.399603993
vt 0.308591008 0.399477988
vt 0.314424992 0.396822006
vt 0.314449996 0.396737009
vt 0.314437002 0.39674601
vt 0.311771005 0.396232009
vt 0.311538994 0.39635101
vt 0.311574996 0.396346003
vt 0.309531987 0.396894008
vt 0.309534997 0.396903008
vt 0.309643 0.396910012
vt 0.311639994 0.397668004
vt 0.311618 0.397666991
vt 0.311634988 0.397740006
vt 0.309974015 0.396910012
vt 0.311852992 0.395911992
vt 0.310034007 0.396946013
vt 0.309354991 0.399123996
vt 0.309354991 0.399147987
vt 0.309563011 0.399125993
vt 0.316929996 0.400810003
vt 0.316974998 0.400864005
vt 0.315881014 0.401326001
vt 0.311170995 0.395718992
vt 0.311185986 0.395702988
vt 0.311192989 0.395624995
vt 0.366465986 0.905095994
vt 0.366468012 0.905054986
vt 0.366461009 0.905052006
vt 0.311102003 0.396185011
vt 0.311686993 0.397893012
vt 0.311690003 0.397967994
vt 0.311720997 0.395496011
vt 0.31159699 0.39548701
vt 0.311605006 0.395496994
vt 0.314081997 0.396578997
vt 0.307934999 0.392246991
vt 0.31417501 0.396631986
vt 0.311408997 0.39774701
vt 0.31141001 0.39775601
vt 0.311508 0.397704005
vt 0.31952101 0.400732011
vt 0.319514006 0.400721014
vt 0.31951201 0.400812
vt 0.319487005 0.400716007
vt 0.319449008 0.400824994
vt 0.319476008 0.40081799
vt 0.313369989 0.399839014
vt 0.313427001 0.399755001
vt 0.313407004 0.399764001
vt 0.314945012 0.395989001
vt 0.31488499 0.395936012
vt 0.314871013 0.395940006
vt 0.345515996 0.396845013
vt 0.345571995 0.396800011
vt 0.34553799 0.396786004
vt 0.343369991 0.394241005
vt 0.343369991 0.394320995
vt 0.343437999 0.394241005
vt 0.343437999 0.394241005
vt 0.343382001 0.394333005
vt 0.343452007 0.394335002
vt 0.343555987 0.393314987
vt 0.343463004 0.393375993
vt 0.343665004 0.393319994
vt 0.346248001 0.398214996
vt 0.346248001 0.398292989
vt 0.346305013 0.398232013
vt 0.346305013 0.398232013
vt 0.346248001 0.398292989
vt 0.346314013 0.398250997
vt 0.344006002 0.392753005
vt 0.343921006 0.392803997
vt 0.344020993 0.392859012
vt 0.344020993 0.392859012
vt 0.343921006 0.392803997
vt 0.344018012 0.392881006
vt 0.341910005 0.393739998
vt 0.341888994 0.393817991
vt 0.341949999 0.393792003
vt 0.341888994 0.393817991
vt 0.341910005 0.393739998
vt 0.34187901 0.393803
vt 0.34187901 0.393803
vt 0.341892004 0.393727988
vt 0.341841012 0.393754989
vt 0.341841012 0.393754989
vt 0.341892004 0.393727988
vt 0.341845006 0.393743008
vt 0.367677003 0.905282974
vt 0.367720991 0.905335009
vt 0.367709011 0.905261993
vt 0.340835005 0.396254987
vt 0.344581991 0.40070501
vt 0.340844005 0.396216005
vt 0.342608005 0.395336986
vt 0.342696011 0.395372987
vt 0.342732012 0.395352989
vt 0.347914994 0.391261995
vt 0.348004013 0.391178012
vt 0.347932994 0.391169012
vt 0.364520997 0.905586004
vt 0.364571005 0.905650973
vt 0.364571989 0.905586004
vt 0.365824997 0.907168984
vt 0.365882009 0.907180011
vt 0.365851998 0.907124996
vt 0.365851998 0.907124996
vt 0.365882009 0.907180011
vt 0.365895987 0.907139003
vt 0.314608991 0.401580989
vt 0.314640999 0.401589006
vt 0.314635009 0.401580006
vt 0.341724992 0.394216001
vt 0.341767013 0.394216001
vt 0.341733009 0.394181997
vt 0.341733009 0.394181997
vt 0.341767013 0.394216001
vt 0.341749012 0.394169986
vt 0.341749012 0.394169986
vt 0.341767013 0.394216001
vt 0.341782004 0.394161999
vt 0.314613014 0.401502013
vt 0.314608991 0.401580989
vt 0.314635009 0.401580006
vt 0.314608991 0.401580989
vt 0.314613014 0.401502013
vt 0.314590991 0.401571006
vt 0.341949999 0.393792003
vt 0.342014015 0.393770009
vt 0.341966003 0.393725991
vt 0.364535004 0.904739976
vt 0.364616007 0.904789984
vt 0.364630014 0.90477097
vt 0.347052991 0.39330101
vt 0.347043008 0.393258005
vt 0.347041994 0.393278003
vt 0.346334994 0.393449992
vt 0.346323997 0.393489987
vt 0.346464992 0.393451989
vt 0.346464992 0.393451989
vt 0.346323997 0.393489987
vt 0.346486986 0.39349401
vt 0.364199013 0.904742002
vt 0.364156008 0.904753983
vt 0.364165008 0.90475899
vt 0.346971005 0.39338401
vt 0.346989989 0.393326014
vt 0.346980006 0.393330008
vt 0.342000991 0.393554986
vt 0.34206301 0.393545002
vt 0.342000991 0.393505007
vt 0.342000991 0.393505007
vt 0.34206301 0.393545002
vt 0.34206599 0.393496007
vt 0.31941101 0.400891006
vt 0.319297999 0.400835007
vt 0.319296986 0.400913
vt 0.344588995 0.395850986
vt 0.344633996 0.395830005
vt 0.344567001 0.395785004
vt 0.344567001 0.395785004
vt 0.344621986 0.395763993
vt 0.344617009 0.395740002
vt 0.341576993 0.393869013
vt 0.341535002 0.393817991
vt 0.34156999 0.393871993
vt 0.343387008 0.394477993
vt 0.343430012 0.394535005
vt 0.343445987 0.394483
vt 0.364270985 0.904627979
vt 0.364277989 0.904688001
vt 0.364308 0.904636979
vt 0.343555987 0.393314987
vt 0.343665004 0.393319994
vt 0.343686998 0.393303007
vt 0.346901 0.393323004
vt 0.346971005 0.39338401
vt 0.346980006 0.393330008
vt 0.340703011 0.396432996
vt 0.340754986 0.396526009
vt 0.340750009 0.396427006
vt 0.364475012 0.905586004
vt 0.364511013 0.905682981
vt 0.364520997 0.905586004
vt 0.34176299 0.394089013
vt 0.341751009 0.394097
vt 0.341784 0.394102991
vt 0.341784 0.394102991
vt 0.341740996 0.394151002
vt 0.341796011 0.394125015
vt 0.341751009 0.394097
vt 0.341740996 0.394151002
vt 0.341784 0.394102991
vt 0.342667997 0.395231992
vt 0.342537999 0.395157993
vt 0.342525989 0.395200998
vt 0.340781003 0.396551013
vt 0.340682 0.396607012
vt 0.340768009 0.396631002
vt 0.348035991 0.397522002
vt 0.348001987 0.397471994
vt 0.348019987 0.397540003
vt 0.366685003 0.905170977
vt 0.366762996 0.905179024
vt 0.366750002 0.905115008
vt 0.34355101 0.392565012
vt 0.34356001 0.392632008
vt 0.343623996 0.392560989
vt 0.346341014 0.393586993
vt 0.346504003 0.393694013
vt 0.34651199 0.393635988
vt 0.347804993 0.390843987
vt 0.347867012 0.390956998
vt 0.347883999 0.390825003
vt 0.343270987 0.394791991
vt 0.343333006 0.394778013
vt 0.343270004 0.394719988
vt 0.34563899 0.396692008
vt 0.345596999 0.396804005
vt 0.345735013 0.396730989
vt 0.341701001 0.393862993
vt 0.341589004 0.393887997
vt 0.341693997 0.393943012
vt 0.363815993 0.906286001
vt 0.363786995 0.906297028
vt 0.363806009 0.906313002
vt 0.343533993 0.393130988
vt 0.343443006 0.393020988
vt 0.343454987 0.393178999
vt 0.341906995 0.396034002
vt 0.341728002 0.39605099
vt 0.341753989 0.396124989
vt 0.341906995 0.396034002
vt 0.341877013 0.39598
vt 0.341753989 0.396124989
vt 0.341728002 0.39605099
vt 0.341731012 0.396073014
vt 0.347470999 0.39083001
vt 0.347526014 0.390760988
vt 0.347469002 0.39073801
vt 0.362971008 0.906693995
vt 0.362964988 0.90674597
vt 0.363072008 0.906692982
vt 0.363247007 0.906817019
vt 0.36311999 0.906868994
vt 0.363256991 0.906867981
vt 0.34760499 0.397976995
vt 0.347586989 0.398061007
vt 0.347660989 0.397980988
vt 0.347660989 0.397980988
vt 0.347586989 0.398061007
vt 0.347671002 0.398061991
vt 0.345384985 0.397540987
vt 0.345441014 0.39743799
vt 0.345389009 0.397437006
vt 0.343923002 0.392663002
vt 0.344015002 0.392654985
vt 0.34395799 0.392545015
vt 0.344015002 0.392654985
vt 0.343923002 0.392663002
vt 0.344011009 0.392677009
vt 0.346273005 0.393830001
vt 0.346193999 0.393757999
vt 0.346197993 0.393831015
vt 0.342985004 0.399628013
vt 0.343102008 0.399540991
vt 0.343050987 0.39952299
vt 0.341957003 0.394037992
vt 0.341969997 0.394048989
vt 0.341996014 0.393985003
vt 0.341996014 0.393985003
vt 0.34207499 0.394012004
vt 0.34208101 0.393967003
vt 0.342061013 0.394026995
vt 0.34207499 0.394012004
vt 0.341996014 0.393985003
vt 0.343558997 0.394555002
vt 0.343432993 0.394609004
vt 0.343573987 0.394623011
vt 0.347158998 0.392944008
vt 0.347144991 0.392964005
vt 0.347198993 0.393011987
vt 0.347198993 0.393011987
vt 0.347148001 0.392986
vt 0.347169995 0.393016994
vt 0.341643989 0.394169003
vt 0.341596007 0.394235998
vt 0.341654986 0.394241005
vt 0.349115014 0.395161986
vt 0.34910199 0.395173013
vt 0.349128991 0.395163
vt 0.349128991 0.395163
vt 0.349099994 0.395208001
vt 0.349144995 0.395179987
vt 0.34910199 0.395173013
vt 0.349099994 0.395208001
vt 0.349128991 0.395163
vt 0.349144995 0.395179987
vt 0.349110991 0.395222992
vt 0.349164009 0.395236999
vt 0.314561009 0.40151599
vt 0.314653993 0.401495993
vt 0.314585 0.401428998
vt 0.314585 0.401428998
vt 0.314653993 0.401495993
vt 0.31467101 0.401439011
vt 0.319512993 0.400887996
vt 0.319451004 0.400826007
vt 0.319445997 0.400891989
vt 0.366676986 0.908542991
vt 0.366641998 0.908487022
vt 0.366634011 0.908542991
vt 0.363700986 0.906288028
vt 0.36373499 0.906341016
vt 0.363761991 0.906310022
vt 0.343421012 0.392711997
vt 0.343338996 0.392666996
vt 0.343349993 0.392742991
vt 0.343578011 0.392796993
vt 0.343668997 0.392729014
vt 0.34356001 0.392717987
vt 0.34356001 0.392717987
vt 0.34356901 0.392699003
vt 0.343787998 0.394560993
vt 0.343712002 0.394506991
vt 0.343713999 0.394540995
vt 0.346197993 0.393831015
vt 0.346087992 0.393777013
vt 0.346078992 0.393846989
vt 0.347873986 0.391066015
vt 0.347880006 0.391059011
vt 0.347855002 0.391050994
vt 0.347855002 0.391050994
vt 0.347867012 0.390982985
vt 0.347476006 0.391041011
vt 0.343338996 0.392666996
vt 0.34336099 0.392571986
vt 0.343277991 0.392607987
vt 0.343277991 0.392607987
vt 0.34336099 0.392571986
vt 0.343291998 0.392529994
vt 0.346565992 0.393842995
vt 0.346477002 0.393743992
vt 0.346453995 0.393824995
vt 0.346213996 0.393458009
vt 0.346132994 0.393422991
vt 0.346109986 0.393472999
vt 0.341892004 0.393727988
vt 0.341838002 0.393734992
vt 0.341845006 0.393743008
vt 0.346197993 0.393831015
vt 0.34610799 0.393905997
vt 0.346193999 0.393895
vt 0.341957986 0.393913001
vt 0.342011005 0.393848002
vt 0.341948986 0.393878996
vt 0.343903989 0.392803997
vt 0.343787014 0.392949998
vt 0.34395501 0.392928988
vt 0.342137992 0.393570989
vt 0.34207499 0.39360401
vt 0.342132002 0.393610001
vt 0.346872002 0.393646985
vt 0.346814007 0.393554002
vt 0.346814007 0.393655986
vt 0.364396006 0.905524015
vt 0.364399999 0.905580997
vt 0.364466012 0.905516028
vt 0.364466012 0.905516028
vt 0.364399999 0.905580997
vt 0.364475012 0.905586004
vt 0.342749 0.395408005
vt 0.342732012 0.395352989
vt 0.342696011 0.395372987
vt 0.343896002 0.39259699
vt 0.343692005 0.392720014
vt 0.343843013 0.392708987
vt 0.363534987 0.906233013
vt 0.363644987 0.906192005
vt 0.363519996 0.906166971
vt 0.343421996 0.392843992
vt 0.343430012 0.392930001
vt 0.343490005 0.392926991
vt 0.343445987 0.394483
vt 0.343439013 0.394547999
vt 0.343542993 0.394490004
vt 0.343542993 0.394490004
vt 0.343439013 0.394547999
vt 0.343558997 0.394555002
vt 0.367448002 0.904066026
vt 0.36748299 0.904105008
vt 0.367484987 0.90406698
vt 0.36748299 0.904105008
vt 0.367439002 0.904073
vt 0.36747399 0.904112995
vt 0.36747399 0.904112995
vt 0.367439002 0.904073
vt 0.367437989 0.904111981
vt 0.31941101 0.400891006
vt 0.319451004 0.400826007
vt 0.319408 0.400819004
vt 0.341870993 0.395924002
vt 0.341724992 0.395994008
vt 0.341877013 0.39598
vt 0.345596999 0.396804005
vt 0.345654011 0.396939993
vt 0.345735013 0.396829009
vt 0.341711015 0.393555999
vt 0.34178099 0.393595994
vt 0.341789991 0.393528014
vt 0.348084986 0.391927004
vt 0.348028004 0.391986012
vt 0.348096997 0.391986996
vt 0.341841012 0.401912004
vt 0.341841996 0.401872009
vt 0.341753989 0.401906013
vt 0.344779015 0.399852008
vt 0.344642013 0.399960011
vt 0.344794005 0.399973005
vt 0.341643989 0.394169003
vt 0.341554999 0.394167006
vt 0.341596007 0.394235998
vt 0.341565996 0.394100994
vt 0.341554999 0.394167006
vt 0.341731012 0.396073014
vt 0.341536999 0.396144003
vt 0.341753989 0.396124989
vt 0.346502006 0.393498003
vt 0.346464992 0.393451989
vt 0.346486986 0.39349401
vt 0.363059998 0.905187011
vt 0.363052011 0.905183017
vt 0.363070995 0.90525502
vt 0.347337991 0.390899003
vt 0.347447008 0.39083001
vt 0.347330987 0.390827
vt 0.342483997 0.395408005
vt 0.344617009 0.395740002
vt 0.342447996 0.395451993
vt 0.342069 0.394035012
vt 0.342061013 0.394026995
vt 0.342058003 0.394064993
vt 0.364371002 0.904533982
vt 0.364466012 0.904547989
vt 0.364432991 0.904487014
vt 0.341672987 0.393720001
vt 0.341659009 0.393656999
vt 0.341560006 0.393642008
vt 0.363714993 0.906260014
vt 0.363700986 0.906286001
vt 0.363786995 0.906297028
vt 0.34129101 0.398515999
vt 0.341302991 0.398506999
vt 0.341239005 0.398499995
vt 0.341302991 0.39842099
vt 0.341230989 0.398411006
vt 0.341239005 0.398499995
vt 0.341838986 0.394118994
vt 0.341845006 0.394035995
vt 0.341787994 0.394039989
vt 0.364358008 0.905745983
vt 0.364367992 0.905793011
vt 0.36441499 0.90575999
vt 0.343804002 0.393011004
vt 0.343681008 0.393027008
vt 0.343791008 0.393097013
vt 0.343791008 0.393097013
vt 0.343686998 0.393047988
vt 0.343726009 0.393121004
vt 0.347335011 0.390736014
vt 0.347445995 0.390790999
vt 0.347427011 0.390733987
vt 0.347445995 0.390790999
vt 0.347330987 0.390827
vt 0.347447008 0.39083001
vt 0.347330987 0.390827
vt 0.347335011 0.390736014
vt 0.347323 0.390749007
vt 0.34158501 0.393947989
vt 0.34167999 0.394032001
vt 0.341693997 0.393943012
vt 0.343578011 0.392796993
vt 0.343445003 0.392774999
vt 0.343421996 0.392843992
vt 0.344599992 0.398209989
vt 0.344590992 0.398324996
vt 0.344660997 0.398270011
vt 0.34454 0.396003008
vt 0.344608009 0.395915985
vt 0.344552994 0.395909995
vt 0.367190003 0.908214986
vt 0.367137015 0.908164978
vt 0.367130995 0.908216
vt 0.341865987 0.395898998
vt 0.341719002 0.395862997
vt 0.341704011 0.395913005
vt 0.343026996 0.399446011
vt 0.34314701 0.399484009
vt 0.343106002 0.399408013
vt 0.343796015 0.394322008
vt 0.343861014 0.394246995
vt 0.343802005 0.394228011
vt 0.343802005 0.394228011
vt 0.343861014 0.394246995
vt 0.34384799 0.394232988
vt 0.342363 0.395532012
vt 0.342254996 0.39557901
vt 0.342348009 0.395606995
vt 0.341957986 0.393711001
vt 0.342014998 0.393608987
vt 0.341951013 0.393638998
vt 0.342014998 0.393608987
vt 0.341957986 0.393711001
vt 0.342022002 0.393714994
vt 0.341674 0.395686001
vt 0.343475997 0.396797001
vt 0.345735013 0.396730989
vt 0.347752988 0.398061007
vt 0.347660989 0.397980988
vt 0.347671002 0.398061991
vt 0.347662985 0.398131996
vt 0.347671002 0.398061991
vt 0.347660989 0.397980988
vt 0.347752988 0.398061007
vt 0.347763985 0.397980005
vt 0.342202991 0.39426899
vt 0.342117995 0.394315004
vt 0.342204005 0.394313991
vt 0.343596995 0.394863993
vt 0.343659014 0.394861013
vt 0.343600988 0.394771993
vt 0.344525993 0.400023013
vt 0.344567001 0.400090009
vt 0.344576001 0.400023997
vt 0.341939986 0.393599987
vt 0.34187901 0.393655002
vt 0.341951013 0.393638998
vt 0.346370995 0.393925011
vt 0.346273005 0.393830001
vt 0.346251994 0.393918008
vt 0.345441014 0.39743799
vt 0.345470011 0.397504002
vt 0.345476002 0.397433996
vt 0.36333099 0.905090988
vt 0.363297999 0.905166984
vt 0.363335997 0.90516597
vt 0.343106002 0.399408013
vt 0.343023986 0.399403006
vt 0.343026996 0.399446011
vt 0.343676001 0.394650996
vt 0.343578011 0.394704014
vt 0.343677014 0.394722015
vt 0.343677014 0.394722015
vt 0.343578011 0.394704014
vt 0.343668997 0.394739985
vt 0.364472985 0.904757023
vt 0.364535004 0.904739976
vt 0.364517987 0.904739976
vt 0.364535004 0.904739976
vt 0.364455998 0.904872
vt 0.364616007 0.904789984
vt 0.34621501 0.393528998
vt 0.34620899 0.393608004
vt 0.346222997 0.393537998
vt 0.343618989 0.394315004
vt 0.34354499 0.394445002
vt 0.343625993 0.394454002
vt 0.342301011 0.395141006
vt 0.342267007 0.395076007
vt 0.342247993 0.395116001
vt 0.319514006 0.400721014
vt 0.319476008 0.40081799
vt 0.31951201 0.400812
vt 0.344509989 0.400175989
vt 0.344531 0.400256008
vt 0.35155499 0.401410997
vt 0.342105001 0.394268006
vt 0.342009008 0.394300014
vt 0.342117995 0.394315004
vt 0.344541013 0.399866015
vt 0.344518006 0.399949998
vt 0.344568014 0.399942011
vt 0.347337991 0.390899003
vt 0.347476006 0.391041011
vt 0.347456992 0.390861988
vt 0.363193005 0.905543983
vt 0.363202006 0.905484974
vt 0.363182008 0.905532002
vt 0.34326601 0.394840986
vt 0.343338013 0.394892007
vt 0.343333006 0.394778013
vt 0.343333006 0.394778013
vt 0.343338013 0.394892007
vt 0.343434989 0.394841999
vt 0.341989994 0.396007001
vt 0.341915011 0.395999014
vt 0.341924995 0.396023989
vt 0.341915011 0.395999014
vt 0.341989994 0.396007001
vt 0.341915011 0.395971
vt 0.36638999 0.905152023
vt 0.366259009 0.905129015
vt 0.366371006 0.905187011
vt 0.366371006 0.905187011
vt 0.366259009 0.905129015
vt 0.366255999 0.905183971
vt 0.343816012 0.393096
vt 0.342195988 0.393795013
vt 0.343842 0.392957002
vt 0.341751009 0.401960999
vt 0.341760993 0.402079999
vt 0.341832012 0.402072996
vt 0.341574997 0.394017011
vt 0.341657013 0.394113988
vt 0.34167999 0.394032001
vt 0.341690987 0.396201998
vt 0.341764003 0.396183997
vt 0.341547996 0.396212012
vt 0.34620899 0.393608004
vt 0.346188009 0.393684
vt 0.346314013 0.393660992
vt 0.342090011 0.39349699
vt 0.342076987 0.393510014
vt 0.342087001 0.393548995
vt 0.344006002 0.392753005
vt 0.342148989 0.394050986
vt 0.342211008 0.394071996
vt 0.341883987 0.393949986
vt 0.341769993 0.393997997
vt 0.341802001 0.394012004
vt 0.34354499 0.394445002
vt 0.343445987 0.394483
vt 0.343542993 0.394490004
vt 0.34364599 0.392628998
vt 0.34356001 0.392632008
vt 0.34356901 0.392699003
vt 0.34356901 0.392699003
vt 0.34356001 0.392632008
vt 0.343558013 0.392693996
vt 0.343602985 0.394950986
vt 0.343659014 0.394861013
vt 0.343596995 0.394863993
vt 0.363119006 0.905425012
vt 0.363124013 0.905404985
vt 0.363117009 0.905413985
vt 0.347184002 0.393106014
vt 0.347169995 0.393016994
vt 0.347153008 0.393106014
vt 0.366459012 0.905098975
vt 0.366393 0.90505898
vt 0.366394997 0.905112982
vt 0.343268991 0.397486001
vt 0.343214989 0.39753899
vt 0.343239993 0.397520989
vt 0.341728002 0.39605099
vt 0.341540009 0.396003991
vt 0.341522992 0.396070987
vt 0.342130005 0.39377901
vt 0.342078 0.393821001
vt 0.342135012 0.393819988
vt 0.343214989 0.39753899
vt 0.343203992 0.397578001
vt 0.343214989 0.397552013
vt 0.319487005 0.400716007
vt 0.319415987 0.400754005
vt 0.319449008 0.400824994
vt 0.319449008 0.400824994
vt 0.319415987 0.400754005
vt 0.319408 0.400819004
vt 0.344567001 0.395785004
vt 0.344617009 0.395740002
vt 0.344561011 0.395677
vt 0.344561011 0.395677
vt 0.344617009 0.395740002
vt 0.344601989 0.395651996
vt 0.342135012 0.394138008
vt 0.342198998 0.394189
vt 0.342198014 0.394151986
vt 0.343623996 0.392560989
vt 0.343712986 0.392488986
vt 0.343567014 0.392515004
vt 0.346814007 0.393655986
vt 0.346841007 0.393741995
vt 0.346872002 0.393646985
vt 0.346872002 0.393646985
vt 0.346841007 0.393741995
vt 0.346920997 0.393720001
vt 0.343537003 0.392628014
vt 0.343558013 0.392693996
vt 0.34356001 0.392632008
vt 0.343407989 0.394715011
vt 0.343306988 0.394710004
vt 0.343333006 0.394778013
vt 0.343304008 0.392527997
vt 0.34336099 0.392571986
vt 0.343403995 0.392504007
vt 0.343403995 0.392504007
vt 0.34336099 0.392571986
vt 0.343412012 0.392551988
vt 0.346614987 0.393626004
vt 0.34660399 0.393615991
vt 0.346617997 0.39368099
vt 0.346617997 0.39368099
vt 0.34660399 0.393615991
vt 0.346605003 0.393694013
vt 0.346605003 0.393694013
vt 0.34651199 0.393635988
vt 0.346504003 0.393694013
vt 0.34691599 0.393730998
vt 0.346859008 0.39378801
vt 0.346938998 0.393772006
vt 0.34620899 0.393608004
vt 0.346103996 0.393631995
vt 0.346188009 0.393684
vt 0.347988009 0.397608995
vt 0.348013997 0.397601992
vt 0.347994 0.39754501
vt 0.347994 0.39754501
vt 0.348024994 0.397587001
vt 0.348019987 0.397540003
vt 0.363458008 0.906453013
vt 0.363454014 0.906490028
vt 0.363521993 0.906472027
vt 0.363521993 0.906472027
vt 0.363460988 0.906502008
vt 0.363505989 0.906526029
vt 0.342339993 0.395096004
vt 0.342285991 0.395045012
vt 0.342267007 0.395076007
vt 0.341809005 0.394194007
vt 0.341838986 0.394118994
vt 0.341782004 0.394161999
vt 0.341838986 0.394118994
vt 0.341809005 0.394194007
vt 0.341859996 0.394178003
vt 0.343659014 0.394861013
vt 0.343715996 0.394914001
vt 0.343719006 0.394845009
vt 0.343782008 0.392477006
vt 0.34395799 0.392545015
vt 0.343952 0.392464012
vt 0.34395799 0.392545015
vt 0.343782008 0.392477006
vt 0.343780994 0.392553002
vt 0.311336011 0.401304007
vt 0.311381996 0.401410997
vt 0.311396003 0.40130499
vt 0.342141002 0.393871009
vt 0.342045009 0.393875003
vt 0.34208101 0.393967003
vt 0.342045009 0.393875003
vt 0.342079997 0.393835008
vt 0.342049986 0.393855989
vt 0.343923002 0.392663002
vt 0.343843013 0.392708987
vt 0.344006002 0.392753005
vt 0.344006002 0.392753005
vt 0.343903989 0.392803997
vt 0.343921006 0.392803997
vt 0.343903989 0.392803997
vt 0.343733013 0.392811
vt 0.343768001 0.39289701
vt 0.343733013 0.392811
vt 0.343903989 0.392803997
vt 0.343843013 0.392708987
vt 0.341872007 0.393521011
vt 0.341868013 0.393577009
vt 0.341930002 0.393523991
vt 0.343421996 0.392843992
vt 0.343620002 0.392868996
vt 0.343578011 0.392796993
vt 0.343865991 0.394524008
vt 0.343782008 0.394463003
vt 0.343787998 0.394560993
vt 0.342918009 0.399069995
vt 0.343005002 0.399055988
vt 0.342927009 0.398997992
vt 0.342927009 0.398997992
vt 0.343005002 0.399055988
vt 0.343014002 0.398990989
vt 0.346971005 0.39338401
vt 0.346852005 0.393444985
vt 0.346987993 0.393465012
vt 0.343192995 0.397390991
vt 0.343221992 0.39744401
vt 0.343284011 0.397367001
vt 0.343284011 0.397367001
vt 0.343324006 0.397410989
vt 0.343304992 0.397374004
vt 0.343896002 0.39259699
vt 0.343843013 0.392708987
vt 0.343923002 0.392663002
vt 0.311383992 0.401183993
vt 0.311336011 0.401205003
vt 0.311396986 0.401279986
vt 0.311396986 0.401279986
vt 0.311336011 0.401205003
vt 0.311336994 0.401279986
vt 0.344576001 0.400023997
vt 0.344644994 0.400074005
vt 0.344626009 0.400009006
vt 0.348004013 0.391178012
vt 0.348039001 0.391090989
vt 0.347983003 0.391072005
vt 0.347209007 0.39310199
vt 0.347198993 0.393011987
vt 0.347184002 0.393106014
vt 0.341753989 0.395691991
vt 0.341825992 0.395769
vt 0.341827005 0.395684987
vt 0.347256988 0.390789986
vt 0.347323 0.390749007
vt 0.347258002 0.390760005
vt 0.347258002 0.390760005
vt 0.347323 0.390749007
vt 0.347310007 0.390740991
vt 0.343726009 0.393121004
vt 0.343544006 0.393153995
vt 0.343701005 0.393287003
vt 0.343701005 0.393287003
vt 0.343544006 0.393153995
vt 0.343686998 0.393303007
vt 0.343686998 0.393303007
vt 0.343544006 0.39330101
vt 0.343555987 0.393314987
vt 0.341603994 0.395698994
vt 0.341592997 0.395783007
vt 0.341650009 0.395687997
vt 0.348040998 0.391371995
vt 0.347974986 0.391326994
vt 0.347990006 0.391344011
vt 0.347974986 0.391326994
vt 0.348057002 0.391162008
vt 0.348004013 0.391178012
vt 0.342137992 0.393730998
vt 0.342070997 0.393761009
vt 0.342130005 0.39377901
vt 0.348035991 0.397522002
vt 0.348019987 0.397540003
vt 0.348042011 0.397596985
vt 0.348042011 0.397596985
vt 0.348024994 0.397587001
vt 0.348037004 0.397596985
vt 0.36322701 0.906578004
vt 0.363234997 0.906566978
vt 0.363189995 0.906585991
vt 0.363189995 0.906585991
vt 0.363234997 0.906526029
vt 0.363162994 0.906526029
vt 0.343721986 0.394630998
vt 0.343786001 0.394614011
vt 0.343719989 0.394594014
vt 0.34563899 0.396692008
vt 0.345685989 0.396616995
vt 0.345667988 0.396625012
vt 0.345685989 0.396616995
vt 0.345735013 0.396730989
vt 0.345768005 0.396632999
vt 0.343730003 0.394322991
vt 0.343802005 0.394228011
vt 0.343715996 0.394221008
vt 0.343730003 0.394322991
vt 0.343796015 0.394322008
vt 0.364125997 0.907739997
vt 0.364165992 0.907766998
vt 0.364196002 0.90771699
vt 0.341930002 0.393523991
vt 0.342000991 0.393554986
vt 0.342000991 0.393505007
vt 0.342132002 0.393610001
vt 0.342137992 0.393730998
vt 0.342204005 0.393637002
vt 0.366712004 0.904938996
vt 0.366724014 0.904994011
vt 0.36677599 0.90495199
vt 0.36677599 0.90495199
vt 0.366733015 0.905007005
vt 0.366766989 0.905026972
vt 0.343865991 0.394524008
vt 0.343807995 0.394616008
vt 0.343863994 0.394616991
vt 0.348022997 0.392185003
vt 0.347979009 0.392122
vt 0.347975999 0.392176986
vt 0.366272986 0.905080974
vt 0.366185993 0.905093014
vt 0.366259009 0.905129015
vt 0.34364599 0.392628998
vt 0.343665987 0.392621994
vt 0.343623996 0.392560989
vt 0.34187901 0.393803
vt 0.341841012 0.393754989
vt 0.341809988 0.393851995
vt 0.363575011 0.906111002
vt 0.363550991 0.90614301
vt 0.363647997 0.906150997
vt 0.363647997 0.906150997
vt 0.363644987 0.906192005
vt 0.363653004 0.906162977
vt 0.341881007 0.393907994
vt 0.341948986 0.393878996
vt 0.341888994 0.393817991
vt 0.343533993 0.393130988
vt 0.343681008 0.393027008
vt 0.343508005 0.393016994
vt 0.343681008 0.393027008
vt 0.343656003 0.392971009
vt 0.341890007 0.395841002
vt 0.341944009 0.395877987
vt 0.341933995 0.395787001
vt 0.346311986 0.393451989
vt 0.346323997 0.393489987
vt 0.346323997 0.393462002
vt 0.343656003 0.392971009
vt 0.343715012 0.392818004
vt 0.343620002 0.392868996
vt 0.343715012 0.392818004
vt 0.343768001 0.39289701
vt 0.343733013 0.392811
vt 0.342628002 0.395300001
vt 0.342525989 0.395200998
vt 0.342532009 0.395298004
vt 0.347463995 0.390919
vt 0.347456992 0.390861988
vt 0.347476006 0.391041011
vt 0.347476006 0.391041011
vt 0.347337991 0.390899003
vt 0.347339988 0.39110899
vt 0.344626009 0.400009006
vt 0.344689012 0.400014013
vt 0.344626993 0.399973005
vt 0.344626993 0.399973005
vt 0.344689012 0.400014013
vt 0.344642013 0.399960011
vt 0.319674999 0.400812
vt 0.319534987 0.400792986
vt 0.319537014 0.400810987
vt 0.319534987 0.400792986
vt 0.319674999 0.400812
vt 0.319595009 0.40069899
vt 0.319595009 0.40069899
vt 0.319685012 0.400700003
vt 0.319619 0.400683999
vt 0.346509993 0.393559009
vt 0.346502006 0.393498003
vt 0.346496999 0.393516988
vt 0.341951013 0.395900995
vt 0.341926992 0.395958006
vt 0.341975987 0.395947993
vt 0.348019004 0.391900003
vt 0.347979009 0.391979009
vt 0.348028004 0.391986012
vt 0.342115015 0.394181997
vt 0.342009008 0.394300014
vt 0.342105001 0.394268006
vt 0.343228012 0.397323996
vt 0.343192995 0.397390991
vt 0.343284011 0.397367001
vt 0.362984002 0.906652987
vt 0.363072008 0.906692982
vt 0.363022 0.906610012
vt 0.363022 0.906610012
vt 0.363072008 0.906692982
vt 0.363088995 0.906648993
vt 0.342045993 0.394124001
vt 0.342115015 0.394181997
vt 0.342135012 0.394138008
vt 0.345438987 0.397585005
vt 0.345432013 0.397549987
vt 0.345387995 0.397587001
vt 0.345387995 0.397587001
vt 0.345384985 0.397540987
vt 0.345378011 0.39755401
vt 0.345423013 0.397534013
vt 0.345384985 0.397540987
vt 0.345387995 0.397587001
vt 0.344624013 0.396055013
vt 0.344615996 0.395992011
vt 0.344568998 0.396052003
vt 0.344568998 0.396052003
vt 0.34454 0.396003008
vt 0.343715996 0.394914001
vt 0.343800992 0.394849002
vt 0.343719006 0.394845009
vt 0.342198998 0.394189
vt 0.342105001 0.394268006
vt 0.342202991 0.39426899
vt 0.347932994 0.391169012
vt 0.347983003 0.391072005
vt 0.347914994 0.391083002
vt 0.343713999 0.394540995
vt 0.343719989 0.394594014
vt 0.343787998 0.394560993
vt 0.343787998 0.394560993
vt 0.343786001 0.394614011
vt 0.343807995 0.394616008
vt 0.346453995 0.393824995
vt 0.346311003 0.393739015
vt 0.346293986 0.393824011
vt 0.350677013 0.400795996
vt 0.350704014 0.400784999
vt 0.35067001 0.400756001
vt 0.35067001 0.400756001
vt 0.350704998 0.400748014
vt 0.350695014 0.400741011
vt 0.340842992 0.396560997
vt 0.340768009 0.396631002
vt 0.342009008 0.394300014
vt 0.363213986 0.906678021
vt 0.363189995 0.906674027
vt 0.363198996 0.906681001
vt 0.363189995 0.906674027
vt 0.363207012 0.906632006
vt 0.363180012 0.906637013
vt 0.343351007 0.394335985
vt 0.343331993 0.394414991
vt 0.343380004 0.394410014
vt 0.342655987 0.395417005
vt 0.342749 0.395408005
vt 0.342696011 0.395372987
vt 0.344568014 0.399942011
vt 0.344626009 0.400009006
vt 0.344619006 0.399935991
vt 0.343800008 0.394762993
vt 0.343804002 0.394686997
vt 0.343739986 0.394730985
vt 0.343739986 0.394730985
vt 0.343721986 0.394630998
vt 0.346273005 0.393830001
vt 0.346197993 0.393831015
vt 0.346251994 0.393918008
vt 0.346251994 0.393918008
vt 0.346197993 0.393831015
vt 0.346193999 0.393895
vt 0.34366399 0.392958999
vt 0.343681008 0.393027008
vt 0.343787014 0.392949998
vt 0.343804002 0.393011004
vt 0.343787014 0.392949998
vt 0.343681008 0.393027008
vt 0.342045009 0.393875003
vt 0.341996014 0.393985003
vt 0.34208101 0.393967003
vt 0.364517003 0.904630005
vt 0.364502013 0.904603004
vt 0.364430994 0.904645026
vt 0.364430994 0.904645026
vt 0.364502013 0.904603004
vt 0.36443001 0.904641986
vt 0.341850996 0.395846009
vt 0.341735989 0.395790994
vt 0.341719002 0.395862997
vt 0.342132002 0.393610001
vt 0.342197001 0.393604994
vt 0.342137992 0.393570989
vt 0.342137992 0.393570989
vt 0.342209995 0.393584996
vt 0.342211008 0.393519014
vt 0.349106014 0.394329011
vt 0.349097013 0.394297987
vt 0.349070996 0.394327998
vt 0.349070996 0.394327998
vt 0.349097013 0.394297987
vt 0.349049002 0.394286007
vt 0.343437999 0.394241005
vt 0.343452007 0.394335002
vt 0.343506008 0.394248992
vt 0.343506008 0.394248992
vt 0.343452007 0.394335002
vt 0.343524009 0.394255996
vt 0.365045011 0.906463981
vt 0.365085989 0.906445026
vt 0.365052015 0.90645498
vt 0.347144991 0.392964005
vt 0.347158998 0.392944008
vt 0.347074986 0.392881989
vt 0.349049002 0.397796005
vt 0.349087 0.397760987
vt 0.349036008 0.397753
vt 0.36818701 0.905586004
vt 0.368216991 0.90555799
vt 0.368178993 0.905569017
vt 0.343412012 0.392551988
vt 0.34336099 0.392571986
vt 0.343407005 0.392627001
vt 0.343430012 0.392930001
vt 0.343353987 0.392895013
vt 0.343407989 0.392924994
vt 0.367284 0.903168976
vt 0.367285997 0.903123021
vt 0.367278993 0.903133988
vt 0.367285997 0.903123021
vt 0.367343009 0.903155029
vt 0.367343009 0.903109014
vt 0.342144996 0.393851012
vt 0.342200011 0.393837988
vt 0.342135012 0.393819988
vt 0.343306988 0.394710004
vt 0.343407989 0.394715011
vt 0.35155499 0.401410997
vt 0.35155499 0.401410997
vt 0.343416989 0.394695014
vt 0.343412012 0.394609004
vt 0.347050995 0.393512011
vt 0.346982002 0.39348799
vt 0.347041011 0.393577993
vt 0.347041011 0.393577993
vt 0.346982002 0.39348799
vt 0.346908003 0.393552005
vt 0.341021001 0.396528006
vt 0.342009008 0.394300014
vt 0.341030002 0.396598011
vt 0.34801501 0.392031997
vt 0.347979009 0.391979009
vt 0.347968012 0.392026007
vt 0.342344999 0.395164013
vt 0.342339993 0.395096004
vt 0.342301011 0.395141006
vt 0.311468989 0.401416004
vt 0.311468005 0.401324004
vt 0.311381996 0.401410997
vt 0.311381996 0.401410997
vt 0.311468005 0.401324004
vt 0.311396003 0.40130499
vt 0.363375008 0.905457973
vt 0.364674985 0.904434979
vt 0.363375992 0.905432999
vt 0.346570998 0.393436998
vt 0.346473992 0.393346012
vt 0.346464992 0.393451989
vt 0.346473992 0.393346012
vt 0.34651199 0.393321007
vt 0.346500993 0.393317014
vt 0.342128009 0.394089997
vt 0.342069 0.394035012
vt 0.342058003 0.394064993
vt 0.342069 0.394035012
vt 0.342128009 0.394089997
vt 0.342137009 0.394071013
vt 0.363296002 0.905247986
vt 0.36333099 0.905198991
vt 0.363292009 0.905205011
vt 0.36333099 0.905198991
vt 0.363305002 0.90525198
vt 0.363335997 0.905239999
vt 0.348048002 0.398117006
vt 0.347986996 0.398189992
vt 0.348049015 0.398200989
vt 0.342768997 0.395319998
vt 0.342732012 0.395352989
vt 0.341724992 0.394216001
vt 0.341683 0.393721998
vt 0.341659009 0.393656999
vt 0.341672987 0.393720001
vt 0.342602015 0.395325989
vt 0.342528999 0.395361006
vt 0.34256199 0.395370007
vt 0.346329987 0.393563986
vt 0.346414 0.393514007
vt 0.346311003 0.393525004
vt 0.346414 0.393514007
vt 0.346509993 0.393559009
vt 0.346496999 0.393516988
vt 0.346509993 0.393559009
vt 0.346414 0.393514007
vt 0.346341014 0.393586993
vt 0.343098015 0.399116009
vt 0.343019992 0.399132013
vt 0.343106002 0.399192989
vt 0.349548995 0.397406995
vt 0.349509001 0.397477001
vt 0.345371991 0.397388011
vt 0.342141002 0.393871009
vt 0.342141002 0.39399299
vt 0.342193991 0.393913001
vt 0.342041999 0.40209499
vt 0.341913998 0.402069986
vt 0.341937006 0.402173012
vt 0.344581991 0.40070501
vt 0.341913998 0.402069986
vt 0.341993988 0.401998997
vt 0.346585006 0.393777996
vt 0.346504003 0.393694013
vt 0.346477002 0.393743992
vt 0.363418013 0.905220985
vt 0.363375008 0.905239999
vt 0.36342001 0.90525198
vt 0.341910988 0.40189901
vt 0.341841012 0.401912004
vt 0.341913998 0.402069986
vt 0.341913998 0.402069986
vt 0.341832012 0.402072996
vt 0.341897994 0.402081996
vt 0.364235997 0.907419026
vt 0.364284992 0.907401979
vt 0.364237994 0.907344997
vt 0.364237994 0.907344997
vt 0.364219993 0.905986011
vt 0.364214987 0.905983984
vt 0.364241987 0.904801011
vt 0.364199013 0.904742002
vt 0.364208013 0.904817998
vt 0.364208013 0.904817998
vt 0.364199013 0.904742002
vt 0.364165008 0.90475899
vt 0.340835005 0.396254987
vt 0.340768993 0.396230012
vt 0.340768993 0.396266997
vt 0.34206301 0.393545002
vt 0.342014998 0.393608987
vt 0.34207499 0.39360401
vt 0.343385994 0.396871001
vt 0.343477994 0.396851003
vt 0.343392015 0.396795005
vt 0.343392015 0.396795005
vt 0.343477994 0.396851003
vt 0.343475997 0.396797001
vt 0.343773007 0.392448008
vt 0.34376201 0.392435014
vt 0.343656003 0.392462999
vt 0.342979014 0.399217993
vt 0.342918009 0.399069995
vt 0.342813998 0.399204999
vt 0.344509989 0.400175989
vt 0.35155499 0.401410997
vt 0.344516009 0.400092989
vt 0.343528003 0.392560989
vt 0.343412012 0.392551988
vt 0.343407005 0.392627001
vt 0.341850996 0.395846009
vt 0.341865987 0.39577201
vt 0.341825992 0.395769
vt 0.341764003 0.396183997
vt 0.341536999 0.396144003
vt 0.341547996 0.396212012
vt 0.343338996 0.392666996
vt 0.343295991 0.392699987
vt 0.343349993 0.392742991
vt 0.343284994 0.394423008
vt 0.343340009 0.394493014
vt 0.343331993 0.394414991
vt 0.347775996 0.398135006
vt 0.347763985 0.398077011
vt 0.347662985 0.398131996
vt 0.340822011 0.396427006
vt 0.340781003 0.396551013
vt 0.340842992 0.39656201
vt 0.34801501 0.392031997
vt 0.348024011 0.392105997
vt 0.348082989 0.392035007
vt 0.348082989 0.392035007
vt 0.348037988 0.39211899
vt 0.34809199 0.392120987
vt 0.342615008 0.397619992
vt 0.342615008 0.39763099
vt 0.342619002 0.397619009
vt 0.309587985 0.39714399
vt 0.309594989 0.397141993
vt 0.309585005 0.397136003
vt 0.364214987 0.905983984
vt 0.364219993 0.905986011
vt 0.364214003 0.905983984
vt 0.341737986 0.396905005
vt 0.34245199 0.397619992
vt 0.342455 0.397608995
vt 0.311253995 0.39765799
vt 0.311264992 0.397659004
vt 0.311244994 0.397617012
vt 0.315279007 0.39388299
vt 0.315290987 0.39388299
vt 0.315277994 0.393842995
vt 0.315277994 0.393842995
vt 0.315290987 0.39388299
vt 0.315290987 0.39388299
vt 0.311538994 0.39635101
vt 0.311531007 0.396355003
vt 0.311574996 0.396346003
vt 0.311771005 0.396232009
vt 0.311776996 0.396228999
vt 0.311778009 0.396227986
vt 0.311214 0.397386014
vt 0.31120199 0.397386014
vt 0.311210006 0.397430986
vt 0.311614007 0.395529985
vt 0.311607003 0.395529985
vt 0.31160301 0.395532012
vt 0.309738994 0.399085999
vt 0.30974701 0.399080992
vt 0.309745997 0.399080008
vt 0.309745997 0.399080008
vt 0.30974701 0.399080992
vt 0.30974701 0.399078995
vt 0.314143986 0.396504998
vt 0.314155012 0.396503001
vt 0.314155012 0.396503001
vt 0.309767991 0.398945004
vt 0.309778988 0.398945987
vt 0.309776992 0.398943007
vt 0.309621006 0.397098005
vt 0.309612989 0.397101015
vt 0.309614003 0.397107989
vt 0.311100006 0.396183014
vt 0.311102003 0.396185011
vt 0.311100006 0.396182001
vt 0.311787009 0.395981997
vt 0.311673999 0.396010995
vt 0.311811 0.395994991
vt 0.314691007 0.396524012
vt 0.314819992 0.396517992
vt 0.314684004 0.396497995
vt 0.311518997 0.396100014
vt 0.311365992 0.396183997
vt 0.311376005 0.396205992
vt 0.311071992 0.400573999
vt 0.311233014 0.397484988
vt 0.311214 0.397386014
vt 0.314040989 0.39645201
vt 0.313964993 0.396474987
vt 0.314045012 0.396452993
vt 0.311545014 0.395529985
vt 0.311488003 0.395514995
vt 0.311446995 0.395525992
vt 0.314601004 0.401591003
vt 0.314626992 0.401616007
vt 0.314608991 0.401580989
vt 0.310038 0.39715001
vt 0.309969008 0.397139996
vt 0.311845005 0.395711005
vt 0.343106002 0.399192989
vt 0.34305501 0.399224013
vt 0.343106002 0.399217993
vt 0.311477989 0.395684004
vt 0.311524004 0.395772994
vt 0.311488003 0.395682007
vt 0.310144991 0.398411006
vt 0.310277998 0.398501992
vt 0.310290009 0.398413986
vt 0.309547007 0.39715001
vt 0.309572995 0.397204012
vt 0.309560001 0.397157997
vt 0.309576005 0.397139013
vt 0.309560001 0.397157997
vt 0.309583008 0.39715001
vt 0.309751987 0.398961008
vt 0.309765995 0.398932993
vt 0.309733987 0.398939013
vt 0.309643 0.396910012
vt 0.309720993 0.396869987
vt 0.309711009 0.39685601
vt 0.346370995 0.400680006
vt 0.346385002 0.400575012
vt 0.346347004 0.400674999
vt 0.315851003 0.400685996
vt 0.315845996 0.400655001
vt 0.315836012 0.400696993
vt 0.315301001 0.39379099
vt 0.315277994 0.393842995
vt 0.315304011 0.39388299
vt 0.311271012 0.397601008
vt 0.311244994 0.397617012
vt 0.311264992 0.397659004
vt 0.310523987 0.398231
vt 0.310382009 0.398202002
vt 0.310369998 0.398211002
vt 0.314155996 0.396553993
vt 0.314110011 0.396510005
vt 0.314096987 0.396512002
vt 0.364475012 0.905586004
vt 0.364459008 0.905701995
vt 0.364464015 0.905713022
vt 0.311289012 0.396333992
vt 0.311289012 0.396259993
vt 0.311282992 0.396234006
vt 0.311282992 0.396234006
vt 0.311376005 0.396205992
vt 0.311365992 0.396183997
vt 0.313299 0.400570989
vt 0.313253999 0.400590986
vt 0.313261002 0.400590003
vt 0.342615008 0.39763099
vt 0.342455 0.397608995
vt 0.34245199 0.397619992
vt 0.310434014 0.398389012
vt 0.310405999 0.398424
vt 0.310427994 0.398387998
vt 0.364432991 0.904487014
vt 0.364479005 0.904537976
vt 0.364448994 0.904480994
vt 0.315878004 0.40059799
vt 0.31587401 0.400649995
vt 0.315883994 0.400649011
vt 0.314245999 0.396557003
vt 0.314155996 0.396542996
vt 0.314157009 0.396555007
vt 0.309626997 0.397152007
vt 0.309621006 0.397098005
vt 0.309614003 0.397107989
vt 0.342041999 0.40209499
vt 0.341937006 0.402173012
vt 0.341921002 0.402224004
vt 0.314758003 0.396779001
vt 0.314770997 0.396824986
vt 0.314788997 0.396833003
vt 0.311136007 0.395581007
vt 0.311203986 0.39555499
vt 0.311127007 0.39557001
vt 0.315699011 0.394010007
vt 0.315503001 0.394050986
vt 0.315699011 0.394035995
vt 0.311383009 0.395617992
vt 0.311369002 0.395680994
vt 0.311392009 0.395684987
vt 0.309855998 0.396898001
vt 0.309861004 0.396923006
vt 0.309872001 0.396916002
vt 0.311753005 0.395857006
vt 0.311787009 0.395981997
vt 0.311811 0.395992011
vt 0.314125001 0.396791995
vt 0.314126015 0.396876007
vt 0.314143002 0.396791995
vt 0.311648011 0.396147996
vt 0.311636001 0.396064013
vt 0.311623007 0.396149993
vt 0.314424992 0.396822006
vt 0.314437002 0.39674601
vt 0.314417005 0.396831006
vt 0.311771005 0.396232009
vt 0.311574996 0.396346003
vt 0.311764985 0.396248996
vt 0.309354991 0.399123996
vt 0.309563011 0.399125993
vt 0.309560001 0.399103999
vt 0.316929996 0.400810003
vt 0.315881014 0.401326001
vt 0.315820009 0.401277006
vt 0.366465986 0.905095994
vt 0.366461009 0.905052006
vt 0.366459012 0.905098975
vt 0.311102003 0.396185011
vt 0.311690003 0.397967994
vt 0.311120987 0.396257013
vt 0.314081997 0.396578997
vt 0.31417501 0.396631986
vt 0.314161986 0.396616995
vt 0.311408997 0.39774701
vt 0.311508 0.397704005
vt 0.311508 0.397693008
vt 0.319487005 0.400716007
vt 0.319476008 0.40081799
vt 0.319505006 0.40072
vt 0.349510998 0.397491008
vt 0.345371991 0.397388011
vt 0.349509001 0.397477001
vt 0.313369989 0.399839014
vt 0.313407004 0.399764001
vt 0.313369989 0.39982
vt 0.309980005 0.397103995
vt 0.309906006 0.39706701
vt 0.309969008 0.397112995
vt 0.308587015 0.399578989
vt 0.308519006 0.399598986
vt 0.308613002 0.399603993
vt 0.314945012 0.395989001
vt 0.314871013 0.395940006
vt 0.314969003 0.396025002
vt 0.314812005 0.396380991
vt 0.314749986 0.396366
vt 0.314732999 0.396376014
vt 0.346370995 0.400680006
vt 0.346329004 0.400768012
vt 0.346350014 0.400783002
vt 0.341737986 0.396905005
vt 0.341520011 0.393765002
vt 0.341574013 0.393801004
vt 0.341520011 0.393765002
vt 0.341672987 0.393720001
vt 0.341560006 0.393642008
vt 0.342483997 0.395408005
vt 0.342447996 0.395451993
vt 0.342655987 0.395417005
vt 0.343329012 0.39309901
vt 0.343378991 0.393079996
vt 0.343263 0.393058985
vt 0.344779015 0.399852008
vt 0.344695985 0.399857014
vt 0.343401015 0.394432008
vt 0.31160301 0.395532012
vt 0.311607003 0.395529985
vt 0.311601996 0.395532012
vt 0.343609005 0.392901003
vt 0.344265014 0.396818012
vt 0.343656003 0.392971009
vt 0.344581991 0.40070501
vt 0.340835005 0.396254987
vt 0.341913998 0.402069986
vt 0.347337991 0.390899003
vt 0.347456992 0.390861988
vt 0.347447008 0.39083001
vt 0.345732987 0.396753997
vt 0.344462007 0.400575995
vt 0.345596999 0.396804005
vt 0.341845006 0.394035995
vt 0.341883987 0.393949986
vt 0.341802001 0.394012004
vt 0.341787994 0.394039989
vt 0.36333099 0.905198991
vt 0.363335997 0.90516597
vt 0.363297999 0.905166984
vt 0.363292009 0.905205011
vt 0.346502006 0.393498003
vt 0.346597999 0.393485993
vt 0.346570998 0.393436998
vt 0.346509993 0.393559009
vt 0.341841012 0.393754989
vt 0.341677994 0.393743992
vt 0.341699004 0.393835992
vt 0.341809988 0.393851995
vt 0.365078002 0.906503022
vt 0.365085989 0.906445026
vt 0.365045011 0.906463981
vt 0.365049005 0.906520009
vt 0.343407989 0.392924994
vt 0.343353987 0.392895013
vt 0.343306988 0.392960995
vt 0.343418986 0.393036991
vt 0.342090011 0.39349699
vt 0.342087001 0.393548995
vt 0.342141002 0.393507004
vt 0.342137992 0.393570989
vt 0.341948986 0.393878996
vt 0.342011005 0.393848002
vt 0.341949999 0.393792003
vt 0.342014015 0.393770009
vt 0.342135012 0.394138008
vt 0.342128009 0.394089997
vt 0.342045993 0.394124001
vt 0.342058003 0.394064993
vt 0.348096997 0.391986996
vt 0.348028004 0.391986012
vt 0.34801501 0.392031997
vt 0.348082989 0.392035007
vt 0.34178099 0.393595994
vt 0.342979014 0.399217993
vt 0.343019992 0.399132013
vt 0.34185499 0.39358899
vt 0.343558997 0.394555002
vt 0.343641996 0.394573987
vt 0.343607008 0.394502997
vt 0.343542993 0.394490004
vt 0.313582987 0.391727
vt 0.31951201 0.400812
vt 0.31952399 0.400795996
vt 0.313641995 0.391698003
vt 0.343457013 0.393207014
vt 0.343465 0.393274009
vt 0.343544006 0.39330101
vt 0.343544006 0.393153995
vt 0.341868013 0.394190013
vt 0.341859996 0.394178003
vt 0.341809005 0.394194007
vt 0.341858 0.394225001
vt 0.341798007 0.394241989
vt 0.344516009 0.400092989
vt 0.35155499 0.401410997
vt 0.343412012 0.394609004
vt 0.343331009 0.394555002
vt 0.343407005 0.394540012
vt 0.314328998 0.396569997
vt 0.314334005 0.396551013
vt 0.314327002 0.396557003
vt 0.314325005 0.396557987
vt 0.347887993 0.399313986
vt 0.346293986 0.393824011
vt 0.346370995 0.393925011
vt 0.347983003 0.399399012
vt 0.341989994 0.396007001
vt 0.341975987 0.395947993
vt 0.341926992 0.395958006
vt 0.341915011 0.395971
vt 0.343443006 0.396674991
vt 0.343423992 0.396605015
vt 0.343387008 0.396643013
vt 0.343383014 0.396690995
vt 0.34228 0.395417005
vt 0.342363 0.395532012
vt 0.342429012 0.395466
vt 0.342312992 0.39535901
vt 0.343804002 0.394686997
vt 0.343800008 0.394762993
vt 0.34386301 0.394768
vt 0.343865007 0.394676
vt 0.343300998 0.399493009
vt 0.342148989 0.394050986
vt 0.344006002 0.392753005
vt 0.343364 0.399408996
vt 0.343349993 0.392742991
vt 0.344660997 0.398270011
vt 0.344687015 0.398196995
vt 0.343421012 0.39271301
vt 0.346345991 0.400676996
vt 0.345515996 0.396845013
vt 0.345555991 0.396892011
vt 0.346370995 0.400680006
vt 0.348271996 0.399026006
vt 0.346872002 0.393646985
vt 0.346908003 0.393552005
vt 0.348320007 0.398936987
vt 0.366643012 0.905120015
vt 0.366685003 0.905170977
vt 0.366750002 0.905115008
vt 0.366668999 0.905054986
vt 0.347988009 0.398223996
vt 0.348049015 0.398272991
vt 0.348049015 0.398200989
vt 0.347986996 0.398189992
vt 0.343854994 0.394840002
vt 0.343800008 0.394762993
vt 0.343800992 0.394849002
vt 0.343858004 0.394915015
vt 0.308679014 0.399567991
vt 0.308667004 0.399480999
vt 0.30865401 0.399479985
vt 0.308674991 0.399614006
vt 0.341589004 0.393887997
vt 0.341690004 0.393846005
vt 0.341574013 0.393801004
vt 0.341576993 0.393869013
vt 0.350677013 0.400795996
vt 0.342929989 0.399367988
vt 0.342824996 0.399439007
vt 0.341755986 0.394033998
vt 0.343865991 0.394825995
vt 0.34386301 0.394768
vt 0.343800008 0.394762993
vt 0.343854994 0.394840002
vt 0.343445003 0.392774999
vt 0.343578011 0.392796993
vt 0.34356001 0.392717987
vt 0.343421012 0.392711997
vn 0.572986662 0.447689533 0.686483979
vn 0.557095647 0.445096523 0.701094508
vn 0.587962806 0.443971932 0.676157236
vn 0.923433781 -0.276410103 0.266209751
vn 0.89803493 -0.28781122 0.332712948
vn 0.902862728 -0.268988907 0.335386157
vn 0.913011491 -0.256003231 0.317604035
vn 0.89019376 -0.247798249 0.382297307
vn -0.871579885 0.197095454 0.448889643
vn -0.892001033 0.153700173 0.425100476
vn -0.875114679 0.162802726 0.455707669
vn -0.23510997 -0.0376015939 -0.971241176
vn -0.181104571 0.0513012968 -0.982124805
vn -0.200593919 -0.0199993942 -0.979470313
vn -0.995750427 -0.0324016437 -0.0862043649
vn -0.996576846 -0.0273993649 -0.0779981911
vn -0.996272445 -0.0293991882 -0.0810977593
vn 0.721408904 0.553406835 0.416305125
vn 0.76956743 0.461080492 0.441781342
vn 0.86644268 0.345717013 0.36021772
vn -0.962503433 -0.213300765 -0.167600602
vn -0.994202673 -0.0864002407 0.0640001744
vn -0.967195094 0.21379891 0.137199298
vn -0.0922038257 -0.0822034106 0.992341161
vn -0.0405011214 -0.17560488 0.983627319
vn -0.0348986909 -0.0666975006 0.99716264
vn -0.996689677 -0.0308996793 0.0751992241
vn -0.985922933 -0.166403875 -0.0163003802
vn -0.998604 -0.0476001948 0.0229000915
vn -0.998474896 -0.0480987914 0.0270993207
vn -0.999497533 0.011599971 0.0294999275
vn -0.190794677 0.256692857 0.947473586
vn -0.190794677 0.256692857 0.947473586
vn -0.190794677 0.256692857 0.947473586
vn -0.0442019142 -0.0579025112 -0.997343242
vn -0.00729986327 -0.0279994756 -0.999581277
vn 0.0155996988 -0.0281994548 -0.999480665
vn 0.47991544 -0.107303441 0.870727956
vn 0.445704877 -0.121401332 0.886909783
vn 0.521809518 -0.0732013434 0.849915564
vn 0.975398898 -0.158899814 -0.152799815
vn 0.988519013 -0.0817015693 -0.12710245
vn 0.981938481 -0.150005877 -0.115304522
vn 0.993411839 -0.054700654 0.100701205
vn 0.993411839 -0.054700654 0.100701205
vn 0.993411839 -0.054700654 0.100701205
vn 0.678690016 -0.546891928 0.490192831
vn 0.389908493 -0.583712697 0.712215483
vn 0.0459993109 -0.415593773 0.908386409
vn 0.760466397 0.618072689 0.199191198
vn 0.760466397 0.618072689 0.199191198
vn 0.760466397 0.618072689 0.199191198
vn -0.993086636 0.114798449 0.0244996697
vn -0.991104782 0.105900504 0.0806003883
vn -0.981498182 0.191299647 -0.00809998531
vn -0.357213229 0.933734596 0.0232008584
vn -0.356514841 0.933938861 0.0256010648
vn -0.242210865 0.9694435 0.0389017463
vn 0.0320004523 0.147702098 -0.988514006
vn -0.0552023612 0.153906584 -0.986542225
vn -0.149504885 0.146604791 -0.97783196
vn -0.944809437 0.0796007887 0.317803144
vn -0.977315843 0.0182002969 0.211003408
vn -0.969588339 0.0351995751 0.242197081
vn -0.485805869 -0.857710361 0.168302029
vn -0.485805869 -0.857710361 0.168302029
vn -0.485805869 -0.857710361 0.168302029
vn 0.912435174 -0.365114063 0.184807122
vn 0.899201453 -0.379300594 0.218100354
vn 0.890629649 -0.409113616 0.198506609
vn 0.886205137 -0.0164000951 -0.463002652
vn 0.88378036 -0.0140996864 -0.467689574
vn 0.886205137 -0.0164000951 -0.463002652
vn -0.993895829 -0.00519997813 0.110199541
vn -0.993848383 0.0838040784 0.0724035352
vn -0.997739792 0.032701306 0.0587023385
vn 0.191801578 0.918607593 0.345502824
vn 0.203699172 0.916796267 0.343498558
vn 0.128204942 0.937636256 0.323112488
vn -0.966500282 0.068700023 -0.247300088
vn -0.966369152 0.0701977611 -0.247392103
vn -0.966096163 0.0703997239 -0.248399034
vn -0.998001873 -0.0302000567 -0.055500105
vn -0.994169354 0.040098764 -0.100096919
vn -0.997293651 0.00179998844 -0.0734995306
vn -0.342902273 0.874705791 0.342502266
vn -0.313901395 0.878803909 0.359401613
vn -0.351684153 0.887859941 0.29668662
vn -0.982030332 0.103203192 0.15800488
vn -0.990422487 0.0850019306 0.108802468
vn -0.990408003 0.0844006762 0.109400876
vn -0.819752216 -0.547734916 0.167310655
vn -0.792993128 -0.596394837 0.124398917
vn -0.829632223 -0.510519803 0.226008773
vn 0.651929379 -0.233810544 0.72133255
vn 0.664908707 -0.213002786 0.715909362
vn 0.664908707 -0.213002786 0.715909362
vn 0.881515503 -0.285304993 0.376206607
vn 0.885289609 -0.282896698 0.369095683
vn 0.879131317 -0.287210226 0.380313516
vn 0.0516985953 -0.0845977068 -0.99507302
vn -0.034700498 -0.0238003414 -0.999114335
vn 0.00520015787 -0.0609018467 -0.998130262
vn -0.0671024099 0.958434403 0.277309954
vn -0.0753982216 0.974877 0.209595054
vn -0.116494052 0.967650652 0.223788589
vn 0.341907978 0.939221919 0.0310007222
vn 0.352494419 0.935485303 0.0247996114
vn 0.344595045 0.938486576 0.0222996809
vn -0.98147285 0.00889975391 0.191394702
vn -0.986160517 -0.13779448 0.0921963155
vn -0.995019197 0.0374007225 0.0924017802
vn 0.691378295 -0.153595179 0.705977798
vn 0.671298742 -0.113799781 0.732398629
vn 0.682520688 -0.193005845 0.704921365
vn -0.998847961 -0.0177008491 -0.0446021408
vn -0.999023199 -0.0093002161 -0.0432010032
vn -0.99934262 -0.00570024317 -0.0358015262
vn -0.999714792 0.0197002925 -0.0135002006
vn -0.99965632 0.0111995107 -0.0236989651
vn -0.996337891 0.0498018973 -0.0695026368
vn -0.977670133 0.16589494 0.128996044
vn -0.978187144 0.161697879 0.130398288
vn -0.978187144 0.161697879 0.130398288
vn -0.052796647 0.623860359 0.779750466
vn 0.0790006295 0.46740371 0.880506992
vn 0.0354005843 0.528308749 0.848314047
vn 0.973944902 -0.113205217 0.196509048
vn 0.971322954 -0.103602454 0.214005053
vn 0.98411721 -0.044300776 0.171903014
vn 0.417384744 -0.695574522 0.584778607
vn 0.395686984 -0.726676047 0.561581492
vn 0.413781732 -0.711868584 0.567474961
vn 0.981322527 -0.192104414 -0.0101002315
vn 0.988488019 -0.125098482 0.085098967
vn 0.993194342 -0.11639934 -0.00399997737
vn -0.407996982 -0.213398427 -0.887693465
vn -0.414482862 -0.0970959812 -0.904862583
vn -0.333406985 -0.136702865 -0.932819486
vn -0.113402195 -0.329506367 0.937318206
vn -0.10509859 -0.31639573 0.942787349
vn -0.10509859 -0.31639573 0.942787349
vn 0.450114757 0.00860028155 -0.892929256
vn 0.452208191 -0.0131002385 -0.891816199
vn 0.42218253 0.0163993221 -0.906362534
vn 0.140103087 0.458810031 -0.877419233
vn 0.12329907 0.447796643 -0.885593295
vn 0.12329907 0.447796643 -0.885593295
vn -0.219400808 -0.0160000585 -0.975503564
vn -0.241706178 0.025100641 -0.970024824
vn -0.237694338 0.0177995749 -0.971176863
vn 0.330995619 0.943587482 0.0091998782
vn 0.35069409 0.936484218 0.00329994434
vn 0.347192347 0.927179575 -0.140696898
vn -0.454998881 0.88969785 -0.0375999101
vn -0.447499573 0.87909919 -0.164099857
vn -0.43378222 0.890263438 -0.138794303
vn 0.948607385 -0.0511003993 -0.31230244
vn 0.933592319 -0.0946992189 -0.345597148
vn 0.952538013 -0.108804345 -0.284311324
vn -0.72478956 0.345995009 0.595791399
vn -0.700803041 0.352101535 0.620402694
vn -0.68909961 0.3525998 0.633099556
vn -0.99852556 0.0322008245 -0.0437011197
vn -0.998323977 0.0100002401 -0.0570013672
vn -0.999834299 -0.0182006247 -0.000300010317
vn -0.995711446 0.0499005727 -0.077900894
vn -0.9980703 0.0487985462 -0.0383988619
vn 0.20090653 0.938230455 0.281709135
vn 0.208108515 0.936538279 0.282111526
vn 0.19570972 0.939446688 0.281313986
vn -0.998305678 -0.0112000639 -0.0571003258
vn -0.998045444 -0.00780035509 -0.062002819
vn -0.999920487 0.00060001231 -0.012600258
vn 0.216896906 0.479193151 -0.850487828
vn 0.216896906 0.479193151 -0.850487828
vn 0.216896906 0.479193151 -0.850487828
vn -0.784091115 0.620592952 -0.00809990894
vn -0.77748239 0.627785802 0.0374991558
vn -0.735504985 0.677104592 0.0237001609
vn 0.296105236 -0.200303525 -0.933916509
vn 0.36348772 -0.181893855 -0.913669109
vn 0.326892287 -0.195695385 -0.92457819
vn 0.648606598 0.142801464 0.747607648
vn 0.648606598 0.142801464 0.747607648
vn 0.648606598 0.142801464 0.747607648
vn 0.968746901 -0.0544026345 0.242011726
vn 0.980041564 -0.0852036104 0.179607615
vn 0.974247038 -0.0411977582 0.221687943
vn 0.978855908 -0.1908914 0.0734966844
vn 0.992471695 -0.101797104 0.0680980608
vn 0.978853047 -0.0608970784 0.195290625
vn 0.335180849 0.830452561 -0.444974571
vn 0.272688478 0.8720631 -0.406382799
vn 0.0879989639 0.827790201 -0.554093421
vn 0.506082535 -0.0743974298 0.859270334
vn 0.553282022 -0.0696977377 0.830072999
vn 0.543904305 -0.0599004701 0.837006569
vn -0.068899624 -0.0452997573 -0.996594608
vn -0.0135004241 -0.044201389 -0.998931348
vn -0.126803324 0.00190004974 -0.991926014
vn -0.999246001 -0.025701182 -0.029101342
vn -0.998063743 -0.0572979189 0.0241991226
vn -0.996862054 -0.0781970173 -0.0122995311
vn 0.645400763 -0.297800362 0.70340085
vn 0.64807725 -0.279390186 0.708475173
vn 0.653630674 -0.123705812 0.74663502
vn 0.908975422 -0.224093929 0.351490498
vn 0.893591464 -0.338596791 0.294697165
vn 0.855682671 -0.301093876 0.420891464
vn -0.100202143 -0.946320295 0.307306588
vn -0.101895235 -0.94575578 0.308485568
vn -0.101399511 -0.946195424 0.307298511
vn 0.610490739 -0.761288524 0.21849671
vn 0.610907912 -0.761209905 0.217602819
vn 0.608910978 -0.761713684 0.221403986
vn -0.997917712 0.0256004538 -0.0592010505
vn -0.997866809 0.025499152 -0.0600979999
vn -0.997890651 0.0254997611 -0.0596994385
vn 0.947128236 -0.118403532 0.298208922
vn 0.947128236 -0.118403532 0.298208922
vn 0.947128236 -0.118403532 0.298208922
vn -0.371910512 0.0713020191 -0.925526142
vn -0.392911077 -0.041801177 -0.918625891
vn -0.414503396 0.0391003191 -0.909207463
vn -0.835879147 -0.524986863 -0.160295993
vn -0.833766043 -0.529178441 -0.157493576
vn -0.836599231 -0.523499548 -0.161399856
vn -0.204196408 -0.969182968 0.137797564
vn -0.204500526 -0.969302475 0.136500344
vn -0.204500526 -0.969302475 0.136500344
vn 0.997935057 -0.00190006674 -0.0642022491
vn 0.992044926 -0.0857038796 -0.0922041833
vn 0.988464653 -0.129095376 0.0791971684
vn -0.584889054 -0.762785673 0.275794834
vn -0.670702159 -0.705002248 0.230500743
vn -0.619711995 -0.760114729 0.195403785
vn 0.619503498 -0.651503682 0.43790251
vn 0.623880982 -0.605681598 0.493884981
vn 0.619766593 -0.647265136 0.443776071
vn -0.311983854 -0.926952004 -0.208389208
vn -0.371385545 -0.926563978 -0.0595976822
vn -0.398994237 -0.899787068 -0.176597461
vn 0.729904175 -0.663903773 0.162700936
vn 0.638314903 -0.76221776 0.107602514
vn 0.695524454 -0.710624993 0.106103733
vn 0.790802181 0.457501292 0.406601131
vn 0.736672103 0.464182407 0.491781384
vn 0.780790329 0.500493824 0.373995394
vn -0.994698405 0.00269999565 0.102799833
vn -0.983799338 0.118299924 0.134699911
vn -0.995777726 0.0717983916 0.0571987219
vn 0.00429983949 0.0681974515 -0.997662663
vn -0.00239997264 0.044899486 -0.998988569
vn 0.0263998639 0.0176999085 -0.999494791
vn -0.970871925 -0.142395869 0.192694426
vn -0.994556189 -0.0315986089 0.0992956236
vn -0.986260593 -0.099996008 0.131494746
vn 0.504409552 0.148402795 0.850616038
vn 0.469510078 0.190104082 0.862218499
vn 0.408888191 0.155295536 0.899274051
vn -0.990670323 0.0825975239 -0.108396754
vn -0.985562086 0.0870966539 -0.145194411
vn -0.991097569 0.060299851 -0.118699707
vn -0.998274088 -0.00619983906 0.0583984815
vn -0.998920441 -0.00220004492 0.0464009494
vn -0.998314977 0.0234003495 -0.0531007983
vn -0.996822476 0.0466010496 0.0646014586
vn -0.999778688 -0.0012999723 -0.0209995508
vn -0.99616313 0.0328987837 0.0810969993
vn 0.920475781 -0.38858977 -0.0414989069
vn 0.978228986 -0.198205873 -0.0615018196
vn 0.89819032 -0.439095259 -0.0211997721
vn -0.602510095 -0.216403633 0.768212855
vn -0.525791824 -0.271895766 0.805987418
vn -0.517395496 -0.352896929 0.779593229
vn 0.343083024 0.888755977 0.30398494
vn 0.3622078 0.842518151 0.398708612
vn 0.399385452 0.839469433 0.368486553
vn 0.999216437 -0.0114001883 0.0379006267
vn 0.99425745 -0.0975958183 0.0438981242
vn 0.997117043 -0.071101211 -0.0265004542
vn -0.95980531 -0.182301 0.213401183
vn -0.970414996 -0.0979015231 0.220703408
vn -0.943426192 -0.225706264 0.242906734
vn 0.497500211 0.342700154 0.796900332
vn 0.482833564 0.322522432 0.814156651
vn 0.51188314 0.280490786 0.811973274
vn 0.904284894 -0.426392883 0.0213996433
vn 0.942928731 -0.33051008 0.0406012423
vn 0.906650603 -0.414323121 0.0795044377
vn 0.0627969056 0.974352062 0.216089383
vn 0.245396629 0.930687249 0.271296293
vn 0.20539993 0.959599614 0.192299947
vn -0.190500766 0.334601343 -0.922903717
vn -0.183697864 0.372695684 -0.909589469
vn -0.120102614 0.400208741 -0.908519804
vn -0.386492312 -0.00449990993 -0.922281623
vn -0.365198225 0.0079999622 -0.930895448
vn -0.390004009 -0.00260002702 -0.920809507
vn -0.23819384 -0.15309605 -0.959075212
vn -0.23819384 -0.15309605 -0.959075212
vn -0.23819384 -0.15309605 -0.959075212
vn 0.971193731 0.0167998914 -0.237698466
vn 0.961763382 -0.0482981652 -0.269589752
vn 0.962504268 -0.0400001779 -0.268301189
vn 0.347500771 -0.0905001983 -0.933302104
vn 0.365484416 -0.0421981998 -0.929860353
vn 0.352089345 -0.0562982932 -0.934271693
vn 0.443927824 0.243815273 0.862254083
vn 0.476017088 0.172106162 0.86243093
vn 0.456411064 -0.0162003934 0.889621556
vn 0.866372824 -0.0145995421 0.49918431
vn 0.896699846 -0.00589999929 0.442599922
vn 0.848496437 -0.001899992 0.529197812
vn 0.95646137 -0.291088223 -0.0211991444
vn 0.949528217 -0.313509315 -0.0104003092
vn 0.931732357 -0.360012501 -0.0476016551
vn -0.711963892 0.390580177 -0.583570361
vn -0.706198752 0.397499293 -0.585898936
vn -0.714119792 0.387910724 -0.582716167
vn 0.345513672 -0.0428016968 0.937437117
vn 0.264090985 -0.181493789 0.947267652
vn 0.286095977 -0.062099129 0.956186593
vn 0.413716555 -0.628425181 0.658726335
vn 0.310697645 -0.501096249 0.807693899
vn 0.49831146 -0.429709882 0.753017366
vn -0.862817287 0.245304927 0.442008853
vn -0.847786963 0.231396452 0.47719267
vn -0.838921368 0.253306448 0.481712282
vn 0.131500512 -0.786903024 0.602902353
vn 0.0699001998 -0.795202315 0.602301776
vn 0.132997766 -0.831486046 0.539390922
vn 0.134898946 -0.339197308 0.930992663
vn 0.097796753 -0.267191142 0.958668172
vn 0.152795255 -0.159695044 0.975269735
vn -0.925927937 -0.141704276 0.35011059
vn -0.967796087 -0.157099366 0.196699217
vn -0.920177341 -0.314992249 0.232494295
vn -0.0496994555 0.018699795 -0.998589098
vn -0.00649971282 -0.00679969927 -0.999955773
vn -0.0250998773 0.0133999344 -0.999595106
vn -0.987218082 -0.128702357 -0.0940017104
vn -0.960329294 -0.223106802 -0.167305097
vn -0.99103862 -0.113204412 -0.0709027648
vn 0.174003094 -0.085601531 -0.98101747
vn 0.194003969 -0.068301402 -0.978620052
vn 0.110298775 -0.0203997754 -0.99368906
vn 0.155399024 0.881794512 0.445297241
vn 0.161005795 0.864131093 0.476817131
vn 0.178903446 0.907517493 0.380007297
vn -0.812292397 0.575494587 0.0947991088
vn -0.736798644 0.632498801 0.238899574
vn -0.878962576 0.307886899 0.364184499
vn 0.102396153 -0.15069434 -0.983263016
vn 0.0683016554 -0.120802917 -0.990323901
vn 0.0864999965 -0.106899999 -0.990499914
vn 0.368993729 0.898284733 0.238595963
vn 0.373114198 0.900634289 0.22280848
vn 0.365093201 0.899983227 0.238195568
vn 0.972025454 0.0366009586 0.232006073
vn 0.971838415 0.0371014662 0.232709199
vn 0.97159785 0.0377999134 0.233599484
vn 0.849703968 -0.448202103 0.277701288
vn 0.852191031 -0.44389534 0.276997089
vn 0.853221178 -0.444511026 0.272806764
vn 0.266695708 0.294495255 0.917685211
vn 0.266695708 0.294495255 0.917685211
vn 0.266695708 0.294495255 0.917685211
vn -0.338615328 -0.880739808 0.331114948
vn -0.377691567 -0.86888063 0.31999284
vn -0.421602368 -0.826104581 0.373902082
vn -0.668874621 -0.743271828 -0.01239953
vn -0.659713447 -0.751515329 -0.00170003471
vn -0.668924332 -0.743227005 -0.0124004502
vn 0.810391247 -0.0185997989 0.5855937
vn 0.836305022 -0.0248001497 0.547703266
vn 0.829988956 -0.017899761 0.557492614
vn -0.877877831 -0.430289119 0.210194692
vn -0.907049894 -0.350880593 0.232687145
vn -0.913985848 -0.381594092 0.137897864
vn 0.30240345 -0.898710251 0.317603648
vn 0.31387952 -0.831545711 0.458270073
vn 0.0753014833 -0.911517918 0.404307961
vn 0.77093941 0.634732425 0.052602686
vn 0.802301049 0.585300803 0.117200166
vn 0.820404112 0.56830287 0.0630003139
vn 0.993439615 -0.0708028227 -0.0898035839
vn 0.998046994 -0.05440256 -0.0307014454
vn 0.996835172 -0.0310010929 -0.0732025877
vn 0.0927960426 0.191691831 -0.977058351
vn 0.15239653 0.201895416 -0.967477977
vn 0.135403529 0.16810438 -0.976425469
vn -0.312300235 0.907100737 0.282200247
vn -0.300103039 0.898309112 0.320903242
vn -0.309200764 0.902902305 0.298600763
vn -0.948131442 0.0362012014 0.315810472
vn -0.948131442 0.0362012014 0.315810472
vn -0.948131442 0.0362012014 0.315810472
vn -0.383101881 0.895404339 0.226901084
vn -0.388709754 0.899122536 0.20120503
vn -0.422080845 0.876160264 0.232789442
vn -0.631774545 -0.769768953 -0.091196321
vn -0.617170334 -0.78516221 -0.0511975326
vn -0.612706959 -0.783608854 -0.102701172
vn -0.69882679 0.058102224 0.712927282
vn -0.718815327 0.150503203 0.678714395
vn -0.78047812 -0.000899974722 0.62518245
vn 0.942755342 -0.315685034 0.107494913
vn 0.940610826 -0.325003743 0.0981011316
vn 0.937407136 -0.334102571 0.0982007533
vn -0.997251332 0.0397980548 -0.0624969453
vn -0.990987241 -0.103698663 -0.0847989023
vn -0.996896982 -0.0649998039 -0.044399865
vn 0.425504237 0.904008925 -0.0414004102
vn 0.424796194 0.904791832 -0.0299997292
vn 0.460888028 0.886376917 -0.0437988602
vn -0.965341806 -0.230609983 0.122205295
vn -0.985435247 -0.164205864 0.0442015789
vn -0.963069081 -0.261191636 0.0653978959
vn -0.978733242 -0.170205787 0.11450389
vn -0.981315672 -0.143202275 0.128502041
vn -0.161403105 -0.0917017609 -0.982618809
vn -0.0895993337 0.0276997946 -0.995592654
vn -0.115795977 -0.122695729 -0.985665739
vn -0.989620805 0.135902867 0.0467009842
vn -0.989620805 0.135902867 0.0467009842
vn -0.989620805 0.135902867 0.0467009842
vn -0.95584023 0.208208755 -0.207408726
vn -0.9771837 0.192896798 -0.0888985172
vn -0.95584023 0.208208755 -0.207408726
vn 0.249098137 0.967692733 -0.0389997065
vn 0.554517925 0.831426919 0.0352011397
vn 0.546504676 0.828507006 -0.122101039
vn -0.994871497 -0.00549984258 -0.100997113
vn -0.994871497 -0.00549984258 -0.100997113
vn -0.994871497 -0.00549984258 -0.100997113
vn 0.996482491 -0.0523990802 0.0653988421
vn 0.99470818 -0.042800352 0.0934007689
vn 0.997903228 -0.0333001092 0.0555001795
vn -0.343889654 0.296791047 -0.890873194
vn -0.348797351 0.355897278 -0.866993368
vn -0.330910355 0.326910198 -0.88522768
vn -0.68337369 -0.725472033 0.0817968473
vn -0.683114707 -0.722115576 0.109102353
vn -0.719011486 -0.68801105 0.098301582
vn 0.921177089 -0.367490858 -0.127996817
vn 0.946910083 -0.300303191 -0.114801221
vn 0.931142807 -0.343815833 -0.121505581
vn 0.901331842 -0.38501358 -0.198407009
vn 0.90413022 -0.362212092 -0.226607591
vn 0.936898828 -0.271699637 0.219999716
vn 0.922016144 -0.380206645 0.073001273
vn 0.967243433 -0.244710997 -0.0675030351
vn -0.992858171 0.0885962695 0.0798966289
vn -0.996344626 -0.050902281 -0.068603076
vn -0.984663904 0.0597978048 0.163893983
vn 0.931614578 0.357105613 -0.0676010549
vn 0.931614578 0.357105613 -0.0676010549
vn 0.931614578 0.357105613 -0.0676010549
vn -0.197605968 -0.0734022185 -0.977529526
vn -0.144606248 0.0968041793 -0.984742522
vn -0.162598208 0.00249997247 -0.98668915
vn -0.948976338 0.286392838 0.131996706
vn -0.936022222 0.325307727 0.134303182
vn -0.953615129 0.268504262 0.136102155
vn -0.072597906 0.0544984266 -0.995871246
vn -0.0708029345 0.0639026538 -0.995441318
vn -0.0687971115 0.0715969875 -0.995058179
vn 0.391999334 0.802898705 0.449099243
vn 0.391599476 0.851298809 0.349199533
vn 0.374313235 0.834129512 0.405114323
vn 0.941516697 -0.333205909 0.0502008907
vn 0.929083943 -0.368293643 -0.0340994112
vn 0.910331845 -0.39711386 0.116604075
vn 0.888586283 -0.0889986232 -0.449993074
vn 0.889482975 -0.0920982361 -0.447591424
vn 0.889317274 -0.0936018154 -0.447608709
vn -0.495414674 -0.86562562 -0.0725021437
vn -0.425790191 -0.899279237 -0.0999976993
vn -0.4749071 -0.879413188 -0.033100497
vn -0.968711436 -0.211602509 0.12970154
vn -0.957511842 -0.221402735 0.184802279
vn -0.95807898 -0.107197642 0.265694171
vn -0.959293723 -0.1843988 0.213898599
vn -0.989078939 -0.0360992327 0.142896965
vn 0.142797947 0.170897543 -0.974885941
vn 0.183794051 0.149895161 -0.971468568
vn 0.125796854 0.13019675 -0.983475447
vn -0.984088182 -0.175297901 -0.0289996509
vn -0.996095598 -0.0786996558 0.039999824
vn -0.991439819 0.11340455 0.0647026002
vn 0.958839774 0.134291559 -0.250184298
vn 0.970552444 0.113806151 -0.212311476
vn 0.988236487 0.0779028758 -0.131604865
vn 0.948665082 0.306488693 -0.0780971274
vn 0.948665082 0.306488693 -0.0780971274
vn 0.948665082 0.306488693 -0.0780971274
vn -0.384605676 0.92021358 0.0727010742
vn -0.359603167 0.924708188 0.124901101
vn -0.336999387 0.929398298 0.150499716
vn -0.986819804 -0.0880017653 0.135802731
vn -0.986030042 -0.0992030203 0.133804068
vn -0.983905971 -0.12650077 0.126200765
vn 0.320001245 0.943703711 0.0838003308
vn 0.334691614 0.94007647 0.0650983751
vn 0.330503315 0.940509379 0.0788007826
vn -0.998695552 -0.00249998877 -0.0509997718
vn -0.998665452 -0.00219992385 -0.0515982173
vn -0.99840492 -0.00540002668 -0.0562002808
vn 0.227492884 -0.465385437 0.855373263
vn 0.120201558 -0.53350693 0.837210834
vn 0.243099362 -0.391698986 0.887397647
vn 0.360695601 0.587992847 0.723991156
vn 0.351192415 0.701184869 0.620486617
vn 0.285885811 0.661867142 0.692965627
vn 0.205592483 0.0362986736 -0.977964282
vn 0.21320112 0.0142000746 -0.976905107
vn 0.174295053 0.0581983477 -0.982972085
vn -0.955080748 0.280194342 -0.0964980572
vn -0.984549999 0.151792288 -0.0872955695
vn -0.99876982 0.0493985079 -0.00429987069
vn 0.997955084 -0.0638971254 0.00169992342
vn 0.987601817 -0.136000246 -0.0784001425
vn 0.992716014 -0.120001934 0.0107001737
vn 0.963984907 -0.046299275 0.261895895
vn 0.859374881 -0.112196729 0.498885423
vn 0.882811308 -0.0199002549 0.469306022
vn -0.996875286 -0.0778980702 0.0130996751
vn -0.988702774 -0.149000421 -0.0163000468
vn -0.972096324 -0.233299121 0.0244999062
vn -0.985854685 -0.131593972 0.10379523
vn -0.990962327 -0.0254990309 0.131694987
vn -0.254803181 0.226002827 0.940211773
vn -0.283996105 0.0162997786 0.958686888
vn -0.300515443 0.228311747 0.926047623
vn 0.818552613 0.374378324 0.435674757
vn 0.807502627 0.410901338 0.423201412
vn 0.752138257 0.580029488 0.312815905
vn -0.997539759 -0.0619024672 0.0329013132
vn -0.998904347 -0.042900186 -0.0187000819
vn -0.995068312 -0.0291990694 0.0947969854
vn -0.99536252 -0.0944964364 0.0179993212
vn -0.965046048 -0.259812385 0.034401644
vn -0.980480552 -0.118097663 0.157196879
vn 0.957505703 0.228101373 0.176501051
vn 0.961538732 0.226409122 0.155506253
vn 0.977051198 0.157692119 0.143192843
vn -0.0359983556 0.112894841 -0.992954671
vn -0.0380005911 0.0657010227 -0.997115493
vn 0.0235999338 0.0709997937 -0.997197151
vn -0.996944606 -0.0176007878 0.0761034042
vn -0.999947906 0.00890042633 -0.0050002397
vn -0.999801934 0.00560001051 0.0191000365
vn 0.722682655 0.0524987392 0.689183414
vn 0.718762279 0.0538971685 0.693163633
vn 0.736462235 0.0558971278 0.674165428
vn -0.994224131 0.107202597 0.00510012405
vn -0.994224131 0.107202597 0.00510012405
vn -0.994224131 0.107202597 0.00510012405
vn 0.980545938 0.0730034187 0.182208538
vn 0.984419286 0.0401007868 0.171203375
vn 0.97595042 -0.0420978628 0.213889122
vn 0.989123046 0.0152003542 0.146303415
vn 0.977873564 0.00919975154 0.208994359
vn -0.950280964 0.307593822 0.0484990329
vn -0.950399578 0.306499869 0.0528999791
vn -0.949174762 0.309691787 0.0561985075
vn 0.214993298 0.90677166 0.362688661
vn 0.118803643 0.903627694 0.411512643
vn 0.193094745 0.789278507 0.582884133
vn -0.994753361 0.0685967878 0.0758964419
vn -0.995284379 0.086998634 0.0428993255
vn -0.994962811 0.0906966105 0.0426984057
vn -0.984411776 0.172402069 0.0348004177
vn -0.987872362 0.147695869 0.0478986576
vn 0.071904324 -0.357721478 0.931055903
vn 0.128702596 -0.296505988 0.946319103
vn 0.34479031 -0.35788995 0.867775619
vn 0.943098247 -0.0184999667 0.331999391
vn 0.900708497 -0.281002641 0.33130312
vn 0.886805475 -0.171601057 0.429102659
vn 0.798169613 0.498281032 0.338587105
vn 0.798169613 0.498281032 0.338587105
vn 0.798169613 0.498281032 0.338587105
vn 0.89311254 0.0358005017 0.448406309
vn 0.89258194 0.048299022 0.448290944
vn 0.892152548 0.0625966713 0.447376221
vn 0.0690992549 0.154398352 -0.985589445
vn 0.0614028163 0.0756034628 -0.995245636
vn 0.0197000653 0.0246000793 -0.999503255
vn -0.957624972 -0.0473012365 0.284107417
vn -0.994712591 -0.0742009357 0.0710008964
vn -0.985355794 -0.110695027 0.129694179
vn 0.324297696 -0.24079828 -0.914793491
vn 0.336406231 -0.276805133 -0.900116622
vn 0.332689226 -0.272291154 -0.902870655
vn 0.976930618 -0.181705713 0.112203516
vn 0.981165767 -0.182293639 0.0638977736
vn 0.985563517 -0.121995486 0.117395647
vn 0.108799979 0.341399938 0.93359983
vn 0.171102911 0.549309373 0.81791389
vn 0.0940002203 0.394900948 0.913902223
vn -0.0324016437 0.0862043649 -0.995750427
vn -0.0372984074 0.08759626 -0.99545753
vn -0.0372984074 0.08759626 -0.99545753
vn -0.600707531 0.371504605 0.707908809
vn -0.610806644 0.451104879 0.650707006
vn -0.631393492 0.364996284 0.684192955
vn -0.124906212 -0.22141102 0.967148185
vn -0.136699691 -0.209999517 0.968097806
vn -0.159508422 -0.240112677 0.957550526
vn 0.106904924 0.0451020785 -0.99324578
vn 0.101604111 0.0369014926 -0.994140208
vn 0.0915992931 0.0399996899 -0.994992316
vn -0.998479187 -0.0263994504 -0.0483989939
vn -0.991850138 -0.12360625 -0.0309015624
vn -0.991232693 0.0971032009 -0.0896029547
vn 0.759218276 0.649915695 -0.0346008353
vn 0.773228943 0.634123802 -0.00200007507
vn 0.816310287 0.577607274 -0.0027000343
vn -0.999427199 -0.0200005434 0.0273007434
vn -0.986884356 0.0198996849 0.160197467
vn -0.989665329 0.143194973 -0.00759973377
vn -0.990978479 0.129397199 0.0348992385
vn -0.951647401 0.30131498 0.0598029755
vn -0.088200964 -0.183201998 -0.979110658
vn 0.00240007555 -0.0867027268 -0.996231377
vn -0.0415008739 -0.215504542 -0.975620568
vn 0.471315503 0.127304181 0.872728705
vn 0.521784902 0.103497006 0.846775532
vn 0.517208397 0.184603006 0.835713565
vn 0.532512665 0.0504011959 0.844920039
vn 0.511399329 0.0497999415 0.857898951
vn 0.454877764 0.0265986994 0.890156507
vn 0.576386154 0.0125996964 0.817080319
vn -0.96259892 -0.156299829 0.221299753
vn -0.952020288 -0.273805797 0.13670291
vn -0.973427832 -0.109703138 0.201005742
vn 0.99394244 -0.094504036 0.0561023951
vn 0.99834919 0.0147992466 -0.0554971807
vn 0.999222517 -0.0378008522 0.0112002529
vn 0.953789592 -0.209497705 0.215397641
vn 0.968958974 -0.11529512 0.218690753
vn 0.989645004 -0.0772035122 0.121005505
vn -0.994960308 0.10009601 -0.0058997646
vn -0.996734023 0.0789026991 0.0172005892
vn -0.995736003 0.0867031366 -0.0315011404
vn -0.496511489 0.733916998 0.463510722
vn -0.496511489 0.733916998 0.463510722
vn -0.496511489 0.733916998 0.463510722
vn 0.961795032 0.224698842 -0.15639919
vn 0.966026604 0.255006999 -0.0420011543
vn 0.926372647 0.314490706 -0.207193896
vn 0.975863338 0.196492612 -0.0952964202
vn 0.944679141 0.322292864 -0.0608986579
vn -0.0975999385 -0.138799921 0.985499382
vn -0.536405921 -0.0931010172 0.838809192
vn -0.438688934 -0.479087859 0.760280788
vn -0.809786797 0.111198179 0.576090574
vn -0.882019818 0.129002884 0.453210205
vn -0.898073852 0.0696979761 0.434287369
vn 0.5076015 -0.0259000789 0.861202538
vn 0.490302354 -0.0208001006 0.871304154
vn 0.490302354 -0.0208001006 0.871304154
vn -0.697281122 -0.713780642 0.0656982139
vn -0.649812579 -0.759614706 -0.0270005241
vn -0.597427309 -0.800436616 0.0488022305
vn -0.9958781 -0.0480989404 -0.0768983066
vn -0.99491322 -0.05560074 -0.0840011165
vn -0.996381402 -0.0441991761 -0.0725986436
vn 0.35910973 -0.144603923 0.922024965
vn 0.35910973 -0.144603923 0.922024965
vn 0.35910973 -0.144603923 0.922024965
vn -0.997872114 0.0376989469 -0.0531985126
vn -0.999254286 -0.000999954296 -0.0385982357
vn -0.995456815 0.0915960222 -0.0259988718
vn 0.852875829 -0.224493623 0.471386641
vn 0.834015429 -0.248504609 0.492609084
vn 0.874390721 -0.175698131 0.452295214
vn 0.198402166 0.299903274 -0.933110178
vn 0.131603092 0.313507348 -0.940422058
vn 0.193509743 0.301115155 -0.933747053
vn 0.319687188 0.791968286 -0.520179212
vn 0.36869967 0.712999344 -0.596399486
vn 0.388697445 0.71149534 -0.585396171
vn 0.011599523 0.0658972934 -0.997758985
vn 0.0911960602 0.0541976579 -0.994357049
vn 0.0441020578 0.0902042091 -0.99494642
vn 0.0856018066 0.106502242 -0.990620852
vn 0.0381984003 0.217290923 -0.975359201
vn 0.800699472 -0.538199663 0.263099819
vn 0.800699472 -0.538199663 0.263099819
vn 0.800699472 -0.538199663 0.263099819
vn -0.938506782 -0.0338002406 0.343602508
vn -0.883978426 0.318892211 0.341891646
vn -0.932009041 0.185101807 0.31160301
vn 0.379887968 0.924970686 -0.0106996605
vn 0.401995718 0.905590296 -0.13529855
vn 0.489777088 0.8575598 -0.157192633
vn 0.59098804 -0.0801983848 0.802683771
vn 0.582374275 -0.0922959223 0.807664275
vn 0.594808102 -0.100101367 0.797610819
vn 0.978969455 -0.203893647 -0.00679978821
vn 0.943577826 -0.23959437 0.228594616
vn 0.960750222 -0.26001358 0.0967050567
vn -0.337817311 0.938048124 -0.0771039575
vn -0.301600575 0.938101709 -0.17030032
vn -0.317495137 0.94768554 -0.0329994969
vn 0.0209003538 0.618110478 0.785813272
vn -0.0569988042 0.640686572 0.765683949
vn 0.106399029 0.473595649 0.874292016
vn -0.172798723 0.101699241 -0.979692698
vn -0.187203407 0.100001819 -0.977217734
vn -0.194602713 0.143601999 -0.970313549
vn 0.946266592 -0.173993841 -0.272590369
vn 0.967208147 -0.221601859 -0.124101043
vn 0.946094871 -0.175999045 -0.271898538
vn -0.138406307 -0.954343438 0.264712036
vn -0.138406307 -0.954343438 0.264712036
vn -0.138406307 -0.954343438 0.264712036
vn 0.115801729 -0.0816012248 -0.989914775
vn 0.0420994796 -0.0586992688 -0.997387588
vn 0.05700057 -0.140701398 -0.988409877
vn 0.661072791 0.613774776 0.431582272
vn 0.703820705 0.571216822 0.422312409
vn 0.661072791 0.613774776 0.431582272
vn 0.973790109 -0.131898656 -0.185298115
vn 0.991374791 -0.0236993972 -0.128896728
vn 0.985733032 -0.124104157 -0.113703817
vn -0.996811926 0.0322003849 0.0730008706
vn -0.993235648 0.0536019206 0.103003696
vn -0.97679317 -0.199398592 0.0781994462
vn -0.93837291 -0.195394367 0.285091788
vn -0.945861042 -0.138394296 0.293587893
vn -0.947972298 -0.182294667 0.260992378
vn 0.334804237 0.917711616 0.21380271
vn 0.332183927 0.930855036 0.152192637
vn 0.305386394 0.926158667 0.221290141
vn 0.353010774 -0.0784024075 -0.932328522
vn 0.395001858 -0.0843003914 -0.91480428
vn 0.361305118 -0.0517007373 -0.931013227
vn -0.972711861 -0.203302488 0.111801364
vn -0.961664617 -0.187093109 0.200492606
vn -0.976472974 -0.18029502 0.118296728
vn -0.093400605 0.115500748 -0.988906384
vn -0.0106001254 0.212002516 -0.977211595
vn 0.0179996341 0.0557988696 -0.99827981
vn 0.735888898 0.382094234 0.558991611
vn 0.735888898 0.382094234 0.558991611
vn 0.735888898 0.382094234 0.558991611
vn 0.744003832 -0.199801013 -0.637603223
vn 0.765321076 -0.190805256 -0.614717007
vn 0.764693856 -0.195898414 -0.613895059
vn -0.92803061 0.0643021241 0.366912127
vn -0.796797752 0.020499941 0.603898287
vn -0.904586613 0.0961985737 0.415293872
vn 0.989570379 -0.100296997 -0.1033969
vn 0.992286563 -0.0753989816 -0.0983986706
vn 0.993356526 -0.0310986396 -0.110795148
vn 0.29748863 0.929364443 -0.21859163
vn 0.262692243 0.959971666 -0.0971971303
vn 0.374187678 0.90127033 -0.218392804
vn 0.240787923 0.130593464 0.961751819
vn 0.243603587 0.130801916 0.961014152
vn 0.237688616 0.157092497 0.958554089
vn 0.617304504 0.724605322 0.306402236
vn 0.618100286 0.723800361 0.30670014
vn 0.619070113 0.722765148 0.307185203
vn 0.938128173 -0.181505457 0.294908881
vn 0.925919652 -0.0215004571 0.377108008
vn 0.884898424 -0.168599695 0.434199214
vn -0.312989026 0.0189993344 0.949566722
vn -0.334104389 0.0553007275 0.940912366
vn -0.370885581 -0.112295635 0.921864152
vn 0.183205888 0.257208258 0.948830545
vn 0.437788397 0.282092541 0.853677392
vn 0.353996813 0.231697902 0.906091809
vn -0.119399861 -0.754199088 0.645699203
vn -0.2340848 -0.704054296 0.670456409
vn -0.13570267 -0.776515245 0.615312099
vn 0.965802848 -0.0733002126 0.248700738
vn 0.924120247 -0.355607808 0.139803067
vn 0.98072803 -0.0982028022 0.168904811
vn 0.151903525 0.0918021277 -0.984122872
vn 0.149502888 0.0408007912 -0.987919152
vn 0.137304336 0.0526016615 -0.989131212
vn -0.411084741 -0.797670364 0.441283613
vn -0.436289042 -0.775180519 0.456888527
vn -0.424002141 -0.791203976 0.4407022
vn -0.197108313 -0.0493020788 0.979141295
vn -0.273488969 0.145794123 0.950761735
vn -0.27611205 0.112304904 0.954541683
vn -0.981276274 -0.00199995167 -0.192595348
vn -0.996104002 0.0327001326 -0.0819003284
vn -0.979386151 0.0867987722 0.18239744
vn 0.613577664 -0.785871387 -0.0769971982
vn 0.611265898 -0.781556427 -0.124593057
vn 0.612400651 -0.782400846 -0.113200128
vn -0.24960278 -0.849009454 0.465705216
vn -0.250391215 -0.84697026 0.468983561
vn -0.2518996 -0.847398698 0.467399299
vn 0.877844214 0.333578795 -0.343678147
vn 0.871475577 0.320890993 -0.370889604
vn 0.841810167 0.40920496 -0.35200426
vn 0.223495409 -0.947880507 0.227095336
vn 0.32741496 -0.923642278 0.199209124
vn 0.34639439 -0.888285637 0.301595151
vn 0.301388681 0.031998802 -0.952964246
vn 0.290787756 0.00729969284 -0.956759691
vn 0.287296593 0.0448994711 -0.956788719
vn -0.28938666 -0.946456313 0.143093392
vn -0.399684072 -0.908363819 0.122995101
vn -0.366606236 -0.930315793 0.0106001794
vn -0.977404714 -0.140300691 0.158100754
vn -0.955764651 -0.126395315 0.265590161
vn -0.980432391 0.0133004384 0.196406484
vn -0.94822222 0.190804467 0.253905922
vn -0.944685936 0.255696207 0.20539695
vn -0.976846278 0.131306216 0.168908
vn -0.996294558 -0.0621996596 -0.0593996756
vn -0.98775804 -0.15329349 -0.0288987719
vn -0.996672511 0.0527985431 -0.0620982908
vn -0.99790287 -0.0646001846 0.00410001213
vn -0.996589899 -0.00719992723 -0.0821991637
vn 0.394903004 0.845506489 0.359402746
vn 0.400598317 0.83139652 0.385098398
vn 0.39991644 0.83083421 0.387015939
vn 0.969372809 -0.171295196 -0.175995067
vn 0.953013301 -0.230803221 -0.196202725
vn 0.969348729 -0.149707526 -0.194809809
vn 0.309908301 0.0214005765 -0.950525582
vn 0.303799927 0.0252999961 -0.952399909
vn 0.302406251 0.0470009707 -0.952019691
vn 0.335900635 -0.0192000363 -0.94170171
vn 0.308497488 -0.0158998705 -0.951092243
vn -0.981824219 -0.134303302 -0.134103313
vn -0.981781363 -0.132497475 -0.136197418
vn -0.981583893 -0.130297869 -0.139697716
vn 0.638588965 0.0614989437 0.767086744
vn 0.630367339 0.0145992432 0.776159763
vn 0.639304399 0.0151001057 0.768805385
vn -0.201902956 -0.169002473 -0.96471411
vn -0.210499957 -0.123199962 -0.969799757
vn -0.221809119 -0.121905021 -0.96743983
vn -0.189392909 -0.103196144 -0.976463437
vn -0.205009088 -0.160307109 -0.965542793
vn 0.32838127 0.654462695 0.681061149
vn 0.425885677 0.697676539 0.57608062
vn 0.363287717 0.75297457 0.548681438
vn -0.996371508 0.00439987425 0.084997572
vn -0.990965009 0.110096112 -0.0765972957
vn -0.998847008 -0.000600028317 -0.0480022617
vn -0.114305712 -0.0138006909 -0.993349731
vn -0.126003772 0.000400011952 -0.992029667
vn -0.0734969899 0.00849965308 -0.997259259
vn -0.998497367 0.0189999491 0.0513998643
vn -0.992706001 -0.0578003488 0.105800644
vn -0.998688281 0.0421995036 0.0289996583
vn -0.354603082 -0.904007852 -0.238802075
vn -0.354603082 -0.904007852 -0.238802075
vn -0.354603082 -0.904007852 -0.238802075
vn -0.999697924 -0.0042999913 0.0241999496
vn -0.999562919 -0.0128995217 0.0265990142
vn -0.999103189 -0.0386001244 0.0174000561
vn 0.309886068 -0.319285631 0.895559788
vn 0.30029434 -0.503090441 0.810384691
vn 0.306298852 -0.365198642 0.879096687
vn -0.00359992823 0.0860982835 -0.996280134
vn 0.119595535 0.0939964876 -0.988363087
vn 0.0672029853 0.0903040245 -0.993644238
vn -0.08290077 0.961308956 0.262702435
vn -0.139500812 0.95550549 0.259901494
vn -0.0339013934 0.95933944 0.280211538
vn -0.347393543 -0.176896706 0.920882821
vn -0.368399203 0.0619998612 0.927598
vn -0.384796232 -0.171698332 0.906891167
vn 0.281092107 -0.37618944 0.882875204
vn 0.130303547 -0.421911508 0.897224426
vn 0.402080745 -0.281186521 0.871358275
vn 0.0960947946 0.871452808 -0.480973959
vn 0.154499844 0.818799138 -0.55289942
vn 0.0242006518 0.875223517 -0.483112991
vn 0.388419598 -0.918546379 -0.0735037103
vn 0.284903347 -0.957011282 -0.0544006415
vn 0.235297084 -0.948588192 -0.21169737
vn 0.997997582 -0.0369999111 0.0512998737
vn 0.983439147 -0.0257010218 0.17940715
vn 0.982790828 -0.0514995158 0.177398324
vn 0.996761739 0.0106995897 0.0796969458
vn 0.983493924 -0.0139999148 0.180398881
vn -0.998454571 -0.0372983068 0.041198127
vn -0.998992145 -0.0349997245 0.028099779
vn -0.998183072 -0.0532990955 0.0280995239
vn -0.408406556 -0.847513676 0.33900544
vn -0.390100926 -0.849502027 0.355200857
vn -0.499387026 -0.828678489 0.252793431
vn 0.498911262 0.096002169 0.861319423
vn 0.448613703 0.119303651 0.885727108
vn 0.469691217 0.0337993652 0.882183492
vn -0.883043706 -0.341978222 0.321379513
vn -0.920879185 -0.291293412 0.259094149
vn -0.902169764 -0.351488233 0.250091612
vn 0.662509501 -0.00800011493 -0.749010742
vn 0.635114193 0.00120002695 -0.772417307
vn 0.666018009 -0.00480013015 -0.745920181
vn -0.991999447 0.0909999534 0.0874999464
vn -0.998548329 0.0476023033 -0.0252012201
vn -0.989540279 0.127805203 0.0669027269
vn -0.987987876 0.1544981 -0.00319996057
vn -0.987023711 0.0844020247 0.136603296
vn -0.998681247 -0.0509990416 0.00589988893
vn -0.990942895 0.124905407 -0.0493021347
vn 0.959889174 -0.141598389 0.241997257
vn 0.959889174 -0.141598389 0.241997257
vn 0.959889174 -0.141598389 0.241997257
vn 0.0639976859 0.382186174 0.921866596
vn -0.0516010337 0.316706359 0.947118938
vn -0.009199786 0.348191857 0.937378109
vn -0.953809559 0.296102941 -0.0507005081
vn -0.996720612 0.0774016008 0.0236004889
vn -0.953078508 0.302493185 -0.0117997341
vn 0.840779603 0.541286886 0.00989975967
vn 0.858804822 0.512302935 0.000100000558
vn 0.877695978 0.476897806 0.0470997877
vn 0.990613222 -0.0387005173 0.131101757
vn 0.998044848 -0.0585026257 0.0220009871
vn 0.995867968 -0.0794974416 0.0438985899
vn -0.99952054 -0.00940019265 -0.0295006074
vn -0.995573759 0.00849977694 -0.0935975313
vn -0.997858942 -0.0653973073 -0.000799967092
vn 0.0318995267 0.0947985947 0.994985223
vn 0.0318995267 0.0947985947 0.994985223
vn 0.0318995267 0.0947985947 0.994985223
vn 0.612607598 -0.219802707 0.759209335
vn 0.563097835 -0.108799584 0.81919688
vn 0.573818564 -0.229307413 0.786225379
vn 0.947652876 -0.296416551 0.118706621
vn 0.920384109 -0.390493274 0.020199649
vn 0.937056959 -0.337984473 -0.0876959786
vn -0.585992515 -0.809489548 -0.036599528
vn -0.610608816 -0.79171145 -0.01870027
vn -0.489919662 -0.868134856 -0.0795031935
vn -0.15049921 -0.0150999203 0.988494813
vn -0.2309113 -0.0596029125 0.971147478
vn -0.0664027259 -0.0265010875 0.997440934
vn 0.96896255 -0.0923964307 -0.229291141
vn 0.96896255 -0.0923964307 -0.229291141
vn 0.96896255 -0.0923964307 -0.229291141
vn -0.84071523 -0.306605577 0.446308106
vn -0.767623842 -0.198706165 0.609318912
vn -0.851218522 -0.16160351 0.499310881
vn 0.0880988091 0.995686591 0.0290996097
vn 0.165299848 0.985799074 0.0295999721
vn 0.0448018461 0.990940869 -0.126605228
vn 0.641821146 -0.765625238 -0.0434014313
vn 0.672157228 -0.730653465 0.119792365
vn 0.762922823 -0.618518472 0.188105613
vn 0.495900214 0.86400038 0.0871000364
vn 0.514600873 0.856901407 0.0301000495
vn 0.469893217 0.876787305 0.102198519
vn 0.933725774 0.261107206 0.244906768
vn 0.928299308 0.243399799 0.281099796
vn 0.944040179 0.219809353 0.245910466
vn 0.69110173 -0.0150000378 -0.722601831
vn 0.686914504 -0.0180003792 -0.726515293
vn 0.70078367 0.0235994533 -0.712983429
vn -0.785328686 0.617322505 0.0466017015
vn -0.801797271 0.594297945 0.0626997948
vn -0.778578937 0.626383066 0.0381989665
vn 0.904042065 -0.187308714 0.384217888
vn 0.842346787 -0.049802769 0.536629796
vn 0.904822052 -0.232805684 0.356508702
vn -0.726195693 0.0963994265 -0.680695951
vn -0.732313097 0.0623011142 -0.678112149
vn -0.733295202 0.128299162 -0.667695642
vn -0.994407535 0.0242001824 -0.102800772
vn -0.995712399 0.000700008706 -0.092501156
vn -0.997871041 0.0390988663 0.0521984883
vn -0.401395202 0.908089161 -0.119398572
vn -0.401395202 0.908089161 -0.119398572
vn -0.401395202 0.908089161 -0.119398572
vn -0.992528975 0.0556016192 0.108603165
vn -0.999418139 0.0341006182 0.000800014473
vn -0.99789834 0.0340999439 0.0550999083
vn -0.997992992 0.0510996431 0.0373997353
vn -0.997595966 0.0567997694 0.0396998413
vn -0.36980918 -0.917722762 0.145003587
vn -0.382697612 -0.922294199 0.0539996624
vn -0.298605561 -0.900716782 0.315505892
vn -0.987516522 -0.119601995 0.102501713
vn -0.969282508 -0.212696165 0.123497769
vn -0.964784563 -0.200896785 0.169797286
vn -0.998576283 -0.0104997503 0.0522987545
vn -0.999919295 -0.000500009686 -0.0127002448
vn -0.998309612 -0.0234002247 0.0532005094
vn 0.98050034 -0.0428000167 -0.191800073
vn 0.990336299 0.101503715 -0.0945034623
vn 0.996635258 -0.068702437 0.0447015837
vn -0.986412525 -0.00530006737 0.164202079
vn -0.988101602 0.0882001445 0.126000211
vn -0.992528081 -0.00180005084 0.122003451
vn -0.997423768 -0.0452010781 0.0557013266
vn -0.997252047 -0.0303015821 0.067603521
vn 0.764190912 -0.486394256 0.423594952
vn 0.782812893 -0.452907443 0.426707
vn 0.791128099 -0.460716337 0.402314276
vn -0.95807457 0.214994282 -0.189394981
vn -0.95807457 0.214994282 -0.189394981
vn -0.958287597 0.213597223 -0.189897537
vn -0.998732269 -0.00370011944 0.0502016246
vn -0.997208774 0.00830007344 0.0742006451
vn -0.999764979 -0.0198993031 0.00859969854
vn -0.917650938 -0.380321115 0.115206398
vn -0.920571983 -0.389388144 -0.0303990748
vn -0.868094742 -0.386497676 -0.311498135
vn 0.409298569 0.00259999069 -0.912396789
vn 0.35839808 0.147799209 -0.92179507
vn 0.456975967 0.0584969297 -0.887553394
vn 0.407708347 0.199204087 -0.891118228
vn 0.402996421 0.149598673 -0.902891994
vn -0.189203933 0.137802869 -0.972220242
vn -0.220506683 0.0585017689 -0.973629415
vn -0.202603042 0.140602112 -0.969114542
vn 0.21899724 -0.111898586 0.969287753
vn 0.305785358 -0.0667967945 0.949754536
vn 0.253106028 -0.0974023119 0.962522864
vn -0.960398793 -0.157999814 -0.229499713
vn -0.988643765 -0.139006153 -0.0571025275
vn -0.971183121 -0.218496218 -0.0951983482
vn 0.771674693 -0.332989067 0.541882217
vn 0.82400614 -0.266101986 0.500203669
vn 0.780811965 -0.336805165 0.526208103
vn -0.640281618 0.738278866 0.21209392
vn -0.596823275 0.788130701 0.150505856
vn -0.602073371 0.783665299 0.15289323
vn 0.958050549 0.170709014 -0.230212137
vn 0.968999565 0.132699937 -0.208399907
vn 0.966163039 0.135794804 -0.219291613
vn -0.134000748 -0.860104799 -0.492202759
vn -0.129196227 -0.855875075 -0.50078547
vn -0.13480106 -0.861006737 -0.490403831
vn 0.24979642 0.685190141 0.684190154
vn 0.199887931 0.760454118 0.617862701
vn 0.108500034 0.660100281 0.743300319
vn 0.98512429 -0.165404081 0.0466011502
vn 0.992670178 -0.119596407 0.0173994787
vn 0.98501879 -0.166003168 0.0467008911
vn -0.997460485 -0.0621975325 -0.0346986242
vn -0.997143686 -0.0640028045 -0.0401017554
vn -0.996623516 -0.0676015913 -0.046601098
vn 0.141895846 0.00459986506 -0.989870965
vn 0.0946006849 0.0285002086 -0.995107293
vn 0.220490605 0.107395425 -0.969458699
vn -0.853581071 -0.0516988486 0.51838851
vn -0.848882735 -0.0759984553 0.523089349
vn -0.865099728 -0.000199999922 0.501599848
vn 0.918917418 -0.352706701 0.176603332
vn 0.889996231 -0.426598221 0.160999313
vn 0.920209706 -0.368603915 0.13170138
vn 0.485591173 -0.873284161 0.0396992788
vn 0.485591173 -0.873284161 0.0396992788
vn 0.485591173 -0.873284161 0.0396992788
vn -0.987365484 -0.15779449 0.0144994929
vn -0.995214343 0.00170002459 0.0977014154
vn -0.999665856 -0.025799118 0.00159994524
vn 0.766911685 -0.639609754 0.0524007976
vn 0.836864471 -0.528077602 0.144193873
vn 0.725397289 -0.664997578 0.177699342
vn -0.282802731 -0.955709279 0.0815007985
vn -0.345700324 -0.938100874 -0.0214000214
vn -0.232097596 -0.972689986 -0.0021999774
vn -0.396708518 0.912719607 0.0978021026
vn -0.399711311 0.908525765 0.121703453
vn -0.396708518 0.912719607 0.0978021026
vn -0.188901693 0.204301849 -0.960508645
vn -0.186297879 0.225397438 -0.956289172
vn -0.141396999 0.213395491 -0.966679513
vn -0.161795557 -0.0384989455 -0.986073017
vn -0.177999154 -0.0911995694 -0.979795337
vn -0.18319352 -0.0793971941 -0.979865372
vn -0.971360385 -0.0208991468 -0.236690342
vn -0.971360385 -0.0208991468 -0.236690342
vn -0.971360385 -0.0208991468 -0.236690342
vn -0.305986494 0.946958244 0.0981956646
vn -0.372212529 0.90743053 0.195006549
vn -0.368896872 0.910792232 0.185398415
vn -0.994582474 0.061098922 0.0840985253
vn -0.997200489 0.0680000409 0.0311000142
vn -0.998293102 -0.0139999036 -0.0566996038
vn 0.347294241 0.026399564 0.937384486
vn 0.323494554 0.0422992855 0.945284069
vn 0.337802112 -0.00460002897 0.941205919
vn -0.0354987122 -0.031798847 -0.998863697
vn -0.00860008691 -0.0103001036 -0.999909997
vn 0.00490019238 -0.0223008748 -0.99973923
vn -0.996507227 -0.0760005489 -0.0346002541
vn -0.996668398 -0.0467985161 -0.0667978823
vn -0.995873868 -0.0897976458 -0.0130996564
vn -0.742281795 -0.594385445 -0.309392393
vn -0.734381497 -0.601584852 -0.314292073
vn -0.741429031 -0.601423562 -0.297611654
vn -0.733818114 -0.679316759 -0.00630015554
vn -0.757733464 -0.652528763 -0.00680029998
vn -0.747815371 -0.662913561 -0.0363007449
vn -0.993514538 0.113501661 0.00680009974
vn -0.999664903 -0.0186993442 -0.0178993717
vn -0.999990821 0.00349996798 -0.00249997689
vn -0.998625159 0.0228005741 -0.0472011901
vn -0.999272764 0.0365990028 -0.0106997089
vn -0.999369323 0.0350989215 -0.00539983436
vn 0.371594131 0.817887127 0.439293087
vn 0.392895103 0.800890028 0.451894403
vn 0.421695441 0.818391204 0.390395761
vn -0.288710207 0.0334011763 0.95683372
vn -0.318803608 0.0849009603 0.944010675
vn -0.268907189 -0.0256006848 0.962825775
vn -0.990332782 -0.082102716 -0.111803696
vn -0.984978855 -0.168096393 -0.0394991525
vn -0.976308107 -0.184901536 -0.112400934
vn 0.603881896 0.779276609 0.167494982
vn 0.619396329 0.752295494 0.224498644
vn 0.601119339 0.765524566 0.229407355
vn 0.606402993 0.779503822 0.15700078
vn 0.688603163 0.719803333 0.0878004134
vn 0.442886829 -0.184094533 0.87747395
vn 0.248390019 -0.103995822 0.963061333
vn 0.219595566 -0.202795893 0.954280674
vn 0.904427469 0.426212966 0.0188005697
vn 0.904908717 0.425504088 -0.00930008944
vn 0.915997922 0.399999082 -0.0307999309
vn -0.366290838 -0.0203994904 0.930276752
vn -0.412895501 0.0892990232 0.906390131
vn -0.415103674 0.0880007744 0.905507982
vn -0.999788463 -0.0202997662 -0.0032999618
vn -0.96311152 -0.239602864 0.122501463
vn -0.977979362 -0.20079577 0.0568987988
vn -0.922651768 0.20618923 0.325882971
vn -0.922074199 0.224293724 0.315391183
vn -0.927822471 0.190504611 0.320707768
vn 0.510920405 -0.784831285 0.350713968
vn 0.510920405 -0.784831285 0.350713968
vn 0.510920405 -0.784831285 0.350713968
vn 0.802652955 -0.413675785 0.429674834
vn 0.802598357 -0.414999157 0.428499103
vn 0.802977324 -0.409888446 0.432687789
vn 0.102205485 -0.0692037195 -0.992353261
vn 0.0997984856 -0.0774988234 -0.991984963
vn 0.113302067 -0.111202024 -0.987317979
vn -0.496406585 -0.850411236 -0.17430231
vn -0.470476508 -0.877656162 -0.091495432
vn -0.554418981 -0.826728225 -0.0956032723
vn 0.85599196 -0.0899991542 0.509095252
vn 0.827991605 -0.00719992677 0.560694337
vn 0.800943315 -0.0853046179 0.592632055
vn 0.969762564 -0.195192456 0.146494359
vn 0.964975715 -0.175495595 0.19499509
vn 0.969020188 -0.211404413 0.127702668
vn -0.417503774 0.868807852 0.26620242
vn -0.421677351 0.861653686 0.282384843
vn -0.431984514 0.855769336 0.284689814
vn 0.895923793 -0.364209682 -0.254306763
vn 0.895637393 -0.368615389 -0.248910367
vn 0.897070646 -0.357888281 -0.259191543
vn -0.977698624 0.20119971 -0.0601999126
vn -0.989141226 0.0569023713 -0.135505646
vn -0.910767615 0.350687534 0.217992246
vn -0.892546475 0.398076117 0.211887285
vn -0.881293654 0.359097421 0.307197839
vn -0.872097492 0.326699078 0.36429897
vn -0.174205914 0.117003977 -0.977733254
vn -0.134702921 0.0929020047 -0.986521363
vn -0.140195444 0.0710976794 -0.987567902
vn -0.823795736 -0.120199367 0.553997159
vn -0.817299306 0.456199616 0.35199967
vn -0.88442868 -0.322710454 0.337110937
vn -0.986488283 0.163198054 0.0143998284
vn -0.986488283 0.163198054 0.0143998284
vn -0.986488283 0.163198054 0.0143998284
vn 0.991296053 -0.0403998382 -0.125299498
vn 0.985079706 0.000799983507 -0.172096461
vn 0.990359306 -0.0183992442 -0.137294352
vn -0.987163126 0.126195282 0.097896345
vn -0.976324558 0.186604694 0.109402753
vn -0.986249924 0.128193483 0.104294702
vn 0.734724224 0.615820289 0.284509361
vn 0.602194607 -0.545095086 0.583294809
vn 0.534191787 -0.269995838 0.801087677
vn 0.994480729 0.0835983828 0.0633987784
vn 0.999022007 0.0103002265 0.0430009477
vn 0.992374003 0.122596793 0.0127996644
vn 0.931478441 -0.129696995 -0.339892119
vn 0.935397387 -0.105799712 -0.337399036
vn 0.864587665 -0.0897987187 -0.494392931
vn -0.735583365 -0.412990659 -0.536987841
vn -0.963984907 -0.21229668 -0.160197496
vn -0.912005484 -0.377302259 -0.160900965
vn -0.898623109 -0.229005903 -0.374209642
vn -0.903977334 -0.237594053 -0.355491102
vn -0.909449458 -0.244986385 -0.335981339
vn -0.723904788 0.335902214 -0.602603972
vn -0.720508754 0.341004133 -0.60380733
vn -0.725904226 0.330101907 -0.603403509
vn 0.919492602 0.38199693 -0.0927992538
vn 0.944091618 0.123698905 0.305597275
vn 0.955492079 0.143798813 0.257597864
vn 0.841516554 0.277505457 0.463509083
vn 0.841516554 0.277505457 0.463509083
vn 0.841516554 0.277505457 0.463509083
vn -0.941390872 0.170598343 0.290997177
vn -0.943322361 0.161903828 0.289706856
vn -0.943046689 0.150607452 0.296614677
vn -0.765405595 0.643304706 -0.0177001283
vn -0.965999901 -0.187699974 0.17779997
vn -0.767793596 -0.554195404 0.321497321
vn -0.994177699 -0.0798982009 -0.0722983778
vn -0.998833597 -0.0371012464 -0.030901039
vn -0.996429622 -0.0499014817 -0.0681020245
vn 0.982374191 -0.186595097 0.0110997083
vn 0.993773162 -0.0985973403 0.0518985987
vn 0.980971813 -0.190494537 0.0374989249
vn -0.966563225 0.156294048 0.203292266
vn -0.971386373 0.0629991144 0.228996783
vn -0.982528269 0.177105099 0.0572016463
vn 0.762777925 0.340290159 0.549884081
vn 0.770808995 0.338003933 0.54000634
vn 0.777907908 0.335203409 0.531505406
vn 0.523720562 -0.722328365 0.451617718
vn 0.628970981 -0.769464493 0.110994875
vn 0.497709572 -0.864316642 -0.0724013969
vn -0.965626717 -0.259107143 -0.0207005721
vn -0.976354659 -0.212290138 -0.0407981053
vn -0.987815022 -0.148302257 -0.0472007208
vn 0.990892291 0.0319997519 0.130798981
vn 0.991640687 0.0335013755 0.124605127
vn 0.993893325 0.0813994482 0.0744995028
vn 0.897580326 0.359692097 -0.254894406
vn 0.897580326 0.359692097 -0.254894406
vn 0.897580326 0.359692097 -0.254894406
vn -0.0579005443 -0.246902347 -0.967309117
vn -0.0173004121 -0.227505416 -0.973623097
vn 0.0438022316 -0.238112137 -0.970249474
vn 0.202395767 0.908181012 0.366392314
vn 0.25559321 0.902676046 0.34619081
vn 0.174005032 0.919526637 0.352410227
vn 0.359313756 0.181306958 -0.915435135
vn 0.309403509 0.153801739 -0.93841058
vn 0.294505417 0.219004005 -0.930217028
vn 0.981620193 -0.177503645 -0.0701014474
vn 0.981522799 -0.177804127 -0.0707016364
vn 0.981522799 -0.177804127 -0.0707016364
vn 0.43258217 -0.282888383 0.856064796
vn 0.43270123 -0.28380084 0.85570246
vn 0.432688773 -0.283592641 0.8557778
vn 0.342188925 -0.220592856 0.91337043
vn 0.368911356 -0.244507521 0.896727622
vn 0.449081272 -0.319886684 0.834265232
vn -0.00969951134 -0.037498109 -0.999249637
vn 0.0332991183 -0.124396697 -0.991673648
vn -0.0125994319 -0.0415981226 -0.999054968
vn 0.955477059 -0.103297517 0.276393354
vn 0.953042448 -0.107504785 0.283112615
vn 0.954576254 -0.106997341 0.2780931
vn -0.994317591 -0.0880015492 -0.0599010587
vn -0.989804506 -0.095800437 -0.105400488
vn -0.984155416 -0.146693349 -0.0995954946
vn -0.998078823 -0.00269994279 -0.0618986897
vn -0.998863816 -0.00949965604 -0.0466983095
vn -0.999138355 -0.000400015328 -0.0415015928
vn 0.961183429 -0.0942983776 0.259295523
vn 0.949417114 -0.0448008068 0.310805589
vn 0.947298348 -0.0887998417 0.307799459
vn -0.632273614 0.0271988623 -0.774267614
vn -0.627423227 0.0491018184 -0.777128816
vn -0.616885781 0.016399622 -0.786881804
vn 0.0435006134 0.958013535 0.283404022
vn 0.0911036357 0.948237836 0.304212153
vn 0.036001265 0.956133544 0.290710181
vn -0.976596475 -0.128599539 0.172399387
vn -0.983243883 -0.156006962 0.0943042114
vn -0.957471311 -0.232693031 0.170594886
vn -0.347709507 0.0884024128 -0.933425486
vn -0.356894761 0.0171997473 -0.933986247
vn -0.370398998 0.0573998466 -0.927097499
vn -0.972776055 0.105197407 0.206494898
vn -0.976093292 0.0578996018 0.209498554
vn -0.993329406 0.054901626 0.101403005
vn -0.986116946 0.0472008102 0.159202725
vn -0.985268652 0.0507983826 0.163294792
vn -0.982558608 0.0628973469 0.174992621
vn -0.962309062 -0.0657006204 0.263902515
vn -0.952972293 -0.1444958 0.266392261
vn -0.981181443 -0.101598077 0.164196894
vn 0.20359695 -0.965085506 0.16479753
vn 0.37030378 -0.928909481 -0.00150001526
vn 0.322103739 -0.891910374 0.317403704
vn 0.451298535 -0.887597144 0.0921997055
vn 0.405602962 -0.910706639 0.0781005695
vn 0.452489644 -0.886379778 0.0978977755
vn 0.877064884 -0.220291197 0.426882893
vn 0.885099292 -0.123199902 0.44879964
vn 0.880186915 -0.172697425 0.442093402
vn 0.970778108 -0.151396587 -0.186195806
vn 0.970804155 -0.151100636 -0.186300784
vn 0.970815301 -0.15090239 -0.186402932
vn 0.691315114 -0.0593013056 0.720115781
vn 0.674081862 -0.0811978132 0.734180212
vn 0.679633915 -0.0642031953 0.730736434
vn -0.383480996 0.492675602 -0.781161308
vn -0.414490014 0.442589343 -0.795180857
vn -0.426595688 0.463595331 -0.776592135
vn -0.311705232 -0.0327005498 -0.949615955
vn -0.324301213 -0.0401001535 -0.945103586
vn -0.344306171 -0.0826014802 -0.935216725
vn 0.670382202 0.741780281 -0.0186995026
vn 0.689816356 0.710416853 0.13950333
vn 0.648393273 0.755292118 0.0954990014
vn -0.986587822 -0.0463994294 0.156498075
vn -0.996743679 -0.0583025552 -0.0557024442
vn -0.998090446 -0.0478995405 0.0389996283
vn 0.157504663 -0.101102993 -0.982329071
vn 0.221611962 -0.0652035251 -0.972952545
vn 0.139603406 -0.0594014563 -0.988424182
vn 0.972534478 -0.232508242 -0.0108003831
vn 0.937119544 -0.332006931 0.107602246
vn 0.938255548 -0.331684291 -0.0982953385
vn -0.412418932 -0.898341238 -0.151306942
vn -0.448208719 -0.881117165 -0.15080294
vn -0.437811881 -0.892724216 -0.106602892
vn -0.215396672 -0.143097788 0.965985119
vn -0.184895843 -0.240094587 0.952978551
vn -0.227907091 -0.126503929 0.965430021
vn -0.997354507 0.0519976281 -0.050797686
vn -0.993577421 0.111697458 -0.0180995893
vn -0.99940896 0.0325002894 -0.0112001002
vn 0.988879681 -0.0231995229 0.146896973
vn 0.983863354 -0.0910966098 0.153994262
vn 0.983347476 -0.128706217 0.128306195
vn 0.710895598 0.639496088 -0.292698175
vn 0.669192553 0.635092914 -0.385795742
vn 0.734632969 0.554524839 -0.39091754
vn 0.244804099 0.628110468 -0.738612354
vn 0.378902793 0.604404449 -0.700805187
vn 0.247002512 0.696207106 -0.674006879
vn 0.5894081 0.110001519 -0.800311029
vn 0.595781863 0.0766976699 -0.79947567
vn 0.652867258 0.0461976863 -0.75606215
vn -0.932717681 -0.344706535 0.105902001
vn -0.928604901 -0.312301636 0.200401053
vn -0.962746203 -0.25151208 0.0993047655
vn 0.805041194 0.0185009465 -0.592930317
vn 0.846740663 0.0470022559 -0.529925466
vn 0.802387536 -0.264495909 -0.534991682
vn -0.399583131 0.390283495 0.829464972
vn -0.419598162 0.352198482 0.83659637
vn -0.414383918 0.371185571 0.830967665
vn 0.181205913 0.0285009313 -0.983032107
vn 0.142599285 0.0129999351 -0.989695072
vn 0.162692145 0.0529974401 -0.98525244
vn -0.384891242 0.837680936 0.387491167
vn -0.445304483 0.829008281 0.338303357
vn -0.368909746 0.853722572 0.367509723
vn -0.9339059 0.0415002592 0.355102241
vn -0.991116643 0.0368006155 0.127802148
vn -0.935575545 0.0839978009 0.342991024
vn 0.0648971498 0.0475979038 -0.996756136
vn 0.0711965188 0.0847958475 -0.993851423
vn 0.0589014031 0.0536012799 -0.996823788
vn -0.998849988 0.0342017151 0.0336016826
vn -0.998806477 0.0440002866 0.0212001372
vn -0.999049485 0.0369018242 0.023201149
vn 0.9819718 0.183494747 -0.0453986973
vn 0.939906776 0.335302413 -0.0644004643
vn 0.94558084 0.322493464 -0.0432991236
vn -0.990743339 0.0821035877 -0.108104728
vn -0.999768436 -0.011799627 -0.0179994311
vn -0.991895258 0.115199447 -0.0535997413
vn -0.553570569 -0.816556633 -0.163691297
vn -0.608801842 -0.77380234 -0.174900517
vn -0.631287813 -0.760885358 -0.150097102
vn 0.890018642 -0.301606327 0.341907144
vn 0.85171932 -0.340007722 0.398709029
vn 0.896750152 -0.261214614 0.357219964
vn -0.494982868 0.0593979433 -0.866870046
vn -0.485290319 -0.0110997781 -0.874282598
vn -0.480188251 0.0415989831 -0.876178563
vn -0.974787951 0.135998324 0.176897809
vn -0.963120937 0.191804171 0.188704103
vn -0.967252195 0.10580571 0.230712444
vn 0.893605888 0.112200744 -0.434602857
vn 0.829775751 0.114696644 -0.546184003
vn 0.863887966 -0.059199173 -0.500193
vn -0.0993969217 0.299290717 -0.948970616
vn -0.162992492 0.108395003 -0.980654836
vn -0.0504981689 0.142094851 -0.988564134
vn 0.754699409 0.225499809 0.616099536
vn 0.761002064 0.239300653 0.603001595
vn 0.765017986 0.262206167 0.588213801
vn 0.999522209 0.0223004948 0.0214004777
vn 0.992349029 0.0510973781 0.112394229
vn 0.996219575 -0.0659012944 0.0566011108
vn 0.871030271 -0.281009763 0.402914017
vn 0.869369149 -0.287689775 0.401785761
vn 0.871641159 -0.278813183 0.403119057
vn 0.514282882 -0.511382937 0.688477039
vn 0.564385593 -0.539086223 0.625184
vn 0.581506789 -0.577406764 0.573106706
vn 0.560295045 -0.762593269 0.323297143
vn 0.614318848 -0.741422772 0.270008296
vn 0.65242517 -0.699126959 0.292511255
vn -0.999257624 0.0256989095 -0.0286987815
vn -0.999656796 0.00599974114 -0.0254988968
vn -0.998697996 -0.0509998947 0.00109999767
vn -0.63778764 -0.717086196 0.281094581
vn -0.633420587 -0.723023474 0.275708944
vn -0.636187375 -0.719285667 0.279094458
vn 0.994614184 0.0937013328 0.0443006344
vn 0.994699836 0.0924999863 0.0448999926
vn 0.994556904 0.0944959 0.0438981019
vn 0.994443715 0.0816035867 -0.0665029213
vn 0.992137015 0.121204525 0.0312011633
vn 0.98835516 0.116994686 0.0972955897
vn -0.307891876 -0.264293015 -0.913975835
vn -0.291001856 -0.262501657 -0.920005858
vn -0.129102737 -0.379308045 -0.916219413
vn -0.872522652 0.141903684 0.467512131
vn -0.877591848 0.120198876 0.464095682
vn -0.913084626 0.100098312 0.395293325
vn -0.868493617 0.207898483 0.44999668
vn -0.875406384 0.178801298 0.449103266
vn -0.856558144 0.201990142 0.474876821
vn -0.249594718 -0.0267994311 -0.967979491
vn -0.184191808 -0.0676969811 -0.980556309
vn -0.209895939 -0.0865983218 -0.973881125
vn -0.68009156 0.110898621 -0.724690974
vn -0.618213832 0.164903685 -0.768517137
vn -0.608827591 0.138406292 -0.78113544
vn -0.998921871 -0.0275006015 -0.0374008194
vn -0.995412409 0.0875010863 -0.0387004837
vn -0.99986732 0.0160994753 0.00249991822
vn -0.990905762 -0.00650003785 -0.134400785
vn -0.990380704 -0.00689986534 -0.138197318
vn -0.991350651 -0.00619969144 -0.131093472
vn -0.999066532 -0.03699876 -0.0222992506
vn -0.999005854 -0.0357002094 -0.0267001558
vn -0.999103069 -0.0416001268 -0.00790002383
vn -0.991841674 -0.115704857 0.0535022467
vn -0.992057383 -0.113795109 0.0535976961
vn -0.991866291 -0.115496069 0.0534981787
vn -0.0424984321 -0.195592791 0.979763865
vn 0.0554977581 -0.190792277 0.980060339
vn 0.011999446 -0.187691346 0.982154727
vn 0.799468875 0.591776967 0.103195988
vn 0.834489465 0.477093965 0.275696516
vn 0.710077405 0.657679081 0.251491994
vn 0.0755988061 0.844186664 0.530691624
vn 0.166299075 0.792695582 0.58649677
vn -0.0719012693 0.835014641 0.545509577
vn 0.59220022 -0.140200064 0.793500364
vn 0.517507553 -0.208403036 0.829912126
vn 0.511581779 -0.232891679 0.827070475
vn 0.969756067 -0.0739966482 -0.232589453
vn 0.984952509 -0.0695966408 -0.158192366
vn 0.974376619 -0.128796905 -0.184395581
vn 0.282691836 -0.756778121 0.589382946
vn 0.183099732 -0.832998753 0.522099197
vn 0.209396333 -0.802785933 0.558290243
vn 0.415423691 -0.805646002 0.422324121
vn 0.373494595 -0.833287954 0.407594115
vn 0.323687434 -0.937163651 0.130194947
vn -0.914321065 0.399409175 0.0670015439
vn -0.908486664 0.412393957 0.0676990077
vn -0.910770893 0.40518707 0.0794974566
vn -0.996265709 0.0644977763 0.0573980249
vn -0.997985363 0.0548991971 -0.0317995325
vn -0.990485072 0.126498088 -0.0541991852
vn -0.958309174 0.218602106 0.184001759
vn -0.952567875 0.253291488 0.168694302
vn -0.956380427 0.239195094 0.16769655
vn -0.976385832 0.205897003 0.0653990507
vn -0.977314591 0.200203001 0.0691010356
vn -0.977999151 0.195899829 0.0716999397
vn -0.985383391 0.0386993438 0.165897205
vn -0.989227533 -0.0917025506 0.114103183
vn -0.987250566 0.0960951895 0.126893654
vn -0.959606886 -0.0190001354 0.280702025
vn -0.967266023 0.00609978521 0.253691077
vn -0.977527499 -0.0010000281 0.210805938
vn -0.994761407 -0.0593976974 0.0831967741
vn -0.999923825 0.0112002669 0.00520012388
vn -0.998096287 -0.0268999022 0.0554997958
vn -0.0931986123 0.184597239 -0.978385389
vn -0.0865030661 0.175706223 -0.980634809
vn -0.0892008394 0.172801629 -0.980909228
vn 0.810092807 -0.27689752 0.516795397
vn 0.816114485 -0.252704471 0.519709229
vn 0.807100117 -0.297300071 0.510100067
vn 0.0319986716 0.186892226 0.981859148
vn 0.0859974697 0.152395502 0.98457098
vn -0.0179993771 0.145694971 0.989165843
vn -0.0351009369 0.330008805 0.943325102
vn 0.06669797 0.347589463 0.935271561
vn 0.00299996277 0.314996064 0.949088216
vn 0.000499992806 -0.178797409 -0.983885765
vn -0.037200857 -0.1430033 -0.989022851
vn -0.0337016396 -0.135906622 -0.990148246
vn -0.695116043 0.718516588 -0.0234005395
vn -0.717232883 0.696531951 -0.0205009412
vn -0.705529928 0.707830012 -0.0347014703
vn -0.978931963 -0.124804065 0.161605269
vn -0.992455125 -0.0862960964 0.0870960578
vn -0.952815235 -0.293804705 -0.0763012245
vn -0.980579674 -0.188796103 0.0530989021
vn -0.997769594 0.0099996943 0.065997988
vn -0.996715903 -0.0746011958 0.0315005034
vn 0.720169723 -0.10969539 0.68507123
vn 0.696485341 -0.135897145 0.704585135
vn 0.716895223 -0.116399229 0.687395453
vn -0.986755311 0.0652970448 -0.14849326
vn -0.985587239 0.0634991825 -0.15679796
vn -0.986072123 0.0754978582 -0.148195803
vn -0.969581962 -0.0607988685 -0.23709558
vn -0.969115555 -0.0420006737 -0.243003905
vn -0.965714216 -0.0696010292 -0.250103652
vn -0.970900416 0.107500046 0.214000106
vn -0.970900416 0.107500046 0.214000106
vn -0.970900416 0.107500046 0.214000106
vn 0.980881095 -0.158796951 0.112497829
vn 0.969905496 -0.239901349 0.0416002348
vn 0.970557392 -0.238814116 0.0314018577
vn -0.00449991133 0.0147997094 -0.999880314
vn 0.0370002724 0.0584004298 -0.99760735
vn 0.0634988099 -0.0564989373 -0.996381283
vn -0.184799865 -0.911599338 -0.367199719
vn 0.0313013904 -0.921540976 -0.38701719
vn -0.372515023 -0.915936887 -0.149306014
vn 0.108698964 0.985590577 0.129598767
vn 0.103496067 0.991962254 0.0727972314
vn 0.101703309 0.99473238 0.0128004169
vn -0.344406486 0.938717723 0.0139002623
vn -0.35108313 0.933255196 -0.0759963468
vn -0.330509275 0.94372648 -0.0120003363
vn 0.974151671 -0.107805714 -0.198510528
vn 0.973235846 -0.0882032514 -0.212207809
vn 0.959231079 -0.171805575 -0.224407271
vn -0.990143299 -0.0322014093 -0.136305958
vn -0.990040839 -0.0328013524 -0.13690564
vn -0.990076363 -0.0325992219 -0.136696726
vn -0.983622968 0.135103151 -0.119302787
vn -0.986914337 0.138302013 -0.0829012096
vn -0.983832419 0.139504611 -0.112303704
vn -0.987237096 0.124104656 -0.0998037457
vn -0.989821434 0.12550272 -0.0671014562
vn -0.989150465 0.121893898 -0.081995897
vn 0.0283991173 0.948170543 0.316490203
vn 0.0731032193 0.942741513 0.3254143
vn 0.0333990604 0.947773337 0.317191094
vn 0.122100346 0.98790282 -0.0956002697
vn 0.120898515 0.989887893 -0.0741990879
vn 0.111000054 0.988300443 -0.104600042
vn 0.99179709 -0.119899653 0.0442998707
vn 0.988281786 -0.116097853 0.0990981683
vn 0.996655226 -0.0758965984 -0.030298641
vn -0.0490013249 0.940225363 0.337009132
vn 0.0752985701 0.99498111 0.0658987463
vn -0.118404336 0.957335055 0.263609618
vn 0.0937981084 0.0677986369 -0.993279994
vn 0.248194456 0.0726983771 -0.965978444
vn 0.055301223 0.0920020416 -0.994221985
vn 0.483890086 0.503489673 0.715785325
vn 0.605585217 0.573985994 0.551186502
vn 0.310309798 0.543817222 0.779724658
vn 0.155202895 -0.311705798 0.937417507
vn 0.165395811 -0.151796162 0.974475324
vn 0.119703293 -0.192205295 0.974026799
vn 0.941616178 -0.201003447 0.270104617
vn 0.958834946 -0.144905269 0.244208887
vn 0.941631615 -0.0998033434 0.321510792
vn 0.495613247 -0.842622578 0.210605651
vn 0.465404272 -0.846507728 0.258502394
vn 0.451807946 -0.876515448 0.166102916
vn -0.998323023 0.00750017259 -0.0574013218
vn -0.998366535 0.00779973855 -0.0565981045
vn -0.998344302 0.00770034129 -0.0570025258
vn -0.804562986 0.593672633 0.0151993018
vn -0.777007341 0.627405941 0.0512004793
vn -0.826692641 0.560095072 0.0535995215
vn -0.394793749 0.0183997098 -0.918585479
vn -0.428588688 0.0200994685 -0.903276145
vn -0.406707764 0.0476009063 -0.912317395
vn -0.154901996 -0.98231262 -0.105201349
vn -0.14119871 -0.986290991 -0.0853992179
vn -0.268502325 -0.956208229 -0.116500996
vn -0.198905915 -0.958528578 -0.204106078
vn -0.207709581 -0.956744134 -0.203709394
vn 0.687716961 -0.723317862 -0.0621015392
vn 0.636527181 -0.769232869 -0.0558023825
vn 0.636292994 -0.76839149 0.068599239
vn 0.991238654 0.0288011227 -0.128905043
vn 0.989651084 -0.0779040232 0.12050622
vn 0.995720088 -0.0871017575 0.0309006236
vn -0.638834774 -0.712138772 0.29111585
vn -0.654824317 -0.666624725 0.356113195
vn -0.675839067 -0.681539416 0.280616224
vn -0.35781157 -0.929030061 0.0942030475
vn -0.509928107 -0.85374707 0.105305813
vn -0.420515299 -0.907033026 -0.0214007795
vn 0.849592149 -0.446795851 0.280297399
vn 0.854789793 -0.514393866 0.0687991828
vn 0.83088696 -0.547491372 0.0993984416
vn 0.874958634 -0.471977711 0.108094886
vn 0.909544826 -0.414620459 -0.0286014099
vn 0.897248924 -0.441224068 -0.0163008887
vn 0.594515026 0.716718137 0.364509225
vn 0.51339072 0.72228688 0.463391602
vn 0.621510327 0.663511038 0.416506946
vn -0.244806051 0.104502589 -0.963923872
vn -0.267603457 0.0682008788 -0.96111238
vn -0.264402896 0.0941010267 -0.959810436
vn -0.170602247 0.326104283 -0.929812253
vn -0.166007042 0.321513653 -0.932239592
vn -0.152304396 0.290008366 -0.944827259
vn 0.428394884 0.15389815 0.890389323
vn 0.368191391 0.179395795 0.912278593
vn 0.497815043 0.183605567 0.847625673
vn -0.994362593 -0.00279989443 0.105996005
vn -0.999927044 0.0115003111 -0.00370010035
vn -0.997104228 0.0715003088 -0.0259001106
vn -0.997053385 0.0182991456 0.0744965151
vn -0.997757375 0.0667971447 0.00429981668
vn -0.995404005 0.0891003609 -0.0351001434
vn -0.992903173 -0.0419001356 0.111300349
vn -0.999224901 0.00990024675 0.0381009504
vn -0.996470809 0.0399988294 0.0737978369
vn -0.983274281 0.151496053 0.101097353
vn -0.989427626 0.096002683 0.108703032
vn -0.985556901 0.119794764 0.119694769
vn 0.954271138 -0.29029125 -0.0713978484
vn 0.979052067 -0.174691454 0.104594879
vn 0.964032173 -0.264708847 -0.0239007976
vn -0.794304013 -0.0723003671 0.603203058
vn -0.849378228 -0.137396485 0.50958693
vn -0.776105642 -0.258901864 0.57500416
vn -0.350310802 -0.363011152 0.863426507
vn -0.434568673 -0.365273684 0.823240697
vn -0.581201851 -0.24970077 0.774502456
vn -0.976134479 0.210007399 0.0553019531
vn -0.967653751 0.251687974 -0.0172991734
vn -0.960592151 0.255097926 0.11039909
vn -0.940929651 0.175105512 -0.289809108
vn -0.97168386 0.143397614 -0.187796891
vn -0.949478686 0.0507988557 -0.309693038
vn -0.278900832 -0.256600767 0.92540282
vn -0.206704751 -0.294206768 0.933121443
vn -0.269708723 -0.3171103 0.909229517
vn -0.901851833 -0.210888728 0.377079874
vn -0.763112724 -0.277804613 0.583509743
vn -0.740786314 -0.432491988 0.513990521
vn -0.159695983 -0.195195079 0.967675626
vn -0.152505085 -0.288909614 0.945131481
vn -0.211393505 -0.298290849 0.93077141
vn -0.98488903 0.14609836 0.0929989666
vn -0.990628183 0.115503289 0.0729020759
vn -0.997083962 0.0689988881 -0.032599479
vn -0.992690027 0.111498885 0.0461995378
vn -0.993269503 0.103296824 0.0523983911
vn -0.992926776 0.108502924 0.0482013002
vn 0.74112159 0.00830024108 0.671319544
vn 0.762673795 0.00269990717 0.646777749
vn 0.75390178 0.0106000248 0.656901598
vn 0.83826834 -0.537879646 -0.0893966258
vn 0.838410735 -0.537606835 -0.0897011459
vn 0.836024106 -0.542115629 -0.0847024396
vn -0.248206079 0.824320138 0.508812487
vn -0.0813008696 0.932309985 0.35240379
vn -0.0359991379 0.942277551 0.33289206
vn 0.190410674 0.0944052935 -0.977154791
vn 0.120202437 0.112802289 -0.986319959
vn 0.141997159 0.224895492 -0.963980675
vn -0.292790145 -0.0536981858 -0.954667747
vn -0.286100596 -0.1401003 -0.947902024
vn -0.294688463 -0.104495913 -0.949862838
vn -0.269001454 -0.185001001 -0.945205152
vn -0.283205926 -0.180503771 -0.941919744
vn 0.955013216 -0.277503848 -0.10460145
vn 0.974057198 -0.154993191 -0.164892763
vn 0.98731935 -0.115502268 -0.108902141
vn 0.210993797 0.0346989818 0.976871312
vn 0.207788885 -0.116193786 0.971248031
vn 0.255102783 -0.217602372 0.94211024
vn 0.89405942 0.140993595 0.425180703
vn 0.936716795 0.161702886 0.310505569
vn 0.888079107 0.146296546 0.435789704
vn 0.845466077 -0.0870965049 0.526878834
vn 0.854616761 0.0571011193 0.516110122
vn 0.806107283 0.0416003726 0.590305328
vn -0.272591412 0.0860972926 -0.958269835
vn -0.291012108 0.0767031908 -0.953639627
vn -0.286998153 0.0592996217 -0.956093848
vn -0.294109285 0.0401012674 -0.954930186
vn -0.322685689 0.0504977629 -0.945158124
vn -0.295993596 0.053698834 -0.953679323
vn 0.0972989202 -0.130298555 0.986689031
vn 0.091295965 -0.202791035 0.97495687
vn 0.235304475 -0.175103322 0.95601815
vn 0.710997403 -0.208099231 0.671697497
vn 0.629597783 -0.240999132 0.738597393
vn 0.696680248 -0.263892531 0.667081118
vn -0.995048821 0.0762037411 -0.0638031363
vn -0.998547852 0.0507024303 -0.0182008743
vn -0.995640516 0.0685027838 -0.0633025765
vn -0.00499980338 -0.021299161 0.999760687
vn -0.0158005338 -0.0297010075 0.999433935
vn -0.0389007851 -0.0452009141 0.998220146
vn -0.975208938 -0.0467004292 0.216301978
vn -0.979351401 -0.184790835 0.0819959417
vn -0.938179612 -0.184795976 0.292693615
vn 0.0903011262 0.0582007319 -0.994212449
vn 0.0912028328 0.0489015207 -0.994630933
vn 0.0748013332 -0.0419007465 -0.996317744
vn -0.957861066 -0.283888459 -0.0436982214
vn -0.963043749 -0.269112229 0.011200509
vn -0.970968783 -0.231892556 0.0586981103
vn 0.805145562 0.582560658 0.111192487
vn 0.707207084 0.696206987 0.123101227
vn 0.710111082 0.679810584 0.183302864
vn 0.985919118 0.100301951 0.133802593
vn 0.985895455 0.0995995477 0.134499386
vn 0.985887706 0.0989987627 0.134998322
vn 0.999590456 -0.0266997442 0.0102999024
vn 0.987603128 0.0309000947 0.153900489
vn 0.997341573 0.00490020448 0.0727030337
vn -0.622906864 0.777008533 0.0908010006
vn -0.693322778 0.617420256 0.371612221
vn -0.657831609 0.643830895 0.390818775
vn 0.187094837 -0.0870976001 -0.978473067
vn 0.173109308 -0.0409021974 -0.984052896
vn 0.229710534 -0.0594027229 -0.971444547
vn 0.307411373 0.933734596 0.183406785
vn 0.288896024 0.940287113 0.179997534
vn 0.306086272 0.93375808 0.185491666
vn -0.0122997751 0.0622988641 -0.997981787
vn 0.00710027805 0.152105942 -0.988338709
vn 0.091004014 0.138706118 -0.986143529
vn 0.984326661 -0.041901134 -0.171304628
vn 0.981615245 -0.0318004936 -0.188202918
vn 0.98619175 -0.0526995622 -0.156998694
vn 0.973841369 0.0215009134 -0.226209611
vn 0.973521709 -0.107002385 -0.202004507
vn 0.999764383 0.0134995189 -0.0169993937
vn 0.0248009041 -0.957034886 -0.288910508
vn 0.0251996554 -0.956786871 -0.289696038
vn 0.0290007256 -0.955023885 -0.295107365
vn 0.832588315 -0.504292905 0.2290968
vn 0.829201162 -0.509300709 0.230300307
vn 0.831485331 -0.505291045 0.230895922
vn -0.0805019885 -0.927122891 -0.366009027
vn -0.0812028944 -0.927533031 -0.364813
vn -0.0866971537 -0.929769456 -0.357788265
vn 0.824689448 -0.13719824 0.548692942
vn 0.824012339 -0.137202054 0.549708247
vn 0.793802798 -0.154200554 0.588302076
vn -0.23309274 -0.962870002 0.136195749
vn -0.231306553 -0.967327416 0.103802942
vn -0.341209561 -0.936026216 0.0862024128
vn -0.799821436 -0.599416018 -0.0314008407
vn -0.885073483 -0.459786236 0.0723978356
vn -0.874704897 -0.4843027 0.0185001027
vn -0.903092921 -0.2828978 0.323097438
vn -0.939691365 -0.233197853 0.250197709
vn -0.929680765 -0.302993715 0.209495664
vn 0.537983358 -0.822674572 0.183794305
vn 0.536497951 -0.824196875 0.181299314
vn 0.547484457 -0.81317693 0.197494403
vn 0.857510269 0.514406145 -0.00790009368
vn 0.869785488 0.489391834 0.0629989505
vn 0.849816799 0.526810408 -0.0168003328
vn 0.987133384 -0.0195006598 -0.158705369
vn 0.994792998 0.100699298 -0.0156998876
vn 0.996174693 0.0639983788 0.0594984852
vn -0.975788951 0.218697533 0.00269996957
vn -0.954697073 0.29569912 -0.0333998986
vn -0.975061238 0.206391811 0.0815967619
vn -0.985468805 0.159094959 -0.0594981201
vn -0.995980501 0.087098293 0.020899592
vn -0.499795616 -0.805892944 -0.317397237
vn -0.541371346 -0.794057965 -0.276385367
vn -0.484808505 -0.810014188 -0.329905778
vn 0.83647728 0.245993316 0.489686698
vn 0.83647728 0.245993316 0.489686698
vn 0.83647728 0.245993316 0.489686698
vn -0.964006603 0.0776005313 -0.254301757
vn -0.981921136 0.019300418 -0.188304052
vn -0.98319006 -0.0847991407 -0.161698356
vn 0.979506135 -0.201401249 -0.00230001449
vn 0.990348577 0.123806074 0.0623030551
vn 0.975734293 -0.181006357 0.123204321
vn 0.425986737 0.885572374 -0.185194239
vn 0.468789399 0.867380381 -0.166996226
vn 0.460412592 0.870623767 -0.173304722
vn -0.879280806 -0.275993973 0.388191521
vn -0.87956965 -0.234991878 0.413685739
vn -0.889125109 -0.296408385 0.348709822
vn -0.15909183 0.0468975902 -0.986149311
vn -0.0839034617 -0.0475019589 -0.995341063
vn -0.131504744 -0.0339012221 -0.99073571
vn -0.991874993 -0.0270993169 0.124296866
vn -0.998944223 0.0310013723 0.0339015014
vn -0.999501824 -0.0262000486 0.0176000316
vn -0.326987535 0.930264592 -0.166393667
vn -0.306792885 0.934678316 -0.179595828
vn -0.306792885 0.934678316 -0.179595828
vn 0.849726737 0.501715779 -0.162005097
vn 0.789389908 0.576492608 -0.210997298
vn 0.86231333 0.499707758 0.0819012672
vn 0.538622558 0.740831017 -0.401316822
vn 0.590692759 0.796290338 -0.130398422
vn 0.717995942 0.606796563 -0.340998054
vn -0.995673954 0.0916976035 -0.0149996066
vn -0.994927406 0.0577015914 -0.082402274
vn -0.998365939 0.0569980554 0.00409986032
vn 0.964895785 -0.230598986 -0.125699446
vn 0.980184495 -0.189497009 0.057699088
vn 0.985887587 -0.161897972 -0.0425994657
vn -0.0125002759 0.095802106 -0.995321929
vn -0.0485020131 0.126805261 -0.990741134
vn -0.0020000895 0.147606596 -0.989044189
vn 0.0585000105 -0.0132000018 -0.998200178
vn 0.0651011541 -0.0641011372 -0.995817721
vn 0.0892957449 -0.0264987368 -0.995652556
vn 0.970588505 -0.203897566 -0.127998486
vn 0.992391884 -0.0347997174 0.118099034
vn 0.962781906 -0.24789533 0.107697971
vn 0.95922637 -0.254806995 0.122303359
vn 0.96763289 -0.248808458 0.0422014333
vn 0.999352515 -0.0216989685 -0.0286986344
vn 0.985462666 -0.166793689 0.0322987773
vn 0.904531002 -0.32001096 0.281809658
vn 0.903069675 -0.3243891 0.281490535
vn -0.990593731 -0.136499152 -0.00959993992
vn -0.997632861 0.0159005243 0.0669022053
vn -0.999398828 0.0325999632 0.0117999855
vn 0.088803865 -0.101704426 -0.990843177
vn 0.0232001487 -0.0710004568 -0.99720639
vn 0.0286998712 -0.0135999387 -0.999495506
vn -0.372483492 -0.0620972514 -0.925958991
vn -0.31020084 0.017900046 -0.950502574
vn -0.311509937 -0.0280008912 -0.949830234
vn -0.936956584 0.311018765 0.159309626
vn -0.938916981 0.300405413 0.167903036
vn -0.937305629 0.300801784 0.176001057
vn 0.939802051 -0.338900745 0.043800097
vn 0.923475206 -0.36269027 0.125096634
vn 0.928472281 -0.370088965 0.0311990678
vn -0.424703956 -0.901808381 0.0798007399
vn -0.422989488 -0.90527755 0.0393990204
vn -0.457594723 -0.882589877 0.107898764
vn -0.981421411 0.168203667 0.0923020095
vn -0.981267095 0.166394427 0.0970967412
vn -0.981480777 0.168996677 0.0901982263
vn 0.969990492 0.0984990299 -0.222297803
vn 0.952513278 0.0339004733 -0.302604198
vn 0.97964853 0.0892044157 -0.179808915
vn 0.966556966 0.158392951 -0.201691017
vn 0.955766737 0.082597129 -0.282290161
vn 0.978978455 0.106097668 -0.174196169
vn -0.22570838 0.949235201 0.219108135
vn -0.20830828 0.94543761 0.250509948
vn -0.25899455 0.949279904 0.178296208
vn -0.990233064 -0.00940031372 0.139104649
vn -0.985254645 0.0353983678 0.167392299
vn -0.998087347 -0.00939988159 0.0610992238
vn -0.990771294 0.0445987061 0.127996296
vn -0.988469303 -0.0175994541 0.150395334
vn -0.989154041 0.00919957273 0.146593183
vn -0.0750973821 -0.268790632 0.96026665
vn 0.0288996696 -0.254697084 0.966588974
vn -0.0407009497 -0.190604433 0.980822861
vn 0.998586416 -0.0489993319 0.0205997191
vn 0.98368603 -0.146997914 0.103698529
vn 0.994451702 -0.0583971664 0.0874957517
vn 0.993571639 -0.111796811 -0.0177994911
vn 0.997082531 -0.0555990227 -0.0522990823
vn 0.982360005 -0.170993045 0.0756969228
vn 0.997962832 -0.0637976229 -9.99962722e-05
vn 0.99002856 -0.140804067 -0.00420012092
vn -0.97523886 0.212108448 -0.0626024902
vn -0.974042714 0.221409708 -0.0471020639
vn -0.974924505 0.215005413 -0.057401441
vn 0.975974143 -0.205294564 0.0729980692
vn 0.976090312 -0.204597965 0.0733992681
vn 0.97769475 -0.194198966 0.0799995735
vn 0.90531981 -0.0561012253 0.421009183
vn 0.828591049 -0.0226997547 0.559394002
vn 0.832811117 -0.219202921 0.508306801
vn -0.984802544 -0.167800426 -0.0448001139
vn -0.971559405 -0.236790106 0.00169992889
vn -0.974285603 -0.187797233 0.124498151
vn -0.126804933 0.112404384 0.985538363
vn -0.11609415 0.177491054 0.977250755
vn -0.0676991493 0.274196535 0.959287882
vn 0.941751599 0.24078761 0.234787926
vn 0.929640651 0.363515913 0.0602026284
vn 0.841727793 0.433214307 0.32221064
vn -0.993164241 -0.0785971656 0.0862968937
vn -0.991192877 -0.0636995435 0.116099164
vn -0.983214378 -0.0387005657 0.178302601
vn -0.976050079 -0.217311144 -0.0101005174
vn -0.959785283 -0.232596442 0.15719758
vn -0.953582585 -0.28929472 0.0835984722
vn 0.984475553 0.107697323 0.138596565
vn 0.981456637 0.168492556 0.0913959593
vn 0.980017841 0.123402253 0.156002849
vn 0.945134997 0.304311275 0.118804395
vn 0.951296091 0.290098816 0.104299568
vn 0.935435534 0.323412269 0.142705426
vn -0.606405497 -0.653705895 -0.452704072
vn -0.624517739 -0.644718349 -0.440812558
vn -0.620389163 -0.646588743 -0.443892241
vn 0.0991022587 0.151203439 -0.983522415
vn 0.126702026 0.103601649 -0.98651576
vn 0.112894326 0.0839957818 -0.990050316
vn 0.0218992252 0.261090755 0.965065837
vn 0.0218992252 0.261090755 0.965065837
vn 0.0218992252 0.261090755 0.965065837
vn 0.996283472 0.0075998744 0.0857985765
vn 0.98857671 -0.0863979608 0.123497084
vn 0.991839111 -0.0966038108 0.0832032859
vn 0.420588136 0.880175173 0.219993785
vn 0.380916148 0.861236513 0.336414278
vn 0.4114829 0.840665042 0.352085382
vn 0.137896329 -0.509286463 0.84947741
vn 0.412327439 -0.456430405 0.788452506
vn 0.315196455 -0.45399487 0.833390594
vn 0.959672093 -0.00409988081 0.281091839
vn 0.978102028 -0.0133000268 0.207700431
vn 0.954759538 -0.228190333 0.190691918
vn -0.974542201 0.224109694 -0.00650028186
vn -0.978981197 0.160296932 0.126097575
vn -0.985875905 0.126896903 0.109297328
vn 0.85979861 0.0497999229 0.508199155
vn 0.86029613 0.0732996613 0.504497647
vn 0.860295415 0.0578996874 0.506497264
vn 0.995301366 -0.094800137 0.019700028
vn 0.962272346 -0.265592366 -0.0590982996
vn 0.999886394 -0.00149997964 0.0149997957
vn -0.912696362 0.0209999159 0.40809837
vn -0.923421383 0.0461010672 0.381008834
vn -0.908596992 -0.182899386 0.375498772
vn 0.940264583 -0.255590379 0.224891543
vn 0.920838952 -0.324513733 0.216209143
vn 0.907803893 -0.350701511 0.230000988
vn 0.932113349 -0.336304814 0.134401917
vn 0.928776801 -0.333991647 0.160695985
vn 0.93142426 -0.320508331 0.172404483
vn 0.77951324 -0.626310587 -0.00970016513
vn 0.753396928 -0.653797328 0.0702997074
vn 0.760788798 -0.582291424 0.286595762
vn 0.707935452 -0.333216697 0.622731149
vn 0.73410511 -0.402202815 0.547103822
vn 0.722088158 -0.286495298 0.629689634
vn -0.0101996083 0.501380742 0.865166724
vn 0.110297985 0.470491409 0.875484049
vn 0.280998677 0.518797576 0.807396233
vn 0.0726989135 0.514692307 0.854287267
vn 0.00720010186 0.416705906 0.909012854
vn 0.0929017067 0.415107638 0.905016601
vn 0.067598559 0.0215995423 -0.997478783
vn 0.0510993488 0.0202997401 -0.998487234
vn 0.0223003551 0.0295004714 -0.999315977
vn 0.491873085 0.863652706 -0.110293962
vn 0.469285697 0.871473432 -0.142495662
vn 0.402793616 0.91308552 -0.0634989962
vn -0.994776726 -0.0422990136 0.0928978249
vn -0.986364722 0.163694143 0.0169993937
vn -0.991978765 0.12629731 0.00519988872
vn -0.502607524 -0.864512861 -0.00180002674
vn -0.407592088 -0.912782371 0.0263994895
vn -0.479214251 -0.876926064 0.0368010961
vn 0.489315659 0.0257008225 0.871727884
vn 0.494489074 -0.00229994929 0.869180799
vn 0.558894694 0.0300997142 0.828692138
vn -0.98219794 -0.0731998459 -0.172999635
vn -0.973869383 -0.0514983796 -0.221193045
vn -0.981071889 0.0266992338 -0.1917945
vn -0.993694127 0.0274998359 -0.108699352
vn -0.99538213 0.0273995083 -0.0919983461
vn -0.997752845 0.0184991267 -0.0643969625
vn -0.935335398 -0.234908879 0.264510006
vn -0.918963432 -0.261589557 0.295088261
vn -0.973496079 -0.183799252 0.136099443
vn 0.87147218 -0.439185977 -0.218293026
vn 0.87150228 -0.44060114 -0.215300545
vn 0.871375561 -0.443687528 -0.209394127
vn -0.120999321 0.17449902 -0.977194488
vn -0.116097018 0.175695479 -0.977574885
vn -0.116000593 0.176700905 -0.977405012
vn 0.908008575 0.0144001357 -0.418703973
vn 0.907939494 0.0154006705 -0.418818206
vn 0.910556376 0.00199990417 -0.413380176
vn 0.949250996 -0.186190382 0.253486931
vn 0.985532582 -0.0573018938 0.159505278
vn 0.973825753 -0.153204039 0.167904437
vn -0.936179996 0.102997795 -0.33609283
vn -0.925369501 0.192093655 -0.3267892
vn -0.948594928 0.0157999154 -0.316098332
vn -0.334511399 0.0106003601 0.942332089
vn -0.640807033 -0.346203804 0.685207486
vn -0.259091854 -0.362188607 0.895371854
vn -0.847878039 0.201794788 0.490287334
vn -0.916701078 0.0647000745 0.394300461
vn -0.851162136 -0.0234989543 0.52437669
vn 0.0486020297 -0.0235009808 0.998541713
vn 0.0286988951 -0.0291988757 0.999161482
vn 0.0563018881 -0.0579019412 0.996733427
vn -0.5849334 -0.760843456 0.281016052
vn -0.469192982 -0.84048748 0.270995975
vn -0.511902511 -0.792503893 0.331501603
vn -0.981019557 -0.130302593 -0.143602863
vn -0.974266171 -0.214092568 0.0704975501
vn -0.990674436 -0.120496891 0.0635983571
vn 0.944246888 0.317482144 0.0871950984
vn 0.944246888 0.317482144 0.0871950984
vn 0.944246888 0.317482144 0.0871950984
vn 0.564101875 -0.509201646 0.650002122
vn 0.484691232 -0.645288289 0.590489328
vn 0.561175823 -0.508378088 0.653171837
vn 0.63021338 -0.454609662 0.629413366
vn 0.566793561 -0.519294083 0.639592707
vn 0.582889318 -0.611488819 0.535090208
vn -0.996796072 0.0611997582 -0.0514997952
vn -0.997359097 0.0504979342 -0.0521978587
vn -0.99760133 0.0551000722 -0.0419000573
vn -0.977564812 0.169093907 -0.12559548
vn -0.977122664 0.164003804 -0.135403126
vn -0.979684949 0.157297567 -0.124398082
vn -0.998844385 0.044101961 0.0191008486
vn -0.989733279 0.140504718 0.0262008812
vn -0.997024477 0.0750018433 -0.0178004354
vn -0.0133004868 0.172406316 -0.984936059
vn -0.0105001442 0.168102309 -0.985713601
vn -0.0133004868 0.172406316 -0.984936059
vn 0.705626488 0.696926177 -0.128004804
vn 0.756434619 0.647029638 -0.0957043841
vn 0.767493486 0.626594722 -0.13539885
vn 0.576092124 0.792489171 -0.200197279
vn 0.620914638 0.7682181 -0.155903682
vn 0.678536654 0.717938781 -0.155408397
vn -0.121797651 0.104097992 -0.987080991
vn -0.132395774 0.0531982966 -0.989768326
vn -0.237805262 0.0392008685 -0.97052145
vn 0.901606202 -0.269801885 0.338102311
vn 0.940609217 -0.248502448 0.231302276
vn 0.917207599 -0.21580179 0.334902763
vn 0.111596026 0.168494001 -0.97936511
vn 0.00910000503 -0.273600161 -0.961800456
vn -0.293689579 0.264190614 -0.918667376
vn 0.660618603 0.568916023 -0.489813775
vn 0.907983184 0.0517990403 -0.415792316
vn 0.478410721 0.161703631 -0.863119364
vn -0.995263457 0.0917966291 -0.0319988243
vn -0.933535397 0.302411467 0.192507297
vn -0.975324631 0.14370364 0.167604223
vn -0.939162731 0.300588071 0.166193396
vn -0.987427235 0.118603274 0.104502887
vn -0.887084305 0.26609531 0.377193332
vn -0.198898524 0.56819582 0.798494101
vn 0.0639018863 0.481114179 0.874325812
vn 0.300801307 0.574002504 0.761603355
vn 0.0385011844 0.968629777 -0.245507568
vn 0.155194059 0.904565334 -0.397084773
vn 0.132306412 0.955346286 -0.264212787
vn 0.569295287 0.00809993409 0.822093248
vn 0.581787467 -0.0204995591 0.813082516
vn 0.596005976 -0.0352003537 0.802208066
vn 0.443600893 -0.892601788 -0.0805001557
vn 0.441771865 -0.893843055 -0.0766951144
vn 0.438404709 -0.896109641 -0.0692007467
vn 0.760105729 -0.646304846 -0.0673005059
vn 0.757870197 -0.613475919 -0.221991271
vn 0.92338264 -0.38129285 -0.0444991663
vn -0.265296727 0.963588119 -0.0333995856
vn -0.206692889 0.978366375 0.0087996982
vn -0.259999901 0.965199649 0.0280999914
vn 0.155993342 0.967258692 0.200191468
vn 0.190497935 0.975289345 0.11189878
vn 0.0599023178 0.997638583 0.0336012989
vn 0.225100413 0.794501483 0.564001083
vn 0.278006703 0.545413196 0.790719151
vn 0.331413209 0.640325487 0.692927599
vn -0.999937534 0.00290010893 0.0108004063
vn -0.998307109 -0.00270001916 -0.0581004135
vn -0.999395728 0.0186999198 -0.0292998757
vn -0.999093175 -0.03189978 -0.0281998087
vn -0.999933839 -0.000400013552 -0.0115003893
vn -0.998039782 0.0514020473 0.0357014202
vn 0.965298057 -0.0847998261 -0.246999487
vn 0.94828254 -0.237595618 -0.210496128
vn 0.958491445 -0.214098096 -0.188298315
vn 0.194201395 -0.123100884 -0.973207057
vn 0.170106605 -0.211608231 -0.962437391
vn 0.106900148 -0.215200305 -0.970701337
vn 0.0388983488 -0.166592926 -0.985258162
vn 0.0133994939 -0.0330987498 -0.99936229
vn 0.0334987454 -0.0867967531 -0.995662749
vn 0.96948123 -0.093598187 -0.226595625
vn 0.985323966 -0.0353008583 -0.167004049
vn 0.974208355 -0.130901113 -0.183801576
vn -0.993613183 0.094801262 0.0612008125
vn -0.997907758 -0.0354002714 0.0541004203
vn -0.998985589 -0.0286995843 0.0346994996
vn -0.696327925 0.318212748 -0.643325746
vn -0.700977504 0.309390068 -0.642579377
vn -0.700388193 0.310494751 -0.642689168
vn 0.374403149 -0.0845007077 -0.923407733
vn 0.412507713 -0.0638011917 -0.908717036
vn 0.428189933 -0.134796828 -0.893578947
vn 0.851988137 0.145997971 -0.502792954
vn 0.882575929 0.266292721 -0.387489438
vn 0.826158881 0.048197601 -0.561372042
vn 0.0521011204 0.0619013347 -0.996721447
vn 0.0976020917 0.0662014261 -0.993021309
vn 0.0945008993 0.0207001995 -0.995309532
vn 0.105896957 -0.00329990545 -0.994371533
vn 0.0552025922 -0.0256012026 -0.998146892
vn 0.0744032413 -0.0465020239 -0.996143401
vn -0.991331458 -0.0927029401 0.0931029543
vn -0.965000331 -0.216700077 0.147700056
vn -0.982641041 -0.151406333 0.107204475
vn -0.024400441 -0.0597010814 -0.997918069
vn 0.110501885 -0.0574009754 -0.992216945
vn 0.00859971251 -0.152494892 -0.988266885
vn 0.988464057 -0.0330987982 -0.147794619
vn 0.990303695 -0.0513001941 -0.129100487
vn 0.995143414 0.00920040067 -0.0980042666
vn -0.958105147 -0.222301185 0.180600971
vn -0.944218934 -0.253505111 0.210204214
vn -0.931835413 -0.340412945 0.125704765
vn -0.936058164 -0.217090294 0.276887625
vn -0.93756628 -0.196192935 0.287189662
vn -0.974384904 -0.133197948 0.181197196
vn 0.359583199 0.932456374 -0.034998361
vn 0.504006028 0.86351037 -0.0181002188
vn 0.358393908 0.931984186 -0.0543990768
vn -0.00550025562 0.159107402 0.987245917
vn -0.00650022458 0.101303495 0.994834304
vn 0.00400005467 0.133701801 0.991013467
vn 0.413112044 0.561316311 0.717120945
vn 0.425378799 0.563771904 0.707964778
vn 0.415095598 0.562694013 0.714892387
vn 0.630397618 -0.0164999384 -0.776097059
vn 0.627298951 0.0620998926 -0.776298642
vn 0.600577116 -0.0356986411 -0.798769534
vn 0.967184544 0.158597469 -0.198496833
vn 0.979776144 0.150996327 -0.131296813
vn 0.980330765 0.0883027688 -0.176505536
vn 0.987077594 0.0630985722 -0.147296667
vn 0.98352617 0.136503637 -0.118503153
vn 0.994544268 0.0726032332 -0.0749033391
vn 0.867067039 -0.315587997 0.385485351
vn 0.871208787 -0.22980231 0.433804393
vn 0.903619289 -0.172403678 0.392108381
vn -0.226302817 -0.016800208 0.97391212
vn -0.276909918 -0.138004944 0.950934112
vn -0.267512321 -0.0889040977 0.959444225
vn -0.786703885 0.159000769 0.59650296
vn -0.730482757 0.279793382 0.622985363
vn -0.756447077 0.216913506 0.617038369
vn -0.174100891 -0.698703587 0.693903565
vn -0.25310719 -0.784722209 0.565816045
vn -0.150298744 -0.688394248 0.709594071
vn 0.869976223 -0.490386575 0.0515985899
vn 0.870778382 -0.489187837 0.0493987724
vn 0.86260879 -0.501005113 0.0700007156
vn 0.893711627 -0.44150576 0.0797010362
vn 0.896926939 -0.432713002 0.0910027325
vn 0.896383345 -0.434191942 0.0892983451
vn 0.0344991609 0.0406990089 -0.998575687
vn 0.0168007538 0.0895040259 -0.995844781
vn 0.0390982926 0.0595973991 -0.997456491
vn -0.162293628 0.15519391 -0.974461734
vn -0.160201594 0.182801813 -0.970009685
vn -0.142198697 0.168498471 -0.97539109
vn 0.12450242 0.305805951 -0.943918347
vn 0.0909982324 0.293294311 -0.951681495
vn 0.13969411 0.311986864 -0.939760447
vn -0.35878256 -0.819660187 0.446578324
vn -0.341210335 -0.845025659 0.411712497
vn -0.356304735 -0.843611181 0.401705325
vn -0.360098094 0.0495997369 0.931595027
vn -0.298303515 0.105601251 0.948611259
vn -0.184006125 -0.0641021281 0.980832577
vn -0.440607727 0.0719012618 0.894815683
vn -0.507105172 0.262902707 0.820808411
vn -0.3714872 0.122895777 0.920268357
vn -0.981395423 -0.163899228 -0.0999995321
vn -0.977426767 -0.0932025462 0.189605206
vn -0.980916321 0.187403128 -0.051800862
vn 0.979994297 -0.16539903 0.110699348
vn 0.929368675 -0.320889175 -0.182493851
vn 0.963782191 -0.233195677 -0.129397616
vn -0.561101735 -0.485101491 -0.6707021
vn -0.382822782 -0.600135624 -0.702341735
vn -0.656592429 -0.628092706 -0.417595208
vn -0.118006155 -0.971450686 0.205810726
vn -0.115299433 -0.971395254 0.207598969
vn -0.118597254 -0.970977545 0.207695186
vn -0.359210342 -0.782222509 0.509014666
vn -0.356605083 -0.782311201 0.510707319
vn -0.358696759 -0.781492889 0.510495424
vn 0.830811739 0.460806519 -0.312104404
vn 0.850986958 0.345894694 -0.395193964
vn 0.7852332 0.470519871 -0.402516991
vn 0.37470144 -0.350101352 0.858503282
vn 0.349112988 -0.331112295 0.876632631
vn 0.337408274 -0.319107831 0.885621727
vn -0.0121999122 -0.863093793 0.504896343
vn -0.211896792 -0.83108741 0.514192164
vn -0.0796981528 -0.859380066 0.505088329
vn 0.990321577 0.0641013905 -0.12310268
vn 0.976325572 0.135003537 -0.169004425
vn 0.987114668 0.106301576 -0.119601779
vn 0.984508514 0.0360003076 -0.171601489
vn 0.986788392 0.0464994498 -0.155198187
vn 0.491404265 0.0515004508 0.869407594
vn 0.498895764 0.0486995839 0.865292609
vn 0.498713821 0.0425011814 0.865724027
vn -0.979135573 -0.0971035287 0.178506479
vn -0.992945254 -0.0654029772 0.0989045054
vn -0.989602149 -0.143800318 -0.00300000655
vn -0.993684828 -0.112198278 0.00139997853
vn -0.992430151 0.0608018488 0.106703244
vn -0.984089732 0.0663993061 -0.16479829
vn -0.0585012846 0.99562186 0.0729015991
vn -0.0109001119 0.998410225 -0.055300571
vn -0.00520010851 0.999820888 -0.0182003807
vn 0.0573973767 0.977455378 0.203190714
vn 0.0121995229 0.976561785 0.214891598
vn 0.132600188 0.982001483 0.134500206
vn 0.964302123 -0.209700465 -0.161700353
vn 0.96751976 -0.159403265 -0.196204022
vn 0.964960039 -0.212891191 -0.153393656
vn -0.655615449 -0.710516691 -0.255605996
vn -0.665720999 -0.704622149 -0.245607719
vn -0.663289547 -0.703288913 -0.255795956
vn 0.607299864 0.186799973 0.772199869
vn 0.619889379 0.142797559 0.771586776
vn 0.659884453 0.112597346 0.74288249
vn -0.320897281 -0.0849992856 -0.943292081
vn -0.30329293 -0.113797352 -0.946078002
vn -0.316299528 -0.0854998678 -0.944798589
vn -0.999343216 -0.0339014642 -0.0128005529
vn -0.998452902 -0.0480977297 -0.0278986841
vn -0.999110401 -0.0396004096 -0.0145001495
vn 0.303905398 0.774413705 0.554909825
vn 0.33790043 0.769100964 0.542500734
vn 0.288197339 0.778192818 0.557994902
vn 0.60183543 0.660838842 0.448426366
vn 0.735509813 0.522906959 0.430805743
vn 0.601175249 0.669772446 0.435882062
vn -0.988878727 -0.118097462 -0.0903980583
vn -0.989685059 0.040899381 -0.137297928
vn -0.989308417 -0.0647005439 0.13070111
vn 0.0441002175 0.0323001556 -0.998504877
vn 0.0599975921 -0.0356985703 -0.997560024
vn -0.0358002037 -0.0175001007 -0.999205768
vn 0.0865958184 -0.0901956484 -0.992152154
vn -0.014399752 -0.0894984603 -0.995882869
vn 0.0421005487 -0.999113023 -0.000800010399
vn 0.0421005487 -0.999113023 -0.000800010399
vn 0.0421005487 -0.999113023 -0.000800010399
vn 0.0803991109 -0.355296075 0.931289732
vn 0.102399953 -0.394899815 0.91299963
vn 0.102399953 -0.394899815 0.91299963
vn 0.0938021839 0.0576013364 -0.993923128
vn -0.0164007954 0.0513024889 -0.998548448
vn -0.0458986424 0.138695911 -0.989270806
vn 0.278395474 0.0186996982 -0.960284472
vn 0.269609541 -0.0213007536 -0.962734044
vn 0.255689681 0.0239990335 -0.966461003
vn -0.178988144 0.927538574 0.32807827
vn -0.138305768 0.902437627 0.40801698
vn -0.15060474 0.946829796 0.28430894
vn 0.975408435 -0.219201893 -0.0230001993
vn 0.999994516 -0.00179999007 0.00279998453
vn 0.959050536 -0.276785731 -0.0600969009
vn 0.981706679 -0.17150116 -0.0827005655
vn 0.992425561 -0.100602582 -0.0705018193
vn 0.977370203 -0.209993586 -0.0254992228
vn 0.957196951 -0.275799125 0.0877997205
vn 0.956807613 -0.276602209 0.0895007178
vn 0.96849221 -0.234198108 0.0846993178
vn 0.993366778 -0.114096187 -0.0142995212
vn 0.994363666 -0.0997963548 0.0357986912
vn 0.996088266 -0.0418995097 -0.0777990818
vn -0.270287424 -0.527575433 0.805362523
vn -0.270392776 -0.526885927 0.805778503
vn -0.268510759 -0.535621464 0.80063206
vn 0.132295579 -0.00929968804 0.99116677
vn 0.291408896 0.0227006935 0.956329226
vn 0.176393673 -0.0650976598 0.982164741
vn -0.437673897 -0.471071929 0.765854359
vn -0.495685816 -0.546284378 0.675180674
vn -0.496098608 -0.500498593 0.709497988
vn -0.880001187 0.10420014 0.463400662
vn -0.882182658 0.0984980613 0.460490942
vn -0.881972849 0.0989969522 0.460785806
vn 0.631888688 -0.760386348 -0.150097296
vn 0.527086377 -0.778179824 -0.341491163
vn 0.558503151 -0.786604464 -0.263301492
vn 0.0424020663 -0.935745656 0.350117087
vn -0.216601864 -0.943308115 0.251502186
vn -0.158900768 -0.957904577 0.239101142
vn -0.994242132 0.095804058 0.0480020382
vn -0.986868501 0.0688977987 0.14609535
vn -0.99280107 0.0222000238 0.11770013
vn -0.512800395 0.319600284 0.796800733
vn -0.519518733 0.297410697 0.801028848
vn -0.475999445 0.269299686 0.837198973
vn -0.764335632 -0.642829955 -0.0506023578
vn -0.793436408 -0.607427895 -0.038601771
vn -0.756993413 -0.651794314 -0.0460995995
vn -0.433622569 -0.896446645 0.0914047584
vn -0.453688413 -0.885577321 0.0995974541
vn -0.463296741 -0.886193752 0.00409997115
vn -0.99482286 0.0848019496 -0.056001287
vn -0.996865809 0.00579980109 0.0788972899
vn -0.992989659 0.111298844 -0.0397995859
vn 0.886071026 0.462484896 -0.0313989706
vn 0.817418277 0.569512784 -0.0865019336
vn 0.840114474 0.532109201 -0.105201811
vn 0.999378562 0.00999978464 -0.033799272
vn 0.999464452 0.0125995521 -0.030198928
vn 0.999445379 0.0119005404 -0.0311014112
vn 0.851881623 0.52318871 -0.0238994863
vn 0.850202918 0.52300179 0.0602002069
vn 0.809706271 0.586504519 -0.0197001509
vn -0.936430991 0.339111209 0.0900029764
vn -0.956749022 0.28951481 0.0285014603
vn -0.944482982 0.318394244 0.0810985342
vn -0.959666193 0.27959013 0.0294989608
vn -0.956884801 0.283795506 0.0618990175
vn 0.9728176 -0.228804141 -0.035700649
vn 0.980602264 -0.191300452 -0.0427001007
vn 0.977336049 -0.155905753 -0.143205285
vn -0.999553502 -0.0111994781 -0.0276987106
vn -0.997307301 -0.0372002684 -0.0632004589
vn -0.999336302 0.0240008719 -0.0274009947
vn 0.550685942 -0.12579678 0.825178921
vn 0.438298672 -0.142899573 0.88739723
vn 0.543415725 -0.151804402 0.82562393
vn 0.893876195 -0.416688919 -0.165395603
vn 0.855583549 -0.517590046 -0.00879983045
vn 0.860891104 -0.497794867 -0.105198912
vn 0.956802905 -0.290700853 0.00460001407
vn 0.94274348 -0.280512929 0.180408314
vn 0.94709748 -0.279699266 0.15739958
vn 0.288292229 0.223993972 0.930974901
vn 0.243599251 0.130199611 0.961097062
vn 0.265305609 0.142203003 0.953620136
vn -0.855025291 -0.383111328 0.349510342
vn -0.847721875 -0.371309608 0.37880978
vn -0.853586376 -0.380993903 0.355294317
vn -0.989763379 0.131695122 0.0549979694
vn -0.935296297 -0.279598892 0.216899142
vn -0.966815352 0.121001922 0.22500357
vn -0.633074999 0.757670164 0.158593759
vn -0.685182691 0.727781653 0.0292992629
vn -0.691197932 0.718497872 0.0774997696
vn 0.698029339 -0.690729022 0.188807935
vn 0.651665032 -0.704662144 0.280684918
vn 0.656569183 -0.705166876 0.26768741
vn 0.827628136 -0.49631688 -0.262108922
vn 0.935016394 -0.354206234 -0.0168002937
vn 0.918391585 -0.33769691 -0.206198111
vn 0.870700598 0.276100188 0.407000303
vn 0.881960452 0.233389527 0.409481615
vn 0.890385151 0.253195792 0.378293693
vn -0.524713397 0.819420934 0.230705887
vn -0.749481857 0.633784711 0.19129537
vn -0.629401982 0.757002413 0.175500557
vn 0.958631992 0.117403917 0.259308636
vn 0.934942424 -0.194887996 0.296481729
vn 0.81958127 -0.200095445 0.536887705
vn 0.942043245 0.160307363 -0.294713527
vn 0.953724205 0.131903335 -0.270206869
vn 0.957015038 0.199103132 -0.210903302
vn 0.949621737 0.0848019421 -0.30170691
vn 0.915454626 0.245814651 -0.318618983
vn 0.341298252 0.0220998861 0.939695179
vn 0.431510597 -0.129103169 0.892821908
vn 0.36240238 0.0994006544 0.926706076
vn 0.553693712 0.148398325 0.819390774
vn 0.593272507 -0.0862959996 0.800362945
vn 0.487314612 0.00070002093 0.873226166
vn 0.000800006092 -0.0280002132 -0.999607623
vn 0.00469984859 0.00649979105 -0.999967813
vn 0.0150002819 -0.0523009822 -0.998518765
vn -0.0469013415 -0.0730020851 -0.996228456
vn -0.0703971758 -0.0962961316 -0.992860138
vn -0.0857976153 -0.0383989327 -0.995572329
vn -0.999315619 -0.0215003379 0.0301004704
vn -0.992702484 0.0333000869 0.115900293
vn -0.993797958 0.0423999131 0.102799788
vn 0.0293993391 -0.0312992968 -0.999077559
vn -0.00829970557 0.00139995036 -0.999964595
vn 0.00289985957 -0.0220989306 -0.999751627
vn -0.645506442 -0.539105356 -0.541005433
vn -0.645506442 -0.539105356 -0.541005433
vn -0.645506442 -0.539105356 -0.541005433
vn -0.532226324 -0.819340587 -0.213110566
vn -0.482024968 -0.876145422 0.00460023852
vn -0.508814216 -0.860424042 -0.0279007796
vn -0.945920348 -0.310206652 0.0949020311
vn -0.970595121 -0.239298791 0.0260998681
vn -0.950571299 -0.292891145 0.10309688
vn -0.976421475 -0.124002725 0.176703885
vn -0.985987127 -0.141098157 0.0889988393
vn -0.978053331 -0.182791278 0.0999952257
vn -0.845904648 -0.360001981 0.393502176
vn -0.77025044 -0.434772044 0.46656999
vn -0.813633978 -0.301612616 0.497020751
vn -0.899492323 -0.262497753 0.349297017
vn -0.863422036 -0.391710013 0.317908108
vn -0.855116725 -0.320106268 0.407807976
vn 0.987100005 0.159899995 -0.00810000021
vn 0.975365639 0.208992645 0.0705975145
vn 0.95926255 0.263189733 -0.102695994
vn 0.90488255 0.311594009 0.289994389
vn 0.96486789 0.245191813 0.0943968594
vn 0.996384144 0.0032999476 0.0848986506
vn -0.803375781 0.440586746 0.400587916
vn -0.810732067 0.394515604 0.432517111
vn -0.802194893 0.411197364 0.43289721
vn -0.835502803 -0.315901041 0.449601531
vn -0.782269061 -0.352986038 0.513279736
vn -0.849700153 -0.266600043 0.454900116
vn 0.88498944 -0.363395691 0.291096538
vn 0.875623882 -0.386010528 0.290307939
vn 0.885546803 -0.324917167 0.332017541
vn -0.950052023 -0.30558455 0.063396804
vn -0.940982819 -0.301594526 -0.153597206
vn -0.964740992 -0.149806365 -0.216409191
vn 0.447775453 0.0399978012 -0.893250942
vn 0.577915072 -0.0332008675 -0.815421283
vn 0.533212781 0.0165003948 -0.845820189
vn -0.311083764 0.272585779 -0.910452485
vn -0.369195819 0.294696629 -0.881389976
vn -0.338202477 0.284602076 -0.897006571
vn 0.86933136 -0.273109823 0.411914885
vn 0.868351042 -0.282216579 0.40782395
vn 0.766906798 -0.477204263 0.429103822
vn 0.218692288 -0.108296186 0.969765782
vn 0.228107706 -0.123804174 0.965732574
vn 0.190605566 -0.106903121 0.975828469
vn -0.919638634 -0.392716497 0.00620026095
vn -0.955965281 -0.259490579 -0.137095019
vn -0.863085628 -0.499291658 -0.0760987327
vn 0.951244235 0.034401603 0.306514263
vn 0.93186307 -0.0652974173 0.35688585
vn 0.960107386 -0.144501105 0.239401847
vn 0.918998897 -0.0747999102 0.387099534
vn 0.878045499 -0.0346017927 0.477324694
vn 0.927871943 -0.00279991515 0.372888714
vn 0.169390529 0.947246969 -0.272084773
vn 0.170697168 0.968983889 -0.178697035
vn 0.118602529 0.987321019 -0.105502248
vn -0.303685576 0.952754736 -0.00579972472
vn -0.310988128 0.950163722 -0.0217991676
vn -0.306881249 0.951641858 -0.014199133
vn -0.509908974 0.83111465 0.221903905
vn -0.49038139 0.837468266 0.241190881
vn -0.552106261 0.803509057 0.222602502
vn -0.623399317 -0.593199432 -0.509399474
vn -0.622221887 -0.591920793 -0.512318015
vn -0.628701091 -0.596601009 -0.498800874
vn 0.523799121 0.661098838 0.53719902
vn 0.526201487 0.646501839 0.552401543
vn 0.52429533 0.656694233 0.542095244
vn 0.995501459 -0.0896001235 -0.0308000445
vn 0.994255722 -0.0370983444 -0.100395523
vn 0.990907431 -0.0461003482 -0.126400933
vn 0.996943057 -0.016800724 -0.0763032958
vn 0.990649283 -0.0586029142 -0.123206131
vn 0.989563644 -0.0962964594 -0.107196055
vn -0.999807894 -0.0144001134 0.0133001041
vn -0.996576965 -0.0305992942 -0.0767982304
vn -0.995216846 0.00750012696 -0.0974016488
vn -0.66038686 0.00779984519 0.750885069
vn -0.742575347 0.144095212 0.654078245
vn -0.692915797 -0.14240323 0.706816077
vn -0.845984817 0.330794066 0.418192476
vn -0.92355758 0.38338238 0.00769964652
vn -0.954750299 0.286915123 -0.0783041269
vn -0.997232616 -0.0726023689 -0.0160005242
vn -0.99592483 -0.0832020789 -0.0348008685
vn -0.989415526 -0.10140159 -0.103801623
vn -0.993250251 -0.0921046585 -0.0705035627
vn -0.988794267 -0.125399292 -0.0809995309
vn -0.994477451 -0.058998663 -0.0867980346
vn -0.995683908 -0.00139997737 0.0927985013
vn -0.989735246 -0.142905086 -0.00150005333
vn -0.972545087 -0.150606975 0.177408218
vn -0.99878484 -0.0123998122 0.0476992764
vn -0.996261656 -0.0832967982 0.0228991192
vn -0.998377681 -0.0474989377 0.0313992985
vn 0.861324549 -0.492614061 0.124303542
vn 0.814302683 -0.579901934 0.0250000823
vn 0.847301722 -0.531101048 -0.0034000068
vn -0.874537945 0.478820801 -0.0769033358
vn -0.874537945 0.478820801 -0.0769033358
vn -0.854588032 0.505792916 -0.117698349
vn -0.839424074 -0.29380843 -0.457213104
vn -0.808658004 -0.146792367 -0.569670439
vn -0.806177378 -0.249093011 -0.53668493
vn -0.408996463 0.911992073 0.0314997286
vn -0.416509539 0.896920502 0.148503393
vn -0.414014071 0.8986305 0.14510493
vn 0.0902033597 0.452416867 0.887233019
vn 0.0990963876 0.43948397 0.892767429
vn 0.0767997727 0.420798719 0.903897285
vn 0.301092625 0.348891497 0.887478352
vn 0.309803009 0.384903759 0.869408488
vn 0.234102607 0.330503672 0.914310217
vn 0.0662981644 0.313491315 0.94727385
vn 0.0465013944 0.234807029 0.970929086
vn 0.0670022443 0.272809148 0.959732175
vn -0.999110281 0.0376003869 0.0191001948
vn -0.997861922 -0.0508980565 -0.0409984365
vn -0.999584258 -0.0221996494 0.0183997098
vn -0.764320731 -0.644617438 0.0168004557
vn -0.774147511 -0.632857025 -0.0136990715
vn -0.757327795 -0.653023899 -0.0038001393
vn -0.990915239 0.0980015099 -0.0921014249
vn -0.999152899 0.0147993024 -0.0383981913
vn -0.999058545 0.0431982093 -0.00399983441
vn 0.000400023942 0.891953409 0.452127099
vn 0.0894950926 0.916549683 0.389778614
vn 0.169205412 0.911529183 0.374812007
vn 0.225794762 0.804481387 0.549387276
vn 0.245803401 0.846411705 0.472406536
vn 0.267600566 0.83580178 0.479401052
vn 0.377417266 0.136406243 0.915941894
vn 0.528583884 0.104096822 0.842474282
vn 0.749099851 0.0740999803 0.658299804
vn -0.993311644 -0.0919010714 -0.0699008182
vn -0.948783875 -0.306894779 0.0749987289
vn -0.998254836 -0.0288986918 -0.051497668
vn 0.534417748 0.845128 0.0125004146
vn 0.527702212 0.84880358 0.0326001346
vn 0.497092664 0.867487192 -0.019099718
vn -0.825105488 0.553603709 0.112800755
vn -0.79350996 0.588407397 0.155301958
vn -0.830508292 0.543005407 0.124101236
vn 0.231512398 -0.132607102 0.963751614
vn 0.258310825 0.102204293 0.960640311
vn 0.105204351 0.0706029236 0.991941094
vn 0.468198776 -0.252099335 0.846897781
vn 0.565035224 -0.0681042448 0.82225126
vn 0.517402649 -0.0820004195 0.851804316
vn 0.0293004513 0.0105001619 -0.999515414
vn -0.00409987662 -0.0322990268 -0.999469817
vn 0.0324006081 0.0106001981 -0.999418736
vn 0.126704589 0.00300010876 -0.991935968
vn 0.114098579 -0.0367995426 -0.992787659
vn 0.107502095 0.0192003753 -0.994019389
vn 0.852064073 0.522877932 -0.0241989791
vn 0.866033316 0.494919062 -0.0710027292
vn 0.877924323 0.47551316 -0.0560015514
vn -0.994314134 -0.101501442 -0.0322004594
vn -0.976889849 -0.212597787 0.0220997706
vn -0.989201188 -0.141000167 0.0400000475
vn 0.0377989858 -0.314891577 0.948374629
vn 0.048501879 -0.304311812 0.951336861
vn 0.0365983695 -0.315985948 0.948057711
vn 0.433307439 -0.422807276 0.795913696
vn 0.400101095 -0.362801015 0.841602325
vn 0.435082614 -0.399584055 0.806867838
vn 0.094998695 0.0342995264 -0.994886339
vn -0.102494888 -0.0309984535 -0.994250417
vn 0.00130000385 0.0489001423 -0.9988029
vn -0.987724721 -0.156203911 -0.000200005001
vn -0.967998266 -0.248199567 0.0370999314
vn -0.981290162 -0.166198328 0.0971990302
vn 0.901480317 -0.342292547 0.264894217
vn 0.917132974 -0.294110566 0.26900968
vn 0.892117143 -0.350406736 0.285205483
vn -0.116799682 -0.0683998168 -0.990797281
vn -0.165003583 -0.0184003972 -0.986121356
vn -0.143398702 0.0501995459 -0.988391042
vn 0.483871698 -0.567066789 0.666560948
vn 0.454975337 -0.586068213 0.670463622
vn 0.462668806 -0.5726614 0.676754355
vn -0.410504878 -0.911710858 -0.0164001938
vn -0.488280445 -0.871765137 0.0400983952
vn -0.489007711 -0.87221384 0.01070017
vn -0.0038001549 0.107104369 -0.994240522
vn -0.0324990377 0.201394051 -0.978971064
vn 0.031401284 0.218908966 -0.975239933
vn 0.799194753 -0.145899042 0.583096206
vn 0.783282399 -0.0627985895 0.618486106
vn 0.83060807 -0.28980279 0.475504607
vn 0.99025321 -0.0770963579 -0.115994513
vn 0.990873218 -0.0734980106 -0.112996943
vn 0.991139948 -0.0717028826 -0.1118045
vn -0.179091558 0.983453572 0.0272987112
vn -0.10469579 0.990460157 -0.0895963907
vn -0.227507681 0.973732829 0.00920031033
vn 0.556995034 -0.822792649 0.112998992
vn 0.559094787 -0.820892394 0.116398923
vn 0.553598344 -0.825997472 0.106099673
vn 0.178200915 -0.971804976 0.154400796
vn 0.178700343 -0.971601844 0.155100286
vn 0.177293047 -0.972161889 0.153193995
vn -0.969476521 -0.16539599 -0.180995598
vn -0.972783387 -0.164397195 -0.163297206
vn -0.929012358 -0.083501108 -0.360504776
vn -0.982604325 0.00200000894 0.185700819
vn -0.920135319 0.0883033872 0.381514668
vn -0.955726266 0.0355009772 0.292108059
vn 0.687377155 -0.106996454 0.71837616
vn 0.519105554 0.322803438 0.79140842
vn 0.825538516 -0.306714296 0.47372207
vn -0.740987599 -0.116198055 -0.661388993
vn -0.843950152 -0.292782724 -0.449473441
vn -0.881733596 -0.0845032185 -0.464117676
vn 0.865454197 -0.297318637 0.403225243
vn 0.932892859 -0.280097842 0.226398259
vn 0.875421345 -0.411610007 0.253406167
vn 0.895671248 -0.103996664 0.43238613
vn 0.894089699 -0.157198176 0.419395179
vn 0.895472169 -0.0957970247 0.434686482
vn 0.720727026 -0.272710204 0.637323916
vn 0.722496152 -0.295598418 0.624996662
vn 0.721415997 -0.281706214 0.632614017
vn 0.257703334 -0.268003464 -0.928312004
vn 0.354181349 -0.244487122 -0.902652502
vn 0.301999599 -0.240399718 -0.922498882
vn -0.784018815 0.481211573 -0.392109424
vn -0.912129521 -0.368311912 -0.179905832
vn -0.994500995 0.02000002 -0.102800101
vn 0.758689821 -0.00889988057 0.651391268
vn 0.767407894 0.0500005111 0.639206529
vn 0.742324054 0.0288009327 0.669421732
vn 0.325389177 -0.0278990716 -0.945168555
vn 0.342887014 -0.0435983501 -0.938364387
vn 0.403193355 -0.007399878 -0.915084898
vn 0.817921937 -0.545514643 0.182804897
vn 0.882707715 -0.446403861 0.146801278
vn 0.857820272 -0.486911535 0.164503887
vn 0.870663047 -0.425081968 0.247489497
vn 0.765577912 -0.626581907 -0.145895779
vn 0.894909739 -0.436104745 -0.0946010277
vn 0.677888751 -0.474192113 0.561790645
vn 0.676986575 -0.456790984 0.577088535
vn 0.597207427 -0.295903683 0.745509386
vn 0.125295922 -0.97296834 0.193993703
vn 0.605882347 -0.795176864 0.0244992878
vn 0.378302902 -0.914206982 0.145301104
vn -0.963617146 0.214403808 0.159602851
vn -0.954570293 0.199893788 0.220993116
vn -0.962602913 0.213400662 0.166900501
vn 0.540911198 -0.324606717 -0.77591604
vn 0.322502375 -0.387302876 -0.86370635
vn 0.602380872 -0.154695079 -0.783075154
vn 0.511327565 0.331817895 -0.79274267
vn 0.58709538 0.278797805 -0.75999397
vn 0.379586279 0.332687974 -0.863268793
vn 0.205502182 0.78080827 0.590006232
vn 0.177510232 0.802146256 0.570132911
vn 0.180603743 0.767715871 0.614812672
vn 0.354697198 0.161698729 -0.920892715
vn 0.300603181 0.225902393 -0.926609814
vn 0.340308219 0.142703444 -0.929422438
vn 0.883459628 -0.00519976253 0.46847859
vn 0.883397162 -0.00499998359 0.468598485
vn 0.88349998 -0.00540000014 0.468400002
vn 0.316292018 -0.240093932 0.917776823
vn 0.372901291 -0.248400867 0.894003093
vn 0.386092216 -0.102197938 0.916781545
vn -0.0227994248 -0.0304992311 -0.99927479
vn -0.0279009193 -0.0309010167 -0.999132931
vn -0.0279009193 -0.0309010167 -0.999132931
vn -0.942809105 0.235602275 0.235802278
vn -0.93600291 0.244100779 0.253600806
vn -0.93600291 0.244100779 0.253600806
vn -0.997160316 -0.0012999482 -0.0752970055
vn -0.994246304 -0.015400717 -0.106004938
vn -0.996267378 -0.00949968863 -0.0857971907
vn -0.983524442 -0.157403901 0.0889022052
vn -0.984988034 -0.152598143 0.0806990266
vn -0.98532331 -0.143203378 0.0929021984
vn -0.30638361 -0.0749959946 -0.948949277
vn -0.30440706 -0.0620014407 -0.950522065
vn -0.310197502 -0.0961992219 -0.945792377
vn 0.0847957879 0.954952598 0.28438589
vn 0.0622975156 0.969561338 0.236790553
vn 0.066001147 0.964816749 0.254504412
vn -0.999440134 -0.033001326 0.00550022069
vn -0.999606669 -0.0280001871 0.00160001067
vn -0.99953568 -0.0303010829 0.00320011424
vn -0.977736175 0.053101968 0.203007504
vn -0.980645239 0.0412019007 0.191408843
vn -0.979367614 0.0467984527 0.196593508
vn 0.758497179 -0.613597751 -0.219499186
vn 0.760613501 -0.612110913 -0.216303855
vn 0.760206282 -0.612405062 -0.216901794
vn -0.997214377 0.0219003148 -0.0713010281
vn -0.997404993 0.0266001336 -0.0669003353
vn -0.997499168 0.0218999814 -0.067199938
vn 0.315205991 -0.801415205 0.508309662
vn 0.34149456 -0.8065871 0.482492298
vn 0.372807264 -0.786415339 0.492509604
vn 0.738333344 -0.596926928 0.31391415
vn 0.852169394 -0.429084599 0.29948923
vn 0.741206765 -0.599505484 0.302002758
vn 0.987027228 -0.0120003307 0.160104409
vn 0.997966647 -0.0384987146 0.0507983007
vn 0.996317387 0.0793013871 0.0326005705
vn 0.926180542 -0.332693011 0.177496269
vn 0.94307375 -0.312691301 0.113296852
vn 0.95171982 -0.301106274 0.059701249
vn 0.375298381 0.498097867 0.781696677
vn 0.291295439 0.507391989 0.810987234
vn 0.525378585 0.416483045 0.741969764
vn 0.635026991 -0.0730031058 0.769032717
vn 0.635838866 -0.0792048499 0.767746985
vn 0.642328203 -0.0677029714 0.763433576
vn 0.999076247 -0.00249994034 -0.042898979
vn 0.999282181 -0.0144997407 -0.0349993743
vn 0.990991473 -0.0946991891 -0.0946991891
vn -0.471176982 0.0119994143 -0.881956995
vn -0.465200633 -0.0549000725 -0.883501172
vn -0.449906856 -0.010500161 -0.893013656
vn -0.107001998 0.277605176 -0.954717815
vn -0.129105687 0.294012964 -0.94704175
vn -0.0873966143 0.279489189 -0.956162989
vn 0.544115424 0.796622574 0.263307452
vn 0.549211562 0.793416679 0.262405545
vn 0.605808556 0.728110313 0.32070452
vn -0.991596282 -0.128999501 0.00979996286
vn -0.994033873 -0.108103678 0.0145004932
vn -0.983853996 -0.178291649 0.0155992704
vn -0.0352995694 0.993887842 0.104598723
vn 0.0270999279 0.974897385 0.220999405
vn -0.0392986536 0.99866581 0.0334988534
vn -0.581213236 0.206104696 -0.787217915
vn -0.536194742 0.185798168 -0.823391914
vn -0.566332459 0.178810254 -0.804546118
vn 0.982164741 -0.184793368 -0.0346987508
vn 0.955306113 -0.279801786 -0.0954006091
vn 0.974714994 -0.215603322 -0.0587009005
vn 0.0904995129 0.234498724 0.967894733
vn 0.0844963714 0.21989055 0.971858263
vn 0.0572996624 0.172198966 0.983394146
vn -0.997961521 0.0511980243 -0.0380985327
vn -0.998103619 0.0242000893 -0.0566002093
vn -0.997838438 0.0541020855 -0.0373014361
vn -0.838619351 0.324907511 0.437210113
vn -0.772289813 0.33219561 0.54149282
vn -0.73378545 0.513189852 0.445191175
vn 0.256698608 0.880695224 -0.398097843
vn 0.253493458 0.848578095 -0.464388043
vn 0.296594143 0.844783247 -0.445391178
vn -0.18370159 0.342702955 -0.921307981
vn -0.15059416 0.332887083 -0.930863857
vn -0.168394044 0.339887947 -0.925267279
vn 0.613499284 -0.185499787 0.767599106
vn 0.633503556 -0.142500803 0.760504305
vn 0.70589751 -0.245799124 0.6642977
vn -0.274902821 -0.0430004485 -0.960509956
vn -0.222092688 -0.0105996504 -0.974967897
vn -0.195404768 -0.0542013235 -0.979223847
vn -0.850684464 -0.380893022 0.362293392
vn -0.889318347 -0.284505874 0.358007401
vn -0.902499378 -0.330299795 0.276399821
vn 0.819969952 0.0861968398 -0.565879285
vn 0.923865259 -0.151194319 -0.351586789
vn 0.930196524 0.0406998508 -0.364798635
vn -0.670309305 0.335304648 0.66200918
vn -0.642730057 0.348116279 0.682431877
vn -0.621996939 0.368298173 0.690996587
vn -0.55261451 0.0647016987 -0.830921769
vn -0.531985879 0.0384989753 -0.845877528
vn -0.542086303 0.0900977179 -0.835478842
vn -0.985870898 0.0703979209 0.15199551
vn -0.985732377 0.0725023821 0.151904985
vn -0.986209214 0.0643006042 0.152501434
vn 0.110402711 0.0727017894 -0.991224349
vn 0.119497672 0.0850983486 -0.989180744
vn 0.118600532 0.0989004448 -0.988004386
vn -0.488304853 -0.851108491 0.192801908
vn -0.568398714 -0.797798157 0.201099545
vn -0.539117992 -0.834327817 0.115103841
vn 0.771013319 -0.185803205 0.609110475
vn 0.822383761 -0.175496534 0.541189313
vn 0.801886201 -0.203396484 0.561790287
vn -0.988767087 0.110996313 0.100096673
vn -0.985554039 0.0649969652 0.156392694
vn -0.990670681 0.0980970934 0.0945971981
vn 0.998884499 0.00629990268 0.0467992723
vn 0.998884499 0.00699989172 0.0466992781
vn 0.998903155 0.00820002612 0.0461001471
vn 0.484614164 0.0230006725 0.87442559
vn 0.483176947 0.0388981402 0.874658227
vn 0.468021691 0.029001344 0.883240938
vn 0.912606597 0.358902603 0.195801422
vn 0.913071632 0.359988838 0.191594034
vn 0.91272372 0.359309316 0.194505051
vn 0.841464102 -0.418882161 0.341285467
vn 0.841005862 -0.421002895 0.339802384
vn 0.841217816 -0.420008868 0.340507209
vn -0.72779423 -0.600795209 -0.330697387
vn -0.73040235 -0.608001888 -0.311200976
vn -0.739715934 -0.597412884 -0.309706688
vn 0.556687117 -0.718483448 0.416990399
vn 0.609030902 -0.683534682 0.402320445
vn 0.611674607 -0.606474817 0.507978916
vn -0.997835219 -0.0253008921 -0.0607021414
vn -0.998854995 -0.0396982133 -0.0266987961
vn -0.996970534 -0.0676980019 -0.0382988676
vn -0.936312914 0.349104822 0.038000524
vn -0.914376199 0.40228954 -0.0455988161
vn -0.90260607 0.430302918 -0.0119000804
vn -0.847140133 0.240511388 0.473822445
vn -0.977109909 -0.0793008059 0.197402015
vn -0.799595296 -0.273398399 0.534696817
vn -0.0614021271 0.8177284 0.572319925
vn -0.0588025041 0.816934824 0.573724449
vn -0.051998999 0.816084266 0.575588942
vn -0.518793225 -0.81948936 0.24349682
vn -0.524691343 -0.815186501 0.245295942
vn -0.543006182 -0.803009093 0.245602801
vn -0.997439265 -0.0273010768 0.0661026016
vn -0.976610303 -0.209002212 0.0505005345
vn -0.990818322 -0.130802408 0.0342006348
vn -0.991981685 -0.0777985603 0.0995981619
vn -0.996617377 -0.0279004872 0.0773013458
vn -0.992689073 -0.0961989388 -0.0728991926
vn -0.156193063 0.917659163 -0.365383744
vn -0.166792721 0.919059813 -0.357084394
vn -0.163994819 0.910671234 -0.379188031
vn -0.109194942 0.113194756 -0.987554252
vn -0.139000908 0.0687004551 -0.987906456
vn -0.154697999 0.127598345 -0.979687333
vn 0.998290956 -0.0436996035 -0.0387996472
vn 0.988023162 0.0885020792 -0.126402959
vn 0.99406898 0.104896732 0.0286991037
vn 0.10380505 -0.00990048237 -0.99454838
vn 0.145599201 -0.0496997237 -0.988094509
vn 0.141498581 0.0496995002 -0.988690078
vn -0.091603674 0.0176007058 -0.99563992
vn -0.120599225 0.181898817 -0.975893736
vn -0.048498977 0.0477989912 -0.997678936
vn 0.448918283 0.815933228 0.364314854
vn 0.658507347 0.734308183 0.164801836
vn 0.45719403 0.829689145 0.320295811
vn 0.981118262 -0.15810293 0.111402072
vn 0.969978392 -0.12829712 -0.206595376
vn 0.786311567 -0.479907036 0.389105707
vn -0.272713631 -0.956347823 -0.105005249
vn -0.238591328 -0.945265591 -0.222591892
vn -0.275586754 -0.955054104 -0.109194756
vn -0.998170495 -0.0192994308 -0.0572983064
vn -0.998170495 -0.0192994308 -0.0572983064
vn -0.998170495 -0.0192994308 -0.0572983064
vn -0.998520434 -0.0130002666 -0.05280108
vn -0.979354739 0.197190896 0.0444979444
vn -0.989339888 0.120204851 0.0822033137
vn -0.997545302 -0.0171007775 0.0679030865
vn -0.989712119 0.0724008903 0.123401508
vn -0.781062663 0.113394588 0.614070654
vn -0.792662382 0.14579308 0.591971934
vn -0.840003371 0.176700711 0.513002098
vn -0.76563108 0.155006289 0.624325335
vn -0.9989416 -0.0457019024 0.00520021655
vn -0.998280883 -0.0576988943 -0.0102998028
vn -0.998874247 -0.0447988436 0.0155995972
vn -0.999143362 -0.0400017351 0.0106004588
vn -0.79652375 0.445813268 0.408412158
vn -0.78348434 0.406291902 0.470190614
vn -0.761326134 0.457815707 0.459115773
vn -0.755892813 0.529894948 0.384496331
vn 0.0325001068 -0.0462001562 -0.99840337
vn 0.0290002692 -0.0272002537 -0.999209285
vn 0.0523991846 -0.0296995398 -0.998184502
vn 0.0594994314 -0.00869991723 -0.998190463
vn -0.995313168 -0.0967012793 -0.00070000923
vn -0.999860644 0.0128994929 -0.0105995825
vn -0.99758637 -0.0629991367 -0.0291996002
vn -0.998816609 -0.0260004345 -0.0411006808
vn -0.987906575 -0.00680004526 0.154901028
vn -0.997447252 -0.0422019996 0.0576027296
vn -0.984751284 -0.0862044916 0.151107863
vn -0.983452857 -0.177809551 0.0347018614
vn -0.997762918 0.0617977045 0.0254990514
vn -0.999141812 0.0414017327 -0.00120005023
vn -0.997357786 -0.0392983332 -0.0610974133
vn -0.99995029 -0.00930046849 0.00360018108
vn 0.534388781 -0.701785266 -0.471090138
vn 0.536288679 -0.698985279 -0.473090023
vn 0.587010741 -0.692712724 -0.419007689
vn 0.5851143 -0.695517004 -0.417010188
vn -0.964593768 -0.177798837 0.194798753
vn -0.983096242 -0.111399576 0.145299435
vn -0.981882036 -0.100898154 0.160397068
vn -0.987725317 -0.0964024737 0.122903153
vn 0.993730307 0.0957029164 -0.057801757
vn 0.993516564 -0.00650010863 -0.113501891
vn 0.992501855 -0.0503000915 -0.111400209
vn 0.989486814 0.0818989053 -0.119198412
vn 0.629387498 -0.242195189 0.73838532
vn 0.714005232 -0.299802214 0.632704675
vn 0.68068105 -0.107297011 0.724679768
vn 0.629403472 -0.242401332 0.738304079
vn -0.205207199 0.0607021265 -0.976834238
vn -0.190093488 0.068597652 -0.979366481
vn -0.147097617 0.0568990782 -0.987484038
vn -0.201303899 0.0316006094 -0.979018927
vn -0.98727113 0.155895442 -0.0314990804
vn -0.979256272 0.188591585 -0.0740966946
vn -0.986116827 0.155102655 -0.0593010113
vn -0.985768974 0.164894804 -0.0326989703
vn -0.989067495 0.144895241 -0.0273991004
vn 0.931838512 -0.322313309 0.166706905
vn 0.941438973 -0.230909571 0.245710164
vn 0.802414775 -0.474808723 0.361506671
vn 0.906234741 -0.355313629 0.229108796
vn 0.848921537 -0.434911013 0.300307602
vn -0.226797163 -0.285396427 0.931188405
vn 0.0489990264 -0.304093987 0.951381147
vn -0.0728999898 -0.327600002 0.941999912
vn -0.215497702 -0.27119711 0.938089967
vn 0.339592785 0.253094614 0.905880749
vn 0.290302187 0.361302704 0.88610667
vn 0.380699694 0.171799868 0.908599257
vn 0.357904911 0.339604676 0.869811952
vn 0.642491519 -0.626891732 0.440694183
vn 0.698272288 -0.598576188 0.392584413
vn 0.694756448 -0.512467861 0.504668355
vn 0.639440238 -0.625239313 0.447428137
vn -0.0972959772 -0.316286892 0.943660975
vn -0.215402201 -0.30610314 0.927309453
vn -0.214994833 -0.307692587 0.926877737
vn -0.250196695 -0.294596106 0.922287822
vn 0.325508446 0.920323908 -0.216905639
vn 0.325397849 0.931193888 -0.164298907
vn 0.332712144 0.91863358 -0.213107795
vn 0.299785376 0.934054375 -0.19409053
vn 0.964213669 0.229003251 -0.133601889
vn 0.983975887 0.177095652 -0.0206994936
vn 0.98049438 0.194498882 -0.0282998383
vn 0.953281879 0.275594741 -0.123697653
vn -0.997528374 0.0241006855 -0.0660018772
vn -0.998686731 0.0186997503 -0.0476993658
vn -0.995391607 0.0517995618 -0.0806993172
vn -0.995135248 0.00650023017 -0.0983034819
vn -0.175497457 -0.034199506 -0.983885765
vn -0.0981984958 -0.0441993251 -0.994184792
vn -0.117003895 -0.105303511 -0.987532914
vn -0.135806054 -0.159307092 -0.977843583
vn -0.331198424 -0.797996163 0.503497541
vn -0.408394903 -0.830589652 0.378595293
vn -0.464372784 -0.788853765 0.402576357
vn -0.381912887 -0.766725898 0.516017377
vn 0.488199145 0.791398585 0.367899358
vn 0.482391447 0.795185864 0.367393464
vn 0.505613565 0.817622006 0.275407404
vn 0.449992418 0.836085916 0.313794732
vn -0.0859035105 0.957739115 0.274511218
vn -0.0359987691 0.954667389 0.295489907
vn -0.134103835 0.987228274 0.0860024616
vn -0.0859016478 0.983918905 0.156602994
vn 0.795411587 -0.476906955 0.374005437
vn 0.803030908 -0.495819092 0.330612749
vn 0.823138535 -0.469621986 0.31921497
vn 0.768980682 -0.502487361 0.39519006
vn 0.9973436 -0.0725031644 0.00700030616
vn 0.999089956 -0.0293997042 0.0308996867
vn 0.999544799 -0.0286012813 0.00960043073
vn 0.995199025 -0.0976999104 0.00579999434
vn -0.19900015 0.970600724 -0.135400102
vn -0.285207719 0.939625382 -0.189105108
vn -0.154494554 0.965766013 -0.208392665
vn -0.275199115 0.933297038 -0.230699256
vn -0.99871242 -0.0392004885 -0.0322003998
vn -0.998839796 -0.0337013453 -0.0344013758
vn -0.996186316 -0.0168997664 -0.0855988264
vn -0.998501539 -0.0428000689 -0.034100052
vn -0.999992967 0.00359997456 0.00109999231
vn -0.999110878 -0.0211002287 0.0365003981
vn -0.998969674 -0.0441986583 0.0102996873
vn -0.99835372 0.0343984105 0.0458978713
vn 0.997354031 -0.0626971126 -0.0367983058
vn 0.997364104 -0.0431984439 -0.0582979023
vn 0.999137759 -0.0376014188 0.017600663
vn 0.99685353 -0.0655969381 -0.0444979258
vn 0.079701595 -0.147002935 -0.985919714
vn 0.136096343 -0.133396417 -0.981673717
vn 0.0639007986 -0.152001902 -0.98631233
vn 0.00780030759 -0.16090633 -0.986938834
g MESH_VRKS_Straight_B_Submesh0
f 1/1/1 2/2/2 3/3/3
f 4/4/4 5/5/5 6/6/6
f 7/7/7 8/8/8 4/4/4
f 9/9/9 10/10/10 11/11/11
f 12/12/12 13/13/13 14/14/14
f 15/15/15 16/16/16 17/17/17
f 18/18/18 19/19/19 20/20/20
f 21/21/21 22/22/22 23/23/23
f 24/24/24 25/25/25 26/26/26
f 27/27/27 28/28/28 29/29/29
f 30/30/30 31/31/31 29/29/29
f 32/32/32 33/33/33 34/34/34
f 35/35/35 36/36/36 37/37/37
f 38/38/38 39/39/39 40/40/40
f 41/41/41 42/42/42 43/43/43
f 44/44/44 45/45/45 46/46/46
f 47/47/47 48/48/48 49/49/49
f 50/50/50 51/51/51 52/52/52
f 53/53/53 54/54/54 55/55/55
f 56/56/56 57/57/57 58/58/58
f 59/59/59 60/60/60 61/61/61
f 62/62/62 63/63/63 64/64/64
f 65/65/65 66/66/66 67/67/67
f 68/68/68 69/69/69 70/70/70
f 71/71/71 72/72/72 73/73/73
f 74/74/74 75/75/75 76/76/76
f 77/77/77 78/78/78 79/79/79
f 80/80/80 81/81/81 82/82/82
f 83/83/83 84/84/84 85/85/85
f 86/86/86 87/87/87 88/88/88
f 89/89/89 90/90/90 91/91/91
f 92/92/92 93/93/93 94/94/94
f 95/95/95 96/96/96 97/97/97
f 98/98/98 99/99/99 100/100/100
f 101/101/101 102/102/102 103/103/103
f 104/104/104 105/105/105 106/106/106
f 107/107/107 108/108/108 109/109/109
f 110/110/110 111/111/111 112/112/112
f 113/113/113 114/114/114 115/115/115
f 116/116/116 117/117/117 118/118/118
f 119/119/119 120/120/120 121/121/121
f 122/122/122 123/123/123 124/124/124
f 125/125/125 126/126/126 127/127/127
f 128/128/128 129/129/129 130/130/130
f 131/131/131 132/132/132 133/133/133
f 134/134/134 135/135/135 136/136/136
f 137/137/137 138/138/138 139/139/139
f 140/140/140 141/141/141 142/142/142
f 143/143/143 144/144/144 145/145/145
f 146/146/146 147/147/147 148/148/148
f 149/149/149 150/150/150 151/151/151
f 152/152/152 153/153/153 154/154/154
f 155/155/155 156/156/156 157/157/157
f 158/158/158 159/159/159 160/160/160
f 161/161/161 162/162/162 163/163/163
f 164/164/164 165/165/165 166/166/166
f 167/167/167 168/168/168 164/164/164
f 169/169/169 170/170/170 171/171/171
f 172/172/172 173/173/173 174/174/174
f 175/175/175 176/176/176 177/177/177
f 178/178/178 179/179/179 180/180/180
f 181/181/181 182/182/182 183/183/183
f 184/184/184 185/185/185 186/186/186
f 187/187/187 188/188/188 189/189/189
f 190/190/190 191/191/191 192/192/192
f 193/193/193 194/194/194 195/195/195
f 196/196/196 197/197/197 198/198/198
f 199/199/199 200/200/200 201/201/201
f 202/202/202 203/203/203 204/204/204
f 205/205/205 206/206/206 207/207/207
f 208/208/208 209/209/209 210/210/210
f 211/211/211 212/212/212 213/213/213
f 214/214/214 215/215/215 216/216/216
f 217/217/217 218/218/218 219/219/219
f 220/220/220 221/221/221 222/222/222
f 223/223/223 224/224/224 225/225/225
f 226/226/226 227/227/227 228/228/228
f 229/229/229 230/230/230 231/231/231
f 232/232/232 233/233/233 234/234/234
f 235/235/235 236/236/236 237/237/237
f 238/238/238 239/239/239 240/240/240
f 241/241/241 242/242/242 243/243/243
f 244/244/244 245/245/245 246/246/246
f 247/247/247 248/248/248 249/249/249
f 250/250/250 251/251/251 252/252/252
f 253/253/253 254/254/254 255/255/255
f 256/256/256 257/257/257 258/258/258
f 259/259/259 260/260/260 261/261/261
f 262/262/262 263/263/263 264/264/264
f 265/265/265 266/266/266 267/267/267
f 268/268/268 269/269/269 270/270/270
f 271/271/271 272/272/272 273/273/273
f 274/274/274 275/275/275 276/276/276
f 277/277/277 278/278/278 279/279/279
f 280/280/280 281/281/281 282/282/282
f 283/283/283 284/284/284 285/285/285
f 286/286/286 287/287/287 288/288/288
f 289/289/289 290/290/290 291/291/291
f 292/292/292 293/293/293 294/294/294
f 295/295/295 296/296/296 297/297/297
f 298/298/298 299/299/299 300/300/300
f 301/301/301 302/302/302 303/303/303
f 304/304/304 305/305/305 306/306/306
f 307/307/307 308/308/308 309/309/309
f 310/310/310 311/311/311 312/312/312
f 313/313/313 314/314/314 315/315/315
f 316/316/316 317/317/317 318/318/318
f 319/319/319 320/320/320 321/321/321
f 322/322/322 323/323/323 324/324/324
f 325/325/325 326/326/326 327/327/327
f 328/328/328 329/329/329 330/330/330
f 331/331/331 332/332/332 333/333/333
f 334/334/334 335/335/335 336/336/336
f 337/337/337 338/338/338 339/339/339
f 340/340/340 341/341/341 342/342/342
f 343/343/343 344/344/344 345/345/345
f 346/346/346 347/347/347 348/348/348
f 349/349/349 350/350/350 351/351/351
f 352/352/352 353/353/353 354/354/354
f 355/355/355 356/356/356 357/357/357
f 358/358/358 359/359/359 360/360/360
f 361/361/361 362/362/362 363/363/363
f 364/364/364 365/365/365 366/366/366
f 367/367/367 368/368/368 369/369/369
f 370/370/370 371/371/371 372/372/372
f 373/373/373 374/374/374 375/375/375
f 376/376/376 377/377/377 378/378/378
f 379/379/379 380/380/380 381/381/381
f 382/382/382 383/383/383 384/384/384
f 385/385/385 386/386/386 387/387/387
f 388/388/388 389/389/389 390/390/390
f 391/391/391 392/392/392 393/393/393
f 394/394/394 395/395/395 396/396/396
f 397/397/397 398/398/398 399/399/399
f 400/400/400 401/401/401 402/402/402
f 403/403/403 404/404/404 405/405/405
f 406/406/406 407/407/407 408/408/408
f 409/409/409 410/410/410 411/411/411
f 412/412/412 413/413/413 414/414/414
f 415/415/415 416/416/416 417/417/417
f 418/418/418 419/419/419 420/420/420
f 419/419/419 421/421/421 422/422/422
f 423/423/423 424/424/424 425/425/425
f 426/426/426 427/427/427 428/428/428
f 429/429/429 430/430/430 431/431/431
f 432/432/432 433/433/433 434/434/434
f 435/435/435 436/436/436 437/437/437
f 438/438/438 439/439/439 440/440/440
f 441/441/441 442/442/442 443/443/443
f 444/444/444 445/445/445 446/446/446
f 447/447/447 448/448/448 449/449/449
f 450/450/450 449/449/449 451/451/451
f 452/452/452 453/453/453 454/454/454
f 455/455/455 456/456/456 457/457/457
f 458/458/458 459/459/459 460/460/460
f 461/461/461 462/462/462 463/463/463
f 464/464/464 465/465/465 466/466/466
f 467/467/467 468/468/468 469/469/469
f 470/470/470 471/471/471 472/472/472
f 473/473/473 474/474/474 475/475/475
f 476/476/476 477/477/477 478/478/478
f 479/479/479 480/480/480 481/481/481
f 482/482/482 483/483/483 484/484/484
f 485/485/485 484/484/484 486/486/486
f 487/487/487 488/488/488 489/489/489
f 490/490/490 491/491/491 492/492/492
f 493/493/493 494/494/494 495/495/495
f 496/496/496 497/497/497 498/498/498
f 499/499/499 500/500/500 501/501/501
f 502/502/502 503/503/503 504/504/504
f 505/505/505 506/506/506 507/507/507
f 508/508/508 509/509/509 510/510/510
f 511/511/511 512/512/512 513/513/513
f 514/514/514 515/515/515 516/516/516
f 517/517/517 518/518/518 519/519/519
f 520/520/520 521/521/521 522/522/522
f 523/523/523 524/524/524 525/525/525
f 526/526/526 527/527/527 528/528/528
f 529/529/529 530/530/530 531/531/531
f 532/532/532 530/530/530 533/533/533
f 534/534/534 535/535/535 536/536/536
f 537/537/537 538/538/538 539/539/539
f 540/540/540 541/541/541 542/542/542
f 543/543/543 544/544/544 545/545/545
f 546/546/546 547/547/547 548/548/548
f 549/549/549 550/550/550 551/551/551
f 552/552/552 553/553/553 554/554/554
f 555/555/555 556/556/556 557/557/557
f 558/558/558 559/559/559 560/560/560
f 561/561/561 562/562/562 563/563/563
f 562/562/562 564/564/564 565/565/565
f 566/566/566 567/567/567 568/568/568
f 569/569/569 570/570/570 571/571/571
f 572/572/572 573/573/573 574/574/574
f 575/575/575 574/574/574 576/576/576
f 577/577/577 578/578/578 579/579/579
f 580/580/580 581/581/581 582/582/582
f 583/583/583 584/584/584 585/585/585
f 586/586/586 587/587/587 588/588/588
f 589/589/589 590/590/590 591/591/591
f 592/592/592 593/593/593 594/594/594
f 595/595/595 596/596/596 597/597/597
f 598/598/598 599/599/599 600/600/600
f 601/601/601 602/602/602 603/603/603
f 604/604/604 605/605/605 606/606/606
f 607/607/607 608/608/608 609/609/609
f 610/610/610 611/611/611 612/612/612
f 613/613/613 614/614/614 615/615/615
f 616/616/616 617/617/617 618/618/618
f 619/619/619 620/620/620 621/621/621
f 622/622/622 623/623/623 624/624/624
f 624/624/624 625/625/625 626/626/626
f 627/627/627 628/628/628 629/629/629
f 630/630/630 631/631/631 632/632/632
f 633/633/633 630/630/630 634/634/634
f 633/633/633 635/635/635 636/636/636
f 637/637/637 638/638/638 639/639/639
f 640/640/640 641/641/641 642/642/642
f 643/643/643 644/644/644 645/645/645
f 646/646/646 647/647/647 648/648/648
f 649/649/649 650/650/650 651/651/651
f 652/652/652 653/653/653 654/654/654
f 652/652/652 655/655/655 656/656/656
f 657/657/657 658/658/658 659/659/659
f 660/660/660 661/661/661 662/662/662
f 663/663/663 664/664/664 665/665/665
f 666/666/666 667/667/667 668/668/668
f 669/669/669 670/670/670 671/671/671
f 672/672/672 673/673/673 674/674/674
f 675/675/675 676/676/676 677/677/677
f 678/678/678 679/679/679 680/680/680
f 681/681/681 682/682/682 683/683/683
f 684/684/684 685/685/685 686/686/686
f 687/687/687 688/688/688 689/689/689
f 690/690/690 691/691/691 689/689/689
f 692/692/692 693/693/693 694/694/694
f 695/695/695 696/696/696 697/697/697
f 698/698/698 699/699/699 700/700/700
f 701/701/701 702/702/702 703/703/703
f 704/704/704 705/705/705 706/706/706
f 707/707/707 708/708/708 709/709/709
f 710/710/710 711/711/711 712/712/712
f 713/713/713 714/714/714 715/715/715
f 716/716/716 717/717/717 718/718/718
f 719/719/719 720/720/720 721/721/721
f 722/722/722 723/723/723 724/724/724
f 725/725/725 726/726/726 727/727/727
f 728/728/728 729/729/729 730/730/730
f 731/731/731 732/732/732 733/733/733
f 734/734/734 735/735/735 736/736/736
f 737/737/737 738/738/738 739/739/739
f 740/740/740 741/741/741 742/742/742
f 743/743/743 744/744/744 745/745/745
f 746/746/746 747/747/747 748/748/748
f 749/749/749 750/750/750 751/751/751
f 752/752/752 753/753/753 754/754/754
f 755/755/755 756/756/756 757/757/757
f 758/758/758 759/759/759 760/760/760
f 761/761/761 762/762/762 763/763/763
f 764/764/764 765/765/765 766/766/766
f 767/767/767 768/768/768 769/769/769
f 770/770/770 771/771/771 772/772/772
f 773/773/773 774/774/774 775/775/775
f 776/776/776 777/777/777 778/778/778
f 779/779/779 780/780/780 781/781/781
f 782/782/782 783/783/783 784/784/784
f 785/785/785 786/786/786 787/787/787
f 788/788/788 789/789/789 790/790/790
f 791/791/791 792/792/792 793/793/793
f 794/794/794 795/795/795 796/796/796
f 797/797/797 798/798/798 799/799/799
f 800/800/800 801/801/801 802/802/802
f 803/803/803 804/804/804 805/805/805
f 806/806/806 807/807/807 808/808/808
f 809/809/809 810/810/810 811/811/811
f 812/812/812 813/813/813 814/814/814
f 815/815/815 816/816/816 817/817/817
f 818/818/818 819/819/819 820/820/820
f 821/821/821 822/822/822 823/823/823
f 824/824/824 822/822/822 825/825/825
f 826/826/826 827/827/827 828/828/828
f 829/829/829 830/830/830 831/831/831
f 832/832/832 833/833/833 834/834/834
f 835/835/835 832/832/832 836/836/836
f 837/837/837 838/838/838 839/839/839
f 840/840/840 841/841/841 842/842/842
f 843/843/843 844/844/844 845/845/845
f 844/844/844 846/846/846 847/847/847
f 848/848/848 849/849/849 850/850/850
f 851/851/851 852/852/852 853/853/853
f 854/854/854 855/855/855 856/856/856
f 857/857/857 858/858/858 859/859/859
f 860/860/860 861/861/861 862/862/862
f 863/863/863 864/864/864 865/865/865
f 866/866/866 867/867/867 868/868/868
f 869/869/869 870/870/870 871/871/871
f 872/872/872 873/873/873 874/874/874
f 875/875/875 876/876/876 877/877/877
f 878/878/878 879/879/879 880/880/880
f 881/881/881 882/882/882 883/883/883
f 884/884/884 885/885/885 886/886/886
f 887/887/887 888/888/888 889/889/889
f 890/890/890 889/889/889 891/891/891
f 892/892/892 893/893/893 894/894/894
f 895/895/895 896/896/896 897/897/897
f 898/898/898 899/899/899 900/900/900
f 901/901/901 902/902/902 903/903/903
f 904/904/904 905/905/905 906/906/906
f 907/907/907 908/908/908 909/909/909
f 910/910/910 908/908/908 911/911/911
f 912/912/912 913/913/913 908/908/908
f 914/914/914 915/915/915 916/916/916
f 917/917/917 918/918/918 919/919/919
f 920/920/920 921/921/921 922/922/922
f 923/923/923 924/924/924 925/925/925
f 926/926/926 927/927/927 928/928/928
f 929/929/929 930/930/930 931/931/931
f 932/932/932 933/933/933 934/934/934
f 935/935/935 936/936/936 937/937/937
f 938/938/938 939/939/939 940/940/940
f 941/941/941 942/942/942 943/943/943
f 944/944/944 945/945/945 946/946/946
f 947/947/947 948/948/948 949/949/949
f 950/950/950 951/951/951 952/952/952
f 953/953/953 954/954/954 955/955/955
f 956/956/956 957/957/957 958/958/958
f 959/959/959 960/960/960 961/961/961
f 962/962/962 963/963/963 964/964/964
f 965/965/965 966/966/966 967/967/967
f 968/968/968 969/969/969 970/970/970
f 971/971/971 972/972/972 973/973/973
f 974/974/974 975/975/975 976/976/976
f 977/977/977 978/978/978 979/979/979
f 980/980/980 981/981/981 982/982/982
f 983/983/983 984/984/984 985/985/985
f 986/986/986 985/985/985 987/987/987
f 988/988/988 989/989/989 990/990/990
f 991/991/991 992/992/992 993/993/993
f 994/994/994 995/995/995 996/996/996
f 997/997/997 998/998/998 999/999/999
f 1000/1000/1000 1001/1001/1001 1002/1002/1002
f 1000/1000/1000 1003/1003/1003 1004/1004/1004
f 1005/1005/1005 1006/1006/1006 1007/1007/1007
f 1008/1008/1008 1009/1009/1009 1010/1010/1010
f 1011/1011/1011 1012/1012/1012 1013/1013/1013
f 1014/1014/1014 1015/1015/1015 1016/1016/1016
f 1017/1017/1017 1018/1018/1018 1019/1019/1019
f 1017/1017/1017 1020/1020/1020 1021/1021/1021
f 1022/1022/1022 1023/1023/1023 1024/1024/1024
f 1025/1025/1025 1026/1026/1026 1027/1027/1027
f 1028/1028/1028 1029/1029/1029 1030/1030/1030
f 1031/1031/1031 1032/1032/1032 1033/1033/1033
f 1034/1034/1034 1035/1035/1035 1036/1036/1036
f 1037/1037/1037 1038/1038/1038 1039/1039/1039
f 1040/1040/1040 1041/1041/1041 1042/1042/1042
f 1043/1043/1043 1044/1044/1044 1045/1045/1045
f 1046/1046/1046 1047/1047/1047 1048/1048/1048
f 1049/1049/1049 1050/1050/1050 1051/1051/1051
f 1052/1052/1052 1053/1053/1053 1054/1054/1054
f 1055/1055/1055 1056/1056/1056 1057/1057/1057
f 1058/1058/1058 1059/1059/1059 1060/1060/1060
f 1061/1061/1061 1062/1062/1062 1063/1063/1063
f 1064/1064/1064 1065/1065/1065 1066/1066/1066
f 1067/1067/1067 1068/1068/1068 1069/1069/1069
f 1070/1070/1070 1071/1071/1071 1072/1072/1072
f 1073/1073/1073 1074/1074/1074 1075/1075/1075
f 1076/1076/1076 1077/1077/1077 1078/1078/1078
f 1079/1079/1079 1080/1080/1080 1081/1081/1081
f 1082/1082/1082 1083/1083/1083 1084/1084/1084
f 1085/1085/1085 1086/1086/1086 1087/1087/1087
f 1088/1088/1088 1089/1089/1089 1090/1090/1090
f 1091/1091/1091 1092/1092/1092 1093/1093/1093
f 1094/1094/1094 1095/1095/1095 1096/1096/1096
f 1097/1097/1097 1098/1098/1098 1099/1099/1099
f 1100/1100/1100 1101/1101/1101 1102/1102/1102
f 1103/1103/1103 1104/1104/1104 1105/1105/1105
f 1106/1106/1106 1107/1107/1107 1108/1108/1108
f 1108/1108/1108 1109/1109/1109 1110/1110/1110
f 1108/1108/1108 1110/1110/1110 1111/1111/1111
f 1112/1112/1112 1113/1113/1113 1114/1114/1114
f 1115/1115/1115 1116/1116/1116 1117/1117/1117
f 1118/1118/1118 1119/1119/1119 1120/1120/1120
f 1121/1121/1121 1122/1122/1122 1123/1123/1123
f 1124/1124/1124 1125/1125/1125 1121/1121/1121
f 1126/1126/1126 1127/1127/1127 1128/1128/1128
f 1129/1129/1129 1130/1130/1130 1131/1131/1131
f 1132/1132/1132 1133/1133/1133 1134/1134/1134
f 1135/1135/1135 1136/1136/1136 1137/1137/1137
f 1138/1138/1138 1139/1139/1139 1140/1140/1140
f 1141/1141/1141 1142/1142/1142 1143/1143/1143
f 1144/1144/1144 1145/1145/1145 1146/1146/1146
f 1147/1147/1147 1148/1148/1148 1149/1149/1149
f 1150/1150/1150 1151/1151/1151 1152/1152/1152
f 1153/1153/1153 1154/1154/1154 1155/1155/1155
f 1156/1156/1156 1157/1157/1157 1158/1158/1158
f 1159/1159/1159 1160/1160/1160 1161/1161/1161
f 1162/1162/1162 1163/1163/1163 1164/1164/1164
f 1165/1165/1165 1166/1166/1166 1167/1167/1167
f 1168/1168/1168 1169/1169/1169 1170/1170/1170
f 1171/1171/1171 1172/1172/1172 1173/1173/1173
f 1174/1174/1174 1175/1175/1175 1176/1176/1176
f 1177/1177/1177 1178/1178/1178 1179/1179/1179
f 1180/1180/1180 1181/1181/1181 1182/1182/1182
f 1183/1183/1183 1184/1184/1184 1185/1185/1185
f 1186/1186/1186 1187/1187/1187 1188/1188/1188
f 1189/1189/1189 1190/1190/1190 1191/1191/1191
f 1192/1192/1192 1193/1193/1193 1194/1194/1194
f 1195/1195/1195 1196/1196/1196 1197/1197/1197
f 1198/1198/1198 1199/1199/1199 1200/1200/1200
f 1201/1201/1201 1202/1202/1202 1203/1203/1203
f 1204/1204/1204 1205/1205/1205 1206/1206/1206
f 1207/1207/1207 1208/1208/1208 1209/1209/1209
f 1210/1210/1210 1211/1211/1211 1212/1212/1212
f 1213/1213/1213 1214/1214/1214 1215/1215/1215
f 1216/1216/1216 1217/1217/1217 1218/1218/1218
f 1219/1219/1219 1220/1220/1220 1221/1221/1221
f 1222/1222/1222 1223/1223/1223 1224/1224/1224
f 1225/1225/1225 1226/1226/1226 1227/1227/1227
f 1228/1228/1228 1229/1229/1229 1230/1230/1230
f 1231/1231/1231 1232/1232/1232 1233/1233/1233
f 1234/1234/1234 1235/1235/1235 1236/1236/1236
f 1237/1237/1237 1238/1238/1238 1239/1239/1239
f 1240/1240/1240 1241/1241/1241 1242/1242/1242
f 1243/1243/1243 1244/1244/1244 1245/1245/1245
f 1246/1246/1246 1247/1247/1247 1248/1248/1248
f 1249/1249/1249 1250/1250/1250 1251/1251/1251
f 1252/1252/1252 1253/1253/1253 1254/1254/1254
f 1255/1255/1255 1256/1256/1256 1257/1257/1257
f 1258/1258/1258 1259/1259/1259 1260/1260/1260
f 1261/1261/1261 1262/1262/1262 1263/1263/1263
f 1264/1264/1264 1265/1265/1265 1266/1266/1266
f 1267/1267/1267 1268/1268/1268 1269/1269/1269
f 1270/1270/1270 1271/1271/1271 1272/1272/1272
f 1273/1273/1273 1274/1274/1274 1275/1275/1275
f 1276/1276/1276 1277/1277/1277 1278/1278/1278
f 1279/1279/1279 1280/1280/1280 1281/1281/1281
f 1282/1282/1282 1283/1283/1283 1284/1284/1284
f 1285/1285/1285 1286/1286/1286 1287/1287/1287
f 1288/1288/1288 1289/1289/1289 1290/1290/1290
f 1291/1291/1291 1292/1292/1292 1293/1293/1293
f 1294/1294/1294 1295/1295/1295 1296/1296/1296
f 1297/1297/1297 1298/1298/1298 1299/1299/1299
f 1300/1300/1300 1301/1301/1301 1302/1302/1302
f 1303/1303/1303 1304/1304/1304 1305/1305/1305
f 1306/1306/1306 1307/1307/1307 1308/1308/1308
f 1309/1309/1309 1310/1310/1310 1311/1311/1311
f 1312/1312/1312 1313/1313/1313 1314/1314/1314
f 1315/1315/1315 1316/1316/1316 1317/1317/1317
f 1318/1318/1318 1319/1319/1319 1320/1320/1320
f 1321/1321/1321 1322/1322/1322 1323/1323/1323
f 1324/1324/1324 1325/1325/1325 1326/1326/1326
f 1327/1327/1327 1328/1328/1328 1329/1329/1329
f 1330/1330/1330 1331/1331/1331 1332/1332/1332
f 1333/1333/1333 1334/1334/1334 1335/1335/1335
f 1336/1336/1336 1337/1337/1337 1338/1338/1338
f 1339/1339/1339 1340/1340/1340 1341/1341/1341
f 1342/1342/1342 1343/1343/1343 1344/1344/1344
f 1345/1345/1345 1346/1346/1346 1347/1347/1347
f 1348/1348/1348 1349/1349/1349 1350/1350/1350
f 1351/1351/1351 1352/1352/1352 1353/1353/1353
f 1354/1354/1354 1355/1355/1355 1356/1356/1356
f 1357/1357/1357 1358/1358/1358 1359/1359/1359
f 1360/1360/1360 1361/1361/1361 1362/1362/1362
f 1363/1363/1363 1364/1364/1364 1365/1365/1365
f 1366/1366/1366 1367/1367/1367 1368/1368/1368
f 1369/1369/1369 1370/1370/1370 1371/1371/1371
f 1372/1372/1372 1373/1373/1373 1374/1374/1374
f 1375/1375/1375 1376/1376/1376 1377/1377/1377
f 1378/1378/1378 1379/1379/1379 1380/1380/1380
f 1381/1381/1381 1382/1382/1382 1383/1383/1383
f 1384/1384/1384 1385/1385/1385 1386/1386/1386
f 1387/1387/1387 1388/1388/1388 1389/1389/1389
f 1390/1390/1390 1391/1391/1391 1392/1392/1392
f 1393/1393/1393 1394/1394/1394 1395/1395/1395
f 1396/1396/1396 1397/1397/1397 1398/1398/1398
f 1399/1399/1399 1400/1400/1400 1401/1401/1401
f 1402/1402/1402 1403/1403/1403 1404/1404/1404
f 1405/1405/1405 1406/1406/1406 1407/1407/1407
f 1408/1408/1408 1409/1409/1409 1410/1410/1410
f 1411/1411/1411 1412/1412/1412 1413/1413/1413
f 1414/1414/1414 1415/1415/1415 1416/1416/1416
f 1417/1417/1417 1418/1418/1418 1419/1419/1419
f 1420/1420/1420 1421/1421/1421 1422/1422/1422
f 1423/1423/1423 1424/1424/1424 1425/1425/1425
f 1426/1426/1426 1427/1427/1427 1428/1428/1428
f 1429/1429/1429 1430/1430/1430 1431/1431/1431
f 1432/1432/1432 1433/1433/1433 1434/1434/1434
f 1435/1435/1435 1436/1436/1436 1437/1437/1437
f 1438/1438/1438 1439/1439/1439 1440/1440/1440
f 1441/1441/1441 1442/1442/1442 1443/1443/1443
f 1444/1444/1444 1445/1445/1445 1446/1446/1446
f 1447/1447/1447 1448/1448/1448 1449/1449/1449
f 1450/1450/1450 1451/1451/1451 1452/1452/1452
f 1453/1453/1453 1454/1454/1454 1455/1455/1455
f 1456/1456/1456 1457/1457/1457 1458/1458/1458
f 1459/1459/1459 1460/1460/1460 1461/1461/1461
f 1462/1462/1462 1463/1463/1463 1464/1464/1464
f 1465/1465/1465 1466/1466/1466 1467/1467/1467
f 1468/1468/1468 1469/1469/1469 1470/1470/1470
f 1471/1471/1471 1472/1472/1472 1473/1473/1473
f 1474/1474/1474 1475/1475/1475 1476/1476/1476
f 1477/1477/1477 1478/1478/1478 1479/1479/1479
f 1480/1480/1480 1481/1481/1481 1482/1482/1482
f 1483/1483/1483 1484/1484/1484 1485/1485/1485
f 1486/1486/1486 1487/1487/1487 1488/1488/1488
f 1489/1489/1489 1490/1490/1490 1491/1491/1491
f 1492/1492/1492 1493/1493/1493 1494/1494/1494
f 1495/1495/1495 1496/1496/1496 1497/1497/1497
f 1498/1498/1498 1499/1499/1499 1500/1500/1500
f 1501/1501/1501 1502/1502/1502 1503/1503/1503
f 1504/1504/1504 1505/1505/1505 1506/1506/1506
f 1507/1507/1507 1508/1508/1508 1509/1509/1509
f 1510/1510/1510 1511/1511/1511 1512/1512/1512
f 1513/1513/1513 1514/1514/1514 1515/1515/1515
f 1516/1516/1516 1517/1517/1517 1518/1518/1518
f 1519/1519/1519 1520/1520/1520 1521/1521/1521
f 1522/1522/1522 1523/1523/1523 1524/1524/1524
f 1525/1525/1525 1526/1526/1526 1527/1527/1527
f 1528/1528/1528 1529/1529/1529 1530/1530/1530
f 1531/1531/1531 1532/1532/1532 1533/1533/1533
f 1534/1534/1534 1535/1535/1535 1536/1536/1536
f 1537/1537/1537 1538/1538/1538 1539/1539/1539
f 1540/1540/1540 1541/1541/1541 1542/1542/1542
f 1543/1543/1543 1544/1544/1544 1545/1545/1545
f 1546/1546/1546 1547/1547/1547 1548/1548/1548
f 1549/1549/1549 1550/1550/1550 1551/1551/1551
f 1552/1552/1552 1553/1553/1553 1554/1554/1554
f 1555/1555/1555 1556/1556/1556 1557/1557/1557
f 1558/1558/1558 1559/1559/1559 1560/1560/1560
f 1561/1561/1561 1562/1562/1562 1563/1563/1563
f 1564/1564/1564 1565/1565/1565 1566/1566/1566
f 1567/1567/1567 1568/1568/1568 1569/1569/1569
f 1570/1570/1570 1571/1571/1571 1572/1572/1572
f 1573/1573/1573 1574/1574/1574 1575/1575/1575
f 1576/1576/1576 1577/1577/1577 1578/1578/1578
f 1579/1579/1579 1580/1580/1580 1581/1581/1581
f 1582/1582/1582 1583/1583/1583 1584/1584/1584
f 1585/1585/1585 1586/1586/1586 1587/1587/1587
f 1588/1588/1588 1589/1589/1589 1590/1590/1590
f 1591/1591/1591 1592/1592/1592 1593/1593/1593
f 1592/1592/1592 1594/1594/1594 1595/1595/1595
f 1596/1596/1596 1597/1597/1597 1598/1598/1598
f 1599/1599/1599 1600/1600/1600 1601/1601/1601
f 1602/1602/1602 1603/1603/1603 1604/1604/1604
f 1605/1605/1605 1606/1606/1606 1607/1607/1607
f 1608/1608/1608 1609/1609/1609 1610/1610/1610
f 1611/1611/1611 1612/1612/1612 1613/1613/1613
f 1614/1614/1614 1615/1615/1615 1616/1616/1616
f 1617/1617/1617 1618/1618/1618 1619/1619/1619
f 1620/1620/1620 1621/1621/1621 1622/1622/1622
f 1623/1623/1623 1624/1624/1624 1625/1625/1625
f 1626/1626/1626 1627/1627/1627 1628/1628/1628
f 1629/1629/1629 1630/1630/1630 1631/1631/1631
f 1632/1632/1632 1633/1633/1633 1634/1634/1634
f 1635/1635/1635 1636/1636/1636 1637/1637/1637
f 1638/1638/1638 1639/1639/1639 1640/1640/1640
f 1641/1641/1641 1642/1642/1642 1643/1643/1643
f 1644/1644/1644 1645/1645/1645 1646/1646/1646
f 1647/1647/1647 1648/1648/1648 1649/1649/1649
f 1650/1650/1650 1651/1651/1651 1652/1652/1652
f 1653/1653/1653 1654/1654/1654 1655/1655/1655
f 1656/1656/1656 1657/1657/1657 1658/1658/1658
f 1659/1659/1659 1660/1660/1660 1661/1661/1661
f 1662/1662/1662 1663/1663/1663 1664/1664/1664
f 1665/1665/1665 1666/1666/1666 1667/1667/1667
f 1668/1668/1668 1669/1669/1669 1670/1670/1670
f 1671/1671/1671 1672/1672/1672 1673/1673/1673
f 1674/1674/1674 1675/1675/1675 1676/1676/1676
f 1677/1677/1677 1678/1678/1678 1679/1679/1679
f 1680/1680/1680 1681/1681/1681 1682/1682/1682
f 1683/1683/1683 1681/1681/1681 1684/1684/1684
f 1685/1685/1685 1686/1686/1686 1687/1687/1687
f 1688/1688/1688 1689/1689/1689 1690/1690/1690
f 1691/1691/1691 1692/1692/1692 1693/1693/1693
f 1694/1694/1694 1695/1695/1695 1696/1696/1696
f 1697/1697/1697 1698/1698/1698 1699/1699/1699
f 1700/1700/1700 1701/1701/1701 1702/1702/1702
f 1703/1703/1703 1704/1704/1704 1705/1705/1705
f 1706/1706/1706 1707/1707/1707 1708/1708/1708
f 1709/1709/1709 1710/1710/1710 1711/1711/1711
f 1712/1712/1712 1713/1713/1713 1714/1714/1714
f 1715/1715/1715 1716/1716/1716 1717/1717/1717
f 1718/1718/1718 1719/1719/1719 1720/1720/1720
f 1721/1721/1721 1722/1722/1722 1723/1723/1723
f 1724/1724/1724 1725/1725/1725 1726/1726/1726
f 1727/1727/1727 1728/1728/1728 1729/1729/1729
f 1730/1730/1730 1731/1731/1731 1732/1732/1732
f 1733/1733/1733 1734/1734/1734 1735/1735/1735
f 1736/1736/1736 1737/1737/1737 1738/1738/1738
f 1739/1739/1739 1740/1740/1740 1741/1741/1741
f 1742/1742/1742 1743/1743/1743 1744/1744/1744
f 1745/1745/1745 1746/1746/1746 1747/1747/1747
f 1748/1748/1748 1749/1749/1749 1750/1750/1750
f 1751/1751/1751 1752/1752/1752 1753/1753/1753
f 1754/1754/1754 1755/1755/1755 1756/1756/1756
f 1757/1757/1757 1758/1758/1758 1759/1759/1759
f 1760/1760/1760 1761/1761/1761 1762/1762/1762
f 1763/1763/1763 1764/1764/1764 1765/1765/1765
f 1766/1766/1766 1767/1767/1767 1768/1768/1768
f 1769/1769/1769 1770/1770/1770 1771/1771/1771
f 1772/1772/1772 1773/1773/1773 1774/1774/1774
f 1775/1775/1775 1776/1776/1776 1777/1777/1777
f 1778/1778/1778 1779/1779/1779 1780/1780/1780
f 1781/1781/1781 1782/1782/1782 1783/1783/1783
f 1781/1781/1781 1784/1784/1784 1785/1785/1785
f 1786/1786/1786 1787/1787/1787 1788/1788/1788
f 1789/1789/1789 1790/1790/1790 1791/1791/1791
f 1792/1792/1792 1793/1793/1793 1794/1794/1794
f 1795/1795/1795 1796/1796/1796 1797/1797/1797
f 1798/1798/1798 1799/1799/1799 1800/1800/1800
f 1801/1801/1801 1802/1802/1802 1803/1803/1803
f 1804/1804/1804 1805/1805/1805 1806/1806/1806
f 1807/1807/1807 1808/1808/1808 1809/1809/1809
f 1810/1810/1810 1811/1811/1811 1812/1812/1812
f 1813/1813/1813 1814/1814/1814 1815/1815/1815
f 1816/1816/1816 1817/1817/1817 1818/1818/1818
f 1819/1819/1819 1820/1820/1820 1821/1821/1821
f 1822/1822/1822 1823/1823/1823 1824/1824/1824
f 1825/1825/1825 1826/1826/1826 1827/1827/1827
f 1828/1828/1828 1829/1829/1829 1830/1830/1830
f 1831/1831/1831 1832/1832/1832 1833/1833/1833
f 1834/1834/1834 1835/1835/1835 1836/1836/1836
f 1837/1837/1837 1838/1838/1838 1839/1839/1839
f 1840/1840/1840 1841/1841/1841 1842/1842/1842
f 1843/1843/1843 1844/1844/1844 1845/1845/1845
f 1846/1846/1846 1847/1847/1847 1848/1848/1848
f 1849/1849/1849 1850/1850/1850 1851/1851/1851
f 1852/1852/1852 1853/1853/1853 1854/1854/1854
f 1855/1855/1855 1856/1856/1856 1857/1857/1857
f 1858/1858/1858 1859/1859/1859 1860/1860/1860
f 1861/1861/1861 1862/1862/1862 1863/1863/1863
f 1864/1864/1864 1865/1865/1865 1866/1866/1866
f 1867/1867/1867 1868/1868/1868 1869/1869/1869
f 1870/1870/1870 1871/1871/1871 1872/1872/1872
f 1873/1873/1873 1874/1874/1874 1875/1875/1875
f 1876/1876/1876 1877/1877/1877 1878/1878/1878
f 1879/1879/1879 1880/1880/1880 1881/1881/1881
f 1882/1882/1882 1879/1879/1879 1883/1883/1883
f 1884/1884/1884 1885/1885/1885 1886/1886/1886
f 1887/1887/1887 1888/1888/1888 1889/1889/1889
f 1890/1890/1890 1891/1891/1891 1892/1892/1892
f 1893/1893/1893 1894/1894/1894 1895/1895/1895
f 1896/1896/1896 1897/1897/1897 1898/1898/1898
f 1899/1899/1899 1900/1900/1900 1901/1901/1901
f 1902/1902/1902 1903/1903/1903 1904/1904/1904
f 1905/1905/1905 1906/1906/1906 1907/1907/1907
f 1908/1908/1908 1909/1909/1909 1910/1910/1910
f 1911/1911/1911 1912/1912/1912 1913/1913/1913
f 1914/1914/1914 1915/1915/1915 1916/1916/1916
f 1917/1917/1917 1918/1918/1918 1919/1919/1919
f 1920/1920/1920 1921/1921/1921 1922/1922/1922
f 1923/1923/1923 1924/1924/1924 1925/1925/1925
f 1926/1926/1926 1927/1927/1927 1928/1928/1928
f 1929/1929/1929 1930/1930/1930 1931/1931/1931
f 1932/1932/1932 1933/1933/1933 1934/1934/1934
f 1935/1935/1935 1936/1936/1936 1937/1937/1937
f 1938/1938/1938 1939/1939/1939 1940/1940/1940
f 1941/1941/1941 1942/1942/1942 1943/1943/1943
f 1944/1944/1944 1945/1945/1945 1946/1946/1946
f 1947/1947/1947 1948/1948/1948 1949/1949/1949
f 1950/1950/1950 1951/1951/1951 1952/1952/1952
f 1953/1953/1953 1954/1954/1954 1955/1955/1955
f 1956/1956/1956 1957/1957/1957 1958/1958/1958
f 1959/1959/1959 1960/1960/1960 1961/1961/1961
f 1962/1962/1962 1963/1963/1963 1964/1964/1964
f 1965/1965/1965 1966/1966/1966 1967/1967/1967
f 1968/1968/1968 1969/1969/1969 1970/1970/1970
f 1971/1971/1971 1972/1972/1972 1973/1973/1973
f 1974/1974/1974 1975/1975/1975 1976/1976/1976
f 1977/1977/1977 1978/1978/1978 1979/1979/1979
f 1980/1980/1980 1981/1981/1981 1982/1982/1982
f 1983/1983/1983 1984/1984/1984 1985/1985/1985
f 1986/1986/1986 1987/1987/1987 1988/1988/1988
f 1989/1989/1989 1990/1990/1990 1991/1991/1991
f 1992/1992/1992 1993/1993/1993 1994/1994/1994
f 1995/1995/1995 1996/1996/1996 1997/1997/1997
f 1998/1998/1998 1999/1999/1999 2000/2000/2000
f 2001/2001/2001 2002/2002/2002 2003/2003/2003
f 2004/2004/2004 2005/2005/2005 2006/2006/2006
f 2007/2007/2007 2008/2008/2008 2009/2009/2009
f 2010/2010/2010 2011/2011/2011 2012/2012/2012
f 2013/2013/2013 2014/2014/2014 2015/2015/2015
f 2016/2016/2016 2017/2017/2017 2018/2018/2018
f 2019/2019/2019 2020/2020/2020 2021/2021/2021
f 2022/2022/2022 2023/2023/2023 2024/2024/2024
f 2025/2025/2025 2026/2026/2026 2027/2027/2027
f 2028/2028/2028 2029/2029/2029 2030/2030/2030
f 2031/2031/2031 2032/2032/2032 2033/2033/2033
f 2034/2034/2034 2035/2035/2035 2036/2036/2036
f 2037/2037/2037 2038/2038/2038 2039/2039/2039
f 2040/2040/2040 2041/2041/2041 2042/2042/2042
f 2043/2043/2043 2044/2044/2044 2045/2045/2045
f 2046/2046/2046 2047/2047/2047 2048/2048/2048
f 2049/2049/2049 2050/2050/2050 2051/2051/2051
f 2052/2052/2052 2053/2053/2053 2054/2054/2054
f 2055/2055/2055 2056/2056/2056 2057/2057/2057
f 2058/2058/2058 2059/2059/2059 2060/2060/2060
f 2061/2061/2061 2062/2062/2062 2063/2063/2063
f 2064/2064/2064 2065/2065/2065 2066/2066/2066
f 2067/2067/2067 2068/2068/2068 2069/2069/2069
f 2070/2070/2070 2071/2071/2071 2072/2072/2072
f 2073/2073/2073 2074/2074/2074 2075/2075/2075
f 2076/2076/2076 2077/2077/2077 2078/2078/2078
f 2079/2079/2079 2080/2080/2080 2081/2081/2081
f 2082/2082/2082 2083/2083/2083 2084/2084/2084
f 2085/2085/2085 2086/2086/2086 2087/2087/2087
f 2088/2088/2088 2089/2089/2089 2090/2090/2090
f 2091/2091/2091 2092/2092/2092 2093/2093/2093
f 2094/2094/2094 2095/2095/2095 2096/2096/2096
f 2097/2097/2097 2098/2098/2098 2099/2099/2099
f 2100/2100/2100 2101/2101/2101 2102/2102/2102
f 2103/2103/2103 2104/2104/2104 2105/2105/2105
f 2106/2106/2106 2107/2107/2107 2108/2108/2108
f 2109/2109/2109 2110/2110/2110 2111/2111/2111
f 2112/2112/2112 2113/2113/2113 2114/2114/2114
f 2115/2115/2115 2116/2116/2116 2117/2117/2117
f 2118/2118/2118 2119/2119/2119 2120/2120/2120
f 2121/2121/2121 2122/2122/2122 2123/2123/2123
f 2124/2124/2124 2125/2125/2125 2126/2126/2126
f 2127/2127/2127 2128/2128/2128 2129/2129/2129
f 2130/2130/2130 2131/2131/2131 2132/2132/2132
f 2133/2133/2133 2134/2134/2134 2135/2135/2135
f 2136/2136/2136 2137/2137/2137 2138/2138/2138
f 2139/2139/2139 2140/2140/2140 2141/2141/2141
f 2142/2142/2142 2143/2143/2143 2144/2144/2144
f 2145/2145/2145 2146/2146/2146 2147/2147/2147
f 2148/2148/2148 2149/2149/2149 2150/2150/2150
f 2151/2151/2151 2152/2152/2152 2153/2153/2153
f 2154/2154/2154 2155/2155/2155 2156/2156/2156
f 2157/2157/2157 2158/2158/2158 2159/2159/2159
f 2160/2160/2160 2161/2161/2161 2162/2162/2162
f 2163/2163/2163 2164/2164/2164 2165/2165/2165
f 2166/2166/2166 2167/2167/2167 2168/2168/2168
f 2169/2169/2169 2170/2170/2170 2171/2171/2171
f 2172/2172/2172 2173/2173/2173 2174/2174/2174
f 2175/2175/2175 2176/2176/2176 2177/2177/2177
f 2178/2178/2178 2179/2179/2179 2180/2180/2180
f 2181/2181/2181 2182/2182/2182 2183/2183/2183
f 2184/2184/2184 2185/2185/2185 2186/2186/2186
f 2187/2187/2187 2188/2188/2188 2189/2189/2189
f 2190/2190/2190 2191/2191/2191 2192/2192/2192
f 2193/2193/2193 2194/2194/2194 2195/2195/2195
f 2196/2196/2196 2197/2197/2197 2198/2198/2198
f 2199/2199/2199 2200/2200/2200 2201/2201/2201
f 2202/2202/2202 2203/2203/2203 2204/2204/2204
f 2205/2205/2205 2206/2206/2206 2207/2207/2207
f 2208/2208/2208 2209/2209/2209 2210/2210/2210
f 2211/2211/2211 2212/2212/2212 2213/2213/2213
f 2214/2214/2214 2215/2215/2215 2216/2216/2216
f 2217/2217/2217 2218/2218/2218 2219/2219/2219
f 2220/2220/2220 2221/2221/2221 2222/2222/2222
f 2221/2221/2221 2223/2223/2223 2224/2224/2224
f 2225/2225/2225 2226/2226/2226 2227/2227/2227
f 2228/2228/2228 2229/2229/2229 2230/2230/2230
f 2231/2231/2231 2232/2232/2232 2233/2233/2233
f 2234/2234/2234 2235/2235/2235 2236/2236/2236
f 2237/2237/2237 2238/2238/2238 2239/2239/2239
f 2240/2240/2240 2241/2241/2241 2242/2242/2242
f 2243/2243/2243 2244/2244/2244 2245/2245/2245
f 2246/2246/2246 2247/2247/2247 2248/2248/2248
f 2249/2249/2249 2250/2250/2250 2251/2251/2251
f 2252/2252/2252 2253/2253/2253 2254/2254/2254
f 2255/2255/2255 2256/2256/2256 2257/2257/2257
f 2258/2258/2258 2259/2259/2259 2260/2260/2260
f 2261/2261/2261 2262/2262/2262 2263/2263/2263
f 2264/2264/2264 2265/2265/2265 2266/2266/2266
f 2266/2266/2266 2267/2267/2267 2268/2268/2268
f 2269/2269/2269 2270/2270/2270 2271/2271/2271
f 2272/2272/2272 2273/2273/2273 2274/2274/2274
f 2275/2275/2275 2276/2276/2276 2277/2277/2277
f 2278/2278/2278 2279/2279/2279 2280/2280/2280
f 2281/2281/2281 2282/2282/2282 2283/2283/2283
f 2284/2284/2284 2285/2285/2285 2286/2286/2286
f 2287/2287/2287 2288/2288/2288 2289/2289/2289
f 2290/2290/2290 2291/2291/2291 2292/2292/2292
f 2293/2293/2293 2294/2294/2294 2295/2295/2295
f 2296/2296/2296 2297/2297/2297 2298/2298/2298
f 2299/2299/2299 2300/2300/2300 2301/2301/2301
f 2302/2302/2302 2303/2303/2303 2304/2304/2304
f 2305/2305/2305 2306/2306/2306 2307/2307/2307
f 2308/2308/2308 2309/2309/2309 2310/2310/2310
f 2311/2311/2311 2312/2312/2312 2313/2313/2313
f 2314/2314/2314 2315/2315/2315 2316/2316/2316
f 2317/2317/2317 2318/2318/2318 2319/2319/2319
f 2320/2320/2320 2321/2321/2321 2322/2322/2322
f 2323/2323/2323 2324/2324/2324 2325/2325/2325
f 2326/2326/2326 2327/2327/2327 2328/2328/2328
f 2329/2329/2329 2330/2330/2330 2331/2331/2331
f 2332/2332/2332 2333/2333/2333 2334/2334/2334
f 2335/2335/2335 2336/2336/2336 2337/2337/2337
f 2338/2338/2338 2339/2339/2339 2340/2340/2340
f 2341/2341/2341 2339/2339/2339 2342/2342/2342
f 2343/2343/2343 2344/2344/2344 2345/2345/2345
f 2346/2346/2346 2347/2347/2347 2348/2348/2348
f 2349/2349/2349 2350/2350/2350 2351/2351/2351
f 2352/2352/2352 2353/2353/2353 2354/2354/2354
f 2355/2355/2355 2356/2356/2356 2357/2357/2357
f 2358/2358/2358 2359/2359/2359 2360/2360/2360
f 2361/2361/2361 2362/2362/2362 2363/2363/2363
f 2364/2364/2364 2365/2365/2365 2366/2366/2366
f 2367/2367/2367 2368/2368/2368 2369/2369/2369
f 2370/2370/2370 2371/2371/2371 2372/2372/2372
f 2373/2373/2373 2374/2374/2374 2375/2375/2375
f 2376/2376/2376 2377/2377/2377 2378/2378/2378
f 2379/2379/2379 2380/2380/2380 2381/2381/2381
f 2382/2382/2382 2383/2383/2383 2384/2384/2384
f 2385/2385/2385 2386/2386/2386 2387/2387/2387
f 2388/2388/2388 2386/2386/2386 2389/2389/2389
f 2390/2390/2390 2391/2391/2391 2392/2392/2392
f 2393/2393/2393 2394/2394/2394 2395/2395/2395
f 2396/2396/2396 2397/2397/2397 2398/2398/2398
f 2399/2399/2399 2400/2400/2400 2401/2401/2401
f 2402/2402/2402 2403/2403/2403 2404/2404/2404
f 2405/2405/2405 2406/2406/2406 2407/2407/2407
f 2408/2408/2408 2409/2409/2409 2410/2410/2410
f 2411/2411/2411 2412/2412/2412 2413/2413/2413
f 2414/2414/2414 2415/2415/2415 2416/2416/2416
f 2417/2417/2417 2418/2418/2418 2419/2419/2419
f 2420/2420/2420 2421/2421/2421 2422/2422/2422
f 2423/2423/2423 2424/2424/2424 2425/2425/2425
f 2426/2426/2426 2427/2427/2427 2428/2428/2428
f 2429/2429/2429 2430/2430/2430 2431/2431/2431
f 2432/2432/2432 2433/2433/2433 2434/2434/2434
f 2435/2435/2435 2436/2436/2436 2437/2437/2437
f 2438/2438/2438 2439/2439/2439 2440/2440/2440
f 2441/2441/2441 2442/2442/2442 2443/2443/2443
f 2444/2444/2444 2445/2445/2445 2446/2446/2446
f 2447/2447/2447 2448/2448/2448 2449/2449/2449
f 2450/2450/2450 2451/2451/2451 2452/2452/2452
f 2453/2453/2453 2454/2454/2454 2455/2455/2455
f 2456/2456/2456 2457/2457/2457 2458/2458/2458
f 2459/2459/2459 2460/2460/2460 2461/2461/2461
f 2462/2462/2462 2463/2463/2463 2464/2464/2464
f 2465/2465/2465 2466/2466/2466 2467/2467/2467
f 2468/2468/2468 2469/2469/2469 2470/2470/2470
f 2471/2471/2471 2472/2472/2472 2473/2473/2473
f 2474/2474/2474 2475/2475/2475 2476/2476/2476
f 2477/2477/2477 2478/2478/2478 2479/2479/2479
f 2480/2480/2480 2481/2481/2481 2482/2482/2482
f 2483/2483/2483 2484/2484/2484 2485/2485/2485
f 2486/2486/2486 2487/2487/2487 2488/2488/2488
f 2489/2489/2489 2490/2490/2490 2491/2491/2491
f 2492/2492/2492 2493/2493/2493 2494/2494/2494
f 2495/2495/2495 2496/2496/2496 2497/2497/2497
f 2498/2498/2498 2499/2499/2499 2500/2500/2500
f 2501/2501/2501 2502/2502/2502 2503/2503/2503
f 2504/2504/2504 2505/2505/2505 2506/2506/2506
f 2507/2507/2507 2508/2508/2508 2509/2509/2509
f 2510/2510/2510 2511/2511/2511 2512/2512/2512
f 2513/2513/2513 2514/2514/2514 2515/2515/2515
f 2516/2516/2516 2517/2517/2517 2518/2518/2518
f 2519/2519/2519 2520/2520/2520 2521/2521/2521
f 2522/2522/2522 2523/2523/2523 2524/2524/2524
f 2525/2525/2525 2526/2526/2526 2527/2527/2527
f 2528/2528/2528 2529/2529/2529 2530/2530/2530
f 2531/2531/2531 2532/2532/2532 2533/2533/2533
f 2534/2534/2534 2535/2535/2535 2536/2536/2536
f 2537/2537/2537 2538/2538/2538 2539/2539/2539
f 2540/2540/2540 2541/2541/2541 2542/2542/2542
f 2543/2543/2543 2544/2544/2544 2545/2545/2545
f 2546/2546/2546 2547/2547/2547 2548/2548/2548
f 2549/2549/2549 2550/2550/2550 2551/2551/2551
f 2552/2552/2552 2553/2553/2553 2554/2554/2554
f 2555/2555/2555 2556/2556/2556 2557/2557/2557
f 2558/2558/2558 2559/2559/2559 2560/2560/2560
f 2561/2561/2561 2562/2562/2562 2563/2563/2563
f 2564/2564/2564 2565/2565/2565 2566/2566/2566
f 2567/2567/2567 2568/2568/2568 2569/2569/2569
f 2570/2570/2570 2571/2571/2571 2572/2572/2572
f 2573/2573/2573 2574/2574/2574 2575/2575/2575
f 2576/2576/2576 2577/2577/2577 2578/2578/2578
f 2579/2579/2579 2580/2580/2580 2581/2581/2581
f 2582/2582/2582 2583/2583/2583 2584/2584/2584
f 2585/2585/2585 2586/2586/2586 2587/2587/2587
f 2588/2588/2588 2589/2589/2589 2590/2590/2590
f 2591/2591/2591 2592/2592/2592 2593/2593/2593
f 2594/2594/2594 2595/2595/2595 2596/2596/2596
f 2597/2597/2597 2598/2598/2598 2599/2599/2599
f 2600/2600/2600 2601/2601/2601 2602/2602/2602
f 2603/2603/2603 2604/2604/2604 2605/2605/2605
f 2606/2606/2606 2607/2607/2607 2608/2608/2608
f 2609/2609/2609 2610/2610/2610 2611/2611/2611
f 2612/2612/2612 2613/2613/2613 2614/2614/2614
f 2615/2615/2615 2616/2616/2616 2617/2617/2617
f 2618/2618/2618 2619/2619/2619 2620/2620/2620
f 2621/2621/2621 2622/2622/2622 2623/2623/2623
f 2624/2624/2624 2625/2625/2625 2626/2626/2626
f 2627/2627/2627 2628/2628/2628 2629/2629/2629
f 2630/2630/2630 2631/2631/2631 2632/2632/2632
f 2633/2633/2633 2634/2634/2634 2635/2635/2635
f 2636/2636/2636 2637/2637/2637 2638/2638/2638
f 2639/2639/2639 2640/2640/2640 2641/2641/2641
f 2642/2642/2642 2643/2643/2643 2644/2644/2644
f 2645/2645/2645 2646/2646/2646 2647/2647/2647
f 2648/2648/2648 2649/2649/2649 2650/2650/2650
f 2651/2651/2651 2652/2652/2652 2653/2653/2653
f 2654/2654/2654 2655/2655/2655 2656/2656/2656
f 2657/2657/2657 2658/2658/2658 2659/2659/2659
f 2660/2660/2660 2661/2661/2661 2662/2662/2662
f 2663/2663/2663 2664/2664/2664 2665/2665/2665
f 2666/2666/2666 2667/2667/2667 2668/2668/2668
f 2669/2669/2669 2670/2670/2670 2671/2671/2671
f 2672/2672/2672 2673/2673/2673 2674/2674/2674
f 2675/2675/2675 2676/2676/2676 2677/2677/2677
f 2678/2678/2678 2679/2679/2679 2680/2680/2680
f 2681/2681/2681 2682/2682/2682 2683/2683/2683
f 2684/2684/2684 2685/2685/2685 2686/2686/2686
f 2687/2687/2687 2688/2688/2688 2689/2689/2689
f 2690/2690/2690 2691/2691/2691 2692/2692/2692
f 2693/2693/2693 2694/2694/2694 2695/2695/2695
f 2696/2696/2696 2697/2697/2697 2698/2698/2698
f 2699/2699/2699 2700/2700/2700 2701/2701/2701
f 2702/2702/2702 2703/2703/2703 2704/2704/2704
f 2705/2705/2705 2706/2706/2706 2707/2707/2707
f 2708/2708/2708 2709/2709/2709 2710/2710/2710
f 2711/2711/2711 2712/2712/2712 2713/2713/2713
f 2714/2714/2714 2715/2715/2715 2716/2716/2716
f 2717/2717/2717 2718/2718/2718 2719/2719/2719
f 2720/2720/2720 2721/2721/2721 2722/2722/2722
f 2723/2723/2723 2724/2724/2724 2725/2725/2725
f 2726/2726/2726 2727/2727/2727 2728/2728/2728
f 2729/2729/2729 2730/2730/2730 2731/2731/2731
f 2732/2732/2732 2733/2733/2733 2734/2734/2734
f 2735/2735/2735 2736/2736/2736 2737/2737/2737
f 2738/2738/2738 2739/2739/2739 2740/2740/2740
f 2741/2741/2741 2742/2742/2742 2743/2743/2743
f 2744/2744/2744 2745/2745/2745 2746/2746/2746
f 2747/2747/2747 2748/2748/2748 2749/2749/2749
f 2750/2750/2750 2751/2751/2751 2752/2752/2752
f 2753/2753/2753 2754/2754/2754 2755/2755/2755
f 2756/2756/2756 2757/2757/2757 2758/2758/2758
f 2759/2759/2759 2760/2760/2760 2761/2761/2761
f 2762/2762/2762 2763/2763/2763 2764/2764/2764
f 2765/2765/2765 2766/2766/2766 2767/2767/2767
f 2768/2768/2768 2769/2769/2769 2770/2770/2770
f 2771/2771/2771 2772/2772/2772 2773/2773/2773
f 2774/2774/2774 2775/2775/2775 2776/2776/2776
f 2777/2777/2777 2778/2778/2778 2779/2779/2779
f 2780/2780/2780 2781/2781/2781 2782/2782/2782
f 2783/2783/2783 2784/2784/2784 2785/2785/2785
f 2786/2786/2786 2787/2787/2787 2788/2788/2788
f 2789/2789/2789 2790/2790/2790 2791/2791/2791
f 2792/2792/2792 2793/2793/2793 2794/2794/2794
f 2795/2795/2795 2796/2796/2796 2797/2797/2797
f 2798/2798/2798 2799/2799/2799 2800/2800/2800
f 2801/2801/2801 2802/2802/2802 2803/2803/2803
f 2804/2804/2804 2805/2805/2805 2806/2806/2806
f 2807/2807/2807 2808/2808/2808 2809/2809/2809
f 2810/2810/2810 2811/2811/2811 2812/2812/2812
f 2813/2813/2813 2814/2814/2814 2815/2815/2815
f 2816/2816/2816 2817/2817/2817 2818/2818/2818
f 2819/2819/2819 2820/2820/2820 2821/2821/2821
f 2822/2822/2822 2823/2823/2823 2824/2824/2824
f 2825/2825/2825 2826/2826/2826 2827/2827/2827
f 2828/2828/2828 2829/2829/2829 2830/2830/2830
f 2831/2831/2831 2832/2832/2832 2833/2833/2833
f 2834/2834/2834 2835/2835/2835 2836/2836/2836
f 2837/2837/2837 2838/2838/2838 2839/2839/2839
f 2840/2840/2840 2841/2841/2841 2842/2842/2842
f 2843/2843/2843 2844/2844/2844 2845/2845/2845
f 2846/2846/2846 2847/2847/2847 2848/2848/2848
f 2849/2849/2849 2850/2850/2850 2851/2851/2851
f 2852/2852/2852 2853/2853/2853 2854/2854/2854
f 2855/2855/2855 2856/2856/2856 2857/2857/2857
f 2858/2858/2858 2859/2859/2859 2860/2860/2860
f 2861/2861/2861 2862/2862/2862 2863/2863/2863
f 2864/2864/2864 2865/2865/2865 2866/2866/2866
f 2867/2867/2867 2864/2864/2864 2866/2866/2866
f 2868/2868/2868 2869/2869/2869 2870/2870/2870
f 2868/2868/2868 2870/2870/2870 2871/2871/2871
f 2872/2872/2872 2873/2873/2873 2874/2874/2874
f 2873/2873/2873 2872/2872/2872 2875/2875/2875
f 2876/2876/2876 2877/2877/2877 2878/2878/2878
f 2876/2876/2876 2878/2878/2878 2879/2879/2879
f 2880/2880/2880 2881/2881/2881 2882/2882/2882
f 2883/2883/2883 2880/2880/2880 2882/2882/2882
f 2884/2884/2884 2885/2885/2885 2886/2886/2886
f 2884/2884/2884 2886/2886/2886 2887/2887/2887
f 2888/2888/2888 2889/2889/2889 2890/2890/2890
f 2890/2890/2890 2889/2889/2889 2891/2891/2891
f 2892/2892/2892 2893/2893/2893 2894/2894/2894
f 2894/2894/2894 2893/2893/2893 2895/2895/2895
f 2896/2896/2896 2897/2897/2897 2898/2898/2898
f 2898/2898/2898 2897/2897/2897 2899/2899/2899
f 2900/2900/2900 2901/2901/2901 2902/2902/2902
f 2900/2900/2900 2902/2902/2902 2903/2903/2903
f 2904/2904/2904 2905/2905/2905 2906/2906/2906
f 2904/2904/2904 2906/2906/2906 2907/2907/2907
f 2908/2908/2908 2909/2909/2909 2910/2910/2910
f 2908/2908/2908 2910/2910/2910 2911/2911/2911
f 2912/2912/2912 2913/2913/2913 2914/2914/2914
f 2912/2912/2912 2914/2914/2914 2915/2915/2915
f 2916/2916/2916 2917/2917/2917 2918/2918/2918
f 2916/2916/2916 2918/2918/2918 2919/2919/2919
f 2920/2920/2920 2921/2921/2921 2922/2922/2922
f 2922/2922/2922 2923/2923/2923 2920/2920/2920
f 2922/2922/2922 2924/2924/2924 2923/2923/2923
f 2925/2925/2925 2926/2926/2926 2927/2927/2927
f 2927/2927/2927 2928/2928/2928 2925/2925/2925
f 2927/2927/2927 2929/2929/2929 2928/2928/2928
f 2930/2930/2930 2931/2931/2931 2932/2932/2932
f 2930/2930/2930 2932/2932/2932 2933/2933/2933
f 2934/2934/2934 2935/2935/2935 2936/2936/2936
f 2934/2934/2934 2936/2936/2936 2937/2937/2937
f 2938/2938/2938 2939/2939/2939 2940/2940/2940
f 2938/2938/2938 2940/2940/2940 2941/2941/2941
f 2942/2942/2942 2943/2943/2943 2944/2944/2944
f 2942/2942/2942 2944/2944/2944 2945/2945/2945
f 2946/2946/2946 2947/2947/2947 2948/2948/2948
f 2946/2946/2946 2948/2948/2948 2949/2949/2949
f 2950/2950/2950 2951/2951/2951 2952/2952/2952
f 2950/2950/2950 2952/2952/2952 2953/2953/2953
f 2954/2954/2954 2955/2955/2955 2956/2956/2956
f 2954/2954/2954 2956/2956/2956 2957/2957/2957
f 2958/2958/2958 2959/2959/2959 2960/2960/2960
f 2958/2958/2958 2960/2960/2960 2961/2961/2961
f 2962/2962/2962 2963/2963/2963 2964/2964/2964
f 2962/2962/2962 2964/2964/2964 2965/2965/2965
f 2966/2966/2966 2967/2967/2967 2968/2968/2968
f 2966/2966/2966 2968/2968/2968 2969/2969/2969
f 2970/2970/2970 2971/2971/2971 2972/2972/2972
f 2970/2970/2970 2972/2972/2972 2973/2973/2973
f 2974/2974/2974 2975/2975/2975 2976/2976/2976
f 2974/2974/2974 2976/2976/2976 2977/2977/2977
f 2978/2978/2978 2979/2979/2979 2980/2980/2980
f 2978/2978/2978 2980/2980/2980 2981/2981/2981
f 2982/2982/2982 2983/2983/2983 2984/2984/2984
f 2982/2982/2982 2984/2984/2984 2985/2985/2985
f 2986/2986/2986 2987/2987/2987 2988/2988/2988
f 2986/2986/2986 2988/2988/2988 2989/2989/2989
f 2990/2990/2990 2991/2991/2991 2992/2992/2992
f 2990/2990/2990 2992/2992/2992 2993/2993/2993
f 2994/2994/2994 2995/2995/2995 2996/2996/2996
f 2994/2994/2994 2996/2996/2996 2997/2997/2997
f 2998/2998/2998 2999/2999/2999 3000/3000/3000
f 2998/2998/2998 3000/3000/3000 3001/3001/3001
