# Extracted losslessly from Unity Mesh asset: C:/Users/slicc/Documents/Changing My Life/Game/Assets/_Project/Art/Cinematics/Meshes/MSH_CIN_Asteroid_08.asset
o MSH_CIN_Asteroid_08
v 0 0 55.6436718
v 0 11.9596213 52.3985267
v 0 0 55.6436718
v 0 0 55.6436718
v 0 11.9596213 52.3985267
v 4.14369553 11.3847092 53.0808389
v 0 0 55.6436718
v 4.14369553 11.3847092 53.0808389
v 0 0 55.6436718
v 0 0 55.6436718
v 4.14369553 11.3847092 53.0808389
v 7.9088524 9.42540392 53.907305
v 0 0 55.6436718
v 7.9088524 9.42540392 53.907305
v 0 0 55.6436718
v 0 0 55.6436718
v 7.9088524 9.42540392 53.907305
v 10.8231887 6.24877028 54.7553062
v 0 0 55.6436718
v 10.8231887 6.24877028 54.7553062
v 0 0 55.6436718
v 0 0 55.6436718
v 10.8231887 6.24877028 54.7553062
v 12.4785364 2.20030155 55.5154383
v 0 0 55.6436718
v 12.4785364 2.20030155 55.5154383
v 0 -0 55.6436718
v 0 -0 55.6436718
v 12.4785364 2.20030155 55.5154383
v 12.6117468 -2.22379155 56.1080813
v 0 -0 55.6436718
v 12.6117468 -2.22379155 56.1080813
v 0 -0 55.6436718
v 0 -0 55.6436718
v 12.6117468 -2.22379155 56.1080813
v 11.1655474 -6.44643307 56.4873278
v 0 -0 55.6436718
v 11.1655474 -6.44643307 56.4873278
v 0 -0 55.6436718
v 0 -0 55.6436718
v 11.1655474 -6.44643307 56.4873278
v 8.3089754 -9.90225077 56.6345692
v 0 -0 55.6436718
v 8.3089754 -9.90225077 56.6345692
v 0 -0 55.6436718
v 0 -0 55.6436718
v 8.3089754 -9.90225077 56.6345692
v 4.41375971 -12.1267118 56.5403938
v 0 -0 55.6436718
v 4.41375971 -12.1267118 56.5403938
v -0 -0 55.6436718
v -0 -0 55.6436718
v 4.41375971 -12.1267118 56.5403938
v -1.12012746e-06 -12.8127649 56.1363876
v -0 -0 55.6436718
v -1.12012746e-06 -12.8127649 56.1363876
v -0 -0 55.6436718
v -0 -0 55.6436718
v -1.12012746e-06 -12.8127649 56.1363876
v -4.33017462 -11.8970565 55.4696381
v -0 -0 55.6436718
v -4.33017462 -11.8970565 55.4696381
v -0 -0 55.6436718
v -0 -0 55.6436718
v -4.33017462 -11.8970565 55.4696381
v -8.01823363 -9.55575481 54.6528399
v -0 -0 55.6436718
v -8.01823363 -9.55575481 54.6528399
v -0 -0 55.6436718
v -0 -0 55.6436718
v -8.01823363 -9.55575481 54.6528399
v -10.6363438 -6.14089444 53.8100421
v -0 -0 55.6436718
v -10.6363438 -6.14089444 53.8100421
v -0 -0 55.6436718
v -0 -0 55.6436718
v -10.6363438 -6.14089444 53.8100421
v -11.9243063 -2.10257638 53.0497432
v -0 -0 55.6436718
v -11.9243063 -2.10257638 53.0497432
v -0 0 55.6436718
v -0 0 55.6436718
v -11.9243063 -2.10257638 53.0497432
v -11.7891826 2.07875054 52.4486005
v -0 0 55.6436718
v -11.7891826 2.07875054 52.4486005
v -0 0 55.6436718
v -0 0 55.6436718
v -11.7891826 2.07875054 52.4486005
v -10.2882922 5.9399467 52.0492256
v -0 0 55.6436718
v -10.2882922 5.9399467 52.0492256
v -0 0 55.6436718
v -0 0 55.6436718
v -10.2882922 5.9399467 52.0492256
v -7.60980994 9.06902328 51.8690228
v -0 0 55.6436718
v -7.60980994 9.06902328 51.8690228
v -0 0 55.6436718
v -0 0 55.6436718
v -7.60980994 9.06902328 51.8690228
v -4.05703373 11.1466169 51.9707322
v -0 0 55.6436718
v -4.05703373 11.1466169 51.9707322
v 0 0 55.6436718
v 0 0 55.6436718
v -4.05703373 11.1466169 51.9707322
v 2.09108677e-06 11.9596228 52.3985326
v 0 11.9596213 52.3985267
v 0 22.7202088 47.1789956
v 4.14369553 11.3847092 53.0808389
v 4.14369553 11.3847092 53.0808389
v 0 22.7202088 47.1789956
v 7.98249692 21.9317317 48.4644711
v 4.14369553 11.3847092 53.0808389
v 7.98249692 21.9317317 48.4644711
v 7.9088524 9.42540392 53.907305
v 7.9088524 9.42540392 53.907305
v 7.98249692 21.9317317 48.4644711
v 15.4653102 18.4308395 49.9605834
v 7.9088524 9.42540392 53.907305
v 15.4653102 18.4308395 49.9605834
v 10.8231887 6.24877028 54.7553062
v 10.8231887 6.24877028 54.7553062
v 15.4653102 18.4308395 49.9605834
v 21.4382693 12.377388 51.4038265
v 10.8231887 6.24877028 54.7553062
v 21.4382693 12.377388 51.4038265
v 12.4785364 2.20030155 55.5154383
v 12.4785364 2.20030155 55.5154383
v 21.4382693 12.377388 51.4038265
v 24.9471307 4.39885035 52.6023924
v 12.4785364 2.20030155 55.5154383
v 24.9471307 4.39885035 52.6023924
v 12.6117468 -2.22379155 56.1080813
v 12.6117468 -2.22379155 56.1080813
v 24.9471307 4.39885035 52.6023924
v 25.3523171 -4.47029769 53.4567535
v 12.6117468 -2.22379155 56.1080813
v 25.3523171 -4.47029769 53.4567535
v 11.1655474 -6.44643307 56.4873278
v 11.1655474 -6.44643307 56.4873278
v 25.3523171 -4.47029769 53.4567535
v 22.4837899 -12.9810244 53.9107382
v 11.1655474 -6.44643307 56.4873278
v 22.4837899 -12.9810244 53.9107382
v 8.3089754 -9.90225077 56.6345692
v 8.3089754 -9.90225077 56.6345692
v 22.4837899 -12.9810244 53.9107382
v 16.7205021 -19.9267179 54.0154696
v 8.3089754 -9.90225077 56.6345692
v 16.7205021 -19.9267179 54.0154696
v 4.41375971 -12.1267118 56.5403938
v 4.41375971 -12.1267118 56.5403938
v 16.7205021 -19.9267179 54.0154696
v 8.86336192 -24.3518963 53.8125217
v 4.41375971 -12.1267118 56.5403938
v 8.86336192 -24.3518963 53.8125217
v -1.12012746e-06 -12.8127649 56.1363876
v -1.12012746e-06 -12.8127649 56.1363876
v 8.86336192 -24.3518963 53.8125217
v -2.23378418e-06 -25.5515128 53.0582607
v -1.12012746e-06 -12.8127649 56.1363876
v -2.23378418e-06 -25.5515128 53.0582607
v -4.33017462 -11.8970565 55.4696381
v -4.33017462 -11.8970565 55.4696381
v -2.23378418e-06 -25.5515128 53.0582607
v -8.53813887 -23.4583437 51.8379629
v -4.33017462 -11.8970565 55.4696381
v -8.53813887 -23.4583437 51.8379629
v -8.01823363 -9.55575481 54.6528399
v -8.01823363 -9.55575481 54.6528399
v -8.53813887 -23.4583437 51.8379629
v -15.5848622 -18.573308 50.3467858
v -8.01823363 -9.55575481 54.6528399
v -15.5848622 -18.573308 50.3467858
v -10.6363438 -6.14089444 53.8100421
v -10.6363438 -6.14089444 53.8100421
v -15.5848622 -18.573308 50.3467858
v -20.3969136 -11.7761604 48.9069045
v -10.6363438 -6.14089444 53.8100421
v -20.3969136 -11.7761604 48.9069045
v -11.9243063 -2.10257638 53.0497432
v -11.9243063 -2.10257638 53.0497432
v -20.3969136 -11.7761604 48.9069045
v -22.6320371 -3.99063751 47.7208912
v -11.9243063 -2.10257638 53.0497432
v -22.6320371 -3.99063751 47.7208912
v -11.7891826 2.07875054 52.4486005
v -11.7891826 2.07875054 52.4486005
v -22.6320371 -3.99063751 47.7208912
v -22.2327337 3.92023027 46.8789428
v -11.7891826 2.07875054 52.4486005
v -22.2327337 3.92023027 46.8789428
v -10.2882922 5.9399467 52.0492256
v -10.2882922 5.9399467 52.0492256
v -22.2327337 3.92023027 46.8789428
v -19.342038 11.1671276 46.3775665
v -10.2882922 5.9399467 52.0492256
v -19.342038 11.1671276 46.3775665
v -7.60980994 9.06902328 51.8690228
v -7.60980994 9.06902328 51.8690228
v -19.342038 11.1671276 46.3775665
v -14.2916724 17.0321599 46.1691707
v -7.60980994 9.06902328 51.8690228
v -14.2916724 17.0321599 46.1691707
v -4.05703373 11.1466169 51.9707322
v -4.05703373 11.1466169 51.9707322
v -14.2916724 17.0321599 46.1691707
v -7.63587654 20.9794149 46.3600516
v -4.05703373 11.1466169 51.9707322
v -7.63587654 20.9794149 46.3600516
v 2.09108677e-06 11.9596228 52.3985326
v 2.09108677e-06 11.9596228 52.3985326
v -7.63587654 20.9794149 46.3600516
v 3.97252755e-06 22.7202088 47.1789956
v 0 22.7202088 47.1789956
v 0 32.2801292 40.4779971
v 7.98249692 21.9317317 48.4644711
v 7.98249692 21.9317317 48.4644711
v 0 32.2801292 40.4779971
v 11.4739262 31.5243512 42.0672476
v 7.98249692 21.9317317 48.4644711
v 11.4739262 31.5243512 42.0672476
v 15.4653102 18.4308395 49.9605834
v 15.4653102 18.4308395 49.9605834
v 11.4739262 31.5243512 42.0672476
v 22.4688813 26.7773688 43.8326478
v 15.4653102 18.4308395 49.9605834
v 22.4688813 26.7773688 43.8326478
v 21.4382693 12.377388 51.4038265
v 21.4382693 12.377388 51.4038265
v 22.4688813 26.7773688 43.8326478
v 31.3748419 18.1142718 45.4291523
v 21.4382693 12.377388 51.4038265
v 31.3748419 18.1142718 45.4291523
v 24.9471307 4.39885035 52.6023924
v 24.9471307 4.39885035 52.6023924
v 31.3748419 18.1142718 45.4291523
v 36.6241515 6.45782277 46.6336936
v 24.9471307 4.39885035 52.6023924
v 36.6241515 6.45782277 46.6336936
v 25.3523171 -4.47029769 53.4567535
v 25.3523171 -4.47029769 53.4567535
v 36.6241515 6.45782277 46.6336936
v 37.1668011 -6.55351058 47.3246574
v 25.3523171 -4.47029769 53.4567535
v 37.1668011 -6.55351058 47.3246574
v 22.4837899 -12.9810244 53.9107382
v 22.4837899 -12.9810244 53.9107382
v 37.1668011 -6.55351058 47.3246574
v 32.8053117 -18.9401567 47.5003988
v 22.4837899 -12.9810244 53.9107382
v 32.8053117 -18.9401567 47.5003988
v 16.7205021 -19.9267179 54.0154696
v 16.7205021 -19.9267179 54.0154696
v 32.8053117 -18.9401567 47.5003988
v 24.3063107 -28.9671332 47.417134
v 16.7205021 -19.9267179 54.0154696
v 24.3063107 -28.9671332 47.417134
v 8.86336192 -24.3518963 53.8125217
v 8.86336192 -24.3518963 53.8125217
v 24.3063107 -28.9671332 47.417134
v 12.9189804 -35.4946226 47.3653167
v 8.86336192 -24.3518963 53.8125217
v 12.9189804 -35.4946226 47.3653167
v -2.23378418e-06 -25.5515128 53.0582607
v -2.23378418e-06 -25.5515128 53.0582607
v 12.9189804 -35.4946226 47.3653167
v -3.2612963e-06 -37.3048782 46.7788339
v -2.23378418e-06 -25.5515128 53.0582607
v -3.2612963e-06 -37.3048782 46.7788339
v -8.53813887 -23.4583437 51.8379629
v -8.53813887 -23.4583437 51.8379629
v -3.2612963e-06 -37.3048782 46.7788339
v -12.3922475 -34.0474188 45.4341203
v -8.53813887 -23.4583437 51.8379629
v -12.3922475 -34.0474188 45.4341203
v -15.5848622 -18.573308 50.3467858
v -15.5848622 -18.573308 50.3467858
v -12.3922475 -34.0474188 45.4341203
v -22.3015234 -26.5779108 43.5061544
v -15.5848622 -18.573308 50.3467858
v -22.3015234 -26.5779108 43.5061544
v -20.3969136 -11.7761604 48.9069045
v -20.3969136 -11.7761604 48.9069045
v -22.3015234 -26.5779108 43.5061544
v -28.7042469 -16.5724024 41.5622711
v -20.3969136 -11.7761604 48.9069045
v -28.7042469 -16.5724024 41.5622711
v -22.6320371 -3.99063751 47.7208912
v -22.6320371 -3.99063751 47.7208912
v -28.7042469 -16.5724024 41.5622711
v -31.671387 -5.58451824 40.3273165
v -22.6320371 -3.99063751 47.7208912
v -31.671387 -5.58451824 40.3273165
v -22.2327337 3.92023027 46.8789428
v -22.2327337 3.92023027 46.8789428
v -31.671387 -5.58451824 40.3273165
v -31.1244726 5.48808351 39.6309346
v -22.2327337 3.92023027 46.8789428
v -31.1244726 5.48808351 39.6309346
v -19.342038 11.1671276 46.3775665
v -19.342038 11.1671276 46.3775665
v -31.1244726 5.48808351 39.6309346
v -27.1482497 15.6740472 39.3092692
v -19.342038 11.1671276 46.3775665
v -27.1482497 15.6740472 39.3092692
v -14.2916724 17.0321599 46.1691707
v -14.2916724 17.0321599 46.1691707
v -27.1482497 15.6740472 39.3092692
v -20.0979799 23.9518538 39.2074674
v -14.2916724 17.0321599 46.1691707
v -20.0979799 23.9518538 39.2074674
v -7.63587654 20.9794149 46.3600516
v -7.63587654 20.9794149 46.3600516
v -20.0979799 23.9518538 39.2074674
v -10.7595257 29.5615762 39.4480437
v -7.63587654 20.9794149 46.3600516
v -10.7595257 29.5615762 39.4480437
v 3.97252755e-06 22.7202088 47.1789956
v 3.97252755e-06 22.7202088 47.1789956
v -10.7595257 29.5615762 39.4480437
v 5.64403706e-06 32.2801292 40.4779971
v 0 32.2801292 40.4779971
v 0 40.7219321 32.4746549
v 11.4739262 31.5243512 42.0672476
v 11.4739262 31.5243512 42.0672476
v 0 40.7219321 32.4746549
v 14.5667523 40.0218189 33.9646548
v 11.4739262 31.5243512 42.0672476
v 14.5667523 40.0218189 33.9646548
v 22.4688813 26.7773688 43.8326478
v 22.4688813 26.7773688 43.8326478
v 14.5667523 40.0218189 33.9646548
v 28.6466867 34.1397911 35.5404645
v 22.4688813 26.7773688 43.8326478
v 28.6466867 34.1397911 35.5404645
v 31.3748419 18.1142718 45.4291523
v 31.3748419 18.1142718 45.4291523
v 28.6466867 34.1397911 35.5404645
v 40.0217533 23.1065661 36.8537456
v 31.3748419 18.1142718 45.4291523
v 40.0217533 23.1065661 36.8537456
v 36.6241515 6.45782277 46.6336936
v 36.6241515 6.45782277 46.6336936
v 40.0217533 23.1065661 36.8537456
v 46.5627879 8.21027234 37.7054155
v 36.6241515 6.45782277 46.6336936
v 46.5627879 8.21027234 37.7054155
v 37.1668011 -6.55351058 47.3246574
v 37.1668011 -6.55351058 47.3246574
v 46.5627879 8.21027234 37.7054155
v 46.8491286 -8.26076642 37.9372835
v 37.1668011 -6.55351058 47.3246574
v 46.8491286 -8.26076642 37.9372835
v 32.8053117 -18.9401567 47.5003988
v 32.8053117 -18.9401567 47.5003988
v 46.8491286 -8.26076642 37.9372835
v 40.955779 -23.6458331 37.7138376
v 32.8053117 -18.9401567 47.5003988
v 40.955779 -23.6458331 37.7138376
v 24.3063107 -28.9671332 47.417134
v 24.3063107 -28.9671332 47.417134
v 40.955779 -23.6458331 37.7138376
v 30.3399771 -36.1577749 37.6412421
v 24.3063107 -28.9671332 47.417134
v 30.3399771 -36.1577749 37.6412421
v 12.9189804 -35.4946226 47.3653167
v 12.9189804 -35.4946226 47.3653167
v 30.3399771 -36.1577749 37.6412421
v 16.339995 -44.8937833 38.0992621
v 12.9189804 -35.4946226 47.3653167
v 16.339995 -44.8937833 38.0992621
v -3.2612963e-06 -37.3048782 46.7788339
v -3.2612963e-06 -37.3048782 46.7788339
v 16.339995 -44.8937833 38.0992621
v -4.16218597e-06 -47.6098537 37.9675895
v -3.2612963e-06 -37.3048782 46.7788339
v -4.16218597e-06 -47.6098537 37.9675895
v -12.3922475 -34.0474188 45.4341203
v -12.3922475 -34.0474188 45.4341203
v -4.16218597e-06 -47.6098537 37.9675895
v -15.8164069 -43.4552193 36.8784219
v -12.3922475 -34.0474188 45.4341203
v -15.8164069 -43.4552193 36.8784219
v -22.3015234 -26.5779108 43.5061544
v -22.3015234 -26.5779108 43.5061544
v -15.8164069 -43.4552193 36.8784219
v -28.1942487 -33.6005837 34.9791378
v -22.3015234 -26.5779108 43.5061544
v -28.1942487 -33.6005837 34.9791378
v -28.7042469 -16.5724024 41.5622711
v -28.7042469 -16.5724024 41.5622711
v -28.1942487 -33.6005837 34.9791378
v -35.6875211 -20.6041962 32.8625977
v -28.7042469 -16.5724024 41.5622711
v -35.6875211 -20.6041962 32.8625977
v -31.671387 -5.58451824 40.3273165
v -31.671387 -5.58451824 40.3273165
v -35.6875211 -20.6041962 32.8625977
v -38.9257103 -6.86365142 31.5210938
v -31.671387 -5.58451824 40.3273165
v -38.9257103 -6.86365142 31.5210938
v -31.1244726 5.48808351 39.6309346
v -31.1244726 5.48808351 39.6309346
v -38.9257103 -6.86365142 31.5210938
v -38.5267079 6.79329783 31.197992
v -31.1244726 5.48808351 39.6309346
v -38.5267079 6.79329783 31.197992
v -27.1482497 15.6740472 39.3092692
v -27.1482497 15.6740472 39.3092692
v -38.5267079 6.79329783 31.197992
v -33.8542998 19.5457846 31.1744899
v -27.1482497 15.6740472 39.3092692
v -33.8542998 19.5457846 31.1744899
v -20.0979799 23.9518538 39.2074674
v -20.0979799 23.9518538 39.2074674
v -33.8542998 19.5457846 31.1744899
v -25.1275718 29.9458921 31.1744899
v -20.0979799 23.9518538 39.2074674
v -25.1275718 29.9458921 31.1744899
v -10.7595257 29.5615762 39.4480437
v -10.7595257 29.5615762 39.4480437
v -25.1275718 29.9458921 31.1744899
v -13.4778053 37.0299935 31.4256281
v -10.7595257 29.5615762 39.4480437
v -13.4778053 37.0299935 31.4256281
v 5.64403706e-06 32.2801292 40.4779971
v 5.64403706e-06 32.2801292 40.4779971
v -13.4778053 37.0299935 31.4256281
v 7.12004891e-06 40.7219321 32.4746549
v 0 40.7219321 32.4746549
v 0 47.4748135 22.8626668
v 14.5667523 40.0218189 33.9646548
v 14.5667523 40.0218189 33.9646548
v 0 47.4748135 22.8626668
v 17.1369329 47.0833361 24.1293162
v 14.5667523 40.0218189 33.9646548
v 17.1369329 47.0833361 24.1293162
v 28.6466867 34.1397911 35.5404645
v 28.6466867 34.1397911 35.5404645
v 17.1369329 47.0833361 24.1293162
v 33.6368084 40.086782 25.2005994
v 28.6466867 34.1397911 35.5404645
v 33.6368084 40.086782 25.2005994
v 40.0217533 23.1065661 36.8537456
v 40.0217533 23.1065661 36.8537456
v 33.6368084 40.086782 25.2005994
v 46.7092484 26.967594 25.9738207
v 40.0217533 23.1065661 36.8537456
v 46.7092484 26.967594 25.9738207
v 46.5627879 8.21027234 37.7054155
v 46.5627879 8.21027234 37.7054155
v 46.7092484 26.967594 25.9738207
v 53.8324237 9.49210525 26.3242543
v 46.5627879 8.21027234 37.7054155
v 53.8324237 9.49210525 26.3242543
v 46.8491286 -8.26076642 37.9372835
v 46.8491286 -8.26076642 37.9372835
v 53.8324237 9.49210525 26.3242543
v 53.4306407 -9.42126513 26.1277825
v 46.8491286 -8.26076642 37.9372835
v 53.4306407 -9.42126513 26.1277825
v 40.955779 -23.6458331 37.7138376
v 40.955779 -23.6458331 37.7138376
v 53.4306407 -9.42126513 26.1277825
v 46.1433023 -26.6408533 25.6591171
v 40.955779 -23.6458331 37.7138376
v 46.1433023 -26.6408533 25.6591171
v 30.3399771 -36.1577749 37.6412421
v 30.3399771 -36.1577749 37.6412421
v 46.1433023 -26.6408533 25.6591171
v 34.439823 -41.0437763 25.8022159
v 30.3399771 -36.1577749 37.6412421
v 34.439823 -41.0437763 25.8022159
v 16.339995 -44.8937833 38.0992621
v 16.339995 -44.8937833 38.0992621
v 34.439823 -41.0437763 25.8022159
v 18.8816428 -51.8769145 26.5859336
v 16.339995 -44.8937833 38.0992621
v 18.8816428 -51.8769145 26.5859336
v -4.16218597e-06 -47.6098537 37.9675895
v -4.16218597e-06 -47.6098537 37.9675895
v 18.8816428 -51.8769145 26.5859336
v -4.87429226e-06 -55.7554066 26.8503904
v -4.16218597e-06 -47.6098537 37.9675895
v -4.87429226e-06 -55.7554066 26.8503904
v -15.8164069 -43.4552193 36.8784219
v -15.8164069 -43.4552193 36.8784219
v -4.87429226e-06 -55.7554066 26.8503904
v -18.6257824 -51.1739135 26.2256622
v -15.8164069 -43.4552193 36.8784219
v -18.6257824 -51.1739135 26.2256622
v -28.1942487 -33.6005837 34.9791378
v -28.1942487 -33.6005837 34.9791378
v -18.6257824 -51.1739135 26.2256622
v -33.1046969 -39.4526273 24.8019397
v -28.1942487 -33.6005837 34.9791378
v -33.1046969 -39.4526273 24.8019397
v -35.6875211 -20.6041962 32.8625977
v -35.6875211 -20.6041962 32.8625977
v -33.1046969 -39.4526273 24.8019397
v -41.4899707 -23.9542395 23.0715141
v -35.6875211 -20.6041962 32.8625977
v -41.4899707 -23.9542395 23.0715141
v -38.9257103 -6.86365142 31.5210938
v -38.9257103 -6.86365142 31.5210938
v -41.4899707 -23.9542395 23.0715141
v -44.7545499 -7.8914322 21.8851417
v -38.9257103 -6.86365142 31.5210938
v -44.7545499 -7.8914322 21.8851417
v -38.5267079 6.79329783 31.197992
v -38.5267079 6.79329783 31.197992
v -44.7545499 -7.8914322 21.8851417
v -44.364053 7.8225784 21.6941878
v -38.5267079 6.79329783 31.197992
v -44.364053 7.8225784 21.6941878
v -33.8542998 19.5457846 31.1744899
v -33.8542998 19.5457846 31.1744899
v -44.364053 7.8225784 21.6941878
v -39.0130967 22.5242168 21.6941878
v -33.8542998 19.5457846 31.1744899
v -39.0130967 22.5242168 21.6941878
v -25.1275718 29.9458921 31.1744899
v -25.1275718 29.9458921 31.1744899
v -39.0130967 22.5242168 21.6941878
v -28.9565712 34.5091164 21.6941878
v -25.1275718 29.9458921 31.1744899
v -28.9565712 34.5091164 21.6941878
v -13.4778053 37.0299935 31.4256281
v -13.4778053 37.0299935 31.4256281
v -28.9565712 34.5091164 21.6941878
v -15.5622035 42.7568346 21.9120651
v -13.4778053 37.0299935 31.4256281
v -15.5622035 42.7568346 21.9120651
v 7.12004891e-06 40.7219321 32.4746549
v 7.12004891e-06 40.7219321 32.4746549
v -15.5622035 42.7568346 21.9120651
v 8.3007599e-06 47.4748135 22.8626668
v 0 47.4748135 22.8626668
v 0 51.7470241 11.8109159
v 17.1369329 47.0833361 24.1293162
v 17.1369329 47.0833361 24.1293162
v 0 51.7470241 11.8109159
v 18.8206866 51.7094135 12.559779
v 17.1369329 47.0833361 24.1293162
v 18.8206866 51.7094135 12.559779
v 33.6368084 40.086782 25.2005994
v 33.6368084 40.086782 25.2005994
v 18.8206866 51.7094135 12.559779
v 37.0201826 44.1189349 13.145262
v 33.6368084 40.086782 25.2005994
v 37.0201826 44.1189349 13.145262
v 46.7092484 26.967594 25.9738207
v 46.7092484 26.967594 25.9738207
v 37.0201826 44.1189349 13.145262
v 50.84517 29.3554723 13.4003863
v 46.7092484 26.967594 25.9738207
v 50.84517 29.3554723 13.4003863
v 53.8324237 9.49210525 26.3242543
v 53.8324237 9.49210525 26.3242543
v 50.84517 29.3554723 13.4003863
v 57.7886999 10.1897024 13.3933648
v 53.8324237 9.49210525 26.3242543
v 57.7886999 10.1897024 13.3933648
v 53.4306407 -9.42126513 26.1277825
v 53.4306407 -9.42126513 26.1277825
v 57.7886999 10.1897024 13.3933648
v 56.4261377 -9.94945168 13.077572
v 53.4306407 -9.42126513 26.1277825
v 56.4261377 -9.94945168 13.077572
v 46.1433023 -26.6408533 25.6591171
v 46.1433023 -26.6408533 25.6591171
v 56.4261377 -9.94945168 13.077572
v 48.2700378 -27.8687239 12.7217025
v 46.1433023 -26.6408533 25.6591171
v 48.2700378 -27.8687239 12.7217025
v 34.439823 -41.0437763 25.8022159
v 34.439823 -41.0437763 25.8022159
v 48.2700378 -27.8687239 12.7217025
v 36.4429325 -43.430993 12.9402906
v 34.439823 -41.0437763 25.8022159
v 36.4429325 -43.430993 12.9402906
v 18.8816428 -51.8769145 26.5859336
v 18.8816428 -51.8769145 26.5859336
v 36.4429325 -43.430993 12.9402906
v 20.3566611 -55.9294939 13.5848016
v 18.8816428 -51.8769145 26.5859336
v 20.3566611 -55.9294939 13.5848016
v -4.87429226e-06 -55.7554066 26.8503904
v -4.87429226e-06 -55.7554066 26.8503904
v 20.3566611 -55.9294939 13.5848016
v -5.33564233e-06 -61.032635 13.9302969
v -4.87429226e-06 -55.7554066 26.8503904
v -5.33564233e-06 -61.032635 13.9302969
v -18.6257824 -51.1739135 26.2256622
v -18.6257824 -51.1739135 26.2256622
v -5.33564233e-06 -61.032635 13.9302969
v -20.5877572 -56.5643966 13.7390152
v -18.6257824 -51.1739135 26.2256622
v -20.5877572 -56.5643966 13.7390152
v -33.1046969 -39.4526273 24.8019397
v -33.1046969 -39.4526273 24.8019397
v -20.5877572 -56.5643966 13.7390152
v -36.7341042 -43.7779814 13.0436778
v -33.1046969 -39.4526273 24.8019397
v -36.7341042 -43.7779814 13.0436778
v -41.4899707 -23.9542395 23.0715141
v -41.4899707 -23.9542395 23.0715141
v -36.7341042 -43.7779814 13.0436778
v -45.9858567 -26.5499413 12.1197
v -41.4899707 -23.9542395 23.0715141
v -45.9858567 -26.5499413 12.1197
v -44.7545499 -7.8914322 21.8851417
v -44.7545499 -7.8914322 21.8851417
v -45.9858567 -26.5499413 12.1197
v -49.1727352 -8.67047831 11.39649
v -44.7545499 -7.8914322 21.8851417
v -49.1727352 -8.67047831 11.39649
v -44.364053 7.8225784 21.6941878
v -44.364053 7.8225784 21.6941878
v -49.1727352 -8.67047831 11.39649
v -48.0183512 8.46693069 11.1289464
v -44.364053 7.8225784 21.6941878
v -48.0183512 8.46693069 11.1289464
v -39.0130967 22.5242168 21.6941878
v -39.0130967 22.5242168 21.6941878
v -48.0183512 8.46693069 11.1289464
v -42.2156185 24.3731931 11.1260429
v -39.0130967 22.5242168 21.6941878
v -42.2156185 24.3731931 11.1260429
v -28.9565712 34.5091164 21.6941878
v -28.9565712 34.5091164 21.6941878
v -42.2156185 24.3731931 11.1260429
v -31.3335687 37.3419136 11.1260429
v -28.9565712 34.5091164 21.6941878
v -31.3335687 37.3419136 11.1260429
v -15.5622035 42.7568346 21.9120651
v -15.5622035 42.7568346 21.9120651
v -31.3335687 37.3419136 11.1260429
v -16.8583348 46.317932 11.2502337
v -15.5622035 42.7568346 21.9120651
v -16.8583348 46.317932 11.2502337
v 8.3007599e-06 47.4748135 22.8626668
v 8.3007599e-06 47.4748135 22.8626668
v -16.8583348 46.317932 11.2502337
v 9.04773714e-06 51.74703 11.8109174
v 0 51.7470241 11.8109159
v 0 53.1628013 -2.32381989e-06
v 18.8206866 51.7094135 12.559779
v 18.8206866 51.7094135 12.559779
v 0 53.1628013 -2.32381989e-06
v 19.3765759 53.2366991 -2.47639509e-06
v 18.8206866 51.7094135 12.559779
v 19.3765759 53.2366991 -2.47639509e-06
v 37.0201826 44.1189349 13.145262
v 37.0201826 44.1189349 13.145262
v 19.3765759 53.2366991 -2.47639509e-06
v 38.1730407 45.4928547 -2.59587534e-06
v 37.0201826 44.1189349 13.145262
v 38.1730407 45.4928547 -2.59587534e-06
v 50.84517 29.3554723 13.4003863
v 50.84517 29.3554723 13.4003863
v 38.1730407 45.4928547 -2.59587534e-06
v 52.0566344 30.054906 -2.62748365e-06
v 50.84517 29.3554723 13.4003863
v 52.0566344 30.054906 -2.62748365e-06
v 57.7886999 10.1897024 13.3933648
v 57.7886999 10.1897024 13.3933648
v 52.0566344 30.054906 -2.62748365e-06
v 58.2261324 10.2668338 -2.58440789e-06
v 57.7886999 10.1897024 13.3933648
v 58.2261324 10.2668338 -2.58440789e-06
v 56.4261377 -9.94945168 13.077572
v 56.4261377 -9.94945168 13.077572
v 58.2261324 10.2668338 -2.58440789e-06
v 55.9259057 -9.86124724 -2.48231089e-06
v 56.4261377 -9.94945168 13.077572
v 55.9259057 -9.86124724 -2.48231089e-06
v 48.2700378 -27.8687239 12.7217025
v 48.2700378 -27.8687239 12.7217025
v 55.9259057 -9.86124724 -2.48231089e-06
v 47.6870954 -27.5321603 -2.40693758e-06
v 48.2700378 -27.8687239 12.7217025
v 47.6870954 -27.5321603 -2.40693758e-06
v 36.4429325 -43.430993 12.9402906
v 36.4429325 -43.430993 12.9402906
v 47.6870954 -27.5321603 -2.40693758e-06
v 36.4381254 -43.425265 -2.47789629e-06
v 36.4429325 -43.430993 12.9402906
v 36.4381254 -43.425265 -2.47789629e-06
v 20.3566611 -55.9294939 13.5848016
v 20.3566611 -55.9294939 13.5848016
v 36.4381254 -43.425265 -2.47789629e-06
v 20.6836432 -56.827867 -2.64344404e-06
v 20.3566611 -55.9294939 13.5848016
v 20.6836432 -56.827867 -2.64344404e-06
v -5.33564233e-06 -61.032635 13.9302969
v -5.33564233e-06 -61.032635 13.9302969
v 20.6836432 -56.827867 -2.64344404e-06
v -5.49960291e-06 -62.9081249 -2.74980145e-06
v -5.33564233e-06 -61.032635 13.9302969
v -5.49960291e-06 -62.9081249 -2.74980145e-06
v -20.5877572 -56.5643966 13.7390152
v -20.5877572 -56.5643966 13.7390152
v -5.49960291e-06 -62.9081249 -2.74980145e-06
v -21.4744225 -59.0004861 -2.74450738e-06
v -20.5877572 -56.5643966 13.7390152
v -21.4744225 -59.0004861 -2.74450738e-06
v -36.7341042 -43.7779814 13.0436778
v -36.7341042 -43.7779814 13.0436778
v -21.4744225 -59.0004861 -2.74450738e-06
v -38.6825889 -46.1000979 -2.63052566e-06
v -36.7341042 -43.7779814 13.0436778
v -38.6825889 -46.1000979 -2.63052566e-06
v -45.9858567 -26.5499413 12.1197
v -45.9858567 -26.5499413 12.1197
v -38.6825889 -46.1000979 -2.63052566e-06
v -48.7395972 -28.1398118 -2.46006095e-06
v -45.9858567 -26.5499413 12.1197
v -48.7395972 -28.1398118 -2.46006095e-06
v -49.1727352 -8.67047831 11.39649
v -49.1727352 -8.67047831 11.39649
v -48.7395972 -28.1398118 -2.46006095e-06
v -51.478231 -9.07699838 -2.28489743e-06
v -49.1727352 -8.67047831 11.39649
v -51.478231 -9.07699838 -2.28489743e-06
v -48.0183512 8.46693069 11.1289464
v -48.0183512 8.46693069 11.1289464
v -51.478231 -9.07699838 -2.28489743e-06
v -49.3737519 8.70592296 -2.19148895e-06
v -48.0183512 8.46693069 11.1289464
v -49.3737519 8.70592296 -2.19148895e-06
v -42.2156185 24.3731931 11.1260429
v -42.2156185 24.3731931 11.1260429
v -49.3737519 8.70592296 -2.19148895e-06
v -43.3012724 24.9999955 -2.18556941e-06
v -42.2156185 24.3731931 11.1260429
v -43.3012724 24.9999955 -2.18556941e-06
v -31.3335687 37.3419136 11.1260429
v -31.3335687 37.3419136 11.1260429
v -43.3012724 24.9999955 -2.18556941e-06
v -32.1393698 38.3022308 -2.18556941e-06
v -31.3335687 37.3419136 11.1260429
v -32.1393698 38.3022308 -2.18556941e-06
v -16.8583348 46.317932 11.2502337
v -16.8583348 46.317932 11.2502337
v -32.1393698 38.3022308 -2.18556941e-06
v -17.2923774 47.5104511 -2.2100286e-06
v -16.8583348 46.317932 11.2502337
v -17.2923774 47.5104511 -2.2100286e-06
v 9.04773714e-06 51.74703 11.8109174
v 9.04773714e-06 51.74703 11.8109174
v -17.2923774 47.5104511 -2.2100286e-06
v 9.29527957e-06 53.1628013 -2.32381989e-06
v 0 53.1628013 -2.32381989e-06
v 0 51.6041517 -11.7783114
v 19.3765759 53.2366991 -2.47639509e-06
v 19.3765759 53.2366991 -2.47639509e-06
v 0 51.6041517 -11.7783114
v 18.7400252 51.4877975 -12.505956
v 19.3765759 53.2366991 -2.47639509e-06
v 18.7400252 51.4877975 -12.505956
v 38.1730407 45.4928547 -2.59587534e-06
v 38.1730407 45.4928547 -2.59587534e-06
v 18.7400252 51.4877975 -12.505956
v 36.8271083 43.8888341 -13.0767107
v 38.1730407 45.4928547 -2.59587534e-06
v 36.8271083 43.8888341 -13.0767107
v 52.0566344 30.054906 -2.62748365e-06
v 52.0566344 30.054906 -2.62748365e-06
v 36.8271083 43.8888341 -13.0767107
v 50.1643538 28.9623976 -13.2209584
v 52.0566344 30.054906 -2.62748365e-06
v 50.1643538 28.9623976 -13.2209584
v 58.2261324 10.2668338 -2.58440789e-06
v 58.2261324 10.2668338 -2.58440789e-06
v 50.1643538 28.9623976 -13.2209584
v 55.3866744 9.76616144 -12.8366664
v 58.2261324 10.2668338 -2.58440789e-06
v 55.3866744 9.76616144 -12.8366664
v 55.9259057 -9.86124724 -2.48231089e-06
v 55.9259057 -9.86124724 -2.48231089e-06
v 55.3866744 9.76616144 -12.8366664
v 52.5069892 -9.2583999 -12.1692576
v 55.9259057 -9.86124724 -2.48231089e-06
v 52.5069892 -9.2583999 -12.1692576
v 47.6870954 -27.5321603 -2.40693758e-06
v 47.6870954 -27.5321603 -2.40693758e-06
v 52.5069892 -9.2583999 -12.1692576
v 44.9665517 -25.9614557 -11.8510649
v 47.6870954 -27.5321603 -2.40693758e-06
v 44.9665517 -25.9614557 -11.8510649
v 36.4381254 -43.425265 -2.47789629e-06
v 36.4381254 -43.425265 -2.47789629e-06
v 44.9665517 -25.9614557 -11.8510649
v 34.6936703 -41.3463026 -12.3191603
v 36.4381254 -43.425265 -2.47789629e-06
v 34.6936703 -41.3463026 -12.3191603
v 20.6836432 -56.827867 -2.64344404e-06
v 20.6836432 -56.827867 -2.64344404e-06
v 34.6936703 -41.3463026 -12.3191603
v 19.8947415 -54.6603799 -13.2765487
v 20.6836432 -56.827867 -2.64344404e-06
v 19.8947415 -54.6603799 -13.2765487
v -5.49960291e-06 -62.9081249 -2.74980145e-06
v -5.49960291e-06 -62.9081249 -2.74980145e-06
v 19.8947415 -54.6603799 -13.2765487
v -5.34747286e-06 -61.1679614 -13.96119
v -5.49960291e-06 -62.9081249 -2.74980145e-06
v -5.34747286e-06 -61.1679614 -13.96119
v -21.4744225 -59.0004861 -2.74450738e-06
v -21.4744225 -59.0004861 -2.74450738e-06
v -5.34747286e-06 -61.1679614 -13.96119
v -21.1305335 -58.0556691 -14.1012356
v -21.4744225 -59.0004861 -2.74450738e-06
v -21.1305335 -58.0556691 -14.1012356
v -38.6825889 -46.1000979 -2.63052566e-06
v -38.6825889 -46.1000979 -2.63052566e-06
v -21.1305335 -58.0556691 -14.1012356
v -38.5642678 -45.9590822 -13.6935443
v -38.6825889 -46.1000979 -2.63052566e-06
v -38.5642678 -45.9590822 -13.6935443
v -48.7395972 -28.1398118 -2.46006095e-06
v -48.7395972 -28.1398118 -2.46006095e-06
v -38.5642678 -45.9590822 -13.6935443
v -48.8494307 -28.2032251 -12.8744081
v -48.7395972 -28.1398118 -2.46006095e-06
v -48.8494307 -28.2032251 -12.8744081
v -51.478231 -9.07699838 -2.28489743e-06
v -51.478231 -9.07699838 -2.28489743e-06
v -48.8494307 -28.2032251 -12.8744081
v -51.2458801 -9.03602913 -11.8769757
v -51.478231 -9.07699838 -2.28489743e-06
v -51.2458801 -9.03602913 -11.8769757
v -49.3737519 8.70592296 -2.19148895e-06
v -49.3737519 8.70592296 -2.19148895e-06
v -51.2458801 -9.03602913 -11.8769757
v -48.4792322 8.54819641 -11.2357669
v -49.3737519 8.70592296 -2.19148895e-06
v -48.4792322 8.54819641 -11.2357669
v -43.3012724 24.9999955 -2.18556941e-06
v -43.3012724 24.9999955 -2.18556941e-06
v -48.4792322 8.54819641 -11.2357669
v -42.2156185 24.3731931 -11.1260474
v -43.3012724 24.9999955 -2.18556941e-06
v -42.2156185 24.3731931 -11.1260474
v -32.1393698 38.3022308 -2.18556941e-06
v -32.1393698 38.3022308 -2.18556941e-06
v -42.2156185 24.3731931 -11.1260474
v -31.3335687 37.3419136 -11.1260474
v -32.1393698 38.3022308 -2.18556941e-06
v -31.3335687 37.3419136 -11.1260474
v -17.2923774 47.5104511 -2.2100286e-06
v -17.2923774 47.5104511 -2.2100286e-06
v -31.3335687 37.3419136 -11.1260474
v -16.8410391 46.2704092 -11.2386949
v -17.2923774 47.5104511 -2.2100286e-06
v -16.8410391 46.2704092 -11.2386949
v 9.29527957e-06 53.1628013 -2.32381989e-06
v 9.29527957e-06 53.1628013 -2.32381989e-06
v -16.8410391 46.2704092 -11.2386949
v 9.02275588e-06 51.6041517 -11.7783114
v 0 51.6041517 -11.7783114
v 0 47.2368985 -22.7480978
v 18.7400252 51.4877975 -12.505956
v 18.7400252 51.4877975 -12.505956
v 0 47.2368985 -22.7480978
v 17.0026094 46.714282 -23.9401877
v 18.7400252 51.4877975 -12.505956
v 17.0026094 46.714282 -23.9401877
v 36.8271083 43.8888341 -13.0767107
v 36.8271083 43.8888341 -13.0767107
v 17.0026094 46.714282 -23.9401877
v 33.2049072 39.5720631 -24.8770252
v 36.8271083 43.8888341 -13.0767107
v 33.2049072 39.5720631 -24.8770252
v 50.1643538 28.9623976 -13.2209584
v 50.1643538 28.9623976 -13.2209584
v 33.2049072 39.5720631 -24.8770252
v 45.1551825 26.0703534 -25.1096487
v 50.1643538 28.9623976 -13.2209584
v 45.1551825 26.0703534 -25.1096487
v 55.3866744 9.76616144 -12.8366664
v 55.3866744 9.76616144 -12.8366664
v 45.1551825 26.0703534 -25.1096487
v 49.8084813 8.78257602 -24.3565366
v 55.3866744 9.76616144 -12.8366664
v 49.8084813 8.78257602 -24.3565366
v 52.5069892 -9.2583999 -12.1692576
v 52.5069892 -9.2583999 -12.1692576
v 49.8084813 8.78257602 -24.3565366
v 47.0567942 -8.29738379 -23.0109528
v 52.5069892 -9.2583999 -12.1692576
v 47.0567942 -8.29738379 -23.0109528
v 44.9665517 -25.9614557 -11.8510649
v 44.9665517 -25.9614557 -11.8510649
v 47.0567942 -8.29738379 -23.0109528
v 40.6596124 -23.4748423 -22.6097792
v 44.9665517 -25.9614557 -11.8510649
v 40.6596124 -23.4748423 -22.6097792
v 34.6936703 -41.3463026 -12.3191603
v 34.6936703 -41.3463026 -12.3191603
v 40.6596124 -23.4748423 -22.6097792
v 31.5268666 -37.5722528 -23.619841
v 34.6936703 -41.3463026 -12.3191603
v 31.5268666 -37.5722528 -23.619841
v 19.8947415 -54.6603799 -13.2765487
v 19.8947415 -54.6603799 -13.2765487
v 31.5268666 -37.5722528 -23.619841
v 18.1124359 -49.7635365 -25.5028725
v 19.8947415 -54.6603799 -13.2765487
v 18.1124359 -49.7635365 -25.5028725
v -5.34747286e-06 -61.1679614 -13.96119
v -5.34747286e-06 -61.1679614 -13.96119
v 18.1124359 -49.7635365 -25.5028725
v -4.8939917e-06 -55.980742 -26.9589126
v -5.34747286e-06 -61.1679614 -13.96119
v -4.8939917e-06 -55.980742 -26.9589126
v -21.1305335 -58.0556691 -14.1012356
v -21.1305335 -58.0556691 -14.1012356
v -4.8939917e-06 -55.980742 -26.9589126
v -19.5296437 -53.6572516 -27.4983287
v -21.1305335 -58.0556691 -14.1012356
v -19.5296437 -53.6572516 -27.4983287
v -38.5642678 -45.9590822 -13.6935443
v -38.5642678 -45.9590822 -13.6935443
v -19.5296437 -53.6572516 -27.4983287
v -36.0419691 -42.9531306 -27.0025402
v -38.5642678 -45.9590822 -13.6935443
v -36.0419691 -42.9531306 -27.0025402
v -48.8494307 -28.2032251 -12.8744081
v -48.8494307 -28.2032251 -12.8744081
v -36.0419691 -42.9531306 -27.0025402
v -45.8381861 -26.4646828 -25.4894525
v -48.8494307 -28.2032251 -12.8744081
v -45.8381861 -26.4646828 -25.4894525
v -51.2458801 -9.03602913 -11.8769757
v -51.2458801 -9.03602913 -11.8769757
v -45.8381861 -26.4646828 -25.4894525
v -48.1828392 -8.49593207 -23.5615909
v -51.2458801 -9.03602913 -11.8769757
v -48.1828392 -8.49593207 -23.5615909
v -48.4792322 8.54819641 -11.2357669
v -48.4792322 8.54819641 -11.2357669
v -48.1828392 -8.49593207 -23.5615909
v -45.2839911 7.98478797 -22.1440449
v -48.4792322 8.54819641 -11.2357669
v -45.2839911 7.98478797 -22.1440449
v -42.2156185 24.3731931 -11.1260474
v -42.2156185 24.3731931 -11.1260474
v -45.2839911 7.98478797 -22.1440449
v -39.0304893 22.5342587 -21.7038646
v -42.2156185 24.3731931 -11.1260474
v -39.0304893 22.5342587 -21.7038646
v -31.3335687 37.3419136 -11.1260474
v -31.3335687 37.3419136 -11.1260474
v -39.0304893 22.5342587 -21.7038646
v -28.9565712 34.5091164 -21.6941923
v -31.3335687 37.3419136 -11.1260474
v -28.9565712 34.5091164 -21.6941923
v -16.8410391 46.2704092 -11.2386949
v -16.8410391 46.2704092 -11.2386949
v -28.9565712 34.5091164 -21.6941923
v -15.5334011 42.6777035 -21.8715161
v -16.8410391 46.2704092 -11.2386949
v -15.5334011 42.6777035 -21.8715161
v 9.02275588e-06 51.6041517 -11.7783114
v 9.02275588e-06 51.6041517 -11.7783114
v -15.5334011 42.6777035 -21.8715161
v 8.25916118e-06 47.2368985 -22.7480978
v 0 47.2368985 -22.7480978
v 0 40.4641092 -32.2690487
v 17.0026094 46.714282 -23.9401877
v 17.0026094 46.714282 -23.9401877
v 0 40.4641092 -32.2690487
v 14.3814251 39.5126373 -33.532536
v 17.0026094 46.714282 -23.9401877
v 14.3814251 39.5126373 -33.532536
v 33.2049072 39.5720631 -24.8770252
v 33.2049072 39.5720631 -24.8770252
v 14.3814251 39.5126373 -33.532536
v 27.8305382 33.1671417 -34.5279098
v 33.2049072 39.5720631 -24.8770252
v 27.8305382 33.1671417 -34.5279098
v 45.1551825 26.0703534 -25.1096487
v 45.1551825 26.0703534 -25.1096487
v 27.8305382 33.1671417 -34.5279098
v 37.742275 21.7905089 -34.7547024
v 45.1551825 26.0703534 -25.1096487
v 37.742275 21.7905089 -34.7547024
v 49.8084813 8.78257602 -24.3565366
v 49.8084813 8.78257602 -24.3565366
v 37.742275 21.7905089 -34.7547024
v 41.8251872 7.37490579 -33.8690192
v 49.8084813 8.78257602 -24.3565366
v 41.8251872 7.37490579 -33.8690192
v 47.0567942 -8.29738379 -23.0109528
v 47.0567942 -8.29738379 -23.0109528
v 41.8251872 7.37490579 -33.8690192
v 40.2048945 -7.08920807 -32.5569451
v 47.0567942 -8.29738379 -23.0109528
v 40.2048945 -7.08920807 -32.5569451
v 40.6596124 -23.4748423 -22.6097792
v 40.6596124 -23.4748423 -22.6097792
v 40.2048945 -7.08920807 -32.5569451
v 35.1053596 -20.2680916 -32.3265195
v 40.6596124 -23.4748423 -22.6097792
v 35.1053596 -20.2680916 -32.3265195
v 31.5268666 -37.5722528 -23.619841
v 31.5268666 -37.5722528 -23.619841
v 35.1053596 -20.2680916 -32.3265195
v 27.1878988 -32.4012756 -33.7306201
v 31.5268666 -37.5722528 -23.619841
v 27.1878988 -32.4012756 -33.7306201
v 18.1124359 -49.7635365 -25.5028725
v 18.1124359 -49.7635365 -25.5028725
v 27.1878988 -32.4012756 -33.7306201
v 15.5071691 -42.6056117 -36.1573964
v 18.1124359 -49.7635365 -25.5028725
v 15.5071691 -42.6056117 -36.1573964
v -4.8939917e-06 -55.980742 -26.9589126
v -4.8939917e-06 -55.980742 -26.9589126
v 15.5071691 -42.6056117 -36.1573964
v -4.18347028e-06 -47.8533208 -38.1617486
v -4.8939917e-06 -55.980742 -26.9589126
v -4.18347028e-06 -47.8533208 -38.1617486
v -19.5296437 -53.6572516 -27.4983287
v -19.5296437 -53.6572516 -27.4983287
v -4.18347028e-06 -47.8533208 -38.1617486
v -16.7544827 -46.0325629 -39.0656918
v -19.5296437 -53.6572516 -27.4983287
v -16.7544827 -46.0325629 -39.0656918
v -36.0419691 -42.9531306 -27.0025402
v -36.0419691 -42.9531306 -27.0025402
v -16.7544827 -46.0325629 -39.0656918
v -31.0238481 -36.9727671 -38.4896725
v -36.0419691 -42.9531306 -27.0025402
v -31.0238481 -36.9727671 -38.4896725
v -45.8381861 -26.4646828 -25.4894525
v -45.8381861 -26.4646828 -25.4894525
v -31.0238481 -36.9727671 -38.4896725
v -39.7948354 -22.9755536 -36.6447896
v -45.8381861 -26.4646828 -25.4894525
v -39.7948354 -22.9755536 -36.6447896
v -48.1828392 -8.49593207 -23.5615909
v -48.1828392 -8.49593207 -23.5615909
v -39.7948354 -22.9755536 -36.6447896
v -42.2520727 -7.45017901 -34.2146993
v -48.1828392 -8.49593207 -23.5615909
v -42.2520727 -7.45017901 -34.2146993
v -45.2839911 7.98478797 -22.1440449
v -45.2839911 7.98478797 -22.1440449
v -42.2520727 -7.45017901 -34.2146993
v -39.774999 7.01340437 -32.2088271
v -45.2839911 7.98478797 -22.1440449
v -39.774999 7.01340437 -32.2088271
v -39.0304893 22.5342587 -21.7038646
v -39.0304893 22.5342587 -21.7038646
v -39.774999 7.01340437 -32.2088271
v -33.9565426 19.6048141 -31.2686384
v -39.0304893 22.5342587 -21.7038646
v -33.9565426 19.6048141 -31.2686384
v -28.9565712 34.5091164 -21.6941923
v -28.9565712 34.5091164 -21.6941923
v -33.9565426 19.6048141 -31.2686384
v -25.1275718 29.9458921 -31.1744899
v -28.9565712 34.5091164 -21.6941923
v -25.1275718 29.9458921 -31.1744899
v -15.5334011 42.6777035 -21.8715161
v -15.5334011 42.6777035 -21.8715161
v -25.1275718 29.9458921 -31.1744899
v -13.4461612 36.9430512 -31.3518465
v -15.5334011 42.6777035 -21.8715161
v -13.4461612 36.9430512 -31.3518465
v 8.25916118e-06 47.2368985 -22.7480978
v 8.25916118e-06 47.2368985 -22.7480978
v -13.4461612 36.9430512 -31.3518465
v 7.07496994e-06 40.4641092 -32.2690487
v 0 40.4641092 -32.2690487
v 0 31.8255574 -39.9079919
v 14.3814251 39.5126373 -33.532536
v 14.3814251 39.5126373 -33.532536
v 0 31.8255574 -39.9079919
v 11.1514889 30.6384623 -40.8850938
v 14.3814251 39.5126373 -33.532536
v 11.1514889 30.6384623 -40.8850938
v 27.8305382 33.1671417 -34.5279098
v 27.8305382 33.1671417 -34.5279098
v 11.1514889 30.6384623 -40.8850938
v 21.3539943 25.4486978 -41.657716
v 27.8305382 33.1671417 -34.5279098
v 21.3539943 25.4486978 -41.657716
v 37.742275 21.7905089 -34.7547024
v 37.742275 21.7905089 -34.7547024
v 21.3539943 25.4486978 -41.657716
v 28.8577855 16.6610464 -41.7845935
v 37.742275 21.7905089 -34.7547024
v 28.8577855 16.6610464 -41.7845935
v 41.8251872 7.37490579 -33.8690192
v 41.8251872 7.37490579 -33.8690192
v 28.8577855 16.6610464 -41.7845935
v 32.2745442 5.69087081 -41.0953343
v 41.8251872 7.37490579 -33.8690192
v 32.2745442 5.69087081 -41.0953343
v 40.2048945 -7.08920807 -32.5569451
v 40.2048945 -7.08920807 -32.5569451
v 32.2745442 5.69087081 -41.0953343
v 31.8222314 -5.61111867 -40.5194044
v 40.2048945 -7.08920807 -32.5569451
v 31.8222314 -5.61111867 -40.5194044
v 35.1053596 -20.2680916 -32.3265195
v 35.1053596 -20.2680916 -32.3265195
v 31.8222314 -5.61111867 -40.5194044
v 28.2097042 -16.2868828 -40.8462107
v 35.1053596 -20.2680916 -32.3265195
v 28.2097042 -16.2868828 -40.8462107
v 27.1878988 -32.4012756 -33.7306201
v 27.1878988 -32.4012756 -33.7306201
v 28.2097042 -16.2868828 -40.8462107
v 21.7479631 -25.9182096 -42.4262762
v 27.1878988 -32.4012756 -33.7306201
v 21.7479631 -25.9182096 -42.4262762
v 15.5071691 -42.6056117 -36.1573964
v 15.5071691 -42.6056117 -36.1573964
v 21.7479631 -25.9182096 -42.4262762
v 12.2158594 -33.5628152 -44.7874546
v 15.5071691 -42.6056117 -36.1573964
v 12.2158594 -33.5628152 -44.7874546
v -4.18347028e-06 -47.8533208 -38.1617486
v -4.18347028e-06 -47.8533208 -38.1617486
v 12.2158594 -33.5628152 -44.7874546
v -3.2565044e-06 -37.2500688 -46.7101157
v -4.18347028e-06 -47.8533208 -38.1617486
v -3.2565044e-06 -37.2500688 -46.7101157
v -16.7544827 -46.0325629 -39.0656918
v -16.7544827 -46.0325629 -39.0656918
v -3.2565044e-06 -37.2500688 -46.7101157
v -12.9656971 -35.6229573 -47.5365877
v -16.7544827 -46.0325629 -39.0656918
v -12.9656971 -35.6229573 -47.5365877
v -31.0238481 -36.9727671 -38.4896725
v -31.0238481 -36.9727671 -38.4896725
v -12.9656971 -35.6229573 -47.5365877
v -24.0940198 -28.7141263 -47.002995
v -31.0238481 -36.9727671 -38.4896725
v -24.0940198 -28.7141263 -47.002995
v -39.7948354 -22.9755536 -36.6447896
v -39.7948354 -22.9755536 -36.6447896
v -24.0940198 -28.7141263 -47.002995
v -31.2804818 -18.0597886 -45.2925324
v -39.7948354 -22.9755536 -36.6447896
v -31.2804818 -18.0597886 -45.2925324
v -42.2520727 -7.45017901 -34.2146993
v -42.2520727 -7.45017901 -34.2146993
v -31.2804818 -18.0597886 -45.2925324
v -33.7525874 -5.95148988 -42.9773301
v -42.2520727 -7.45017901 -34.2146993
v -33.7525874 -5.95148988 -42.9773301
v -39.774999 7.01340437 -32.2088271
v -39.774999 7.01340437 -32.2088271
v -33.7525874 -5.95148988 -42.9773301
v -32.0739806 5.65550737 -40.8399582
v -39.774999 7.01340437 -32.2088271
v -32.0739806 5.65550737 -40.8399582
v -33.9565426 19.6048141 -31.2686384
v -33.9565426 19.6048141 -31.2686384
v -32.0739806 5.65550737 -40.8399582
v -27.2997379 15.7615066 -39.5286202
v -33.9565426 19.6048141 -31.2686384
v -27.2997379 15.7615066 -39.5286202
v -25.1275718 29.9458921 -31.1744899
v -25.1275718 29.9458921 -31.1744899
v -27.2997379 15.7615066 -39.5286202
v -20.0533226 23.8986328 -39.1203612
v -25.1275718 29.9458921 -31.1744899
v -20.0533226 23.8986328 -39.1203612
v -13.4461612 36.9430512 -31.3518465
v -13.4461612 36.9430512 -31.3518465
v -20.0533226 23.8986328 -39.1203612
v -10.6953301 29.3851972 -39.2126918
v -13.4461612 36.9430512 -31.3518465
v -10.6953301 29.3851972 -39.2126918
v 7.07496994e-06 40.4641092 -32.2690487
v 7.07496994e-06 40.4641092 -32.2690487
v -10.6953301 29.3851972 -39.2126918
v 5.56455753e-06 31.8255574 -39.9079919
v 0 31.8255574 -39.9079919
v 0 21.8900159 -45.4551041
v 11.1514889 30.6384623 -40.8850938
v 11.1514889 30.6384623 -40.8850938
v 0 21.8900159 -45.4551041
v 7.57012069 20.7987353 -45.9608078
v 11.1514889 30.6384623 -40.8850938
v 7.57012069 20.7987353 -45.9608078
v 21.3539943 25.4486978 -41.657716
v 21.3539943 25.4486978 -41.657716
v 7.57012069 20.7987353 -45.9608078
v 14.3539265 17.1063438 -46.3702857
v 21.3539943 25.4486978 -41.657716
v 14.3539265 17.1063438 -46.3702857
v 28.8577855 16.6610464 -41.7845935
v 28.8577855 16.6610464 -41.7845935
v 14.3539265 17.1063438 -46.3702857
v 19.3866014 11.192859 -46.4844406
v 28.8577855 16.6610464 -41.7845935
v 19.3866014 11.192859 -46.4844406
v 32.2745442 5.69087081 -41.0953343
v 32.2745442 5.69087081 -41.0953343
v 19.3866014 11.192859 -46.4844406
v 22.0282122 3.88416648 -46.4477152
v 32.2745442 5.69087081 -41.0953343
v 22.0282122 3.88416648 -46.4477152
v 31.8222314 -5.61111867 -40.5194044
v 31.8222314 -5.61111867 -40.5194044
v 22.0282122 3.88416648 -46.4477152
v 22.1058846 -3.89786437 -46.6114938
v 31.8222314 -5.61111867 -40.5194044
v 22.1058846 -3.89786437 -46.6114938
v 28.2097042 -16.2868828 -40.8462107
v 28.2097042 -16.2868828 -40.8462107
v 22.1058846 -3.89786437 -46.6114938
v 19.736965 -11.3951445 -47.3245323
v 28.2097042 -16.2868828 -40.8462107
v 19.736965 -11.3951445 -47.3245323
v 21.7479631 -25.9182096 -42.4262762
v 21.7479631 -25.9182096 -42.4262762
v 19.736965 -11.3951445 -47.3245323
v 15.0807962 -17.972593 -48.7184346
v 21.7479631 -25.9182096 -42.4262762
v 15.0807962 -17.972593 -48.7184346
v 12.2158594 -33.5628152 -44.7874546
v 12.2158594 -33.5628152 -44.7874546
v 15.0807962 -17.972593 -48.7184346
v 8.30924585 -22.829476 -50.4483163
v 12.2158594 -33.5628152 -44.7874546
v 8.30924585 -22.829476 -50.4483163
v -3.2565044e-06 -37.2500688 -46.7101157
v -3.2565044e-06 -37.2500688 -46.7101157
v 8.30924585 -22.829476 -50.4483163
v -2.18071037e-06 -24.9444172 -51.7976344
v -3.2565044e-06 -37.2500688 -46.7101157
v -2.18071037e-06 -24.9444172 -51.7976344
v -12.9656971 -35.6229573 -47.5365877
v -12.9656971 -35.6229573 -47.5365877
v -2.18071037e-06 -24.9444172 -51.7976344
v -8.62572417 -23.6989826 -52.3697436
v -12.9656971 -35.6229573 -47.5365877
v -8.62572417 -23.6989826 -52.3697436
v -24.0940198 -28.7141263 -47.002995
v -24.0940198 -28.7141263 -47.002995
v -8.62572417 -23.6989826 -52.3697436
v -16.095987 -19.1824421 -51.9979894
v -24.0940198 -28.7141263 -47.002995
v -16.095987 -19.1824421 -51.9979894
v -31.2804818 -18.0597886 -45.2925324
v -31.2804818 -18.0597886 -45.2925324
v -16.095987 -19.1824421 -51.9979894
v -21.1876363 -12.2326851 -50.8028924
v -31.2804818 -18.0597886 -45.2925324
v -21.1876363 -12.2326851 -50.8028924
v -33.7525874 -5.95148988 -42.9773301
v -33.7525874 -5.95148988 -42.9773301
v -21.1876363 -12.2326851 -50.8028924
v -23.3019248 -4.10875678 -49.1334051
v -33.7525874 -5.95148988 -42.9773301
v -23.3019248 -4.10875678 -49.1334051
v -32.0739806 5.65550737 -40.8399582
v -32.0739806 5.65550737 -40.8399582
v -23.3019248 -4.10875678 -49.1334051
v -22.4988073 3.9671462 -47.4399924
v -32.0739806 5.65550737 -40.8399582
v -22.4988073 3.9671462 -47.4399924
v -27.2997379 15.7615066 -39.5286202
v -27.2997379 15.7615066 -39.5286202
v -22.4988073 3.9671462 -47.4399924
v -19.2443982 11.1107558 -46.1434722
v -27.2997379 15.7615066 -39.5286202
v -19.2443982 11.1107558 -46.1434722
v -20.0533226 23.8986328 -39.1203612
v -20.0533226 23.8986328 -39.1203612
v -19.2443982 11.1107558 -46.1434722
v -14.0547723 16.7498365 -45.4038888
v -20.0533226 23.8986328 -39.1203612
v -14.0547723 16.7498365 -45.4038888
v -10.6953301 29.3851972 -39.2126918
v -10.6953301 29.3851972 -39.2126918
v -14.0547723 16.7498365 -45.4038888
v -7.43831992 20.4366311 -45.1606333
v -10.6953301 29.3851972 -39.2126918
v -7.43831992 20.4366311 -45.1606333
v 5.56455753e-06 31.8255574 -39.9079919
v 5.56455753e-06 31.8255574 -39.9079919
v -7.43831992 20.4366311 -45.1606333
v 3.8273722e-06 21.8900159 -45.4551041
v 0 21.8900159 -45.4551041
v 0 11.2973355 -49.4968593
v 7.57012069 20.7987353 -45.9608078
v 7.57012069 20.7987353 -45.9608078
v 0 11.2973355 -49.4968593
v 3.86837274 10.6282666 -49.5539486
v 7.57012069 20.7987353 -45.9608078
v 3.86837274 10.6282666 -49.5539486
v 14.3539265 17.1063438 -46.3702857
v 14.3539265 17.1063438 -46.3702857
v 3.86837274 10.6282666 -49.5539486
v 7.29370788 8.6923033 -49.7144371
v 14.3539265 17.1063438 -46.3702857
v 7.29370788 8.6923033 -49.7144371
v 19.3866014 11.192859 -46.4844406
v 19.3866014 11.192859 -46.4844406
v 7.29370788 8.6923033 -49.7144371
v 9.86965597 5.698248 -49.9313146
v 19.3866014 11.192859 -46.4844406
v 9.86965597 5.698248 -49.9313146
v 22.0282122 3.88416648 -46.4477152
v 22.0282122 3.88416648 -46.4477152
v 9.86965597 5.698248 -49.9313146
v 11.289341 1.99061446 -50.2248585
v 22.0282122 3.88416648 -46.4477152
v 11.289341 1.99061446 -50.2248585
v 22.1058846 -3.89786437 -46.6114938
v 22.1058846 -3.89786437 -46.6114938
v 11.289341 1.99061446 -50.2248585
v 11.3867886 -2.00779829 -50.6583989
v 22.1058846 -3.89786437 -46.6114938
v 11.3867886 -2.00779829 -50.6583989
v 19.736965 -11.3951445 -47.3245323
v 19.736965 -11.3951445 -47.3245323
v 11.3867886 -2.00779829 -50.6583989
v 10.137137 -5.85267954 -51.2845218
v 19.736965 -11.3951445 -47.3245323
v 10.137137 -5.85267954 -51.2845218
v 15.0807962 -17.972593 -48.7184346
v 15.0807962 -17.972593 -48.7184346
v 10.137137 -5.85267954 -51.2845218
v 7.64218196 -9.10759792 -52.0896554
v 15.0807962 -17.972593 -48.7184346
v 7.64218196 -9.10759792 -52.0896554
v 8.30924585 -22.829476 -50.4483163
v 8.30924585 -22.829476 -50.4483163
v 7.64218196 -9.10759792 -52.0896554
v 4.13023941 -11.3477446 -52.9084861
v 8.30924585 -22.829476 -50.4483163
v 4.13023941 -11.3477446 -52.9084861
v -2.18071037e-06 -24.9444172 -51.7976344
v -2.18071037e-06 -24.9444172 -51.7976344
v 4.13023941 -11.3477446 -52.9084861
v -1.06777946e-06 -12.2139737 -53.512913
v -2.18071037e-06 -24.9444172 -51.7976344
v -1.06777946e-06 -12.2139737 -53.512913
v -8.62572417 -23.6989826 -52.3697436
v -8.62572417 -23.6989826 -52.3697436
v -1.06777946e-06 -12.2139737 -53.512913
v -4.19714935 -11.531572 -53.7655771
v -8.62572417 -23.6989826 -52.3697436
v -4.19714935 -11.531572 -53.7655771
v -16.095987 -19.1824421 -51.9979894
v -16.095987 -19.1824421 -51.9979894
v -4.19714935 -11.531572 -53.7655771
v -7.86487833 -9.37299356 -53.6075592
v -16.095987 -19.1824421 -51.9979894
v -7.86487833 -9.37299356 -53.6075592
v -21.1876363 -12.2326851 -50.8028924
v -21.1876363 -12.2326851 -50.8028924
v -7.86487833 -9.37299356 -53.6075592
v -10.4917981 -6.05744086 -53.0787766
v -21.1876363 -12.2326851 -50.8028924
v -10.4917981 -6.05744086 -53.0787766
v -23.3019248 -4.10875678 -49.1334051
v -23.3019248 -4.10875678 -49.1334051
v -10.4917981 -6.05744086 -53.0787766
v -11.7565386 -2.07299441 -52.3033619
v -23.3019248 -4.10875678 -49.1334051
v -11.7565386 -2.07299441 -52.3033619
v -22.4988073 3.9671462 -47.4399924
v -22.4988073 3.9671462 -47.4399924
v -11.7565386 -2.07299441 -52.3033619
v -11.5639351 2.03903336 -51.4464974
v -22.4988073 3.9671462 -47.4399924
v -11.5639351 2.03903336 -51.4464974
v -19.2443982 11.1107558 -46.1434722
v -19.2443982 11.1107558 -46.1434722
v -11.5639351 2.03903336 -51.4464974
v -10.0138791 5.7815142 -50.6609499
v -19.2443982 11.1107558 -46.1434722
v -10.0138791 5.7815142 -50.6609499
v -14.0547723 16.7498365 -45.4038888
v -14.0547723 16.7498365 -45.4038888
v -10.0138791 5.7815142 -50.6609499
v -7.34227672 8.7501891 -50.0454962
v -14.0547723 16.7498365 -45.4038888
v -7.34227672 8.7501891 -50.0454962
v -7.43831992 20.4366311 -45.1606333
v -7.43831992 20.4366311 -45.1606333
v -7.34227672 8.7501891 -50.0454962
v -3.87499556 10.6464699 -49.6388167
v -7.43831992 20.4366311 -45.1606333
v -3.87499556 10.6464699 -49.6388167
v 3.8273722e-06 21.8900159 -45.4551041
v 3.8273722e-06 21.8900159 -45.4551041
v -3.87499556 10.6464699 -49.6388167
v 1.97528873e-06 11.2973355 -49.4968593
v 0 11.2973355 -49.4968593
v -0 -4.58567442e-06 -52.4540007
v 3.86837274 10.6282666 -49.5539486
v 3.86837274 10.6282666 -49.5539486
v -0 -4.58567442e-06 -52.4540007
v -1.56839306e-06 -4.30912408e-06 -52.4540007
v 3.86837274 10.6282666 -49.5539486
v -1.56839306e-06 -4.30912408e-06 -52.4540007
v 7.29370788 8.6923033 -49.7144371
v 7.29370788 8.6923033 -49.7144371
v -1.56839306e-06 -4.30912408e-06 -52.4540007
v -2.94761495e-06 -3.51283056e-06 -52.4540007
v 7.29370788 8.6923033 -49.7144371
v -2.94761495e-06 -3.51283056e-06 -52.4540007
v 9.86965597 5.698248 -49.9313146
v 9.86965597 5.698248 -49.9313146
v -2.94761495e-06 -3.51283056e-06 -52.4540007
v -3.97131039e-06 -2.29283703e-06 -52.4540007
v 9.86965597 5.698248 -49.9313146
v -3.97131039e-06 -2.29283703e-06 -52.4540007
v 11.289341 1.99061446 -50.2248585
v 11.289341 1.99061446 -50.2248585
v -3.97131039e-06 -2.29283703e-06 -52.4540007
v -4.51600783e-06 -7.96293609e-07 -52.4540007
v 11.289341 1.99061446 -50.2248585
v -4.51600783e-06 -7.96293609e-07 -52.4540007
v 11.3867886 -2.00779829 -50.6583989
v 11.3867886 -2.00779829 -50.6583989
v -4.51600783e-06 -7.96293609e-07 -52.4540007
v -4.51600748e-06 7.96294142e-07 -52.4540007
v 11.3867886 -2.00779829 -50.6583989
v -4.51600748e-06 7.96294142e-07 -52.4540007
v 10.137137 -5.85267954 -51.2845218
v 10.137137 -5.85267954 -51.2845218
v -4.51600748e-06 7.96294142e-07 -52.4540007
v -3.97131039e-06 2.29283739e-06 -52.4540007
v 10.137137 -5.85267954 -51.2845218
v -3.97131039e-06 2.29283739e-06 -52.4540007
v 7.64218196 -9.10759792 -52.0896554
v 7.64218196 -9.10759792 -52.0896554
v -3.97131039e-06 2.29283739e-06 -52.4540007
v -2.94761495e-06 3.51283056e-06 -52.4540007
v 7.64218196 -9.10759792 -52.0896554
v -2.94761495e-06 3.51283056e-06 -52.4540007
v 4.13023941 -11.3477446 -52.9084861
v 4.13023941 -11.3477446 -52.9084861
v -2.94761495e-06 3.51283056e-06 -52.4540007
v -1.56839235e-06 4.30912444e-06 -52.4540007
v 4.13023941 -11.3477446 -52.9084861
v -1.56839235e-06 4.30912444e-06 -52.4540007
v -1.06777946e-06 -12.2139737 -53.512913
v -1.06777946e-06 -12.2139737 -53.512913
v -1.56839235e-06 4.30912444e-06 -52.4540007
v 4.00892393e-13 4.58567442e-06 -52.4540007
v -1.06777946e-06 -12.2139737 -53.512913
v 4.00892393e-13 4.58567442e-06 -52.4540007
v -4.19714935 -11.531572 -53.7655771
v -4.19714935 -11.531572 -53.7655771
v 4.00892393e-13 4.58567442e-06 -52.4540007
v 1.56839306e-06 4.30912408e-06 -52.4540007
v -4.19714935 -11.531572 -53.7655771
v 1.56839306e-06 4.30912408e-06 -52.4540007
v -7.86487833 -9.37299356 -53.6075592
v -7.86487833 -9.37299356 -53.6075592
v 1.56839306e-06 4.30912408e-06 -52.4540007
v 2.94761549e-06 3.51282949e-06 -52.4540007
v -7.86487833 -9.37299356 -53.6075592
v 2.94761549e-06 3.51282949e-06 -52.4540007
v -10.4917981 -6.05744086 -53.0787766
v -10.4917981 -6.05744086 -53.0787766
v 2.94761549e-06 3.51282949e-06 -52.4540007
v 3.97131039e-06 2.29283685e-06 -52.4540007
v -10.4917981 -6.05744086 -53.0787766
v 3.97131039e-06 2.29283685e-06 -52.4540007
v -11.7565386 -2.07299441 -52.3033619
v -11.7565386 -2.07299441 -52.3033619
v 3.97131039e-06 2.29283685e-06 -52.4540007
v 4.51600783e-06 7.96293786e-07 -52.4540007
v -11.7565386 -2.07299441 -52.3033619
v 4.51600783e-06 7.96293786e-07 -52.4540007
v -11.5639351 2.03903336 -51.4464974
v -11.5639351 2.03903336 -51.4464974
v 4.51600783e-06 7.96293786e-07 -52.4540007
v 4.51600748e-06 -7.96293875e-07 -52.4540007
v -11.5639351 2.03903336 -51.4464974
v 4.51600748e-06 -7.96293875e-07 -52.4540007
v -10.0138791 5.7815142 -50.6609499
v -10.0138791 5.7815142 -50.6609499
v 4.51600748e-06 -7.96293875e-07 -52.4540007
v 3.97131039e-06 -2.29283685e-06 -52.4540007
v -10.0138791 5.7815142 -50.6609499
v 3.97131039e-06 -2.29283685e-06 -52.4540007
v -7.34227672 8.7501891 -50.0454962
v -7.34227672 8.7501891 -50.0454962
v 3.97131039e-06 -2.29283685e-06 -52.4540007
v 2.94761371e-06 -3.51283127e-06 -52.4540007
v -7.34227672 8.7501891 -50.0454962
v 2.94761371e-06 -3.51283127e-06 -52.4540007
v -3.87499556 10.6464699 -49.6388167
v -3.87499556 10.6464699 -49.6388167
v 2.94761371e-06 -3.51283127e-06 -52.4540007
v 1.56839199e-06 -4.30912444e-06 -52.4540007
v -3.87499556 10.6464699 -49.6388167
v 1.56839199e-06 -4.30912444e-06 -52.4540007
v 1.97528873e-06 11.2973355 -49.4968593
v 1.97528873e-06 11.2973355 -49.4968593
v 1.56839199e-06 -4.30912444e-06 -52.4540007
v -8.01784786e-13 -4.58567442e-06 -52.4540007
vt 0 0
vt 0 0
vt 0 0
vt 0 0
vt 0 0
vt 0 0
vt 0 0
vt 0 0
vt 0 0
vt 0 0
vt 0 0
vt 0 0
vt 0 0
vt 0 0
vt 0 0
vt 0 0
vt 0 0
vt 0 0
vt 0 0
vt 0 0
vt 0 0
vt 0 0
vt 0 0
vt 0 0
vt 0 0
vt 0 0
vt 0 0
vt 0 0
vt 0 0
vt 0 0
vt 0 0
vt 0 0
vt 0 0
vt 0 0
vt 0 0
vt 0 0
vt 0 0
vt 0 0
vt 0 0
vt 0 0
vt 0 0
vt 0 0
vt 0 0
vt 0 0
vt 0 0
vt 0 0
vt 0 0
vt 0 0
vt 0 0
vt 0 0
vt 0 0
vt 0 0
vt 0 0
vt 0 0
vt 0 0
vt 0 0
vt 0 0
vt 0 0
vt 0 0
vt 0 0
vt 0 0
vt 0 0
vt 0 0
vt 0 0
vt 0 0
vt 0 0
vt 0 0
vt 0 0
vt 0 0
vt 0 0
vt 0 0
vt 0 0
vt 0 0
vt 0 0
vt 0 0
vt 0 0
vt 0 0
vt 0 0
vt 0 0
vt 0 0
vt 0 0
vt 0 0
vt 0 0
vt 0 0
vt 0 0
vt 0 0
vt 0 0
vt 0 0
vt 0 0
vt 0 0
vt 0 0
vt 0 0
vt 0 0
vt 0 0
vt 0 0
vt 0 0
vt 0 0
vt 0 0
vt 0 0
vt 0 0
vt 0 0
vt 0 0
vt 0 0
vt 0 0
vt 0 0
vt 0 0
vt 0 0
vt 0 0
vt 0 0
vt 0 0
vt 0 0
vt 0 0
vt 0 0
vt 0 0
vt 0 0
vt 0 0
vt 0 0
vt 0 0
vt 0 0
vt 0 0
vt 0 0
vt 0 0
vt 0 0
vt 0 0
vt 0 0
vt 0 0
vt 0 0
vt 0 0
vt 0 0
vt 0 0
vt 0 0
vt 0 0
vt 0 0
vt 0 0
vt 0 0
vt 0 0
vt 0 0
vt 0 0
vt 0 0
vt 0 0
vt 0 0
vt 0 0
vt 0 0
vt 0 0
vt 0 0
vt 0 0
vt 0 0
vt 0 0
vt 0 0
vt 0 0
vt 0 0
vt 0 0
vt 0 0
vt 0 0
vt 0 0
vt 0 0
vt 0 0
vt 0 0
vt 0 0
vt 0 0
vt 0 0
vt 0 0
vt 0 0
vt 0 0
vt 0 0
vt 0 0
vt 0 0
vt 0 0
vt 0 0
vt 0 0
vt 0 0
vt 0 0
vt 0 0
vt 0 0
vt 0 0
vt 0 0
vt 0 0
vt 0 0
vt 0 0
vt 0 0
vt 0 0
vt 0 0
vt 0 0
vt 0 0
vt 0 0
vt 0 0
vt 0 0
vt 0 0
vt 0 0
vt 0 0
vt 0 0
vt 0 0
vt 0 0
vt 0 0
vt 0 0
vt 0 0
vt 0 0
vt 0 0
vt 0 0
vt 0 0
vt 0 0
vt 0 0
vt 0 0
vt 0 0
vt 0 0
vt 0 0
vt 0 0
vt 0 0
vt 0 0
vt 0 0
vt 0 0
vt 0 0
vt 0 0
vt 0 0
vt 0 0
vt 0 0
vt 0 0
vt 0 0
vt 0 0
vt 0 0
vt 0 0
vt 0 0
vt 0 0
vt 0 0
vt 0 0
vt 0 0
vt 0 0
vt 0 0
vt 0 0
vt 0 0
vt 0 0
vt 0 0
vt 0 0
vt 0 0
vt 0 0
vt 0 0
vt 0 0
vt 0 0
vt 0 0
vt 0 0
vt 0 0
vt 0 0
vt 0 0
vt 0 0
vt 0 0
vt 0 0
vt 0 0
vt 0 0
vt 0 0
vt 0 0
vt 0 0
vt 0 0
vt 0 0
vt 0 0
vt 0 0
vt 0 0
vt 0 0
vt 0 0
vt 0 0
vt 0 0
vt 0 0
vt 0 0
vt 0 0
vt 0 0
vt 0 0
vt 0 0
vt 0 0
vt 0 0
vt 0 0
vt 0 0
vt 0 0
vt 0 0
vt 0 0
vt 0 0
vt 0 0
vt 0 0
vt 0 0
vt 0 0
vt 0 0
vt 0 0
vt 0 0
vt 0 0
vt 0 0
vt 0 0
vt 0 0
vt 0 0
vt 0 0
vt 0 0
vt 0 0
vt 0 0
vt 0 0
vt 0 0
vt 0 0
vt 0 0
vt 0 0
vt 0 0
vt 0 0
vt 0 0
vt 0 0
vt 0 0
vt 0 0
vt 0 0
vt 0 0
vt 0 0
vt 0 0
vt 0 0
vt 0 0
vt 0 0
vt 0 0
vt 0 0
vt 0 0
vt 0 0
vt 0 0
vt 0 0
vt 0 0
vt 0 0
vt 0 0
vt 0 0
vt 0 0
vt 0 0
vt 0 0
vt 0 0
vt 0 0
vt 0 0
vt 0 0
vt 0 0
vt 0 0
vt 0 0
vt 0 0
vt 0 0
vt 0 0
vt 0 0
vt 0 0
vt 0 0
vt 0 0
vt 0 0
vt 0 0
vt 0 0
vt 0 0
vt 0 0
vt 0 0
vt 0 0
vt 0 0
vt 0 0
vt 0 0
vt 0 0
vt 0 0
vt 0 0
vt 0 0
vt 0 0
vt 0 0
vt 0 0
vt 0 0
vt 0 0
vt 0 0
vt 0 0
vt 0 0
vt 0 0
vt 0 0
vt 0 0
vt 0 0
vt 0 0
vt 0 0
vt 0 0
vt 0 0
vt 0 0
vt 0 0
vt 0 0
vt 0 0
vt 0 0
vt 0 0
vt 0 0
vt 0 0
vt 0 0
vt 0 0
vt 0 0
vt 0 0
vt 0 0
vt 0 0
vt 0 0
vt 0 0
vt 0 0
vt 0 0
vt 0 0
vt 0 0
vt 0 0
vt 0 0
vt 0 0
vt 0 0
vt 0 0
vt 0 0
vt 0 0
vt 0 0
vt 0 0
vt 0 0
vt 0 0
vt 0 0
vt 0 0
vt 0 0
vt 0 0
vt 0 0
vt 0 0
vt 0 0
vt 0 0
vt 0 0
vt 0 0
vt 0 0
vt 0 0
vt 0 0
vt 0 0
vt 0 0
vt 0 0
vt 0 0
vt 0 0
vt 0 0
vt 0 0
vt 0 0
vt 0 0
vt 0 0
vt 0 0
vt 0 0
vt 0 0
vt 0 0
vt 0 0
vt 0 0
vt 0 0
vt 0 0
vt 0 0
vt 0 0
vt 0 0
vt 0 0
vt 0 0
vt 0 0
vt 0 0
vt 0 0
vt 0 0
vt 0 0
vt 0 0
vt 0 0
vt 0 0
vt 0 0
vt 0 0
vt 0 0
vt 0 0
vt 0 0
vt 0 0
vt 0 0
vt 0 0
vt 0 0
vt 0 0
vt 0 0
vt 0 0
vt 0 0
vt 0 0
vt 0 0
vt 0 0
vt 0 0
vt 0 0
vt 0 0
vt 0 0
vt 0 0
vt 0 0
vt 0 0
vt 0 0
vt 0 0
vt 0 0
vt 0 0
vt 0 0
vt 0 0
vt 0 0
vt 0 0
vt 0 0
vt 0 0
vt 0 0
vt 0 0
vt 0 0
vt 0 0
vt 0 0
vt 0 0
vt 0 0
vt 0 0
vt 0 0
vt 0 0
vt 0 0
vt 0 0
vt 0 0
vt 0 0
vt 0 0
vt 0 0
vt 0 0
vt 0 0
vt 0 0
vt 0 0
vt 0 0
vt 0 0
vt 0 0
vt 0 0
vt 0 0
vt 0 0
vt 0 0
vt 0 0
vt 0 0
vt 0 0
vt 0 0
vt 0 0
vt 0 0
vt 0 0
vt 0 0
vt 0 0
vt 0 0
vt 0 0
vt 0 0
vt 0 0
vt 0 0
vt 0 0
vt 0 0
vt 0 0
vt 0 0
vt 0 0
vt 0 0
vt 0 0
vt 0 0
vt 0 0
vt 0 0
vt 0 0
vt 0 0
vt 0 0
vt 0 0
vt 0 0
vt 0 0
vt 0 0
vt 0 0
vt 0 0
vt 0 0
vt 0 0
vt 0 0
vt 0 0
vt 0 0
vt 0 0
vt 0 0
vt 0 0
vt 0 0
vt 0 0
vt 0 0
vt 0 0
vt 0 0
vt 0 0
vt 0 0
vt 0 0
vt 0 0
vt 0 0
vt 0 0
vt 0 0
vt 0 0
vt 0 0
vt 0 0
vt 0 0
vt 0 0
vt 0 0
vt 0 0
vt 0 0
vt 0 0
vt 0 0
vt 0 0
vt 0 0
vt 0 0
vt 0 0
vt 0 0
vt 0 0
vt 0 0
vt 0 0
vt 0 0
vt 0 0
vt 0 0
vt 0 0
vt 0 0
vt 0 0
vt 0 0
vt 0 0
vt 0 0
vt 0 0
vt 0 0
vt 0 0
vt 0 0
vt 0 0
vt 0 0
vt 0 0
vt 0 0
vt 0 0
vt 0 0
vt 0 0
vt 0 0
vt 0 0
vt 0 0
vt 0 0
vt 0 0
vt 0 0
vt 0 0
vt 0 0
vt 0 0
vt 0 0
vt 0 0
vt 0 0
vt 0 0
vt 0 0
vt 0 0
vt 0 0
vt 0 0
vt 0 0
vt 0 0
vt 0 0
vt 0 0
vt 0 0
vt 0 0
vt 0 0
vt 0 0
vt 0 0
vt 0 0
vt 0 0
vt 0 0
vt 0 0
vt 0 0
vt 0 0
vt 0 0
vt 0 0
vt 0 0
vt 0 0
vt 0 0
vt 0 0
vt 0 0
vt 0 0
vt 0 0
vt 0 0
vt 0 0
vt 0 0
vt 0 0
vt 0 0
vt 0 0
vt 0 0
vt 0 0
vt 0 0
vt 0 0
vt 0 0
vt 0 0
vt 0 0
vt 0 0
vt 0 0
vt 0 0
vt 0 0
vt 0 0
vt 0 0
vt 0 0
vt 0 0
vt 0 0
vt 0 0
vt 0 0
vt 0 0
vt 0 0
vt 0 0
vt 0 0
vt 0 0
vt 0 0
vt 0 0
vt 0 0
vt 0 0
vt 0 0
vt 0 0
vt 0 0
vt 0 0
vt 0 0
vt 0 0
vt 0 0
vt 0 0
vt 0 0
vt 0 0
vt 0 0
vt 0 0
vt 0 0
vt 0 0
vt 0 0
vt 0 0
vt 0 0
vt 0 0
vt 0 0
vt 0 0
vt 0 0
vt 0 0
vt 0 0
vt 0 0
vt 0 0
vt 0 0
vt 0 0
vt 0 0
vt 0 0
vt 0 0
vt 0 0
vt 0 0
vt 0 0
vt 0 0
vt 0 0
vt 0 0
vt 0 0
vt 0 0
vt 0 0
vt 0 0
vt 0 0
vt 0 0
vt 0 0
vt 0 0
vt 0 0
vt 0 0
vt 0 0
vt 0 0
vt 0 0
vt 0 0
vt 0 0
vt 0 0
vt 0 0
vt 0 0
vt 0 0
vt 0 0
vt 0 0
vt 0 0
vt 0 0
vt 0 0
vt 0 0
vt 0 0
vt 0 0
vt 0 0
vt 0 0
vt 0 0
vt 0 0
vt 0 0
vt 0 0
vt 0 0
vt 0 0
vt 0 0
vt 0 0
vt 0 0
vt 0 0
vt 0 0
vt 0 0
vt 0 0
vt 0 0
vt 0 0
vt 0 0
vt 0 0
vt 0 0
vt 0 0
vt 0 0
vt 0 0
vt 0 0
vt 0 0
vt 0 0
vt 0 0
vt 0 0
vt 0 0
vt 0 0
vt 0 0
vt 0 0
vt 0 0
vt 0 0
vt 0 0
vt 0 0
vt 0 0
vt 0 0
vt 0 0
vt 0 0
vt 0 0
vt 0 0
vt 0 0
vt 0 0
vt 0 0
vt 0 0
vt 0 0
vt 0 0
vt 0 0
vt 0 0
vt 0 0
vt 0 0
vt 0 0
vt 0 0
vt 0 0
vt 0 0
vt 0 0
vt 0 0
vt 0 0
vt 0 0
vt 0 0
vt 0 0
vt 0 0
vt 0 0
vt 0 0
vt 0 0
vt 0 0
vt 0 0
vt 0 0
vt 0 0
vt 0 0
vt 0 0
vt 0 0
vt 0 0
vt 0 0
vt 0 0
vt 0 0
vt 0 0
vt 0 0
vt 0 0
vt 0 0
vt 0 0
vt 0 0
vt 0 0
vt 0 0
vt 0 0
vt 0 0
vt 0 0
vt 0 0
vt 0 0
vt 0 0
vt 0 0
vt 0 0
vt 0 0
vt 0 0
vt 0 0
vt 0 0
vt 0 0
vt 0 0
vt 0 0
vt 0 0
vt 0 0
vt 0 0
vt 0 0
vt 0 0
vt 0 0
vt 0 0
vt 0 0
vt 0 0
vt 0 0
vt 0 0
vt 0 0
vt 0 0
vt 0 0
vt 0 0
vt 0 0
vt 0 0
vt 0 0
vt 0 0
vt 0 0
vt 0 0
vt 0 0
vt 0 0
vt 0 0
vt 0 0
vt 0 0
vt 0 0
vt 0 0
vt 0 0
vt 0 0
vt 0 0
vt 0 0
vt 0 0
vt 0 0
vt 0 0
vt 0 0
vt 0 0
vt 0 0
vt 0 0
vt 0 0
vt 0 0
vt 0 0
vt 0 0
vt 0 0
vt 0 0
vt 0 0
vt 0 0
vt 0 0
vt 0 0
vt 0 0
vt 0 0
vt 0 0
vt 0 0
vt 0 0
vt 0 0
vt 0 0
vt 0 0
vt 0 0
vt 0 0
vt 0 0
vt 0 0
vt 0 0
vt 0 0
vt 0 0
vt 0 0
vt 0 0
vt 0 0
vt 0 0
vt 0 0
vt 0 0
vt 0 0
vt 0 0
vt 0 0
vt 0 0
vt 0 0
vt 0 0
vt 0 0
vt 0 0
vt 0 0
vt 0 0
vt 0 0
vt 0 0
vt 0 0
vt 0 0
vt 0 0
vt 0 0
vt 0 0
vt 0 0
vt 0 0
vt 0 0
vt 0 0
vt 0 0
vt 0 0
vt 0 0
vt 0 0
vt 0 0
vt 0 0
vt 0 0
vt 0 0
vt 0 0
vt 0 0
vt 0 0
vt 0 0
vt 0 0
vt 0 0
vt 0 0
vt 0 0
vt 0 0
vt 0 0
vt 0 0
vt 0 0
vt 0 0
vt 0 0
vt 0 0
vt 0 0
vt 0 0
vt 0 0
vt 0 0
vt 0 0
vt 0 0
vt 0 0
vt 0 0
vt 0 0
vt 0 0
vt 0 0
vt 0 0
vt 0 0
vt 0 0
vt 0 0
vt 0 0
vt 0 0
vt 0 0
vt 0 0
vt 0 0
vt 0 0
vt 0 0
vt 0 0
vt 0 0
vt 0 0
vt 0 0
vt 0 0
vt 0 0
vt 0 0
vt 0 0
vt 0 0
vt 0 0
vt 0 0
vt 0 0
vt 0 0
vt 0 0
vt 0 0
vt 0 0
vt 0 0
vt 0 0
vt 0 0
vt 0 0
vt 0 0
vt 0 0
vt 0 0
vt 0 0
vt 0 0
vt 0 0
vt 0 0
vt 0 0
vt 0 0
vt 0 0
vt 0 0
vt 0 0
vt 0 0
vt 0 0
vt 0 0
vt 0 0
vt 0 0
vt 0 0
vt 0 0
vt 0 0
vt 0 0
vt 0 0
vt 0 0
vt 0 0
vt 0 0
vt 0 0
vt 0 0
vt 0 0
vt 0 0
vt 0 0
vt 0 0
vt 0 0
vt 0 0
vt 0 0
vt 0 0
vt 0 0
vt 0 0
vt 0 0
vt 0 0
vt 0 0
vt 0 0
vt 0 0
vt 0 0
vt 0 0
vt 0 0
vt 0 0
vt 0 0
vt 0 0
vt 0 0
vt 0 0
vt 0 0
vt 0 0
vt 0 0
vt 0 0
vt 0 0
vt 0 0
vt 0 0
vt 0 0
vt 0 0
vt 0 0
vt 0 0
vt 0 0
vt 0 0
vt 0 0
vt 0 0
vt 0 0
vt 0 0
vt 0 0
vt 0 0
vt 0 0
vt 0 0
vt 0 0
vt 0 0
vt 0 0
vt 0 0
vt 0 0
vt 0 0
vt 0 0
vt 0 0
vt 0 0
vt 0 0
vt 0 0
vt 0 0
vt 0 0
vt 0 0
vt 0 0
vt 0 0
vt 0 0
vt 0 0
vt 0 0
vt 0 0
vt 0 0
vt 0 0
vt 0 0
vt 0 0
vt 0 0
vt 0 0
vt 0 0
vt 0 0
vt 0 0
vt 0 0
vt 0 0
vt 0 0
vt 0 0
vt 0 0
vt 0 0
vt 0 0
vt 0 0
vt 0 0
vt 0 0
vt 0 0
vt 0 0
vt 0 0
vt 0 0
vt 0 0
vt 0 0
vt 0 0
vt 0 0
vt 0 0
vt 0 0
vt 0 0
vt 0 0
vt 0 0
vt 0 0
vt 0 0
vt 0 0
vt 0 0
vt 0 0
vt 0 0
vt 0 0
vt 0 0
vt 0 0
vt 0 0
vt 0 0
vt 0 0
vt 0 0
vt 0 0
vt 0 0
vt 0 0
vt 0 0
vt 0 0
vt 0 0
vt 0 0
vt 0 0
vt 0 0
vt 0 0
vt 0 0
vt 0 0
vt 0 0
vt 0 0
vt 0 0
vt 0 0
vt 0 0
vt 0 0
vt 0 0
vt 0 0
vt 0 0
vt 0 0
vt 0 0
vt 0 0
vt 0 0
vt 0 0
vt 0 0
vt 0 0
vt 0 0
vt 0 0
vt 0 0
vt 0 0
vt 0 0
vt 0 0
vt 0 0
vt 0 0
vt 0 0
vt 0 0
vt 0 0
vt 0 0
vt 0 0
vt 0 0
vt 0 0
vt 0 0
vt 0 0
vt 0 0
vt 0 0
vt 0 0
vt 0 0
vt 0 0
vt 0 0
vt 0 0
vt 0 0
vt 0 0
vt 0 0
vt 0 0
vt 0 0
vt 0 0
vt 0 0
vt 0 0
vt 0 0
vt 0 0
vt 0 0
vt 0 0
vt 0 0
vt 0 0
vt 0 0
vt 0 0
vt 0 0
vt 0 0
vt 0 0
vt 0 0
vt 0 0
vt 0 0
vt 0 0
vt 0 0
vt 0 0
vt 0 0
vt 0 0
vt 0 0
vt 0 0
vt 0 0
vt 0 0
vt 0 0
vt 0 0
vt 0 0
vt 0 0
vt 0 0
vt 0 0
vt 0 0
vt 0 0
vt 0 0
vt 0 0
vt 0 0
vt 0 0
vt 0 0
vt 0 0
vt 0 0
vt 0 0
vt 0 0
vt 0 0
vt 0 0
vt 0 0
vt 0 0
vt 0 0
vt 0 0
vt 0 0
vt 0 0
vt 0 0
vt 0 0
vt 0 0
vt 0 0
vt 0 0
vt 0 0
vt 0 0
vt 0 0
vt 0 0
vt 0 0
vt 0 0
vt 0 0
vt 0 0
vt 0 0
vt 0 0
vt 0 0
vt 0 0
vt 0 0
vt 0 0
vt 0 0
vt 0 0
vt 0 0
vt 0 0
vt 0 0
vt 0 0
vt 0 0
vt 0 0
vt 0 0
vt 0 0
vt 0 0
vt 0 0
vt 0 0
vt 0 0
vt 0 0
vt 0 0
vt 0 0
vt 0 0
vt 0 0
vt 0 0
vt 0 0
vt 0 0
vt 0 0
vt 0 0
vt 0 0
vt 0 0
vt 0 0
vt 0 0
vt 0 0
vt 0 0
vt 0 0
vt 0 0
vt 0 0
vt 0 0
vt 0 0
vt 0 0
vt 0 0
vt 0 0
vt 0 0
vt 0 0
vt 0 0
vt 0 0
vt 0 0
vt 0 0
vt 0 0
vt 0 0
vt 0 0
vt 0 0
vt 0 0
vt 0 0
vt 0 0
vt 0 0
vt 0 0
vt 0 0
vt 0 0
vt 0 0
vt 0 0
vt 0 0
vt 0 0
vt 0 0
vt 0 0
vt 0 0
vt 0 0
vt 0 0
vt 0 0
vt 0 0
vt 0 0
vt 0 0
vt 0 0
vt 0 0
vt 0 0
vt 0 0
vt 0 0
vt 0 0
vt 0 0
vt 0 0
vt 0 0
vt 0 0
vt 0 0
vt 0 0
vt 0 0
vt 0 0
vt 0 0
vt 0 0
vt 0 0
vt 0 0
vt 0 0
vt 0 0
vt 0 0
vt 0 0
vt 0 0
vt 0 0
vt 0 0
vt 0 0
vt 0 0
vt 0 0
vt 0 0
vt 0 0
vt 0 0
vt 0 0
vt 0 0
vt 0 0
vt 0 0
vt 0 0
vt 0 0
vt 0 0
vt 0 0
vt 0 0
vt 0 0
vt 0 0
vt 0 0
vt 0 0
vt 0 0
vt 0 0
vt 0 0
vt 0 0
vt 0 0
vt 0 0
vt 0 0
vt 0 0
vt 0 0
vt 0 0
vt 0 0
vt 0 0
vt 0 0
vt 0 0
vt 0 0
vt 0 0
vt 0 0
vt 0 0
vt 0 0
vt 0 0
vt 0 0
vt 0 0
vt 0 0
vt 0 0
vt 0 0
vt 0 0
vt 0 0
vt 0 0
vt 0 0
vt 0 0
vt 0 0
vt 0 0
vt 0 0
vt 0 0
vt 0 0
vt 0 0
vt 0 0
vt 0 0
vt 0 0
vt 0 0
vt 0 0
vt 0 0
vt 0 0
vt 0 0
vt 0 0
vt 0 0
vt 0 0
vt 0 0
vt 0 0
vt 0 0
vt 0 0
vt 0 0
vt 0 0
vt 0 0
vt 0 0
vt 0 0
vt 0 0
vt 0 0
vt 0 0
vt 0 0
vt 0 0
vt 0 0
vt 0 0
vt 0 0
vt 0 0
vt 0 0
vt 0 0
vt 0 0
vt 0 0
vt 0 0
vt 0 0
vt 0 0
vt 0 0
vt 0 0
vt 0 0
vt 0 0
vt 0 0
vt 0 0
vt 0 0
vt 0 0
vt 0 0
vt 0 0
vt 0 0
vt 0 0
vt 0 0
vt 0 0
vt 0 0
vt 0 0
vt 0 0
vt 0 0
vt 0 0
vt 0 0
vt 0 0
vt 0 0
vt 0 0
vt 0 0
vt 0 0
vt 0 0
vt 0 0
vt 0 0
vt 0 0
vt 0 0
vt 0 0
vt 0 0
vt 0 0
vt 0 0
vt 0 0
vt 0 0
vt 0 0
vt 0 0
vt 0 0
vt 0 0
vt 0 0
vt 0 0
vt 0 0
vt 0 0
vt 0 0
vt 0 0
vt 0 0
vt 0 0
vt 0 0
vt 0 0
vt 0 0
vt 0 0
vt 0 0
vt 0 0
vt 0 0
vt 0 0
vt 0 0
vt 0 0
vt 0 0
vt 0 0
vt 0 0
vt 0 0
vt 0 0
vt 0 0
vt 0 0
vt 0 0
vt 0 0
vt 0 0
vt 0 0
vt 0 0
vt 0 0
vt 0 0
vt 0 0
vt 0 0
vt 0 0
vt 0 0
vt 0 0
vt 0 0
vt 0 0
vt 0 0
vt 0 0
vn 0 0 0
vn 0 0 0
vn 0 0 0
vn 0.121672444 -0.259926975 -0.957931995
vn 0.121672444 -0.259926975 -0.957931995
vn 0.121672444 -0.259926975 -0.957931995
vn 0 0 0
vn 0 0 0
vn 0 0 0
vn 0.0830749944 -0.247539461 -0.96530962
vn 0.0830749944 -0.247539461 -0.96530962
vn 0.0830749944 -0.247539461 -0.96530962
vn 0 0 0
vn 0 0 0
vn 0 0 0
vn 0.0459124222 -0.218112648 -0.974843025
vn 0.0459124222 -0.218112648 -0.974843025
vn 0.0459124222 -0.218112648 -0.974843025
vn 0 0 0
vn 0 0 0
vn 0 0 0
vn 0.0209571738 -0.176209107 -0.984129667
vn 0.0209571738 -0.176209107 -0.984129667
vn 0.0209571738 -0.176209107 -0.984129667
vn 0 0 0
vn 0 0 0
vn 0 0 0
vn 0.013155655 -0.132371455 -0.991112888
vn 0.013155655 -0.132371455 -0.991112888
vn 0.013155655 -0.132371455 -0.991112888
vn 0 0 0
vn 0 0 0
vn 0 0 0
vn 0.0196964461 -0.0961249843 -0.995174408
vn 0.0196964461 -0.0961249843 -0.995174408
vn 0.0196964461 -0.0961249843 -0.995174408
vn 0 0 0
vn 0 0 0
vn 0 0 0
vn 0.03438944 -0.0709005594 -0.996890426
vn 0.03438944 -0.0709005594 -0.996890426
vn 0.03438944 -0.0709005594 -0.996890426
vn 0 0 0
vn 0 0 0
vn 0 0 0
vn 0.0548160858 -0.0537762679 -0.997047305
vn 0.0548160858 -0.0537762679 -0.997047305
vn 0.0548160858 -0.0537762679 -0.997047305
vn 0 0 0
vn 0 0 0
vn 0 0 0
vn 0.0969792902 -0.0382455513 -0.994551301
vn 0.0969792902 -0.0382455513 -0.994551301
vn 0.0969792902 -0.0382455513 -0.994551301
vn 0 0 0
vn 0 0 0
vn 0 0 0
vn 0.144214213 -0.0380249955 -0.988815665
vn 0.144214213 -0.0380249955 -0.988815665
vn 0.144214213 -0.0380249955 -0.988815665
vn 0 0 0
vn 0 0 0
vn 0 0 0
vn 0.183982328 -0.0526061207 -0.981520832
vn 0.183982328 -0.0526061207 -0.981520832
vn 0.183982328 -0.0526061207 -0.981520832
vn 0 0 0
vn 0 0 0
vn 0 0 0
vn 0.21260877 -0.0773994401 -0.974067092
vn 0.21260877 -0.0773994401 -0.974067092
vn 0.21260877 -0.0773994401 -0.974067092
vn 0 0 0
vn 0 0 0
vn 0 0 0
vn 0.229589686 -0.108867817 -0.967179537
vn 0.229589686 -0.108867817 -0.967179537
vn 0.229589686 -0.108867817 -0.967179537
vn 0 0 0
vn 0 0 0
vn 0 0 0
vn 0.234763548 -0.14575699 -0.961062372
vn 0.234763548 -0.14575699 -0.961062372
vn 0.234763548 -0.14575699 -0.961062372
vn 0 0 0
vn 0 0 0
vn 0 0 0
vn 0.226159081 -0.186793789 -0.956012607
vn 0.226159081 -0.186793789 -0.956012607
vn 0.226159081 -0.186793789 -0.956012607
vn 0 0 0
vn 0 0 0
vn 0 0 0
vn 0.201560929 -0.227402225 -0.952712715
vn 0.201560929 -0.227402225 -0.952712715
vn 0.201560929 -0.227402225 -0.952712715
vn 0 0 0
vn 0 0 0
vn 0 0 0
vn 0.173789486 -0.25056386 -0.952373385
vn 0.173789486 -0.25056386 -0.952373385
vn 0.173789486 -0.25056386 -0.952373385
vn 0 0 0
vn 0 0 0
vn 0 0 0
vn 0.152441621 -0.258811563 -0.95382297
vn 0.152441621 -0.258811563 -0.95382297
vn 0.152441621 -0.258811563 -0.95382297
vn 0.0872676969 -0.434762627 -0.896306813
vn 0.0872676969 -0.434762627 -0.896306813
vn 0.0872676969 -0.434762627 -0.896306813
vn 0.102018267 -0.429804444 -0.897140086
vn 0.102018267 -0.429804444 -0.897140086
vn 0.102018267 -0.429804444 -0.897140086
vn -0.00636972906 -0.399013281 -0.916923046
vn -0.00636972906 -0.399013281 -0.916923046
vn -0.00636972906 -0.399013281 -0.916923046
vn -0.00336030754 -0.399034023 -0.91693002
vn -0.00336030754 -0.399034023 -0.91693002
vn -0.00336030754 -0.399034023 -0.91693002
vn -0.091481626 -0.334328324 -0.938006222
vn -0.091481626 -0.334328324 -0.938006222
vn -0.091481626 -0.334328324 -0.938006222
vn -0.106459677 -0.32877177 -0.938389838
vn -0.106459677 -0.32877177 -0.938389838
vn -0.106459677 -0.32877177 -0.938389838
vn -0.160373986 -0.245097339 -0.956142068
vn -0.160373986 -0.245097339 -0.956142068
vn -0.160373986 -0.245097339 -0.956142068
vn -0.183953211 -0.224652216 -0.95691824
vn -0.183953211 -0.224652216 -0.95691824
vn -0.183953211 -0.224652216 -0.95691824
vn -0.20258674 -0.136008918 -0.969773352
vn -0.20258674 -0.136008918 -0.969773352
vn -0.20258674 -0.136008918 -0.969773352
vn -0.220100731 -0.103492208 -0.969971716
vn -0.220100731 -0.103492208 -0.969971716
vn -0.220100731 -0.103492208 -0.969971716
vn -0.206596628 -0.0171049573 -0.97827673
vn -0.206596628 -0.0171049573 -0.97827673
vn -0.206596628 -0.0171049573 -0.97827673
vn -0.211415902 0.0191304721 -0.977208972
vn -0.211415902 0.0191304721 -0.977208972
vn -0.211415902 0.0191304721 -0.977208972
vn -0.167532086 0.0966795236 -0.981114686
vn -0.167532086 0.0966795236 -0.981114686
vn -0.167532086 0.0966795236 -0.981114686
vn -0.162189871 0.119810484 -0.979458988
vn -0.162189871 0.119810484 -0.979458988
vn -0.162189871 0.119810484 -0.979458988
vn -0.082749106 0.18634744 -0.978992999
vn -0.082749106 0.18634744 -0.978992999
vn -0.082749106 0.18634744 -0.978992999
vn -0.081087552 0.188858226 -0.978650749
vn -0.081087552 0.188858226 -0.978650749
vn -0.081087552 0.188858226 -0.978650749
vn 0.0522167347 0.235549062 -0.970458686
vn 0.0522167347 0.235549062 -0.970458686
vn 0.0522167347 0.235549062 -0.970458686
vn 0.0508628823 0.234571338 -0.970767379
vn 0.0508628823 0.234571338 -0.970767379
vn 0.0508628823 0.234571338 -0.970767379
vn 0.195493311 0.230343431 -0.953270376
vn 0.195493311 0.230343431 -0.953270376
vn 0.195493311 0.230343431 -0.953270376
vn 0.192635059 0.229572549 -0.954037845
vn 0.192635059 0.229572549 -0.954037845
vn 0.192635059 0.229572549 -0.954037845
vn 0.318417072 0.176662877 -0.931343615
vn 0.318417072 0.176662877 -0.931343615
vn 0.318417072 0.176662877 -0.931343615
vn 0.31941396 0.176560357 -0.931021571
vn 0.31941396 0.176560357 -0.931021571
vn 0.31941396 0.176560357 -0.931021571
vn 0.409511715 0.0899013728 -0.907864451
vn 0.409511715 0.0899013728 -0.907864451
vn 0.409511715 0.0899013728 -0.907864451
vn 0.403593868 0.0929098874 -0.910208583
vn 0.403593868 0.0929098874 -0.910208583
vn 0.403593868 0.0929098874 -0.910208583
vn 0.458465487 -0.0210511051 -0.888462842
vn 0.458465487 -0.0210511051 -0.888462842
vn 0.458465487 -0.0210511051 -0.888462842
vn 0.446663767 -0.00805811398 -0.894665658
vn 0.446663767 -0.00805811398 -0.894665658
vn 0.446663767 -0.00805811398 -0.894665658
vn 0.460893631 -0.140864745 -0.876204491
vn 0.460893631 -0.140864745 -0.876204491
vn 0.460893631 -0.140864745 -0.876204491
vn 0.451212823 -0.116935454 -0.884721994
vn 0.451212823 -0.116935454 -0.884721994
vn 0.451212823 -0.116935454 -0.884721994
vn 0.420046419 -0.25340867 -0.871404111
vn 0.420046419 -0.25340867 -0.871404111
vn 0.420046419 -0.25340867 -0.871404111
vn 0.418990493 -0.227937728 -0.878914893
vn 0.418990493 -0.227937728 -0.878914893
vn 0.418990493 -0.227937728 -0.878914893
vn 0.346124321 -0.346491873 -0.871860862
vn 0.346124321 -0.346491873 -0.871860862
vn 0.346124321 -0.346491873 -0.871860862
vn 0.350301623 -0.33275336 -0.875536323
vn 0.350301623 -0.33275336 -0.875536323
vn 0.350301623 -0.33275336 -0.875536323
vn 0.262575686 -0.406167179 -0.875261188
vn 0.262575686 -0.406167179 -0.875261188
vn 0.262575686 -0.406167179 -0.875261188
vn 0.264447451 -0.40354991 -0.875908136
vn 0.264447451 -0.40354991 -0.875908136
vn 0.264447451 -0.40354991 -0.875908136
vn 0.180499911 -0.437080741 -0.881124437
vn 0.180499911 -0.437080741 -0.881124437
vn 0.180499911 -0.437080741 -0.881124437
vn 0.192332253 -0.428279907 -0.882940829
vn 0.192332253 -0.428279907 -0.882940829
vn 0.192332253 -0.428279907 -0.882940829
vn 0.0749606863 -0.572367787 -0.816563547
vn 0.0749606863 -0.572367787 -0.816563547
vn 0.0749606863 -0.572367787 -0.816563547
vn 0.0754369497 -0.572107434 -0.816702187
vn 0.0754369497 -0.572107434 -0.816702187
vn 0.0754369497 -0.572107434 -0.816702187
vn -0.0806857571 -0.532526731 -0.842558563
vn -0.0806857571 -0.532526731 -0.842558563
vn -0.0806857571 -0.532526731 -0.842558563
vn -0.0963534862 -0.535261691 -0.839172661
vn -0.0963534862 -0.535261691 -0.839172661
vn -0.0963534862 -0.535261691 -0.839172661
vn -0.235442251 -0.439035982 -0.867072284
vn -0.235442251 -0.439035982 -0.867072284
vn -0.235442251 -0.439035982 -0.867072284
vn -0.26728341 -0.433385819 -0.860660315
vn -0.26728341 -0.433385819 -0.860660315
vn -0.26728341 -0.433385819 -0.860660315
vn -0.363025695 -0.292551339 -0.884661496
vn -0.363025695 -0.292551339 -0.884661496
vn -0.363025695 -0.292551339 -0.884661496
vn -0.399904966 -0.270583987 -0.875705659
vn -0.399904966 -0.270583987 -0.875705659
vn -0.399904966 -0.270583987 -0.875705659
vn -0.437690645 -0.106004186 -0.892854929
vn -0.437690645 -0.106004186 -0.892854929
vn -0.437690645 -0.106004186 -0.892854929
vn -0.468850315 -0.0663276464 -0.880783737
vn -0.468850315 -0.0663276464 -0.880783737
vn -0.468850315 -0.0663276464 -0.880783737
vn -0.444014341 0.102170013 -0.890175581
vn -0.444014341 0.102170013 -0.890175581
vn -0.444014341 0.102170013 -0.890175581
vn -0.458239108 0.148919165 -0.876264751
vn -0.458239108 0.148919165 -0.876264751
vn -0.458239108 0.148919165 -0.876264751
vn -0.374062538 0.297136933 -0.878513932
vn -0.374062538 0.297136933 -0.878513932
vn -0.374062538 0.297136933 -0.878513932
vn -0.372265458 0.322763413 -0.8701967
vn -0.372265458 0.322763413 -0.8701967
vn -0.372265458 0.322763413 -0.8701967
vn -0.226934791 0.442718685 -0.867467999
vn -0.226934791 0.442718685 -0.867467999
vn -0.226934791 0.442718685 -0.867467999
vn -0.237035409 0.420465171 -0.875798643
vn -0.237035409 0.420465171 -0.875798643
vn -0.237035409 0.420465171 -0.875798643
vn 0.00559335668 0.502329051 -0.864658415
vn 0.00559335668 0.502329051 -0.864658415
vn 0.00559335668 0.502329051 -0.864658415
vn -0.025980914 0.471069723 -0.881713331
vn -0.025980914 0.471069723 -0.881713331
vn -0.025980914 0.471069723 -0.881713331
vn 0.234828591 0.458051711 -0.85734719
vn 0.234828591 0.458051711 -0.85734719
vn 0.234828591 0.458051711 -0.85734719
vn 0.212021664 0.448062152 -0.868497014
vn 0.212021664 0.448062152 -0.868497014
vn 0.212021664 0.448062152 -0.868497014
vn 0.421057403 0.352234453 -0.835847795
vn 0.421057403 0.352234453 -0.835847795
vn 0.421057403 0.352234453 -0.835847795
vn 0.427656502 0.352495134 -0.832380414
vn 0.427656502 0.352495134 -0.832380414
vn 0.427656502 0.352495134 -0.832380414
vn 0.553422809 0.221724778 -0.802845776
vn 0.553422809 0.221724778 -0.802845776
vn 0.553422809 0.221724778 -0.802845776
vn 0.574630558 0.214260831 -0.789868474
vn 0.574630558 0.214260831 -0.789868474
vn 0.574630558 0.214260831 -0.789868474
vn 0.638993859 0.0667099953 -0.766313612
vn 0.638993859 0.0667099953 -0.766313612
vn 0.638993859 0.0667099953 -0.766313612
vn 0.622507274 0.0806082264 -0.778451681
vn 0.622507274 0.0806082264 -0.778451681
vn 0.622507274 0.0806082264 -0.778451681
vn 0.640934169 -0.113153562 -0.759209931
vn 0.640934169 -0.113153562 -0.759209931
vn 0.640934169 -0.113153562 -0.759209931
vn 0.621331453 -0.0797132179 -0.779482543
vn 0.621331453 -0.0797132179 -0.779482543
vn 0.621331453 -0.0797132179 -0.779482543
vn 0.575613558 -0.282690823 -0.767303646
vn 0.575613558 -0.282690823 -0.767303646
vn 0.575613558 -0.282690823 -0.767303646
vn 0.568346262 -0.246649504 -0.784950078
vn 0.568346262 -0.246649504 -0.784950078
vn 0.568346262 -0.246649504 -0.784950078
vn 0.46073845 -0.424436897 -0.779469967
vn 0.46073845 -0.424436897 -0.779469967
vn 0.46073845 -0.424436897 -0.779469967
vn 0.463427424 -0.404401422 -0.78847605
vn 0.463427424 -0.404401422 -0.78847605
vn 0.463427424 -0.404401422 -0.78847605
vn 0.329658926 -0.517686427 -0.789509714
vn 0.329658926 -0.517686427 -0.789509714
vn 0.329658926 -0.517686427 -0.789509714
vn 0.330417514 -0.516155064 -0.790194988
vn 0.330417514 -0.516155064 -0.790194988
vn 0.330417514 -0.516155064 -0.790194988
vn 0.214148656 -0.564239621 -0.7973544
vn 0.214148656 -0.564239621 -0.7973544
vn 0.214148656 -0.564239621 -0.7973544
vn 0.218035907 -0.560173154 -0.799166024
vn 0.218035907 -0.560173154 -0.799166024
vn 0.218035907 -0.560173154 -0.799166024
vn 0.0551142544 -0.686963618 -0.724598706
vn 0.0551142544 -0.686963618 -0.724598706
vn 0.0551142544 -0.686963618 -0.724598706
vn 0.0397233851 -0.697081506 -0.715890586
vn 0.0397233851 -0.697081506 -0.715890586
vn 0.0397233851 -0.697081506 -0.715890586
vn -0.161218733 -0.649698675 -0.742899895
vn -0.161218733 -0.649698675 -0.742899895
vn -0.161218733 -0.649698675 -0.742899895
vn -0.193302453 -0.657748401 -0.728011727
vn -0.193302453 -0.657748401 -0.728011727
vn -0.193302453 -0.657748401 -0.728011727
vn -0.381522506 -0.531579792 -0.756216586
vn -0.381522506 -0.531579792 -0.756216586
vn -0.381522506 -0.531579792 -0.756216586
vn -0.425764829 -0.526544273 -0.735850215
vn -0.425764829 -0.526544273 -0.735850215
vn -0.425764829 -0.526544273 -0.735850215
vn -0.561161757 -0.331101984 -0.758596659
vn -0.561161757 -0.331101984 -0.758596659
vn -0.561161757 -0.331101984 -0.758596659
vn -0.605249107 -0.307741284 -0.734145045
vn -0.605249107 -0.307741284 -0.734145045
vn -0.605249107 -0.307741284 -0.734145045
vn -0.660179675 -0.0672605559 -0.748090088
vn -0.660179675 -0.0672605559 -0.748090088
vn -0.660179675 -0.0672605559 -0.748090088
vn -0.697930872 -0.0222100187 -0.71582073
vn -0.697930872 -0.0222100187 -0.71582073
vn -0.697930872 -0.0222100187 -0.71582073
vn -0.658355772 0.221609056 -0.719344914
vn -0.658355772 0.221609056 -0.719344914
vn -0.658355772 0.221609056 -0.719344914
vn -0.673091412 0.267843902 -0.689353108
vn -0.673091412 0.267843902 -0.689353108
vn -0.673091412 0.267843902 -0.689353108
vn -0.551570117 0.473222315 -0.686899602
vn -0.551570117 0.473222315 -0.686899602
vn -0.551570117 0.473222315 -0.686899602
vn -0.5516361 0.4720276 -0.687668204
vn -0.5516361 0.4720276 -0.687668204
vn -0.5516361 0.4720276 -0.687668204
vn -0.359198987 0.632080138 -0.686622679
vn -0.359198987 0.632080138 -0.686622679
vn -0.359198987 0.632080138 -0.686622679
vn -0.38215825 0.574482203 -0.723826885
vn -0.38215825 0.574482203 -0.723826885
vn -0.38215825 0.574482203 -0.723826885
vn -0.0637267828 0.688760757 -0.722182572
vn -0.0637267828 0.688760757 -0.722182572
vn -0.0637267828 0.688760757 -0.722182572
vn -0.10137371 0.646525085 -0.756127477
vn -0.10137371 0.646525085 -0.756127477
vn -0.10137371 0.646525085 -0.756127477
vn 0.245546654 0.629976869 -0.736774087
vn 0.245546654 0.629976869 -0.736774087
vn 0.245546654 0.629976869 -0.736774087
vn 0.213532105 0.613613486 -0.760185897
vn 0.213532105 0.613613486 -0.760185897
vn 0.213532105 0.613613486 -0.760185897
vn 0.499706119 0.476161718 -0.723577082
vn 0.499706119 0.476161718 -0.723577082
vn 0.499706119 0.476161718 -0.723577082
vn 0.490491211 0.475305319 -0.73041296
vn 0.490491211 0.475305319 -0.73041296
vn 0.490491211 0.475305319 -0.73041296
vn 0.660433769 0.287890017 -0.693503022
vn 0.660433769 0.287890017 -0.693503022
vn 0.660433769 0.287890017 -0.693503022
vn 0.680172503 0.281967074 -0.676653504
vn 0.680172503 0.281967074 -0.676653504
vn 0.680172503 0.281967074 -0.676653504
vn 0.743913531 0.127147347 -0.656068683
vn 0.743913531 0.127147347 -0.656068683
vn 0.743913531 0.127147347 -0.656068683
vn 0.758281648 0.116070352 -0.641511142
vn 0.758281648 0.116070352 -0.641511142
vn 0.758281648 0.116070352 -0.641511142
vn 0.775014281 -0.0777233168 -0.627145827
vn 0.775014281 -0.0777233168 -0.627145827
vn 0.775014281 -0.0777233168 -0.627145827
vn 0.748125255 -0.0375308692 -0.662495375
vn 0.748125255 -0.0375308692 -0.662495375
vn 0.748125255 -0.0375308692 -0.662495375
vn 0.695823014 -0.292340279 -0.65602392
vn 0.695823014 -0.292340279 -0.65602392
vn 0.695823014 -0.292340279 -0.65602392
vn 0.68440944 -0.252022952 -0.684155107
vn 0.68440944 -0.252022952 -0.684155107
vn 0.68440944 -0.252022952 -0.684155107
vn 0.552017689 -0.478555202 -0.682833314
vn 0.552017689 -0.478555202 -0.682833314
vn 0.552017689 -0.478555202 -0.682833314
vn 0.552816629 -0.46386832 -0.692257226
vn 0.552816629 -0.46386832 -0.692257226
vn 0.552816629 -0.46386832 -0.692257226
vn 0.383592993 -0.60878253 -0.694435239
vn 0.383592993 -0.60878253 -0.694435239
vn 0.383592993 -0.60878253 -0.694435239
vn 0.384227723 -0.60720557 -0.695464194
vn 0.384227723 -0.60720557 -0.695464194
vn 0.384227723 -0.60720557 -0.695464194
vn 0.236618489 -0.669859111 -0.703775883
vn 0.236618489 -0.669859111 -0.703775883
vn 0.236618489 -0.669859111 -0.703775883
vn 0.237914965 -0.668253839 -0.704863906
vn 0.237914965 -0.668253839 -0.704863906
vn 0.237914965 -0.668253839 -0.704863906
vn 0.0194703694 -0.81809622 -0.574751735
vn 0.0194703694 -0.81809622 -0.574751735
vn 0.0194703694 -0.81809622 -0.574751735
vn 0.0241674054 -0.815058053 -0.578875065
vn 0.0241674054 -0.815058053 -0.578875065
vn 0.0241674054 -0.815058053 -0.578875065
vn -0.247573152 -0.755217075 -0.606922269
vn -0.247573152 -0.755217075 -0.606922269
vn -0.247573152 -0.755217075 -0.606922269
vn -0.2865372 -0.764210403 -0.577822566
vn -0.2865372 -0.764210403 -0.577822566
vn -0.2865372 -0.764210403 -0.577822566
vn -0.519990146 -0.607565701 -0.600394905
vn -0.519990146 -0.607565701 -0.600394905
vn -0.519990146 -0.607565701 -0.600394905
vn -0.568835378 -0.59996444 -0.562555671
vn -0.568835378 -0.59996444 -0.562555671
vn -0.568835378 -0.59996444 -0.562555671
vn -0.734654248 -0.355623066 -0.577767551
vn -0.734654248 -0.355623066 -0.577767551
vn -0.734654248 -0.355623066 -0.577767551
vn -0.778871 -0.328192711 -0.534461915
vn -0.778871 -0.328192711 -0.534461915
vn -0.778871 -0.328192711 -0.534461915
vn -0.841406226 -0.0222284105 -0.539945781
vn -0.841406226 -0.0222284105 -0.539945781
vn -0.841406226 -0.0222284105 -0.539945781
vn -0.872275651 0.0236039888 -0.488444448
vn -0.872275651 0.0236039888 -0.488444448
vn -0.872275651 0.0236039888 -0.488444448
vn -0.814216435 0.318936378 -0.485109448
vn -0.814216435 0.318936378 -0.485109448
vn -0.814216435 0.318936378 -0.485109448
vn -0.82133317 0.35964027 -0.442798734
vn -0.82133317 0.35964027 -0.442798734
vn -0.82133317 0.35964027 -0.442798734
vn -0.683834314 0.582749128 -0.439060509
vn -0.683834314 0.582749128 -0.439060509
vn -0.683834314 0.582749128 -0.439060509
vn -0.688391268 0.554727614 -0.467327148
vn -0.688391268 0.554727614 -0.467327148
vn -0.688391268 0.554727614 -0.467327148
vn -0.477927983 0.741193593 -0.47139892
vn -0.477927983 0.741193593 -0.47139892
vn -0.477927983 0.741193593 -0.47139892
vn -0.503477573 0.684980273 -0.526604414
vn -0.503477573 0.684980273 -0.526604414
vn -0.503477573 0.684980273 -0.526604414
vn -0.13429068 0.833854318 -0.535399854
vn -0.13429068 0.833854318 -0.535399854
vn -0.13429068 0.833854318 -0.535399854
vn -0.17139791 0.794712305 -0.582284331
vn -0.17139791 0.794712305 -0.582284331
vn -0.17139791 0.794712305 -0.582284331
vn 0.24489826 0.782085776 -0.573032916
vn 0.24489826 0.782085776 -0.573032916
vn 0.24489826 0.782085776 -0.573032916
vn 0.208608091 0.764998257 -0.609311223
vn 0.208608091 0.764998257 -0.609311223
vn 0.208608091 0.764998257 -0.609311223
vn 0.560838997 0.593106329 -0.577654421
vn 0.560838997 0.593106329 -0.577654421
vn 0.560838997 0.593106329 -0.577654421
vn 0.538170993 0.591903627 -0.600018442
vn 0.538170993 0.591903627 -0.600018442
vn 0.538170993 0.591903627 -0.600018442
vn 0.753486454 0.343098283 -0.560840249
vn 0.753486454 0.343098283 -0.560840249
vn 0.753486454 0.343098283 -0.560840249
vn 0.751559973 0.343763709 -0.563013494
vn 0.751559973 0.343763709 -0.563013494
vn 0.751559973 0.343763709 -0.563013494
vn 0.829296649 0.142689124 -0.540284097
vn 0.829296649 0.142689124 -0.540284097
vn 0.829296649 0.142689124 -0.540284097
vn 0.84178102 0.132430434 -0.523323059
vn 0.84178102 0.132430434 -0.523323059
vn 0.84178102 0.132430434 -0.523323059
vn 0.856795609 -0.0372000225 -0.514312506
vn 0.856795609 -0.0372000225 -0.514312506
vn 0.856795609 -0.0372000225 -0.514312506
vn 0.850449741 -0.0275176521 -0.525336206
vn 0.850449741 -0.0275176521 -0.525336206
vn 0.850449741 -0.0275176521 -0.525336206
vn 0.799904346 -0.294042617 -0.523155749
vn 0.799904346 -0.294042617 -0.523155749
vn 0.799904346 -0.294042617 -0.523155749
vn 0.799078107 -0.290840536 -0.52619952
vn 0.799078107 -0.290840536 -0.52619952
vn 0.799078107 -0.290840536 -0.52619952
vn 0.651414394 -0.546601653 -0.52619952
vn 0.651414394 -0.546601653 -0.52619952
vn 0.651414394 -0.546601653 -0.52619952
vn 0.651414394 -0.546601593 -0.526199579
vn 0.651414394 -0.546601593 -0.526199579
vn 0.651414394 -0.546601593 -0.526199579
vn 0.449439704 -0.720373571 -0.528266966
vn 0.449439704 -0.720373571 -0.528266966
vn 0.449439704 -0.720373571 -0.528266966
vn 0.450610459 -0.717773318 -0.530802786
vn 0.450610459 -0.717773318 -0.530802786
vn 0.450610459 -0.717773318 -0.530802786
vn 0.261280537 -0.800625443 -0.53919518
vn 0.261280537 -0.800625443 -0.53919518
vn 0.261280537 -0.800625443 -0.53919518
vn 0.272468746 -0.787292421 -0.55311054
vn 0.272468746 -0.787292421 -0.55311054
vn 0.272468746 -0.787292421 -0.55311054
vn 0.00534282252 -0.932721972 -0.360556871
vn 0.00534282252 -0.932721972 -0.360556871
vn 0.00534282252 -0.932721972 -0.360556871
vn 0.0128505444 -0.929091454 -0.36962688
vn 0.0128505444 -0.929091454 -0.36962688
vn 0.0128505444 -0.929091454 -0.36962688
vn -0.337583959 -0.856052458 -0.391422123
vn -0.337583959 -0.856052458 -0.391422123
vn -0.337583959 -0.856052458 -0.391422123
vn -0.344988346 -0.856741071 -0.383376718
vn -0.344988346 -0.856741071 -0.383376718
vn -0.344988346 -0.856741071 -0.383376718
vn -0.637572408 -0.658834457 -0.399297595
vn -0.637572408 -0.658834457 -0.399297595
vn -0.637572408 -0.658834457 -0.399297595
vn -0.681683302 -0.644340038 -0.346603334
vn -0.681683302 -0.644340038 -0.346603334
vn -0.681683302 -0.644340038 -0.346603334
vn -0.864104569 -0.359285295 -0.35247317
vn -0.864104569 -0.359285295 -0.35247317
vn -0.864104569 -0.359285295 -0.35247317
vn -0.899073899 -0.325616568 -0.292642951
vn -0.899073899 -0.325616568 -0.292642951
vn -0.899073899 -0.325616568 -0.292642951
vn -0.956335664 0.0233421586 -0.291336864
vn -0.956335664 0.0233421586 -0.291336864
vn -0.956335664 0.0233421586 -0.291336864
vn -0.971696615 0.0692837909 -0.225843802
vn -0.971696615 0.0692837909 -0.225843802
vn -0.971696615 0.0692837909 -0.225843802
vn -0.895929933 0.38517943 -0.221237972
vn -0.895929933 0.38517943 -0.221237972
vn -0.895929933 0.38517943 -0.221237972
vn -0.892928302 0.410111547 -0.185708359
vn -0.892928302 0.410111547 -0.185708359
vn -0.892928302 0.410111547 -0.185708359
vn -0.763691187 0.618726969 -0.184262916
vn -0.763691187 0.618726969 -0.184262916
vn -0.763691187 0.618726969 -0.184262916
vn -0.776406407 0.586829662 -0.229834706
vn -0.776406407 0.586829662 -0.229834706
vn -0.776406407 0.586829662 -0.229834706
vn -0.563388705 0.792135537 -0.234764874
vn -0.563388705 0.792135537 -0.234764874
vn -0.563388705 0.792135537 -0.234764874
vn -0.592712462 0.747373223 -0.300208539
vn -0.592712462 0.747373223 -0.300208539
vn -0.592712462 0.747373223 -0.300208539
vn -0.195357412 0.929784656 -0.311986834
vn -0.195357412 0.929784656 -0.311986834
vn -0.195357412 0.929784656 -0.311986834
vn -0.23198548 0.900499105 -0.367809981
vn -0.23198548 0.900499105 -0.367809981
vn -0.23198548 0.900499105 -0.367809981
vn 0.233737037 0.900110841 -0.367651403
vn 0.233737037 0.900110841 -0.367651403
vn 0.233737037 0.900110841 -0.367651403
vn 0.196694985 0.888543248 -0.414489806
vn 0.196694985 0.888543248 -0.414489806
vn 0.196694985 0.888543248 -0.414489806
vn 0.601307929 0.694863439 -0.394453466
vn 0.601307929 0.694863439 -0.394453466
vn 0.601307929 0.694863439 -0.394453466
vn 0.571028829 0.697541177 -0.432853878
vn 0.571028829 0.697541177 -0.432853878
vn 0.571028829 0.697541177 -0.432853878
vn 0.823501468 0.400709957 -0.40159291
vn 0.823501468 0.400709957 -0.40159291
vn 0.823501468 0.400709957 -0.40159291
vn 0.805661678 0.409708023 -0.427841723
vn 0.805661678 0.409708023 -0.427841723
vn 0.805661678 0.409708023 -0.427841723
vn 0.90090245 0.153102517 -0.406121135
vn 0.90090245 0.153102517 -0.406121135
vn 0.90090245 0.153102517 -0.406121135
vn 0.907790363 0.145900905 -0.393229723
vn 0.907790363 0.145900905 -0.393229723
vn 0.907790363 0.145900905 -0.393229723
vn 0.921955943 -0.027605189 -0.386309534
vn 0.921955943 -0.027605189 -0.386309534
vn 0.921955943 -0.027605189 -0.386309534
vn 0.941542387 -0.0685721412 -0.32984212
vn 0.941542387 -0.0685721412 -0.32984212
vn 0.941542387 -0.0685721412 -0.32984212
vn 0.888071835 -0.323231578 -0.326878875
vn 0.888071835 -0.323231578 -0.326878875
vn 0.888071835 -0.323231578 -0.326878875
vn 0.888150752 -0.324064046 -0.325838536
vn 0.888150752 -0.324064046 -0.325838536
vn 0.888150752 -0.324064046 -0.325838536
vn 0.724248707 -0.607716858 -0.325797617
vn 0.724248707 -0.607716858 -0.325797617
vn 0.724248707 -0.607716858 -0.325797617
vn 0.724248707 -0.607716858 -0.325797558
vn 0.724248707 -0.607716858 -0.325797558
vn 0.724248707 -0.607716858 -0.325797558
vn 0.499297827 -0.802216887 -0.327337205
vn 0.499297827 -0.802216887 -0.327337205
vn 0.499297827 -0.802216887 -0.327337205
vn 0.49979496 -0.801453114 -0.328447551
vn 0.49979496 -0.801453114 -0.328447551
vn 0.49979496 -0.801453114 -0.328447551
vn 0.292058557 -0.895907223 -0.334741652
vn 0.292058557 -0.895907223 -0.334741652
vn 0.292058557 -0.895907223 -0.334741652
vn 0.298163533 -0.890309453 -0.344162226
vn 0.298163533 -0.890309453 -0.344162226
vn 0.298163533 -0.890309453 -0.344162226
vn 0.00275148987 -0.992888331 -0.119017735
vn 0.00275148987 -0.992888331 -0.119017735
vn 0.00275148987 -0.992888331 -0.119017735
vn 0.00378593453 -0.992700577 -0.120546103
vn 0.00378593453 -0.992700577 -0.120546103
vn 0.00378593453 -0.992700577 -0.120546103
vn -0.378239155 -0.916784644 -0.128222853
vn -0.378239155 -0.916784644 -0.128222853
vn -0.378239155 -0.916784644 -0.128222853
vn -0.37774244 -0.916886091 -0.128959849
vn -0.37774244 -0.916886091 -0.128959849
vn -0.37774244 -0.916886091 -0.128959849
vn -0.722158849 -0.678573132 -0.1342576
vn -0.722158849 -0.678573132 -0.1342576
vn -0.722158849 -0.678573132 -0.1342576
vn -0.739699841 -0.665223897 -0.101594068
vn -0.739699841 -0.665223897 -0.101594068
vn -0.739699841 -0.665223897 -0.101594068
vn -0.935285151 -0.338805199 -0.102238551
vn -0.935285151 -0.338805199 -0.102238551
vn -0.935285151 -0.338805199 -0.102238551
vn -0.954159856 -0.297486663 -0.0328764282
vn -0.954159856 -0.297486663 -0.0328764282
vn -0.954159856 -0.297486663 -0.0328764282
vn -0.997168422 0.067970328 -0.0321764648
vn -0.997168422 0.067970328 -0.0321764648
vn -0.997168422 0.067970328 -0.0321764648
vn -0.99278754 0.113455243 0.0387404636
vn -0.99278754 0.113455243 0.0387404636
vn -0.99278754 0.113455243 0.0387404636
vn -0.909794331 0.413353682 0.0375886075
vn -0.909794331 0.413353682 0.0375886075
vn -0.909794331 0.413353682 0.0375886075
vn -0.905076385 0.421978891 0.0526368208
vn -0.905076385 0.421978891 0.0526368208
vn -0.905076385 0.421978891 0.0526368208
vn -0.794718385 0.604710996 0.0524142571
vn -0.794718385 0.604710996 0.0524142571
vn -0.794718385 0.604710996 0.0524142571
vn -0.816233695 0.577721477 0.000558945641
vn -0.816233695 0.577721477 0.000558945641
vn -0.816233695 0.577721477 0.000558945641
vn -0.61352706 0.789673448 0.000577463594
vn -0.61352706 0.789673448 0.000577463594
vn -0.61352706 0.789673448 0.000577463594
vn -0.646560073 0.760018051 -0.0658230558
vn -0.646560073 0.760018051 -0.0658230558
vn -0.646560073 0.760018051 -0.0658230558
vn -0.243683591 0.967337132 -0.0698361099
vn -0.243683591 0.967337132 -0.0698361099
vn -0.243683591 0.967337132 -0.0698361099
vn -0.279707342 0.951500416 -0.12810418
vn -0.279707342 0.951500416 -0.12810418
vn -0.279707342 0.951500416 -0.12810418
vn 0.211441711 0.968651056 -0.130413234
vn 0.211441711 0.968651056 -0.130413234
vn 0.211441711 0.968651056 -0.130413234
vn 0.176008582 0.967254639 -0.182864577
vn 0.176008582 0.967254639 -0.182864577
vn 0.176008582 0.967254639 -0.182864577
vn 0.615781963 0.768026412 -0.175920397
vn 0.615781963 0.768026412 -0.175920397
vn 0.615781963 0.768026412 -0.175920397
vn 0.584304392 0.779418886 -0.226041228
vn 0.584304392 0.779418886 -0.226041228
vn 0.584304392 0.779418886 -0.226041228
vn 0.865982294 0.453776747 -0.210145876
vn 0.865982294 0.453776747 -0.210145876
vn 0.865982294 0.453776747 -0.210145876
vn 0.843963265 0.472584099 -0.25375241
vn 0.843963265 0.472584099 -0.25375241
vn 0.843963265 0.472584099 -0.25375241
vn 0.957644522 0.161037102 -0.238713175
vn 0.957644522 0.161037102 -0.238713175
vn 0.957644522 0.161037102 -0.238713175
vn 0.969611645 0.139297962 -0.201120049
vn 0.969611645 0.139297962 -0.201120049
vn 0.969611645 0.139297962 -0.201120049
vn 0.978287518 -0.0689491704 -0.195446864
vn 0.978287518 -0.0689491704 -0.195446864
vn 0.978287518 -0.0689491704 -0.195446864
vn 0.985585988 -0.11663691 -0.122539803
vn 0.985585988 -0.11663691 -0.122539803
vn 0.985585988 -0.11663691 -0.122539803
vn 0.932543397 -0.340221375 -0.120881155
vn 0.932543397 -0.340221375 -0.120881155
vn 0.932543397 -0.340221375 -0.120881155
vn 0.931310952 -0.347081214 -0.11042852
vn 0.931310952 -0.347081214 -0.11042852
vn 0.931310952 -0.347081214 -0.11042852
vn 0.761371613 -0.638866723 -0.110284396
vn 0.761371613 -0.638866723 -0.110284396
vn 0.761371613 -0.638866723 -0.110284396
vn 0.761371553 -0.638866723 -0.110284366
vn 0.761371553 -0.638866723 -0.110284366
vn 0.761371553 -0.638866723 -0.110284366
vn 0.524436951 -0.844202936 -0.110847525
vn 0.524436951 -0.844202936 -0.110847525
vn 0.524436951 -0.844202936 -0.110847525
vn 0.523883343 -0.844690144 -0.10974852
vn 0.523883343 -0.844690144 -0.10974852
vn 0.523883343 -0.844690144 -0.10974852
vn 0.307982713 -0.944773197 -0.112027675
vn 0.307982713 -0.944773197 -0.112027675
vn 0.307982713 -0.944773197 -0.112027675
vn 0.308695465 -0.944400251 -0.113204964
vn 0.308695465 -0.944400251 -0.113204964
vn 0.308695465 -0.944400251 -0.113204964
vn 0.00378078502 -0.991350353 0.131187573
vn 0.00378078502 -0.991350353 0.131187573
vn 0.00378078502 -0.991350353 0.131187573
vn -0.000769865175 -0.990357101 0.1385362
vn -0.000769865175 -0.990357101 0.1385362
vn -0.000769865175 -0.990357101 0.1385362
vn -0.376780868 -0.914551914 0.147074088
vn -0.376780868 -0.914551914 0.147074088
vn -0.376780868 -0.914551914 0.147074088
vn -0.378841579 -0.913061142 0.150990918
vn -0.378841579 -0.913061142 0.150990918
vn -0.378841579 -0.913061142 0.150990918
vn -0.734373629 -0.660433888 0.156596527
vn -0.734373629 -0.660433888 0.156596527
vn -0.734373629 -0.660433888 0.156596527
vn -0.735353291 -0.658604622 0.159672722
vn -0.735353291 -0.658604622 0.159672722
vn -0.735353291 -0.658604622 0.159672722
vn -0.942503273 -0.293852389 0.159180388
vn -0.942503273 -0.293852389 0.159180388
vn -0.942503273 -0.293852389 0.159180388
vn -0.942741513 -0.252100557 0.21836628
vn -0.942741513 -0.252100557 0.21836628
vn -0.942741513 -0.252100557 0.21836628
vn -0.971269011 0.11099612 0.21051459
vn -0.971269011 0.11099612 0.21051459
vn -0.971269011 0.11099612 0.21051459
vn -0.949340105 0.153321654 0.274309605
vn -0.949340105 0.153321654 0.274309605
vn -0.949340105 0.153321654 0.274309605
vn -0.873764634 0.407380253 0.265662611
vn -0.873764634 0.407380253 0.265662611
vn -0.873764634 0.407380253 0.265662611
vn -0.879431427 0.401871562 0.255146146
vn -0.879431427 0.401871562 0.255146146
vn -0.879431427 0.401871562 0.255146146
vn -0.789205849 0.558591545 0.255205065
vn -0.789205849 0.558591545 0.255205065
vn -0.789205849 0.558591545 0.255205065
vn -0.816593528 0.538976073 0.206590548
vn -0.816593528 0.538976073 0.206590548
vn -0.816593528 0.538976073 0.206590548
vn -0.632792771 0.743834853 0.215135083
vn -0.632792771 0.743834853 0.215135083
vn -0.632792771 0.743834853 0.215135083
vn -0.666014612 0.728889346 0.158571228
vn -0.666014612 0.728889346 0.158571228
vn -0.666014612 0.728889346 0.158571228
vn -0.27788493 0.945300996 0.170838997
vn -0.27788493 0.945300996 0.170838997
vn -0.27788493 0.945300996 0.170838997
vn -0.312388033 0.942660213 0.117495939
vn -0.312388033 0.942660213 0.117495939
vn -0.312388033 0.942660213 0.117495939
vn 0.177696198 0.976528943 0.121717453
vn 0.177696198 0.976528943 0.121717453
vn 0.177696198 0.976528943 0.121717453
vn 0.144910842 0.9869892 0.0696646571
vn 0.144910842 0.9869892 0.0696646571
vn 0.144910842 0.9869892 0.0696646571
vn 0.598437607 0.798271596 0.0680803433
vn 0.598437607 0.798271596 0.0680803433
vn 0.598437607 0.798271596 0.0680803433
vn 0.57023257 0.821374297 0.0133856703
vn 0.57023257 0.821374297 0.0133856703
vn 0.57023257 0.821374297 0.0133856703
vn 0.872452676 0.488536984 0.012569502
vn 0.872452676 0.488536984 0.012569502
vn 0.872452676 0.488536984 0.012569502
vn 0.865071833 0.50155133 -0.00985046849
vn 0.865071833 0.50155133 -0.00985046849
vn 0.865071833 0.50155133 -0.00985046849
vn 0.989796042 0.142197728 -0.00914449897
vn 0.989796042 0.142197728 -0.00914449897
vn 0.989796042 0.142197728 -0.00914449897
vn 0.992205679 0.123021983 0.019835012
vn 0.992205679 0.123021983 0.019835012
vn 0.992205679 0.123021983 0.019835012
vn 0.992890596 -0.117501371 0.0190187357
vn 0.992890596 -0.117501371 0.0190187357
vn 0.992890596 -0.117501371 0.0190187357
vn 0.984181046 -0.157785982 0.0805691853
vn 0.984181046 -0.157785982 0.0805691853
vn 0.984181046 -0.157785982 0.0805691853
vn 0.93409431 -0.348118544 0.0792534649
vn 0.93409431 -0.348118544 0.0792534649
vn 0.93409431 -0.348118544 0.0792534649
vn 0.923828661 -0.366424173 0.110788129
vn 0.923828661 -0.366424173 0.110788129
vn 0.923828661 -0.366424173 0.110788129
vn 0.761371553 -0.638866723 0.110284396
vn 0.761371553 -0.638866723 0.110284396
vn 0.761371553 -0.638866723 0.110284396
vn 0.761371613 -0.638866663 0.110284358
vn 0.761371613 -0.638866663 0.110284358
vn 0.761371613 -0.638866663 0.110284358
vn 0.523819804 -0.844587624 0.110836029
vn 0.523819804 -0.844587624 0.110836029
vn 0.523819804 -0.844587624 0.110836029
vn 0.52173394 -0.845425427 0.114234053
vn 0.52173394 -0.845425427 0.114234053
vn 0.52173394 -0.845425427 0.114234053
vn 0.308575124 -0.944032133 0.116553701
vn 0.308575124 -0.944032133 0.116553701
vn 0.308575124 -0.944032133 0.116553701
vn 0.303199619 -0.9446913 0.125013068
vn 0.303199619 -0.9446913 0.125013068
vn 0.303199619 -0.9446913 0.125013068
vn 0.00859306008 -0.929044545 0.36986798
vn 0.00859306008 -0.929044545 0.36986798
vn 0.00859306008 -0.929044545 0.36986798
vn -0.00133965758 -0.922738373 0.385424495
vn -0.00133965758 -0.922738373 0.385424495
vn -0.00133965758 -0.922738373 0.385424495
vn -0.343099087 -0.847124338 0.405787379
vn -0.343099087 -0.847124338 0.405787379
vn -0.343099087 -0.847124338 0.405787379
vn -0.34695214 -0.8414132 0.414304107
vn -0.34695214 -0.8414132 0.414304107
vn -0.34695214 -0.8414132 0.414304107
vn -0.672062457 -0.604640365 0.427483469
vn -0.672062457 -0.604640365 0.427483469
vn -0.672062457 -0.604640365 0.427483469
vn -0.672406733 -0.602549434 0.429887593
vn -0.672406733 -0.602549434 0.429887593
vn -0.672406733 -0.602549434 0.429887593
vn -0.875645876 -0.22971414 0.424824268
vn -0.875645876 -0.22971414 0.424824268
vn -0.875645876 -0.22971414 0.424824268
vn -0.871564686 -0.215410113 0.440424293
vn -0.871564686 -0.215410113 0.440424293
vn -0.871564686 -0.215410113 0.440424293
vn -0.894795001 0.150192425 0.420457244
vn -0.894795001 0.150192425 0.420457244
vn -0.894795001 0.150192425 0.420457244
vn -0.873070598 0.176466435 0.45454073
vn -0.873070598 0.176466435 0.45454073
vn -0.873070598 0.176466435 0.45454073
vn -0.814111471 0.375954211 0.442584336
vn -0.814111471 0.375954211 0.442584336
vn -0.814111471 0.375954211 0.442584336
vn -0.833394587 0.362301201 0.417362392
vn -0.833394587 0.362301201 0.417362392
vn -0.833394587 0.362301201 0.417362392
vn -0.760920405 0.495335937 0.419097185
vn -0.760920405 0.495335937 0.419097185
vn -0.760920405 0.495335937 0.419097185
vn -0.787846863 0.483015686 0.38209039
vn -0.787846863 0.483015686 0.38209039
vn -0.787846863 0.483015686 0.38209039
vn -0.627382576 0.668651462 0.399119437
vn -0.627382576 0.668651462 0.399119437
vn -0.627382576 0.668651462 0.399119437
vn -0.65437597 0.66420579 0.361417681
vn -0.65437597 0.66420579 0.361417681
vn -0.65437597 0.66420579 0.361417681
vn -0.298164189 0.870292544 0.39203164
vn -0.298164189 0.870292544 0.39203164
vn -0.298164189 0.870292544 0.39203164
vn -0.329174548 0.877007723 0.35000217
vn -0.329174548 0.877007723 0.35000217
vn -0.329174548 0.877007723 0.35000217
vn 0.133144677 0.920499682 0.367359281
vn 0.133144677 0.920499682 0.367359281
vn 0.133144677 0.920499682 0.367359281
vn 0.103115268 0.941323221 0.321368873
vn 0.103115268 0.941323221 0.321368873
vn 0.103115268 0.941323221 0.321368873
vn 0.545209348 0.774990559 0.319588125
vn 0.545209348 0.774990559 0.319588125
vn 0.545209348 0.774990559 0.319588125
vn 0.527956307 0.801414549 0.281063795
vn 0.527956307 0.801414549 0.281063795
vn 0.527956307 0.801414549 0.281063795
vn 0.839381695 0.473938704 0.266121358
vn 0.839381695 0.473938704 0.266121358
vn 0.839381695 0.473938704 0.266121358
vn 0.839319825 0.47427848 0.265710562
vn 0.839319825 0.47427848 0.265710562
vn 0.839319825 0.47427848 0.265710562
vn 0.963557124 0.10773062 0.244850516
vn 0.963557124 0.10773062 0.244850516
vn 0.963557124 0.10773062 0.244850516
vn 0.961545587 0.0979379117 0.256589502
vn 0.961545587 0.0979379117 0.256589502
vn 0.961545587 0.0979379117 0.256589502
vn 0.956729293 -0.159405589 0.243431747
vn 0.956729293 -0.159405589 0.243431747
vn 0.956729293 -0.159405589 0.243431747
vn 0.939549148 -0.189775094 0.285013556
vn 0.939549148 -0.189775094 0.285013556
vn 0.939549148 -0.189775094 0.285013556
vn 0.892056406 -0.355019242 0.27963683
vn 0.892056406 -0.355019242 0.27963683
vn 0.892056406 -0.355019242 0.27963683
vn 0.86469382 -0.381537706 0.326701075
vn 0.86469382 -0.381537706 0.326701075
vn 0.86469382 -0.381537706 0.326701075
vn 0.724735022 -0.608124971 0.323949337
vn 0.724735022 -0.608124971 0.323949337
vn 0.724735022 -0.608124971 0.323949337
vn 0.723330379 -0.608769059 0.325873047
vn 0.723330379 -0.608769059 0.325873047
vn 0.723330379 -0.608769059 0.325873047
vn 0.497486711 -0.803380311 0.327241749
vn 0.497486711 -0.803380311 0.327241749
vn 0.497486711 -0.803380311 0.327241749
vn 0.493514866 -0.803763688 0.33227542
vn 0.493514866 -0.803763688 0.33227542
vn 0.493514866 -0.803763688 0.33227542
vn 0.293968737 -0.893975377 0.338216484
vn 0.293968737 -0.893975377 0.338216484
vn 0.293968737 -0.893975377 0.338216484
vn 0.281679243 -0.891459227 0.354904622
vn 0.281679243 -0.891459227 0.354904622
vn 0.281679243 -0.891459227 0.354904622
vn 0.0155923525 -0.814761817 0.579586029
vn 0.0155923525 -0.814761817 0.579586029
vn 0.0155923525 -0.814761817 0.579586029
vn -0.000156609516 -0.799683928 0.60042119
vn -0.000156609516 -0.799683928 0.60042119
vn -0.000156609516 -0.799683928 0.60042119
vn -0.284673929 -0.727650702 0.624087512
vn -0.284673929 -0.727650702 0.624087512
vn -0.284673929 -0.727650702 0.624087512
vn -0.290239334 -0.714935958 0.636103511
vn -0.290239334 -0.714935958 0.636103511
vn -0.290239334 -0.714935958 0.636103511
vn -0.56263876 -0.509208679 0.651263595
vn -0.56263876 -0.509208679 0.651263595
vn -0.56263876 -0.509208679 0.651263595
vn -0.562684953 -0.503304958 0.655797124
vn -0.562684953 -0.503304958 0.655797124
vn -0.562684953 -0.503304958 0.655797124
vn -0.742802441 -0.171747833 0.647106826
vn -0.742802441 -0.171747833 0.647106826
vn -0.742802441 -0.171747833 0.647106826
vn -0.742225647 -0.170399353 0.648124397
vn -0.742225647 -0.170399353 0.648124397
vn -0.742225647 -0.170399353 0.648124397
vn -0.766943753 0.172259063 0.618161857
vn -0.766943753 0.172259063 0.618161857
vn -0.766943753 0.172259063 0.618161857
vn -0.795460343 0.142538652 0.589003801
vn -0.795460343 0.142538652 0.589003801
vn -0.795460343 0.142538652 0.589003801
vn -0.746613145 0.329960614 0.577663183
vn -0.746613145 0.329960614 0.577663183
vn -0.746613145 0.329960614 0.577663183
vn -0.777524889 0.310423344 0.546893358
vn -0.777524889 0.310423344 0.546893358
vn -0.777524889 0.310423344 0.546893358
vn -0.717923284 0.42562601 0.550843537
vn -0.717923284 0.42562601 0.550843537
vn -0.717923284 0.42562601 0.550843537
vn -0.736661255 0.419304609 0.530578673
vn -0.736661255 0.419304609 0.530578673
vn -0.736661255 0.419304609 0.530578673
vn -0.601550579 0.576491117 0.552987158
vn -0.601550579 0.576491117 0.552987158
vn -0.601550579 0.576491117 0.552987158
vn -0.615292251 0.576436341 0.537714183
vn -0.615292251 0.576436341 0.537714183
vn -0.615292251 0.576436341 0.537714183
vn -0.305582017 0.754097939 0.581339836
vn -0.305582017 0.754097939 0.581339836
vn -0.305582017 0.754097939 0.581339836
vn -0.330194324 0.764027953 0.554286063
vn -0.330194324 0.764027953 0.554286063
vn -0.330194324 0.764027953 0.554286063
vn 0.0798246488 0.806843281 0.585347772
vn 0.0798246488 0.806843281 0.585347772
vn 0.0798246488 0.806843281 0.585347772
vn 0.0596753992 0.826807022 0.559311092
vn 0.0596753992 0.826807022 0.559311092
vn 0.0596753992 0.826807022 0.559311092
vn 0.461473346 0.685809195 0.562768221
vn 0.461473346 0.685809195 0.562768221
vn 0.461473346 0.685809195 0.562768221
vn 0.460139543 0.689138293 0.559785783
vn 0.460139543 0.689138293 0.559785783
vn 0.460139543 0.689138293 0.559785783
vn 0.748116553 0.395585954 0.532760203
vn 0.748116553 0.395585954 0.532760203
vn 0.748116553 0.395585954 0.532760203
vn 0.748197079 0.398966491 0.530119598
vn 0.748197079 0.398966491 0.530119598
vn 0.748197079 0.398966491 0.530119598
vn 0.869533837 0.0608777292 0.49010697
vn 0.869533837 0.0608777292 0.49010697
vn 0.869533837 0.0608777292 0.49010697
vn 0.869550049 0.0609176122 0.490073264
vn 0.869550049 0.0609176122 0.490073264
vn 0.869550049 0.0609176122 0.490073264
vn 0.865356386 -0.192026243 0.462908477
vn 0.865356386 -0.192026243 0.462908477
vn 0.865356386 -0.192026243 0.462908477
vn 0.848368287 -0.21253778 0.484869897
vn 0.848368287 -0.21253778 0.484869897
vn 0.848368287 -0.21253778 0.484869897
vn 0.803433061 -0.35967803 0.474475414
vn 0.803433061 -0.35967803 0.474475414
vn 0.803433061 -0.35967803 0.474475414
vn 0.75883621 -0.389624566 0.521881402
vn 0.75883621 -0.389624566 0.521881402
vn 0.75883621 -0.389624566 0.521881402
vn 0.655086398 -0.551512361 0.516426086
vn 0.655086398 -0.551512361 0.516426086
vn 0.655086398 -0.551512361 0.516426086
vn 0.643950462 -0.554588079 0.527029395
vn 0.643950462 -0.554588079 0.527029395
vn 0.643950462 -0.554588079 0.527029395
vn 0.446547449 -0.722333908 0.528042674
vn 0.446547449 -0.722333908 0.528042674
vn 0.446547449 -0.722333908 0.528042674
vn 0.44052124 -0.721901536 0.533665776
vn 0.44052124 -0.721901536 0.533665776
vn 0.44052124 -0.721901536 0.533665776
vn 0.264805943 -0.798169136 0.541113615
vn 0.264805943 -0.798169136 0.541113615
vn 0.264805943 -0.798169136 0.541113615
vn 0.245201066 -0.789985001 0.561960816
vn 0.245201066 -0.789985001 0.561960816
vn 0.245201066 -0.789985001 0.561960816
vn 0.0219823848 -0.662275016 0.748938322
vn 0.0219823848 -0.662275016 0.748938322
vn 0.0219823848 -0.662275016 0.748938322
vn -0.000428612402 -0.63790834 0.770112157
vn -0.000428612402 -0.63790834 0.770112157
vn -0.000428612402 -0.63790834 0.770112157
vn -0.213404849 -0.576078057 0.789045393
vn -0.213404849 -0.576078057 0.789045393
vn -0.213404849 -0.576078057 0.789045393
vn -0.221521109 -0.554868817 0.801903248
vn -0.221521109 -0.554868817 0.801903248
vn -0.221521109 -0.554868817 0.801903248
vn -0.4300403 -0.390889823 0.813799977
vn -0.4300403 -0.390889823 0.813799977
vn -0.4300403 -0.390889823 0.813799977
vn -0.429796368 -0.378837466 0.819607913
vn -0.429796368 -0.378837466 0.819607913
vn -0.429796368 -0.378837466 0.819607913
vn -0.575487971 -0.113233045 0.809933186
vn -0.575487971 -0.113233045 0.809933186
vn -0.575487971 -0.113233045 0.809933186
vn -0.58332479 -0.13131988 0.801552951
vn -0.58332479 -0.13131988 0.801552951
vn -0.58332479 -0.13131988 0.801552951
vn -0.612997234 0.139217988 0.777722776
vn -0.612997234 0.139217988 0.777722776
vn -0.612997234 0.139217988 0.777722776
vn -0.681275129 0.0644231886 0.729187191
vn -0.681275129 0.0644231886 0.729187191
vn -0.681275129 0.0644231886 0.729187191
vn -0.6403988 0.260433882 0.722539604
vn -0.6403988 0.260433882 0.722539604
vn -0.6403988 0.260433882 0.722539604
vn -0.70614624 0.218330741 0.673564494
vn -0.70614624 0.218330741 0.673564494
vn -0.70614624 0.218330741 0.673564494
vn -0.645675898 0.342343301 0.682571471
vn -0.645675898 0.342343301 0.682571471
vn -0.645675898 0.342343301 0.682571471
vn -0.664808691 0.336622834 0.666869044
vn -0.664808691 0.336622834 0.666869044
vn -0.664808691 0.336622834 0.666869044
vn -0.551000357 0.466101825 0.692204893
vn -0.551000357 0.466101825 0.692204893
vn -0.551000357 0.466101825 0.692204893
vn -0.546046793 0.4657965 0.696323514
vn -0.546046793 0.4657965 0.696323514
vn -0.546046793 0.4657965 0.696323514
vn -0.298881322 0.599671066 0.742337346
vn -0.298881322 0.599671066 0.742337346
vn -0.298881322 0.599671066 0.742337346
vn -0.297819197 0.599154234 0.74318099
vn -0.297819197 0.599154234 0.74318099
vn -0.297819197 0.599154234 0.74318099
vn 0.0261956044 0.627419472 0.778240681
vn 0.0261956044 0.627419472 0.778240681
vn 0.0261956044 0.627419472 0.778240681
vn 0.0286420695 0.624628663 0.780396521
vn 0.0286420695 0.624628663 0.780396521
vn 0.0286420695 0.624628663 0.780396521
vn 0.354835778 0.509013355 0.784217477
vn 0.354835778 0.509013355 0.784217477
vn 0.354835778 0.509013355 0.784217477
vn 0.354404002 0.510335743 0.783552945
vn 0.354404002 0.510335743 0.783552945
vn 0.354404002 0.510335743 0.783552945
vn 0.597470343 0.275111884 0.753221512
vn 0.597470343 0.275111884 0.753221512
vn 0.597470343 0.275111884 0.753221512
vn 0.59809798 0.283053696 0.749772847
vn 0.59809798 0.283053696 0.749772847
vn 0.59809798 0.283053696 0.749772847
vn 0.711804748 0.00272106007 0.702372134
vn 0.711804748 0.00272106007 0.702372134
vn 0.711804748 0.00272106007 0.702372134
vn 0.716632068 0.0129768923 0.697330713
vn 0.716632068 0.0129768923 0.697330713
vn 0.716632068 0.0129768923 0.697330713
vn 0.719151735 -0.214808777 0.660816133
vn 0.719151735 -0.214808777 0.660816133
vn 0.719151735 -0.214808777 0.660816133
vn 0.709038019 -0.225572005 0.668118536
vn 0.709038019 -0.225572005 0.668118536
vn 0.709038019 -0.225572005 0.668118536
vn 0.668212593 -0.357496887 0.652447701
vn 0.668212593 -0.357496887 0.652447701
vn 0.668212593 -0.357496887 0.652447701
vn 0.623936832 -0.383137673 0.681108177
vn 0.623936832 -0.383137673 0.681108177
vn 0.623936832 -0.383137673 0.681108177
vn 0.558337688 -0.482837737 0.674630821
vn 0.558337688 -0.482837737 0.674630821
vn 0.558337688 -0.482837737 0.674630821
vn 0.51345098 -0.492504209 0.702714503
vn 0.51345098 -0.492504209 0.702714503
vn 0.51345098 -0.492504209 0.702714503
vn 0.374266893 -0.607051611 0.70100832
vn 0.374266893 -0.607051611 0.70100832
vn 0.374266893 -0.607051611 0.70100832
vn 0.36197415 -0.605462372 0.708794773
vn 0.36197415 -0.605462372 0.708794773
vn 0.36197415 -0.605462372 0.708794773
vn 0.222333953 -0.662784398 0.715041518
vn 0.222333953 -0.662784398 0.715041518
vn 0.222333953 -0.662784398 0.715041518
vn 0.195972979 -0.649590075 0.734593332
vn 0.195972979 -0.649590075 0.734593332
vn 0.195972979 -0.649590075 0.734593332
vn 0.024604205 -0.487332135 0.872870088
vn 0.024604205 -0.487332135 0.872870088
vn 0.024604205 -0.487332135 0.872870088
vn -0.00638947636 -0.456592113 0.889653206
vn -0.00638947636 -0.456592113 0.889653206
vn -0.00638947636 -0.456592113 0.889653206
vn -0.141727373 -0.412581533 0.899827659
vn -0.141727373 -0.412581533 0.899827659
vn -0.141727373 -0.412581533 0.899827659
vn -0.15438351 -0.384566963 0.910095572
vn -0.15438351 -0.384566963 0.910095572
vn -0.15438351 -0.384566963 0.910095572
vn -0.297925413 -0.267628819 0.916305244
vn -0.297925413 -0.267628819 0.916305244
vn -0.297925413 -0.267628819 0.916305244
vn -0.297731876 -0.271055192 0.915360451
vn -0.297731876 -0.271055192 0.915360451
vn -0.297731876 -0.271055192 0.915360451
vn -0.410351604 -0.070683375 0.90918386
vn -0.410351604 -0.070683375 0.90918386
vn -0.410351604 -0.070683375 0.90918386
vn -0.436184287 -0.153196186 0.886721075
vn -0.436184287 -0.153196186 0.886721075
vn -0.436184287 -0.153196186 0.886721075
vn -0.470864743 0.0636826903 0.879903853
vn -0.470864743 0.0636826903 0.879903853
vn -0.470864743 0.0636826903 0.879903853
vn -0.5339939 -0.0231170841 0.845172167
vn -0.5339939 -0.0231170841 0.845172167
vn -0.5339939 -0.0231170841 0.845172167
vn -0.507005632 0.145556703 0.849563718
vn -0.507005632 0.145556703 0.849563718
vn -0.507005632 0.145556703 0.849563718
vn -0.566709697 0.101298273 0.817666769
vn -0.566709697 0.101298273 0.817666769
vn -0.566709697 0.101298273 0.817666769
vn -0.514932573 0.209087372 0.831340373
vn -0.514932573 0.209087372 0.831340373
vn -0.514932573 0.209087372 0.831340373
vn -0.532971621 0.203225166 0.821365237
vn -0.532971621 0.203225166 0.821365237
vn -0.532971621 0.203225166 0.821365237
vn -0.445927918 0.295020431 0.84505105
vn -0.445927918 0.295020431 0.84505105
vn -0.445927918 0.295020431 0.84505105
vn -0.429165602 0.294189632 0.853972673
vn -0.429165602 0.294189632 0.853972673
vn -0.429165602 0.294189632 0.853972673
vn -0.254038244 0.377243429 0.890590727
vn -0.254038244 0.377243429 0.890590727
vn -0.254038244 0.377243429 0.890590727
vn -0.240081236 0.370890498 0.897107124
vn -0.240081236 0.370890498 0.897107124
vn -0.240081236 0.370890498 0.897107124
vn -0.0109598087 0.382041901 0.924080014
vn -0.0109598087 0.382041901 0.924080014
vn -0.0109598087 0.382041901 0.924080014
vn -0.00686278474 0.377781361 0.925869405
vn -0.00686278474 0.377781361 0.925869405
vn -0.00686278474 0.377781361 0.925869405
vn 0.226911783 0.293780595 0.928549349
vn 0.226911783 0.293780595 0.928549349
vn 0.226911783 0.293780595 0.928549349
vn 0.225669608 0.296880603 0.927865863
vn 0.225669608 0.296880603 0.927865863
vn 0.225669608 0.296880603 0.927865863
vn 0.408567667 0.130559355 0.903342009
vn 0.408567667 0.130559355 0.903342009
vn 0.408567667 0.130559355 0.903342009
vn 0.408644408 0.144416228 0.901195765
vn 0.408644408 0.144416228 0.901195765
vn 0.408644408 0.144416228 0.901195765
vn 0.505369604 -0.0613962822 0.860715985
vn 0.505369604 -0.0613962822 0.860715985
vn 0.505369604 -0.0613962822 0.860715985
vn 0.512674809 -0.0427956805 0.857515633
vn 0.512674809 -0.0427956805 0.857515633
vn 0.512674809 -0.0427956805 0.857515633
vn 0.523703396 -0.226942644 0.821116209
vn 0.523703396 -0.226942644 0.821116209
vn 0.523703396 -0.226942644 0.821116209
vn 0.525938272 -0.224330917 0.820405126
vn 0.525938272 -0.224330917 0.820405126
vn 0.525938272 -0.224330917 0.820405126
vn 0.49329409 -0.337092459 0.801891267
vn 0.49329409 -0.337092459 0.801891267
vn 0.49329409 -0.337092459 0.801891267
vn 0.46078673 -0.357362866 0.812383831
vn 0.46078673 -0.357362866 0.812383831
vn 0.46078673 -0.357362866 0.812383831
vn 0.421594679 -0.415874511 0.805795372
vn 0.421594679 -0.415874511 0.805795372
vn 0.421594679 -0.415874511 0.805795372
vn 0.352553248 -0.433240265 0.829463184
vn 0.352553248 -0.433240265 0.829463184
vn 0.352553248 -0.433240265 0.829463184
vn 0.290886939 -0.482236564 0.826336861
vn 0.290886939 -0.482236564 0.826336861
vn 0.290886939 -0.482236564 0.826336861
vn 0.23485136 -0.477341503 0.846752584
vn 0.23485136 -0.477341503 0.846752584
vn 0.23485136 -0.477341503 0.846752584
vn 0.169665366 -0.501955271 0.848088741
vn 0.169665366 -0.501955271 0.848088741
vn 0.169665366 -0.501955271 0.848088741
vn 0.128735065 -0.483423322 0.865868986
vn 0.128735065 -0.483423322 0.865868986
vn 0.128735065 -0.483423322 0.865868986
vn 0.01102232 -0.356470287 0.934241593
vn 0.01102232 -0.356470287 0.934241593
vn 0.01102232 -0.356470287 0.934241593
vn -0.0412783511 -0.31943959 0.946707189
vn -0.0412783511 -0.31943959 0.946707189
vn -0.0412783511 -0.31943959 0.946707189
vn -0.104509123 -0.297256947 0.949060678
vn -0.104509123 -0.297256947 0.949060678
vn -0.104509123 -0.297256947 0.949060678
vn -0.114857815 -0.282177746 0.95246172
vn -0.114857815 -0.282177746 0.95246172
vn -0.114857815 -0.282177746 0.95246172
vn -0.21390295 -0.200498119 0.956057489
vn -0.21390295 -0.200498119 0.956057489
vn -0.21390295 -0.200498119 0.956057489
vn -0.203008533 -0.243361473 0.94845289
vn -0.203008533 -0.243361473 0.94845289
vn -0.203008533 -0.243361473 0.94845289
vn -0.287724227 -0.0992068276 0.9525612
vn -0.287724227 -0.0992068276 0.9525612
vn -0.287724227 -0.0992068276 0.9525612
vn -0.296307445 -0.187602982 0.936486483
vn -0.296307445 -0.187602982 0.936486483
vn -0.296307445 -0.187602982 0.936486483
vn -0.328076959 -0.0231494475 0.944367349
vn -0.328076959 -0.0231494475 0.944367349
vn -0.328076959 -0.0231494475 0.944367349
vn -0.36787793 -0.109093964 0.923452318
vn -0.36787793 -0.109093964 0.923452318
vn -0.36787793 -0.109093964 0.923452318
vn -0.349812329 0.0214563198 0.936573982
vn -0.349812329 0.0214563198 0.936573982
vn -0.349812329 0.0214563198 0.936573982
vn -0.392207205 -0.0222801734 0.919607103
vn -0.392207205 -0.0222801734 0.919607103
vn -0.392207205 -0.0222801734 0.919607103
vn -0.354457051 0.0530774184 0.933564723
vn -0.354457051 0.0530774184 0.933564723
vn -0.354457051 0.0530774184 0.933564723
vn -0.363645792 0.0486311875 0.930267036
vn -0.363645792 0.0486311875 0.930267036
vn -0.363645792 0.0486311875 0.930267036
vn -0.311666429 0.0979009494 0.945134699
vn -0.311666429 0.0979009494 0.945134699
vn -0.311666429 0.0979009494 0.945134699
vn -0.286033601 0.100085273 0.952978373
vn -0.286033601 0.100085273 0.952978373
vn -0.286033601 0.100085273 0.952978373
vn -0.192870036 0.137957826 0.971477628
vn -0.192870036 0.137957826 0.971477628
vn -0.192870036 0.137957826 0.971477628
vn -0.170502871 0.131576419 0.976532876
vn -0.170502871 0.131576419 0.976532876
vn -0.170502871 0.131576419 0.976532876
vn -0.0464018136 0.133387864 0.989977062
vn -0.0464018136 0.133387864 0.989977062
vn -0.0464018136 0.133387864 0.989977062
vn -0.0388741754 0.127839357 0.99103272
vn -0.0388741754 0.127839357 0.99103272
vn -0.0388741754 0.127839357 0.99103272
vn 0.0968755335 0.0785633773 0.992190957
vn 0.0968755335 0.0785633773 0.992190957
vn 0.0968755335 0.0785633773 0.992190957
vn 0.0927428976 0.0849600062 0.992058814
vn 0.0927428976 0.0849600062 0.992058814
vn 0.0927428976 0.0849600062 0.992058814
vn 0.209056631 -0.014980291 0.977788806
vn 0.209056631 -0.014980291 0.977788806
vn 0.209056631 -0.014980291 0.977788806
vn 0.204741254 0.00611305051 0.978797078
vn 0.204741254 0.00611305051 0.978797078
vn 0.204741254 0.00611305051 0.978797078
vn 0.274718642 -0.124437235 0.95343852
vn 0.274718642 -0.124437235 0.95343852
vn 0.274718642 -0.124437235 0.95343852
vn 0.279414803 -0.0972074717 0.95523715
vn 0.279414803 -0.0972074717 0.95523715
vn 0.279414803 -0.0972074717 0.95523715
vn 0.29457882 -0.224090189 0.928981721
vn 0.29457882 -0.224090189 0.928981721
vn 0.29457882 -0.224090189 0.928981721
vn 0.303970367 -0.207969561 0.929704547
vn 0.303970367 -0.207969561 0.929704547
vn 0.303970367 -0.207969561 0.929704547
vn 0.28258267 -0.294428825 0.912939608
vn 0.28258267 -0.294428825 0.912939608
vn 0.28258267 -0.294428825 0.912939608
vn 0.27136299 -0.304070145 0.913183153
vn 0.27136299 -0.304070145 0.913183153
vn 0.27136299 -0.304070145 0.913183153
vn 0.24486053 -0.344221085 0.906396747
vn 0.24486053 -0.344221085 0.906396747
vn 0.24486053 -0.344221085 0.906396747
vn 0.195247158 -0.364473224 0.91051507
vn 0.195247158 -0.364473224 0.91051507
vn 0.195247158 -0.364473224 0.91051507
vn 0.177393109 -0.378300726 0.908526421
vn 0.177393109 -0.378300726 0.908526421
vn 0.177393109 -0.378300726 0.908526421
vn 0.101745114 -0.382945299 0.918150663
vn 0.101745114 -0.382945299 0.918150663
vn 0.101745114 -0.382945299 0.918150663
vn 0.110578157 -0.379851103 0.918414712
vn 0.110578157 -0.379851103 0.918414712
vn 0.110578157 -0.379851103 0.918414712
vn 0.0256426875 -0.356374711 0.933991134
vn 0.0256426875 -0.356374711 0.933991134
vn 0.0256426875 -0.356374711 0.933991134
vn -0.0295075271 -0.253114045 0.966986358
vn -0.0295075271 -0.253114045 0.966986358
vn -0.0295075271 -0.253114045 0.966986358
vn 0 0.316227764 -0.948683262
vn 0 0.316227764 -0.948683262
vn 0 0.316227764 -0.948683262
vn -0.0862568915 -0.232916713 0.968663871
vn -0.0862568915 -0.232916713 0.968663871
vn -0.0862568915 -0.232916713 0.968663871
vn 0 0.124034733 -0.992277861
vn 0 0.124034733 -0.992277861
vn 0 0.124034733 -0.992277861
vn -0.138824821 -0.189842746 0.971950293
vn -0.138824821 -0.189842746 0.971950293
vn -0.138824821 -0.189842746 0.971950293
vn 0.239426076 0.159617379 -0.957704306
vn 0.239426076 0.159617379 -0.957704306
vn 0.239426076 0.159617379 -0.957704306
vn -0.167701676 -0.141458318 0.975636005
vn -0.167701676 -0.141458318 0.975636005
vn -0.167701676 -0.141458318 0.975636005
vn 0.168120265 0.122269288 -0.978154302
vn 0.168120265 0.122269288 -0.978154302
vn 0.168120265 0.122269288 -0.978154302
vn -0.173770785 -0.110341184 0.978585005
vn -0.173770785 -0.110341184 0.978585005
vn -0.173770785 -0.110341184 0.978585005
vn 0.139254823 0 -0.990256548
vn 0.139254823 0 -0.990256548
vn 0.139254823 0 -0.990256548
vn -0.172693953 -0.103384726 0.979534745
vn -0.172693953 -0.103384726 0.979534745
vn -0.172693953 -0.103384726 0.979534745
vn 0.0931605175 -0.0621070117 -0.993712187
vn 0.0931605175 -0.0621070117 -0.993712187
vn 0.0931605175 -0.0621070117 -0.993712187
vn -0.175147504 -0.107816957 0.978620946
vn -0.175147504 -0.107816957 0.978620946
vn -0.175147504 -0.107816957 0.978620946
vn 0.0312309451 -0.0156154726 -0.999390244
vn 0.0312309451 -0.0156154726 -0.999390244
vn 0.0312309451 -0.0156154726 -0.999390244
vn -0.165325478 -0.0994717106 0.981209934
vn -0.165325478 -0.0994717106 0.981209934
vn -0.165325478 -0.0994717106 0.981209934
vn 0 0.0390327312 -0.999237895
vn 0 0.0390327312 -0.999237895
vn 0 0.0390327312 -0.999237895
vn -0.126651898 -0.085677214 0.988240182
vn -0.126651898 -0.085677214 0.988240182
vn -0.126651898 -0.085677214 0.988240182
vn 0 0.0863727555 -0.996262908
vn 0 0.0863727555 -0.996262908
vn 0 0.0863727555 -0.996262908
vn -0.0738151893 -0.0861371234 0.993545055
vn -0.0738151893 -0.0861371234 0.993545055
vn -0.0738151893 -0.0861371234 0.993545055
vn 0 0.0933407098 -0.995634258
vn 0 0.0933407098 -0.995634258
vn 0 0.0933407098 -0.995634258
vn -0.0195322651 -0.105966464 0.994177878
vn -0.0195322651 -0.105966464 0.994177878
vn -0.0195322651 -0.105966464 0.994177878
vn 0 0.0933407098 -0.995634258
vn 0 0.0933407098 -0.995634258
vn 0 0.0933407098 -0.995634258
vn 0.0220935885 -0.140362531 0.98985368
vn 0.0220935885 -0.140362531 0.98985368
vn 0.0220935885 -0.140362531 0.98985368
vn 0.0623244196 0.0415496118 -0.997190714
vn 0.0623244196 0.0415496118 -0.997190714
vn 0.0623244196 0.0415496118 -0.997190714
vn 0.0438787267 -0.177405074 0.983159244
vn 0.0438787267 -0.177405074 0.983159244
vn 0.0438787267 -0.177405074 0.983159244
vn -0.0104158502 -0.00694390014 -0.99992162
vn -0.0104158502 -0.00694390014 -0.99992162
vn -0.0104158502 -0.00694390014 -0.99992162
vn 0.0488367975 -0.205946416 0.977343857
vn 0.0488367975 -0.205946416 0.977343857
vn 0.0488367975 -0.205946416 0.977343857
vn -0.0977439955 0 -0.995211601
vn -0.0977439955 0 -0.995211601
vn -0.0977439955 0 -0.995211601
vn 0.0454748422 -0.223216161 0.973707616
vn 0.0454748422 -0.223216161 0.973707616
vn 0.0454748422 -0.223216161 0.973707616
vn -0.182913214 0.121942148 -0.975537181
vn -0.182913214 0.121942148 -0.975537181
vn -0.182913214 0.121942148 -0.975537181
vn 0.03793782 -0.235474214 0.971139848
vn 0.03793782 -0.235474214 0.971139848
vn 0.03793782 -0.235474214 0.971139848
vn -0.123091489 0.123091489 -0.984731913
vn -0.123091489 0.123091489 -0.984731913
vn -0.123091489 0.123091489 -0.984731913
vn 0.0220705662 -0.248059914 0.968493223
vn 0.0220705662 -0.248059914 0.968493223
vn 0.0220705662 -0.248059914 0.968493223
vn -0.120385855 0.240771711 -0.963086843
vn -0.120385855 0.240771711 -0.963086843
vn -0.120385855 0.240771711 -0.963086843
vn 0.00709255273 -0.253217936 0.967383265
vn 0.00709255273 -0.253217936 0.967383265
vn 0.00709255273 -0.253217936 0.967383265
vn 0 0.253224313 -0.967407644
vn 0 0.253224313 -0.967407644
vn 0 0.253224313 -0.967407644
g MSH_CIN_Asteroid_08_Submesh0
f 1/1/1 2/2/2 3/3/3
f 4/4/4 5/5/5 6/6/6
f 7/7/7 8/8/8 9/9/9
f 10/10/10 11/11/11 12/12/12
f 13/13/13 14/14/14 15/15/15
f 16/16/16 17/17/17 18/18/18
f 19/19/19 20/20/20 21/21/21
f 22/22/22 23/23/23 24/24/24
f 25/25/25 26/26/26 27/27/27
f 28/28/28 29/29/29 30/30/30
f 31/31/31 32/32/32 33/33/33
f 34/34/34 35/35/35 36/36/36
f 37/37/37 38/38/38 39/39/39
f 40/40/40 41/41/41 42/42/42
f 43/43/43 44/44/44 45/45/45
f 46/46/46 47/47/47 48/48/48
f 49/49/49 50/50/50 51/51/51
f 52/52/52 53/53/53 54/54/54
f 55/55/55 56/56/56 57/57/57
f 58/58/58 59/59/59 60/60/60
f 61/61/61 62/62/62 63/63/63
f 64/64/64 65/65/65 66/66/66
f 67/67/67 68/68/68 69/69/69
f 70/70/70 71/71/71 72/72/72
f 73/73/73 74/74/74 75/75/75
f 76/76/76 77/77/77 78/78/78
f 79/79/79 80/80/80 81/81/81
f 82/82/82 83/83/83 84/84/84
f 85/85/85 86/86/86 87/87/87
f 88/88/88 89/89/89 90/90/90
f 91/91/91 92/92/92 93/93/93
f 94/94/94 95/95/95 96/96/96
f 97/97/97 98/98/98 99/99/99
f 100/100/100 101/101/101 102/102/102
f 103/103/103 104/104/104 105/105/105
f 106/106/106 107/107/107 108/108/108
f 109/109/109 110/110/110 111/111/111
f 112/112/112 113/113/113 114/114/114
f 115/115/115 116/116/116 117/117/117
f 118/118/118 119/119/119 120/120/120
f 121/121/121 122/122/122 123/123/123
f 124/124/124 125/125/125 126/126/126
f 127/127/127 128/128/128 129/129/129
f 130/130/130 131/131/131 132/132/132
f 133/133/133 134/134/134 135/135/135
f 136/136/136 137/137/137 138/138/138
f 139/139/139 140/140/140 141/141/141
f 142/142/142 143/143/143 144/144/144
f 145/145/145 146/146/146 147/147/147
f 148/148/148 149/149/149 150/150/150
f 151/151/151 152/152/152 153/153/153
f 154/154/154 155/155/155 156/156/156
f 157/157/157 158/158/158 159/159/159
f 160/160/160 161/161/161 162/162/162
f 163/163/163 164/164/164 165/165/165
f 166/166/166 167/167/167 168/168/168
f 169/169/169 170/170/170 171/171/171
f 172/172/172 173/173/173 174/174/174
f 175/175/175 176/176/176 177/177/177
f 178/178/178 179/179/179 180/180/180
f 181/181/181 182/182/182 183/183/183
f 184/184/184 185/185/185 186/186/186
f 187/187/187 188/188/188 189/189/189
f 190/190/190 191/191/191 192/192/192
f 193/193/193 194/194/194 195/195/195
f 196/196/196 197/197/197 198/198/198
f 199/199/199 200/200/200 201/201/201
f 202/202/202 203/203/203 204/204/204
f 205/205/205 206/206/206 207/207/207
f 208/208/208 209/209/209 210/210/210
f 211/211/211 212/212/212 213/213/213
f 214/214/214 215/215/215 216/216/216
f 217/217/217 218/218/218 219/219/219
f 220/220/220 221/221/221 222/222/222
f 223/223/223 224/224/224 225/225/225
f 226/226/226 227/227/227 228/228/228
f 229/229/229 230/230/230 231/231/231
f 232/232/232 233/233/233 234/234/234
f 235/235/235 236/236/236 237/237/237
f 238/238/238 239/239/239 240/240/240
f 241/241/241 242/242/242 243/243/243
f 244/244/244 245/245/245 246/246/246
f 247/247/247 248/248/248 249/249/249
f 250/250/250 251/251/251 252/252/252
f 253/253/253 254/254/254 255/255/255
f 256/256/256 257/257/257 258/258/258
f 259/259/259 260/260/260 261/261/261
f 262/262/262 263/263/263 264/264/264
f 265/265/265 266/266/266 267/267/267
f 268/268/268 269/269/269 270/270/270
f 271/271/271 272/272/272 273/273/273
f 274/274/274 275/275/275 276/276/276
f 277/277/277 278/278/278 279/279/279
f 280/280/280 281/281/281 282/282/282
f 283/283/283 284/284/284 285/285/285
f 286/286/286 287/287/287 288/288/288
f 289/289/289 290/290/290 291/291/291
f 292/292/292 293/293/293 294/294/294
f 295/295/295 296/296/296 297/297/297
f 298/298/298 299/299/299 300/300/300
f 301/301/301 302/302/302 303/303/303
f 304/304/304 305/305/305 306/306/306
f 307/307/307 308/308/308 309/309/309
f 310/310/310 311/311/311 312/312/312
f 313/313/313 314/314/314 315/315/315
f 316/316/316 317/317/317 318/318/318
f 319/319/319 320/320/320 321/321/321
f 322/322/322 323/323/323 324/324/324
f 325/325/325 326/326/326 327/327/327
f 328/328/328 329/329/329 330/330/330
f 331/331/331 332/332/332 333/333/333
f 334/334/334 335/335/335 336/336/336
f 337/337/337 338/338/338 339/339/339
f 340/340/340 341/341/341 342/342/342
f 343/343/343 344/344/344 345/345/345
f 346/346/346 347/347/347 348/348/348
f 349/349/349 350/350/350 351/351/351
f 352/352/352 353/353/353 354/354/354
f 355/355/355 356/356/356 357/357/357
f 358/358/358 359/359/359 360/360/360
f 361/361/361 362/362/362 363/363/363
f 364/364/364 365/365/365 366/366/366
f 367/367/367 368/368/368 369/369/369
f 370/370/370 371/371/371 372/372/372
f 373/373/373 374/374/374 375/375/375
f 376/376/376 377/377/377 378/378/378
f 379/379/379 380/380/380 381/381/381
f 382/382/382 383/383/383 384/384/384
f 385/385/385 386/386/386 387/387/387
f 388/388/388 389/389/389 390/390/390
f 391/391/391 392/392/392 393/393/393
f 394/394/394 395/395/395 396/396/396
f 397/397/397 398/398/398 399/399/399
f 400/400/400 401/401/401 402/402/402
f 403/403/403 404/404/404 405/405/405
f 406/406/406 407/407/407 408/408/408
f 409/409/409 410/410/410 411/411/411
f 412/412/412 413/413/413 414/414/414
f 415/415/415 416/416/416 417/417/417
f 418/418/418 419/419/419 420/420/420
f 421/421/421 422/422/422 423/423/423
f 424/424/424 425/425/425 426/426/426
f 427/427/427 428/428/428 429/429/429
f 430/430/430 431/431/431 432/432/432
f 433/433/433 434/434/434 435/435/435
f 436/436/436 437/437/437 438/438/438
f 439/439/439 440/440/440 441/441/441
f 442/442/442 443/443/443 444/444/444
f 445/445/445 446/446/446 447/447/447
f 448/448/448 449/449/449 450/450/450
f 451/451/451 452/452/452 453/453/453
f 454/454/454 455/455/455 456/456/456
f 457/457/457 458/458/458 459/459/459
f 460/460/460 461/461/461 462/462/462
f 463/463/463 464/464/464 465/465/465
f 466/466/466 467/467/467 468/468/468
f 469/469/469 470/470/470 471/471/471
f 472/472/472 473/473/473 474/474/474
f 475/475/475 476/476/476 477/477/477
f 478/478/478 479/479/479 480/480/480
f 481/481/481 482/482/482 483/483/483
f 484/484/484 485/485/485 486/486/486
f 487/487/487 488/488/488 489/489/489
f 490/490/490 491/491/491 492/492/492
f 493/493/493 494/494/494 495/495/495
f 496/496/496 497/497/497 498/498/498
f 499/499/499 500/500/500 501/501/501
f 502/502/502 503/503/503 504/504/504
f 505/505/505 506/506/506 507/507/507
f 508/508/508 509/509/509 510/510/510
f 511/511/511 512/512/512 513/513/513
f 514/514/514 515/515/515 516/516/516
f 517/517/517 518/518/518 519/519/519
f 520/520/520 521/521/521 522/522/522
f 523/523/523 524/524/524 525/525/525
f 526/526/526 527/527/527 528/528/528
f 529/529/529 530/530/530 531/531/531
f 532/532/532 533/533/533 534/534/534
f 535/535/535 536/536/536 537/537/537
f 538/538/538 539/539/539 540/540/540
f 541/541/541 542/542/542 543/543/543
f 544/544/544 545/545/545 546/546/546
f 547/547/547 548/548/548 549/549/549
f 550/550/550 551/551/551 552/552/552
f 553/553/553 554/554/554 555/555/555
f 556/556/556 557/557/557 558/558/558
f 559/559/559 560/560/560 561/561/561
f 562/562/562 563/563/563 564/564/564
f 565/565/565 566/566/566 567/567/567
f 568/568/568 569/569/569 570/570/570
f 571/571/571 572/572/572 573/573/573
f 574/574/574 575/575/575 576/576/576
f 577/577/577 578/578/578 579/579/579
f 580/580/580 581/581/581 582/582/582
f 583/583/583 584/584/584 585/585/585
f 586/586/586 587/587/587 588/588/588
f 589/589/589 590/590/590 591/591/591
f 592/592/592 593/593/593 594/594/594
f 595/595/595 596/596/596 597/597/597
f 598/598/598 599/599/599 600/600/600
f 601/601/601 602/602/602 603/603/603
f 604/604/604 605/605/605 606/606/606
f 607/607/607 608/608/608 609/609/609
f 610/610/610 611/611/611 612/612/612
f 613/613/613 614/614/614 615/615/615
f 616/616/616 617/617/617 618/618/618
f 619/619/619 620/620/620 621/621/621
f 622/622/622 623/623/623 624/624/624
f 625/625/625 626/626/626 627/627/627
f 628/628/628 629/629/629 630/630/630
f 631/631/631 632/632/632 633/633/633
f 634/634/634 635/635/635 636/636/636
f 637/637/637 638/638/638 639/639/639
f 640/640/640 641/641/641 642/642/642
f 643/643/643 644/644/644 645/645/645
f 646/646/646 647/647/647 648/648/648
f 649/649/649 650/650/650 651/651/651
f 652/652/652 653/653/653 654/654/654
f 655/655/655 656/656/656 657/657/657
f 658/658/658 659/659/659 660/660/660
f 661/661/661 662/662/662 663/663/663
f 664/664/664 665/665/665 666/666/666
f 667/667/667 668/668/668 669/669/669
f 670/670/670 671/671/671 672/672/672
f 673/673/673 674/674/674 675/675/675
f 676/676/676 677/677/677 678/678/678
f 679/679/679 680/680/680 681/681/681
f 682/682/682 683/683/683 684/684/684
f 685/685/685 686/686/686 687/687/687
f 688/688/688 689/689/689 690/690/690
f 691/691/691 692/692/692 693/693/693
f 694/694/694 695/695/695 696/696/696
f 697/697/697 698/698/698 699/699/699
f 700/700/700 701/701/701 702/702/702
f 703/703/703 704/704/704 705/705/705
f 706/706/706 707/707/707 708/708/708
f 709/709/709 710/710/710 711/711/711
f 712/712/712 713/713/713 714/714/714
f 715/715/715 716/716/716 717/717/717
f 718/718/718 719/719/719 720/720/720
f 721/721/721 722/722/722 723/723/723
f 724/724/724 725/725/725 726/726/726
f 727/727/727 728/728/728 729/729/729
f 730/730/730 731/731/731 732/732/732
f 733/733/733 734/734/734 735/735/735
f 736/736/736 737/737/737 738/738/738
f 739/739/739 740/740/740 741/741/741
f 742/742/742 743/743/743 744/744/744
f 745/745/745 746/746/746 747/747/747
f 748/748/748 749/749/749 750/750/750
f 751/751/751 752/752/752 753/753/753
f 754/754/754 755/755/755 756/756/756
f 757/757/757 758/758/758 759/759/759
f 760/760/760 761/761/761 762/762/762
f 763/763/763 764/764/764 765/765/765
f 766/766/766 767/767/767 768/768/768
f 769/769/769 770/770/770 771/771/771
f 772/772/772 773/773/773 774/774/774
f 775/775/775 776/776/776 777/777/777
f 778/778/778 779/779/779 780/780/780
f 781/781/781 782/782/782 783/783/783
f 784/784/784 785/785/785 786/786/786
f 787/787/787 788/788/788 789/789/789
f 790/790/790 791/791/791 792/792/792
f 793/793/793 794/794/794 795/795/795
f 796/796/796 797/797/797 798/798/798
f 799/799/799 800/800/800 801/801/801
f 802/802/802 803/803/803 804/804/804
f 805/805/805 806/806/806 807/807/807
f 808/808/808 809/809/809 810/810/810
f 811/811/811 812/812/812 813/813/813
f 814/814/814 815/815/815 816/816/816
f 817/817/817 818/818/818 819/819/819
f 820/820/820 821/821/821 822/822/822
f 823/823/823 824/824/824 825/825/825
f 826/826/826 827/827/827 828/828/828
f 829/829/829 830/830/830 831/831/831
f 832/832/832 833/833/833 834/834/834
f 835/835/835 836/836/836 837/837/837
f 838/838/838 839/839/839 840/840/840
f 841/841/841 842/842/842 843/843/843
f 844/844/844 845/845/845 846/846/846
f 847/847/847 848/848/848 849/849/849
f 850/850/850 851/851/851 852/852/852
f 853/853/853 854/854/854 855/855/855
f 856/856/856 857/857/857 858/858/858
f 859/859/859 860/860/860 861/861/861
f 862/862/862 863/863/863 864/864/864
f 865/865/865 866/866/866 867/867/867
f 868/868/868 869/869/869 870/870/870
f 871/871/871 872/872/872 873/873/873
f 874/874/874 875/875/875 876/876/876
f 877/877/877 878/878/878 879/879/879
f 880/880/880 881/881/881 882/882/882
f 883/883/883 884/884/884 885/885/885
f 886/886/886 887/887/887 888/888/888
f 889/889/889 890/890/890 891/891/891
f 892/892/892 893/893/893 894/894/894
f 895/895/895 896/896/896 897/897/897
f 898/898/898 899/899/899 900/900/900
f 901/901/901 902/902/902 903/903/903
f 904/904/904 905/905/905 906/906/906
f 907/907/907 908/908/908 909/909/909
f 910/910/910 911/911/911 912/912/912
f 913/913/913 914/914/914 915/915/915
f 916/916/916 917/917/917 918/918/918
f 919/919/919 920/920/920 921/921/921
f 922/922/922 923/923/923 924/924/924
f 925/925/925 926/926/926 927/927/927
f 928/928/928 929/929/929 930/930/930
f 931/931/931 932/932/932 933/933/933
f 934/934/934 935/935/935 936/936/936
f 937/937/937 938/938/938 939/939/939
f 940/940/940 941/941/941 942/942/942
f 943/943/943 944/944/944 945/945/945
f 946/946/946 947/947/947 948/948/948
f 949/949/949 950/950/950 951/951/951
f 952/952/952 953/953/953 954/954/954
f 955/955/955 956/956/956 957/957/957
f 958/958/958 959/959/959 960/960/960
f 961/961/961 962/962/962 963/963/963
f 964/964/964 965/965/965 966/966/966
f 967/967/967 968/968/968 969/969/969
f 970/970/970 971/971/971 972/972/972
f 973/973/973 974/974/974 975/975/975
f 976/976/976 977/977/977 978/978/978
f 979/979/979 980/980/980 981/981/981
f 982/982/982 983/983/983 984/984/984
f 985/985/985 986/986/986 987/987/987
f 988/988/988 989/989/989 990/990/990
f 991/991/991 992/992/992 993/993/993
f 994/994/994 995/995/995 996/996/996
f 997/997/997 998/998/998 999/999/999
f 1000/1000/1000 1001/1001/1001 1002/1002/1002
f 1003/1003/1003 1004/1004/1004 1005/1005/1005
f 1006/1006/1006 1007/1007/1007 1008/1008/1008
f 1009/1009/1009 1010/1010/1010 1011/1011/1011
f 1012/1012/1012 1013/1013/1013 1014/1014/1014
f 1015/1015/1015 1016/1016/1016 1017/1017/1017
f 1018/1018/1018 1019/1019/1019 1020/1020/1020
f 1021/1021/1021 1022/1022/1022 1023/1023/1023
f 1024/1024/1024 1025/1025/1025 1026/1026/1026
f 1027/1027/1027 1028/1028/1028 1029/1029/1029
f 1030/1030/1030 1031/1031/1031 1032/1032/1032
f 1033/1033/1033 1034/1034/1034 1035/1035/1035
f 1036/1036/1036 1037/1037/1037 1038/1038/1038
f 1039/1039/1039 1040/1040/1040 1041/1041/1041
f 1042/1042/1042 1043/1043/1043 1044/1044/1044
f 1045/1045/1045 1046/1046/1046 1047/1047/1047
f 1048/1048/1048 1049/1049/1049 1050/1050/1050
f 1051/1051/1051 1052/1052/1052 1053/1053/1053
f 1054/1054/1054 1055/1055/1055 1056/1056/1056
f 1057/1057/1057 1058/1058/1058 1059/1059/1059
f 1060/1060/1060 1061/1061/1061 1062/1062/1062
f 1063/1063/1063 1064/1064/1064 1065/1065/1065
f 1066/1066/1066 1067/1067/1067 1068/1068/1068
f 1069/1069/1069 1070/1070/1070 1071/1071/1071
f 1072/1072/1072 1073/1073/1073 1074/1074/1074
f 1075/1075/1075 1076/1076/1076 1077/1077/1077
f 1078/1078/1078 1079/1079/1079 1080/1080/1080
f 1081/1081/1081 1082/1082/1082 1083/1083/1083
f 1084/1084/1084 1085/1085/1085 1086/1086/1086
f 1087/1087/1087 1088/1088/1088 1089/1089/1089
f 1090/1090/1090 1091/1091/1091 1092/1092/1092
f 1093/1093/1093 1094/1094/1094 1095/1095/1095
f 1096/1096/1096 1097/1097/1097 1098/1098/1098
f 1099/1099/1099 1100/1100/1100 1101/1101/1101
f 1102/1102/1102 1103/1103/1103 1104/1104/1104
f 1105/1105/1105 1106/1106/1106 1107/1107/1107
f 1108/1108/1108 1109/1109/1109 1110/1110/1110
f 1111/1111/1111 1112/1112/1112 1113/1113/1113
f 1114/1114/1114 1115/1115/1115 1116/1116/1116
f 1117/1117/1117 1118/1118/1118 1119/1119/1119
f 1120/1120/1120 1121/1121/1121 1122/1122/1122
f 1123/1123/1123 1124/1124/1124 1125/1125/1125
f 1126/1126/1126 1127/1127/1127 1128/1128/1128
f 1129/1129/1129 1130/1130/1130 1131/1131/1131
f 1132/1132/1132 1133/1133/1133 1134/1134/1134
f 1135/1135/1135 1136/1136/1136 1137/1137/1137
f 1138/1138/1138 1139/1139/1139 1140/1140/1140
f 1141/1141/1141 1142/1142/1142 1143/1143/1143
f 1144/1144/1144 1145/1145/1145 1146/1146/1146
f 1147/1147/1147 1148/1148/1148 1149/1149/1149
f 1150/1150/1150 1151/1151/1151 1152/1152/1152
f 1153/1153/1153 1154/1154/1154 1155/1155/1155
f 1156/1156/1156 1157/1157/1157 1158/1158/1158
f 1159/1159/1159 1160/1160/1160 1161/1161/1161
f 1162/1162/1162 1163/1163/1163 1164/1164/1164
f 1165/1165/1165 1166/1166/1166 1167/1167/1167
f 1168/1168/1168 1169/1169/1169 1170/1170/1170
f 1171/1171/1171 1172/1172/1172 1173/1173/1173
f 1174/1174/1174 1175/1175/1175 1176/1176/1176
f 1177/1177/1177 1178/1178/1178 1179/1179/1179
f 1180/1180/1180 1181/1181/1181 1182/1182/1182
f 1183/1183/1183 1184/1184/1184 1185/1185/1185
f 1186/1186/1186 1187/1187/1187 1188/1188/1188
f 1189/1189/1189 1190/1190/1190 1191/1191/1191
f 1192/1192/1192 1193/1193/1193 1194/1194/1194
f 1195/1195/1195 1196/1196/1196 1197/1197/1197
f 1198/1198/1198 1199/1199/1199 1200/1200/1200
f 1201/1201/1201 1202/1202/1202 1203/1203/1203
f 1204/1204/1204 1205/1205/1205 1206/1206/1206
f 1207/1207/1207 1208/1208/1208 1209/1209/1209
f 1210/1210/1210 1211/1211/1211 1212/1212/1212
f 1213/1213/1213 1214/1214/1214 1215/1215/1215
f 1216/1216/1216 1217/1217/1217 1218/1218/1218
f 1219/1219/1219 1220/1220/1220 1221/1221/1221
f 1222/1222/1222 1223/1223/1223 1224/1224/1224
f 1225/1225/1225 1226/1226/1226 1227/1227/1227
f 1228/1228/1228 1229/1229/1229 1230/1230/1230
f 1231/1231/1231 1232/1232/1232 1233/1233/1233
f 1234/1234/1234 1235/1235/1235 1236/1236/1236
f 1237/1237/1237 1238/1238/1238 1239/1239/1239
f 1240/1240/1240 1241/1241/1241 1242/1242/1242
f 1243/1243/1243 1244/1244/1244 1245/1245/1245
f 1246/1246/1246 1247/1247/1247 1248/1248/1248
f 1249/1249/1249 1250/1250/1250 1251/1251/1251
f 1252/1252/1252 1253/1253/1253 1254/1254/1254
f 1255/1255/1255 1256/1256/1256 1257/1257/1257
f 1258/1258/1258 1259/1259/1259 1260/1260/1260
f 1261/1261/1261 1262/1262/1262 1263/1263/1263
f 1264/1264/1264 1265/1265/1265 1266/1266/1266
f 1267/1267/1267 1268/1268/1268 1269/1269/1269
f 1270/1270/1270 1271/1271/1271 1272/1272/1272
f 1273/1273/1273 1274/1274/1274 1275/1275/1275
f 1276/1276/1276 1277/1277/1277 1278/1278/1278
f 1279/1279/1279 1280/1280/1280 1281/1281/1281
f 1282/1282/1282 1283/1283/1283 1284/1284/1284
f 1285/1285/1285 1286/1286/1286 1287/1287/1287
f 1288/1288/1288 1289/1289/1289 1290/1290/1290
f 1291/1291/1291 1292/1292/1292 1293/1293/1293
f 1294/1294/1294 1295/1295/1295 1296/1296/1296
f 1297/1297/1297 1298/1298/1298 1299/1299/1299
f 1300/1300/1300 1301/1301/1301 1302/1302/1302
f 1303/1303/1303 1304/1304/1304 1305/1305/1305
f 1306/1306/1306 1307/1307/1307 1308/1308/1308
f 1309/1309/1309 1310/1310/1310 1311/1311/1311
f 1312/1312/1312 1313/1313/1313 1314/1314/1314
f 1315/1315/1315 1316/1316/1316 1317/1317/1317
f 1318/1318/1318 1319/1319/1319 1320/1320/1320
f 1321/1321/1321 1322/1322/1322 1323/1323/1323
f 1324/1324/1324 1325/1325/1325 1326/1326/1326
f 1327/1327/1327 1328/1328/1328 1329/1329/1329
f 1330/1330/1330 1331/1331/1331 1332/1332/1332
f 1333/1333/1333 1334/1334/1334 1335/1335/1335
f 1336/1336/1336 1337/1337/1337 1338/1338/1338
f 1339/1339/1339 1340/1340/1340 1341/1341/1341
f 1342/1342/1342 1343/1343/1343 1344/1344/1344
f 1345/1345/1345 1346/1346/1346 1347/1347/1347
f 1348/1348/1348 1349/1349/1349 1350/1350/1350
f 1351/1351/1351 1352/1352/1352 1353/1353/1353
f 1354/1354/1354 1355/1355/1355 1356/1356/1356
f 1357/1357/1357 1358/1358/1358 1359/1359/1359
f 1360/1360/1360 1361/1361/1361 1362/1362/1362
f 1363/1363/1363 1364/1364/1364 1365/1365/1365
f 1366/1366/1366 1367/1367/1367 1368/1368/1368
f 1369/1369/1369 1370/1370/1370 1371/1371/1371
f 1372/1372/1372 1373/1373/1373 1374/1374/1374
f 1375/1375/1375 1376/1376/1376 1377/1377/1377
f 1378/1378/1378 1379/1379/1379 1380/1380/1380
f 1381/1381/1381 1382/1382/1382 1383/1383/1383
f 1384/1384/1384 1385/1385/1385 1386/1386/1386
f 1387/1387/1387 1388/1388/1388 1389/1389/1389
f 1390/1390/1390 1391/1391/1391 1392/1392/1392
f 1393/1393/1393 1394/1394/1394 1395/1395/1395
f 1396/1396/1396 1397/1397/1397 1398/1398/1398
f 1399/1399/1399 1400/1400/1400 1401/1401/1401
f 1402/1402/1402 1403/1403/1403 1404/1404/1404
f 1405/1405/1405 1406/1406/1406 1407/1407/1407
f 1408/1408/1408 1409/1409/1409 1410/1410/1410
f 1411/1411/1411 1412/1412/1412 1413/1413/1413
f 1414/1414/1414 1415/1415/1415 1416/1416/1416
f 1417/1417/1417 1418/1418/1418 1419/1419/1419
f 1420/1420/1420 1421/1421/1421 1422/1422/1422
f 1423/1423/1423 1424/1424/1424 1425/1425/1425
f 1426/1426/1426 1427/1427/1427 1428/1428/1428
f 1429/1429/1429 1430/1430/1430 1431/1431/1431
f 1432/1432/1432 1433/1433/1433 1434/1434/1434
f 1435/1435/1435 1436/1436/1436 1437/1437/1437
f 1438/1438/1438 1439/1439/1439 1440/1440/1440
f 1441/1441/1441 1442/1442/1442 1443/1443/1443
f 1444/1444/1444 1445/1445/1445 1446/1446/1446
f 1447/1447/1447 1448/1448/1448 1449/1449/1449
f 1450/1450/1450 1451/1451/1451 1452/1452/1452
f 1453/1453/1453 1454/1454/1454 1455/1455/1455
f 1456/1456/1456 1457/1457/1457 1458/1458/1458
f 1459/1459/1459 1460/1460/1460 1461/1461/1461
f 1462/1462/1462 1463/1463/1463 1464/1464/1464
f 1465/1465/1465 1466/1466/1466 1467/1467/1467
f 1468/1468/1468 1469/1469/1469 1470/1470/1470
f 1471/1471/1471 1472/1472/1472 1473/1473/1473
f 1474/1474/1474 1475/1475/1475 1476/1476/1476
f 1477/1477/1477 1478/1478/1478 1479/1479/1479
f 1480/1480/1480 1481/1481/1481 1482/1482/1482
f 1483/1483/1483 1484/1484/1484 1485/1485/1485
f 1486/1486/1486 1487/1487/1487 1488/1488/1488
f 1489/1489/1489 1490/1490/1490 1491/1491/1491
f 1492/1492/1492 1493/1493/1493 1494/1494/1494
f 1495/1495/1495 1496/1496/1496 1497/1497/1497
f 1498/1498/1498 1499/1499/1499 1500/1500/1500
f 1501/1501/1501 1502/1502/1502 1503/1503/1503
f 1504/1504/1504 1505/1505/1505 1506/1506/1506
f 1507/1507/1507 1508/1508/1508 1509/1509/1509
f 1510/1510/1510 1511/1511/1511 1512/1512/1512
