# Extracted losslessly from Unity Mesh asset: C:/Users/slicc/Documents/Changing My Life/Game/Assets/_Project/Art/Environment/StarterIsland/VerticalRockKit_Sculpted/Meshes/MESH_VRKS_Transition_A.asset
o MESH_VRKS_Transition_A
v 77.2898018 267.159295 300.214291
v 80.7035029 271.15109 296.300697
v 68.206799 344.14959 267.6579
v -116.343606 166.573799 293.592691
v -103.801405 168.898594 323.19119
v -112.934005 201.1904 301.159501
v -112.720001 -84.1363013 5.4694999
v -102.638102 -5.96689992 3.79579999
v -104.357195 -124.987996 4.12489995
v -83.4312022 -200.898409 141.279602
v -94.1237986 -141.610003 155.550301
v -84.1491997 -186.364698 136.026096
v 70.5758989 341.466093 210.98671
v 74.1302013 327.940512 215.953898
v 87.4625027 354.821491 164.509296
v -79.5957029 -299.953008 10.0836001
v -75.1020014 -294.794798 34.5072001
v -84.1943026 -273.733091 6.97859973
v 22.6220995 -374.025297 150.7303
v 46.7364997 -365.988588 152.861404
v 46.5155005 -326.616502 162.581396
v -99.3552983 -143.772602 294.005704
v -93.3453023 -171.455705 315.697908
v -100.120294 -131.108296 319.344497
v -88.9177978 237.665892 253.65169
v -92.3804998 244.215989 251.844406
v -110.923195 222.842312 245.106101
v -4.69859987 -144.889605 7.88419992
v 44.4929004 -196.226394 8.92940015
v -18.7955007 -211.088896 9.07230005
v 44.4929004 -196.226394 8.92940015
v -1.09869996 -325.920796 3.14880013
v 104.591894 -28.4438998 153.671706
v 95.0011015 -148.207903 144.731402
v 127.230501 -75.7100999 138.757896
v 96.0915029 280.3617 55.0724983
v 96.4954019 166.5236 57.0793986
v 93.9786971 205.882311 10.6625997
v 79.9470007 204.612803 291.118193
v 80.1705003 203.634405 284.706092
v 80.1322997 234.554601 295.566702
v 42.1222001 -203.4796 231.582594
v 23.6075997 -226.905608 231.981206
v 40.7983989 -218.849707 222.528601
v 67.1344995 337.350988 307.597804
v 68.206799 344.14959 267.6579
v 51.4725983 351.936412 302.508998
v -118.988001 155.022299 284.456992
v -118.220603 187.421501 275.591993
v -119.161606 155.524802 265.813899
v -93.7457025 242.883301 278.568602
v -65.625 277.316689 265.43951
v -89.4513011 245.827007 258.39541
v -96.4273989 279.053807 8.95859972
v -115.072799 279.202199 13.0808994
v -95.1057971 304.827309 11.9191997
v -116.672003 144.662797 294.483709
v -117.004895 94.5885003 276.95179
v -109.463 110.5353 300.300097
v -110.6987 89.6986008 250.587296
v -109.463 110.5353 300.300097
v -117.004895 94.5885003 276.95179
v 52.4779975 -108.475304 255.322504
v 52.7495027 -160.629296 196.238697
v 68.4565008 -49.3595004 226.819205
v -125.477505 117.328894 1.23349996
v -124.129701 146.956503 7.2563
v -121.772301 91.1189973 6.19419999
v -84.5574021 -199.2401 109.1097
v -91.8152988 -166.028202 92.4485028
v -89.5394981 -207.877588 87.5105977
v -117.075896 -5.90360016 38.0369991
v -116.036403 -29.9403012 66.6859984
v -118.340194 12.5010997 70.4421997
v -112.147701 -117.136705 31.2815994
v -116.036403 -29.9403012 66.6859984
v -118.340194 12.5010997 70.4421997
v -118.579102 43.8676 28.4496009
v -87.2232974 250.916791 228.229403
v -62.4152005 271.223688 194.954705
v -107.657897 241.44609 218.246508
v -124.855304 200.447607 9.20120031
v -124.129701 146.956503 7.2563
v -124.985695 143.983698 10.7763
v -95.8241999 -206.191492 32.4003994
v -96.7880011 -149.794102 11.1410998
v -84.1943026 -273.733091 6.97859973
v 9.54589993 264.309907 147.022498
v 6.74680024 278.141999 103.181303
v -32.7381998 240.129709 98.7945974
v -118.220603 187.421501 275.591993
v -116.343606 166.573799 293.592691
v -117.407298 195.5302 284.762597
v -45.3530014 -285.089397 178.6116
v -33.6293012 -283.470392 209.419489
v -77.7550995 -251.633406 232.829094
v -46.9518989 288.614511 160.888696
v -107.657897 241.44609 218.246508
v -51.7271996 255.678296 158.356905
v -19.4849998 -119.7317 343.712807
v -24.3701994 -149.522495 337.50031
v -20.3960001 -139.925897 333.784103
v 109.650505 -107.899797 7.48270005
v 131.002605 -63.5941982 6.53870031
v 130.555499 -107.133603 8.11019987
v 111.822701 -191.5645 6.05229996
v 126.656199 -115.971005 8.79959986
v 28.3556014 335.344911 261.333299
v -1.8228 313.9853 242.583203
v 19.0215006 324.872708 291.590595
v -5.89380004 282.766604 256.499791
v -73.2855976 271.227098 231.824708
v -65.625 277.316689 265.43951
v -56.6101015 -358.758593 54.8923016
v -53.6503017 -369.65301 57.9191983
v -62.2165978 -328.605509 55.7698011
v 15.2463004 -84.1439009 321.268511
v 17.9674 -141.734898 301.554894
v 48.5891998 -120.578599 278.909206
v 9.54589993 264.309907 147.022498
v 5.51510006 277.010393 186.663496
v 2.13990007 318.545294 180.098701
v -117.711997 108.286297 225.962806
v -118.781805 142.692995 238.052011
v -117.497802 111.992705 206.234097
v 6.74680024 278.141999 103.181303
v 9.54589993 264.309907 147.022498
v 10.3827998 306.245089 138.607597
v 7.92429969 346.419311 50.7694006
v 2.22490001 274.105811 52.0824015
v 5.10540009 319.906497 21.6334999
v 2.22490001 274.105811 52.0824015
v 18.8456997 220.501804 343.713903
v 24.5291993 249.722791 335.544491
v 2.54859999 254.6736 326.321101
v 64.0519023 -340.290689 131.082404
v 63.8495982 -314.806199 132.838905
v 56.8386018 -315.416002 160.874104
v 67.3186004 -320.275092 113.679194
v 63.8495982 -314.806199 132.838905
v -105.450797 -96.4245975 310.027599
v -99.3552983 -143.772602 294.005704
v -100.120294 -131.108296 319.344497
v 46.5155005 -326.616502 162.581396
v 56.8386018 -315.416002 160.874104
v 46.7718989 -282.115698 201.547909
v 80.6101024 104.3396 243.942308
v 84.6136987 145.753002 275.076103
v 80.3838015 99.2498994 255.111694
v 48.3925015 -20.8002999 7.13939965
v 71.1708009 -70.9628999 6.16250001
v 49.6555001 -81.3526988 13.7247995
v 14.4586995 -334.7332 162.586296
v -27.1425992 -330.774403 165.885794
v -13.1189004 -365.096688 152.675998
v 88.707 -278.965092 4.98940013
v 79.1050017 -268.977189 1.76790003
v 75.2906024 -199.818504 1.72669999
v 38.7887001 300.7061 9.31610018
v 5.10540009 319.906497 21.6334999
v 34.3932986 332.787299 23.6306995
v 75.3323972 227.596903 14.7317007
v 89.5000994 274.454594 10.9637998
v 93.9786971 205.882311 10.6625997
v 51.4725983 351.936412 302.508998
v 68.206799 344.14959 267.6579
v 28.3556014 335.344911 261.333299
v -96.6359973 317.467999 12.5300005
v -115.072799 279.202199 13.0808994
v -114.029396 289.066911 44.7865993
v 102.620006 279.359102 94.2493975
v 104.116094 137.010705 93.3028996
v 96.4954019 166.5236 57.0793986
v -103.801405 168.898594 323.19119
v -97.9520977 229.284406 323.667598
v -112.934005 201.1904 301.159501
v -118.781805 142.692995 238.052011
v -120.197594 132.811999 258.993912
v -120.550501 147.8688 259.372306
v -97.9520977 229.284406 323.667598
v -97.5718975 235.958695 359.097004
v -54.1504025 247.976804 343.414402
v -101.004303 -56.832999 164.132404
v -101.338196 -98.5944986 195.460498
v -112.220597 16.4868996 226.65329
v -96.4273989 279.053807 8.95859972
v -122.445202 250.633693 3.37329991
v -115.072799 279.202199 13.0808994
v -116.395104 273.701 63.1569982
v -115.072799 279.202199 13.0808994
v -122.445202 250.633693 3.37329991
v -122.445202 250.633693 3.37329991
v -119.892001 192.948902 12.9838005
v -124.855304 200.447607 9.20120031
v -46.9518989 288.614511 160.888696
v -111.136603 251.514292 219.976306
v -107.657897 241.44609 218.246508
v 74.1302013 327.940512 215.953898
v 90.1347995 286.934996 154.7189
v 87.4625027 354.821491 164.509296
v 77.531302 264.265704 205.469203
v 90.1347995 286.934996 154.7189
v 47.4887013 366.524911 62.7985001
v 34.3932986 332.787299 23.6306995
v 7.92429969 346.419311 50.7694006
v 51.4319003 12.9722998 307.606006
v 59.069401 80.062902 316.44299
v 25.533101 51.7494023 330.873895
v 0.0182999996 211.829805 8.7387003
v -39.2136008 190.179896 11.7936999
v -41.1496997 247.923803 4.99349982
v -69.3486989 -255.049396 142.1417
v -87.4934018 -192.042005 168.170404
v -83.4312022 -200.898409 141.279602
v 77.5918007 -164.793301 190.157998
v 80.7528973 -52.4957001 214.616895
v 68.4565008 -49.3595004 226.819205
v 52.4779975 -108.475304 255.322504
v 53.7365973 -57.2552025 276.6114
v 48.7268001 -62.5669003 292.236209
v 75.9092987 -305.439305 160.850704
v 56.8386018 -315.416002 160.874104
v 78.1334996 -307.189107 153.476298
v -13.7476996 -244.573307 223.863697
v -40.5360997 -268.520188 271.128106
v -33.6293012 -283.470392 209.419489
v -99.3176997 -109.936595 244.67051
v -107.081199 -76.7345011 305.48749
v -100.072098 -91.7271018 246.182489
v 46.5155005 -326.616502 162.581396
v 46.7364997 -365.988588 152.861404
v 56.3279986 -368.674207 128.666699
v 47.6105988 -175.839996 12.8361002
v 49.6555001 -81.3526988 13.7247995
v 71.1708009 -70.9628999 6.16250001
v 47.6105988 -175.839996 12.8361002
v 75.2906024 -199.818504 1.72669999
v 55.8690012 -357.459402 77.3768008
v 63.1877005 -345.371103 58.8186979
v 63.9881015 -352.898002 64.9038017
v 56.8386018 -315.416002 160.874104
v 63.8495982 -314.806199 132.838905
v 78.1334996 -307.189107 153.476298
v 73.7360001 -228.303599 184.471095
v 72.2379029 -227.479196 208.069205
v 79.1015029 -284.037709 196.346605
v -47.2342014 -356.732988 82.2377026
v 10.1861998 -372.413492 79.7133029
v 3.47159989 -361.393499 103.311503
v 92.5767004 -251.959896 91.0045981
v 81.5214992 -273.754597 89.5211995
v 85.6199026 -290.142488 66.1390007
v 81.5214992 -273.754597 89.5211995
v 67.6725984 -300.569892 89.1269028
v 63.290298 -316.937995 82.2511017
v 72.0452011 -343.850303 29.0861011
v 12.3389997 -357.30381 31.4548999
v 11.2838998 -348.313189 9.20239985
v 72.0452011 -343.850303 29.0861011
v 67.6975012 -336.768794 60.7626975
v 63.1877005 -345.371103 58.8186979
v 93.4500992 48.1570989 111.308599
v 84.8240972 0.777699985 152.650905
v 107.700896 33.5514009 110.901594
v -122.797596 136.495602 115.718603
v -123.8392 96.7921019 88.212198
v -120.606101 95.1318979 135.844898
v -121.729803 149.2872 183.1882
v -118.479002 58.5108995 132.704902
v -120.546699 77.6540995 2.40589995
v -109.985602 104.562902 2.60109995
v -116.893697 59.5246971 2.72410009
v -121.729803 149.2872 183.1882
v -124.015999 144.905603 165.695798
v -120.606101 95.1318979 135.844898
v -9.1430001 164.950299 350.82581
v -13.9679 88.4110987 351.794004
v 19.8537007 111.986399 338.131905
v -117.497802 111.992705 206.234097
v -112.862098 22.9846999 160.490406
v -117.185295 39.0255004 191.742098
v -112.862098 22.9846999 160.490406
v -110.819602 -33.0778986 166.435599
v -117.497802 111.992705 206.234097
v -118.954897 155.775404 195.137203
v -115.737402 39.2553002 135.042405
v -117.381096 23.2703999 79.1701972
v -114.581394 -6.74069971 110.8006
v -115.858305 40.9061015 128.339398
v -118.340194 12.5010997 70.4421997
v -114.581394 -6.74069971 110.8006
v 73.8447011 90.4731989 171.207798
v 81.6774011 94.759202 238.681793
v 72.0175982 40.5178994 232.101202
v -120.492303 150.300205 184.846199
v -118.164098 166.424596 191.314602
v -120.1702 205.897903 205.071402
v -98.0970979 281.191111 167.756104
v -46.9518989 288.614511 160.888696
v -72.6109982 291.2287 148.907697
v 80.7528973 -52.4957001 214.616895
v 84.8240972 0.777699985 152.650905
v 77.7454019 21.9933003 220.661211
v -114.067602 41.9862986 236.244011
v -118.656898 77.0599008 247.856903
v -114.981902 41.4496005 232.709599
v -97.5718975 235.958695 359.097004
v -102.509797 168.315899 371.194506
v -70.7695007 159.610999 361.109805
v -22.6805001 294.42811 9.9022001
v -27.7585 293.774605 56.9824994
v -36.8487 244.723892 55.3622007
v -92.3804998 244.215989 251.844406
v -87.2232974 250.916791 228.229403
v -107.657897 241.44609 218.246508
v 69.1258013 230.974007 17.7671
v 75.3323972 227.596903 14.7317007
v 57.042098 174.918103 6.3037999
v 5.53440005 156.366897 0.721199997
v -36.0347986 110.594201 14.0010998
v -39.2136008 190.179896 11.7936999
v -12.2230001 -347.97399 2.09420007
v -56.0434997 -355.892706 5.77960014
v -73.3022988 -317.108107 2.72419993
v 101.939094 94.6955025 48.4432995
v 96.4954019 166.5236 57.0793986
v 104.116094 137.010705 93.3028996
v 79.1050017 -268.977189 1.76790003
v 88.707 -278.965092 4.98940013
v 72.389102 -345.272303 2.06170008
v 17.8177997 169.645703 341.565609
v 19.8537007 111.986399 338.131905
v 57.317698 132.304394 321.811104
v 68.5379028 37.7631009 242.340994
v 71.0821986 -32.9290003 228.130507
v 77.7454019 21.9933003 220.661211
v 77.1658003 66.8326974 125.249696
v 78.3838987 57.2718024 104.949296
v 84.3729973 96.6122985 111.742699
v 76.4349997 335.581589 14.9315998
v 59.4034016 285.937905 20.2579007
v 71.8348026 332.639194 20.1957002
v -103.704703 109.418094 356.642699
v -75.2058029 84.6036971 340.468097
v -102.509797 168.315899 371.194506
v 17.9674 -141.734898 301.554894
v 14.7221997 -185.487497 276.044893
v 40.4579997 -164.175403 271.228504
v -100.120294 -131.108296 319.344497
v -79.331398 -68.4006989 346.440601
v -104.991996 -86.7169023 312.74209
v 0.140199997 -300.676298 203.846407
v 14.4586995 -334.7332 162.586296
v 23.7077996 -287.403202 200.361896
v 17.8177997 169.645703 341.565609
v 58.5268974 185.641098 330.842805
v 50.9555995 235.216403 352.405906
v -107.574999 -61.5849972 125.626898
v -111.953902 -100.065398 88.7637019
v -104.168499 -110.084796 95.8136022
v -96.7342973 0.625099987 10.7412003
v -52.323997 -42.5554007 10.3031002
v -55.2170992 -78.7102997 10.5013996
v -61.3560975 -312.105894 33.871001
v -62.2165978 -328.605509 55.7698011
v -77.8936028 -296.311808 59.5663011
v -116.243303 27.165699 3.90710011
v -116.893697 59.5246971 2.72410009
v -109.985602 104.562902 2.60109995
v 70.5758989 341.466093 210.98671
v 53.6593974 357.5634 162.332106
v 25.3720999 331.464005 195.354295
v -117.779803 205.74851 234.998894
v -118.612802 184.173405 252.608895
v -113.774395 203.43821 264.919901
v -109.141004 160.118401 6.79090023
v -47.5733995 189.018703 13.9870003
v -44.9443012 110.368299 20.5753997
v -5.89380004 282.766604 256.499791
v -65.625 277.316689 265.43951
v -53.6484003 270.570707 318.844008
v 81.6774011 94.759202 238.681793
v 84.7564995 147.172904 240.014911
v 80.6101024 104.3396 243.942308
v 107.541704 -217.38801 36.6719991
v 128.036499 -178.789604 13.2347003
v 110.998094 -204.853606 38.3987993
v 15.2463004 -84.1439009 321.268511
v 11.9489998 -71.8315005 321.935797
v 5.17919995 -138.694298 320.089006
v 56.9778979 -358.701801 102.072597
v 3.47159989 -361.393499 103.311503
v 10.1861998 -372.413492 79.7133029
v -40.5360997 -268.520188 271.128106
v -74.4291008 -273.688602 267.159295
v -77.7550995 -251.633406 232.829094
v 3.78380008 -83.8140011 330.841088
v 5.17919995 -138.694298 320.089006
v 11.9489998 -71.8315005 321.935797
v -22.5429997 -305.680299 200.584507
v -33.6293012 -283.470392 209.419489
v -45.3530014 -285.089397 178.6116
v 120.693803 -215.471411 119.694304
v 99.8578012 -230.546308 127.111006
v 107.120597 -243.899107 92.0930982
v -37.9918009 305.748391 11.9162999
v -27.7585 293.774605 56.9824994
v -22.6805001 294.42811 9.9022001
v 127.681196 -127.824199 39.0659988
v 128.529704 -190.961802 37.4000013
v 128.036499 -178.789604 13.2347003
v -86.7825985 217.603493 15.8830002
v -109.141004 160.118401 6.79090023
v -119.892001 192.948902 12.9838005
v -120.197594 132.811999 258.993912
v -120.395398 82.1408987 246.427798
v -117.595005 92.8731978 257.881093
v 6.1129 -371.315289 49.0363002
v -53.4187019 -365.145993 50.2790987
v -53.8298011 -359.078693 32.7746987
v -76.1699975 -113.651896 340.440893
v -93.3453023 -171.455705 315.697908
v -62.9521012 -156.688201 335.135388
v 44.8596001 -211.93459 221.859097
v 45.6427991 -229.311109 183.359599
v 52.7495027 -160.629296 196.238697
v -81.2326014 -202.892303 235.873699
v -99.3552983 -143.772602 294.005704
v -99.3176997 -109.936595 244.67051
v -62.4152005 271.223688 194.954705
v -5.89380004 282.766604 256.499791
v 1.86669994 271.970201 201.890492
v 11.6172999 74.0647972 10.6862999
v 9.74769965 11.1766003 14.0454993
v -41.8058008 25.6291002 15.5208007
v -73.1351018 -261.188412 272.487211
v -77.7550995 -251.633406 232.829094
v -74.4291008 -273.688602 267.159295
v -93.7457025 242.883301 278.568602
v -89.4513011 245.827007 258.39541
v -88.9177978 237.665892 253.65169
v 45.6427991 -229.311109 183.359599
v 72.2379029 -227.479196 208.069205
v 71.0627019 -226.030397 179.0604
v 69.8964 29.7681987 157.0436
v 78.0142009 51.7534971 124.124706
v 77.1658003 66.8326974 125.249696
v -2.91910004 -125.314701 11.4715002
v -4.69859987 -144.889605 7.88419992
v -40.0249004 -202.864003 6.80499971
v -37.0997012 -340.829611 134.4504
v -44.6738988 -340.966511 109.888804
v 3.47159989 -361.393499 103.311503
v -27.7585 293.774605 56.9824994
v -24.0554005 289.893007 102.461898
v -32.7381998 240.129709 98.7945974
v 77.4631977 -252.679205 168.123305
v 77.8236985 -301.216888 117.545795
v 84.4111025 -229.868197 125.242102
v -109.892595 36.8081003 278.26221
v -105.523396 -26.0441989 314.674807
v -107.341194 33.9518994 328.41289
v 69.8964 29.7681987 157.0436
v 77.7454019 21.9933003 220.661211
v 84.8240972 0.777699985 152.650905
v 84.1068983 162.343597 6.18869998
v 99.5850027 120.844805 3.81890014
v 93.4105992 44.2553997 5.50029986
v 111.822701 -191.5645 6.05229996
v 126.656199 -115.971005 8.79959986
v 128.894198 -182.328701 5.0737001
v -46.9518989 288.614511 160.888696
v -98.0970979 281.191111 167.756104
v -111.136603 251.514292 219.976306
v -124.855304 200.447607 9.20120031
v -124.985695 143.983698 10.7763
v -129.2871 215.410089 1.05459997
v 54.124999 -361.636996 106.976795
v 56.3279986 -368.674207 128.666699
v 13.5389999 -362.802792 126.674998
v -57.821703 -284.002995 113.294697
v -69.3593979 -261.770511 110.803699
v -74.8705983 -291.133189 82.7431977
v -57.821703 -284.002995 113.294697
v -59.0534985 -330.047107 85.5584025
v -47.5733995 189.018703 13.9870003
v -109.141004 160.118401 6.79090023
v -86.7825985 217.603493 15.8830002
v -110.819602 -33.0778986 166.435599
v -112.862098 22.9846999 160.490406
v -114.581394 -6.74069971 110.8006
v 76.4349997 335.581589 14.9315998
v 96.0915029 280.3617 55.0724983
v 89.5000994 274.454594 10.9637998
v 76.4349997 335.581589 14.9315998
v 81.0530007 355.156207 49.8017013
v 77.7454019 21.9933003 220.661211
v 69.8964 29.7681987 157.0436
v 72.0175982 40.5178994 232.101202
v -32.7381998 240.129709 98.7945974
v 6.74680024 278.141999 103.181303
v 2.22490001 274.105811 52.0824015
v -89.5394981 -207.877588 87.5105977
v -79.2667985 -208.385992 114.251494
v -84.5574021 -199.2401 109.1097
v -5.89380004 282.766604 256.499791
v -62.4152005 271.223688 194.954705
v -73.2855976 271.227098 231.824708
v -101.004303 -56.832999 164.132404
v -94.2892015 -126.447201 153.222799
v -101.338196 -98.5944986 195.460498
v 0.140199997 -300.676298 203.846407
v 23.7077996 -287.403202 200.361896
v 23.6075997 -226.905608 231.981206
v 14.8563996 284.168601 304.829407
v -53.6484003 270.570707 318.844008
v 2.54859999 254.6736 326.321101
v -48.8710999 31.1118007 14.1084
v -92.0014024 82.6547027 12.1045001
v -44.9443012 110.368299 20.5753997
v -129.2871 215.410089 1.05459997
v -131.002605 215.549302 56.8085015
v -127.9212 255.5408 49.7808993
v 129.814994 -144.982195 101.431501
v 128.318405 -43.2996988 109.461999
v 127.230501 -75.7100999 138.757896
v 57.317698 132.304394 321.811104
v 59.069401 80.062902 316.44299
v 66.4894998 83.2692981 292.2508
v -57.821703 -284.002995 113.294697
v -52.1553993 -297.097397 135.199594
v -69.3486989 -255.049396 142.1417
v -9.1430001 164.950299 350.82581
v -44.3468988 237.175488 344.826508
v -15.7807007 155.754805 347.287607
v 84.8240972 0.777699985 152.650905
v 93.4500992 48.1570989 111.308599
v 78.0142009 51.7534971 124.124706
v -77.8936028 -296.311808 59.5663011
v -74.8705983 -291.133189 82.7431977
v -89.5394981 -207.877588 87.5105977
v -107.574999 -61.5849972 125.626898
v -100.833797 -79.0731013 126.642394
v -101.004303 -56.832999 164.132404
v 128.318405 -43.2996988 109.461999
v 104.591894 -28.4438998 153.671706
v 127.230501 -75.7100999 138.757896
v -48.2713997 -204.53651 10.3634998
v -18.7955007 -211.088896 9.07230005
v -1.09869996 -325.920796 3.14880013
v -88.6534989 -147.573805 122.689104
v -84.5574021 -199.2401 109.1097
v -84.1491997 -186.364698 136.026096
v 15.2463004 -84.1439009 321.268511
v 48.7268001 -62.5669003 292.236209
v 16.9392005 -15.0093004 326.041198
v -105.535102 -30.0525993 258.698201
v -107.081199 -76.7345011 305.48749
v -105.523396 -26.0441989 314.674807
v 90.1347995 286.934996 154.7189
v 77.531302 264.265704 205.469203
v 82.9352021 173.424494 190.045404
v 6.74680024 278.141999 103.181303
v 10.3827998 306.245089 138.607597
v 14.3133998 337.4933 105.051398
v 31.8987995 266.398811 309.5752
v 24.5291993 249.722791 335.544491
v 52.3707986 257.1486 335.734701
v -119.641602 169.2433 226.2959
v -118.781805 142.692995 238.052011
v -118.612802 184.173405 252.608895
v -119.641602 169.2433 226.2959
v -117.779803 205.74851 234.998894
v -14.7099003 -216.802311 292.308402
v -10.8732 -222.289896 288.123798
v -4.27259989 -144.321203 325.404501
v 51.4319003 12.9722998 307.606006
v 48.7268001 -62.5669003 292.236209
v 53.7365973 -57.2552025 276.6114
v 18.8456997 220.501804 343.713903
v 2.54859999 254.6736 326.321101
v -0.198199996 238.077211 358.033109
v 52.3707986 257.1486 335.734701
v 50.9555995 235.216403 352.405906
v 58.5268974 185.641098 330.842805
v 57.042098 174.918103 6.3037999
v 8.83909985 142.5771 2.69510001
v 46.2442011 236.40461 11.0987999
v -127.750301 215.1752 194.272995
v -124.015999 144.905603 165.695798
v -121.729803 149.2872 183.1882
v -69.4193006 -105.059397 12.7880007
v -96.7880011 -149.794102 11.1410998
v -104.357195 -124.987996 4.12489995
v 42.1222001 -203.4796 231.582594
v 40.4579997 -164.175403 271.228504
v 40.0826007 -182.194495 264.65919
v -20.4588994 24.4845003 350.507092
v -80.5836976 43.2626992 345.3655
v -26.2479007 -38.0376995 353.09751
v -75.2792001 279.444408 12.9434004
v -37.9918009 305.748391 11.9162999
v -22.6805001 294.42811 9.9022001
v -19.6244001 86.3955975 347.652197
v -20.4588994 24.4845003 350.507092
v -13.9679 88.4110987 351.794004
v 14.4586995 -334.7332 162.586296
v -13.1189004 -365.096688 152.675998
v 22.6220995 -374.025297 150.7303
v -48.2713997 -204.53651 10.3634998
v -84.1943026 -273.733091 6.97859973
v -96.7880011 -149.794102 11.1410998
v -124.015999 144.905603 165.695798
v -127.750301 215.1752 194.272995
v -129.101801 244.141507 117.502296
v -60.5095983 321.320891 11.7477998
v -40.5701011 307.077193 58.7059975
v -37.9918009 305.748391 11.9162999
v -107.341194 33.9518994 328.41289
v -106.060696 105.101097 347.989011
v -109.463 110.5353 300.300097
v -106.060696 105.101097 347.989011
v -103.801405 168.898594 323.19119
v 48.3925015 -20.8002999 7.13939965
v 49.6555001 -81.3526988 13.7247995
v 0.133200001 -67.6240981 8.7044999
v 25.533101 51.7494023 330.873895
v -13.9679 88.4110987 351.794004
v -20.4588994 24.4845003 350.507092
v -110.819602 -33.0778986 166.435599
v -101.004303 -56.832999 164.132404
v -112.220597 16.4868996 226.65329
v 82.9352021 173.424494 190.045404
v 88.5218024 191.803503 275.397706
v 84.7564995 147.172904 240.014911
v 120.693803 -215.471411 119.694304
v 126.745105 -208.417892 94.8253989
v 129.814994 -144.982195 101.431501
v -118.976998 76.7036974 237.785006
v -118.668604 89.9354994 227.021098
v -119.1221 50.2723992 233.539891
v 53.6593974 357.5634 162.332106
v 14.3133998 337.4933 105.051398
v 10.3827998 306.245089 138.607597
v 112.461698 2.44079996 7.51020014
v 93.4105992 44.2553997 5.50029986
v 96.1014986 44.3134993 39.3133014
v -111.136603 251.514292 219.976306
v -120.1702 205.897903 205.071402
v -116.9173 192.425799 200.548196
v -103.774297 -27.0220995 325.266194
v -104.991996 -86.7169023 312.74209
v -79.331398 -68.4006989 346.440601
v 77.2898018 267.159295 300.214291
v 57.1874022 261.544204 310.705996
v 79.9470007 204.612803 291.118193
v 8.24569985 -369.036603 59.8061979
v 10.1861998 -372.413492 79.7133029
v -47.2342014 -356.732988 82.2377026
v -99.5365977 -163.133001 38.7331992
v -96.5353012 -171.769798 65.7097995
v -106.229496 -139.430296 63.9349997
v 79.9470007 204.612803 291.118193
v 84.6136987 145.753002 275.076103
v 88.8253987 178.315198 281.016493
v -124.533999 104.314899 41.8469995
v -125.044096 142.418694 56.7434013
v -124.985695 143.983698 10.7763
v 101.585901 105.837905 90.5297995
v 104.116094 137.010705 93.3028996
v 84.3729973 96.6122985 111.742699
v -41.1496997 247.923803 4.99349982
v -91.138798 273.269296 10.5869003
v -75.2792001 279.444408 12.9434004
v 47.4887013 366.524911 62.7985001
v 81.0530007 355.156207 49.8017013
v 52.3284972 355.283308 51.5579998
v 46.2442011 236.40461 11.0987999
v 8.83909985 142.5771 2.69510001
v 6.80169985 210.035491 7.24299997
v 0.0503999996 267.3944 15.3816998
v 46.2442011 236.40461 11.0987999
v 63.8495982 -314.806199 132.838905
v 67.3186004 -320.275092 113.679194
v 74.0683973 -300.608301 115.520406
v -84.0748012 -0.343999988 359.245205
v -105.269098 41.7010993 336.0847
v -103.774297 -27.0220995 325.266194
v 52.3284972 355.283308 51.5579998
v 81.0530007 355.156207 49.8017013
v 73.653698 351.616693 23.3106002
v 16.9392005 -15.0093004 326.041198
v 48.7268001 -62.5669003 292.236209
v 51.4319003 12.9722998 307.606006
v 61.9726002 -330.8285 88.5020971
v 56.9778979 -358.701801 102.072597
v 60.1127028 -350.04859 78.9382994
v 0.0503999996 267.3944 15.3816998
v -5.4823 260.395098 9.97729972
v -36.8487 244.723892 55.3622007
v 24.5291993 249.722791 335.544491
v 18.8456997 220.501804 343.713903
v 50.9555995 235.216403 352.405906
v -109.985602 104.562902 2.60109995
v -119.892001 192.948902 12.9838005
v -109.141004 160.118401 6.79090023
v 129.814994 -144.982195 101.431501
v 126.745105 -208.417892 94.8253989
v 123.915303 -186.552298 72.320801
v -110.6987 89.6986008 250.587296
v -117.004895 94.5885003 276.95179
v -118.656898 77.0599008 247.856903
v -86.7825985 217.603493 15.8830002
v -96.4273989 279.053807 8.95859972
v -91.138798 273.269296 10.5869003
v -119.892001 192.948902 12.9838005
v -86.7825985 217.603493 15.8830002
v -111.136603 251.514292 219.976306
v -98.0970979 281.191111 167.756104
v -114.238799 267.581606 199.263
v 128.318405 -43.2996988 109.461999
v 129.814994 -144.982195 101.431501
v 127.337098 -128.237498 75.3454983
v 127.681196 -127.824199 39.0659988
v 129.375696 -62.5070989 40.1122987
v -112.561798 -95.5177009 81.6685021
v -112.147701 -117.136705 31.2815994
v -110.988998 -135.017598 63.2355988
v -120.492303 150.300205 184.846199
v -118.479002 58.5108995 132.704902
v -115.858305 40.9061015 128.339398
v -98.0970979 281.191111 167.756104
v -117.197502 278.477407 100.6356
v -114.238799 267.581606 199.263
v -92.0014024 82.6547027 12.1045001
v -96.7342973 0.625099987 10.7412003
v -116.243303 27.165699 3.90710011
v -48.070699 -300.208998 143.296695
v -52.1553993 -297.097397 135.199594
v -44.6738988 -340.966511 109.888804
v 64.8862004 67.1627998 14.2660007
v 48.3925015 -20.8002999 7.13939965
v 9.74769965 11.1766003 14.0454993
v 3.78380008 -83.8140011 330.841088
v -22.9089007 -60.3495002 347.427201
v -15.4411003 -88.0941987 348.378396
v -122.445202 250.633693 3.37329991
v -124.855304 200.447607 9.20120031
v -129.2871 215.410089 1.05459997
v -120.1702 205.897903 205.071402
v -123.332906 242.266011 203.898191
v -127.750301 215.1752 194.272995
v 99.5850027 120.844805 3.81890014
v 93.9786971 205.882311 10.6625997
v 96.4954019 166.5236 57.0793986
v 28.3556014 335.344911 261.333299
v 68.206799 344.14959 267.6579
v 72.3353028 329.176307 226.371694
v 57.1874022 261.544204 310.705996
v 67.1344995 337.350988 307.597804
v 44.3300992 339.9369 311.695504
v 111.332595 41.1439002 84.294498
v 110.069096 26.7084986 101.116097
v 115.728796 18.3923006 108.402002
v 68.8444018 129.274201 298.621702
v 66.4894998 83.2692981 292.2508
v 80.3838015 99.2498994 255.111694
v 95.0011015 -148.207903 144.731402
v 78.1498015 -168.796003 135.700095
v 84.4111025 -229.868197 125.242102
v 104.591894 -28.4438998 153.671706
v 84.8240972 0.777699985 152.650905
v -114.238799 267.581606 199.263
v -123.332906 242.266011 203.898191
v -120.1702 205.897903 205.071402
v 23.7077996 -287.403202 200.361896
v 14.4586995 -334.7332 162.586296
v 46.5155005 -326.616502 162.581396
v 80.0943017 -290.382695 113.566005
v 92.5767004 -251.959896 91.0045981
v 84.4111025 -229.868197 125.242102
v 50.0380993 -310.622191 4.88330014
v 7.95750022 -341.864491 0
v 44.4929004 -196.226394 8.92940015
v 0.140199997 -300.676298 203.846407
v -27.1425992 -330.774403 165.885794
v 14.4586995 -334.7332 162.586296
v -95.8241999 -206.191492 32.4003994
v -94.3885982 -211.928797 62.3170018
v -96.5353012 -171.769798 65.7097995
v 65.8586979 -332.753706 104.989195
v 61.9726002 -330.8285 88.5020971
v 65.4079974 -325.202894 84.6386015
v 79.4184029 -301.149201 172.297502
v 79.1015029 -284.037709 196.346605
v 56.8386018 -315.416002 160.874104
v 111.332595 41.1439002 84.294498
v 114.085901 -8.65169987 42.7810997
v 93.8933015 46.8908995 50.6475985
v 111.332595 41.1439002 84.294498
v 91.0080016 61.342299 82.8844011
v -6.21419996 -243.07301 227.148008
v 15.9766003 -195.473599 272.200608
v -6.66740015 -218.049002 277.548599
v 75.2906024 -199.818504 1.72669999
v 71.1708009 -70.9628999 6.16250001
v 94.3749011 -98.9156008 10.2995001
v 63.1877005 -345.371103 58.8186979
v 12.3389997 -357.30381 31.4548999
v 72.0452011 -343.850303 29.0861011
v -44.6738988 -340.966511 109.888804
v -57.821703 -284.002995 113.294697
v -59.0534985 -330.047107 85.5584025
v -102.509797 168.315899 371.194506
v -106.060696 105.101097 347.989011
v -103.704703 109.418094 356.642699
v -75.1020014 -294.794798 34.5072001
v -94.3885982 -211.928797 62.3170018
v -95.8241999 -206.191492 32.4003994
v 24.5750993 325.556493 212.520599
v 25.3720999 331.464005 195.354295
v -1.8228 313.9853 242.583203
v 96.1014986 44.3134993 39.3133014
v 99.5850027 120.844805 3.81890014
v 101.939094 94.6955025 48.4432995
v 75.2906024 -199.818504 1.72669999
v 94.3749011 -98.9156008 10.2995001
v 91.1137998 -182.102096 6.09980002
v 88.707 -278.965092 4.98940013
v 91.1137998 -182.102096 6.09980002
v -118.579102 43.8676 28.4496009
v -120.546699 77.6540995 2.40589995
v -116.893697 59.5246971 2.72410009
v -26.2479007 -38.0376995 353.09751
v 11.9489998 -71.8315005 321.935797
v 16.9392005 -15.0093004 326.041198
v -86.7825985 217.603493 15.8830002
v -41.1496997 247.923803 4.99349982
v -47.5733995 189.018703 13.9870003
v -86.7825985 217.603493 15.8830002
v -91.138798 273.269296 10.5869003
v 2.54859999 254.6736 326.321101
v -53.6484003 270.570707 318.844008
v -44.3468988 237.175488 344.826508
v -94.2892015 -126.447201 153.222799
v -100.833797 -79.0731013 126.642394
v -88.6534989 -147.573805 122.689104
v -84.1491997 -186.364698 136.026096
v -94.2892015 -126.447201 153.222799
v 94.3749011 -98.9156008 10.2995001
v 112.461698 2.44079996 7.51020014
v 131.002605 -63.5941982 6.53870031
v -105.535102 -30.0525993 258.698201
v -109.892595 36.8081003 278.26221
v -114.067602 41.9862986 236.244011
v 63.8495982 -314.806199 132.838905
v 74.0683973 -300.608301 115.520406
v 77.8236985 -301.216888 117.545795
v -101.338196 -98.5944986 195.460498
v -100.072098 -91.7271018 246.182489
v -105.535102 -30.0525993 258.698201
v -14.8261994 -147.172105 328.772211
v -4.27259989 -144.321203 325.404501
v -19.4849998 -119.7317 343.712807
v -41.8058008 25.6291002 15.5208007
v 0.133200001 -67.6240981 8.7044999
v -52.323997 -42.5554007 10.3031002
v -93.7457025 242.883301 278.568602
v -97.9520977 229.284406 323.667598
v -53.6484003 270.570707 318.844008
v -62.9521012 -156.688201 335.135388
v -62.7173007 -245.009208 301.557493
v -36.6400003 -240.227199 309.5047
v -40.5050993 -258.373904 282.6967
v -10.8732 -222.289896 288.123798
v -14.7099003 -216.802311 292.308402
v 34.3932986 332.787299 23.6306995
v 5.10540009 319.906497 21.6334999
v 7.92429969 346.419311 50.7694006
v 78.9520025 -295.774198 107.189202
v 68.7465012 -306.770992 106.386101
v 67.6725984 -300.569892 89.1269028
v 102.620006 279.359102 94.2493975
v 90.1347995 286.934996 154.7189
v 91.0992026 178.193295 143.657398
v -61.3560975 -312.105894 33.871001
v -56.0434997 -355.892706 5.77960014
v -53.8298011 -359.078693 32.7746987
v 99.8578012 -230.546308 127.111006
v 84.4111025 -229.868197 125.242102
v 92.5767004 -251.959896 91.0045981
v -13.9679 88.4110987 351.794004
v 25.533101 51.7494023 330.873895
v 19.8537007 111.986399 338.131905
v -27.1425992 -330.774403 165.885794
v -37.0997012 -340.829611 134.4504
v -13.1189004 -365.096688 152.675998
v -124.129701 146.956503 7.2563
v -119.892001 192.948902 12.9838005
v -121.772301 91.1189973 6.19419999
v 77.4631977 -252.679205 168.123305
v 75.9092987 -305.439305 160.850704
v 78.1334996 -307.189107 153.476298
v 23.7540007 335.922408 297.033691
v 14.8563996 284.168601 304.829407
v 31.8987995 266.398811 309.5752
v -127.750301 215.1752 194.272995
v -123.332906 242.266011 203.898191
v -129.101801 244.141507 117.502296
v -123.8392 96.7921019 88.212198
v -122.797596 136.495602 115.718603
v -125.044096 142.418694 56.7434013
v -125.044096 142.418694 56.7434013
v -129.101801 244.141507 117.502296
v -129.101801 244.141507 117.502296
v -131.002605 215.549302 56.8085015
v 93.4500992 48.1570989 111.308599
v 111.332595 41.1439002 84.294498
v 91.4013982 57.2992027 99.0911007
v 123.915303 -186.552298 72.320801
v 128.529704 -190.961802 37.4000013
v 127.681196 -127.824199 39.0659988
v -124.985695 143.983698 10.7763
v -125.044096 142.418694 56.7434013
v -131.002605 215.549302 56.8085015
v -26.2479007 -38.0376995 353.09751
v -84.0748012 -0.343999988 359.245205
v -79.331398 -68.4006989 346.440601
v 118.290997 -149.884903 129.916799
v 95.0011015 -148.207903 144.731402
v 99.8578012 -230.546308 127.111006
v 91.0080016 61.342299 82.8844011
v 93.8933015 46.8908995 50.6475985
v 101.939094 94.6955025 48.4432995
v 104.116094 137.010705 93.3028996
v 101.585901 105.837905 90.5297995
v -13.1189004 -365.096688 152.675998
v 13.5389999 -362.802792 126.674998
v 22.6220995 -374.025297 150.7303
v -70.7695007 159.610999 361.109805
v -75.2058029 84.6036971 340.468097
v -19.6244001 86.3955975 347.652197
v 92.5767004 -251.959896 91.0045981
v 85.6199026 -290.142488 66.1390007
v 87.3407006 -211.104298 71.0753977
v -114.981902 41.4496005 232.709599
v -117.843497 34.4972014 226.196289
v -116.881895 14.4917995 212.822604
v -117.197502 278.477407 100.6356
v -116.395104 273.701 63.1569982
v -127.9212 255.5408 49.7808993
v 54.124999 -361.636996 106.976795
v 65.8586979 -332.753706 104.989195
v 64.0519023 -340.290689 131.082404
v -89.8721993 -173.647201 168.829703
v -85.6458008 -178.461003 237.204695
v -99.3176997 -109.936595 244.67051
v 91.4013982 57.2992027 99.0911007
v 91.0080016 61.342299 82.8844011
v 78.3838987 57.2718024 104.949296
v 57.1874022 261.544204 310.705996
v 52.3707986 257.1486 335.734701
v 72.6137996 197.778594 312.212992
v -124.129701 146.956503 7.2563
v -124.855304 200.447607 9.20120031
v -119.892001 192.948902 12.9838005
v -107.657897 241.44609 218.246508
v -116.9173 192.425799 200.548196
v -117.779803 205.74851 234.998894
v 72.6137996 197.778594 312.212992
v 68.8444018 129.274201 298.621702
v 84.6136987 145.753002 275.076103
v -2.91910004 -125.314701 11.4715002
v -2.45600007 -69.0545022 10.9394997
v 0.133200001 -67.6240981 8.7044999
v -96.7880011 -149.794102 11.1410998
v -95.8241999 -206.191492 32.4003994
v -99.5365977 -163.133001 38.7331992
v -73.2855976 271.227098 231.824708
v -62.4152005 271.223688 194.954705
v -87.2232974 250.916791 228.229403
v -114.581394 -6.74069971 110.8006
v -112.561798 -95.5177009 81.6685021
v -111.953902 -100.065398 88.7637019
v 56.3279986 -368.674207 128.666699
v 46.7364997 -365.988588 152.861404
v 22.6220995 -374.025297 150.7303
v -79.5957029 -299.953008 10.0836001
v -73.3022988 -317.108107 2.72419993
v -61.3560975 -312.105894 33.871001
v -122.797596 136.495602 115.718603
v -120.606101 95.1318979 135.844898
v -124.015999 144.905603 165.695798
v 74.1302013 327.940512 215.953898
v 79.1875005 266.513705 252.6546
v 77.531302 264.265704 205.469203
v -123.8392 96.7921019 88.212198
v -121.927404 46.014899 84.3267977
v -118.479002 58.5108995 132.704902
v -118.479002 58.5108995 132.704902
v -120.606101 95.1318979 135.844898
v 91.0080016 61.342299 82.8844011
v 101.585901 105.837905 90.5297995
v 84.3729973 96.6122985 111.742699
v -124.129701 146.956503 7.2563
v -125.477505 117.328894 1.23349996
v -124.985695 143.983698 10.7763
v -110.988998 -135.017598 63.2355988
v -112.147701 -117.136705 31.2815994
v -104.745197 -133.511102 41.5461987
v 46.2442011 236.40461 11.0987999
v 59.4034016 285.937905 20.2579007
v 69.1258013 230.974007 17.7671
v 70.7768023 3.18370014 8.18289965
v 64.8862004 67.1627998 14.2660007
v 93.4105992 44.2553997 5.50029986
v 71.0627019 -226.030397 179.0604
v 77.5918007 -164.793301 190.157998
v 52.7495027 -160.629296 196.238697
v -112.147701 -117.136705 31.2815994
v -112.720001 -84.1363013 5.4694999
v -104.357195 -124.987996 4.12489995
v 71.0821986 -32.9290003 228.130507
v 53.2703996 17.8212002 278.729701
v 68.4565008 -49.3595004 226.819205
v -114.238799 267.581606 199.263
v -117.197502 278.477407 100.6356
v -129.101801 244.141507 117.502296
v 128.318405 -43.2996988 109.461999
v 126.844394 -48.2553005 74.1648972
v 124.828899 -30.7550997 105.041897
v 103.471601 -221.12329 69.1267014
v 107.120597 -243.899107 92.0930982
v 92.5767004 -251.959896 91.0045981
v 14.8563996 284.168601 304.829407
v 2.54859999 254.6736 326.321101
v 24.5291993 249.722791 335.544491
v 126.844394 -48.2553005 74.1648972
v 129.375696 -62.5070989 40.1122987
v 127.864206 -35.9169006 73.5314012
v -124.533999 104.314899 41.8469995
v -125.477505 117.328894 1.23349996
v -121.772301 91.1189973 6.19419999
v 84.1068983 162.343597 6.18869998
v 93.9786971 205.882311 10.6625997
v 99.5850027 120.844805 3.81890014
v -62.7173007 -245.009208 301.557493
v -93.3453023 -171.455705 315.697908
v -73.1351018 -261.188412 272.487211
v 40.4579997 -164.175403 271.228504
v 52.4779975 -108.475304 255.322504
v 48.5891998 -120.578599 278.909206
v -40.5050993 -258.373904 282.6967
v -14.7099003 -216.802311 292.308402
v -39.7498995 -256.871796 297.845411
v -96.5353012 -171.769798 65.7097995
v -104.168499 -110.084796 95.8136022
v -104.299605 -116.639698 82.7134013
v 73.5809982 128.243899 142.7827
v 82.9352021 173.424494 190.045404
v 71.0013986 142.957997 183.999205
v 8.24569985 -369.036603 59.8061979
v 55.8690012 -357.459402 77.3768008
v 10.1861998 -372.413492 79.7133029
v -117.407298 195.5302 284.762597
v -93.7457025 242.883301 278.568602
v -113.774395 203.43821 264.919901
v 5.10540009 319.906497 21.6334999
v 38.7887001 300.7061 9.31610018
v 0.0503999996 267.3944 15.3816998
v -52.6076972 -137.903702 12.8575996
v -69.4193006 -105.059397 12.7880007
v -55.2170992 -78.7102997 10.5013996
v -78.5452008 -196.610606 234.81741
v -45.3530014 -285.089397 178.6116
v -77.7550995 -251.633406 232.829094
v -89.4513011 245.827007 258.39541
v -65.625 277.316689 265.43951
v -73.2855976 271.227098 231.824708
v -115.737402 39.2553002 135.042405
v -114.581394 -6.74069971 110.8006
v -112.862098 22.9846999 160.490406
v -26.2479007 -38.0376995 353.09751
v -49.4094998 -102.616501 345.73431
v -22.9089007 -60.3495002 347.427201
v 79.1050017 -268.977189 1.76790003
v 72.389102 -345.272303 2.06170008
v 45.6295997 -326.196504 2.05489993
v -79.2667985 -208.385992 114.251494
v -69.3486989 -255.049396 142.1417
v -83.4312022 -200.898409 141.279602
v 94.0849006 -200.130892 30.3066999
v 111.822701 -191.5645 6.05229996
v 107.541704 -217.38801 36.6719991
v 103.471601 -221.12329 69.1267014
v 87.3407006 -211.104298 71.0753977
v 91.8105006 -205.768394 37.5966996
v -98.0970979 281.191111 167.756104
v -72.6109982 291.2287 148.907697
v -92.5590992 317.074299 99.9822974
v -103.704703 109.418094 356.642699
v -105.269098 41.7010993 336.0847
v -80.5836976 43.2626992 345.3655
v -96.7880011 -149.794102 11.1410998
v -99.5365977 -163.133001 38.7331992
v -104.745197 -133.511102 41.5461987
v -94.5231974 326.85051 51.3732016
v -92.5590992 317.074299 99.9822974
v -40.5701011 307.077193 58.7059975
v 72.2379029 -227.479196 208.069205
v 44.8596001 -211.93459 221.859097
v 46.7718989 -282.115698 201.547909
v -37.9887015 311.687303 99.0746021
v -24.0554005 289.893007 102.461898
v -27.7585 293.774605 56.9824994
v 19.8537007 111.986399 338.131905
v 25.533101 51.7494023 330.873895
v 59.069401 80.062902 316.44299
v -6.21419996 -243.07301 227.148008
v -13.7476996 -244.573307 223.863697
v -33.6293012 -283.470392 209.419489
v -62.2165978 -328.605509 55.7698011
v -59.0534985 -330.047107 85.5584025
v -74.8705983 -291.133189 82.7431977
v -117.407298 195.5302 284.762597
v -116.343606 166.573799 293.592691
v -112.934005 201.1904 301.159501
v 60.1127028 -350.04859 78.9382994
v 55.8690012 -357.459402 77.3768008
v 63.9881015 -352.898002 64.9038017
v 56.3279986 -368.674207 128.666699
v 64.0519023 -340.290689 131.082404
v 56.8386018 -315.416002 160.874104
v 112.461698 2.44079996 7.51020014
v 94.3749011 -98.9156008 10.2995001
v 71.1708009 -70.9628999 6.16250001
v 11.2838998 -348.313189 9.20239985
v 12.3389997 -357.30381 31.4548999
v -53.8298011 -359.078693 32.7746987
v 58.5268974 185.641098 330.842805
v 57.317698 132.304394 321.811104
v 68.8444018 129.274201 298.621702
v 94.0849006 -200.130892 30.3066999
v 91.8105006 -205.768394 37.5966996
v 88.707 -278.965092 4.98940013
v -95.5362022 310.044408 88.0912006
v -94.5231974 326.85051 51.3732016
v -116.395104 273.701 63.1569982
v 107.541704 -217.38801 36.6719991
v 110.998094 -204.853606 38.3987993
v 123.915303 -186.552298 72.320801
v -74.4291008 -273.688602 267.159295
v -70.8653986 -269.101596 278.27599
v -73.1351018 -261.188412 272.487211
v -118.656898 77.0599008 247.856903
v -120.395398 82.1408987 246.427798
v -118.976998 76.7036974 237.785006
v 109.650505 -107.899797 7.48270005
v 91.1137998 -182.102096 6.09980002
v 94.3749011 -98.9156008 10.2995001
v -92.3804998 244.215989 251.844406
v -88.9177978 237.665892 253.65169
v -89.4513011 245.827007 258.39541
v -118.668604 89.9354994 227.021098
v -117.711997 108.286297 225.962806
v -117.497802 111.992705 206.234097
v 78.3838987 57.2718024 104.949296
v 77.1658003 66.8326974 125.249696
v 78.0142009 51.7534971 124.124706
v -111.953902 -100.065398 88.7637019
v -112.561798 -95.5177009 81.6685021
v -113.033199 -111.423802 76.742202
v 71.0627019 -226.030397 179.0604
v 76.1780977 -223.876309 176.476598
v 76.6052008 -194.8982 180.390406
v 88.5218024 191.803503 275.397706
v 79.1875005 266.513705 252.6546
v 80.7035029 271.15109 296.300697
v 65.4079974 -325.202894 84.6386015
v 63.290298 -316.937995 82.2511017
v 67.6725984 -300.569892 89.1269028
v -1.09869996 -325.920796 3.14880013
v 7.95750022 -341.864491 0
v 11.2838998 -348.313189 9.20239985
v -75.3144979 -290.823388 4.25209999
v -73.3022988 -317.108107 2.72419993
v -79.5957029 -299.953008 10.0836001
v 73.653698 351.616693 23.3106002
v 76.4349997 335.581589 14.9315998
v 71.8348026 332.639194 20.1957002
v 70.5758989 341.466093 210.98671
v 72.3353028 329.176307 226.371694
v 74.1302013 327.940512 215.953898
v 80.1705003 203.634405 284.706092
v 88.8253987 178.315198 281.016493
v 88.5218024 191.803503 275.397706
v -118.988001 155.022299 284.456992
v -116.672003 144.662797 294.483709
v -116.343606 166.573799 293.592691
v -120.492303 150.300205 184.846199
v -118.954897 155.775404 195.137203
v -118.164098 166.424596 191.314602
v -120.249999 56.8931997 38.3062989
v -120.546699 77.6540995 2.40589995
v -118.579102 43.8676 28.4496009
v 63.290298 -316.937995 82.2511017
v 61.9726002 -330.8285 88.5020971
v 60.1127028 -350.04859 78.9382994
v -104.991996 -86.7169023 312.74209
v -107.081199 -76.7345011 305.48749
v -105.450797 -96.4245975 310.027599
v -14.8261994 -147.172105 328.772211
v -20.3960001 -139.925897 333.784103
v -24.3701994 -149.522495 337.50031
v 74.0683973 -300.608301 115.520406
v 78.9520025 -295.774198 107.189202
v 80.0943017 -290.382695 113.566005
v -53.6503017 -369.65301 57.9191983
v -56.6101015 -358.758593 54.8923016
v -53.4187019 -365.145993 50.2790987
v 81.6774011 94.759202 238.681793
v 80.6101024 104.3396 243.942308
v 80.3838015 99.2498994 255.111694
v 115.728796 18.3923006 108.402002
v 110.069096 26.7084986 101.116097
v 107.700896 33.5514009 110.901594
v -99.6686995 -100.099003 7.9625003
v -55.2170992 -78.7102997 10.5013996
v -69.4193006 -105.059397 12.7880007
v 70.5758989 341.466093 210.98671
v 25.3720999 331.464005 195.354295
v 24.5750993 325.556493 212.520599
v -4.69859987 -144.889605 7.88419992
v -2.91910004 -125.314701 11.4715002
v 47.6105988 -175.839996 12.8361002
v 126.844394 -48.2553005 74.1648972
v 127.864206 -35.9169006 73.5314012
v 124.828899 -30.7550997 105.041897
v 80.1322997 234.554601 295.566702
v 80.1705003 203.634405 284.706092
v 88.5218024 191.803503 275.397706
v 15.9766003 -195.473599 272.200608
v 40.0826007 -182.194495 264.65919
v 40.4579997 -164.175403 271.228504
v -75.2792001 279.444408 12.9434004
v -95.1057971 304.827309 11.9191997
v -60.5095983 321.320891 11.7477998
v 52.7495027 -160.629296 196.238697
v 42.1222001 -203.4796 231.582594
v 44.8596001 -211.93459 221.859097
v -120.546699 77.6540995 2.40589995
v -120.249999 56.8931997 38.3062989
v -121.976399 66.4313018 44.6806997
v -79.2667985 -208.385992 114.251494
v -83.4312022 -200.898409 141.279602
v -84.1491997 -186.364698 136.026096
v 79.1575015 118.943501 122.632396
v 77.1658003 66.8326974 125.249696
v 84.3729973 96.6122985 111.742699
v -39.2136008 190.179896 11.7936999
v -36.0347986 110.594201 14.0010998
v -44.9443012 110.368299 20.5753997
v 5.51510006 277.010393 186.663496
v -49.7224987 257.501602 155.651999
v -51.7271996 255.678296 158.356905
v -52.1553993 -297.097397 135.199594
v -48.070699 -300.208998 143.296695
v -69.3486989 -255.049396 142.1417
v 71.1708009 -70.9628999 6.16250001
v 70.7768023 3.18370014 8.18289965
v 77.6973009 8.06490034 5.88600002
v -117.004895 94.5885003 276.95179
v -120.550501 147.8688 259.372306
v -120.197594 132.811999 258.993912
v -118.656898 77.0599008 247.856903
v -117.004895 94.5885003 276.95179
v -117.595005 92.8731978 257.881093
v -114.067602 41.9862986 236.244011
v -114.981902 41.4496005 232.709599
v -112.220597 16.4868996 226.65329
v 68.7465012 -306.770992 106.386101
v 78.9520025 -295.774198 107.189202
v 74.0683973 -300.608301 115.520406
v -40.5360997 -268.520188 271.128106
v -6.66740015 -218.049002 277.548599
v -10.8732 -222.289896 288.123798
v 67.434603 -334.878206 71.1780012
v 63.290298 -316.937995 82.2511017
v 60.1127028 -350.04859 78.9382994
v 79.4184029 -301.149201 172.297502
v 75.9092987 -305.439305 160.850704
v 77.4631977 -252.679205 168.123305
v -15.4411003 -88.0941987 348.378396
v -19.4849998 -119.7317 343.712807
v -4.27259989 -144.321203 325.404501
v 45.6295997 -326.196504 2.05489993
v 50.0380993 -310.622191 4.88330014
v 79.1050017 -268.977189 1.76790003
v 75.2906024 -199.818504 1.72669999
v 71.7787027 -219.654894 3.596
v 44.4929004 -196.226394 8.92940015
v 78.3838987 57.2718024 104.949296
v 78.0142009 51.7534971 124.124706
v 93.4500992 48.1570989 111.308599
v -89.8721993 -173.647201 168.829703
v -87.4934018 -192.042005 168.170404
v -78.5452008 -196.610606 234.81741
v -36.0347986 110.594201 14.0010998
v -41.8058008 25.6291002 15.5208007
v -48.8710999 31.1118007 14.1084
v 68.7465012 -306.770992 106.386101
v 67.3186004 -320.275092 113.679194
v 65.4079974 -325.202894 84.6386015
v 3.47159989 -361.393499 103.311503
v 56.9778979 -358.701801 102.072597
v 54.124999 -361.636996 106.976795
v -49.4094998 -102.616501 345.73431
v -69.0877974 -123.552096 336.278296
v -19.4849998 -119.7317 343.712807
v -118.668604 89.9354994 227.021098
v -117.497802 111.992705 206.234097
v -118.633103 37.3369992 223.099089
v 73.5809982 128.243899 142.7827
v 77.1658003 66.8326974 125.249696
v 79.1575015 118.943501 122.632396
v 47.4887013 366.524911 62.7985001
v 52.3284972 355.283308 51.5579998
v 48.1299013 341.576409 29.4793993
v 71.8348026 332.639194 20.1957002
v 34.3932986 332.787299 23.6306995
v 48.1299013 341.576409 29.4793993
v -5.4823 260.395098 9.97729972
v 0.0503999996 267.3944 15.3816998
v 6.80169985 210.035491 7.24299997
v -104.299605 -116.639698 82.7134013
v -104.168499 -110.084796 95.8136022
v -111.953902 -100.065398 88.7637019
v -102.638102 -5.96689992 3.79579999
v -96.7342973 0.625099987 10.7412003
v -99.6686995 -100.099003 7.9625003
v -13.9679 88.4110987 351.794004
v -9.1430001 164.950299 350.82581
v -15.7807007 155.754805 347.287607
v -48.2713997 -204.53651 10.3634998
v -69.4193006 -105.059397 12.7880007
v -52.6076972 -137.903702 12.8575996
v -114.029396 289.066911 44.7865993
v -116.395104 273.701 63.1569982
v -94.5231974 326.85051 51.3732016
v -106.060696 105.101097 347.989011
v -107.341194 33.9518994 328.41289
v -105.269098 41.7010993 336.0847
v -75.3144979 -290.823388 4.25209999
v -1.09869996 -325.920796 3.14880013
v -12.2230001 -347.97399 2.09420007
v -99.3176997 -109.936595 244.67051
v -100.072098 -91.7271018 246.182489
v -101.338196 -98.5944986 195.460498
v 96.1014986 44.3134993 39.3133014
v 93.8933015 46.8908995 50.6475985
v 114.085901 -8.65169987 42.7810997
v -112.147701 -117.136705 31.2815994
v -113.600397 -65.3501987 7.58949965
v -112.720001 -84.1363013 5.4694999
v -53.6503017 -369.65301 57.9191983
v -53.4187019 -365.145993 50.2790987
v 6.1129 -371.315289 49.0363002
v 84.3729973 96.6122985 111.742699
v 104.116094 137.010705 93.3028996
v 102.175999 155.224502 105.146801
v 75.3323972 227.596903 14.7317007
v 69.1258013 230.974007 17.7671
v 59.4034016 285.937905 20.2579007
v -105.523396 -26.0441989 314.674807
v -107.081199 -76.7345011 305.48749
v -104.991996 -86.7169023 312.74209
v 126.656199 -115.971005 8.79959986
v 130.019104 -123.401296 14.3760994
v 128.036499 -178.789604 13.2347003
v -115.072799 279.202199 13.0808994
v -96.6359973 317.467999 12.5300005
v -95.1057971 304.827309 11.9191997
v 3.78380008 -83.8140011 330.841088
v 11.9489998 -71.8315005 321.935797
v -26.2479007 -38.0376995 353.09751
v 103.285205 -9.06220004 155.578995
v 104.591894 -28.4438998 153.671706
v 115.728796 18.3923006 108.402002
v -20.2351004 -216.187096 306.157207
v -14.7099003 -216.802311 292.308402
v -14.8261994 -147.172105 328.772211
v -6.66740015 -218.049002 277.548599
v 5.17919995 -138.694298 320.089006
v -4.27259989 -144.321203 325.404501
v -39.7498995 -256.871796 297.845411
v -14.7099003 -216.802311 292.308402
v -20.2351004 -216.187096 306.157207
v -120.492303 150.300205 184.846199
v -115.858305 40.9061015 128.339398
v -115.737402 39.2553002 135.042405
v -62.7173007 -245.009208 301.557493
v -40.5050993 -258.373904 282.6967
v -39.7498995 -256.871796 297.845411
v 67.1344995 337.350988 307.597804
v 77.2898018 267.159295 300.214291
v 68.206799 344.14959 267.6579
v 68.206799 344.14959 267.6579
v 80.7035029 271.15109 296.300697
v 79.1875005 266.513705 252.6546
v 45.6295997 -326.196504 2.05489993
v 72.389102 -345.272303 2.06170008
v 11.2838998 -348.313189 9.20239985
v -109.463 110.5353 300.300097
v -103.801405 168.898594 323.19119
v -116.672003 144.662797 294.483709
v -116.672003 144.662797 294.483709
v -103.801405 168.898594 323.19119
v -116.343606 166.573799 293.592691
v -116.243303 27.165699 3.90710011
v -102.638102 -5.96689992 3.79579999
v -113.600397 -65.3501987 7.58949965
v -113.600397 -65.3501987 7.58949965
v -102.638102 -5.96689992 3.79579999
v -112.720001 -84.1363013 5.4694999
v -94.2892015 -126.447201 153.222799
v -84.1491997 -186.364698 136.026096
v -94.1237986 -141.610003 155.550301
v -94.1237986 -141.610003 155.550301
v -83.4312022 -200.898409 141.279602
v -89.8721993 -173.647201 168.829703
v -89.8721993 -173.647201 168.829703
v -83.4312022 -200.898409 141.279602
v -86.787498 -183.746099 165.218306
v 22.6220995 -374.025297 150.7303
v 46.5155005 -326.616502 162.581396
v 14.4586995 -334.7332 162.586296
v -37.9887015 311.687303 99.0746021
v -46.9518989 288.614511 160.888696
v -24.0554005 289.893007 102.461898
v -88.9177978 237.665892 253.65169
v -110.923195 222.842312 245.106101
v -113.774395 203.43821 264.919901
v 127.230501 -75.7100999 138.757896
v 95.0011015 -148.207903 144.731402
v 118.290997 -149.884903 129.916799
v 96.0915029 280.3617 55.0724983
v 93.9786971 205.882311 10.6625997
v 89.5000994 274.454594 10.9637998
v 15.9766003 -195.473599 272.200608
v 23.6075997 -226.905608 231.981206
v 40.0826007 -182.194495 264.65919
v 40.0826007 -182.194495 264.65919
v 23.6075997 -226.905608 231.981206
v 42.1222001 -203.4796 231.582594
v -118.988001 155.022299 284.456992
v -119.161606 155.524802 265.813899
v -120.550501 147.8688 259.372306
v -118.220603 187.421501 275.591993
v -118.612802 184.173405 252.608895
v -119.161606 155.524802 265.813899
v -119.161606 155.524802 265.813899
v -118.612802 184.173405 252.608895
v -120.550501 147.8688 259.372306
v -120.550501 147.8688 259.372306
v -118.612802 184.173405 252.608895
v -118.781805 142.692995 238.052011
v -117.004895 94.5885003 276.95179
v -118.988001 155.022299 284.456992
v -120.550501 147.8688 259.372306
v -118.988001 155.022299 284.456992
v -117.004895 94.5885003 276.95179
v -116.672003 144.662797 294.483709
v -88.6534989 -147.573805 122.689104
v -91.8152988 -166.028202 92.4485028
v -84.5574021 -199.2401 109.1097
v -48.2713997 -204.53651 10.3634998
v -75.3144979 -290.823388 4.25209999
v -84.1943026 -273.733091 6.97859973
v -46.9518989 288.614511 160.888696
v -51.7271996 255.678296 158.356905
v -49.7224987 257.501602 155.651999
v -24.3701994 -149.522495 337.50031
v -19.4849998 -119.7317 343.712807
v -62.9521012 -156.688201 335.135388
v -62.9521012 -156.688201 335.135388
v -19.4849998 -119.7317 343.712807
v -69.0877974 -123.552096 336.278296
v 109.650505 -107.899797 7.48270005
v 130.555499 -107.133603 8.11019987
v 126.656199 -115.971005 8.79959986
v 28.3556014 335.344911 261.333299
v 19.0215006 324.872708 291.590595
v 23.7540007 335.922408 297.033691
v -59.0534985 -330.047107 85.5584025
v -62.2165978 -328.605509 55.7698011
v -47.2342014 -356.732988 82.2377026
v -47.2342014 -356.732988 82.2377026
v -62.2165978 -328.605509 55.7698011
v -53.6503017 -369.65301 57.9191983
v 15.2463004 -84.1439009 321.268511
v 48.5891998 -120.578599 278.909206
v 48.7268001 -62.5669003 292.236209
v 10.3827998 306.245089 138.607597
v 9.54589993 264.309907 147.022498
v 2.13990007 318.545294 180.098701
v 2.13990007 318.545294 180.098701
v 5.51510006 277.010393 186.663496
v 1.86669994 271.970201 201.890492
v -105.450797 -96.4245975 310.027599
v -100.120294 -131.108296 319.344497
v -104.991996 -86.7169023 312.74209
v 84.6136987 145.753002 275.076103
v 80.6101024 104.3396 243.942308
v 84.7564995 147.172904 240.014911
v 70.7768023 3.18370014 8.18289965
v 71.1708009 -70.9628999 6.16250001
v 48.3925015 -20.8002999 7.13939965
v 45.6295997 -326.196504 2.05489993
v 11.2838998 -348.313189 9.20239985
v 7.95750022 -341.864491 0
v 51.4725983 351.936412 302.508998
v 28.3556014 335.344911 261.333299
v 23.7540007 335.922408 297.033691
v -96.6359973 317.467999 12.5300005
v -114.029396 289.066911 44.7865993
v -94.5231974 326.85051 51.3732016
v 102.620006 279.359102 94.2493975
v 96.4954019 166.5236 57.0793986
v 96.0915029 280.3617 55.0724983
v -118.976998 76.7036974 237.785006
v -120.395398 82.1408987 246.427798
v -118.668604 89.9354994 227.021098
v -118.668604 89.9354994 227.021098
v -120.197594 132.811999 258.993912
v -117.711997 108.286297 225.962806
v -120.395398 82.1408987 246.427798
v -120.197594 132.811999 258.993912
v -118.668604 89.9354994 227.021098
v -117.711997 108.286297 225.962806
v -120.197594 132.811999 258.993912
v -118.781805 142.692995 238.052011
v -97.9520977 229.284406 323.667598
v -54.1504025 247.976804 343.414402
v -53.6484003 270.570707 318.844008
v -116.395104 273.701 63.1569982
v -122.445202 250.633693 3.37329991
v -127.9212 255.5408 49.7808993
v 67.3186004 -320.275092 113.679194
v 64.0519023 -340.290689 131.082404
v 65.8586979 -332.753706 104.989195
v 47.4887013 366.524911 62.7985001
v 7.92429969 346.419311 50.7694006
v 14.3133998 337.4933 105.051398
v -5.4823 260.395098 9.97729972
v 0.0182999996 211.829805 8.7387003
v -41.1496997 247.923803 4.99349982
v -26.2479007 -38.0376995 353.09751
v -80.5836976 43.2626992 345.3655
v -84.0748012 -0.343999988 359.245205
v 77.5918007 -164.793301 190.157998
v 68.4565008 -49.3595004 226.819205
v 52.7495027 -160.629296 196.238697
v 48.5891998 -120.578599 278.909206
v 52.4779975 -108.475304 255.322504
v 48.7268001 -62.5669003 292.236209
v -6.66740015 -218.049002 277.548599
v -40.5360997 -268.520188 271.128106
v -6.21419996 -243.07301 227.148008
v -100.072098 -91.7271018 246.182489
v -107.081199 -76.7345011 305.48749
v -105.535102 -30.0525993 258.698201
v -118.220603 187.421501 275.591993
v -113.774395 203.43821 264.919901
v -118.612802 184.173405 252.608895
v 63.1877005 -345.371103 58.8186979
v 8.24569985 -369.036603 59.8061979
v 12.3389997 -357.30381 31.4548999
v 12.3389997 -357.30381 31.4548999
v 8.24569985 -369.036603 59.8061979
v 6.1129 -371.315289 49.0363002
v 8.24569985 -369.036603 59.8061979
v 63.1877005 -345.371103 58.8186979
v 55.8690012 -357.459402 77.3768008
v 73.7360001 -228.303599 184.471095
v 79.1015029 -284.037709 196.346605
v 79.4184029 -301.149201 172.297502
v -44.6738988 -340.966511 109.888804
v -47.2342014 -356.732988 82.2377026
v 3.47159989 -361.393499 103.311503
v 72.0452011 -343.850303 29.0861011
v 11.2838998 -348.313189 9.20239985
v 72.389102 -345.272303 2.06170008
v 67.6975012 -336.768794 60.7626975
v 72.0452011 -343.850303 29.0861011
v 85.6199026 -290.142488 66.1390007
v 85.6199026 -290.142488 66.1390007
v 72.0452011 -343.850303 29.0861011
v 88.7404978 -270.582604 31.1664999
v 107.700896 33.5514009 110.901594
v 84.8240972 0.777699985 152.650905
v 103.285205 -9.06220004 155.578995
v -109.985602 104.562902 2.60109995
v -121.772301 91.1189973 6.19419999
v -119.892001 192.948902 12.9838005
v -121.772301 91.1189973 6.19419999
v -109.985602 104.562902 2.60109995
v -120.546699 77.6540995 2.40589995
v -9.1430001 164.950299 350.82581
v 19.8537007 111.986399 338.131905
v 17.8177997 169.645703 341.565609
v -117.497802 111.992705 206.234097
v -115.737402 39.2553002 135.042405
v -112.862098 22.9846999 160.490406
v -115.737402 39.2553002 135.042405
v -115.858305 40.9061015 128.339398
v -114.581394 -6.74069971 110.8006
v -114.581394 -6.74069971 110.8006
v -118.340194 12.5010997 70.4421997
v -116.036403 -29.9403012 66.6859984
v 73.8447011 90.4731989 171.207798
v 72.0175982 40.5178994 232.101202
v 69.8964 29.7681987 157.0436
v -121.729803 149.2872 183.1882
v -120.492303 150.300205 184.846199
v -120.1702 205.897903 205.071402
v -120.1702 205.897903 205.071402
v -118.164098 166.424596 191.314602
v -116.9173 192.425799 200.548196
v -103.801405 168.898594 323.19119
v -97.5718975 235.958695 359.097004
v -97.9520977 229.284406 323.667598
v -119.1221 50.2723992 233.539891
v -117.843497 34.4972014 226.196289
v -121.002495 63.112402 242.326093
v -121.002495 63.112402 242.326093
v -114.981902 41.4496005 232.709599
v -118.656898 77.0599008 247.856903
v -117.843497 34.4972014 226.196289
v -114.981902 41.4496005 232.709599
v -121.002495 63.112402 242.326093
v -118.656898 77.0599008 247.856903
v -114.067602 41.9862986 236.244011
v -110.6987 89.6986008 250.587296
v -109.463 110.5353 300.300097
v -110.6987 89.6986008 250.587296
v -109.892595 36.8081003 278.26221
v -109.892595 36.8081003 278.26221
v -114.067602 41.9862986 236.244011
v -15.4411003 -88.0941987 348.378396
v 5.17919995 -138.694298 320.089006
v 3.78380008 -83.8140011 330.841088
v -22.6805001 294.42811 9.9022001
v -36.8487 244.723892 55.3622007
v -41.1496997 247.923803 4.99349982
v -92.3804998 244.215989 251.844406
v -107.657897 241.44609 218.246508
v -110.923195 222.842312 245.106101
v 46.2442011 236.40461 11.0987999
v 69.1258013 230.974007 17.7671
v 57.042098 174.918103 6.3037999
v 57.042098 174.918103 6.3037999
v 75.3323972 227.596903 14.7317007
v 84.1068983 162.343597 6.18869998
v 11.6172999 74.0647972 10.6862999
v -36.0347986 110.594201 14.0010998
v 8.83909985 142.5771 2.69510001
v 8.83909985 142.5771 2.69510001
v 5.53440005 156.366897 0.721199997
v 17.8177997 169.645703 341.565609
v 57.317698 132.304394 321.811104
v 58.5268974 185.641098 330.842805
v 72.0175982 40.5178994 232.101202
v 68.5379028 37.7631009 242.340994
v 77.7454019 21.9933003 220.661211
v 77.7454019 21.9933003 220.661211
v 71.0821986 -32.9290003 228.130507
v 80.7528973 -52.4957001 214.616895
v 75.3323972 227.596903 14.7317007
v 59.4034016 285.937905 20.2579007
v 89.5000994 274.454594 10.9637998
v 89.5000994 274.454594 10.9637998
v 59.4034016 285.937905 20.2579007
v 76.4349997 335.581589 14.9315998
v -102.509797 168.315899 371.194506
v -75.2058029 84.6036971 340.468097
v -70.7695007 159.610999 361.109805
v 17.9674 -141.734898 301.554894
v 40.4579997 -164.175403 271.228504
v 48.5891998 -120.578599 278.909206
v -83.4312022 -200.898409 141.279602
v -87.4934018 -192.042005 168.170404
v -86.787498 -183.746099 165.218306
v 17.8177997 169.645703 341.565609
v 50.9555995 235.216403 352.405906
v 18.8456997 220.501804 343.713903
v -107.574999 -61.5849972 125.626898
v -104.168499 -110.084796 95.8136022
v -100.833797 -79.0731013 126.642394
v -96.7342973 0.625099987 10.7412003
v -55.2170992 -78.7102997 10.5013996
v -99.6686995 -100.099003 7.9625003
v -61.3560975 -312.105894 33.871001
v -77.8936028 -296.311808 59.5663011
v -75.1020014 -294.794798 34.5072001
v 67.2738016 374.025297 105.817604
v 87.4625027 354.821491 164.509296
v 87.8536999 360.714602 104.289401
v 87.4625027 354.821491 164.509296
v 90.1347995 286.934996 154.7189
v 87.8536999 360.714602 104.289401
v 87.8536999 360.714602 104.289401
v 90.1347995 286.934996 154.7189
v 102.620006 279.359102 94.2493975
v -117.779803 205.74851 234.998894
v -113.774395 203.43821 264.919901
v -110.923195 222.842312 245.106101
v -109.141004 160.118401 6.79090023
v -44.9443012 110.368299 20.5753997
v -92.0014024 82.6547027 12.1045001
v -5.89380004 282.766604 256.499791
v -53.6484003 270.570707 318.844008
v 14.8563996 284.168601 304.829407
v 64.8862004 67.1627998 14.2660007
v 70.7768023 3.18370014 8.18289965
v 48.3925015 -20.8002999 7.13939965
v 84.7564995 147.172904 240.014911
v 81.6774011 94.759202 238.681793
v 71.0013986 142.957997 183.999205
v 71.0013986 142.957997 183.999205
v 81.6774011 94.759202 238.681793
v 73.8447011 90.4731989 171.207798
v 110.998094 -204.853606 38.3987993
v 128.036499 -178.789604 13.2347003
v 128.529704 -190.961802 37.4000013
v 128.036499 -178.789604 13.2347003
v 107.541704 -217.38801 36.6719991
v 128.894198 -182.328701 5.0737001
v 128.894198 -182.328701 5.0737001
v 107.541704 -217.38801 36.6719991
v 111.822701 -191.5645 6.05229996
v 15.2463004 -84.1439009 321.268511
v 5.17919995 -138.694298 320.089006
v 17.9674 -141.734898 301.554894
v 56.9778979 -358.701801 102.072597
v 10.1861998 -372.413492 79.7133029
v 55.8690012 -357.459402 77.3768008
v -40.5360997 -268.520188 271.128106
v -77.7550995 -251.633406 232.829094
v -33.6293012 -283.470392 209.419489
v -22.5429997 -305.680299 200.584507
v -45.3530014 -285.089397 178.6116
v -27.1425992 -330.774403 165.885794
v 120.693803 -215.471411 119.694304
v 107.120597 -243.899107 92.0930982
v 126.745105 -208.417892 94.8253989
v -40.5701011 307.077193 58.7059975
v -27.7585 293.774605 56.9824994
v -37.9918009 305.748391 11.9162999
v 77.531302 264.265704 205.469203
v 88.5218024 191.803503 275.397706
v 82.9352021 173.424494 190.045404
v -103.801405 168.898594 323.19119
v -102.509797 168.315899 371.194506
v -97.5718975 235.958695 359.097004
v 6.1129 -371.315289 49.0363002
v -53.8298011 -359.078693 32.7746987
v 12.3389997 -357.30381 31.4548999
v -76.1699975 -113.651896 340.440893
v -62.9521012 -156.688201 335.135388
v -69.0877974 -123.552096 336.278296
v -85.6458008 -178.461003 237.204695
v -81.2326014 -202.892303 235.873699
v -99.3176997 -109.936595 244.67051
v 78.1498015 -168.796003 135.700095
v 76.1780977 -223.876309 176.476598
v 84.4111025 -229.868197 125.242102
v -62.4152005 271.223688 194.954705
v 1.86669994 271.970201 201.890492
v -51.7271996 255.678296 158.356905
v -118.340194 12.5010997 70.4421997
v -117.381096 23.2703999 79.1701972
v -121.927404 46.014899 84.3267977
v 11.6172999 74.0647972 10.6862999
v -41.8058008 25.6291002 15.5208007
v -36.0347986 110.594201 14.0010998
v -81.2326014 -202.892303 235.873699
v -77.7550995 -251.633406 232.829094
v -73.1351018 -261.188412 272.487211
v -93.7457025 242.883301 278.568602
v -88.9177978 237.665892 253.65169
v -113.774395 203.43821 264.919901
v 73.7360001 -228.303599 184.471095
v 71.0627019 -226.030397 179.0604
v 72.2379029 -227.479196 208.069205
v 45.6427991 -229.311109 183.359599
v 44.8596001 -211.93459 221.859097
v 72.2379029 -227.479196 208.069205
v -117.497802 111.992705 206.234097
v -117.185295 39.0255004 191.742098
v -118.633103 37.3369992 223.099089
v 73.8447011 90.4731989 171.207798
v 69.8964 29.7681987 157.0436
v 77.1658003 66.8326974 125.249696
v -52.6076972 -137.903702 12.8575996
v -2.91910004 -125.314701 11.4715002
v -40.0249004 -202.864003 6.80499971
v -40.0249004 -202.864003 6.80499971
v -4.69859987 -144.889605 7.88419992
v -18.7955007 -211.088896 9.07230005
v -27.7585 293.774605 56.9824994
v -32.7381998 240.129709 98.7945974
v -36.8487 244.723892 55.3622007
v 77.8236985 -301.216888 117.545795
v 77.4631977 -252.679205 168.123305
v 78.1334996 -307.189107 153.476298
v 77.4631977 -252.679205 168.123305
v 84.4111025 -229.868197 125.242102
v 76.1780977 -223.876309 176.476598
v 84.4111025 -229.868197 125.242102
v 77.8236985 -301.216888 117.545795
v 80.0943017 -290.382695 113.566005
v -105.523396 -26.0441989 314.674807
v -109.892595 36.8081003 278.26221
v -105.535102 -30.0525993 258.698201
v 11.6172999 74.0647972 10.6862999
v 52.3146987 123.199499 11.2875998
v 64.8862004 67.1627998 14.2660007
v 84.1068983 162.343597 6.18869998
v 93.4105992 44.2553997 5.50029986
v 64.8862004 67.1627998 14.2660007
v 7.92429969 346.419311 50.7694006
v 6.74680024 278.141999 103.181303
v 14.3133998 337.4933 105.051398
v 54.124999 -361.636996 106.976795
v 13.5389999 -362.802792 126.674998
v 3.47159989 -361.393499 103.311503
v -110.819602 -33.0778986 166.435599
v -114.581394 -6.74069971 110.8006
v -107.574999 -61.5849972 125.626898
v 81.0530007 355.156207 49.8017013
v 76.4349997 335.581589 14.9315998
v 73.653698 351.616693 23.3106002
v -32.7381998 240.129709 98.7945974
v 2.22490001 274.105811 52.0824015
v -36.8487 244.723892 55.3622007
v -79.2667985 -208.385992 114.251494
v -74.8705983 -291.133189 82.7431977
v -69.3593979 -261.770511 110.803699
v -74.8705983 -291.133189 82.7431977
v -79.2667985 -208.385992 114.251494
v -89.5394981 -207.877588 87.5105977
v 0.140199997 -300.676298 203.846407
v 23.6075997 -226.905608 231.981206
v -6.21419996 -243.07301 227.148008
v -129.2871 215.410089 1.05459997
v -127.9212 255.5408 49.7808993
v -122.445202 250.633693 3.37329991
v 118.290997 -149.884903 129.916799
v 129.814994 -144.982195 101.431501
v 127.230501 -75.7100999 138.757896
v 57.317698 132.304394 321.811104
v 66.4894998 83.2692981 292.2508
v 68.8444018 129.274201 298.621702
v -57.821703 -284.002995 113.294697
v -69.3486989 -255.049396 142.1417
v -69.3593979 -261.770511 110.803699
v -44.3468988 237.175488 344.826508
v -9.1430001 164.950299 350.82581
v -0.198199996 238.077211 358.033109
v 84.8240972 0.777699985 152.650905
v 78.0142009 51.7534971 124.124706
v 69.8964 29.7681987 157.0436
v -77.8936028 -296.311808 59.5663011
v -89.5394981 -207.877588 87.5105977
v -94.3885982 -211.928797 62.3170018
v -107.574999 -61.5849972 125.626898
v -101.004303 -56.832999 164.132404
v -110.819602 -33.0778986 166.435599
v 115.728796 18.3923006 108.402002
v 104.591894 -28.4438998 153.671706
v 124.828899 -30.7550997 105.041897
v 124.828899 -30.7550997 105.041897
v 104.591894 -28.4438998 153.671706
v 128.318405 -43.2996988 109.461999
v -18.7955007 -211.088896 9.07230005
v -48.2713997 -204.53651 10.3634998
v -40.0249004 -202.864003 6.80499971
v -48.2713997 -204.53651 10.3634998
v -1.09869996 -325.920796 3.14880013
v -75.3144979 -290.823388 4.25209999
v 15.2463004 -84.1439009 321.268511
v 16.9392005 -15.0093004 326.041198
v 11.9489998 -71.8315005 321.935797
v 90.1347995 286.934996 154.7189
v 82.9352021 173.424494 190.045404
v 91.0992026 178.193295 143.657398
v 31.8987995 266.398811 309.5752
v 52.3707986 257.1486 335.734701
v 57.1874022 261.544204 310.705996
v -14.7099003 -216.802311 292.308402
v -4.27259989 -144.321203 325.404501
v -14.8261994 -147.172105 328.772211
v 51.4319003 12.9722998 307.606006
v 53.7365973 -57.2552025 276.6114
v 53.2703996 17.8212002 278.729701
v -131.002605 215.549302 56.8085015
v -129.101801 244.141507 117.502296
v -127.9212 255.5408 49.7808993
v 52.3707986 257.1486 335.734701
v 58.5268974 185.641098 330.842805
v 72.6137996 197.778594 312.212992
v 78.1498015 -168.796003 135.700095
v 80.7528973 -52.4957001 214.616895
v 76.6052008 -194.8982 180.390406
v -127.750301 215.1752 194.272995
v -121.729803 149.2872 183.1882
v -120.1702 205.897903 205.071402
v 40.4579997 -164.175403 271.228504
v 42.1222001 -203.4796 231.582594
v 52.4779975 -108.475304 255.322504
v 52.4779975 -108.475304 255.322504
v 42.1222001 -203.4796 231.582594
v 52.7495027 -160.629296 196.238697
v 85.6199026 -290.142488 66.1390007
v 67.434603 -334.878206 71.1780012
v 67.6975012 -336.768794 60.7626975
v 67.434603 -334.878206 71.1780012
v 85.6199026 -290.142488 66.1390007
v 63.290298 -316.937995 82.2511017
v -80.5836976 43.2626992 345.3655
v -20.4588994 24.4845003 350.507092
v -75.2058029 84.6036971 340.468097
v -75.2058029 84.6036971 340.468097
v -20.4588994 24.4845003 350.507092
v -19.6244001 86.3955975 347.652197
v -48.2713997 -204.53651 10.3634998
v -96.7880011 -149.794102 11.1410998
v -69.4193006 -105.059397 12.7880007
v -124.015999 144.905603 165.695798
v -129.101801 244.141507 117.502296
v -122.797596 136.495602 115.718603
v -40.5701011 307.077193 58.7059975
v -60.5095983 321.320891 11.7477998
v -94.5231974 326.85051 51.3732016
v -60.5095983 321.320891 11.7477998
v -96.6359973 317.467999 12.5300005
v -94.5231974 326.85051 51.3732016
v -107.341194 33.9518994 328.41289
v -109.463 110.5353 300.300097
v -109.892595 36.8081003 278.26221
v -12.2230001 -347.97399 2.09420007
v 11.2838998 -348.313189 9.20239985
v -56.0434997 -355.892706 5.77960014
v 16.9392005 -15.0093004 326.041198
v 25.533101 51.7494023 330.873895
v -20.4588994 24.4845003 350.507092
v -53.4187019 -365.145993 50.2790987
v -62.2165978 -328.605509 55.7698011
v -53.8298011 -359.078693 32.7746987
v -53.8298011 -359.078693 32.7746987
v -62.2165978 -328.605509 55.7698011
v -61.3560975 -312.105894 33.871001
v -53.4187019 -365.145993 50.2790987
v -56.6101015 -358.758593 54.8923016
v -62.2165978 -328.605509 55.7698011
v -116.243303 27.165699 3.90710011
v -118.579102 43.8676 28.4496009
v -116.893697 59.5246971 2.72410009
v -110.819602 -33.0778986 166.435599
v -112.220597 16.4868996 226.65329
v -116.881895 14.4917995 212.822604
v 82.9352021 173.424494 190.045404
v 84.7564995 147.172904 240.014911
v 71.0013986 142.957997 183.999205
v -39.2136008 190.179896 11.7936999
v 0.0182999996 211.829805 8.7387003
v 5.53440005 156.366897 0.721199997
v 5.53440005 156.366897 0.721199997
v 0.0182999996 211.829805 8.7387003
v 8.83909985 142.5771 2.69510001
v 120.693803 -215.471411 119.694304
v 129.814994 -144.982195 101.431501
v 118.290997 -149.884903 129.916799
v -118.976998 76.7036974 237.785006
v -119.1221 50.2723992 233.539891
v -121.002495 63.112402 242.326093
v 112.461698 2.44079996 7.51020014
v 96.1014986 44.3134993 39.3133014
v 114.085901 -8.65169987 42.7810997
v -111.136603 251.514292 219.976306
v -116.9173 192.425799 200.548196
v -107.657897 241.44609 218.246508
v -103.774297 -27.0220995 325.266194
v -79.331398 -68.4006989 346.440601
v -84.0748012 -0.343999988 359.245205
v 77.2898018 267.159295 300.214291
v 79.9470007 204.612803 291.118193
v 80.1322997 234.554601 295.566702
v 8.24569985 -369.036603 59.8061979
v -47.2342014 -356.732988 82.2377026
v -53.6503017 -369.65301 57.9191983
v -99.5365977 -163.133001 38.7331992
v -106.229496 -139.430296 63.9349997
v -104.745197 -133.511102 41.5461987
v 79.9470007 204.612803 291.118193
v 88.8253987 178.315198 281.016493
v 80.1705003 203.634405 284.706092
v -6.66740015 -218.049002 277.548599
v 14.7221997 -185.487497 276.044893
v 5.17919995 -138.694298 320.089006
v 5.17919995 -138.694298 320.089006
v 14.7221997 -185.487497 276.044893
v 17.9674 -141.734898 301.554894
v 2.13990007 318.545294 180.098701
v 1.86669994 271.970201 201.890492
v -1.8228 313.9853 242.583203
v -1.8228 313.9853 242.583203
v 1.86669994 271.970201 201.890492
v -5.89380004 282.766604 256.499791
v -124.533999 104.314899 41.8469995
v -124.985695 143.983698 10.7763
v -125.477505 117.328894 1.23349996
v -41.1496997 247.923803 4.99349982
v -75.2792001 279.444408 12.9434004
v -22.6805001 294.42811 9.9022001
v 87.8536999 360.714602 104.289401
v 81.0530007 355.156207 49.8017013
v 67.2738016 374.025297 105.817604
v 67.2738016 374.025297 105.817604
v 81.0530007 355.156207 49.8017013
v 47.4887013 366.524911 62.7985001
v 6.80169985 210.035491 7.24299997
v 8.83909985 142.5771 2.69510001
v 0.0182999996 211.829805 8.7387003
v 68.4565008 -49.3595004 226.819205
v 53.7365973 -57.2552025 276.6114
v 52.4779975 -108.475304 255.322504
v 71.8348026 332.639194 20.1957002
v 59.4034016 285.937905 20.2579007
v 34.3932986 332.787299 23.6306995
v 34.3932986 332.787299 23.6306995
v 59.4034016 285.937905 20.2579007
v 38.7887001 300.7061 9.31610018
v -105.523396 -26.0441989 314.674807
v -103.774297 -27.0220995 325.266194
v -107.341194 33.9518994 328.41289
v -107.341194 33.9518994 328.41289
v -103.774297 -27.0220995 325.266194
v -105.269098 41.7010993 336.0847
v -105.269098 41.7010993 336.0847
v -84.0748012 -0.343999988 359.245205
v -80.5836976 43.2626992 345.3655
v 52.3284972 355.283308 51.5579998
v 73.653698 351.616693 23.3106002
v 48.1299013 341.576409 29.4793993
v 16.9392005 -15.0093004 326.041198
v 51.4319003 12.9722998 307.606006
v 25.533101 51.7494023 330.873895
v 55.8690012 -357.459402 77.3768008
v 60.1127028 -350.04859 78.9382994
v 56.9778979 -358.701801 102.072597
v 56.9778979 -358.701801 102.072597
v 61.9726002 -330.8285 88.5020971
v 65.8586979 -332.753706 104.989195
v 2.22490001 274.105811 52.0824015
v 0.0503999996 267.3944 15.3816998
v -36.8487 244.723892 55.3622007
v -36.8487 244.723892 55.3622007
v -5.4823 260.395098 9.97729972
v -41.1496997 247.923803 4.99349982
v 24.5291993 249.722791 335.544491
v 50.9555995 235.216403 352.405906
v 52.3707986 257.1486 335.734701
v -119.641602 169.2433 226.2959
v -117.497802 111.992705 206.234097
v -118.781805 142.692995 238.052011
v -117.497802 111.992705 206.234097
v -119.641602 169.2433 226.2959
v -118.954897 155.775404 195.137203
v 129.814994 -144.982195 101.431501
v 123.915303 -186.552298 72.320801
v 127.337098 -128.237498 75.3454983
v -96.4273989 279.053807 8.95859972
v -119.892001 192.948902 12.9838005
v -122.445202 250.633693 3.37329991
v 128.318405 -43.2996988 109.461999
v 127.337098 -128.237498 75.3454983
v 126.844394 -48.2553005 74.1648972
v -112.147701 -117.136705 31.2815994
v -112.561798 -95.5177009 81.6685021
v -116.036403 -29.9403012 66.6859984
v -112.561798 -95.5177009 81.6685021
v -110.988998 -135.017598 63.2355988
v -113.033199 -111.423802 76.742202
v -109.985602 104.562902 2.60109995
v -92.0014024 82.6547027 12.1045001
v -116.243303 27.165699 3.90710011
v -116.243303 27.165699 3.90710011
v -96.7342973 0.625099987 10.7412003
v -102.638102 -5.96689992 3.79579999
v -96.7342973 0.625099987 10.7412003
v -48.8710999 31.1118007 14.1084
v -52.323997 -42.5554007 10.3031002
v -48.8710999 31.1118007 14.1084
v -96.7342973 0.625099987 10.7412003
v -92.0014024 82.6547027 12.1045001
v -37.0997012 -340.829611 134.4504
v -48.070699 -300.208998 143.296695
v -44.6738988 -340.966511 109.888804
v -44.6738988 -340.966511 109.888804
v -52.1553993 -297.097397 135.199594
v -57.821703 -284.002995 113.294697
v 64.8862004 67.1627998 14.2660007
v 9.74769965 11.1766003 14.0454993
v 11.6172999 74.0647972 10.6862999
v 99.5850027 120.844805 3.81890014
v 96.4954019 166.5236 57.0793986
v 101.939094 94.6955025 48.4432995
v -45.3530014 -285.089397 178.6116
v -48.070699 -300.208998 143.296695
v -27.1425992 -330.774403 165.885794
v -27.1425992 -330.774403 165.885794
v -48.070699 -300.208998 143.296695
v -37.0997012 -340.829611 134.4504
v 28.3556014 335.344911 261.333299
v 72.3353028 329.176307 226.371694
v 24.5750993 325.556493 212.520599
v 31.8987995 266.398811 309.5752
v 57.1874022 261.544204 310.705996
v 44.3300992 339.9369 311.695504
v 44.3300992 339.9369 311.695504
v 67.1344995 337.350988 307.597804
v 51.4725983 351.936412 302.508998
v -109.141004 160.118401 6.79090023
v -92.0014024 82.6547027 12.1045001
v -109.985602 104.562902 2.60109995
v 111.332595 41.1439002 84.294498
v 115.728796 18.3923006 108.402002
v 127.864206 -35.9169006 73.5314012
v 127.864206 -35.9169006 73.5314012
v 115.728796 18.3923006 108.402002
v 124.828899 -30.7550997 105.041897
v 68.8444018 129.274201 298.621702
v 80.3838015 99.2498994 255.111694
v 84.6136987 145.753002 275.076103
v 95.0011015 -148.207903 144.731402
v 84.4111025 -229.868197 125.242102
v 99.8578012 -230.546308 127.111006
v -114.238799 267.581606 199.263
v -120.1702 205.897903 205.071402
v -111.136603 251.514292 219.976306
v 23.7077996 -287.403202 200.361896
v 46.5155005 -326.616502 162.581396
v 46.7718989 -282.115698 201.547909
v 92.5767004 -251.959896 91.0045981
v 80.0943017 -290.382695 113.566005
v 81.5214992 -273.754597 89.5211995
v 81.5214992 -273.754597 89.5211995
v 80.0943017 -290.382695 113.566005
v 78.9520025 -295.774198 107.189202
v -1.09869996 -325.920796 3.14880013
v 44.4929004 -196.226394 8.92940015
v 7.95750022 -341.864491 0
v 7.95750022 -341.864491 0
v 50.0380993 -310.622191 4.88330014
v 45.6295997 -326.196504 2.05489993
v -22.5429997 -305.680299 200.584507
v -27.1425992 -330.774403 165.885794
v 0.140199997 -300.676298 203.846407
v 84.8240972 0.777699985 152.650905
v 104.591894 -28.4438998 153.671706
v 103.285205 -9.06220004 155.578995
v 104.591894 -28.4438998 153.671706
v 78.1498015 -168.796003 135.700095
v 95.0011015 -148.207903 144.731402
v -95.8241999 -206.191492 32.4003994
v -96.5353012 -171.769798 65.7097995
v -99.5365977 -163.133001 38.7331992
v 67.3186004 -320.275092 113.679194
v 65.8586979 -332.753706 104.989195
v 65.4079974 -325.202894 84.6386015
v 65.4079974 -325.202894 84.6386015
v 61.9726002 -330.8285 88.5020971
v 63.290298 -316.937995 82.2511017
v 75.9092987 -305.439305 160.850704
v 79.4184029 -301.149201 172.297502
v 56.8386018 -315.416002 160.874104
v 56.8386018 -315.416002 160.874104
v 79.1015029 -284.037709 196.346605
v 46.7718989 -282.115698 201.547909
v -6.66740015 -218.049002 277.548599
v 15.9766003 -195.473599 272.200608
v 14.7221997 -185.487497 276.044893
v 15.9766003 -195.473599 272.200608
v -6.21419996 -243.07301 227.148008
v 23.6075997 -226.905608 231.981206
v 57.1874022 261.544204 310.705996
v 77.2898018 267.159295 300.214291
v 67.1344995 337.350988 307.597804
v -44.6738988 -340.966511 109.888804
v -59.0534985 -330.047107 85.5584025
v -47.2342014 -356.732988 82.2377026
v -103.801405 168.898594 323.19119
v -106.060696 105.101097 347.989011
v -102.509797 168.315899 371.194506
v -75.1020014 -294.794798 34.5072001
v -95.8241999 -206.191492 32.4003994
v -84.1943026 -273.733091 6.97859973
v 28.3556014 335.344911 261.333299
v 24.5750993 325.556493 212.520599
v -1.8228 313.9853 242.583203
v -1.8228 313.9853 242.583203
v 25.3720999 331.464005 195.354295
v 2.13990007 318.545294 180.098701
v 99.5850027 120.844805 3.81890014
v 96.1014986 44.3134993 39.3133014
v 93.4105992 44.2553997 5.50029986
v -100.833797 -79.0731013 126.642394
v -104.168499 -110.084796 95.8136022
v -88.6534989 -147.573805 122.689104
v -88.6534989 -147.573805 122.689104
v -104.168499 -110.084796 95.8136022
v -91.8152988 -166.028202 92.4485028
v 111.822701 -191.5645 6.05229996
v 94.0849006 -200.130892 30.3066999
v 91.1137998 -182.102096 6.09980002
v -26.2479007 -38.0376995 353.09751
v 16.9392005 -15.0093004 326.041198
v -20.4588994 24.4845003 350.507092
v -39.2136008 190.179896 11.7936999
v -47.5733995 189.018703 13.9870003
v -41.1496997 247.923803 4.99349982
v -94.1237986 -141.610003 155.550301
v -89.8721993 -173.647201 168.829703
v -101.338196 -98.5944986 195.460498
v -0.198199996 238.077211 358.033109
v 2.54859999 254.6736 326.321101
v -44.3468988 237.175488 344.826508
v -44.3468988 237.175488 344.826508
v -53.6484003 270.570707 318.844008
v -54.1504025 247.976804 343.414402
v -101.004303 -56.832999 164.132404
v -100.833797 -79.0731013 126.642394
v -94.2892015 -126.447201 153.222799
v 47.6105988 -175.839996 12.8361002
v -2.91910004 -125.314701 11.4715002
v 49.6555001 -81.3526988 13.7247995
v -2.91910004 -125.314701 11.4715002
v 0.133200001 -67.6240981 8.7044999
v 63.8495982 -314.806199 132.838905
v 77.8236985 -301.216888 117.545795
v 78.1334996 -307.189107 153.476298
v -14.8261994 -147.172105 328.772211
v -19.4849998 -119.7317 343.712807
v -20.3960001 -139.925897 333.784103
v 0.133200001 -67.6240981 8.7044999
v -41.8058008 25.6291002 15.5208007
v 9.74769965 11.1766003 14.0454993
v -41.8058008 25.6291002 15.5208007
v -52.323997 -42.5554007 10.3031002
v -48.8710999 31.1118007 14.1084
v -93.7457025 242.883301 278.568602
v -53.6484003 270.570707 318.844008
v -65.625 277.316689 265.43951
v 77.5918007 -164.793301 190.157998
v 76.6052008 -194.8982 180.390406
v 80.7528973 -52.4957001 214.616895
v 80.7528973 -52.4957001 214.616895
v 78.1498015 -168.796003 135.700095
v 84.8240972 0.777699985 152.650905
v 84.6136987 145.753002 275.076103
v 84.7564995 147.172904 240.014911
v 88.8253987 178.315198 281.016493
v 88.8253987 178.315198 281.016493
v 84.7564995 147.172904 240.014911
v 88.5218024 191.803503 275.397706
v -62.9521012 -156.688201 335.135388
v -22.0210999 -164.485204 327.627397
v -24.3701994 -149.522495 337.50031
v -22.0210999 -164.485204 327.627397
v -62.9521012 -156.688201 335.135388
v -36.6400003 -240.227199 309.5047
v -36.6400003 -240.227199 309.5047
v -62.7173007 -245.009208 301.557493
v -39.7498995 -256.871796 297.845411
v -79.331398 -68.4006989 346.440601
v -76.1699975 -113.651896 340.440893
v -73.9033997 -100.135803 346.578193
v 78.9520025 -295.774198 107.189202
v 67.6725984 -300.569892 89.1269028
v 81.5214992 -273.754597 89.5211995
v 102.620006 279.359102 94.2493975
v 91.0992026 178.193295 143.657398
v 102.175999 155.224502 105.146801
v 99.8578012 -230.546308 127.111006
v 92.5767004 -251.959896 91.0045981
v 107.120597 -243.899107 92.0930982
v 23.7540007 335.922408 297.033691
v 31.8987995 266.398811 309.5752
v 44.3300992 339.9369 311.695504
v -37.0997012 -340.829611 134.4504
v 3.47159989 -361.393499 103.311503
v -13.1189004 -365.096688 152.675998
v -13.1189004 -365.096688 152.675998
v 3.47159989 -361.393499 103.311503
v 13.5389999 -362.802792 126.674998
v -123.8392 96.7921019 88.212198
v -125.044096 142.418694 56.7434013
v -124.533999 104.314899 41.8469995
v 91.0080016 61.342299 82.8844011
v 91.4013982 57.2992027 99.0911007
v 111.332595 41.1439002 84.294498
v 111.332595 41.1439002 84.294498
v 107.700896 33.5514009 110.901594
v 110.069096 26.7084986 101.116097
v 93.4500992 48.1570989 111.308599
v 107.700896 33.5514009 110.901594
v 111.332595 41.1439002 84.294498
v 0.0503999996 267.3944 15.3816998
v 2.22490001 274.105811 52.0824015
v 5.10540009 319.906497 21.6334999
v 123.915303 -186.552298 72.320801
v 127.681196 -127.824199 39.0659988
v 127.337098 -128.237498 75.3454983
v -124.985695 143.983698 10.7763
v -131.002605 215.549302 56.8085015
v -129.2871 215.410089 1.05459997
v 118.290997 -149.884903 129.916799
v 99.8578012 -230.546308 127.111006
v 120.693803 -215.471411 119.694304
v 101.585901 105.837905 90.5297995
v 91.0080016 61.342299 82.8844011
v 101.939094 94.6955025 48.4432995
v 101.939094 94.6955025 48.4432995
v 93.8933015 46.8908995 50.6475985
v 96.1014986 44.3134993 39.3133014
v -70.7695007 159.610999 361.109805
v -19.6244001 86.3955975 347.652197
v -15.7807007 155.754805 347.287607
v -112.220597 16.4868996 226.65329
v -114.981902 41.4496005 232.709599
v -116.881895 14.4917995 212.822604
v -116.881895 14.4917995 212.822604
v -117.843497 34.4972014 226.196289
v -118.633103 37.3369992 223.099089
v -117.197502 278.477407 100.6356
v -127.9212 255.5408 49.7808993
v -129.101801 244.141507 117.502296
v 65.8586979 -332.753706 104.989195
v 54.124999 -361.636996 106.976795
v 56.9778979 -358.701801 102.072597
v 54.124999 -361.636996 106.976795
v 64.0519023 -340.290689 131.082404
v 56.3279986 -368.674207 128.666699
v -89.8721993 -173.647201 168.829703
v -99.3176997 -109.936595 244.67051
v -101.338196 -98.5944986 195.460498
v 57.1874022 261.544204 310.705996
v 72.6137996 197.778594 312.212992
v 79.9470007 204.612803 291.118193
v -107.657897 241.44609 218.246508
v -117.779803 205.74851 234.998894
v -110.923195 222.842312 245.106101
v 72.6137996 197.778594 312.212992
v 84.6136987 145.753002 275.076103
v 79.9470007 204.612803 291.118193
v 129.375696 -62.5070989 40.1122987
v 114.085901 -8.65169987 42.7810997
v 127.864206 -35.9169006 73.5314012
v 127.864206 -35.9169006 73.5314012
v 114.085901 -8.65169987 42.7810997
v 111.332595 41.1439002 84.294498
v -9.1430001 164.950299 350.82581
v 17.8177997 169.645703 341.565609
v -0.198199996 238.077211 358.033109
v -0.198199996 238.077211 358.033109
v 17.8177997 169.645703 341.565609
v 18.8456997 220.501804 343.713903
v -2.45600007 -69.0545022 10.9394997
v -2.91910004 -125.314701 11.4715002
v -55.2170992 -78.7102997 10.5013996
v -52.6076972 -137.903702 12.8575996
v -55.2170992 -78.7102997 10.5013996
v -2.91910004 -125.314701 11.4715002
v -112.561798 -95.5177009 81.6685021
v -114.581394 -6.74069971 110.8006
v -116.036403 -29.9403012 66.6859984
v -114.581394 -6.74069971 110.8006
v -111.953902 -100.065398 88.7637019
v -107.574999 -61.5849972 125.626898
v -55.2170992 -78.7102997 10.5013996
v -52.323997 -42.5554007 10.3031002
v -2.45600007 -69.0545022 10.9394997
v -2.45600007 -69.0545022 10.9394997
v -52.323997 -42.5554007 10.3031002
v 0.133200001 -67.6240981 8.7044999
v 56.3279986 -368.674207 128.666699
v 22.6220995 -374.025297 150.7303
v 13.5389999 -362.802792 126.674998
v -75.1020014 -294.794798 34.5072001
v -79.5957029 -299.953008 10.0836001
v -61.3560975 -312.105894 33.871001
v -61.3560975 -312.105894 33.871001
v -73.3022988 -317.108107 2.72419993
v -56.0434997 -355.892706 5.77960014
v -110.988998 -135.017598 63.2355988
v -106.229496 -139.430296 63.9349997
v -113.033199 -111.423802 76.742202
v -113.033199 -111.423802 76.742202
v -106.229496 -139.430296 63.9349997
v -104.299605 -116.639698 82.7134013
v 68.206799 344.14959 267.6579
v 79.1875005 266.513705 252.6546
v 72.3353028 329.176307 226.371694
v 72.3353028 329.176307 226.371694
v 79.1875005 266.513705 252.6546
v 74.1302013 327.940512 215.953898
v 19.0215006 324.872708 291.590595
v 14.8563996 284.168601 304.829407
v 23.7540007 335.922408 297.033691
v -120.492303 150.300205 184.846199
v -121.729803 149.2872 183.1882
v -118.479002 58.5108995 132.704902
v 91.0080016 61.342299 82.8844011
v 84.3729973 96.6122985 111.742699
v 78.3838987 57.2718024 104.949296
v -110.988998 -135.017598 63.2355988
v -104.745197 -133.511102 41.5461987
v -106.229496 -139.430296 63.9349997
v 38.7887001 300.7061 9.31610018
v 59.4034016 285.937905 20.2579007
v 46.2442011 236.40461 11.0987999
v 70.7768023 3.18370014 8.18289965
v 93.4105992 44.2553997 5.50029986
v 77.6973009 8.06490034 5.88600002
v 77.5918007 -164.793301 190.157998
v 71.0627019 -226.030397 179.0604
v 76.6052008 -194.8982 180.390406
v 71.0627019 -226.030397 179.0604
v 52.7495027 -160.629296 196.238697
v 45.6427991 -229.311109 183.359599
v -112.147701 -117.136705 31.2815994
v -104.357195 -124.987996 4.12489995
v -104.745197 -133.511102 41.5461987
v 53.7365973 -57.2552025 276.6114
v 68.4565008 -49.3595004 226.819205
v 53.2703996 17.8212002 278.729701
v 53.2703996 17.8212002 278.729701
v 71.0821986 -32.9290003 228.130507
v 68.5379028 37.7631009 242.340994
v 2.13990007 318.545294 180.098701
v 25.3720999 331.464005 195.354295
v 10.3827998 306.245089 138.607597
v 10.3827998 306.245089 138.607597
v 25.3720999 331.464005 195.354295
v 53.6593974 357.5634 162.332106
v -114.238799 267.581606 199.263
v -129.101801 244.141507 117.502296
v -123.332906 242.266011 203.898191
v 103.471601 -221.12329 69.1267014
v 92.5767004 -251.959896 91.0045981
v 87.3407006 -211.104298 71.0753977
v 14.8563996 284.168601 304.829407
v 24.5291993 249.722791 335.544491
v 31.8987995 266.398811 309.5752
v 127.337098 -128.237498 75.3454983
v 129.375696 -62.5070989 40.1122987
v 126.844394 -48.2553005 74.1648972
v -124.533999 104.314899 41.8469995
v -121.772301 91.1189973 6.19419999
v -121.976399 66.4313018 44.6806997
v -93.3453023 -171.455705 315.697908
v -62.7173007 -245.009208 301.557493
v -62.9521012 -156.688201 335.135388
v -62.7173007 -245.009208 301.557493
v -73.1351018 -261.188412 272.487211
v -70.8653986 -269.101596 278.27599
v -121.976399 66.4313018 44.6806997
v -118.340194 12.5010997 70.4421997
v -121.927404 46.014899 84.3267977
v -118.340194 12.5010997 70.4421997
v -121.976399 66.4313018 44.6806997
v -120.249999 56.8931997 38.3062989
v -104.168499 -110.084796 95.8136022
v -96.5353012 -171.769798 65.7097995
v -91.8152988 -166.028202 92.4485028
v -96.5353012 -171.769798 65.7097995
v -104.299605 -116.639698 82.7134013
v -106.229496 -139.430296 63.9349997
v 82.9352021 173.424494 190.045404
v 73.5809982 128.243899 142.7827
v 91.0992026 178.193295 143.657398
v -117.407298 195.5302 284.762597
v -113.774395 203.43821 264.919901
v -118.220603 187.421501 275.591993
v -78.5452008 -196.610606 234.81741
v -77.7550995 -251.633406 232.829094
v -81.2326014 -202.892303 235.873699
v -89.4513011 245.827007 258.39541
v -73.2855976 271.227098 231.824708
v -87.2232974 250.916791 228.229403
v -124.533999 104.314899 41.8469995
v -121.976399 66.4313018 44.6806997
v -123.8392 96.7921019 88.212198
v -123.8392 96.7921019 88.212198
v -121.976399 66.4313018 44.6806997
v -121.927404 46.014899 84.3267977
v -22.9089007 -60.3495002 347.427201
v -49.4094998 -102.616501 345.73431
v -15.4411003 -88.0941987 348.378396
v -49.4094998 -102.616501 345.73431
v -79.331398 -68.4006989 346.440601
v -73.9033997 -100.135803 346.578193
v -79.331398 -68.4006989 346.440601
v -49.4094998 -102.616501 345.73431
v -26.2479007 -38.0376995 353.09751
v -69.3593979 -261.770511 110.803699
v -69.3486989 -255.049396 142.1417
v -79.2667985 -208.385992 114.251494
v 103.471601 -221.12329 69.1267014
v 91.8105006 -205.768394 37.5966996
v 107.541704 -217.38801 36.6719991
v -112.147701 -117.136705 31.2815994
v -117.075896 -5.90360016 38.0369991
v -113.600397 -65.3501987 7.58949965
v -98.0970979 281.191111 167.756104
v -92.5590992 317.074299 99.9822974
v -112.748098 292.63401 109.656203
v -46.9518989 288.614511 160.888696
v -92.5590992 317.074299 99.9822974
v -72.6109982 291.2287 148.907697
v -103.704703 109.418094 356.642699
v -80.5836976 43.2626992 345.3655
v -75.2058029 84.6036971 340.468097
v -96.7880011 -149.794102 11.1410998
v -104.745197 -133.511102 41.5461987
v -104.357195 -124.987996 4.12489995
v -37.9887015 311.687303 99.0746021
v -40.5701011 307.077193 58.7059975
v -92.5590992 317.074299 99.9822974
v -92.5590992 317.074299 99.9822974
v -94.5231974 326.85051 51.3732016
v -95.5362022 310.044408 88.0912006
v 79.1015029 -284.037709 196.346605
v 72.2379029 -227.479196 208.069205
v 46.7718989 -282.115698 201.547909
v 46.7718989 -282.115698 201.547909
v 44.8596001 -211.93459 221.859097
v 40.7983989 -218.849707 222.528601
v 91.1137998 -182.102096 6.09980002
v 109.650505 -107.899797 7.48270005
v 111.822701 -191.5645 6.05229996
v -37.9887015 311.687303 99.0746021
v -27.7585 293.774605 56.9824994
v -40.5701011 307.077193 58.7059975
v 19.8537007 111.986399 338.131905
v 59.069401 80.062902 316.44299
v 57.317698 132.304394 321.811104
v -62.2165978 -328.605509 55.7698011
v -74.8705983 -291.133189 82.7431977
v -77.8936028 -296.311808 59.5663011
v 46.7718989 -282.115698 201.547909
v 40.7983989 -218.849707 222.528601
v 23.7077996 -287.403202 200.361896
v 23.7077996 -287.403202 200.361896
v 40.7983989 -218.849707 222.528601
v 23.6075997 -226.905608 231.981206
v -95.1057971 304.827309 11.9191997
v -96.6359973 317.467999 12.5300005
v -60.5095983 321.320891 11.7477998
v -87.4934018 -192.042005 168.170404
v -45.3530014 -285.089397 178.6116
v -78.5452008 -196.610606 234.81741
v 51.4319003 12.9722998 307.606006
v 53.2703996 17.8212002 278.729701
v 59.069401 80.062902 316.44299
v 0.0503999996 267.3944 15.3816998
v 38.7887001 300.7061 9.31610018
v 46.2442011 236.40461 11.0987999
v 56.3279986 -368.674207 128.666699
v 56.8386018 -315.416002 160.874104
v 46.5155005 -326.616502 162.581396
v 11.2838998 -348.313189 9.20239985
v -53.8298011 -359.078693 32.7746987
v -56.0434997 -355.892706 5.77960014
v 75.3323972 227.596903 14.7317007
v 93.9786971 205.882311 10.6625997
v 84.1068983 162.343597 6.18869998
v 58.5268974 185.641098 330.842805
v 68.8444018 129.274201 298.621702
v 72.6137996 197.778594 312.212992
v 91.1137998 -182.102096 6.09980002
v 94.0849006 -200.130892 30.3066999
v 88.707 -278.965092 4.98940013
v 88.707 -278.965092 4.98940013
v 91.8105006 -205.768394 37.5966996
v 88.7404978 -270.582604 31.1664999
v 85.6199026 -290.142488 66.1390007
v 88.7404978 -270.582604 31.1664999
v 87.3407006 -211.104298 71.0753977
v -95.5362022 310.044408 88.0912006
v -116.395104 273.701 63.1569982
v -117.197502 278.477407 100.6356
v 103.471601 -221.12329 69.1267014
v 107.541704 -217.38801 36.6719991
v 123.915303 -186.552298 72.320801
v 123.915303 -186.552298 72.320801
v 110.998094 -204.853606 38.3987993
v 128.529704 -190.961802 37.4000013
v -87.4934018 -192.042005 168.170404
v -89.8721993 -173.647201 168.829703
v -86.787498 -183.746099 165.218306
v -118.656898 77.0599008 247.856903
v -118.976998 76.7036974 237.785006
v -121.002495 63.112402 242.326093
v 40.7983989 -218.849707 222.528601
v 44.8596001 -211.93459 221.859097
v 42.1222001 -203.4796 231.582594
v -81.2326014 -202.892303 235.873699
v -85.6458008 -178.461003 237.204695
v -78.5452008 -196.610606 234.81741
v 68.5379028 37.7631009 242.340994
v 72.0175982 40.5178994 232.101202
v 80.3838015 99.2498994 255.111694
v 76.1780977 -223.876309 176.476598
v 71.0627019 -226.030397 179.0604
v 77.4631977 -252.679205 168.123305
v 77.4631977 -252.679205 168.123305
v 71.0627019 -226.030397 179.0604
v 73.7360001 -228.303599 184.471095
v -1.09869996 -325.920796 3.14880013
v 11.2838998 -348.313189 9.20239985
v -12.2230001 -347.97399 2.09420007
v -75.3144979 -290.823388 4.25209999
v -79.5957029 -299.953008 10.0836001
v -84.1943026 -273.733091 6.97859973
v 80.7035029 271.15109 296.300697
v 77.2898018 267.159295 300.214291
v 80.1322997 234.554601 295.566702
v -96.4273989 279.053807 8.95859972
v -95.1057971 304.827309 11.9191997
v -91.138798 273.269296 10.5869003
v 63.1877005 -345.371103 58.8186979
v 67.6975012 -336.768794 60.7626975
v 63.9881015 -352.898002 64.9038017
v 63.9881015 -352.898002 64.9038017
v 67.6975012 -336.768794 60.7626975
v 67.434603 -334.878206 71.1780012
v -14.8261994 -147.172105 328.772211
v -24.3701994 -149.522495 337.50031
v -22.0210999 -164.485204 327.627397
v 74.0683973 -300.608301 115.520406
v 80.0943017 -290.382695 113.566005
v 77.8236985 -301.216888 117.545795
v -118.633103 37.3369992 223.099089
v -117.843497 34.4972014 226.196289
v -119.1221 50.2723992 233.539891
v 130.019104 -123.401296 14.3760994
v 126.656199 -115.971005 8.79959986
v 130.555499 -107.133603 8.11019987
v -99.6686995 -100.099003 7.9625003
v -69.4193006 -105.059397 12.7880007
v -104.357195 -124.987996 4.12489995
v 70.5758989 341.466093 210.98671
v 24.5750993 325.556493 212.520599
v 72.3353028 329.176307 226.371694
v -4.69859987 -144.889605 7.88419992
v 47.6105988 -175.839996 12.8361002
v 44.4929004 -196.226394 8.92940015
v 80.1322997 234.554601 295.566702
v 88.5218024 191.803503 275.397706
v 80.7035029 271.15109 296.300697
v 15.9766003 -195.473599 272.200608
v 40.4579997 -164.175403 271.228504
v 14.7221997 -185.487497 276.044893
v -75.2792001 279.444408 12.9434004
v -60.5095983 321.320891 11.7477998
v -37.9918009 305.748391 11.9162999
v -116.343606 166.573799 293.592691
v -118.220603 187.421501 275.591993
v -118.988001 155.022299 284.456992
v -120.546699 77.6540995 2.40589995
v -121.976399 66.4313018 44.6806997
v -121.772301 91.1189973 6.19419999
v -79.2667985 -208.385992 114.251494
v -84.1491997 -186.364698 136.026096
v -84.5574021 -199.2401 109.1097
v -39.2136008 190.179896 11.7936999
v -44.9443012 110.368299 20.5753997
v -47.5733995 189.018703 13.9870003
v 5.51510006 277.010393 186.663496
v -51.7271996 255.678296 158.356905
v 1.86669994 271.970201 201.890492
v -117.004895 94.5885003 276.95179
v -120.197594 132.811999 258.993912
v -117.595005 92.8731978 257.881093
v -118.656898 77.0599008 247.856903
v -117.595005 92.8731978 257.881093
v -120.395398 82.1408987 246.427798
v 68.7465012 -306.770992 106.386101
v 74.0683973 -300.608301 115.520406
v 67.3186004 -320.275092 113.679194
v -101.338196 -98.5944986 195.460498
v -94.2892015 -126.447201 153.222799
v -94.1237986 -141.610003 155.550301
v -40.5360997 -268.520188 271.128106
v -10.8732 -222.289896 288.123798
v -40.5050993 -258.373904 282.6967
v 67.434603 -334.878206 71.1780012
v 60.1127028 -350.04859 78.9382994
v 63.9881015 -352.898002 64.9038017
v 79.4184029 -301.149201 172.297502
v 77.4631977 -252.679205 168.123305
v 73.7360001 -228.303599 184.471095
v 81.6774011 94.759202 238.681793
v 80.3838015 99.2498994 255.111694
v 72.0175982 40.5178994 232.101202
v -97.5718975 235.958695 359.097004
v -44.3468988 237.175488 344.826508
v -54.1504025 247.976804 343.414402
v -15.4411003 -88.0941987 348.378396
v -4.27259989 -144.321203 325.404501
v 5.17919995 -138.694298 320.089006
v 102.620006 279.359102 94.2493975
v 102.175999 155.224502 105.146801
v 104.116094 137.010705 93.3028996
v 79.1050017 -268.977189 1.76790003
v 71.7787027 -219.654894 3.596
v 75.2906024 -199.818504 1.72669999
v 75.2906024 -199.818504 1.72669999
v 44.4929004 -196.226394 8.92940015
v 47.6105988 -175.839996 12.8361002
v 78.3838987 57.2718024 104.949296
v 93.4500992 48.1570989 111.308599
v 91.4013982 57.2992027 99.0911007
v -89.8721993 -173.647201 168.829703
v -78.5452008 -196.610606 234.81741
v -85.6458008 -178.461003 237.204695
v -89.4513011 245.827007 258.39541
v -87.2232974 250.916791 228.229403
v -92.3804998 244.215989 251.844406
v -36.0347986 110.594201 14.0010998
v -48.8710999 31.1118007 14.1084
v -44.9443012 110.368299 20.5753997
v 68.7465012 -306.770992 106.386101
v 65.4079974 -325.202894 84.6386015
v 67.6725984 -300.569892 89.1269028
v -49.4094998 -102.616501 345.73431
v -19.4849998 -119.7317 343.712807
v -15.4411003 -88.0941987 348.378396
v -118.668604 89.9354994 227.021098
v -118.633103 37.3369992 223.099089
v -119.1221 50.2723992 233.539891
v -98.0970979 281.191111 167.756104
v -112.748098 292.63401 109.656203
v -117.197502 278.477407 100.6356
v 47.4887013 366.524911 62.7985001
v 48.1299013 341.576409 29.4793993
v 34.3932986 332.787299 23.6306995
v 71.8348026 332.639194 20.1957002
v 48.1299013 341.576409 29.4793993
v 73.653698 351.616693 23.3106002
v 68.4565008 -49.3595004 226.819205
v 80.7528973 -52.4957001 214.616895
v 71.0821986 -32.9290003 228.130507
v -5.4823 260.395098 9.97729972
v 6.80169985 210.035491 7.24299997
v 0.0182999996 211.829805 8.7387003
v -104.299605 -116.639698 82.7134013
v -111.953902 -100.065398 88.7637019
v -113.033199 -111.423802 76.742202
v -102.638102 -5.96689992 3.79579999
v -99.6686995 -100.099003 7.9625003
v -104.357195 -124.987996 4.12489995
v -13.9679 88.4110987 351.794004
v -15.7807007 155.754805 347.287607
v -19.6244001 86.3955975 347.652197
v -48.2713997 -204.53651 10.3634998
v -52.6076972 -137.903702 12.8575996
v -40.0249004 -202.864003 6.80499971
v -106.060696 105.101097 347.989011
v -105.269098 41.7010993 336.0847
v -103.704703 109.418094 356.642699
v -75.3144979 -290.823388 4.25209999
v -12.2230001 -347.97399 2.09420007
v -73.3022988 -317.108107 2.72419993
v -53.6503017 -369.65301 57.9191983
v 6.1129 -371.315289 49.0363002
v 8.24569985 -369.036603 59.8061979
v 84.3729973 96.6122985 111.742699
v 102.175999 155.224502 105.146801
v 79.1575015 118.943501 122.632396
v -105.523396 -26.0441989 314.674807
v -104.991996 -86.7169023 312.74209
v -103.774297 -27.0220995 325.266194
v 126.656199 -115.971005 8.79959986
v 128.036499 -178.789604 13.2347003
v 128.894198 -182.328701 5.0737001
v 3.78380008 -83.8140011 330.841088
v -26.2479007 -38.0376995 353.09751
v -22.9089007 -60.3495002 347.427201
v 103.285205 -9.06220004 155.578995
v 115.728796 18.3923006 108.402002
v 107.700896 33.5514009 110.901594
v -6.66740015 -218.049002 277.548599
v -4.27259989 -144.321203 325.404501
v -10.8732 -222.289896 288.123798
v 94.0849006 -200.130892 30.3066999
v 107.541704 -217.38801 36.6719991
v 91.8105006 -205.768394 37.5966996
v -39.7498995 -256.871796 297.845411
v -20.2351004 -216.187096 306.157207
v -36.6400003 -240.227199 309.5047
v -118.579102 43.8676 28.4496009
v -118.340194 12.5010997 70.4421997
v -120.249999 56.8931997 38.3062989
v -114.029396 289.066911 44.7865993
v -115.072799 279.202199 13.0808994
v -116.395104 273.701 63.1569982
v -120.492303 150.300205 184.846199
v -115.737402 39.2553002 135.042405
v -118.954897 155.775404 195.137203
v 23.7540007 335.922408 297.033691
v 44.3300992 339.9369 311.695504
v 51.4725983 351.936412 302.508998
v -40.5360997 -268.520188 271.128106
v -70.8653986 -269.101596 278.27599
v -74.4291008 -273.688602 267.159295
v -81.2326014 -202.892303 235.873699
v -93.3453023 -171.455705 315.697908
v -99.3552983 -143.772602 294.005704
v -93.3453023 -171.455705 315.697908
v -81.2326014 -202.892303 235.873699
v -73.1351018 -261.188412 272.487211
v -62.4152005 271.223688 194.954705
v -51.7271996 255.678296 158.356905
v -107.657897 241.44609 218.246508
v -77.8936028 -296.311808 59.5663011
v -94.3885982 -211.928797 62.3170018
v -75.1020014 -294.794798 34.5072001
v 109.650505 -107.899797 7.48270005
v 94.3749011 -98.9156008 10.2995001
v 131.002605 -63.5941982 6.53870031
v 77.531302 264.265704 205.469203
v 79.1875005 266.513705 252.6546
v 88.5218024 191.803503 275.397706
v -91.138798 273.269296 10.5869003
v -95.1057971 304.827309 11.9191997
v -75.2792001 279.444408 12.9434004
v 9.74769965 11.1766003 14.0454993
v 48.3925015 -20.8002999 7.13939965
v 0.133200001 -67.6240981 8.7044999
v -46.9518989 288.614511 160.888696
v -37.9887015 311.687303 99.0746021
v -92.5590992 317.074299 99.9822974
v 78.1498015 -168.796003 135.700095
v 76.6052008 -194.8982 180.390406
v 76.1780977 -223.876309 176.476598
v -13.7476996 -244.573307 223.863697
v -6.21419996 -243.07301 227.148008
v -40.5360997 -268.520188 271.128106
v -24.0554005 289.893007 102.461898
v -49.7224987 257.501602 155.651999
v -32.7381998 240.129709 98.7945974
v -46.9518989 288.614511 160.888696
v -117.185295 39.0255004 191.742098
v -110.819602 -33.0778986 166.435599
v -116.881895 14.4917995 212.822604
v -118.633103 37.3369992 223.099089
v -112.934005 201.1904 301.159501
v -93.7457025 242.883301 278.568602
v -117.407298 195.5302 284.762597
v -97.9520977 229.284406 323.667598
v -115.858305 40.9061015 128.339398
v -121.927404 46.014899 84.3267977
v -117.381096 23.2703999 79.1701972
v -118.479002 58.5108995 132.704902
v 88.707 -278.965092 4.98940013
v 88.7404978 -270.582604 31.1664999
v 72.0452011 -343.850303 29.0861011
v 72.389102 -345.272303 2.06170008
v -96.5353012 -171.769798 65.7097995
v -94.3885982 -211.928797 62.3170018
v -89.5394981 -207.877588 87.5105977
v -91.8152988 -166.028202 92.4485028
v -76.1699975 -113.651896 340.440893
v -100.120294 -131.108296 319.344497
v -93.3453023 -171.455705 315.697908
v -79.331398 -68.4006989 346.440601
v -5.89380004 282.766604 256.499791
v 14.8563996 284.168601 304.829407
v 19.0215006 324.872708 291.590595
v -1.8228 313.9853 242.583203
v 77.6973009 8.06490034 5.88600002
v 93.4105992 44.2553997 5.50029986
v 112.461698 2.44079996 7.51020014
v 71.1708009 -70.9628999 6.16250001
v 102.620006 279.359102 94.2493975
v 81.0530007 355.156207 49.8017013
v 87.8536999 360.714602 104.289401
v 96.0915029 280.3617 55.0724983
v 126.745105 -208.417892 94.8253989
v 107.120597 -243.899107 92.0930982
v 103.471601 -221.12329 69.1267014
v 123.915303 -186.552298 72.320801
v -45.3530014 -285.089397 178.6116
v -87.4934018 -192.042005 168.170404
v -69.3486989 -255.049396 142.1417
v -48.070699 -300.208998 143.296695
v 73.8447011 90.4731989 171.207798
v 77.1658003 66.8326974 125.249696
v 73.5809982 128.243899 142.7827
v 71.0013986 142.957997 183.999205
v -20.2351004 -216.187096 306.157207
v -14.8261994 -147.172105 328.772211
v -22.0210999 -164.485204 327.627397
v -36.6400003 -240.227199 309.5047
v 71.7787027 -219.654894 3.596
v 79.1050017 -268.977189 1.76790003
v 50.0380993 -310.622191 4.88330014
v 44.4929004 -196.226394 8.92940015
v -118.164098 166.424596 191.314602
v -118.954897 155.775404 195.137203
v -119.641602 169.2433 226.2959
v -116.9173 192.425799 200.548196
v -117.779803 205.74851 234.998894
v 59.069401 80.062902 316.44299
v 53.2703996 17.8212002 278.729701
v 68.5379028 37.7631009 242.340994
v 66.4894998 83.2692981 292.2508
v 80.3838015 99.2498994 255.111694
v -73.9033997 -100.135803 346.578193
v -76.1699975 -113.651896 340.440893
v -69.0877974 -123.552096 336.278296
v -49.4094998 -102.616501 345.73431
v -70.7695007 159.610999 361.109805
v -15.7807007 155.754805 347.287607
v -44.3468988 237.175488 344.826508
v -97.5718975 235.958695 359.097004
v -6.21419996 -243.07301 227.148008
v -33.6293012 -283.470392 209.419489
v -22.5429997 -305.680299 200.584507
v 0.140199997 -300.676298 203.846407
v 9.54589993 264.309907 147.022498
v -32.7381998 240.129709 98.7945974
v -49.7224987 257.501602 155.651999
v 5.51510006 277.010393 186.663496
v 114.085901 -8.65169987 42.7810997
v 129.375696 -62.5070989 40.1122987
v 131.002605 -63.5941982 6.53870031
v 112.461698 2.44079996 7.51020014
v -117.075896 -5.90360016 38.0369991
v -118.579102 43.8676 28.4496009
v -116.243303 27.165699 3.90710011
v -113.600397 -65.3501987 7.58949965
v 84.1068983 162.343597 6.18869998
v 64.8862004 67.1627998 14.2660007
v 52.3146987 123.199499 11.2875998
v 57.042098 174.918103 6.3037999
v -40.5050993 -258.373904 282.6967
v -62.7173007 -245.009208 301.557493
v -70.8653986 -269.101596 278.27599
v -40.5360997 -268.520188 271.128106
v 87.4625027 354.821491 164.509296
v 67.2738016 374.025297 105.817604
v 53.6593974 357.5634 162.332106
v 70.5758989 341.466093 210.98671
v 67.2738016 374.025297 105.817604
v 47.4887013 366.524911 62.7985001
v 14.3133998 337.4933 105.051398
v 53.6593974 357.5634 162.332106
v 79.1575015 118.943501 122.632396
v 102.175999 155.224502 105.146801
v 91.0992026 178.193295 143.657398
v 73.5809982 128.243899 142.7827
v 130.019104 -123.401296 14.3760994
v 129.375696 -62.5070989 40.1122987
v 127.681196 -127.824199 39.0659988
v 128.036499 -178.789604 13.2347003
v -112.748098 292.63401 109.656203
v -92.5590992 317.074299 99.9822974
v -95.5362022 310.044408 88.0912006
v -117.197502 278.477407 100.6356
v -107.081199 -76.7345011 305.48749
v -99.3176997 -109.936595 244.67051
v -99.3552983 -143.772602 294.005704
v -105.450797 -96.4245975 310.027599
v -112.220597 16.4868996 226.65329
v -101.338196 -98.5944986 195.460498
v -105.535102 -30.0525993 258.698201
v -114.067602 41.9862986 236.244011
v 130.555499 -107.133603 8.11019987
v 131.002605 -63.5941982 6.53870031
v 129.375696 -62.5070989 40.1122987
v 130.019104 -123.401296 14.3760994
v 52.3146987 123.199499 11.2875998
v 11.6172999 74.0647972 10.6862999
v 8.83909985 142.5771 2.69510001
v 57.042098 174.918103 6.3037999
vt 0.343369991 0.394320995
vt 0.343382001 0.394333005
vt 0.343437999 0.394241005
vt 0.346314013 0.398250997
vt 0.346248001 0.398292989
vt 0.346311003 0.398303986
vt 0.344018012 0.392881006
vt 0.343921006 0.392803997
vt 0.343979001 0.392940015
vt 0.341892004 0.393727988
vt 0.34187901 0.393803
vt 0.341910005 0.393739998
vt 0.348320007 0.398936987
vt 0.348306 0.39893499
vt 0.348271996 0.399026006
vt 0.342197001 0.393604994
vt 0.342132002 0.393610001
vt 0.342204005 0.393637002
vt 0.367677003 0.905282974
vt 0.36768499 0.905335009
vt 0.367720991 0.905335009
vt 0.341574013 0.393801004
vt 0.341520011 0.393765002
vt 0.341535002 0.393817991
vt 0.342608005 0.395336986
vt 0.342606992 0.395339012
vt 0.342696011 0.395372987
vt 0.343686998 0.393047988
vt 0.343544006 0.393153995
vt 0.343726009 0.393121004
vt 0.343544006 0.393153995
vt 0.343701005 0.393287003
vt 0.347974986 0.391326994
vt 0.348004013 0.391178012
vt 0.347914994 0.391261995
vt 0.364520997 0.905586004
vt 0.364511013 0.905682981
vt 0.364571005 0.905650973
vt 0.343214989 0.39753899
vt 0.343214989 0.397552013
vt 0.343239993 0.397520989
vt 0.365895987 0.907139003
vt 0.365882009 0.907180011
vt 0.364214987 0.905983984
vt 0.346857011 0.393310994
vt 0.346857995 0.393379003
vt 0.346901 0.393323004
vt 0.314608991 0.401580989
vt 0.314626992 0.401616007
vt 0.314640999 0.401589006
vt 0.342628002 0.395300001
vt 0.342532009 0.395298004
vt 0.342602015 0.395325989
vt 0.343782008 0.392477006
vt 0.343888998 0.392444015
vt 0.343773007 0.392448008
vt 0.314590991 0.401571006
vt 0.314613014 0.401502013
vt 0.314561009 0.40151599
vt 0.349108011 0.393476009
vt 0.349036008 0.393528998
vt 0.349108011 0.393530011
vt 0.364201993 0.905900002
vt 0.364273012 0.905954003
vt 0.364261001 0.905860007
vt 0.364679009 0.904411972
vt 0.364665002 0.904388011
vt 0.364674985 0.904434979
vt 0.341966003 0.393725991
vt 0.342014015 0.393770009
vt 0.342022002 0.393714994
vt 0.342141002 0.39399299
vt 0.34208101 0.393967003
vt 0.34207499 0.394012004
vt 0.342141002 0.393871009
vt 0.34208101 0.393967003
vt 0.34207499 0.394012004
vt 0.342148989 0.394050986
vt 0.34256199 0.395370007
vt 0.342483997 0.395408005
vt 0.342655987 0.395417005
vt 0.364654005 0.904341996
vt 0.364665002 0.904388011
vt 0.364670992 0.904386997
vt 0.342137992 0.393730998
vt 0.342195988 0.393795013
vt 0.342204005 0.393637002
vt 0.34228 0.395417005
vt 0.342256993 0.395500988
vt 0.342363 0.395532012
vt 0.309556007 0.397269011
vt 0.314601004 0.401591003
vt 0.314619988 0.401627004
vt 0.345800996 0.396883994
vt 0.345735013 0.396829009
vt 0.345654011 0.396939993
vt 0.347052991 0.39330101
vt 0.347153008 0.393106014
vt 0.347043008 0.393258005
vt 0.346323997 0.393489987
vt 0.346334994 0.393449992
vt 0.346323997 0.393462002
vt 0.364199013 0.904742002
vt 0.364154011 0.904713988
vt 0.364156008 0.904753983
vt 0.364208013 0.904817998
vt 0.364165008 0.90475899
vt 0.346971005 0.39338401
vt 0.347063988 0.393402994
vt 0.346989989 0.393326014
vt 0.363534987 0.906233013
vt 0.363647014 0.906301975
vt 0.363649011 0.906259
vt 0.342076987 0.393510014
vt 0.34206599 0.393496007
vt 0.34206301 0.393545002
vt 0.31941101 0.400891006
vt 0.319408 0.400819004
vt 0.319297999 0.400835007
vt 0.344633996 0.395830005
vt 0.344621986 0.395763993
vt 0.344567001 0.395785004
vt 0.341796011 0.394125015
vt 0.341782004 0.394161999
vt 0.341838986 0.394118994
vt 0.344608009 0.395915985
vt 0.344633996 0.395830005
vt 0.344588995 0.395850986
vt 0.34454 0.396003008
vt 0.344615996 0.395992011
vt 0.344568998 0.396052003
vt 0.344615996 0.395992011
vt 0.348645985 0.398678988
vt 0.348681986 0.398678988
vt 0.348659009 0.398624003
vt 0.348001987 0.397471994
vt 0.348035008 0.397473991
vt 0.348037988 0.397401989
vt 0.348035991 0.397522002
vt 0.348035008 0.397473991
vt 0.341576993 0.393869013
vt 0.341574013 0.393801004
vt 0.341535002 0.393817991
vt 0.341825992 0.395769
vt 0.341865987 0.39577201
vt 0.341827005 0.395684987
vt 0.343430012 0.394535005
vt 0.343387008 0.394477993
vt 0.343407005 0.394540012
vt 0.364308 0.904636979
vt 0.364277989 0.904688001
vt 0.36432299 0.90468502
vt 0.367709011 0.905261993
vt 0.367720991 0.905166984
vt 0.367691994 0.905196011
vt 0.343409002 0.393296987
vt 0.343443006 0.393292993
vt 0.343430996 0.393189013
vt 0.343412012 0.392551988
vt 0.343495011 0.392504007
vt 0.343403995 0.392504007
vt 0.343338996 0.392666996
vt 0.343277991 0.392607987
vt 0.343295991 0.392699987
vt 0.346901 0.393323004
vt 0.346857995 0.393379003
vt 0.346971005 0.39338401
vt 0.340703011 0.396432996
vt 0.340700001 0.396524012
vt 0.340754986 0.396526009
vt 0.364475012 0.905586004
vt 0.364464015 0.905713022
vt 0.364511013 0.905682981
vt 0.346248001 0.398292989
vt 0.346260995 0.398380011
vt 0.346311003 0.398303986
vt 0.341782004 0.394161999
vt 0.341740996 0.394151002
vt 0.341749012 0.394169986
vt 0.342667997 0.395231992
vt 0.341596007 0.394235998
vt 0.342537999 0.395157993
vt 0.341881007 0.393907994
vt 0.341818988 0.393871993
vt 0.34177199 0.394008994
vt 0.343782008 0.392477006
vt 0.343952 0.392464012
vt 0.343888998 0.392444015
vt 0.340781003 0.396551013
vt 0.340687007 0.39654699
vt 0.340682 0.396607012
vt 0.343952 0.392464012
vt 0.34395799 0.392545015
vt 0.343988001 0.39252001
vt 0.347052991 0.39330101
vt 0.347184002 0.393106014
vt 0.347153008 0.393106014
vt 0.343524009 0.394255996
vt 0.343618989 0.394315004
vt 0.343614012 0.394232988
vt 0.343531013 0.394331008
vt 0.343618989 0.394315004
vt 0.366685003 0.905170977
vt 0.366714001 0.905212998
vt 0.366762996 0.905179024
vt 0.346103996 0.393631995
vt 0.346078992 0.393712014
vt 0.346188009 0.393684
vt 0.34356001 0.392632008
vt 0.34364599 0.392628998
vt 0.343623996 0.392560989
vt 0.34187901 0.393655002
vt 0.341838002 0.393734992
vt 0.341892004 0.393727988
vt 0.347804993 0.390843987
vt 0.347476006 0.391041011
vt 0.347867012 0.390956998
vt 0.343333006 0.394778013
vt 0.343306988 0.394710004
vt 0.343270004 0.394719988
vt 0.341926992 0.395765007
vt 0.341865987 0.39577201
vt 0.341933995 0.395787001
vt 0.345732987 0.396753997
vt 0.345596999 0.396804005
vt 0.345735013 0.396829009
vt 0.341690004 0.393846005
vt 0.341589004 0.393887997
vt 0.341701001 0.393862993
vt 0.343717009 0.398523003
vt 0.343677998 0.398557007
vt 0.343717009 0.398616999
vt 0.343533993 0.393130988
vt 0.343508005 0.393016994
vt 0.343443006 0.393020988
vt 0.343533993 0.393130988
vt 0.343454987 0.393178999
vt 0.341877013 0.39598
vt 0.341906995 0.396034002
vt 0.341903001 0.396012008
vt 0.341865987 0.39577201
vt 0.341890007 0.395841002
vt 0.341933995 0.395787001
vt 0.347470999 0.39083001
vt 0.347526014 0.390832007
vt 0.347526014 0.390760988
vt 0.362964988 0.90674597
vt 0.363092005 0.906738997
vt 0.363072008 0.906692982
vt 0.342005998 0.395940006
vt 0.341975987 0.395947993
vt 0.341989994 0.396007001
vt 0.341975987 0.395947993
vt 0.341926992 0.395958006
vt 0.341915011 0.395971
vt 0.363247007 0.906817019
vt 0.363112003 0.906829
vt 0.36311999 0.906868994
vt 0.347586989 0.398061007
vt 0.34760499 0.397976995
vt 0.347595006 0.397987992
vt 0.345423013 0.397534013
vt 0.345441014 0.39743799
vt 0.345384985 0.397540987
vt 0.342002004 0.394169986
vt 0.342045993 0.394124001
vt 0.341960013 0.394116014
vt 0.341883987 0.394176006
vt 0.341959 0.394073009
vt 0.344011009 0.392677009
vt 0.343923002 0.392663002
vt 0.343993992 0.392702997
vt 0.341883987 0.394176006
vt 0.341912001 0.394178987
vt 0.341960013 0.394116014
vt 0.346273005 0.393830001
vt 0.346296012 0.393730998
vt 0.346193999 0.393757999
vt 0.341838986 0.394118994
vt 0.341906011 0.394021988
vt 0.341845006 0.394035995
vt 0.341906011 0.394021988
vt 0.341883987 0.393949986
vt 0.342985004 0.399628013
vt 0.343006998 0.399677008
vt 0.343102008 0.399540991
vt 0.342061013 0.394026995
vt 0.341996014 0.393985003
vt 0.341969997 0.394048989
vt 0.34207499 0.394012004
vt 0.341996014 0.393985003
vt 0.343558997 0.394555002
vt 0.343439013 0.394547999
vt 0.343432993 0.394609004
vt 0.347144991 0.392964005
vt 0.347148001 0.392986
vt 0.347198993 0.393011987
vt 0.340961009 0.396439999
vt 0.344581991 0.40070501
vt 0.340927988 0.396319985
vt 0.347476006 0.391041011
vt 0.347339988 0.39110899
vt 0.347470999 0.391131997
vt 0.349110991 0.395222992
vt 0.349144995 0.395179987
vt 0.349099994 0.395208001
vt 0.347983003 0.399399012
vt 0.348008007 0.399333
vt 0.347887993 0.399313986
vt 0.366676986 0.908542991
vt 0.366672993 0.908483982
vt 0.366641998 0.908487022
vt 0.363700986 0.906288028
vt 0.363685995 0.906314015
vt 0.36373499 0.906341016
vt 0.343353987 0.392650992
vt 0.343338996 0.392666996
vt 0.343421012 0.392711997
vt 0.34356901 0.392699003
vt 0.343668997 0.392729014
vt 0.34364599 0.392628998
vt 0.343742996 0.393294007
vt 0.343888998 0.393265009
vt 0.343932986 0.393195987
vt 0.343787998 0.394560993
vt 0.343782008 0.394463003
vt 0.343712002 0.394506991
vt 0.343443006 0.393292993
vt 0.343409002 0.393296987
vt 0.343463004 0.393375993
vt 0.346197993 0.393831015
vt 0.346193999 0.393757999
vt 0.346087992 0.393777013
vt 0.347880006 0.391059011
vt 0.347867012 0.390982985
vt 0.347855002 0.391050994
vt 0.343641996 0.394573987
vt 0.343676001 0.394594014
vt 0.343674004 0.394553006
vt 0.343291998 0.392529994
vt 0.34336099 0.392571986
vt 0.343304008 0.392527997
vt 0.346585006 0.393777996
vt 0.346477002 0.393743992
vt 0.346565992 0.393842995
vt 0.346213996 0.393458009
vt 0.346213013 0.393409014
vt 0.346132994 0.393422991
vt 0.346597999 0.393485993
vt 0.346509993 0.393559009
vt 0.346608013 0.393548012
vt 0.339233011 0.396265
vt 0.341719002 0.395776004
vt 0.341753989 0.395691991
vt 0.346197993 0.393831015
vt 0.346078992 0.393846989
vt 0.34610799 0.393905997
vt 0.341957986 0.393913001
vt 0.342029005 0.393869996
vt 0.342011005 0.393848002
vt 0.343903989 0.392803997
vt 0.343768001 0.39289701
vt 0.343787014 0.392949998
vt 0.342137992 0.393570989
vt 0.342087001 0.393548995
vt 0.34207499 0.39360401
vt 0.344006002 0.392753005
vt 0.343993992 0.392702997
vt 0.343923002 0.392663002
vt 0.346859008 0.393471003
vt 0.346908003 0.393552005
vt 0.346982002 0.39348799
vt 0.342749 0.395408005
vt 0.342759997 0.395375997
vt 0.342732012 0.395352989
vt 0.343896002 0.39259699
vt 0.343668014 0.392627001
vt 0.343692005 0.392720014
vt 0.363534987 0.906233013
vt 0.363649011 0.906259
vt 0.363644987 0.906192005
vt 0.343439013 0.394547999
vt 0.343445987 0.394483
vt 0.343430012 0.394535005
vt 0.367439002 0.904073
vt 0.36748299 0.904105008
vt 0.367448002 0.904066026
vt 0.31941101 0.400891006
vt 0.307934999 0.392246991
vt 0.319451004 0.400826007
vt 0.341870993 0.395924002
vt 0.341704011 0.395936996
vt 0.341724992 0.395994008
vt 0.345596999 0.396804005
vt 0.345575988 0.396907002
vt 0.345654011 0.396939993
vt 0.314081997 0.396578997
vt 0.319451004 0.400826007
vt 0.307934999 0.392246991
vt 0.341711015 0.393555999
vt 0.341702998 0.39359501
vt 0.34178099 0.393595994
vt 0.348084986 0.391927004
vt 0.348019004 0.391900003
vt 0.348028004 0.391986012
vt 0.341753989 0.401906013
vt 0.341841996 0.401872009
vt 0.341749996 0.401858985
vt 0.343800992 0.394849002
vt 0.343800992 0.394926012
vt 0.343858004 0.394915015
vt 0.343780994 0.392553002
vt 0.343896002 0.39259699
vt 0.34395799 0.392545015
vt 0.341740996 0.394151002
vt 0.341751009 0.394097
vt 0.341728002 0.394104987
vt 0.341731012 0.396073014
vt 0.341522992 0.396095991
vt 0.341536999 0.396144003
vt 0.346502006 0.393498003
vt 0.346570998 0.393436998
vt 0.346464992 0.393451989
vt 0.364219993 0.905986011
vt 0.364270985 0.906005979
vt 0.364273012 0.905954003
vt 0.363052011 0.905183017
vt 0.362989008 0.905225992
vt 0.363070995 0.90525502
vt 0.342483997 0.395408005
vt 0.342366993 0.395260006
vt 0.344617009 0.395740002
vt 0.364371002 0.904533982
vt 0.364399999 0.904582977
vt 0.364466012 0.904547989
vt 0.341560006 0.393642008
vt 0.341659009 0.393656999
vt 0.341571987 0.393635005
vt 0.363714993 0.906260014
vt 0.363698989 0.906278014
vt 0.363700986 0.906286001
vt 0.341302991 0.39842099
vt 0.341239005 0.398499995
vt 0.341302991 0.398506999
vt 0.364367992 0.905793011
vt 0.36441499 0.905776978
vt 0.36441499 0.90575999
vt 0.343681008 0.393027008
vt 0.343686998 0.393047988
vt 0.343791008 0.393097013
vt 0.362984002 0.906652987
vt 0.362971008 0.906693995
vt 0.363072008 0.906692982
vt 0.348910987 0.394100994
vt 0.348903 0.394026995
vt 0.348856002 0.394028008
vt 0.347445995 0.390790999
vt 0.347335011 0.390736014
vt 0.347330987 0.390827
vt 0.34167999 0.394032001
vt 0.34158501 0.393947989
vt 0.341574997 0.394017011
vt 0.365680993 0.90773201
vt 0.365646988 0.907648027
vt 0.365655988 0.90773499
vt 0.344599992 0.398209989
vt 0.344545007 0.398231
vt 0.344590992 0.398324996
vt 0.343340993 0.39320901
vt 0.343282014 0.393144011
vt 0.343288004 0.393204987
vt 0.344581991 0.40070501
vt 0.340961009 0.396439999
vt 0.341046989 0.396508992
vt 0.343988001 0.39252001
vt 0.344013989 0.392583996
vt 0.343997985 0.392506003
vt 0.341865987 0.395898998
vt 0.341850996 0.395846009
vt 0.341719002 0.395862997
vt 0.341939986 0.393599987
vt 0.341951013 0.393638998
vt 0.342014998 0.393608987
vt 0.341939986 0.393599987
vt 0.342000991 0.393554986
vt 0.364432007 0.904413998
vt 0.364589989 0.904395998
vt 0.364511013 0.904365003
vt 0.343026996 0.399446011
vt 0.343050987 0.39952299
vt 0.34314701 0.399484009
vt 0.343861014 0.394246995
vt 0.343796015 0.394322008
vt 0.343870014 0.394322008
vt 0.343861014 0.394246995
vt 0.343802005 0.394228011
vt 0.343448013 0.394632995
vt 0.343573987 0.394623011
vt 0.343432993 0.394609004
vt 0.342363 0.395532012
vt 0.342256993 0.395500988
vt 0.342254996 0.39557901
vt 0.342022002 0.393714994
vt 0.341957986 0.393711001
vt 0.341966003 0.393725991
vt 0.342366993 0.395260006
vt 0.342483997 0.395408005
vt 0.342528999 0.395361006
vt 0.343023986 0.399403006
vt 0.343026996 0.399313986
vt 0.342958003 0.399363995
vt 0.341674 0.395686001
vt 0.343392015 0.396795005
vt 0.343475997 0.396797001
vt 0.363519996 0.906166971
vt 0.363644987 0.906192005
vt 0.363550991 0.90614301
vt 0.364479005 0.904537976
vt 0.364553988 0.904473007
vt 0.364448994 0.904480994
vt 0.342202991 0.39426899
vt 0.342105001 0.394268006
vt 0.342117995 0.394315004
vt 0.343659014 0.394861013
vt 0.343668997 0.394739985
vt 0.343600988 0.394771993
vt 0.344525993 0.400023013
vt 0.344516009 0.400092989
vt 0.344567001 0.400090009
vt 0.341939986 0.393599987
vt 0.341881007 0.393590987
vt 0.34187901 0.393655002
vt 0.346273005 0.393830001
vt 0.346370995 0.393925011
vt 0.346293986 0.393824011
vt 0.345441014 0.39743799
vt 0.345423013 0.397534013
vt 0.345470011 0.397504002
vt 0.36333099 0.905090988
vt 0.363292009 0.905093014
vt 0.363297999 0.905166984
vt 0.343106002 0.399408013
vt 0.343097001 0.399372011
vt 0.343023986 0.399403006
vt 0.343668997 0.394739985
vt 0.343578011 0.394704014
vt 0.343600988 0.394771993
vt 0.364535004 0.904739976
vt 0.364472985 0.904757023
vt 0.364455998 0.904872
vt 0.343098015 0.399278998
vt 0.343106002 0.399217993
vt 0.34305501 0.399224013
vt 0.34621501 0.393528998
vt 0.346109003 0.393545985
vt 0.34620899 0.393608004
vt 0.341693997 0.393943012
vt 0.341589004 0.393887997
vt 0.34158501 0.393947989
vt 0.343618989 0.394315004
vt 0.343531013 0.394331008
vt 0.34354499 0.394445002
vt 0.344608009 0.395915985
vt 0.344588995 0.395850986
vt 0.344552994 0.395909995
vt 0.342301011 0.395141006
vt 0.342339993 0.395096004
vt 0.342267007 0.395076007
vt 0.341809005 0.394194007
vt 0.341782004 0.394161999
vt 0.341767013 0.394216001
vt 0.341809005 0.394194007
vt 0.341798007 0.394241989
vt 0.319514006 0.400721014
vt 0.319505006 0.40072
vt 0.319476008 0.40081799
vt 0.344509989 0.400175989
vt 0.344502002 0.400265992
vt 0.344531 0.400256008
vt 0.34236601 0.395081013
vt 0.342388988 0.395130008
vt 0.342424005 0.39508301
vt 0.344541013 0.399866015
vt 0.344503999 0.399884999
vt 0.344518006 0.399949998
vt 0.311253011 0.395765007
vt 0.311392009 0.39576599
vt 0.311237007 0.395687014
vt 0.363193005 0.905543983
vt 0.36322099 0.905487001
vt 0.363202006 0.905484974
vt 0.343842 0.392957002
vt 0.342195988 0.393795013
vt 0.343979001 0.392942011
vt 0.343338013 0.394892007
vt 0.34326601 0.394840986
vt 0.343275011 0.394858986
vt 0.346314013 0.393660992
vt 0.346504003 0.393694013
vt 0.346341014 0.393586993
vt 0.364464015 0.904321015
vt 0.364387006 0.904317975
vt 0.364363015 0.904339015
vt 0.366255999 0.905183971
vt 0.366259009 0.905129015
vt 0.366248995 0.905175984
vt 0.367709011 0.905261993
vt 0.367691994 0.905196011
vt 0.367677003 0.905282974
vt 0.343816012 0.393096
vt 0.342204005 0.393637002
vt 0.342195988 0.393795013
vt 0.341912001 0.394178987
vt 0.34187001 0.394261003
vt 0.342009008 0.394300014
vt 0.341751009 0.401960999
vt 0.341841012 0.401912004
vt 0.341753989 0.401906013
vt 0.341574997 0.394017011
vt 0.341565996 0.394100994
vt 0.341657013 0.394113988
vt 0.341565996 0.394100994
vt 0.341643989 0.394169003
vt 0.343493015 0.392951995
vt 0.343508005 0.393016994
vt 0.343656003 0.392971009
vt 0.346188009 0.393684
vt 0.346296012 0.393730998
vt 0.346314013 0.393660992
vt 0.341883987 0.393949986
vt 0.341881007 0.393907994
vt 0.341769993 0.393997997
vt 0.34354499 0.394445002
vt 0.343401015 0.394432008
vt 0.343445987 0.394483
vt 0.343602985 0.394950986
vt 0.343661994 0.394953012
vt 0.343659014 0.394861013
vt 0.363119006 0.905425012
vt 0.363133013 0.905435026
vt 0.363124013 0.905404985
vt 0.346908003 0.393552005
vt 0.34702599 0.393640012
vt 0.347041011 0.393577993
vt 0.343865007 0.394676
vt 0.343863994 0.394616991
vt 0.343807995 0.394616008
vt 0.347184002 0.393106014
vt 0.347198993 0.393011987
vt 0.347169995 0.393016994
vt 0.366459012 0.905098975
vt 0.366461009 0.905052006
vt 0.366393 0.90505898
vt 0.343268991 0.397486001
vt 0.343221992 0.39744401
vt 0.343214989 0.39753899
vt 0.341728002 0.39605099
vt 0.341724992 0.395994008
vt 0.341540009 0.396003991
vt 0.342130005 0.39377901
vt 0.342070997 0.393761009
vt 0.342078 0.393821001
vt 0.343214989 0.39753899
vt 0.343174011 0.397594988
vt 0.343203992 0.397578001
vt 0.342135012 0.394138008
vt 0.342115015 0.394181997
vt 0.342198998 0.394189
vt 0.349108994 0.397814006
vt 0.349142998 0.397810996
vt 0.349087 0.397760987
vt 0.343623996 0.392560989
vt 0.343766987 0.392488986
vt 0.343712986 0.392488986
vt 0.346920997 0.393720001
vt 0.346841007 0.393741995
vt 0.34691599 0.393730998
vt 0.343407005 0.392627001
vt 0.343558013 0.392693996
vt 0.343537003 0.392628014
vt 0.343528003 0.392560989
vt 0.343407005 0.392627001
vt 0.341890007 0.395841002
vt 0.341901988 0.395886004
vt 0.341933995 0.395880014
vt 0.34651199 0.393635988
vt 0.346605003 0.393694013
vt 0.34660399 0.393615991
vt 0.34691599 0.393730998
vt 0.346841007 0.393741995
vt 0.346859008 0.39378801
vt 0.34620899 0.393608004
vt 0.346109003 0.393545985
vt 0.346103996 0.393631995
vt 0.348024994 0.397587001
vt 0.347994 0.39754501
vt 0.348013997 0.397601992
vt 0.363454014 0.906490028
vt 0.363460988 0.906502008
vt 0.363521993 0.906472027
vt 0.342339993 0.395096004
vt 0.34236601 0.395081013
vt 0.342285991 0.395045012
vt 0.343923002 0.392663002
vt 0.34395799 0.392545015
vt 0.343896002 0.39259699
vt 0.343659014 0.394861013
vt 0.343661994 0.394953012
vt 0.343715996 0.394914001
vt 0.349108011 0.393476009
vt 0.349108011 0.393530011
vt 0.349157006 0.393512011
vt 0.343780994 0.392553002
vt 0.343782008 0.392477006
vt 0.343766987 0.392488986
vt 0.34395799 0.392545015
vt 0.343780994 0.392553002
vt 0.342137009 0.402168989
vt 0.342041999 0.40209499
vt 0.342108995 0.402188987
vt 0.311336011 0.401304007
vt 0.31131801 0.401428014
vt 0.311381996 0.401410997
vt 0.311468989 0.401416004
vt 0.311468005 0.401324004
vt 0.342045009 0.393875003
vt 0.342141002 0.393871009
vt 0.342079997 0.393835008
vt 0.347144991 0.392964005
vt 0.347074986 0.392881989
vt 0.347052991 0.392883986
vt 0.342041999 0.40209499
vt 0.341921002 0.402224004
vt 0.342108995 0.402188987
vt 0.343843013 0.392708987
vt 0.343903989 0.392803997
vt 0.344006002 0.392753005
vt 0.341868013 0.393577009
vt 0.341881007 0.393590987
vt 0.341930002 0.393523991
vt 0.343421996 0.392843992
vt 0.343490005 0.392926991
vt 0.343620002 0.392868996
vt 0.346249998 0.393525988
vt 0.346329987 0.393563986
vt 0.346311003 0.393525004
vt 0.364629 0.904304028
vt 0.364654005 0.904341996
vt 0.364661008 0.904332995
vt 0.366874009 0.90467
vt 0.366894007 0.904697001
vt 0.36689201 0.904666007
vt 0.343865991 0.394524008
vt 0.343867004 0.394416004
vt 0.343782008 0.394463003
vt 0.346971005 0.39338401
vt 0.346857995 0.393379003
vt 0.346852005 0.393444985
vt 0.343221992 0.39744401
vt 0.343324006 0.397410989
vt 0.343284011 0.397367001
vt 0.311383992 0.401183993
vt 0.311347991 0.401190013
vt 0.311336011 0.401205003
vt 0.344576001 0.400023997
vt 0.344567001 0.400090009
vt 0.344644994 0.400074005
vt 0.348004013 0.391178012
vt 0.348057002 0.391162008
vt 0.348039001 0.391090989
vt 0.347974986 0.391326994
vt 0.348040998 0.391371995
vt 0.347209007 0.39310199
vt 0.347234994 0.393032998
vt 0.347198993 0.393011987
vt 0.341753989 0.395691991
vt 0.341719002 0.395776004
vt 0.341825992 0.395769
vt 0.347323 0.390749007
vt 0.347256988 0.390789986
vt 0.347330987 0.390827
vt 0.343544006 0.39330101
vt 0.343686998 0.393303007
vt 0.343544006 0.393153995
vt 0.339233011 0.396265
vt 0.341592997 0.395783007
vt 0.341719002 0.395776004
vt 0.342137992 0.393730998
vt 0.342078 0.393712997
vt 0.342070997 0.393761009
vt 0.348019987 0.397540003
vt 0.348024994 0.397587001
vt 0.348042011 0.397596985
vt 0.363234997 0.906566978
vt 0.363234997 0.906526029
vt 0.363189995 0.906585991
vt 0.343721986 0.394630998
vt 0.343804002 0.394686997
vt 0.343786001 0.394614011
vt 0.343721986 0.394630998
vt 0.343719989 0.394594014
vt 0.345735013 0.396730989
vt 0.345685989 0.396616995
vt 0.34563899 0.396692008
vt 0.343430996 0.393189013
vt 0.343418986 0.393036991
vt 0.343378991 0.393079996
vt 0.341906995 0.396034002
vt 0.341753989 0.396124989
vt 0.341948986 0.396106988
vt 0.341930002 0.393523991
vt 0.341939986 0.393599987
vt 0.342000991 0.393554986
vt 0.341554999 0.394167006
vt 0.341565996 0.394100994
vt 0.341553986 0.394111007
vt 0.342132002 0.393610001
vt 0.342078 0.393712997
vt 0.342137992 0.393730998
vt 0.366724014 0.904994011
vt 0.366733015 0.905007005
vt 0.36677599 0.90495199
vt 0.343807995 0.394616008
vt 0.343865991 0.394524008
vt 0.343787998 0.394560993
vt 0.343430996 0.393189013
vt 0.343378991 0.393079996
vt 0.343391001 0.39318499
vt 0.343409002 0.393296987
vt 0.343391001 0.39318499
vt 0.342148989 0.394050986
vt 0.342206001 0.394097
vt 0.342211008 0.394071996
vt 0.366272986 0.905080974
vt 0.366196007 0.905044973
vt 0.366185993 0.905093014
vt 0.343780994 0.392553002
vt 0.343623996 0.392560989
vt 0.343665987 0.392621994
vt 0.343780994 0.392553002
vt 0.343766987 0.392488986
vt 0.363550991 0.90614301
vt 0.363644987 0.906192005
vt 0.363647997 0.906150997
vt 0.341888994 0.393817991
vt 0.341948986 0.393878996
vt 0.341949999 0.393792003
vt 0.341910005 0.393739998
vt 0.341888994 0.393817991
vt 0.343378991 0.393079996
vt 0.343306988 0.392960995
vt 0.343263 0.393058985
vt 0.341693997 0.393943012
vt 0.34167999 0.394032001
vt 0.341755986 0.394033998
vt 0.341890007 0.395841002
vt 0.341933995 0.395880014
vt 0.341944009 0.395877987
vt 0.342929989 0.399367988
vt 0.342833012 0.399354011
vt 0.342824996 0.399439007
vt 0.346311986 0.393451989
vt 0.346278012 0.393456995
vt 0.346323997 0.393489987
vt 0.343715012 0.392818004
vt 0.343656003 0.392971009
vt 0.343768001 0.39289701
vt 0.342628002 0.395300001
vt 0.342667997 0.395231992
vt 0.342525989 0.395200998
vt 0.319674999 0.400812
vt 0.319685012 0.400700003
vt 0.319595009 0.40069899
vt 0.345573008 0.396798998
vt 0.345611006 0.396697998
vt 0.345595002 0.396701992
vt 0.366714001 0.905212998
vt 0.36677599 0.905210972
vt 0.366762996 0.905179024
vt 0.341951013 0.395900995
vt 0.341919988 0.395907998
vt 0.341926992 0.395958006
vt 0.343730003 0.394322991
vt 0.343618989 0.394315004
vt 0.343625993 0.394454002
vt 0.363377005 0.90506798
vt 0.363427997 0.905031979
vt 0.363380015 0.905023992
vt 0.348019004 0.391900003
vt 0.347968012 0.391902
vt 0.347979009 0.391979009
vt 0.346296012 0.393730998
vt 0.346188009 0.393684
vt 0.346193999 0.393757999
vt 0.341789991 0.393528014
vt 0.341872007 0.393521011
vt 0.341812015 0.393482
vt 0.344004005 0.392585993
vt 0.34395799 0.392545015
vt 0.344015002 0.392654985
vt 0.347445995 0.390790999
vt 0.347445011 0.390733004
vt 0.347427011 0.390733987
vt 0.343228012 0.397323996
vt 0.343174011 0.397341996
vt 0.343192995 0.397390991
vt 0.363193005 0.905543983
vt 0.363182992 0.905561984
vt 0.363288999 0.905569971
vt 0.342045993 0.394124001
vt 0.342002004 0.394169986
vt 0.342115015 0.394181997
vt 0.342115015 0.394181997
vt 0.342009008 0.394300014
vt 0.342009008 0.394300014
vt 0.342105001 0.394268006
vt 0.345423013 0.397534013
vt 0.345387995 0.397587001
vt 0.345432013 0.397549987
vt 0.343715996 0.394914001
vt 0.343800992 0.394926012
vt 0.343800992 0.394849002
vt 0.342198998 0.394189
vt 0.342115015 0.394181997
vt 0.342105001 0.394268006
vt 0.366283 0.905075014
vt 0.366394997 0.905112982
vt 0.366393 0.90505898
vt 0.347932994 0.391169012
vt 0.348004013 0.391178012
vt 0.347983003 0.391072005
vt 0.343719989 0.394594014
vt 0.343786001 0.394614011
vt 0.343787998 0.394560993
vt 0.343712002 0.394506991
vt 0.343713999 0.394540995
vt 0.363022 0.906610012
vt 0.363088995 0.906648993
vt 0.363099992 0.906598985
vt 0.346453995 0.393824995
vt 0.346477002 0.393743992
vt 0.346311003 0.393739015
vt 0.347712994 0.397924989
vt 0.347660989 0.397980988
vt 0.347763985 0.397980005
vt 0.350704014 0.400784999
vt 0.350704998 0.400748014
vt 0.35067001 0.400756001
vt 0.340842992 0.396560997
vt 0.340781003 0.396551013
vt 0.340768009 0.396631002
vt 0.363189995 0.906674027
vt 0.363213986 0.906678021
vt 0.363207012 0.906632006
vt 0.341841012 0.393754989
vt 0.341677994 0.393743992
vt 0.341699004 0.393835992
vt 0.365649998 0.907813013
vt 0.365655005 0.907836974
vt 0.365680009 0.907804012
vt 0.343351007 0.394335985
vt 0.343306988 0.394344002
vt 0.343331993 0.394414991
vt 0.344004005 0.392585993
vt 0.343988001 0.39252001
vt 0.34395799 0.392545015
vt 0.342655987 0.395417005
vt 0.342727005 0.395462006
vt 0.342749 0.395408005
vt 0.344568014 0.399942011
vt 0.344576001 0.400023997
vt 0.344626009 0.400009006
vt 0.343681008 0.393027008
vt 0.34366399 0.392958999
vt 0.343656003 0.392971009
vt 0.342195988 0.393795013
vt 0.342137992 0.393730998
vt 0.342130005 0.39377901
vt 0.342528999 0.395361006
vt 0.342483997 0.395408005
vt 0.34256199 0.395370007
vt 0.341996014 0.393985003
vt 0.342045009 0.393875003
vt 0.342029005 0.393869996
vt 0.341850996 0.395846009
vt 0.341811001 0.39578101
vt 0.341735989 0.395790994
vt 0.342197001 0.393604994
vt 0.342209995 0.393584996
vt 0.342137992 0.393570989
vt 0.342002004 0.394169986
vt 0.341960013 0.394116014
vt 0.341912001 0.394178987
vt 0.343524009 0.394255996
vt 0.343452007 0.394335002
vt 0.343531013 0.394331008
vt 0.342045993 0.394124001
vt 0.342058003 0.394064993
vt 0.341959 0.394073009
vt 0.341959 0.394073009
vt 0.341960013 0.394116014
vt 0.349049002 0.397796005
vt 0.349108994 0.397814006
vt 0.349087 0.397760987
vt 0.364665002 0.904388011
vt 0.364679009 0.904411972
vt 0.364670992 0.904386997
vt 0.36818701 0.905586004
vt 0.368225008 0.905577004
vt 0.368216991 0.90555799
vt 0.343407005 0.392627001
vt 0.34336099 0.392571986
vt 0.343353987 0.392650992
vt 0.343430012 0.392930001
vt 0.343421996 0.392843992
vt 0.343353987 0.392895013
vt 0.367285997 0.903123021
vt 0.367284 0.903168976
vt 0.367343009 0.903155029
vt 0.342144996 0.393851012
vt 0.342202008 0.393893003
vt 0.342200011 0.393837988
vt 0.343416989 0.394695014
vt 0.35155499 0.401410997
vt 0.343407989 0.394715011
vt 0.341021001 0.396528006
vt 0.340842992 0.39656201
vt 0.342009008 0.394300014
vt 0.311500996 0.397792995
vt 0.311396003 0.40130499
vt 0.311336994 0.401279986
vt 0.34801501 0.392031997
vt 0.348028004 0.391986012
vt 0.347979009 0.391979009
vt 0.342344999 0.395164013
vt 0.342388988 0.395130008
vt 0.342339993 0.395096004
vt 0.311396003 0.40130499
vt 0.311468005 0.401324004
vt 0.31141001 0.401297003
vt 0.363375008 0.905457973
vt 0.363418996 0.905467987
vt 0.364674985 0.904434979
vt 0.343349993 0.392742991
vt 0.343295991 0.392699987
vt 0.343311012 0.392807007
vt 0.346473992 0.393346012
vt 0.346570998 0.393436998
vt 0.34651199 0.393321007
vt 0.34326601 0.394840986
vt 0.343333006 0.394778013
vt 0.343270987 0.394791991
vt 0.345573008 0.396798998
vt 0.345595002 0.396703005
vt 0.34553799 0.396786004
vt 0.36333099 0.905198991
vt 0.363296002 0.905247986
vt 0.363305002 0.90525198
vt 0.347986996 0.398189992
vt 0.348048002 0.398117006
vt 0.348003 0.398111999
vt 0.341728002 0.39605099
vt 0.341877013 0.39598
vt 0.341724992 0.395994008
vt 0.342768997 0.395319998
vt 0.342628002 0.395300001
vt 0.342732012 0.395352989
vt 0.343495011 0.392504007
vt 0.343412012 0.392551988
vt 0.343528003 0.392560989
vt 0.343804002 0.393011004
vt 0.343842 0.392957002
vt 0.343787014 0.392949998
vt 0.341683 0.393721998
vt 0.34178099 0.393595994
vt 0.341659009 0.393656999
vt 0.342602015 0.395325989
vt 0.342532009 0.395298004
vt 0.342528999 0.395361006
vt 0.341957003 0.394037992
vt 0.341996014 0.393985003
vt 0.341906011 0.394021988
vt 0.346341014 0.393586993
vt 0.346414 0.393514007
vt 0.346329987 0.393563986
vt 0.343443006 0.393292993
vt 0.343463004 0.393375993
vt 0.343555987 0.393314987
vt 0.343106002 0.399192989
vt 0.343019992 0.399132013
vt 0.343043 0.399199992
vt 0.349510998 0.397491008
vt 0.348022997 0.392185003
vt 0.345371991 0.397388011
vt 0.349548995 0.397406995
vt 0.349498987 0.397401005
vt 0.349509001 0.397477001
vt 0.342041999 0.40209499
vt 0.341993988 0.401998997
vt 0.341913998 0.402069986
vt 0.346585006 0.393777996
vt 0.346605003 0.393694013
vt 0.346504003 0.393694013
vt 0.363418013 0.905220985
vt 0.363371998 0.905210972
vt 0.363375008 0.905239999
vt 0.341832012 0.402072996
vt 0.341913998 0.402069986
vt 0.341841012 0.401912004
vt 0.364284992 0.907401979
vt 0.364219993 0.905986011
vt 0.364237994 0.907344997
vt 0.340835005 0.396254987
vt 0.340844005 0.396216005
vt 0.340768993 0.396230012
vt 0.346193999 0.393757999
vt 0.346188009 0.393684
vt 0.346078992 0.393712014
vt 0.343443006 0.396674991
vt 0.34345299 0.39667201
vt 0.343423992 0.396605015
vt 0.34206301 0.393545002
vt 0.342000991 0.393554986
vt 0.342014998 0.393608987
vt 0.34633401 0.398277014
vt 0.346314013 0.398250997
vt 0.346311003 0.398303986
vt 0.348013997 0.397601992
vt 0.347988009 0.397608995
vt 0.348004013 0.397644013
vt 0.341850996 0.395846009
vt 0.341890007 0.395839006
vt 0.341865987 0.39577201
vt 0.343306988 0.392960995
vt 0.343378991 0.393079996
vt 0.343418986 0.393036991
vt 0.341764003 0.396183997
vt 0.341753989 0.396124989
vt 0.341536999 0.396144003
vt 0.343284994 0.394423008
vt 0.343293011 0.394492
vt 0.343340009 0.394493014
vt 0.347763985 0.398077011
vt 0.347752988 0.398061007
vt 0.347662985 0.398131996
vt 0.340822011 0.396427006
vt 0.340775013 0.396425992
vt 0.340781003 0.396551013
vt 0.348024011 0.392105997
vt 0.348037988 0.39211899
vt 0.348082989 0.392035007
vt 0.314339012 0.396364003
vt 0.314332992 0.396369994
vt 0.314343005 0.39637199
vt 0.309587985 0.39714399
vt 0.309583008 0.39715001
vt 0.309594989 0.397141993
vt 0.343329012 0.39309901
vt 0.343391001 0.39318499
vt 0.343378991 0.393079996
vt 0.310438991 0.398391992
vt 0.310440004 0.398389012
vt 0.310434014 0.398389012
vt 0.309632003 0.397166997
vt 0.30962801 0.397177994
vt 0.30964601 0.397168994
vt 0.313299 0.400570989
vt 0.313300997 0.400570005
vt 0.31330201 0.400557011
vt 0.309873015 0.396917999
vt 0.309877008 0.396928012
vt 0.309881985 0.396908998
vt 0.315290987 0.39388299
vt 0.315279007 0.39388299
vt 0.315290987 0.39388299
vt 0.343401015 0.394432008
vt 0.344695985 0.399857014
vt 0.343382001 0.394333005
vt 0.309747994 0.399019003
vt 0.30974701 0.399022996
vt 0.309758991 0.399010986
vt 0.311538994 0.39635101
vt 0.311531007 0.396355003
vt 0.311531007 0.396355003
vt 0.311771005 0.396232009
vt 0.311764985 0.396248996
vt 0.311776996 0.396228999
vt 0.311127007 0.39557001
vt 0.311123997 0.39558199
vt 0.311136007 0.395581007
vt 0.314693004 0.396510988
vt 0.314684004 0.396497995
vt 0.31468299 0.396510005
vt 0.311217993 0.397471011
vt 0.311221004 0.397486001
vt 0.311233014 0.397484988
vt 0.314608991 0.401580989
vt 0.314597011 0.401582003
vt 0.314601004 0.401591003
vt 0.309702992 0.397231996
vt 0.309693009 0.397233993
vt 0.309700012 0.397242993
vt 0.342137009 0.394071013
vt 0.342206001 0.394097
vt 0.342148989 0.394050986
vt 0.315858006 0.400649011
vt 0.315856993 0.400640011
vt 0.315845996 0.400655001
vt 0.314440012 0.396600991
vt 0.314449996 0.396600008
vt 0.314447999 0.396591991
vt 0.314143986 0.396504998
vt 0.314155996 0.396515012
vt 0.314155012 0.396503001
vt 0.309767991 0.398945004
vt 0.309783012 0.398954004
vt 0.309778988 0.398945987
vt 0.309354991 0.399123996
vt 0.309908986 0.396560013
vt 0.309354007 0.399147987
vt 0.311271012 0.397601008
vt 0.311262012 0.397588015
vt 0.311244994 0.397617012
vt 0.311336011 0.401205003
vt 0.311347991 0.401190013
vt 0.311338991 0.401192009
vt 0.311787009 0.395981997
vt 0.311623991 0.395990014
vt 0.311673999 0.396010995
vt 0.314691007 0.396524012
vt 0.314814001 0.396540999
vt 0.314819992 0.396517992
vt 0.311518997 0.396100014
vt 0.311513007 0.396079987
vt 0.311365992 0.396183997
vt 0.311396003 0.40130499
vt 0.311396986 0.401279986
vt 0.311336994 0.401279986
vt 0.311071992 0.400573999
vt 0.311046988 0.400604993
vt 0.311233014 0.397484988
vt 0.314040989 0.39645201
vt 0.313971013 0.396463007
vt 0.313964993 0.396474987
vt 0.311545014 0.395529985
vt 0.31160301 0.395520002
vt 0.311488003 0.395514995
vt 0.364273012 0.905954003
vt 0.364214003 0.905983984
vt 0.364219993 0.905986011
vt 0.310038 0.39715001
vt 0.309967995 0.397130013
vt 0.309969008 0.397139996
vt 0.343106002 0.399192989
vt 0.343043 0.399199992
vt 0.34305501 0.399224013
vt 0.364427 0.905727983
vt 0.36441499 0.90575999
vt 0.364436001 0.905740023
vt 0.311477989 0.395684004
vt 0.311500996 0.395781994
vt 0.311524004 0.395772994
vt 0.310144991 0.398411006
vt 0.310261011 0.398519009
vt 0.310277998 0.398501992
vt 0.309713006 0.396643013
vt 0.309700012 0.396634996
vt 0.309715003 0.396697015
vt 0.311277002 0.396072
vt 0.311251998 0.395985991
vt 0.311239988 0.39597699
vt 0.309547007 0.39715001
vt 0.309579998 0.397222996
vt 0.309572995 0.397204012
vt 0.309576005 0.397139013
vt 0.309547007 0.39715001
vt 0.309560001 0.397157997
vt 0.350703001 0.400797993
vt 0.350704014 0.400784999
vt 0.350677013 0.400795996
vt 0.309751987 0.398961008
vt 0.309783012 0.398954004
vt 0.309765995 0.398932993
vt 0.346370995 0.400680006
vt 0.346412003 0.400568008
vt 0.346385002 0.400575012
vt 0.315851003 0.400685996
vt 0.31585899 0.400651008
vt 0.315845996 0.400655001
vt 0.315301001 0.39379099
vt 0.31527701 0.393786013
vt 0.315277994 0.393842995
vt 0.314155996 0.396553993
vt 0.314155996 0.396542996
vt 0.314110011 0.396510005
vt 0.311387986 0.396367997
vt 0.311376005 0.39635399
vt 0.311289012 0.396333992
vt 0.311282992 0.396234006
vt 0.311289012 0.396259993
vt 0.311376005 0.396205992
vt 0.313299 0.400570989
vt 0.31330201 0.400557011
vt 0.313253999 0.400590986
vt 0.342615008 0.39763099
vt 0.342606992 0.397621989
vt 0.342455 0.397608995
vt 0.364432991 0.904487014
vt 0.364466012 0.904547989
vt 0.364479005 0.904537976
vt 0.315878004 0.40059799
vt 0.31586799 0.400575012
vt 0.31587401 0.400649995
vt 0.309534013 0.398981988
vt 0.309702009 0.398968995
vt 0.309697986 0.398952007
vt 0.314245999 0.396557003
vt 0.314319015 0.39654699
vt 0.314155996 0.396542996
vt 0.309626997 0.397152007
vt 0.30964601 0.397168994
vt 0.309621006 0.397098005
vt 0.311448991 0.397561014
vt 0.311466008 0.397617996
vt 0.311475009 0.397579998
vt 0.314758003 0.396779001
vt 0.314747989 0.396784008
vt 0.314770997 0.396824986
vt 0.311136007 0.395581007
vt 0.311235994 0.395556986
vt 0.311203986 0.39555499
vt 0.311383009 0.395617992
vt 0.311360002 0.395617008
vt 0.311369002 0.395680994
vt 0.309855998 0.396898001
vt 0.309843004 0.396901011
vt 0.309861004 0.396923006
vt 0.311753005 0.395857006
vt 0.311735988 0.395857006
vt 0.311787009 0.395981997
vt 0.314125001 0.396791995
vt 0.314105004 0.396883011
vt 0.314126015 0.396876007
vt 0.311648011 0.396147996
vt 0.311661005 0.396063
vt 0.311636001 0.396064013
vt 0.308587015 0.399578989
vt 0.308613002 0.399603993
vt 0.308591008 0.399477988
vt 0.314424992 0.396822006
vt 0.314449996 0.396737009
vt 0.314437002 0.39674601
vt 0.311771005 0.396232009
vt 0.311538994 0.39635101
vt 0.311574996 0.396346003
vt 0.309531987 0.396894008
vt 0.309534997 0.396903008
vt 0.309643 0.396910012
vt 0.311639994 0.397668004
vt 0.311618 0.397666991
vt 0.311634988 0.397740006
vt 0.309974015 0.396910012
vt 0.311852992 0.395911992
vt 0.310034007 0.396946013
vt 0.309354991 0.399123996
vt 0.309354991 0.399147987
vt 0.309563011 0.399125993
vt 0.316929996 0.400810003
vt 0.316974998 0.400864005
vt 0.315881014 0.401326001
vt 0.311170995 0.395718992
vt 0.311185986 0.395702988
vt 0.311192989 0.395624995
vt 0.366465986 0.905095994
vt 0.366468012 0.905054986
vt 0.366461009 0.905052006
vt 0.311102003 0.396185011
vt 0.311686993 0.397893012
vt 0.311690003 0.397967994
vt 0.311720997 0.395496011
vt 0.31159699 0.39548701
vt 0.311605006 0.395496994
vt 0.314081997 0.396578997
vt 0.307934999 0.392246991
vt 0.31417501 0.396631986
vt 0.311408997 0.39774701
vt 0.31141001 0.39775601
vt 0.311508 0.397704005
vt 0.31952101 0.400732011
vt 0.319514006 0.400721014
vt 0.31951201 0.400812
vt 0.319487005 0.400716007
vt 0.319449008 0.400824994
vt 0.319476008 0.40081799
vt 0.313369989 0.399839014
vt 0.313427001 0.399755001
vt 0.313407004 0.399764001
vt 0.314945012 0.395989001
vt 0.31488499 0.395936012
vt 0.314871013 0.395940006
vt 0.345515996 0.396845013
vt 0.345571995 0.396800011
vt 0.34553799 0.396786004
vt 0.343369991 0.394241005
vt 0.343369991 0.394320995
vt 0.343437999 0.394241005
vt 0.343437999 0.394241005
vt 0.343382001 0.394333005
vt 0.343452007 0.394335002
vt 0.343555987 0.393314987
vt 0.343463004 0.393375993
vt 0.343665004 0.393319994
vt 0.346248001 0.398214996
vt 0.346248001 0.398292989
vt 0.346305013 0.398232013
vt 0.346305013 0.398232013
vt 0.346248001 0.398292989
vt 0.346314013 0.398250997
vt 0.344006002 0.392753005
vt 0.343921006 0.392803997
vt 0.344020993 0.392859012
vt 0.344020993 0.392859012
vt 0.343921006 0.392803997
vt 0.344018012 0.392881006
vt 0.341888994 0.393817991
vt 0.341910005 0.393739998
vt 0.34187901 0.393803
vt 0.34187901 0.393803
vt 0.341892004 0.393727988
vt 0.341841012 0.393754989
vt 0.341841012 0.393754989
vt 0.341892004 0.393727988
vt 0.341845006 0.393743008
vt 0.367677003 0.905282974
vt 0.367720991 0.905335009
vt 0.367709011 0.905261993
vt 0.340835005 0.396254987
vt 0.344581991 0.40070501
vt 0.340844005 0.396216005
vt 0.342608005 0.395336986
vt 0.342696011 0.395372987
vt 0.342732012 0.395352989
vt 0.347914994 0.391261995
vt 0.348004013 0.391178012
vt 0.347932994 0.391169012
vt 0.364520997 0.905586004
vt 0.364571005 0.905650973
vt 0.364571989 0.905586004
vt 0.365824997 0.907168984
vt 0.365882009 0.907180011
vt 0.365851998 0.907124996
vt 0.365851998 0.907124996
vt 0.365882009 0.907180011
vt 0.365895987 0.907139003
vt 0.314608991 0.401580989
vt 0.314640999 0.401589006
vt 0.314635009 0.401580006
vt 0.341724992 0.394216001
vt 0.341767013 0.394216001
vt 0.341733009 0.394181997
vt 0.341733009 0.394181997
vt 0.341767013 0.394216001
vt 0.341749012 0.394169986
vt 0.341749012 0.394169986
vt 0.341767013 0.394216001
vt 0.341782004 0.394161999
vt 0.314613014 0.401502013
vt 0.314608991 0.401580989
vt 0.314635009 0.401580006
vt 0.314608991 0.401580989
vt 0.314613014 0.401502013
vt 0.314590991 0.401571006
vt 0.341949999 0.393792003
vt 0.342014015 0.393770009
vt 0.341966003 0.393725991
vt 0.364535004 0.904739976
vt 0.364616007 0.904789984
vt 0.364630014 0.90477097
vt 0.347052991 0.39330101
vt 0.347043008 0.393258005
vt 0.347041994 0.393278003
vt 0.346334994 0.393449992
vt 0.346323997 0.393489987
vt 0.346464992 0.393451989
vt 0.346464992 0.393451989
vt 0.346323997 0.393489987
vt 0.346486986 0.39349401
vt 0.364199013 0.904742002
vt 0.364156008 0.904753983
vt 0.364165008 0.90475899
vt 0.346971005 0.39338401
vt 0.346989989 0.393326014
vt 0.346980006 0.393330008
vt 0.342000991 0.393554986
vt 0.34206301 0.393545002
vt 0.342000991 0.393505007
vt 0.342000991 0.393505007
vt 0.34206301 0.393545002
vt 0.34206599 0.393496007
vt 0.31941101 0.400891006
vt 0.319297999 0.400835007
vt 0.319296986 0.400913
vt 0.344588995 0.395850986
vt 0.344633996 0.395830005
vt 0.344567001 0.395785004
vt 0.344567001 0.395785004
vt 0.344621986 0.395763993
vt 0.344617009 0.395740002
vt 0.341576993 0.393869013
vt 0.341535002 0.393817991
vt 0.34156999 0.393871993
vt 0.343387008 0.394477993
vt 0.343430012 0.394535005
vt 0.343445987 0.394483
vt 0.364270985 0.904627979
vt 0.364277989 0.904688001
vt 0.364308 0.904636979
vt 0.343555987 0.393314987
vt 0.343665004 0.393319994
vt 0.343686998 0.393303007
vt 0.346901 0.393323004
vt 0.346971005 0.39338401
vt 0.346980006 0.393330008
vt 0.340703011 0.396432996
vt 0.340754986 0.396526009
vt 0.340750009 0.396427006
vt 0.364475012 0.905586004
vt 0.364511013 0.905682981
vt 0.364520997 0.905586004
vt 0.34176299 0.394089013
vt 0.341751009 0.394097
vt 0.341784 0.394102991
vt 0.341784 0.394102991
vt 0.341740996 0.394151002
vt 0.341796011 0.394125015
vt 0.341751009 0.394097
vt 0.341740996 0.394151002
vt 0.341784 0.394102991
vt 0.341796011 0.394125015
vt 0.341740996 0.394151002
vt 0.341782004 0.394161999
vt 0.342667997 0.395231992
vt 0.342537999 0.395157993
vt 0.342525989 0.395200998
vt 0.340781003 0.396551013
vt 0.340682 0.396607012
vt 0.340768009 0.396631002
vt 0.348035991 0.397522002
vt 0.348001987 0.397471994
vt 0.348019987 0.397540003
vt 0.366685003 0.905170977
vt 0.366762996 0.905179024
vt 0.366750002 0.905115008
vt 0.34355101 0.392565012
vt 0.34356001 0.392632008
vt 0.343623996 0.392560989
vt 0.346341014 0.393586993
vt 0.346504003 0.393694013
vt 0.34651199 0.393635988
vt 0.347804993 0.390843987
vt 0.347867012 0.390956998
vt 0.347883999 0.390825003
vt 0.343270987 0.394791991
vt 0.343333006 0.394778013
vt 0.343270004 0.394719988
vt 0.34563899 0.396692008
vt 0.345596999 0.396804005
vt 0.345735013 0.396730989
vt 0.341701001 0.393862993
vt 0.341589004 0.393887997
vt 0.341693997 0.393943012
vt 0.363815993 0.906286001
vt 0.363786995 0.906297028
vt 0.363806009 0.906313002
vt 0.341906995 0.396034002
vt 0.341728002 0.39605099
vt 0.341753989 0.396124989
vt 0.341753989 0.396124989
vt 0.341728002 0.39605099
vt 0.341731012 0.396073014
vt 0.341728002 0.39605099
vt 0.341906995 0.396034002
vt 0.341877013 0.39598
vt 0.347470999 0.39083001
vt 0.347526014 0.390760988
vt 0.347469002 0.39073801
vt 0.362971008 0.906693995
vt 0.362964988 0.90674597
vt 0.363072008 0.906692982
vt 0.363247007 0.906817019
vt 0.36311999 0.906868994
vt 0.363256991 0.906867981
vt 0.34760499 0.397976995
vt 0.347586989 0.398061007
vt 0.347660989 0.397980988
vt 0.347660989 0.397980988
vt 0.347586989 0.398061007
vt 0.347671002 0.398061991
vt 0.345384985 0.397540987
vt 0.345441014 0.39743799
vt 0.345389009 0.397437006
vt 0.343923002 0.392663002
vt 0.344015002 0.392654985
vt 0.34395799 0.392545015
vt 0.344015002 0.392654985
vt 0.343923002 0.392663002
vt 0.344011009 0.392677009
vt 0.346273005 0.393830001
vt 0.346193999 0.393757999
vt 0.346197993 0.393831015
vt 0.342985004 0.399628013
vt 0.343102008 0.399540991
vt 0.343050987 0.39952299
vt 0.341957003 0.394037992
vt 0.341969997 0.394048989
vt 0.341996014 0.393985003
vt 0.341996014 0.393985003
vt 0.34207499 0.394012004
vt 0.34208101 0.393967003
vt 0.343558997 0.394555002
vt 0.343432993 0.394609004
vt 0.343573987 0.394623011
vt 0.347158998 0.392944008
vt 0.347144991 0.392964005
vt 0.347198993 0.393011987
vt 0.347198993 0.393011987
vt 0.347148001 0.392986
vt 0.347169995 0.393016994
vt 0.341643989 0.394169003
vt 0.341596007 0.394235998
vt 0.341654986 0.394241005
vt 0.349115014 0.395161986
vt 0.34910199 0.395173013
vt 0.349128991 0.395163
vt 0.349128991 0.395163
vt 0.349099994 0.395208001
vt 0.349144995 0.395179987
vt 0.34910199 0.395173013
vt 0.349099994 0.395208001
vt 0.349128991 0.395163
vt 0.349144995 0.395179987
vt 0.349110991 0.395222992
vt 0.349164009 0.395236999
vt 0.314561009 0.40151599
vt 0.314653993 0.401495993
vt 0.314585 0.401428998
vt 0.314585 0.401428998
vt 0.31467101 0.401439011
vt 0.319512993 0.400887996
vt 0.319451004 0.400826007
vt 0.319445997 0.400891989
vt 0.366676986 0.908542991
vt 0.366641998 0.908487022
vt 0.366634011 0.908542991
vt 0.363700986 0.906288028
vt 0.36373499 0.906341016
vt 0.363761991 0.906310022
vt 0.343407005 0.392627001
vt 0.343353987 0.392650992
vt 0.343421012 0.392711997
vt 0.343421012 0.392711997
vt 0.343338996 0.392666996
vt 0.343349993 0.392742991
vt 0.343578011 0.392796993
vt 0.343668997 0.392729014
vt 0.34356001 0.392717987
vt 0.34356001 0.392717987
vt 0.34356901 0.392699003
vt 0.346197993 0.393831015
vt 0.346087992 0.393777013
vt 0.346078992 0.393846989
vt 0.347873986 0.391066015
vt 0.347880006 0.391059011
vt 0.347855002 0.391050994
vt 0.347855002 0.391050994
vt 0.347867012 0.390982985
vt 0.347476006 0.391041011
vt 0.343338996 0.392666996
vt 0.34336099 0.392571986
vt 0.343277991 0.392607987
vt 0.343277991 0.392607987
vt 0.34336099 0.392571986
vt 0.343291998 0.392529994
vt 0.346565992 0.393842995
vt 0.346477002 0.393743992
vt 0.346453995 0.393824995
vt 0.346213996 0.393458009
vt 0.346132994 0.393422991
vt 0.346109986 0.393472999
vt 0.341892004 0.393727988
vt 0.341838002 0.393734992
vt 0.341845006 0.393743008
vt 0.346197993 0.393831015
vt 0.34610799 0.393905997
vt 0.346193999 0.393895
vt 0.341957986 0.393913001
vt 0.342011005 0.393848002
vt 0.341948986 0.393878996
vt 0.343903989 0.392803997
vt 0.343787014 0.392949998
vt 0.34395501 0.392928988
vt 0.342137992 0.393570989
vt 0.34207499 0.39360401
vt 0.342132002 0.393610001
vt 0.346872002 0.393646985
vt 0.346814007 0.393554002
vt 0.346814007 0.393655986
vt 0.364396006 0.905524015
vt 0.364399999 0.905580997
vt 0.364466012 0.905516028
vt 0.364466012 0.905516028
vt 0.364399999 0.905580997
vt 0.364475012 0.905586004
vt 0.342749 0.395408005
vt 0.342732012 0.395352989
vt 0.342696011 0.395372987
vt 0.343896002 0.39259699
vt 0.343692005 0.392720014
vt 0.343843013 0.392708987
vt 0.363534987 0.906233013
vt 0.363644987 0.906192005
vt 0.363519996 0.906166971
vt 0.343421996 0.392843992
vt 0.343430012 0.392930001
vt 0.343490005 0.392926991
vt 0.343445987 0.394483
vt 0.343439013 0.394547999
vt 0.343542993 0.394490004
vt 0.343542993 0.394490004
vt 0.343439013 0.394547999
vt 0.343558997 0.394555002
vt 0.367448002 0.904066026
vt 0.36748299 0.904105008
vt 0.367484987 0.90406698
vt 0.36748299 0.904105008
vt 0.367439002 0.904073
vt 0.36747399 0.904112995
vt 0.36747399 0.904112995
vt 0.367439002 0.904073
vt 0.367437989 0.904111981
vt 0.31941101 0.400891006
vt 0.319451004 0.400826007
vt 0.319408 0.400819004
vt 0.341870993 0.395924002
vt 0.341724992 0.395994008
vt 0.341877013 0.39598
vt 0.345596999 0.396804005
vt 0.345654011 0.396939993
vt 0.345735013 0.396829009
vt 0.341711015 0.393555999
vt 0.34178099 0.393595994
vt 0.341789991 0.393528014
vt 0.348084986 0.391927004
vt 0.348028004 0.391986012
vt 0.348096997 0.391986996
vt 0.341841012 0.401912004
vt 0.341841996 0.401872009
vt 0.341753989 0.401906013
vt 0.344779015 0.399852008
vt 0.344642013 0.399960011
vt 0.344794005 0.399973005
vt 0.341643989 0.394169003
vt 0.341554999 0.394167006
vt 0.341596007 0.394235998
vt 0.341731012 0.396073014
vt 0.341536999 0.396144003
vt 0.341753989 0.396124989
vt 0.346502006 0.393498003
vt 0.346464992 0.393451989
vt 0.346486986 0.39349401
vt 0.363059998 0.905187011
vt 0.363052011 0.905183017
vt 0.363070995 0.90525502
vt 0.347337991 0.390899003
vt 0.347447008 0.39083001
vt 0.347330987 0.390827
vt 0.342483997 0.395408005
vt 0.344617009 0.395740002
vt 0.342447996 0.395451993
vt 0.342069 0.394035012
vt 0.342061013 0.394026995
vt 0.342058003 0.394064993
vt 0.364371002 0.904533982
vt 0.364466012 0.904547989
vt 0.364432991 0.904487014
vt 0.341672987 0.393720001
vt 0.341659009 0.393656999
vt 0.341560006 0.393642008
vt 0.363714993 0.906260014
vt 0.363700986 0.906286001
vt 0.363786995 0.906297028
vt 0.34129101 0.398515999
vt 0.341302991 0.398506999
vt 0.341239005 0.398499995
vt 0.341302991 0.39842099
vt 0.341230989 0.398411006
vt 0.341239005 0.398499995
vt 0.341838986 0.394118994
vt 0.341845006 0.394035995
vt 0.341787994 0.394039989
vt 0.364358008 0.905745983
vt 0.364367992 0.905793011
vt 0.36441499 0.90575999
vt 0.343804002 0.393011004
vt 0.343681008 0.393027008
vt 0.343791008 0.393097013
vt 0.343791008 0.393097013
vt 0.343686998 0.393047988
vt 0.343726009 0.393121004
vt 0.348910987 0.394100994
vt 0.348856002 0.394028008
vt 0.348863006 0.394102991
vt 0.347335011 0.390736014
vt 0.347445995 0.390790999
vt 0.347427011 0.390733987
vt 0.347445995 0.390790999
vt 0.347330987 0.390827
vt 0.347447008 0.39083001
vt 0.347330987 0.390827
vt 0.347335011 0.390736014
vt 0.347323 0.390749007
vt 0.34158501 0.393947989
vt 0.34167999 0.394032001
vt 0.341693997 0.393943012
vt 0.343578011 0.392796993
vt 0.343445003 0.392774999
vt 0.343421996 0.392843992
vt 0.344599992 0.398209989
vt 0.344590992 0.398324996
vt 0.344660997 0.398270011
vt 0.34454 0.396003008
vt 0.344608009 0.395915985
vt 0.344552994 0.395909995
vt 0.341865987 0.395898998
vt 0.341719002 0.395862997
vt 0.341704011 0.395913005
vt 0.343026996 0.399446011
vt 0.34314701 0.399484009
vt 0.343106002 0.399408013
vt 0.343802005 0.394228011
vt 0.343861014 0.394246995
vt 0.34384799 0.394232988
vt 0.342363 0.395532012
vt 0.342254996 0.39557901
vt 0.342348009 0.395606995
vt 0.341957986 0.393711001
vt 0.342014998 0.393608987
vt 0.341951013 0.393638998
vt 0.342014998 0.393608987
vt 0.341957986 0.393711001
vt 0.342022002 0.393714994
vt 0.341674 0.395686001
vt 0.343475997 0.396797001
vt 0.345735013 0.396730989
vt 0.342202991 0.39426899
vt 0.342117995 0.394315004
vt 0.342204005 0.394313991
vt 0.343596995 0.394863993
vt 0.343659014 0.394861013
vt 0.343600988 0.394771993
vt 0.344525993 0.400023013
vt 0.344567001 0.400090009
vt 0.344576001 0.400023997
vt 0.341939986 0.393599987
vt 0.34187901 0.393655002
vt 0.341951013 0.393638998
vt 0.346370995 0.393925011
vt 0.346273005 0.393830001
vt 0.346251994 0.393918008
vt 0.345441014 0.39743799
vt 0.345470011 0.397504002
vt 0.345476002 0.397433996
vt 0.36333099 0.905090988
vt 0.363297999 0.905166984
vt 0.363335997 0.90516597
vt 0.343106002 0.399408013
vt 0.343023986 0.399403006
vt 0.343026996 0.399446011
vt 0.343676001 0.394650996
vt 0.343578011 0.394704014
vt 0.343677014 0.394722015
vt 0.343677014 0.394722015
vt 0.343578011 0.394704014
vt 0.343668997 0.394739985
vt 0.364472985 0.904757023
vt 0.364535004 0.904739976
vt 0.364517987 0.904739976
vt 0.364535004 0.904739976
vt 0.364455998 0.904872
vt 0.364616007 0.904789984
vt 0.34621501 0.393528998
vt 0.34620899 0.393608004
vt 0.346222997 0.393537998
vt 0.343618989 0.394315004
vt 0.34354499 0.394445002
vt 0.343625993 0.394454002
vt 0.342301011 0.395141006
vt 0.342267007 0.395076007
vt 0.342247993 0.395116001
vt 0.319514006 0.400721014
vt 0.319476008 0.40081799
vt 0.31951201 0.400812
vt 0.344509989 0.400175989
vt 0.344531 0.400256008
vt 0.35155499 0.401410997
vt 0.342105001 0.394268006
vt 0.342009008 0.394300014
vt 0.342117995 0.394315004
vt 0.344541013 0.399866015
vt 0.344518006 0.399949998
vt 0.344568014 0.399942011
vt 0.347337991 0.390899003
vt 0.347476006 0.391041011
vt 0.347456992 0.390861988
vt 0.363193005 0.905543983
vt 0.363202006 0.905484974
vt 0.363182008 0.905532002
vt 0.34326601 0.394840986
vt 0.343338013 0.394892007
vt 0.343333006 0.394778013
vt 0.343333006 0.394778013
vt 0.343338013 0.394892007
vt 0.343434989 0.394841999
vt 0.341989994 0.396007001
vt 0.341915011 0.395999014
vt 0.341924995 0.396023989
vt 0.341915011 0.395999014
vt 0.341989994 0.396007001
vt 0.341915011 0.395971
vt 0.36638999 0.905152023
vt 0.366259009 0.905129015
vt 0.366371006 0.905187011
vt 0.366371006 0.905187011
vt 0.366259009 0.905129015
vt 0.366255999 0.905183971
vt 0.343816012 0.393096
vt 0.342195988 0.393795013
vt 0.343842 0.392957002
vt 0.341912001 0.394178987
vt 0.342009008 0.394300014
vt 0.342002004 0.394169986
vt 0.341841012 0.401912004
vt 0.341751009 0.401960999
vt 0.341832012 0.402072996
vt 0.341751009 0.401960999
vt 0.341760993 0.402079999
vt 0.341832012 0.402072996
vt 0.341574997 0.394017011
vt 0.341657013 0.394113988
vt 0.34167999 0.394032001
vt 0.341690987 0.396201998
vt 0.341764003 0.396183997
vt 0.341547996 0.396212012
vt 0.34620899 0.393608004
vt 0.346188009 0.393684
vt 0.346314013 0.393660992
vt 0.342090011 0.39349699
vt 0.342087001 0.393548995
vt 0.342141002 0.393507004
vt 0.342141002 0.393507004
vt 0.342087001 0.393548995
vt 0.342137992 0.393570989
vt 0.342090011 0.39349699
vt 0.342076987 0.393510014
vt 0.342087001 0.393548995
vt 0.344006002 0.392753005
vt 0.342148989 0.394050986
vt 0.342211008 0.394071996
vt 0.341883987 0.393949986
vt 0.341769993 0.393997997
vt 0.341802001 0.394012004
vt 0.34354499 0.394445002
vt 0.343445987 0.394483
vt 0.343542993 0.394490004
vt 0.34364599 0.392628998
vt 0.34356001 0.392632008
vt 0.34356901 0.392699003
vt 0.34356901 0.392699003
vt 0.34356001 0.392632008
vt 0.343558013 0.392693996
vt 0.343602985 0.394950986
vt 0.343659014 0.394861013
vt 0.343596995 0.394863993
vt 0.363119006 0.905425012
vt 0.363124013 0.905404985
vt 0.363117009 0.905413985
vt 0.343865007 0.394676
vt 0.343807995 0.394616008
vt 0.343804002 0.394686997
vt 0.347184002 0.393106014
vt 0.347169995 0.393016994
vt 0.347153008 0.393106014
vt 0.366459012 0.905098975
vt 0.366393 0.90505898
vt 0.366394997 0.905112982
vt 0.343268991 0.397486001
vt 0.343214989 0.39753899
vt 0.343239993 0.397520989
vt 0.341728002 0.39605099
vt 0.341540009 0.396003991
vt 0.341522992 0.396070987
vt 0.342130005 0.39377901
vt 0.342078 0.393821001
vt 0.342135012 0.393819988
vt 0.343214989 0.39753899
vt 0.343203992 0.397578001
vt 0.343214989 0.397552013
vt 0.319487005 0.400716007
vt 0.319415987 0.400754005
vt 0.319449008 0.400824994
vt 0.319449008 0.400824994
vt 0.319415987 0.400754005
vt 0.319408 0.400819004
vt 0.344567001 0.395785004
vt 0.344617009 0.395740002
vt 0.344561011 0.395677
vt 0.344561011 0.395677
vt 0.344617009 0.395740002
vt 0.344601989 0.395651996
vt 0.342135012 0.394138008
vt 0.342198998 0.394189
vt 0.342198014 0.394151986
vt 0.343623996 0.392560989
vt 0.343712986 0.392488986
vt 0.343567014 0.392515004
vt 0.346814007 0.393655986
vt 0.346841007 0.393741995
vt 0.346872002 0.393646985
vt 0.346872002 0.393646985
vt 0.346841007 0.393741995
vt 0.346920997 0.393720001
vt 0.343537003 0.392628014
vt 0.343558013 0.392693996
vt 0.34356001 0.392632008
vt 0.343407989 0.394715011
vt 0.343306988 0.394710004
vt 0.343333006 0.394778013
vt 0.343304008 0.392527997
vt 0.34336099 0.392571986
vt 0.343403995 0.392504007
vt 0.343403995 0.392504007
vt 0.34336099 0.392571986
vt 0.343412012 0.392551988
vt 0.346614987 0.393626004
vt 0.34660399 0.393615991
vt 0.346617997 0.39368099
vt 0.346617997 0.39368099
vt 0.34660399 0.393615991
vt 0.346605003 0.393694013
vt 0.346605003 0.393694013
vt 0.34651199 0.393635988
vt 0.346504003 0.393694013
vt 0.34691599 0.393730998
vt 0.346859008 0.39378801
vt 0.346938998 0.393772006
vt 0.34620899 0.393608004
vt 0.346103996 0.393631995
vt 0.346188009 0.393684
vt 0.347988009 0.397608995
vt 0.348013997 0.397601992
vt 0.347994 0.39754501
vt 0.347994 0.39754501
vt 0.348024994 0.397587001
vt 0.348019987 0.397540003
vt 0.363458008 0.906453013
vt 0.363454014 0.906490028
vt 0.363521993 0.906472027
vt 0.363521993 0.906472027
vt 0.363460988 0.906502008
vt 0.363505989 0.906526029
vt 0.342339993 0.395096004
vt 0.342285991 0.395045012
vt 0.342267007 0.395076007
vt 0.341809005 0.394194007
vt 0.341838986 0.394118994
vt 0.341782004 0.394161999
vt 0.341838986 0.394118994
vt 0.341809005 0.394194007
vt 0.341859996 0.394178003
vt 0.343659014 0.394861013
vt 0.343715996 0.394914001
vt 0.343719006 0.394845009
vt 0.343782008 0.392477006
vt 0.34395799 0.392545015
vt 0.343952 0.392464012
vt 0.311336011 0.401304007
vt 0.311381996 0.401410997
vt 0.311396003 0.40130499
vt 0.342141002 0.393871009
vt 0.342045009 0.393875003
vt 0.34208101 0.393967003
vt 0.342045009 0.393875003
vt 0.342079997 0.393835008
vt 0.342049986 0.393855989
vt 0.343923002 0.392663002
vt 0.343843013 0.392708987
vt 0.344006002 0.392753005
vt 0.344006002 0.392753005
vt 0.343903989 0.392803997
vt 0.343921006 0.392803997
vt 0.343903989 0.392803997
vt 0.343733013 0.392811
vt 0.343768001 0.39289701
vt 0.343733013 0.392811
vt 0.343903989 0.392803997
vt 0.343843013 0.392708987
vt 0.341872007 0.393521011
vt 0.341868013 0.393577009
vt 0.341930002 0.393523991
vt 0.341930002 0.393523991
vt 0.341881007 0.393590987
vt 0.341939986 0.393599987
vt 0.343421996 0.392843992
vt 0.343620002 0.392868996
vt 0.343578011 0.392796993
vt 0.343865991 0.394524008
vt 0.343782008 0.394463003
vt 0.343787998 0.394560993
vt 0.342918009 0.399069995
vt 0.343005002 0.399055988
vt 0.342927009 0.398997992
vt 0.342927009 0.398997992
vt 0.343005002 0.399055988
vt 0.343014002 0.398990989
vt 0.346971005 0.39338401
vt 0.346852005 0.393444985
vt 0.346987993 0.393465012
vt 0.343192995 0.397390991
vt 0.343221992 0.39744401
vt 0.343284011 0.397367001
vt 0.343284011 0.397367001
vt 0.343324006 0.397410989
vt 0.343304992 0.397374004
vt 0.343896002 0.39259699
vt 0.343843013 0.392708987
vt 0.343923002 0.392663002
vt 0.311383992 0.401183993
vt 0.311336011 0.401205003
vt 0.311396986 0.401279986
vt 0.311396986 0.401279986
vt 0.311336011 0.401205003
vt 0.311336994 0.401279986
vt 0.344576001 0.400023997
vt 0.344644994 0.400074005
vt 0.344626009 0.400009006
vt 0.348004013 0.391178012
vt 0.348039001 0.391090989
vt 0.347983003 0.391072005
vt 0.347209007 0.39310199
vt 0.347198993 0.393011987
vt 0.347184002 0.393106014
vt 0.341753989 0.395691991
vt 0.341825992 0.395769
vt 0.341827005 0.395684987
vt 0.347256988 0.390789986
vt 0.347323 0.390749007
vt 0.347258002 0.390760005
vt 0.347258002 0.390760005
vt 0.347323 0.390749007
vt 0.347310007 0.390740991
vt 0.343701005 0.393287003
vt 0.343544006 0.393153995
vt 0.343686998 0.393303007
vt 0.343686998 0.393303007
vt 0.343544006 0.39330101
vt 0.343555987 0.393314987
vt 0.341603994 0.395698994
vt 0.341592997 0.395783007
vt 0.341650009 0.395687997
vt 0.348040998 0.391371995
vt 0.347974986 0.391326994
vt 0.347990006 0.391344011
vt 0.347974986 0.391326994
vt 0.348057002 0.391162008
vt 0.348004013 0.391178012
vt 0.342137992 0.393730998
vt 0.342070997 0.393761009
vt 0.342130005 0.39377901
vt 0.348035991 0.397522002
vt 0.348019987 0.397540003
vt 0.348042011 0.397596985
vt 0.348042011 0.397596985
vt 0.348024994 0.397587001
vt 0.348037004 0.397596985
vt 0.36322701 0.906578004
vt 0.363234997 0.906566978
vt 0.363189995 0.906585991
vt 0.363189995 0.906585991
vt 0.363234997 0.906526029
vt 0.363162994 0.906526029
vt 0.34563899 0.396692008
vt 0.345685989 0.396616995
vt 0.345667988 0.396625012
vt 0.345685989 0.396616995
vt 0.345735013 0.396730989
vt 0.345768005 0.396632999
vt 0.364125997 0.907739997
vt 0.364165992 0.907766998
vt 0.364196002 0.90771699
vt 0.341930002 0.393523991
vt 0.342000991 0.393554986
vt 0.342000991 0.393505007
vt 0.341643989 0.394169003
vt 0.341565996 0.394100994
vt 0.341554999 0.394167006
vt 0.342132002 0.393610001
vt 0.342137992 0.393730998
vt 0.342204005 0.393637002
vt 0.366712004 0.904938996
vt 0.366724014 0.904994011
vt 0.36677599 0.90495199
vt 0.36677599 0.90495199
vt 0.366733015 0.905007005
vt 0.366766989 0.905026972
vt 0.343865991 0.394524008
vt 0.343807995 0.394616008
vt 0.343863994 0.394616991
vt 0.341948986 0.393878996
vt 0.342011005 0.393848002
vt 0.341949999 0.393792003
vt 0.341949999 0.393792003
vt 0.342011005 0.393848002
vt 0.342014015 0.393770009
vt 0.348022997 0.392185003
vt 0.347979009 0.392122
vt 0.347975999 0.392176986
vt 0.366272986 0.905080974
vt 0.366185993 0.905093014
vt 0.366259009 0.905129015
vt 0.34364599 0.392628998
vt 0.343665987 0.392621994
vt 0.343623996 0.392560989
vt 0.34187901 0.393803
vt 0.341841012 0.393754989
vt 0.341809988 0.393851995
vt 0.363575011 0.906111002
vt 0.363550991 0.90614301
vt 0.363647997 0.906150997
vt 0.363647997 0.906150997
vt 0.363644987 0.906192005
vt 0.363653004 0.906162977
vt 0.341881007 0.393907994
vt 0.341948986 0.393878996
vt 0.341888994 0.393817991
vt 0.343533993 0.393130988
vt 0.343681008 0.393027008
vt 0.343508005 0.393016994
vt 0.343681008 0.393027008
vt 0.343656003 0.392971009
vt 0.341890007 0.395841002
vt 0.341944009 0.395877987
vt 0.341933995 0.395787001
vt 0.346311986 0.393451989
vt 0.346323997 0.393489987
vt 0.346323997 0.393462002
vt 0.343656003 0.392971009
vt 0.343715012 0.392818004
vt 0.343620002 0.392868996
vt 0.343715012 0.392818004
vt 0.343768001 0.39289701
vt 0.343733013 0.392811
vt 0.342628002 0.395300001
vt 0.342525989 0.395200998
vt 0.342532009 0.395298004
vt 0.347463995 0.390919
vt 0.347456992 0.390861988
vt 0.347476006 0.391041011
vt 0.347476006 0.391041011
vt 0.347337991 0.390899003
vt 0.347339988 0.39110899
vt 0.344626009 0.400009006
vt 0.344689012 0.400014013
vt 0.344626993 0.399973005
vt 0.344626993 0.399973005
vt 0.344689012 0.400014013
vt 0.344642013 0.399960011
vt 0.319674999 0.400812
vt 0.319534987 0.400792986
vt 0.319537014 0.400810987
vt 0.319534987 0.400792986
vt 0.319674999 0.400812
vt 0.319595009 0.40069899
vt 0.319595009 0.40069899
vt 0.319685012 0.400700003
vt 0.319619 0.400683999
vt 0.346509993 0.393559009
vt 0.346502006 0.393498003
vt 0.346496999 0.393516988
vt 0.341951013 0.395900995
vt 0.341926992 0.395958006
vt 0.341975987 0.395947993
vt 0.343730003 0.394322991
vt 0.343625993 0.394454002
vt 0.343694001 0.394488007
vt 0.348019004 0.391900003
vt 0.347979009 0.391979009
vt 0.348028004 0.391986012
vt 0.343228012 0.397323996
vt 0.343192995 0.397390991
vt 0.343284011 0.397367001
vt 0.362984002 0.906652987
vt 0.363072008 0.906692982
vt 0.363022 0.906610012
vt 0.363022 0.906610012
vt 0.363072008 0.906692982
vt 0.363088995 0.906648993
vt 0.342045993 0.394124001
vt 0.342115015 0.394181997
vt 0.342135012 0.394138008
vt 0.345438987 0.397585005
vt 0.345432013 0.397549987
vt 0.345387995 0.397587001
vt 0.345387995 0.397587001
vt 0.345384985 0.397540987
vt 0.345378011 0.39755401
vt 0.345423013 0.397534013
vt 0.345384985 0.397540987
vt 0.345387995 0.397587001
vt 0.344624013 0.396055013
vt 0.344615996 0.395992011
vt 0.344568998 0.396052003
vt 0.343715996 0.394914001
vt 0.343800992 0.394849002
vt 0.343719006 0.394845009
vt 0.342198998 0.394189
vt 0.342105001 0.394268006
vt 0.342202991 0.39426899
vt 0.347932994 0.391169012
vt 0.347983003 0.391072005
vt 0.347914994 0.391083002
vt 0.343713999 0.394540995
vt 0.343719989 0.394594014
vt 0.343787998 0.394560993
vt 0.343787998 0.394560993
vt 0.343786001 0.394614011
vt 0.343807995 0.394616008
vt 0.346453995 0.393824995
vt 0.346311003 0.393739015
vt 0.346293986 0.393824011
vt 0.350677013 0.400795996
vt 0.350704014 0.400784999
vt 0.35067001 0.400756001
vt 0.35067001 0.400756001
vt 0.350704998 0.400748014
vt 0.350695014 0.400741011
vt 0.340842992 0.396560997
vt 0.340768009 0.396631002
vt 0.342009008 0.394300014
vt 0.363213986 0.906678021
vt 0.363189995 0.906674027
vt 0.363198996 0.906681001
vt 0.363189995 0.906674027
vt 0.363207012 0.906632006
vt 0.363180012 0.906637013
vt 0.341841012 0.393754989
vt 0.341699004 0.393835992
vt 0.341809988 0.393851995
vt 0.343351007 0.394335985
vt 0.343331993 0.394414991
vt 0.343380004 0.394410014
vt 0.342655987 0.395417005
vt 0.342749 0.395408005
vt 0.342696011 0.395372987
vt 0.344568014 0.399942011
vt 0.344626009 0.400009006
vt 0.344619006 0.399935991
vt 0.343800008 0.394762993
vt 0.343804002 0.394686997
vt 0.343739986 0.394730985
vt 0.343739986 0.394730985
vt 0.343804002 0.394686997
vt 0.343721986 0.394630998
vt 0.346273005 0.393830001
vt 0.346197993 0.393831015
vt 0.346251994 0.393918008
vt 0.346251994 0.393918008
vt 0.346197993 0.393831015
vt 0.346193999 0.393895
vt 0.34366399 0.392958999
vt 0.343681008 0.393027008
vt 0.343787014 0.392949998
vt 0.343804002 0.393011004
vt 0.343787014 0.392949998
vt 0.343681008 0.393027008
vt 0.342045009 0.393875003
vt 0.341996014 0.393985003
vt 0.34208101 0.393967003
vt 0.341996014 0.393985003
vt 0.342029005 0.393869996
vt 0.341957986 0.393913001
vt 0.364517003 0.904630005
vt 0.364502013 0.904603004
vt 0.364430994 0.904645026
vt 0.364430994 0.904645026
vt 0.364502013 0.904603004
vt 0.36443001 0.904641986
vt 0.341850996 0.395846009
vt 0.341735989 0.395790994
vt 0.341719002 0.395862997
vt 0.342132002 0.393610001
vt 0.342197001 0.393604994
vt 0.342137992 0.393570989
vt 0.342137992 0.393570989
vt 0.342209995 0.393584996
vt 0.342211008 0.393519014
vt 0.349106014 0.394329011
vt 0.349097013 0.394297987
vt 0.349070996 0.394327998
vt 0.349070996 0.394327998
vt 0.349097013 0.394297987
vt 0.349049002 0.394286007
vt 0.343437999 0.394241005
vt 0.343452007 0.394335002
vt 0.343506008 0.394248992
vt 0.343506008 0.394248992
vt 0.343452007 0.394335002
vt 0.343524009 0.394255996
vt 0.365045011 0.906463981
vt 0.365085989 0.906445026
vt 0.365052015 0.90645498
vt 0.347144991 0.392964005
vt 0.347158998 0.392944008
vt 0.347074986 0.392881989
vt 0.349049002 0.397796005
vt 0.349087 0.397760987
vt 0.349036008 0.397753
vt 0.36818701 0.905586004
vt 0.368216991 0.90555799
vt 0.368178993 0.905569017
vt 0.343412012 0.392551988
vt 0.34336099 0.392571986
vt 0.343407005 0.392627001
vt 0.343430012 0.392930001
vt 0.343353987 0.392895013
vt 0.343407989 0.392924994
vt 0.367284 0.903168976
vt 0.367285997 0.903123021
vt 0.367278993 0.903133988
vt 0.367285997 0.903123021
vt 0.367343009 0.903155029
vt 0.367343009 0.903109014
vt 0.342144996 0.393851012
vt 0.342200011 0.393837988
vt 0.342135012 0.393819988
vt 0.343306988 0.394710004
vt 0.343407989 0.394715011
vt 0.35155499 0.401410997
vt 0.35155499 0.401410997
vt 0.343416989 0.394695014
vt 0.343412012 0.394609004
vt 0.347050995 0.393512011
vt 0.346982002 0.39348799
vt 0.347041011 0.393577993
vt 0.347041011 0.393577993
vt 0.346982002 0.39348799
vt 0.346908003 0.393552005
vt 0.341021001 0.396528006
vt 0.342009008 0.394300014
vt 0.341030002 0.396598011
vt 0.34801501 0.392031997
vt 0.347979009 0.391979009
vt 0.347968012 0.392026007
vt 0.342344999 0.395164013
vt 0.342339993 0.395096004
vt 0.342301011 0.395141006
vt 0.311381996 0.401410997
vt 0.311468005 0.401324004
vt 0.311396003 0.40130499
vt 0.363375008 0.905457973
vt 0.364674985 0.904434979
vt 0.363375992 0.905432999
vt 0.346570998 0.393436998
vt 0.346473992 0.393346012
vt 0.346464992 0.393451989
vt 0.346473992 0.393346012
vt 0.34651199 0.393321007
vt 0.346500993 0.393317014
vt 0.342128009 0.394089997
vt 0.342069 0.394035012
vt 0.342058003 0.394064993
vt 0.342069 0.394035012
vt 0.342128009 0.394089997
vt 0.342137009 0.394071013
vt 0.363296002 0.905247986
vt 0.36333099 0.905198991
vt 0.363292009 0.905205011
vt 0.36333099 0.905198991
vt 0.363305002 0.90525198
vt 0.363335997 0.905239999
vt 0.348048002 0.398117006
vt 0.347986996 0.398189992
vt 0.348049015 0.398200989
vt 0.342768997 0.395319998
vt 0.342732012 0.395352989
vt 0.341724992 0.394216001
vt 0.341683 0.393721998
vt 0.341659009 0.393656999
vt 0.341672987 0.393720001
vt 0.342602015 0.395325989
vt 0.342528999 0.395361006
vt 0.34256199 0.395370007
vt 0.342135012 0.394138008
vt 0.342128009 0.394089997
vt 0.342045993 0.394124001
vt 0.342045993 0.394124001
vt 0.342128009 0.394089997
vt 0.342058003 0.394064993
vt 0.346329987 0.393563986
vt 0.346414 0.393514007
vt 0.346311003 0.393525004
vt 0.346414 0.393514007
vt 0.346509993 0.393559009
vt 0.346496999 0.393516988
vt 0.346509993 0.393559009
vt 0.346414 0.393514007
vt 0.346341014 0.393586993
vt 0.343098015 0.399116009
vt 0.343019992 0.399132013
vt 0.343106002 0.399192989
vt 0.349548995 0.397406995
vt 0.349509001 0.397477001
vt 0.345371991 0.397388011
vt 0.342141002 0.393871009
vt 0.342141002 0.39399299
vt 0.342193991 0.393913001
vt 0.342041999 0.40209499
vt 0.341913998 0.402069986
vt 0.341937006 0.402173012
vt 0.344581991 0.40070501
vt 0.341913998 0.402069986
vt 0.341993988 0.401998997
vt 0.346585006 0.393777996
vt 0.346504003 0.393694013
vt 0.346477002 0.393743992
vt 0.363418013 0.905220985
vt 0.363375008 0.905239999
vt 0.36342001 0.90525198
vt 0.341910988 0.40189901
vt 0.341841012 0.401912004
vt 0.341913998 0.402069986
vt 0.341913998 0.402069986
vt 0.341832012 0.402072996
vt 0.341897994 0.402081996
vt 0.364235997 0.907419026
vt 0.364284992 0.907401979
vt 0.364237994 0.907344997
vt 0.364237994 0.907344997
vt 0.364219993 0.905986011
vt 0.364214987 0.905983984
vt 0.364241987 0.904801011
vt 0.364199013 0.904742002
vt 0.364208013 0.904817998
vt 0.340835005 0.396254987
vt 0.340768993 0.396230012
vt 0.340768993 0.396266997
vt 0.346193999 0.393757999
vt 0.346078992 0.393712014
vt 0.346087992 0.393777013
vt 0.34206301 0.393545002
vt 0.342014998 0.393608987
vt 0.34207499 0.39360401
vt 0.343385994 0.396871001
vt 0.343477994 0.396851003
vt 0.343392015 0.396795005
vt 0.343392015 0.396795005
vt 0.343477994 0.396851003
vt 0.343475997 0.396797001
vt 0.343773007 0.392448008
vt 0.34376201 0.392435014
vt 0.343656003 0.392462999
vt 0.342979014 0.399217993
vt 0.342918009 0.399069995
vt 0.342813998 0.399204999
vt 0.344509989 0.400175989
vt 0.35155499 0.401410997
vt 0.344516009 0.400092989
vt 0.343528003 0.392560989
vt 0.343412012 0.392551988
vt 0.343407005 0.392627001
vt 0.341850996 0.395846009
vt 0.341865987 0.39577201
vt 0.341825992 0.395769
vt 0.341764003 0.396183997
vt 0.341536999 0.396144003
vt 0.341547996 0.396212012
vt 0.343338996 0.392666996
vt 0.343295991 0.392699987
vt 0.343349993 0.392742991
vt 0.343284994 0.394423008
vt 0.343340009 0.394493014
vt 0.343331993 0.394414991
vt 0.347775996 0.398135006
vt 0.347763985 0.398077011
vt 0.347662985 0.398131996
vt 0.347662985 0.398131996
vt 0.347752988 0.398061007
vt 0.347671002 0.398061991
vt 0.347660989 0.397980988
vt 0.347671002 0.398061991
vt 0.347763985 0.397980005
vt 0.340822011 0.396427006
vt 0.340781003 0.396551013
vt 0.340842992 0.39656201
vt 0.34801501 0.392031997
vt 0.348024011 0.392105997
vt 0.348082989 0.392035007
vt 0.348082989 0.392035007
vt 0.348037988 0.39211899
vt 0.34809199 0.392120987
vt 0.342615008 0.397619992
vt 0.342615008 0.39763099
vt 0.342619002 0.397619009
vt 0.309587985 0.39714399
vt 0.309594989 0.397141993
vt 0.309585005 0.397136003
vt 0.364214987 0.905983984
vt 0.364219993 0.905986011
vt 0.364214003 0.905983984
vt 0.341737986 0.396905005
vt 0.34245199 0.397619992
vt 0.342455 0.397608995
vt 0.311253995 0.39765799
vt 0.311264992 0.397659004
vt 0.311244994 0.397617012
vt 0.315279007 0.39388299
vt 0.315290987 0.39388299
vt 0.315277994 0.393842995
vt 0.315277994 0.393842995
vt 0.315290987 0.39388299
vt 0.315290987 0.39388299
vt 0.311538994 0.39635101
vt 0.311531007 0.396355003
vt 0.311574996 0.396346003
vt 0.311771005 0.396232009
vt 0.311776996 0.396228999
vt 0.311778009 0.396227986
vt 0.311214 0.397386014
vt 0.31120199 0.397386014
vt 0.311210006 0.397430986
vt 0.311614007 0.395529985
vt 0.311607003 0.395529985
vt 0.31160301 0.395532012
vt 0.309738994 0.399085999
vt 0.30974701 0.399080992
vt 0.309745997 0.399080008
vt 0.309745997 0.399080008
vt 0.30974701 0.399080992
vt 0.30974701 0.399078995
vt 0.314143986 0.396504998
vt 0.314155012 0.396503001
vt 0.314155012 0.396503001
vt 0.309767991 0.398945004
vt 0.309778988 0.398945987
vt 0.309776992 0.398943007
vt 0.309621006 0.397098005
vt 0.309612989 0.397101015
vt 0.309614003 0.397107989
vt 0.311100006 0.396183014
vt 0.311102003 0.396185011
vt 0.311100006 0.396182001
vt 0.311787009 0.395981997
vt 0.311673999 0.396010995
vt 0.311811 0.395994991
vt 0.314691007 0.396524012
vt 0.314819992 0.396517992
vt 0.314684004 0.396497995
vt 0.311518997 0.396100014
vt 0.311365992 0.396183997
vt 0.311376005 0.396205992
vt 0.311071992 0.400573999
vt 0.311233014 0.397484988
vt 0.311214 0.397386014
vt 0.314040989 0.39645201
vt 0.313964993 0.396474987
vt 0.314045012 0.396452993
vt 0.311545014 0.395529985
vt 0.311488003 0.395514995
vt 0.311446995 0.395525992
vt 0.314601004 0.401591003
vt 0.314626992 0.401616007
vt 0.314608991 0.401580989
vt 0.310038 0.39715001
vt 0.309969008 0.397139996
vt 0.311845005 0.395711005
vt 0.343106002 0.399192989
vt 0.34305501 0.399224013
vt 0.343106002 0.399217993
vt 0.311477989 0.395684004
vt 0.311524004 0.395772994
vt 0.311488003 0.395682007
vt 0.310144991 0.398411006
vt 0.310277998 0.398501992
vt 0.310290009 0.398413986
vt 0.309547007 0.39715001
vt 0.309572995 0.397204012
vt 0.309560001 0.397157997
vt 0.309576005 0.397139013
vt 0.309560001 0.397157997
vt 0.309583008 0.39715001
vt 0.309751987 0.398961008
vt 0.309765995 0.398932993
vt 0.309733987 0.398939013
vt 0.309643 0.396910012
vt 0.309720993 0.396869987
vt 0.309711009 0.39685601
vt 0.346370995 0.400680006
vt 0.346385002 0.400575012
vt 0.346347004 0.400674999
vt 0.315851003 0.400685996
vt 0.315845996 0.400655001
vt 0.315836012 0.400696993
vt 0.315301001 0.39379099
vt 0.315277994 0.393842995
vt 0.315304011 0.39388299
vt 0.311271012 0.397601008
vt 0.311244994 0.397617012
vt 0.311264992 0.397659004
vt 0.310523987 0.398231
vt 0.310382009 0.398202002
vt 0.310369998 0.398211002
vt 0.314155996 0.396553993
vt 0.314110011 0.396510005
vt 0.314096987 0.396512002
vt 0.364475012 0.905586004
vt 0.364459008 0.905701995
vt 0.364464015 0.905713022
vt 0.311289012 0.396333992
vt 0.311289012 0.396259993
vt 0.311282992 0.396234006
vt 0.311282992 0.396234006
vt 0.311376005 0.396205992
vt 0.311365992 0.396183997
vt 0.313299 0.400570989
vt 0.313253999 0.400590986
vt 0.313261002 0.400590003
vt 0.342615008 0.39763099
vt 0.342455 0.397608995
vt 0.34245199 0.397619992
vt 0.310434014 0.398389012
vt 0.310405999 0.398424
vt 0.310427994 0.398387998
vt 0.364432991 0.904487014
vt 0.364479005 0.904537976
vt 0.364448994 0.904480994
vt 0.315878004 0.40059799
vt 0.31587401 0.400649995
vt 0.315883994 0.400649011
vt 0.314245999 0.396557003
vt 0.314155996 0.396542996
vt 0.314157009 0.396555007
vt 0.309626997 0.397152007
vt 0.309621006 0.397098005
vt 0.309614003 0.397107989
vt 0.342041999 0.40209499
vt 0.341937006 0.402173012
vt 0.341921002 0.402224004
vt 0.314758003 0.396779001
vt 0.314770997 0.396824986
vt 0.314788997 0.396833003
vt 0.311136007 0.395581007
vt 0.311203986 0.39555499
vt 0.311127007 0.39557001
vt 0.315699011 0.394010007
vt 0.315503001 0.394050986
vt 0.315699011 0.394035995
vt 0.311383009 0.395617992
vt 0.311369002 0.395680994
vt 0.311392009 0.395684987
vt 0.309855998 0.396898001
vt 0.309861004 0.396923006
vt 0.309872001 0.396916002
vt 0.311753005 0.395857006
vt 0.311787009 0.395981997
vt 0.311811 0.395992011
vt 0.314125001 0.396791995
vt 0.314126015 0.396876007
vt 0.314143002 0.396791995
vt 0.311648011 0.396147996
vt 0.311636001 0.396064013
vt 0.311623007 0.396149993
vt 0.314424992 0.396822006
vt 0.314437002 0.39674601
vt 0.314417005 0.396831006
vt 0.311771005 0.396232009
vt 0.311574996 0.396346003
vt 0.311764985 0.396248996
vt 0.309354991 0.399123996
vt 0.309563011 0.399125993
vt 0.309560001 0.399103999
vt 0.316929996 0.400810003
vt 0.315881014 0.401326001
vt 0.315820009 0.401277006
vt 0.366465986 0.905095994
vt 0.366461009 0.905052006
vt 0.366459012 0.905098975
vt 0.311102003 0.396185011
vt 0.311690003 0.397967994
vt 0.311120987 0.396257013
vt 0.314081997 0.396578997
vt 0.31417501 0.396631986
vt 0.314161986 0.396616995
vt 0.311408997 0.39774701
vt 0.311508 0.397704005
vt 0.311508 0.397693008
vt 0.319487005 0.400716007
vt 0.319476008 0.40081799
vt 0.319505006 0.40072
vt 0.349510998 0.397491008
vt 0.345371991 0.397388011
vt 0.349509001 0.397477001
vt 0.313369989 0.399839014
vt 0.313407004 0.399764001
vt 0.313369989 0.39982
vt 0.309980005 0.397103995
vt 0.309906006 0.39706701
vt 0.309969008 0.397112995
vt 0.308587015 0.399578989
vt 0.308519006 0.399598986
vt 0.308613002 0.399603993
vt 0.314945012 0.395989001
vt 0.314871013 0.395940006
vt 0.314969003 0.396025002
vt 0.314812005 0.396380991
vt 0.314749986 0.396366
vt 0.314732999 0.396376014
vt 0.346370995 0.400680006
vt 0.346329004 0.400768012
vt 0.346350014 0.400783002
vt 0.341737986 0.396905005
vt 0.341520011 0.393765002
vt 0.341574013 0.393801004
vt 0.341520011 0.393765002
vt 0.341672987 0.393720001
vt 0.341560006 0.393642008
vt 0.342483997 0.395408005
vt 0.342447996 0.395451993
vt 0.342655987 0.395417005
vt 0.34207499 0.39360401
vt 0.342078 0.393712997
vt 0.342132002 0.393610001
vt 0.343329012 0.39309901
vt 0.343378991 0.393079996
vt 0.343263 0.393058985
vt 0.344779015 0.399852008
vt 0.344695985 0.399857014
vt 0.343401015 0.394432008
vt 0.31160301 0.395532012
vt 0.311607003 0.395529985
vt 0.311601996 0.395532012
vt 0.343609005 0.392901003
vt 0.344265014 0.396818012
vt 0.343656003 0.392971009
vt 0.344581991 0.40070501
vt 0.340835005 0.396254987
vt 0.341913998 0.402069986
vt 0.347337991 0.390899003
vt 0.347456992 0.390861988
vt 0.347447008 0.39083001
vt 0.345732987 0.396753997
vt 0.344462007 0.400575995
vt 0.345596999 0.396804005
vt 0.368045002 0.905381978
vt 0.368030995 0.905317008
vt 0.368012011 0.905382991
vt 0.368050992 0.905313015
vt 0.341845006 0.394035995
vt 0.341883987 0.393949986
vt 0.341802001 0.394012004
vt 0.341787994 0.394039989
vt 0.342741996 0.395287007
vt 0.342628002 0.395300001
vt 0.342768997 0.395319998
vt 0.342667997 0.395231992
vt 0.341969997 0.394048989
vt 0.342058003 0.394064993
vt 0.342061013 0.394026995
vt 0.341959 0.394073009
vt 0.367190003 0.908214986
vt 0.367193997 0.908165991
vt 0.367137015 0.908164978
vt 0.367130995 0.908216
vt 0.36333099 0.905198991
vt 0.363335997 0.90516597
vt 0.363297999 0.905166984
vt 0.363292009 0.905205011
vt 0.346502006 0.393498003
vt 0.346597999 0.393485993
vt 0.346570998 0.393436998
vt 0.346509993 0.393559009
vt 0.365078002 0.906503022
vt 0.365085989 0.906445026
vt 0.365045011 0.906463981
vt 0.365049005 0.906520009
vt 0.343407989 0.392924994
vt 0.343353987 0.392895013
vt 0.343306988 0.392960995
vt 0.343418986 0.393036991
vt 0.343730003 0.394322991
vt 0.343802005 0.394228011
vt 0.343715996 0.394221008
vt 0.343796015 0.394322008
vt 0.348096997 0.391986996
vt 0.348028004 0.391986012
vt 0.34801501 0.392031997
vt 0.348082989 0.392035007
vt 0.34178099 0.393595994
vt 0.342979014 0.399217993
vt 0.343019992 0.399132013
vt 0.34185499 0.39358899
vt 0.343558997 0.394555002
vt 0.343641996 0.394573987
vt 0.343607008 0.394502997
vt 0.343542993 0.394490004
vt 0.313582987 0.391727
vt 0.31951201 0.400812
vt 0.31952399 0.400795996
vt 0.313641995 0.391698003
vt 0.343457013 0.393207014
vt 0.343465 0.393274009
vt 0.343544006 0.39330101
vt 0.343544006 0.393153995
vt 0.341868013 0.394190013
vt 0.341859996 0.394178003
vt 0.341809005 0.394194007
vt 0.341858 0.394225001
vt 0.341798007 0.394241989
vt 0.344516009 0.400092989
vt 0.35155499 0.401410997
vt 0.343412012 0.394609004
vt 0.343331009 0.394555002
vt 0.343407005 0.394540012
vt 0.314328998 0.396569997
vt 0.314334005 0.396551013
vt 0.314327002 0.396557003
vt 0.314325005 0.396557987
vt 0.347887993 0.399313986
vt 0.346293986 0.393824011
vt 0.346370995 0.393925011
vt 0.347983003 0.399399012
vt 0.343443006 0.396674991
vt 0.343423992 0.396605015
vt 0.343387008 0.396643013
vt 0.343383014 0.396690995
vt 0.34228 0.395417005
vt 0.342363 0.395532012
vt 0.342429012 0.395466
vt 0.342312992 0.39535901
vt 0.343804002 0.394686997
vt 0.343800008 0.394762993
vt 0.34386301 0.394768
vt 0.343865007 0.394676
vt 0.343300998 0.399493009
vt 0.342148989 0.394050986
vt 0.344006002 0.392753005
vt 0.343364 0.399408996
vt 0.343349993 0.392742991
vt 0.344660997 0.398270011
vt 0.344687015 0.398196995
vt 0.343421012 0.39271301
vt 0.346345991 0.400676996
vt 0.345515996 0.396845013
vt 0.345555991 0.396892011
vt 0.346370995 0.400680006
vt 0.348271996 0.399026006
vt 0.346872002 0.393646985
vt 0.346908003 0.393552005
vt 0.348320007 0.398936987
vt 0.366643012 0.905120015
vt 0.366685003 0.905170977
vt 0.366750002 0.905115008
vt 0.366668999 0.905054986
vt 0.347988009 0.398223996
vt 0.348049015 0.398272991
vt 0.348049015 0.398200989
vt 0.347986996 0.398189992
vt 0.343854994 0.394840002
vt 0.343800008 0.394762993
vt 0.343800992 0.394849002
vt 0.343858004 0.394915015
vt 0.308679014 0.399567991
vt 0.308667004 0.399480999
vt 0.30865401 0.399479985
vt 0.308674991 0.399614006
vt 0.341589004 0.393887997
vt 0.341690004 0.393846005
vt 0.341574013 0.393801004
vt 0.341576993 0.393869013
vt 0.350677013 0.400795996
vt 0.342929989 0.399367988
vt 0.342824996 0.399439007
vt 0.341755986 0.394033998
vt 0.343865991 0.394825995
vt 0.34386301 0.394768
vt 0.343800008 0.394762993
vt 0.343854994 0.394840002
vt 0.343445003 0.392774999
vt 0.343578011 0.392796993
vt 0.34356001 0.392717987
vt 0.343421012 0.392711997
vn 0.439109713 0.393208683 0.807817817
vn 0.423782021 0.383083761 0.820765197
vn 0.455383569 0.393585801 0.798571229
vn -0.91870451 0.0258001275 0.394101977
vn -0.926086187 -0.026299607 0.376394361
vn -0.917347968 -0.00929947291 0.397977442
vn -0.181798637 -0.0473996513 -0.982192695
vn -0.134899408 0.0458997972 -0.989795625
vn -0.148897186 -0.0270994864 -0.988481283
vn -0.968134999 -0.122704439 -0.218307897
vn -0.970265031 -0.120195664 -0.210092425
vn -0.969408095 -0.121801019 -0.213101774
vn 0.674793065 0.562294304 0.477995098
vn 0.728402793 0.471401781 0.497201949
vn 0.834222376 0.369509906 0.409310967
vn -0.941869795 -0.33468923 -0.0293990579
vn -0.955116451 -0.211803645 0.207103565
vn -0.946599245 0.0756999403 0.313399732
vn -0.0409017093 -0.22220929 0.974140704
vn 0.0428995192 -0.285596788 0.957389235
vn 0.0155001292 -0.186101571 0.982408226
vn -0.983861208 -0.145394266 0.104295887
vn -0.963435709 -0.267009884 -0.0223008264
vn -0.983852506 -0.17019178 0.0553973243
vn -0.38949284 0.0478991196 0.919783115
vn -0.38949284 0.0478991196 0.919783115
vn -0.38949284 0.0478991196 0.919783115
vn -0.02269895 -0.0370982811 -0.999053776
vn 0.0106003704 -0.004200147 -0.999935031
vn 0.0312001873 0.00380002288 -0.999505997
vn -0.0216003507 0.0640010387 -0.997716069
vn 0.0103002302 0.0406009071 -0.999122322
vn 0.409309864 -0.138503343 0.901821673
vn 0.383890092 -0.160195872 0.909376562
vn 0.447476834 -0.0909952894 0.889653981
vn 0.996406257 -0.0376002379 -0.0759004802
vn 0.997667849 0.043498598 -0.0525983088
vn 0.998694003 -0.0257998463 -0.0440997332
vn 0.99926275 -0.0115995677 0.0365986377
vn 0.99926275 -0.0115995677 0.0365986377
vn 0.99926275 -0.0115995677 0.0365986377
vn 0.810471237 -0.327488363 0.485682786
vn 0.546182334 -0.47148478 0.692377627
vn 0.144698128 -0.522793233 0.840089083
vn 0.648797095 0.747096658 0.144599363
vn 0.648797095 0.747096658 0.144599363
vn 0.648797095 0.747096658 0.144599363
vn -0.999601424 0.026400039 0.0100000147
vn -0.99801147 0.00540006207 0.0628007129
vn -0.994343877 0.103904583 -0.0220009703
vn -0.786515415 0.612612069 -0.0781015381
vn -0.786473811 0.612979591 -0.0755974874
vn -0.708783686 0.70318377 -0.056198705
vn -0.129297718 0.143397465 -0.981182635
vn -0.213300362 0.122300208 -0.969301641
vn -0.270612687 0.0469022021 -0.96154511
vn -0.920165241 -0.031198822 0.390285254
vn -0.955672681 -0.112496786 0.272092223
vn -0.949712574 -0.0955012664 0.298203945
vn 0.635200679 -0.717800736 0.285100311
vn 0.635200679 -0.717800736 0.285100311
vn 0.635200679 -0.717800736 0.285100311
vn 0.976965308 -0.151394621 0.150394663
vn 0.969228625 -0.17570518 0.172405094
vn 0.966804087 -0.206200883 0.150900647
vn 0.901983321 0.0461991467 -0.429292053
vn 0.899490714 0.047999505 -0.434295505
vn 0.901983321 0.0461991467 -0.429292053
vn -0.957370996 -0.108296722 0.267791897
vn -0.970716536 -0.0173002947 0.239604071
vn -0.973512113 -0.072300896 0.216902703
vn -0.998762012 -0.0496981107 -0.0020999203
vn -0.998791397 -0.025199784 -0.0421996377
vn -0.99977845 -0.017499622 -0.0116997473
vn -0.998782337 0.0490991324 0.00479991548
vn -0.996237278 -0.0849031731 -0.0174006503
vn -0.999837637 -0.0145005453 0.0107004028
vn -0.999440968 -0.0334013663 -0.00140005734
vn -0.491087765 0.85467869 0.168395802
vn -0.480588585 0.86087954 0.167096034
vn -0.547997415 0.824596107 0.140499339
vn -0.970804155 -0.00590002583 -0.239801034
vn -0.970811546 -0.0044000526 -0.239802852
vn -0.970592558 -0.00379997096 -0.240698159
vn -0.975510716 -0.123801365 -0.18180199
vn -0.973442435 -0.0513022393 -0.223109737
vn -0.975266695 -0.0923968405 -0.200793147
vn -0.684684336 0.681384385 0.258694112
vn -0.661609471 0.696210027 0.278503984
vn -0.696577907 0.68547827 0.21189326
vn -0.990396976 0.0253999215 0.135899588
vn -0.995491564 -0.00689994125 0.0945991948
vn -0.995447814 -0.00760036521 0.0950045586
vn -0.486510813 -0.843018711 0.22940509
vn -0.446395308 -0.876090825 0.182198092
vn -0.510705352 -0.810508549 0.286803007
vn 0.731834769 -0.180908576 0.657031178
vn 0.740085125 -0.157596827 0.653786838
vn 0.740085125 -0.157596827 0.653786838
vn 0.89185518 -0.175991148 0.416679054
vn 0.891781926 -0.176096439 0.416791558
vn 0.892416775 -0.175203294 0.415807813
vn 0.0834018514 -0.0344007611 -0.995921969
vn -0.0157006085 -0.00870033726 -0.999838829
vn 0.0313014723 -0.0364017114 -0.998846889
vn 0.0995006934 0.00780005381 -0.995006919
vn 0.0784997791 0.0207999423 -0.996697187
vn -0.570578158 0.808769107 0.142594546
vn -0.578312635 0.813017786 0.0675014779
vn -0.610102654 0.787803471 0.0845003724
vn -0.120804861 0.981939495 -0.145605862
vn -0.109495476 0.982359469 -0.151593745
vn -0.117799081 0.980992377 -0.15419881
vn -0.93628633 -0.148297846 0.318395376
vn -0.941795349 -0.275198668 0.193099052
vn -0.968157351 -0.11079511 0.224490106
vn 0.672090292 -0.210596964 0.70988977
vn 0.645766795 -0.179390773 0.74216187
vn 0.67347008 -0.248288974 0.696269095
vn -0.992251694 -0.0967050344 -0.0780040622
vn -0.993159294 -0.0876964033 -0.0770968348
vn -0.994015038 -0.0842012763 -0.0696010515
vn -0.999039292 -0.0400015712 -0.0179007016
vn -0.998432577 -0.0488015898 -0.027400896
vn -0.997060359 -0.0151993958 -0.0750970095
vn -0.996602178 0.0389000848 0.0726001635
vn -0.996602654 0.0349000916 0.0746002048
vn -0.996602654 0.0349000916 0.0746002048
vn -0.992540956 0.0941038802 0.0775032043
vn -0.987637401 0.134505078 0.0805030465
vn -0.996269107 0.0862973258 -0.000699978264
vn -0.992177308 0.124697156 -0.00589986518
vn -0.34700644 0.396307349 0.850015819
vn -0.192602769 0.262503773 0.945513606
vn -0.249189258 0.323686033 0.912760615
vn 0.961242795 -0.079103522 0.264111727
vn 0.959670246 -0.0765976235 0.27049163
vn 0.970132649 -0.00900030322 0.242408156
vn 0.989531755 -0.117203765 0.0842027068
vn 0.991493821 -0.0486996956 0.120699249
vn -0.988001943 -0.148100302 0.0438000895
vn -0.99430865 -0.089300774 0.0581005029
vn -0.989159286 -0.141094193 0.0406983271
vn 0.644796371 -0.487397254 0.588796675
vn 0.637492955 -0.526394248 0.562593818
vn 0.643998384 -0.506098747 0.57369858
vn 0.991952956 -0.100195251 -0.0773963332
vn 0.999482393 -0.0291994885 0.0134997629
vn 0.99746263 -0.0193992723 -0.0684974268
vn -0.279108495 -0.197506011 -0.939728618
vn -0.294704646 -0.0814012885 -0.952114999
vn -0.215390265 -0.077396512 -0.973456085
vn 0.0419016592 -0.35941425 0.93223691
vn 0.0417016931 -0.344013959 0.938038051
vn 0.0417016931 -0.344013959 0.938038051
vn 0.353009462 0.0133003574 -0.935525179
vn 0.357792348 -0.00629986543 -0.933780015
vn 0.323592067 0.0203995015 -0.945976794
vn -0.0961000025 0.407799989 -0.907999992
vn -0.110295683 0.392384648 -0.913164318
vn -0.110295683 0.392384648 -0.913164318
vn -0.199597061 -0.039399419 -0.979085624
vn -0.230207771 -0.00410013879 -0.973132908
vn -0.224693984 -0.0103997216 -0.974373877
vn -0.14930357 0.966923118 -0.206804946
vn -0.127997175 0.96847868 -0.213695288
vn -0.124996774 0.928376019 -0.349990964
vn -0.913230658 0.405313581 -0.0416013934
vn -0.899824083 0.404210806 -0.164104402
vn -0.897097409 0.419398814 -0.138999596
vn 0.980217457 0.0460008197 -0.192503422
vn 0.973794997 0.00359998131 -0.227398843
vn 0.986127853 -0.0139003927 -0.165404662
vn -0.889716566 0.0738013685 0.450508386
vn -0.873314977 0.0808013827 0.480408251
vn -0.865647733 0.0906945243 0.492370248
vn -0.998468697 -0.0201993659 -0.051498387
vn -0.996681273 -0.0445991606 -0.0680987239
vn -0.996658564 -0.0801966712 -0.0154993553
vn -0.332683861 0.939254403 0.0843959004
vn -0.332715124 0.939242661 0.0844038278
vn -0.351119906 0.93265295 0.0829047114
vn -0.9927665 -0.0668977425 -0.0996966362
vn -0.992709637 -0.0621006079 -0.103301004
vn -0.99685812 -0.0570976026 -0.0548976958
vn -0.198602349 0.360904306 -0.911210835
vn -0.198602349 0.360904306 -0.911210835
vn -0.198602349 0.360904306 -0.911210835
vn -0.952565372 0.300989062 -0.0449983664
vn -0.950176358 0.311692238 -0.0035999103
vn -0.929411113 0.366904378 -0.0397004746
vn 0.44950515 -0.135701552 -0.882910132
vn 0.510573864 -0.110094368 -0.852756441
vn 0.478817821 -0.12800476 -0.8685323
vn 0.644923806 0.0925034061 0.758627951
vn 0.644923806 0.0925034061 0.758627951
vn 0.644923806 0.0925034061 0.758627951
vn 0.963831127 0.00160005165 0.266508609
vn 0.978290677 -0.0296997167 0.205098048
vn 0.96891886 0.0153002981 0.246904805
vn 0.964511156 0.0498005748 0.259302974
vn 0.980813682 0.0295004137 0.192702696
vn -0.120797761 0.824384749 -0.552989721
vn -0.186099693 0.837298572 -0.514099121
vn -0.342300564 0.692901134 -0.634600997
vn 0.498684615 -0.179594457 0.847973824
vn 0.545490503 -0.157497257 0.823185682
vn 0.531499743 -0.147599936 0.83409965
vn -0.0206005257 -0.0229005851 -0.999525428
vn 0.0409016088 -0.00690027094 -0.999139309
vn -0.0772971958 0.009399659 -0.996963799
vn -0.979244947 -0.19240883 -0.063702926
vn -0.974076569 -0.224994585 -0.0234994348
vn -0.967606783 -0.245301709 -0.059700422
vn 0.665117085 -0.267406881 0.697217941
vn 0.666391075 -0.249296665 0.702690601
vn 0.642988861 -0.100998253 0.759186804
vn 0.953252077 -0.104894727 0.283385754
vn 0.949462652 -0.220391333 0.223491207
vn 0.91426599 -0.190392926 0.357586682
vn 0.43889454 -0.835589707 0.330395907
vn 0.43709743 -0.836095095 0.331498057
vn 0.437822729 -0.836143434 0.330417156
vn 0.840011299 -0.492706686 0.227203056
vn 0.840604067 -0.492202342 0.2261011
vn 0.84038651 -0.492392093 0.226496369
vn -0.993628442 -0.0294008423 -0.108803116
vn -0.993451595 -0.0294015277 -0.110405728
vn -0.9935323 -0.0293009523 -0.109703571
vn 0.922685266 -0.0874985978 0.375494003
vn 0.922685266 -0.0874985978 0.375494003
vn 0.922685266 -0.0874985978 0.375494003
vn -0.329610825 0.0547017902 -0.94253093
vn -0.339187324 -0.0605977476 -0.938764989
vn -0.364793092 0.00339993578 -0.931082368
vn -0.327990323 -0.00409987895 -0.944672108
vn -0.345584929 0.0206990968 -0.938159108
vn -0.672696352 -0.551397026 -0.493397355
vn -0.669117153 -0.557314277 -0.491612643
vn -0.674776673 -0.54778111 -0.494582921
vn 0.382023126 -0.920955718 0.0768046528
vn 0.382111132 -0.921026886 0.0755022019
vn 0.382111132 -0.921026886 0.0755022019
vn 0.992043436 0.11270494 -0.0561024584
vn 0.995611727 0.0135001596 -0.0926010981
vn 0.997890532 -0.0488995388 0.0426995941
vn -0.179304272 -0.900921524 0.395209461
vn -0.288095146 -0.887885034 0.358693987
vn -0.221808389 -0.920034826 0.323012233
vn 0.788618922 -0.429910272 0.439610541
vn 0.776376128 -0.387488067 0.497084707
vn 0.788381577 -0.424990088 0.444789588
vn 0.841196299 -0.371298373 0.393098265
vn 0.803299785 -0.2924999 0.518799841
vn 0.792694449 -0.410497129 0.450696856
vn 0.218813315 -0.862752497 -0.455827713
vn 0.176202372 -0.931912541 -0.317004263
vn 0.137503386 -0.893921912 -0.42661047
vn 0.927826464 -0.349809974 0.129503697
vn 0.874269485 -0.480683208 0.067797631
vn 0.914519846 -0.397508651 0.0751016214
vn 0.578533113 0.44932577 0.680739045
vn 0.50900954 0.424307913 0.748914003
vn 0.566275656 0.497978598 0.656771779
vn -0.993126273 -0.08420223 0.0813021436
vn -0.993174255 0.0409989394 0.10919717
vn -0.999050558 -0.0163008254 0.0404020436
vn -0.996959805 -0.061997503 0.0471980982
vn -0.997009754 -0.0771007538 0.00520005124
vn -0.0129997889 0.0570990741 -0.998283803
vn -0.00930032507 0.0323011242 -0.999434888
vn 0.0412979871 0.0242988169 -0.998851418
vn -0.951576591 -0.195795178 0.236994162
vn -0.986278236 -0.107497633 0.125297248
vn -0.971209347 -0.167901605 0.169001624
vn 0.426189572 -0.0167995878 0.904477894
vn 0.383799106 0.0200999528 0.923197865
vn 0.334417701 -0.045002386 0.941349864
vn -0.993379354 0.0189996045 -0.113297649
vn -0.988387644 0.025499681 -0.14979814
vn -0.992280364 -0.00209995848 -0.123997547
vn -0.992475927 -0.0480988324 -0.112597264
vn -0.992475927 -0.0480988324 -0.112597264
vn -0.99619019 -0.0665993467 0.0562994443
vn -0.996899605 -0.0688999742 0.0379999839
vn -0.99755621 -0.0435980856 -0.0545976013
vn -0.998206854 -0.0144000994 0.0581003986
vn -0.998075366 -0.0562986098 -0.0259993598
vn -0.996729851 -0.0266007967 0.07630229
vn -0.996556044 -0.0221990217 0.0798964724
vn -0.996034801 0.00330011523 0.0889031067
vn 0.973086417 -0.229596794 -0.0196997263
vn 0.999526024 -0.016000418 -0.0263006855
vn 0.958885014 -0.283695579 -0.00749988295
vn -0.255593359 -0.294692308 0.92077595
vn -0.161193669 -0.327887118 0.93086344
vn -0.147802651 -0.413307428 0.898516178
vn -0.126702785 0.932720542 0.337607443
vn -0.0869949758 0.89844811 0.430375159
vn -0.0536000654 0.9142012 0.401700526
vn 0.989200115 0.107900009 0.0992000178
vn 0.995723367 0.0221005175 0.089702107
vn 0.998745203 0.0456020609 0.0207009371
vn -0.916922629 -0.259106398 0.303507477
vn -0.93439573 -0.182399169 0.305998564
vn -0.892778814 -0.283393294 0.350191683
vn 0.358792573 0.181096256 0.915681124
vn 0.344088733 0.156694874 0.925769746
vn 0.381200105 0.121300034 0.91650027
vn 0.967013955 -0.252403647 0.0343004949
vn 0.98572576 -0.157304108 0.060001567
vn 0.964884102 -0.245395958 0.0936984569
vn -0.624190807 0.777388632 0.0777988583
vn -0.469493926 0.869188726 0.155197993
vn -0.507092416 0.858987212 0.0706989393
vn -0.336200118 0.235000074 -0.912000299
vn -0.340787768 0.270890325 -0.90026778
vn -0.286719024 0.317821026 -0.903759897
vn -0.267302692 -0.0368003696 -0.962909639
vn -0.249311954 -0.018500885 -0.9682464
vn -0.271098107 -0.0355997495 -0.961893201
vn -0.0642010495 -0.106701747 -0.992216229
vn -0.0642010495 -0.106701747 -0.992216229
vn -0.0642010495 -0.106701747 -0.992216229
vn 0.986892283 0.119099073 -0.108899154
vn 0.989107072 0.0504003614 -0.138301
vn 0.989340842 0.0586024225 -0.133305505
vn 0.287307352 -0.0636016354 -0.955724478
vn 0.302304536 -0.0136002041 -0.953114331
vn 0.290507287 -0.0293007381 -0.956424057
vn 0.377788514 0.0882973224 0.921672046
vn 0.414098471 0.0206999239 0.909996688
vn 0.437793434 -0.166697517 0.883486748
vn 0.872419477 0.0209004674 0.488310933
vn 0.898209155 0.0346003547 0.438204467
vn 0.857444465 0.038602002 0.513126671
vn 0.975346029 -0.148206994 0.1635077
vn 0.971430361 -0.166105181 0.169505298
vn 0.96721822 -0.217004091 0.131902486
vn -0.793793321 0.213198215 -0.569595158
vn -0.789441943 0.222111806 -0.572230399
vn -0.794896424 0.210399061 -0.569097459
vn 0.340292454 -0.140396893 0.929779351
vn 0.278606445 -0.288906664 0.915921092
vn 0.286192775 -0.168295771 0.943276286
vn 0.567487895 -0.529688716 0.630386591
vn 0.448789746 -0.427990228 0.784482062
vn 0.606280088 -0.306589961 0.733775914
vn -0.809045792 -0.00999933016 0.58766067
vn -0.780983388 -0.0240994878 0.624086738
vn -0.778904378 0.00700003933 0.627103508
vn 0.471802711 -0.593103409 0.652403772
vn 0.417390972 -0.63228631 0.652685881
vn 0.484686017 -0.652081251 0.582983196
vn 0.246395558 -0.399092793 0.883184075
vn 0.182102099 -0.350704044 0.918610632
vn 0.205592737 -0.210792571 0.955666244
vn -0.825067997 -0.253690153 0.504880369
vn -0.880337715 -0.304613054 0.363615572
vn -0.80031842 -0.43971014 0.407609373
vn -0.0403016508 0.0222009085 -0.998940885
vn 0.00840022601 0.00870023388 -0.999926925
vn -0.0118994135 0.0235988367 -0.999650717
vn -0.869729877 -0.362312466 -0.335111499
vn -0.807053268 -0.415375918 -0.419675708
vn -0.881981194 -0.351092488 -0.314393282
vn 0.205192894 -0.0568980277 -0.977066219
vn 0.223593637 -0.0371989422 -0.973972261
vn 0.134599984 -0.000300000014 -0.99089992
vn -0.331705242 0.848513424 0.412306517
vn -0.32550022 0.834600508 0.444400311
vn -0.31460464 0.882813036 0.348805159
vn -0.942691267 0.333296895 -0.0156998541
vn -0.903006017 0.412702739 0.119400799
vn -0.954716206 0.101401724 0.279704779
vn 0.176200494 -0.0966002792 -0.979602754
vn 0.136306539 -0.0846040696 -0.987047434
vn 0.150894463 -0.0593978167 -0.986763775
vn -0.070702292 0.986032009 0.150804907
vn -0.0668998808 0.988598228 0.134899765
vn -0.0750027522 0.985836148 0.150005504
vn 0.968414605 0.071401082 0.238903612
vn 0.966706693 0.0745005161 0.2448017
vn 0.966675699 0.0745981261 0.244893849
vn 0.904001355 -0.296300441 0.308200479
vn 0.90546149 -0.291187644 0.308786899
vn 0.907071471 -0.290490836 0.304690391
vn 0.0718008429 -0.0348004103 0.996811688
vn 0.0718008429 -0.0348004103 0.996811688
vn 0.0718008429 -0.0348004103 0.996811688
vn 0.13369897 -0.887693226 0.44059664
vn 0.0934008211 -0.896007895 0.434103787
vn 0.0404016227 -0.872735023 0.486519545
vn 0.0110998414 -0.940686524 -0.339095145
vn -0.000399988261 -0.937572479 -0.347789794
vn -0.0235992521 -0.929570496 -0.367888331
vn 0.782290637 -0.098398827 0.615092635
vn 0.809995174 -0.0859994888 0.580096543
vn 0.801751733 -0.0839054137 0.591738224
vn -0.75913316 -0.55882436 0.333814561
vn -0.796089828 -0.482493788 0.365295321
vn -0.813586712 -0.512891591 0.273895532
vn 0.702184498 -0.637585938 0.316893011
vn 0.66351819 -0.572615683 0.481513172
vn 0.512199759 -0.745199621 0.426999807
vn 0.556918323 0.829427302 0.0435014293
vn 0.599321365 0.792928219 0.109903909
vn 0.622794509 0.780393124 0.0557995066
vn 0.998657107 -0.0349984951 -0.0381983593
vn 0.999784648 -0.0175997298 0.0109998304
vn 0.999557197 0.00919960625 -0.0282987896
vn -0.0735005215 0.148301065 -0.986207008
vn -0.030399356 0.201195732 -0.979079247
vn -0.0341987722 0.161594182 -0.986264527
vn -0.951786995 -0.0702990443 0.298595905
vn -0.951786995 -0.0702990443 0.298595905
vn -0.951786995 -0.0702990443 0.298595905
vn -0.150109664 -0.929959834 -0.335621566
vn -0.129107043 -0.944551587 -0.30191648
vn -0.126301095 -0.92830801 -0.349703014
vn -0.420302391 -0.227101281 0.878504932
vn -0.479593694 -0.14099814 0.866088569
vn -0.478626966 -0.327518433 0.814645886
vn 0.990424693 -0.109402724 0.0842020959
vn 0.990581095 -0.116097778 0.0725986138
vn 0.989529312 -0.125603706 0.0711021051
vn -0.991028726 -0.072302103 -0.112403266
vn -0.963084459 -0.216196507 -0.16039741
vn -0.976572812 -0.177195072 -0.122096606
vn 0.000399999408 0.978298604 -0.207199723
vn -0.000699975062 0.980565131 -0.196193025
vn 0.0395980366 0.977051556 -0.20928961
vn -0.0910956711 -0.0954954624 -0.99125284
vn -0.0459983014 0.0441983677 -0.99796319
vn -0.0328998566 -0.108099513 -0.993595541
vn -0.990708113 0.0484003946 0.127101049
vn -0.990708113 0.0484003946 0.127101049
vn -0.990708113 0.0484003946 0.127101049
vn -0.978261828 0.0525979474 -0.200592175
vn -0.996030271 0.035101071 -0.0818024799
vn -0.978261828 0.0525979474 -0.200592175
vn -0.283889204 0.958063662 0.0389985181
vn 0.0516009443 0.993618131 0.100301832
vn 0.0438983552 0.997962594 -0.0462982655
vn 0.972274244 0.0144996159 0.233393833
vn 0.964753151 0.0172991604 0.262587249
vn 0.973069787 0.0318990089 0.228292912
vn -0.311497718 0.166798785 -0.935493112
vn -0.327179879 0.226386085 -0.917443633
vn -0.303999633 0.198799774 -0.931698918
vn -0.361386061 -0.92616421 0.107795835
vn -0.36110726 -0.922918558 0.133502677
vn -0.408396304 -0.904191852 0.125098869
vn 0.972266674 -0.214892641 -0.0922968313
vn 0.986812174 -0.143601775 -0.0747009143
vn 0.978197753 -0.190499559 -0.0826998055
vn 0.958705723 -0.152900904 0.239801437
vn 0.9614048 -0.256901324 0.0985004902
vn 0.995134294 -0.0878030285 -0.0447015427
vn -0.996047556 0.00860041101 0.0884042233
vn -0.991853297 -0.0996953025 -0.0792962685
vn -0.984088898 -0.0312996469 0.174898028
vn 0.884594262 0.463396996 -0.0524996594
vn 0.884594262 0.463396996 -0.0524996594
vn 0.884594262 0.463396996 -0.0524996594
vn -0.164605916 -0.0901032314 -0.982235312
vn -0.132004961 0.0857032314 -0.987537205
vn -0.137899399 -0.009999956 -0.990395725
vn -0.082197763 0.0357990228 -0.995972931
vn -0.0869988725 0.0450994149 -0.995187104
vn -0.0857008696 0.0530005433 -0.994910181
vn -0.0316000283 0.85150075 0.523400486
vn -0.0544988289 0.902280688 0.427690864
vn -0.0623021312 0.874329925 0.481316477
vn 0.864388466 -0.0114998464 -0.502693236
vn 0.86579144 -0.0144998552 -0.500195026
vn 0.865703225 -0.0160000604 -0.500301838
vn -0.0780041516 -0.941550136 -0.327717453
vn -0.00219993619 -0.934372962 -0.356289655
vn -0.0549009964 -0.954717278 -0.292405307
vn -0.786212564 -0.421806723 0.451607198
vn -0.760165215 -0.420180768 0.495577306
vn -0.769858181 -0.294184029 0.566369236
vn -0.759914577 -0.377307236 0.529310107
vn -0.850708127 -0.242602304 0.466304451
vn 0.0379005261 0.146302029 -0.988513649
vn 0.0801967084 0.149793833 -0.985459447
vn 0.0374001637 0.0998004377 -0.994304359
vn -0.970501602 -0.236000404 -0.049300082
vn -0.988283992 -0.149297565 0.0316994861
vn -0.997398734 0.0427999496 0.0579999276
vn 0.932829857 0.27130869 -0.23710759
vn 0.946857989 0.252788782 -0.198891178
vn 0.967006683 0.225301564 -0.118900821
vn 0.938968897 0.150795013 -0.309189737
vn 0.957614362 0.216503248 -0.190002859
vn 0.938757539 0.336384803 -0.0746966153
vn 0.938757539 0.336384803 -0.0746966153
vn 0.938757539 0.336384803 -0.0746966153
vn -0.720901191 0.692601144 -0.0246000383
vn -0.705809295 0.707609296 0.0335004441
vn -0.687893569 0.723393261 0.0591994487
vn -0.888333321 -0.300511271 0.34721303
vn -0.882890642 -0.314396679 0.348796308
vn -0.877535462 -0.340313762 0.337813646
vn -0.162997454 0.985684633 -0.0430993289
vn -0.147505179 0.987134755 -0.0617021732
vn -0.152002126 0.98721385 -0.0480006747
vn -0.990425646 -0.0777020082 -0.11410296
vn -0.990388334 -0.0772990882 -0.114698641
vn -0.989593029 -0.0808994249 -0.118999161
vn 0.374610513 -0.398611218 0.837123573
vn 0.314608246 -0.508513331 0.801521003
vn 0.373416871 -0.324814677 0.868939221
vn 0.0827012807 0.521208048 0.849413157
vn 0.0373980515 0.643466473 0.764560163
vn -0.00730025675 0.570120037 0.821528912
vn 0.151506141 0.0565022901 -0.98684001
vn 0.164705589 0.0374012701 -0.985633433
vn 0.118799403 0.064899683 -0.990795076
vn -0.973406255 0.192301244 -0.124500796
vn -0.992484391 0.0710988715 -0.0995984301
vn -0.999239087 -0.0312012192 -0.0234009139
vn 0.990447164 0.0537025556 0.127006054
vn 0.998655915 -0.0230989791 0.0463979505
vn 0.990513086 -0.0130001716 0.136801809
vn 0.982798874 -0.0240999721 0.183099791
vn 0.903988302 -0.11679849 0.411294699
vn 0.918124437 -0.0120003195 0.396110564
vn -0.957043767 -0.289913237 -0.00420019217
vn -0.937092006 -0.34829703 -0.0233998001
vn -0.900187612 -0.435494006 0.00269996282
vn -0.308107138 0.00750017399 0.951322079
vn -0.302210718 -0.209507421 0.929932952
vn -0.357590079 0.0028999194 0.933874071
vn 0.634735763 0.352119863 0.687838733
vn 0.621102631 0.388601631 0.680602849
vn 0.556412578 0.571012855 0.603613675
vn -0.966410339 -0.210602254 0.14730157
vn -0.976030469 -0.195706114 0.0952029675
vn -0.962030947 -0.178005725 0.206906661
vn -0.950613499 -0.283204019 0.127001807
vn -0.887017965 -0.438408881 0.14490293
vn -0.921409726 -0.289603055 0.259102702
vn 0.876850903 0.278784394 0.391678065
vn 0.882843435 0.283413947 0.374518454
vn 0.910140574 0.220709845 0.350615621
vn -0.0773987696 0.0761987865 -0.994084179
vn -0.0655025914 0.0287011378 -0.997439504
vn -0.00780009432 0.0481005795 -0.998812079
vn -0.985620737 -0.134102821 0.102802157
vn -0.994847536 -0.0964949131 0.0310983583
vn -0.993528068 -0.0991028026 0.0555015691
vn 0.677175939 -0.0668976158 0.7327739
vn 0.672987223 -0.0672987252 0.736586034
vn 0.691877186 -0.0604980029 0.719476223
vn -0.999514222 0.0311004426 -0.0020000285
vn -0.999514222 0.0311004426 -0.0020000285
vn -0.999514222 0.0311004426 -0.0020000285
vn 0.970773339 0.0698980764 0.229593694
vn 0.976119041 0.0379007384 0.213904157
vn 0.967859745 -0.0483979881 0.246789753
vn -0.991846383 0.127405956 -0.0029001357
vn -0.991978526 0.126397267 0.00149996765
vn -0.991566837 0.12949568 0.00509982975
vn -0.25709191 0.887472093 0.382487983
vn -0.346710354 0.840025067 0.417312443
vn -0.237702072 0.762606621 0.601605177
vn -0.997719109 0.000200003822 0.0675012991
vn -0.999084353 0.013499788 0.0405993648
vn -0.999403954 0.0139000546 0.0316001214
vn -0.997229159 0.0723021105 0.0175005104
vn -0.998581171 0.0443991609 0.0293994453
vn 0.166390792 -0.40007785 0.901250124
vn 0.223089427 -0.31948483 0.920956314
vn 0.429886729 -0.337889582 0.837274194
vn 0.956779242 0.0563987792 0.285293788
vn 0.947901964 -0.205400422 0.243500486
vn 0.924511135 -0.119601443 0.361904353
vn 0.763724625 0.542417467 0.350011289
vn 0.763724625 0.542417467 0.350011289
vn 0.763724625 0.542417467 0.350011289
vn 0.91391176 0.0158002023 0.405605227
vn 0.91056776 0.0494982488 0.41038546
vn 0.908512771 0.0759010687 0.410905778
vn 0.00819970295 0.148594618 -0.988864183
vn 0.0156000638 0.0674002767 -0.997604072
vn -0.00970030949 0.00650020689 -0.999931812
vn -0.943517268 -0.132202417 0.30380556
vn -0.981260061 -0.165193275 0.0991959646
vn -0.967884123 -0.190796867 0.163697317
vn 0.296194345 -0.148697153 -0.943481922
vn 0.329496533 -0.167998239 -0.929090261
vn 0.324705929 -0.164402992 -0.931416988
vn 0.995352983 -0.0538974516 0.0797962323
vn 0.997824669 -0.0578014292 0.0317007825
vn 0.99585247 0.0093995519 0.0904956833
vn -0.0759009868 -0.0143001843 0.997012854
vn -0.0714972615 0.229991183 0.970562756
vn -0.102503307 0.0399012864 0.993932068
vn -0.0729968548 0.0729968548 -0.994657218
vn -0.0778989792 0.0715990588 -0.994386911
vn -0.0778989792 0.0715990588 -0.994386911
vn -0.565073669 0.0308985598 0.824461579
vn -0.598521471 0.10700383 0.793928444
vn -0.6034832 0.0124996519 0.797277749
vn -0.00780009385 -0.302203625 0.953211486
vn -0.0211008228 -0.292811453 0.955937326
vn -0.0349989459 -0.327590138 0.944171548
vn 0.0311995689 0.0452993773 -0.998486221
vn 0.0285992716 0.0350991078 -0.998974562
vn 0.0181994829 0.0363989659 -0.999171615
vn -0.993632495 -0.0991032347 -0.0536017492
vn -0.979356885 -0.200091198 -0.0286987368
vn -0.995908022 0.0255002044 -0.0867007002
vn 0.52878356 0.845873713 -0.0698978305
vn 0.548495948 0.835293829 -0.0378997177
vn 0.604329467 0.79593879 -0.0356017351
vn -0.994424164 -0.105402559 -0.00330008008
vn -0.984811068 -0.0871009752 0.150201678
vn -0.998679459 0.0510989465 -0.00529989041
vn -0.999422312 -0.0314006992 0.0130002899
vn -0.987455904 0.150893256 0.0464979224
vn 0.00699985633 -0.167896539 -0.985779762
vn 0.069197081 -0.0297987424 -0.997157931
vn 0.0574025624 -0.171307638 -0.983543932
vn 0.393886745 -0.0776973814 0.915869176
vn 0.444317818 -0.081703268 0.892135739
vn 0.427789479 0.000999975367 0.903877795
vn -0.86372298 -0.335108936 0.376410037
vn -0.836216509 -0.461009085 0.297005862
vn -0.886610925 -0.297303647 0.354304373
vn 0.994818985 -0.0894017145 0.0484009236
vn 0.997199416 0.024099987 -0.0707999542
vn 0.99979955 -0.0195999909 0.00409999816
vn 0.951967835 -0.13609539 0.27429074
vn 0.952821136 -0.0375008322 0.301206708
vn 0.976491392 0.0202998221 0.214598119
vn -0.999797285 0.00839997642 -0.0182999503
vn -0.999839187 -0.0179006997 -0.00110004307
vn -0.998926938 0.00100002694 -0.0463012531
vn -0.787678182 0.494186312 0.367889822
vn -0.787678182 0.494186312 0.367889822
vn -0.787678182 0.494186312 0.367889822
vn 0.941670477 0.324989796 -0.087397255
vn 0.934397757 0.355199128 0.0270999335
vn 0.90138334 0.409492433 -0.140797392
vn 0.20039539 -0.107697517 0.973777592
vn -0.24888885 -0.207890689 0.945957601
vn -0.0906999335 -0.540099621 0.836699426
vn -0.6524598 -0.1168928 0.748753846
vn -0.754177332 -0.0920972377 0.650180459
vn -0.755396187 -0.15489921 0.636696756
vn 0.500981629 -0.107396066 0.858768582
vn 0.483192325 -0.105898313 0.869086146
vn 0.483192325 -0.105898313 0.869086146
vn -0.335896492 -0.935790241 -0.107098885
vn -0.271691501 -0.942670524 -0.193793938
vn -0.205895022 -0.971176505 -0.120097093
vn -0.976685941 -0.202697083 -0.070698984
vn -0.977276564 -0.200595185 -0.0684983581
vn -0.977534652 -0.199707061 -0.0674023852
vn 0.387400657 -0.213700369 0.896801531
vn 0.387400657 -0.213700369 0.896801531
vn 0.387400657 -0.213700369 0.896801531
vn -0.996927679 -0.0514014252 -0.0591016375
vn -0.994669855 -0.0970970541 -0.0346989483
vn -0.999599516 0 -0.0282999873
vn 0.80121088 -0.135201827 0.582907915
vn 0.783082545 -0.164796337 0.599686623
vn 0.813313663 -0.0792013332 0.576409638
vn 0.0340005942 0.278904855 -0.959716678
vn -0.0319994204 0.261095256 -0.964782476
vn 0.0292998403 0.277098477 -0.96039474
vn -0.0843026116 0.766223788 -0.637019813
vn -0.0177008323 0.70273304 -0.711233437
vn 0.00130007404 0.71184051 -0.702340007
vn -0.0153999338 0.0238998979 -0.999595702
vn 0.0544019714 0.0544019714 -0.997036099
vn -0.00069999136 0.0735991001 -0.99728775
vn 0.00829974096 0.092597127 -0.995669007
vn -0.0639970079 0.18499136 -0.98065418
vn 0.905710578 -0.335103899 0.259603053
vn 0.905710578 -0.335103899 0.259603053
vn 0.905710578 -0.335103899 0.259603053
vn -0.81647563 -0.251792461 0.519584417
vn -0.839029789 0.135204792 0.527018726
vn -0.882252634 -0.00119993556 0.47077471
vn -0.103295758 0.990759373 -0.0878963917
vn -0.0746025145 0.974132776 -0.213307187
vn 0.0243996587 0.971786499 -0.234596714
vn 0.575731277 -0.163408875 0.801143527
vn 0.572476804 -0.17709282 0.800567567
vn 0.585582554 -0.179994643 0.790376484
vn 0.994948864 -0.100094855 -0.00759960944
vn 0.956820846 -0.199504346 0.211404607
vn 0.982705295 -0.162000865 0.0897004828
vn -0.70368576 0.684886158 -0.189096183
vn -0.660684288 0.698283374 -0.275493443
vn -0.698289037 0.701488972 -0.142497763
vn -0.294900239 0.418100357 0.859200716
vn -0.358795792 0.415395141 0.835890234
vn -0.167393267 0.331286639 0.928562641
vn -0.296996266 0.0660991743 -0.952588081
vn -0.310907573 0.0634015426 -0.948323071
vn -0.322391629 0.105797254 -0.940675557
vn 0.969611228 -0.0652007535 -0.235802725
vn 0.988851607 -0.108005643 -0.102505349
vn 0.969396532 -0.0492998213 -0.240499139
vn 0.780575514 -0.553982615 0.289490908
vn 0.780575514 -0.553982615 0.289490908
vn 0.780575514 -0.553982615 0.289490908
vn 0.213705137 -0.0363008752 -0.976223528
vn 0.137795806 -0.0239992701 -0.990169823
vn 0.164006695 -0.104204252 -0.980940044
vn 0.182405785 -0.112803578 -0.976730943
vn 0.144993126 -0.0482977107 -0.988253176
vn 0.391698688 0.754497468 0.526598275
vn 0.44708553 0.732076287 0.513983309
vn 0.391698688 0.754497468 0.526598275
vn 0.995544732 -0.0105004711 -0.0937042013
vn 0.994952679 0.0953050405 -0.031401664
vn 0.999497414 -0.0120999692 -0.0292999242
vn 0.997599065 -0.0266999733 0.0638999417
vn 0.99953258 0.030500995 0.00210006838
vn -0.99707979 -0.0322993472 0.0691986009
vn -0.995272815 -0.00789978355 0.0967973545
vn -0.96043098 -0.270608723 0.0659021214
vn -0.899400115 -0.260400027 0.351100028
vn -0.911729336 -0.203906551 0.35661146
vn -0.912608981 -0.247502446 0.325403184
vn -0.506824017 0.855040491 0.109705195
vn -0.507030189 0.860651195 0.0469027907
vn -0.533110321 0.838316202 0.114102215
vn 0.307504743 -0.0464007147 -0.950414598
vn 0.34121868 -0.0371020325 -0.939251482
vn 0.302682579 -0.0166990384 -0.952945113
vn -0.88052392 -0.385210454 0.276207477
vn -0.863089263 -0.361695498 0.352495611
vn -0.889497221 -0.361798853 0.279099137
vn -0.132701859 0.0604008511 -0.9893139
vn -0.0789982155 0.184895813 -0.979577839
vn -0.017900873 0.0422020592 -0.998948753
vn 0.636462033 0.196888253 0.745755494
vn 0.636462033 0.196888253 0.745755494
vn 0.636462033 0.196888253 0.745755494
vn 0.754488945 -0.116498291 -0.645890594
vn 0.775045753 -0.104306154 -0.623236835
vn 0.774824798 -0.1095035 -0.622619927
vn -0.900919676 -0.0681014881 0.428609371
vn -0.751224101 -0.0821026266 0.654921055
vn -0.88214767 -0.022701228 0.470425427
vn 0.999595225 0.0183999129 -0.0216998961
vn 0.998809457 0.0448004231 -0.0193001833
vn 0.995321691 0.0920020044 -0.0295006428
vn -0.172102258 0.894411802 -0.412805438
vn -0.217894003 0.929174423 -0.298591763
vn -0.0935006365 0.90380615 -0.417602837
vn 0.171095893 0.0123997023 0.985176325
vn 0.174496621 0.0122997612 0.984580934
vn 0.163200453 0.0369000994 0.985902667
vn 0.283601224 0.749003232 0.598802567
vn 0.283810616 0.748827994 0.598922431
vn 0.285120338 0.747753263 0.599642754
vn 0.96214366 -0.149606779 0.227810323
vn 0.944790423 0.0176998209 0.327196658
vn 0.922935724 -0.140205428 0.358513892
vn -0.249392852 -0.0955972597 0.96367234
vn -0.289504141 -0.0700009987 0.954613626
vn -0.266895413 -0.240695879 0.933183968
vn -0.183799997 -0.197100013 0.963000059
vn -0.297807276 -0.0140003422 0.954523325
vn 0.0346016586 0.030101439 0.998947799
vn 0.256796122 0.190097138 0.947585762
vn 0.221494213 0.139896363 0.965074837
vn 0.248291045 -0.648176551 0.719874024
vn 0.128803089 -0.635815263 0.761018217
vn 0.246995032 -0.665986657 0.703885853
vn 0.942486227 0.0310995448 0.332795143
vn 0.958238184 -0.220408797 0.182207271
vn 0.969812691 0.00850011222 0.243703187
vn 0.0840953439 0.0835953727 -0.992945015
vn 0.0858009532 0.0316003524 -0.995811105
vn 0.0699967891 0.0421980619 -0.996654272
vn -0.014399712 -0.796484113 0.604487896
vn -0.0409993194 -0.782586992 0.621189713
vn -0.0246016439 -0.795053184 0.606040537
vn -0.981164277 -0.091196686 -0.170293808
vn -0.997530043 -0.0378011391 -0.0592017844
vn -0.979560018 0.0135994442 0.200691804
vn 0.925343573 -0.34767881 -0.151190773
vn 0.925080717 -0.344792813 -0.159196675
vn 0.92528677 -0.346995026 -0.153097823
vn 0.215891033 -0.795367002 0.566376448
vn 0.214692652 -0.793472826 0.569480538
vn 0.213311076 -0.794741273 0.568229496
vn 0.847613752 0.436007053 -0.30240491
vn 0.845409274 0.420604616 -0.329203606
vn 0.805537105 0.502123117 -0.314614475
vn 0.734831512 0.628727019 -0.254410923
vn 0.700778663 0.624081016 -0.345589489
vn 0.656176507 -0.706474662 0.265190482
vn 0.741214991 -0.633212805 0.222804517
vn 0.735326767 -0.586421311 0.339712381
vn 0.233311996 0.035601832 -0.971749961
vn 0.223490134 0.00979956705 -0.97465694
vn 0.217507988 0.0468017198 -0.97493583
vn 0.274191201 -0.960169256 0.0537982769
vn 0.16099295 -0.986156821 0.0396982618
vn 0.199799046 -0.976695359 -0.0783996284
vn -0.876933873 -0.295011371 0.379414678
vn -0.829111874 -0.28530407 0.480806887
vn -0.8970595 -0.146893367 0.416781187
vn -0.958038568 0.0254010223 0.285511494
vn -0.969306827 0.0892006308 0.229101613
vn -0.978326559 -0.0713019371 0.194405273
vn -0.972316265 -0.224503756 -0.0648010895
vn -0.947926283 -0.317308813 -0.02740076
vn -0.992602766 -0.107300296 -0.0568001606
vn -0.0301995408 0.938485742 0.343994796
vn -0.0236997884 0.928091705 0.371596664
vn -0.0218007267 0.927730918 0.372612417
vn 0.995020151 -0.0282005705 -0.0956019312
vn 0.989567935 -0.0894971043 -0.112896338
vn 0.994369328 -0.00759976543 -0.105696738
vn 0.231391326 0.0310988352 -0.972363591
vn 0.222402945 0.0325004309 -0.974412918
vn 0.218108997 0.053802222 -0.974440217
vn 0.277712584 -0.00630028499 -0.96064347
vn 0.253501773 -0.00740005122 -0.967306674
vn -0.969717681 -0.181603327 -0.163302973
vn -0.969802797 -0.178400502 -0.166300476
vn -0.9696576 -0.175592333 -0.170092568
vn 0.570614815 -0.0757019594 0.817721248
vn 0.571288049 -0.124297403 0.811282992
vn 0.582023084 -0.11890471 0.804431915
vn -0.113001399 -0.157001957 -0.981112182
vn -0.135300159 -0.114200152 -0.984201252
vn -0.143204197 -0.117203429 -0.982728779
vn -0.131093889 -0.0845960602 -0.987753928
vn -0.128201678 -0.155302048 -0.97951287
vn 0.0374001488 0.587302268 0.808503151
vn 0.116899356 0.680996239 0.72289598
vn 0.0533008464 0.717311382 0.69471103
vn -0.990363777 -0.129795253 0.0482982323
vn -0.996154726 -0.0015999272 -0.0875960216
vn -0.989346564 -0.11760553 -0.0858040303
vn -0.986586452 -0.137998104 -0.0871988013
vn -0.995289087 -0.0248997286 -0.093698971
vn -0.0857997537 -0.0054999846 -0.996297181
vn -0.0971955732 0.00459979055 -0.995254636
vn -0.0482996516 0.0218998417 -0.998592794
vn -0.994980991 -0.060898833 0.079398483
vn -0.982129991 -0.142704353 0.122703746
vn -0.997853935 -0.0389982015 0.0525975712
vn 0.171906531 -0.809130728 -0.561921418
vn 0.171906531 -0.809130728 -0.561921418
vn 0.171906531 -0.809130728 -0.561921418
vn -0.994931996 -0.0914029405 0.04190135
vn -0.99391526 -0.100801542 0.0444006808
vn -0.991639972 -0.125305057 0.0308012422
vn 0.372173339 -0.349274963 0.859938383
vn 0.415404171 -0.513105154 0.751107514
vn 0.37430945 -0.393609911 0.839621186
vn -0.0503000282 0.0637000352 -0.996700585
vn 0.0672002733 0.101100408 -0.992604077
vn 0.0175997522 0.0830988288 -0.996385932
vn -0.646721184 0.747324526 0.15250501
vn -0.688421607 0.710422337 0.146204591
vn -0.607392251 0.775090098 0.174097776
vn -0.119904794 -0.40181607 0.907836318
vn -0.18260555 -0.169705153 0.968429387
vn -0.148293883 -0.385384083 0.91076237
vn 0.341102749 -0.407503277 0.847106814
vn 0.240209162 -0.52542001 0.816231191
vn 0.436395258 -0.286296904 0.852990746
vn -0.344601035 0.755202293 -0.55760169
vn -0.275404245 0.72411114 -0.632309794
vn -0.4079777 0.731460094 -0.546370208
vn 0.813311219 -0.540007472 -0.216602981
vn 0.743164361 -0.639669299 -0.196290582
vn 0.69029969 -0.631399691 -0.353299856
vn 0.991636038 0.00820029806 0.128804699
vn 0.966982722 0.0111997994 0.254595429
vn 0.967647433 -0.0173008498 0.251712352
vn -0.984042466 -0.161306947 0.0751032382
vn -0.985282004 -0.159297094 0.0619988665
vn -0.982313454 -0.177302435 0.0602008253
vn 0.0190007444 -0.890534997 0.454517871
vn 0.0409012921 -0.87972784 0.473715007
vn -0.082195282 -0.921047211 0.380678147
vn 0.44038862 -0.0523986444 0.896276832
vn 0.391183168 -0.0479979329 0.919060409
vn 0.420101762 -0.129400551 0.89820379
vn -0.756366253 -0.457879573 0.467179149
vn -0.811216235 -0.417508334 0.409408182
vn -0.784120321 -0.474412292 0.400110364
vn 0.613677204 0.0373986103 -0.788670719
vn 0.584203124 0.0423002243 -0.810504317
vn 0.617107689 0.0410005152 -0.785809815
vn 0.950370312 -0.0697978139 0.303190529
vn 0.950370312 -0.0697978139 0.303190529
vn 0.950370312 -0.0697978139 0.303190529
vn -0.0781958401 0.228287876 0.970448375
vn -0.184005633 0.141204327 0.972729802
vn -0.147795632 0.180694669 0.97237128
vn -0.984072149 0.158295512 -0.0808977112
vn -0.997499168 -0.0683999509 0.0177999847
vn -0.986490607 0.157798499 -0.0439995788
vn -0.998122275 0.0611013621 -0.00430009654
vn -0.999104321 -0.0319001339 -0.0278001186
vn -0.991730988 -0.00920028798 0.128004
vn -0.996738732 0.0191007406 0.0784030482
vn -0.996647298 0.0515972748 0.0634966493
vn -0.988064826 -0.00369986822 0.153994516
vn -0.989977956 -0.0514988564 0.13149707
vn 0.718717754 0.640015781 0.2717067
vn 0.740799546 0.61809963 0.262999833
vn 0.756928563 0.577421844 0.306011528
vn 0.976933002 -0.0200006757 0.212607175
vn 0.994025588 -0.0225005802 0.106802747
vn 0.990748048 -0.0448021702 0.128106207
vn -0.994992912 -0.0953993201 -0.0297997873
vn -0.992471099 -0.0777977332 -0.0945972428
vn -0.988722444 -0.149703413 -0.00410009315
vn -0.0168001 -0.186001122 0.982405901
vn -0.0168001 -0.186001122 0.982405901
vn -0.0168001 -0.186001122 0.982405901
vn 0.565306544 -0.196602285 0.801109314
vn 0.483325601 -0.112005934 0.868245959
vn 0.521671712 -0.220888004 0.824055254
vn 0.947188556 -0.156498104 0.279896617
vn 0.953176498 -0.241294056 0.182295516
vn 0.980813444 -0.180602476 0.0734010041
vn 0.99900049 -0.0446000211 -0.00300000166
vn 0.998274803 -0.00139996468 0.0586985201
vn -0.256599337 -0.917497694 -0.303899229
vn -0.289289415 -0.912766695 -0.288389444
vn -0.144402429 -0.924715638 -0.352205932
vn -0.103499949 -0.178399906 0.978499532
vn -0.181399852 -0.239899784 0.953699231
vn -0.0226005968 -0.1749046 0.984325945
vn 0.964811325 -0.00460005412 -0.262903064
vn 0.964811325 -0.00460005412 -0.262903064
vn 0.964811325 -0.00460005412 -0.262903064
vn -0.526785493 -0.508686006 0.680981278
vn -0.517707109 -0.324304432 0.791710854
vn -0.566996217 -0.325697869 0.756595075
vn -0.807692826 0.588894784 -0.0288997442
vn -0.760874093 0.647677898 -0.0397986434
vn -0.839731693 0.516519487 -0.167506337
vn 0.850042164 -0.513325453 -0.118005849
vn 0.866216421 -0.499409497 0.0161003079
vn 0.931180537 -0.343892813 0.120997466
vn -0.981976151 -0.186395466 0.0312992409
vn -0.980454266 -0.196010843 0.0170009416
vn -0.981909871 -0.184401855 0.0430004336
vn 0.0671984851 0.964578331 0.25509429
vn 0.0960981101 0.975480795 0.197996095
vn 0.035400331 0.964008927 0.263502449
vn 0.942947507 0.255985767 0.212888151
vn 0.939443946 0.236611068 0.247911602
vn 0.953740597 0.21540916 0.209708929
vn 0.644393742 0.0349996574 -0.763892531
vn 0.640183449 0.031399183 -0.767580092
vn 0.646275103 0.0763970539 -0.759270728
vn -0.953591168 0.294397295 0.0631994084
vn -0.944312036 0.325904131 0.0454005785
vn -0.948319197 0.312706321 0.0539010912
vn 0.927679718 -0.178596094 0.32789281
vn 0.866515398 -0.0392006934 0.497608811
vn 0.936238587 -0.193607971 0.293212056
vn -0.650603771 0.0329001918 -0.758704364
vn -0.652871251 -0.00179992081 -0.757466674
vn -0.675102711 0.0572002269 -0.735502899
vn -0.984314322 -0.0434006341 -0.171002492
vn -0.983470976 -0.0713978931 -0.166395083
vn -0.998552263 -0.0503975898 -0.0187991001
vn -0.782710969 0.578008115 -0.230803251
vn -0.782710969 0.578008115 -0.230803251
vn -0.782710969 0.578008115 -0.230803251
vn -0.994193375 -0.0146999024 0.106599286
vn -0.999362528 -0.0356986597 -0.000499981281
vn -0.997853696 -0.0368982889 0.0540974885
vn 0.204398006 -0.970190525 0.130198717
vn 0.19020009 -0.980600417 0.0474000201
vn 0.238298282 -0.921093345 0.307897776
vn -0.8370049 -0.410602391 0.361702114
vn -0.784002662 -0.490001678 0.38110131
vn -0.772279918 -0.475587636 0.42118907
vn -0.996441662 -0.0671028122 0.0510021336
vn -0.99810791 -0.0598004758 -0.0143001135
vn -0.995564461 -0.0775972307 0.0531980991
vn 0.980341315 -0.000600025349 -0.197308317
vn 0.986164033 0.141294852 -0.0866968408
vn 0.998284996 -0.0260996073 0.0523992144
vn -0.986107826 -0.0920007303 0.138301089
vn -0.994707346 0.00550004095 0.102600761
vn -0.991189718 -0.0828991458 0.103298932
vn -0.9935987 -0.103399865 0.0454999395
vn -0.994248986 -0.0895044133 0.0588028952
vn 0.802671015 -0.309088856 0.510081589
vn 0.814119399 -0.269806415 0.514212191
vn 0.827869415 -0.266290158 0.493681788
vn -0.981943965 0.0796035603 -0.171607688
vn -0.981943965 0.0796035603 -0.171607688
vn -0.981996298 0.0780997127 -0.171999365
vn -0.79882431 -0.600018263 -0.0431013107
vn -0.797107577 -0.574605465 -0.185601756
vn -0.725405037 -0.517103553 -0.454303175
vn 0.373779476 0.0777957216 -0.924249232
vn 0.289094567 0.193296373 -0.937582433
vn 0.40461275 0.128404036 -0.905428529
vn -0.221410424 0.105604976 -0.969445705
vn -0.236211166 0.0174008235 -0.971545875
vn -0.232695282 0.102997907 -0.967080355
vn 0.206605166 -0.212705329 0.955023885
vn 0.278708071 -0.140604079 0.950027525
vn 0.236700907 -0.184500709 0.953903675
vn -0.928087831 -0.212897196 -0.305496007
vn -0.963863373 -0.228891298 -0.136294812
vn -0.939491749 -0.29269743 -0.177998438
vn 0.842799008 -0.262099713 0.470099419
vn 0.874416769 -0.18980363 0.446508557
vn 0.844174266 -0.261992007 0.467685729
vn -0.940162897 0.330386966 0.0832967162
vn -0.917702973 0.396701276 0.0212000683
vn -0.917614043 0.396406084 0.029100446
vn 0.958014965 0.273704261 -0.0854013339
vn 0.969791234 0.23449789 -0.0671993867
vn 0.968292654 0.237098217 -0.0786994025
vn 0.335404187 -0.616307735 -0.712508917
vn 0.333199501 -0.622099042 -0.708498955
vn 0.332494885 -0.624190331 -0.70698911
vn -0.118999079 0.60589534 0.786593914
vn -0.179607168 0.672226787 0.718228638
vn -0.236403406 0.523907542 0.81831187
vn 0.98093915 -0.0639025494 0.183507338
vn 0.988975048 -0.0091997683 0.147796273
vn 0.980998337 -0.0632998869 0.183399692
vn -0.993532777 -0.109203607 -0.0311010256
vn -0.993172586 -0.110796936 -0.0364989936
vn -0.99247086 -0.114496633 -0.043498721
vn 0.104202986 0.00740021188 -0.994528472
vn 0.0600015745 0.0233006105 -0.997926235
vn 0.169693783 0.119995601 -0.978164196
vn -0.582391918 -0.303095788 0.754289508
vn -0.556872129 -0.352982312 0.751862347
vn -0.656780839 -0.198894218 0.727378845
vn 0.981447697 -0.15370746 0.114605568
vn 0.971384227 -0.226496324 0.071498841
vn 0.985861421 -0.154693946 0.0643974841
vn 0.848617375 -0.528910875 0.0101002064
vn 0.848617375 -0.528910875 0.0101002064
vn 0.848617375 -0.528910875 0.0101002064
vn -0.960214317 -0.271304041 0.0662009865
vn -0.98473984 -0.106804311 0.137405545
vn -0.988566339 -0.143695116 0.0456984416
vn 0.88497752 -0.439988852 0.152396128
vn 0.923196435 -0.305798829 0.232799113
vn 0.842685342 -0.46459192 0.272095263
vn 0.303408325 -0.946325958 -0.111403048
vn 0.236111253 -0.949245214 -0.207809895
vn 0.352606475 -0.916216791 -0.19030349
vn -0.893644154 0.44852221 0.0151007464
vn -0.897099614 0.440199822 0.0378999859
vn -0.893644154 0.44852221 0.0151007464
vn -0.269092441 0.139396086 -0.952973247
vn -0.274011374 0.159906641 -0.948339462
vn -0.232000649 0.170800477 -0.95760268
vn -0.0815035403 -0.0214009285 -0.996443212
vn -0.0879961029 -0.0767966062 -0.993156016
vn -0.0935007557 -0.0678005442 -0.993307948
vn -0.856618762 0.00630013831 -0.515911341
vn -0.856618762 0.00630013831 -0.515911341
vn -0.856618762 0.00630013831 -0.515911341
vn -0.748552978 0.663058341 -0.0046997047
vn -0.803770363 0.589778304 0.0781971142
vn -0.801605701 0.593904257 0.0686004907
vn -0.995631695 -0.00350011163 0.0933029726
vn -0.99944514 -0.000600027095 0.0333015025
vn -0.994529426 -0.0945027992 -0.0445013195
vn 0.268316627 -0.185211495 0.945358574
vn 0.236709341 -0.181707174 0.954437673
vn 0.268307626 -0.215906143 0.93882668
vn -0.0198009089 -0.0334015302 -0.999245882
vn -0.00229997933 -0.00359996734 -0.99999094
vn 0.0135004483 -0.0123004084 -0.999833226
vn -0.966430068 -0.24000746 -0.0917028561
vn -0.973679602 -0.199895814 -0.109497704
vn -0.963795066 -0.256598681 -0.0724996254
vn -0.520290196 -0.613188505 -0.594388843
vn -0.510297775 -0.616797328 -0.599297404
vn -0.519785583 -0.62268275 -0.584883809
vn -0.520306826 -0.832710981 -0.189402491
vn -0.550697267 -0.813095987 -0.188699082
vn -0.53630662 -0.815410078 -0.21790269
vn -0.0630983114 0.883276343 0.464587539
vn -0.0361986682 0.875267744 0.482282221
vn -0.0103005441 0.907547951 0.419822186
vn -0.1050025 -0.13890329 0.984723449
vn -0.190501481 -0.0501003861 0.980407655
vn -0.0966014788 -0.15350236 0.983415067
vn -0.961846232 -0.169590518 -0.214688003
vn -0.951532185 -0.264808953 -0.156405285
vn -0.937172234 -0.275991827 -0.213393673
vn 0.274903536 0.951312304 0.139401808
vn 0.297090143 0.933969021 0.198593393
vn 0.277298838 0.938396096 0.206199154
vn 0.427619427 -0.223710164 0.875839829
vn 0.220502615 -0.210002467 0.952511191
vn 0.21278955 -0.316684455 0.924354613
vn 0.831132174 0.556021512 -0.00770029798
vn 0.831335247 0.554623485 -0.0357015133
vn 0.846800983 0.528900623 -0.0565000661
vn 0.483108491 -0.101001777 0.869715333
vn 0.437602878 -0.0318002105 0.898605883
vn 0.469513267 -0.0984027758 0.877424777
vn -0.273206115 -0.222704977 0.935820937
vn -0.367795706 -0.148398265 0.917989254
vn -0.36889565 -0.150598228 0.91718924
vn -0.962329745 -0.270408332 0.0283008739
vn -0.866023362 -0.477812916 0.147303984
vn -0.895330906 -0.43721512 0.0850029364
vn -0.967414856 0.0407006256 0.249903813
vn -0.967952013 0.060603261 0.243713096
vn -0.969369411 0.0243992303 0.244392291
vn 0.790011525 -0.520607591 0.323804706
vn 0.790011525 -0.520607591 0.323804706
vn 0.790011525 -0.520607591 0.323804706
vn 0.831596732 -0.30059883 0.46699819
vn 0.832804918 -0.307501823 0.46030274
vn 0.831323206 -0.292308152 0.472713172
vn 0.119195364 -0.0317987651 -0.992361426
vn 0.119894698 -0.0405982062 -0.991956115
vn 0.138001606 -0.0720008388 -0.987811506
vn 0.0503989421 -0.89878118 -0.435490876
vn 0.0800978616 -0.929975212 -0.358790427
vn -0.0180994663 -0.929772556 -0.367689162
vn 0.885297477 -0.081099771 0.457898706
vn 0.85197258 -0.0103996657 0.523483157
vn 0.834872127 -0.0840971917 0.54398185
vn 0.969551504 -0.135007188 0.204310864
vn 0.95977968 -0.119197473 0.254194647
vn 0.969877005 -0.152696386 0.189795494
vn -0.886316597 0.451908469 0.10110189
vn -0.888593495 0.443496764 0.117099144
vn -0.89497304 0.430587023 0.116696484
vn 0.943058491 -0.229689896 -0.24058941
vn 0.943528473 -0.233507067 -0.235007107
vn 0.942762673 -0.224591106 -0.24649024
vn -0.989192545 0.0564995743 0.135298982
vn -0.986495674 -0.145399362 0.0753996745
vn -0.868607223 0.175701454 0.463303864
vn -0.899442673 0.336715966 0.27861321
vn -0.885028481 0.302909732 0.353511393
vn -0.881791055 0.294996977 0.367996275
vn -0.193497017 0.0817987323 -0.977684915
vn -0.146294296 0.0699972734 -0.98676157
vn -0.149599299 0.0476997755 -0.987595439
vn -0.810585558 -0.165697053 0.561690032
vn -0.84325552 0.367580622 0.39217931
vn -0.821452796 -0.418975919 0.386877775
vn -0.998646319 0.0520024113 -0.00110005098
vn -0.998646319 0.0520024113 -0.00110005098
vn -0.998646319 0.0520024113 -0.00110005098
vn 0.997394323 0.0381997824 0.0611996539
vn 0.99669683 0.0800997466 0.0133999567
vn 0.996866763 0.0607979745 0.0505983084
vn -0.996713877 -0.000500007009 0.0810011253
vn -0.993524075 0.0614014901 0.0956023186
vn -0.996204913 0.00260001281 0.0870004222
vn 0.497220755 0.683728576 0.534122348
vn 0.684987903 -0.491391301 0.537890494
vn 0.4745785 -0.328385115 0.816663027
vn 0.995661676 0.091696471 0.015799392
vn 0.999665022 0.0183993559 -0.0181993637
vn 0.989890099 0.13739863 -0.0351996496
vn 0.891356349 -0.0142992996 -0.453077823
vn 0.894008994 0.014800149 -0.447804511
vn 0.803721607 0.0343009233 -0.594015956
vn -0.673894048 -0.452695996 -0.583894849
vn -0.939015865 -0.267404497 -0.216203645
vn -0.894595981 -0.397698253 -0.203799084
vn -0.655280411 -0.29149127 -0.696879148
vn -0.675326288 -0.306911945 -0.670626104
vn -0.686412692 -0.313405782 -0.656212091
vn -0.78747803 0.172595173 -0.591683507
vn -0.785222292 0.178205073 -0.593016863
vn -0.787753284 0.166490123 -0.593064845
vn 0.901186228 0.423293531 -0.0931985751
vn 0.939205706 0.16150099 0.303001851
vn 0.949297309 0.182199493 0.25619927
vn 0.848316967 0.219804406 0.481709659
vn 0.848316967 0.219804406 0.481709659
vn 0.848316967 0.219804406 0.481709659
vn -0.968167484 0.0245991722 0.249091625
vn -0.968986154 0.0159997717 0.2465965
vn -0.968266428 0.00379986851 0.249891326
vn -0.867297053 0.47999835 -0.131899551
vn -0.922034562 -0.324412167 0.211207926
vn -0.696074188 -0.695274174 0.179093361
vn -0.990539312 -0.120204777 -0.0662026331
vn -0.996586442 -0.0788989291 -0.02429967
vn -0.994179487 -0.0873981938 -0.0629986972
vn 0.995446205 -0.0953044146 -0.00200009276
vn 0.997914851 -0.0208003093 0.0611009076
vn 0.995048821 -0.0962950438 0.0245987345
vn -0.957661688 0.013299467 0.287588477
vn -0.954012513 -0.0852011144 0.287403792
vn -0.983068585 0.0794974566 0.165094718
vn 0.657588482 0.17659691 0.732387185
vn 0.643898904 0.174699709 0.744898736
vn 0.62979579 0.17059885 0.757794917
vn 0.727024972 -0.567419469 0.38661328
vn 0.865847468 -0.493070066 0.0847948566
vn 0.729499042 -0.681799114 -0.0545999259
vn -0.881971776 -0.417386621 -0.218892992
vn -0.903618336 -0.371507525 -0.213204339
vn -0.926792562 -0.310497493 -0.211298302
vn 0.994896114 0.0788996965 0.0628997609
vn 0.995208323 0.0798006728 0.0565004721
vn 0.991289377 0.131298602 0.0102998903
vn 0.867974401 0.48038584 -0.12589629
vn 0.867974401 0.48038584 -0.12589629
vn 0.867974401 0.48038584 -0.12589629
vn 0.090100497 -0.209701166 -0.973605335
vn 0.105402254 -0.167503566 -0.980220914
vn 0.163206726 -0.143905938 -0.976040244
vn -0.298901558 0.901004732 0.314401627
vn -0.249697506 0.922390878 0.294697106
vn -0.328993022 0.896381021 0.297093719
vn 0.229994848 0.166296273 -0.958878458
vn 0.183604941 0.126503408 -0.974826276
vn 0.158694714 0.188493714 -0.969167709
vn 0.992353141 -0.0667968467 0.103795104
vn 0.992408633 -0.0672005862 0.103000894
vn 0.992439508 -0.0675026923 0.102504075
vn 0.514301181 -0.280900657 0.8103019
vn 0.514412999 -0.281507105 0.810020447
vn 0.514499187 -0.281699538 0.809898734
vn 0.341103524 -0.32970342 0.880309105
vn 0.377186686 -0.325188488 0.86716938
vn 0.474602938 -0.356202215 0.804904997
vn 0.0120994113 -0.0273986682 -0.999551356
vn 0.0687002912 -0.106800444 -0.991904199
vn 0.0104002841 -0.0322008803 -0.999427319
vn 0.95910877 -0.0174001604 0.282502562
vn 0.956475317 -0.0204994716 0.291092485
vn 0.957918167 -0.0191003624 0.286405414
vn -0.992150784 -0.113494366 -0.0524973907
vn -0.98838681 -0.115798458 -0.0983986855
vn -0.980857611 -0.170592636 -0.0938959494
vn -0.984988332 -0.095798865 -0.143598303
vn -0.986445367 -0.101404659 -0.129005924
vn -0.988007903 -0.0932007506 -0.123100989
vn 0.900781512 -0.0507989563 0.431291193
vn 0.876801789 -0.00700001419 0.480800986
vn 0.881705821 -0.0522003472 0.468903124
vn -0.59529233 -0.0423994511 -0.802389681
vn -0.593204439 -0.0199001469 -0.804805934
vn -0.577687979 -0.0455990508 -0.81498301
vn -0.467292696 0.848986745 0.246696174
vn -0.42159906 0.866798043 0.266299397
vn -0.47329405 0.844389379 0.250996828
vn -0.881651759 -0.359821111 0.305317909
vn -0.896301627 -0.380400687 0.227900416
vn -0.842381895 -0.457290202 0.285093874
vn -0.327400357 0.054700058 -0.943301022
vn -0.329589367 -0.0170994475 -0.943969548
vn -0.344109237 0.0140003767 -0.93882519
vn -0.977828503 -0.000600017491 0.209406093
vn -0.978245437 -0.047202196 0.20200938
vn -0.99499929 -0.0285999794 0.0956999362
vn -0.98467803 -0.0452989861 0.168396249
vn -0.984570682 -0.0434987023 0.169494942
vn -0.984300673 -0.0396000259 0.172000125
vn -0.934014559 -0.145402268 0.326305091
vn -0.91437161 -0.217193261 0.341689378
vn -0.95509553 -0.187899128 0.229098931
vn 0.690714359 -0.716414928 0.098302044
vn 0.812682927 -0.580487847 -0.0507989302
vn 0.745019972 -0.618216574 0.250506699
vn 0.821312606 -0.563108623 0.0914013982
vn 0.797506928 -0.600105166 0.0621005371
vn 0.820785046 -0.562889755 0.0972982273
vn 0.847785592 -0.173397049 0.501191497
vn 0.840070665 -0.0836970806 0.535981297
vn 0.837694466 -0.133399114 0.529596508
vn 0.967304766 0.0248001236 -0.252401263
vn 0.965582252 0.0373993143 -0.257395267
vn 0.967647433 0.0200009812 -0.251512349
vn 0.619184315 -0.174195588 0.765680552
vn 0.603191376 -0.200097159 0.772088945
vn 0.608387828 -0.181596369 0.772584558
vn -0.494205624 0.306003481 -0.813709319
vn -0.514476597 0.247988701 -0.820862651
vn -0.522522092 0.261811078 -0.811434329
vn -0.224300221 -0.0061000064 -0.974501014
vn -0.227195561 -0.018099647 -0.973680973
vn -0.241208479 -0.0644022673 -0.968334019
vn 0.404903144 0.894506931 0.189501464
vn 0.408913136 0.845127165 0.344311059
vn 0.364611655 0.881028116 0.301409632
vn -0.957764924 -0.179693431 0.224491775
vn -0.985795379 -0.167399213 0.0135999369
vn -0.97901237 -0.170002148 0.112401426
vn 0.169708103 -0.0552026406 -0.983947039
vn 0.22599861 -0.00809995085 -0.974093974
vn 0.143805087 -0.0184006505 -0.989435017
vn 0.994890571 -0.0969990864 -0.0279997345
vn 0.97238332 -0.223596171 0.0668988526
vn 0.972266793 -0.20359306 -0.11509607
vn 0.0700975135 -0.865269244 -0.496382326
vn 0.0298998244 -0.867694914 -0.496197075
vn 0.0429016165 -0.888833582 -0.456217259
vn -0.103496358 -0.337088138 0.935767055
vn -0.0233001336 -0.399802297 0.916305244
vn -0.119297467 -0.326093078 0.937780082
vn -0.997348666 -0.0237011574 -0.0688033625
vn -0.999321222 0.0276005864 -0.0244005173
vn -0.99810046 -0.0507000275 -0.0350000151
vn 0.952653527 0.0386981107 0.301585287
vn 0.950894654 -0.0305998288 0.30799824
vn 0.958097696 -0.0673998371 0.278399318
vn 0.453417033 0.777929187 -0.435016334
vn 0.406480461 0.750363946 -0.521274984
vn 0.493018687 0.694126368 -0.52451992
vn -0.0928015634 0.573809743 -0.813713789
vn 0.0374993496 0.621789217 -0.782286406
vn -0.122001916 0.641910076 -0.75701189
vn 0.514488101 0.184195742 -0.837480605
vn 0.53422451 0.147706762 -0.832338154
vn 0.590429962 0.139507085 -0.794940352
vn -0.821245968 -0.523729324 0.226412669
vn -0.816319704 -0.481911629 0.318407685
vn -0.871510446 -0.438105255 0.220302641
vn 0.655673742 0.0420983136 -0.753869772
vn 0.691819251 0.0735020414 -0.718319952
vn 0.692428589 -0.205408499 -0.691628635
vn -0.516701937 0.0758002773 0.852803171
vn -0.526190877 0.0285995062 0.849885345
vn -0.530205905 0.0514005683 0.846309423
vn 0.0989979431 0.0400991701 -0.994279385
vn 0.062802352 0.0194007289 -0.997837484
vn 0.0762004778 0.0613003895 -0.995206296
vn -0.86307317 0.445386171 0.238192603
vn -0.893886268 0.408793718 0.183997184
vn -0.856639504 0.466321528 0.220710173
vn -0.896855772 -0.122993939 0.424879044
vn -0.969818473 -0.119202271 0.212704048
vn -0.90464437 -0.06140301 0.421720654
vn 0.0196995605 0.0324992724 -0.999277651
vn 0.0103999972 0.0698999763 -0.997499764
vn 0.0117998319 0.0358994864 -0.999285758
vn -0.99769634 -0.0492998175 0.0465998314
vn -0.998691857 -0.036899697 0.0353997089
vn -0.998392761 -0.0430996865 0.0367997363
vn 0.958781898 0.260795057 0.112797871
vn 0.907151699 0.409778178 0.0956949145
vn 0.910476923 0.396189958 0.118596993
vn -0.99544394 0.0306013506 -0.0903039873
vn -0.996494949 -0.0809995905 -0.0208998937
vn -0.997466445 0.0478983894 -0.0525982305
vn -0.0515007116 -0.854611814 -0.516707182
vn -0.119998321 -0.840288341 -0.528692603
vn -0.147501126 -0.849706471 -0.50620389
vn 0.873497248 -0.16559948 0.45779857
vn 0.835830986 -0.215507984 0.504918694
vn 0.873704314 -0.126200616 0.46980232
vn -0.466506243 -0.00330004375 -0.884511769
vn -0.442599356 -0.0697998926 -0.893998682
vn -0.449093461 -0.0187997278 -0.893287003
vn -0.965500712 0.000200000155 0.260400206
vn -0.957131982 0.0522017479 0.284909546
vn -0.95241183 -0.0448005535 0.301503718
vn 0.873817861 0.14760302 -0.463309497
vn 0.805582225 0.156696543 -0.57138741
vn 0.842516303 -0.0197003819 -0.538310409
vn -0.304387957 0.191192448 -0.933163106
vn -0.232096225 0.0244996008 -0.972384214
vn -0.114298053 0.12939781 -0.984983265
vn 0.681091309 0.0662991479 0.729190648
vn 0.686109066 0.0842011124 0.72260952
vn 0.691402376 0.107000366 0.714502454
vn 0.965676963 0.126796991 0.226694599
vn 0.940853238 0.137893125 0.309484601
vn 0.969512045 0.0345004275 0.242603004
vn 0.856097221 -0.219899267 0.467698455
vn 0.856226444 -0.218506768 0.468114465
vn 0.856313646 -0.217103466 0.468607455
vn 0.625371277 -0.377082705 0.68316865
vn 0.672788382 -0.385293365 0.631589115
vn 0.706132174 -0.391917884 0.589726865
vn 0.781516194 -0.524710894 0.33750701
vn 0.826582968 -0.468290359 0.312193573
vn 0.838285506 -0.423992664 0.342794061
vn -0.998944223 -0.0339015014 -0.0310013723
vn -0.998264015 -0.0523981117 -0.0268990323
vn -0.994107127 -0.108400784 -0.000500003633
vn -0.26760757 -0.91712594 0.295408368
vn -0.275399178 -0.912297249 0.303099066
vn -0.268907547 -0.916325688 0.296708345
vn 0.992373765 0.121696785 0.0195994824
vn 0.991991818 0.124998964 0.0180998519
vn 0.991968691 0.125196055 0.0179994311
vn 0.986397803 0.111799754 -0.12049973
vn 0.988877833 0.147296712 -0.0205995385
vn 0.986271858 0.158795476 0.0452987067
vn -0.120697841 -0.162597075 -0.979282439
vn -0.107300885 -0.150901258 -0.982708156
vn 0.0906970575 -0.176194295 -0.980168223
vn -0.87466985 -0.00589979673 0.484683275
vn -0.893561423 -0.0373983867 0.447380692
vn -0.915125132 -0.0702019334 0.397010952
vn -0.924387455 0.0255996529 0.38059485
vn -0.918234169 -0.00430015987 0.39601472
vn -0.912844956 0.0311015286 0.407120049
vn -0.131301805 -0.0213002898 -0.991113603
vn -0.0599987619 -0.0512989424 -0.996879458
vn -0.0839008242 -0.0755007416 -0.993609786
vn -0.637390912 0.0438993797 -0.769289076
vn -0.579824209 0.105104387 -0.807933748
vn -0.56561178 0.078601636 -0.820917189
vn -0.93948555 -0.0621990412 -0.33689484
vn -0.938160598 -0.062097393 -0.340585709
vn -0.940579057 -0.0623986088 -0.333792567
vn -0.985035539 -0.156405643 -0.0724026114
vn -0.984870732 -0.155095384 -0.0772977024
vn -0.984899402 -0.16279991 -0.0588999614
vn -0.939372003 -0.323990345 0.112296648
vn -0.940510511 -0.320703566 0.112201251
vn -0.939505398 -0.323601842 0.112300649
vn 0.0315007605 -0.283606857 0.958423138
vn 0.12000531 -0.244310811 0.962242603
vn 0.080201596 -0.262405187 0.961619079
vn 0.694924474 0.704124808 0.145905137
vn 0.742289603 0.590891719 0.315995574
vn 0.591183424 0.750378966 0.295691729
vn -0.608071685 0.609171629 0.509076357
vn -0.515035927 0.63284415 0.578140378
vn -0.715736628 0.513226271 0.473624259
vn 0.529282689 -0.103796609 0.842072546
vn 0.475495517 -0.199098125 0.85689193
vn 0.477588445 -0.221594647 0.850179434
vn 0.977661908 0.0587977096 -0.201792151
vn 0.989102364 0.0731001794 -0.127800301
vn 0.988048494 0.010399458 -0.153791979
vn 0.565307498 -0.535407126 0.627508342
vn 0.514207125 -0.653709054 0.55520767
vn 0.53169781 -0.610997498 0.586497605
vn 0.721173406 -0.554479539 0.415284693
vn 0.694308758 -0.599007547 0.398905009
vn 0.724116802 -0.681215823 0.107702494
vn -0.985810578 0.167301789 0.0137001462
vn -0.983398676 0.181099743 0.0113999853
vn -0.98384124 0.17750743 0.0234009791
vn -0.998820007 -0.0235004704 0.0425008535
vn -0.99821496 -0.025300378 -0.0541008078
vn -0.996336699 0.0558020547 -0.0648023933
vn -0.988205075 0.0700003654 0.136200681
vn -0.986415088 0.103701584 0.127401948
vn -0.988451481 0.0898955837 0.121994011
vn -0.991545856 0.109194048 0.0700961724
vn -0.992252767 0.0997952521 0.0739964843
vn -0.989595711 0.131799415 0.0576997511
vn -0.98476541 -0.04949826 0.166694149
vn -0.980992377 -0.167598695 0.0977992415
vn -0.992888272 0.0332996063 0.114298642
vn -0.952638626 -0.110004462 0.28351146
vn -0.962530375 -0.0859027132 0.257208139
vn -0.972500563 -0.0893000439 0.215100124
vn -0.965168417 -0.180394098 0.189493805
vn -0.987576604 -0.109197408 0.112997323
vn -0.976535618 -0.146005332 0.158305779
vn -0.113304585 0.111004494 -0.987339914
vn -0.105298087 0.103098124 -0.989081979
vn -0.107204899 0.0995045453 -0.989245176
vn 0.83899194 -0.186198205 0.51129514
vn 0.841813982 -0.161602691 0.515008569
vn 0.841952384 -0.205288395 0.49897179
vn -0.0481018908 -0.142405599 0.988638878
vn 0.0104997642 -0.153596565 0.988077819
vn -0.07970348 -0.211409226 0.974142492
vn -0.17418921 -0.109193243 0.978639364
vn -0.0880026668 -0.0444013439 0.995130181
vn -0.14369601 -0.112796865 0.983172655
vn 0.0802978277 -0.114496894 -0.990173101
vn 0.0332991518 -0.0922976434 -0.995174587
vn 0.0349004194 -0.0845010206 -0.995811999
vn -0.889263272 0.440881789 -0.121794969
vn -0.903067946 0.413085341 -0.117595822
vn -0.895275414 0.425788313 -0.131096408
vn -0.914002299 -0.351500899 0.202600524
vn -0.93898809 -0.315096021 0.137898237
vn -0.878015101 -0.474508166 -0.0627010837
vn -0.902925313 -0.337509483 0.26610744
vn -0.953334868 -0.121904455 0.276210099
vn -0.948281884 -0.217295855 0.231395572
vn 0.703620076 -0.159604564 0.692419767
vn 0.680885136 -0.188995883 0.70758456
vn 0.701588869 -0.167197347 0.692689002
vn -0.982779622 -0.0248994846 -0.1830962
vn -0.981177449 -0.0263993926 -0.191295624
vn -0.983014107 -0.013900199 -0.183002621
vn -0.954929113 -0.115103506 -0.273608357
vn -0.955898404 -0.0958998427 -0.277599543
vn -0.949897647 -0.123099707 -0.287299305
vn -0.937655747 -0.0517975576 0.343683779
vn -0.937655747 -0.0517975576 0.343683779
vn -0.937655747 -0.0517975576 0.343683779
vn 0.995986402 -0.0694990456 0.0563992299
vn 0.987587631 -0.156398028 -0.014499817
vn 0.988034427 -0.150705263 -0.0328011438
vn -0.0107004186 -0.00270010578 -0.999939084
vn 0.0170992929 0.0581975915 -0.998158634
vn 0.0539997816 -0.0536997803 -0.997095942
vn 0.313601643 -0.719803751 -0.619303226
vn 0.500686884 -0.608984053 -0.61518383
vn 0.139595821 -0.877773762 -0.458286285
vn -0.418714792 0.907231987 -0.0401014127
vn -0.424297541 0.900094807 -0.0989994332
vn -0.421679229 0.893555999 -0.154092416
vn -0.865711808 0.500506818 -0.00600008201
vn -0.867872953 0.488584757 -0.0898972005
vn -0.859558344 0.510034621 -0.0320021734
vn 0.990337014 0.0215008035 -0.137005106
vn 0.987676263 0.0392990559 -0.151496351
vn 0.985473633 -0.0462987646 -0.163395628
vn -0.99026829 -0.0496984087 -0.129995823
vn -0.989835203 -0.0514018275 -0.132604718
vn -0.990092337 -0.0502996072 -0.131098986
vn -0.991072953 0.0561984703 -0.120896697
vn -0.994374633 0.0593984835 -0.0876977593
vn -0.991578102 0.0581987202 -0.115697451
vn -0.994533896 0.0444015153 -0.0945032239
vn -0.996967137 0.0436985604 -0.0643978789
vn -0.995968103 0.0399987176 -0.0802974328
vn -0.996360719 -0.00759970024 -0.0848966539
vn -0.998935997 -0.00810029265 -0.0454016365
vn -0.998242497 -0.0259011034 -0.0533022694
vn -0.539891064 0.783087015 0.308694869
vn -0.446779162 0.823261619 0.350183666
vn -0.509891689 0.798987031 0.318794817
vn -0.827219188 0.554212868 -0.092502147
vn -0.831989467 0.548593044 -0.0826989487
vn -0.835817575 0.538911343 -0.104802199
vn 0.998154461 0.00719967159 0.0602972507
vn 0.989286661 -0.0233996827 0.144098043
vn 0.997152209 0.0475977175 -0.0584971942
vn -0.547111034 0.795915961 0.259205222
vn -0.450600624 0.892701328 -0.00660000974
vn -0.605004609 0.775305867 0.181301355
vn 0.0286009908 0.050101731 -0.998334587
vn 0.1864959 0.109997585 -0.976278543
vn -0.0156995486 0.0616982281 -0.997971356
vn 0.251502305 0.251502305 0.934608519
vn 0.376090586 0.398990005 0.836279094
vn 0.0667011067 0.231203824 0.970616102
vn 0.238809049 -0.35171333 0.905134261
vn 0.212302849 -0.202402711 0.956012785
vn 0.172498837 -0.250998288 0.952493548
vn 0.975448668 -0.113394037 0.188790068
vn 0.983118236 -0.051400952 0.175603271
vn 0.965459168 -0.0137994159 0.260188997
vn 0.79928571 -0.554990113 0.23049587
vn 0.777227104 -0.56461972 0.277709693
vn 0.785794914 -0.590296209 0.184598804
vn -0.993309259 -0.0532004945 -0.102500945
vn -0.993555248 -0.0529976115 -0.100195482
vn -0.993494093 -0.0529996827 -0.100799404
vn -0.97649461 0.209298849 -0.0514997169
vn -0.966879606 0.254494637 -0.0193995908
vn -0.984531581 0.175205618 0.000700022385
vn 0.423884571 -0.841569364 -0.334787816
vn 0.441410393 -0.842419922 -0.309007287
vn 0.318904191 -0.882411599 -0.345904559
vn 0.914478898 -0.385391086 -0.123297155
vn 0.882474899 -0.448287278 -0.142395943
vn 0.883105338 -0.468502849 -0.0251001529
vn 0.4245992 -0.821498454 -0.38059929
vn 0.369597584 -0.805394769 -0.463396966
vn 0.368301481 -0.806903303 -0.461801887
vn 0.977658033 0.166892827 -0.127794519
vn 0.995368838 0.0170994643 0.0945970342
vn 0.999405384 0.0309001654 0.015300083
vn -0.268589199 -0.831966639 0.485480517
vn -0.290608108 -0.784921885 0.547215283
vn -0.316189677 -0.818373382 0.479884386
vn 0.150295556 -0.987970769 0.0363989249
vn -0.0183001384 -0.998307586 0.0552004203
vn 0.0854994729 -0.993593872 -0.0738995373
vn 0.939399064 -0.223099783 0.260299742
vn 0.949024856 -0.313808233 0.0296007749
vn 0.934189022 -0.350695878 0.0655992255
vn 0.932397306 -0.346298993 0.103499703
vn 0.954320967 -0.296606541 -0.0360007882
vn 0.945301473 -0.324000508 -0.0378000587
vn 0.262991339 0.715176463 0.647578657
vn 0.166700304 0.670001209 0.723401248
vn 0.292985111 0.658966482 0.692764759
vn -0.344286889 0.0749971494 -0.935864329
vn -0.335893214 0.0415991582 -0.940980971
vn -0.361709803 0.0557015091 -0.9306252
vn -0.497911423 0.216304943 -0.839819193
vn -0.496381432 0.213392034 -0.841468513
vn -0.460987508 0.199994579 -0.864576578
vn 0.356201172 -0.00340001099 0.934403062
vn 0.302597255 0.00719993468 0.953091383
vn 0.421192706 0.0482991636 0.905684292
vn -0.991786897 -0.0571992435 0.114398487
vn -0.998632014 -0.052101668 0.00440014107
vn -0.99982065 0.0144002968 -0.0123002538
vn -0.996447921 -0.043002069 0.0724034831
vn -0.999996305 0.00239999127 0.00129999523
vn -0.998923838 0.022600539 -0.040500965
vn -0.989786744 -0.0933987573 0.107698552
vn -0.998494744 -0.0448997617 0.0314998366
vn -0.997550428 -0.0159992054 0.0680966079
vn 0.985351086 -0.164791808 -0.0438978225
vn 0.988895535 -0.0582997352 0.136699393
vn 0.990421891 -0.137603045 0.0114002516
vn -0.682507753 -0.149101689 0.715508103
vn -0.71828866 -0.262095898 0.644489825
vn -0.629019439 -0.342810571 0.697721541
vn 0.0479993336 -0.392994553 0.918287218
vn -0.0396996699 -0.409396589 0.911492407
vn -0.214609608 -0.326414645 0.920541227
vn -0.99997437 0.00599984638 0.00389990001
vn -0.997417688 0.0418007411 -0.0584010407
vn -0.996270776 0.0571983233 0.0645981058
vn -0.970542312 0.109304771 -0.214709356
vn -0.991064668 0.0752973109 -0.110096075
vn -0.97232157 -0.0159003548 -0.233105168
vn 0.0826991946 -0.289197206 0.953690708
vn 0.184999302 -0.312298805 0.931796491
vn 0.117602602 -0.343607634 0.931720674
vn -0.686882675 -0.381990373 0.618284404
vn -0.481083095 -0.381586581 0.789272308
vn -0.451277941 -0.538273692 0.71176523
vn 0.104404397 -0.275411606 0.955640256
vn 0.135500059 -0.348400146 0.927500427
vn 0.115500301 -0.384900987 0.915702403
vn -0.994039297 0.0708028004 0.0829032809
vn -0.997257769 0.042198211 0.0607974231
vn -0.999263823 0.00449983682 -0.0380986221
vn -0.998860359 -0.00169993262 0.0476981066
vn -0.998771489 -0.0038998886 0.0493985899
vn 0.675696731 -0.110199474 0.728896499
vn 0.699600935 -0.107500151 0.706400931
vn 0.688235819 -0.103005365 0.718137383
vn 0.950970948 -0.306590647 -0.0406987555
vn 0.951025426 -0.306408197 -0.0408010967
vn 0.951668024 -0.304089814 -0.043098554
vn -0.82571882 0.411509395 0.385808796
vn -0.75990665 0.607905328 0.230202004
vn -0.726135731 0.649931967 0.224311024
vn 0.318085343 0.0477977991 -0.94685638
vn 0.298107594 0.24360621 -0.922923565
vn 0.318705708 0.192903474 -0.928016663
vn 0.121904589 0.108104065 -0.986637115
vn 0.0471023619 0.101205081 -0.993749917
vn 0.0485009737 0.218104362 -0.974719524
vn -0.163005725 -0.0560019612 -0.985034525
vn -0.139997765 -0.136597812 -0.98068434
vn -0.159101903 -0.106401265 -0.981511772
vn -0.110697821 -0.171296626 -0.97898072
vn -0.125797138 -0.170596138 -0.977277815
vn 0.190100729 -0.123200484 0.974003732
vn 0.209898978 -0.248198763 0.945695341
vn 0.275718391 -0.341422737 0.898559928
vn 0.891211808 0.159002095 0.424805641
vn 0.929093301 0.19749859 0.312697768
vn 0.888291359 0.176298276 0.424095869
vn 0.825881302 -0.0745983124 0.558887303
vn 0.809370637 0.0710974112 0.582978845
vn 0.771126211 0.0416014157 0.635321617
vn -0.279788643 0.0479980484 -0.958860993
vn -0.295903862 0.0340004452 -0.954612434
vn -0.287710458 0.0187006798 -0.95753479
vn -0.287402421 -0.00190001586 -0.957808018
vn -0.31778726 -0.000399983954 -0.94816196
vn -0.291988105 0.0107995607 -0.956361055
vn 0.158198774 -0.236798167 0.958592534
vn 0.162996367 -0.302593231 0.939079046
vn 0.29959932 -0.244899452 0.922097921
vn 0.70221442 -0.201304123 0.682914019
vn 0.631590605 -0.255796194 0.731889069
vn 0.70641911 -0.256406933 0.659717858
vn -0.986583173 0.035299398 -0.159397289
vn -0.993012726 0.00120001542 -0.118001521
vn -0.987018049 0.0277005062 -0.158202887
vn -0.01569972 -0.187796652 0.982082486
vn -0.00379993184 -0.167396992 0.985882282
vn -0.037898846 -0.217293397 0.975370288
vn -0.878180563 -0.21439524 0.427590549
vn -0.877895117 -0.369897932 0.304098308
vn -0.800769627 -0.333587348 0.497481108
vn 0.0312011763 0.0612023063 -0.99763763
vn 0.0313999914 0.0510999896 -0.998199821
vn 0.0552020557 -0.0409015231 -0.997637153
vn -0.749613523 -0.642911613 -0.157302827
vn -0.766523004 -0.633919001 -0.102903083
vn -0.78941828 -0.611314178 -0.055801291
vn 0.605603576 0.791704655 0.0803004727
vn 0.479286045 0.873474598 0.0855975151
vn 0.486011475 0.860720336 0.151503578
vn 0.975004792 0.168000817 0.145400703
vn 0.975291491 0.158498615 0.153898641
vn 0.974964619 0.169693828 0.143694788
vn 0.995286167 0.0604991578 0.0757989436
vn 0.969003379 0.112000398 0.220200777
vn 0.986087501 0.0881988779 0.140898213
vn -0.960972428 0.261492491 -0.0902974084
vn -0.969836414 0.150805667 0.19150719
vn -0.961236358 0.186907068 0.202707663
vn 0.198097378 -0.0558992587 -0.978587091
vn 0.177098855 -0.0139999092 -0.984093547
vn 0.231602356 -0.00110001117 -0.972809911
vn -0.176291317 0.982651532 0.0575971603
vn -0.195492283 0.979261339 0.053197898
vn -0.177599341 0.982296407 0.0595997833
vn -0.0596993454 0.038099587 -0.997489095
vn -0.0536989234 0.130597383 -0.989980161
vn 0.0108001921 0.154602736 -0.987917602
vn 0.985024571 0.0850021169 -0.150003746
vn 0.986548841 0.0799039528 -0.142607063
vn 0.985111773 0.0847010165 -0.149601787
vn 0.970980883 0.0901982188 -0.221495628
vn 0.980758727 -0.0496979095 -0.188792065
vn 0.995934963 0.0892031267 -0.0125004388
vn 0.526512206 -0.743717253 -0.41190958
vn 0.528306663 -0.741109431 -0.41430527
vn 0.527713776 -0.741919339 -0.413610756
vn 0.910638988 -0.334914327 0.24201037
vn 0.908634365 -0.340812892 0.241309121
vn 0.909803867 -0.336101443 0.243501037
vn 0.40372625 -0.735547841 -0.544035435
vn 0.400988489 -0.739578784 -0.540584505
vn 0.400315195 -0.74042809 -0.539920449
vn 0.800668299 -0.159893662 0.577377141
vn 0.799974799 -0.160094947 0.57828176
vn 0.769195735 -0.185498968 0.611496568
vn 0.356706113 -0.934216022 -0.00110001897
vn 0.358796209 -0.932690203 -0.0367996171
vn 0.245808467 -0.967933238 -0.0518017784
vn -0.453974634 -0.890250206 0.0368979387
vn -0.584526658 -0.796836317 0.152906969
vn -0.568479717 -0.817770898 0.0898968056
vn -0.775253415 -0.43237403 0.460472316
vn -0.829868376 -0.388085186 0.400884718
vn -0.814427555 -0.460915595 0.352511913
vn 0.803687334 -0.568491042 0.175797224
vn 0.804754913 -0.566168308 0.178390011
vn 0.798802853 -0.579202116 0.162600577
vn 0.723305225 0.689805031 -0.0316002257
vn 0.740200996 0.671200871 0.039900057
vn 0.713666499 0.699267209 -0.0412980579
vn 0.98229605 0.00939996168 -0.187099248
vn 0.991803646 0.121800438 -0.038600143
vn 0.994117498 0.103501827 0.0319005623
vn -0.999480426 0.00809984189 -0.0311993901
vn -0.993717432 0.0815014318 -0.0767013431
vn -0.999646664 0.00310014491 0.0264012329
vn 0.0216003172 -0.753311038 -0.657309651
vn -0.0274995808 -0.780388057 -0.624690473
vn 0.032798674 -0.744269967 -0.667073071
vn 0.586617053 0.0808023363 0.805823386
vn 0.586617053 0.0808023363 0.805823386
vn 0.586617053 0.0808023363 0.805823386
vn -0.929883778 0.0315994471 -0.366493583
vn -0.947679281 -0.0445990227 -0.316093087
vn -0.934484541 -0.150997505 -0.322394699
vn 0.996075928 -0.0793980807 0.0390990525
vn 0.956985533 0.232096478 0.174097374
vn 0.982376814 -0.0740982518 0.171595961
vn 0.0133996494 0.924275815 -0.381490022
vn 0.0594968833 0.929151237 -0.36488083
vn 0.0505996868 0.927294254 -0.37089774
vn -0.846576095 -0.299091578 0.44028756
vn -0.849671245 -0.258891225 0.459384441
vn -0.858953059 -0.323619992 0.396824509
vn -0.130202591 0.0270005353 -0.991119683
vn -0.0271988064 -0.0366983898 -0.998956203
vn -0.0806002244 -0.0385001041 -0.996002734
vn -0.974000454 -0.166800097 0.153300077
vn -0.992299378 -0.0768999457 0.0970999449
vn -0.989113331 -0.129601762 0.0697009414
vn -0.8330037 0.492902219 -0.25130114
vn -0.819584608 0.507890463 -0.265195012
vn -0.819584608 0.507890463 -0.265195012
vn 0.711431742 0.68893075 -0.138706192
vn 0.633991063 0.752789378 -0.177097514
vn 0.734128416 0.669725955 0.111904331
vn 0.200497985 0.831491649 -0.518094778
vn 0.25620392 0.930914283 -0.260304034
vn 0.419308424 0.774515569 -0.473609507
vn -0.999879599 0.0124997459 -0.00919981301
vn -0.996729255 -0.0121003557 -0.079902336
vn -0.999743283 -0.0223009661 0.00400017342
vn 0.989798903 -0.140699834 0.022399975
vn 0.974843144 -0.0961042568 0.201108918
vn 0.992837369 -0.0607022829 0.102903865
vn -0.0434008539 0.0622012168 -0.997119546
vn -0.0824989825 0.074699074 -0.993787646
vn -0.0405001901 0.115300551 -0.992504716
vn 0.0431985334 0.000999966054 -0.999066055
vn 0.0616010688 -0.0443007685 -0.997117281
vn 0.0804960802 -0.00259987358 -0.996751547
vn 0.965826094 -0.215905845 -0.143403873
vn 0.978359759 -0.188692242 -0.0848965123
vn 0.965890825 -0.194898143 -0.170498371
vn 0.988253951 -0.087495923 -0.125294164
vn 0.989062488 0.0790970027 0.124495275
vn 0.984120786 -0.150503188 0.0941019878
vn 0.978494048 -0.147499099 0.144199118
vn 0.990418971 -0.121302322 0.0660012662
vn 0.994532943 0.098903276 0.033501111
vn 0.993199646 -0.0416999869 0.108699962
vn 0.917291105 -0.242197663 0.316096961
vn 0.921431601 -0.259908915 0.288809896
vn -0.978753328 -0.204690233 -0.0119994273
vn -0.995142937 -0.0704030395 0.0688029677
vn -0.999159813 -0.0378984772 0.0155993719
vn 0.126098052 -0.047399275 -0.990884721
vn 0.0538974851 -0.0487977229 -0.997353435
vn 0.0502978489 0.0123994704 -0.998657346
vn -0.322606921 -0.0992021337 -0.941320181
vn -0.275791287 -0.00959969778 -0.96116966
vn -0.266896009 -0.0507992394 -0.962385595
vn -0.983884037 0.129497901 0.123298004
vn -0.984119058 0.118902303 0.131802544
vn -0.98292315 0.119302802 0.140103295
vn 0.048699569 -0.997591138 -0.0493995622
vn 0.0551992618 -0.994686723 -0.086898841
vn 0.0145997563 -0.999583304 -0.0248995833
vn -0.990091205 0.102299094 0.09619914
vn -0.988698542 0.0925998688 0.117899828
vn -0.990218103 0.103201889 0.0939017162
vn 0.91832149 0.313007325 -0.242305666
vn 0.922363281 0.225491032 -0.313687503
vn 0.940913796 0.267003894 -0.208303034
vn -0.624418855 0.766823113 0.148604482
vn -0.615181088 0.76807642 0.177794531
vn -0.650507987 0.751709223 0.108501337
vn -0.907944679 -0.17108959 0.382576704
vn -0.906306863 -0.123400934 0.404203027
vn -0.934363902 -0.180893004 0.30698815
vn -0.929304123 -0.109200485 0.352801591
vn -0.91501224 -0.168602243 0.366504878
vn -0.920752108 -0.143292561 0.362881124
vn 0.0464001708 -0.336601257 0.940503478
vn 0.117000259 -0.279800624 0.952902138
vn 0.0292984992 -0.256686836 0.966050446
vn -0.99553299 0.0784026012 -0.0526017398
vn -0.995323122 0.0877020434 -0.0405009426
vn -0.995458484 0.072496973 -0.0616974272
vn 0.979806244 -0.0214001369 0.198801264
vn 0.982474625 -0.0472987778 0.180295348
vn 0.982282579 -0.0446992107 0.181996763
vn 0.928532541 -0.0416014604 0.368912935
vn 0.86170727 -0.014300121 0.507204294
vn 0.874312222 -0.211402953 0.436906099
vn -0.910407543 -0.413603425 0.00950007886
vn -0.869526088 -0.490814745 0.05500165
vn -0.882224798 -0.437812299 0.173204869
vn -0.162903637 -0.0631014183 0.984622061
vn -0.170893133 -0.0378984734 0.98456037
vn -0.166803092 0.0938017443 0.981518209
vn 0.854002357 0.259900719 0.450701296
vn 0.856763661 0.416882306 0.303587139
vn 0.719393075 0.421895951 0.551794708
vn -0.948247731 -0.228787377 0.220187873
vn -0.94480747 -0.210801676 0.25080198
vn -0.934137523 -0.177907154 0.30941245
vn -0.899827898 -0.422613114 0.108203351
vn -0.867263496 -0.418282419 0.269988656
vn -0.859577894 -0.475087762 0.188195154
vn 0.923761725 0.162493259 0.346785635
vn 0.918417096 0.235604376 0.317805916
vn 0.915151179 0.174090713 0.363580585
vn 0.866932929 0.356713533 0.348113209
vn 0.877116978 0.345406711 0.333706468
vn 0.850694716 0.371497661 0.371897668
vn -0.205590695 -0.576973855 -0.790464163
vn -0.23069112 -0.581477642 -0.780170023
vn -0.224503309 -0.579808533 -0.783211589
vn 0.00809974875 0.118096329 -0.992969096
vn 0.0395000875 0.0763001665 -0.996302128
vn 0.0325998664 0.0577997565 -0.99779582
vn -0.0506014377 -0.0676019192 0.996428311
vn -0.0506014377 -0.0676019192 0.996428311
vn -0.0506014377 -0.0676019192 0.996428311
vn 0.980462074 0.0449982621 0.191492587
vn 0.974480271 -0.0522989407 0.218295589
vn 0.981876075 -0.0577985905 0.180495605
vn 0.0780982748 0.983778238 0.161496431
vn 0.0453999862 0.960199714 0.275599897
vn 0.0826010332 0.952012002 0.294703692
vn 0.257597566 -0.525295079 0.81099236
vn 0.515607893 -0.393905997 0.760911644
vn 0.422413051 -0.421713084 0.802324831
vn 0.979434073 0.0972033814 0.176806152
vn 0.990410328 0.0923009589 0.102801062
vn 0.991447091 -0.121905789 0.0466022119
vn -0.989512503 0.143501803 -0.0165002085
vn -0.989866495 0.0908969194 0.109096311
vn -0.994481206 0.0465991199 0.0939982235
vn 0.859729171 0.0058001969 0.510717273
vn 0.857098758 0.057799913 0.511899233
vn 0.860280335 0.0253994185 0.509188354
vn 0.995672584 0.0843976736 0.0388989262
vn 0.995079875 -0.0952980667 -0.0270994529
vn 0.983163178 0.1711936 0.0638976023
vn -0.860203028 -0.0757002681 0.504301786
vn -0.86905992 -0.0572973602 0.491377354
vn -0.827100098 -0.280600041 0.487000048
vn 0.973500848 -0.0903000757 0.210100174
vn 0.971341848 -0.159406871 0.176307589
vn 0.964704156 -0.187700808 0.184700787
vn 0.981657267 -0.161892951 0.10069561
vn 0.980831444 -0.154604957 0.118603803
vn 0.980267882 -0.145695224 0.133595631
vn 0.915973902 -0.397788674 -0.0524985008
vn 0.898195148 -0.438797653 0.0264998563
vn 0.893380582 -0.374791831 0.247794613
vn 0.69978857 -0.249695927 0.669289052
vn 0.760570288 -0.298288375 0.576677501
vn 0.703518569 -0.212005585 0.678317964
vn -0.225804612 0.151503101 0.962319672
vn -0.105398186 0.141697556 0.98428303
vn 0.0608022586 0.249609247 0.96643585
vn -0.156104341 0.210605845 0.965026736
vn -0.170898259 0.0929990411 0.980889916
vn -0.0974017084 0.113801993 0.988717318
vn 0.0263992175 0.027599182 -0.99927038
vn 0.0112998579 0.02229972 -0.999687433
vn -0.0194999967 0.0248999968 -0.999499798
vn -0.9921996 -0.124499947 0.00629999768
vn -0.997779071 0.0539988726 -0.038999185
vn -0.999973178 0.00419988716 0.00599983893
vn 0.27409628 0.951487064 0.13979809
vn 0.373505592 0.924813807 0.0722010806
vn 0.272911221 0.945838988 0.175807238
vn -0.018000612 0.97483319 -0.222207561
vn -0.0416991785 0.967580914 -0.249095097
vn -0.117203206 0.978326738 -0.170704663
vn -0.987333059 -0.129404336 0.0918030739
vn -0.995697498 0.0829997882 0.0411998965
vn -0.998942316 0.0437018499 0.0143006062
vn 0.0892982185 -0.879582465 -0.46729067
vn 0.195709705 -0.875343382 -0.442121923
vn 0.117296271 -0.894171655 -0.432086289
vn 0.432994813 -0.129198447 0.892089248
vn 0.445226133 -0.156409174 0.881651759
vn 0.499392956 -0.0918987021 0.861487865
vn -0.967010677 -0.250602782 -0.0457005054
vn -0.988094032 -0.141499132 -0.0603996366
vn -0.973683774 -0.216496393 -0.0711988062
vn -0.972602248 -0.157600358 -0.170900404
vn -0.990523875 -0.112202704 -0.0792019069
vn -0.979042232 -0.144606248 -0.143406197
vn -0.8895787 -0.176295787 -0.421389908
vn -0.871505558 -0.15240097 -0.466102988
vn -0.897413313 -0.0742010996 -0.434906423
vn -0.993953645 -0.0398981385 -0.102295235
vn -0.995530665 -0.0401012339 -0.085502632
vn -0.996799111 -0.051199954 -0.0613999441
vn -0.834195375 -0.371897936 0.407197744
vn -0.822426081 -0.374611884 0.42811355
vn -0.896699071 -0.353499651 0.266399741
vn 0.966258287 -0.211790845 -0.146593675
vn 0.966203511 -0.211200759 -0.147800535
vn 0.966211677 -0.211302549 -0.147601783
vn -0.150706887 0.124205686 -0.980744839
vn -0.146597609 0.127197951 -0.980984092
vn -0.146705523 0.128204823 -0.980836928
vn 0.888866365 0.150094315 -0.43288362
vn 0.888665438 0.150994122 -0.43298316
vn 0.893333137 0.138205126 -0.427615851
vn 0.922220111 -0.113902479 0.369508058
vn 0.949732661 0.0391013436 0.310610682
vn 0.952901483 -0.0633000955 0.296600461
vn -0.959192574 0.0499996133 -0.278297812
vn -0.956053674 0.137993306 -0.258687496
vn -0.963789523 -0.0389995761 -0.263797104
vn 0.957503557 0.287301064 -0.0254000947
vn 0.962168694 0.27179119 0.018999381
vn 0.916859388 0.395582497 0.0536976233
vn -0.201508135 -0.0296011958 0.97903949
vn -0.463502377 -0.452402353 0.761903942
vn -0.0786027238 -0.364112645 0.92803216
vn -0.787384391 -0.0183996353 0.616187751
vn -0.809764981 -0.176192373 0.559675813
vn -0.704688966 -0.270595759 0.65588975
vn -0.0440007299 -0.140402332 0.989116371
vn -0.0636992007 -0.14629817 0.987187624
vn -0.0349985808 -0.173792958 0.984160125
vn -0.0826995373 -0.880595028 0.466597408
vn 0.0580971576 -0.886856675 0.45837763
vn 0.00790030137 -0.859532833 0.511019468
vn -0.953571975 -0.230193228 -0.194194287
vn -0.949323416 -0.313807756 0.0176004339
vn -0.971581757 -0.236695558 0.00199996261
vn 0.945364296 0.32558772 -0.01669937
vn 0.945364296 0.32558772 -0.01669937
vn 0.945364296 0.32558772 -0.01669937
vn 0.693112135 -0.356306225 0.626611054
vn 0.675282061 -0.500786722 0.541485608
vn 0.696488202 -0.354493976 0.623889446
vn 0.711479783 -0.334690481 0.61788249
vn 0.661894917 -0.401196927 0.633195162
vn 0.690460265 -0.497771323 0.5248698
vn -0.997494817 -0.0194998998 -0.0679996461
vn -0.997176409 -0.0300992858 -0.0687983707
vn -0.997985244 -0.0247996338 -0.0583991371
vn -0.986642718 0.066502884 -0.148706436
vn -0.985441804 0.0607025735 -0.158806741
vn -0.98750335 0.0547001846 -0.147800505
vn -0.998285353 -0.057899151 0.00859987456
vn -0.999063432 0.0379986055 0.0206992421
vn -0.999315143 -0.0293004438 -0.0226003435
vn -0.0976040438 0.142705917 -0.984940827
vn -0.0938989073 0.139298379 -0.985788524
vn -0.0976040438 0.142705917 -0.984940827
vn 0.464786232 0.859074593 -0.21439366
vn 0.529005408 0.82930851 -0.180001855
vn 0.544118822 0.810028017 -0.21860756
vn 0.185495391 0.926077068 -0.328591824
vn 0.233590767 0.929663241 -0.284888744
vn 0.306787699 0.9077636 -0.286088496
vn -0.154598668 0.0727993771 -0.9852916
vn -0.15569663 0.0157996565 -0.987678587
vn -0.25459969 -0.0168999806 -0.966898918
vn 0.950556099 -0.159292638 0.266587704
vn 0.978588998 -0.117198683 0.169198096
vn 0.956254721 -0.099795267 0.274986982
vn 0.0375999101 0.219899476 -0.974797726
vn 0.0638022199 -0.258008957 -0.964033544
vn -0.366506189 0.170202881 -0.914715409
vn 0.488791138 0.657588065 -0.573289633
vn 0.841068923 0.210992202 -0.498081595
vn 0.371612847 0.183206335 -0.910131454
vn -0.999417067 0.0016000272 0.034100581
vn -0.935025871 0.171204746 0.310508579
vn -0.968022168 0.0195004474 0.250105709
vn -0.965388238 0.141498268 0.219097346
vn -0.978649974 0.00769960647 0.205389515
vn -0.88465029 0.132692546 0.446974874
vn -0.58828491 0.0726981312 0.805379331
vn -0.372301012 0.0963002592 0.923102498
vn -0.174501508 0.31560272 0.932708025
vn -0.450398207 0.833396733 -0.320298761
vn -0.323698282 0.820195615 -0.471697479
vn -0.363584787 0.863963902 -0.348385453
vn 0.533791542 -0.120498084 0.836986721
vn 0.553082764 -0.14119561 0.821074426
vn 0.564508796 -0.15620245 0.810512662
vn 0.754223406 -0.631519616 -0.179805592
vn 0.751164377 -0.638669729 -0.166892067
vn 0.755454242 -0.628661931 -0.184588805
vn 0.890682757 -0.414791971 -0.1860964
vn 0.884196758 -0.331198812 -0.329398811
vn 0.988364816 -0.108696133 -0.106396213
vn -0.646211863 0.755913913 -0.104901932
vn -0.599709213 0.797912359 -0.0607009344
vn -0.649417818 0.759020865 -0.0463012755
vn -0.325501829 0.930005193 0.170700952
vn -0.287810355 0.953934252 0.0847030506
vn -0.413418025 0.910539746 0.0017000743
vn -0.183701664 0.699906349 0.69020623
vn -0.0520006157 0.450005323 0.891510546
vn -0.0252001584 0.573803604 0.818605125
vn -0.998315454 -0.0579008944 0.00370005728
vn -0.996193409 -0.063799575 -0.0593996048
vn -0.998653054 -0.0409980714 -0.0317985043
vn -0.995513141 -0.0867011398 -0.0379005
vn -0.998173356 -0.0584984384 -0.0150995972
vn -0.999604166 -0.00140000577 0.028100118
vn 0.984699547 0.0253999867 -0.172399923
vn 0.979868233 -0.13849552 -0.143795341
vn 0.98505348 -0.112894669 -0.130093858
vn 0.348413289 -0.0434016548 -0.936335683
vn 0.388408482 -0.141103089 -0.910619915
vn 0.330585659 -0.163192928 -0.929559708
vn 0.997099876 0.000799999863 -0.0760999918
vn 0.997841716 0.062702626 -0.0195008162
vn 0.998703122 -0.0359001122 -0.0361001119
vn -0.998163402 0.0366986543 0.0481982306
vn -0.994058371 -0.0971959308 0.0489979498
vn -0.995437443 -0.0926034823 0.0230008643
vn -0.855050743 0.115006819 -0.505630016
vn -0.857994139 0.104599282 -0.502896607
vn -0.857307494 0.106800929 -0.503604412
vn 0.360010147 -0.036701031 -0.932226241
vn 0.390001357 -0.0143000493 -0.920703232
vn 0.425579458 -0.0767962933 -0.901656508
vn 0.605881453 0.209493592 -0.767476499
vn 0.631006479 0.359203696 -0.68760705
vn 0.60779959 0.0948999301 -0.788399458
vn 0.00119998003 0.0492991768 -0.99878329
vn 0.0406006724 0.0742012262 -0.99641645
vn 0.0531990863 0.0282995142 -0.998182833
vn 0.0856041312 0.0190009158 -0.99614799
vn 0.0470982604 -0.0212992132 -0.998663187
vn 0.0590973869 -0.0344984755 -0.997655869
vn -0.941717982 -0.24890475 0.226304337
vn -0.890182793 -0.368592888 0.267794818
vn -0.920296669 -0.312098861 0.235899135
vn -0.948216319 -0.273204714 0.162002802
vn -0.961315453 -0.264204234 0.0779012516
vn -0.961308002 -0.188801587 0.200601667
vn 0.00750007108 -0.0482004583 -0.998809457
vn 0.124597274 0.0159996524 -0.992078364
vn 0.0578008033 -0.11980167 -0.991113842
vn 0.995658398 0.070997037 -0.0601974837
vn 0.998004138 0.0499002039 -0.0387001596
vn 0.993447483 0.113893978 -0.00949949678
vn -0.886650622 -0.368579477 0.279284447
vn -0.868329585 -0.390413284 0.305910438
vn -0.85324508 -0.477925211 0.208711013
vn -0.832514107 -0.371806324 0.410706967
vn -0.836491168 -0.362896144 0.410595685
vn -0.898724258 -0.294607937 0.324808776
vn -0.0882037431 0.972841263 -0.214009076
vn 0.0718006566 0.977608919 -0.197801799
vn -0.0882023647 0.968225956 -0.234006271
vn -0.0599003583 0.0282001682 0.997805893
vn -0.049701415 -0.0295008384 0.998328388
vn -0.0440009572 0.0044000959 0.999021769
vn 0.190904915 0.522613466 0.830921412
vn 0.203305319 0.529913843 0.823321521
vn 0.193006486 0.525317669 0.828727841
vn 0.518582284 0.0246991571 -0.854670823
vn 0.508506715 0.102701358 -0.854911327
vn 0.494295269 -0.001999981 -0.869291723
vn 0.971464336 0.236991316 -0.00959964842
vn 0.972864985 0.224191934 0.0571979433
vn 0.986225843 0.165004328 0.0115003018
vn 0.988505602 0.147100836 0.0349001959
vn 0.973492801 0.219898373 0.0628995374
vn 0.982315958 0.154402509 0.105901718
vn 0.922073305 -0.200894177 0.330790401
vn 0.920707047 -0.142001092 0.363502771
vn 0.936022758 -0.0685016662 0.345208377
vn -0.139099285 -0.117399395 0.983294904
vn -0.161705106 -0.251207918 0.954330146
vn -0.170607343 -0.206108883 0.963541508
vn -0.87929666 -0.0319998823 0.475198209
vn -0.852689981 0.127998501 0.506494045
vn -0.861200273 0.0601000227 0.504700184
vn 0.170402482 -0.591608644 0.788011491
vn 0.120999418 -0.729496479 0.673196733
vn 0.197496518 -0.575789809 0.793385983
vn 0.972767472 -0.22099261 0.0698976591
vn 0.966395855 -0.242598951 0.0849996358
vn 0.980213702 -0.192402691 0.046500653
vn 0.942780256 -0.333393037 -0.00379992067
vn 0.953694046 -0.28949818 0.0815994889
vn 0.952502191 -0.295100689 0.0752001703
vn -0.17690222 0.0795009956 -0.981012344
vn -0.178794682 0.105896845 -0.978170931
vn -0.158495083 0.0950970501 -0.982769489
vn -0.0376011021 0.188105509 -0.981428742
vn -0.0586997867 0.158599436 -0.985596478
vn -0.0214001499 0.20270142 -0.979006827
vn 0.0707004741 -0.804005384 0.590403914
vn 0.0940004364 -0.824903846 0.557402611
vn 0.0789969712 -0.831368029 0.550078869
vn -0.345907897 -0.109802514 0.931821346
vn -0.292217225 -0.0390022956 0.955556273
vn -0.154197991 -0.193097472 0.968987286
vn -0.420293689 -0.136997923 0.896986485
vn -0.530412972 0.0349008515 0.847020686
vn -0.354987204 -0.0626977459 0.932766378
vn -0.962579846 -0.267894387 -0.0408991426
vn -0.956036448 -0.171306521 0.23800908
vn -0.995145977 0.0984045416 -0.00100004626
vn 0.99514538 -0.040701855 0.0896040797
vn 0.957067847 -0.188393667 -0.220292613
vn 0.982224524 -0.109302729 -0.15260382
vn -0.264093935 -0.257894099 -0.929378748
vn -0.071199283 -0.275397211 -0.958690286
vn -0.37361595 -0.502421439 -0.779733241
vn 0.455387443 -0.870776057 0.185394883
vn 0.457676351 -0.869255066 0.186890349
vn 0.454592019 -0.8707847 0.187296703
vn 0.0565979742 -0.765972555 0.640377104
vn 0.0590030216 -0.764739156 0.641632855
vn 0.0569011271 -0.764915228 0.641612768
vn 0.466405541 -0.446505308 0.763609111
vn 0.419387221 -0.450086296 0.788375974
vn 0.387815446 -0.444217682 0.807632148
vn 0.385602027 -0.71950382 0.577603102
vn 0.199300095 -0.770800352 0.605100274
vn 0.327602625 -0.734005928 0.59490478
vn 0.460110694 -0.024600571 0.887520611
vn 0.468106717 -0.0252003595 0.883312643
vn 0.468303293 -0.0315002203 0.883006155
vn -0.874721229 -0.323207825 0.36110875
vn -0.910620928 -0.292106718 0.292306691
vn -0.909157515 -0.376782387 0.177391708
vn -0.995653391 0.0708966851 -0.0603971742
vn -0.994717777 0.0499008894 -0.0897016004
vn -0.998626709 -0.0512013659 -0.0111002959
vn -0.959322631 -0.265306264 0.0965022817
vn -0.973435223 -0.0993035883 0.206307471
vn -0.992752433 -0.102095112 -0.0633969605
vn -0.565512598 0.820918262 -0.0793017671
vn -0.517801642 0.829502702 -0.209300682
vn -0.515104473 0.839507282 -0.172901511
vn -0.470321864 0.879040897 0.07800363
vn -0.510485291 0.855575323 0.0859975219
vn -0.401688278 0.915773332 0.00239993026
vn 0.993966937 -0.0744975209 -0.080497317
vn 0.994016528 -0.0199003294 -0.107401788
vn 0.9943223 -0.0777017325 -0.072701633
vn -0.940122008 -0.147003442 0.307507187
vn -0.958424091 -0.188404724 0.214305401
vn -0.926486313 -0.228396624 0.299095571
vn -0.931667447 -0.230791941 0.280590236
vn -0.965995491 -0.157699272 0.204899028
vn -0.928195655 -0.327298462 0.176999182
vn -0.347402096 -0.771504641 -0.533003211
vn -0.360103875 -0.77170831 -0.524205625
vn -0.356897205 -0.767093956 -0.533095837
vn 0.512110174 0.00220004376 0.858917058
vn 0.534716845 -0.0345010906 0.844326615
vn 0.574496984 -0.055899702 0.816595674
vn -0.242995024 -0.0997979566 -0.964880228
vn -0.219807491 -0.119204059 -0.968232989
vn -0.237310961 -0.0993045866 -0.966344655
vn -0.989529788 -0.142004281 -0.0258007776
vn -0.987394333 -0.152099133 -0.0437997505
vn -0.988657296 -0.147593617 -0.0277987998
vn -0.1101989 0.809991896 0.575994194
vn -0.0879984871 0.816785991 0.570190251
vn -0.118604258 0.807928979 0.577220678
vn 0.489679605 0.684571505 0.539977551
vn 0.644311488 0.572010219 0.507609069
vn 0.489414096 0.69562 0.525915146
vn -0.973410904 -0.222802505 -0.0532005951
vn -0.993238926 -0.0495019406 -0.105004117
vn -0.972659111 -0.177892521 0.149293721
vn 0.0363990664 0.0481987596 -0.99817431
vn 0.0601975732 -0.015899362 -0.998059809
vn -0.0234000329 -0.0406000651 -0.998901486
vn 0.113004722 -0.0300012529 -0.993141472
vn 0.0200003181 -0.059700951 -0.998015881
vn 0.610914409 -0.780118406 -0.134903193
vn 0.610914409 -0.780118406 -0.134903193
vn 0.610914409 -0.780118406 -0.134903193
vn 0.189401239 -0.403402656 0.895205855
vn 0.214492142 -0.438683957 0.872668028
vn 0.214492142 -0.438683957 0.872668028
vn 0.0563023686 0.0560023561 -0.996841908
vn -0.0472020991 0.0261011589 -0.998544335
vn -0.103601582 0.0869013295 -0.990815163
vn 0.229792282 0.0552981459 -0.971667409
vn 0.229195237 0.0139997089 -0.973279774
vn 0.206897289 0.0554992743 -0.976787269
vn -0.702985406 0.676485956 0.219495445
vn -0.665118754 0.682719231 0.302508533
vn -0.68301028 0.708210588 0.178702682
vn 0.999190748 -0.0364996642 -0.0168998428
vn 0.983308077 0.180601493 0.0221001804
vn 0.993876755 -0.0921978503 -0.0608985759
vn 0.999579251 0.0071998504 -0.0280994177
vn 0.997513056 0.0688009039 -0.0153002003
vn 0.998811126 -0.0451005027 0.018500207
vn 0.983665287 -0.175993785 0.0377986692
vn 0.984078407 -0.171996236 0.0447990187
vn 0.990412533 -0.133501679 0.0355004482
vn 0.995998859 -0.0488999449 -0.0747999102
vn 0.99942565 -0.0232005939 -0.0247006342
vn 0.989602983 0.0202000607 -0.142400429
vn -0.000799983856 -0.568788528 0.82248342
vn -0.00369989779 -0.563984394 0.825777173
vn 0.00329994177 -0.574089944 0.818785548
vn 0.0821992233 -0.28999722 0.953490913
vn 0.224198967 -0.203799069 0.952995658
vn 0.131999984 -0.326599926 0.935899854
vn -0.061697796 -0.542680562 0.837670028
vn -0.0964042246 -0.64422828 0.758733273
vn -0.113203585 -0.601218998 0.791025043
vn -0.769525111 -0.169105515 0.61582011
vn -0.768282592 -0.16609624 0.618185997
vn -0.768455863 -0.166490451 0.617864549
vn 0.859300971 -0.444000483 -0.25390026
vn 0.76661396 -0.464808464 -0.443008065
vn 0.796493471 -0.469996125 -0.380396873
vn 0.970485747 0.0867987275 0.224996686
vn 0.952456772 0.053797558 0.299886376
vn 0.947172523 0.0565983579 0.315690845
vn 0.547696054 -0.751794636 0.367197365
vn 0.326794535 -0.897085011 0.297395051
vn 0.393089473 -0.87697649 0.276392609
vn -0.620673478 0.127294555 0.773666918
vn -0.611978173 0.114295915 0.782572091
vn -0.571094155 0.0912990645 0.815791607
vn -0.572623253 -0.781531751 -0.247610077
vn -0.613188505 -0.754885793 -0.232695624
vn -0.56409049 -0.78908664 -0.243195891
vn 0.0290005282 -0.998818219 -0.0390007123
vn 0.00699969847 -0.999456942 -0.0321986154
vn -0.00540022505 -0.992141366 -0.125005215
vn -0.998088419 -0.0060999291 -0.0614992902
vn -0.993676841 -0.0925978422 0.0634985194
vn -0.998721302 0.0173003692 -0.047501009
vn 0.767570317 0.618176103 0.16939345
vn 0.68871516 0.715215743 0.118902616
vn 0.717528462 0.689327359 0.0999039635
vn 0.981621087 0.0768016502 0.174703762
vn 0.979737699 0.0816031396 0.18290703
vn 0.980142236 0.0803034678 0.181307808
vn 0.725690544 0.649391532 0.227297023
vn 0.709021449 0.63421917 0.308309317
vn 0.672801077 0.702901125 0.230800375
vn -0.989155352 0.138807759 0.0480026864
vn -0.996668756 0.0806974769 -0.0117996307
vn -0.992296398 0.116799578 0.0412998497
vn 0.989051104 -0.141792998 0.0408979766
vn 0.993672013 -0.106496997 0.035698995
vn 0.996907651 -0.058200445 -0.0528004058
vn -0.995007753 -0.0930007249 -0.036200285
vn -0.990236938 -0.121904545 -0.0676025227
vn -0.997663021 -0.0576978661 -0.0365986452
vn 0.476417869 -0.139805257 0.868032575
vn 0.376196593 -0.189798266 0.906891763
vn 0.479727566 -0.152008742 0.86414969
vn 0.970713139 -0.23980324 -0.0145001952
vn 0.928764224 -0.347686619 0.128495052
vn 0.948094666 -0.316598237 0.0296998322
vn 0.979833782 -0.146105036 0.136304706
vn 0.940775573 -0.139296383 0.309091955
vn 0.948123932 -0.136703461 0.287007242
vn 0.192191586 -0.00089996052 0.981356978
vn 0.155405879 -0.0984037295 0.982937276
vn 0.184898317 -0.0903991759 0.978591084
vn -0.77328366 -0.441090673 0.455490381
vn -0.785379231 -0.463687748 0.410089165
vn -0.761312544 -0.398706555 0.511308432
vn -0.994428396 0.0888025314 0.0568016209
vn -0.921504736 -0.31490162 0.227301165
vn -0.969864011 0.0759971738 0.231491417
vn -0.914989054 0.397395253 0.0697991624
vn -0.941964447 0.330087572 -0.0611976907
vn -0.94163835 0.336313665 -0.0145005891
vn 0.850322723 -0.502013385 0.157904223
vn 0.829622626 -0.524014294 0.192705259
vn 0.827922642 -0.525514364 0.195905358
vn 0.904382706 -0.26009503 -0.338293523
vn 0.990464449 -0.0993964374 -0.0953965783
vn 0.967482805 -0.0647988543 -0.244495645
vn -0.988599539 -0.149799943 -0.0151999928
vn -0.990041852 -0.139905915 0.015600659
vn -0.98797673 -0.154196382 0.011199736
vn 0.885329187 0.245108098 0.395113021
vn 0.897616029 0.202503622 0.391507
vn 0.904021323 0.225605324 0.363108546
vn -0.91836673 0.388285965 0.0763972327
vn -0.994615972 0.103601664 0.00240003876
vn -0.968668282 0.248091877 0.0114996238
vn 0.967166364 0.119695842 0.224192202
vn 0.948018074 -0.203303874 0.24480468
vn 0.851098061 -0.230299473 0.471798927
vn 0.952284455 0.229596242 -0.201096714
vn 0.962422371 0.202704713 -0.180704206
vn 0.955411851 0.270803362 -0.117701463
vn 0.963178337 0.17629604 -0.202995434
vn 0.969193935 0.18499884 -0.162598982
vn 0.915300548 0.334200203 -0.22480014
vn 0.313088387 -0.0978963748 0.944664955
vn 0.433583915 -0.21549201 0.874967575
vn 0.329304785 -0.0144002093 0.944113791
vn 0.510297239 0.0490997359 0.858595371
vn 0.565308392 -0.179502651 0.805111945
vn 0.449714363 -0.114303648 0.885828316
vn 0.0100000482 -0.00950004626 -0.999904871
vn 0.0103003029 0.0252007414 -0.999629378
vn 0.0310006663 -0.0282006077 -0.999121487
vn 0.00320004229 -0.0341004506 -0.999413252
vn -0.0164001547 -0.0686006397 -0.99750936
vn -0.0435000807 -0.0174000319 -0.998901844
vn -0.995858967 -0.0887963399 0.0194991976
vn -0.993612826 -0.0310004 0.108501397
vn -0.995465577 -0.0199993066 0.0929967836
vn -0.996736586 -0.0239008777 0.0771028325
vn -0.996526182 -0.0448011719 0.070201844
vn -0.996756375 -0.0258988682 0.0761966705
vn 0.0371004008 -0.0012000131 -0.999310851
vn -0.00759984832 0.0134997303 -0.999879956
vn 0.00940034445 -0.00620022742 -0.999936581
vn -0.308283836 -0.597968638 -0.73986119
vn -0.308283836 -0.597968638 -0.73986119
vn -0.308283836 -0.597968638 -0.73986119
vn -0.124100357 -0.856502533 -0.501001418
vn -0.0647988766 -0.952083528 -0.298894852
vn -0.0874994844 -0.938894451 -0.332898021
vn -0.704101264 -0.656601191 0.270400465
vn -0.770013511 -0.603410602 0.207303658
vn -0.714415193 -0.643713713 0.27430585
vn -0.839578331 -0.330691457 0.430988848
vn -0.863840222 -0.362116873 0.350216299
vn -0.840907991 -0.401103824 0.363303423
vn -0.587981224 -0.474084884 0.655379057
vn -0.48042658 -0.51522851 0.709739268
vn -0.544379413 -0.391885161 0.74167192
vn -0.71340549 -0.381802917 0.587604523
vn -0.654241681 -0.503032088 0.564735949
vn -0.648175955 -0.411584735 0.6406762
vn 0.985971391 0.165795192 -0.0192994401
vn 0.972399414 0.222699866 0.0695999563
vn 0.955616474 0.271704674 -0.113901958
vn 0.901824296 0.310108334 0.300908118
vn 0.960415363 0.255804121 0.110301763
vn 0.996956706 0.0144993709 0.0765966773
vn -0.916560471 0.220690474 0.333485603
vn -0.916900873 0.174800172 0.358800352
vn -0.911442399 0.192308947 0.36371693
vn -0.586617351 -0.440913022 0.679320097
vn -0.51359266 -0.406394243 0.755689263
vn -0.611607969 -0.39550516 0.685208917
vn 0.878057897 -0.217289582 0.426379561
vn 0.870456159 -0.245287627 0.426778495
vn 0.8657493 -0.181589365 0.466372699
vn -0.779947758 -0.620837986 -0.0790048391
vn -0.766803563 -0.577202678 -0.280801326
vn -0.828281641 -0.436190337 -0.35169223
vn 0.419492483 0.110698022 -0.90098393
vn 0.560775697 0.0749967545 -0.824564278
vn 0.505218148 0.108603895 -0.856130779
vn -0.384600908 0.194300443 -0.902402103
vn -0.443480343 0.186991706 -0.876561105
vn -0.410083175 0.187992275 -0.892463326
vn 0.867510676 -0.153301895 0.473205805
vn 0.868164718 -0.162893385 0.468780965
vn 0.819121182 -0.376909733 0.432411164
vn 0.204497263 -0.207197204 0.956687152
vn 0.21430622 -0.223606482 0.950827599
vn 0.178396478 -0.215895742 0.959981024
vn -0.838627219 -0.540317535 -0.0690022409
vn -0.893908858 -0.40030399 -0.201702014
vn -0.760900915 -0.627800703 -0.164000198
vn 0.954015315 0.0941015035 0.284604549
vn 0.951391399 -0.0132998796 0.307697237
vn 0.976997852 -0.0906997994 0.192999572
vn 0.939386189 -0.013499802 0.342594951
vn 0.904072523 0.0204993784 0.426887006
vn 0.938028932 0.0595018342 0.341410518
vn -0.333411098 0.846228123 -0.4156138
vn -0.340206802 0.880617499 -0.329806566
vn -0.392603308 0.884907484 -0.250602126
vn -0.696400702 0.706700742 -0.124900125
vn -0.697628617 0.704528868 -0.130205333
vn -0.697013199 0.705613375 -0.127602413
vn -0.931271553 0.349989325 0.101196915
vn -0.917327404 0.381611407 0.113503389
vn -0.947633684 0.304110795 0.0975034609
vn -0.321112543 -0.477018654 -0.818131983
vn -0.320100486 -0.475000679 -0.819701195
vn -0.328607947 -0.48701176 -0.809219599
vn 0.383605212 0.679309249 0.625608444
vn 0.387885094 0.664174497 0.639075458
vn 0.385003865 0.67340678 0.631106377
vn 0.99516499 0.0687975809 0.0700975433
vn 0.999324799 0.0312007722 0.019400483
vn 0.999332011 -0.0126004033 0.0343010984
vn -0.996957183 -0.0757967457 0.0181992203
vn -0.993426919 -0.0880023837 -0.0732019842
vn -0.994914532 -0.046200674 -0.0895013139
vn -0.352509499 -0.236906394 0.905324459
vn -0.446901947 -0.148900643 0.882103801
vn -0.325293601 -0.414791822 0.849783301
vn -0.817196131 0.224598944 0.530797482
vn -0.961885035 0.199896902 0.186597109
vn -0.967460036 0.186592296 0.170892954
vn -0.994025052 -0.109102748 -0.0033000831
vn -0.993064821 -0.115695901 -0.0208992586
vn -0.987120032 -0.132602692 -0.0895018205
vn -0.990304649 -0.123600572 -0.0634002984
vn -0.984870613 -0.154695392 -0.0780976713
vn -0.993218839 -0.0852016136 -0.0791014954
vn -0.963258624 -0.149693564 0.222990423
vn -0.944781482 -0.29819417 0.135897338
vn -0.906798303 -0.290599465 0.305399448
vn -0.95713079 -0.154504955 0.245007887
vn -0.940292418 -0.264597893 0.214098275
vn -0.952663958 -0.208792105 0.220991641
vn 0.931736767 -0.290411443 0.218008608
vn 0.911362529 -0.39248386 0.123994894
vn 0.9375121 -0.335404307 0.0926012024
vn -0.973760426 0.206291631 -0.0960960984
vn -0.973760426 0.206291631 -0.0960960984
vn -0.960468054 0.2499917 -0.122495927
vn -0.451525241 -0.155808717 -0.878549159
vn -0.419281751 0.0267988332 -0.90746057
vn -0.409201652 -0.0803003237 -0.908903658
vn -0.811926842 0.577419102 -0.0858028382
vn -0.822230041 0.568220735 0.0326011926
vn -0.820593834 0.570795774 0.0285997875
vn -0.999668837 -0.00129995949 0.0256991964
vn -0.999772966 -0.0212994218 0.000699980999
vn -0.992362738 -0.109395891 -0.0569978617
vn -0.993618608 -0.11040207 -0.023100432
vn -0.999745905 -0.0100004589 0.0202009268
vn -0.995837212 -0.0911034048 0.00290010823
vn -0.117098726 0.0513994358 0.991789222
vn -0.108400382 0.0374001302 0.993403494
vn -0.118601158 0.00800007954 0.992909729
vn 0.0752036422 -0.00630030548 0.997148335
vn 0.0740011707 0.0297004692 0.996815741
vn 0.0179994218 -0.0541982614 0.998367965
vn -0.0786963329 -0.0433979779 0.99595356
vn -0.0639024824 -0.127804965 0.989738524
vn -0.0565998629 -0.0810998008 0.995097578
vn -0.99283582 -0.108703919 0.0496017896
vn -0.980137527 -0.197307572 -0.0200007651
vn -0.984890759 -0.167598426 0.0435995944
vn -0.592769146 -0.79255867 -0.143092528
vn -0.603390574 -0.778587818 -0.172397316
vn -0.583004594 -0.795806229 -0.163701281
vn -0.996632397 0.0427013896 -0.0700022802
vn -0.998252928 -0.0497976504 -0.0317985006
vn -0.999796331 -0.0200999249 0.00179999333
vn -0.711532772 0.629428983 0.312314391
vn -0.651719034 0.710020661 0.266707778
vn -0.595125556 0.76223278 0.254610926
vn -0.185397014 0.818086863 0.544391274
vn -0.176591188 0.867156744 0.465676755
vn -0.153602377 0.865813375 0.476207376
vn 0.225908652 -0.0838032141 0.970537186
vn 0.392600924 -0.0889002085 0.915402234
vn 0.641111255 -0.0312005468 0.766813457
vn -0.956657887 -0.264888316 -0.120994665
vn -0.879538298 -0.4755207 0.0171007458
vn -0.974218965 -0.20490399 -0.0944018438
vn 0.10729669 0.990369499 -0.0874973089
vn 0.0987024754 0.992824912 -0.067501694
vn 0.063897185 0.990956247 -0.117994793
vn -0.974920154 0.220604554 0.0294006094
vn -0.958412051 0.277603477 0.0662008375
vn -0.97480464 0.22020106 0.0356001668
vn 0.213995114 -0.29229331 0.932078719
vn 0.178298876 -0.0654995888 0.98179388
vn 0.0297987405 -0.15819332 0.986958325
vn 0.437403172 -0.310102224 0.844106078
vn 0.488904446 -0.12380112 0.863507807
vn 0.446582913 -0.159193903 0.880466342
vn 0.020199446 0.0156995691 -0.999672651
vn -0.00710011926 -0.0334005579 -0.999416828
vn 0.0228009578 0.0140005881 -0.999642015
vn 0.705819249 0.701719105 -0.0970026553
vn 0.724874556 0.673876345 -0.142994985
vn 0.741291165 0.658592105 -0.12939845
vn 0.481803119 -0.0508003272 0.874805689
vn 0.41731897 -0.121205509 0.900640965
vn 0.545228839 -0.0988052189 0.832444012
vn -0.908969343 -0.401786476 0.111096263
vn -0.847101033 -0.503100574 0.171200216
vn -0.882611394 -0.433105558 0.182802349
vn 0.166306749 -0.38161549 0.909236908
vn 0.158705205 -0.393712878 0.905429602
vn 0.17890361 -0.353107125 0.91831851
vn 0.514581442 -0.339487761 0.787371576
vn 0.437293231 -0.347694606 0.829387128
vn 0.499094844 -0.335196555 0.799091756
vn 0.059297327 0.085696131 -0.994555116
vn -0.11439871 -0.0516994148 -0.992088795
vn -0.0264008828 0.0451015122 -0.998633444
vn -0.927834392 -0.367213607 0.0654024184
vn -0.885311306 -0.456205845 0.0900011584
vn -0.912188113 -0.378295094 0.157497942
vn 0.96476227 -0.216391534 0.149694145
vn 0.974414885 -0.152502328 0.165102527
vn 0.958170772 -0.235592812 0.162495032
vn -0.0792007446 -0.0684006438 -0.99450928
vn -0.141105384 -0.0387014784 -0.989237785
vn -0.128605723 0.0386017226 -0.990944147
vn 0.616303742 -0.414002568 0.669904113
vn 0.592384577 -0.434288651 0.678582311
vn 0.594700933 -0.409900665 0.691601157
vn 0.187403247 -0.971416831 -0.145702511
vn 0.0984973609 -0.990573466 -0.0951974541
vn 0.0996008366 -0.98740828 -0.122901037
vn -0.0720001385 0.0811001584 -0.994101942
vn -0.117296435 0.167494923 -0.978870273
vn -0.0587973706 0.198891103 -0.978256226
vn 0.825605929 -0.146101043 0.545003891
vn 0.812296927 -0.0604997687 0.580097795
vn 0.867891312 -0.269497305 0.417295814
vn 0.991882145 -0.0520990603 -0.115997903
vn 0.993192375 -0.0433996655 -0.108099163
vn 0.99358809 -0.0395995229 -0.105898723
vn 0.997996092 -0.0629997551 -0.00589997694
vn 0.998400748 0.00190000155 0.0565000437
vn 0.999048293 -0.00600029016 -0.043202091
vn 0.986452103 -0.11719431 0.114794426
vn 0.992493093 -0.0170998815 0.121099152
vn 0.994909108 -0.0724006668 0.0701006427
vn -0.837239206 0.546425641 -0.0212009922
vn -0.787779689 0.598184586 -0.146896213
vn -0.861189306 0.506793678 -0.0388995185
vn 0.822326303 -0.562417984 0.0864027664
vn 0.823428988 -0.560219646 0.0901031643
vn 0.821860433 -0.56337285 0.0845959261
vn 0.667294264 -0.733093679 0.131498873
vn 0.669242442 -0.730546296 0.1357086
vn 0.668298304 -0.731798172 0.133599654
vn -0.837059021 -0.200690165 -0.508975089
vn -0.850988925 -0.208797291 -0.481893748
vn -0.768821239 -0.0727020055 -0.635317504
vn -0.935693681 -0.300297976 0.185198754
vn -0.935523689 -0.299707592 0.18700473
vn -0.934384227 -0.294495016 0.200496599
vn 0.71313405 0.0614029281 0.698333323
vn 0.477584302 0.457984924 0.74977535
vn 0.892501116 -0.121400148 0.434400529
vn -0.29990384 0.0868011191 -0.950012207
vn -0.429513842 -0.16940546 -0.887028575
vn -0.511527538 0.0144007746 -0.859146178
vn 0.913368583 -0.183793679 0.363287508
vn 0.973425031 -0.14080362 0.180604637
vn 0.937355995 -0.281386793 0.205390364
vn 0.85040772 0.0358003266 0.524904788
vn 0.828067303 0.0910964012 0.553178191
vn 0.867772222 -0.0341989063 0.495784104
vn 0.79608959 -0.124698363 0.592192233
vn 0.817606211 -0.245101854 0.521003962
vn 0.802925766 -0.158505082 0.574618399
vn 0.264593959 -0.174296007 -0.948478222
vn 0.350297242 -0.127698988 -0.927892685
vn 0.30460152 -0.132600665 -0.943204701
vn -0.591719866 0.401713461 -0.698923469
vn -0.550490499 -0.484891653 -0.679588318
vn -0.788320482 -0.134803504 -0.60031563
vn 0.759236097 -0.0653031096 0.647530794
vn 0.762161255 -0.00509974081 0.64736712
vn 0.739640892 -0.0299016517 0.672337174
vn 0.352588505 0.00409986591 -0.935769439
vn 0.371792287 -0.00809983164 -0.928280711
vn 0.42258963 0.0366990976 -0.905577779
vn 0.920268476 -0.385386795 0.067697674
vn 0.957038522 -0.283011407 0.0631025434
vn 0.915196896 -0.397398651 0.0669997707
vn 0.922512472 -0.309504211 0.230603114
vn 0.86214447 -0.441922814 -0.247812778
vn 0.941795349 -0.319598407 -0.104299478
vn 0.734016597 -0.403709084 0.546112359
vn 0.686051071 -0.427569509 0.588658035
vn 0.58622539 -0.285612375 0.758132815
vn 0.607016563 -0.789621592 -0.089602448
vn 0.81800884 -0.567306161 -0.095001027
vn 0.705319107 -0.703919053 -0.0838022754
vn -0.975667775 0.175894186 0.130895674
vn -0.960856318 0.157692835 0.22778964
vn -0.973156929 0.174892247 0.149593368
vn 0.656673133 -0.149693891 -0.739169776
vn 0.441130966 -0.236716628 -0.865660787
vn 0.678668797 0.0337984487 -0.733666301
vn 0.132292524 0.331181258 -0.934247136
vn 0.171695963 0.33379215 -0.926878273
vn 0.0463007279 0.296804667 -0.953815043
vn -0.219705388 0.747718334 0.626615405
vn -0.254491836 0.755275726 0.603980541
vn -0.237999007 0.724396944 0.646997333
vn 0.218688831 0.128093451 -0.967350602
vn 0.15099518 0.177494347 -0.972469091
vn 0.20509848 0.104999229 -0.973092854
vn 0.903223932 -0.0255006775 0.428411394
vn 0.903155625 -0.0250987671 0.428578973
vn 0.903403878 -0.0260001123 0.428001821
vn 0.324895829 -0.358695388 0.875088751
vn 0.401186794 -0.346888542 0.847772062
vn 0.347592682 -0.21829538 0.911880732
vn -0.00570022501 -0.0221008714 -0.999739468
vn -0.00990035571 -0.0251009017 -0.999635935
vn -0.00990035571 -0.0251009017 -0.999635935
vn -0.982637107 0.0587022156 0.17600666
vn -0.979164183 0.0747972652 0.188793093
vn -0.979164183 0.0747972652 0.188793093
vn -0.996148705 -0.0546026677 -0.0686033517
vn -0.993144989 -0.0637028888 -0.098004438
vn -0.994992316 -0.0619995184 -0.0783993974
vn -0.885272086 -0.410287052 0.218993098
vn -0.889049232 -0.406022489 0.211511716
vn -0.890702069 -0.396300912 0.222700521
vn -0.240807667 -0.0840026736 -0.966930807
vn -0.239899457 -0.0709998459 -0.968197882
vn -0.240606949 -0.105903059 -0.964827836
vn -0.424825102 0.879051924 0.216312766
vn -0.447607517 0.8781147 0.169002831
vn -0.441877604 0.877455533 0.186590537
vn -0.99552542 -0.0937023833 0.0122003118
vn -0.996799946 -0.0798999891 0.00239999988
vn -0.99613297 -0.0876028985 0.00670022145
vn -0.963485062 -0.0173997302 0.267195851
vn -0.97324127 -0.121705152 0.194908276
vn -0.973152101 -0.0758962631 0.217289299
vn 0.88303721 -0.336514175 -0.327113777
vn 0.892500818 -0.331000298 -0.306400269
vn 0.887052059 -0.335081875 -0.317582875
vn -0.988363087 -0.0371986106 -0.14749448
vn -0.989143074 -0.0321013965 -0.143406242
vn -0.988879085 -0.0367992222 -0.144096941
vn 0.597310781 -0.587910593 0.545509815
vn 0.62102747 -0.588726044 0.517422915
vn 0.63498944 -0.557290673 0.534991145
vn 0.831407309 -0.468804151 0.298302621
vn 0.908908963 -0.281102777 0.308003038
vn 0.828339338 -0.467822224 0.308214635
vn 0.97233206 0.0466015339 0.22890754
vn 0.991938055 0.0467017926 0.117804512
vn 0.981500745 0.159900114 0.105300084
vn 0.972788692 -0.194697738 0.125598535
vn 0.981845498 -0.179908335 0.0601027869
vn 0.98936671 -0.144895107 0.0125995753
vn 0.195291862 0.358785033 0.912761927
vn 0.113900185 0.333900541 0.935701489
vn 0.366609782 0.328308761 0.870523214
vn 0.573913932 -0.192704678 0.795919359
vn 0.573508084 -0.198402792 0.794811189
vn 0.580391526 -0.186097294 0.792788446
vn 0.988950193 0.0837957859 0.122293837
vn 0.988992512 0.0713994578 0.12959902
vn 0.997778237 -0.009099802 0.0659985542
vn -0.375595272 0.0132998321 -0.926688313
vn -0.36890766 -0.0536011122 -0.927919269
vn -0.353412569 -0.00800028536 -0.935433328
vn -0.210192382 0.165993989 -0.963465154
vn -0.241306484 0.176704735 -0.9542256
vn -0.204495713 0.175096333 -0.96307981
vn 0.183504373 0.826419652 0.532312691
vn 0.191499442 0.826797664 0.528898537
vn 0.252719551 0.769859552 0.586045384
vn -0.936816692 -0.348706186 0.0279004946
vn -0.943110406 -0.330003679 0.0405004472
vn -0.918401659 -0.394800723 0.0259000473
vn -0.664096475 0.747296095 -0.0228998791
vn -0.614594162 0.782992542 0.0958990902
vn -0.654630303 0.749634624 -0.0975044966
vn -0.613422334 0.0941034257 -0.784128547
vn -0.564687192 0.0890979841 -0.82048142
vn -0.593430519 0.076503925 -0.801241159
vn 0.99541086 -0.0790008679 -0.05400059
vn 0.978358507 -0.178592414 -0.104495578
vn 0.990496755 -0.111299641 -0.0807997361
vn -0.0196009111 -0.108105034 0.993946254
vn -0.012199481 -0.1243947 0.992157817
vn -0.0263989139 -0.178092673 0.983659506
vn -0.998499513 -0.0280999877 -0.046999976
vn -0.996856809 -0.0530976988 -0.0587974526
vn -0.998993099 -0.0231998395 -0.0383997373
vn -0.956818521 0.0713013783 0.281805456
vn -0.915647447 0.115205966 0.385119945
vn -0.932324231 0.279707283 0.229205966
vn -0.197900459 0.83940196 -0.506201208
vn -0.196107432 0.800230324 -0.566721499
vn -0.161003739 0.823419213 -0.544112623
vn -0.302592844 0.273693532 -0.912978411
vn -0.29379037 0.274291039 -0.915670037
vn -0.304998636 0.27329874 -0.912295878
vn 0.607427895 -0.199809164 0.768835306
vn 0.618390858 -0.151197761 0.771188617
vn 0.703889132 -0.23189643 0.671389639
vn -0.254510403 -0.0871035606 -0.963139415
vn -0.201089323 -0.0447976179 -0.97854805
vn -0.15729253 -0.0742964745 -0.984753251
vn -0.631896734 -0.537597179 0.558297157
vn -0.69740802 -0.456705242 0.552306354
vn -0.70461601 -0.523511946 0.47901091
vn 0.633419454 0.143304378 -0.760423303
vn 0.806790471 -0.0777990818 -0.585693061
vn 0.786385894 0.120397836 -0.605889082
vn -0.623894155 0.0283997338 0.780992687
vn -0.595510542 0.0557009839 0.801414192
vn -0.581609488 0.0791012943 0.809613228
vn -0.421299249 0.00649998849 -0.906898379
vn -0.396019697 -0.0133006619 -0.918145716
vn -0.416495651 0.0342996418 -0.908490539
vn -0.980467319 -0.0730975643 0.182593927
vn -0.981631994 -0.0504016429 0.184006006
vn -0.973396003 -0.120799512 0.194699213
vn 0.0212002881 0.0415005609 -0.998913527
vn 0.029998973 0.0579980128 -0.997865856
vn 0.0255993437 0.0691982284 -0.997274458
vn 0.0521005243 -0.976909876 0.207202107
vn -0.0445995629 -0.975990474 0.213197917
vn -0.0113005806 -0.991250873 0.131506756
vn 0.726475537 -0.109096326 0.678477168
vn 0.775103927 -0.0819004104 0.626503229
vn 0.75811249 -0.114401892 0.642010629
vn -0.988350511 0.000899954932 0.152192384
vn -0.978975236 -0.0571985543 0.195795059
vn -0.989280283 -0.0145997088 0.145297095
vn 0.994855404 0.0288987029 0.097095646
vn 0.994843602 0.0296012983 0.0970042571
vn 0.994866729 0.0310989581 0.0962967798
vn 0.413318455 -0.164307341 0.895640016
vn 0.410997421 -0.148899063 0.899394333
vn 0.395604253 -0.16150175 0.904109776
vn 0.805960357 0.392680675 0.442978203
vn 0.80773288 0.395816118 0.436917782
vn 0.80642879 0.393814057 0.441115767
vn 0.882714868 -0.302605093 0.359506041
vn 0.881840646 -0.284813136 0.375817329
vn 0.8820979 -0.294699281 0.367499143
vn -0.484702826 -0.605303586 -0.631403685
vn -0.489103973 -0.618104994 -0.615405023
vn -0.500510275 -0.610812485 -0.613512516
vn 0.745029569 -0.519720614 0.418116599
vn 0.787724793 -0.456614375 0.413513005
vn 0.740737379 -0.416721016 0.526926577
vn -0.996245563 -0.0661030188 -0.0559025556
vn -0.996041179 -0.0863035694 -0.0213008802
vn -0.993011534 -0.112001307 -0.037200436
vn -0.993070781 0.116296582 0.0168995038
vn -0.982777655 0.172296077 -0.0667984858
vn -0.977653384 0.209211424 -0.0206011254
vn -0.876081824 0.263194561 0.40399164
vn -0.959202886 -0.146500453 0.241800711
vn -0.755884826 -0.264294684 0.598987937
vn -0.507579565 0.680572569 0.528378725
vn -0.506782234 0.680776119 0.528881431
vn -0.503408611 0.682011604 0.530509055
vn 0.111498021 -0.905383885 0.409692734
vn 0.110703334 -0.905427277 0.409812361
vn 0.10500472 -0.905740798 0.410618484
vn -0.984765768 -0.172094017 0.0248991344
vn -0.934463501 -0.355986089 0.00719971862
vn -0.956717491 -0.290605307 -0.0155002829
vn -0.97715193 -0.207189813 0.0473976731
vn -0.989305615 -0.144000813 0.0232001301
vn -0.971013367 -0.198402733 -0.133301839
vn -0.638322115 0.632721961 -0.4384152
vn -0.64430064 0.632300675 -0.430200458
vn -0.640984833 0.621085346 -0.450989366
vn -0.974296033 -0.206599146 -0.0897996351
vn -0.951592207 -0.281897664 -0.122499004
vn -0.973777115 -0.146096572 -0.174395904
vn -0.128593981 0.098895371 -0.986753881
vn -0.14460361 0.0480011962 -0.988324642
vn -0.18389155 0.0948956385 -0.97835505
vn 0.998392403 -0.0114999134 -0.0554995798
vn 0.984988034 0.106698707 -0.135698348
vn 0.991642237 0.127005413 0.0227009673
vn 0.108001187 -0.00890009757 -0.994110882
vn 0.13600339 -0.0368009135 -0.990024567
vn 0.121695146 0.0614975505 -0.990660489
vn -0.11710009 -0.015400012 -0.993000746
vn -0.177794382 0.136395693 -0.974569261
vn -0.0655966401 0.0314983875 -0.997348905
vn 0.0438002124 0.924604535 0.378401875
vn 0.281787366 0.939057887 0.196891159
vn 0.0496981777 0.939765573 0.338187605
vn 0.989435017 -0.0226007998 0.143205062
vn 0.983688474 0.0877989754 -0.156998172
vn 0.845133066 -0.433616996 0.312612206
vn 0.302192181 -0.909176528 -0.286492616
vn 0.324988425 -0.858869433 -0.395885915
vn 0.29989332 -0.908379853 -0.291393548
vn 0.945716858 -0.129202306 0.298205346
vn 0.919834197 -0.150205582 0.362413466
vn 0.923200309 -0.128500044 0.362200111
vn 0.92942065 -0.151903361 0.336307436
vn -0.995860636 -0.0659973919 -0.0624975301
vn -0.995860636 -0.0659973919 -0.0624975301
vn -0.995860636 -0.0659973919 -0.0624975301
vn -0.997316062 -0.0544008762 -0.0490007885
vn -0.889798164 0.451199085 0.0683998615
vn -0.884870708 0.452785045 0.109496377
vn -0.886780202 0.454289854 0.0850981027
vn -0.905409575 0.418004453 0.0742007867
vn -0.960491955 -0.23809801 0.144098788
vn -0.981839538 -0.179807246 0.060502436
vn -0.957188547 -0.275796682 0.0878989473
vn -0.973563671 -0.188092992 0.12959516
vn 0.97569555 -0.212699026 0.0526997596
vn 0.96603173 -0.25650844 -0.031401027
vn 0.951176286 -0.289692789 0.10649734
vn 0.967689693 -0.251997322 0.00859990809
vn -0.9839378 0.0998038277 0.148005694
vn -0.979195237 0.0255998746 0.201299012
vn -0.976223886 -0.11230275 0.185404539
vn -0.971521676 -0.0200004466 0.236105278
vn -0.55862993 -0.170309126 0.811743438
vn -0.589115083 -0.14670375 0.794620335
vn -0.650694072 -0.100999087 0.75259316
vn -0.562621057 -0.15720588 0.811630368
vn -0.916612864 0.210602954 0.339804769
vn -0.895910144 0.186902121 0.403004557
vn -0.887642145 0.242011487 0.391818583
vn -0.905161321 0.304886967 0.296187341
vn 0.0428987145 -0.0318990424 -0.998570085
vn 0.0373000205 -0.0144000063 -0.999200404
vn 0.0605996847 -0.0115999393 -0.998094738
vn 0.0595028289 0.0127006024 -0.998147368
vn 0.978040218 0.160706609 -0.13270545
vn 0.956967533 0.227392286 -0.180293888
vn 0.970569849 0.203293681 -0.129095986
vn 0.976944566 0.182608336 -0.110605046
vn 0.746820033 -0.403910846 -0.528314173
vn 0.748777866 -0.396988273 -0.530784309
vn 0.791225314 -0.390612483 -0.470515072
vn 0.789169431 -0.397984594 -0.467781872
vn -0.858783722 -0.4013924 0.318393975
vn -0.898216069 -0.339406073 0.279305011
vn -0.89956373 -0.327786773 0.288688362
vn -0.908799052 -0.32349968 0.263499707
vn 0.986290157 0.147698522 0.073599264
vn 0.998782694 0.0474991761 0.0132997697
vn 0.999851346 0.00499975681 0.0164991971
vn 0.990817189 0.135202348 0.00130002247
vn 0.583627403 -0.295013845 0.75653553
vn 0.689815819 -0.305407017 0.656415045
vn 0.579981089 -0.15589492 0.799573958
vn 0.583583176 -0.294991523 0.756578267
vn -0.180300817 0.0445002057 -0.982604444
vn -0.160497293 0.0570990369 -0.985383391
vn -0.130101025 0.0596004687 -0.989707828
vn -0.171306342 0.0189006999 -0.985036492
vn -0.997345626 0.0566025898 -0.045802094
vn -0.991922021 0.0986021832 -0.0798017755
vn -0.996095598 0.0525997654 -0.0708996877
vn -0.996691585 0.066799432 -0.0462996103
vn -0.998119414 0.0461008996 -0.0404007882
vn 0.981367409 -0.169494361 0.0904969871
vn 0.980123699 -0.0749018118 0.183704451
vn 0.896805286 -0.353002101 0.266701579
vn 0.967713296 -0.196302697 0.15810217
vn 0.929734826 -0.29661113 0.218208164
vn -0.0467009582 -0.426208735 0.903418541
vn 0.228895798 -0.381493002 0.89558357
vn 0.114596613 -0.393688351 0.912073016
vn -0.0355995893 -0.417695194 0.907889545
vn 0.23490648 0.0667018294 0.969726682
vn 0.16339758 0.16249761 0.973085701
vn 0.281603873 -0.00580008002 0.959513247
vn 0.234392345 0.160694748 0.958768725
vn 0.0780974925 -0.364888251 0.927770138
vn -0.0405987129 -0.380787909 0.923770666
vn -0.0394985117 -0.381885618 0.923365176
vn -0.0762989074 -0.388494402 0.918286741
vn -0.150496915 0.923481107 -0.352892786
vn -0.153402984 0.94081831 -0.302205861
vn -0.143397897 0.925786495 -0.349794865
vn -0.17850022 0.926701128 -0.330700427
vn 0.955736339 0.292311102 -0.0335012749
vn 0.96927309 0.233493537 0.0773978531
vn 0.965356171 0.251288623 0.0702968016
vn 0.941682875 0.335693926 -0.0232995767
vn -0.997285247 -0.0410993919 -0.0610990934
vn -0.997902989 -0.0471001416 -0.0444001295
vn -0.996951699 -0.0131993601 -0.0768962726
vn -0.993879199 -0.0589987673 -0.0933980495
vn -0.137298241 -0.0431994461 -0.989587307
vn -0.0527979657 -0.0261989906 -0.998261511
vn -0.0605981462 -0.0902972445 -0.994069576
vn -0.0695999786 -0.146899953 -0.9866997
vn 0.176195443 -0.743780732 0.644783318
vn 0.0848011747 -0.827511489 0.555007696
vn 0.0640020296 -0.823826075 0.563217819
vn 0.126601011 -0.742205918 0.658105254
vn 0.0883981287 0.92868036 0.360192388
vn 0.0811005533 0.929806352 0.359002471
vn 0.104003303 0.957730353 0.268208504
vn 0.0416996107 0.953091145 0.299797207
vn -0.580188692 0.795084476 0.176696554
vn -0.528705537 0.824808717 0.200402111
vn -0.612569571 0.790260732 -0.015699219
vn -0.581674635 0.811264575 0.0591974147
vn 0.838003457 -0.300901264 0.455201834
vn 0.853118718 -0.318507016 0.413209051
vn 0.868528187 -0.289209396 0.402513057
vn 0.815128922 -0.334111869 0.473216802
vn 0.99625504 -0.0216990225 0.0836962238
vn 0.994069695 0.0219993312 0.106496759
vn 0.995738864 0.0230008978 0.089303486
vn 0.995331943 -0.0468015 0.0844027102
vn -0.816194654 0.554396391 -0.162698925
vn -0.85747391 0.466485828 -0.217093378
vn -0.781026065 0.576119184 -0.241008028
vn -0.847263515 0.468079865 -0.251089185
vn -0.991716683 -0.106501795 -0.071801208
vn -0.992272258 -0.100697182 -0.0724979714
vn -0.990593374 -0.0707995221 -0.117099218
vn -0.991239011 -0.109604314 -0.0737029016
vn -0.997109592 -0.072900705 0.0214002058
vn -0.99346453 -0.0997964367 0.0553980209
vn -0.991646111 -0.125305831 0.0306014251
vn -0.99614501 -0.0471021272 0.0740033463
vn 0.998842955 -0.00920039602 0.0472020321
vn 0.999594748 0.0108999424 0.0262998622
vn 0.994791508 0.0175998509 0.100399144
vn 0.999165893 -0.0110996217 0.0392986611
vn 0.147093043 -0.095995456 -0.98445338
vn 0.18710281 -0.0582008734 -0.980614722
vn 0.131803215 -0.105702586 -0.985624075
vn 0.0886030495 -0.146505028 -0.985233843
g MESH_VRKS_Transition_A_Submesh0
f 1/1/1 2/2/2 3/3/3
f 4/4/4 5/5/5 6/6/6
f 7/7/7 8/8/8 9/9/9
f 10/10/10 11/11/11 12/12/12
f 13/13/13 14/14/14 15/15/15
f 16/16/16 17/17/17 18/18/18
f 19/19/19 20/20/20 21/21/21
f 22/22/22 23/23/23 24/24/24
f 25/25/25 26/26/26 27/27/27
f 28/28/28 29/29/29 30/30/30
f 30/30/30 31/31/31 32/32/32
f 33/33/33 34/34/34 35/35/35
f 36/36/36 37/37/37 38/38/38
f 39/39/39 40/40/40 41/41/41
f 42/42/42 43/43/43 44/44/44
f 45/45/45 46/46/46 47/47/47
f 48/48/48 49/49/49 50/50/50
f 51/51/51 52/52/52 53/53/53
f 54/54/54 55/55/55 56/56/56
f 57/57/57 58/58/58 59/59/59
f 60/60/60 61/61/61 62/62/62
f 63/63/63 64/64/64 65/65/65
f 66/66/66 67/67/67 68/68/68
f 69/69/69 70/70/70 71/71/71
f 72/72/72 73/73/73 74/74/74
f 75/75/75 76/76/76 72/72/72
f 72/72/72 77/77/77 78/78/78
f 79/79/79 80/80/80 81/81/81
f 82/82/82 83/83/83 84/84/84
f 85/85/85 86/86/86 87/87/87
f 88/88/88 89/89/89 90/90/90
f 91/91/91 92/92/92 93/93/93
f 94/94/94 95/95/95 96/96/96
f 97/97/97 98/98/98 99/99/99
f 100/100/100 101/101/101 102/102/102
f 103/103/103 104/104/104 105/105/105
f 106/106/106 103/103/103 107/107/107
f 108/108/108 109/109/109 110/110/110
f 111/111/111 112/112/112 113/113/113
f 114/114/114 115/115/115 116/116/116
f 117/117/117 118/118/118 119/119/119
f 120/120/120 121/121/121 122/122/122
f 123/123/123 124/124/124 125/125/125
f 126/126/126 127/127/127 128/128/128
f 129/129/129 130/130/130 126/126/126
f 131/131/131 132/132/132 129/129/129
f 133/133/133 134/134/134 135/135/135
f 136/136/136 137/137/137 138/138/138
f 139/139/139 140/140/140 136/136/136
f 141/141/141 142/142/142 143/143/143
f 144/144/144 145/145/145 146/146/146
f 147/147/147 148/148/148 149/149/149
f 150/150/150 151/151/151 152/152/152
f 153/153/153 154/154/154 155/155/155
f 156/156/156 157/157/157 158/158/158
f 159/159/159 160/160/160 161/161/161
f 162/162/162 163/163/163 164/164/164
f 165/165/165 166/166/166 167/167/167
f 168/168/168 169/169/169 170/170/170
f 171/171/171 172/172/172 173/173/173
f 174/174/174 175/175/175 176/176/176
f 177/177/177 178/178/178 179/179/179
f 180/180/180 181/181/181 182/182/182
f 183/183/183 184/184/184 185/185/185
f 186/186/186 187/187/187 188/188/188
f 189/189/189 190/190/190 191/191/191
f 192/192/192 193/193/193 194/194/194
f 195/195/195 196/196/196 197/197/197
f 198/198/198 199/199/199 200/200/200
f 201/201/201 202/202/202 198/198/198
f 203/203/203 204/204/204 205/205/205
f 206/206/206 207/207/207 208/208/208
f 209/209/209 210/210/210 211/211/211
f 212/212/212 213/213/213 214/214/214
f 215/215/215 216/216/216 217/217/217
f 218/218/218 219/219/219 220/220/220
f 221/221/221 222/222/222 223/223/223
f 224/224/224 225/225/225 226/226/226
f 227/227/227 228/228/228 229/229/229
f 230/230/230 231/231/231 232/232/232
f 233/233/233 234/234/234 235/235/235
f 236/236/236 235/235/235 237/237/237
f 238/238/238 239/239/239 240/240/240
f 241/241/241 242/242/242 243/243/243
f 244/244/244 245/245/245 246/246/246
f 247/247/247 248/248/248 249/249/249
f 250/250/250 251/251/251 252/252/252
f 252/252/252 253/253/253 254/254/254
f 252/252/252 254/254/254 255/255/255
f 256/256/256 257/257/257 258/258/258
f 259/259/259 260/260/260 261/261/261
f 262/262/262 263/263/263 264/264/264
f 265/265/265 266/266/266 267/267/267
f 268/268/268 267/267/267 269/269/269
f 270/270/270 271/271/271 272/272/272
f 273/273/273 274/274/274 275/275/275
f 276/276/276 277/277/277 278/278/278
f 279/279/279 280/280/280 281/281/281
f 282/282/282 283/283/283 281/281/281
f 284/284/284 285/285/285 286/286/286
f 287/287/287 288/288/288 289/289/289
f 287/287/287 290/290/290 291/291/291
f 292/292/292 293/293/293 294/294/294
f 295/295/295 296/296/296 297/297/297
f 298/298/298 299/299/299 300/300/300
f 301/301/301 302/302/302 303/303/303
f 304/304/304 305/305/305 306/306/306
f 307/307/307 308/308/308 309/309/309
f 310/310/310 311/311/311 312/312/312
f 313/313/313 314/314/314 315/315/315
f 316/316/316 317/317/317 318/318/318
f 319/319/319 320/320/320 321/321/321
f 322/322/322 323/323/323 324/324/324
f 325/325/325 326/326/326 327/327/327
f 328/328/328 329/329/329 330/330/330
f 331/331/331 332/332/332 333/333/333
f 334/334/334 335/335/335 336/336/336
f 337/337/337 338/338/338 339/339/339
f 340/340/340 341/341/341 342/342/342
f 343/343/343 344/344/344 345/345/345
f 346/346/346 347/347/347 348/348/348
f 349/349/349 350/350/350 351/351/351
f 352/352/352 353/353/353 354/354/354
f 355/355/355 356/356/356 357/357/357
f 358/358/358 359/359/359 360/360/360
f 361/361/361 362/362/362 363/363/363
f 364/364/364 365/365/365 366/366/366
f 367/367/367 368/368/368 369/369/369
f 370/370/370 371/371/371 372/372/372
f 373/373/373 374/374/374 375/375/375
f 376/376/376 377/377/377 378/378/378
f 379/379/379 380/380/380 381/381/381
f 382/382/382 383/383/383 384/384/384
f 385/385/385 386/386/386 387/387/387
f 388/388/388 389/389/389 390/390/390
f 391/391/391 392/392/392 393/393/393
f 394/394/394 395/395/395 396/396/396
f 397/397/397 398/398/398 399/399/399
f 400/400/400 401/401/401 402/402/402
f 403/403/403 404/404/404 405/405/405
f 406/406/406 407/407/407 408/408/408
f 409/409/409 410/410/410 411/411/411
f 412/412/412 413/413/413 414/414/414
f 415/415/415 416/416/416 417/417/417
f 418/418/418 419/419/419 420/420/420
f 421/421/421 422/422/422 423/423/423
f 424/424/424 425/425/425 426/426/426
f 427/427/427 428/428/428 429/429/429
f 430/430/430 431/431/431 432/432/432
f 433/433/433 434/434/434 435/435/435
f 436/436/436 437/437/437 438/438/438
f 439/439/439 440/440/440 441/441/441
f 442/442/442 443/443/443 444/444/444
f 445/445/445 446/446/446 447/447/447
f 448/448/448 449/449/449 450/450/450
f 451/451/451 452/452/452 453/453/453
f 454/454/454 455/455/455 456/456/456
f 457/457/457 458/458/458 459/459/459
f 460/460/460 461/461/461 462/462/462
f 463/463/463 464/464/464 465/465/465
f 466/466/466 467/467/467 468/468/468
f 469/469/469 470/470/470 471/471/471
f 472/472/472 473/473/473 474/474/474
f 475/475/475 476/476/476 477/477/477
f 478/478/478 479/479/479 480/480/480
f 481/481/481 482/482/482 483/483/483
f 484/484/484 483/483/483 485/485/485
f 486/486/486 487/487/487 488/488/488
f 489/489/489 490/490/490 491/491/491
f 492/492/492 493/493/493 494/494/494
f 493/493/493 495/495/495 496/496/496
f 497/497/497 498/498/498 499/499/499
f 500/500/500 501/501/501 502/502/502
f 503/503/503 504/504/504 505/505/505
f 506/506/506 507/507/507 508/508/508
f 509/509/509 510/510/510 511/511/511
f 512/512/512 513/513/513 514/514/514
f 515/515/515 516/516/516 517/517/517
f 518/518/518 519/519/519 520/520/520
f 521/521/521 522/522/522 523/523/523
f 524/524/524 525/525/525 526/526/526
f 527/527/527 528/528/528 529/529/529
f 530/530/530 531/531/531 532/532/532
f 533/533/533 534/534/534 535/535/535
f 536/536/536 537/537/537 538/538/538
f 539/539/539 540/540/540 541/541/541
f 542/542/542 543/543/543 544/544/544
f 545/545/545 546/546/546 547/547/547
f 548/548/548 549/549/549 550/550/550
f 551/551/551 552/552/552 553/553/553
f 554/554/554 555/555/555 556/556/556
f 557/557/557 558/558/558 559/559/559
f 560/560/560 561/561/561 562/562/562
f 563/563/563 564/564/564 565/565/565
f 566/566/566 567/567/567 568/568/568
f 569/569/569 570/570/570 571/571/571
f 572/572/572 571/571/571 573/573/573
f 574/574/574 575/575/575 576/576/576
f 577/577/577 578/578/578 579/579/579
f 580/580/580 581/581/581 582/582/582
f 583/583/583 584/584/584 585/585/585
f 586/586/586 587/587/587 588/588/588
f 589/589/589 590/590/590 591/591/591
f 592/592/592 593/593/593 594/594/594
f 595/595/595 596/596/596 597/597/597
f 598/598/598 599/599/599 600/600/600
f 601/601/601 602/602/602 603/603/603
f 604/604/604 605/605/605 606/606/606
f 607/607/607 608/608/608 609/609/609
f 610/610/610 611/611/611 612/612/612
f 613/613/613 614/614/614 615/615/615
f 616/616/616 617/617/617 618/618/618
f 619/619/619 620/620/620 621/621/621
f 621/621/621 622/622/622 623/623/623
f 624/624/624 625/625/625 626/626/626
f 627/627/627 628/628/628 629/629/629
f 630/630/630 631/631/631 632/632/632
f 633/633/633 634/634/634 635/635/635
f 636/636/636 637/637/637 638/638/638
f 639/639/639 640/640/640 641/641/641
f 642/642/642 643/643/643 644/644/644
f 645/645/645 646/646/646 647/647/647
f 648/648/648 649/649/649 650/650/650
f 651/651/651 652/652/652 653/653/653
f 654/654/654 655/655/655 656/656/656
f 657/657/657 658/658/658 659/659/659
f 660/660/660 661/661/661 662/662/662
f 663/663/663 664/664/664 665/665/665
f 666/666/666 667/667/667 668/668/668
f 669/669/669 670/670/670 671/671/671
f 672/672/672 673/673/673 674/674/674
f 675/675/675 676/676/676 677/677/677
f 678/678/678 679/679/679 680/680/680
f 681/681/681 682/682/682 680/680/680
f 683/683/683 684/684/684 685/685/685
f 686/686/686 687/687/687 688/688/688
f 689/689/689 690/690/690 691/691/691
f 692/692/692 693/693/693 694/694/694
f 695/695/695 696/696/696 697/697/697
f 698/698/698 699/699/699 700/700/700
f 701/701/701 702/702/702 703/703/703
f 704/704/704 705/705/705 706/706/706
f 707/707/707 708/708/708 709/709/709
f 710/710/710 711/711/711 712/712/712
f 713/713/713 714/714/714 715/715/715
f 716/716/716 714/714/714 717/717/717
f 718/718/718 719/719/719 720/720/720
f 721/721/721 722/722/722 723/723/723
f 724/724/724 725/725/725 723/723/723
f 726/726/726 727/727/727 728/728/728
f 729/729/729 730/730/730 731/731/731
f 732/732/732 733/733/733 734/734/734
f 735/735/735 736/736/736 737/737/737
f 738/738/738 739/739/739 740/740/740
f 741/741/741 742/742/742 743/743/743
f 744/744/744 745/745/745 746/746/746
f 747/747/747 748/748/748 749/749/749
f 750/750/750 751/751/751 752/752/752
f 753/753/753 754/754/754 755/755/755
f 756/756/756 757/757/757 758/758/758
f 759/759/759 760/760/760 761/761/761
f 762/762/762 763/763/763 764/764/764
f 765/765/765 766/766/766 767/767/767
f 768/768/768 769/769/769 770/770/770
f 771/771/771 772/772/772 769/769/769
f 773/773/773 774/774/774 775/775/775
f 776/776/776 777/777/777 778/778/778
f 779/779/779 780/780/780 781/781/781
f 782/782/782 783/783/783 784/784/784
f 785/785/785 786/786/786 787/787/787
f 788/788/788 789/789/789 790/790/790
f 791/791/791 792/792/792 793/793/793
f 794/794/794 795/795/795 796/796/796
f 797/797/797 798/798/798 799/799/799
f 800/800/800 799/799/799 801/801/801
f 802/802/802 803/803/803 804/804/804
f 805/805/805 806/806/806 807/807/807
f 808/808/808 809/809/809 810/810/810
f 811/811/811 812/812/812 813/813/813
f 814/814/814 815/815/815 816/816/816
f 817/817/817 818/818/818 819/819/819
f 820/820/820 821/821/821 822/822/822
f 823/823/823 824/824/824 825/825/825
f 826/826/826 827/827/827 828/828/828
f 829/829/829 826/826/826 830/830/830
f 831/831/831 832/832/832 833/833/833
f 834/834/834 835/835/835 836/836/836
f 837/837/837 838/838/838 839/839/839
f 838/838/838 840/840/840 841/841/841
f 842/842/842 843/843/843 844/844/844
f 845/845/845 846/846/846 847/847/847
f 848/848/848 849/849/849 847/847/847
f 850/850/850 851/851/851 852/852/852
f 853/853/853 854/854/854 855/855/855
f 856/856/856 857/857/857 858/858/858
f 859/859/859 860/860/860 861/861/861
f 862/862/862 863/863/863 864/864/864
f 865/865/865 866/866/866 867/867/867
f 868/868/868 869/869/869 870/870/870
f 871/871/871 872/872/872 873/873/873
f 874/874/874 875/875/875 876/876/876
f 877/877/877 878/878/878 879/879/879
f 880/880/880 881/881/881 882/882/882
f 883/883/883 884/884/884 885/885/885
f 886/886/886 887/887/887 888/888/888
f 889/889/889 890/890/890 891/891/891
f 892/892/892 893/893/893 894/894/894
f 895/895/895 896/896/896 897/897/897
f 898/898/898 899/899/899 900/900/900
f 901/901/901 902/902/902 903/903/903
f 904/904/904 905/905/905 906/906/906
f 907/907/907 908/908/908 909/909/909
f 910/910/910 911/911/911 912/912/912
f 913/913/913 911/911/911 914/914/914
f 913/913/913 915/915/915 916/916/916
f 917/917/917 918/918/918 919/919/919
f 920/920/920 921/921/921 922/922/922
f 923/923/923 924/924/924 925/925/925
f 926/926/926 927/927/927 928/928/928
f 929/929/929 930/930/930 931/931/931
f 932/932/932 933/933/933 934/934/934
f 934/934/934 935/935/935 936/936/936
f 937/937/937 938/938/938 939/939/939
f 940/940/940 941/941/941 942/942/942
f 943/943/943 944/944/944 945/945/945
f 946/946/946 947/947/947 948/948/948
f 949/949/949 950/950/950 951/951/951
f 952/952/952 953/953/953 954/954/954
f 955/955/955 956/956/956 957/957/957
f 958/958/958 959/959/959 960/960/960
f 961/961/961 962/962/962 963/963/963
f 964/964/964 965/965/965 966/966/966
f 967/967/967 968/968/968 969/969/969
f 970/970/970 971/971/971 972/972/972
f 973/973/973 974/974/974 975/975/975
f 976/976/976 977/977/977 978/978/978
f 979/979/979 980/980/980 981/981/981
f 982/982/982 983/983/983 984/984/984
f 985/985/985 986/986/986 987/987/987
f 988/988/988 989/989/989 990/990/990
f 991/991/991 992/992/992 993/993/993
f 994/994/994 995/995/995 996/996/996
f 997/997/997 998/998/998 999/999/999
f 997/997/997 1000/1000/1000 1001/1001/1001
f 1002/1002/1002 1003/1003/1003 1004/1004/1004
f 1005/1005/1005 1006/1006/1006 1007/1007/1007
f 1008/1008/1008 1009/1009/1009 1010/1010/1010
f 1011/1011/1011 1012/1012/1012 1013/1013/1013
f 1014/1014/1014 1015/1015/1015 1016/1016/1016
f 1017/1017/1017 1018/1018/1018 1019/1019/1019
f 1020/1020/1020 1021/1021/1021 1022/1022/1022
f 1023/1023/1023 1024/1024/1024 1025/1025/1025
f 1026/1026/1026 1027/1027/1027 1028/1028/1028
f 1029/1029/1029 1030/1030/1030 1031/1031/1031
f 1032/1032/1032 1033/1033/1033 1034/1034/1034
f 1035/1035/1035 1036/1036/1036 1037/1037/1037
f 1038/1038/1038 1039/1039/1039 1040/1040/1040
f 1041/1041/1041 1042/1042/1042 1043/1043/1043
f 1044/1044/1044 1045/1045/1045 1046/1046/1046
f 1047/1047/1047 1048/1048/1048 1049/1049/1049
f 1050/1050/1050 1051/1051/1051 1052/1052/1052
f 1053/1053/1053 1054/1054/1054 1055/1055/1055
f 1056/1056/1056 1057/1057/1057 1058/1058/1058
f 1059/1059/1059 1060/1060/1060 1061/1061/1061
f 1062/1062/1062 1063/1063/1063 1064/1064/1064
f 1065/1065/1065 1066/1066/1066 1067/1067/1067
f 1068/1068/1068 1069/1069/1069 1070/1070/1070
f 1071/1071/1071 1072/1072/1072 1073/1073/1073
f 1074/1074/1074 1075/1075/1075 1076/1076/1076
f 1077/1077/1077 1078/1078/1078 1079/1079/1079
f 1080/1080/1080 1081/1081/1081 1082/1082/1082
f 1083/1083/1083 1084/1084/1084 1085/1085/1085
f 1086/1086/1086 1087/1087/1087 1088/1088/1088
f 1089/1089/1089 1090/1090/1090 1091/1091/1091
f 1092/1092/1092 1093/1093/1093 1094/1094/1094
f 1095/1095/1095 1096/1096/1096 1097/1097/1097
f 1098/1098/1098 1099/1099/1099 1100/1100/1100
f 1101/1101/1101 1102/1102/1102 1103/1103/1103
f 1104/1104/1104 1105/1105/1105 1106/1106/1106
f 1107/1107/1107 1108/1108/1108 1109/1109/1109
f 1110/1110/1110 1111/1111/1111 1112/1112/1112
f 1113/1113/1113 1114/1114/1114 1115/1115/1115
f 1116/1116/1116 1117/1117/1117 1118/1118/1118
f 1119/1119/1119 1120/1120/1120 1121/1121/1121
f 1122/1122/1122 1123/1123/1123 1124/1124/1124
f 1125/1125/1125 1126/1126/1126 1127/1127/1127
f 1128/1128/1128 1129/1129/1129 1130/1130/1130
f 1131/1131/1131 1132/1132/1132 1133/1133/1133
f 1134/1134/1134 1135/1135/1135 1136/1136/1136
f 1137/1137/1137 1138/1138/1138 1139/1139/1139
f 1140/1140/1140 1141/1141/1141 1142/1142/1142
f 1143/1143/1143 1144/1144/1144 1145/1145/1145
f 1146/1146/1146 1147/1147/1147 1148/1148/1148
f 1149/1149/1149 1150/1150/1150 1151/1151/1151
f 1152/1152/1152 1153/1153/1153 1154/1154/1154
f 1155/1155/1155 1156/1156/1156 1157/1157/1157
f 1158/1158/1158 1159/1159/1159 1160/1160/1160
f 1161/1161/1161 1162/1162/1162 1163/1163/1163
f 1164/1164/1164 1165/1165/1165 1166/1166/1166
f 1167/1167/1167 1168/1168/1168 1169/1169/1169
f 1170/1170/1170 1171/1171/1171 1172/1172/1172
f 1173/1173/1173 1174/1174/1174 1175/1175/1175
f 1176/1176/1176 1177/1177/1177 1178/1178/1178
f 1179/1179/1179 1180/1180/1180 1181/1181/1181
f 1182/1182/1182 1183/1183/1183 1184/1184/1184
f 1185/1185/1185 1186/1186/1186 1187/1187/1187
f 1188/1188/1188 1189/1189/1189 1190/1190/1190
f 1191/1191/1191 1192/1192/1192 1193/1193/1193
f 1194/1194/1194 1195/1195/1195 1196/1196/1196
f 1197/1197/1197 1198/1198/1198 1199/1199/1199
f 1200/1200/1200 1201/1201/1201 1202/1202/1202
f 1203/1203/1203 1204/1204/1204 1205/1205/1205
f 1206/1206/1206 1207/1207/1207 1208/1208/1208
f 1209/1209/1209 1210/1210/1210 1211/1211/1211
f 1212/1212/1212 1213/1213/1213 1214/1214/1214
f 1215/1215/1215 1216/1216/1216 1217/1217/1217
f 1218/1218/1218 1219/1219/1219 1220/1220/1220
f 1221/1221/1221 1222/1222/1222 1223/1223/1223
f 1224/1224/1224 1225/1225/1225 1226/1226/1226
f 1227/1227/1227 1228/1228/1228 1229/1229/1229
f 1230/1230/1230 1231/1231/1231 1232/1232/1232
f 1233/1233/1233 1234/1234/1234 1235/1235/1235
f 1236/1236/1236 1237/1237/1237 1238/1238/1238
f 1239/1239/1239 1240/1240/1240 1241/1241/1241
f 1242/1242/1242 1243/1243/1243 1244/1244/1244
f 1245/1245/1245 1246/1246/1246 1247/1247/1247
f 1248/1248/1248 1249/1249/1249 1250/1250/1250
f 1251/1251/1251 1252/1252/1252 1253/1253/1253
f 1254/1254/1254 1255/1255/1255 1256/1256/1256
f 1257/1257/1257 1258/1258/1258 1259/1259/1259
f 1260/1260/1260 1261/1261/1261 1262/1262/1262
f 1263/1263/1263 1264/1264/1264 1265/1265/1265
f 1266/1266/1266 1267/1267/1267 1268/1268/1268
f 1269/1269/1269 1270/1270/1270 1271/1271/1271
f 1272/1272/1272 1273/1273/1273 1274/1274/1274
f 1275/1275/1275 1276/1276/1276 1277/1277/1277
f 1278/1278/1278 1279/1279/1279 1280/1280/1280
f 1281/1281/1281 1282/1282/1282 1283/1283/1283
f 1284/1284/1284 1285/1285/1285 1286/1286/1286
f 1287/1287/1287 1288/1288/1288 1289/1289/1289
f 1290/1290/1290 1291/1291/1291 1292/1292/1292
f 1293/1293/1293 1294/1294/1294 1295/1295/1295
f 1296/1296/1296 1297/1297/1297 1298/1298/1298
f 1299/1299/1299 1300/1300/1300 1301/1301/1301
f 1302/1302/1302 1303/1303/1303 1304/1304/1304
f 1305/1305/1305 1306/1306/1306 1307/1307/1307
f 1308/1308/1308 1309/1309/1309 1310/1310/1310
f 1311/1311/1311 1312/1312/1312 1313/1313/1313
f 1314/1314/1314 1315/1315/1315 1316/1316/1316
f 1317/1317/1317 1318/1318/1318 1319/1319/1319
f 1320/1320/1320 1321/1321/1321 1322/1322/1322
f 1323/1323/1323 1324/1324/1324 1325/1325/1325
f 1326/1326/1326 1327/1327/1327 1328/1328/1328
f 1329/1329/1329 1330/1330/1330 1331/1331/1331
f 1332/1332/1332 1333/1333/1333 1334/1334/1334
f 1335/1335/1335 1336/1336/1336 1337/1337/1337
f 1338/1338/1338 1339/1339/1339 1340/1340/1340
f 1341/1341/1341 1342/1342/1342 1343/1343/1343
f 1344/1344/1344 1345/1345/1345 1346/1346/1346
f 1347/1347/1347 1348/1348/1348 1349/1349/1349
f 1350/1350/1350 1351/1351/1351 1352/1352/1352
f 1353/1353/1353 1354/1354/1354 1355/1355/1355
f 1356/1356/1356 1357/1357/1357 1358/1358/1358
f 1359/1359/1359 1360/1360/1360 1361/1361/1361
f 1362/1362/1362 1363/1363/1363 1364/1364/1364
f 1365/1365/1365 1366/1366/1366 1367/1367/1367
f 1368/1368/1368 1369/1369/1369 1370/1370/1370
f 1371/1371/1371 1372/1372/1372 1373/1373/1373
f 1374/1374/1374 1375/1375/1375 1376/1376/1376
f 1377/1377/1377 1378/1378/1378 1379/1379/1379
f 1380/1380/1380 1381/1381/1381 1382/1382/1382
f 1383/1383/1383 1384/1384/1384 1385/1385/1385
f 1386/1386/1386 1387/1387/1387 1388/1388/1388
f 1389/1389/1389 1390/1390/1390 1391/1391/1391
f 1392/1392/1392 1393/1393/1393 1394/1394/1394
f 1395/1395/1395 1396/1396/1396 1397/1397/1397
f 1398/1398/1398 1399/1399/1399 1400/1400/1400
f 1401/1401/1401 1402/1402/1402 1403/1403/1403
f 1404/1404/1404 1405/1405/1405 1406/1406/1406
f 1407/1407/1407 1408/1408/1408 1409/1409/1409
f 1410/1410/1410 1411/1411/1411 1412/1412/1412
f 1413/1413/1413 1414/1414/1414 1415/1415/1415
f 1416/1416/1416 1417/1417/1417 1418/1418/1418
f 1419/1419/1419 1420/1420/1420 1421/1421/1421
f 1422/1422/1422 1423/1423/1423 1424/1424/1424
f 1425/1425/1425 1426/1426/1426 1427/1427/1427
f 1428/1428/1428 1429/1429/1429 1430/1430/1430
f 1431/1431/1431 1432/1432/1432 1433/1433/1433
f 1434/1434/1434 1435/1435/1435 1436/1436/1436
f 1437/1437/1437 1438/1438/1438 1439/1439/1439
f 1440/1440/1440 1441/1441/1441 1442/1442/1442
f 1443/1443/1443 1444/1444/1444 1445/1445/1445
f 1446/1446/1446 1447/1447/1447 1448/1448/1448
f 1449/1449/1449 1450/1450/1450 1451/1451/1451
f 1452/1452/1452 1453/1453/1453 1454/1454/1454
f 1455/1455/1455 1456/1456/1456 1457/1457/1457
f 1458/1458/1458 1459/1459/1459 1460/1460/1460
f 1461/1461/1461 1462/1462/1462 1463/1463/1463
f 1464/1464/1464 1465/1465/1465 1466/1466/1466
f 1467/1467/1467 1468/1468/1468 1469/1469/1469
f 1470/1470/1470 1471/1471/1471 1472/1472/1472
f 1473/1473/1473 1474/1474/1474 1475/1475/1475
f 1476/1476/1476 1477/1477/1477 1478/1478/1478
f 1479/1479/1479 1480/1480/1480 1481/1481/1481
f 1482/1482/1482 1483/1483/1483 1484/1484/1484
f 1485/1485/1485 1486/1486/1486 1487/1487/1487
f 1488/1488/1488 1489/1489/1489 1490/1490/1490
f 1491/1491/1491 1492/1492/1492 1493/1493/1493
f 1494/1494/1494 1495/1495/1495 1496/1496/1496
f 1497/1497/1497 1498/1498/1498 1499/1499/1499
f 1500/1500/1500 1501/1501/1501 1502/1502/1502
f 1503/1503/1503 1504/1504/1504 1505/1505/1505
f 1506/1506/1506 1507/1507/1507 1508/1508/1508
f 1509/1509/1509 1510/1510/1510 1511/1511/1511
f 1512/1512/1512 1513/1513/1513 1514/1514/1514
f 1515/1515/1515 1516/1516/1516 1517/1517/1517
f 1518/1518/1518 1519/1519/1519 1520/1520/1520
f 1521/1521/1521 1522/1522/1522 1523/1523/1523
f 1524/1524/1524 1525/1525/1525 1526/1526/1526
f 1527/1527/1527 1528/1528/1528 1529/1529/1529
f 1530/1530/1530 1531/1531/1531 1532/1532/1532
f 1533/1533/1533 1534/1534/1534 1535/1535/1535
f 1536/1536/1536 1537/1537/1537 1538/1538/1538
f 1539/1539/1539 1540/1540/1540 1541/1541/1541
f 1542/1542/1542 1543/1543/1543 1544/1544/1544
f 1545/1545/1545 1546/1546/1546 1547/1547/1547
f 1548/1548/1548 1549/1549/1549 1550/1550/1550
f 1551/1551/1551 1552/1552/1552 1553/1553/1553
f 1554/1554/1554 1555/1555/1555 1556/1556/1556
f 1557/1557/1557 1558/1558/1558 1559/1559/1559
f 1560/1560/1560 1561/1561/1561 1562/1562/1562
f 1563/1563/1563 1564/1564/1564 1565/1565/1565
f 1566/1566/1566 1567/1567/1567 1568/1568/1568
f 1569/1569/1569 1570/1570/1570 1571/1571/1571
f 1572/1572/1572 1573/1573/1573 1574/1574/1574
f 1575/1575/1575 1576/1576/1576 1577/1577/1577
f 1578/1578/1578 1579/1579/1579 1580/1580/1580
f 1581/1581/1581 1582/1582/1582 1583/1583/1583
f 1584/1584/1584 1585/1585/1585 1586/1586/1586
f 1587/1587/1587 1588/1588/1588 1589/1589/1589
f 1590/1590/1590 1591/1591/1591 1592/1592/1592
f 1593/1593/1593 1594/1594/1594 1595/1595/1595
f 1596/1596/1596 1597/1597/1597 1598/1598/1598
f 1599/1599/1599 1600/1600/1600 1601/1601/1601
f 1602/1602/1602 1603/1603/1603 1604/1604/1604
f 1605/1605/1605 1606/1606/1606 1607/1607/1607
f 1608/1608/1608 1609/1609/1609 1610/1610/1610
f 1611/1611/1611 1612/1612/1612 1613/1613/1613
f 1614/1614/1614 1615/1615/1615 1616/1616/1616
f 1617/1617/1617 1618/1618/1618 1619/1619/1619
f 1620/1620/1620 1621/1621/1621 1622/1622/1622
f 1623/1623/1623 1624/1624/1624 1625/1625/1625
f 1626/1626/1626 1627/1627/1627 1628/1628/1628
f 1629/1629/1629 1630/1630/1630 1631/1631/1631
f 1632/1632/1632 1633/1633/1633 1634/1634/1634
f 1635/1635/1635 1636/1636/1636 1637/1637/1637
f 1638/1638/1638 1639/1639/1639 1640/1640/1640
f 1641/1641/1641 1642/1642/1642 1643/1643/1643
f 1644/1644/1644 1645/1645/1645 1646/1646/1646
f 1647/1647/1647 1645/1645/1645 1648/1648/1648
f 1649/1649/1649 1650/1650/1650 1651/1651/1651
f 1652/1652/1652 1653/1653/1653 1654/1654/1654
f 1655/1655/1655 1656/1656/1656 1657/1657/1657
f 1658/1658/1658 1659/1659/1659 1660/1660/1660
f 1661/1661/1661 1662/1662/1662 1663/1663/1663
f 1664/1664/1664 1665/1665/1665 1666/1666/1666
f 1667/1667/1667 1665/1665/1665 1668/1668/1668
f 1669/1669/1669 1670/1670/1670 1671/1671/1671
f 1672/1672/1672 1673/1673/1673 1674/1674/1674
f 1675/1675/1675 1676/1676/1676 1677/1677/1677
f 1678/1678/1678 1679/1679/1679 1680/1680/1680
f 1681/1681/1681 1682/1682/1682 1683/1683/1683
f 1684/1684/1684 1685/1685/1685 1686/1686/1686
f 1687/1687/1687 1688/1688/1688 1689/1689/1689
f 1690/1690/1690 1691/1691/1691 1692/1692/1692
f 1693/1693/1693 1694/1694/1694 1695/1695/1695
f 1696/1696/1696 1697/1697/1697 1698/1698/1698
f 1699/1699/1699 1700/1700/1700 1701/1701/1701
f 1702/1702/1702 1703/1703/1703 1704/1704/1704
f 1705/1705/1705 1706/1706/1706 1707/1707/1707
f 1708/1708/1708 1709/1709/1709 1710/1710/1710
f 1711/1711/1711 1712/1712/1712 1713/1713/1713
f 1714/1714/1714 1715/1715/1715 1716/1716/1716
f 1717/1717/1717 1718/1718/1718 1719/1719/1719
f 1720/1720/1720 1721/1721/1721 1722/1722/1722
f 1723/1723/1723 1724/1724/1724 1725/1725/1725
f 1726/1726/1726 1727/1727/1727 1728/1728/1728
f 1729/1729/1729 1730/1730/1730 1731/1731/1731
f 1732/1732/1732 1733/1733/1733 1734/1734/1734
f 1735/1735/1735 1736/1736/1736 1737/1737/1737
f 1738/1738/1738 1739/1739/1739 1740/1740/1740
f 1741/1741/1741 1742/1742/1742 1743/1743/1743
f 1744/1744/1744 1745/1745/1745 1746/1746/1746
f 1747/1747/1747 1748/1748/1748 1749/1749/1749
f 1750/1750/1750 1751/1751/1751 1752/1752/1752
f 1753/1753/1753 1754/1754/1754 1755/1755/1755
f 1756/1756/1756 1757/1757/1757 1758/1758/1758
f 1759/1759/1759 1760/1760/1760 1761/1761/1761
f 1762/1762/1762 1763/1763/1763 1764/1764/1764
f 1765/1765/1765 1766/1766/1766 1767/1767/1767
f 1768/1768/1768 1769/1769/1769 1770/1770/1770
f 1771/1771/1771 1772/1772/1772 1773/1773/1773
f 1774/1774/1774 1775/1775/1775 1776/1776/1776
f 1777/1777/1777 1778/1778/1778 1779/1779/1779
f 1780/1780/1780 1781/1781/1781 1782/1782/1782
f 1783/1783/1783 1784/1784/1784 1785/1785/1785
f 1786/1786/1786 1787/1787/1787 1788/1788/1788
f 1789/1789/1789 1790/1790/1790 1791/1791/1791
f 1792/1792/1792 1793/1793/1793 1794/1794/1794
f 1795/1795/1795 1796/1796/1796 1797/1797/1797
f 1798/1798/1798 1799/1799/1799 1800/1800/1800
f 1801/1801/1801 1802/1802/1802 1803/1803/1803
f 1804/1804/1804 1805/1805/1805 1806/1806/1806
f 1807/1807/1807 1808/1808/1808 1809/1809/1809
f 1810/1810/1810 1811/1811/1811 1812/1812/1812
f 1813/1813/1813 1814/1814/1814 1815/1815/1815
f 1816/1816/1816 1817/1817/1817 1818/1818/1818
f 1819/1819/1819 1820/1820/1820 1821/1821/1821
f 1822/1822/1822 1823/1823/1823 1824/1824/1824
f 1825/1825/1825 1826/1826/1826 1827/1827/1827
f 1828/1828/1828 1829/1829/1829 1830/1830/1830
f 1831/1831/1831 1832/1832/1832 1833/1833/1833
f 1834/1834/1834 1835/1835/1835 1836/1836/1836
f 1837/1837/1837 1838/1838/1838 1839/1839/1839
f 1840/1840/1840 1841/1841/1841 1842/1842/1842
f 1843/1843/1843 1844/1844/1844 1845/1845/1845
f 1846/1846/1846 1847/1847/1847 1848/1848/1848
f 1849/1849/1849 1850/1850/1850 1851/1851/1851
f 1852/1852/1852 1853/1853/1853 1854/1854/1854
f 1855/1855/1855 1856/1856/1856 1857/1857/1857
f 1858/1858/1858 1859/1859/1859 1860/1860/1860
f 1861/1861/1861 1862/1862/1862 1863/1863/1863
f 1864/1864/1864 1865/1865/1865 1866/1866/1866
f 1867/1867/1867 1868/1868/1868 1869/1869/1869
f 1870/1870/1870 1871/1871/1871 1872/1872/1872
f 1873/1873/1873 1874/1874/1874 1875/1875/1875
f 1876/1876/1876 1877/1877/1877 1878/1878/1878
f 1879/1879/1879 1880/1880/1880 1881/1881/1881
f 1882/1882/1882 1883/1883/1883 1884/1884/1884
f 1885/1885/1885 1886/1886/1886 1887/1887/1887
f 1888/1888/1888 1889/1889/1889 1890/1890/1890
f 1891/1891/1891 1892/1892/1892 1893/1893/1893
f 1894/1894/1894 1895/1895/1895 1896/1896/1896
f 1897/1897/1897 1898/1898/1898 1899/1899/1899
f 1900/1900/1900 1901/1901/1901 1902/1902/1902
f 1903/1903/1903 1904/1904/1904 1905/1905/1905
f 1906/1906/1906 1907/1907/1907 1908/1908/1908
f 1909/1909/1909 1910/1910/1910 1911/1911/1911
f 1912/1912/1912 1913/1913/1913 1914/1914/1914
f 1915/1915/1915 1916/1916/1916 1917/1917/1917
f 1918/1918/1918 1919/1919/1919 1920/1920/1920
f 1921/1921/1921 1922/1922/1922 1923/1923/1923
f 1924/1924/1924 1925/1925/1925 1926/1926/1926
f 1927/1927/1927 1928/1928/1928 1929/1929/1929
f 1930/1930/1930 1931/1931/1931 1932/1932/1932
f 1933/1933/1933 1934/1934/1934 1935/1935/1935
f 1936/1936/1936 1937/1937/1937 1938/1938/1938
f 1939/1939/1939 1940/1940/1940 1941/1941/1941
f 1942/1942/1942 1943/1943/1943 1944/1944/1944
f 1945/1945/1945 1946/1946/1946 1947/1947/1947
f 1948/1948/1948 1949/1949/1949 1950/1950/1950
f 1951/1951/1951 1952/1952/1952 1953/1953/1953
f 1954/1954/1954 1955/1955/1955 1956/1956/1956
f 1957/1957/1957 1958/1958/1958 1959/1959/1959
f 1960/1960/1960 1961/1961/1961 1962/1962/1962
f 1963/1963/1963 1964/1964/1964 1965/1965/1965
f 1966/1966/1966 1967/1967/1967 1968/1968/1968
f 1969/1969/1969 1970/1970/1970 1971/1971/1971
f 1972/1972/1972 1973/1973/1973 1974/1974/1974
f 1975/1975/1975 1976/1976/1976 1977/1977/1977
f 1978/1978/1978 1979/1979/1979 1980/1980/1980
f 1981/1981/1981 1982/1982/1982 1983/1983/1983
f 1984/1984/1984 1985/1985/1985 1986/1986/1986
f 1987/1987/1987 1988/1988/1988 1989/1989/1989
f 1990/1990/1990 1991/1991/1991 1992/1992/1992
f 1993/1993/1993 1994/1994/1994 1995/1995/1995
f 1996/1996/1996 1997/1997/1997 1998/1998/1998
f 1999/1999/1999 2000/2000/2000 2001/2001/2001
f 2002/2002/2002 2003/2003/2003 2004/2004/2004
f 2005/2005/2005 2006/2006/2006 2007/2007/2007
f 2008/2008/2008 2009/2009/2009 2010/2010/2010
f 2011/2011/2011 2012/2012/2012 2013/2013/2013
f 2014/2014/2014 2015/2015/2015 2016/2016/2016
f 2017/2017/2017 2018/2018/2018 2019/2019/2019
f 2020/2020/2020 2021/2021/2021 2022/2022/2022
f 2023/2023/2023 2024/2024/2024 2025/2025/2025
f 2026/2026/2026 2027/2027/2027 2028/2028/2028
f 2029/2029/2029 2030/2030/2030 2031/2031/2031
f 2032/2032/2032 2033/2033/2033 2034/2034/2034
f 2035/2035/2035 2036/2036/2036 2037/2037/2037
f 2038/2038/2038 2039/2039/2039 2040/2040/2040
f 2041/2041/2041 2042/2042/2042 2043/2043/2043
f 2044/2044/2044 2045/2045/2045 2046/2046/2046
f 2047/2047/2047 2048/2048/2048 2049/2049/2049
f 2050/2050/2050 2051/2051/2051 2052/2052/2052
f 2053/2053/2053 2054/2054/2054 2055/2055/2055
f 2056/2056/2056 2057/2057/2057 2058/2058/2058
f 2059/2059/2059 2060/2060/2060 2061/2061/2061
f 2062/2062/2062 2063/2063/2063 2064/2064/2064
f 2065/2065/2065 2066/2066/2066 2067/2067/2067
f 2068/2068/2068 2069/2069/2069 2070/2070/2070
f 2071/2071/2071 2072/2072/2072 2073/2073/2073
f 2074/2074/2074 2075/2075/2075 2076/2076/2076
f 2077/2077/2077 2078/2078/2078 2079/2079/2079
f 2080/2080/2080 2081/2081/2081 2082/2082/2082
f 2083/2083/2083 2084/2084/2084 2085/2085/2085
f 2086/2086/2086 2087/2087/2087 2088/2088/2088
f 2089/2089/2089 2090/2090/2090 2091/2091/2091
f 2092/2092/2092 2093/2093/2093 2094/2094/2094
f 2095/2095/2095 2096/2096/2096 2097/2097/2097
f 2098/2098/2098 2099/2099/2099 2100/2100/2100
f 2101/2101/2101 2102/2102/2102 2103/2103/2103
f 2104/2104/2104 2105/2105/2105 2106/2106/2106
f 2107/2107/2107 2108/2108/2108 2109/2109/2109
f 2110/2110/2110 2111/2111/2111 2112/2112/2112
f 2113/2113/2113 2114/2114/2114 2115/2115/2115
f 2116/2116/2116 2117/2117/2117 2118/2118/2118
f 2119/2119/2119 2120/2120/2120 2121/2121/2121
f 2122/2122/2122 2123/2123/2123 2124/2124/2124
f 2125/2125/2125 2126/2126/2126 2127/2127/2127
f 2128/2128/2128 2129/2129/2129 2130/2130/2130
f 2131/2131/2131 2132/2132/2132 2133/2133/2133
f 2134/2134/2134 2135/2135/2135 2136/2136/2136
f 2137/2137/2137 2138/2138/2138 2139/2139/2139
f 2140/2140/2140 2141/2141/2141 2142/2142/2142
f 2143/2143/2143 2144/2144/2144 2145/2145/2145
f 2146/2146/2146 2147/2147/2147 2148/2148/2148
f 2149/2149/2149 2150/2150/2150 2151/2151/2151
f 2152/2152/2152 2153/2153/2153 2154/2154/2154
f 2155/2155/2155 2156/2156/2156 2157/2157/2157
f 2158/2158/2158 2159/2159/2159 2160/2160/2160
f 2161/2161/2161 2162/2162/2162 2163/2163/2163
f 2164/2164/2164 2165/2165/2165 2166/2166/2166
f 2167/2167/2167 2168/2168/2168 2169/2169/2169
f 2170/2170/2170 2171/2171/2171 2172/2172/2172
f 2173/2173/2173 2174/2174/2174 2175/2175/2175
f 2176/2176/2176 2177/2177/2177 2178/2178/2178
f 2179/2179/2179 2180/2180/2180 2181/2181/2181
f 2182/2182/2182 2183/2183/2183 2184/2184/2184
f 2185/2185/2185 2186/2186/2186 2187/2187/2187
f 2188/2188/2188 2189/2189/2189 2190/2190/2190
f 2191/2191/2191 2192/2192/2192 2193/2193/2193
f 2194/2194/2194 2195/2195/2195 2196/2196/2196
f 2197/2197/2197 2198/2198/2198 2199/2199/2199
f 2200/2200/2200 2201/2201/2201 2202/2202/2202
f 2203/2203/2203 2204/2204/2204 2205/2205/2205
f 2206/2206/2206 2207/2207/2207 2208/2208/2208
f 2209/2209/2209 2210/2210/2210 2211/2211/2211
f 2212/2212/2212 2213/2213/2213 2214/2214/2214
f 2215/2215/2215 2216/2216/2216 2217/2217/2217
f 2218/2218/2218 2219/2219/2219 2220/2220/2220
f 2221/2221/2221 2222/2222/2222 2223/2223/2223
f 2224/2224/2224 2225/2225/2225 2226/2226/2226
f 2227/2227/2227 2228/2228/2228 2229/2229/2229
f 2230/2230/2230 2231/2231/2231 2232/2232/2232
f 2233/2233/2233 2234/2234/2234 2235/2235/2235
f 2236/2236/2236 2237/2237/2237 2238/2238/2238
f 2239/2239/2239 2240/2240/2240 2241/2241/2241
f 2242/2242/2242 2243/2243/2243 2244/2244/2244
f 2245/2245/2245 2246/2246/2246 2247/2247/2247
f 2247/2247/2247 2248/2248/2248 2249/2249/2249
f 2250/2250/2250 2251/2251/2251 2252/2252/2252
f 2253/2253/2253 2254/2254/2254 2255/2255/2255
f 2256/2256/2256 2257/2257/2257 2258/2258/2258
f 2259/2259/2259 2260/2260/2260 2261/2261/2261
f 2262/2262/2262 2263/2263/2263 2264/2264/2264
f 2265/2265/2265 2266/2266/2266 2267/2267/2267
f 2268/2268/2268 2269/2269/2269 2270/2270/2270
f 2271/2271/2271 2272/2272/2272 2273/2273/2273
f 2274/2274/2274 2275/2275/2275 2276/2276/2276
f 2277/2277/2277 2278/2278/2278 2279/2279/2279
f 2280/2280/2280 2281/2281/2281 2282/2282/2282
f 2283/2283/2283 2284/2284/2284 2285/2285/2285
f 2286/2286/2286 2287/2287/2287 2288/2288/2288
f 2289/2289/2289 2290/2290/2290 2291/2291/2291
f 2292/2292/2292 2293/2293/2293 2294/2294/2294
f 2295/2295/2295 2296/2296/2296 2297/2297/2297
f 2298/2298/2298 2299/2299/2299 2300/2300/2300
f 2301/2301/2301 2302/2302/2302 2303/2303/2303
f 2304/2304/2304 2305/2305/2305 2306/2306/2306
f 2307/2307/2307 2308/2308/2308 2309/2309/2309
f 2310/2310/2310 2311/2311/2311 2312/2312/2312
f 2313/2313/2313 2314/2314/2314 2315/2315/2315
f 2316/2316/2316 2317/2317/2317 2318/2318/2318
f 2319/2319/2319 2320/2320/2320 2321/2321/2321
f 2322/2322/2322 2323/2323/2323 2324/2324/2324
f 2325/2325/2325 2326/2326/2326 2327/2327/2327
f 2328/2328/2328 2329/2329/2329 2330/2330/2330
f 2331/2331/2331 2332/2332/2332 2333/2333/2333
f 2334/2334/2334 2335/2335/2335 2336/2336/2336
f 2337/2337/2337 2338/2338/2338 2339/2339/2339
f 2340/2340/2340 2341/2341/2341 2342/2342/2342
f 2343/2343/2343 2344/2344/2344 2345/2345/2345
f 2346/2346/2346 2347/2347/2347 2348/2348/2348
f 2349/2349/2349 2350/2350/2350 2351/2351/2351
f 2352/2352/2352 2353/2353/2353 2354/2354/2354
f 2355/2355/2355 2356/2356/2356 2357/2357/2357
f 2358/2358/2358 2359/2359/2359 2360/2360/2360
f 2361/2361/2361 2362/2362/2362 2363/2363/2363
f 2364/2364/2364 2365/2365/2365 2366/2366/2366
f 2367/2367/2367 2368/2368/2368 2369/2369/2369
f 2370/2370/2370 2371/2371/2371 2372/2372/2372
f 2373/2373/2373 2374/2374/2374 2375/2375/2375
f 2376/2376/2376 2377/2377/2377 2378/2378/2378
f 2379/2379/2379 2380/2380/2380 2381/2381/2381
f 2382/2382/2382 2383/2383/2383 2384/2384/2384
f 2385/2385/2385 2386/2386/2386 2387/2387/2387
f 2388/2388/2388 2389/2389/2389 2390/2390/2390
f 2391/2391/2391 2392/2392/2392 2393/2393/2393
f 2394/2394/2394 2395/2395/2395 2396/2396/2396
f 2397/2397/2397 2398/2398/2398 2399/2399/2399
f 2400/2400/2400 2401/2401/2401 2402/2402/2402
f 2403/2403/2403 2404/2404/2404 2405/2405/2405
f 2406/2406/2406 2407/2407/2407 2408/2408/2408
f 2409/2409/2409 2410/2410/2410 2411/2411/2411
f 2412/2412/2412 2413/2413/2413 2414/2414/2414
f 2415/2415/2415 2416/2416/2416 2417/2417/2417
f 2418/2418/2418 2419/2419/2419 2420/2420/2420
f 2421/2421/2421 2422/2422/2422 2423/2423/2423
f 2424/2424/2424 2425/2425/2425 2426/2426/2426
f 2427/2427/2427 2428/2428/2428 2429/2429/2429
f 2430/2430/2430 2431/2431/2431 2432/2432/2432
f 2433/2433/2433 2434/2434/2434 2435/2435/2435
f 2436/2436/2436 2437/2437/2437 2438/2438/2438
f 2439/2439/2439 2440/2440/2440 2441/2441/2441
f 2442/2442/2442 2443/2443/2443 2444/2444/2444
f 2445/2445/2445 2446/2446/2446 2447/2447/2447
f 2448/2448/2448 2449/2449/2449 2450/2450/2450
f 2451/2451/2451 2452/2452/2452 2453/2453/2453
f 2454/2454/2454 2455/2455/2455 2456/2456/2456
f 2457/2457/2457 2458/2458/2458 2459/2459/2459
f 2460/2460/2460 2461/2461/2461 2462/2462/2462
f 2463/2463/2463 2464/2464/2464 2465/2465/2465
f 2466/2466/2466 2467/2467/2467 2468/2468/2468
f 2469/2469/2469 2470/2470/2470 2471/2471/2471
f 2472/2472/2472 2473/2473/2473 2474/2474/2474
f 2475/2475/2475 2476/2476/2476 2477/2477/2477
f 2478/2478/2478 2479/2479/2479 2480/2480/2480
f 2481/2481/2481 2482/2482/2482 2483/2483/2483
f 2484/2484/2484 2485/2485/2485 2486/2486/2486
f 2487/2487/2487 2488/2488/2488 2489/2489/2489
f 2490/2490/2490 2491/2491/2491 2492/2492/2492
f 2493/2493/2493 2494/2494/2494 2495/2495/2495
f 2496/2496/2496 2497/2497/2497 2498/2498/2498
f 2499/2499/2499 2500/2500/2500 2501/2501/2501
f 2502/2502/2502 2503/2503/2503 2504/2504/2504
f 2505/2505/2505 2506/2506/2506 2507/2507/2507
f 2508/2508/2508 2509/2509/2509 2510/2510/2510
f 2511/2511/2511 2512/2512/2512 2513/2513/2513
f 2514/2514/2514 2515/2515/2515 2516/2516/2516
f 2517/2517/2517 2518/2518/2518 2519/2519/2519
f 2520/2520/2520 2521/2521/2521 2522/2522/2522
f 2523/2523/2523 2524/2524/2524 2525/2525/2525
f 2526/2526/2526 2527/2527/2527 2528/2528/2528
f 2529/2529/2529 2530/2530/2530 2531/2531/2531
f 2532/2532/2532 2533/2533/2533 2534/2534/2534
f 2535/2535/2535 2536/2536/2536 2537/2537/2537
f 2538/2538/2538 2539/2539/2539 2540/2540/2540
f 2541/2541/2541 2542/2542/2542 2543/2543/2543
f 2544/2544/2544 2545/2545/2545 2546/2546/2546
f 2547/2547/2547 2548/2548/2548 2549/2549/2549
f 2550/2550/2550 2551/2551/2551 2552/2552/2552
f 2553/2553/2553 2554/2554/2554 2555/2555/2555
f 2556/2556/2556 2557/2557/2557 2558/2558/2558
f 2559/2559/2559 2560/2560/2560 2561/2561/2561
f 2562/2562/2562 2563/2563/2563 2564/2564/2564
f 2565/2565/2565 2566/2566/2566 2567/2567/2567
f 2568/2568/2568 2569/2569/2569 2570/2570/2570
f 2571/2571/2571 2572/2572/2572 2573/2573/2573
f 2574/2574/2574 2575/2575/2575 2576/2576/2576
f 2577/2577/2577 2578/2578/2578 2579/2579/2579
f 2580/2580/2580 2581/2581/2581 2582/2582/2582
f 2583/2583/2583 2584/2584/2584 2585/2585/2585
f 2586/2586/2586 2587/2587/2587 2588/2588/2588
f 2589/2589/2589 2590/2590/2590 2591/2591/2591
f 2592/2592/2592 2593/2593/2593 2594/2594/2594
f 2595/2595/2595 2596/2596/2596 2597/2597/2597
f 2596/2596/2596 2598/2598/2598 2599/2599/2599
f 2598/2598/2598 2596/2596/2596 2600/2600/2600
f 2601/2601/2601 2602/2602/2602 2603/2603/2603
f 2604/2604/2604 2605/2605/2605 2606/2606/2606
f 2607/2607/2607 2608/2608/2608 2609/2609/2609
f 2610/2610/2610 2611/2611/2611 2612/2612/2612
f 2613/2613/2613 2614/2614/2614 2615/2615/2615
f 2616/2616/2616 2617/2617/2617 2618/2618/2618
f 2619/2619/2619 2620/2620/2620 2621/2621/2621
f 2622/2622/2622 2623/2623/2623 2624/2624/2624
f 2625/2625/2625 2626/2626/2626 2627/2627/2627
f 2628/2628/2628 2629/2629/2629 2630/2630/2630
f 2631/2631/2631 2632/2632/2632 2633/2633/2633
f 2634/2634/2634 2635/2635/2635 2636/2636/2636
f 2637/2637/2637 2638/2638/2638 2639/2639/2639
f 2640/2640/2640 2641/2641/2641 2642/2642/2642
f 2643/2643/2643 2644/2644/2644 2645/2645/2645
f 2646/2646/2646 2647/2647/2647 2648/2648/2648
f 2649/2649/2649 2650/2650/2650 2651/2651/2651
f 2652/2652/2652 2653/2653/2653 2654/2654/2654
f 2655/2655/2655 2656/2656/2656 2657/2657/2657
f 2658/2658/2658 2659/2659/2659 2660/2660/2660
f 2661/2661/2661 2662/2662/2662 2663/2663/2663
f 2664/2664/2664 2665/2665/2665 2666/2666/2666
f 2667/2667/2667 2668/2668/2668 2669/2669/2669
f 2670/2670/2670 2671/2671/2671 2672/2672/2672
f 2673/2673/2673 2674/2674/2674 2675/2675/2675
f 2676/2676/2676 2677/2677/2677 2678/2678/2678
f 2679/2679/2679 2680/2680/2680 2681/2681/2681
f 2682/2682/2682 2683/2683/2683 2684/2684/2684
f 2685/2685/2685 2686/2686/2686 2687/2687/2687
f 2688/2688/2688 2689/2689/2689 2690/2690/2690
f 2691/2691/2691 2692/2692/2692 2693/2693/2693
f 2694/2694/2694 2695/2695/2695 2696/2696/2696
f 2697/2697/2697 2698/2698/2698 2699/2699/2699
f 2700/2700/2700 2701/2701/2701 2702/2702/2702
f 2703/2703/2703 2704/2704/2704 2705/2705/2705
f 2706/2706/2706 2707/2707/2707 2708/2708/2708
f 2709/2709/2709 2710/2710/2710 2711/2711/2711
f 2712/2712/2712 2713/2713/2713 2714/2714/2714
f 2715/2715/2715 2716/2716/2716 2717/2717/2717
f 2718/2718/2718 2719/2719/2719 2720/2720/2720
f 2721/2721/2721 2722/2722/2722 2723/2723/2723
f 2724/2724/2724 2725/2725/2725 2726/2726/2726
f 2727/2727/2727 2728/2728/2728 2729/2729/2729
f 2730/2730/2730 2731/2731/2731 2732/2732/2732
f 2733/2733/2733 2734/2734/2734 2735/2735/2735
f 2736/2736/2736 2737/2737/2737 2738/2738/2738
f 2739/2739/2739 2740/2740/2740 2741/2741/2741
f 2742/2742/2742 2743/2743/2743 2744/2744/2744
f 2745/2745/2745 2746/2746/2746 2747/2747/2747
f 2748/2748/2748 2749/2749/2749 2750/2750/2750
f 2751/2751/2751 2752/2752/2752 2753/2753/2753
f 2754/2754/2754 2755/2755/2755 2756/2756/2756
f 2757/2757/2757 2758/2758/2758 2759/2759/2759
f 2760/2760/2760 2761/2761/2761 2762/2762/2762
f 2763/2763/2763 2764/2764/2764 2765/2765/2765
f 2766/2766/2766 2767/2767/2767 2768/2768/2768
f 2769/2769/2769 2770/2770/2770 2771/2771/2771
f 2772/2772/2772 2773/2773/2773 2774/2774/2774
f 2775/2775/2775 2776/2776/2776 2777/2777/2777
f 2778/2778/2778 2779/2779/2779 2780/2780/2780
f 2781/2781/2781 2782/2782/2782 2783/2783/2783
f 2784/2784/2784 2785/2785/2785 2786/2786/2786
f 2787/2787/2787 2788/2788/2788 2789/2789/2789
f 2790/2790/2790 2791/2791/2791 2792/2792/2792
f 2793/2793/2793 2794/2794/2794 2795/2795/2795
f 2796/2796/2796 2797/2797/2797 2798/2798/2798
f 2799/2799/2799 2800/2800/2800 2801/2801/2801
f 2802/2802/2802 2803/2803/2803 2804/2804/2804
f 2805/2805/2805 2806/2806/2806 2807/2807/2807
f 2808/2808/2808 2809/2809/2809 2810/2810/2810
f 2811/2811/2811 2812/2812/2812 2813/2813/2813
f 2814/2814/2814 2815/2815/2815 2816/2816/2816
f 2817/2817/2817 2818/2818/2818 2819/2819/2819
f 2820/2820/2820 2821/2821/2821 2822/2822/2822
f 2823/2823/2823 2824/2824/2824 2825/2825/2825
f 2826/2826/2826 2827/2827/2827 2828/2828/2828
f 2829/2829/2829 2830/2830/2830 2831/2831/2831
f 2832/2832/2832 2833/2833/2833 2834/2834/2834
f 2835/2835/2835 2836/2836/2836 2837/2837/2837
f 2838/2838/2838 2839/2839/2839 2840/2840/2840
f 2841/2841/2841 2842/2842/2842 2843/2843/2843
f 2844/2844/2844 2845/2845/2845 2846/2846/2846
f 2847/2847/2847 2848/2848/2848 2849/2849/2849
f 2850/2850/2850 2851/2851/2851 2852/2852/2852
f 2853/2853/2853 2854/2854/2854 2855/2855/2855
f 2856/2856/2856 2857/2857/2857 2858/2858/2858
f 2859/2859/2859 2860/2860/2860 2861/2861/2861
f 2862/2862/2862 2863/2863/2863 2864/2864/2864
f 2865/2865/2865 2863/2863/2863 2862/2862/2862
f 2866/2866/2866 2867/2867/2867 2868/2868/2868
f 2869/2869/2869 2866/2866/2866 2868/2868/2868
f 2870/2870/2870 2871/2871/2871 2872/2872/2872
f 2871/2871/2871 2870/2870/2870 2873/2873/2873
f 2874/2874/2874 2875/2875/2875 2876/2876/2876
f 2875/2875/2875 2874/2874/2874 2877/2877/2877
f 2878/2878/2878 2879/2879/2879 2880/2880/2880
f 2878/2878/2878 2880/2880/2880 2881/2881/2881
f 2882/2882/2882 2883/2883/2883 2884/2884/2884
f 2882/2882/2882 2884/2884/2884 2885/2885/2885
f 2886/2886/2886 2887/2887/2887 2888/2888/2888
f 2887/2887/2887 2886/2886/2886 2889/2889/2889
f 2890/2890/2890 2891/2891/2891 2892/2892/2892
f 2893/2893/2893 2890/2890/2890 2892/2892/2892
f 2894/2894/2894 2895/2895/2895 2896/2896/2896
f 2894/2894/2894 2896/2896/2896 2897/2897/2897
f 2898/2898/2898 2899/2899/2899 2900/2900/2900
f 2899/2899/2899 2898/2898/2898 2901/2901/2901
f 2902/2902/2902 2903/2903/2903 2904/2904/2904
f 2902/2902/2902 2904/2904/2904 2905/2905/2905
f 2906/2906/2906 2907/2907/2907 2908/2908/2908
f 2906/2906/2906 2908/2908/2908 2909/2909/2909
f 2910/2910/2910 2911/2911/2911 2912/2912/2912
f 2910/2910/2910 2912/2912/2912 2913/2913/2913
f 2914/2914/2914 2915/2915/2915 2916/2916/2916
f 2914/2914/2914 2916/2916/2916 2917/2917/2917
f 2918/2918/2918 2919/2919/2919 2920/2920/2920
f 2918/2918/2918 2920/2920/2920 2921/2921/2921
f 2922/2922/2922 2923/2923/2923 2924/2924/2924
f 2924/2924/2924 2925/2925/2925 2922/2922/2922
f 2924/2924/2924 2926/2926/2926 2925/2925/2925
f 2927/2927/2927 2928/2928/2928 2929/2929/2929
f 2929/2929/2929 2930/2930/2930 2927/2927/2927
f 2929/2929/2929 2931/2931/2931 2930/2930/2930
f 2932/2932/2932 2933/2933/2933 2934/2934/2934
f 2932/2932/2932 2934/2934/2934 2935/2935/2935
f 2936/2936/2936 2937/2937/2937 2938/2938/2938
f 2936/2936/2936 2938/2938/2938 2939/2939/2939
f 2940/2940/2940 2941/2941/2941 2942/2942/2942
f 2940/2940/2940 2942/2942/2942 2943/2943/2943
f 2944/2944/2944 2945/2945/2945 2946/2946/2946
f 2944/2944/2944 2946/2946/2946 2947/2947/2947
f 2948/2948/2948 2949/2949/2949 2950/2950/2950
f 2948/2948/2948 2950/2950/2950 2951/2951/2951
f 2952/2952/2952 2953/2953/2953 2954/2954/2954
f 2952/2952/2952 2954/2954/2954 2955/2955/2955
f 2956/2956/2956 2957/2957/2957 2958/2958/2958
f 2956/2956/2956 2958/2958/2958 2959/2959/2959
f 2960/2960/2960 2961/2961/2961 2962/2962/2962
f 2960/2960/2960 2962/2962/2962 2963/2963/2963
f 2964/2964/2964 2965/2965/2965 2966/2966/2966
f 2964/2964/2964 2966/2966/2966 2967/2967/2967
f 2968/2968/2968 2969/2969/2969 2970/2970/2970
f 2968/2968/2968 2970/2970/2970 2971/2971/2971
f 2972/2972/2972 2973/2973/2973 2974/2974/2974
f 2972/2972/2972 2974/2974/2974 2975/2975/2975
f 2976/2976/2976 2977/2977/2977 2978/2978/2978
f 2976/2976/2976 2978/2978/2978 2979/2979/2979
f 2980/2980/2980 2981/2981/2981 2982/2982/2982
f 2980/2980/2980 2982/2982/2982 2983/2983/2983
f 2984/2984/2984 2985/2985/2985 2986/2986/2986
f 2984/2984/2984 2986/2986/2986 2987/2987/2987
f 2988/2988/2988 2989/2989/2989 2990/2990/2990
f 2988/2988/2988 2990/2990/2990 2991/2991/2991
f 2992/2992/2992 2993/2993/2993 2994/2994/2994
f 2992/2992/2992 2994/2994/2994 2995/2995/2995
f 2996/2996/2996 2997/2997/2997 2998/2998/2998
f 2996/2996/2996 2998/2998/2998 2999/2999/2999
