# Extracted losslessly from Unity Mesh asset: C:/Users/slicc/Documents/Changing My Life/Game/Assets/_Project/Art/Cinematics/Meshes/MSH_CIN_Asteroid_01.asset
o MSH_CIN_Asteroid_01
v 0 0 56.9909334
v 0 12.4536239 54.5628905
v 0 0 56.9909334
v 0 0 56.9909334
v 0 12.4536239 54.5628905
v 4.17958423 11.4833124 53.5405695
v 0 0 56.9909334
v 4.17958423 11.4833124 53.5405695
v 0 0 56.9909334
v 0 0 56.9909334
v 4.17958423 11.4833124 53.5405695
v 7.74841607 9.23420265 52.8137565
v 0 0 56.9909334
v 7.74841607 9.23420265 52.8137565
v 0 0 56.9909334
v 0 0 56.9909334
v 7.74841607 9.23420265 52.8137565
v 10.3803344 5.99308796 52.5148749
v 0 0 56.9909334
v 10.3803344 5.99308796 52.5148749
v 0 0 56.9909334
v 0 0 56.9909334
v 10.3803344 5.99308796 52.5148749
v 11.8402824 2.08776034 52.6759326
v 0 0 56.9909334
v 11.8402824 2.08776034 52.6759326
v 0 -0 56.9909334
v 0 -0 56.9909334
v 11.8402824 2.08776034 52.6759326
v 11.9640477 -2.10958458 53.2265484
v 0 -0 56.9909334
v 11.9640477 -2.10958458 53.2265484
v 0 -0 56.9909334
v 0 -0 56.9909334
v 11.9640477 -2.10958458 53.2265484
v 10.6790796 -6.16557039 54.026252
v 0 -0 56.9909334
v 10.6790796 -6.16557039 54.026252
v 0 -0 56.9909334
v 0 -0 56.9909334
v 10.6790796 -6.16557039 54.026252
v 8.05685967 -9.60179195 54.9161315
v 0 -0 56.9909334
v 8.05685967 -9.60179195 54.9161315
v 0 -0 56.9909334
v 0 -0 56.9909334
v 8.05685967 -9.60179195 54.9161315
v 4.35340069 -11.960876 55.7671905
v 0 -0 56.9909334
v 4.35340069 -11.960876 55.7671905
v -0 -0 56.9909334
v -0 -0 56.9909334
v 4.35340069 -11.960876 55.7671905
v -1.12750342e-06 -12.8971368 56.5060437
v -0 -0 56.9909334
v -1.12750342e-06 -12.8971368 56.5060437
v -0 -0 56.9909334
v -0 -0 56.9909334
v -1.12750342e-06 -12.8971368 56.5060437
v -4.4582352 -12.2488998 57.110095
v -0 -0 56.9909334
v -4.4582352 -12.2488998 57.110095
v -0 -0 56.9909334
v -0 -0 56.9909334
v -4.4582352 -12.2488998 57.110095
v -8.4471792 -10.0669526 57.5765669
v -0 -0 56.9909334
v -8.4471792 -10.0669526 57.5765669
v -0 -0 56.9909334
v -0 -0 56.9909334
v -8.4471792 -10.0669526 57.5765669
v -11.4398368 -6.60479069 57.8749716
v -0 -0 56.9909334
v -11.4398368 -6.60479069 57.8749716
v -0 -0 56.9909334
v -0 -0 56.9909334
v -11.4398368 -6.60479069 57.8749716
v -13.035436 -2.29849853 57.9930186
v -0 -0 56.9909334
v -13.035436 -2.29849853 57.9930186
v -0 0 56.9909334
v -0 0 56.9909334
v -13.035436 -2.29849853 57.9930186
v -13.0105928 2.29411814 57.8824997
v -0 0 56.9909334
v -13.0105928 2.29411814 57.8824997
v -0 0 56.9909334
v -0 0 56.9909334
v -13.0105928 2.29411814 57.8824997
v -11.3591082 6.55818284 57.4665606
v -0 0 56.9909334
v -11.3591082 6.55818284 57.4665606
v -0 0 56.9909334
v -0 0 56.9909334
v -11.3591082 6.55818284 57.4665606
v -8.31921771 9.91446301 56.704402
v -0 0 56.9909334
v -8.31921771 9.91446301 56.704402
v -0 0 56.9909334
v -0 0 56.9909334
v -8.31921771 9.91446301 56.704402
v -4.346966 11.9431995 55.6847751
v -0 0 56.9909334
v -4.346966 11.9431995 55.6847751
v 0 0 56.9909334
v 0 0 56.9909334
v -4.346966 11.9431995 55.6847751
v 2.17746052e-06 12.4536231 54.5628846
v 0 12.4536239 54.5628905
v 0 23.9016235 49.6322304
v 4.17958423 11.4833124 53.5405695
v 4.17958423 11.4833124 53.5405695
v 0 23.9016235 49.6322304
v 7.83076882 21.5148628 47.5432783
v 4.17958423 11.4833124 53.5405695
v 7.83076882 21.5148628 47.5432783
v 7.74841607 9.23420265 52.8137565
v 7.74841607 9.23420265 52.8137565
v 7.83076882 21.5148628 47.5432783
v 14.2686263 17.0046866 46.0947067
v 7.74841607 9.23420265 52.8137565
v 14.2686263 17.0046866 46.0947067
v 10.3803344 5.99308796 52.5148749
v 10.3803344 5.99308796 52.5148749
v 14.2686263 17.0046866 46.0947067
v 19.0254763 10.9843619 45.6185251
v 10.3803344 5.99308796 52.5148749
v 19.0254763 10.9843619 45.6185251
v 11.8402824 2.08776034 52.6759326
v 11.8402824 2.08776034 52.6759326
v 19.0254763 10.9843619 45.6185251
v 21.8951821 3.86070982 46.1671919
v 11.8402824 2.08776034 52.6759326
v 21.8951821 3.86070982 46.1671919
v 11.9640477 -2.10958458 53.2265484
v 11.9640477 -2.10958458 53.2265484
v 21.8951821 3.86070982 46.1671919
v 22.5158945 -3.97015996 47.4759996
v 11.9640477 -2.10958458 53.2265484
v 22.5158945 -3.97015996 47.4759996
v 10.6790796 -6.16557039 54.026252
v 10.6790796 -6.16557039 54.026252
v 22.5158945 -3.97015996 47.4759996
v 20.4880536 -11.8287846 49.1254389
v 10.6790796 -6.16557039 54.026252
v 20.4880536 -11.8287846 49.1254389
v 8.05685967 -9.60179195 54.9161315
v 8.05685967 -9.60179195 54.9161315
v 20.4880536 -11.8287846 49.1254389
v 15.7031551 -18.7142909 50.728941
v 8.05685967 -9.60179195 54.9161315
v 15.7031551 -18.7142909 50.728941
v 4.35340069 -11.960876 55.7671905
v 4.35340069 -11.960876 55.7671905
v 15.7031551 -18.7142909 50.728941
v 8.56345221 -23.5279009 51.9916654
v 4.35340069 -11.960876 55.7671905
v 8.56345221 -23.5279009 51.9916654
v -1.12750342e-06 -12.8971368 56.5060437
v -1.12750342e-06 -12.8971368 56.5060437
v 8.56345221 -23.5279009 51.9916654
v -2.2257769e-06 -25.4599214 52.8680682
v -1.12750342e-06 -12.8971368 56.5060437
v -2.2257769e-06 -25.4599214 52.8680682
v -4.4582352 -12.2488998 57.110095
v -4.4582352 -12.2488998 57.110095
v -2.2257769e-06 -25.4599214 52.8680682
v -8.80285501 -24.1856456 53.4451425
v -4.4582352 -12.2488998 57.110095
v -8.80285501 -24.1856456 53.4451425
v -8.4471792 -10.0669526 57.5765669
v -8.4471792 -10.0669526 57.5765669
v -8.80285501 -24.1856456 53.4451425
v -16.6396439 -19.8303476 53.7542522
v -8.4471792 -10.0669526 57.5765669
v -16.6396439 -19.8303476 53.7542522
v -11.4398368 -6.60479069 57.8749716
v -11.4398368 -6.60479069 57.8749716
v -16.6396439 -19.8303476 53.7542522
v -22.5411251 -13.0141214 54.0482104
v -11.4398368 -6.60479069 57.8749716
v -22.5411251 -13.0141214 54.0482104
v -13.035436 -2.29849853 57.9930186
v -13.035436 -2.29849853 57.9930186
v -22.5411251 -13.0141214 54.0482104
v -25.8117914 -4.55131382 54.4255793
v -13.035436 -2.29849853 57.9930186
v -25.8117914 -4.55131382 54.4255793
v -13.0105928 2.29411814 57.8824997
v -13.0105928 2.29411814 57.8824997
v -25.8117914 -4.55131382 54.4255793
v -25.9521157 4.57605757 54.7214627
v -13.0105928 2.29411814 57.8824997
v -25.9521157 4.57605757 54.7214627
v -11.3591082 6.55818284 57.4665606
v -11.3591082 6.55818284 57.4665606
v -25.9521157 4.57605757 54.7214627
v -22.7642998 13.1429702 54.583329
v -11.3591082 6.55818284 57.4665606
v -22.7642998 13.1429702 54.583329
v -8.31921771 9.91446301 56.704402
v -8.31921771 9.91446301 56.704402
v -22.7642998 13.1429702 54.583329
v -16.6110083 19.7962373 53.6617696
v -8.31921771 9.91446301 56.704402
v -16.6110083 19.7962373 53.6617696
v -4.346966 11.9431995 55.6847751
v -4.346966 11.9431995 55.6847751
v -16.6110083 19.7962373 53.6617696
v -8.54084268 23.4657899 51.8544137
v -4.346966 11.9431995 55.6847751
v -8.54084268 23.4657899 51.8544137
v 2.17746052e-06 12.4536231 54.5628846
v 2.17746052e-06 12.4536231 54.5628846
v -8.54084268 23.4657899 51.8544137
v 4.17909263e-06 23.9016235 49.6322304
v 0 23.9016235 49.6322304
v 0 33.9986265 42.6329255
v 7.83076882 21.5148628 47.5432783
v 7.83076882 21.5148628 47.5432783
v 0 33.9986265 42.6329255
v 10.8694151 29.8634708 39.8509085
v 7.83076882 21.5148628 47.5432783
v 10.8694151 29.8634708 39.8509085
v 14.2686263 17.0046866 46.0947067
v 14.2686263 17.0046866 46.0947067
v 10.8694151 29.8634708 39.8509085
v 19.4747627 23.2091174 37.9916728
v 14.2686263 17.0046866 46.0947067
v 19.4747627 23.2091174 37.9916728
v 19.0254763 10.9843619 45.6185251
v 19.0254763 10.9843619 45.6185251
v 19.4747627 23.2091174 37.9916728
v 26.0294139 15.0280878 37.6892507
v 19.0254763 10.9843619 45.6185251
v 26.0294139 15.0280878 37.6892507
v 21.8951821 3.86070982 46.1671919
v 21.8951821 3.86070982 46.1671919
v 26.0294139 15.0280878 37.6892507
v 30.401811 5.36065698 38.7107611
v 21.8951821 3.86070982 46.1671919
v 30.401811 5.36065698 38.7107611
v 22.5158945 -3.97015996 47.4759996
v 22.5158945 -3.97015996 47.4759996
v 30.401811 5.36065698 38.7107611
v 31.6532999 -5.58133163 40.3042912
v 22.5158945 -3.97015996 47.4759996
v 31.6532999 -5.58133163 40.3042912
v 20.4880536 -11.8287846 49.1254389
v 20.4880536 -11.8287846 49.1254389
v 31.6532999 -5.58133163 40.3042912
v 29.1114181 -16.8074861 42.1518326
v 20.4880536 -11.8287846 49.1254389
v 29.1114181 -16.8074861 42.1518326
v 15.7031551 -18.7142909 50.728941
v 15.7031551 -18.7142909 50.728941
v 29.1114181 -16.8074861 42.1518326
v 22.5435883 -26.8664032 43.9783871
v 15.7031551 -18.7142909 50.728941
v 22.5435883 -26.8664032 43.9783871
v 8.56345221 -23.5279009 51.9916654
v 8.56345221 -23.5279009 51.9916654
v 22.5435883 -26.8664032 43.9783871
v 12.3991974 -34.0665311 45.4596221
v 8.56345221 -23.5279009 51.9916654
v 12.3991974 -34.0665311 45.4596221
v -2.2257769e-06 -25.4599214 52.8680682
v -2.2257769e-06 -25.4599214 52.8680682
v 12.3991974 -34.0665311 45.4596221
v -3.21626885e-06 -36.7898285 46.1329788
v -2.2257769e-06 -25.4599214 52.8680682
v -3.21626885e-06 -36.7898285 46.1329788
v -8.80285501 -24.1856456 53.4451425
v -8.80285501 -24.1856456 53.4451425
v -3.21626885e-06 -36.7898285 46.1329788
v -12.5549495 -34.4944388 46.0306376
v -8.80285501 -24.1856456 53.4451425
v -12.5549495 -34.4944388 46.0306376
v -16.6396439 -19.8303476 53.7542522
v -16.6396439 -19.8303476 53.7542522
v -12.5549495 -34.4944388 46.0306376
v -23.4300762 -27.9228687 45.7077503
v -16.6396439 -19.8303476 53.7542522
v -23.4300762 -27.9228687 45.7077503
v -22.5411251 -13.0141214 54.0482104
v -22.5411251 -13.0141214 54.0482104
v -23.4300762 -27.9228687 45.7077503
v -31.6080898 -18.248935 45.7668841
v -22.5411251 -13.0141214 54.0482104
v -31.6080898 -18.248935 45.7668841
v -25.8117914 -4.55131382 54.4255793
v -25.8117914 -4.55131382 54.4255793
v -31.6080898 -18.248935 45.7668841
v -36.455664 -6.42811507 46.4191586
v -25.8117914 -4.55131382 54.4255793
v -36.455664 -6.42811507 46.4191586
v -25.9521157 4.57605757 54.7214627
v -25.9521157 4.57605757 54.7214627
v -36.455664 -6.42811507 46.4191586
v -37.2156888 6.56212941 47.3869085
v -25.9521157 4.57605757 54.7214627
v -37.2156888 6.56212941 47.3869085
v -22.7642998 13.1429702 54.583329
v -22.7642998 13.1429702 54.583329
v -37.2156888 6.56212941 47.3869085
v -33.1404477 19.1336423 47.985658
v -22.7642998 13.1429702 54.583329
v -33.1404477 19.1336423 47.985658
v -16.6110083 19.7962373 53.6617696
v -16.6110083 19.7962373 53.6617696
v -33.1404477 19.1336423 47.985658
v -24.342218 29.0099412 47.4871963
v -16.6110083 19.7962373 53.6617696
v -24.342218 29.0099412 47.4871963
v -8.54084268 23.4657899 51.8544137
v -8.54084268 23.4657899 51.8544137
v -24.342218 29.0099412 47.4871963
v -12.4143407 34.108147 45.5151558
v -8.54084268 23.4657899 51.8544137
v -12.4143407 34.108147 45.5151558
v 4.17909263e-06 23.9016235 49.6322304
v 4.17909263e-06 23.9016235 49.6322304
v -12.4143407 34.108147 45.5151558
v 5.94450889e-06 33.9986265 42.6329255
v 0 33.9986265 42.6329255
v 0 42.5335288 33.9193553
v 10.8694151 29.8634708 39.8509085
v 10.8694151 29.8634708 39.8509085
v 0 42.5335288 33.9193553
v 13.3388892 36.6482943 31.1016977
v 10.8694151 29.8634708 39.8509085
v 13.3388892 36.6482943 31.1016977
v 19.4747627 23.2091174 37.9916728
v 19.4747627 23.2091174 37.9916728
v 13.3388892 36.6482943 31.1016977
v 23.7487599 28.3026695 29.4638574
v 19.4747627 23.2091174 37.9916728
v 23.7487599 28.3026695 29.4638574
v 26.0294139 15.0280878 37.6892507
v 26.0294139 15.0280878 37.6892507
v 23.7487599 28.3026695 29.4638574
v 32.0410609 18.4989125 29.504782
v 26.0294139 15.0280878 37.6892507
v 32.0410609 18.4989125 29.504782
v 30.401811 5.36065698 38.7107611
v 30.401811 5.36065698 38.7107611
v 32.0410609 18.4989125 29.504782
v 37.5899285 6.62811548 30.4394096
v 30.401811 5.36065698 38.7107611
v 37.5899285 6.62811548 30.4394096
v 31.6532999 -5.58133163 40.3042912
v 31.6532999 -5.58133163 40.3042912
v 37.5899285 6.62811548 30.4394096
v 39.2769933 -6.92559406 31.805554
v 31.6532999 -5.58133163 40.3042912
v 39.2769933 -6.92559406 31.805554
v 29.1114181 -16.8074861 42.1518326
v 29.1114181 -16.8074861 42.1518326
v 39.2769933 -6.92559406 31.805554
v 36.2140745 -20.9082097 33.3474755
v 29.1114181 -16.8074861 42.1518326
v 36.2140745 -20.9082097 33.3474755
v 22.5435883 -26.8664032 43.9783871
v 22.5435883 -26.8664032 43.9783871
v 36.2140745 -20.9082097 33.3474755
v 28.0609697 -33.4417582 34.8137915
v 22.5435883 -26.8664032 43.9783871
v 28.0609697 -33.4417582 34.8137915
v 12.3991974 -34.0665311 45.4596221
v 12.3991974 -34.0665311 45.4596221
v 28.0609697 -33.4417582 34.8137915
v 15.4338032 -42.4040437 35.9863371
v 12.3991974 -34.0665311 45.4596221
v 15.4338032 -42.4040437 35.9863371
v -3.21626885e-06 -36.7898285 46.1329788
v -3.21626885e-06 -36.7898285 46.1329788
v 15.4338032 -42.4040437 35.9863371
v -3.98543527e-06 -45.5880642 36.355269
v -3.21626885e-06 -36.7898285 46.1329788
v -3.98543527e-06 -45.5880642 36.355269
v -12.5549495 -34.4944388 46.0306376
v -12.5549495 -34.4944388 46.0306376
v -3.98543527e-06 -45.5880642 36.355269
v -15.2203172 -41.8174773 35.4885429
v -12.5549495 -34.4944388 46.0306376
v -15.2203172 -41.8174773 35.4885429
v -23.4300762 -27.9228687 45.7077503
v -23.4300762 -27.9228687 45.7077503
v -15.2203172 -41.8174773 35.4885429
v -27.8129876 -33.1462145 34.5061272
v -23.4300762 -27.9228687 45.7077503
v -27.8129876 -33.1462145 34.5061272
v -31.6080898 -18.248935 45.7668841
v -31.6080898 -18.248935 45.7668841
v -27.8129876 -33.1462145 34.5061272
v -37.4137998 -21.6008633 34.4522297
v -31.6080898 -18.248935 45.7668841
v -37.4137998 -21.6008633 34.4522297
v -36.455664 -6.42811507 46.4191586
v -36.455664 -6.42811507 46.4191586
v -37.4137998 -21.6008633 34.4522297
v -43.726626 -7.71018267 35.4087591
v -36.455664 -6.42811507 46.4191586
v -43.726626 -7.71018267 35.4087591
v -37.2156888 6.56212941 47.3869085
v -37.2156888 6.56212941 47.3869085
v -43.726626 -7.71018267 35.4087591
v -45.5415487 8.03020298 36.8784398
v -37.2156888 6.56212941 47.3869085
v -45.5415487 8.03020298 36.8784398
v -33.1404477 19.1336423 47.985658
v -33.1404477 19.1336423 47.985658
v -45.5415487 8.03020298 36.8784398
v -41.4223313 23.915188 38.143456
v -33.1404477 19.1336423 47.985658
v -41.4223313 23.915188 38.143456
v -24.342218 29.0099412 47.4871963
v -24.342218 29.0099412 47.4871963
v -41.4223313 23.915188 38.143456
v -30.8821589 36.8039459 38.3139104
v -24.342218 29.0099412 47.4871963
v -30.8821589 36.8039459 38.3139104
v -12.4143407 34.108147 45.5151558
v -12.4143407 34.108147 45.5151558
v -30.8821589 36.8039459 38.3139104
v -15.7651678 43.3144748 36.7589742
v -12.4143407 34.108147 45.5151558
v -15.7651678 43.3144748 36.7589742
v 5.94450889e-06 33.9986265 42.6329255
v 5.94450889e-06 33.9986265 42.6329255
v -15.7651678 43.3144748 36.7589742
v 7.43679891e-06 42.5335288 33.9193553
v 0 42.5335288 33.9193553
v 0 49.1482317 23.668541
v 13.3388892 36.6482943 31.1016977
v 13.3388892 36.6482943 31.1016977
v 0 49.1482317 23.668541
v 15.343228 42.1551704 21.6037259
v 13.3388892 36.6482943 31.1016977
v 15.343228 42.1551704 21.6037259
v 23.7487599 28.3026695 29.4638574
v 23.7487599 28.3026695 29.4638574
v 15.343228 42.1551704 21.6037259
v 27.4936706 32.7656776 20.5981776
v 23.7487599 28.3026695 29.4638574
v 27.4936706 32.7656776 20.5981776
v 32.0410609 18.4989125 29.504782
v 32.0410609 18.4989125 29.504782
v 27.4936706 32.7656776 20.5981776
v 37.3147696 21.5436891 20.749791
v 32.0410609 18.4989125 29.504782
v 37.3147696 21.5436891 20.749791
v 37.5899285 6.62811548 30.4394096
v 37.5899285 6.62811548 30.4394096
v 37.3147696 21.5436891 20.749791
v 43.6588287 7.69822598 21.3493288
v 37.5899285 6.62811548 30.4394096
v 43.6588287 7.69822598 21.3493288
v 39.2769933 -6.92559406 31.805554
v 39.2769933 -6.92559406 31.805554
v 43.6588287 7.69822598 21.3493288
v 45.4139739 -8.00770968 22.2076029
v 39.2769933 -6.92559406 31.805554
v 45.4139739 -8.00770968 22.2076029
v 36.2140745 -20.9082097 33.3474755
v 36.2140745 -20.9082097 33.3474755
v 45.4139739 -8.00770968 22.2076029
v 41.6077912 -24.0222752 23.1370345
v 36.2140745 -20.9082097 33.3474755
v 41.6077912 -24.0222752 23.1370345
v 28.0609697 -33.4417582 34.8137915
v 28.0609697 -33.4417582 34.8137915
v 41.6077912 -24.0222752 23.1370345
v 31.9791913 -38.1113112 23.9587173
v 28.0609697 -33.4417582 34.8137915
v 31.9791913 -38.1113112 23.9587173
v 15.4338032 -42.4040437 35.9863371
v 15.4338032 -42.4040437 35.9863371
v 31.9791913 -38.1113112 23.9587173
v 17.3344254 -47.6259649 24.4074017
v 15.4338032 -42.4040437 35.9863371
v 17.3344254 -47.6259649 24.4074017
v -3.98543527e-06 -45.5880642 36.355269
v -3.98543527e-06 -45.5880642 36.355269
v 17.3344254 -47.6259649 24.4074017
v -4.42537491e-06 -50.620389 24.3774951
v -3.98543527e-06 -45.5880642 36.355269
v -4.42537491e-06 -50.620389 24.3774951
v -15.2203172 -41.8174773 35.4885429
v -15.2203172 -41.8174773 35.4885429
v -4.42537491e-06 -50.620389 24.3774951
v -16.5592611 -45.4961926 23.3159363
v -15.2203172 -41.8174773 35.4885429
v -16.5592611 -45.4961926 23.3159363
v -27.8129876 -33.1462145 34.5061272
v -27.8129876 -33.1462145 34.5061272
v -16.5592611 -45.4961926 23.3159363
v -29.5812041 -35.253495 22.1621484
v -27.8129876 -33.1462145 34.5061272
v -29.5812041 -35.253495 22.1621484
v -37.4137998 -21.6008633 34.4522297
v -37.4137998 -21.6008633 34.4522297
v -29.5812041 -35.253495 22.1621484
v -39.7025794 -22.9222909 22.0775917
v -37.4137998 -21.6008633 34.4522297
v -39.7025794 -22.9222909 22.0775917
v -43.726626 -7.71018267 35.4087591
v -43.726626 -7.71018267 35.4087591
v -39.7025794 -22.9222909 22.0775917
v -47.2846359 -8.33755434 23.1223628
v -43.726626 -7.71018267 35.4087591
v -47.2846359 -8.33755434 23.1223628
v -45.5415487 8.03020298 36.8784398
v -45.5415487 8.03020298 36.8784398
v -47.2846359 -8.33755434 23.1223628
v -50.5627811 8.91558155 24.7253895
v -45.5415487 8.03020298 36.8784398
v -50.5627811 8.91558155 24.7253895
v -41.4223313 23.915188 38.143456
v -41.4223313 23.915188 38.143456
v -50.5627811 8.91558155 24.7253895
v -47.046259 27.1621644 26.1612236
v -41.4223313 23.915188 38.143456
v -47.046259 27.1621644 26.1612236
v -30.8821589 36.8039459 38.3139104
v -30.8821589 36.8039459 38.3139104
v -47.046259 27.1621644 26.1612236
v -35.6212944 42.4518287 26.6873807
v -30.8821589 36.8039459 38.3139104
v -35.6212944 42.4518287 26.6873807
v -15.7651678 43.3144748 36.7589742
v -15.7651678 43.3144748 36.7589742
v -35.6212944 42.4518287 26.6873807
v -18.308489 50.3022015 25.7789224
v -15.7651678 43.3144748 36.7589742
v -18.308489 50.3022015 25.7789224
v 7.43679891e-06 42.5335288 33.9193553
v 7.43679891e-06 42.5335288 33.9193553
v -18.308489 50.3022015 25.7789224
v 8.59334932e-06 49.1482317 23.668541
v 0 49.1482317 23.668541
v 0 52.8574407 12.0643616
v 15.343228 42.1551704 21.6037259
v 15.343228 42.1551704 21.6037259
v 0 52.8574407 12.0643616
v 16.7112172 45.9136933 11.1520484
v 15.343228 42.1551704 21.6037259
v 16.7112172 45.9136933 11.1520484
v 27.4936706 32.7656776 20.5981776
v 27.4936706 32.7656776 20.5981776
v 16.7112172 45.9136933 11.1520484
v 30.6683809 36.5491509 10.8898409
v 27.4936706 32.7656776 20.5981776
v 30.6683809 36.5491509 10.8898409
v 37.3147696 21.5436891 20.749791
v 37.3147696 21.5436891 20.749791
v 30.6683809 36.5491509 10.8898409
v 41.8298513 24.1504744 11.024373
v 37.3147696 21.5436891 20.749791
v 41.8298513 24.1504744 11.024373
v 43.6588287 7.69822598 21.3493288
v 43.6588287 7.69822598 21.3493288
v 41.8298513 24.1504744 11.024373
v 48.5716343 8.56448635 11.2571768
v 43.6588287 7.69822598 21.3493288
v 48.5716343 8.56448635 11.2571768
v 45.4139739 -8.00770968 22.2076029
v 45.4139739 -8.00770968 22.2076029
v 48.5716343 8.56448635 11.2571768
v 49.955529 -8.80850852 11.5779147
v 45.4139739 -8.00770968 22.2076029
v 49.955529 -8.80850852 11.5779147
v 41.6077912 -24.0222752 23.1370345
v 41.6077912 -24.0222752 23.1370345
v 49.955529 -8.80850852 11.5779147
v 45.1424628 -26.0630161 11.8974216
v 41.6077912 -24.0222752 23.1370345
v 45.1424628 -26.0630161 11.8974216
v 31.9791913 -38.1113112 23.9587173
v 31.9791913 -38.1113112 23.9587173
v 45.1424628 -26.0630161 11.8974216
v 34.05554 -40.585807 12.0925657
v 31.9791913 -38.1113112 23.9587173
v 34.05554 -40.585807 12.0925657
v 17.3344254 -47.6259649 24.4074017
v 17.3344254 -47.6259649 24.4074017
v 34.05554 -40.585807 12.0925657
v 18.0425063 -49.5714039 12.0404743
v 17.3344254 -47.6259649 24.4074017
v 18.0425063 -49.5714039 12.0404743
v -4.42537491e-06 -50.620389 24.3774951
v -4.42537491e-06 -50.620389 24.3774951
v 18.0425063 -49.5714039 12.0404743
v -4.52154794e-06 -51.7204821 11.8048586
v -4.42537491e-06 -50.620389 24.3774951
v -4.52154794e-06 -51.7204821 11.8048586
v -16.5592611 -45.4961926 23.3159363
v -16.5592611 -45.4961926 23.3159363
v -4.52154794e-06 -51.7204821 11.8048586
v -16.6738972 -45.8111554 11.1271426
v -16.5592611 -45.4961926 23.3159363
v -16.6738972 -45.8111554 11.1271426
v -29.5812041 -35.253495 22.1621484
v -29.5812041 -35.253495 22.1621484
v -16.6738972 -45.8111554 11.1271426
v -29.2022377 -34.8018587 10.369236
v -29.5812041 -35.253495 22.1621484
v -29.2022377 -34.8018587 10.369236
v -39.7025794 -22.9222909 22.0775917
v -39.7025794 -22.9222909 22.0775917
v -29.2022377 -34.8018587 10.369236
v -39.0879095 -22.5674093 10.3017263
v -39.7025794 -22.9222909 22.0775917
v -39.0879095 -22.5674093 10.3017263
v -47.2846359 -8.33755434 23.1223628
v -47.2846359 -8.33755434 23.1223628
v -39.0879095 -22.5674093 10.3017263
v -47.4903107 -8.37382078 11.0065639
v -47.2846359 -8.33755434 23.1223628
v -47.4903107 -8.37382078 11.0065639
v -50.5627811 8.91558155 24.7253895
v -50.5627811 8.91558155 24.7253895
v -47.4903107 -8.37382078 11.0065639
v -52.3362041 9.22828466 12.1296711
v -50.5627811 8.91558155 24.7253895
v -52.3362041 9.22828466 12.1296711
v -47.046259 27.1621644 26.1612236
v -47.046259 27.1621644 26.1612236
v -52.3362041 9.22828466 12.1296711
v -49.5952219 28.6338091 13.0709574
v -47.046259 27.1621644 26.1612236
v -49.5952219 28.6338091 13.0709574
v -35.6212944 42.4518287 26.6873807
v -35.6212944 42.4518287 26.6873807
v -49.5952219 28.6338091 13.0709574
v -37.8721774 45.1343268 13.4477973
v -35.6212944 42.4518287 26.6873807
v -37.8721774 45.1343268 13.4477973
v -18.308489 50.3022015 25.7789224
v -18.308489 50.3022015 25.7789224
v -37.8721774 45.1343268 13.4477973
v -19.5963845 53.840667 13.0774423
v -18.308489 50.3022015 25.7789224
v -19.5963845 53.840667 13.0774423
v 8.59334932e-06 49.1482317 23.668541
v 8.59334932e-06 49.1482317 23.668541
v -19.5963845 53.840667 13.0774423
v 9.24188797e-06 52.8574407 12.0643616
v 0 52.8574407 12.0643616
v 0 53.3949137 -2.33396573e-06
v 16.7112172 45.9136933 11.1520484
v 16.7112172 45.9136933 11.1520484
v 0 53.3949137 -2.33396573e-06
v 17.3039049 47.5420862 -2.21150049e-06
v 16.7112172 45.9136933 11.1520484
v 17.3039049 47.5420862 -2.21150049e-06
v 30.6683809 36.5491509 10.8898409
v 30.6683809 36.5491509 10.8898409
v 17.3039049 47.5420862 -2.21150049e-06
v 32.588008 38.8368756 -2.21607745e-06
v 30.6683809 36.5491509 10.8898409
v 32.588008 38.8368756 -2.21607745e-06
v 41.8298513 24.1504744 11.024373
v 41.8298513 24.1504744 11.024373
v 32.588008 38.8368756 -2.21607745e-06
v 44.8492885 25.8937448 -2.26370336e-06
v 41.8298513 24.1504744 11.024373
v 44.8492885 25.8937448 -2.26370336e-06
v 48.5716343 8.56448635 11.2571768
v 48.5716343 8.56448635 11.2571768
v 44.8492885 25.8937448 -2.26370336e-06
v 51.8986523 9.15112793 -2.30355823e-06
v 48.5716343 8.56448635 11.2571768
v 51.8986523 9.15112793 -2.30355823e-06
v 49.955529 -8.80850852 11.5779147
v 49.955529 -8.80850852 11.5779147
v 51.8986523 9.15112793 -2.30355823e-06
v 52.5754213 -9.27046686 -2.33359732e-06
v 49.955529 -8.80850852 11.5779147
v 52.5754213 -9.27046686 -2.33359732e-06
v 45.1424628 -26.0630161 11.8974216
v 45.1424628 -26.0630161 11.8974216
v 52.5754213 -9.27046686 -2.33359732e-06
v 46.6495037 -26.9331068 -2.35456667e-06
v 45.1424628 -26.0630161 11.8974216
v 46.6495037 -26.9331068 -2.35456667e-06
v 34.05554 -40.585807 12.0925657
v 34.05554 -40.585807 12.0925657
v 46.6495037 -26.9331068 -2.35456667e-06
v 34.2802078 -40.85356 -2.33115163e-06
v 34.05554 -40.585807 12.0925657
v 34.2802078 -40.85356 -2.33115163e-06
v 18.0425063 -49.5714039 12.0404743
v 18.0425063 -49.5714039 12.0404743
v 34.2802078 -40.85356 -2.33115163e-06
v 17.6874176 -48.595801 -2.26051569e-06
v 18.0425063 -49.5714039 12.0404743
v 17.6874176 -48.595801 -2.26051569e-06
v -4.52154794e-06 -51.7204821 11.8048586
v -4.52154794e-06 -51.7204821 11.8048586
v 17.6874176 -48.595801 -2.26051569e-06
v -4.34176748e-06 -49.6640295 -2.17088374e-06
v -4.52154794e-06 -51.7204821 11.8048586
v -4.34176748e-06 -49.6640295 -2.17088374e-06
v -16.6738972 -45.8111554 11.1271426
v -16.6738972 -45.8111554 11.1271426
v -4.34176748e-06 -49.6640295 -2.17088374e-06
v -15.8696383 -43.6014742 -2.0281961e-06
v -16.6738972 -45.8111554 11.1271426
v -15.8696383 -43.6014742 -2.0281961e-06
v -29.2022377 -34.8018587 10.369236
v -29.2022377 -34.8018587 10.369236
v -15.8696383 -43.6014742 -2.0281961e-06
v -27.5061637 -32.7805549 -1.870497e-06
v -29.2022377 -34.8018587 10.369236
v -27.5061637 -32.7805549 -1.870497e-06
v -39.0879095 -22.5674093 10.3017263
v -39.0879095 -22.5674093 10.3017263
v -27.5061637 -32.7805549 -1.870497e-06
v -36.7207766 -21.2007448 -1.85342834e-06
v -39.0879095 -22.5674093 10.3017263
v -36.7207766 -21.2007448 -1.85342834e-06
v -47.4903107 -8.37382078 11.0065639
v -47.4903107 -8.37382078 11.0065639
v -36.7207766 -21.2007448 -1.85342834e-06
v -45.3639597 -7.99888745 -2.01351131e-06
v -47.4903107 -8.37382078 11.0065639
v -45.3639597 -7.99888745 -2.01351131e-06
v -52.3362041 9.22828466 12.1296711
v -52.3362041 9.22828466 12.1296711
v -45.3639597 -7.99888745 -2.01351131e-06
v -50.9001076 8.97506177 -2.25923742e-06
v -52.3362041 9.22828466 12.1296711
v -50.9001076 8.97506177 -2.25923742e-06
v -49.5952219 28.6338091 13.0709574
v -49.5952219 28.6338091 13.0709574
v -50.9001076 8.97506177 -2.25923742e-06
v -48.7547815 28.1485796 -2.46082745e-06
v -49.5952219 28.6338091 13.0709574
v -48.7547815 28.1485796 -2.46082745e-06
v -37.8721774 45.1343268 13.4477973
v -37.8721774 45.1343268 13.4477973
v -48.7547815 28.1485796 -2.46082745e-06
v -37.4904394 44.6793914 -2.54945753e-06
v -37.8721774 45.1343268 13.4477973
v -37.4904394 44.6793914 -2.54945753e-06
v -19.5963845 53.840667 13.0774423
v -19.5963845 53.840667 13.0774423
v -37.4904394 44.6793914 -2.54945753e-06
v -19.5413068 53.6893368 -2.49745007e-06
v -19.5963845 53.840667 13.0774423
v -19.5413068 53.6893368 -2.49745007e-06
v 9.24188797e-06 52.8574407 12.0643616
v 9.24188797e-06 52.8574407 12.0643616
v -19.5413068 53.6893368 -2.49745007e-06
v 9.33586222e-06 53.3949077 -2.33396555e-06
v 0 53.3949137 -2.33396573e-06
v 0 51.0160923 -11.6440915
v 17.3039049 47.5420862 -2.21150049e-06
v 17.3039049 47.5420862 -2.21150049e-06
v 0 51.0160923 -11.6440915
v 17.0477927 46.8384266 -11.3766626
v 17.3039049 47.5420862 -2.21150049e-06
v 17.0477927 46.8384266 -11.3766626
v 32.588008 38.8368756 -2.21607745e-06
v 32.588008 38.8368756 -2.21607745e-06
v 17.0477927 46.8384266 -11.3766626
v 32.7598363 39.0416473 -11.6324872
v 32.588008 38.8368756 -2.21607745e-06
v 32.7598363 39.0416473 -11.6324872
v 44.8492885 25.8937448 -2.26370336e-06
v 44.8492885 25.8937448 -2.26370336e-06
v 32.7598363 39.0416473 -11.6324872
v 45.3755379 26.1975765 -11.9588532
v 44.8492885 25.8937448 -2.26370336e-06
v 45.3755379 26.1975765 -11.9588532
v 51.8986523 9.15112793 -2.30355823e-06
v 51.8986523 9.15112793 -2.30355823e-06
v 45.3755379 26.1975765 -11.9588532
v 52.6018023 9.27511305 -12.1912308
v 51.8986523 9.15112793 -2.30355823e-06
v 52.6018023 9.27511305 -12.1912308
v 52.5754213 -9.27046686 -2.33359732e-06
v 52.5754213 -9.27046686 -2.33359732e-06
v 52.6018023 9.27511305 -12.1912308
v 52.7892649 -9.30817276 -12.2346789
v 52.5754213 -9.27046686 -2.33359732e-06
v 52.7892649 -9.30817276 -12.2346789
v 46.6495037 -26.9331068 -2.35456667e-06
v 46.6495037 -26.9331068 -2.35456667e-06
v 52.7892649 -9.30817276 -12.2346789
v 45.8548278 -26.4743 -12.0851725
v 46.6495037 -26.9331068 -2.35456667e-06
v 45.8548278 -26.4743 -12.0851725
v 34.2802078 -40.85356 -2.33115163e-06
v 34.2802078 -40.85356 -2.33115163e-06
v 45.8548278 -26.4743 -12.0851725
v 32.8256279 -39.1200572 -11.6558492
v 34.2802078 -40.85356 -2.33115163e-06
v 32.8256279 -39.1200572 -11.6558492
v 17.6874176 -48.595801 -2.26051569e-06
v 17.6874176 -48.595801 -2.26051569e-06
v 32.8256279 -39.1200572 -11.6558492
v 16.5226072 -45.3955114 -11.0261902
v 17.6874176 -48.595801 -2.26051569e-06
v 16.5226072 -45.3955114 -11.0261902
v -4.34176748e-06 -49.6640295 -2.17088374e-06
v -4.34176748e-06 -49.6640295 -2.17088374e-06
v 16.5226072 -45.3955114 -11.0261902
v -3.9905153e-06 -45.6461757 -10.4184426
v -4.34176748e-06 -49.6640295 -2.17088374e-06
v -3.9905153e-06 -45.6461757 -10.4184426
v -15.8696383 -43.6014742 -2.0281961e-06
v -15.8696383 -43.6014742 -2.0281961e-06
v -3.9905153e-06 -45.6461757 -10.4184426
v -14.5502523 -39.9764895 -9.70995501
v -15.8696383 -43.6014742 -2.0281961e-06
v -14.5502523 -39.9764895 -9.70995501
v -27.5061637 -32.7805549 -1.870497e-06
v -27.5061637 -32.7805549 -1.870497e-06
v -14.5502523 -39.9764895 -9.70995501
v -25.3248602 -30.1809788 -8.99244621
v -27.5061637 -32.7805549 -1.870497e-06
v -25.3248602 -30.1809788 -8.99244621
v -36.7207766 -21.2007448 -1.85342834e-06
v -36.7207766 -21.2007448 -1.85342834e-06
v -25.3248602 -30.1809788 -8.99244621
v -33.7494642 -19.4852576 -8.89476836
v -36.7207766 -21.2007448 -1.85342834e-06
v -33.7494642 -19.4852576 -8.89476836
v -45.3639597 -7.99888745 -2.01351131e-06
v -45.3639597 -7.99888745 -2.01351131e-06
v -33.7494642 -19.4852576 -8.89476836
v -41.6784853 -7.34903961 -9.65959355
v -45.3639597 -7.99888745 -2.01351131e-06
v -41.6784853 -7.34903961 -9.65959355
v -50.9001076 8.97506177 -2.25923742e-06
v -50.9001076 8.97506177 -2.25923742e-06
v -41.6784853 -7.34903961 -9.65959355
v -46.7756987 8.24781731 -10.8409479
v -50.9001076 8.97506177 -2.25923742e-06
v -46.7756987 8.24781731 -10.8409479
v -48.7547815 28.1485796 -2.46082745e-06
v -48.7547815 28.1485796 -2.46082745e-06
v -46.7756987 8.24781731 -10.8409479
v -45.0893044 26.0323167 -11.8834153
v -48.7547815 28.1485796 -2.46082745e-06
v -45.0893044 26.0323167 -11.8834153
v -37.4904394 44.6793914 -2.54945753e-06
v -37.4904394 44.6793914 -2.54945753e-06
v -45.0893044 26.0323167 -11.8834153
v -34.8420739 41.5231884 -12.3718612
v -37.4904394 44.6793914 -2.54945753e-06
v -34.8420739 41.5231884 -12.3718612
v -19.5413068 53.6893368 -2.49745007e-06
v -19.5413068 53.6893368 -2.49745007e-06
v -34.8420739 41.5231884 -12.3718612
v -18.3371544 50.3809571 -12.2371122
v -19.5413068 53.6893368 -2.49745007e-06
v -18.3371544 50.3809571 -12.2371122
v 9.33586222e-06 53.3949077 -2.33396555e-06
v 9.33586222e-06 53.3949077 -2.33396555e-06
v -18.3371544 50.3809571 -12.2371122
v 8.91993679e-06 51.0160923 -11.6440915
v 0 51.0160923 -11.6440915
v 0 46.2666184 -22.2808346
v 17.0477927 46.8384266 -11.3766626
v 17.0477927 46.8384266 -11.3766626
v 0 46.2666184 -22.2808346
v 15.9037113 43.6950862 -22.3929077
v 17.0477927 46.8384266 -11.3766626
v 15.9037113 43.6950862 -22.3929077
v 32.7598363 39.0416473 -11.6324872
v 32.7598363 39.0416473 -11.6324872
v 15.9037113 43.6950862 -22.3929077
v 30.9024274 36.8280709 -23.1520131
v 32.7598363 39.0416473 -11.6324872
v 30.9024274 36.8280709 -23.1520131
v 45.3755379 26.1975765 -11.9588532
v 45.3755379 26.1975765 -11.9588532
v 30.9024274 36.8280709 -23.1520131
v 42.9308951 24.7861609 -23.8727793
v 45.3755379 26.1975765 -11.9588532
v 42.9308951 24.7861609 -23.8727793
v 52.6018023 9.27511305 -12.1912308
v 52.6018023 9.27511305 -12.1912308
v 42.9308951 24.7861609 -23.8727793
v 49.7600853 8.77404213 -24.332872
v 52.6018023 9.27511305 -12.1912308
v 49.7600853 8.77404213 -24.332872
v 52.7892649 -9.30817276 -12.2346789
v 52.7892649 -9.30817276 -12.2346789
v 49.7600853 8.77404213 -24.332872
v 49.8203844 -8.78467932 -24.3623585
v 52.7892649 -9.30817276 -12.2346789
v 49.8203844 -8.78467932 -24.3623585
v 45.8548278 -26.4743 -12.0851725
v 45.8548278 -26.4743 -12.0851725
v 49.8203844 -8.78467932 -24.3623585
v 42.6527113 -24.6255592 -23.7180918
v 45.8548278 -26.4743 -12.0851725
v 42.6527113 -24.6255592 -23.7180918
v 32.8256279 -39.1200572 -11.6558492
v 32.8256279 -39.1200572 -11.6558492
v 42.6527113 -24.6255592 -23.7180918
v 29.9311042 -35.670498 -22.4243015
v 32.8256279 -39.1200572 -11.6558492
v 29.9311042 -35.670498 -22.4243015
v 16.5226072 -45.3955114 -11.0261902
v 16.5226072 -45.3955114 -11.0261902
v 29.9311042 -35.670498 -22.4243015
v 14.8547962 -40.8132404 -20.9160134
v 16.5226072 -45.3955114 -11.0261902
v 14.8547962 -40.8132404 -20.9160134
v -3.9905153e-06 -45.6461757 -10.4184426
v -3.9905153e-06 -45.6461757 -10.4184426
v 14.8547962 -40.8132404 -20.9160134
v -3.55722349e-06 -40.6898946 -19.5952252
v -3.9905153e-06 -45.6461757 -10.4184426
v -3.55722349e-06 -40.6898946 -19.5952252
v -14.5502523 -39.9764895 -9.70995501
v -14.5502523 -39.9764895 -9.70995501
v -3.55722349e-06 -40.6898946 -19.5952252
v -13.0228803 -35.7800663 -18.336609
v -14.5502523 -39.9764895 -9.70995501
v -13.0228803 -35.7800663 -18.336609
v -25.3248602 -30.1809788 -8.99244621
v -25.3248602 -30.1809788 -8.99244621
v -13.0228803 -35.7800663 -18.336609
v -23.0504006 -27.470389 -17.2692955
v -25.3248602 -30.1809788 -8.99244621
v -23.0504006 -27.470389 -17.2692955
v -33.7494642 -19.4852576 -8.89476836
v -33.7494642 -19.4852576 -8.89476836
v -23.0504006 -27.470389 -17.2692955
v -30.5244863 -17.6233172 -16.9738919
v -33.7494642 -19.4852576 -8.89476836
v -30.5244863 -17.6233172 -16.9738919
v -41.6784853 -7.34903961 -9.65959355
v -41.6784853 -7.34903961 -9.65959355
v -30.5244863 -17.6233172 -16.9738919
v -36.9966 -6.52349666 -18.0914789
v -41.6784853 -7.34903961 -9.65959355
v -36.9966 -6.52349666 -18.0914789
v -46.7756987 8.24781731 -10.8409479
v -46.7756987 8.24781731 -10.8409479
v -36.9966 -6.52349666 -18.0914789
v -40.990746 7.22777322 -20.0446323
v -46.7756987 8.24781731 -10.8409479
v -40.990746 7.22777322 -20.0446323
v -45.0893044 26.0323167 -11.8834153
v -45.0893044 26.0323167 -11.8834153
v -40.990746 7.22777322 -20.0446323
v -39.4014686 22.7484435 -21.9101563
v -45.0893044 26.0323167 -11.8834153
v -39.4014686 22.7484435 -21.9101563
v -34.8420739 41.5231884 -12.3718612
v -34.8420739 41.5231884 -12.3718612
v -39.4014686 22.7484435 -21.9101563
v -30.5754423 36.4384145 -22.907047
v -34.8420739 41.5231884 -12.3718612
v -30.5754423 36.4384145 -22.907047
v -18.3371544 50.3809571 -12.2371122
v -18.3371544 50.3809571 -12.2371122
v -30.5754423 36.4384145 -22.907047
v -16.2629291 44.6820676 -22.8987142
v -18.3371544 50.3809571 -12.2371122
v -16.2629291 44.6820676 -22.8987142
v 8.91993679e-06 51.0160923 -11.6440915
v 8.91993679e-06 51.0160923 -11.6440915
v -16.2629291 44.6820676 -22.8987142
v 8.08951199e-06 46.2666184 -22.2808346
v 0 46.2666184 -22.2808346
v 0 39.7136956 -31.6706151
v 15.9037113 43.6950862 -22.3929077
v 15.9037113 43.6950862 -22.3929077
v 0 39.7136956 -31.6706151
v 13.8753086 38.1220937 -32.3524445
v 15.9037113 43.6950862 -22.3929077
v 13.8753086 38.1220937 -32.3524445
v 30.9024274 36.8280709 -23.1520131
v 30.9024274 36.8280709 -23.1520131
v 13.8753086 38.1220937 -32.3524445
v 27.0047396 32.1829945 -33.5033834
v 30.9024274 36.8280709 -23.1520131
v 27.0047396 32.1829945 -33.5033834
v 42.9308951 24.7861609 -23.8727793
v 42.9308951 24.7861609 -23.8727793
v 27.0047396 32.1829945 -33.5033834
v 37.4901563 21.6449484 -34.5225424
v 42.9308951 24.7861609 -23.8727793
v 37.4901563 21.6449484 -34.5225424
v 49.7600853 8.77404213 -24.332872
v 49.7600853 8.77404213 -24.332872
v 37.4901563 21.6449484 -34.5225424
v 43.3689028 7.64710382 -35.1190805
v 49.7600853 8.77404213 -24.332872
v 43.3689028 7.64710382 -35.1190805
v 49.8203844 -8.78467932 -24.3623585
v 49.8203844 -8.78467932 -24.3623585
v 43.3689028 7.64710382 -35.1190805
v 43.2187676 -7.62063563 -34.9975079
v 49.8203844 -8.78467932 -24.3623585
v 43.2187676 -7.62063563 -34.9975079
v 42.6527113 -24.6255592 -23.7180918
v 42.6527113 -24.6255592 -23.7180918
v 43.2187676 -7.62063563 -34.9975079
v 36.7902309 -21.2408528 -33.8780224
v 42.6527113 -24.6255592 -23.7180918
v 36.7902309 -21.2408528 -33.8780224
v 29.9311042 -35.670498 -22.4243015
v 29.9311042 -35.670498 -22.4243015
v 36.7902309 -21.2408528 -33.8780224
v 25.7599652 -30.6995302 -31.9590569
v 29.9311042 -35.670498 -22.4243015
v 25.7599652 -30.6995302 -31.9590569
v 14.8547962 -40.8132404 -20.9160134
v 14.8547962 -40.8132404 -20.9160134
v 25.7599652 -30.6995302 -31.9590569
v 12.8169999 -35.2144331 -29.884848
v 14.8547962 -40.8132404 -20.9160134
v 12.8169999 -35.2144331 -29.884848
v -3.55722349e-06 -40.6898946 -19.5952252
v -3.55722349e-06 -40.6898946 -19.5952252
v 12.8169999 -35.2144331 -29.884848
v -3.07210044e-06 -35.140729 -28.0237973
v -3.55722349e-06 -40.6898946 -19.5952252
v -3.07210044e-06 -35.140729 -28.0237973
v -13.0228803 -35.7800663 -18.336609
v -13.0228803 -35.7800663 -18.336609
v -3.07210044e-06 -35.140729 -28.0237973
v -11.3235697 -31.1112523 -26.4026701
v -13.0228803 -35.7800663 -18.336609
v -11.3235697 -31.1112523 -26.4026701
v -23.0504006 -27.470389 -17.2692955
v -23.0504006 -27.470389 -17.2692955
v -11.3235697 -31.1112523 -26.4026701
v -20.3134865 -24.2086604 -25.2018869
v -23.0504006 -27.470389 -17.2692955
v -20.3134865 -24.2086604 -25.2018869
v -30.5244863 -17.6233172 -16.9738919
v -30.5244863 -17.6233172 -16.9738919
v -20.3134865 -24.2086604 -25.2018869
v -26.8542469 -15.5043036 -24.7285426
v -30.5244863 -17.6233172 -16.9738919
v -26.8542469 -15.5043036 -24.7285426
v -36.9966 -6.52349666 -18.0914789
v -36.9966 -6.52349666 -18.0914789
v -26.8542469 -15.5043036 -24.7285426
v -31.7709297 -5.60207106 -25.7273257
v -36.9966 -6.52349666 -18.0914789
v -31.7709297 -5.60207106 -25.7273257
v -40.990746 7.22777322 -20.0446323
v -40.990746 7.22777322 -20.0446323
v -31.7709297 -5.60207106 -25.7273257
v -34.3574256 6.05814047 -27.8218091
v -40.990746 7.22777322 -20.0446323
v -34.3574256 6.05814047 -27.8218091
v -39.4014686 22.7484435 -21.9101563
v -39.4014686 22.7484435 -21.9101563
v -34.3574256 6.05814047 -27.8218091
v -32.5954556 18.8189909 -30.0152928
v -39.4014686 22.7484435 -21.9101563
v -32.5954556 18.8189909 -30.0152928
v -30.5754423 36.4384145 -22.907047
v -30.5754423 36.4384145 -22.907047
v -32.5954556 18.8189909 -30.0152928
v -25.3373086 30.1958472 -31.4346999
v -30.5754423 36.4384145 -22.907047
v -25.3373086 30.1958472 -31.4346999
v -16.2629291 44.6820676 -22.8987142
v -16.2629291 44.6820676 -22.8987142
v -25.3373086 30.1958472 -31.4346999
v -13.6180654 37.4153525 -31.7526668
v -16.2629291 44.6820676 -22.8987142
v -13.6180654 37.4153525 -31.7526668
v 8.08951199e-06 46.2666184 -22.2808346
v 8.08951199e-06 46.2666184 -22.2808346
v -13.6180654 37.4153525 -31.7526668
v 6.94376325e-06 39.7136956 -31.6706151
v 0 39.7136956 -31.6706151
v 0 31.6529602 -39.6915615
v 13.8753086 38.1220937 -32.3524445
v 13.8753086 38.1220937 -32.3524445
v 0 31.6529602 -39.6915615
v 11.078468 30.4378361 -40.6173736
v 13.8753086 38.1220937 -32.3524445
v 11.078468 30.4378361 -40.6173736
v 27.0047396 32.1829945 -33.5033834
v 27.0047396 32.1829945 -33.5033834
v 11.078468 30.4378361 -40.6173736
v 21.4069426 25.5117983 -41.7610079
v 27.0047396 32.1829945 -33.5033834
v 21.4069426 25.5117983 -41.7610079
v 37.4901563 21.6449484 -34.5225424
v 37.4901563 21.6449484 -34.5225424
v 21.4069426 25.5117983 -41.7610079
v 29.5526147 17.0622066 -42.7906722
v 37.4901563 21.6449484 -34.5225424
v 29.5526147 17.0622066 -42.7906722
v 43.3689028 7.64710382 -35.1190805
v 43.3689028 7.64710382 -35.1190805
v 29.5526147 17.0622066 -42.7906722
v 33.9982301 5.99480271 -43.2901114
v 43.3689028 7.64710382 -35.1190805
v 33.9982301 5.99480271 -43.2901114
v 43.2187676 -7.62063563 -34.9975079
v 43.2187676 -7.62063563 -34.9975079
v 33.9982301 5.99480271 -43.2901114
v 33.7038398 -5.9428975 -42.9152668
v 43.2187676 -7.62063563 -34.9975079
v 33.7038398 -5.9428975 -42.9152668
v 36.7902309 -21.2408528 -33.8780224
v 36.7902309 -21.2408528 -33.8780224
v 33.7038398 -5.9428975 -42.9152668
v 28.7394196 -16.5927127 -41.6132092
v 36.7902309 -21.2408528 -33.8780224
v 28.7394196 -16.5927127 -41.6132092
v 25.7599652 -30.6995302 -31.9590569
v 25.7599652 -30.6995302 -31.9590569
v 28.7394196 -16.5927127 -41.6132092
v 20.3297198 -24.2280155 -39.6595448
v 25.7599652 -30.6995302 -31.9590569
v 20.3297198 -24.2280155 -39.6595448
v 12.8169999 -35.2144331 -29.884848
v 12.8169999 -35.2144331 -29.884848
v 20.3297198 -24.2280155 -39.6595448
v 10.2469884 -28.1533837 -37.5689119
v 12.8169999 -35.2144331 -29.884848
v 10.2469884 -28.1533837 -37.5689119
v -3.07210044e-06 -35.140729 -28.0237973
v -3.07210044e-06 -35.140729 -28.0237973
v 10.2469884 -28.1533837 -37.5689119
v -2.47943479e-06 -28.3614278 -35.5641097
v -3.07210044e-06 -35.140729 -28.0237973
v -2.47943479e-06 -28.3614278 -35.5641097
v -11.3235697 -31.1112523 -26.4026701
v -11.3235697 -31.1112523 -26.4026701
v -2.47943479e-06 -28.3614278 -35.5641097
v -9.22866762 -25.3555536 -33.8353872
v -11.3235697 -31.1112523 -26.4026701
v -9.22866762 -25.3555536 -33.8353872
v -20.3134865 -24.2086604 -25.2018869
v -20.3134865 -24.2086604 -25.2018869
v -9.22866762 -25.3555536 -33.8353872
v -16.7850494 -20.0036362 -32.7445418
v -20.3134865 -24.2086604 -25.2018869
v -16.7850494 -20.0036362 -32.7445418
v -26.8542469 -15.5043036 -24.7285426
v -26.8542469 -15.5043036 -24.7285426
v -16.7850494 -20.0036362 -32.7445418
v -22.3648176 -12.91233 -32.3831111
v -26.8542469 -15.5043036 -24.7285426
v -22.3648176 -12.91233 -32.3831111
v -31.7709297 -5.60207106 -25.7273257
v -31.7709297 -5.60207106 -25.7273257
v -22.3648176 -12.91233 -32.3831111
v -25.9091556 -4.56848182 -32.990253
v -31.7709297 -5.60207106 -25.7273257
v -25.9091556 -4.56848182 -32.990253
v -34.3574256 6.05814047 -27.8218091
v -34.3574256 6.05814047 -27.8218091
v -25.9091556 -4.56848182 -32.990253
v -27.2037327 4.79675122 -34.6386462
v -34.3574256 6.05814047 -27.8218091
v -27.2037327 4.79675122 -34.6386462
v -32.5954556 18.8189909 -30.0152928
v -32.5954556 18.8189909 -30.0152928
v -27.2037327 4.79675122 -34.6386462
v -25.2697855 14.5895138 -36.5893543
v -32.5954556 18.8189909 -30.0152928
v -25.2697855 14.5895138 -36.5893543
v -25.3373086 30.1958472 -31.4346999
v -25.3373086 30.1958472 -31.4346999
v -25.2697855 14.5895138 -36.5893543
v -19.5414677 23.288627 -38.1218255
v -25.3373086 30.1958472 -31.4346999
v -19.5414677 23.288627 -38.1218255
v -13.6180654 37.4153525 -31.7526668
v -13.6180654 37.4153525 -31.7526668
v -19.5414677 23.288627 -38.1218255
v -10.6367059 29.2241305 -38.9977545
v -13.6180654 37.4153525 -31.7526668
v -10.6367059 29.2241305 -38.9977545
v 6.94376325e-06 39.7136956 -31.6706151
v 6.94376325e-06 39.7136956 -31.6706151
v -10.6367059 29.2241305 -38.9977545
v 5.534379e-06 31.6529602 -39.6915615
v 0 31.6529602 -39.6915615
v 0 22.0112994 -45.7069486
v 11.078468 30.4378361 -40.6173736
v 11.078468 30.4378361 -40.6173736
v 0 22.0112994 -45.7069486
v 7.66976401 21.0725024 -46.5657771
v 11.078468 30.4378361 -40.6173736
v 7.66976401 21.0725024 -46.5657771
v 21.4069426 25.5117983 -41.7610079
v 21.4069426 25.5117983 -41.7610079
v 7.66976401 21.0725024 -46.5657771
v 14.6741927 17.4880207 -47.4049032
v 21.4069426 25.5117983 -41.7610079
v 14.6741927 17.4880207 -47.4049032
v 29.5526147 17.0622066 -42.7906722
v 29.5526147 17.0622066 -42.7906722
v 14.6741927 17.4880207 -47.4049032
v 20.0350851 11.5672603 -48.0393469
v 29.5526147 17.0622066 -42.7906722
v 20.0350851 11.5672603 -48.0393469
v 33.9982301 5.99480271 -43.2901114
v 33.9982301 5.99480271 -43.2901114
v 20.0350851 11.5672603 -48.0393469
v 22.8675112 4.03215736 -48.2174248
v 33.9982301 5.99480271 -43.2901114
v 22.8675112 4.03215736 -48.2174248
v 33.7038398 -5.9428975 -42.9152668
v 33.7038398 -5.9428975 -42.9152668
v 22.8675112 4.03215736 -48.2174248
v 22.6541579 -3.99453938 -47.7675557
v 33.7038398 -5.9428975 -42.9152668
v 22.6541579 -3.99453938 -47.7675557
v 28.7394196 -16.5927127 -41.6132092
v 28.7394196 -16.5927127 -41.6132092
v 22.6541579 -3.99453938 -47.7675557
v 19.4720149 -11.2421751 -46.6892421
v 28.7394196 -16.5927127 -41.6132092
v 19.4720149 -11.2421751 -46.6892421
v 20.3297198 -24.2280155 -39.6595448
v 20.3297198 -24.2280155 -39.6595448
v 19.4720149 -11.2421751 -46.6892421
v 13.9850736 -16.6667596 -45.1787055
v 20.3297198 -24.2280155 -39.6595448
v 13.9850736 -16.6667596 -45.1787055
v 10.2469884 -28.1533837 -37.5689119
v 10.2469884 -28.1533837 -37.5689119
v 13.9850736 -16.6667596 -45.1787055
v 7.1720086 -19.7049409 -43.543753
v 10.2469884 -28.1533837 -37.5689119
v 7.1720086 -19.7049409 -43.543753
v -2.47943479e-06 -28.3614278 -35.5641097
v -2.47943479e-06 -28.3614278 -35.5641097
v 7.1720086 -19.7049409 -43.543753
v -1.76375732e-06 -20.1750308 -41.8938965
v -2.47943479e-06 -28.3614278 -35.5641097
v -1.76375732e-06 -20.1750308 -41.8938965
v -9.22866762 -25.3555536 -33.8353872
v -9.22866762 -25.3555536 -33.8353872
v -1.76375732e-06 -20.1750308 -41.8938965
v -6.66890442 -18.3226645 -40.4892147
v -9.22866762 -25.3555536 -33.8353872
v -6.66890442 -18.3226645 -40.4892147
v -16.7850494 -20.0036362 -32.7445418
v -16.7850494 -20.0036362 -32.7445418
v -6.66890442 -18.3226645 -40.4892147
v -12.2585729 -14.6091908 -39.6012455
v -16.7850494 -20.0036362 -32.7445418
v -12.2585729 -14.6091908 -39.6012455
v -22.3648176 -12.91233 -32.3831111
v -22.3648176 -12.91233 -32.3831111
v -12.2585729 -14.6091908 -39.6012455
v -16.426219 -9.48367938 -39.3861473
v -22.3648176 -12.91233 -32.3831111
v -16.426219 -9.48367938 -39.3861473
v -25.9091556 -4.56848182 -32.990253
v -25.9091556 -4.56848182 -32.990253
v -16.426219 -9.48367938 -39.3861473
v -18.8914537 -3.33107226 -39.8336858
v -25.9091556 -4.56848182 -32.990253
v -18.8914537 -3.33107226 -39.8336858
v -27.2037327 4.79675122 -34.6386462
v -27.2037327 4.79675122 -34.6386462
v -18.8914537 -3.33107226 -39.8336858
v -19.3587199 3.41346413 -40.8189416
v -27.2037327 4.79675122 -34.6386462
v -19.3587199 3.41346413 -40.8189416
v -25.2697855 14.5895138 -36.5893543
v -25.2697855 14.5895138 -36.5893543
v -19.3587199 3.41346413 -40.8189416
v -17.5635234 10.140302 -42.1131343
v -25.2697855 14.5895138 -36.5893543
v -17.5635234 10.140302 -42.1131343
v -19.5414677 23.288627 -38.1218255
v -19.5414677 23.288627 -38.1218255
v -17.5635234 10.140302 -42.1131343
v -13.449277 16.0282344 -43.4478372
v -19.5414677 23.288627 -38.1218255
v -13.449277 16.0282344 -43.4478372
v -10.6367059 29.2241305 -38.9977545
v -10.6367059 29.2241305 -38.9977545
v -13.449277 16.0282344 -43.4478372
v -7.35843629 20.2171519 -44.6756303
v -10.6367059 29.2241305 -38.9977545
v -7.35843629 20.2171519 -44.6756303
v 5.534379e-06 31.6529602 -39.6915615
v 5.534379e-06 31.6529602 -39.6915615
v -7.35843629 20.2171519 -44.6756303
v 3.84857799e-06 22.0112994 -45.7069486
v 0 22.0112994 -45.7069486
v 0 11.154256 -48.8699883
v 7.66976401 21.0725024 -46.5657771
v 7.66976401 21.0725024 -46.5657771
v 0 11.154256 -48.8699883
v 3.860512 10.6066689 -49.4532466
v 7.66976401 21.0725024 -46.5657771
v 3.860512 10.6066689 -49.4532466
v 14.6741927 17.4880207 -47.4049032
v 14.6741927 17.4880207 -47.4049032
v 3.860512 10.6066689 -49.4532466
v 7.31565058 8.7184526 -49.8639941
v 14.6741927 17.4880207 -47.4049032
v 7.31565058 8.7184526 -49.8639941
v 20.0350851 11.5672603 -48.0393469
v 20.0350851 11.5672603 -48.0393469
v 7.31565058 8.7184526 -49.8639941
v 9.90016535 5.71586229 -50.0856638
v 20.0350851 11.5672603 -48.0393469
v 9.90016535 5.71586229 -50.0856638
v 22.8675112 4.03215736 -48.2174248
v 22.8675112 4.03215736 -48.2174248
v 9.90016535 5.71586229 -50.0856638
v 11.2514026 1.98392496 -50.056076
v 22.8675112 4.03215736 -48.2174248
v 11.2514026 1.98392496 -50.056076
v 22.6541579 -3.99453938 -47.7675557
v 22.6541579 -3.99453938 -47.7675557
v 11.2514026 1.98392496 -50.056076
v 11.17948 -1.97124407 -49.7361064
v 22.6541579 -3.99453938 -47.7675557
v 11.17948 -1.97124407 -49.7361064
v 19.4720149 -11.2421751 -46.6892421
v 19.4720149 -11.2421751 -46.6892421
v 11.17948 -1.97124407 -49.7361064
v 9.71496925 -5.60894087 -49.1487443
v 19.4720149 -11.2421751 -46.6892421
v 9.71496925 -5.60894087 -49.1487443
v 13.9850736 -16.6667596 -45.1787055
v 13.9850736 -16.6667596 -45.1787055
v 9.71496925 -5.60894087 -49.1487443
v 7.0965305 -8.45731571 -48.3704597
v 13.9850736 -16.6667596 -45.1787055
v 7.0965305 -8.45731571 -48.3704597
v 7.1720086 -19.7049409 -43.543753
v 7.1720086 -19.7049409 -43.543753
v 7.0965305 -8.45731571 -48.3704597
v 3.70594487 -10.1820052 -47.4732637
v 7.1720086 -19.7049409 -43.543753
v 3.70594487 -10.1820052 -47.4732637
v -1.76375732e-06 -20.1750308 -41.8938965
v -1.76375732e-06 -20.1750308 -41.8938965
v 3.70594487 -10.1820052 -47.4732637
v -9.29446387e-07 -10.6316276 -46.5802014
v -1.76375732e-06 -20.1750308 -41.8938965
v -9.29446387e-07 -10.6316276 -46.5802014
v -6.66890442 -18.3226645 -40.4892147
v -6.66890442 -18.3226645 -40.4892147
v -9.29446387e-07 -10.6316276 -46.5802014
v -3.5776332 -9.8294653 -45.8295643
v -6.66890442 -18.3226645 -40.4892147
v -3.5776332 -9.8294653 -45.8295643
v -12.2585729 -14.6091908 -39.6012455
v -12.2585729 -14.6091908 -39.6012455
v -3.5776332 -9.8294653 -45.8295643
v -6.65206537 -7.92761967 -45.3409433
v -12.2585729 -14.6091908 -39.6012455
v -6.65206537 -7.92761967 -45.3409433
v -16.426219 -9.48367938 -39.3861473
v -16.426219 -9.48367938 -39.3861473
v -6.65206537 -7.92761967 -45.3409433
v -8.93192217 -5.15684672 -45.1872498
v -16.426219 -9.48367938 -39.3861473
v -8.93192217 -5.15684672 -45.1872498
v -18.8914537 -3.33107226 -39.8336858
v -18.8914537 -3.33107226 -39.8336858
v -8.93192217 -5.15684672 -45.1872498
v -10.2001846 -1.79856736 -45.3793406
v -18.8914537 -3.33107226 -39.8336858
v -10.2001846 -1.79856736 -45.3793406
v -19.3587199 3.41346413 -40.8189416
v -19.3587199 3.41346413 -40.8189416
v -10.2001846 -1.79856736 -45.3793406
v -10.3100963 1.81794781 -45.8683252
v -19.3587199 3.41346413 -40.8189416
v -10.3100963 1.81794781 -45.8683252
v -17.5635234 10.140302 -42.1131343
v -17.5635234 10.140302 -42.1131343
v -10.3100963 1.81794781 -45.8683252
v -9.20395702 5.3139057 -46.5634942
v -17.5635234 10.140302 -42.1131343
v -9.20395702 5.3139057 -46.5634942
v -13.449277 16.0282344 -43.4478372
v -13.449277 16.0282344 -43.4478372
v -9.20395702 5.3139057 -46.5634942
v -6.94800392 8.28031301 -47.3581046
v -13.449277 16.0282344 -43.4478372
v -6.94800392 8.28031301 -47.3581046
v -7.35843629 20.2171519 -44.6756303
v -7.35843629 20.2171519 -44.6756303
v -6.94800392 8.28031301 -47.3581046
v -3.75900529 10.3277884 -48.1529772
v -7.35843629 20.2171519 -44.6756303
v -3.75900529 10.3277884 -48.1529772
v 3.84857799e-06 22.0112994 -45.7069486
v 3.84857799e-06 22.0112994 -45.7069486
v -3.75900529 10.3277884 -48.1529772
v 1.95027212e-06 11.154256 -48.8699883
v 0 11.154256 -48.8699883
v -0 -4.29009219e-06 -49.0729332
v 3.860512 10.6066689 -49.4532466
v 3.860512 10.6066689 -49.4532466
v -0 -4.29009219e-06 -49.0729332
v -1.46729802e-06 -4.0313676e-06 -49.0729332
v 3.860512 10.6066689 -49.4532466
v -1.46729802e-06 -4.0313676e-06 -49.0729332
v 7.31565058 8.7184526 -49.8639941
v 7.31565058 8.7184526 -49.8639941
v -1.46729802e-06 -4.0313676e-06 -49.0729332
v -2.75761813e-06 -3.2864012e-06 -49.0729332
v 7.31565058 8.7184526 -49.8639941
v -2.75761813e-06 -3.2864012e-06 -49.0729332
v 9.90016535 5.71586229 -50.0856638
v 9.90016535 5.71586229 -50.0856638
v -2.75761813e-06 -3.2864012e-06 -49.0729332
v -3.71532884e-06 -2.14504592e-06 -49.0729332
v 9.90016535 5.71586229 -50.0856638
v -3.71532884e-06 -2.14504592e-06 -49.0729332
v 11.2514026 1.98392496 -50.056076
v 11.2514026 1.98392496 -50.056076
v -3.71532884e-06 -2.14504592e-06 -49.0729332
v -4.22491588e-06 -7.44966311e-07 -49.0729332
v 11.2514026 1.98392496 -50.056076
v -4.22491588e-06 -7.44966311e-07 -49.0729332
v 11.17948 -1.97124407 -49.7361064
v 11.17948 -1.97124407 -49.7361064
v -4.22491588e-06 -7.44966311e-07 -49.0729332
v -4.22491553e-06 7.44966755e-07 -49.0729332
v 11.17948 -1.97124407 -49.7361064
v -4.22491553e-06 7.44966755e-07 -49.0729332
v 9.71496925 -5.60894087 -49.1487443
v 9.71496925 -5.60894087 -49.1487443
v -4.22491553e-06 7.44966755e-07 -49.0729332
v -3.71532884e-06 2.14504627e-06 -49.0729332
v 9.71496925 -5.60894087 -49.1487443
v -3.71532884e-06 2.14504627e-06 -49.0729332
v 7.0965305 -8.45731571 -48.3704597
v 7.0965305 -8.45731571 -48.3704597
v -3.71532884e-06 2.14504627e-06 -49.0729332
v -2.75761813e-06 3.2864012e-06 -49.0729332
v 7.0965305 -8.45731571 -48.3704597
v -2.75761813e-06 3.2864012e-06 -49.0729332
v 3.70594487 -10.1820052 -47.4732637
v 3.70594487 -10.1820052 -47.4732637
v -2.75761813e-06 3.2864012e-06 -49.0729332
v -1.46729731e-06 4.03136795e-06 -49.0729332
v 3.70594487 -10.1820052 -47.4732637
v -1.46729731e-06 4.03136795e-06 -49.0729332
v -9.29446387e-07 -10.6316276 -46.5802014
v -9.29446387e-07 -10.6316276 -46.5802014
v -1.46729731e-06 4.03136795e-06 -49.0729332
v 3.75051747e-13 4.29009219e-06 -49.0729332
v -9.29446387e-07 -10.6316276 -46.5802014
v 3.75051747e-13 4.29009219e-06 -49.0729332
v -3.5776332 -9.8294653 -45.8295643
v -3.5776332 -9.8294653 -45.8295643
v 3.75051747e-13 4.29009219e-06 -49.0729332
v 1.46729802e-06 4.0313676e-06 -49.0729332
v -3.5776332 -9.8294653 -45.8295643
v 1.46729802e-06 4.0313676e-06 -49.0729332
v -6.65206537 -7.92761967 -45.3409433
v -6.65206537 -7.92761967 -45.3409433
v 1.46729802e-06 4.0313676e-06 -49.0729332
v 2.75761867e-06 3.28640049e-06 -49.0729332
v -6.65206537 -7.92761967 -45.3409433
v 2.75761867e-06 3.28640049e-06 -49.0729332
v -8.93192217 -5.15684672 -45.1872498
v -8.93192217 -5.15684672 -45.1872498
v 2.75761867e-06 3.28640049e-06 -49.0729332
v 3.71532884e-06 2.14504574e-06 -49.0729332
v -8.93192217 -5.15684672 -45.1872498
v 3.71532884e-06 2.14504574e-06 -49.0729332
v -10.2001846 -1.79856736 -45.3793406
v -10.2001846 -1.79856736 -45.3793406
v 3.71532884e-06 2.14504574e-06 -49.0729332
v 4.22491588e-06 7.44966488e-07 -49.0729332
v -10.2001846 -1.79856736 -45.3793406
v 4.22491588e-06 7.44966488e-07 -49.0729332
v -10.3100963 1.81794781 -45.8683252
v -10.3100963 1.81794781 -45.8683252
v 4.22491588e-06 7.44966488e-07 -49.0729332
v 4.22491553e-06 -7.44966577e-07 -49.0729332
v -10.3100963 1.81794781 -45.8683252
v 4.22491553e-06 -7.44966577e-07 -49.0729332
v -9.20395702 5.3139057 -46.5634942
v -9.20395702 5.3139057 -46.5634942
v 4.22491553e-06 -7.44966577e-07 -49.0729332
v 3.71532884e-06 -2.14504574e-06 -49.0729332
v -9.20395702 5.3139057 -46.5634942
v 3.71532884e-06 -2.14504574e-06 -49.0729332
v -6.94800392 8.28031301 -47.3581046
v -6.94800392 8.28031301 -47.3581046
v 3.71532884e-06 -2.14504574e-06 -49.0729332
v 2.75761725e-06 -3.28640191e-06 -49.0729332
v -6.94800392 8.28031301 -47.3581046
v 2.75761725e-06 -3.28640191e-06 -49.0729332
v -3.75900529 10.3277884 -48.1529772
v -3.75900529 10.3277884 -48.1529772
v 2.75761725e-06 -3.28640191e-06 -49.0729332
v 1.46729695e-06 -4.03136795e-06 -49.0729332
v -3.75900529 10.3277884 -48.1529772
v 1.46729695e-06 -4.03136795e-06 -49.0729332
v 1.95027212e-06 11.154256 -48.8699883
v 1.95027212e-06 11.154256 -48.8699883
v 1.46729695e-06 -4.03136795e-06 -49.0729332
v -7.50103494e-13 -4.29009219e-06 -49.0729332
vt 0 0
vt 0 0
vt 0 0
vt 0 0
vt 0 0
vt 0 0
vt 0 0
vt 0 0
vt 0 0
vt 0 0
vt 0 0
vt 0 0
vt 0 0
vt 0 0
vt 0 0
vt 0 0
vt 0 0
vt 0 0
vt 0 0
vt 0 0
vt 0 0
vt 0 0
vt 0 0
vt 0 0
vt 0 0
vt 0 0
vt 0 0
vt 0 0
vt 0 0
vt 0 0
vt 0 0
vt 0 0
vt 0 0
vt 0 0
vt 0 0
vt 0 0
vt 0 0
vt 0 0
vt 0 0
vt 0 0
vt 0 0
vt 0 0
vt 0 0
vt 0 0
vt 0 0
vt 0 0
vt 0 0
vt 0 0
vt 0 0
vt 0 0
vt 0 0
vt 0 0
vt 0 0
vt 0 0
vt 0 0
vt 0 0
vt 0 0
vt 0 0
vt 0 0
vt 0 0
vt 0 0
vt 0 0
vt 0 0
vt 0 0
vt 0 0
vt 0 0
vt 0 0
vt 0 0
vt 0 0
vt 0 0
vt 0 0
vt 0 0
vt 0 0
vt 0 0
vt 0 0
vt 0 0
vt 0 0
vt 0 0
vt 0 0
vt 0 0
vt 0 0
vt 0 0
vt 0 0
vt 0 0
vt 0 0
vt 0 0
vt 0 0
vt 0 0
vt 0 0
vt 0 0
vt 0 0
vt 0 0
vt 0 0
vt 0 0
vt 0 0
vt 0 0
vt 0 0
vt 0 0
vt 0 0
vt 0 0
vt 0 0
vt 0 0
vt 0 0
vt 0 0
vt 0 0
vt 0 0
vt 0 0
vt 0 0
vt 0 0
vt 0 0
vt 0 0
vt 0 0
vt 0 0
vt 0 0
vt 0 0
vt 0 0
vt 0 0
vt 0 0
vt 0 0
vt 0 0
vt 0 0
vt 0 0
vt 0 0
vt 0 0
vt 0 0
vt 0 0
vt 0 0
vt 0 0
vt 0 0
vt 0 0
vt 0 0
vt 0 0
vt 0 0
vt 0 0
vt 0 0
vt 0 0
vt 0 0
vt 0 0
vt 0 0
vt 0 0
vt 0 0
vt 0 0
vt 0 0
vt 0 0
vt 0 0
vt 0 0
vt 0 0
vt 0 0
vt 0 0
vt 0 0
vt 0 0
vt 0 0
vt 0 0
vt 0 0
vt 0 0
vt 0 0
vt 0 0
vt 0 0
vt 0 0
vt 0 0
vt 0 0
vt 0 0
vt 0 0
vt 0 0
vt 0 0
vt 0 0
vt 0 0
vt 0 0
vt 0 0
vt 0 0
vt 0 0
vt 0 0
vt 0 0
vt 0 0
vt 0 0
vt 0 0
vt 0 0
vt 0 0
vt 0 0
vt 0 0
vt 0 0
vt 0 0
vt 0 0
vt 0 0
vt 0 0
vt 0 0
vt 0 0
vt 0 0
vt 0 0
vt 0 0
vt 0 0
vt 0 0
vt 0 0
vt 0 0
vt 0 0
vt 0 0
vt 0 0
vt 0 0
vt 0 0
vt 0 0
vt 0 0
vt 0 0
vt 0 0
vt 0 0
vt 0 0
vt 0 0
vt 0 0
vt 0 0
vt 0 0
vt 0 0
vt 0 0
vt 0 0
vt 0 0
vt 0 0
vt 0 0
vt 0 0
vt 0 0
vt 0 0
vt 0 0
vt 0 0
vt 0 0
vt 0 0
vt 0 0
vt 0 0
vt 0 0
vt 0 0
vt 0 0
vt 0 0
vt 0 0
vt 0 0
vt 0 0
vt 0 0
vt 0 0
vt 0 0
vt 0 0
vt 0 0
vt 0 0
vt 0 0
vt 0 0
vt 0 0
vt 0 0
vt 0 0
vt 0 0
vt 0 0
vt 0 0
vt 0 0
vt 0 0
vt 0 0
vt 0 0
vt 0 0
vt 0 0
vt 0 0
vt 0 0
vt 0 0
vt 0 0
vt 0 0
vt 0 0
vt 0 0
vt 0 0
vt 0 0
vt 0 0
vt 0 0
vt 0 0
vt 0 0
vt 0 0
vt 0 0
vt 0 0
vt 0 0
vt 0 0
vt 0 0
vt 0 0
vt 0 0
vt 0 0
vt 0 0
vt 0 0
vt 0 0
vt 0 0
vt 0 0
vt 0 0
vt 0 0
vt 0 0
vt 0 0
vt 0 0
vt 0 0
vt 0 0
vt 0 0
vt 0 0
vt 0 0
vt 0 0
vt 0 0
vt 0 0
vt 0 0
vt 0 0
vt 0 0
vt 0 0
vt 0 0
vt 0 0
vt 0 0
vt 0 0
vt 0 0
vt 0 0
vt 0 0
vt 0 0
vt 0 0
vt 0 0
vt 0 0
vt 0 0
vt 0 0
vt 0 0
vt 0 0
vt 0 0
vt 0 0
vt 0 0
vt 0 0
vt 0 0
vt 0 0
vt 0 0
vt 0 0
vt 0 0
vt 0 0
vt 0 0
vt 0 0
vt 0 0
vt 0 0
vt 0 0
vt 0 0
vt 0 0
vt 0 0
vt 0 0
vt 0 0
vt 0 0
vt 0 0
vt 0 0
vt 0 0
vt 0 0
vt 0 0
vt 0 0
vt 0 0
vt 0 0
vt 0 0
vt 0 0
vt 0 0
vt 0 0
vt 0 0
vt 0 0
vt 0 0
vt 0 0
vt 0 0
vt 0 0
vt 0 0
vt 0 0
vt 0 0
vt 0 0
vt 0 0
vt 0 0
vt 0 0
vt 0 0
vt 0 0
vt 0 0
vt 0 0
vt 0 0
vt 0 0
vt 0 0
vt 0 0
vt 0 0
vt 0 0
vt 0 0
vt 0 0
vt 0 0
vt 0 0
vt 0 0
vt 0 0
vt 0 0
vt 0 0
vt 0 0
vt 0 0
vt 0 0
vt 0 0
vt 0 0
vt 0 0
vt 0 0
vt 0 0
vt 0 0
vt 0 0
vt 0 0
vt 0 0
vt 0 0
vt 0 0
vt 0 0
vt 0 0
vt 0 0
vt 0 0
vt 0 0
vt 0 0
vt 0 0
vt 0 0
vt 0 0
vt 0 0
vt 0 0
vt 0 0
vt 0 0
vt 0 0
vt 0 0
vt 0 0
vt 0 0
vt 0 0
vt 0 0
vt 0 0
vt 0 0
vt 0 0
vt 0 0
vt 0 0
vt 0 0
vt 0 0
vt 0 0
vt 0 0
vt 0 0
vt 0 0
vt 0 0
vt 0 0
vt 0 0
vt 0 0
vt 0 0
vt 0 0
vt 0 0
vt 0 0
vt 0 0
vt 0 0
vt 0 0
vt 0 0
vt 0 0
vt 0 0
vt 0 0
vt 0 0
vt 0 0
vt 0 0
vt 0 0
vt 0 0
vt 0 0
vt 0 0
vt 0 0
vt 0 0
vt 0 0
vt 0 0
vt 0 0
vt 0 0
vt 0 0
vt 0 0
vt 0 0
vt 0 0
vt 0 0
vt 0 0
vt 0 0
vt 0 0
vt 0 0
vt 0 0
vt 0 0
vt 0 0
vt 0 0
vt 0 0
vt 0 0
vt 0 0
vt 0 0
vt 0 0
vt 0 0
vt 0 0
vt 0 0
vt 0 0
vt 0 0
vt 0 0
vt 0 0
vt 0 0
vt 0 0
vt 0 0
vt 0 0
vt 0 0
vt 0 0
vt 0 0
vt 0 0
vt 0 0
vt 0 0
vt 0 0
vt 0 0
vt 0 0
vt 0 0
vt 0 0
vt 0 0
vt 0 0
vt 0 0
vt 0 0
vt 0 0
vt 0 0
vt 0 0
vt 0 0
vt 0 0
vt 0 0
vt 0 0
vt 0 0
vt 0 0
vt 0 0
vt 0 0
vt 0 0
vt 0 0
vt 0 0
vt 0 0
vt 0 0
vt 0 0
vt 0 0
vt 0 0
vt 0 0
vt 0 0
vt 0 0
vt 0 0
vt 0 0
vt 0 0
vt 0 0
vt 0 0
vt 0 0
vt 0 0
vt 0 0
vt 0 0
vt 0 0
vt 0 0
vt 0 0
vt 0 0
vt 0 0
vt 0 0
vt 0 0
vt 0 0
vt 0 0
vt 0 0
vt 0 0
vt 0 0
vt 0 0
vt 0 0
vt 0 0
vt 0 0
vt 0 0
vt 0 0
vt 0 0
vt 0 0
vt 0 0
vt 0 0
vt 0 0
vt 0 0
vt 0 0
vt 0 0
vt 0 0
vt 0 0
vt 0 0
vt 0 0
vt 0 0
vt 0 0
vt 0 0
vt 0 0
vt 0 0
vt 0 0
vt 0 0
vt 0 0
vt 0 0
vt 0 0
vt 0 0
vt 0 0
vt 0 0
vt 0 0
vt 0 0
vt 0 0
vt 0 0
vt 0 0
vt 0 0
vt 0 0
vt 0 0
vt 0 0
vt 0 0
vt 0 0
vt 0 0
vt 0 0
vt 0 0
vt 0 0
vt 0 0
vt 0 0
vt 0 0
vt 0 0
vt 0 0
vt 0 0
vt 0 0
vt 0 0
vt 0 0
vt 0 0
vt 0 0
vt 0 0
vt 0 0
vt 0 0
vt 0 0
vt 0 0
vt 0 0
vt 0 0
vt 0 0
vt 0 0
vt 0 0
vt 0 0
vt 0 0
vt 0 0
vt 0 0
vt 0 0
vt 0 0
vt 0 0
vt 0 0
vt 0 0
vt 0 0
vt 0 0
vt 0 0
vt 0 0
vt 0 0
vt 0 0
vt 0 0
vt 0 0
vt 0 0
vt 0 0
vt 0 0
vt 0 0
vt 0 0
vt 0 0
vt 0 0
vt 0 0
vt 0 0
vt 0 0
vt 0 0
vt 0 0
vt 0 0
vt 0 0
vt 0 0
vt 0 0
vt 0 0
vt 0 0
vt 0 0
vt 0 0
vt 0 0
vt 0 0
vt 0 0
vt 0 0
vt 0 0
vt 0 0
vt 0 0
vt 0 0
vt 0 0
vt 0 0
vt 0 0
vt 0 0
vt 0 0
vt 0 0
vt 0 0
vt 0 0
vt 0 0
vt 0 0
vt 0 0
vt 0 0
vt 0 0
vt 0 0
vt 0 0
vt 0 0
vt 0 0
vt 0 0
vt 0 0
vt 0 0
vt 0 0
vt 0 0
vt 0 0
vt 0 0
vt 0 0
vt 0 0
vt 0 0
vt 0 0
vt 0 0
vt 0 0
vt 0 0
vt 0 0
vt 0 0
vt 0 0
vt 0 0
vt 0 0
vt 0 0
vt 0 0
vt 0 0
vt 0 0
vt 0 0
vt 0 0
vt 0 0
vt 0 0
vt 0 0
vt 0 0
vt 0 0
vt 0 0
vt 0 0
vt 0 0
vt 0 0
vt 0 0
vt 0 0
vt 0 0
vt 0 0
vt 0 0
vt 0 0
vt 0 0
vt 0 0
vt 0 0
vt 0 0
vt 0 0
vt 0 0
vt 0 0
vt 0 0
vt 0 0
vt 0 0
vt 0 0
vt 0 0
vt 0 0
vt 0 0
vt 0 0
vt 0 0
vt 0 0
vt 0 0
vt 0 0
vt 0 0
vt 0 0
vt 0 0
vt 0 0
vt 0 0
vt 0 0
vt 0 0
vt 0 0
vt 0 0
vt 0 0
vt 0 0
vt 0 0
vt 0 0
vt 0 0
vt 0 0
vt 0 0
vt 0 0
vt 0 0
vt 0 0
vt 0 0
vt 0 0
vt 0 0
vt 0 0
vt 0 0
vt 0 0
vt 0 0
vt 0 0
vt 0 0
vt 0 0
vt 0 0
vt 0 0
vt 0 0
vt 0 0
vt 0 0
vt 0 0
vt 0 0
vt 0 0
vt 0 0
vt 0 0
vt 0 0
vt 0 0
vt 0 0
vt 0 0
vt 0 0
vt 0 0
vt 0 0
vt 0 0
vt 0 0
vt 0 0
vt 0 0
vt 0 0
vt 0 0
vt 0 0
vt 0 0
vt 0 0
vt 0 0
vt 0 0
vt 0 0
vt 0 0
vt 0 0
vt 0 0
vt 0 0
vt 0 0
vt 0 0
vt 0 0
vt 0 0
vt 0 0
vt 0 0
vt 0 0
vt 0 0
vt 0 0
vt 0 0
vt 0 0
vt 0 0
vt 0 0
vt 0 0
vt 0 0
vt 0 0
vt 0 0
vt 0 0
vt 0 0
vt 0 0
vt 0 0
vt 0 0
vt 0 0
vt 0 0
vt 0 0
vt 0 0
vt 0 0
vt 0 0
vt 0 0
vt 0 0
vt 0 0
vt 0 0
vt 0 0
vt 0 0
vt 0 0
vt 0 0
vt 0 0
vt 0 0
vt 0 0
vt 0 0
vt 0 0
vt 0 0
vt 0 0
vt 0 0
vt 0 0
vt 0 0
vt 0 0
vt 0 0
vt 0 0
vt 0 0
vt 0 0
vt 0 0
vt 0 0
vt 0 0
vt 0 0
vt 0 0
vt 0 0
vt 0 0
vt 0 0
vt 0 0
vt 0 0
vt 0 0
vt 0 0
vt 0 0
vt 0 0
vt 0 0
vt 0 0
vt 0 0
vt 0 0
vt 0 0
vt 0 0
vt 0 0
vt 0 0
vt 0 0
vt 0 0
vt 0 0
vt 0 0
vt 0 0
vt 0 0
vt 0 0
vt 0 0
vt 0 0
vt 0 0
vt 0 0
vt 0 0
vt 0 0
vt 0 0
vt 0 0
vt 0 0
vt 0 0
vt 0 0
vt 0 0
vt 0 0
vt 0 0
vt 0 0
vt 0 0
vt 0 0
vt 0 0
vt 0 0
vt 0 0
vt 0 0
vt 0 0
vt 0 0
vt 0 0
vt 0 0
vt 0 0
vt 0 0
vt 0 0
vt 0 0
vt 0 0
vt 0 0
vt 0 0
vt 0 0
vt 0 0
vt 0 0
vt 0 0
vt 0 0
vt 0 0
vt 0 0
vt 0 0
vt 0 0
vt 0 0
vt 0 0
vt 0 0
vt 0 0
vt 0 0
vt 0 0
vt 0 0
vt 0 0
vt 0 0
vt 0 0
vt 0 0
vt 0 0
vt 0 0
vt 0 0
vt 0 0
vt 0 0
vt 0 0
vt 0 0
vt 0 0
vt 0 0
vt 0 0
vt 0 0
vt 0 0
vt 0 0
vt 0 0
vt 0 0
vt 0 0
vt 0 0
vt 0 0
vt 0 0
vt 0 0
vt 0 0
vt 0 0
vt 0 0
vt 0 0
vt 0 0
vt 0 0
vt 0 0
vt 0 0
vt 0 0
vt 0 0
vt 0 0
vt 0 0
vt 0 0
vt 0 0
vt 0 0
vt 0 0
vt 0 0
vt 0 0
vt 0 0
vt 0 0
vt 0 0
vt 0 0
vt 0 0
vt 0 0
vt 0 0
vt 0 0
vt 0 0
vt 0 0
vt 0 0
vt 0 0
vt 0 0
vt 0 0
vt 0 0
vt 0 0
vt 0 0
vt 0 0
vt 0 0
vt 0 0
vt 0 0
vt 0 0
vt 0 0
vt 0 0
vt 0 0
vt 0 0
vt 0 0
vt 0 0
vt 0 0
vt 0 0
vt 0 0
vt 0 0
vt 0 0
vt 0 0
vt 0 0
vt 0 0
vt 0 0
vt 0 0
vt 0 0
vt 0 0
vt 0 0
vt 0 0
vt 0 0
vt 0 0
vt 0 0
vt 0 0
vt 0 0
vt 0 0
vt 0 0
vt 0 0
vt 0 0
vt 0 0
vt 0 0
vt 0 0
vt 0 0
vt 0 0
vt 0 0
vt 0 0
vt 0 0
vt 0 0
vt 0 0
vt 0 0
vt 0 0
vt 0 0
vt 0 0
vt 0 0
vt 0 0
vt 0 0
vt 0 0
vt 0 0
vt 0 0
vt 0 0
vt 0 0
vt 0 0
vt 0 0
vt 0 0
vt 0 0
vt 0 0
vt 0 0
vt 0 0
vt 0 0
vt 0 0
vt 0 0
vt 0 0
vt 0 0
vt 0 0
vt 0 0
vt 0 0
vt 0 0
vt 0 0
vt 0 0
vt 0 0
vt 0 0
vt 0 0
vt 0 0
vt 0 0
vt 0 0
vt 0 0
vt 0 0
vt 0 0
vt 0 0
vt 0 0
vt 0 0
vt 0 0
vt 0 0
vt 0 0
vt 0 0
vt 0 0
vt 0 0
vt 0 0
vt 0 0
vt 0 0
vt 0 0
vt 0 0
vt 0 0
vt 0 0
vt 0 0
vt 0 0
vt 0 0
vt 0 0
vt 0 0
vt 0 0
vt 0 0
vt 0 0
vt 0 0
vt 0 0
vt 0 0
vt 0 0
vt 0 0
vt 0 0
vt 0 0
vt 0 0
vt 0 0
vt 0 0
vt 0 0
vt 0 0
vt 0 0
vt 0 0
vt 0 0
vt 0 0
vt 0 0
vt 0 0
vt 0 0
vt 0 0
vt 0 0
vt 0 0
vt 0 0
vt 0 0
vt 0 0
vt 0 0
vt 0 0
vt 0 0
vt 0 0
vt 0 0
vt 0 0
vt 0 0
vt 0 0
vt 0 0
vt 0 0
vt 0 0
vt 0 0
vt 0 0
vt 0 0
vt 0 0
vt 0 0
vt 0 0
vt 0 0
vt 0 0
vt 0 0
vt 0 0
vt 0 0
vt 0 0
vt 0 0
vt 0 0
vt 0 0
vt 0 0
vt 0 0
vt 0 0
vt 0 0
vt 0 0
vt 0 0
vt 0 0
vt 0 0
vt 0 0
vt 0 0
vt 0 0
vt 0 0
vt 0 0
vt 0 0
vt 0 0
vt 0 0
vt 0 0
vt 0 0
vt 0 0
vt 0 0
vt 0 0
vt 0 0
vt 0 0
vt 0 0
vt 0 0
vt 0 0
vt 0 0
vt 0 0
vt 0 0
vt 0 0
vt 0 0
vt 0 0
vt 0 0
vt 0 0
vt 0 0
vt 0 0
vt 0 0
vt 0 0
vt 0 0
vt 0 0
vt 0 0
vt 0 0
vt 0 0
vt 0 0
vt 0 0
vt 0 0
vt 0 0
vt 0 0
vt 0 0
vt 0 0
vt 0 0
vt 0 0
vt 0 0
vt 0 0
vt 0 0
vt 0 0
vt 0 0
vt 0 0
vt 0 0
vt 0 0
vt 0 0
vt 0 0
vt 0 0
vt 0 0
vt 0 0
vt 0 0
vt 0 0
vt 0 0
vt 0 0
vt 0 0
vt 0 0
vt 0 0
vt 0 0
vt 0 0
vt 0 0
vt 0 0
vt 0 0
vt 0 0
vt 0 0
vt 0 0
vt 0 0
vt 0 0
vt 0 0
vt 0 0
vt 0 0
vt 0 0
vt 0 0
vt 0 0
vt 0 0
vt 0 0
vt 0 0
vt 0 0
vt 0 0
vt 0 0
vt 0 0
vt 0 0
vt 0 0
vt 0 0
vt 0 0
vt 0 0
vt 0 0
vt 0 0
vt 0 0
vt 0 0
vt 0 0
vt 0 0
vt 0 0
vt 0 0
vt 0 0
vt 0 0
vt 0 0
vt 0 0
vt 0 0
vt 0 0
vt 0 0
vt 0 0
vt 0 0
vt 0 0
vt 0 0
vt 0 0
vt 0 0
vt 0 0
vt 0 0
vt 0 0
vt 0 0
vt 0 0
vt 0 0
vt 0 0
vt 0 0
vt 0 0
vt 0 0
vt 0 0
vt 0 0
vt 0 0
vt 0 0
vt 0 0
vt 0 0
vt 0 0
vt 0 0
vt 0 0
vt 0 0
vt 0 0
vt 0 0
vt 0 0
vt 0 0
vt 0 0
vt 0 0
vt 0 0
vt 0 0
vt 0 0
vt 0 0
vt 0 0
vt 0 0
vt 0 0
vt 0 0
vt 0 0
vt 0 0
vt 0 0
vt 0 0
vt 0 0
vt 0 0
vt 0 0
vt 0 0
vt 0 0
vt 0 0
vt 0 0
vt 0 0
vt 0 0
vt 0 0
vt 0 0
vt 0 0
vt 0 0
vt 0 0
vt 0 0
vt 0 0
vt 0 0
vt 0 0
vt 0 0
vt 0 0
vt 0 0
vt 0 0
vt 0 0
vt 0 0
vt 0 0
vt 0 0
vt 0 0
vt 0 0
vt 0 0
vt 0 0
vt 0 0
vt 0 0
vt 0 0
vt 0 0
vt 0 0
vt 0 0
vt 0 0
vt 0 0
vt 0 0
vt 0 0
vt 0 0
vt 0 0
vt 0 0
vt 0 0
vt 0 0
vt 0 0
vt 0 0
vt 0 0
vt 0 0
vt 0 0
vt 0 0
vt 0 0
vt 0 0
vt 0 0
vt 0 0
vt 0 0
vt 0 0
vt 0 0
vt 0 0
vt 0 0
vt 0 0
vt 0 0
vt 0 0
vt 0 0
vt 0 0
vt 0 0
vt 0 0
vt 0 0
vt 0 0
vt 0 0
vt 0 0
vt 0 0
vt 0 0
vt 0 0
vt 0 0
vt 0 0
vt 0 0
vt 0 0
vt 0 0
vt 0 0
vt 0 0
vt 0 0
vt 0 0
vt 0 0
vt 0 0
vt 0 0
vt 0 0
vt 0 0
vt 0 0
vt 0 0
vt 0 0
vt 0 0
vt 0 0
vt 0 0
vt 0 0
vt 0 0
vt 0 0
vt 0 0
vt 0 0
vt 0 0
vt 0 0
vt 0 0
vt 0 0
vt 0 0
vt 0 0
vt 0 0
vt 0 0
vt 0 0
vt 0 0
vt 0 0
vt 0 0
vt 0 0
vt 0 0
vt 0 0
vt 0 0
vt 0 0
vt 0 0
vt 0 0
vt 0 0
vt 0 0
vt 0 0
vt 0 0
vt 0 0
vt 0 0
vt 0 0
vt 0 0
vt 0 0
vt 0 0
vt 0 0
vt 0 0
vt 0 0
vt 0 0
vt 0 0
vt 0 0
vt 0 0
vt 0 0
vt 0 0
vt 0 0
vt 0 0
vt 0 0
vt 0 0
vt 0 0
vt 0 0
vt 0 0
vt 0 0
vt 0 0
vt 0 0
vt 0 0
vt 0 0
vt 0 0
vt 0 0
vt 0 0
vt 0 0
vt 0 0
vt 0 0
vt 0 0
vt 0 0
vt 0 0
vt 0 0
vt 0 0
vt 0 0
vt 0 0
vt 0 0
vt 0 0
vt 0 0
vt 0 0
vt 0 0
vt 0 0
vt 0 0
vt 0 0
vt 0 0
vt 0 0
vt 0 0
vt 0 0
vt 0 0
vt 0 0
vt 0 0
vt 0 0
vt 0 0
vt 0 0
vt 0 0
vt 0 0
vt 0 0
vt 0 0
vt 0 0
vt 0 0
vt 0 0
vt 0 0
vt 0 0
vt 0 0
vt 0 0
vt 0 0
vt 0 0
vt 0 0
vt 0 0
vt 0 0
vt 0 0
vt 0 0
vt 0 0
vt 0 0
vt 0 0
vt 0 0
vt 0 0
vt 0 0
vt 0 0
vt 0 0
vt 0 0
vt 0 0
vt 0 0
vt 0 0
vt 0 0
vt 0 0
vt 0 0
vt 0 0
vt 0 0
vt 0 0
vt 0 0
vt 0 0
vt 0 0
vt 0 0
vt 0 0
vt 0 0
vt 0 0
vt 0 0
vt 0 0
vn 0 0 0
vn 0 0 0
vn 0 0 0
vn -0.273645043 -0.184059426 -0.944055378
vn -0.273645043 -0.184059426 -0.944055378
vn -0.273645043 -0.184059426 -0.944055378
vn 0 0 0
vn 0 0 0
vn 0 0 0
vn -0.299926251 -0.172732681 -0.938193798
vn -0.299926251 -0.172732681 -0.938193798
vn -0.299926251 -0.172732681 -0.938193798
vn 0 0 0
vn 0 0 0
vn 0 0 0
vn -0.30895403 -0.164500982 -0.936742663
vn -0.30895403 -0.164500982 -0.936742663
vn -0.30895403 -0.164500982 -0.936742663
vn 0 0 0
vn 0 0 0
vn 0 0 0
vn -0.313826591 -0.15594469 -0.93658644
vn -0.313826591 -0.15594469 -0.93658644
vn -0.313826591 -0.15594469 -0.93658644
vn 0 0 0
vn 0 0 0
vn 0 0 0
vn -0.318674773 -0.132518128 -0.938554943
vn -0.318674773 -0.132518128 -0.938554943
vn -0.318674773 -0.132518128 -0.938554943
vn 0 0 0
vn 0 0 0
vn 0 0 0
vn -0.312966168 -0.0873182565 -0.945741951
vn -0.312966168 -0.0873182565 -0.945741951
vn -0.312966168 -0.0873182565 -0.945741951
vn 0 0 0
vn 0 0 0
vn 0 0 0
vn -0.28412801 -0.0313431956 -0.958273888
vn -0.28412801 -0.0313431956 -0.958273888
vn -0.28412801 -0.0313431956 -0.958273888
vn 0 0 0
vn 0 0 0
vn 0 0 0
vn -0.232847527 0.0147389499 -0.9724015
vn -0.232847527 0.0147389499 -0.9724015
vn -0.232847527 0.0147389499 -0.9724015
vn 0 0 0
vn 0 0 0
vn 0 0 0
vn -0.174938843 0.0369908065 -0.983884215
vn -0.174938843 0.0369908065 -0.983884215
vn -0.174938843 0.0369908065 -0.983884215
vn 0 0 0
vn 0 0 0
vn 0 0 0
vn -0.12884964 0.0372569859 -0.990964055
vn -0.12884964 0.0372569859 -0.990964055
vn -0.12884964 0.0372569859 -0.990964055
vn 0 0 0
vn 0 0 0
vn 0 0 0
vn -0.101399161 0.0272316951 -0.99447304
vn -0.101399161 0.0272316951 -0.99447304
vn -0.101399161 0.0272316951 -0.99447304
vn 0 0 0
vn 0 0 0
vn 0 0 0
vn -0.0844364166 0.0128893219 -0.99634552
vn -0.0844364166 0.0128893219 -0.99634552
vn -0.0844364166 0.0128893219 -0.99634552
vn 0 0 0
vn 0 0 0
vn 0 0 0
vn -0.0764720067 -0.00100257539 -0.997071266
vn -0.0764720067 -0.00100257539 -0.997071266
vn -0.0764720067 -0.00100257539 -0.997071266
vn 0 0 0
vn 0 0 0
vn 0 0 0
vn -0.0724884942 -0.0236023348 -0.997089922
vn -0.0724884942 -0.0236023348 -0.997089922
vn -0.0724884942 -0.0236023348 -0.997089922
vn 0 0 0
vn 0 0 0
vn 0 0 0
vn -0.0798137784 -0.0661078617 -0.994615257
vn -0.0798137784 -0.0661078617 -0.994615257
vn -0.0798137784 -0.0661078617 -0.994615257
vn 0 0 0
vn 0 0 0
vn 0 0 0
vn -0.11200802 -0.122485332 -0.986129582
vn -0.11200802 -0.122485332 -0.986129582
vn -0.11200802 -0.122485332 -0.986129582
vn 0 0 0
vn 0 0 0
vn 0 0 0
vn -0.164650172 -0.166255891 -0.972239316
vn -0.164650172 -0.166255891 -0.972239316
vn -0.164650172 -0.166255891 -0.972239316
vn 0 0 0
vn 0 0 0
vn 0 0 0
vn -0.22493054 -0.186460301 -0.956367493
vn -0.22493054 -0.186460301 -0.956367493
vn -0.22493054 -0.186460301 -0.956367493
vn -0.301731586 -0.377134323 -0.875629902
vn -0.301731586 -0.377134323 -0.875629902
vn -0.301731586 -0.377134323 -0.875629902
vn -0.34572646 -0.385590196 -0.855449319
vn -0.34572646 -0.385590196 -0.855449319
vn -0.34572646 -0.385590196 -0.855449319
vn -0.39839679 -0.35947606 -0.843834639
vn -0.39839679 -0.35947606 -0.843834639
vn -0.39839679 -0.35947606 -0.843834639
vn -0.43376714 -0.352891147 -0.829043984
vn -0.43376714 -0.352891147 -0.829043984
vn -0.43376714 -0.352891147 -0.829043984
vn -0.476532757 -0.311139107 -0.822258413
vn -0.476532757 -0.311139107 -0.822258413
vn -0.476532757 -0.311139107 -0.822258413
vn -0.476281881 -0.311281145 -0.822350025
vn -0.476281881 -0.311281145 -0.822350025
vn -0.476281881 -0.311281145 -0.822350025
vn -0.522668481 -0.229255676 -0.821133018
vn -0.522668481 -0.229255676 -0.821133018
vn -0.522668481 -0.229255676 -0.821133018
vn -0.491457641 -0.261950821 -0.830572844
vn -0.491457641 -0.261950821 -0.830572844
vn -0.491457641 -0.261950821 -0.830572844
vn -0.523325801 -0.125986978 -0.842767775
vn -0.523325801 -0.125986978 -0.842767775
vn -0.523325801 -0.125986978 -0.842767775
vn -0.49505505 -0.181261867 -0.849743903
vn -0.49505505 -0.181261867 -0.849743903
vn -0.49505505 -0.181261867 -0.849743903
vn -0.481195718 -0.0203454345 -0.876377046
vn -0.481195718 -0.0203454345 -0.876377046
vn -0.481195718 -0.0203454345 -0.876377046
vn -0.474449098 -0.0618778393 -0.878105521
vn -0.474449098 -0.0618778393 -0.878105521
vn -0.474449098 -0.0618778393 -0.878105521
vn -0.409602612 0.0771698728 -0.908994257
vn -0.409602612 0.0771698728 -0.908994257
vn -0.409602612 0.0771698728 -0.908994257
vn -0.410276949 0.0734222084 -0.909000576
vn -0.410276949 0.0734222084 -0.909000576
vn -0.410276949 0.0734222084 -0.909000576
vn -0.318053007 0.162327945 -0.934072793
vn -0.318053007 0.162327945 -0.934072793
vn -0.318053007 0.162327945 -0.934072793
vn -0.297739744 0.196556166 -0.934193134
vn -0.297739744 0.196556166 -0.934193134
vn -0.297739744 0.196556166 -0.934193134
vn -0.211212456 0.232970715 -0.949270189
vn -0.211212456 0.232970715 -0.949270189
vn -0.211212456 0.232970715 -0.949270189
vn -0.159009516 0.27461648 -0.948315203
vn -0.159009516 0.27461648 -0.948315203
vn -0.159009516 0.27461648 -0.948315203
vn -0.089341037 0.277043104 -0.956694961
vn -0.089341037 0.277043104 -0.956694961
vn -0.089341037 0.277043104 -0.956694961
vn -0.0191274974 0.29981032 -0.953807116
vn -0.0191274974 0.29981032 -0.953807116
vn -0.0191274974 0.29981032 -0.953807116
vn 0.0408017524 0.279663086 -0.95923084
vn 0.0408017524 0.279663086 -0.95923084
vn 0.0408017524 0.279663086 -0.95923084
vn 0.115900218 0.276260704 -0.95406872
vn 0.115900218 0.276260704 -0.95406872
vn 0.115900218 0.276260704 -0.95406872
vn 0.17164427 0.230913252 -0.957714677
vn 0.17164427 0.230913252 -0.957714677
vn 0.17164427 0.230913252 -0.957714677
vn 0.203552127 0.21740441 -0.954621255
vn 0.203552127 0.21740441 -0.954621255
vn 0.203552127 0.21740441 -0.954621255
vn 0.259533942 0.122424215 -0.957942843
vn 0.259533942 0.122424215 -0.957942843
vn 0.259533942 0.122424215 -0.957942843
vn 0.243901461 0.137072563 -0.960064173
vn 0.243901461 0.137072563 -0.960064173
vn 0.243901461 0.137072563 -0.960064173
vn 0.272878259 -0.0246197227 -0.96173352
vn 0.272878259 -0.0246197227 -0.96173352
vn 0.272878259 -0.0246197227 -0.96173352
vn 0.242979482 0.0351605453 -0.969393969
vn 0.242979482 0.0351605453 -0.969393969
vn 0.242979482 0.0351605453 -0.969393969
vn 0.204752237 -0.173271835 -0.963355303
vn 0.204752237 -0.173271835 -0.963355303
vn 0.204752237 -0.173271835 -0.963355303
vn 0.195749655 -0.0885875151 -0.976644456
vn 0.195749655 -0.0885875151 -0.976644456
vn 0.195749655 -0.0885875151 -0.976644456
vn 0.076325424 -0.286035538 -0.955174446
vn 0.076325424 -0.286035538 -0.955174446
vn 0.076325424 -0.286035538 -0.955174446
vn 0.0932324231 -0.220704302 -0.970874429
vn 0.0932324231 -0.220704302 -0.970874429
vn 0.0932324231 -0.220704302 -0.970874429
vn -0.0652179196 -0.343225509 -0.936986029
vn -0.0652179196 -0.343225509 -0.936986029
vn -0.0652179196 -0.343225509 -0.936986029
vn -0.0587596111 -0.334097713 -0.940705121
vn -0.0587596111 -0.334097713 -0.940705121
vn -0.0587596111 -0.334097713 -0.940705121
vn -0.190873027 -0.371509492 -0.908596814
vn -0.190873027 -0.371509492 -0.908596814
vn -0.190873027 -0.371509492 -0.908596814
vn -0.213720828 -0.386430502 -0.897215068
vn -0.213720828 -0.386430502 -0.897215068
vn -0.213720828 -0.386430502 -0.897215068
vn -0.365671277 -0.530253351 -0.764928699
vn -0.365671277 -0.530253351 -0.764928699
vn -0.365671277 -0.530253351 -0.764928699
vn -0.395634174 -0.540292799 -0.742669046
vn -0.395634174 -0.540292799 -0.742669046
vn -0.395634174 -0.540292799 -0.742669046
vn -0.499474525 -0.481680602 -0.720075727
vn -0.499474525 -0.481680602 -0.720075727
vn -0.499474525 -0.481680602 -0.720075727
vn -0.523386419 -0.480160266 -0.703926682
vn -0.523386419 -0.480160266 -0.703926682
vn -0.523386419 -0.480160266 -0.703926682
vn -0.590331435 -0.411517292 -0.694379032
vn -0.590331435 -0.411517292 -0.694379032
vn -0.590331435 -0.411517292 -0.694379032
vn -0.561053753 -0.423218787 -0.711410165
vn -0.561053753 -0.423218787 -0.711410165
vn -0.561053753 -0.423218787 -0.711410165
vn -0.629381061 -0.308475733 -0.713247716
vn -0.629381061 -0.308475733 -0.713247716
vn -0.629381061 -0.308475733 -0.713247716
vn -0.584549606 -0.3421188 -0.735701442
vn -0.584549606 -0.3421188 -0.735701442
vn -0.584549606 -0.3421188 -0.735701442
vn -0.631078959 -0.176279619 -0.755423665
vn -0.631078959 -0.176279619 -0.755423665
vn -0.631078959 -0.176279619 -0.755423665
vn -0.626758873 -0.182025984 -0.75765419
vn -0.626758873 -0.182025984 -0.75765419
vn -0.626758873 -0.182025984 -0.75765419
vn -0.618006825 -0.00553437369 -0.786153316
vn -0.618006825 -0.00553437369 -0.786153316
vn -0.618006825 -0.00553437369 -0.786153316
vn -0.624274611 0.0128019992 -0.781100094
vn -0.624274611 0.0128019992 -0.781100094
vn -0.624274611 0.0128019992 -0.781100094
vn -0.548076749 0.191243127 -0.81427139
vn -0.548076749 0.191243127 -0.81427139
vn -0.548076749 0.191243127 -0.81427139
vn -0.547857642 0.210703835 -0.809602439
vn -0.547857642 0.210703835 -0.809602439
vn -0.547857642 0.210703835 -0.809602439
vn -0.39556846 0.365716785 -0.842482567
vn -0.39556846 0.365716785 -0.842482567
vn -0.39556846 0.365716785 -0.842482567
vn -0.390814096 0.377963364 -0.839290142
vn -0.390814096 0.377963364 -0.839290142
vn -0.390814096 0.377963364 -0.839290142
vn -0.193342194 0.465087146 -0.863893986
vn -0.193342194 0.465087146 -0.863893986
vn -0.193342194 0.465087146 -0.863893986
vn -0.156942159 0.504652858 -0.848937452
vn -0.156942159 0.504652858 -0.848937452
vn -0.156942159 0.504652858 -0.848937452
vn 0.0176152773 0.510905743 -0.859456241
vn 0.0176152773 0.510905743 -0.859456241
vn 0.0176152773 0.510905743 -0.859456241
vn 0.108061127 0.554258525 -0.825300097
vn 0.108061127 0.554258525 -0.825300097
vn 0.108061127 0.554258525 -0.825300097
vn 0.247822002 0.504618824 -0.827009022
vn 0.247822002 0.504618824 -0.827009022
vn 0.247822002 0.504618824 -0.827009022
vn 0.331926763 0.510316849 -0.793348014
vn 0.331926763 0.510316849 -0.793348014
vn 0.331926763 0.510316849 -0.793348014
vn 0.442716449 0.417524993 -0.793520629
vn 0.442716449 0.417524993 -0.793520629
vn 0.442716449 0.417524993 -0.793520629
vn 0.47636798 0.407467812 -0.779129982
vn 0.47636798 0.407467812 -0.779129982
vn 0.47636798 0.407467812 -0.779129982
vn 0.568003178 0.254421592 -0.782714546
vn 0.568003178 0.254421592 -0.782714546
vn 0.568003178 0.254421592 -0.782714546
vn 0.548352599 0.26857242 -0.791945934
vn 0.548352599 0.26857242 -0.791945934
vn 0.548352599 0.26857242 -0.791945934
vn 0.596790791 0.0351615064 -0.801626146
vn 0.596790791 0.0351615064 -0.801626146
vn 0.596790791 0.0351615064 -0.801626146
vn 0.554853678 0.094044365 -0.826615453
vn 0.554853678 0.094044365 -0.826615453
vn 0.554853678 0.094044365 -0.826615453
vn 0.508961141 -0.202876911 -0.836540222
vn 0.508961141 -0.202876911 -0.836540222
vn 0.508961141 -0.202876911 -0.836540222
vn 0.484506309 -0.115762316 -0.867094338
vn 0.484506309 -0.115762316 -0.867094338
vn 0.484506309 -0.115762316 -0.867094338
vn 0.311234564 -0.406808704 -0.858859599
vn 0.311234564 -0.406808704 -0.858859599
vn 0.311234564 -0.406808704 -0.858859599
vn 0.318498909 -0.328607976 -0.88914299
vn 0.318498909 -0.328607976 -0.88914299
vn 0.318498909 -0.328607976 -0.88914299
vn 0.0496006534 -0.526962876 -0.848439634
vn 0.0496006534 -0.526962876 -0.848439634
vn 0.0496006534 -0.526962876 -0.848439634
vn 0.0670326352 -0.492481321 -0.86773777
vn 0.0670326352 -0.492481321 -0.86773777
vn 0.0670326352 -0.492481321 -0.86773777
vn -0.183571547 -0.551514745 -0.813715518
vn -0.183571547 -0.551514745 -0.813715518
vn -0.183571547 -0.551514745 -0.813715518
vn -0.192183018 -0.559089124 -0.806526482
vn -0.192183018 -0.559089124 -0.806526482
vn -0.192183018 -0.559089124 -0.806526482
vn -0.411033511 -0.651255071 -0.637901425
vn -0.411033511 -0.651255071 -0.637901425
vn -0.411033511 -0.651255071 -0.637901425
vn -0.421497434 -0.655132771 -0.627009392
vn -0.421497434 -0.655132771 -0.627009392
vn -0.421497434 -0.655132771 -0.627009392
vn -0.566884458 -0.565793931 -0.598764718
vn -0.566884458 -0.565793931 -0.598764718
vn -0.566884458 -0.565793931 -0.598764718
vn -0.550322115 -0.565970659 -0.613859057
vn -0.550322115 -0.565970659 -0.613859057
vn -0.550322115 -0.565970659 -0.613859057
vn -0.631792903 -0.483805954 -0.605614901
vn -0.631792903 -0.483805954 -0.605614901
vn -0.631792903 -0.483805954 -0.605614901
vn -0.58495152 -0.49744305 -0.640610874
vn -0.58495152 -0.49744305 -0.640610874
vn -0.58495152 -0.49744305 -0.640610874
vn -0.666931331 -0.369981915 -0.646773577
vn -0.666931331 -0.369981915 -0.646773577
vn -0.666931331 -0.369981915 -0.646773577
vn -0.674077511 -0.365622789 -0.641824961
vn -0.674077511 -0.365622789 -0.641824961
vn -0.674077511 -0.365622789 -0.641824961
vn -0.728740335 -0.179588035 -0.660821974
vn -0.728740335 -0.179588035 -0.660821974
vn -0.728740335 -0.179588035 -0.660821974
vn -0.747327805 -0.158072695 -0.645379066
vn -0.747327805 -0.158072695 -0.645379066
vn -0.747327805 -0.158072695 -0.645379066
vn -0.738713682 0.0567302927 -0.6716277
vn -0.738713682 0.0567302927 -0.6716277
vn -0.738713682 0.0567302927 -0.6716277
vn -0.753261685 0.0932057723 -0.651083291
vn -0.753261685 0.0932057723 -0.651083291
vn -0.753261685 0.0932057723 -0.651083291
vn -0.664154768 0.31012997 -0.680233717
vn -0.664154768 0.31012997 -0.680233717
vn -0.664154768 0.31012997 -0.680233717
vn -0.665402174 0.356090277 -0.656078935
vn -0.665402174 0.356090277 -0.656078935
vn -0.665402174 0.356090277 -0.656078935
vn -0.48626253 0.544509292 -0.683416724
vn -0.48626253 0.544509292 -0.683416724
vn -0.48626253 0.544509292 -0.683416724
vn -0.47348398 0.580425501 -0.66250962
vn -0.47348398 0.580425501 -0.66250962
vn -0.47348398 0.580425501 -0.66250962
vn -0.191983536 0.705393672 -0.682321191
vn -0.191983536 0.705393672 -0.682321191
vn -0.191983536 0.705393672 -0.682321191
vn -0.166968226 0.732923508 -0.65950346
vn -0.166968226 0.732923508 -0.65950346
vn -0.166968226 0.732923508 -0.65950346
vn 0.139967337 0.736041009 -0.662308693
vn 0.139967337 0.736041009 -0.662308693
vn 0.139967337 0.736041009 -0.662308693
vn 0.225201502 0.772593975 -0.593618333
vn 0.225201502 0.772593975 -0.593618333
vn 0.225201502 0.772593975 -0.593618333
vn 0.431872606 0.685919225 -0.585662782
vn 0.431872606 0.685919225 -0.585662782
vn 0.431872606 0.685919225 -0.585662782
vn 0.511768758 0.684364498 -0.519363046
vn 0.511768758 0.684364498 -0.519363046
vn 0.511768758 0.684364498 -0.519363046
vn 0.653259397 0.555388629 -0.514583051
vn 0.653259397 0.555388629 -0.514583051
vn 0.653259397 0.555388629 -0.514583051
vn 0.665067375 0.550697863 -0.504397869
vn 0.665067375 0.550697863 -0.504397869
vn 0.665067375 0.550697863 -0.504397869
vn 0.786925495 0.350722551 -0.507683039
vn 0.786925495 0.350722551 -0.507683039
vn 0.786925495 0.350722551 -0.507683039
vn 0.751425743 0.378703505 -0.540317476
vn 0.751425743 0.378703505 -0.540317476
vn 0.751425743 0.378703505 -0.540317476
vn 0.826258898 0.0897700265 -0.556091368
vn 0.826258898 0.0897700265 -0.556091368
vn 0.826258898 0.0897700265 -0.556091368
vn 0.785197198 0.14670898 -0.601615965
vn 0.785197198 0.14670898 -0.601615965
vn 0.785197198 0.14670898 -0.601615965
vn 0.75095278 -0.213673279 -0.624830842
vn 0.75095278 -0.213673279 -0.624830842
vn 0.75095278 -0.213673279 -0.624830842
vn 0.72513181 -0.134251848 -0.675396502
vn 0.72513181 -0.134251848 -0.675396502
vn 0.72513181 -0.134251848 -0.675396502
vn 0.525458097 -0.502743363 -0.686398447
vn 0.525458097 -0.502743363 -0.686398447
vn 0.525458097 -0.502743363 -0.686398447
vn 0.528740585 -0.422659099 -0.736065567
vn 0.528740585 -0.422659099 -0.736065567
vn 0.528740585 -0.422659099 -0.736065567
vn 0.175789535 -0.684827507 -0.707184076
vn 0.175789535 -0.684827507 -0.707184076
vn 0.175789535 -0.684827507 -0.707184076
vn 0.197625026 -0.636856198 -0.745223761
vn 0.197625026 -0.636856198 -0.745223761
vn 0.197625026 -0.636856198 -0.745223761
vn -0.165064007 -0.710598052 -0.683962226
vn -0.165064007 -0.710598052 -0.683962226
vn -0.165064007 -0.710598052 -0.683962226
vn -0.159363076 -0.705263138 -0.690802038
vn -0.159363076 -0.705263138 -0.690802038
vn -0.159363076 -0.705263138 -0.690802038
vn -0.436571568 -0.755946517 -0.487801433
vn -0.436571568 -0.755946517 -0.487801433
vn -0.436571568 -0.755946517 -0.487801433
vn -0.411115706 -0.748294532 -0.520614326
vn -0.411115706 -0.748294532 -0.520614326
vn -0.411115706 -0.748294532 -0.520614326
vn -0.589678168 -0.638462782 -0.494616181
vn -0.589678168 -0.638462782 -0.494616181
vn -0.589678168 -0.638462782 -0.494616181
vn -0.538990021 -0.638665199 -0.549178064
vn -0.538990021 -0.638665199 -0.549178064
vn -0.538990021 -0.638665199 -0.549178064
vn -0.639671504 -0.543322325 -0.543710649
vn -0.639671504 -0.543322325 -0.543710649
vn -0.639671504 -0.543322325 -0.543710649
vn -0.618091643 -0.548540115 -0.563086569
vn -0.618091643 -0.548540115 -0.563086569
vn -0.618091643 -0.548540115 -0.563086569
vn -0.725715399 -0.384164363 -0.570749462
vn -0.725715399 -0.384164363 -0.570749462
vn -0.725715399 -0.384164363 -0.570749462
vn -0.752550602 -0.368457049 -0.545808554
vn -0.752550602 -0.368457049 -0.545808554
vn -0.752550602 -0.368457049 -0.545808554
vn -0.812596142 -0.157700568 -0.561086535
vn -0.812596142 -0.157700568 -0.561086535
vn -0.812596142 -0.157700568 -0.561086535
vn -0.842347682 -0.122808769 -0.524755538
vn -0.842347682 -0.122808769 -0.524755538
vn -0.842347682 -0.122808769 -0.524755538
vn -0.829942048 0.121767357 -0.544397891
vn -0.829942048 0.121767357 -0.544397891
vn -0.829942048 0.121767357 -0.544397891
vn -0.848243177 0.172542334 -0.500712097
vn -0.848243177 0.172542334 -0.500712097
vn -0.848243177 0.172542334 -0.500712097
vn -0.742194712 0.42187798 -0.520735979
vn -0.742194712 0.42187798 -0.520735979
vn -0.742194712 0.42187798 -0.520735979
vn -0.740087569 0.478206843 -0.472851574
vn -0.740087569 0.478206843 -0.472851574
vn -0.740087569 0.478206843 -0.472851574
vn -0.534518063 0.689071417 -0.489357829
vn -0.534518063 0.689071417 -0.489357829
vn -0.534518063 0.689071417 -0.489357829
vn -0.502839744 0.754032493 -0.422595561
vn -0.502839744 0.754032493 -0.422595561
vn -0.502839744 0.754032493 -0.422595561
vn -0.192298636 0.882357955 -0.429494679
vn -0.192298636 0.882357955 -0.429494679
vn -0.192298636 0.882357955 -0.429494679
vn -0.156633511 0.910556972 -0.382560104
vn -0.156633511 0.910556972 -0.382560104
vn -0.156633511 0.910556972 -0.382560104
vn 0.242948428 0.894314528 -0.375736028
vn 0.242948428 0.894314528 -0.375736028
vn 0.242948428 0.894314528 -0.375736028
vn 0.299281836 0.903751493 -0.306045026
vn 0.299281836 0.903751493 -0.306045026
vn 0.299281836 0.903751493 -0.306045026
vn 0.557312608 0.775836766 -0.295770079
vn 0.557312608 0.775836766 -0.295770079
vn 0.557312608 0.775836766 -0.295770079
vn 0.615271688 0.757720172 -0.217487618
vn 0.615271688 0.757720172 -0.217487618
vn 0.615271688 0.757720172 -0.217487618
vn 0.75153625 0.623958051 -0.214171901
vn 0.75153625 0.623958051 -0.214171901
vn 0.75153625 0.623958051 -0.214171901
vn 0.757044792 0.619963527 -0.20622386
vn 0.757044792 0.619963527 -0.20622386
vn 0.757044792 0.619963527 -0.20622386
vn 0.884973049 0.416523397 -0.208160743
vn 0.884973049 0.416523397 -0.208160743
vn 0.884973049 0.416523397 -0.208160743
vn 0.846642554 0.459381253 -0.26863578
vn 0.846642554 0.459381253 -0.26863578
vn 0.846642554 0.459381253 -0.26863578
vn 0.949756622 0.135838404 -0.281975627
vn 0.949756622 0.135838404 -0.281975627
vn 0.949756622 0.135838404 -0.281975627
vn 0.909547269 0.206335813 -0.360762358
vn 0.909547269 0.206335813 -0.360762358
vn 0.909547269 0.206335813 -0.360762358
vn 0.899769783 -0.202543795 -0.386510432
vn 0.899769783 -0.202543795 -0.386510432
vn 0.899769783 -0.202543795 -0.386510432
vn 0.882481098 -0.134609893 -0.450674385
vn 0.882481098 -0.134609893 -0.450674385
vn 0.882481098 -0.134609893 -0.450674385
vn 0.685514271 -0.554358244 -0.471971393
vn 0.685514271 -0.554358244 -0.471971393
vn 0.685514271 -0.554358244 -0.471971393
vn 0.69096756 -0.498292655 -0.523706377
vn 0.69096756 -0.498292655 -0.523706377
vn 0.69096756 -0.498292655 -0.523706377
vn 0.294786841 -0.806774259 -0.512070358
vn 0.294786841 -0.806774259 -0.512070358
vn 0.294786841 -0.806774259 -0.512070358
vn 0.317470908 -0.764981031 -0.560371578
vn 0.317470908 -0.764981031 -0.560371578
vn 0.317470908 -0.764981031 -0.560371578
vn -0.133920863 -0.849806368 -0.509798288
vn -0.133920863 -0.849806368 -0.509798288
vn -0.133920863 -0.849806368 -0.509798288
vn -0.114696592 -0.834703922 -0.538622439
vn -0.114696592 -0.834703922 -0.538622439
vn -0.114696592 -0.834703922 -0.538622439
vn -0.429137737 -0.860355496 -0.275007635
vn -0.429137737 -0.860355496 -0.275007635
vn -0.429137737 -0.860355496 -0.275007635
vn -0.375000119 -0.855621696 -0.356772363
vn -0.375000119 -0.855621696 -0.356772363
vn -0.375000119 -0.855621696 -0.356772363
vn -0.592470348 -0.730256319 -0.340153813
vn -0.592470348 -0.730256319 -0.340153813
vn -0.592470348 -0.730256319 -0.340153813
vn -0.502929211 -0.736932695 -0.45165509
vn -0.502929211 -0.736932695 -0.45165509
vn -0.502929211 -0.736932695 -0.45165509
vn -0.669208884 -0.591740847 -0.449446738
vn -0.669208884 -0.591740847 -0.449446738
vn -0.669208884 -0.591740847 -0.449446738
vn -0.65582943 -0.595422626 -0.464068711
vn -0.65582943 -0.595422626 -0.464068711
vn -0.65582943 -0.595422626 -0.464068711
vn -0.793806076 -0.384142488 -0.471493959
vn -0.793806076 -0.384142488 -0.471493959
vn -0.793806076 -0.384142488 -0.471493959
vn -0.825026453 -0.363333285 -0.43280524
vn -0.825026453 -0.363333285 -0.43280524
vn -0.825026453 -0.363333285 -0.43280524
vn -0.888038576 -0.123440981 -0.442887992
vn -0.888038576 -0.123440981 -0.442887992
vn -0.888038576 -0.123440981 -0.442887992
vn -0.91878444 -0.0803239048 -0.386501193
vn -0.91878444 -0.0803239048 -0.386501193
vn -0.91878444 -0.0803239048 -0.386501193
vn -0.897532761 0.190229446 -0.397803724
vn -0.897532761 0.190229446 -0.397803724
vn -0.897532761 0.190229446 -0.397803724
vn -0.910399079 0.247816861 -0.331300735
vn -0.910399079 0.247816861 -0.331300735
vn -0.910399079 0.247816861 -0.331300735
vn -0.785327792 0.51682514 -0.340810865
vn -0.785327792 0.51682514 -0.340810865
vn -0.785327792 0.51682514 -0.340810865
vn -0.769905627 0.584310293 -0.25656724
vn -0.769905627 0.584310293 -0.25656724
vn -0.769905627 0.584310293 -0.25656724
vn -0.531530201 0.805810452 -0.261046439
vn -0.531530201 0.805810452 -0.261046439
vn -0.531530201 0.805810452 -0.261046439
vn -0.482413054 0.860642731 -0.163008571
vn -0.482413054 0.860642731 -0.163008571
vn -0.482413054 0.860642731 -0.163008571
vn -0.167686641 0.972345233 -0.162560508
vn -0.167686641 0.972345233 -0.162560508
vn -0.167686641 0.972345233 -0.162560508
vn -0.116717041 0.989385009 -0.0865701959
vn -0.116717041 0.989385009 -0.0865701959
vn -0.116717041 0.989385009 -0.0865701959
vn 0.299453586 0.950479448 -0.0831659958
vn 0.299453586 0.950479448 -0.0831659958
vn 0.299453586 0.950479448 -0.0831659958
vn 0.334913641 0.941847742 -0.027487563
vn 0.334913641 0.941847742 -0.027487563
vn 0.334913641 0.941847742 -0.027487563
vn 0.619455338 0.784597874 -0.0261002984
vn 0.619455338 0.784597874 -0.0261002984
vn 0.619455338 0.784597874 -0.0261002984
vn 0.657570362 0.751737475 0.0499205776
vn 0.657570362 0.751737475 0.0499205776
vn 0.657570362 0.751737475 0.0499205776
vn 0.771870196 0.633882821 0.0490800999
vn 0.771870196 0.633882821 0.0490800999
vn 0.771870196 0.633882821 0.0490800999
vn 0.776281536 0.627578437 0.0594328307
vn 0.776281536 0.627578437 0.0594328307
vn 0.776281536 0.627578437 0.0594328307
vn 0.887418568 0.457030714 0.0600942038
vn 0.887418568 0.457030714 0.0600942038
vn 0.887418568 0.457030714 0.0600942038
vn 0.860057354 0.509942472 -0.0161265396
vn 0.860057354 0.509942472 -0.0161265396
vn 0.860057354 0.509942472 -0.0161265396
vn 0.981983185 0.188180789 -0.0172331836
vn 0.981983185 0.188180789 -0.0172331836
vn 0.981983185 0.188180789 -0.0172331836
vn 0.954134345 0.270817488 -0.127614647
vn 0.954134345 0.270817488 -0.127614647
vn 0.954134345 0.270817488 -0.127614647
vn 0.974057198 -0.17658563 -0.141526997
vn 0.974057198 -0.17658563 -0.141526997
vn 0.974057198 -0.17658563 -0.141526997
vn 0.97080195 -0.12725997 -0.203343421
vn 0.97080195 -0.12725997 -0.203343421
vn 0.97080195 -0.12725997 -0.203343421
vn 0.785368085 -0.579350114 -0.218060613
vn 0.785368085 -0.579350114 -0.218060613
vn 0.785368085 -0.579350114 -0.218060613
vn 0.7924698 -0.557366252 -0.247658148
vn 0.7924698 -0.557366252 -0.247658148
vn 0.7924698 -0.557366252 -0.247658148
vn 0.389536113 -0.887536168 -0.246051133
vn 0.389536113 -0.887536168 -0.246051133
vn 0.389536113 -0.887536168 -0.246051133
vn 0.407790601 -0.868053973 -0.283177286
vn 0.407790601 -0.868053973 -0.283177286
vn 0.407790601 -0.868053973 -0.283177286
vn -0.0904405117 -0.96170187 -0.258747101
vn -0.0904405117 -0.96170187 -0.258747101
vn -0.0904405117 -0.96170187 -0.258747101
vn -0.0634040684 -0.950605929 -0.303855717
vn -0.0634040684 -0.950605929 -0.303855717
vn -0.0634040684 -0.950605929 -0.303855717
vn -0.385295838 -0.921878755 -0.0410701223
vn -0.385295838 -0.921878755 -0.0410701223
vn -0.385295838 -0.921878755 -0.0410701223
vn -0.316608101 -0.936052918 -0.153506443
vn -0.316608101 -0.936052918 -0.153506443
vn -0.316608101 -0.936052918 -0.153506443
vn -0.552862346 -0.819826245 -0.149091333
vn -0.552862346 -0.819826245 -0.149091333
vn -0.552862346 -0.819826245 -0.149091333
vn -0.477830142 -0.838946402 -0.260475188
vn -0.477830142 -0.838946402 -0.260475188
vn -0.477830142 -0.838946402 -0.260475188
vn -0.715806723 -0.647224128 -0.262148201
vn -0.715806723 -0.647224128 -0.262148201
vn -0.715806723 -0.647224128 -0.262148201
vn -0.693888605 -0.657334149 -0.293990761
vn -0.693888605 -0.657334149 -0.293990761
vn -0.693888605 -0.657334149 -0.293990761
vn -0.873944759 -0.382507086 -0.299847782
vn -0.873944759 -0.382507086 -0.299847782
vn -0.873944759 -0.382507086 -0.299847782
vn -0.884548545 -0.372433126 -0.280833572
vn -0.884548545 -0.372433126 -0.280833572
vn -0.884548545 -0.372433126 -0.280833572
vn -0.954656661 -0.0813330337 -0.286383748
vn -0.954656661 -0.0813330337 -0.286383748
vn -0.954656661 -0.0813330337 -0.286383748
vn -0.97502178 -0.0358201638 -0.219202191
vn -0.97502178 -0.0358201638 -0.219202191
vn -0.97502178 -0.0358201638 -0.219202191
vn -0.940030217 0.258087575 -0.223011076
vn -0.940030217 0.258087575 -0.223011076
vn -0.940030217 0.258087575 -0.223011076
vn -0.938469887 0.314862043 -0.141902238
vn -0.938469887 0.314862043 -0.141902238
vn -0.938469887 0.314862043 -0.141902238
vn -0.7875458 0.599295199 -0.143586114
vn -0.7875458 0.599295199 -0.143586114
vn -0.7875458 0.599295199 -0.143586114
vn -0.747222245 0.663959265 -0.0285839904
vn -0.747222245 0.663959265 -0.0285839904
vn -0.747222245 0.663959265 -0.0285839904
vn -0.489094347 0.871768773 -0.0283895433
vn -0.489094347 0.871768773 -0.0283895433
vn -0.489094347 0.871768773 -0.0283895433
vn -0.421286553 0.902880669 0.0855819136
vn -0.421286553 0.902880669 0.0855819136
vn -0.421286553 0.902880669 0.0855819136
vn -0.118938416 0.98936975 0.0836732313
vn -0.118938416 0.98936975 0.0836732313
vn -0.118938416 0.98936975 0.0836732313
vn -0.0593937151 0.983424246 0.171316326
vn -0.0593937151 0.983424246 0.171316326
vn -0.0593937151 0.983424246 0.171316326
vn 0.323744416 0.932106972 0.162376672
vn 0.323744416 0.932106972 0.162376672
vn 0.323744416 0.932106972 0.162376672
vn 0.349158376 0.91397357 0.20673804
vn 0.349158376 0.91397357 0.20673804
vn 0.349158376 0.91397357 0.20673804
vn 0.640939593 0.742718339 0.193819016
vn 0.640939593 0.742718339 0.193819016
vn 0.640939593 0.742718339 0.193819016
vn 0.659997642 0.709743738 0.246306658
vn 0.659997642 0.709743738 0.246306658
vn 0.659997642 0.709743738 0.246306658
vn 0.753976047 0.61056453 0.242345214
vn 0.753976047 0.61056453 0.242345214
vn 0.753976047 0.61056453 0.242345214
vn 0.756865263 0.60227412 0.253812522
vn 0.756865263 0.60227412 0.253812522
vn 0.756865263 0.60227412 0.253812522
vn 0.837270856 0.48291719 0.256453812
vn 0.837270856 0.48291719 0.256453812
vn 0.837270856 0.48291719 0.256453812
vn 0.823369861 0.539055705 0.177428946
vn 0.823369861 0.539055705 0.177428946
vn 0.823369861 0.539055705 0.177428946
vn 0.949281037 0.249096185 0.191876307
vn 0.949281037 0.249096185 0.191876307
vn 0.949281037 0.249096185 0.191876307
vn 0.945405543 0.308349252 0.105494387
vn 0.945405543 0.308349252 0.105494387
vn 0.945405543 0.308349252 0.105494387
vn 0.982280254 -0.144532144 0.119314678
vn 0.982280254 -0.144532144 0.119314678
vn 0.982280254 -0.144532144 0.119314678
vn 0.991506934 -0.110939771 0.0678705797
vn 0.991506934 -0.110939771 0.0678705797
vn 0.991506934 -0.110939771 0.0678705797
vn 0.81219101 -0.578716815 0.0737060308
vn 0.81219101 -0.578716815 0.0737060308
vn 0.81219101 -0.578716815 0.0737060308
vn 0.825636804 -0.562601209 0.0424697027
vn 0.825636804 -0.562601209 0.0424697027
vn 0.825636804 -0.562601209 0.0424697027
vn 0.430390626 -0.901631296 0.0427192897
vn 0.430390626 -0.901631296 0.0427192897
vn 0.430390626 -0.901631296 0.0427192897
vn 0.448588729 -0.893654466 0.0122305369
vn 0.448588729 -0.893654466 0.0122305369
vn 0.448588729 -0.893654466 0.0122305369
vn -0.0495223701 -0.998708606 0.0113483351
vn -0.0495223701 -0.998708606 0.0113483351
vn -0.0495223701 -0.998708606 0.0113483351
vn -0.0150503684 -0.998896003 -0.0445007831
vn -0.0150503684 -0.998896003 -0.0445007831
vn -0.0150503684 -0.998896003 -0.0445007831
vn -0.314569235 -0.930025101 0.18999885
vn -0.314569235 -0.930025101 0.18999885
vn -0.314569235 -0.930025101 0.18999885
vn -0.238471836 -0.968951643 0.06529928
vn -0.238471836 -0.968951643 0.06529928
vn -0.238471836 -0.968951643 0.06529928
vn -0.493875742 -0.867118299 0.0647504404
vn -0.493875742 -0.867118299 0.0647504404
vn -0.493875742 -0.867118299 0.0647504404
vn -0.444690436 -0.895405889 -0.0223309323
vn -0.444690436 -0.895405889 -0.0223309323
vn -0.444690436 -0.895405889 -0.0223309323
vn -0.725781262 -0.68754673 -0.0228240043
vn -0.725781262 -0.68754673 -0.0228240043
vn -0.725781262 -0.68754673 -0.0228240043
vn -0.713182509 -0.699253142 -0.0491491295
vn -0.713182509 -0.699253142 -0.0491491295
vn -0.713182509 -0.699253142 -0.0491491295
vn -0.920469463 -0.387557387 -0.0503517203
vn -0.920469463 -0.387557387 -0.0503517203
vn -0.920469463 -0.387557387 -0.0503517203
vn -0.918449581 -0.391416103 -0.0569538698
vn -0.918449581 -0.391416103 -0.0569538698
vn -0.918449581 -0.391416103 -0.0569538698
vn -0.997648537 -0.0366514251 -0.0579138435
vn -0.997648537 -0.0366514251 -0.0579138435
vn -0.997648537 -0.0366514251 -0.0579138435
vn -0.999797404 -0.010044869 -0.0174439829
vn -0.999797404 -0.010044869 -0.0174439829
vn -0.999797404 -0.010044869 -0.0174439829
vn -0.9479177 0.318031818 -0.0175483003
vn -0.9479177 0.318031818 -0.0175483003
vn -0.9479177 0.318031818 -0.0175483003
vn -0.924367785 0.374061167 0.0749840215
vn -0.924367785 0.374061167 0.0749840215
vn -0.924367785 0.374061167 0.0749840215
vn -0.745468915 0.662401259 0.074166961
vn -0.745468915 0.662401259 0.074166961
vn -0.745468915 0.662401259 0.074166961
vn -0.680525959 0.707616866 0.190165102
vn -0.680525959 0.707616866 0.190165102
vn -0.680525959 0.707616866 0.190165102
vn -0.415592432 0.890677273 0.184328407
vn -0.415592432 0.890677273 0.184328407
vn -0.415592432 0.890677273 0.184328407
vn -0.333284557 0.895451128 0.295107961
vn -0.333284557 0.895451128 0.295107961
vn -0.333284557 0.895451128 0.295107961
vn -0.0578044392 0.957109392 0.283902168
vn -0.0578044392 0.957109392 0.283902168
vn -0.0578044392 0.957109392 0.283902168
vn -0.000919752289 0.933021963 0.35981831
vn -0.000919752289 0.933021963 0.35981831
vn -0.000919752289 0.933021963 0.35981831
vn 0.335745335 0.878863037 0.338932008
vn 0.335745335 0.878863037 0.338932008
vn 0.335745335 0.878863037 0.338932008
vn 0.352999091 0.859805107 0.368953675
vn 0.352999091 0.859805107 0.368953675
vn 0.352999091 0.859805107 0.368953675
vn 0.639507592 0.687709272 0.343636394
vn 0.639507592 0.687709272 0.343636394
vn 0.639507592 0.687709272 0.343636394
vn 0.642243266 0.680614352 0.352544457
vn 0.642243266 0.680614352 0.352544457
vn 0.642243266 0.680614352 0.352544457
vn 0.733911633 0.584008873 0.346853375
vn 0.733911633 0.584008873 0.346853375
vn 0.733911633 0.584008873 0.346853375
vn 0.735456824 0.576032519 0.356777042
vn 0.735456824 0.576032519 0.356777042
vn 0.735456824 0.576032519 0.356777042
vn 0.780745327 0.511149704 0.359392136
vn 0.780745327 0.511149704 0.359392136
vn 0.780745327 0.511149704 0.359392136
vn 0.779599607 0.530333519 0.333122849
vn 0.779599607 0.530333519 0.333122849
vn 0.779599607 0.530333519 0.333122849
vn 0.887646139 0.289510757 0.358145058
vn 0.887646139 0.289510757 0.358145058
vn 0.887646139 0.289510757 0.358145058
vn 0.893556237 0.316165864 0.318741679
vn 0.893556237 0.316165864 0.318741679
vn 0.893556237 0.316165864 0.318741679
vn 0.927267611 -0.103752024 0.359736502
vn 0.927267611 -0.103752024 0.359736502
vn 0.927267611 -0.103752024 0.359736502
vn 0.949397981 -0.0721072555 0.305686116
vn 0.949397981 -0.0721072555 0.305686116
vn 0.949397981 -0.0721072555 0.305686116
vn 0.778721511 -0.530632436 0.334697038
vn 0.778721511 -0.530632436 0.334697038
vn 0.778721511 -0.530632436 0.334697038
vn 0.799078286 -0.519022703 0.303462297
vn 0.799078286 -0.519022703 0.303462297
vn 0.799078286 -0.519022703 0.303462297
vn 0.42677632 -0.850201011 0.308253318
vn 0.42677632 -0.850201011 0.308253318
vn 0.42677632 -0.850201011 0.308253318
vn 0.453052402 -0.848352015 0.273938447
vn 0.453052402 -0.848352015 0.273938447
vn 0.453052402 -0.848352015 0.273938447
vn -0.0145487003 -0.965600014 0.259624422
vn -0.0145487003 -0.965600014 0.259624422
vn -0.0145487003 -0.965600014 0.259624422
vn 0.0274521001 -0.979394138 0.20008418
vn 0.0274521001 -0.979394138 0.20008418
vn 0.0274521001 -0.979394138 0.20008418
vn -0.224294484 -0.889843464 0.397329181
vn -0.224294484 -0.889843464 0.397329181
vn -0.224294484 -0.889843464 0.397329181
vn -0.151004642 -0.946344376 0.285709321
vn -0.151004642 -0.946344376 0.285709321
vn -0.151004642 -0.946344376 0.285709321
vn -0.421758741 -0.859409988 0.289022684
vn -0.421758741 -0.859409988 0.289022684
vn -0.421758741 -0.859409988 0.289022684
vn -0.39485839 -0.888345301 0.234370202
vn -0.39485839 -0.888345301 0.234370202
vn -0.39485839 -0.888345301 0.234370202
vn -0.689068139 -0.682974398 0.242344826
vn -0.689068139 -0.682974398 0.242344826
vn -0.689068139 -0.682974398 0.242344826
vn -0.683062375 -0.69562155 0.222567648
vn -0.683062375 -0.69562155 0.222567648
vn -0.683062375 -0.69562155 0.222567648
vn -0.894069076 -0.384932578 0.229057938
vn -0.894069076 -0.384932578 0.229057938
vn -0.894069076 -0.384932578 0.229057938
vn -0.893852234 -0.38770017 0.225203514
vn -0.893852234 -0.38770017 0.225203514
vn -0.893852234 -0.38770017 0.225203514
vn -0.973539948 -0.0103545031 0.228281617
vn -0.973539948 -0.0103545031 0.228281617
vn -0.973539948 -0.0103545031 0.228281617
vn -0.971349299 -0.00373480003 0.237627074
vn -0.971349299 -0.00373480003 0.237627074
vn -0.971349299 -0.00373480003 0.237627074
vn -0.900259554 0.365726203 0.236172006
vn -0.900259554 0.365726203 0.236172006
vn -0.900259554 0.365726203 0.236172006
vn -0.863899648 0.4031744 0.301873684
vn -0.863899648 0.4031744 0.301873684
vn -0.863899648 0.4031744 0.301873684
vn -0.661181211 0.691137254 0.291836739
vn -0.661181211 0.691137254 0.291836739
vn -0.661181211 0.691137254 0.291836739
vn -0.582167149 0.71573019 0.385761142
vn -0.582167149 0.71573019 0.385761142
vn -0.582167149 0.71573019 0.385761142
vn -0.321923971 0.87307173 0.366211295
vn -0.321923971 0.87307173 0.366211295
vn -0.321923971 0.87307173 0.366211295
vn -0.249814898 0.861816227 0.441435546
vn -0.249814898 0.861816227 0.441435546
vn -0.249814898 0.861816227 0.441435546
vn 0.00168794964 0.907446504 0.420164287
vn 0.00168794964 0.907446504 0.420164287
vn 0.00168794964 0.907446504 0.420164287
vn 0.0494976453 0.878794014 0.474627167
vn 0.0494976453 0.878794014 0.474627167
vn 0.0494976453 0.878794014 0.474627167
vn 0.343696505 0.826271415 0.446260303
vn 0.343696505 0.826271415 0.446260303
vn 0.343696505 0.826271415 0.446260303
vn 0.351906508 0.815709949 0.459106892
vn 0.351906508 0.815709949 0.459106892
vn 0.351906508 0.815709949 0.459106892
vn 0.623242795 0.654146969 0.428555667
vn 0.623242795 0.654146969 0.428555667
vn 0.623242795 0.654146969 0.428555667
vn 0.611179769 0.687055767 0.392955065
vn 0.611179769 0.687055767 0.392955065
vn 0.611179769 0.687055767 0.392955065
vn 0.726447284 0.568670511 0.385860294
vn 0.726447284 0.568670511 0.385860294
vn 0.726447284 0.568670511 0.385860294
vn 0.730196953 0.541741729 0.416327268
vn 0.730196953 0.541741729 0.416327268
vn 0.730196953 0.541741729 0.416327268
vn 0.748436809 0.515291929 0.417512476
vn 0.748436809 0.515291929 0.417512476
vn 0.748436809 0.515291929 0.417512476
vn 0.745573342 0.481156379 0.461095452
vn 0.745573342 0.481156379 0.461095452
vn 0.745573342 0.481156379 0.461095452
vn 0.819741845 0.304635137 0.484995514
vn 0.819741845 0.304635137 0.484995514
vn 0.819741845 0.304635137 0.484995514
vn 0.820757985 0.306837857 0.481878549
vn 0.820757985 0.306837857 0.481878549
vn 0.820757985 0.306837857 0.481878549
vn 0.843212008 -0.04857428 0.535382271
vn 0.843212008 -0.04857428 0.535382271
vn 0.843212008 -0.04857428 0.535382271
vn 0.865412414 -0.0284879711 0.500249743
vn 0.865412414 -0.0284879711 0.500249743
vn 0.865412414 -0.0284879711 0.500249743
vn 0.705724716 -0.449572086 0.547574103
vn 0.705724716 -0.449572086 0.547574103
vn 0.705724716 -0.449572086 0.547574103
vn 0.738844275 -0.43911612 0.511161566
vn 0.738844275 -0.43911612 0.511161566
vn 0.738844275 -0.43911612 0.511161566
vn 0.399253875 -0.751921058 0.524605632
vn 0.399253875 -0.751921058 0.524605632
vn 0.399253875 -0.751921058 0.524605632
vn 0.435200542 -0.756083071 0.488813788
vn 0.435200542 -0.756083071 0.488813788
vn 0.435200542 -0.756083071 0.488813788
vn 0.0151826553 -0.880583525 0.473647475
vn 0.0151826553 -0.880583525 0.473647475
vn 0.0151826553 -0.880583525 0.473647475
vn 0.0732791051 -0.910653353 0.406621158
vn 0.0732791051 -0.910653353 0.406621158
vn 0.0732791051 -0.910653353 0.406621158
vn -0.127514347 -0.813354254 0.567622125
vn -0.127514347 -0.813354254 0.567622125
vn -0.127514347 -0.813354254 0.567622125
vn -0.0745765492 -0.863689005 0.49847737
vn -0.0745765492 -0.863689005 0.49847737
vn -0.0745765492 -0.863689005 0.49847737
vn -0.336284786 -0.791001976 0.511105001
vn -0.336284786 -0.791001976 0.511105001
vn -0.336284786 -0.791001976 0.511105001
vn -0.324400723 -0.811374903 0.4862459
vn -0.324400723 -0.811374903 0.4862459
vn -0.324400723 -0.811374903 0.4862459
vn -0.59548974 -0.625033855 0.504702508
vn -0.59548974 -0.625033855 0.504702508
vn -0.59548974 -0.625033855 0.504702508
vn -0.593249559 -0.637791693 0.491199195
vn -0.593249559 -0.637791693 0.491199195
vn -0.593249559 -0.637791693 0.491199195
vn -0.788036883 -0.350638598 0.506014347
vn -0.788036883 -0.350638598 0.506014347
vn -0.788036883 -0.350638598 0.506014347
vn -0.788439929 -0.352604508 0.504016519
vn -0.788439929 -0.352604508 0.504016519
vn -0.788439929 -0.352604508 0.504016519
vn -0.860133231 -0.00381035218 0.510055244
vn -0.860133231 -0.00381035218 0.510055244
vn -0.860133231 -0.00381035218 0.510055244
vn -0.848939419 0.0125550739 0.528341234
vn -0.848939419 0.0125550739 0.528341234
vn -0.848939419 0.0125550739 0.528341234
vn -0.770704508 0.369831532 0.518882751
vn -0.770704508 0.369831532 0.518882751
vn -0.770704508 0.369831532 0.518882751
vn -0.734200954 0.39208883 0.554269969
vn -0.734200954 0.39208883 0.554269969
vn -0.734200954 0.39208883 0.554269969
vn -0.526342094 0.667882562 0.52620995
vn -0.526342094 0.667882562 0.52620995
vn -0.526342094 0.667882562 0.52620995
vn -0.480228007 0.673922658 0.561435044
vn -0.480228007 0.673922658 0.561435044
vn -0.480228007 0.673922658 0.561435044
vn -0.226842225 0.819397926 0.526431024
vn -0.226842225 0.819397926 0.526431024
vn -0.226842225 0.819397926 0.526431024
vn -0.194809064 0.811538994 0.550866604
vn -0.194809064 0.811538994 0.550866604
vn -0.194809064 0.811538994 0.550866604
vn 0.0533172451 0.852473855 0.52004379
vn 0.0533172451 0.852473855 0.52004379
vn 0.0533172451 0.852473855 0.52004379
vn 0.0843472853 0.832256198 0.547937095
vn 0.0843472853 0.832256198 0.547937095
vn 0.0843472853 0.832256198 0.547937095
vn 0.345391631 0.783831358 0.516055346
vn 0.345391631 0.783831358 0.516055346
vn 0.345391631 0.783831358 0.516055346
vn 0.351196975 0.776368201 0.523367167
vn 0.351196975 0.776368201 0.523367167
vn 0.351196975 0.776368201 0.523367167
vn 0.585025012 0.642377913 0.495072126
vn 0.585025012 0.642377913 0.495072126
vn 0.585025012 0.642377913 0.495072126
vn 0.575473487 0.667228401 0.472902119
vn 0.575473487 0.667228401 0.472902119
vn 0.575473487 0.667228401 0.472902119
vn 0.712784469 0.527135074 0.462673724
vn 0.712784469 0.527135074 0.462673724
vn 0.712784469 0.527135074 0.462673724
vn 0.714563131 0.510963798 0.477823824
vn 0.714563131 0.510963798 0.477823824
vn 0.714563131 0.510963798 0.477823824
vn 0.736441791 0.477642089 0.479073554
vn 0.736441791 0.477642089 0.479073554
vn 0.736441791 0.477642089 0.479073554
vn 0.726344645 0.415845811 0.547262013
vn 0.726344645 0.415845811 0.547262013
vn 0.726344645 0.415845811 0.547262013
vn 0.768929303 0.303280622 0.562821865
vn 0.768929303 0.303280622 0.562821865
vn 0.768929303 0.303280622 0.562821865
vn 0.751613259 0.274462759 0.599789739
vn 0.751613259 0.274462759 0.599789739
vn 0.751613259 0.274462759 0.599789739
vn 0.760848105 8.99445731e-05 0.648930132
vn 0.760848105 8.99445731e-05 0.648930132
vn 0.760848105 8.99445731e-05 0.648930132
vn 0.766862094 0.00443410035 0.641796649
vn 0.766862094 0.00443410035 0.641796649
vn 0.766862094 0.00443410035 0.641796649
vn 0.625433981 -0.352532715 0.696098387
vn 0.625433981 -0.352532715 0.696098387
vn 0.625433981 -0.352532715 0.696098387
vn 0.667226911 -0.343196005 0.661078453
vn 0.667226911 -0.343196005 0.661078453
vn 0.667226911 -0.343196005 0.661078453
vn 0.363210678 -0.631293833 0.685234308
vn 0.363210678 -0.631293833 0.685234308
vn 0.363210678 -0.631293833 0.685234308
vn 0.411954492 -0.640155673 0.648455262
vn 0.411954492 -0.640155673 0.648455262
vn 0.411954492 -0.640155673 0.648455262
vn 0.0500891656 -0.764630854 0.642519057
vn 0.0500891656 -0.764630854 0.642519057
vn 0.0500891656 -0.764630854 0.642519057
vn 0.133740321 -0.812681615 0.567152798
vn 0.133740321 -0.812681615 0.567152798
vn 0.133740321 -0.812681615 0.567152798
vn -0.0460277572 -0.704607487 0.708102822
vn -0.0460277572 -0.704607487 0.708102822
vn -0.0460277572 -0.704607487 0.708102822
vn -0.022656139 -0.728342831 0.684838295
vn -0.022656139 -0.728342831 0.684838295
vn -0.022656139 -0.728342831 0.684838295
vn -0.240879908 -0.668806374 0.703331292
vn -0.240879908 -0.668806374 0.703331292
vn -0.240879908 -0.668806374 0.703331292
vn -0.240979835 -0.668590724 0.703502059
vn -0.240979835 -0.668590724 0.703502059
vn -0.240979835 -0.668590724 0.703502059
vn -0.451429546 -0.519348979 0.725594878
vn -0.451429546 -0.519348979 0.725594878
vn -0.451429546 -0.519348979 0.725594878
vn -0.451187044 -0.523071229 0.723067582
vn -0.451187044 -0.523071229 0.723067582
vn -0.451187044 -0.523071229 0.723067582
vn -0.606869161 -0.286465019 0.741382241
vn -0.606869161 -0.286465019 0.741382241
vn -0.606869161 -0.286465019 0.741382241
vn -0.603527129 -0.276182353 0.747982919
vn -0.603527129 -0.276182353 0.747982919
vn -0.603527129 -0.276182353 0.747982919
vn -0.658410907 0.01246686 0.75255549
vn -0.658410907 0.01246686 0.75255549
vn -0.658410907 0.01246686 0.75255549
vn -0.634969652 0.0398840383 0.771506846
vn -0.634969652 0.0398840383 0.771506846
vn -0.634969652 0.0398840383 0.771506846
vn -0.56864804 0.330313146 0.753347576
vn -0.56864804 0.330313146 0.753347576
vn -0.56864804 0.330313146 0.753347576
vn -0.53895402 0.345174849 0.768363833
vn -0.53895402 0.345174849 0.768363833
vn -0.53895402 0.345174849 0.768363833
vn -0.36775732 0.576839268 0.729390919
vn -0.36775732 0.576839268 0.729390919
vn -0.36775732 0.576839268 0.729390919
vn -0.353928208 0.577970982 0.735312402
vn -0.353928208 0.577970982 0.735312402
vn -0.353928208 0.577970982 0.735312402
vn -0.136400983 0.708923936 0.691969454
vn -0.136400983 0.708923936 0.691969454
vn -0.136400983 0.708923936 0.691969454
vn -0.131538302 0.707620203 0.694241583
vn -0.131538302 0.707620203 0.694241583
vn -0.131538302 0.707620203 0.694241583
vn 0.0994204059 0.749023557 0.655041456
vn 0.0994204059 0.749023557 0.655041456
vn 0.0994204059 0.749023557 0.655041456
vn 0.114942193 0.738707662 0.664153099
vn 0.114942193 0.738707662 0.664153099
vn 0.114942193 0.738707662 0.664153099
vn 0.339002013 0.699602425 0.628994584
vn 0.339002013 0.699602425 0.628994584
vn 0.339002013 0.699602425 0.628994584
vn 0.344344109 0.692835331 0.63356632
vn 0.344344109 0.692835331 0.63356632
vn 0.344344109 0.692835331 0.63356632
vn 0.533510506 0.589299142 0.606706858
vn 0.533510506 0.589299142 0.606706858
vn 0.533510506 0.589299142 0.606706858
vn 0.522173584 0.617322385 0.588428378
vn 0.522173584 0.617322385 0.588428378
vn 0.522173584 0.617322385 0.588428378
vn 0.668571949 0.471098572 0.575393558
vn 0.668571949 0.471098572 0.575393558
vn 0.668571949 0.471098572 0.575393558
vn 0.665670753 0.495332897 0.558146715
vn 0.665670753 0.495332897 0.558146715
vn 0.665670753 0.495332897 0.558146715
vn 0.71768707 0.412906915 0.560743451
vn 0.71768707 0.412906915 0.560743451
vn 0.71768707 0.412906915 0.560743451
vn 0.705846727 0.344856441 0.61875248
vn 0.705846727 0.344856441 0.61875248
vn 0.705846727 0.344856441 0.61875248
vn 0.728858292 0.274355292 0.62729162
vn 0.728858292 0.274355292 0.62729162
vn 0.728858292 0.274355292 0.62729162
vn 0.693213046 0.216806337 0.687350452
vn 0.693213046 0.216806337 0.687350452
vn 0.693213046 0.216806337 0.687350452
vn 0.692197144 0.0283837188 0.7211501
vn 0.692197144 0.0283837188 0.7211501
vn 0.692197144 0.0283837188 0.7211501
vn 0.672478735 0.0145956716 0.739972591
vn 0.672478735 0.0145956716 0.739972591
vn 0.672478735 0.0145956716 0.739972591
vn 0.558528066 -0.257969975 0.788351417
vn 0.558528066 -0.257969975 0.788351417
vn 0.558528066 -0.257969975 0.788351417
vn 0.587631702 -0.251471728 0.769058466
vn 0.587631702 -0.251471728 0.769058466
vn 0.587631702 -0.251471728 0.769058466
vn 0.329387665 -0.499394566 0.801316917
vn 0.329387665 -0.499394566 0.801316917
vn 0.329387665 -0.499394566 0.801316917
vn 0.415775925 -0.512938678 0.751015425
vn 0.415775925 -0.512938678 0.751015425
vn 0.415775925 -0.512938678 0.751015425
vn 0.103025459 -0.637695789 0.763367474
vn 0.103025459 -0.637695789 0.763367474
vn 0.103025459 -0.637695789 0.763367474
vn 0.202984899 -0.690670967 0.694097042
vn 0.202984899 -0.690670967 0.694097042
vn 0.202984899 -0.690670967 0.694097042
vn 0.0128420061 -0.529281139 0.848349273
vn 0.0128420061 -0.529281139 0.848349273
vn 0.0128420061 -0.529281139 0.848349273
vn 0.0275035761 -0.543057919 0.839244783
vn 0.0275035761 -0.543057919 0.839244783
vn 0.0275035761 -0.543057919 0.839244783
vn -0.140532866 -0.49387458 0.858101666
vn -0.140532866 -0.49387458 0.858101666
vn -0.140532866 -0.49387458 0.858101666
vn -0.144896805 -0.485032201 0.862408698
vn -0.144896805 -0.485032201 0.862408698
vn -0.144896805 -0.485032201 0.862408698
vn -0.28381452 -0.380843133 0.880004406
vn -0.28381452 -0.380843133 0.880004406
vn -0.28381452 -0.380843133 0.880004406
vn -0.286211759 -0.354533583 0.89016217
vn -0.286211759 -0.354533583 0.89016217
vn -0.286211759 -0.354533583 0.89016217
vn -0.384763122 -0.195263997 0.902124822
vn -0.384763122 -0.195263997 0.902124822
vn -0.384763122 -0.195263997 0.902124822
vn -0.375280499 -0.162632942 0.91253221
vn -0.375280499 -0.162632942 0.91253221
vn -0.375280499 -0.162632942 0.91253221
vn -0.410186559 0.0387265198 0.911179066
vn -0.410186559 0.0387265198 0.911179066
vn -0.410186559 0.0387265198 0.911179066
vn -0.392138958 0.0618641414 0.917823374
vn -0.392138958 0.0618641414 0.917823374
vn -0.392138958 0.0618641414 0.917823374
vn -0.346488774 0.271302164 0.897964835
vn -0.346488774 0.271302164 0.897964835
vn -0.346488774 0.271302164 0.897964835
vn -0.331912667 0.279762119 0.900870204
vn -0.331912667 0.279762119 0.900870204
vn -0.331912667 0.279762119 0.900870204
vn -0.211574763 0.454436809 0.86528796
vn -0.211574763 0.454436809 0.86528796
vn -0.211574763 0.454436809 0.86528796
vn -0.211111337 0.454508334 0.865363598
vn -0.211111337 0.454508334 0.865363598
vn -0.211111337 0.454508334 0.865363598
vn -0.047800608 0.562421441 0.825468004
vn -0.047800608 0.562421441 0.825468004
vn -0.047800608 0.562421441 0.825468004
vn -0.0534750745 0.5635342 0.824360073
vn -0.0534750745 0.5635342 0.824360073
vn -0.0534750745 0.5635342 0.824360073
vn 0.140978172 0.605333269 0.783388019
vn 0.140978172 0.605333269 0.783388019
vn 0.140978172 0.605333269 0.783388019
vn 0.14048554 0.605619311 0.783255458
vn 0.14048554 0.605619311 0.783255458
vn 0.14048554 0.605619311 0.783255458
vn 0.328180343 0.577807426 0.747285962
vn 0.328180343 0.577807426 0.747285962
vn 0.328180343 0.577807426 0.747285962
vn 0.319729269 0.587181211 0.743633866
vn 0.319729269 0.587181211 0.743633866
vn 0.319729269 0.587181211 0.743633866
vn 0.466827542 0.512170434 0.720939338
vn 0.466827542 0.512170434 0.720939338
vn 0.466827542 0.512170434 0.720939338
vn 0.461470038 0.523325861 0.716362596
vn 0.461470038 0.523325861 0.716362596
vn 0.461470038 0.523325861 0.716362596
vn 0.573821008 0.415539116 0.705731273
vn 0.573821008 0.415539116 0.705731273
vn 0.573821008 0.415539116 0.705731273
vn 0.570606351 0.434731722 0.696718574
vn 0.570606351 0.434731722 0.696718574
vn 0.570606351 0.434731722 0.696718574
vn 0.638424158 0.322060317 0.69906497
vn 0.638424158 0.322060317 0.69906497
vn 0.638424158 0.322060317 0.69906497
vn 0.6363222 0.306457609 0.707939029
vn 0.6363222 0.306457609 0.707939029
vn 0.6363222 0.306457609 0.707939029
vn 0.661457241 0.217754126 0.717674971
vn 0.661457241 0.217754126 0.717674971
vn 0.661457241 0.217754126 0.717674971
vn 0.628073752 0.154912397 0.76257813
vn 0.628073752 0.154912397 0.76257813
vn 0.628073752 0.154912397 0.76257813
vn 0.62207824 0.0329728574 0.782260478
vn 0.62207824 0.0329728574 0.782260478
vn 0.62207824 0.0329728574 0.782260478
vn 0.582881391 0.000775777153 0.812556922
vn 0.582881391 0.000775777153 0.812556922
vn 0.582881391 0.000775777153 0.812556922
vn 0.501631379 -0.181309909 0.845868051
vn 0.501631379 -0.181309909 0.845868051
vn 0.501631379 -0.181309909 0.845868051
vn 0.521460116 -0.175065428 0.835123599
vn 0.521460116 -0.175065428 0.835123599
vn 0.521460116 -0.175065428 0.835123599
vn 0.328316003 -0.363924593 0.871646404
vn 0.328316003 -0.363924593 0.871646404
vn 0.328316003 -0.363924593 0.871646404
vn 0.42090252 -0.36914131 0.828598619
vn 0.42090252 -0.36914131 0.828598619
vn 0.42090252 -0.36914131 0.828598619
vn 0.1661513 -0.481874555 0.860343337
vn 0.1661513 -0.481874555 0.860343337
vn 0.1661513 -0.481874555 0.860343337
vn 0.24068132 -0.513764918 0.823479235
vn 0.24068132 -0.513764918 0.823479235
vn 0.24068132 -0.513764918 0.823479235
vn 0.0730737597 -0.278959006 0.957518756
vn 0.0730737597 -0.278959006 0.957518756
vn 0.0730737597 -0.278959006 0.957518756
vn 0.101026133 -0.298599273 0.949016392
vn 0.101026133 -0.298599273 0.949016392
vn 0.101026133 -0.298599273 0.949016392
vn -0.0174071323 -0.260025591 0.965444863
vn -0.0174071323 -0.260025591 0.965444863
vn -0.0174071323 -0.260025591 0.965444863
vn -0.022792222 -0.252150923 0.967419505
vn -0.022792222 -0.252150923 0.967419505
vn -0.022792222 -0.252150923 0.967419505
vn -0.0969798192 -0.192447394 0.976503372
vn -0.0969798192 -0.192447394 0.976503372
vn -0.0969798192 -0.192447394 0.976503372
vn -0.104404673 -0.162305862 0.98120153
vn -0.104404673 -0.162305862 0.98120153
vn -0.104404673 -0.162305862 0.98120153
vn -0.1523761 -0.0805571899 0.985034049
vn -0.1523761 -0.0805571899 0.985034049
vn -0.1523761 -0.0805571899 0.985034049
vn -0.148280725 -0.0458564013 0.987881541
vn -0.148280725 -0.0458564013 0.987881541
vn -0.148280725 -0.0458564013 0.987881541
vn -0.166301802 0.0595855303 0.984272957
vn -0.166301802 0.0595855303 0.984272957
vn -0.166301802 0.0595855303 0.984272957
vn -0.154368863 0.082457684 0.98456651
vn -0.154368863 0.082457684 0.98456651
vn -0.154368863 0.082457684 0.98456651
vn -0.130916849 0.201890334 0.970618844
vn -0.130916849 0.201890334 0.970618844
vn -0.130916849 0.201890334 0.970618844
vn -0.125065997 0.207022041 0.970309377
vn -0.125065997 0.207022041 0.970309377
vn -0.125065997 0.207022041 0.970309377
vn -0.0545465015 0.318679154 0.946291864
vn -0.0545465015 0.318679154 0.946291864
vn -0.0545465015 0.318679154 0.946291864
vn -0.0622165427 0.315883875 0.946755767
vn -0.0622165427 0.315883875 0.946755767
vn -0.0622165427 0.315883875 0.946755767
vn 0.0444867574 0.394215465 0.917940676
vn 0.0444867574 0.394215465 0.917940676
vn 0.0444867574 0.394215465 0.917940676
vn 0.0423854478 0.394239634 0.918029785
vn 0.0423854478 0.394239634 0.918029785
vn 0.0423854478 0.394239634 0.918029785
vn 0.175631821 0.429456472 0.885844529
vn 0.175631821 0.429456472 0.885844529
vn 0.175631821 0.429456472 0.885844529
vn 0.160714939 0.435046673 0.885948718
vn 0.160714939 0.435046673 0.885948718
vn 0.160714939 0.435046673 0.885948718
vn 0.29740274 0.420832157 0.857001662
vn 0.29740274 0.420832157 0.857001662
vn 0.29740274 0.420832157 0.857001662
vn 0.277494192 0.436981529 0.855595767
vn 0.277494192 0.436981529 0.855595767
vn 0.277494192 0.436981529 0.855595767
vn 0.388688445 0.384895474 0.83712405
vn 0.388688445 0.384895474 0.83712405
vn 0.388688445 0.384895474 0.83712405
vn 0.37939772 0.398823559 0.834863484
vn 0.37939772 0.398823559 0.834863484
vn 0.37939772 0.398823559 0.834863484
vn 0.451541573 0.332407802 0.828018785
vn 0.451541573 0.332407802 0.828018785
vn 0.451541573 0.332407802 0.828018785
vn 0.453200489 0.326902956 0.829303145
vn 0.453200489 0.326902956 0.829303145
vn 0.453200489 0.326902956 0.829303145
vn 0.493706912 0.25822261 0.830406308
vn 0.493706912 0.25822261 0.830406308
vn 0.493706912 0.25822261 0.830406308
vn 0.493257642 0.23419936 0.837763369
vn 0.493257642 0.23419936 0.837763369
vn 0.493257642 0.23419936 0.837763369
vn 0.511021674 0.158809677 0.844770074
vn 0.511021674 0.158809677 0.844770074
vn 0.511021674 0.158809677 0.844770074
vn 0.500600576 0.13091518 0.85572207
vn 0.500600576 0.13091518 0.85572207
vn 0.500600576 0.13091518 0.85572207
vn 0.4918226 0.0361179225 0.869946003
vn 0.4918226 0.0361179225 0.869946003
vn 0.4918226 0.0361179225 0.869946003
vn 0.479916811 0.0225475188 0.877024233
vn 0.479916811 0.0225475188 0.877024233
vn 0.479916811 0.0225475188 0.877024233
vn 0.425416768 -0.0932058394 0.900185227
vn 0.425416768 -0.0932058394 0.900185227
vn 0.425416768 -0.0932058394 0.900185227
vn 0.433169425 -0.0891758427 0.896890163
vn 0.433169425 -0.0891758427 0.896890163
vn 0.433169425 -0.0891758427 0.896890163
vn 0.322146535 -0.197008207 0.925963998
vn 0.322146535 -0.197008207 0.925963998
vn 0.322146535 -0.197008207 0.925963998
vn 0.352521241 -0.193624377 0.91555357
vn 0.352521241 -0.193624377 0.91555357
vn 0.352521241 -0.193624377 0.91555357
vn 0.196109235 -0.260982871 0.945213795
vn 0.196109235 -0.260982871 0.945213795
vn 0.196109235 -0.260982871 0.945213795
vn 0.237621874 -0.271695375 0.932586491
vn 0.237621874 -0.271695375 0.932586491
vn 0.237621874 -0.271695375 0.932586491
vn 0.146867752 -0.0179941058 0.988992453
vn 0.146867752 -0.0179941058 0.988992453
vn 0.146867752 -0.0179941058 0.988992453
vn -0.0156154726 -0.0312309451 -0.999390244
vn -0.0156154726 -0.0312309451 -0.999390244
vn -0.0156154726 -0.0312309451 -0.999390244
vn 0.114736252 -0.00614201417 0.993376911
vn 0.114736252 -0.00614201417 0.993376911
vn 0.114736252 -0.00614201417 0.993376911
vn -0.0311739855 -0.0623479709 -0.997567534
vn -0.0311739855 -0.0623479709 -0.997567534
vn -0.0311739855 -0.0623479709 -0.997567534
vn 0.0963532254 0.00945784338 0.99530226
vn 0.0963532254 0.00945784338 0.99530226
vn 0.0963532254 0.00945784338 0.99530226
vn -0.0827605873 -0.0827605873 -0.993127048
vn -0.0827605873 -0.0827605873 -0.993127048
vn -0.0827605873 -0.0827605873 -0.993127048
vn 0.0805036724 0.0370453447 0.996065617
vn 0.0805036724 0.0370453447 0.996065617
vn 0.0805036724 0.0370453447 0.996065617
vn -0.0777369067 -0.0621895269 -0.99503243
vn -0.0777369067 -0.0621895269 -0.99503243
vn -0.0777369067 -0.0621895269 -0.99503243
vn 0.0729242787 0.0791034326 0.994195521
vn 0.0729242787 0.0791034326 0.994195521
vn 0.0729242787 0.0791034326 0.994195521
vn -0.0623782873 0 -0.998052597
vn -0.0623782873 0 -0.998052597
vn -0.0623782873 0 -0.998052597
vn 0.0810366794 0.126997828 0.988587201
vn 0.0810366794 0.126997828 0.988587201
vn 0.0810366794 0.126997828 0.988587201
vn -0.00585927442 0 -0.999982834
vn -0.00585927442 0 -0.999982834
vn -0.00585927442 0 -0.999982834
vn 0.105957583 0.170282394 0.979682028
vn 0.105957583 0.170282394 0.979682028
vn 0.105957583 0.170282394 0.979682028
vn 0.0415945165 -0.0415945165 -0.998268366
vn 0.0415945165 -0.0415945165 -0.998268366
vn 0.0415945165 -0.0415945165 -0.998268366
vn 0.150660053 0.206716508 0.966731489
vn 0.150660053 0.206716508 0.966731489
vn 0.150660053 0.206716508 0.966731489
vn 0.0824085698 -0.123612851 -0.988902807
vn 0.0824085698 -0.123612851 -0.988902807
vn 0.0824085698 -0.123612851 -0.988902807
vn 0.202630654 0.223537743 0.953400135
vn 0.202630654 0.223537743 0.953400135
vn 0.202630654 0.223537743 0.953400135
vn 0.14380163 -0.225900635 -0.963478029
vn 0.14380163 -0.225900635 -0.963478029
vn 0.14380163 -0.225900635 -0.963478029
vn 0.247508377 0.221170634 0.94330442
vn 0.247508377 0.221170634 0.94330442
vn 0.247508377 0.221170634 0.94330442
vn -0.136082768 -0.272165537 -0.952579379
vn -0.136082768 -0.272165537 -0.952579379
vn -0.136082768 -0.272165537 -0.952579379
vn 0.277884573 0.20828566 0.937761784
vn 0.277884573 0.20828566 0.937761784
vn 0.277884573 0.20828566 0.937761784
vn -0.235702276 -0.235702276 -0.942809105
vn -0.235702276 -0.235702276 -0.942809105
vn -0.235702276 -0.235702276 -0.942809105
vn 0.296258003 0.191868588 0.935637593
vn 0.296258003 0.191868588 0.935637593
vn 0.296258003 0.191868588 0.935637593
vn -0.312347531 -0.156173766 -0.937042594
vn -0.312347531 -0.156173766 -0.937042594
vn -0.312347531 -0.156173766 -0.937042594
vn 0.308846474 0.170161709 0.935766459
vn 0.308846474 0.170161709 0.935766459
vn 0.308846474 0.170161709 0.935766459
vn -0.333333343 -0.13333334 -0.933333397
vn -0.333333343 -0.13333334 -0.933333397
vn -0.333333343 -0.13333334 -0.933333397
vn 0.315911829 0.136550084 0.938911021
vn 0.315911829 0.136550084 0.938911021
vn 0.315911829 0.136550084 0.938911021
vn -0.327110529 0 -0.944985986
vn -0.327110529 0 -0.944985986
vn -0.327110529 0 -0.944985986
vn 0.310060084 0.0900940746 0.946438551
vn 0.310060084 0.0900940746 0.946438551
vn 0.310060084 0.0900940746 0.946438551
vn -0.184288546 0 -0.982872248
vn -0.184288546 0 -0.982872248
vn -0.184288546 0 -0.982872248
vn 0.284414351 0.0402830467 0.957854748
vn 0.284414351 0.0402830467 0.957854748
vn 0.284414351 0.0402830467 0.957854748
vn -0.123091489 0.123091489 -0.984731913
vn -0.123091489 0.123091489 -0.984731913
vn -0.123091489 0.123091489 -0.984731913
vn 0.241072103 0.0012944648 0.97050631
vn 0.241072103 0.0012944648 0.97050631
vn 0.241072103 0.0012944648 0.97050631
vn -0.0827605873 0.0827605873 -0.993127048
vn -0.0827605873 0.0827605873 -0.993127048
vn -0.0827605873 0.0827605873 -0.993127048
vn 0.191123515 -0.0178560428 0.981403589
vn 0.191123515 -0.0178560428 0.981403589
vn 0.191123515 -0.0178560428 0.981403589
vn -0.00888939388 0.018190654 -0.99979502
vn -0.00888939388 0.018190654 -0.99979502
vn -0.00888939388 0.018190654 -0.99979502
g MSH_CIN_Asteroid_01_Submesh0
f 1/1/1 2/2/2 3/3/3
f 4/4/4 5/5/5 6/6/6
f 7/7/7 8/8/8 9/9/9
f 10/10/10 11/11/11 12/12/12
f 13/13/13 14/14/14 15/15/15
f 16/16/16 17/17/17 18/18/18
f 19/19/19 20/20/20 21/21/21
f 22/22/22 23/23/23 24/24/24
f 25/25/25 26/26/26 27/27/27
f 28/28/28 29/29/29 30/30/30
f 31/31/31 32/32/32 33/33/33
f 34/34/34 35/35/35 36/36/36
f 37/37/37 38/38/38 39/39/39
f 40/40/40 41/41/41 42/42/42
f 43/43/43 44/44/44 45/45/45
f 46/46/46 47/47/47 48/48/48
f 49/49/49 50/50/50 51/51/51
f 52/52/52 53/53/53 54/54/54
f 55/55/55 56/56/56 57/57/57
f 58/58/58 59/59/59 60/60/60
f 61/61/61 62/62/62 63/63/63
f 64/64/64 65/65/65 66/66/66
f 67/67/67 68/68/68 69/69/69
f 70/70/70 71/71/71 72/72/72
f 73/73/73 74/74/74 75/75/75
f 76/76/76 77/77/77 78/78/78
f 79/79/79 80/80/80 81/81/81
f 82/82/82 83/83/83 84/84/84
f 85/85/85 86/86/86 87/87/87
f 88/88/88 89/89/89 90/90/90
f 91/91/91 92/92/92 93/93/93
f 94/94/94 95/95/95 96/96/96
f 97/97/97 98/98/98 99/99/99
f 100/100/100 101/101/101 102/102/102
f 103/103/103 104/104/104 105/105/105
f 106/106/106 107/107/107 108/108/108
f 109/109/109 110/110/110 111/111/111
f 112/112/112 113/113/113 114/114/114
f 115/115/115 116/116/116 117/117/117
f 118/118/118 119/119/119 120/120/120
f 121/121/121 122/122/122 123/123/123
f 124/124/124 125/125/125 126/126/126
f 127/127/127 128/128/128 129/129/129
f 130/130/130 131/131/131 132/132/132
f 133/133/133 134/134/134 135/135/135
f 136/136/136 137/137/137 138/138/138
f 139/139/139 140/140/140 141/141/141
f 142/142/142 143/143/143 144/144/144
f 145/145/145 146/146/146 147/147/147
f 148/148/148 149/149/149 150/150/150
f 151/151/151 152/152/152 153/153/153
f 154/154/154 155/155/155 156/156/156
f 157/157/157 158/158/158 159/159/159
f 160/160/160 161/161/161 162/162/162
f 163/163/163 164/164/164 165/165/165
f 166/166/166 167/167/167 168/168/168
f 169/169/169 170/170/170 171/171/171
f 172/172/172 173/173/173 174/174/174
f 175/175/175 176/176/176 177/177/177
f 178/178/178 179/179/179 180/180/180
f 181/181/181 182/182/182 183/183/183
f 184/184/184 185/185/185 186/186/186
f 187/187/187 188/188/188 189/189/189
f 190/190/190 191/191/191 192/192/192
f 193/193/193 194/194/194 195/195/195
f 196/196/196 197/197/197 198/198/198
f 199/199/199 200/200/200 201/201/201
f 202/202/202 203/203/203 204/204/204
f 205/205/205 206/206/206 207/207/207
f 208/208/208 209/209/209 210/210/210
f 211/211/211 212/212/212 213/213/213
f 214/214/214 215/215/215 216/216/216
f 217/217/217 218/218/218 219/219/219
f 220/220/220 221/221/221 222/222/222
f 223/223/223 224/224/224 225/225/225
f 226/226/226 227/227/227 228/228/228
f 229/229/229 230/230/230 231/231/231
f 232/232/232 233/233/233 234/234/234
f 235/235/235 236/236/236 237/237/237
f 238/238/238 239/239/239 240/240/240
f 241/241/241 242/242/242 243/243/243
f 244/244/244 245/245/245 246/246/246
f 247/247/247 248/248/248 249/249/249
f 250/250/250 251/251/251 252/252/252
f 253/253/253 254/254/254 255/255/255
f 256/256/256 257/257/257 258/258/258
f 259/259/259 260/260/260 261/261/261
f 262/262/262 263/263/263 264/264/264
f 265/265/265 266/266/266 267/267/267
f 268/268/268 269/269/269 270/270/270
f 271/271/271 272/272/272 273/273/273
f 274/274/274 275/275/275 276/276/276
f 277/277/277 278/278/278 279/279/279
f 280/280/280 281/281/281 282/282/282
f 283/283/283 284/284/284 285/285/285
f 286/286/286 287/287/287 288/288/288
f 289/289/289 290/290/290 291/291/291
f 292/292/292 293/293/293 294/294/294
f 295/295/295 296/296/296 297/297/297
f 298/298/298 299/299/299 300/300/300
f 301/301/301 302/302/302 303/303/303
f 304/304/304 305/305/305 306/306/306
f 307/307/307 308/308/308 309/309/309
f 310/310/310 311/311/311 312/312/312
f 313/313/313 314/314/314 315/315/315
f 316/316/316 317/317/317 318/318/318
f 319/319/319 320/320/320 321/321/321
f 322/322/322 323/323/323 324/324/324
f 325/325/325 326/326/326 327/327/327
f 328/328/328 329/329/329 330/330/330
f 331/331/331 332/332/332 333/333/333
f 334/334/334 335/335/335 336/336/336
f 337/337/337 338/338/338 339/339/339
f 340/340/340 341/341/341 342/342/342
f 343/343/343 344/344/344 345/345/345
f 346/346/346 347/347/347 348/348/348
f 349/349/349 350/350/350 351/351/351
f 352/352/352 353/353/353 354/354/354
f 355/355/355 356/356/356 357/357/357
f 358/358/358 359/359/359 360/360/360
f 361/361/361 362/362/362 363/363/363
f 364/364/364 365/365/365 366/366/366
f 367/367/367 368/368/368 369/369/369
f 370/370/370 371/371/371 372/372/372
f 373/373/373 374/374/374 375/375/375
f 376/376/376 377/377/377 378/378/378
f 379/379/379 380/380/380 381/381/381
f 382/382/382 383/383/383 384/384/384
f 385/385/385 386/386/386 387/387/387
f 388/388/388 389/389/389 390/390/390
f 391/391/391 392/392/392 393/393/393
f 394/394/394 395/395/395 396/396/396
f 397/397/397 398/398/398 399/399/399
f 400/400/400 401/401/401 402/402/402
f 403/403/403 404/404/404 405/405/405
f 406/406/406 407/407/407 408/408/408
f 409/409/409 410/410/410 411/411/411
f 412/412/412 413/413/413 414/414/414
f 415/415/415 416/416/416 417/417/417
f 418/418/418 419/419/419 420/420/420
f 421/421/421 422/422/422 423/423/423
f 424/424/424 425/425/425 426/426/426
f 427/427/427 428/428/428 429/429/429
f 430/430/430 431/431/431 432/432/432
f 433/433/433 434/434/434 435/435/435
f 436/436/436 437/437/437 438/438/438
f 439/439/439 440/440/440 441/441/441
f 442/442/442 443/443/443 444/444/444
f 445/445/445 446/446/446 447/447/447
f 448/448/448 449/449/449 450/450/450
f 451/451/451 452/452/452 453/453/453
f 454/454/454 455/455/455 456/456/456
f 457/457/457 458/458/458 459/459/459
f 460/460/460 461/461/461 462/462/462
f 463/463/463 464/464/464 465/465/465
f 466/466/466 467/467/467 468/468/468
f 469/469/469 470/470/470 471/471/471
f 472/472/472 473/473/473 474/474/474
f 475/475/475 476/476/476 477/477/477
f 478/478/478 479/479/479 480/480/480
f 481/481/481 482/482/482 483/483/483
f 484/484/484 485/485/485 486/486/486
f 487/487/487 488/488/488 489/489/489
f 490/490/490 491/491/491 492/492/492
f 493/493/493 494/494/494 495/495/495
f 496/496/496 497/497/497 498/498/498
f 499/499/499 500/500/500 501/501/501
f 502/502/502 503/503/503 504/504/504
f 505/505/505 506/506/506 507/507/507
f 508/508/508 509/509/509 510/510/510
f 511/511/511 512/512/512 513/513/513
f 514/514/514 515/515/515 516/516/516
f 517/517/517 518/518/518 519/519/519
f 520/520/520 521/521/521 522/522/522
f 523/523/523 524/524/524 525/525/525
f 526/526/526 527/527/527 528/528/528
f 529/529/529 530/530/530 531/531/531
f 532/532/532 533/533/533 534/534/534
f 535/535/535 536/536/536 537/537/537
f 538/538/538 539/539/539 540/540/540
f 541/541/541 542/542/542 543/543/543
f 544/544/544 545/545/545 546/546/546
f 547/547/547 548/548/548 549/549/549
f 550/550/550 551/551/551 552/552/552
f 553/553/553 554/554/554 555/555/555
f 556/556/556 557/557/557 558/558/558
f 559/559/559 560/560/560 561/561/561
f 562/562/562 563/563/563 564/564/564
f 565/565/565 566/566/566 567/567/567
f 568/568/568 569/569/569 570/570/570
f 571/571/571 572/572/572 573/573/573
f 574/574/574 575/575/575 576/576/576
f 577/577/577 578/578/578 579/579/579
f 580/580/580 581/581/581 582/582/582
f 583/583/583 584/584/584 585/585/585
f 586/586/586 587/587/587 588/588/588
f 589/589/589 590/590/590 591/591/591
f 592/592/592 593/593/593 594/594/594
f 595/595/595 596/596/596 597/597/597
f 598/598/598 599/599/599 600/600/600
f 601/601/601 602/602/602 603/603/603
f 604/604/604 605/605/605 606/606/606
f 607/607/607 608/608/608 609/609/609
f 610/610/610 611/611/611 612/612/612
f 613/613/613 614/614/614 615/615/615
f 616/616/616 617/617/617 618/618/618
f 619/619/619 620/620/620 621/621/621
f 622/622/622 623/623/623 624/624/624
f 625/625/625 626/626/626 627/627/627
f 628/628/628 629/629/629 630/630/630
f 631/631/631 632/632/632 633/633/633
f 634/634/634 635/635/635 636/636/636
f 637/637/637 638/638/638 639/639/639
f 640/640/640 641/641/641 642/642/642
f 643/643/643 644/644/644 645/645/645
f 646/646/646 647/647/647 648/648/648
f 649/649/649 650/650/650 651/651/651
f 652/652/652 653/653/653 654/654/654
f 655/655/655 656/656/656 657/657/657
f 658/658/658 659/659/659 660/660/660
f 661/661/661 662/662/662 663/663/663
f 664/664/664 665/665/665 666/666/666
f 667/667/667 668/668/668 669/669/669
f 670/670/670 671/671/671 672/672/672
f 673/673/673 674/674/674 675/675/675
f 676/676/676 677/677/677 678/678/678
f 679/679/679 680/680/680 681/681/681
f 682/682/682 683/683/683 684/684/684
f 685/685/685 686/686/686 687/687/687
f 688/688/688 689/689/689 690/690/690
f 691/691/691 692/692/692 693/693/693
f 694/694/694 695/695/695 696/696/696
f 697/697/697 698/698/698 699/699/699
f 700/700/700 701/701/701 702/702/702
f 703/703/703 704/704/704 705/705/705
f 706/706/706 707/707/707 708/708/708
f 709/709/709 710/710/710 711/711/711
f 712/712/712 713/713/713 714/714/714
f 715/715/715 716/716/716 717/717/717
f 718/718/718 719/719/719 720/720/720
f 721/721/721 722/722/722 723/723/723
f 724/724/724 725/725/725 726/726/726
f 727/727/727 728/728/728 729/729/729
f 730/730/730 731/731/731 732/732/732
f 733/733/733 734/734/734 735/735/735
f 736/736/736 737/737/737 738/738/738
f 739/739/739 740/740/740 741/741/741
f 742/742/742 743/743/743 744/744/744
f 745/745/745 746/746/746 747/747/747
f 748/748/748 749/749/749 750/750/750
f 751/751/751 752/752/752 753/753/753
f 754/754/754 755/755/755 756/756/756
f 757/757/757 758/758/758 759/759/759
f 760/760/760 761/761/761 762/762/762
f 763/763/763 764/764/764 765/765/765
f 766/766/766 767/767/767 768/768/768
f 769/769/769 770/770/770 771/771/771
f 772/772/772 773/773/773 774/774/774
f 775/775/775 776/776/776 777/777/777
f 778/778/778 779/779/779 780/780/780
f 781/781/781 782/782/782 783/783/783
f 784/784/784 785/785/785 786/786/786
f 787/787/787 788/788/788 789/789/789
f 790/790/790 791/791/791 792/792/792
f 793/793/793 794/794/794 795/795/795
f 796/796/796 797/797/797 798/798/798
f 799/799/799 800/800/800 801/801/801
f 802/802/802 803/803/803 804/804/804
f 805/805/805 806/806/806 807/807/807
f 808/808/808 809/809/809 810/810/810
f 811/811/811 812/812/812 813/813/813
f 814/814/814 815/815/815 816/816/816
f 817/817/817 818/818/818 819/819/819
f 820/820/820 821/821/821 822/822/822
f 823/823/823 824/824/824 825/825/825
f 826/826/826 827/827/827 828/828/828
f 829/829/829 830/830/830 831/831/831
f 832/832/832 833/833/833 834/834/834
f 835/835/835 836/836/836 837/837/837
f 838/838/838 839/839/839 840/840/840
f 841/841/841 842/842/842 843/843/843
f 844/844/844 845/845/845 846/846/846
f 847/847/847 848/848/848 849/849/849
f 850/850/850 851/851/851 852/852/852
f 853/853/853 854/854/854 855/855/855
f 856/856/856 857/857/857 858/858/858
f 859/859/859 860/860/860 861/861/861
f 862/862/862 863/863/863 864/864/864
f 865/865/865 866/866/866 867/867/867
f 868/868/868 869/869/869 870/870/870
f 871/871/871 872/872/872 873/873/873
f 874/874/874 875/875/875 876/876/876
f 877/877/877 878/878/878 879/879/879
f 880/880/880 881/881/881 882/882/882
f 883/883/883 884/884/884 885/885/885
f 886/886/886 887/887/887 888/888/888
f 889/889/889 890/890/890 891/891/891
f 892/892/892 893/893/893 894/894/894
f 895/895/895 896/896/896 897/897/897
f 898/898/898 899/899/899 900/900/900
f 901/901/901 902/902/902 903/903/903
f 904/904/904 905/905/905 906/906/906
f 907/907/907 908/908/908 909/909/909
f 910/910/910 911/911/911 912/912/912
f 913/913/913 914/914/914 915/915/915
f 916/916/916 917/917/917 918/918/918
f 919/919/919 920/920/920 921/921/921
f 922/922/922 923/923/923 924/924/924
f 925/925/925 926/926/926 927/927/927
f 928/928/928 929/929/929 930/930/930
f 931/931/931 932/932/932 933/933/933
f 934/934/934 935/935/935 936/936/936
f 937/937/937 938/938/938 939/939/939
f 940/940/940 941/941/941 942/942/942
f 943/943/943 944/944/944 945/945/945
f 946/946/946 947/947/947 948/948/948
f 949/949/949 950/950/950 951/951/951
f 952/952/952 953/953/953 954/954/954
f 955/955/955 956/956/956 957/957/957
f 958/958/958 959/959/959 960/960/960
f 961/961/961 962/962/962 963/963/963
f 964/964/964 965/965/965 966/966/966
f 967/967/967 968/968/968 969/969/969
f 970/970/970 971/971/971 972/972/972
f 973/973/973 974/974/974 975/975/975
f 976/976/976 977/977/977 978/978/978
f 979/979/979 980/980/980 981/981/981
f 982/982/982 983/983/983 984/984/984
f 985/985/985 986/986/986 987/987/987
f 988/988/988 989/989/989 990/990/990
f 991/991/991 992/992/992 993/993/993
f 994/994/994 995/995/995 996/996/996
f 997/997/997 998/998/998 999/999/999
f 1000/1000/1000 1001/1001/1001 1002/1002/1002
f 1003/1003/1003 1004/1004/1004 1005/1005/1005
f 1006/1006/1006 1007/1007/1007 1008/1008/1008
f 1009/1009/1009 1010/1010/1010 1011/1011/1011
f 1012/1012/1012 1013/1013/1013 1014/1014/1014
f 1015/1015/1015 1016/1016/1016 1017/1017/1017
f 1018/1018/1018 1019/1019/1019 1020/1020/1020
f 1021/1021/1021 1022/1022/1022 1023/1023/1023
f 1024/1024/1024 1025/1025/1025 1026/1026/1026
f 1027/1027/1027 1028/1028/1028 1029/1029/1029
f 1030/1030/1030 1031/1031/1031 1032/1032/1032
f 1033/1033/1033 1034/1034/1034 1035/1035/1035
f 1036/1036/1036 1037/1037/1037 1038/1038/1038
f 1039/1039/1039 1040/1040/1040 1041/1041/1041
f 1042/1042/1042 1043/1043/1043 1044/1044/1044
f 1045/1045/1045 1046/1046/1046 1047/1047/1047
f 1048/1048/1048 1049/1049/1049 1050/1050/1050
f 1051/1051/1051 1052/1052/1052 1053/1053/1053
f 1054/1054/1054 1055/1055/1055 1056/1056/1056
f 1057/1057/1057 1058/1058/1058 1059/1059/1059
f 1060/1060/1060 1061/1061/1061 1062/1062/1062
f 1063/1063/1063 1064/1064/1064 1065/1065/1065
f 1066/1066/1066 1067/1067/1067 1068/1068/1068
f 1069/1069/1069 1070/1070/1070 1071/1071/1071
f 1072/1072/1072 1073/1073/1073 1074/1074/1074
f 1075/1075/1075 1076/1076/1076 1077/1077/1077
f 1078/1078/1078 1079/1079/1079 1080/1080/1080
f 1081/1081/1081 1082/1082/1082 1083/1083/1083
f 1084/1084/1084 1085/1085/1085 1086/1086/1086
f 1087/1087/1087 1088/1088/1088 1089/1089/1089
f 1090/1090/1090 1091/1091/1091 1092/1092/1092
f 1093/1093/1093 1094/1094/1094 1095/1095/1095
f 1096/1096/1096 1097/1097/1097 1098/1098/1098
f 1099/1099/1099 1100/1100/1100 1101/1101/1101
f 1102/1102/1102 1103/1103/1103 1104/1104/1104
f 1105/1105/1105 1106/1106/1106 1107/1107/1107
f 1108/1108/1108 1109/1109/1109 1110/1110/1110
f 1111/1111/1111 1112/1112/1112 1113/1113/1113
f 1114/1114/1114 1115/1115/1115 1116/1116/1116
f 1117/1117/1117 1118/1118/1118 1119/1119/1119
f 1120/1120/1120 1121/1121/1121 1122/1122/1122
f 1123/1123/1123 1124/1124/1124 1125/1125/1125
f 1126/1126/1126 1127/1127/1127 1128/1128/1128
f 1129/1129/1129 1130/1130/1130 1131/1131/1131
f 1132/1132/1132 1133/1133/1133 1134/1134/1134
f 1135/1135/1135 1136/1136/1136 1137/1137/1137
f 1138/1138/1138 1139/1139/1139 1140/1140/1140
f 1141/1141/1141 1142/1142/1142 1143/1143/1143
f 1144/1144/1144 1145/1145/1145 1146/1146/1146
f 1147/1147/1147 1148/1148/1148 1149/1149/1149
f 1150/1150/1150 1151/1151/1151 1152/1152/1152
f 1153/1153/1153 1154/1154/1154 1155/1155/1155
f 1156/1156/1156 1157/1157/1157 1158/1158/1158
f 1159/1159/1159 1160/1160/1160 1161/1161/1161
f 1162/1162/1162 1163/1163/1163 1164/1164/1164
f 1165/1165/1165 1166/1166/1166 1167/1167/1167
f 1168/1168/1168 1169/1169/1169 1170/1170/1170
f 1171/1171/1171 1172/1172/1172 1173/1173/1173
f 1174/1174/1174 1175/1175/1175 1176/1176/1176
f 1177/1177/1177 1178/1178/1178 1179/1179/1179
f 1180/1180/1180 1181/1181/1181 1182/1182/1182
f 1183/1183/1183 1184/1184/1184 1185/1185/1185
f 1186/1186/1186 1187/1187/1187 1188/1188/1188
f 1189/1189/1189 1190/1190/1190 1191/1191/1191
f 1192/1192/1192 1193/1193/1193 1194/1194/1194
f 1195/1195/1195 1196/1196/1196 1197/1197/1197
f 1198/1198/1198 1199/1199/1199 1200/1200/1200
f 1201/1201/1201 1202/1202/1202 1203/1203/1203
f 1204/1204/1204 1205/1205/1205 1206/1206/1206
f 1207/1207/1207 1208/1208/1208 1209/1209/1209
f 1210/1210/1210 1211/1211/1211 1212/1212/1212
f 1213/1213/1213 1214/1214/1214 1215/1215/1215
f 1216/1216/1216 1217/1217/1217 1218/1218/1218
f 1219/1219/1219 1220/1220/1220 1221/1221/1221
f 1222/1222/1222 1223/1223/1223 1224/1224/1224
f 1225/1225/1225 1226/1226/1226 1227/1227/1227
f 1228/1228/1228 1229/1229/1229 1230/1230/1230
f 1231/1231/1231 1232/1232/1232 1233/1233/1233
f 1234/1234/1234 1235/1235/1235 1236/1236/1236
f 1237/1237/1237 1238/1238/1238 1239/1239/1239
f 1240/1240/1240 1241/1241/1241 1242/1242/1242
f 1243/1243/1243 1244/1244/1244 1245/1245/1245
f 1246/1246/1246 1247/1247/1247 1248/1248/1248
f 1249/1249/1249 1250/1250/1250 1251/1251/1251
f 1252/1252/1252 1253/1253/1253 1254/1254/1254
f 1255/1255/1255 1256/1256/1256 1257/1257/1257
f 1258/1258/1258 1259/1259/1259 1260/1260/1260
f 1261/1261/1261 1262/1262/1262 1263/1263/1263
f 1264/1264/1264 1265/1265/1265 1266/1266/1266
f 1267/1267/1267 1268/1268/1268 1269/1269/1269
f 1270/1270/1270 1271/1271/1271 1272/1272/1272
f 1273/1273/1273 1274/1274/1274 1275/1275/1275
f 1276/1276/1276 1277/1277/1277 1278/1278/1278
f 1279/1279/1279 1280/1280/1280 1281/1281/1281
f 1282/1282/1282 1283/1283/1283 1284/1284/1284
f 1285/1285/1285 1286/1286/1286 1287/1287/1287
f 1288/1288/1288 1289/1289/1289 1290/1290/1290
f 1291/1291/1291 1292/1292/1292 1293/1293/1293
f 1294/1294/1294 1295/1295/1295 1296/1296/1296
f 1297/1297/1297 1298/1298/1298 1299/1299/1299
f 1300/1300/1300 1301/1301/1301 1302/1302/1302
f 1303/1303/1303 1304/1304/1304 1305/1305/1305
f 1306/1306/1306 1307/1307/1307 1308/1308/1308
f 1309/1309/1309 1310/1310/1310 1311/1311/1311
f 1312/1312/1312 1313/1313/1313 1314/1314/1314
f 1315/1315/1315 1316/1316/1316 1317/1317/1317
f 1318/1318/1318 1319/1319/1319 1320/1320/1320
f 1321/1321/1321 1322/1322/1322 1323/1323/1323
f 1324/1324/1324 1325/1325/1325 1326/1326/1326
f 1327/1327/1327 1328/1328/1328 1329/1329/1329
f 1330/1330/1330 1331/1331/1331 1332/1332/1332
f 1333/1333/1333 1334/1334/1334 1335/1335/1335
f 1336/1336/1336 1337/1337/1337 1338/1338/1338
f 1339/1339/1339 1340/1340/1340 1341/1341/1341
f 1342/1342/1342 1343/1343/1343 1344/1344/1344
f 1345/1345/1345 1346/1346/1346 1347/1347/1347
f 1348/1348/1348 1349/1349/1349 1350/1350/1350
f 1351/1351/1351 1352/1352/1352 1353/1353/1353
f 1354/1354/1354 1355/1355/1355 1356/1356/1356
f 1357/1357/1357 1358/1358/1358 1359/1359/1359
f 1360/1360/1360 1361/1361/1361 1362/1362/1362
f 1363/1363/1363 1364/1364/1364 1365/1365/1365
f 1366/1366/1366 1367/1367/1367 1368/1368/1368
f 1369/1369/1369 1370/1370/1370 1371/1371/1371
f 1372/1372/1372 1373/1373/1373 1374/1374/1374
f 1375/1375/1375 1376/1376/1376 1377/1377/1377
f 1378/1378/1378 1379/1379/1379 1380/1380/1380
f 1381/1381/1381 1382/1382/1382 1383/1383/1383
f 1384/1384/1384 1385/1385/1385 1386/1386/1386
f 1387/1387/1387 1388/1388/1388 1389/1389/1389
f 1390/1390/1390 1391/1391/1391 1392/1392/1392
f 1393/1393/1393 1394/1394/1394 1395/1395/1395
f 1396/1396/1396 1397/1397/1397 1398/1398/1398
f 1399/1399/1399 1400/1400/1400 1401/1401/1401
f 1402/1402/1402 1403/1403/1403 1404/1404/1404
f 1405/1405/1405 1406/1406/1406 1407/1407/1407
f 1408/1408/1408 1409/1409/1409 1410/1410/1410
f 1411/1411/1411 1412/1412/1412 1413/1413/1413
f 1414/1414/1414 1415/1415/1415 1416/1416/1416
f 1417/1417/1417 1418/1418/1418 1419/1419/1419
f 1420/1420/1420 1421/1421/1421 1422/1422/1422
f 1423/1423/1423 1424/1424/1424 1425/1425/1425
f 1426/1426/1426 1427/1427/1427 1428/1428/1428
f 1429/1429/1429 1430/1430/1430 1431/1431/1431
f 1432/1432/1432 1433/1433/1433 1434/1434/1434
f 1435/1435/1435 1436/1436/1436 1437/1437/1437
f 1438/1438/1438 1439/1439/1439 1440/1440/1440
f 1441/1441/1441 1442/1442/1442 1443/1443/1443
f 1444/1444/1444 1445/1445/1445 1446/1446/1446
f 1447/1447/1447 1448/1448/1448 1449/1449/1449
f 1450/1450/1450 1451/1451/1451 1452/1452/1452
f 1453/1453/1453 1454/1454/1454 1455/1455/1455
f 1456/1456/1456 1457/1457/1457 1458/1458/1458
f 1459/1459/1459 1460/1460/1460 1461/1461/1461
f 1462/1462/1462 1463/1463/1463 1464/1464/1464
f 1465/1465/1465 1466/1466/1466 1467/1467/1467
f 1468/1468/1468 1469/1469/1469 1470/1470/1470
f 1471/1471/1471 1472/1472/1472 1473/1473/1473
f 1474/1474/1474 1475/1475/1475 1476/1476/1476
f 1477/1477/1477 1478/1478/1478 1479/1479/1479
f 1480/1480/1480 1481/1481/1481 1482/1482/1482
f 1483/1483/1483 1484/1484/1484 1485/1485/1485
f 1486/1486/1486 1487/1487/1487 1488/1488/1488
f 1489/1489/1489 1490/1490/1490 1491/1491/1491
f 1492/1492/1492 1493/1493/1493 1494/1494/1494
f 1495/1495/1495 1496/1496/1496 1497/1497/1497
f 1498/1498/1498 1499/1499/1499 1500/1500/1500
f 1501/1501/1501 1502/1502/1502 1503/1503/1503
f 1504/1504/1504 1505/1505/1505 1506/1506/1506
f 1507/1507/1507 1508/1508/1508 1509/1509/1509
f 1510/1510/1510 1511/1511/1511 1512/1512/1512
