# Extracted losslessly from Unity Mesh asset: C:/Users/slicc/Documents/Changing My Life/Game/Assets/_Project/Art/Environment/StarterIsland/VerticalRockKit_Sculpted/Meshes/MESH_VRKS_Ledge_A.asset
o MESH_VRKS_Ledge_A
v -31.5492004 -159.783602 289.893103
v -52.6332021 -81.3569009 296.4571
v -53.2971025 -103.052795 303.879499
v -75.7606983 417.276096 128.538501
v -82.7724993 412.8654 152.316296
v -44.1933006 406.803322 152.548099
v -18.2224005 -346.70701 227.800202
v 20.3449994 -386.944389 192.385101
v 21.6406003 -346.550798 221.6959
v -19.0840006 447.259712 155.305505
v -25.0791997 451.106024 166.630197
v -15.8216998 444.005108 192.631996
v -135.343897 -205.739307 170.800304
v -137.986696 -292.93189 161.7607
v -126.280499 -330.065894 200.322509
v -148.303998 134.541595 67.8218007
v -139.597201 300.038409 42.2475994
v -148.696601 119.297695 50.9038985
v -147.989297 -74.6595025 12.5330999
v -145.840704 -71.5120971 13.3452997
v -144.5346 -80.8431029 18.6670005
v -140.409505 -152.965903 102.698803
v -146.919 -157.098198 105.081201
v -143.234706 -168.039203 121.682799
v -29.0760994 320.467401 277.792597
v -32.2046012 317.224503 275.21081
v -27.4376005 255.906105 280.665207
v -127.701604 372.172403 15.3856993
v -137.746096 376.95601 9.49089974
v -138.477302 401.996517 14.1929001
v -137.986696 -292.93189 161.7607
v -137.855506 -208.861303 152.044296
v -136.506104 -314.974594 133.560503
v -166.480398 -303.584409 50.642699
v -165.822399 -292.608404 19.5392996
v -150.616205 -386.187005 11.3811001
v -145.746696 -99.1605997 48.3940005
v -147.989297 -74.6595025 12.5330999
v -148.329699 -92.4897015 20.0532004
v 34.8930001 204.209709 219.825196
v 66.8581009 135.967004 219.406796
v 36.6557002 204.737091 209.450698
v -137.201703 226.826906 177.119398
v -139.207995 181.791198 197.730899
v -138.341999 248.378301 212.40201
v 160.148799 -223.920202 55.3758025
v 163.453901 -270.159602 27.7568996
v 160.637403 -219.221592 23.6614004
v -135.927796 155.102706 103.538001
v -141.528797 -13.4599 85.1993024
v -130.1826 58.9770973 122.305
v -130.792701 120.638001 152.822399
v -136.083305 212.767005 168.377399
v -134.785998 186.648798 136.937201
v -136.563802 256.150699 168.085003
v -134.785998 186.648798 136.937201
v -136.083305 212.767005 168.377399
v 122.111499 68.224299 190.433502
v 96.8428016 83.6202979 134.077799
v 80.5449009 109.427905 146.861994
v -132.712197 390.426493 209.710693
v -134.388494 374.225497 203.248191
v -133.616698 371.512008 226.0149
v -53.2971025 -103.052795 303.879499
v -52.6332021 -81.3569009 296.4571
v -97.3354995 -131.128597 305.695605
v -108.742595 442.098093 18.5966
v -109.354806 466.765881 19.359
v -72.4358976 458.34341 19.3765998
v -107.604206 286.96959 21.6602996
v -78.7903011 174.576604 22.2591996
v -116.769004 164.416397 15.9247994
v -108.6128 404.508686 22.0138997
v -95.4831004 388.227391 18.2793006
v -113.667798 372.347498 18.2402998
v -146.488297 -23.7532005 54.1435003
v -146.814406 -35.9899014 18.0498004
v -144.575298 -39.9627 22.3440006
v -129.852402 306.962299 222.214198
v -129.458106 306.855202 249.927402
v -129.664505 318.038106 247.586608
v -113.575995 398.780608 216.774201
v -119.302404 399.064207 208.800507
v -132.712197 390.426493 209.710693
v -130.366302 -187.4125 177.7426
v -126.280499 -330.065894 200.322509
v -133.618498 -274.919701 242.674804
v -134.494495 -155.700099 234.018993
v -125.452495 -119.302404 155.428803
v -134.494495 -155.700099 234.018993
v -133.618498 -274.919701 242.674804
v -137.677205 -271.411109 290.741396
v 57.942301 51.9809008 257.4435
v 66.8581009 135.967004 219.406796
v 22.6462007 196.065998 246.874905
v 31.6599995 185.787904 159.4383
v 40.229699 146.962595 121.2605
v 23.7779006 193.794096 142.302406
v -138.770902 -174.236596 127.519405
v -137.855506 -208.861303 152.044296
v -130.320799 -173.801005 127.117598
v -4.61400002 -96.2464988 24.6345997
v 18.0886999 -92.5044 17.0159996
v 10.3096001 -260.661602 21.6982007
v -86.3587022 419.683695 158.393502
v -47.4548995 417.285204 198.356104
v -44.1933006 406.803322 152.548099
v -73.7784982 -444.593 188.746703
v -20.7210004 -453.086281 168.059397
v -12.9434004 -467.890596 192.659998
v -145.033002 -33.2284003 14.4931003
v -150.936198 81.9507003 10.7188001
v -149.988103 90.3141975 13.3921996
v -146.488297 -23.7532005 54.1435003
v -142.360699 -33.6656988 46.065101
v -141.355801 -31.5104991 66.012001
v -40.2195007 425.141191 95.2368021
v -36.0859007 413.291979 120.606899
v -37.7330005 423.031187 114.647496
v 9.45580006 247.157598 122.119701
v 23.6117005 194.555199 113.462198
v 18.5114995 229.0344 103.810799
v -130.902898 -404.444408 47.0510989
v -137.469196 -423.670387 22.6354003
v -126.157701 -442.59572 19.6269006
v -126.280499 -330.065894 200.322509
v -110.414803 -315.974689 231.660509
v -133.618498 -274.919701 242.674804
v -79.2374015 -287.694001 241.944098
v -110.414803 -315.974689 231.660509
v -98.0506003 -368.040705 231.789589
v 12.6643002 458.593988 17.7212998
v 17.6064 412.979317 28.4069002
v 15.8638 423.697519 19.5052996
v -71.7490971 171.270394 24.6114999
v -7.08279982 163.746798 18.8984007
v -50.4064977 92.2257006 20.1947004
v -99.1433978 335.946298 289.945412
v -115.8705 389.311194 282.654309
v -121.111703 352.151299 296.330404
v -106.862795 265.888309 288.524508
v -104.747701 224.244905 293.906498
v -101.155198 272.733212 286.775398
v -139.521098 -402.8368 48.6301005
v -130.902898 -404.444408 47.0510989
v -126.977003 -419.022799 75.9140015
v -137.677205 -271.411109 290.741396
v -127.404499 -251.346493 311.969209
v -121.940398 -137.281597 296.951199
v -46.8555987 234.179902 16.9467002
v -7.08279982 163.746798 18.8984007
v -71.7490971 171.270394 24.6114999
v -97.3354995 -131.128597 305.695605
v -96.2974012 -125.6073 306.861806
v -121.940398 -137.281597 296.951199
v 166.587496 -280.893397 58.8567972
v 156.088305 -302.51689 54.8415005
v 149.470997 -289.252591 24.1586998
v -79.2512 160.837305 23.5125005
v -78.7903011 174.576604 22.2591996
v -50.4064977 92.2257006 20.1947004
v 142.191803 -306.560898 97.082299
v 141.961598 -315.696692 109.041297
v 147.318995 -320.876002 112.1539
v -40.6807005 433.252907 76.8387973
v -33.9244992 436.14521 128.723097
v -35.5762005 455.043602 95.203799
v 18.4083 -218.494892 261.122108
v -10.0891002 -167.686605 279.001594
v -19.7606996 -219.970798 269.398093
v -39.5857006 397.602296 247.887993
v -25.5551994 399.977899 236.898494
v -33.4147006 406.339312 233.939505
v 86.9746029 138.932896 67.8716004
v 85.5772972 125.214601 63.4119987
v 79.7559023 133.474195 39.9417013
v 50.8881986 -375.205112 151.572001
v 46.6529012 -365.868592 153.845298
v 52.7338028 -371.482491 137.848604
v 4.93910015 188.040102 20.8469003
v 19.8999003 233.1213 19.0396994
v 24.5325997 233.188605 22.1461996
v 52.0049989 -341.695189 230.8079
v 53.9987981 -299.067402 235.315704
v 21.7915997 -343.761396 229.839706
v 18.2282999 279.320788 199.774897
v 6.99220002 320.570803 225.800204
v 15.8508003 286.580992 225.755906
v -110.215497 401.918983 226.020408
v -83.8909984 404.107618 233.535504
v -89.2461002 412.538099 205.356693
v -99.5527029 -238.987303 21.5137005
v -112.955201 -153.275204 25.7647991
v -111.703897 -145.894206 22.1294999
v 68.3368027 -376.019096 8.16539973
v 60.3214025 -364.023805 11.7830001
v 66.476202 -305.890298 9.43540037
v -41.0118014 428.440523 136.603498
v -36.0859007 413.291979 120.606899
v -44.1933006 406.803322 152.548099
v -46.4911997 427.766085 176.999795
v -44.1933006 406.803322 152.548099
v -47.4548995 417.285204 198.356104
v -3.72559987 373.981094 241.167688
v -5.64929992 328.431511 248.290396
v -3.23220007 339.363289 236.379099
v -15.9536004 365.062189 13.6287004
v -14.7565007 403.944778 20.0864002
v 6.27840012 366.766691 17.7812994
v 28.7694007 412.286997 78.0309975
v 22.5005001 317.924905 53.9098024
v 23.1508002 368.419409 20.1405004
v 6.27840012 366.766691 17.7812994
v 17.6994994 361.930609 21.3468
v 13.1228 342.596698 14.3545002
v -73.2025981 280.297804 25.6603986
v -48.7197012 325.346804 14.5903006
v -44.1513002 331.047797 11.9024001
v -122.3194 357.829189 254.28369
v -115.674102 396.019602 248.364902
v -127.776504 375.615311 236.381602
v -138.3371 309.12869 194.404101
v -136.966705 277.396989 206.799603
v -139.863396 302.880001 201.449299
v -107.604206 286.96959 21.6602996
v -68.3821023 376.303196 16.3599998
v -73.2025981 280.297804 25.6603986
v -131.421494 331.76651 8.29970017
v -139.204001 309.7085 10.3455
v -137.746096 376.95601 9.49089974
v -26.3069004 384.001398 261.531305
v -16.1533996 371.058798 266.482401
v -14.5923004 375.398397 258.228111
v -14.5923004 375.398397 258.228111
v -22.8938997 391.871905 247.239494
v -141.528797 -13.4599 85.1993024
v -147.570705 123.132205 68.4180975
v -149.513304 104.182994 48.3291
v -114.360297 455.73349 76.0645986
v -71.9951987 446.70558 55.4902971
v -113.280404 470.579195 50.3573
v -138.739705 443.981504 14.0710995
v -138.477302 401.996517 14.1929001
v -142.286503 411.152077 9.97269973
v -139.781404 394.440603 163.206697
v -141.420698 420.547485 155.802798
v -142.555499 395.523596 156.484103
v 111.509204 -244.057703 235.331702
v 85.8299017 -137.158406 252.187109
v 68.800801 -269.098592 249.272394
v 128.550506 -29.3644011 237.951112
v 128.218901 -125.413501 231.306696
v 0.744599989 459.962416 20.9445998
v -6.76700026 438.692904 22.1665993
v -11.3824002 457.820797 27.6616991
v 46.6529012 -365.868592 153.845298
v 50.7193029 -388.997102 131.528294
v 52.7338028 -371.482491 137.848604
v 23.2024997 -397.599411 13.0013004
v 53.8064003 -289.612794 11.8468001
v 53.0686021 -374.230194 10.6495
v 45.6515998 132.989705 115.213203
v 68.3541 139.860201 109.878004
v 54.5988977 141.286504 111.811805
v 53.8064003 -289.612794 11.8468001
v 18.0886999 -92.5044 17.0159996
v 53.996402 -156.352997 18.3873996
v 71.2378025 -377.276707 81.9655001
v 102.497005 -389.745307 40.0267005
v 99.9664009 -389.696503 81.9149971
v -159.284401 -297.950196 126.818299
v -149.827003 -206.397104 134.296
v -152.891397 -201.711798 107.800698
v -51.5145004 125.4637 289.702296
v -101.623595 150.937498 297.72079
v -64.0035987 9.97510031 299.064493
v -138.770902 -174.236596 127.519405
v -133.8678 -174.230194 124.473202
v -131.305003 -162.792003 114.719296
v -112.355602 144.497502 281.979704
v -92.6824987 38.3343011 296.037889
v -101.623595 150.937498 297.72079
v -138.006306 251.604199 239.755392
v -136.988997 269.468307 218.12501
v -138.341999 248.378301 212.40201
v -138.341999 248.378301 212.40201
v -139.207995 181.791198 197.730899
v -142.130601 -142.785704 83.1804991
v -134.056497 -153.931499 97.538501
v -135.014999 -53.6149025 85.2527976
v 87.8983021 -20.1967999 260.404205
v 52.7220011 -36.0920995 254.707408
v 58.4720016 -122.278595 245.4072
v -143.824196 -410.743904 15.7131001
v -149.124098 -186.456895 21.2206006
v -117.186797 -157.523298 21.2208003
v -92.8002 -138.673604 306.768799
v -53.2971025 -103.052795 303.879499
v -97.3354995 -131.128597 305.695605
v -143.843997 367.744303 46.864301
v -142.286503 411.152077 9.97269973
v -142.450094 378.480291 9.32699963
v -97.7311015 32.5731993 297.697806
v -98.300302 42.0745999 287.86571
v -116.164601 4.32810001 280.179906
v -86.1772001 -55.1019013 17.3089996
v -90.3432012 -47.6215988 19.5154995
v -43.1535989 -34.7288013 19.5300996
v 20.3449994 -386.944389 192.385101
v 21.5505004 -427.500391 191.149795
v 29.6460003 -415.945816 163.497698
v 49.5483011 -368.889809 189.824295
v 51.9743025 -374.722099 168.120396
v 64.8836017 -376.318002 186.700702
v -107.772803 -457.241106 104.9191
v -126.977003 -419.022799 75.9140015
v -112.837195 -462.938309 75.9903014
v -73.7784982 -444.593 188.746703
v -94.3853021 -446.664619 170.601201
v -20.7210004 -453.086281 168.059397
v -17.6027 -475.635099 72.2370982
v 39.8927003 -408.226013 74.487102
v 24.9473006 -428.689289 106.786203
v -32.1440995 -428.321505 197.431695
v -12.9434004 -467.890596 192.659998
v 21.5505004 -427.500391 191.149795
v 21.5505004 -427.500391 191.149795
v 20.3449994 -386.944389 192.385101
v 62.1497989 -370.67101 201.567101
v 71.7436016 -320.736289 210.173607
v 52.0049989 -341.695189 230.8079
v -104.661095 -427.682781 161.1871
v -121.1496 -365.6353 166.440499
v -100.999606 -444.156408 138.273394
v 39.8927003 -408.226013 74.487102
v -13.1070003 -475.1441 48.6523002
v -13.5863006 -466.209698 50.068301
v 66.476202 -305.890298 9.43540037
v 73.4362006 -377.697611 10.0846
v 68.3368027 -376.019096 8.16539973
v 44.8446989 -294.133496 208.8341
v 41.8159008 -262.391901 242.390299
v 53.9987981 -299.067402 235.315704
v -141.131794 324.687004 111.844206
v -141.081297 327.274108 123.721898
v -142.195201 362.894607 150.574803
v -141.621006 323.219395 14.5308003
v -143.977404 348.230696 13.1217003
v -142.450094 378.480291 9.32699963
v -127.265203 228.358293 284.278488
v -104.747701 224.244905 293.906498
v -125.4179 233.811307 284.091711
v 7.30289966 256.584001 21.6034994
v -12.5343993 281.801605 17.9203004
v 3.15730013 275.881791 16.1002994
v 87.8983021 -20.1967999 260.404205
v 57.942301 51.9809008 257.4435
v 52.7220011 -36.0920995 254.707408
v -32.4609995 -462.065792 135.632396
v -31.714201 -461.186504 154.603195
v -84.0277016 -445.429611 155.464494
v 8.29949975 270.219302 157.002699
v 36.6557002 204.737091 209.450698
v 31.6599995 185.787904 159.4383
v 160.148799 -223.920202 55.3758025
v 166.587496 -280.893397 58.8567972
v 163.453901 -270.159602 27.7568996
v -149.513304 104.182994 48.3291
v -149.172902 101.744401 16.3607001
v -149.988103 90.3141975 13.3921996
v -135.036194 289.166403 126.086104
v -135.878301 316.270995 168.240094
v -137.053394 327.860904 166.6767
v 32.8557998 185.609901 96.3325024
v 38.1175995 211.191297 84.1104984
v 23.6117005 194.555199 113.462198
v 16.6079 445.704889 134.8508
v 8.9745 435.111713 166.2642
v 20.6799999 411.550808 127.167594
v 0.565000018 330.078292 228.326797
v 17.7295998 287.832689 230.048394
v 15.8508003 286.580992 225.755906
v 22.6462007 196.065998 246.874905
v 66.8581009 135.967004 219.406796
v 34.8930001 204.209709 219.825196
v -138.708699 384.630799 163.924599
v -139.781404 394.440603 163.206697
v -142.195201 362.894607 150.574803
v -137.746096 376.95601 9.49089974
v -139.204001 309.7085 10.3455
v -141.621006 323.219395 14.5308003
v -131.626701 449.604607 91.6465998
v -117.927694 441.683006 121.218801
v -114.360297 455.73349 76.0645986
v 96.0753977 99.5684981 33.2444012
v 94.2125976 114.475501 3.87470014
v 82.8508019 127.267599 30.6344002
v 92.7190006 26.0527015 9.31859985
v 78.1668007 142.827201 0
v 94.2125976 114.475501 3.87470014
v 136.438596 -357.634807 180.752599
v 97.8008986 -387.723994 185.579705
v 96.677798 -388.737798 145.406902
v 138.094103 -286.458111 200.087404
v 117.845798 -315.552092 207.833195
v 137.112701 -346.751809 194.8295
v 78.1668007 142.827201 0
v 65.1843011 12.3969004 10.5472997
v 44.333601 134.703195 12.3924002
v 71.7436016 -320.736289 210.173607
v 110.360801 -317.914104 204.446793
v 107.037306 -311.05969 209.485102
v 87.8983021 -20.1967999 260.404205
v 128.550506 -29.3644011 237.951112
v 94.6933985 88.113302 239.891195
v 65.1843011 12.3969004 10.5472997
v 78.1668007 142.827201 0
v 92.7190006 26.0527015 9.31859985
v 80.5449009 109.427905 146.861994
v 86.4162982 142.484295 223.358989
v 105.125105 115.194201 200.726509
v -112.955201 -280.002093 293.127894
v -137.677205 -271.411109 290.741396
v -133.618498 -274.919701 242.674804
v -130.1826 58.9770973 122.305
v -120.087504 42.3595011 125.378501
v -119.073296 87.6232982 151.503801
v -144.993103 375.026703 54.9345016
v -144.721198 403.88279 89.6058977
v -144.8295 407.662106 53.0683994
v 142.107999 -44.1845 191.250598
v 148.320198 -72.3848999 185.146403
v 122.111499 68.224299 190.433502
v 128.968406 -220.209002 189.4292
v 148.220694 -222.115898 190.075898
v 148.320198 -72.3848999 185.146403
v 128.218901 -125.413501 231.306696
v 128.968406 -220.209002 189.4292
v 142.107999 -44.1845 191.250598
v -61.8705988 444.817114 45.0114995
v -72.4358976 458.34341 19.3765998
v -71.9951987 446.70558 55.4902971
v 138.094103 -286.458111 200.087404
v 128.968406 -220.209002 189.4292
v 119.390905 -297.002101 213.923502
v 96.8428016 83.6202979 134.077799
v 122.111499 68.224299 190.433502
v 117.495799 26.6961008 135.125005
v 148.320198 -72.3848999 185.146403
v 142.973995 -233.021307 140.4423
v 118.851602 14.3347993 132.336795
v 150.364006 -135.839498 22.8138
v 160.034502 -205.346107 24.6886
v 129.394698 -181.283796 17.0025006
v 142.973995 -233.021307 140.4423
v 142.811203 -292.442107 143.104005
v 150.905895 -297.1452 145.577204
v 92.7190006 26.0527015 9.31859985
v 94.2125976 114.475501 3.87470014
v 117.175102 8.81349966 7.79279992
v 140.775394 -34.2626005 136.997604
v 160.725999 -134.871304 137.151694
v 144.940698 -89.0610993 102.104998
v 153.314304 -313.874292 114.196205
v 160.371304 -282.822609 116.821206
v 157.165396 -281.881094 136.827803
v 117.931604 38.0243987 96.2413013
v 95.2845991 100.578797 87.5141025
v 92.6524997 108.341098 97.0270991
v 118.851602 14.3347993 132.336795
v 142.973995 -233.021307 140.4423
v 140.775394 -34.2626005 136.997604
v 158.875597 -263.431001 93.8520014
v 160.422599 -209.023094 90.4779017
v 166.650999 -224.730992 115.010297
v 166.650999 -224.730992 115.010297
v 144.940698 -89.0610993 102.104998
v 160.725999 -134.871304 137.151694
v 116.630399 -11.8418999 42.8368986
v 110.116994 63.4653986 71.2499022
v 142.994905 -85.2862 76.6996026
v 152.750599 -218.992591 146.5976
v 162.743199 -230.693793 137.800002
v 160.725999 -134.871304 137.151694
v 70.2926993 126.182401 38.3603007
v 44.333601 134.703195 12.3924002
v 51.335001 127.496898 41.1284
v -127.830696 459.896708 52.2903979
v -114.360297 455.73349 76.0645986
v -113.280404 470.579195 50.3573
v -158.490503 -200.210595 47.1641004
v -157.998896 -175.07 22.8211001
v -165.822399 -292.608404 19.5392996
v -153.389704 -113.064206 52.9655993
v -148.329699 -92.4897015 20.0532004
v -157.998896 -175.07 22.8211001
v -23.5829994 434.948301 194.414401
v -42.0177013 429.950619 191.499305
v -27.4444014 440.015411 227.834797
v 17.8321004 282.162809 234.916997
v 8.15339983 268.228006 249.180388
v 13.3058995 263.879108 240.552092
v -85.7060015 367.425203 17.8809002
v -95.4831004 388.227391 18.2793006
v -68.3821023 376.303196 16.3599998
v -137.8847 372.174597 181.245697
v -138.015795 344.790196 193.811703
v -138.295603 374.851489 191.123402
v -134.354997 -126.105797 282.144308
v -137.677205 -271.411109 290.741396
v -121.940398 -137.281597 296.951199
v -139.366806 -340.263605 109.8225
v -128.334999 -342.578912 132.051897
v -136.506104 -314.974594 133.560503
v 18.0886999 -92.5044 17.0159996
v 53.8064003 -289.612794 11.8468001
v 10.3096001 -260.661602 21.6982007
v -146.724296 -220.58959 141.661894
v -146.904802 -208.081603 140.946198
v -149.827003 -206.397104 134.296
v -143.097198 423.472118 90.3295994
v -141.525495 423.420477 96.3352025
v -134.242499 442.975521 78.4999013
v -140.559995 -49.3306994 22.7382004
v -144.575298 -39.9627 22.3440006
v -142.134404 -48.5693991 12.9925996
v -108.963203 402.238083 192.109799
v -103.988194 397.403693 188.365495
v -105.149198 400.81501 178.756201
v -7.29380026 -72.7008998 275.050092
v 43.6535001 -82.5814009 260.056305
v 39.545399 -55.4629028 261.328506
v -135.343897 -205.739307 170.800304
v -126.280499 -330.065894 200.322509
v -130.366302 -187.4125 177.7426
v -128.755105 387.442398 200.654411
v -132.712197 390.426493 209.710693
v -119.302404 399.064207 208.800507
v -141.528797 -13.4599 85.1993024
v -141.355801 -31.5104991 66.012001
v -137.330794 -8.41670036 90.1349008
v 88.9816999 119.346797 89.8860991
v 86.0701978 131.351495 74.0743995
v 84.9223018 129.074597 84.7959995
v 41.8159008 -262.391901 242.390299
v 37.8259003 -155.947602 256.943989
v 18.4083 -218.494892 261.122108
v -140.409505 -152.965903 102.698803
v -143.234706 -168.039203 121.682799
v -138.770902 -174.236596 127.519405
v 94.6933985 88.113302 239.891195
v 105.125105 115.194201 200.726509
v 86.4162982 142.484295 223.358989
v 8.29949975 270.219302 157.002699
v 18.7038004 312.943792 122.215402
v 12.1416003 321.199799 157.692599
v -8.75720009 -263.853097 235.085893
v -10.5502002 -259.488893 240.876508
v -65.6701982 -251.211596 281.0112
v -145.746696 -99.1605997 48.3940005
v -148.329699 -92.4897015 20.0532004
v -153.389704 -113.064206 52.9655993
v -138.344598 355.265808 162.586606
v -138.108397 327.838492 172.876298
v -138.506305 364.461493 179.602003
v -132.119501 216.732311 19.2007005
v -139.204001 309.7085 10.3455
v -131.421494 331.76651 8.29970017
v -149.837399 116.8679 49.041301
v -148.696601 119.297695 50.9038985
v -139.597201 300.038409 42.2475994
v -145.168102 -301.854205 137.696302
v -141.902006 -333.661604 109.701002
v -138.126504 -301.830292 132.085299
v 9.45580006 247.157598 122.119701
v 18.7038004 312.943792 122.215402
v 8.29949975 270.219302 157.002699
v -19.9030995 350.105596 13.7352005
v -44.1513002 331.047797 11.9024001
v -38.7322992 333.206797 17.3222005
v -141.331506 -359.869599 77.4837017
v -139.521098 -402.8368 48.6301005
v -126.977003 -419.022799 75.9140015
v 38.1175995 211.191297 84.1104984
v 18.5114995 229.0344 103.810799
v 23.6117005 194.555199 113.462198
v 14.5813003 460.278511 114.796698
v -8.62099975 450.107813 129.938698
v 12.2938 449.764109 130.0964
v 146.805596 -370.3336 21.9197005
v 147.819698 -352.462912 30.9127003
v 152.277899 -361.463499 56.2763989
v -108.097303 398.078704 217.443204
v -98.775202 402.597189 199.9017
v -109.4347 397.150612 203.092909
v -144.019401 427.062988 100.342405
v -142.555499 395.523596 156.484103
v -141.420698 420.547485 155.802798
v -108.742595 442.098093 18.5966
v -72.4358976 458.34341 19.3765998
v -59.7432017 448.04492 12.7886996
v -113.667798 372.347498 18.2402998
v -117.544997 299.619794 17.4439996
v -131.421494 331.76651 8.29970017
v 45.4356998 -378.066707 163.536203
v 40.3997004 -371.1519 182.088006
v 20.3449994 -386.944389 192.385101
v -86.1772001 -55.1019013 17.3089996
v -134.842896 -49.5808989 16.1925003
v -90.3432012 -47.6215988 19.5154995
v -133.616698 371.512008 226.0149
v -135.638499 360.334492 236.334801
v -127.776504 375.615311 236.381602
v -138.006306 251.604199 239.755392
v -133.1779 253.179193 252.146697
v -131.243098 294.429302 217.567897
v 160.371304 -282.822609 116.821206
v 153.314304 -313.874292 114.196205
v 151.525104 -301.894498 90.6893015
v 160.371304 -282.822609 116.821206
v 158.875597 -263.431001 93.8520014
v 39.3943012 -404.295206 137.120795
v 45.4356998 -378.066707 163.536203
v 29.6460003 -415.945816 163.497698
v 8.9745 435.111713 166.2642
v 14.2887995 387.570405 199.262905
v 13.7732998 333.879495 191.913402
v -76.9138992 -253.460598 292.405391
v -112.955201 -280.002093 293.127894
v -65.6701982 -251.211596 281.0112
v -137.019503 319.9193 181.550896
v -138.015795 344.790196 193.811703
v -137.8847 372.174597 181.245697
v -141.972697 429.792023 50.4260004
v -136.724699 438.590002 18.1940004
v -139.233601 435.198212 21.8558997
v -52.3823023 -156.307006 23.1478006
v -4.61400002 -96.2464988 24.6345997
v 4.65920009 -242.875504 25.7328987
v 117.864096 -253.881407 228.661203
v 115.946496 -261.580801 230.5305
v 119.390905 -297.002101 213.923502
v -48.7197012 325.346804 14.5903006
v -68.3821023 376.303196 16.3599998
v -55.5271029 397.91429 17.4548
v -70.8028972 424.816799 14.1837001
v -55.5271029 397.91429 17.4548
v -68.3821023 376.303196 16.3599998
v -148.303998 134.541595 67.8218007
v -147.570705 123.132205 68.4180975
v -140.429294 283.383799 73.1490016
v -127.404499 -251.346493 311.969209
v -137.677205 -271.411109 290.741396
v -112.955201 -280.002093 293.127894
v -9.22370031 479.019403 53.729099
v -28.6242992 463.778591 79.1518986
v 4.15240005 476.775217 80.2873015
v 93.4234977 105.466604 82.7121973
v 96.0753977 99.5684981 33.2444012
v 93.0956006 123.886204 61.5595996
v -143.622601 336.294699 73.1369972
v -145.199203 339.223409 40.4498994
v -142.112005 317.702699 42.4769998
v -141.621006 323.219395 14.5308003
v -139.204001 309.7085 10.3455
v -153.768504 -187.082601 15.0907993
v -150.616205 -386.187005 11.3811001
v -165.822399 -292.608404 19.5392996
v 93.4234977 105.466604 82.7121973
v 95.2845991 100.578797 87.5141025
v 110.116994 63.4653986 71.2499022
v -157.471597 -214.643502 75.2799988
v -157.593596 -205.4667 72.3824024
v -166.480398 -303.584409 50.642699
v -126.280499 -330.065894 200.322509
v -137.986696 -292.93189 161.7607
v -128.334999 -342.578912 132.051897
v 152.277899 -361.463499 56.2763989
v 142.273295 -363.282895 86.947602
v 99.9664009 -389.696503 81.9149971
v -126.977003 -419.022799 75.9140015
v -111.3675 -458.107805 48.487699
v -112.837195 -462.938309 75.9903014
v 24.6480003 246.921802 23.1410995
v 23.3206004 248.210597 20.2074006
v 22.5005001 317.924905 53.9098024
v -16.6725993 161.178899 280.836201
v 3.9198 185.005701 270.065689
v 3.23420018 195.757103 274.87371
v -60.5745018 422.907305 85.6855989
v -75.3543973 408.275604 112.966394
v -68.9940989 401.62549 90.4155016
v 152.277899 -361.463499 56.2763989
v 141.9119 -311.088705 82.5887024
v 142.273295 -363.282895 86.947602
v -139.579499 -425.125694 25.4070014
v -139.521098 -402.8368 48.6301005
v -143.824196 -410.743904 15.7131001
v -79.2374015 -287.694001 241.944098
v -98.0506003 -368.040705 231.789589
v -65.9922004 -373.418188 235.419893
v -96.2974012 -125.6073 306.861806
v -120.997596 -77.7696013 298.493409
v -121.940398 -137.281597 296.951199
v -30.8795005 371.484089 273.183894
v -26.3069004 384.001398 261.531305
v -38.2811993 385.718608 257.184005
v -33.4147006 406.339312 233.939505
v -83.8909984 404.107618 233.535504
v -39.5857006 397.602296 247.887993
v -142.343497 288.160801 78.8846016
v -137.465405 284.223509 112.014604
v -140.2704 296.34819 116.869199
v -135.251606 386.810493 188.113201
v -134.388494 374.225497 203.248191
v -132.712197 390.426493 209.710693
v 147.819698 -352.462912 30.9127003
v 146.885002 -297.511792 51.2248993
v 152.277899 -361.463499 56.2763989
v -146.429205 -399.995708 46.4354008
v -139.521098 -402.8368 48.6301005
v -141.331506 -359.869599 77.4837017
v -121.257997 -140.378106 17.2933996
v -147.8544 -169.233704 18.0634007
v -144.5346 -80.8431029 18.6670005
v -137.986696 -292.93189 161.7607
v -136.506104 -314.974594 133.560503
v -128.334999 -342.578912 132.051897
v 63.8611972 152.065504 95.3305006
v 49.9570996 161.656499 75.9386003
v 44.7652012 144.648504 89.329499
v 20.6799999 411.550808 127.167594
v 12.1416003 321.199799 157.692599
v 18.7038004 312.943792 122.215402
v 18.7038004 312.943792 122.215402
v 28.7694007 412.286997 78.0309975
v -35.3480995 462.498713 83.3226979
v -44.7573006 422.970676 54.0152013
v -40.6807005 433.252907 76.8387973
v -146.919 -157.098198 105.081201
v -140.409505 -152.965903 102.698803
v -145.362103 -134.451699 87.9148006
v -10.5502002 -259.488893 240.876508
v -19.7606996 -219.970798 269.398093
v -65.6701982 -251.211596 281.0112
v 49.9570996 161.656499 75.9386003
v 41.3302004 176.921296 55.7138026
v 41.4568007 187.2051 54.0042996
v -140.049696 -120.896697 76.0433972
v -137.330794 -8.41670036 90.1349008
v -141.355801 -31.5104991 66.012001
v -84.9918008 381.675005 273.462009
v -51.6007006 376.466799 274.102211
v -49.0381986 389.089203 264.111805
v -142.112005 317.702699 42.4769998
v -139.597201 300.038409 42.2475994
v -140.429294 283.383799 73.1490016
v 44.4398999 -388.995004 104.834604
v 43.0588007 -373.916411 107.111001
v 47.5564986 -378.631091 113.584495
v -113.280404 470.579195 50.3573
v -71.9951987 446.70558 55.4902971
v -72.4358976 458.34341 19.3765998
v 60.9605014 -372.456408 116.965497
v 52.7338028 -371.482491 137.848604
v 49.9588996 -369.465899 116.861904
v -137.330794 -8.41670036 90.1349008
v -127.623403 -144.681704 118.719804
v -120.087504 42.3595011 125.378501
v 67.0533001 -371.376896 104.156196
v 51.4421999 -367.33489 102.355003
v 63.7130976 -380.70209 86.234802
v -91.2711024 413.392878 154.920995
v -82.4283004 413.397598 129.397094
v -122.213495 401.791191 172.732103
v 20.1398 55.5783987 13.6697993
v 53.996402 -156.352997 18.3873996
v 18.0886999 -92.5044 17.0159996
v -32.1440995 -428.321505 197.431695
v -73.7784982 -444.593 188.746703
v -12.9434004 -467.890596 192.659998
v -101.198995 -415.074205 199.665403
v -65.9922004 -373.418188 235.419893
v -98.0506003 -368.040705 231.789589
v 149.470997 -289.252591 24.1586998
v 129.257298 -195.140803 18.2707995
v 160.637403 -219.221592 23.6614004
v 31.6599995 185.787904 159.4383
v 66.8581009 135.967004 219.406796
v 57.7459991 105.005395 148.801601
v -142.195201 362.894607 150.574803
v -142.722297 402.472019 108.428097
v -141.131794 324.687004 111.844206
v 21.5505004 -427.500391 191.149795
v -20.7210004 -453.086281 168.059397
v 29.6460003 -415.945816 163.497698
v -134.045303 -435.176706 16.2266999
v -62.2106016 -265.603089 21.7008993
v -32.1673989 -453.804207 12.6237005
v -126.280499 -330.065894 200.322509
v -98.0506003 -368.040705 231.789589
v -110.414803 -315.974689 231.660509
v 51.8863022 -365.916395 16.8916002
v 60.3214025 -364.023805 11.7830001
v 63.460201 -373.980308 11.2374999
v 142.273295 -363.282895 86.947602
v 97.5476027 -373.908401 112.830603
v 99.9664009 -389.696503 81.9149971
v -112.360597 149.343896 275.408697
v -112.355602 144.497502 281.979704
v -101.623595 150.937498 297.72079
v 69.9284017 145.922899 95.0891018
v 84.9223018 129.074597 84.7959995
v 74.2096007 158.791804 73.7600982
v -68.671298 447.634983 88.6506975
v -66.1395013 437.469292 55.0961018
v -71.9951987 446.70558 55.4902971
v -54.9459994 -205.086589 296.313
v -76.9138992 -253.460598 292.405391
v -65.6701982 -251.211596 281.0112
v -47.4548995 417.285204 198.356104
v -27.4444014 440.015411 227.834797
v -42.0177013 429.950619 191.499305
v -21.8761995 -478.584003 44.1982001
v -110.368502 -456.240988 19.2415997
v -20.4209 -464.542913 19.1294998
v -142.450094 378.480291 9.32699963
v -142.286503 411.152077 9.97269973
v -138.477302 401.996517 14.1929001
v -150.616205 -386.187005 11.3811001
v -153.768504 -187.082601 15.0907993
v -149.124098 -186.456895 21.2206006
v 18.7038004 312.943792 122.215402
v 25.6592005 275.227499 87.6471996
v 27.7291 282.170391 89.0177011
v -122.3194 357.829189 254.28369
v -129.664505 318.038106 247.586608
v -124.0888 314.074612 288.2411
v -43.9895988 387.679195 18.3259994
v -19.9030995 350.105596 13.7352005
v -38.7322992 333.206797 17.3222005
v -91.2711024 413.392878 154.920995
v -122.213495 401.791191 172.732103
v -105.149198 400.81501 178.756201
v -59.6928 -6.95459992 296.862197
v -97.7311015 32.5731993 297.697806
v -52.6332021 -81.3569009 296.4571
v -141.420698 420.547485 155.802798
v -130.082905 429.453897 157.487702
v -141.525495 423.420477 96.3352025
v -47.4548995 417.285204 198.356104
v -93.827498 421.698093 188.857102
v -89.2461002 412.538099 205.356693
v 52.7220011 -36.0920995 254.707408
v 37.5153005 87.0485008 270.047903
v 43.9547002 -45.2904999 262.748408
v 67.2703981 -290.473008 8.39650035
v 53.996402 -156.352997 18.3873996
v 71.4141011 -189.272797 14.4593999
v 2.3356 356.133795 226.847601
v 0.565000018 330.078292 228.326797
v 6.99220002 320.570803 225.800204
v 72.2323 -370.135903 110.366905
v 97.5476027 -373.908401 112.830603
v 63.9194012 -379.242206 136.947298
v -47.7472007 234.26199 289.744091
v -51.6458988 307.908511 283.231497
v -101.155198 272.733212 286.775398
v -131.421494 331.76651 8.29970017
v -137.746096 376.95601 9.49089974
v -127.701604 372.172403 15.3856993
v 18.4083 -218.494892 261.122108
v -9.62589979 -227.404499 267.721796
v 1.60070006 -262.593007 236.560011
v 162.743199 -230.693793 137.800002
v 157.165396 -281.881094 136.827803
v 160.371304 -282.822609 116.821206
v -78.7903011 174.576604 22.2591996
v -107.604206 286.96959 21.6602996
v -73.2025981 280.297804 25.6603986
v -116.6134 440.151405 135.792899
v -130.082905 429.453897 157.487702
v -124.740601 411.371803 167.657304
v -68.671298 447.634983 88.6506975
v -85.2348983 437.811613 120.492697
v -76.6523004 436.750412 125.080502
v -128.737402 391.462207 193.119204
v -135.251606 386.810493 188.113201
v -132.712197 390.426493 209.710693
v -76.6523004 436.750412 125.080502
v -122.213495 401.791191 172.732103
v -82.4283004 413.397598 129.397094
v -108.742595 442.098093 18.5966
v -130.511498 461.511183 14.9843007
v -109.354806 466.765881 19.359
v -147.989297 -74.6595025 12.5330999
v -147.8544 -169.233704 18.0634007
v -152.063096 -163.768804 17.6183
v 92.3533022 -373.990989 195.365202
v 71.7436016 -320.736289 210.173607
v 64.8836017 -376.318002 186.700702
v 103.270805 -400.549793 6.76349998
v 102.497005 -389.745307 40.0267005
v 71.0950017 -384.734511 10.6270999
v 6.07119985 463.424206 28.9635986
v 14.9063006 470.762777 44.3908989
v 12.5778005 462.327003 28.1421989
v -142.286503 411.152077 9.97269973
v -141.972697 429.792023 50.4260004
v -139.233601 435.198212 21.8558997
v -75.7606983 417.276096 128.538501
v -44.1933006 406.803322 152.548099
v -36.0859007 413.291979 120.606899
v -70.8028972 424.816799 14.1837001
v -108.742595 442.098093 18.5966
v -59.7432017 448.04492 12.7886996
v 150.905895 -297.1452 145.577204
v 157.165396 -281.881094 136.827803
v 162.743199 -230.693793 137.800002
v -132.323003 444.227791 95.887202
v -130.082905 429.453897 157.487702
v -117.927694 441.683006 121.218801
v 6.27840012 366.766691 17.7812994
v 13.1228 342.596698 14.3545002
v -14.3472999 346.673703 17.1046004
v -9.68630016 462.667608 25.9891003
v -10.4698002 468.54558 49.3236005
v 6.07119985 463.424206 28.9635986
v -13.0604997 444.675398 229.332495
v -6.14340007 437.733984 225.708795
v 3.3721 443.421412 210.404611
v 150.831294 -352.649093 21.1484
v 121.384501 -295.042491 15.9079
v 145.310903 -284.650493 20.2959999
v 51.335001 127.496898 41.1284
v 74.2096007 158.791804 73.7600982
v 79.7559023 133.474195 39.9417013
v -113.575995 398.780608 216.774201
v -133.616698 371.512008 226.0149
v -127.776504 375.615311 236.381602
v 67.2127008 109.427798 266.899991
v 86.4162982 142.484295 223.358989
v 66.8581009 135.967004 219.406796
v -133.616698 371.512008 226.0149
v -134.388494 374.225497 203.248191
v -139.851105 349.819899 212.59439
v 38.1175995 211.191297 84.1104984
v 25.2139002 260.640407 87.1013999
v 29.5433015 267.402411 88.4339988
v 45.4356998 -378.066707 163.536203
v 50.7193029 -388.997102 131.528294
v 46.6529012 -365.868592 153.845298
v -130.902898 -404.444408 47.0510989
v -139.521098 -402.8368 48.6301005
v -139.579499 -425.125694 25.4070014
v 44.4398999 -388.995004 104.834604
v 50.7193029 -388.997102 131.528294
v 39.3943012 -404.295206 137.120795
v -112.837195 -462.938309 75.9903014
v -100.376701 -462.642479 105.599499
v -107.772803 -457.241106 104.9191
v 60.8009994 -291.704011 11.5618996
v 60.3214025 -364.023805 11.7830001
v 53.8064003 -289.612794 11.8468001
v -137.986696 -292.93189 161.7607
v -135.343897 -205.739307 170.800304
v -137.855506 -208.861303 152.044296
v 4.69530001 429.290581 22.9866996
v 12.6643002 458.593988 17.7212998
v 15.8638 423.697519 19.5052996
v -32.8272998 437.103224 152.541602
v -37.1868014 436.062622 145.955205
v -43.7923998 431.401777 149.093795
v 70.6462026 150.165999 88.8167024
v 74.2096007 158.791804 73.7600982
v 54.1896999 153.462601 79.9722016
v 77.4733007 -136.752999 16.1804006
v 65.1843011 12.3969004 10.5472997
v 90.9262002 11.4615999 8.41320008
v 118.851602 14.3347993 132.336795
v 117.495799 26.6961008 135.125005
v 122.111499 68.224299 190.433502
v -41.0118014 428.440523 136.603498
v -37.7330005 423.031187 114.647496
v -36.0859007 413.291979 120.606899
v -28.4700006 460.669708 92.7879989
v -8.62099975 450.107813 129.938698
v 4.31450009 463.123703 97.6414025
v -166.480398 -303.584409 50.642699
v -146.429205 -399.995708 46.4354008
v -150.063205 -369.1782 77.5148988
v -40.3443009 455.523014 26.1382014
v -40.5322999 460.992813 46.0590005
v -20.2975005 462.913418 36.2466991
v -162.457705 -315.879011 101.653397
v -163.054097 -305.304909 96.6820002
v -166.650999 -307.944894 77.9726982
v -115.674102 396.019602 248.364902
v -84.9918008 381.675005 273.462009
v -83.8909984 404.107618 233.535504
v -111.3675 -458.107805 48.487699
v -126.977003 -419.022799 75.9140015
v -130.902898 -404.444408 47.0510989
v -146.724296 -220.58959 141.661894
v -136.506104 -314.974594 133.560503
v -137.855506 -208.861303 152.044296
v -56.8423986 429.613876 78.2653987
v -66.1395013 437.469292 55.0961018
v -68.671298 447.634983 88.6506975
v -117.166698 48.5053003 261.047697
v -126.0674 -11.5677997 218.6517
v -120.357203 36.5200013 265.201402
v -143.774104 360.960293 49.4226009
v -143.977404 348.230696 13.1217003
v -145.199203 339.223409 40.4498994
v -144.024396 -132.792199 80.3508997
v -142.130601 -142.785704 83.1804991
v -142.498004 -125.273502 72.6724982
v -117.166698 48.5053003 261.047697
v -118.487895 49.298501 267.302608
v -115.588701 120.720303 220.426798
v -122.213495 401.791191 172.732103
v -76.6523004 436.750412 125.080502
v -123.623097 416.544485 165.4302
v -141.528797 -13.4599 85.1993024
v -137.330794 -8.41670036 90.1349008
v -120.087504 42.3595011 125.378501
v 37.8259003 -155.947602 256.943989
v 41.8159008 -262.391901 242.390299
v 54.9899995 -135.172105 246.50259
v 110.116994 63.4653986 71.2499022
v 113.330698 53.6194026 92.1159983
v 111.968696 50.376302 91.6059017
v -145.362103 -134.451699 87.9148006
v -140.409505 -152.965903 102.698803
v -142.130601 -142.785704 83.1804991
v -98.300302 42.0745999 287.86571
v -113.573003 123.201203 273.253107
v -118.487895 49.298501 267.302608
v 23.2024997 -397.599411 13.0013004
v 10.3096001 -260.661602 21.6982007
v 53.8064003 -289.612794 11.8468001
v 107.600403 -260.11889 231.173897
v 78.5426021 -277.413607 241.868305
v 85.5675995 -306.375289 214.251399
v -54.9459994 -205.086589 296.313
v -65.6701982 -251.211596 281.0112
v -31.5492004 -159.783602 289.893103
v -101.198995 -415.074205 199.665403
v -121.1496 -365.6353 166.440499
v -104.661095 -427.682781 161.1871
v 51.9743025 -374.722099 168.120396
v 50.8881986 -375.205112 151.572001
v 63.9194012 -379.242206 136.947298
v 51.9743025 -374.722099 168.120396
v 64.8836017 -376.318002 186.700702
v -70.2902019 414.78219 49.0462005
v -44.7573006 422.970676 54.0152013
v -48.0796993 418.439913 24.4435996
v 40.8962011 -357.558298 199.589097
v 62.1497989 -370.67101 201.567101
v 52.0049989 -341.695189 230.8079
v -11.5653001 -79.3027997 279.095101
v -31.5492004 -159.783602 289.893103
v -10.0891002 -167.686605 279.001594
v 117.175102 8.81349966 7.79279992
v 96.0753977 99.5684981 33.2444012
v 110.116994 63.4653986 71.2499022
v 97.5476027 -373.908401 112.830603
v 96.677798 -388.737798 145.406902
v 63.9194012 -379.242206 136.947298
v -138.739705 443.981504 14.0710995
v -108.6128 404.508686 22.0138997
v -138.477302 401.996517 14.1929001
v 5.99879995 426.428223 206.687999
v 9.85710025 387.607002 233.955789
v 14.2887995 387.570405 199.262905
v -95.3930974 314.065289 288.623095
v -104.768205 274.64819 291.201591
v -101.155198 272.733212 286.775398
v -100.999606 -444.156408 138.273394
v -123.766804 -392.902207 109.441102
v -107.500505 -450.414896 110.397196
v -52.6332021 -81.3569009 296.4571
v -31.5492004 -159.783602 289.893103
v -11.5653001 -79.3027997 279.095101
v -10.0891002 -167.686605 279.001594
v 37.8259003 -155.947602 256.943989
v -22.5581005 -460.200691 111.992598
v 39.3943012 -404.295206 137.120795
v -32.4609995 -462.065792 135.632396
v -113.280404 470.579195 50.3573
v -109.354806 466.765881 19.359
v -128.006601 451.641321 46.8852997
v 128.550506 -29.3644011 237.951112
v 87.8983021 -20.1967999 260.404205
v 85.8299017 -137.158406 252.187109
v -29.4461012 -468.631077 75.4004002
v -111.3675 -458.107805 48.487699
v -21.8761995 -478.584003 44.1982001
v -90.3432012 -47.6215988 19.5154995
v -134.842896 -49.5808989 16.1925003
v -80.9726 25.6446004 18.2238996
v -137.802303 317.495203 230.591893
v -135.638499 360.334492 236.334801
v -139.851105 349.819899 212.59439
v 117.495799 26.6961008 135.125005
v 117.931604 38.0243987 96.2413013
v 96.8428016 83.6202979 134.077799
v -141.902006 -333.661604 109.701002
v -145.168102 -301.854205 137.696302
v -148.016596 -344.3398 104.340696
v -142.195201 362.894607 150.574803
v -142.555499 395.523596 156.484103
v -142.722297 402.472019 108.428097
v -142.555499 395.523596 156.484103
v -144.019401 427.062988 100.342405
v 9.45580006 247.157598 122.119701
v 23.7779006 193.794096 142.302406
v 23.6117005 194.555199 113.462198
v -140.827203 319.6491 131.872904
v -141.081297 327.274108 123.721898
v -141.962194 308.313203 118.369603
v -15.8216998 444.005108 192.631996
v 3.3721 443.421412 210.404611
v 8.9745 435.111713 166.2642
v -142.360699 -33.6656988 46.065101
v -146.488297 -23.7532005 54.1435003
v -144.575298 -39.9627 22.3440006
v 44.8446989 -294.133496 208.8341
v 53.9987981 -299.067402 235.315704
v 71.7436016 -320.736289 210.173607
v 40.8962011 -357.558298 199.589097
v 52.0049989 -341.695189 230.8079
v 27.0812988 -346.986794 226.497006
v -143.622601 336.294699 73.1369972
v -143.774104 360.960293 49.4226009
v -145.199203 339.223409 40.4498994
v -7.08279982 163.746798 18.8984007
v -46.8555987 234.179902 16.9467002
v 6.39569983 202.2223 23.6782998
v 3.3721 443.421412 210.404611
v -6.14340007 437.733984 225.708795
v 6.08760007 433.69422 224.350905
v -47.7472007 234.26199 289.744091
v -101.155198 272.733212 286.775398
v -104.747701 224.244905 293.906498
v 144.940698 -89.0610993 102.104998
v 166.650999 -224.730992 115.010297
v 160.422599 -209.023094 90.4779017
v -11.3824002 457.820797 27.6616991
v -6.76700026 438.692904 22.1665993
v -15.9290001 431.700897 18.4236005
v 21.0391 413.776922 51.9766986
v 28.7694007 412.286997 78.0309975
v 23.1508002 368.419409 20.1405004
v 6.39569983 202.2223 23.6782998
v 7.30289966 256.584001 21.6034994
v 19.8999003 233.1213 19.0396994
v -5.64929992 328.431511 248.290396
v -15.9070998 330.293012 270.035911
v -1.54879997 266.964006 265.049696
v -72.3182023 -464.167309 12.2179002
v -110.368502 -456.240988 19.2415997
v -126.157701 -442.59572 19.6269006
v 44.4398999 -388.995004 104.834604
v 42.2003001 -403.025913 86.2944007
v 46.0067004 -376.665497 101.225901
v 77.2303998 135.952103 27.045399
v 78.1668007 142.827201 0
v 44.333601 134.703195 12.3924002
v -141.559601 -75.0070989 20.9272996
v -143.369901 -63.5959983 21.2366998
v -138.2177 -61.0512018 15.0787994
v 72.7733016 -374.165201 88.0689025
v 72.2323 -370.135903 110.366905
v 67.0533001 -371.376896 104.156196
v 32.8557998 185.609901 96.3325024
v 49.9570996 161.656499 75.9386003
v 38.1175995 211.191297 84.1104984
v 13.3058995 263.879108 240.552092
v 27.5539994 219.263911 218.021393
v 17.8321004 282.162809 234.916997
v -96.0016012 435.266495 118.119299
v -78.4317017 447.766113 91.6172028
v -107.566297 461.716795 88.1051004
v -146.488297 -23.7532005 54.1435003
v -141.355801 -31.5104991 66.012001
v -141.254103 -21.8731999 67.3242986
v -145.199203 339.223409 40.4498994
v -143.977404 348.230696 13.1217003
v -141.621006 323.219395 14.5308003
v -48.0796993 418.439913 24.4435996
v -23.9402995 401.103401 21.7783004
v -55.5271029 397.91429 17.4548
v -80.4058015 40.9711003 20.4667002
v -145.033002 -33.2284003 14.4931003
v -126.860797 143.337905 16.6848004
v 84.9223018 129.074597 84.7959995
v 86.0701978 131.351495 74.0743995
v 86.9746029 138.932896 67.8716004
v -135.878301 316.270995 168.240094
v -136.563802 256.150699 168.085003
v -137.019503 319.9193 181.550896
v -101.155198 272.733212 286.775398
v -51.6458988 307.908511 283.231497
v -95.3930974 314.065289 288.623095
v -27.4376005 255.906105 280.665207
v -32.2046012 317.224503 275.21081
v -51.6458988 307.908511 283.231497
v -142.343497 288.160801 78.8846016
v -140.429294 283.383799 73.1490016
v -137.465405 284.223509 112.014604
v -137.746096 376.95601 9.49089974
v -141.621006 323.219395 14.5308003
v -142.450094 378.480291 9.32699963
v -146.606898 -114.051795 63.0411983
v -144.872105 -108.149004 47.5064993
v -145.746696 -99.1605997 48.3940005
v -46.8555987 234.179902 16.9467002
v -71.7490971 171.270394 24.6114999
v -78.7903011 174.576604 22.2591996
v 71.7436016 -320.736289 210.173607
v 53.9987981 -299.067402 235.315704
v 52.0049989 -341.695189 230.8079
v -131.356299 111.760902 150.941598
v -119.073296 87.6232982 151.503801
v -118.7572 95.3512013 153.881896
v 85.8299017 -137.158406 252.187109
v 61.8750989 -133.220804 241.037703
v 54.9899995 -135.172105 246.50259
v -137.8847 372.174597 181.245697
v -134.806299 380.683494 167.954099
v -136.292005 382.065201 168.441403
v 8.29949975 270.219302 157.002699
v 18.2282999 279.320788 199.774897
v 36.6557002 204.737091 209.450698
v 114.545405 -146.776199 10.0175001
v 97.0480978 -195.054102 10.6812
v 87.1146977 -144.704604 9.93579999
v 68.3040977 -384.102392 74.4226992
v 39.8927003 -408.226013 74.487102
v 50.3322005 -411.311483 41.6976988
v 40.229699 146.962595 121.2605
v 31.6599995 185.787904 159.4383
v 57.7459991 105.005395 148.801601
v -120.087504 42.3595011 125.378501
v -123.004997 -80.5927992 144.566703
v -119.073296 87.6232982 151.503801
v 110.360801 -317.914104 204.446793
v 100.624597 -377.7601 198.798704
v 137.112701 -346.751809 194.8295
v 82.8508019 127.267599 30.6344002
v 94.2125976 114.475501 3.87470014
v 78.1668007 142.827201 0
v -149.827003 -206.397104 134.296
v -143.234706 -168.039203 121.682799
v -146.919 -157.098198 105.081201
v -117.544997 299.619794 17.4439996
v -126.860797 143.337905 16.6848004
v -132.119501 216.732311 19.2007005
v 87.8983021 -20.1967999 260.404205
v 94.6933985 88.113302 239.891195
v 67.2127008 109.427798 266.899991
v -125.452495 -119.302404 155.428803
v -114.1644 -53.7806988 174.5332
v -114.971304 -47.0589995 175.717294
v 84.5130026 117.538595 97.2729027
v 74.467802 145.2932 102.965796
v 68.3541 139.860201 109.878004
v 114.545405 -146.776199 10.0175001
v 90.9262002 11.4615999 8.41320008
v 117.175102 8.81349966 7.79279992
v -36.0859007 413.291979 120.606899
v -40.2195007 425.141191 95.2368021
v -61.9720995 411.160421 92.5117016
v -153.818297 -179.320097 17.6924005
v -165.822399 -292.608404 19.5392996
v -157.998896 -175.07 22.8211001
v 4.31450009 463.123703 97.6414025
v 14.5813003 460.278511 114.796698
v 13.2945001 468.326616 83.4424973
v 85.8299017 -137.158406 252.187109
v 87.8983021 -20.1967999 260.404205
v 58.4720016 -122.278595 245.4072
v -117.383099 58.5667014 160.116005
v -126.0674 -11.5677997 218.6517
v -118.7572 95.3512013 153.881896
v -138.006306 251.604199 239.755392
v -139.207995 181.791198 197.730899
v -127.988696 140.9495 233.495212
v -135.251606 386.810493 188.113201
v -122.213495 401.791191 172.732103
v -132.342601 385.589504 164.848804
v 150.364006 -135.839498 22.8138
v 149.589896 -128.722703 49.7449011
v 160.034502 -205.346107 24.6886
v 158.875597 -263.431001 93.8520014
v 166.587496 -280.893397 58.8567972
v 160.148799 -223.920202 55.3758025
v -59.7432017 448.04492 12.7886996
v -72.4358976 458.34341 19.3765998
v -61.8705988 444.817114 45.0114995
v 49.5483011 -368.889809 189.824295
v 64.8836017 -376.318002 186.700702
v 62.1497989 -370.67101 201.567101
v -146.429205 -399.995708 46.4354008
v -150.616205 -386.187005 11.3811001
v -143.824196 -410.743904 15.7131001
v -159.284401 -297.950196 126.818299
v -152.891397 -201.711798 107.800698
v -162.457705 -315.879011 101.653397
v -127.988696 140.9495 233.495212
v -129.286301 111.2095 153.934503
v -122.593999 136.480606 241.56971
v 166.587496 -280.893397 58.8567972
v 158.875597 -263.431001 93.8520014
v 151.525104 -301.894498 90.6893015
v 20.1398 55.5783987 13.6697993
v 44.333601 134.703195 12.3924002
v 53.996402 -156.352997 18.3873996
v -70.2902019 414.78219 49.0462005
v -59.7432017 448.04492 12.7886996
v -61.8705988 444.817114 45.0114995
v 6.27840012 366.766691 17.7812994
v 17.8871006 400.166607 18.7297001
v 16.6954994 362.590599 16.5696993
v -1.14890002 388.214803 238.395596
v 2.3356 356.133795 226.847601
v 9.85710025 387.607002 233.955789
v -157.998896 -175.07 22.8211001
v -158.490503 -200.210595 47.1641004
v -151.758301 -131.944394 74.7741997
v 111.509204 -244.057703 235.331702
v 115.356803 -242.663097 236.986899
v 128.218901 -125.413501 231.306696
v -84.9918008 381.675005 273.462009
v -94.2032993 336.900091 292.387891
v -51.3370991 329.055095 285.297298
v -101.198995 -415.074205 199.665403
v -99.8593986 -433.709478 158.780098
v -94.3853021 -446.664619 170.601201
v 118.851602 14.3347993 132.336795
v 140.775394 -34.2626005 136.997604
v 117.931604 38.0243987 96.2413013
v 142.107999 -44.1845 191.250598
v 122.111499 68.224299 190.433502
v 105.125105 115.194201 200.726509
v 128.968406 -220.209002 189.4292
v 148.320198 -72.3848999 185.146403
v 142.107999 -44.1845 191.250598
v 128.218901 -125.413501 231.306696
v 142.107999 -44.1845 191.250598
v 128.550506 -29.3644011 237.951112
v 88.9816999 119.346797 89.8860991
v 84.9223018 129.074597 84.7959995
v 84.5130026 117.538595 97.2729027
v 94.6933985 88.113302 239.891195
v 128.550506 -29.3644011 237.951112
v 142.107999 -44.1845 191.250598
v 141.961598 -315.696692 109.041297
v 151.525104 -301.894498 90.6893015
v 153.314304 -313.874292 114.196205
v 20.1398 55.5783987 13.6697993
v 18.0886999 -92.5044 17.0159996
v -3.9012 20.0334996 17.3033997
v 141.9119 -311.088705 82.5887024
v 152.277899 -361.463499 56.2763989
v 146.885002 -297.511792 51.2248993
v 142.973995 -233.021307 140.4423
v 148.320198 -72.3848999 185.146403
v 148.220694 -222.115898 190.075898
v 71.4141011 -189.272797 14.4593999
v 77.4733007 -136.752999 16.1804006
v 87.6030982 -193.142498 9.96219963
v 114.698899 3.88970003 18.9035997
v 110.116994 63.4653986 71.2499022
v 116.630399 -11.8418999 42.8368986
v 111.968696 50.376302 91.6059017
v 142.994905 -85.2862 76.6996026
v 110.116994 63.4653986 71.2499022
v 8.9745 435.111713 166.2642
v 3.3721 443.421412 210.404611
v 5.99879995 426.428223 206.687999
v 49.3238002 -392.468905 12.8414005
v 43.4747994 -407.731724 16.1963001
v 23.2024997 -397.599411 13.0013004
v -111.703897 -145.894206 22.1294999
v -114.752197 -135.846806 23.5961005
v -86.1772001 -55.1019013 17.3089996
v -40.3443009 455.523014 26.1382014
v -48.0796993 418.439913 24.4435996
v -44.7573006 422.970676 54.0152013
v 57.942301 51.9809008 257.4435
v 3.9198 185.005701 270.065689
v -16.6725993 161.178899 280.836201
v 158.875597 -263.431001 93.8520014
v 166.650999 -224.730992 115.010297
v 160.371304 -282.822609 116.821206
v 149.589896 -128.722703 49.7449011
v 160.422599 -209.023094 90.4779017
v 160.148799 -223.920202 55.3758025
v -6.11650012 -460.199881 104.022205
v 24.9473006 -428.689289 106.786203
v 32.1103007 -410.016298 121.229899
v 166.650999 -224.730992 115.010297
v 160.725999 -134.871304 137.151694
v 162.743199 -230.693793 137.800002
v 14.2887995 387.570405 199.262905
v 9.85710025 387.607002 233.955789
v 6.99220002 320.570803 225.800204
v 116.630399 -11.8418999 42.8368986
v 142.994905 -85.2862 76.6996026
v 149.589896 -128.722703 49.7449011
v -134.388494 374.225497 203.248191
v -135.251606 386.810493 188.113201
v -136.928201 370.369005 184.484696
v 152.750599 -218.992591 146.5976
v 160.725999 -134.871304 137.151694
v 140.775394 -34.2626005 136.997604
v -14.5923004 375.398397 258.228111
v -13.1778002 384.021401 254.494691
v -22.8938997 391.871905 247.239494
v -143.843997 367.744303 46.864301
v -144.8295 407.662106 53.0683994
v -142.889094 408.972883 53.3221006
v -158.490503 -200.210595 47.1641004
v -166.480398 -303.584409 50.642699
v -157.593596 -205.4667 72.3824024
v -151.758301 -131.944394 74.7741997
v -158.490503 -200.210595 47.1641004
v -157.471597 -214.643502 75.2799988
v -166.650999 -307.944894 77.9726982
v -163.054097 -305.304909 96.6820002
v 69.4006979 -378.863311 42.474401
v 102.497005 -389.745307 40.0267005
v 71.2378025 -377.276707 81.9655001
v -98.0506003 -368.040705 231.789589
v -126.280499 -330.065894 200.322509
v -121.1496 -365.6353 166.440499
v 153.314304 -313.874292 114.196205
v 150.905895 -297.1452 145.577204
v 146.8171 -318.997693 120.620096
v -65.9922004 -373.418188 235.419893
v -101.198995 -415.074205 199.665403
v -73.7784982 -444.593 188.746703
v -151.758301 -131.944394 74.7741997
v -146.919 -157.098198 105.081201
v -146.7816 -134.195602 82.326901
v -123.766804 -392.902207 109.441102
v -100.999606 -444.156408 138.273394
v -121.1496 -365.6353 166.440499
v 41.4568007 187.2051 54.0042996
v 24.6480003 246.921802 23.1410995
v 25.2139002 260.640407 87.1013999
v 71.0950017 -384.734511 10.6270999
v 102.497005 -389.745307 40.0267005
v 69.4006979 -378.863311 42.474401
v -141.355801 -31.5104991 66.012001
v -143.037903 -91.8636978 45.877701
v -140.049696 -120.896697 76.0433972
v -23.5829994 434.948301 194.414401
v -25.0791997 451.106024 166.630197
v -42.0177013 429.950619 191.499305
v -40.5322999 460.992813 46.0590005
v -10.4698002 468.54558 49.3236005
v -20.2975005 462.913418 36.2466991
v -27.4444014 440.015411 227.834797
v -19.2195997 432.537985 207.780004
v -23.5829994 434.948301 194.414401
v -79.2374015 -287.694001 241.944098
v -65.6701982 -251.211596 281.0112
v -112.955201 -280.002093 293.127894
v 15.3481007 192.428005 260.191488
v 7.6477997 242.742705 255.622196
v 9.29069966 199.754202 269.404888
v 3.23420018 195.757103 274.87371
v 6.4000003 197.396398 268.35711
v -1.54879997 266.964006 265.049696
v 147.318995 -320.876002 112.1539
v 146.938205 -341.356301 94.2472994
v 142.191803 -306.560898 97.082299
v -32.4609995 -462.065792 135.632396
v -100.999606 -444.156408 138.273394
v -100.376701 -462.642479 105.599499
v -15.9290001 431.700897 18.4236005
v -40.3443009 455.523014 26.1382014
v -14.7394001 457.36618 24.6463999
v -43.9895988 387.679195 18.3259994
v -14.7565007 403.944778 20.0864002
v -15.9536004 365.062189 13.6287004
v -166.480398 -303.584409 50.642699
v -150.616205 -386.187005 11.3811001
v -146.429205 -399.995708 46.4354008
v 140.775394 -34.2626005 136.997604
v 144.940698 -89.0610993 102.104998
v 117.931604 38.0243987 96.2413013
v -84.9918008 381.675005 273.462009
v -115.8705 389.311194 282.654309
v -99.1433978 335.946298 289.945412
v 122.111499 68.224299 190.433502
v 80.5449009 109.427905 146.861994
v 105.125105 115.194201 200.726509
v -127.404499 -251.346493 311.969209
v -110.617495 -271.331 317.625904
v -97.6104975 -150.878096 312.674689
v -145.746696 -99.1605997 48.3940005
v -144.872105 -108.149004 47.5064993
v -144.963896 -85.421598 34.3511999
v 52.7220011 -36.0920995 254.707408
v 57.942301 51.9809008 257.4435
v 37.5153005 87.0485008 270.047903
v 21.5505004 -427.500391 191.149795
v -12.9434004 -467.890596 192.659998
v -20.7210004 -453.086281 168.059397
v -149.988103 90.3141975 13.3921996
v -146.025395 4.61999997 62.8552973
v -149.513304 104.182994 48.3291
v 11.4472002 452.419901 25.5901992
v 12.5778005 462.327003 28.1421989
v 14.9063006 470.762777 44.3908989
v 51.0501981 -398.947096 19.6899995
v 69.4006979 -378.863311 42.474401
v 50.3322005 -411.311483 41.6976988
v 166.587496 -280.893397 58.8567972
v 149.470997 -289.252591 24.1586998
v 163.453901 -270.159602 27.7568996
v 31.6599995 185.787904 159.4383
v 9.45580006 247.157598 122.119701
v 8.29949975 270.219302 157.002699
v 82.6736987 120.312703 36.5992993
v 93.0956006 123.886204 61.5595996
v 96.0753977 99.5684981 33.2444012
v -10.4698002 468.54558 49.3236005
v -40.5322999 460.992813 46.0590005
v -28.6242992 463.778591 79.1518986
v -135.927796 155.102706 103.538001
v -140.429294 283.383799 73.1490016
v -147.570705 123.132205 68.4180975
v -138.460898 307.566595 223.368812
v -129.852402 306.962299 222.214198
v -129.664505 318.038106 247.586608
v -97.6104975 -150.878096 312.674689
v -110.617495 -271.331 317.625904
v -76.9138992 -253.460598 292.405391
v 67.2127008 109.427798 266.899991
v 66.8581009 135.967004 219.406796
v 57.942301 51.9809008 257.4435
v -100.999606 -444.156408 138.273394
v -32.4609995 -462.065792 135.632396
v -84.0277016 -445.429611 155.464494
v 163.453901 -270.159602 27.7568996
v 149.470997 -289.252591 24.1586998
v 160.637403 -219.221592 23.6614004
v 20.2420995 461.683893 90.6814992
v 18.6226994 439.162302 127.473199
v 20.6799999 411.550808 127.167594
v -112.955201 -280.002093 293.127894
v -133.618498 -274.919701 242.674804
v -110.414803 -315.974689 231.660509
v 81.2233984 -138.111198 12.9456997
v 114.545405 -146.776199 10.0175001
v 87.1146977 -144.704604 9.93579999
v 116.630399 -11.8418999 42.8368986
v 150.364006 -135.839498 22.8138
v 116.2485 -7.16399997 10.5866998
v 39.3943012 -404.295206 137.120795
v 50.7193029 -388.997102 131.528294
v 45.4356998 -378.066707 163.536203
v 39.8119986 170.294595 43.1490988
v 51.335001 127.496898 41.1284
v 44.333601 134.703195 12.3924002
v -114.360297 455.73349 76.0645986
v -127.830696 459.896708 52.2903979
v -127.8247 446.130085 88.2389009
v -27.4444014 440.015411 227.834797
v -47.4548995 417.285204 198.356104
v -33.4147006 406.339312 233.939505
v -30.8795005 371.484089 273.183894
v -38.2811993 385.718608 257.184005
v -41.899699 377.347112 276.021695
v -153.389704 -113.064206 52.9655993
v -147.690904 -127.512801 75.1899004
v -146.606898 -114.051795 63.0411983
v -146.606898 -114.051795 63.0411983
v -145.746696 -99.1605997 48.3940005
v -30.8795005 371.484089 273.183894
v -15.9070998 330.293012 270.035911
v -12.6865 359.56471 269.439602
v 53.8064003 -289.612794 11.8468001
v 53.996402 -156.352997 18.3873996
v 67.2703981 -290.473008 8.39650035
v -68.671298 447.634983 88.6506975
v -76.6523004 436.750412 125.080502
v -66.2846029 427.567482 105.8514
v 20.2420995 461.683893 90.6814992
v 20.6799999 411.550808 127.167594
v 28.7694007 412.286997 78.0309975
v -114.971304 -47.0589995 175.717294
v -134.494495 -155.700099 234.018993
v -132.725 -106.723404 275.878596
v -98.775202 402.597189 199.9017
v -89.2461002 412.538099 205.356693
v -93.827498 421.698093 188.857102
v -135.014999 -53.6149025 85.2527976
v -134.056497 -153.931499 97.538501
v -131.305003 -162.792003 114.719296
v 84.5130026 117.538595 97.2729027
v 96.8428016 83.6202979 134.077799
v 92.6524997 108.341098 97.0270991
v -5.82300015 396.36271 240.372109
v 9.85710025 387.607002 233.955789
v 4.87009995 423.717308 231.522989
v 94.6933985 88.113302 239.891195
v 86.4162982 142.484295 223.358989
v 67.2127008 109.427798 266.899991
v -18.2224005 -346.70701 227.800202
v -79.2374015 -287.694001 241.944098
v -65.9922004 -373.418188 235.419893
v -147.570705 123.132205 68.4180975
v -141.528797 -13.4599 85.1993024
v -135.927796 155.102706 103.538001
v 4.93910015 188.040102 20.8469003
v 20.1398 55.5783987 13.6697993
v -7.08279982 163.746798 18.8984007
v -73.2025981 280.297804 25.6603986
v -12.5343993 281.801605 17.9203004
v -46.8555987 234.179902 16.9467002
v -141.331506 -359.869599 77.4837017
v -126.977003 -419.022799 75.9140015
v -123.766804 -392.902207 109.441102
v -138.616896 -339.186192 99.2679
v -123.766804 -392.902207 109.441102
v 20.2258006 461.142206 80.7125986
v 21.0391 413.776922 51.9766986
v 14.9063006 470.762777 44.3908989
v -106.862795 265.888309 288.524508
v -104.768205 274.64819 291.201591
v -128.457904 302.475595 295.054293
v -23.9402995 401.103401 21.7783004
v -48.0796993 418.439913 24.4435996
v -15.9290001 431.700897 18.4236005
v -131.900501 401.402187 170.005798
v -122.213495 401.791191 172.732103
v -124.740601 411.371803 167.657304
v 20.6505001 -334.266591 228.975201
v -18.2224005 -346.70701 227.800202
v 21.7915997 -343.761396 229.839706
v -138.616896 -339.186192 99.2679
v -123.766804 -392.902207 109.441102
v -128.334999 -342.578912 132.051897
v -20.4209 -464.542913 19.1294998
v 50.3322005 -411.311483 41.6976988
v -13.5863006 -466.209698 50.068301
v -44.1933006 406.803322 152.548099
v -43.7923998 431.401777 149.093795
v -40.337801 427.754784 142.624605
v -50.5666971 -168.868899 306.305599
v -43.1414008 -172.495794 302.273011
v -31.5492004 -159.783602 289.893103
v -141.525495 423.420477 96.3352025
v -132.323003 444.227791 95.887202
v -132.283795 437.98852 89.0555024
v 68.800801 -269.098592 249.272394
v 44.8446989 -294.133496 208.8341
v 72.8123009 -310.413098 214.288497
v -128.457904 302.475595 295.054293
v -133.1779 253.179193 252.146697
v -127.466202 246.618009 288.894796
v -48.7197012 325.346804 14.5903006
v -73.2025981 280.297804 25.6603986
v -68.3821023 376.303196 16.3599998
v -9.69410017 54.5140028 276.344609
v -51.5145004 125.4637 289.702296
v -64.0035987 9.97510031 299.064493
v -127.404499 -251.346493 311.969209
v -112.955201 -280.002093 293.127894
v -110.617495 -271.331 317.625904
v -75.3543973 408.275604 112.966394
v -61.9720995 411.160421 92.5117016
v -68.9940989 401.62549 90.4155016
v 144.940698 -89.0610993 102.104998
v 142.994905 -85.2862 76.6996026
v 111.968696 50.376302 91.6059017
v -144.107199 328.141999 80.1064014
v -142.112005 317.702699 42.4769998
v -142.343497 288.160801 78.8846016
v 150.831294 -352.649093 21.1484
v 145.310903 -284.650493 20.2959999
v 146.885002 -297.511792 51.2248993
v -166.480398 -303.584409 50.642699
v -158.490503 -200.210595 47.1641004
v -165.822399 -292.608404 19.5392996
v -126.280499 -330.065894 200.322509
v -128.334999 -342.578912 132.051897
v -121.1496 -365.6353 166.440499
v 160.034502 -205.346107 24.6886
v 149.589896 -128.722703 49.7449011
v 160.148799 -223.920202 55.3758025
v 27.5539994 219.263911 218.021393
v 18.2282999 279.320788 199.774897
v 17.7295998 287.832689 230.048394
v -114.143705 141.4047 274.454308
v -112.360597 149.343896 275.408697
v -127.265203 228.358293 284.278488
v -128.737402 391.462207 193.119204
v -122.213495 401.791191 172.732103
v -135.251606 386.810493 188.113201
v 138.175404 -361.971998 140.669405
v 142.711604 -355.384207 150.391901
v 136.438596 -357.634807 180.752599
v 148.220694 -222.115898 190.075898
v 142.811203 -292.442107 143.104005
v 142.973995 -233.021307 140.4423
v -146.429205 -399.995708 46.4354008
v -141.331506 -359.869599 77.4837017
v -150.063205 -369.1782 77.5148988
v -117.544997 299.619794 17.4439996
v -132.119501 216.732311 19.2007005
v -131.421494 331.76651 8.29970017
v -147.690904 -127.512801 75.1899004
v -153.389704 -113.064206 52.9655993
v -151.758301 -131.944394 74.7741997
v 47.6002991 138.851595 108.699501
v 54.5988977 141.286504 111.811805
v 39.5716995 140.744603 107.597196
v -141.528797 -13.4599 85.1993024
v -120.087504 42.3595011 125.378501
v -130.1826 58.9770973 122.305
v -125.452495 -119.302404 155.428803
v -134.494495 -155.700099 234.018993
v -114.1644 -53.7806988 174.5332
v -142.112005 317.702699 42.4769998
v -140.429294 283.383799 73.1490016
v -142.343497 288.160801 78.8846016
v 150.905895 -297.1452 145.577204
v 153.314304 -313.874292 114.196205
v 157.165396 -281.881094 136.827803
v -113.280404 470.579195 50.3573
v -72.4358976 458.34341 19.3765998
v -109.354806 466.765881 19.359
v 20.6505001 -334.266591 228.975201
v 21.7915997 -343.761396 229.839706
v 53.9987981 -299.067402 235.315704
v 57.7459991 105.005395 148.801601
v 80.5449009 109.427905 146.861994
v 45.6515998 132.989705 115.213203
v -86.3587022 419.683695 158.393502
v -93.827498 421.698093 188.857102
v -47.4548995 417.285204 198.356104
v 115.356803 -242.663097 236.986899
v 117.864096 -253.881407 228.661203
v 128.968406 -220.209002 189.4292
v 27.5539994 219.263911 218.021393
v 32.1767986 205.502796 214.203095
v 36.6557002 204.737091 209.450698
v -143.622601 336.294699 73.1369972
v -144.721198 403.88279 89.6058977
v -144.993103 375.026703 54.9345016
v 152.277899 -361.463499 56.2763989
v 99.9664009 -389.696503 81.9149971
v 102.497005 -389.745307 40.0267005
v 146.805596 -370.3336 21.9197005
v 103.270805 -400.549793 6.76349998
v 113.332605 -314.767194 10.0348003
v -141.972697 429.792023 50.4260004
v -142.286503 411.152077 9.97269973
v -142.889094 408.972883 53.3221006
v -68.671298 447.634983 88.6506975
v -60.5745018 422.907305 85.6855989
v -56.8423986 429.613876 78.2653987
v -121.940398 -137.281597 296.951199
v -127.404499 -251.346493 311.969209
v -92.8002 -138.673604 306.768799
v 12.1416003 321.199799 157.692599
v 18.2282999 279.320788 199.774897
v 8.29949975 270.219302 157.002699
v -64.2234027 407.84359 80.3264976
v -40.6807005 433.252907 76.8387973
v -44.7573006 422.970676 54.0152013
v -142.450094 378.480291 9.32699963
v -138.477302 401.996517 14.1929001
v -137.746096 376.95601 9.49089974
v -150.616205 -386.187005 11.3811001
v -149.124098 -186.456895 21.2206006
v -143.824196 -410.743904 15.7131001
v -143.097198 423.472118 90.3295994
v -141.972697 429.792023 50.4260004
v -144.155204 421.423912 69.9470997
v -139.2748 300.622892 212.146711
v -134.520996 303.746605 213.875508
v -138.460898 307.566595 223.368812
v -47.0809013 372.637391 278.814411
v -51.3370991 329.055095 285.297298
v -33.6118996 331.624198 279.519796
v -66.2846029 427.567482 105.8514
v -76.6523004 436.750412 125.080502
v -78.5430014 423.714399 126.208699
v -144.155204 421.423912 69.9470997
v -143.423998 410.960722 92.4916983
v -143.097198 423.472118 90.3295994
v -16.1533996 371.058798 266.482401
v -26.3069004 384.001398 261.531305
v -30.8795005 371.484089 273.183894
v 50.7193029 -388.997102 131.528294
v 47.5564986 -378.631091 113.584495
v 49.9588996 -369.465899 116.861904
v 41.3529992 156.6118 106.595898
v 35.9465986 160.926294 103.727901
v 39.5716995 140.744603 107.597196
v -80.4058015 40.9711003 20.4667002
v -50.4064977 92.2257006 20.1947004
v -8.04660022 36.9365007 20.1351002
v -10.0891002 -167.686605 279.001594
v 18.4083 -218.494892 261.122108
v 37.8259003 -155.947602 256.943989
v 162.743199 -230.693793 137.800002
v 160.371304 -282.822609 116.821206
v 166.650999 -224.730992 115.010297
v -143.682098 -204.290104 139.765
v -143.234706 -168.039203 121.682799
v -149.827003 -206.397104 134.296
v -117.544997 299.619794 17.4439996
v -113.667798 372.347498 18.2402998
v -85.7060015 367.425203 17.8809002
v -114.360297 455.73349 76.0645986
v -68.671298 447.634983 88.6506975
v -71.9951987 446.70558 55.4902971
v -127.988696 140.9495 233.495212
v -139.207995 181.791198 197.730899
v -129.286301 111.2095 153.934503
v 49.9570996 161.656499 75.9386003
v 32.8557998 185.609901 96.3325024
v 44.7652012 144.648504 89.329499
v 143.036401 -350.922394 188.482594
v 142.711604 -355.384207 150.391901
v 143.854296 -350.744295 142.9232
v -15.9070998 330.293012 270.035911
v -30.8795005 371.484089 273.183894
v -33.6118996 331.624198 279.519796
v 50.3322005 -411.311483 41.6976988
v -20.4209 -464.542913 19.1294998
v 44.3028003 -419.437599 12.7687007
v 5.99879995 426.428223 206.687999
v 6.08760007 433.69422 224.350905
v 4.87009995 423.717308 231.522989
v 150.905895 -297.1452 145.577204
v 162.743199 -230.693793 137.800002
v 152.750599 -218.992591 146.5976
v -70.8028972 424.816799 14.1837001
v -48.0796993 418.439913 24.4435996
v -55.5271029 397.91429 17.4548
v 65.5929983 -264.282298 15.0773004
v 71.4141011 -189.272797 14.4593999
v 87.6030982 -193.142498 9.96219963
v 97.0480978 -195.054102 10.6812
v 72.6541996 -294.527102 11.8630998
v 41.3302004 176.921296 55.7138026
v 49.9570996 161.656499 75.9386003
v 51.335001 127.496898 41.1284
v -120.357203 36.5200013 265.201402
v -126.0674 -11.5677997 218.6517
v -132.725 -106.723404 275.878596
v 87.8983021 -20.1967999 260.404205
v 67.2127008 109.427798 266.899991
v 57.942301 51.9809008 257.4435
v -133.616698 371.512008 226.0149
v -139.851105 349.819899 212.59439
v -135.638499 360.334492 236.334801
v 29.6460003 -415.945816 163.497698
v -32.4609995 -462.065792 135.632396
v 39.3943012 -404.295206 137.120795
v -146.724296 -220.58959 141.661894
v -145.168102 -301.854205 137.696302
v -138.126504 -301.830292 132.085299
v -113.667798 372.347498 18.2402998
v -131.421494 331.76651 8.29970017
v -127.701604 372.172403 15.3856993
v -138.460898 307.566595 223.368812
v -140.618205 299.539804 208.534288
v -139.2748 300.622892 212.146711
v -149.827003 -206.397104 134.296
v -146.919 -157.098198 105.081201
v -152.891397 -201.711798 107.800698
v -157.593596 -205.4667 72.3824024
v -152.891397 -201.711798 107.800698
v -37.1868014 436.062622 145.955205
v -32.8272998 437.103224 152.541602
v -19.0840006 447.259712 155.305505
v -37.1868014 436.062622 145.955205
v -8.62099975 450.107813 129.938698
v -33.9244992 436.14521 128.723097
v -166.480398 -303.584409 50.642699
v -150.063205 -369.1782 77.5148988
v -166.650999 -307.944894 77.9726982
v -159.284401 -297.950196 126.818299
v -148.016596 -344.3398 104.340696
v -145.168102 -301.854205 137.696302
v -51.6007006 376.466799 274.102211
v -84.9918008 381.675005 273.462009
v -51.3370991 329.055095 285.297298
v -111.3675 -458.107805 48.487699
v -130.902898 -404.444408 47.0510989
v -110.368502 -456.240988 19.2415997
v -132.725 -106.723404 275.878596
v -132.929397 -102.213001 284.371996
v -125.395095 -81.0715973 299.503207
v 20.0727001 260.091305 19.3570003
v 3.15730013 275.881791 16.1002994
v 13.1228 342.596698 14.3545002
v -143.977404 348.230696 13.1217003
v -143.774104 360.960293 49.4226009
v -143.843997 367.744303 46.864301
v -129.925799 426.976204 168.022203
v -130.082905 429.453897 157.487702
v -141.420698 420.547485 155.802798
v 114.545405 -146.776199 10.0175001
v 117.175102 8.81349966 7.79279992
v 116.2485 -7.16399997 10.5866998
v -7.29380026 -72.7008998 275.050092
v 39.545399 -55.4629028 261.328506
v 43.9547002 -45.2904999 262.748408
v -92.8002 -138.673604 306.768799
v -71.4085996 -229.548907 301.769996
v -50.5666971 -168.868899 306.305599
v 85.8299017 -137.158406 252.187109
v 41.8159008 -262.391901 242.390299
v 68.800801 -269.098592 249.272394
v -76.9138992 -253.460598 292.405391
v -110.617495 -271.331 317.625904
v -112.955201 -280.002093 293.127894
v -8.75720009 -263.853097 235.085893
v 41.8159008 -262.391901 242.390299
v 1.60070006 -262.593007 236.560011
v -70.2902019 414.78219 49.0462005
v -48.0796993 418.439913 24.4435996
v -70.8028972 424.816799 14.1837001
v -147.989297 -74.6595025 12.5330999
v -145.746696 -99.1605997 48.3940005
v -144.963896 -85.421598 34.3511999
v 150.364006 -135.839498 22.8138
v 116.630399 -11.8418999 42.8368986
v 149.589896 -128.722703 49.7449011
v 149.470997 -289.252591 24.1586998
v 146.885002 -297.511792 51.2248993
v 145.310903 -284.650493 20.2959999
v 60.9605014 -372.456408 116.965497
v 65.2697027 -367.386603 117.889798
v 63.9194012 -379.242206 136.947298
v -133.863699 446.035814 12.6952007
v -108.742595 442.098093 18.5966
v -108.6128 404.508686 22.0138997
v -100.068104 325.374794 289.862704
v -121.111703 352.151299 296.330404
v -125.415897 313.724303 297.191906
v -43.1535989 -34.7288013 19.5300996
v 18.0886999 -92.5044 17.0159996
v -4.61400002 -96.2464988 24.6345997
v -136.724699 438.590002 18.1940004
v -130.511498 461.511183 14.9843007
v -138.739705 443.981504 14.0710995
v 74.2096007 158.791804 73.7600982
v 51.335001 127.496898 41.1284
v 54.1896999 153.462601 79.9722016
v -6.53730035 60.9888017 279.022694
v -9.69410017 54.5140028 276.344609
v 37.5153005 87.0485008 270.047903
v -135.638499 360.334492 236.334801
v -122.3194 357.829189 254.28369
v -127.776504 375.615311 236.381602
v -21.8220994 398.099589 234.5438
v -27.4444014 440.015411 227.834797
v -33.4147006 406.339312 233.939505
v 8.98770019 244.289804 116.235602
v 18.5114995 229.0344 103.810799
v 29.5433015 267.402411 88.4339988
v -144.604802 327.231598 85.4575992
v -142.343497 288.160801 78.8846016
v -140.2704 296.34819 116.869199
v 24.2583007 266.819501 94.6367025
v 9.45580006 247.157598 122.119701
v 8.98770019 244.289804 116.235602
v 20.3449994 -386.944389 192.385101
v 40.3997004 -371.1519 182.088006
v 21.6406003 -346.550798 221.6959
v 4.93910015 188.040102 20.8469003
v 44.333601 134.703195 12.3924002
v 20.1398 55.5783987 13.6697993
v 4.69530001 429.290581 22.9866996
v 12.1357001 417.346001 20.7990006
v 7.65430033 401.639509 23.9663005
v 27.5539994 219.263911 218.021393
v 13.3058995 263.879108 240.552092
v 22.6462007 196.065998 246.874905
v -153.818297 -179.320097 17.6924005
v -157.998896 -175.07 22.8211001
v -152.063096 -163.768804 17.6183
v -120.167303 394.596505 196.022701
v -122.213495 401.791191 172.732103
v -128.737402 391.462207 193.119204
v 21.4065999 -405.104589 15.8570006
v 44.3028003 -419.437599 12.7687007
v -20.4209 -464.542913 19.1294998
v 99.9664009 -389.696503 81.9149971
v 97.5476027 -373.908401 112.830603
v 72.7733016 -374.165201 88.0689025
v -125.186098 -122.044003 152.304101
v -127.623403 -144.681704 118.719804
v -129.052997 -162.746298 125.557804
v 6.99220002 320.570803 225.800204
v 18.2282999 279.320788 199.774897
v 13.7732998 333.879495 191.913402
v -85.2348983 437.811613 120.492697
v -96.0016012 435.266495 118.119299
v -111.735702 431.486607 132.314003
v -141.355801 -31.5104991 66.012001
v -141.528797 -13.4599 85.1993024
v -142.312098 -11.1552998 77.4671972
v -145.199203 339.223409 40.4498994
v -141.621006 323.219395 14.5308003
v -142.112005 317.702699 42.4769998
v -139.204001 309.7085 10.3455
v -139.597201 300.038409 42.2475994
v -115.674102 396.019602 248.364902
v -115.8705 389.311194 282.654309
v -84.9918008 381.675005 273.462009
v 142.811203 -292.442107 143.104005
v 148.220694 -222.115898 190.075898
v 138.094103 -286.458111 200.087404
v -142.555499 395.523596 156.484103
v -142.195201 362.894607 150.574803
v -139.781404 394.440603 163.206697
v -138.506305 364.461493 179.602003
v -137.8847 372.174597 181.245697
v -136.292005 382.065201 168.441403
v -140.409505 -152.965903 102.698803
v -134.056497 -153.931499 97.538501
v -142.130601 -142.785704 83.1804991
v -132.119501 216.732311 19.2007005
v -149.988103 90.3141975 13.3921996
v -149.172902 101.744401 16.3607001
v 69.4006979 -378.863311 42.474401
v 51.0501981 -398.947096 19.6899995
v 68.7371016 -383.44171 15.0962994
v -129.286301 111.2095 153.934503
v -118.7572 95.3512013 153.881896
v -117.512202 94.7793007 160.629296
v -8.62099975 450.107813 129.938698
v 8.9745 435.111713 166.2642
v 16.6079 445.704889 134.8508
v 31.6599995 185.787904 159.4383
v 36.6557002 204.737091 209.450698
v 66.8581009 135.967004 219.406796
v 68.3040977 -384.102392 74.4226992
v 50.3322005 -411.311483 41.6976988
v 69.4006979 -378.863311 42.474401
v 30.5590004 187.008798 106.511903
v 23.6117005 194.555199 113.462198
v 35.9465986 160.926294 103.727901
v -138.3371 309.12869 194.404101
v -137.201703 226.826906 177.119398
v -138.341999 248.378301 212.40201
v -121.111703 352.151299 296.330404
v -122.3194 357.829189 254.28369
v -124.0888 314.074612 288.2411
v -132.267594 321.217108 248.527193
v -137.802303 317.495203 230.591893
v -138.460898 307.566595 223.368812
v 71.4141011 -189.272797 14.4593999
v 65.1843011 12.3969004 10.5472997
v 77.4733007 -136.752999 16.1804006
v -38.2811993 385.718608 257.184005
v -26.3069004 384.001398 261.531305
v -22.8938997 391.871905 247.239494
v -56.8423986 429.613876 78.2653987
v -60.5745018 422.907305 85.6855989
v -66.2001014 409.197378 80.0439
v -6.63300008 386.024308 247.468996
v -13.1778002 384.021401 254.494691
v -8.00779983 370.744705 252.239799
v 68.800801 -269.098592 249.272394
v 41.8159008 -262.391901 242.390299
v 44.8446989 -294.133496 208.8341
v 158.875597 -263.431001 93.8520014
v 160.148799 -223.920202 55.3758025
v 160.422599 -209.023094 90.4779017
v -53.4464002 223.941493 289.38539
v -47.7472007 234.26199 289.744091
v -104.747701 224.244905 293.906498
v 39.8927003 -408.226013 74.487102
v -17.6027 -475.635099 72.2370982
v -13.1070003 -475.1441 48.6523002
v -59.7432017 448.04492 12.7886996
v -70.2902019 414.78219 49.0462005
v -70.8028972 424.816799 14.1837001
v 45.4356998 -378.066707 163.536203
v 20.3449994 -386.944389 192.385101
v 29.6460003 -415.945816 163.497698
v -146.429205 -399.995708 46.4354008
v -143.824196 -410.743904 15.7131001
v -139.521098 -402.8368 48.6301005
v -162.457705 -315.879011 101.653397
v -150.063205 -369.1782 77.5148988
v -148.016596 -344.3398 104.340696
v -159.284401 -297.950196 126.818299
v -148.016596 -344.3398 104.340696
v 57.942301 51.9809008 257.4435
v -16.6725993 161.178899 280.836201
v 37.5153005 87.0485008 270.047903
v 166.587496 -280.893397 58.8567972
v 151.525104 -301.894498 90.6893015
v 156.088305 -302.51689 54.8415005
v 72.6541996 -294.527102 11.8630998
v 97.0480978 -195.054102 10.6812
v 110.430706 -286.160398 13.9216006
v -130.511498 461.511183 14.9843007
v -108.742595 442.098093 18.5966
v -133.863699 446.035814 12.6952007
v -138.015795 344.790196 193.811703
v -134.388494 374.225497 203.248191
v -138.295603 374.851489 191.123402
v -114.552498 391.001391 217.790699
v -127.776504 375.615311 236.381602
v -115.674102 396.019602 248.364902
v -157.998896 -175.07 22.8211001
v -151.758301 -131.944394 74.7741997
v -153.389704 -113.064206 52.9655993
v -74.8825014 394.611096 260.633397
v -60.9134018 389.90519 254.102206
v -75.7776022 395.900202 249.085402
v -24.7623995 -471.760321 101.733899
v -30.9859008 -479.019403 75.861901
v -21.9723001 -467.678308 99.5167017
v 94.6933985 88.113302 239.891195
v 142.107999 -44.1845 191.250598
v 105.125105 115.194201 200.726509
v 20.1398 55.5783987 13.6697993
v -50.4064977 92.2257006 20.1947004
v -7.08279982 163.746798 18.8984007
v -128.006601 451.641321 46.8852997
v -109.354806 466.765881 19.359
v -130.511498 461.511183 14.9843007
v 97.0480978 -195.054102 10.6812
v 114.545405 -146.776199 10.0175001
v 129.394698 -181.283796 17.0025006
v -12.6865 359.56471 269.439602
v -5.64929992 328.431511 248.290396
v -8.00779983 370.744705 252.239799
v 4.15240005 476.775217 80.2873015
v 13.2945001 468.326616 83.4424973
v 17.5374001 460.668421 79.1778028
v -64.2234027 407.84359 80.3264976
v -44.7573006 422.970676 54.0152013
v -70.2902019 414.78219 49.0462005
v -40.3443009 455.523014 26.1382014
v -44.7573006 422.970676 54.0152013
v -40.5322999 460.992813 46.0590005
v 54.9899995 -135.172105 246.50259
v 43.6535001 -82.5814009 260.056305
v 37.8259003 -155.947602 256.943989
v -107.500505 -450.414896 110.397196
v -123.766804 -392.902207 109.441102
v -126.977003 -419.022799 75.9140015
v -137.053394 327.860904 166.6767
v -137.409902 296.022701 124.462497
v -135.036194 289.166403 126.086104
v 14.2887995 387.570405 199.262905
v 6.99220002 320.570803 225.800204
v 13.7732998 333.879495 191.913402
v -134.388494 374.225497 203.248191
v -138.015795 344.790196 193.811703
v -139.851105 349.819899 212.59439
v -122.3194 357.829189 254.28369
v -135.638499 360.334492 236.334801
v -132.267594 321.217108 248.527193
v 51.4421999 -367.33489 102.355003
v 46.0067004 -376.665497 101.225901
v 42.2003001 -403.025913 86.2944007
v -98.0506003 -368.040705 231.789589
v -121.1496 -365.6353 166.440499
v -101.198995 -415.074205 199.665403
v 141.891599 -303.43039 81.0124993
v 156.088305 -302.51689 54.8415005
v 151.525104 -301.894498 90.6893015
v -65.9922004 -373.418188 235.419893
v -73.7784982 -444.593 188.746703
v -32.1440995 -428.321505 197.431695
v -123.766804 -392.902207 109.441102
v -121.1496 -365.6353 166.440499
v -128.334999 -342.578912 132.051897
v 22.5005001 317.924905 53.9098024
v 28.7694007 412.286997 78.0309975
v 27.7291 282.170391 89.0177011
v 64.8836017 -376.318002 186.700702
v 71.7436016 -320.736289 210.173607
v 62.1497989 -370.67101 201.567101
v -138.770902 -174.236596 127.519405
v -134.056497 -153.931499 97.538501
v -140.409505 -152.965903 102.698803
v -40.3443009 455.523014 26.1382014
v -15.9290001 431.700897 18.4236005
v -48.0796993 418.439913 24.4435996
v 18.5114995 229.0344 103.810799
v 38.1175995 211.191297 84.1104984
v 29.5433015 267.402411 88.4339988
v -79.2374015 -287.694001 241.944098
v -112.955201 -280.002093 293.127894
v -110.414803 -315.974689 231.660509
v -134.842896 -49.5808989 16.1925003
v -138.2177 -61.0512018 15.0787994
v -140.559995 -49.3306994 22.7382004
v -6.63300008 386.024308 247.468996
v -5.82300015 396.36271 240.372109
v -13.7433007 383.317399 240.49511
v -114.552498 391.001391 217.790699
v -108.097303 398.078704 217.443204
v -113.575995 398.780608 216.774201
v -132.929397 -102.213001 284.371996
v -132.725 -106.723404 275.878596
v -131.856501 -112.892795 280.336905
v -145.697701 -18.6866999 63.5927975
v -141.254103 -21.8731999 67.3242986
v -142.312098 -11.1552998 77.4671972
v -128.755105 387.442398 200.654411
v -120.167303 394.596505 196.022701
v -128.737402 391.462207 193.119204
v -122.593999 136.480606 241.56971
v -117.876303 128.009999 241.492295
v -117.272997 136.127102 251.66471
v 58.4720016 -122.278595 245.4072
v 54.9899995 -135.172105 246.50259
v 61.8750989 -133.220804 241.037703
v -118.7572 95.3512013 153.881896
v -119.695997 87.458998 163.575196
v -117.512202 94.7793007 160.629296
v 156.088305 -302.51689 54.8415005
v 141.891599 -303.43039 81.0124993
v 146.885002 -297.511792 51.2248993
v -136.960101 394.61689 164.256597
v -134.806299 380.683494 167.954099
v -132.342601 385.589504 164.848804
v -135.036194 289.166403 126.086104
v -137.465405 284.223509 112.014604
v -137.675595 273.544693 121.117496
v -41.899699 377.347112 276.021695
v -51.6007006 376.466799 274.102211
v -47.0809013 372.637391 278.814411
v -91.2711024 413.392878 154.920995
v -86.3587022 419.683695 158.393502
v -85.6431007 410.806513 145.280802
v -80.9726 25.6446004 18.2238996
v -142.134404 -48.5693991 12.9925996
v -80.4058015 40.9711003 20.4667002
v -111.703897 -145.894206 22.1294999
v -121.257997 -140.378106 17.2933996
v -114.752197 -135.846806 23.5961005
v -61.9720995 411.160421 92.5117016
v -66.2001014 409.197378 80.0439
v -68.9940989 401.62549 90.4155016
v -106.862795 265.888309 288.524508
v -101.155198 272.733212 286.775398
v -104.768205 274.64819 291.201591
v -38.7322992 333.206797 17.3222005
v -44.1513002 331.047797 11.9024001
v -48.7197012 325.346804 14.5903006
v -39.5857006 397.602296 247.887993
v -60.9134018 389.90519 254.102206
v -49.0381986 389.089203 264.111805
v 40.3997004 -371.1519 182.088006
v 49.5483011 -368.889809 189.824295
v 40.8962011 -357.558298 199.589097
v 46.0067004 -376.665497 101.225901
v 47.5564986 -378.631091 113.584495
v 43.0588007 -373.916411 107.111001
v 70.4308987 -378.642106 89.5801008
v 68.3040977 -384.102392 74.4226992
v 71.2378025 -377.276707 81.9655001
v -32.1673989 -453.804207 12.6237005
v -26.0659009 -448.838806 15.5560002
v -20.4209 -464.542913 19.1294998
v -137.469196 -423.670387 22.6354003
v -139.579499 -425.125694 25.4070014
v -138.104904 -424.524498 16.7758003
v 11.4472002 452.419901 25.5901992
v 6.07119985 463.424206 28.9635986
v 12.5778005 462.327003 28.1421989
v 18.6226994 439.162302 127.473199
v 14.5813003 460.278511 114.796698
v 12.2938 449.764109 130.0964
v 24.2583007 266.819501 94.6367025
v 25.2139002 260.640407 87.1013999
v 25.6592005 275.227499 87.6471996
v 17.6994994 361.930609 21.3468
v 23.1508002 368.419409 20.1405004
v 13.1228 342.596698 14.3545002
v -37.1868014 436.062622 145.955205
v -40.337801 427.754784 142.624605
v -43.7923998 431.401777 149.093795
v -42.0177013 429.950619 191.499305
v -46.4911997 427.766085 176.999795
v -46.5936989 427.590895 193.099904
v -137.8847 372.174597 181.245697
v -138.295603 374.851489 191.123402
v -136.928201 370.369005 184.484696
v -139.068902 364.663291 152.389801
v -137.628603 356.651998 154.429305
v -138.344598 355.265808 162.586606
v -102.406204 318.389511 293.51809
v -99.1433978 335.946298 289.945412
v -100.068104 325.374794 289.862704
v 12.1357001 417.346001 20.7990006
v 15.8638 423.697519 19.5052996
v 17.6064 412.979317 28.4069002
v -109.768105 441.543102 127.998102
v -116.6134 440.151405 135.792899
v -111.735702 431.486607 132.314003
v -131.626701 449.604607 91.6465998
v -132.283795 437.98852 89.0555024
v -132.323003 444.227791 95.887202
v -127.830696 459.896708 52.2903979
v -128.006601 451.641321 46.8852997
v -131.563997 445.093203 46.2936014
v -141.525495 423.420477 96.3352025
v -143.097198 423.472118 90.3295994
v -143.008602 430.085278 101.342297
v -17.4252003 394.895101 241.179395
v -21.8220994 398.099589 234.5438
v -25.5551994 399.977899 236.898494
v -32.8272998 437.103224 152.541602
v -25.0791997 451.106024 166.630197
v -19.0840006 447.259712 155.305505
v -12.4650002 440.016413 234.332609
v -6.14340007 437.733984 225.708795
v -13.0604997 444.675398 229.332495
v 4.15240005 476.775217 80.2873015
v 4.31450009 463.123703 97.6414025
v 13.2945001 468.326616 83.4424973
v -144.5346 -80.8431029 18.6670005
v -145.840704 -71.5120971 13.3452997
v -141.559601 -75.0070989 20.9272996
v -118.487895 49.298501 267.302608
v -117.166698 48.5053003 261.047697
v -115.276396 43.7835991 271.458292
v -143.037903 -91.8636978 45.877701
v -144.872105 -108.149004 47.5064993
v -142.498004 -125.273502 72.6724982
v -50.5666971 -168.868899 306.305599
v -54.9459994 -205.086589 296.313
v -43.1414008 -172.495794 302.273011
v 60.9605014 -372.456408 116.965497
v 67.0533001 -371.376896 104.156196
v 72.2323 -370.135903 110.366905
v 67.2703981 -290.473008 8.39650035
v 66.476202 -305.890298 9.43540037
v 60.8009994 -291.704011 11.5618996
v 73.4362006 -377.697611 10.0846
v 68.7371016 -383.44171 15.0962994
v 68.3368027 -376.019096 8.16539973
v 43.4747994 -407.731724 16.1963001
v 48.2879996 -416.688299 16.3546994
v 44.3028003 -419.437599 12.7687007
v -100.376701 -462.642479 105.599499
v -107.500505 -450.414896 110.397196
v -107.772803 -457.241106 104.9191
v -13.5863006 -466.209698 50.068301
v -21.8761995 -478.584003 44.1982001
v -20.3006998 -467.28158 42.9592013
v -142.722297 402.472019 108.428097
v -143.423998 410.960722 92.4916983
v -144.721198 403.88279 89.6058977
v -141.081297 327.274108 123.721898
v -141.131794 324.687004 111.844206
v -141.962194 308.313203 118.369603
v -144.8295 407.662106 53.0683994
v -144.155204 421.423912 69.9470997
v -142.889094 408.972883 53.3221006
v -143.977404 370.958591 52.9717028
v -143.843997 367.744303 46.864301
v -144.993103 375.026703 54.9345016
v -127.466202 246.618009 288.894796
v -127.265203 228.358293 284.278488
v -125.4179 233.811307 284.091711
v 3.23420018 195.757103 274.87371
v 9.29069966 199.754202 269.404888
v 6.4000003 197.396398 268.35711
v 19.8999003 233.1213 19.0396994
v 23.3206004 248.210597 20.2074006
v 24.6480003 246.921802 23.1410995
v 97.8008986 -387.723994 185.579705
v 100.624597 -377.7601 198.798704
v 92.3533022 -373.990989 195.365202
v 70.6462026 150.165999 88.8167024
v 63.8611972 152.065504 95.3305006
v 69.5001006 151.706803 97.1058011
v -114.143705 141.4047 274.454308
v -112.355602 144.497502 281.979704
v -112.360597 149.343896 275.408697
v 141.891599 -303.43039 81.0124993
v 145.958602 -300.268793 87.8588974
v 141.9119 -311.088705 82.5887024
v 137.112701 -346.751809 194.8295
v 139.308405 -343.751407 184.898496
v 143.036401 -350.922394 188.482594
v 87.2183025 107.949603 93.2301998
v 92.6524997 108.341098 97.0270991
v 95.2845991 100.578797 87.5141025
v 111.509204 -244.057703 235.331702
v 115.946496 -261.580801 230.5305
v 117.864096 -253.881407 228.661203
v 93.0956006 123.886204 61.5595996
v 85.5772972 125.214601 63.4119987
v 86.9746029 138.932896 67.8716004
v 138.175404 -361.971998 140.669405
v 143.854296 -350.744295 142.9232
v 142.711604 -355.384207 150.391901
v 117.931604 38.0243987 96.2413013
v 111.968696 50.376302 91.6059017
v 113.330698 53.6194026 92.1159983
v 7.65430033 401.639509 23.9663005
v 12.1357001 417.346001 20.7990006
v 17.8871006 400.166607 18.7297001
v -10.4698002 468.54558 49.3236005
v -9.68630016 462.667608 25.9891003
v -20.2975005 462.913418 36.2466991
v -148.696601 119.297695 50.9038985
v -149.513304 104.182994 48.3291
v -147.570705 123.132205 68.4180975
v -147.8544 -169.233704 18.0634007
v -121.257997 -140.378106 17.2933996
v -117.186797 -157.523298 21.2208003
v -114.6541 -54.6841025 304.169202
v -116.164601 4.32810001 280.179906
v -120.357203 36.5200013 265.201402
v -43.9895988 387.679195 18.3259994
v -55.5271029 397.91429 17.4548
v -23.9402995 401.103401 21.7783004
v -84.9918008 381.675005 273.462009
v -74.8825014 394.611096 260.633397
v -75.7776022 395.900202 249.085402
v -83.8909984 404.107618 233.535504
v -75.7776022 395.900202 249.085402
v -60.9134018 389.90519 254.102206
v -41.899699 377.347112 276.021695
v -38.2811993 385.718608 257.184005
v -49.0381986 389.089203 264.111805
v -54.9459994 -205.086589 296.313
v -50.5666971 -168.868899 306.305599
v -71.4085996 -229.548907 301.769996
v -116.769004 164.416397 15.9247994
v -126.860797 143.337905 16.6848004
v -117.544997 299.619794 17.4439996
v -143.037903 -91.8636978 45.877701
v -143.369901 -63.5959983 21.2366998
v -144.963896 -85.421598 34.3511999
v -138.460898 307.566595 223.368812
v -134.520996 303.746605 213.875508
v -129.852402 306.962299 222.214198
v 27.8852999 156.443703 259.820795
v 15.3481007 192.428005 260.191488
v 3.9198 185.005701 270.065689
v -93.827498 421.698093 188.857102
v -86.3587022 419.683695 158.393502
v -97.6225019 416.524601 168.014705
v -9.62589979 -227.404499 267.721796
v -19.7606996 -219.970798 269.398093
v -10.5502002 -259.488893 240.876508
v -64.2234027 407.84359 80.3264976
v -61.9720995 411.160421 92.5117016
v -40.2195007 425.141191 95.2368021
v -51.3370991 329.055095 285.297298
v -51.6458988 307.908511 283.231497
v -32.2046012 317.224503 275.21081
v -51.3370991 329.055095 285.297298
v -94.2032993 336.900091 292.387891
v -95.3930974 314.065289 288.623095
v 146.938205 -341.356301 94.2472994
v 142.273295 -363.282895 86.947602
v 141.9119 -311.088705 82.5887024
v 9.45580006 247.157598 122.119701
v 31.6599995 185.787904 159.4383
v 23.7779006 193.794096 142.302406
v -40.6807005 433.252907 76.8387973
v -40.2195007 425.141191 95.2368021
v -37.7330005 423.031187 114.647496
v 51.9743025 -374.722099 168.120396
v 49.5483011 -368.889809 189.824295
v 40.3997004 -371.1519 182.088006
v 40.8962011 -357.558298 199.589097
v 27.0812988 -346.986794 226.497006
v 21.6406003 -346.550798 221.6959
v 4.15240005 476.775217 80.2873015
v -28.6242992 463.778591 79.1518986
v -28.4700006 460.669708 92.7879989
v 68.7371016 -383.44171 15.0962994
v 51.0501981 -398.947096 19.6899995
v 49.3238002 -392.468905 12.8414005
v -25.0791997 451.106024 166.630197
v -32.8272998 437.103224 152.541602
v -46.4911997 427.766085 176.999795
v -3.72559987 373.981094 241.167688
v -3.23220007 339.363289 236.379099
v 2.3356 356.133795 226.847601
v -6.76700026 438.692904 22.1665993
v 0.744599989 459.962416 20.9445998
v 12.6643002 458.593988 17.7212998
v -114.360297 455.73349 76.0645986
v -107.566297 461.716795 88.1051004
v -78.4317017 447.766113 91.6172028
v -85.2348983 437.811613 120.492697
v -68.671298 447.634983 88.6506975
v -78.4317017 447.766113 91.6172028
v -135.987306 409.861708 163.176596
v -131.900501 401.402187 170.005798
v -129.925799 426.976204 168.022203
v 44.7652012 144.648504 89.329499
v 32.8557998 185.609901 96.3325024
v 41.3529992 156.6118 106.595898
v 23.7779006 193.794096 142.302406
v 40.229699 146.962595 121.2605
v 35.9465986 160.926294 103.727901
v -156.491697 -216.963196 93.879801
v -152.891397 -201.711798 107.800698
v -157.593596 -205.4667 72.3824024
v -127.623403 -144.681704 118.719804
v -137.330794 -8.41670036 90.1349008
v -135.014999 -53.6149025 85.2527976
v 43.6535001 -82.5814009 260.056305
v 54.9899995 -135.172105 246.50259
v 58.4720016 -122.278595 245.4072
v -146.904802 -208.081603 140.946198
v -146.724296 -220.58959 141.661894
v -143.682098 -204.290104 139.765
v -31.714201 -461.186504 154.603195
v -20.7210004 -453.086281 168.059397
v -94.3853021 -446.664619 170.601201
v 8.15339983 268.228006 249.180388
v -5.64929992 328.431511 248.290396
v -1.54879997 266.964006 265.049696
v 7.30289966 256.584001 21.6034994
v 3.15730013 275.881791 16.1002994
v 20.0727001 260.091305 19.3570003
v 20.2420995 461.683893 90.6814992
v 13.2945001 468.326616 83.4424973
v 14.5813003 460.278511 114.796698
v -136.966705 277.396989 206.799603
v -136.988997 269.468307 218.12501
v -139.2748 300.622892 212.146711
v -136.563802 256.150699 168.085003
v -137.201703 226.826906 177.119398
v -138.3371 309.12869 194.404101
v 136.438596 -357.634807 180.752599
v 137.112701 -346.751809 194.8295
v 100.624597 -377.7601 198.798704
v 117.845798 -315.552092 207.833195
v 138.094103 -286.458111 200.087404
v 117.070103 -292.105794 210.9231
v 129.257298 -195.140803 18.2707995
v 129.394698 -181.283796 17.0025006
v 160.034502 -205.346107 24.6886
v -144.019401 427.062988 100.342405
v -143.097198 423.472118 90.3295994
v -143.423998 410.960722 92.4916983
v -144.721198 403.88279 89.6058977
v -143.423998 410.960722 92.4916983
v -144.155204 421.423912 69.9470997
v 146.938205 -341.356301 94.2472994
v 147.318995 -320.876002 112.1539
v 147.672105 -338.036299 116.115296
v 51.335001 127.496898 41.1284
v 49.9570996 161.656499 75.9386003
v 54.1896999 153.462601 79.9722016
v -137.409902 296.022701 124.462497
v -140.827203 319.6491 131.872904
v -140.2704 296.34819 116.869199
v -16.1533996 371.058798 266.482401
v -12.6865 359.56471 269.439602
v -8.00779983 370.744705 252.239799
v -142.134404 -48.5693991 12.9925996
v -80.9726 25.6446004 18.2238996
v -134.842896 -49.5808989 16.1925003
v 86.0701978 131.351495 74.0743995
v 88.9816999 119.346797 89.8860991
v 93.4234977 105.466604 82.7121973
v -135.987306 409.861708 163.176596
v -141.420698 420.547485 155.802798
v -139.781404 394.440603 163.206697
v 21.1073995 350.966191 13.7430996
v 23.1508002 368.419409 20.1405004
v 22.5005001 317.924905 53.9098024
v -127.830696 459.896708 52.2903979
v -133.603203 447.086191 51.0058999
v -134.242499 442.975521 78.4999013
v 78.5426021 -277.413607 241.868305
v 107.600403 -260.11889 231.173897
v 111.509204 -244.057703 235.331702
v -48.7197012 325.346804 14.5903006
v -55.5271029 397.91429 17.4548
v -43.9895988 387.679195 18.3259994
v 7.6477997 242.742705 255.622196
v 15.3481007 192.428005 260.191488
v 22.6462007 196.065998 246.874905
v 143.854296 -350.744295 142.9232
v 138.175404 -361.971998 140.669405
v 141.249394 -347.997189 110.726202
v -141.902006 -333.661604 109.701002
v -139.366806 -340.263605 109.8225
v -136.506104 -314.974594 133.560503
v -157.471597 -214.643502 75.2799988
v -163.054097 -305.304909 96.6820002
v -156.491697 -216.963196 93.879801
v -134.494495 -155.700099 234.018993
v -114.971304 -47.0589995 175.717294
v -114.1644 -53.7806988 174.5332
v -134.045303 -435.176706 16.2266999
v -32.1673989 -453.804207 12.6237005
v -72.3182023 -464.167309 12.2179002
v 72.8123009 -310.413098 214.288497
v 85.5675995 -306.375289 214.251399
v 78.5426021 -277.413607 241.868305
v -149.124098 -186.456895 21.2206006
v -153.768504 -187.082601 15.0907993
v -152.063096 -163.768804 17.6183
v -127.466202 246.618009 288.894796
v -133.1779 253.179193 252.146697
v -133.5343 234.454608 253.747392
v -124.0888 314.074612 288.2411
v -129.664505 318.038106 247.586608
v -129.458106 306.855202 249.927402
v 51.4421999 -367.33489 102.355003
v 67.0533001 -371.376896 104.156196
v 60.9605014 -372.456408 116.965497
v -95.4831004 388.227391 18.2793006
v -85.7060015 367.425203 17.8809002
v -113.667798 372.347498 18.2402998
v -41.0118014 428.440523 136.603498
v -37.1868014 436.062622 145.955205
v -33.9244992 436.14521 128.723097
v -117.383099 58.5667014 160.116005
v -119.073296 87.6232982 151.503801
v -123.004997 -80.5927992 144.566703
v -142.498004 -125.273502 72.6724982
v -142.130601 -142.785704 83.1804991
v -140.049696 -120.896697 76.0433972
v 42.2003001 -403.025913 86.2944007
v 39.8927003 -408.226013 74.487102
v 68.3040977 -384.102392 74.4226992
v -163.054097 -305.304909 96.6820002
v -162.457705 -315.879011 101.653397
v -152.891397 -201.711798 107.800698
v -21.8761995 -478.584003 44.1982001
v -13.1070003 -475.1441 48.6523002
v -17.6027 -475.635099 72.2370982
v 87.1146977 -144.704604 9.93579999
v 97.0480978 -195.054102 10.6812
v 87.6030982 -193.142498 9.96219963
v -144.993103 375.026703 54.9345016
v -143.774104 360.960293 49.4226009
v -143.622601 336.294699 73.1369972
v -49.0381986 389.089203 264.111805
v -60.9134018 389.90519 254.102206
v -74.8825014 394.611096 260.633397
v -97.6104975 -150.878096 312.674689
v -76.9138992 -253.460598 292.405391
v -71.4085996 -229.548907 301.769996
v -119.302404 399.064207 208.800507
v -109.4347 397.150612 203.092909
v -120.167303 394.596505 196.022701
v 22.6462007 196.065998 246.874905
v 15.3481007 192.428005 260.191488
v 27.8852999 156.443703 259.820795
v -32.4609995 -462.065792 135.632396
v -100.376701 -462.642479 105.599499
v -89.2152011 -466.016722 106.868505
v -135.014999 -53.6149025 85.2527976
v -137.330794 -8.41670036 90.1349008
v -140.049696 -120.896697 76.0433972
v -146.724296 -220.58959 141.661894
v -138.126504 -301.830292 132.085299
v -136.506104 -314.974594 133.560503
v 44.7652012 144.648504 89.329499
v 39.5716995 140.744603 107.597196
v 54.5988977 141.286504 111.811805
v 54.1896999 153.462601 79.9722016
v 49.9570996 161.656499 75.9386003
v 63.8611972 152.065504 95.3305006
v -6.11650012 -460.199881 104.022205
v 32.1103007 -410.016298 121.229899
v 39.3943012 -404.295206 137.120795
v 113.332605 -314.767194 10.0348003
v 121.384501 -295.042491 15.9079
v 150.831294 -352.649093 21.1484
v -113.573003 123.201203 273.253107
v -98.300302 42.0745999 287.86571
v -92.6824987 38.3343011 296.037889
v -142.498004 -125.273502 72.6724982
v -144.872105 -108.149004 47.5064993
v -146.606898 -114.051795 63.0411983
v -108.6128 404.508686 22.0138997
v -68.3821023 376.303196 16.3599998
v -95.4831004 388.227391 18.2793006
v 7.65430033 401.639509 23.9663005
v 6.27840012 366.766691 17.7812994
v -6.76700026 438.692904 22.1665993
v -107.566297 461.716795 88.1051004
v -114.360297 455.73349 76.0645986
v -117.927694 441.683006 121.218801
v -146.488297 -23.7532005 54.1435003
v -145.697701 -18.6866999 63.5927975
v -146.025395 4.61999997 62.8552973
v -22.8938997 391.871905 247.239494
v -25.5551994 399.977899 236.898494
v -39.5857006 397.602296 247.887993
v -115.588701 120.720303 220.426798
v -122.593999 136.480606 241.56971
v -129.286301 111.2095 153.934503
v 65.5929983 -264.282298 15.0773004
v 87.6030982 -193.142498 9.96219963
v 97.0480978 -195.054102 10.6812
v -66.2846029 427.567482 105.8514
v -78.5430014 423.714399 126.208699
v -75.3543973 408.275604 112.966394
v -137.019503 319.9193 181.550896
v -137.8847 372.174597 181.245697
v -138.506305 364.461493 179.602003
v -108.6128 404.508686 22.0138997
v -127.701604 372.172403 15.3856993
v -138.477302 401.996517 14.1929001
v -85.6431007 410.806513 145.280802
v -82.7724993 412.8654 152.316296
v -82.4283004 413.397598 129.397094
v -82.4283004 413.397598 129.397094
v -82.7724993 412.8654 152.316296
v -75.7606983 417.276096 128.538501
v 17.8871006 400.166607 18.7297001
v 17.6994994 361.930609 21.3468
v 16.6954994 362.590599 16.5696993
v 17.6994994 361.930609 21.3468
v 17.8871006 400.166607 18.7297001
v 21.0391 413.776922 51.9766986
v -18.2224005 -346.70701 227.800202
v 21.6406003 -346.550798 221.6959
v 21.7915997 -343.761396 229.839706
v 8.9745 435.111713 166.2642
v -19.0840006 447.259712 155.305505
v -15.8216998 444.005108 192.631996
v -15.8216998 444.005108 192.631996
v -25.0791997 451.106024 166.630197
v -23.5829994 434.948301 194.414401
v -144.721198 403.88279 89.6058977
v -144.107199 328.141999 80.1064014
v -141.131794 324.687004 111.844206
v -147.989297 -74.6595025 12.5330999
v -144.5346 -80.8431029 18.6670005
v -147.8544 -169.233704 18.0634007
v -125.395095 -81.0715973 299.503207
v -131.856501 -112.892795 280.336905
v -121.940398 -137.281597 296.951199
v -131.856501 -112.892795 280.336905
v -125.395095 -81.0715973 299.503207
v -132.929397 -102.213001 284.371996
v -29.0760994 320.467401 277.792597
v -27.4376005 255.906105 280.665207
v -1.54879997 266.964006 265.049696
v -152.063096 -163.768804 17.6183
v -157.998896 -175.07 22.8211001
v -148.329699 -92.4897015 20.0532004
v 34.8930001 204.209709 219.825196
v 36.6557002 204.737091 209.450698
v 32.1767986 205.502796 214.203095
v -139.207995 181.791198 197.730899
v -137.201703 226.826906 177.119398
v -135.022295 212.174296 172.291398
v -131.356299 111.760902 150.941598
v -130.792701 120.638001 152.822399
v -134.785998 186.648798 136.937201
v -33.6118996 331.624198 279.519796
v -30.8795005 371.484089 273.183894
v -46.3885009 367.607689 275.514007
v -46.3885009 367.607689 275.514007
v -30.8795005 371.484089 273.183894
v -41.899699 377.347112 276.021695
v -134.785998 186.648798 136.937201
v -136.563802 256.150699 168.085003
v -135.878301 316.270995 168.240094
v -146.814406 -35.9899014 18.0498004
v -146.488297 -23.7532005 54.1435003
v -150.936198 81.9507003 10.7188001
v -131.243098 294.429302 217.567897
v -129.458106 306.855202 249.927402
v -129.852402 306.962299 222.214198
v -113.575995 398.780608 216.774201
v -132.712197 390.426493 209.710693
v -133.616698 371.512008 226.0149
v 119.390905 -297.002101 213.923502
v 107.037306 -311.05969 209.485102
v 117.070103 -292.105794 210.9231
v -138.770902 -174.236596 127.519405
v -130.320799 -173.801005 127.117598
v -133.8678 -174.230194 124.473202
v -4.61400002 -96.2464988 24.6345997
v 10.3096001 -260.661602 21.6982007
v 4.65920009 -242.875504 25.7328987
v -86.3587022 419.683695 158.393502
v -44.1933006 406.803322 152.548099
v -82.7724993 412.8654 152.316296
v -143.682098 -204.290104 139.765
v -137.855506 -208.861303 152.044296
v -138.770902 -174.236596 127.519405
v -150.936198 81.9507003 10.7188001
v -145.033002 -33.2284003 14.4931003
v -146.814406 -35.9899014 18.0498004
v -145.033002 -33.2284003 14.4931003
v -149.988103 90.3141975 13.3921996
v -132.119501 216.732311 19.2007005
v -19.7606996 -219.970798 269.398093
v -10.0891002 -167.686605 279.001594
v -31.5492004 -159.783602 289.893103
v -6.76700026 438.692904 22.1665993
v -14.7565007 403.944778 20.0864002
v -15.9290001 431.700897 18.4236005
v -130.902898 -404.444408 47.0510989
v -126.157701 -442.59572 19.6269006
v -110.368502 -456.240988 19.2415997
v 11.4472002 452.419901 25.5901992
v 17.6064 412.979317 28.4069002
v 12.6643002 458.593988 17.7212998
v -21.8761995 -478.584003 44.1982001
v -111.3675 -458.107805 48.487699
v -110.368502 -456.240988 19.2415997
v -99.1433978 335.946298 289.945412
v -121.111703 352.151299 296.330404
v -100.068104 325.374794 289.862704
v -104.747701 224.244905 293.906498
v -125.991797 243.598509 284.434009
v -125.4179 233.811307 284.091711
v -125.991797 243.598509 284.434009
v -104.747701 224.244905 293.906498
v -106.862795 265.888309 288.524508
v -148.016596 -344.3398 104.340696
v -138.616896 -339.186192 99.2679
v -141.402996 -332.971811 103.556502
v 141.961598 -315.696692 109.041297
v 142.191803 -306.560898 97.082299
v 151.525104 -301.894498 90.6893015
v 151.525104 -301.894498 90.6893015
v 142.191803 -306.560898 97.082299
v 145.958602 -300.268793 87.8588974
v -40.6807005 433.252907 76.8387973
v -35.5762005 455.043602 95.203799
v -35.3819013 449.797201 82.9904974
v 18.4083 -218.494892 261.122108
v -19.7606996 -219.970798 269.398093
v -9.62589979 -227.404499 267.721796
v 74.2096007 158.791804 73.7600982
v 86.9746029 138.932896 67.8716004
v 79.7559023 133.474195 39.9417013
v 50.8881986 -375.205112 151.572001
v 52.7338028 -371.482491 137.848604
v 63.9194012 -379.242206 136.947298
v 4.93910015 188.040102 20.8469003
v 24.5325997 233.188605 22.1461996
v 44.333601 134.703195 12.3924002
v 52.0049989 -341.695189 230.8079
v 21.7915997 -343.761396 229.839706
v 27.0812988 -346.986794 226.497006
v 18.2282999 279.320788 199.774897
v 15.8508003 286.580992 225.755906
v 17.7295998 287.832689 230.048394
v -35.3480995 462.498713 83.3226979
v -40.5322999 460.992813 46.0590005
v -44.7573006 422.970676 54.0152013
v -110.215497 401.918983 226.020408
v -89.2461002 412.538099 205.356693
v -108.097303 398.078704 217.443204
v -20.4209 -464.542913 19.1294998
v -26.0659009 -448.838806 15.5560002
v 21.4065999 -405.104589 15.8570006
v 60.8009994 -291.704011 11.5618996
v 66.476202 -305.890298 9.43540037
v 60.3214025 -364.023805 11.7830001
v 60.3214025 -364.023805 11.7830001
v 68.3368027 -376.019096 8.16539973
v 63.460201 -373.980308 11.2374999
v -41.0118014 428.440523 136.603498
v -44.1933006 406.803322 152.548099
v -40.337801 427.754784 142.624605
v -46.4911997 427.766085 176.999795
v -47.4548995 417.285204 198.356104
v -46.5936989 427.590895 193.099904
v -10.6269002 360.596204 19.3424001
v -15.9536004 365.062189 13.6287004
v 6.27840012 366.766691 17.7812994
v -73.2025981 280.297804 25.6603986
v -44.1513002 331.047797 11.9024001
v -12.5343993 281.801605 17.9203004
v -142.195201 362.894607 150.574803
v -137.628603 356.651998 154.429305
v -139.068902 364.663291 152.389801
v -137.628603 356.651998 154.429305
v -142.195201 362.894607 150.574803
v -140.827203 319.6491 131.872904
v -138.739705 443.981504 14.0710995
v -142.286503 411.152077 9.97269973
v -139.069295 428.419018 15.8510998
v 0.744599989 459.962416 20.9445998
v -11.3824002 457.820797 27.6616991
v -9.68630016 462.667608 25.9891003
v -62.2106016 -265.603089 21.7008993
v 23.2024997 -397.599411 13.0013004
v 21.4065999 -405.104589 15.8570006
v 68.3541 139.860201 109.878004
v 45.6515998 132.989705 115.213203
v 80.5449009 109.427905 146.861994
v 45.6515998 132.989705 115.213203
v 54.5988977 141.286504 111.811805
v 47.6002991 138.851595 108.699501
v -6.53730035 60.9888017 279.022694
v -51.5145004 125.4637 289.702296
v -9.69410017 54.5140028 276.344609
v -138.770902 -174.236596 127.519405
v -131.305003 -162.792003 114.719296
v -134.056497 -153.931499 97.538501
v -136.988997 269.468307 218.12501
v -131.243098 294.429302 217.567897
v -134.520996 303.746605 213.875508
v -131.243098 294.429302 217.567897
v -136.988997 269.468307 218.12501
v -138.006306 251.604199 239.755392
v -50.5666971 -168.868899 306.305599
v -53.2971025 -103.052795 303.879499
v -92.8002 -138.673604 306.768799
v -114.6541 -54.6841025 304.169202
v -97.7311015 32.5731993 297.697806
v -116.164601 4.32810001 280.179906
v -116.164601 4.32810001 280.179906
v -98.300302 42.0745999 287.86571
v -115.276396 43.7835991 271.458292
v 110.430706 -286.160398 13.9216006
v 97.0480978 -195.054102 10.6812
v 129.257298 -195.140803 18.2707995
v 129.257298 -195.140803 18.2707995
v 97.0480978 -195.054102 10.6812
v 127.706695 -187.453794 14.5793006
v -17.6027 -475.635099 72.2370982
v 24.9473006 -428.689289 106.786203
v -21.1612001 -466.362095 77.5183976
v -29.4461012 -468.631077 75.4004002
v -112.837195 -462.938309 75.9903014
v -111.3675 -458.107805 48.487699
v 39.8927003 -408.226013 74.487102
v -13.5863006 -466.209698 50.068301
v 50.3322005 -411.311483 41.6976988
v 73.4362006 -377.697611 10.0846
v 66.476202 -305.890298 9.43540037
v 113.332605 -314.767194 10.0348003
v 66.476202 -305.890298 9.43540037
v 72.6541996 -294.527102 11.8630998
v 113.332605 -314.767194 10.0348003
v -112.360597 149.343896 275.408697
v -104.747701 224.244905 293.906498
v -127.265203 228.358293 284.278488
v -139.204001 309.7085 10.3455
v -149.172902 101.744401 16.3607001
v -149.837399 116.8679 49.041301
v -149.837399 116.8679 49.041301
v -149.172902 101.744401 16.3607001
v -149.513304 104.182994 48.3291
v -137.675595 273.544693 121.117496
v -135.878301 316.270995 168.240094
v -135.036194 289.166403 126.086104
v 32.8557998 185.609901 96.3325024
v 23.6117005 194.555199 113.462198
v 30.5590004 187.008798 106.511903
v 16.6079 445.704889 134.8508
v 20.6799999 411.550808 127.167594
v 18.6226994 439.162302 127.473199
v 17.7295998 287.832689 230.048394
v 0.565000018 330.078292 228.326797
v -5.64929992 328.431511 248.290396
v -5.64929992 328.431511 248.290396
v 0.565000018 330.078292 228.326797
v -3.23220007 339.363289 236.379099
v -138.3371 309.12869 194.404101
v -138.015795 344.790196 193.811703
v -137.3824 324.258709 191.435206
v -126.860797 143.337905 16.6848004
v -145.033002 -33.2284003 14.4931003
v -132.119501 216.732311 19.2007005
v 22.6462007 196.065998 246.874905
v 34.8930001 204.209709 219.825196
v 32.1767986 205.502796 214.203095
v -138.708699 384.630799 163.924599
v -142.195201 362.894607 150.574803
v -139.068902 364.663291 152.389801
v -134.495795 392.057109 169.9278
v -132.342601 385.589504 164.848804
v -122.213495 401.791191 172.732103
v -134.495795 392.057109 169.9278
v -136.960101 394.61689 164.256597
v -132.342601 385.589504 164.848804
v -131.626701 449.604607 91.6465998
v -114.360297 455.73349 76.0645986
v -127.8247 446.130085 88.2389009
v 96.0753977 99.5684981 33.2444012
v 82.8508019 127.267599 30.6344002
v 82.6736987 120.312703 36.5992993
v 138.094103 -286.458111 200.087404
v 137.112701 -346.751809 194.8295
v 138.857996 -337.223792 191.392398
v 110.360801 -317.914104 204.446793
v 71.7436016 -320.736289 210.173607
v 100.624597 -377.7601 198.798704
v 100.624597 -377.7601 198.798704
v 71.7436016 -320.736289 210.173607
v 92.3533022 -373.990989 195.365202
v 65.1843011 12.3969004 10.5472997
v 92.7190006 26.0527015 9.31859985
v 90.9262002 11.4615999 8.41320008
v -118.487895 49.298501 267.302608
v -113.573003 123.201203 273.253107
v -117.876303 128.009999 241.492295
v -117.876303 128.009999 241.492295
v -113.573003 123.201203 273.253107
v -117.272997 136.127102 251.66471
v -113.573003 123.201203 273.253107
v -114.143705 141.4047 274.454308
v -144.993103 375.026703 54.9345016
v -144.8295 407.662106 53.0683994
v -143.977404 370.958591 52.9717028
v 145.310903 -284.650493 20.2959999
v 129.257298 -195.140803 18.2707995
v 149.470997 -289.252591 24.1586998
v -61.8705988 444.817114 45.0114995
v -71.9951987 446.70558 55.4902971
v -66.1395013 437.469292 55.0961018
v 146.8171 -318.997693 120.620096
v 150.905895 -297.1452 145.577204
v 142.811203 -292.442107 143.104005
v 138.094103 -286.458111 200.087404
v 119.390905 -297.002101 213.923502
v 117.070103 -292.105794 210.9231
v 95.2845991 100.578797 87.5141025
v 117.931604 38.0243987 96.2413013
v 113.330698 53.6194026 92.1159983
v 117.931604 38.0243987 96.2413013
v 92.6524997 108.341098 97.0270991
v 96.8428016 83.6202979 134.077799
v -130.366302 -187.4125 177.7426
v -125.186098 -122.044003 152.304101
v -130.320799 -173.801005 127.117598
v -130.320799 -173.801005 127.117598
v -125.186098 -122.044003 152.304101
v -129.052997 -162.746298 125.557804
v 8.15339983 268.228006 249.180388
v 17.7295998 287.832689 230.048394
v -5.64929992 328.431511 248.290396
v 17.7295998 287.832689 230.048394
v 8.15339983 268.228006 249.180388
v 17.8321004 282.162809 234.916997
v -140.429294 283.383799 73.1490016
v -137.675595 273.544693 121.117496
v -137.465405 284.223509 112.014604
v -134.354997 -126.105797 282.144308
v -121.940398 -137.281597 296.951199
v -131.856501 -112.892795 280.336905
v -146.724296 -220.58959 141.661894
v -149.827003 -206.397104 134.296
v -159.284401 -297.950196 126.818299
v -134.242499 442.975521 78.4999013
v -141.525495 423.420477 96.3352025
v -132.283795 437.98852 89.0555024
v -144.575298 -39.9627 22.3440006
v -140.559995 -49.3306994 22.7382004
v -142.360699 -33.6656988 46.065101
v -108.963203 402.238083 192.109799
v -105.149198 400.81501 178.756201
v -122.213495 401.791191 172.732103
v 37.8259003 -155.947602 256.943989
v 43.6535001 -82.5814009 260.056305
v -11.5653001 -79.3027997 279.095101
v -11.5653001 -79.3027997 279.095101
v 43.6535001 -82.5814009 260.056305
v -7.29380026 -72.7008998 275.050092
v -140.559995 -49.3306994 22.7382004
v -143.369901 -63.5959983 21.2366998
v -142.360699 -33.6656988 46.065101
v -132.725 -106.723404 275.878596
v -126.0674 -11.5677997 218.6517
v -114.971304 -47.0589995 175.717294
v -152.063096 -163.768804 17.6183
v -148.329699 -92.4897015 20.0532004
v -147.989297 -74.6595025 12.5330999
v -8.75720009 -263.853097 235.085893
v -65.6701982 -251.211596 281.0112
v -79.2374015 -287.694001 241.944098
v -138.344598 355.265808 162.586606
v -138.506305 364.461493 179.602003
v -136.251199 366.38751 166.633201
v -149.837399 116.8679 49.041301
v -139.597201 300.038409 42.2475994
v -139.204001 309.7085 10.3455
v -44.1513002 331.047797 11.9024001
v -14.3472999 346.673703 17.1046004
v -12.5343993 281.801605 17.9203004
v -14.3472999 346.673703 17.1046004
v -44.1513002 331.047797 11.9024001
v -19.9030995 350.105596 13.7352005
v -8.62099975 450.107813 129.938698
v 14.5813003 460.278511 114.796698
v 4.31450009 463.123703 97.6414025
v 146.805596 -370.3336 21.9197005
v 152.277899 -361.463499 56.2763989
v 102.497005 -389.745307 40.0267005
v -98.775202 402.597189 199.9017
v -108.097303 398.078704 217.443204
v -89.2461002 412.538099 205.356693
v 14.9063006 470.762777 44.3908989
v -9.22370031 479.019403 53.729099
v 4.15240005 476.775217 80.2873015
v -144.019401 427.062988 100.342405
v -141.420698 420.547485 155.802798
v -143.008602 430.085278 101.342297
v -138.2177 -61.0512018 15.0787994
v -134.842896 -49.5808989 16.1925003
v -121.257997 -140.378106 17.2933996
v -121.257997 -140.378106 17.2933996
v -134.842896 -49.5808989 16.1925003
v -114.752197 -135.846806 23.5961005
v -114.752197 -135.846806 23.5961005
v -134.842896 -49.5808989 16.1925003
v -86.1772001 -55.1019013 17.3089996
v 107.037306 -311.05969 209.485102
v 85.5675995 -306.375289 214.251399
v 71.7436016 -320.736289 210.173607
v 71.7436016 -320.736289 210.173607
v 85.5675995 -306.375289 214.251399
v 72.8123009 -310.413098 214.288497
v 22.5005001 317.924905 53.9098024
v 23.3206004 248.210597 20.2074006
v 21.1073995 350.966191 13.7430996
v -136.724699 438.590002 18.1940004
v -141.972697 429.792023 50.4260004
v -131.563997 445.093203 46.2936014
v -131.563997 445.093203 46.2936014
v -141.972697 429.792023 50.4260004
v -133.603203 447.086191 51.0058999
v -52.3823023 -156.307006 23.1478006
v 4.65920009 -242.875504 25.7328987
v 2.14789994 -247.604489 23.1800005
v 117.864096 -253.881407 228.661203
v 119.390905 -297.002101 213.923502
v 128.968406 -220.209002 189.4292
v 37.5153005 87.0485008 270.047903
v -9.69410017 54.5140028 276.344609
v 43.9547002 -45.2904999 262.748408
v -148.303998 134.541595 67.8218007
v -140.429294 283.383799 73.1490016
v -139.597201 300.038409 42.2475994
v -153.768504 -187.082601 15.0907993
v -165.822399 -292.608404 19.5392996
v -153.818297 -179.320097 17.6924005
v 93.4234977 105.466604 82.7121973
v 110.116994 63.4653986 71.2499022
v 96.0753977 99.5684981 33.2444012
v -157.471597 -214.643502 75.2799988
v -166.480398 -303.584409 50.642699
v -166.650999 -307.944894 77.9726982
v 7.6477997 242.742705 255.622196
v 6.4000003 197.396398 268.35711
v 9.29069966 199.754202 269.404888
v 24.6480003 246.921802 23.1410995
v 22.5005001 317.924905 53.9098024
v 25.6592005 275.227499 87.6471996
v -60.5745018 422.907305 85.6855989
v -68.9940989 401.62549 90.4155016
v -66.2001014 409.197378 80.0439
v 142.273295 -363.282895 86.947602
v 141.249394 -347.997189 110.726202
v 97.5476027 -373.908401 112.830603
v -139.579499 -425.125694 25.4070014
v -143.824196 -410.743904 15.7131001
v -138.104904 -424.524498 16.7758003
v -121.940398 -137.281597 296.951199
v -120.997596 -77.7696013 298.493409
v -125.395095 -81.0715973 299.503207
v 138.094103 -286.458111 200.087404
v 148.220694 -222.115898 190.075898
v 128.968406 -220.209002 189.4292
v -121.257997 -140.378106 17.2933996
v -144.5346 -80.8431029 18.6670005
v -141.559601 -75.0070989 20.9272996
v -59.6928 -6.95459992 296.862197
v -52.6332021 -81.3569009 296.4571
v -22.4748001 -64.1472995 279.272294
v -35.3480995 462.498713 83.3226979
v -40.6807005 433.252907 76.8387973
v -35.3819013 449.797201 82.9904974
v -146.919 -157.098198 105.081201
v -145.362103 -134.451699 87.9148006
v -146.7816 -134.195602 82.326901
v 49.9570996 161.656499 75.9386003
v 41.4568007 187.2051 54.0042996
v 38.1175995 211.191297 84.1104984
v 142.811203 -292.442107 143.104005
v 143.854296 -350.744295 142.9232
v 146.8171 -318.997693 120.620096
v 146.8171 -318.997693 120.620096
v 143.854296 -350.744295 142.9232
v 147.672105 -338.036299 116.115296
v 44.4398999 -388.995004 104.834604
v 47.5564986 -378.631091 113.584495
v 50.7193029 -388.997102 131.528294
v 67.0533001 -371.376896 104.156196
v 63.7130976 -380.70209 86.234802
v 70.4308987 -378.642106 89.5801008
v -85.6431007 410.806513 145.280802
v -82.4283004 413.397598 129.397094
v -91.2711024 413.392878 154.920995
v 51.8863022 -365.916395 16.8916002
v 63.460201 -373.980308 11.2374999
v 49.3238002 -392.468905 12.8414005
v -112.360597 149.343896 275.408697
v -101.623595 150.937498 297.72079
v -104.747701 224.244905 293.906498
v 71.7436016 -320.736289 210.173607
v 72.8123009 -310.413098 214.288497
v 44.8446989 -294.133496 208.8341
v 84.9223018 129.074597 84.7959995
v 74.467802 145.2932 102.965796
v 84.5130026 117.538595 97.2729027
v 69.9284017 145.922899 95.0891018
v 74.2096007 158.791804 73.7600982
v 70.6462026 150.165999 88.8167024
v -47.4548995 417.285204 198.356104
v -42.0177013 429.950619 191.499305
v -46.5936989 427.590895 193.099904
v 20.1398 55.5783987 13.6697993
v -8.04660022 36.9365007 20.1351002
v -50.4064977 92.2257006 20.1947004
v -21.8761995 -478.584003 44.1982001
v -20.4209 -464.542913 19.1294998
v -20.3006998 -467.28158 42.9592013
v 3.53859998 434.882689 234.00681
v -5.82300015 396.36271 240.372109
v 4.87009995 423.717308 231.522989
v -5.82300015 396.36271 240.372109
v -17.4252003 394.895101 241.179395
v -13.7433007 383.317399 240.49511
v 18.7038004 312.943792 122.215402
v 27.7291 282.170391 89.0177011
v 28.7694007 412.286997 78.0309975
v -91.2711024 413.392878 154.920995
v -105.149198 400.81501 178.756201
v -97.6225019 416.524601 168.014705
v -92.6824987 38.3343011 296.037889
v -97.7311015 32.5731993 297.697806
v -64.0035987 9.97510031 299.064493
v -64.0035987 9.97510031 299.064493
v -97.7311015 32.5731993 297.697806
v -59.6928 -6.95459992 296.862197
v -141.420698 420.547485 155.802798
v -141.525495 423.420477 96.3352025
v -143.008602 430.085278 101.342297
v -130.320799 -173.801005 127.117598
v -135.343897 -205.739307 170.800304
v -130.366302 -187.4125 177.7426
v 67.2703981 -290.473008 8.39650035
v 71.4141011 -189.272797 14.4593999
v 65.5929983 -264.282298 15.0773004
v 2.3356 356.133795 226.847601
v 6.99220002 320.570803 225.800204
v 9.85710025 387.607002 233.955789
v 72.2323 -370.135903 110.366905
v 63.9194012 -379.242206 136.947298
v 65.2697027 -367.386603 117.889798
v -143.682098 -204.290104 139.765
v -138.770902 -174.236596 127.519405
v -143.234706 -168.039203 121.682799
v -111.735702 431.486607 132.314003
v -116.6134 440.151405 135.792899
v -124.740601 411.371803 167.657304
v -124.740601 411.371803 167.657304
v -130.082905 429.453897 157.487702
v -129.925799 426.976204 168.022203
v -128.737402 391.462207 193.119204
v -132.712197 390.426493 209.710693
v -128.755105 387.442398 200.654411
v -76.6523004 436.750412 125.080502
v -82.4283004 413.397598 129.397094
v -78.5430014 423.714399 126.208699
v 92.3533022 -373.990989 195.365202
v 64.8836017 -376.318002 186.700702
v 89.7859991 -379.409909 196.052802
v 103.270805 -400.549793 6.76349998
v 71.0950017 -384.734511 10.6270999
v 73.4362006 -377.697611 10.0846
v 14.9063006 470.762777 44.3908989
v -10.4698002 468.54558 49.3236005
v -9.22370031 479.019403 53.729099
v -10.4698002 468.54558 49.3236005
v 14.9063006 470.762777 44.3908989
v 6.07119985 463.424206 28.9635986
v -142.286503 411.152077 9.97269973
v -139.233601 435.198212 21.8558997
v -139.069295 428.419018 15.8510998
v -75.7606983 417.276096 128.538501
v -36.0859007 413.291979 120.606899
v -75.0355005 409.64818 124.770796
v -131.626701 449.604607 91.6465998
v -132.323003 444.227791 95.887202
v -117.927694 441.683006 121.218801
v -117.927694 441.683006 121.218801
v -130.082905 429.453897 157.487702
v -116.6134 440.151405 135.792899
v 6.27840012 366.766691 17.7812994
v -14.3472999 346.673703 17.1046004
v -10.6269002 360.596204 19.3424001
v -9.68630016 462.667608 25.9891003
v 6.07119985 463.424206 28.9635986
v 0.744599989 459.962416 20.9445998
v -13.0604997 444.675398 229.332495
v 3.3721 443.421412 210.404611
v -19.2195997 432.537985 207.780004
v 51.335001 127.496898 41.1284
v 79.7559023 133.474195 39.9417013
v 70.2926993 126.182401 38.3603007
v -113.575995 398.780608 216.774201
v -127.776504 375.615311 236.381602
v -114.552498 391.001391 217.790699
v 25.2139002 260.640407 87.1013999
v 38.1175995 211.191297 84.1104984
v 41.4568007 187.2051 54.0042996
v -130.902898 -404.444408 47.0510989
v -139.579499 -425.125694 25.4070014
v -137.469196 -423.670387 22.6354003
v -100.376701 -462.642479 105.599499
v -29.4461012 -468.631077 75.4004002
v -30.9859008 -479.019403 75.861901
v -29.4461012 -468.631077 75.4004002
v -100.376701 -462.642479 105.599499
v -112.837195 -462.938309 75.9903014
v 4.69530001 429.290581 22.9866996
v 15.8638 423.697519 19.5052996
v 12.1357001 417.346001 20.7990006
v -32.8272998 437.103224 152.541602
v -43.7923998 431.401777 149.093795
v -46.4911997 427.766085 176.999795
v 81.2233984 -138.111198 12.9456997
v 77.4733007 -136.752999 16.1804006
v 90.9262002 11.4615999 8.41320008
v 118.851602 14.3347993 132.336795
v 122.111499 68.224299 190.433502
v 148.320198 -72.3848999 185.146403
v -40.3443009 455.523014 26.1382014
v -20.2975005 462.913418 36.2466991
v -14.7394001 457.36618 24.6463999
v -162.457705 -315.879011 101.653397
v -166.650999 -307.944894 77.9726982
v -150.063205 -369.1782 77.5148988
v -43.1535989 -34.7288013 19.5300996
v -3.9012 20.0334996 17.3033997
v 18.0886999 -92.5044 17.0159996
v -101.623595 150.937498 297.72079
v -92.6824987 38.3343011 296.037889
v -64.0035987 9.97510031 299.064493
v -126.0674 -11.5677997 218.6517
v -119.695997 87.458998 163.575196
v -118.7572 95.3512013 153.881896
v -119.695997 87.458998 163.575196
v -126.0674 -11.5677997 218.6517
v -117.166698 48.5053003 261.047697
v -117.166698 48.5053003 261.047697
v -115.588701 120.720303 220.426798
v -119.695997 87.458998 163.575196
v -119.695997 87.458998 163.575196
v -115.588701 120.720303 220.426798
v -117.512202 94.7793007 160.629296
v -115.588701 120.720303 220.426798
v -118.487895 49.298501 267.302608
v -117.876303 128.009999 241.492295
v -122.213495 401.791191 172.732103
v -123.623097 416.544485 165.4302
v -124.740601 411.371803 167.657304
v 113.330698 53.6194026 92.1159983
v 110.116994 63.4653986 71.2499022
v 95.2845991 100.578797 87.5141025
v -18.2224005 -346.70701 227.800202
v -8.75720009 -263.853097 235.085893
v -79.2374015 -287.694001 241.944098
v -145.362103 -134.451699 87.9148006
v -142.130601 -142.785704 83.1804991
v -144.024396 -132.792199 80.3508997
v -98.300302 42.0745999 287.86571
v -118.487895 49.298501 267.302608
v -115.276396 43.7835991 271.458292
v -52.6332021 -81.3569009 296.4571
v -96.2974012 -125.6073 306.861806
v -97.3354995 -131.128597 305.695605
v -54.9459994 -205.086589 296.313
v -31.5492004 -159.783602 289.893103
v -43.1414008 -172.495794 302.273011
v -101.198995 -415.074205 199.665403
v -104.661095 -427.682781 161.1871
v -99.8593986 -433.709478 158.780098
v 117.175102 8.81349966 7.79279992
v 110.116994 63.4653986 71.2499022
v 114.698899 3.88970003 18.9035997
v -104.768205 274.64819 291.201591
v -102.406204 318.389511 293.51809
v -128.457904 302.475595 295.054293
v -128.457904 302.475595 295.054293
v -102.406204 318.389511 293.51809
v -125.415897 313.724303 297.191906
v -104.768205 274.64819 291.201591
v -95.3930974 314.065289 288.623095
v -102.406204 318.389511 293.51809
v -100.999606 -444.156408 138.273394
v -107.500505 -450.414896 110.397196
v -100.376701 -462.642479 105.599499
v -52.6332021 -81.3569009 296.4571
v -11.5653001 -79.3027997 279.095101
v -22.4748001 -64.1472995 279.272294
v -113.280404 470.579195 50.3573
v -128.006601 451.641321 46.8852997
v -127.830696 459.896708 52.2903979
v -21.8220994 398.099589 234.5438
v -12.4650002 440.016413 234.332609
v -27.4444014 440.015411 227.834797
v -27.4444014 440.015411 227.834797
v -12.4650002 440.016413 234.332609
v -13.0604997 444.675398 229.332495
v -137.802303 317.495203 230.591893
v -139.851105 349.819899 212.59439
v -138.460898 307.566595 223.368812
v -141.902006 -333.661604 109.701002
v -148.016596 -344.3398 104.340696
v -141.402996 -332.971811 103.556502
v -141.081297 327.274108 123.721898
v -140.827203 319.6491 131.872904
v -142.195201 362.894607 150.574803
v -7.08279982 163.746798 18.8984007
v 6.39569983 202.2223 23.6782998
v 4.93910015 188.040102 20.8469003
v -11.3824002 457.820797 27.6616991
v -15.9290001 431.700897 18.4236005
v -14.7394001 457.36618 24.6463999
v 13.1228 342.596698 14.3545002
v 21.1073995 350.966191 13.7430996
v 20.0727001 260.091305 19.3570003
v 20.0727001 260.091305 19.3570003
v 21.1073995 350.966191 13.7430996
v 23.3206004 248.210597 20.2074006
v 21.0391 413.776922 51.9766986
v 23.1508002 368.419409 20.1405004
v 17.6994994 361.930609 21.3468
v 6.39569983 202.2223 23.6782998
v 19.8999003 233.1213 19.0396994
v 4.93910015 188.040102 20.8469003
v -137.628603 356.651998 154.429305
v -140.827203 319.6491 131.872904
v -137.409902 296.022701 124.462497
v 44.4398999 -388.995004 104.834604
v 46.0067004 -376.665497 101.225901
v 43.0588007 -373.916411 107.111001
v -141.559601 -75.0070989 20.9272996
v -138.2177 -61.0512018 15.0787994
v -121.257997 -140.378106 17.2933996
v 72.2323 -370.135903 110.366905
v 72.7733016 -374.165201 88.0689025
v 97.5476027 -373.908401 112.830603
v 72.7733016 -374.165201 88.0689025
v 67.0533001 -371.376896 104.156196
v 70.4308987 -378.642106 89.5801008
v -130.320799 -173.801005 127.117598
v -137.855506 -208.861303 152.044296
v -135.343897 -205.739307 170.800304
v -47.7472007 234.26199 289.744091
v -27.4376005 255.906105 280.665207
v -51.6458988 307.908511 283.231497
v -146.488297 -23.7532005 54.1435003
v -141.254103 -21.8731999 67.3242986
v -145.697701 -18.6866999 63.5927975
v -137.019503 319.9193 181.550896
v -137.3824 324.258709 191.435206
v -138.015795 344.790196 193.811703
v -134.520996 303.746605 213.875508
v -139.2748 300.622892 212.146711
v -136.988997 269.468307 218.12501
v 84.9223018 129.074597 84.7959995
v 86.9746029 138.932896 67.8716004
v 74.2096007 158.791804 73.7600982
v -139.863396 302.880001 201.449299
v -140.618205 299.539804 208.534288
v -138.3371 309.12869 194.404101
v -135.878301 316.270995 168.240094
v -137.019503 319.9193 181.550896
v -138.108397 327.838492 172.876298
v -46.8555987 234.179902 16.9467002
v -78.7903011 174.576604 22.2591996
v -73.2025981 280.297804 25.6603986
v -119.073296 87.6232982 151.503801
v -131.356299 111.760902 150.941598
v -130.1826 58.9770973 122.305
v -131.356299 111.760902 150.941598
v -118.7572 95.3512013 153.881896
v -129.286301 111.2095 153.934503
v 85.8299017 -137.158406 252.187109
v 54.9899995 -135.172105 246.50259
v 41.8159008 -262.391901 242.390299
v -135.251606 386.810493 188.113201
v -134.806299 380.683494 167.954099
v -136.928201 370.369005 184.484696
v -136.928201 370.369005 184.484696
v -134.806299 380.683494 167.954099
v -137.8847 372.174597 181.245697
v -111.735702 431.486607 132.314003
v -123.623097 416.544485 165.4302
v -76.6523004 436.750412 125.080502
v -123.623097 416.544485 165.4302
v -111.735702 431.486607 132.314003
v -124.740601 411.371803 167.657304
v -109.768105 441.543102 127.998102
v -96.0016012 435.266495 118.119299
v -107.566297 461.716795 88.1051004
v 96.0753977 99.5684981 33.2444012
v 117.175102 8.81349966 7.79279992
v 94.2125976 114.475501 3.87470014
v 40.229699 146.962595 121.2605
v 57.7459991 105.005395 148.801601
v 45.6515998 132.989705 115.213203
v 110.360801 -317.914104 204.446793
v 137.112701 -346.751809 194.8295
v 117.845798 -315.552092 207.833195
v 107.600403 -260.11889 231.173897
v 119.390905 -297.002101 213.923502
v 115.946496 -261.580801 230.5305
v 82.8508019 127.267599 30.6344002
v 78.1668007 142.827201 0
v 77.2303998 135.952103 27.045399
v -125.452495 -119.302404 155.428803
v -114.971304 -47.0589995 175.717294
v -117.383099 58.5667014 160.116005
v 85.8299017 -137.158406 252.187109
v 58.4720016 -122.278595 245.4072
v 61.8750989 -133.220804 241.037703
v -114.971304 -47.0589995 175.717294
v -126.0674 -11.5677997 218.6517
v -117.383099 58.5667014 160.116005
v -130.792701 120.638001 152.822399
v -139.207995 181.791198 197.730899
v -136.083305 212.767005 168.377399
v -136.083305 212.767005 168.377399
v -139.207995 181.791198 197.730899
v -135.022295 212.174296 172.291398
v -135.251606 386.810493 188.113201
v -132.342601 385.589504 164.848804
v -134.806299 380.683494 167.954099
v -99.5527029 -238.987303 21.5137005
v -117.186797 -157.523298 21.2208003
v -112.955201 -153.275204 25.7647991
v -70.2902019 414.78219 49.0462005
v -61.8705988 444.817114 45.0114995
v -65.3524995 426.826382 58.633697
v 6.27840012 366.766691 17.7812994
v 16.6954994 362.590599 16.5696993
v 17.6994994 361.930609 21.3468
v 111.509204 -244.057703 235.331702
v 128.218901 -125.413501 231.306696
v 85.8299017 -137.158406 252.187109
v -101.198995 -415.074205 199.665403
v -94.3853021 -446.664619 170.601201
v -73.7784982 -444.593 188.746703
v 88.9816999 119.346797 89.8860991
v 84.5130026 117.538595 97.2729027
v 87.2183025 107.949603 93.2301998
v 141.961598 -315.696692 109.041297
v 153.314304 -313.874292 114.196205
v 149.160898 -314.709306 118.649006
v 20.1398 55.5783987 13.6697993
v -3.9012 20.0334996 17.3033997
v -8.04660022 36.9365007 20.1351002
v 141.9119 -311.088705 82.5887024
v 146.885002 -297.511792 51.2248993
v 141.891599 -303.43039 81.0124993
v 147.672105 -338.036299 116.115296
v 141.249394 -347.997189 110.726202
v 142.273295 -363.282895 86.947602
v 8.9745 435.111713 166.2642
v 5.99879995 426.428223 206.687999
v 14.2887995 387.570405 199.262905
v 49.3238002 -392.468905 12.8414005
v 53.0686021 -374.230194 10.6495
v 51.8863022 -365.916395 16.8916002
v 53.0686021 -374.230194 10.6495
v 49.3238002 -392.468905 12.8414005
v 23.2024997 -397.599411 13.0013004
v 23.2024997 -397.599411 13.0013004
v 43.4747994 -407.731724 16.1963001
v 21.4065999 -405.104589 15.8570006
v -52.3823023 -156.307006 23.1478006
v -111.703897 -145.894206 22.1294999
v -86.1772001 -55.1019013 17.3089996
v -149.513304 104.182994 48.3291
v -146.025395 4.61999997 62.8552973
v -141.528797 -13.4599 85.1993024
v -141.528797 -13.4599 85.1993024
v -146.025395 4.61999997 62.8552973
v -142.312098 -11.1552998 77.4671972
v -134.388494 374.225497 203.248191
v -136.928201 370.369005 184.484696
v -138.295603 374.851489 191.123402
v -144.8295 407.662106 53.0683994
v -143.843997 367.744303 46.864301
v -143.977404 370.958591 52.9717028
v -143.843997 367.744303 46.864301
v -142.889094 408.972883 53.3221006
v -142.286503 411.152077 9.97269973
v 5.99879995 426.428223 206.687999
v 3.3721 443.421412 210.404611
v 6.08760007 433.69422 224.350905
v 69.4006979 -378.863311 42.474401
v 71.2378025 -377.276707 81.9655001
v 68.3040977 -384.102392 74.4226992
v 153.314304 -313.874292 114.196205
v 146.8171 -318.997693 120.620096
v 149.160898 -314.709306 118.649006
v -151.758301 -131.944394 74.7741997
v -146.7816 -134.195602 82.326901
v -147.690904 -127.512801 75.1899004
v 25.6592005 275.227499 87.6471996
v 25.2139002 260.640407 87.1013999
v 24.6480003 246.921802 23.1410995
v 24.6480003 246.921802 23.1410995
v 41.4568007 187.2051 54.0042996
v 24.5325997 233.188605 22.1461996
v 71.0950017 -384.734511 10.6270999
v 69.4006979 -378.863311 42.474401
v 68.7371016 -383.44171 15.0962994
v -19.2195997 432.537985 207.780004
v -27.4444014 440.015411 227.834797
v -13.0604997 444.675398 229.332495
v 3.23420018 195.757103 274.87371
v -1.54879997 266.964006 265.049696
v -27.4376005 255.906105 280.665207
v -141.962194 308.313203 118.369603
v -141.131794 324.687004 111.844206
v -144.604802 327.231598 85.4575992
v -144.604802 327.231598 85.4575992
v -141.131794 324.687004 111.844206
v -144.107199 328.141999 80.1064014
v -84.9918008 381.675005 273.462009
v -99.1433978 335.946298 289.945412
v -94.2032993 336.900091 292.387891
v -127.404499 -251.346493 311.969209
v -97.6104975 -150.878096 312.674689
v -92.8002 -138.673604 306.768799
v 18.4083 -218.494892 261.122108
v 1.60070006 -262.593007 236.560011
v 41.8159008 -262.391901 242.390299
v 11.4472002 452.419901 25.5901992
v 14.9063006 470.762777 44.3908989
v 21.0391 413.776922 51.9766986
v 51.0501981 -398.947096 19.6899995
v 50.3322005 -411.311483 41.6976988
v 48.2879996 -416.688299 16.3546994
v 85.5772972 125.214601 63.4119987
v 93.0956006 123.886204 61.5595996
v 79.7559023 133.474195 39.9417013
v 79.7559023 133.474195 39.9417013
v 93.0956006 123.886204 61.5595996
v 82.6736987 120.312703 36.5992993
v 15.8508003 286.580992 225.755906
v 6.99220002 320.570803 225.800204
v 0.565000018 330.078292 228.326797
v -9.22370031 479.019403 53.729099
v -10.4698002 468.54558 49.3236005
v -28.6242992 463.778591 79.1518986
v -28.6242992 463.778591 79.1518986
v -40.5322999 460.992813 46.0590005
v -35.3480995 462.498713 83.3226979
v -110.215497 401.918983 226.020408
v -115.674102 396.019602 248.364902
v -83.8909984 404.107618 233.535504
v 69.5001006 151.706803 97.1058011
v 63.8611972 152.065504 95.3305006
v 44.7652012 144.648504 89.329499
v -138.460898 307.566595 223.368812
v -129.664505 318.038106 247.586608
v -132.267594 321.217108 248.527193
v 24.9473006 -428.689289 106.786203
v -6.11650012 -460.199881 104.022205
v -21.1612001 -466.362095 77.5183976
v -100.999606 -444.156408 138.273394
v -84.0277016 -445.429611 155.464494
v -99.8593986 -433.709478 158.780098
v 114.545405 -146.776199 10.0175001
v 81.2233984 -138.111198 12.9456997
v 90.9262002 11.4615999 8.41320008
v 116.630399 -11.8418999 42.8368986
v 116.2485 -7.16399997 10.5866998
v 114.698899 3.88970003 18.9035997
v -53.4464002 223.941493 289.38539
v -27.4376005 255.906105 280.665207
v -47.7472007 234.26199 289.744091
v 53.8064003 -289.612794 11.8468001
v 67.2703981 -290.473008 8.39650035
v 60.8009994 -291.704011 11.5618996
v -146.724296 -220.58959 141.661894
v -159.284401 -297.950196 126.818299
v -145.168102 -301.854205 137.696302
v -68.671298 447.634983 88.6506975
v -66.2846029 427.567482 105.8514
v -60.5745018 422.907305 85.6855989
v 20.2420995 461.683893 90.6814992
v 28.7694007 412.286997 78.0309975
v 20.2258006 461.142206 80.7125986
v 84.5130026 117.538595 97.2729027
v 92.6524997 108.341098 97.0270991
v 87.2183025 107.949603 93.2301998
v 9.85710025 387.607002 233.955789
v -5.82300015 396.36271 240.372109
v -1.14890002 388.214803 238.395596
v 20.2258006 461.142206 80.7125986
v 14.9063006 470.762777 44.3908989
v 17.5374001 460.668421 79.1778028
v 146.805596 -370.3336 21.9197005
v 102.497005 -389.745307 40.0267005
v 103.270805 -400.549793 6.76349998
v -106.862795 265.888309 288.524508
v -127.466202 246.618009 288.894796
v -125.991797 243.598509 284.434009
v -127.466202 246.618009 288.894796
v -106.862795 265.888309 288.524508
v -128.457904 302.475595 295.054293
v -23.9402995 401.103401 21.7783004
v -15.9290001 431.700897 18.4236005
v -14.7565007 403.944778 20.0864002
v -122.213495 401.791191 172.732103
v -131.900501 401.402187 170.005798
v -134.495795 392.057109 169.9278
v -18.2224005 -346.70701 227.800202
v 20.6505001 -334.266591 228.975201
v -8.75720009 -263.853097 235.085893
v -138.616896 -339.186192 99.2679
v -128.334999 -342.578912 132.051897
v -139.366806 -340.263605 109.8225
v -20.4209 -464.542913 19.1294998
v -13.5863006 -466.209698 50.068301
v -20.3006998 -467.28158 42.9592013
v -43.7923998 431.401777 149.093795
v -44.1933006 406.803322 152.548099
v -46.4911997 427.766085 176.999795
v -50.5666971 -168.868899 306.305599
v -31.5492004 -159.783602 289.893103
v -53.2971025 -103.052795 303.879499
v -132.323003 444.227791 95.887202
v -141.525495 423.420477 96.3352025
v -130.082905 429.453897 157.487702
v -61.9720995 411.160421 92.5117016
v -75.3543973 408.275604 112.966394
v -36.0859007 413.291979 120.606899
v -36.0859007 413.291979 120.606899
v -75.3543973 408.275604 112.966394
v -75.0355005 409.64818 124.770796
v 144.940698 -89.0610993 102.104998
v 111.968696 50.376302 91.6059017
v 117.931604 38.0243987 96.2413013
v -144.107199 328.141999 80.1064014
v -142.343497 288.160801 78.8846016
v -144.604802 327.231598 85.4575992
v 150.831294 -352.649093 21.1484
v 146.885002 -297.511792 51.2248993
v 147.819698 -352.462912 30.9127003
v 160.034502 -205.346107 24.6886
v 160.148799 -223.920202 55.3758025
v 160.637403 -219.221592 23.6614004
v -114.143705 141.4047 274.454308
v -127.265203 228.358293 284.278488
v -133.5343 234.454608 253.747392
v 96.677798 -388.737798 145.406902
v 138.175404 -361.971998 140.669405
v 136.438596 -357.634807 180.752599
v 136.438596 -357.634807 180.752599
v 142.711604 -355.384207 150.391901
v 139.308405 -343.751407 184.898496
v 64.8836017 -376.318002 186.700702
v 97.8008986 -387.723994 185.579705
v 89.7859991 -379.409909 196.052802
v 20.6505001 -334.266591 228.975201
v 53.9987981 -299.067402 235.315704
v 41.8159008 -262.391901 242.390299
v 115.356803 -242.663097 236.986899
v 128.968406 -220.209002 189.4292
v 128.218901 -125.413501 231.306696
v 27.5539994 219.263911 218.021393
v 36.6557002 204.737091 209.450698
v 18.2282999 279.320788 199.774897
v 20.2258006 461.142206 80.7125986
v 28.7694007 412.286997 78.0309975
v 21.0391 413.776922 51.9766986
v -130.366302 -187.4125 177.7426
v -125.452495 -119.302404 155.428803
v -125.186098 -122.044003 152.304101
v 69.9284017 145.922899 95.0891018
v 74.467802 145.2932 102.965796
v 84.9223018 129.074597 84.7959995
v 69.9284017 145.922899 95.0891018
v 69.5001006 151.706803 97.1058011
v 74.467802 145.2932 102.965796
v -122.593999 136.480606 241.56971
v -119.410503 143.007898 245.827794
v -133.5343 234.454608 253.747392
v -144.155204 421.423912 69.9470997
v -141.972697 429.792023 50.4260004
v -142.889094 408.972883 53.3221006
v -47.0809013 372.637391 278.814411
v -33.6118996 331.624198 279.519796
v -46.3885009 367.607689 275.514007
v -16.1533996 371.058798 266.482401
v -30.8795005 371.484089 273.183894
v -12.6865 359.56471 269.439602
v 50.7193029 -388.997102 131.528294
v 49.9588996 -369.465899 116.861904
v 52.7338028 -371.482491 137.848604
v -143.682098 -204.290104 139.765
v -149.827003 -206.397104 134.296
v -146.904802 -208.081603 140.946198
v -129.286301 111.2095 153.934503
v -139.207995 181.791198 197.730899
v -130.792701 120.638001 152.822399
v 142.711604 -355.384207 150.391901
v 143.036401 -350.922394 188.482594
v 139.308405 -343.751407 184.898496
v 143.036401 -350.922394 188.482594
v 143.854296 -350.744295 142.9232
v 142.811203 -292.442107 143.104005
v 50.3322005 -411.311483 41.6976988
v 44.3028003 -419.437599 12.7687007
v 48.2879996 -416.688299 16.3546994
v 5.99879995 426.428223 206.687999
v 4.87009995 423.717308 231.522989
v 9.85710025 387.607002 233.955789
v 21.4065999 -405.104589 15.8570006
v -32.1673989 -453.804207 12.6237005
v -62.2106016 -265.603089 21.7008993
v 10.3096001 -260.661602 21.6982007
v 23.2024997 -397.599411 13.0013004
v 2.14789994 -247.604489 23.1800005
v -32.1673989 -453.804207 12.6237005
v 21.4065999 -405.104589 15.8570006
v -26.0659009 -448.838806 15.5560002
v -140.618205 299.539804 208.534288
v -138.460898 307.566595 223.368812
v -139.851105 349.819899 212.59439
v 44.333601 134.703195 12.3924002
v 24.5325997 233.188605 22.1461996
v 39.8119986 170.294595 43.1490988
v 39.8119986 170.294595 43.1490988
v 24.5325997 233.188605 22.1461996
v 41.4568007 187.2051 54.0042996
v -37.1868014 436.062622 145.955205
v -19.0840006 447.259712 155.305505
v -8.62099975 450.107813 129.938698
v -51.6007006 376.466799 274.102211
v -51.3370991 329.055095 285.297298
v -47.0809013 372.637391 278.814411
v -132.725 -106.723404 275.878596
v -125.395095 -81.0715973 299.503207
v -120.357203 36.5200013 265.201402
v -143.977404 348.230696 13.1217003
v -143.843997 367.744303 46.864301
v -142.450094 378.480291 9.32699963
v -7.29380026 -72.7008998 275.050092
v 43.9547002 -45.2904999 262.748408
v -9.69410017 54.5140028 276.344609
v 20.6505001 -334.266591 228.975201
v 41.8159008 -262.391901 242.390299
v -8.75720009 -263.853097 235.085893
v -147.989297 -74.6595025 12.5330999
v -144.963896 -85.421598 34.3511999
v -145.840704 -71.5120971 13.3452997
v 60.9605014 -372.456408 116.965497
v 63.9194012 -379.242206 136.947298
v 52.7338028 -371.482491 137.848604
v -8.62099975 450.107813 129.938698
v -19.0840006 447.259712 155.305505
v 8.9745 435.111713 166.2642
v -102.406204 318.389511 293.51809
v -100.068104 325.374794 289.862704
v -125.415897 313.724303 297.191906
v 103.270805 -400.549793 6.76349998
v 73.4362006 -377.697611 10.0846
v 113.332605 -314.767194 10.0348003
v -130.511498 461.511183 14.9843007
v -131.563997 445.093203 46.2936014
v -128.418398 445.682287 43.4325993
v -131.563997 445.093203 46.2936014
v -130.511498 461.511183 14.9843007
v -136.724699 438.590002 18.1940004
v -6.53730035 60.9888017 279.022694
v 37.5153005 87.0485008 270.047903
v -16.6725993 161.178899 280.836201
v -51.5145004 125.4637 289.702296
v -6.53730035 60.9888017 279.022694
v -53.4464002 223.941493 289.38539
v 3.23420018 195.757103 274.87371
v -27.4376005 255.906105 280.665207
v -21.8220994 398.099589 234.5438
v -33.4147006 406.339312 233.939505
v -25.5551994 399.977899 236.898494
v 18.5114995 229.0344 103.810799
v 8.98770019 244.289804 116.235602
v 9.45580006 247.157598 122.119701
v 8.98770019 244.289804 116.235602
v 29.5433015 267.402411 88.4339988
v 24.2583007 266.819501 94.6367025
v -144.604802 327.231598 85.4575992
v -140.2704 296.34819 116.869199
v -141.962194 308.313203 118.369603
v 9.45580006 247.157598 122.119701
v 25.6592005 275.227499 87.6471996
v 18.7038004 312.943792 122.215402
v 25.6592005 275.227499 87.6471996
v 9.45580006 247.157598 122.119701
v 24.2583007 266.819501 94.6367025
v -17.4252003 394.895101 241.179395
v -12.4650002 440.016413 234.332609
v -21.8220994 398.099589 234.5438
v 27.5539994 219.263911 218.021393
v 22.6462007 196.065998 246.874905
v 32.1767986 205.502796 214.203095
v -122.213495 401.791191 172.732103
v -120.167303 394.596505 196.022701
v -108.963203 402.238083 192.109799
v -108.963203 402.238083 192.109799
v -120.167303 394.596505 196.022701
v -109.4347 397.150612 203.092909
v 43.4747994 -407.731724 16.1963001
v 44.3028003 -419.437599 12.7687007
v 21.4065999 -405.104589 15.8570006
v 99.9664009 -389.696503 81.9149971
v 72.7733016 -374.165201 88.0689025
v 71.2378025 -377.276707 81.9655001
v -127.623403 -144.681704 118.719804
v -123.004997 -80.5927992 144.566703
v -120.087504 42.3595011 125.378501
v -123.004997 -80.5927992 144.566703
v -127.623403 -144.681704 118.719804
v -125.186098 -122.044003 152.304101
v -76.6523004 436.750412 125.080502
v -85.2348983 437.811613 120.492697
v -111.735702 431.486607 132.314003
v -111.735702 431.486607 132.314003
v -96.0016012 435.266495 118.119299
v -109.768105 441.543102 127.998102
v -141.355801 -31.5104991 66.012001
v -142.312098 -11.1552998 77.4671972
v -141.254103 -21.8731999 67.3242986
v -72.3182023 -464.167309 12.2179002
v -20.4209 -464.542913 19.1294998
v -110.368502 -456.240988 19.2415997
v -138.506305 364.461493 179.602003
v -136.292005 382.065201 168.441403
v -136.251199 366.38751 166.633201
v -132.119501 216.732311 19.2007005
v -149.172902 101.744401 16.3607001
v -139.204001 309.7085 10.3455
v -129.286301 111.2095 153.934503
v -117.512202 94.7793007 160.629296
v -115.588701 120.720303 220.426798
v -8.62099975 450.107813 129.938698
v 16.6079 445.704889 134.8508
v 12.2938 449.764109 130.0964
v 30.5590004 187.008798 106.511903
v 35.9465986 160.926294 103.727901
v 41.3529992 156.6118 106.595898
v -138.3371 309.12869 194.404101
v -138.341999 248.378301 212.40201
v -136.966705 277.396989 206.799603
v -121.111703 352.151299 296.330404
v -124.0888 314.074612 288.2411
v -125.415897 313.724303 297.191906
v -137.802303 317.495203 230.591893
v -132.267594 321.217108 248.527193
v -135.638499 360.334492 236.334801
v -56.8423986 429.613876 78.2653987
v -66.2001014 409.197378 80.0439
v -65.3524995 426.826382 58.633697
v -13.1778002 384.021401 254.494691
v -6.63300008 386.024308 247.468996
v -17.4252003 394.895101 241.179395
v -6.63300008 386.024308 247.468996
v -13.7433007 383.317399 240.49511
v -17.4252003 394.895101 241.179395
v -157.593596 -205.4667 72.3824024
v -146.919 -157.098198 105.081201
v -151.758301 -131.944394 74.7741997
v -136.960101 394.61689 164.256597
v -139.781404 394.440603 163.206697
v -138.708699 384.630799 163.924599
v -53.4464002 223.941493 289.38539
v -104.747701 224.244905 293.906498
v -101.623595 150.937498 297.72079
v 72.6541996 -294.527102 11.8630998
v 110.430706 -286.160398 13.9216006
v 113.332605 -314.767194 10.0348003
v -130.511498 461.511183 14.9843007
v -133.863699 446.035814 12.6952007
v -138.739705 443.981504 14.0710995
v -114.552498 391.001391 217.790699
v -115.674102 396.019602 248.364902
v -110.215497 401.918983 226.020408
v -21.9723001 -467.678308 99.5167017
v -30.9859008 -479.019403 75.861901
v -21.1612001 -466.362095 77.5183976
v -30.9859008 -479.019403 75.861901
v -89.2152011 -466.016722 106.868505
v -100.376701 -462.642479 105.599499
v -128.006601 451.641321 46.8852997
v -130.511498 461.511183 14.9843007
v -128.418398 445.682287 43.4325993
v 97.0480978 -195.054102 10.6812
v 129.394698 -181.283796 17.0025006
v 127.706695 -187.453794 14.5793006
v 4.15240005 476.775217 80.2873015
v 17.5374001 460.668421 79.1778028
v 14.9063006 470.762777 44.3908989
v -64.2234027 407.84359 80.3264976
v -70.2902019 414.78219 49.0462005
v -66.2001014 409.197378 80.0439
v -107.500505 -450.414896 110.397196
v -126.977003 -419.022799 75.9140015
v -107.772803 -457.241106 104.9191
v -137.409902 296.022701 124.462497
v -137.053394 327.860904 166.6767
v -137.628603 356.651998 154.429305
v -137.628603 356.651998 154.429305
v -138.108397 327.838492 172.876298
v -138.344598 355.265808 162.586606
v -137.053394 327.860904 166.6767
v -138.108397 327.838492 172.876298
v -137.628603 356.651998 154.429305
v -122.3194 357.829189 254.28369
v -132.267594 321.217108 248.527193
v -129.664505 318.038106 247.586608
v -19.7606996 -219.970798 269.398093
v -31.5492004 -159.783602 289.893103
v -65.6701982 -251.211596 281.0112
v 51.4421999 -367.33489 102.355003
v 42.2003001 -403.025913 86.2944007
v 63.7130976 -380.70209 86.234802
v -108.6128 404.508686 22.0138997
v -113.667798 372.347498 18.2402998
v -127.701604 372.172403 15.3856993
v 141.891599 -303.43039 81.0124993
v 151.525104 -301.894498 90.6893015
v 145.958602 -300.268793 87.8588974
v -8.00779983 370.744705 252.239799
v -3.72559987 373.981094 241.167688
v -6.63300008 386.024308 247.468996
v -3.72559987 373.981094 241.167688
v -8.00779983 370.744705 252.239799
v -5.64929992 328.431511 248.290396
v -53.4464002 223.941493 289.38539
v -101.623595 150.937498 297.72079
v -51.5145004 125.4637 289.702296
v 142.811203 -292.442107 143.104005
v 138.094103 -286.458111 200.087404
v 143.036401 -350.922394 188.482594
v 143.036401 -350.922394 188.482594
v 138.094103 -286.458111 200.087404
v 138.857996 -337.223792 191.392398
v -134.842896 -49.5808989 16.1925003
v -140.559995 -49.3306994 22.7382004
v -142.134404 -48.5693991 12.9925996
v -140.559995 -49.3306994 22.7382004
v -138.2177 -61.0512018 15.0787994
v -143.369901 -63.5959983 21.2366998
v -5.82300015 396.36271 240.372109
v -6.63300008 386.024308 247.468996
v -1.14890002 388.214803 238.395596
v -1.14890002 388.214803 238.395596
v -6.63300008 386.024308 247.468996
v -3.72559987 373.981094 241.167688
v -113.575995 398.780608 216.774201
v -109.4347 397.150612 203.092909
v -119.302404 399.064207 208.800507
v -109.4347 397.150612 203.092909
v -113.575995 398.780608 216.774201
v -108.097303 398.078704 217.443204
v -108.097303 398.078704 217.443204
v -114.552498 391.001391 217.790699
v -110.215497 401.918983 226.020408
v -131.856501 -112.892795 280.336905
v -132.725 -106.723404 275.878596
v -134.354997 -126.105797 282.144308
v -128.457904 302.475595 295.054293
v -125.415897 313.724303 297.191906
v -124.0888 314.074612 288.2411
v -134.520996 303.746605 213.875508
v -131.243098 294.429302 217.567897
v -129.852402 306.962299 222.214198
v -145.697701 -18.6866999 63.5927975
v -142.312098 -11.1552998 77.4671972
v -146.025395 4.61999997 62.8552973
v -144.575298 -39.9627 22.3440006
v -145.033002 -33.2284003 14.4931003
v -142.134404 -48.5693991 12.9925996
v -145.033002 -33.2284003 14.4931003
v -144.575298 -39.9627 22.3440006
v -146.814406 -35.9899014 18.0498004
v -139.2748 300.622892 212.146711
v -140.618205 299.539804 208.534288
v -139.863396 302.880001 201.449299
v -14.5923004 375.398397 258.228111
v -8.00779983 370.744705 252.239799
v -13.1778002 384.021401 254.494691
v -117.876303 128.009999 241.492295
v -122.593999 136.480606 241.56971
v -115.588701 120.720303 220.426798
v -122.593999 136.480606 241.56971
v -117.272997 136.127102 251.66471
v -119.410503 143.007898 245.827794
v 13.3058995 263.879108 240.552092
v 8.15339983 268.228006 249.180388
v 7.6477997 242.742705 255.622196
v -108.963203 402.238083 192.109799
v -98.775202 402.597189 199.9017
v -103.988194 397.403693 188.365495
v -98.775202 402.597189 199.9017
v -108.963203 402.238083 192.109799
v -109.4347 397.150612 203.092909
v -118.7572 95.3512013 153.881896
v -119.073296 87.6232982 151.503801
v -117.383099 58.5667014 160.116005
v -137.019503 319.9193 181.550896
v -138.3371 309.12869 194.404101
v -137.3824 324.258709 191.435206
v -131.356299 111.760902 150.941598
v -129.286301 111.2095 153.934503
v -130.792701 120.638001 152.822399
v 45.6515998 132.989705 115.213203
v 47.6002991 138.851595 108.699501
v 40.229699 146.962595 121.2605
v 40.229699 146.962595 121.2605
v 39.5716995 140.744603 107.597196
v 35.9465986 160.926294 103.727901
v 47.6002991 138.851595 108.699501
v 39.5716995 140.744603 107.597196
v 40.229699 146.962595 121.2605
v -134.806299 380.683494 167.954099
v -138.708699 384.630799 163.924599
v -136.292005 382.065201 168.441403
v -138.708699 384.630799 163.924599
v -134.806299 380.683494 167.954099
v -136.960101 394.61689 164.256597
v -137.465405 284.223509 112.014604
v -135.036194 289.166403 126.086104
v -137.409902 296.022701 124.462497
v -41.899699 377.347112 276.021695
v -47.0809013 372.637391 278.814411
v -46.3885009 367.607689 275.514007
v -82.7724993 412.8654 152.316296
v -85.6431007 410.806513 145.280802
v -86.3587022 419.683695 158.393502
v -86.3587022 419.683695 158.393502
v -91.2711024 413.392878 154.920995
v -97.6225019 416.524601 168.014705
v -117.186797 -157.523298 21.2208003
v -121.257997 -140.378106 17.2933996
v -112.955201 -153.275204 25.7647991
v -112.955201 -153.275204 25.7647991
v -121.257997 -140.378106 17.2933996
v -111.703897 -145.894206 22.1294999
v -64.2234027 407.84359 80.3264976
v -66.2001014 409.197378 80.0439
v -61.9720995 411.160421 92.5117016
v -39.5857006 397.602296 247.887993
v -49.0381986 389.089203 264.111805
v -38.2811993 385.718608 257.184005
v -141.402996 -332.971811 103.556502
v -139.366806 -340.263605 109.8225
v -141.902006 -333.661604 109.701002
v -139.366806 -340.263605 109.8225
v -141.402996 -332.971811 103.556502
v -138.616896 -339.186192 99.2679
v -82.4283004 413.397598 129.397094
v -75.7606983 417.276096 128.538501
v -78.5430014 423.714399 126.208699
v -78.5430014 423.714399 126.208699
v -75.0355005 409.64818 124.770796
v -75.3543973 408.275604 112.966394
v -75.7606983 417.276096 128.538501
v -75.0355005 409.64818 124.770796
v -78.5430014 423.714399 126.208699
v 53.0686021 -374.230194 10.6495
v 60.3214025 -364.023805 11.7830001
v 51.8863022 -365.916395 16.8916002
v 46.6529012 -365.868592 153.845298
v 50.8881986 -375.205112 151.572001
v 45.4356998 -378.066707 163.536203
v 45.4356998 -378.066707 163.536203
v 50.8881986 -375.205112 151.572001
v 51.9743025 -374.722099 168.120396
v 27.0812988 -346.986794 226.497006
v 21.7915997 -343.761396 229.839706
v 21.6406003 -346.550798 221.6959
v 47.5564986 -378.631091 113.584495
v 51.4421999 -367.33489 102.355003
v 49.9588996 -369.465899 116.861904
v 51.4421999 -367.33489 102.355003
v 47.5564986 -378.631091 113.584495
v 46.0067004 -376.665497 101.225901
v 63.7130976 -380.70209 86.234802
v 68.3040977 -384.102392 74.4226992
v 70.4308987 -378.642106 89.5801008
v 70.4308987 -378.642106 89.5801008
v 71.2378025 -377.276707 81.9655001
v 72.7733016 -374.165201 88.0689025
v -32.1673989 -453.804207 12.6237005
v -20.4209 -464.542913 19.1294998
v -72.3182023 -464.167309 12.2179002
v -137.469196 -423.670387 22.6354003
v -134.045303 -435.176706 16.2266999
v -126.157701 -442.59572 19.6269006
v -134.045303 -435.176706 16.2266999
v -137.469196 -423.670387 22.6354003
v -138.104904 -424.524498 16.7758003
v 6.07119985 463.424206 28.9635986
v 11.4472002 452.419901 25.5901992
v 0.744599989 459.962416 20.9445998
v 0.744599989 459.962416 20.9445998
v 11.4472002 452.419901 25.5901992
v 12.6643002 458.593988 17.7212998
v 3.53859998 434.882689 234.00681
v 4.87009995 423.717308 231.522989
v 6.08760007 433.69422 224.350905
v 18.6226994 439.162302 127.473199
v 12.2938 449.764109 130.0964
v 16.6079 445.704889 134.8508
v 25.2139002 260.640407 87.1013999
v 24.2583007 266.819501 94.6367025
v 29.5433015 267.402411 88.4339988
v 13.1228 342.596698 14.3545002
v 23.1508002 368.419409 20.1405004
v 21.1073995 350.966191 13.7430996
v -40.337801 427.754784 142.624605
v -37.1868014 436.062622 145.955205
v -41.0118014 428.440523 136.603498
v -35.3480995 462.498713 83.3226979
v -28.4700006 460.669708 92.7879989
v -28.6242992 463.778591 79.1518986
v -28.4700006 460.669708 92.7879989
v -35.3480995 462.498713 83.3226979
v -35.5762005 455.043602 95.203799
v -35.5762005 455.043602 95.203799
v -35.3480995 462.498713 83.3226979
v -35.3819013 449.797201 82.9904974
v -3.23220007 339.363289 236.379099
v 0.565000018 330.078292 228.326797
v 2.3356 356.133795 226.847601
v -139.068902 364.663291 152.389801
v -136.251199 366.38751 166.633201
v -138.708699 384.630799 163.924599
v -136.251199 366.38751 166.633201
v -139.068902 364.663291 152.389801
v -138.344598 355.265808 162.586606
v -99.1433978 335.946298 289.945412
v -95.3930974 314.065289 288.623095
v -94.2032993 336.900091 292.387891
v -95.3930974 314.065289 288.623095
v -99.1433978 335.946298 289.945412
v -102.406204 318.389511 293.51809
v 12.1357001 417.346001 20.7990006
v 17.6064 412.979317 28.4069002
v 17.8871006 400.166607 18.7297001
v -116.6134 440.151405 135.792899
v -109.768105 441.543102 127.998102
v -117.927694 441.683006 121.218801
v -132.283795 437.98852 89.0555024
v -127.8247 446.130085 88.2389009
v -134.242499 442.975521 78.4999013
v -127.8247 446.130085 88.2389009
v -132.283795 437.98852 89.0555024
v -131.626701 449.604607 91.6465998
v -133.603203 447.086191 51.0058999
v -127.830696 459.896708 52.2903979
v -131.563997 445.093203 46.2936014
v -131.563997 445.093203 46.2936014
v -128.006601 451.641321 46.8852997
v -128.418398 445.682287 43.4325993
v -143.008602 430.085278 101.342297
v -143.097198 423.472118 90.3295994
v -144.019401 427.062988 100.342405
v -65.3524995 426.826382 58.633697
v -66.1395013 437.469292 55.0961018
v -56.8423986 429.613876 78.2653987
v -61.8705988 444.817114 45.0114995
v -66.1395013 437.469292 55.0961018
v -65.3524995 426.826382 58.633697
v -139.069295 428.419018 15.8510998
v -139.233601 435.198212 21.8558997
v -136.724699 438.590002 18.1940004
v -8.75720009 -263.853097 235.085893
v 1.60070006 -262.593007 236.560011
v -10.5502002 -259.488893 240.876508
v -10.6269002 360.596204 19.3424001
v -19.9030995 350.105596 13.7352005
v -15.9536004 365.062189 13.6287004
v -19.9030995 350.105596 13.7352005
v -10.6269002 360.596204 19.3424001
v -14.3472999 346.673703 17.1046004
v 2.14789994 -247.604489 23.1800005
v 4.65920009 -242.875504 25.7328987
v 10.3096001 -260.661602 21.6982007
v -11.3824002 457.820797 27.6616991
v -20.2975005 462.913418 36.2466991
v -9.68630016 462.667608 25.9891003
v -20.2975005 462.913418 36.2466991
v -11.3824002 457.820797 27.6616991
v -14.7394001 457.36618 24.6463999
v -23.5829994 434.948301 194.414401
v -19.2195997 432.537985 207.780004
v -15.8216998 444.005108 192.631996
v -29.0760994 320.467401 277.792597
v -33.6118996 331.624198 279.519796
v -32.2046012 317.224503 275.21081
v 43.9547002 -45.2904999 262.748408
v 39.545399 -55.4629028 261.328506
v 52.7220011 -36.0920995 254.707408
v 52.7220011 -36.0920995 254.707408
v 39.545399 -55.4629028 261.328506
v 43.6535001 -82.5814009 260.056305
v -143.369901 -63.5959983 21.2366998
v -145.840704 -71.5120971 13.3452997
v -144.963896 -85.421598 34.3511999
v -141.559601 -75.0070989 20.9272996
v -145.840704 -71.5120971 13.3452997
v -143.369901 -63.5959983 21.2366998
v -115.276396 43.7835991 271.458292
v -120.357203 36.5200013 265.201402
v -116.164601 4.32810001 280.179906
v -120.357203 36.5200013 265.201402
v -115.276396 43.7835991 271.458292
v -117.166698 48.5053003 261.047697
v -133.8678 -174.230194 124.473202
v -129.052997 -162.746298 125.557804
v -131.305003 -162.792003 114.719296
v -131.305003 -162.792003 114.719296
v -129.052997 -162.746298 125.557804
v -127.623403 -144.681704 118.719804
v -129.052997 -162.746298 125.557804
v -133.8678 -174.230194 124.473202
v -130.320799 -173.801005 127.117598
v -125.186098 -122.044003 152.304101
v -125.452495 -119.302404 155.428803
v -123.004997 -80.5927992 144.566703
v -71.7490971 171.270394 24.6114999
v -50.4064977 92.2257006 20.1947004
v -78.7903011 174.576604 22.2591996
v -125.395095 -81.0715973 299.503207
v -120.997596 -77.7696013 298.493409
v -114.6541 -54.6841025 304.169202
v 60.9605014 -372.456408 116.965497
v 72.2323 -370.135903 110.366905
v 65.2697027 -367.386603 117.889798
v 66.476202 -305.890298 9.43540037
v 67.2703981 -290.473008 8.39650035
v 72.6541996 -294.527102 11.8630998
v 72.6541996 -294.527102 11.8630998
v 67.2703981 -290.473008 8.39650035
v 65.5929983 -264.282298 15.0773004
v 68.3368027 -376.019096 8.16539973
v 68.7371016 -383.44171 15.0962994
v 63.460201 -373.980308 11.2374999
v 68.7371016 -383.44171 15.0962994
v 73.4362006 -377.697611 10.0846
v 71.0950017 -384.734511 10.6270999
v 48.2879996 -416.688299 16.3546994
v 49.3238002 -392.468905 12.8414005
v 51.0501981 -398.947096 19.6899995
v 49.3238002 -392.468905 12.8414005
v 48.2879996 -416.688299 16.3546994
v 43.4747994 -407.731724 16.1963001
v -21.1612001 -466.362095 77.5183976
v -30.9859008 -479.019403 75.861901
v -17.6027 -475.635099 72.2370982
v -17.6027 -475.635099 72.2370982
v -30.9859008 -479.019403 75.861901
v -29.4461012 -468.631077 75.4004002
v -94.3853021 -446.664619 170.601201
v -99.8593986 -433.709478 158.780098
v -84.0277016 -445.429611 155.464494
v -22.5581005 -460.200691 111.992598
v -21.9723001 -467.678308 99.5167017
v -6.11650012 -460.199881 104.022205
v -13.1070003 -475.1441 48.6523002
v -21.8761995 -478.584003 44.1982001
v -13.5863006 -466.209698 50.068301
v -143.774104 360.960293 49.4226009
v -144.993103 375.026703 54.9345016
v -143.843997 367.744303 46.864301
v -127.466202 246.618009 288.894796
v -125.4179 233.811307 284.091711
v -125.991797 243.598509 284.434009
v 9.29069966 199.754202 269.404888
v 3.23420018 195.757103 274.87371
v 15.3481007 192.428005 260.191488
v 15.3481007 192.428005 260.191488
v 3.23420018 195.757103 274.87371
v 3.9198 185.005701 270.065689
v 32.8557998 185.609901 96.3325024
v 30.5590004 187.008798 106.511903
v 41.3529992 156.6118 106.595898
v -149.988103 90.3141975 13.3921996
v -150.936198 81.9507003 10.7188001
v -146.488297 -23.7532005 54.1435003
v -138.341999 248.378301 212.40201
v -136.988997 269.468307 218.12501
v -136.966705 277.396989 206.799603
v -149.837399 116.8679 49.041301
v -149.513304 104.182994 48.3291
v -148.696601 119.297695 50.9038985
v 41.4568007 187.2051 54.0042996
v 41.3302004 176.921296 55.7138026
v 39.8119986 170.294595 43.1490988
v 23.3206004 248.210597 20.2074006
v 19.8999003 233.1213 19.0396994
v 20.0727001 260.091305 19.3570003
v 24.5325997 233.188605 22.1461996
v 19.8999003 233.1213 19.0396994
v 24.6480003 246.921802 23.1410995
v -136.083305 212.767005 168.377399
v -137.201703 226.826906 177.119398
v -136.563802 256.150699 168.085003
v -137.201703 226.826906 177.119398
v -136.083305 212.767005 168.377399
v -135.022295 212.174296 172.291398
v -140.827203 319.6491 131.872904
v -141.962194 308.313203 118.369603
v -140.2704 296.34819 116.869199
v -137.915397 392.449307 169.467103
v -131.900501 401.402187 170.005798
v -139.781404 394.440603 163.206697
v -131.900501 401.402187 170.005798
v -137.915397 392.449307 169.467103
v -134.495795 392.057109 169.9278
v -124.740601 411.371803 167.657304
v -129.925799 426.976204 168.022203
v -131.900501 401.402187 170.005798
v 68.3541 139.860201 109.878004
v 69.5001006 151.706803 97.1058011
v 54.5988977 141.286504 111.811805
v 69.5001006 151.706803 97.1058011
v 68.3541 139.860201 109.878004
v 74.467802 145.2932 102.965796
v 87.1146977 -144.704604 9.93579999
v 77.4733007 -136.752999 16.1804006
v 81.2233984 -138.111198 12.9456997
v 79.7559023 133.474195 39.9417013
v 77.2303998 135.952103 27.045399
v 70.2926993 126.182401 38.3603007
v 77.2303998 135.952103 27.045399
v 79.7559023 133.474195 39.9417013
v 82.8508019 127.267599 30.6344002
v 82.8508019 127.267599 30.6344002
v 79.7559023 133.474195 39.9417013
v 82.6736987 120.312703 36.5992993
v 107.037306 -311.05969 209.485102
v 117.845798 -315.552092 207.833195
v 117.070103 -292.105794 210.9231
v 117.845798 -315.552092 207.833195
v 107.037306 -311.05969 209.485102
v 110.360801 -317.914104 204.446793
v 97.8008986 -387.723994 185.579705
v 92.3533022 -373.990989 195.365202
v 89.7859991 -379.409909 196.052802
v 70.6462026 150.165999 88.8167024
v 69.5001006 151.706803 97.1058011
v 69.9284017 145.922899 95.0891018
v 20.2258006 461.142206 80.7125986
v 13.2945001 468.326616 83.4424973
v 20.2420995 461.683893 90.6814992
v 13.2945001 468.326616 83.4424973
v 20.2258006 461.142206 80.7125986
v 17.5374001 460.668421 79.1778028
v -127.988696 140.9495 233.495212
v -122.593999 136.480606 241.56971
v -133.5343 234.454608 253.747392
v -112.355602 144.497502 281.979704
v -114.143705 141.4047 274.454308
v -113.573003 123.201203 273.253107
v 141.9119 -311.088705 82.5887024
v 145.958602 -300.268793 87.8588974
v 142.191803 -306.560898 97.082299
v 139.308405 -343.751407 184.898496
v 137.112701 -346.751809 194.8295
v 136.438596 -357.634807 180.752599
v 137.112701 -346.751809 194.8295
v 143.036401 -350.922394 188.482594
v 138.857996 -337.223792 191.392398
v 147.819698 -352.462912 30.9127003
v 146.805596 -370.3336 21.9197005
v 150.831294 -352.649093 21.1484
v 87.2183025 107.949603 93.2301998
v 93.4234977 105.466604 82.7121973
v 88.9816999 119.346797 89.8860991
v 93.4234977 105.466604 82.7121973
v 87.2183025 107.949603 93.2301998
v 95.2845991 100.578797 87.5141025
v 116.2485 -7.16399997 10.5866998
v 117.175102 8.81349966 7.79279992
v 114.698899 3.88970003 18.9035997
v 129.394698 -181.283796 17.0025006
v 129.257298 -195.140803 18.2707995
v 127.706695 -187.453794 14.5793006
v 115.946496 -261.580801 230.5305
v 111.509204 -244.057703 235.331702
v 107.600403 -260.11889 231.173897
v 111.509204 -244.057703 235.331702
v 117.864096 -253.881407 228.661203
v 115.356803 -242.663097 236.986899
v 141.961598 -315.696692 109.041297
v 149.160898 -314.709306 118.649006
v 147.318995 -320.876002 112.1539
v 149.160898 -314.709306 118.649006
v 146.8171 -318.997693 120.620096
v 147.318995 -320.876002 112.1539
v 147.672105 -338.036299 116.115296
v 147.318995 -320.876002 112.1539
v 146.8171 -318.997693 120.620096
v 93.0956006 123.886204 61.5595996
v 86.9746029 138.932896 67.8716004
v 86.0701978 131.351495 74.0743995
v -143.682098 -204.290104 139.765
v -146.724296 -220.58959 141.661894
v -137.855506 -208.861303 152.044296
v -147.690904 -127.512801 75.1899004
v -144.024396 -132.792199 80.3508997
v -146.606898 -114.051795 63.0411983
v -144.024396 -132.792199 80.3508997
v -146.7816 -134.195602 82.326901
v -145.362103 -134.451699 87.9148006
v -146.7816 -134.195602 82.326901
v -144.024396 -132.792199 80.3508997
v -147.690904 -127.512801 75.1899004
v 7.65430033 401.639509 23.9663005
v 17.8871006 400.166607 18.7297001
v 6.27840012 366.766691 17.7812994
v -148.696601 119.297695 50.9038985
v -147.570705 123.132205 68.4180975
v -148.303998 134.541595 67.8218007
v -147.8544 -169.233704 18.0634007
v -117.186797 -157.523298 21.2208003
v -149.124098 -186.456895 21.2206006
v -114.6541 -54.6841025 304.169202
v -120.357203 36.5200013 265.201402
v -125.395095 -81.0715973 299.503207
v -43.9895988 387.679195 18.3259994
v -23.9402995 401.103401 21.7783004
v -14.7565007 403.944778 20.0864002
v -84.9918008 381.675005 273.462009
v -75.7776022 395.900202 249.085402
v -83.8909984 404.107618 233.535504
v -83.8909984 404.107618 233.535504
v -60.9134018 389.90519 254.102206
v -39.5857006 397.602296 247.887993
v -41.899699 377.347112 276.021695
v -49.0381986 389.089203 264.111805
v -51.6007006 376.466799 274.102211
v -54.9459994 -205.086589 296.313
v -71.4085996 -229.548907 301.769996
v -76.9138992 -253.460598 292.405391
v -116.769004 164.416397 15.9247994
v -117.544997 299.619794 17.4439996
v -107.604206 286.96959 21.6602996
v -143.037903 -91.8636978 45.877701
v -144.963896 -85.421598 34.3511999
v -144.872105 -108.149004 47.5064993
v 27.8852999 156.443703 259.820795
v 3.9198 185.005701 270.065689
v 57.942301 51.9809008 257.4435
v -93.827498 421.698093 188.857102
v -97.6225019 416.524601 168.014705
v -105.149198 400.81501 178.756201
v -9.62589979 -227.404499 267.721796
v -10.5502002 -259.488893 240.876508
v 1.60070006 -262.593007 236.560011
v -64.2234027 407.84359 80.3264976
v -40.2195007 425.141191 95.2368021
v -40.6807005 433.252907 76.8387973
v -51.3370991 329.055095 285.297298
v -32.2046012 317.224503 275.21081
v -33.6118996 331.624198 279.519796
v -51.3370991 329.055095 285.297298
v -95.3930974 314.065289 288.623095
v -51.6458988 307.908511 283.231497
v 146.938205 -341.356301 94.2472994
v 141.9119 -311.088705 82.5887024
v 142.191803 -306.560898 97.082299
v -40.6807005 433.252907 76.8387973
v -37.7330005 423.031187 114.647496
v -33.9244992 436.14521 128.723097
v 51.9743025 -374.722099 168.120396
v 40.3997004 -371.1519 182.088006
v 45.4356998 -378.066707 163.536203
v 40.8962011 -357.558298 199.589097
v 21.6406003 -346.550798 221.6959
v 40.3997004 -371.1519 182.088006
v 4.15240005 476.775217 80.2873015
v -28.4700006 460.669708 92.7879989
v 4.31450009 463.123703 97.6414025
v 68.7371016 -383.44171 15.0962994
v 49.3238002 -392.468905 12.8414005
v 63.460201 -373.980308 11.2374999
v -25.0791997 451.106024 166.630197
v -46.4911997 427.766085 176.999795
v -42.0177013 429.950619 191.499305
v -3.72559987 373.981094 241.167688
v 2.3356 356.133795 226.847601
v -1.14890002 388.214803 238.395596
v -6.76700026 438.692904 22.1665993
v 12.6643002 458.593988 17.7212998
v 4.69530001 429.290581 22.9866996
v -114.360297 455.73349 76.0645986
v -78.4317017 447.766113 91.6172028
v -68.671298 447.634983 88.6506975
v -85.2348983 437.811613 120.492697
v -78.4317017 447.766113 91.6172028
v -96.0016012 435.266495 118.119299
v -135.987306 409.861708 163.176596
v -129.925799 426.976204 168.022203
v -141.420698 420.547485 155.802798
v 53.8064003 -289.612794 11.8468001
v 60.3214025 -364.023805 11.7830001
v 53.0686021 -374.230194 10.6495
v 44.7652012 144.648504 89.329499
v 41.3529992 156.6118 106.595898
v 39.5716995 140.744603 107.597196
v 23.7779006 193.794096 142.302406
v 35.9465986 160.926294 103.727901
v 23.6117005 194.555199 113.462198
v -133.5343 234.454608 253.747392
v -133.1779 253.179193 252.146697
v -138.006306 251.604199 239.755392
v -127.623403 -144.681704 118.719804
v -135.014999 -53.6149025 85.2527976
v -131.305003 -162.792003 114.719296
v 43.6535001 -82.5814009 260.056305
v 58.4720016 -122.278595 245.4072
v 52.7220011 -36.0920995 254.707408
v 39.8927003 -408.226013 74.487102
v 42.2003001 -403.025913 86.2944007
v 24.9473006 -428.689289 106.786203
v -31.714201 -461.186504 154.603195
v -94.3853021 -446.664619 170.601201
v -84.0277016 -445.429611 155.464494
v 7.30289966 256.584001 21.6034994
v 20.0727001 260.091305 19.3570003
v 19.8999003 233.1213 19.0396994
v 20.2420995 461.683893 90.6814992
v 14.5813003 460.278511 114.796698
v 18.6226994 439.162302 127.473199
v -136.966705 277.396989 206.799603
v -139.2748 300.622892 212.146711
v -139.863396 302.880001 201.449299
v -136.563802 256.150699 168.085003
v -138.3371 309.12869 194.404101
v -137.019503 319.9193 181.550896
v 117.175102 8.81349966 7.79279992
v 90.9262002 11.4615999 8.41320008
v 92.7190006 26.0527015 9.31859985
v 136.438596 -357.634807 180.752599
v 100.624597 -377.7601 198.798704
v 97.8008986 -387.723994 185.579705
v 129.257298 -195.140803 18.2707995
v 160.034502 -205.346107 24.6886
v 160.637403 -219.221592 23.6614004
v -144.019401 427.062988 100.342405
v -143.423998 410.960722 92.4916983
v -142.722297 402.472019 108.428097
v -144.721198 403.88279 89.6058977
v -144.155204 421.423912 69.9470997
v -144.8295 407.662106 53.0683994
v 146.938205 -341.356301 94.2472994
v 147.672105 -338.036299 116.115296
v 142.273295 -363.282895 86.947602
v -137.409902 296.022701 124.462497
v -140.2704 296.34819 116.869199
v -137.465405 284.223509 112.014604
v -134.494495 -155.700099 234.018993
v -134.354997 -126.105797 282.144308
v -132.725 -106.723404 275.878596
v -16.1533996 371.058798 266.482401
v -8.00779983 370.744705 252.239799
v -14.5923004 375.398397 258.228111
v 86.0701978 131.351495 74.0743995
v 93.4234977 105.466604 82.7121973
v 93.0956006 123.886204 61.5595996
v 17.8321004 282.162809 234.916997
v 27.5539994 219.263911 218.021393
v 17.7295998 287.832689 230.048394
v -135.987306 409.861708 163.176596
v -139.781404 394.440603 163.206697
v -131.900501 401.402187 170.005798
v -127.830696 459.896708 52.2903979
v -134.242499 442.975521 78.4999013
v -127.8247 446.130085 88.2389009
v 78.5426021 -277.413607 241.868305
v 111.509204 -244.057703 235.331702
v 68.800801 -269.098592 249.272394
v -48.7197012 325.346804 14.5903006
v -43.9895988 387.679195 18.3259994
v -38.7322992 333.206797 17.3222005
v 7.6477997 242.742705 255.622196
v 22.6462007 196.065998 246.874905
v 13.3058995 263.879108 240.552092
v -133.5343 234.454608 253.747392
v -138.006306 251.604199 239.755392
v -127.988696 140.9495 233.495212
v 143.854296 -350.744295 142.9232
v 141.249394 -347.997189 110.726202
v 147.672105 -338.036299 116.115296
v -141.902006 -333.661604 109.701002
v -136.506104 -314.974594 133.560503
v -138.126504 -301.830292 132.085299
v 49.5483011 -368.889809 189.824295
v 62.1497989 -370.67101 201.567101
v 40.8962011 -357.558298 199.589097
v -144.721198 403.88279 89.6058977
v -141.131794 324.687004 111.844206
v -142.722297 402.472019 108.428097
v -134.045303 -435.176706 16.2266999
v -72.3182023 -464.167309 12.2179002
v -126.157701 -442.59572 19.6269006
v 72.8123009 -310.413098 214.288497
v 78.5426021 -277.413607 241.868305
v 68.800801 -269.098592 249.272394
v -149.124098 -186.456895 21.2206006
v -152.063096 -163.768804 17.6183
v -147.8544 -169.233704 18.0634007
v -127.466202 246.618009 288.894796
v -133.5343 234.454608 253.747392
v -127.265203 228.358293 284.278488
v 22.5005001 317.924905 53.9098024
v 27.7291 282.170391 89.0177011
v 25.6592005 275.227499 87.6471996
v -124.0888 314.074612 288.2411
v -129.458106 306.855202 249.927402
v -128.457904 302.475595 295.054293
v 51.4421999 -367.33489 102.355003
v 60.9605014 -372.456408 116.965497
v 49.9588996 -369.465899 116.861904
v 39.3943012 -404.295206 137.120795
v 32.1103007 -410.016298 121.229899
v 44.4398999 -388.995004 104.834604
v -41.0118014 428.440523 136.603498
v -33.9244992 436.14521 128.723097
v -37.7330005 423.031187 114.647496
v -117.383099 58.5667014 160.116005
v -123.004997 -80.5927992 144.566703
v -125.452495 -119.302404 155.428803
v -142.498004 -125.273502 72.6724982
v -140.049696 -120.896697 76.0433972
v -143.037903 -91.8636978 45.877701
v 3.3721 443.421412 210.404611
v -15.8216998 444.005108 192.631996
v -19.2195997 432.537985 207.780004
v 42.2003001 -403.025913 86.2944007
v 68.3040977 -384.102392 74.4226992
v 63.7130976 -380.70209 86.234802
v -136.292005 382.065201 168.441403
v -138.708699 384.630799 163.924599
v -136.251199 366.38751 166.633201
v -163.054097 -305.304909 96.6820002
v -152.891397 -201.711798 107.800698
v -156.491697 -216.963196 93.879801
v -21.8761995 -478.584003 44.1982001
v -17.6027 -475.635099 72.2370982
v -29.4461012 -468.631077 75.4004002
v 87.1146977 -144.704604 9.93579999
v 87.6030982 -193.142498 9.96219963
v 77.4733007 -136.752999 16.1804006
v -49.0381986 389.089203 264.111805
v -74.8825014 394.611096 260.633397
v -84.9918008 381.675005 273.462009
v -97.6104975 -150.878096 312.674689
v -71.4085996 -229.548907 301.769996
v -92.8002 -138.673604 306.768799
v -119.302404 399.064207 208.800507
v -120.167303 394.596505 196.022701
v -128.755105 387.442398 200.654411
v 22.6462007 196.065998 246.874905
v 27.8852999 156.443703 259.820795
v 57.942301 51.9809008 257.4435
v -135.014999 -53.6149025 85.2527976
v -140.049696 -120.896697 76.0433972
v -142.130601 -142.785704 83.1804991
v -9.69410017 54.5140028 276.344609
v -22.4748001 -64.1472995 279.272294
v -7.29380026 -72.7008998 275.050092
v 44.7652012 144.648504 89.329499
v 54.5988977 141.286504 111.811805
v 69.5001006 151.706803 97.1058011
v 54.1896999 153.462601 79.9722016
v 63.8611972 152.065504 95.3305006
v 70.6462026 150.165999 88.8167024
v -6.11650012 -460.199881 104.022205
v 39.3943012 -404.295206 137.120795
v -22.5581005 -460.200691 111.992598
v 113.332605 -314.767194 10.0348003
v 150.831294 -352.649093 21.1484
v 146.805596 -370.3336 21.9197005
v -113.573003 123.201203 273.253107
v -92.6824987 38.3343011 296.037889
v -112.355602 144.497502 281.979704
v -85.7060015 367.425203 17.8809002
v -107.604206 286.96959 21.6602996
v -117.544997 299.619794 17.4439996
v 51.335001 127.496898 41.1284
v 39.8119986 170.294595 43.1490988
v 41.3302004 176.921296 55.7138026
v 77.2303998 135.952103 27.045399
v 44.333601 134.703195 12.3924002
v 70.2926993 126.182401 38.3603007
v -142.498004 -125.273502 72.6724982
v -146.606898 -114.051795 63.0411983
v -144.024396 -132.792199 80.3508997
v -142.134404 -48.5693991 12.9925996
v -145.033002 -33.2284003 14.4931003
v -80.4058015 40.9711003 20.4667002
v 7.65430033 401.639509 23.9663005
v -6.76700026 438.692904 22.1665993
v 4.69530001 429.290581 22.9866996
v -107.566297 461.716795 88.1051004
v -117.927694 441.683006 121.218801
v -109.768105 441.543102 127.998102
v -146.488297 -23.7532005 54.1435003
v -146.025395 4.61999997 62.8552973
v -149.988103 90.3141975 13.3921996
v -22.8938997 391.871905 247.239494
v -39.5857006 397.602296 247.887993
v -38.2811993 385.718608 257.184005
v -66.2846029 427.567482 105.8514
v -75.3543973 408.275604 112.966394
v -60.5745018 422.907305 85.6855989
v -137.019503 319.9193 181.550896
v -138.506305 364.461493 179.602003
v -138.108397 327.838492 172.876298
v -133.863699 446.035814 12.6952007
v -108.6128 404.508686 22.0138997
v -138.739705 443.981504 14.0710995
v -138.108397 327.838492 172.876298
v -137.053394 327.860904 166.6767
v -135.878301 316.270995 168.240094
v -97.3354995 -131.128597 305.695605
v -121.940398 -137.281597 296.951199
v -92.8002 -138.673604 306.768799
v -140.429294 283.383799 73.1490016
v -135.927796 155.102706 103.538001
v -134.785998 186.648798 136.937201
v -99.8593986 -433.709478 158.780098
v -104.661095 -427.682781 161.1871
v -100.999606 -444.156408 138.273394
v -85.7060015 367.425203 17.8809002
v -68.3821023 376.303196 16.3599998
v -107.604206 286.96959 21.6602996
v -14.7565007 403.944778 20.0864002
v -6.76700026 438.692904 22.1665993
v 6.27840012 366.766691 17.7812994
v -134.354997 -126.105797 282.144308
v -134.494495 -155.700099 234.018993
v -137.677205 -271.411109 290.741396
v 117.495799 26.6961008 135.125005
v 118.851602 14.3347993 132.336795
v 117.931604 38.0243987 96.2413013
v 20.6799999 411.550808 127.167594
v 8.9745 435.111713 166.2642
v 12.1416003 321.199799 157.692599
v -7.29380026 -72.7008998 275.050092
v -22.4748001 -64.1472995 279.272294
v -11.5653001 -79.3027997 279.095101
v -12.6865 359.56471 269.439602
v -15.9070998 330.293012 270.035911
v -5.64929992 328.431511 248.290396
v -43.9895988 387.679195 18.3259994
v -15.9536004 365.062189 13.6287004
v -19.9030995 350.105596 13.7352005
v 121.384501 -295.042491 15.9079
v 113.332605 -314.767194 10.0348003
v 110.430706 -286.160398 13.9216006
v -153.818297 -179.320097 17.6924005
v -152.063096 -163.768804 17.6183
v -153.768504 -187.082601 15.0907993
v 156.088305 -302.51689 54.8415005
v 146.885002 -297.511792 51.2248993
v 149.470997 -289.252591 24.1586998
v -136.724699 438.590002 18.1940004
v -138.739705 443.981504 14.0710995
v -139.069295 428.419018 15.8510998
v -65.3524995 426.826382 58.633697
v -66.2001014 409.197378 80.0439
v -70.2902019 414.78219 49.0462005
v -157.471597 -214.643502 75.2799988
v -156.491697 -216.963196 93.879801
v -157.593596 -205.4667 72.3824024
v -98.300302 42.0745999 287.86571
v -97.7311015 32.5731993 297.697806
v -92.6824987 38.3343011 296.037889
v -114.6541 -54.6841025 304.169202
v -120.997596 -77.7696013 298.493409
v -96.2974012 -125.6073 306.861806
v -21.1612001 -466.362095 77.5183976
v -6.11650012 -460.199881 104.022205
v -21.9723001 -467.678308 99.5167017
v -144.721198 403.88279 89.6058977
v -143.622601 336.294699 73.1369972
v -144.107199 328.141999 80.1064014
v -142.112005 317.702699 42.4769998
v -142.360699 -33.6656988 46.065101
v -143.369901 -63.5959983 21.2366998
v -143.037903 -91.8636978 45.877701
v -141.355801 -31.5104991 66.012001
v 107.037306 -311.05969 209.485102
v 119.390905 -297.002101 213.923502
v 85.5675995 -306.375289 214.251399
v 107.600403 -260.11889 231.173897
v 53.996402 -156.352997 18.3873996
v 44.333601 134.703195 12.3924002
v 65.1843011 12.3969004 10.5472997
v 71.4141011 -189.272797 14.4593999
v 21.0391 413.776922 51.9766986
v 17.8871006 400.166607 18.7297001
v 17.6064 412.979317 28.4069002
v 11.4472002 452.419901 25.5901992
v 138.175404 -361.971998 140.669405
v 97.5476027 -373.908401 112.830603
v 141.249394 -347.997189 110.726202
v 96.677798 -388.737798 145.406902
v -135.927796 155.102706 103.538001
v -130.1826 58.9770973 122.305
v -134.785998 186.648798 136.937201
v -131.356299 111.760902 150.941598
v -108.6128 404.508686 22.0138997
v -70.8028972 424.816799 14.1837001
v -68.3821023 376.303196 16.3599998
v -108.742595 442.098093 18.5966
v -122.3194 357.829189 254.28369
v -121.111703 352.151299 296.330404
v -115.8705 389.311194 282.654309
v -115.674102 396.019602 248.364902
v 7.6477997 242.742705 255.622196
v -1.54879997 266.964006 265.049696
v 6.4000003 197.396398 268.35711
v 8.15339983 268.228006 249.180388
v -80.9726 25.6446004 18.2238996
v -3.9012 20.0334996 17.3033997
v -43.1535989 -34.7288013 19.5300996
v -90.3432012 -47.6215988 19.5154995
v 110.430706 -286.160398 13.9216006
v 145.310903 -284.650493 20.2959999
v 121.384501 -295.042491 15.9079
v 129.257298 -195.140803 18.2707995
v -134.242499 442.975521 78.4999013
v -133.603203 447.086191 51.0058999
v -141.972697 429.792023 50.4260004
v -143.097198 423.472118 90.3295994
v -52.6332021 -81.3569009 296.4571
v -114.6541 -54.6841025 304.169202
v -96.2974012 -125.6073 306.861806
v -97.7311015 32.5731993 297.697806
v -114.143705 141.4047 274.454308
v -119.410503 143.007898 245.827794
v -117.272997 136.127102 251.66471
v -133.5343 234.454608 253.747392
v 64.8836017 -376.318002 186.700702
v 96.677798 -388.737798 145.406902
v 97.8008986 -387.723994 185.579705
v 63.9194012 -379.242206 136.947298
v -116.769004 164.416397 15.9247994
v -78.7903011 174.576604 22.2591996
v -79.2512 160.837305 23.5125005
v -126.860797 143.337905 16.6848004
v -93.827498 421.698093 188.857102
v -105.149198 400.81501 178.756201
v -103.988194 397.403693 188.365495
v -98.775202 402.597189 199.9017
v -8.04660022 36.9365007 20.1351002
v -3.9012 20.0334996 17.3033997
v -80.9726 25.6446004 18.2238996
v -80.4058015 40.9711003 20.4667002
v -138.104904 -424.524498 16.7758003
v -143.824196 -410.743904 15.7131001
v -117.186797 -157.523298 21.2208003
v -134.045303 -435.176706 16.2266999
v -99.5527029 -238.987303 21.5137005
v -17.4252003 394.895101 241.179395
v -25.5551994 399.977899 236.898494
v -22.8938997 391.871905 247.239494
v -13.1778002 384.021401 254.494691
v -89.2152011 -466.016722 106.868505
v -30.9859008 -479.019403 75.861901
v -24.7623995 -471.760321 101.733899
v -32.4609995 -462.065792 135.632396
v -134.785998 186.648798 136.937201
v -137.675595 273.544693 121.117496
v -140.429294 283.383799 73.1490016
v -135.878301 316.270995 168.240094
v -148.016596 -344.3398 104.340696
v -150.063205 -369.1782 77.5148988
v -141.331506 -359.869599 77.4837017
v -138.616896 -339.186192 99.2679
v 149.589896 -128.722703 49.7449011
v 142.994905 -85.2862 76.6996026
v 144.940698 -89.0610993 102.104998
v 160.422599 -209.023094 90.4779017
v -43.1535989 -34.7288013 19.5300996
v -4.61400002 -96.2464988 24.6345997
v -52.3823023 -156.307006 23.1478006
v -86.1772001 -55.1019013 17.3089996
v -12.4650002 440.016413 234.332609
v -17.4252003 394.895101 241.179395
v -5.82300015 396.36271 240.372109
v 3.53859998 434.882689 234.00681
v -33.9244992 436.14521 128.723097
v -8.62099975 450.107813 129.938698
v -28.4700006 460.669708 92.7879989
v -35.5762005 455.043602 95.203799
v -15.9070998 330.293012 270.035911
v -33.6118996 331.624198 279.519796
v -29.0760994 320.467401 277.792597
v -1.54879997 266.964006 265.049696
v 114.545405 -146.776199 10.0175001
v 116.2485 -7.16399997 10.5866998
v 150.364006 -135.839498 22.8138
v 129.394698 -181.283796 17.0025006
v -6.14340007 437.733984 225.708795
v -12.4650002 440.016413 234.332609
v 3.53859998 434.882689 234.00681
v 6.08760007 433.69422 224.350905
v -22.4748001 -64.1472995 279.272294
v -9.69410017 54.5140028 276.344609
v -64.0035987 9.97510031 299.064493
v -59.6928 -6.95459992 296.862197
v -47.4548995 417.285204 198.356104
v -89.2461002 412.538099 205.356693
v -83.8909984 404.107618 233.535504
v -33.4147006 406.339312 233.939505
v 13.7732998 333.879495 191.913402
v 18.2282999 279.320788 199.774897
v 12.1416003 321.199799 157.692599
v 8.9745 435.111713 166.2642
v 66.8581009 135.967004 219.406796
v 86.4162982 142.484295 223.358989
v 80.5449009 109.427905 146.861994
v 57.7459991 105.005395 148.801601
v -14.3472999 346.673703 17.1046004
v 13.1228 342.596698 14.3545002
v 3.15730013 275.881791 16.1002994
v -12.5343993 281.801605 17.9203004
v -32.4609995 -462.065792 135.632396
v 29.6460003 -415.945816 163.497698
v -20.7210004 -453.086281 168.059397
v -31.714201 -461.186504 154.603195
v -62.2106016 -265.603089 21.7008993
v -134.045303 -435.176706 16.2266999
v -99.5527029 -238.987303 21.5137005
v -52.3823023 -156.307006 23.1478006
v -111.703897 -145.894206 22.1294999
v 2.14789994 -247.604489 23.1800005
v -46.8555987 234.179902 16.9467002
v -12.5343993 281.801605 17.9203004
v 7.30289966 256.584001 21.6034994
v 6.39569983 202.2223 23.6782998
v -32.1440995 -428.321505 197.431695
v 20.3449994 -386.944389 192.385101
v -18.2224005 -346.70701 227.800202
v -65.9922004 -373.418188 235.419893
v 84.5130026 117.538595 97.2729027
v 68.3541 139.860201 109.878004
v 80.5449009 109.427905 146.861994
v 96.8428016 83.6202979 134.077799
v 42.2003001 -403.025913 86.2944007
v 44.4398999 -388.995004 104.834604
v 32.1103007 -410.016298 121.229899
v 24.9473006 -428.689289 106.786203
v 142.973995 -233.021307 140.4423
v 150.905895 -297.1452 145.577204
v 152.750599 -218.992591 146.5976
v 140.775394 -34.2626005 136.997604
v -79.2512 160.837305 23.5125005
v -50.4064977 92.2257006 20.1947004
v -80.4058015 40.9711003 20.4667002
v -126.860797 143.337905 16.6848004
v -137.915397 392.449307 169.467103
v -139.781404 394.440603 163.206697
v -136.960101 394.61689 164.256597
v -134.495795 392.057109 169.9278
v -138.3371 309.12869 194.404101
v -140.618205 299.539804 208.534288
v -139.851105 349.819899 212.59439
v -138.015795 344.790196 193.811703
v -24.7623995 -471.760321 101.733899
v -21.9723001 -467.678308 99.5167017
v -22.5581005 -460.200691 111.992598
v -32.4609995 -462.065792 135.632396
v -129.458106 306.855202 249.927402
v -131.243098 294.429302 217.567897
v -133.1779 253.179193 252.146697
v -128.457904 302.475595 295.054293
vt 0.341856986 0.390953988
vt 0.341814011 0.390816987
vt 0.341811001 0.390859991
vt 0.346834004 0.391027987
vt 0.346859992 0.390989989
vt 0.346771002 0.390965015
vt 0.341876 0.391265005
vt 0.341973007 0.391324997
vt 0.341971993 0.391263008
vt 0.347469985 0.391532987
vt 0.347478986 0.391516
vt 0.347456008 0.391469002
vt 0.342494011 0.390439987
vt 0.342514992 0.390302986
vt 0.342433989 0.390228003
vt 0.315649003 0.398167014
vt 0.315690994 0.398443997
vt 0.315690994 0.398146987
vt 0.362935007 0.903236985
vt 0.36293 0.903235018
vt 0.362922996 0.903240979
vt 0.348585993 0.395996988
vt 0.348616004 0.396008998
vt 0.34860599 0.39596501
vt 0.341917008 0.390168011
vt 0.341910988 0.390170991
vt 0.341910988 0.390269995
vt 0.308744013 0.388577014
vt 0.308786005 0.388581008
vt 0.308788002 0.388541996
vt 0.363637 0.902813017
vt 0.363651007 0.902903974
vt 0.363669991 0.902795017
vt 0.365377992 0.907043993
vt 0.365337998 0.907034993
vt 0.365341008 0.907126009
vt 0.368075013 0.90693301
vt 0.368115991 0.906962991
vt 0.368110001 0.90693903
vt 0.344121993 0.395969987
vt 0.344121009 0.396088004
vt 0.34413901 0.395972997
vt 0.30972901 0.389476001
vt 0.309697002 0.389402986
vt 0.309650004 0.389519989
vt 0.343181998 0.39399001
vt 0.343226999 0.394066006
vt 0.343234003 0.393987
vt 0.315577 0.398214996
vt 0.315618008 0.39793399
vt 0.315539986 0.39805299
vt 0.309769988 0.389308989
vt 0.30974701 0.389454007
vt 0.309798986 0.389416009
vt 0.315447003 0.398382992
vt 0.315506995 0.398270994
vt 0.315459013 0.398315012
vt 0.342922002 0.393514007
vt 0.343021989 0.39349401
vt 0.342997015 0.393449992
vt 0.34701699 0.390917987
vt 0.347032011 0.390933007
vt 0.347043991 0.390891999
vt 0.341811001 0.390859991
vt 0.341814011 0.390816987
vt 0.341726989 0.390891999
vt 0.362901002 0.902678013
vt 0.362908989 0.902653992
vt 0.362841994 0.902653992
vt 0.308670014 0.388696998
vt 0.308577001 0.388859004
vt 0.308670998 0.388893992
vt 0.308697999 0.388529986
vt 0.30864799 0.38855499
vt 0.308699012 0.388568014
vt 0.342703998 0.390733987
vt 0.342777997 0.390711993
vt 0.342767 0.390704989
vt 0.363550007 0.90347302
vt 0.363512009 0.903477013
vt 0.363519996 0.903482974
vt 0.346967012 0.390890986
vt 0.346978992 0.390900999
vt 0.34701699 0.390917987
vt 0.342474014 0.390464991
vt 0.342433989 0.390228003
vt 0.34235999 0.390311003
vt 0.34237799 0.390502989
vt 0.342518002 0.390578985
vt 0.342377007 0.390502989
vt 0.34235999 0.390311003
vt 0.34227401 0.390305996
vt 0.344044 0.396210015
vt 0.344121009 0.396088004
vt 0.344074994 0.395972013
vt 0.344226986 0.396012008
vt 0.344303995 0.396073014
vt 0.344296992 0.396017998
vt 0.367852986 0.907272995
vt 0.367855012 0.907314003
vt 0.367873013 0.907275021
vt 0.313966006 0.398101002
vt 0.313906997 0.398081988
vt 0.313906014 0.398342013
vt 0.346866012 0.390985996
vt 0.346801013 0.390890986
vt 0.346771002 0.390965015
vt 0.346367002 0.394221008
vt 0.346329987 0.394342005
vt 0.346374989 0.394358009
vt 0.308743 0.389209986
vt 0.308793992 0.389034986
vt 0.308793992 0.389010996
vt 0.368173987 0.906499982
vt 0.36818099 0.906484008
vt 0.368158996 0.906480014
vt 0.347451001 0.39508599
vt 0.347467989 0.395033002
vt 0.347440004 0.395045012
vt 0.364863008 0.906682014
vt 0.364881009 0.90674001
vt 0.364890993 0.906709015
vt 0.349076986 0.397621989
vt 0.349110007 0.397668988
vt 0.349135011 0.397635996
vt 0.345573008 0.392421007
vt 0.34552601 0.392365992
vt 0.345490992 0.392430991
vt 0.341744989 0.391157001
vt 0.341657996 0.391193986
vt 0.341697007 0.391265005
vt 0.344502002 0.395617992
vt 0.344493985 0.395669997
vt 0.344505012 0.395659
vt 0.314191997 0.397684008
vt 0.314025998 0.397682995
vt 0.314103991 0.397799999
vt 0.341758013 0.390136003
vt 0.341720015 0.390044004
vt 0.341697991 0.390100986
vt 0.363099009 0.902768016
vt 0.363092989 0.902813971
vt 0.363106012 0.902767003
vt 0.349058986 0.397653997
vt 0.349076986 0.397621989
vt 0.349036008 0.397590995
vt 0.343219012 0.395621985
vt 0.343259007 0.395574003
vt 0.343219012 0.395395994
vt 0.314132005 0.397574991
vt 0.314025998 0.397682995
vt 0.314191997 0.397684008
vt 0.341726989 0.390891999
vt 0.341711015 0.390884012
vt 0.341637999 0.39090699
vt 0.343172997 0.39407599
vt 0.343174994 0.394109011
vt 0.343232989 0.394089997
vt 0.308569998 0.388882995
vt 0.308562994 0.388879001
vt 0.308479995 0.388972998
vt 0.366946995 0.908465028
vt 0.366955012 0.908447981
vt 0.366952002 0.908447981
vt 0.367035002 0.906131983
vt 0.367018998 0.906064987
vt 0.367011994 0.906112015
vt 0.341964006 0.391050994
vt 0.341901004 0.390958995
vt 0.341877997 0.391059011
vt 0.346803993 0.390796006
vt 0.346767992 0.390809
vt 0.346787006 0.390819013
vt 0.343144 0.393415987
vt 0.343156993 0.393427014
vt 0.343192995 0.393420011
vt 0.366259009 0.905710995
vt 0.366257012 0.905708015
vt 0.366234004 0.905718029
vt 0.308376998 0.388796002
vt 0.308355004 0.388743013
vt 0.30834499 0.388742
vt 0.342038989 0.391256005
vt 0.342043012 0.391187996
vt 0.341980994 0.391238987
vt 0.364771992 0.906636
vt 0.364740014 0.906585991
vt 0.364739001 0.906624019
vt 0.346956015 0.390879989
vt 0.346901 0.390846014
vt 0.346901 0.390902013
vt 0.308541 0.389506012
vt 0.308600008 0.389378011
vt 0.308593005 0.389366001
vt 0.30813399 0.389654011
vt 0.308153987 0.389649987
vt 0.30815199 0.38954401
vt 0.347427994 0.395004988
vt 0.347467989 0.395033002
vt 0.347460002 0.394971013
vt 0.367022008 0.906001985
vt 0.367049009 0.906032979
vt 0.367042005 0.905978978
vt 0.344083011 0.395693004
vt 0.344067991 0.395749986
vt 0.344094992 0.395745009
vt 0.31408599 0.397363007
vt 0.314083993 0.397307009
vt 0.314042002 0.397356004
vt 0.344388008 0.395671993
vt 0.344424993 0.395819008
vt 0.344491005 0.395754993
vt 0.314042002 0.397356004
vt 0.314013004 0.397347003
vt 0.314018995 0.397390008
vt 0.308582991 0.388700008
vt 0.308535993 0.388621002
vt 0.308521003 0.388619006
vt 0.349101007 0.395049006
vt 0.349166006 0.395047009
vt 0.349126011 0.395011991
vt 0.309693992 0.389613003
vt 0.309671998 0.389559001
vt 0.309677988 0.389600992
vt 0.314305991 0.397507012
vt 0.314215004 0.397359997
vt 0.314213008 0.397509992
vt 0.314383 0.39745301
vt 0.314417005 0.397493988
vt 0.314429998 0.397383004
vt 0.346780986 0.390763998
vt 0.346765012 0.390742987
vt 0.346754014 0.390760005
vt 0.346754014 0.390760005
vt 0.346767008 0.390789986
vt 0.315618008 0.39793399
vt 0.315649003 0.398158014
vt 0.315688998 0.398120999
vt 0.346343011 0.393202007
vt 0.346239001 0.393238991
vt 0.34633401 0.393245995
vt 0.308798999 0.388496995
vt 0.308788002 0.388541996
vt 0.308813006 0.388527989
vt 0.347458005 0.390570998
vt 0.347479999 0.390592009
vt 0.347472012 0.390565008
vt 0.34217599 0.391112
vt 0.342106998 0.390924007
vt 0.342078 0.391140014
vt 0.342177987 0.390758008
vt 0.342193007 0.390920997
vt 0.341188014 0.390044987
vt 0.341203004 0.390096992
vt 0.341223001 0.390058994
vt 0.365465999 0.90823102
vt 0.365442991 0.908249974
vt 0.365453005 0.908252001
vt 0.308216989 0.389705986
vt 0.308187991 0.389598012
vt 0.308174014 0.389654994
vt 0.340140998 0.391820014
vt 0.346937001 0.395105004
vt 0.346973002 0.395108014
vt 0.308176994 0.389539003
vt 0.308293998 0.389238
vt 0.308205009 0.389340997
vt 0.346179008 0.394564003
vt 0.346109003 0.394630998
vt 0.346183002 0.394627005
vt 0.345191002 0.396423995
vt 0.345194012 0.396288991
vt 0.345144004 0.396279007
vt 0.341845006 0.390477985
vt 0.341733009 0.390424013
vt 0.341802001 0.390675008
vt 0.34858501 0.395951986
vt 0.348560989 0.395951986
vt 0.348551005 0.39596501
vt 0.342278987 0.391003996
vt 0.341742009 0.390619993
vt 0.342249006 0.39102301
vt 0.309617996 0.389519989
vt 0.309655011 0.389548004
vt 0.309650004 0.389519989
vt 0.309650004 0.389519989
vt 0.309697002 0.389402986
vt 0.342653006 0.390540987
vt 0.342619985 0.390527993
vt 0.342646986 0.390679985
vt 0.342110008 0.390740991
vt 0.342029005 0.390760005
vt 0.342038006 0.390904009
vt 0.308658987 0.389771014
vt 0.308732003 0.389438003
vt 0.308607012 0.389380991
vt 0.341729999 0.390906006
vt 0.341811001 0.390859991
vt 0.341726989 0.390891999
vt 0.309969008 0.389688998
vt 0.308813006 0.388527989
vt 0.31003499 0.389688998
vt 0.341731995 0.390626013
vt 0.341724008 0.39061299
vt 0.341675997 0.390671015
vt 0.314175993 0.398061991
vt 0.31416899 0.398047
vt 0.314081013 0.398016006
vt 0.345171988 0.398070991
vt 0.345118999 0.398048997
vt 0.345118999 0.398113012
vt 0.346381009 0.394499004
vt 0.346338004 0.394506991
vt 0.346376002 0.394535989
vt 0.342606992 0.390060991
vt 0.342664987 0.390109003
vt 0.342662007 0.390044004
vt 0.346367002 0.394221008
vt 0.346329004 0.394172013
vt 0.346329004 0.394342005
vt 0.366151989 0.905605972
vt 0.366154999 0.905700982
vt 0.366194993 0.905673981
vt 0.341843992 0.391371995
vt 0.341886014 0.391436994
vt 0.34196499 0.391382992
vt 0.34196499 0.391382992
vt 0.341973007 0.391324997
vt 0.349159002 0.391856015
vt 0.349079996 0.391840011
vt 0.349099994 0.391900003
vt 0.342494994 0.390085995
vt 0.342498004 0.390186012
vt 0.342539996 0.390078008
vt 0.346163005 0.394490987
vt 0.346109003 0.394363999
vt 0.346105009 0.394365013
vt 0.36252299 0.903425992
vt 0.362504005 0.903504014
vt 0.362511009 0.903500974
vt 0.349260986 0.391386986
vt 0.34918201 0.391386986
vt 0.349227011 0.391424
vt 0.363696992 0.903517008
vt 0.363676995 0.90348798
vt 0.363656998 0.903521001
vt 0.308793992 0.388664991
vt 0.308809996 0.388621986
vt 0.308804989 0.388588011
vt 0.34166199 0.390296012
vt 0.341726005 0.390303999
vt 0.341670007 0.390287012
vt 0.308389992 0.388711005
vt 0.30844301 0.388686001
vt 0.308402002 0.388687998
vt 0.342110008 0.390740991
vt 0.342061013 0.390614986
vt 0.342029005 0.390760005
vt 0.346275002 0.394302011
vt 0.346303999 0.394313991
vt 0.346305013 0.39419499
vt 0.344235003 0.395864993
vt 0.34413901 0.395972997
vt 0.344226003 0.396010011
vt 0.343181998 0.39399001
vt 0.343172997 0.39407599
vt 0.343226999 0.394066006
vt 0.309982985 0.389279991
vt 0.31003499 0.389266998
vt 0.310023993 0.389259994
vt 0.30982399 0.389575005
vt 0.309740007 0.389622003
vt 0.30974701 0.38962701
vt 0.364899009 0.906750977
vt 0.36491701 0.906732976
vt 0.364879996 0.906741023
vt 0.344292015 0.395594001
vt 0.344226986 0.395603001
vt 0.344305992 0.395657986
vt 0.344107985 0.395754009
vt 0.344107002 0.395828992
vt 0.344110996 0.395828009
vt 0.344074994 0.395972013
vt 0.344121009 0.396088004
vt 0.344121993 0.395969987
vt 0.367035002 0.902993023
vt 0.367045999 0.902993023
vt 0.367022008 0.902962029
vt 0.308786005 0.388581008
vt 0.308773994 0.388684988
vt 0.308793992 0.388664991
vt 0.346390992 0.393164992
vt 0.346349001 0.393110991
vt 0.346345991 0.393200994
vt 0.343207002 0.393474013
vt 0.343261987 0.393454999
vt 0.343214005 0.393431991
vt 0.308155 0.389043987
vt 0.308214009 0.388864011
vt 0.308169007 0.388907999
vt 0.346374989 0.394699991
vt 0.346377999 0.394612014
vt 0.346293986 0.394612998
vt 0.363445014 0.903423011
vt 0.363411009 0.903442025
vt 0.363447011 0.903478026
vt 0.308214009 0.388864011
vt 0.308221996 0.389070004
vt 0.308281988 0.388886988
vt 0.34208101 0.391214013
vt 0.342175007 0.391216993
vt 0.342166007 0.39120701
vt 0.363357991 0.903114974
vt 0.363404989 0.903127015
vt 0.363373995 0.90299499
vt 0.308221996 0.389070004
vt 0.308214009 0.388864011
vt 0.308155 0.389043987
vt 0.366687 0.906077027
vt 0.366687 0.905987024
vt 0.366665006 0.906011999
vt 0.345418006 0.392342001
vt 0.345400989 0.392428011
vt 0.345490992 0.392430991
vt 0.348715007 0.390515
vt 0.348675996 0.390504003
vt 0.348690003 0.390567005
vt 0.309949994 0.389688998
vt 0.309882998 0.389737993
vt 0.309953004 0.389741004
vt 0.342207015 0.390789002
vt 0.342224002 0.390827
vt 0.342175007 0.390599012
vt 0.342215002 0.391068995
vt 0.342247993 0.391068012
vt 0.342224002 0.390827
vt 0.342848003 0.393837988
vt 0.342920989 0.393985003
vt 0.342925012 0.39370501
vt 0.346215993 0.393249989
vt 0.346242011 0.393308014
vt 0.346239001 0.393238991
vt 0.342902005 0.394086003
vt 0.342215002 0.391068995
vt 0.342191011 0.391189009
vt 0.344238013 0.398961991
vt 0.344132006 0.398983002
vt 0.344240993 0.399064988
vt 0.363927007 0.905187011
vt 0.363981992 0.905367017
vt 0.363995999 0.905094981
vt 0.307985008 0.389275014
vt 0.307951003 0.389376014
vt 0.30805099 0.389411986
vt 0.341693997 0.398523003
vt 0.341677994 0.398607999
vt 0.341693997 0.39862299
vt 0.362524003 0.903079987
vt 0.362535 0.902987003
vt 0.362489015 0.903088987
vt 0.343026012 0.393684
vt 0.343033999 0.393851012
vt 0.343093991 0.393774986
vt 0.343062997 0.394138008
vt 0.343066007 0.394097
vt 0.343021989 0.394093007
vt 0.343098998 0.393575013
vt 0.343111008 0.393471003
vt 0.343095988 0.393465012
vt 0.365155011 0.903240979
vt 0.365153998 0.903513014
vt 0.365171999 0.903292
vt 0.343109995 0.394059002
vt 0.343116999 0.393972993
vt 0.343071014 0.393992007
vt 0.343071014 0.393992007
vt 0.343093991 0.393774986
vt 0.343033999 0.393851012
vt 0.36410901 0.905121982
vt 0.364068002 0.905043006
vt 0.364066988 0.905209005
vt 0.343228996 0.39449501
vt 0.343259007 0.394510001
vt 0.343259007 0.394365013
vt 0.346933991 0.395235986
vt 0.346989989 0.395278007
vt 0.346976012 0.395231009
vt 0.346386999 0.393240988
vt 0.346343994 0.393202007
vt 0.34633401 0.393245995
vt 0.365372002 0.90693599
vt 0.365339011 0.906911016
vt 0.365337998 0.907034993
vt 0.345030993 0.396142006
vt 0.344978988 0.396113992
vt 0.344981015 0.396241993
vt 0.347472996 0.391449004
vt 0.347514004 0.391467005
vt 0.347476006 0.391404986
vt 0.344101012 0.395846009
vt 0.344071001 0.395850003
vt 0.344083011 0.395861
vt 0.314258009 0.397379994
vt 0.309222013 0.393243998
vt 0.309181005 0.393258989
vt 0.310297996 0.394405007
vt 0.31001699 0.397659987
vt 0.310029 0.397697002
vt 0.363009989 0.903203011
vt 0.362982005 0.903379977
vt 0.363032013 0.903230011
vt 0.342608988 0.39023599
vt 0.342557997 0.39022401
vt 0.34256199 0.390278995
vt 0.308293998 0.389238
vt 0.308178008 0.389539003
vt 0.308293998 0.389481992
vt 0.367828995 0.907326996
vt 0.367825001 0.907319009
vt 0.367807001 0.90732199
vt 0.346451014 0.393164992
vt 0.346442997 0.393153012
vt 0.346410006 0.393189013
vt 0.368214995 0.906472027
vt 0.368216008 0.906485975
vt 0.368223995 0.906479001
vt 0.346944004 0.390931994
vt 0.34693101 0.390938014
vt 0.346924007 0.390953004
vt 0.341904014 0.390807986
vt 0.342011988 0.390830994
vt 0.342002988 0.390787989
vt 0.342494011 0.390439987
vt 0.342433989 0.390228003
vt 0.342474014 0.390464991
vt 0.347003996 0.39093101
vt 0.34701699 0.390917987
vt 0.346978992 0.390900999
vt 0.368135989 0.906484008
vt 0.368158996 0.906480014
vt 0.368124008 0.906470001
vt 0.343109995 0.393445998
vt 0.343131989 0.393427014
vt 0.343111992 0.393426001
vt 0.342016011 0.391131997
vt 0.342004001 0.390949011
vt 0.341964006 0.391050994
vt 0.348585993 0.395996988
vt 0.34860599 0.39596501
vt 0.34858501 0.395951986
vt 0.342837989 0.393480986
vt 0.342902005 0.393436998
vt 0.34286201 0.39339
vt 0.364823997 0.906650007
vt 0.364872009 0.906615973
vt 0.364827991 0.906598985
vt 0.345569998 0.392132998
vt 0.345562011 0.392132998
vt 0.345463991 0.392230004
vt 0.348583013 0.396120012
vt 0.348572999 0.39616999
vt 0.348621011 0.396127999
vt 0.309754014 0.389676988
vt 0.309742987 0.389649987
vt 0.309724987 0.389696002
vt 0.308734 0.388812006
vt 0.308773994 0.388684988
vt 0.308741987 0.38864699
vt 0.309974015 0.389297009
vt 0.309971988 0.389299005
vt 0.309971988 0.389578015
vt 0.347003013 0.397738993
vt 0.347030997 0.397783995
vt 0.347041994 0.397742003
vt 0.344296008 0.395902991
vt 0.344305009 0.395815015
vt 0.344235003 0.395864993
vt 0.308474988 0.388583988
vt 0.308521003 0.388619006
vt 0.308519006 0.388604999
vt 0.342667997 0.390201002
vt 0.342716992 0.390152991
vt 0.342664987 0.390109003
vt 0.36491701 0.906732976
vt 0.364890993 0.906709015
vt 0.364881009 0.90674001
vt 0.347389996 0.391617
vt 0.347434014 0.391591996
vt 0.347391009 0.391591996
vt 0.366097003 0.905870974
vt 0.366097987 0.905878007
vt 0.366136998 0.905875027
vt 0.366694003 0.903219998
vt 0.366679996 0.903235018
vt 0.366694987 0.903228998
vt 0.309861004 0.389777005
vt 0.309763014 0.389748991
vt 0.309763014 0.389775008
vt 0.308699012 0.388460994
vt 0.308613986 0.388426006
vt 0.308578014 0.388449013
vt 0.314339012 0.397374004
vt 0.314332008 0.397498995
vt 0.314383 0.39745301
vt 0.365462989 0.90821898
vt 0.365480989 0.908195019
vt 0.365471005 0.908172011
vt 0.341304004 0.390866995
vt 0.341443002 0.390877992
vt 0.341311991 0.390857995
vt 0.309632987 0.38972199
vt 0.309614986 0.389687002
vt 0.309608996 0.389728993
vt 0.363534003 0.903409004
vt 0.363508999 0.903414011
vt 0.363555014 0.903463006
vt 0.343066007 0.394097
vt 0.343062997 0.394138008
vt 0.343106002 0.394107014
vt 0.343066007 0.394097
vt 0.343109995 0.394059002
vt 0.366237998 0.905694008
vt 0.366268009 0.905705988
vt 0.366266012 0.905681014
vt 0.344226986 0.395603001
vt 0.344170988 0.395671993
vt 0.344173014 0.395763993
vt 0.34544 0.392253011
vt 0.345418006 0.392342001
vt 0.345463991 0.392230004
vt 0.309713989 0.38962701
vt 0.309688002 0.389670998
vt 0.309700996 0.389687985
vt 0.366351992 0.904839993
vt 0.366337001 0.904878974
vt 0.366342992 0.90487802
vt 0.308447003 0.389362007
vt 0.308349997 0.389256001
vt 0.308297008 0.389483988
vt 0.363866001 0.905385971
vt 0.363862991 0.905398011
vt 0.363885999 0.905435979
vt 0.30854401 0.388601989
vt 0.308584005 0.388559014
vt 0.308557987 0.388527006
vt 0.308600992 0.388494998
vt 0.308559 0.388525993
vt 0.308584005 0.388559014
vt 0.315649003 0.398167014
vt 0.315649003 0.398158014
vt 0.315636009 0.398425996
vt 0.365610003 0.904241025
vt 0.365628988 0.904278994
vt 0.365640014 0.904219985
vt 0.347452015 0.391725987
vt 0.347492009 0.391676009
vt 0.347416997 0.391680002
vt 0.364057988 0.904992998
vt 0.364115 0.905000985
vt 0.364080012 0.904973984
vt 0.30992499 0.389631987
vt 0.309974998 0.389642
vt 0.309971988 0.389600009
vt 0.310027003 0.389611989
vt 0.310030013 0.389591008
vt 0.308766007 0.38944301
vt 0.308706999 0.389744997
vt 0.308816999 0.389618993
vt 0.364057988 0.904992998
vt 0.364050001 0.904999018
vt 0.364068002 0.905043006
vt 0.345082015 0.396304011
vt 0.345081002 0.396281987
vt 0.345037013 0.396436006
vt 0.342433989 0.390228003
vt 0.342514992 0.390302986
vt 0.342557997 0.39022401
vt 0.346138 0.394740999
vt 0.346195012 0.394726008
vt 0.346183002 0.394627005
vt 0.342664987 0.390109003
vt 0.342711985 0.390056998
vt 0.342662007 0.390044004
vt 0.344480008 0.395936996
vt 0.344487995 0.395929992
vt 0.344435006 0.395842999
vt 0.341919005 0.390424997
vt 0.341971993 0.390390992
vt 0.341975987 0.390374005
vt 0.34869501 0.392239988
vt 0.348684996 0.392185003
vt 0.348672986 0.392226994
vt 0.343171 0.394187987
vt 0.343118012 0.394116014
vt 0.343111008 0.394199014
vt 0.368283987 0.903280973
vt 0.368236989 0.903280973
vt 0.368270993 0.903304994
vt 0.341744989 0.391157001
vt 0.341697007 0.391265005
vt 0.341767997 0.391283989
vt 0.341711015 0.390884012
vt 0.341650009 0.390805006
vt 0.341637999 0.39090699
vt 0.349350989 0.391030014
vt 0.349355012 0.391003996
vt 0.349328995 0.39100799
vt 0.366584986 0.903168976
vt 0.366663992 0.903183997
vt 0.366596997 0.903153002
vt 0.343133003 0.398609012
vt 0.343149006 0.398544997
vt 0.343133003 0.39853701
vt 0.347027004 0.390960008
vt 0.347032011 0.390933007
vt 0.34701699 0.390917987
vt 0.343221009 0.39418599
vt 0.343176991 0.394095004
vt 0.343171 0.394187987
vt 0.34701699 0.397904009
vt 0.347054005 0.397895992
vt 0.347036004 0.397846013
vt 0.341363996 0.391005009
vt 0.34148401 0.391059995
vt 0.341479003 0.390924007
vt 0.342514992 0.390302986
vt 0.342561007 0.390278012
vt 0.342557997 0.39022401
vt 0.346958011 0.395132005
vt 0.346987009 0.395164013
vt 0.346998006 0.395134985
vt 0.364872992 0.906508029
vt 0.364827991 0.906598985
vt 0.364872009 0.906615973
vt 0.364872009 0.906615973
vt 0.364930004 0.906517029
vt 0.34740299 0.395105004
vt 0.347452998 0.395163
vt 0.347440004 0.395114005
vt 0.348616004 0.396008998
vt 0.348585993 0.395996988
vt 0.348598987 0.396050006
vt 0.345562011 0.392132998
vt 0.345506996 0.392140001
vt 0.345463991 0.392230004
vt 0.344377995 0.396066993
vt 0.344419003 0.396037996
vt 0.344428003 0.396019995
vt 0.342667013 0.390569001
vt 0.342642993 0.390760988
vt 0.342684001 0.39072001
vt 0.34691599 0.390776008
vt 0.346841991 0.390751004
vt 0.346832007 0.390772998
vt 0.309971988 0.389600009
vt 0.309971988 0.389578015
vt 0.309920013 0.389562011
vt 0.34621799 0.394490987
vt 0.34622401 0.394495994
vt 0.346235991 0.394504994
vt 0.34633401 0.393245995
vt 0.346239001 0.393238991
vt 0.346242011 0.393308014
vt 0.346240997 0.394538999
vt 0.346278995 0.394513994
vt 0.346237987 0.394506007
vt 0.363725007 0.903128982
vt 0.363682002 0.902971029
vt 0.363674998 0.90318501
vt 0.34621799 0.394546986
vt 0.34621501 0.394515008
vt 0.346188992 0.394542009
vt 0.366652012 0.903288007
vt 0.366629004 0.903313994
vt 0.366712987 0.903279006
vt 0.308322012 0.389014006
vt 0.308205009 0.389340997
vt 0.308293998 0.389238
vt 0.341843992 0.391371995
vt 0.341749996 0.391409993
vt 0.341886014 0.391436994
vt 0.363067001 0.903528988
vt 0.363121986 0.903490007
vt 0.363072991 0.903476
vt 0.340703994 0.391157001
vt 0.340768993 0.39102301
vt 0.340692997 0.391050994
vt 0.344226003 0.396010011
vt 0.344121009 0.396088004
vt 0.344247013 0.396147013
vt 0.309771001 0.389681995
vt 0.309855998 0.38974601
vt 0.309852988 0.389676005
vt 0.346379012 0.394434988
vt 0.346331 0.394342005
vt 0.34632501 0.394459993
vt 0.308623999 0.389804006
vt 0.308456987 0.389526993
vt 0.308349013 0.389800996
vt 0.363581002 0.902761996
vt 0.363536 0.902733028
vt 0.363537997 0.902778029
vt 0.308165014 0.389656007
vt 0.308153987 0.389649987
vt 0.308142006 0.389658988
vt 0.366176993 0.905865014
vt 0.366205007 0.905793011
vt 0.366167992 0.905795991
vt 0.341699004 0.390433997
vt 0.341708988 0.390441
vt 0.341733009 0.390424013
vt 0.364039004 0.904944003
vt 0.364050001 0.904968023
vt 0.364064008 0.904932976
vt 0.348735005 0.392259002
vt 0.348717988 0.392298013
vt 0.348735988 0.392297
vt 0.347081006 0.394694
vt 0.347072989 0.39478901
vt 0.347099006 0.39478299
vt 0.347449988 0.394892007
vt 0.34740299 0.394834012
vt 0.347413987 0.394899994
vt 0.346101999 0.394342005
vt 0.346044004 0.394136995
vt 0.346056014 0.394356012
vt 0.308804989 0.388588011
vt 0.308813006 0.388527989
vt 0.308788002 0.388541996
vt 0.308706999 0.389744997
vt 0.308766007 0.38944301
vt 0.308732003 0.389438003
vt 0.344305009 0.395815015
vt 0.344357014 0.395875007
vt 0.344366997 0.39586699
vt 0.342319995 0.391339004
vt 0.342330009 0.391290009
vt 0.342262 0.391283005
vt 0.314148992 0.397347987
vt 0.314099014 0.397386014
vt 0.314144999 0.397408992
vt 0.346884012 0.390991986
vt 0.346973002 0.390978992
vt 0.346924007 0.390953004
vt 0.341812015 0.390695989
vt 0.341731995 0.390626013
vt 0.341814011 0.390816987
vt 0.346432 0.393043995
vt 0.346390009 0.393038005
vt 0.346442997 0.393153012
vt 0.366595 0.903218985
vt 0.366661996 0.903248012
vt 0.366663009 0.903226018
vt 0.342029005 0.390760005
vt 0.342025012 0.390556991
vt 0.342014015 0.390772998
vt 0.308156997 0.389519989
vt 0.308205009 0.389340997
vt 0.308162987 0.389385015
vt 0.367588013 0.904987991
vt 0.367583007 0.905009985
vt 0.367592007 0.905023992
vt 0.346231014 0.394558012
vt 0.346235991 0.394621998
vt 0.346284986 0.394537002
vt 0.342633009 0.394178003
vt 0.341865987 0.390177011
vt 0.341753006 0.390222996
vt 0.308741987 0.38864699
vt 0.308786005 0.388581008
vt 0.308744013 0.388577014
vt 0.341964006 0.391050994
vt 0.341899008 0.391057998
vt 0.341919988 0.391119003
vt 0.343024999 0.393996
vt 0.343021989 0.394093007
vt 0.343066007 0.394097
vt 0.308577001 0.388859004
vt 0.308670014 0.388696998
vt 0.308582991 0.388700008
vt 0.346345991 0.393087
vt 0.346390009 0.393038005
vt 0.346372008 0.393027008
vt 0.3662 0.904793024
vt 0.366228998 0.904751003
vt 0.366210997 0.904744029
vt 0.347000986 0.390947014
vt 0.347027004 0.390960008
vt 0.34701699 0.390917987
vt 0.347337991 0.390733004
vt 0.347416013 0.390625
vt 0.347335011 0.390698999
vt 0.308699012 0.388460994
vt 0.308766991 0.388451993
vt 0.308710992 0.388424993
vt 0.362935007 0.903236985
vt 0.362926006 0.903334975
vt 0.362948 0.903339028
vt 0.342137992 0.391314
vt 0.34208101 0.391214013
vt 0.342070997 0.391303003
vt 0.366071999 0.905798972
vt 0.366117001 0.905798972
vt 0.366079986 0.905754983
vt 0.347413987 0.391779989
vt 0.34739399 0.391743004
vt 0.347404003 0.391777992
vt 0.363821 0.90357101
vt 0.363770992 0.903595984
vt 0.363808006 0.903598011
vt 0.346834004 0.391027987
vt 0.346771002 0.390965015
vt 0.346747011 0.39102301
vt 0.308600992 0.388494998
vt 0.308699012 0.388460994
vt 0.308578014 0.388449013
vt 0.343223989 0.394618005
vt 0.343252987 0.394607008
vt 0.343259007 0.394510001
vt 0.346397996 0.393162012
vt 0.346390009 0.393038005
vt 0.346349001 0.393110991
vt 0.314042002 0.397356004
vt 0.314018995 0.397390008
vt 0.314072013 0.397383004
vt 0.347449988 0.391777992
vt 0.347438008 0.391746014
vt 0.347413987 0.391779989
vt 0.367038012 0.903572023
vt 0.367026001 0.903577983
vt 0.367015004 0.903598011
vt 0.340701014 0.391241014
vt 0.340779006 0.391173989
vt 0.340727001 0.391146988
vt 0.346973985 0.395226985
vt 0.34692499 0.39517501
vt 0.346919 0.395231009
vt 0.346967012 0.390890986
vt 0.347043991 0.390891999
vt 0.347021997 0.390866011
vt 0.346947014 0.394822001
vt 0.346935004 0.394903988
vt 0.346989006 0.394906014
vt 0.309632987 0.38972199
vt 0.309675992 0.389719009
vt 0.309653997 0.389681995
vt 0.344370008 0.395985007
vt 0.344370008 0.395895988
vt 0.344366014 0.395897001
vt 0.365462989 0.90821898
vt 0.365442991 0.908249974
vt 0.365465999 0.90823102
vt 0.349076986 0.397621989
vt 0.349058986 0.397653997
vt 0.349108011 0.397673994
vt 0.346215993 0.394493997
vt 0.346273988 0.394508004
vt 0.346282989 0.394481987
vt 0.346150994 0.394125015
vt 0.346210003 0.394163013
vt 0.346201986 0.394147009
vt 0.308162987 0.38953799
vt 0.308153987 0.389649987
vt 0.308176994 0.389539003
vt 0.363637 0.902813017
vt 0.363622993 0.902907014
vt 0.363651007 0.902903974
vt 0.341179997 0.390103996
vt 0.341167003 0.390062004
vt 0.341150999 0.390100002
vt 0.347490013 0.391541004
vt 0.347505987 0.391557008
vt 0.347516 0.391548991
vt 0.346937001 0.395144999
vt 0.34692499 0.39517501
vt 0.346971989 0.395164013
vt 0.308156013 0.389293998
vt 0.308221996 0.389070004
vt 0.308153003 0.389066994
vt 0.343028009 0.393608004
vt 0.343024999 0.393590987
vt 0.342922002 0.393514007
vt 0.347427994 0.395004988
vt 0.347440004 0.395045012
vt 0.347467989 0.395033002
vt 0.367071003 0.903743982
vt 0.367031008 0.903702021
vt 0.367020011 0.903746009
vt 0.346906006 0.397908002
vt 0.34701699 0.397904009
vt 0.346998006 0.397848994
vt 0.347523004 0.391775012
vt 0.347514987 0.391737998
vt 0.347472012 0.391768008
vt 0.366676003 0.907992005
vt 0.366667002 0.908001006
vt 0.366659999 0.90802598
vt 0.346980006 0.39083299
vt 0.346917003 0.390776992
vt 0.34690401 0.390843004
vt 0.342711985 0.390056998
vt 0.342664987 0.390109003
vt 0.342716008 0.390139997
vt 0.349368989 0.400709987
vt 0.349438995 0.400857002
vt 0.348628998 0.396827012
vt 0.316540986 0.395330995
vt 0.316549987 0.395350993
vt 0.314063996 0.396239012
vt 0.363507986 0.903182983
vt 0.363561004 0.903119981
vt 0.363505989 0.903173983
vt 0.309967995 0.389672995
vt 0.310027987 0.389654994
vt 0.309974998 0.389642
vt 0.348591 0.39605701
vt 0.348574996 0.396037012
vt 0.348580003 0.396070987
vt 0.363507986 0.903182983
vt 0.363501996 0.90318799
vt 0.363550991 0.903271019
vt 0.347416013 0.390625
vt 0.347337991 0.390733004
vt 0.347429991 0.390639991
vt 0.348735988 0.390399009
vt 0.348715007 0.39041701
vt 0.348675996 0.390504003
vt 0.343843997 0.391227007
vt 0.343816012 0.391045004
vt 0.343816996 0.391247004
vt 0.343138993 0.393536001
vt 0.343104005 0.393548995
vt 0.343113989 0.393554002
vt 0.348598987 0.396050006
vt 0.348585993 0.395996988
vt 0.348574996 0.396032989
vt 0.342269003 0.390834004
vt 0.342292994 0.390971005
vt 0.342314988 0.390846014
vt 0.30824101 0.389703989
vt 0.308290005 0.389510989
vt 0.308201998 0.389553994
vt 0.342168987 0.391135007
vt 0.342101991 0.391153008
vt 0.342112988 0.391198009
vt 0.347081006 0.394694
vt 0.347099006 0.39478299
vt 0.347099006 0.394636989
vt 0.342429012 0.390112013
vt 0.342498004 0.390186012
vt 0.342494994 0.390085995
vt 0.366275012 0.905713022
vt 0.366259009 0.905710995
vt 0.366237998 0.905734003
vt 0.366275012 0.905713022
vt 0.366301 0.905734003
vt 0.366584986 0.903406978
vt 0.366548002 0.903400004
vt 0.366544008 0.903434992
vt 0.366315991 0.905700028
vt 0.366324991 0.905727983
vt 0.366358012 0.905713022
vt 0.341897011 0.39082101
vt 0.341856986 0.390953988
vt 0.341901004 0.390958995
vt 0.343252987 0.393613994
vt 0.343207002 0.393474013
vt 0.343138993 0.393536001
vt 0.346235991 0.394621998
vt 0.346293986 0.394612998
vt 0.346284986 0.394537002
vt 0.308798999 0.388496995
vt 0.308697999 0.388529986
vt 0.308788002 0.388541996
vt 0.34415701 0.395601988
vt 0.344105005 0.395668
vt 0.344170988 0.395671993
vt 0.34176001 0.390159994
vt 0.341735989 0.390222996
vt 0.341753006 0.390222996
vt 0.342539996 0.390078008
vt 0.342606008 0.390143007
vt 0.342599005 0.390067011
vt 0.341814011 0.390816987
vt 0.341856986 0.390953988
vt 0.341897011 0.39082101
vt 0.341901004 0.390958995
vt 0.342004001 0.390949011
vt 0.346222997 0.394340008
vt 0.346282989 0.394477993
vt 0.346260011 0.394322008
vt 0.34633401 0.393245995
vt 0.346338987 0.393303007
vt 0.346390009 0.393249005
vt 0.342177987 0.390758008
vt 0.342110008 0.390740991
vt 0.342106998 0.390924007
vt 0.346156001 0.394329011
vt 0.346100003 0.394131988
vt 0.346101999 0.394342005
vt 0.341311991 0.390857995
vt 0.341443002 0.390877992
vt 0.341311008 0.390751988
vt 0.30963099 0.389622003
vt 0.309614986 0.389687002
vt 0.309653997 0.389681995
vt 0.344240993 0.399064988
vt 0.343098998 0.393575013
vt 0.343021989 0.39349401
vt 0.347030997 0.397783995
vt 0.347003013 0.397738993
vt 0.346996993 0.397798002
vt 0.309771001 0.389681995
vt 0.309763014 0.389748991
vt 0.309855998 0.38974601
vt 0.309763014 0.389748991
vt 0.309861004 0.389777005
vt 0.364863008 0.906682014
vt 0.364843994 0.906737983
vt 0.364881009 0.90674001
vt 0.309812009 0.389609993
vt 0.309825003 0.389634997
vt 0.309825987 0.389600992
vt 0.347456008 0.391469002
vt 0.347402006 0.391463995
vt 0.347398013 0.391514987
vt 0.349101007 0.395624012
vt 0.34909001 0.395646989
vt 0.349151999 0.395628989
vt 0.365269989 0.908572018
vt 0.365235001 0.908553004
vt 0.365235001 0.908595026
vt 0.366315991 0.905700028
vt 0.366358012 0.905713022
vt 0.366351992 0.905673981
vt 0.363743991 0.903486013
vt 0.363772988 0.903514028
vt 0.363781005 0.903492987
vt 0.308407009 0.388862014
vt 0.308506012 0.388761014
vt 0.308382988 0.388794988
vt 0.347409993 0.391440988
vt 0.347427011 0.39141199
vt 0.34740299 0.391409993
vt 0.341859013 0.390300989
vt 0.341753006 0.390222996
vt 0.341726005 0.390303999
vt 0.343093991 0.393774986
vt 0.343071014 0.393992007
vt 0.343116999 0.393972993
vt 0.341223001 0.390058994
vt 0.341203988 0.390098006
vt 0.341232002 0.390094012
vt 0.344446987 0.395669013
vt 0.344388008 0.395671993
vt 0.344491005 0.395754993
vt 0.308382988 0.388794988
vt 0.308389992 0.388711005
vt 0.308355004 0.388743013
vt 0.344067991 0.395749986
vt 0.344031006 0.395747989
vt 0.344036013 0.395848006
vt 0.308432996 0.389827013
vt 0.308532 0.38984099
vt 0.308584005 0.38982901
vt 0.349249989 0.390143007
vt 0.349258006 0.390172988
vt 0.349254996 0.390138
vt 0.346920013 0.395254999
vt 0.346926987 0.395303011
vt 0.346996009 0.395280987
vt 0.341470003 0.390919
vt 0.341473997 0.390900999
vt 0.341455996 0.390890986
vt 0.366171002 0.90575099
vt 0.366201013 0.905749023
vt 0.366192997 0.905740976
vt 0.344343007 0.396010011
vt 0.344377011 0.396066993
vt 0.344370008 0.395985007
vt 0.344083011 0.395861
vt 0.344107985 0.395931005
vt 0.344101012 0.395846009
vt 0.346291989 0.393117011
vt 0.346255988 0.393173009
vt 0.34632501 0.393173993
vt 0.368173987 0.906499982
vt 0.368158996 0.906480014
vt 0.368158996 0.906489015
vt 0.309974998 0.389642
vt 0.310027987 0.389654994
vt 0.310027003 0.389611989
vt 0.314181 0.397278994
vt 0.314114988 0.397294998
vt 0.314188004 0.397325009
vt 0.31418401 0.397897005
vt 0.314381003 0.398045987
vt 0.314334005 0.397754014
vt 0.364050001 0.904968023
vt 0.364062995 0.904968023
vt 0.364071012 0.90496099
vt 0.309736997 0.38962099
vt 0.309742004 0.389521003
vt 0.309713989 0.38962701
vt 0.341753006 0.390222996
vt 0.341865987 0.390177011
vt 0.34176001 0.390159994
vt 0.341910988 0.390269995
vt 0.341910988 0.390170991
vt 0.341865987 0.390177011
vt 0.343133003 0.398609012
vt 0.343147993 0.398618996
vt 0.343149006 0.398544997
vt 0.308786005 0.388581008
vt 0.308793992 0.388664991
vt 0.308804989 0.388588011
vt 0.348592013 0.396091998
vt 0.348574013 0.396113992
vt 0.348583013 0.396120012
vt 0.308506012 0.388761014
vt 0.308564991 0.388859987
vt 0.308577001 0.388859004
vt 0.349079996 0.391840011
vt 0.349036008 0.391878992
vt 0.349099994 0.391900003
vt 0.348733008 0.390590996
vt 0.348690003 0.390567005
vt 0.348699003 0.390583009
vt 0.363355994 0.903240979
vt 0.363314003 0.903236985
vt 0.364538997 0.903468013
vt 0.30972001 0.389706999
vt 0.309736997 0.389730006
vt 0.30973801 0.389719993
vt 0.344235003 0.395864993
vt 0.344159007 0.395844996
vt 0.34413901 0.395972997
vt 0.308073997 0.389297992
vt 0.308111995 0.38943401
vt 0.308138996 0.389304996
vt 0.366156995 0.905744016
vt 0.366153985 0.905701995
vt 0.366117001 0.905713975
vt 0.344303995 0.396073014
vt 0.344227999 0.396012008
vt 0.344247013 0.396147013
vt 0.342570007 0.390841991
vt 0.342537999 0.390641987
vt 0.342525005 0.390897989
vt 0.342175007 0.391216993
vt 0.342148006 0.391310006
vt 0.342238992 0.391267002
vt 0.343214005 0.393431991
vt 0.343261987 0.393454999
vt 0.343263 0.39340201
vt 0.345194012 0.396288991
vt 0.345180005 0.396216989
vt 0.345140994 0.396200001
vt 0.308694005 0.388689995
vt 0.308696002 0.388929993
vt 0.308734 0.388812006
vt 0.342792988 0.393655002
vt 0.342837989 0.393480986
vt 0.342783004 0.393438011
vt 0.342518002 0.390578985
vt 0.342480004 0.390684992
vt 0.34247601 0.39071101
vt 0.343093991 0.393440008
vt 0.343080014 0.393399
vt 0.34306401 0.393397003
vt 0.308073997 0.389297992
vt 0.308153003 0.389066994
vt 0.308093995 0.389084011
vt 0.346747011 0.39102301
vt 0.346738011 0.391077012
vt 0.346785009 0.391084999
vt 0.308773011 0.389441013
vt 0.308816999 0.389618993
vt 0.308798999 0.389438003
vt 0.347416013 0.391656011
vt 0.347389996 0.391617
vt 0.347391993 0.391671985
vt 0.342106998 0.390924007
vt 0.342110008 0.390740991
vt 0.342038006 0.390904009
vt 0.363629013 0.903199971
vt 0.363561004 0.903119981
vt 0.36363101 0.903227985
vt 0.309615999 0.389519989
vt 0.309697002 0.389402986
vt 0.309626013 0.389344007
vt 0.347027004 0.390960008
vt 0.346973002 0.390978992
vt 0.34700501 0.390998989
vt 0.364138007 0.905263007
vt 0.364102006 0.905255973
vt 0.364134014 0.905339003
vt 0.364048004 0.905403972
vt 0.364091992 0.905416012
vt 0.364098012 0.90535599
vt 0.346208006 0.393305987
vt 0.346242011 0.393308014
vt 0.346215993 0.393249989
vt 0.346381009 0.394499004
vt 0.346376002 0.394535989
vt 0.346392989 0.394533992
vt 0.366742998 0.908056974
vt 0.366730988 0.908102989
vt 0.366760999 0.908092976
vt 0.345191002 0.396423995
vt 0.345144004 0.396279007
vt 0.345147997 0.39644599
vt 0.348379999 0.393978
vt 0.348374009 0.394066006
vt 0.348394006 0.393963009
vt 0.343172997 0.39407599
vt 0.343109995 0.394059002
vt 0.343106002 0.394107014
vt 0.308322012 0.389014006
vt 0.308281988 0.388886988
vt 0.308205009 0.389340997
vt 0.348673999 0.392298996
vt 0.348710001 0.392367989
vt 0.346215993 0.393249989
vt 0.34116599 0.390201986
vt 0.341141999 0.390136003
vt 0.341134995 0.390190005
vt 0.348242998 0.393402994
vt 0.348241001 0.393454999
vt 0.348271012 0.39340499
vt 0.344981015 0.396241993
vt 0.345028996 0.396279007
vt 0.345084012 0.396167994
vt 0.34217599 0.391112
vt 0.342180997 0.391110986
vt 0.342193007 0.390920997
vt 0.363142997 0.902644992
vt 0.363123 0.90269798
vt 0.363189995 0.902710021
vt 0.346383005 0.394154996
vt 0.34632799 0.394156009
vt 0.346329004 0.394172013
vt 0.363994986 0.905094981
vt 0.363990009 0.905144989
vt 0.364035994 0.905074
vt 0.344134986 0.399185985
vt 0.344132006 0.398983002
vt 0.344110996 0.398900986
vt 0.342215002 0.391068995
vt 0.342224002 0.390827
vt 0.342207015 0.390789002
vt 0.342848003 0.393837988
vt 0.342925012 0.39370501
vt 0.342840999 0.393673986
vt 0.343109995 0.393445998
vt 0.343111992 0.393426001
vt 0.343093991 0.393440008
vt 0.342837989 0.393480986
vt 0.342840999 0.393673986
vt 0.342925012 0.39370501
vt 0.366955012 0.908447981
vt 0.366959006 0.908472002
vt 0.366966993 0.908442974
vt 0.313935995 0.397843987
vt 0.313906997 0.398081988
vt 0.31398201 0.397908002
vt 0.343118012 0.394116014
vt 0.343171 0.394187987
vt 0.343176991 0.394095004
vt 0.363981992 0.905367017
vt 0.363927007 0.905187011
vt 0.363920003 0.905354023
vt 0.308162987 0.389385015
vt 0.308156013 0.389293998
vt 0.30813399 0.389425009
vt 0.34324199 0.393629014
vt 0.343138993 0.393536001
vt 0.343198001 0.393649995
vt 0.343113989 0.393554002
vt 0.343138009 0.393776
vt 0.343138993 0.393536001
vt 0.364818007 0.906470001
vt 0.364782989 0.906463981
vt 0.364775002 0.906471014
vt 0.308169007 0.389694989
vt 0.308183014 0.389721006
vt 0.308216989 0.389705986
vt 0.314224988 0.398218989
vt 0.314233989 0.398205996
vt 0.314175993 0.398061991
vt 0.34741199 0.395209998
vt 0.347467989 0.395215988
vt 0.347452998 0.395163
vt 0.363323003 0.903028011
vt 0.363263011 0.902873993
vt 0.363225996 0.902897
vt 0.364048004 0.905403972
vt 0.364021003 0.905358016
vt 0.36401701 0.905430019
vt 0.364102006 0.905255973
vt 0.364053011 0.905345023
vt 0.364098012 0.90535599
vt 0.346213013 0.394378006
vt 0.346222013 0.394448012
vt 0.346257001 0.39447099
vt 0.343071014 0.393992007
vt 0.343033999 0.393851012
vt 0.343024999 0.393996
vt 0.364780009 0.906517029
vt 0.364733994 0.906513989
vt 0.364740014 0.906585991
vt 0.343198001 0.393649995
vt 0.343138009 0.393776
vt 0.343189001 0.393844008
vt 0.309675992 0.389719009
vt 0.309700996 0.38973999
vt 0.309706986 0.389712006
vt 0.36412999 0.905704975
vt 0.364151001 0.905614972
vt 0.36412701 0.905499995
vt 0.346754014 0.390760005
vt 0.346745014 0.390769005
vt 0.346767008 0.390789986
vt 0.309969008 0.389688998
vt 0.309953004 0.389741004
vt 0.309964001 0.389752001
vt 0.345028996 0.396279007
vt 0.345037013 0.396436006
vt 0.345081002 0.396281987
vt 0.345084012 0.396167994
vt 0.345028996 0.396279007
vt 0.345082015 0.396304011
vt 0.345088005 0.396454006
vt 0.345122993 0.396414995
vt 0.346109986 0.394555986
vt 0.346109003 0.394630998
vt 0.346179008 0.394564003
vt 0.363536 0.902733028
vt 0.363581002 0.902761996
vt 0.363626003 0.902732015
vt 0.366966993 0.908442974
vt 0.366957992 0.908401012
vt 0.366953999 0.908434987
vt 0.341767997 0.391283989
vt 0.341686994 0.391341001
vt 0.341749996 0.391409993
vt 0.348632008 0.396073997
vt 0.348616004 0.396008998
vt 0.348605007 0.39605099
vt 0.363700002 0.902701974
vt 0.363655001 0.902657986
vt 0.363626003 0.902732015
vt 0.344428003 0.396019995
vt 0.344480008 0.395936996
vt 0.344370008 0.395895988
vt 0.366079986 0.905754983
vt 0.366117001 0.905798972
vt 0.366118014 0.905746996
vt 0.363754004 0.903101027
vt 0.363781005 0.903033018
vt 0.363741994 0.902997017
vt 0.367060006 0.903616011
vt 0.367062002 0.903649986
vt 0.367083997 0.903618991
vt 0.347514987 0.391737998
vt 0.347460002 0.391734987
vt 0.347472012 0.391768008
vt 0.367060006 0.903572977
vt 0.367049992 0.903600991
vt 0.367060006 0.903616011
vt 0.345532 0.392278999
vt 0.345463991 0.392230004
vt 0.345418006 0.392342001
vt 0.364693999 0.906728029
vt 0.364701986 0.906672001
vt 0.364683002 0.906719983
vt 0.341975987 0.390374005
vt 0.341982007 0.390372008
vt 0.341975003 0.390255004
vt 0.343068004 0.394138008
vt 0.343093008 0.394165993
vt 0.343093991 0.394111991
vt 0.346273988 0.394302994
vt 0.346271008 0.394163996
vt 0.346226007 0.394154012
vt 0.314108998 0.397240996
vt 0.31416899 0.397219002
vt 0.314108014 0.397204012
vt 0.314148992 0.397347987
vt 0.314083993 0.397307009
vt 0.31408599 0.397363007
vt 0.365377992 0.907043993
vt 0.365341008 0.907126009
vt 0.365388006 0.907139003
vt 0.343026012 0.393684
vt 0.343093991 0.393774986
vt 0.343098998 0.393575013
vt 0.341798007 0.390060008
vt 0.341720015 0.390044004
vt 0.341758013 0.390136003
vt 0.342922002 0.393514007
vt 0.342997015 0.393449992
vt 0.342902005 0.393436998
vt 0.341612011 0.391083986
vt 0.341663003 0.391124994
vt 0.341708988 0.390924007
vt 0.348583013 0.396120012
vt 0.348574013 0.396113992
vt 0.348567009 0.396142006
vt 0.342029005 0.390760005
vt 0.343091011 0.393236995
vt 0.343059987 0.393177986
vt 0.346379012 0.394434988
vt 0.346374989 0.394358009
vt 0.346331 0.394342989
vt 0.315748006 0.398104012
vt 0.315658003 0.397965014
vt 0.315688998 0.398120999
vt 0.344493002 0.395608991
vt 0.344489008 0.395597994
vt 0.34445399 0.395592988
vt 0.366084009 0.905722976
vt 0.366118014 0.905746996
vt 0.366117001 0.905713975
vt 0.343172997 0.39407599
vt 0.343232989 0.394089997
vt 0.343226999 0.394066006
vt 0.364818007 0.906750977
vt 0.364863008 0.906682014
vt 0.364823997 0.906650007
vt 0.343203992 0.393436998
vt 0.34315601 0.393435001
vt 0.343207002 0.393474013
vt 0.347460002 0.391734987
vt 0.347514987 0.391737998
vt 0.347492009 0.391676009
vt 0.309864014 0.389362991
vt 0.309920013 0.389562011
vt 0.309928 0.389304012
vt 0.344817013 0.398568004
vt 0.344844997 0.398575008
vt 0.34482801 0.398534
vt 0.363081008 0.903240979
vt 0.363049001 0.903379977
vt 0.363110006 0.903366983
vt 0.346947014 0.394822001
vt 0.346989006 0.394906014
vt 0.346998006 0.394793987
vt 0.346271008 0.394163996
vt 0.346275002 0.394302011
vt 0.346305013 0.39419499
vt 0.340682 0.391128004
vt 0.340703994 0.391157001
vt 0.340692997 0.391050994
vt 0.344370991 0.395599991
vt 0.344305009 0.395604998
vt 0.344305992 0.395657986
vt 0.345418006 0.392342001
vt 0.345490992 0.392430991
vt 0.34552601 0.392365992
vt 0.308153003 0.389293998
vt 0.308073997 0.389297992
vt 0.308138996 0.389304996
vt 0.343198001 0.393649995
vt 0.343239993 0.393853992
vt 0.343252003 0.393642008
vt 0.366237998 0.905694008
vt 0.366230994 0.905713975
vt 0.366268009 0.905705988
vt 0.364968985 0.906774998
vt 0.364971012 0.90683198
vt 0.36500299 0.906818986
vt 0.346343994 0.393202007
vt 0.346386999 0.393240988
vt 0.346386999 0.393177003
vt 0.34740299 0.394834012
vt 0.347449988 0.394892007
vt 0.347456008 0.394822001
vt 0.346794993 0.390749007
vt 0.34680599 0.390778005
vt 0.346819997 0.390745997
vt 0.367850006 0.90683198
vt 0.367841989 0.906790972
vt 0.367830008 0.906807005
vt 0.367830008 0.906807005
vt 0.367823988 0.906826019
vt 0.341919988 0.390094012
vt 0.341951013 0.390157014
vt 0.341951996 0.390098006
vt 0.308176994 0.389539003
vt 0.308205009 0.389340997
vt 0.308156997 0.389519989
vt 0.3662 0.904793024
vt 0.366210997 0.904744029
vt 0.366196007 0.904772997
vt 0.344370991 0.395599991
vt 0.344305992 0.395657986
vt 0.344388008 0.395671993
vt 0.342462003 0.390700996
vt 0.342370003 0.390538007
vt 0.342303008 0.390590996
vt 0.34692499 0.390915006
vt 0.346901 0.390902013
vt 0.346899003 0.39093399
vt 0.363729 0.903073013
vt 0.363709986 0.902967989
vt 0.363691002 0.902953982
vt 0.343093991 0.393440008
vt 0.343021989 0.39349401
vt 0.343095988 0.393465012
vt 0.348235995 0.393391013
vt 0.348271012 0.39340499
vt 0.348271012 0.393339992
vt 0.342837989 0.393480986
vt 0.34286201 0.39339
vt 0.342783004 0.393438011
vt 0.341876 0.391265005
vt 0.341744989 0.391157001
vt 0.341767997 0.391283989
vt 0.309928 0.389304012
vt 0.309902996 0.389099002
vt 0.309864014 0.389362991
vt 0.314002007 0.397637993
vt 0.313935995 0.397843987
vt 0.314025998 0.397682995
vt 0.308582991 0.388700008
vt 0.30844301 0.388686001
vt 0.308506012 0.388761014
vt 0.342667997 0.390201002
vt 0.342664987 0.390109003
vt 0.342606008 0.390143007
vt 0.342624992 0.39023
vt 0.342606008 0.390143007
vt 0.344392002 0.395597011
vt 0.344446987 0.395669013
vt 0.34445399 0.395592988
vt 0.363099009 0.902768016
vt 0.363099992 0.902758002
vt 0.363445014 0.903443992
vt 0.314114988 0.397294998
vt 0.314181 0.397278994
vt 0.314108998 0.397240996
vt 0.347443014 0.390601993
vt 0.347416013 0.390625
vt 0.347425997 0.39062801
vt 0.341966003 0.391236007
vt 0.341876 0.391265005
vt 0.341959 0.391249001
vt 0.342624992 0.39023
vt 0.342606008 0.390143007
vt 0.342557997 0.39022401
vt 0.366079986 0.905609012
vt 0.366117001 0.905713975
vt 0.366113991 0.905614972
vt 0.367049009 0.906032979
vt 0.367018998 0.906042993
vt 0.367026001 0.906046987
vt 0.341809988 0.390958011
vt 0.341830999 0.390960991
vt 0.341856986 0.390953988
vt 0.346442997 0.393153012
vt 0.346397996 0.393162012
vt 0.34640801 0.393171012
vt 0.34878099 0.398535997
vt 0.348847985 0.398604989
vt 0.348850995 0.398535013
vt 0.363445014 0.903443992
vt 0.363508999 0.903414011
vt 0.363469988 0.903406978
vt 0.314164996 0.397424012
vt 0.314213008 0.397509992
vt 0.314215004 0.397359997
vt 0.341928989 0.390601009
vt 0.341845006 0.390477985
vt 0.34494701 0.397284001
vt 0.365610003 0.904241025
vt 0.365640014 0.904219985
vt 0.365613014 0.904204011
vt 0.346828014 0.391057014
vt 0.346785009 0.391084999
vt 0.34680301 0.391092986
vt 0.343093991 0.393774986
vt 0.343138009 0.393776
vt 0.343113989 0.393554002
vt 0.309913009 0.389622986
vt 0.309971988 0.389600009
vt 0.309909999 0.389571011
vt 0.343228996 0.394172013
vt 0.343235999 0.394073993
vt 0.343176991 0.394095004
vt 0.345037013 0.396436006
vt 0.345028996 0.396279007
vt 0.344978988 0.396423012
vt 0.342433989 0.390228003
vt 0.342557997 0.39022401
vt 0.342498004 0.390186012
vt 0.364134014 0.905339003
vt 0.364102006 0.905255973
vt 0.364098012 0.90535599
vt 0.344132006 0.395929009
vt 0.344159007 0.395844996
vt 0.344123989 0.395841002
vt 0.342296988 0.391000986
vt 0.341699004 0.390433997
vt 0.342274994 0.391140997
vt 0.347000986 0.390947014
vt 0.346973002 0.390978992
vt 0.347027004 0.390960008
vt 0.346300989 0.394706994
vt 0.346314013 0.394717008
vt 0.346374989 0.394699991
vt 0.342923999 0.393985987
vt 0.343008995 0.394091994
vt 0.343014002 0.394006014
vt 0.34701699 0.397904009
vt 0.347036004 0.397846013
vt 0.346998006 0.397848994
vt 0.308694005 0.388689995
vt 0.308734 0.388812006
vt 0.308741987 0.38864699
vt 0.367841989 0.906790972
vt 0.367850006 0.90683198
vt 0.367857993 0.906795025
vt 0.346985996 0.395105988
vt 0.346973002 0.395108014
vt 0.347000003 0.395114005
vt 0.348735988 0.390399009
vt 0.348675996 0.390504003
vt 0.348715007 0.390515
vt 0.342518002 0.390578985
vt 0.34237799 0.390504003
vt 0.342480004 0.390684992
vt 0.309971988 0.389600009
vt 0.309920013 0.389562011
vt 0.309909999 0.389571011
vt 0.366957992 0.908401012
vt 0.366966993 0.908442974
vt 0.366975993 0.90841198
vt 0.34633401 0.393245995
vt 0.346242011 0.393308014
vt 0.346338987 0.393303007
vt 0.363260001 0.903456986
vt 0.363269001 0.903459013
vt 0.363312006 0.903424025
vt 0.346996009 0.395029008
vt 0.346935004 0.395033985
vt 0.340140998 0.391820014
vt 0.346866012 0.390985996
vt 0.346899003 0.39093399
vt 0.346801013 0.390890986
vt 0.363858998 0.905381978
vt 0.363866001 0.905385971
vt 0.363918006 0.90535301
vt 0.364753008 0.906695008
vt 0.364751995 0.906719983
vt 0.364758015 0.906724989
vt 0.363743991 0.903486013
vt 0.363714993 0.903514981
vt 0.363768995 0.903519988
vt 0.346138 0.394740999
vt 0.346183002 0.394627005
vt 0.346109003 0.394630998
vt 0.340707004 0.391268998
vt 0.340804994 0.391321987
vt 0.340792 0.391194999
vt 0.363770992 0.903595984
vt 0.363821 0.90357101
vt 0.363770992 0.90357101
vt 0.348729014 0.392232001
vt 0.348715991 0.392242014
vt 0.34870699 0.392253011
vt 0.341637999 0.39090699
vt 0.341612011 0.391083986
vt 0.341708988 0.39090699
vt 0.34424001 0.395790011
vt 0.344159007 0.395844996
vt 0.344235003 0.395864993
vt 0.346783012 0.391113013
vt 0.346729994 0.391104996
vt 0.346733004 0.391153991
vt 0.308804989 0.388588011
vt 0.308788002 0.388541996
vt 0.308786005 0.388581008
vt 0.308706999 0.389744997
vt 0.308732003 0.389438003
vt 0.308658987 0.389771014
vt 0.309886009 0.389775991
vt 0.309960991 0.389791012
vt 0.309920013 0.389762998
vt 0.365231007 0.908541977
vt 0.365240991 0.908535004
vt 0.365224004 0.90853101
vt 0.363202006 0.902660012
vt 0.363189995 0.902709007
vt 0.373629004 0.910071015
vt 0.348711997 0.392203987
vt 0.348719001 0.392159998
vt 0.34870401 0.392159998
vt 0.309920013 0.389762998
vt 0.309884012 0.389762014
vt 0.309886009 0.389775991
vt 0.346765012 0.390742987
vt 0.346780986 0.390763998
vt 0.346794993 0.390749007
vt 0.345131993 0.398182988
vt 0.345133007 0.398225993
vt 0.345137 0.398225993
vt 0.344325989 0.396061987
vt 0.344327003 0.39605701
vt 0.347000003 0.395114005
vt 0.31418401 0.397897005
vt 0.314103991 0.397799999
vt 0.314002007 0.397884011
vt 0.341901004 0.390958995
vt 0.341964006 0.391050994
vt 0.342004001 0.390949011
vt 0.343024999 0.393996
vt 0.343066007 0.394097
vt 0.343071014 0.393992007
vt 0.367832989 0.907311022
vt 0.367835999 0.907270014
vt 0.367807001 0.90732199
vt 0.314332008 0.397498995
vt 0.314339012 0.397374004
vt 0.314258009 0.397379994
vt 0.346343011 0.39320299
vt 0.346233994 0.393200994
vt 0.346239001 0.393238991
vt 0.309626013 0.389344007
vt 0.309697002 0.389402986
vt 0.309713989 0.389315009
vt 0.344377995 0.396066993
vt 0.344343007 0.396010011
vt 0.344350994 0.396082997
vt 0.342927009 0.394183993
vt 0.342992008 0.394196987
vt 0.343006998 0.394183993
vt 0.341951013 0.390157014
vt 0.341919988 0.390094012
vt 0.341915011 0.390148997
vt 0.366117001 0.905713975
vt 0.366079986 0.905609012
vt 0.366075993 0.905709982
vt 0.34415701 0.395601988
vt 0.344121009 0.395590991
vt 0.344107985 0.395603001
vt 0.343223989 0.394618005
vt 0.343259007 0.394510001
vt 0.343228996 0.39449501
vt 0.308600992 0.388494998
vt 0.308551997 0.388482004
vt 0.308559 0.388525993
vt 0.362526 0.903392971
vt 0.362531006 0.903316021
vt 0.362502009 0.903315008
vt 0.362488002 0.903315008
vt 0.362520009 0.903419971
vt 0.364951015 0.906769991
vt 0.364923 0.906790018
vt 0.364971012 0.90683198
vt 0.342323989 0.39082399
vt 0.342404008 0.390747994
vt 0.342303008 0.390590996
vt 0.342110008 0.390740991
vt 0.342097014 0.390524
vt 0.342061013 0.390614986
vt 0.309632987 0.38972199
vt 0.309653997 0.389681995
vt 0.309614986 0.389687002
vt 0.34632501 0.394459993
vt 0.346260995 0.394320011
vt 0.346284002 0.394481003
vt 0.348598987 0.396871001
vt 0.348610014 0.396988004
vt 0.348646998 0.396977991
vt 0.314339012 0.397374004
vt 0.314383 0.39745301
vt 0.314384997 0.397379011
vt 0.309641987 0.389609993
vt 0.309664011 0.389600992
vt 0.309655994 0.389595985
vt 0.345194012 0.396288991
vt 0.345140994 0.396200001
vt 0.345144004 0.396279991
vt 0.345081002 0.396281987
vt 0.345144004 0.396279007
vt 0.347505987 0.391557008
vt 0.347490013 0.391541004
vt 0.347469985 0.391532987
vt 0.347505987 0.391557008
vt 0.347434014 0.391591996
vt 0.347499996 0.391584009
vt 0.346906006 0.397908002
vt 0.346998006 0.397848994
vt 0.346895009 0.397859007
vt 0.366681993 0.907953978
vt 0.366730005 0.907984018
vt 0.366733998 0.90794301
vt 0.363195986 0.902649999
vt 0.36314401 0.902646005
vt 0.363189995 0.902709007
vt 0.342711985 0.390056998
vt 0.342716008 0.390139997
vt 0.342768013 0.390069008
vt 0.342303008 0.390590996
vt 0.342292011 0.390590996
vt 0.341639996 0.390807003
vt 0.30836001 0.388705999
vt 0.308402002 0.388687998
vt 0.308400005 0.388586998
vt 0.310027987 0.389654994
vt 0.309967995 0.389672995
vt 0.309969008 0.389688998
vt 0.346385002 0.393029004
vt 0.346390009 0.393038005
vt 0.346433997 0.393040001
vt 0.308073997 0.389297992
vt 0.308093995 0.389084011
vt 0.308090001 0.389081001
vt 0.341904014 0.390807986
vt 0.342002988 0.390787989
vt 0.342014015 0.390772998
vt 0.363088995 0.903228998
vt 0.363117993 0.903334022
vt 0.363151014 0.903264999
vt 0.363355994 0.903240979
vt 0.363292992 0.903384984
vt 0.363335013 0.90338999
vt 0.34544 0.392253995
vt 0.345378011 0.392318994
vt 0.345418006 0.392342001
vt 0.363222986 0.903385997
vt 0.363292992 0.903384984
vt 0.363227993 0.903379023
vt 0.366584986 0.903406978
vt 0.366544008 0.903434992
vt 0.366575003 0.903451025
vt 0.348562002 0.396180987
vt 0.348583013 0.396120012
vt 0.348567009 0.396142006
vt 0.343239993 0.393853992
vt 0.343198001 0.393649995
vt 0.343189001 0.393844008
vt 0 0
vt 0 0
vt 0 0
vt 0.346240997 0.394538999
vt 0.346240997 0.394544005
vt 0.346284986 0.394537002
vt 0.308777988 0.388478011
vt 0.308699012 0.388460994
vt 0.308690012 0.388505995
vt 0.341753006 0.390139997
vt 0.341697991 0.390100986
vt 0.341681987 0.390156001
vt 0.308458 0.389176011
vt 0.308293998 0.389238
vt 0.308349997 0.389256001
vt 0.366337001 0.904878974
vt 0.366315007 0.904884994
vt 0.366333991 0.904886007
vt 0.34692499 0.39517501
vt 0.346973985 0.395226002
vt 0.346971989 0.395164013
vt 0.341917008 0.390594989
vt 0.341928989 0.390601009
vt 0.342025012 0.390556991
vt 0.349079013 0.395004004
vt 0.349101007 0.395049006
vt 0.349126011 0.395011991
vt 0.34820199 0.393370986
vt 0.348199993 0.393312991
vt 0.348174989 0.393361002
vt 0.344305992 0.395909995
vt 0.34433201 0.39594999
vt 0.344359994 0.395895004
vt 0.363730997 0.903482974
vt 0.363736004 0.903445005
vt 0.363685995 0.903454006
vt 0.344354987 0.395889014
vt 0.344296008 0.395902991
vt 0.344305992 0.395909995
vt 0.363263994 0.903518021
vt 0.363296986 0.903500021
vt 0.363263011 0.903474987
vt 0.308376014 0.388826996
vt 0.308281988 0.388886988
vt 0.308322012 0.389014006
vt 0.341179997 0.390103996
vt 0.341156989 0.390109003
vt 0.341167986 0.390138
vt 0.344107985 0.395931005
vt 0.344083011 0.395861
vt 0.344074994 0.395972013
vt 0.309350997 0.394140989
vt 0.308798999 0.389438003
vt 0.308766991 0.389418006
vt 0.346974999 0.390933007
vt 0.346973002 0.390978992
vt 0.347000986 0.390947014
vt 0.308225006 0.38972801
vt 0.308180988 0.389726996
vt 0.308313996 0.38982901
vt 0.366167992 0.905795991
vt 0.366205007 0.905793011
vt 0.366171002 0.90575099
vt 0.342523992 0.390570998
vt 0.342579991 0.390533
vt 0.342574 0.390509993
vt 0.364740014 0.906585991
vt 0.364771992 0.906636
vt 0.364780992 0.906579971
vt 0.346271008 0.393112004
vt 0.346291989 0.393117011
vt 0.346329987 0.39309299
vt 0.368158996 0.906480014
vt 0.368135989 0.906484008
vt 0.368151009 0.906490982
vt 0.309974998 0.389642
vt 0.310027003 0.389611989
vt 0.309971988 0.389600009
vt 0.310030013 0.389591008
vt 0.309971988 0.389578015
vt 0.346980006 0.39083299
vt 0.346996993 0.390778005
vt 0.34691599 0.390778005
vt 0.343008995 0.394091994
vt 0.342923999 0.393985987
vt 0.342902005 0.394086003
vt 0.309763014 0.389748991
vt 0.309771001 0.389681995
vt 0.309747994 0.38973701
vt 0.309724987 0.389696002
vt 0.30972001 0.389706999
vt 0.30973801 0.389719993
vt 0.348585993 0.395996988
vt 0.348556012 0.395996988
vt 0.348574996 0.396032989
vt 0.314374 0.397630006
vt 0.315748006 0.398104012
vt 0.314440995 0.397841007
vt 0.366118014 0.905746996
vt 0.366084009 0.905722976
vt 0.366082996 0.905749023
vt 0.348379999 0.394124001
vt 0.348403007 0.394122005
vt 0.348412007 0.394109994
vt 0.347434014 0.391591996
vt 0.347398013 0.391514987
vt 0.347380996 0.391579986
vt 0.344226003 0.396010011
vt 0.34413901 0.395972997
vt 0.344121009 0.396088004
vt 0.366156995 0.905744016
vt 0.366117001 0.905713975
vt 0.366118014 0.905746996
vt 0.344325006 0.396014988
vt 0.344318002 0.395996004
vt 0.344327003 0.39605701
vt 0.309693992 0.389613003
vt 0.30972901 0.389476001
vt 0.309650004 0.389519989
vt 0.342247993 0.391339004
vt 0.342319995 0.391339004
vt 0.342262 0.391283005
vt 0.309594005 0.389627993
vt 0.30963099 0.389622003
vt 0.309641987 0.389609993
vt 0.308162987 0.389385015
vt 0.308221996 0.389070004
vt 0.308156013 0.389293998
vt 0.346805006 0.390776008
vt 0.346780986 0.390763998
vt 0.346767008 0.390789986
vt 0.367909998 0.904157996
vt 0.367900997 0.904148996
vt 0.367888004 0.904152989
vt 0.346733004 0.390780985
vt 0.346745014 0.390769005
vt 0.346736997 0.390769988
vt 0.34878099 0.398535997
vt 0.348785013 0.398597986
vt 0.348847985 0.398604989
vt 0.364048004 0.905403972
vt 0.364098012 0.90535599
vt 0.364053011 0.905345023
vt 0.341843992 0.390318006
vt 0.341859013 0.390300989
vt 0.341726005 0.390303999
vt 0.346163005 0.394490004
vt 0.346159011 0.394351006
vt 0.346109003 0.394363999
vt 0.348710001 0.392367989
vt 0.348673999 0.392298996
vt 0.348670006 0.392365009
vt 0.365462989 0.90821898
vt 0.365471005 0.908172011
vt 0.365433991 0.908200979
vt 0.366742998 0.908056974
vt 0.366760999 0.908092976
vt 0.366768986 0.908051014
vt 0.366676003 0.907992005
vt 0.366730005 0.908019006
vt 0.366730005 0.907984018
vt 0.366681993 0.907953978
vt 0.366730005 0.907984018
vt 0.36333099 0.903023005
vt 0.363225996 0.902897
vt 0.363299996 0.902988017
vt 0.343172997 0.39407599
vt 0.343106002 0.394107014
vt 0.343174994 0.394109011
vt 0.362520009 0.903419971
vt 0.362488002 0.903315008
vt 0.362489015 0.903427005
vt 0.308766991 0.388451993
vt 0.308699012 0.388460994
vt 0.308777988 0.388478011
vt 0.31001699 0.397659987
vt 0.310003996 0.397711009
vt 0.310029 0.397697002
vt 0.366708994 0.903216004
vt 0.366746992 0.903200984
vt 0.366717994 0.903177977
vt 0.344981015 0.396241993
vt 0.345084012 0.396167994
vt 0.345030993 0.396142006
vt 0.347662002 0.39467001
vt 0.347629994 0.394670993
vt 0.347660005 0.394685
vt 0.346212 0.394333988
vt 0.346161991 0.394329011
vt 0.346199989 0.394344985
vt 0.342837989 0.393480986
vt 0.342925012 0.39370501
vt 0.342902005 0.393436998
vt 0.308322012 0.389014006
vt 0.308479995 0.388972998
vt 0.308407009 0.388862014
vt 0.346390009 0.393249005
vt 0.346338987 0.393303007
vt 0.346395999 0.393305987
vt 0.308113992 0.389438987
vt 0.308073997 0.389297992
vt 0.30805099 0.389411986
vt 0.344029993 0.395696014
vt 0.344067991 0.395749986
vt 0.344062001 0.395677
vt 0.347416997 0.391680002
vt 0.347391993 0.391671985
vt 0.347382009 0.391685992
vt 0.346783012 0.391113013
vt 0.346733004 0.391153991
vt 0.346787989 0.391162992
vt 0.34741199 0.395209998
vt 0.347452998 0.395163
vt 0.347389013 0.39516899
vt 0.364538997 0.903468013
vt 0.364553005 0.903531015
vt 0.364553988 0.903450012
vt 0.342599005 0.390067011
vt 0.342606008 0.390143007
vt 0.342664987 0.390109003
vt 0.30974701 0.38962701
vt 0.309821993 0.389586985
vt 0.30982399 0.389575005
vt 0.364780009 0.906517029
vt 0.364740014 0.906585991
vt 0.364780992 0.906579971
vt 0.310003996 0.397711009
vt 0.31001699 0.397659987
vt 0.309980005 0.397671014
vt 0.349101007 0.395049006
vt 0.349079013 0.395004004
vt 0.349043012 0.395040989
vt 0.34621501 0.394515008
vt 0.34621501 0.394502014
vt 0.346186012 0.394493997
vt 0.363536 0.902733028
vt 0.363626003 0.902732015
vt 0.363577992 0.902680993
vt 0 0
vt 0 0
vt 0 0
vt 0.341767997 0.391283989
vt 0.341749996 0.391409993
vt 0.341843992 0.391371995
vt 0.363700002 0.902701974
vt 0.363626003 0.902732015
vt 0.363667995 0.902759016
vt 0.344424993 0.395819008
vt 0.344388008 0.395671993
vt 0.344366997 0.39586699
vt 0.349175006 0.391840011
vt 0.349079996 0.391840011
vt 0.349159002 0.391856015
vt 0.34858501 0.395951986
vt 0.348556012 0.395996988
vt 0.348585993 0.395996988
vt 0.31416899 0.397219002
vt 0.314108998 0.397240996
vt 0.314181 0.397278994
vt 0.348933011 0.398465008
vt 0.348973006 0.398503989
vt 0.348971993 0.398414999
vt 0.345532 0.392278999
vt 0.345418006 0.392342001
vt 0.34552601 0.392365992
vt 0.309275001 0.393931001
vt 0.309287995 0.393943012
vt 0.309296012 0.393934011
vt 0.316062003 0.39645499
vt 0.31606701 0.39645499
vt 0.316062003 0.39645499
vt 0.314788014 0.393943995
vt 0.314776987 0.393945992
vt 0.314788014 0.393943995
vt 0.31013301 0.393638998
vt 0.310137004 0.393642992
vt 0.31013 0.393633991
vt 0.315652996 0.397931993
vt 0.315651 0.397929013
vt 0.315651 0.397929013
vt 0.314837009 0.39398399
vt 0.314806998 0.393985987
vt 0.314833999 0.39399901
vt 0.310182989 0.394042999
vt 0.310184002 0.394035995
vt 0.310171992 0.394037992
vt 0.364535987 0.903479993
vt 0.364538997 0.903468013
vt 0.364535004 0.903472006
vt 0.310344011 0.393965989
vt 0.310344011 0.393963009
vt 0.310344011 0.393967003
vt 0 0
vt 0 0
vt 0 0
vt 0.310321003 0.394428998
vt 0.31031701 0.394430012
vt 0.310324013 0.394428015
vt 0.310402989 0.39427501
vt 0.310413986 0.394268006
vt 0.310413986 0.394268006
vt 0.347602993 0.394625008
vt 0.347615987 0.394627005
vt 0.34760499 0.394621015
vt 0.366652012 0.903288007
vt 0.366643012 0.90328902
vt 0.366638988 0.903295994
vt 0.309136003 0.393795013
vt 0.309296012 0.393934011
vt 0.309130013 0.393774986
vt 0.309184015 0.394062012
vt 0.309193999 0.394055992
vt 0.309181988 0.394055009
vt 0.314615995 0.394154012
vt 0.314621001 0.394158006
vt 0.314628005 0.394154996
vt 0.363099009 0.902768016
vt 0.363106012 0.902767003
vt 0.363104999 0.902764976
vt 0.309098005 0.393305004
vt 0.309100986 0.393319011
vt 0.309107989 0.393312007
vt 0.347586006 0.394661993
vt 0.347629994 0.394670993
vt 0.347606003 0.394661009
vt 0.363290995 0.903494
vt 0.363294989 0.903490007
vt 0.363292009 0.903487027
vt 0.317086995 0.39319101
vt 0.317083001 0.393180996
vt 0.317077994 0.393186003
vt 0.366165012 0.905744016
vt 0.366156995 0.905744016
vt 0.366165012 0.905744016
vt 0.308928996 0.394513011
vt 0.30892399 0.394513011
vt 0.30892399 0.394513011
vt 0.309206992 0.394517004
vt 0.309211999 0.394517004
vt 0.309208989 0.394517004
vt 0.309004992 0.393106014
vt 0.309006989 0.39309901
vt 0.309006989 0.393097013
vt 0.315210015 0.394645005
vt 0.315221995 0.39467001
vt 0.315223008 0.394645005
vt 0.312197 0.398936987
vt 0.312204987 0.39894101
vt 0.312200993 0.398939013
vt 0.308970988 0.393245995
vt 0.308966994 0.393247992
vt 0.308964998 0.393254995
vt 0.315340012 0.394616991
vt 0.315346986 0.394614011
vt 0.315346986 0.394614011
vt 0.31535399 0.394529015
vt 0.31535399 0.394542009
vt 0.315355003 0.394526988
vt 0.310297996 0.394405007
vt 0.310290009 0.394400001
vt 0.310294002 0.394401997
vt 0.310342014 0.394383997
vt 0.310344994 0.394378006
vt 0.310333997 0.394376993
vt 0.309594005 0.393198997
vt 0.309590012 0.393189013
vt 0.309590995 0.39319101
vt 0.308979005 0.393166006
vt 0.308977991 0.393164009
vt 0.308977991 0.393164992
vt 0.314159989 0.39615199
vt 0.31417799 0.396140009
vt 0.314161986 0.396145999
vt 0.314222991 0.396218002
vt 0.314240009 0.396223992
vt 0.314229995 0.396214992
vt 0.314224005 0.396299988
vt 0.314222008 0.396302015
vt 0.314229012 0.396304011
vt 0.310456991 0.394481003
vt 0.310465991 0.394475996
vt 0.310454011 0.39447999
vt 0.347838014 0.395218015
vt 0.348975986 0.397246987
vt 0.347541988 0.394686997
vt 0.315322012 0.394594014
vt 0.315313011 0.394585997
vt 0.315308988 0.394591987
vt 0.315266013 0.394452989
vt 0.31525901 0.394463986
vt 0.315265 0.394454002
vt 0.315243989 0.394730985
vt 0.315245986 0.394721001
vt 0.315234989 0.394722998
vt 0.309305012 0.393968999
vt 0.309311002 0.393963993
vt 0.309302002 0.393972009
vt 0.310146987 0.393887013
vt 0.310151011 0.393884003
vt 0.310146987 0.393887013
vt 0.316392004 0.399176002
vt 0.316406012 0.399167001
vt 0.316395015 0.399159998
vt 0.363151014 0.903264999
vt 0.363142997 0.903302014
vt 0.363157988 0.903268993
vt 0.366201013 0.905740023
vt 0.366192997 0.905740976
vt 0.366201013 0.905749023
vt 0.308732986 0.394232005
vt 0.30873099 0.394243985
vt 0.308734 0.394239008
vt 0.308712989 0.394358009
vt 0.308712989 0.394365013
vt 0.308714002 0.394353986
vt 0.308750987 0.394419014
vt 0.308750987 0.394418001
vt 0.308750987 0.394419014
vt 0.346983999 0.398038
vt 0.346985996 0.398027003
vt 0.346978009 0.398023993
vt 0.313935012 0.397406995
vt 0.313933015 0.397395015
vt 0.313924998 0.397408009
vt 0.31043601 0.394445986
vt 0.310463995 0.394461989
vt 0.310463011 0.394437999
vt 0.310404003 0.394335002
vt 0.31042701 0.394324988
vt 0.310411006 0.394324005
vt 0.310532987 0.394441009
vt 0.310532004 0.394450992
vt 0.310541004 0.394452006
vt 0.363770992 0.903521001
vt 0.363770992 0.903521001
vt 0.363768995 0.903519988
vt 0.363052011 0.902796984
vt 0.363050997 0.902800977
vt 0.363054991 0.902801991
vt 0.363270015 0.902868986
vt 0.363270015 0.902868986
vt 0.363270015 0.902868986
vt 0.30893001 0.393431008
vt 0.308932006 0.393420011
vt 0.308930993 0.393427014
vt 0.309974015 0.394376993
vt 0.309969991 0.394367993
vt 0.309969991 0.394367009
vt 0.31092599 0.396438003
vt 0.310923994 0.396434993
vt 0.31091401 0.396438986
vt 0.310128987 0.394053012
vt 0.310110986 0.394057006
vt 0.310032994 0.393976986
vt 0.310950011 0.397154003
vt 0.310941011 0.397154987
vt 0.310950011 0.397168994
vt 0.310754001 0.397244006
vt 0.310764015 0.397246987
vt 0.310759008 0.397237003
vt 0.310941011 0.396504015
vt 0.310939997 0.396512985
vt 0.310939997 0.396512985
vt 0.310012013 0.394176006
vt 0.310014009 0.394187003
vt 0.310012013 0.394176006
vt 0.310988009 0.396486998
vt 0.310988992 0.396479994
vt 0.310979009 0.396479994
vt 0.310837001 0.397249997
vt 0.310840011 0.397237003
vt 0.310837001 0.397249997
vt 0.310936004 0.396613002
vt 0.310945988 0.396607012
vt 0.310936004 0.396602005
vt 0.308999985 0.39319101
vt 0.308990002 0.393160999
vt 0.308973998 0.393188
vt 0.315286994 0.394791007
vt 0.315281987 0.394831002
vt 0.315304995 0.394820005
vt 0.315690994 0.398146987
vt 0.315688998 0.398120999
vt 0.315649003 0.398158014
vt 0.309316009 0.394113004
vt 0.309193999 0.394055992
vt 0.309186995 0.394080997
vt 0.309486985 0.393835992
vt 0.309507996 0.393723994
vt 0.310155988 0.393877
vt 0.314148992 0.397347987
vt 0.314188004 0.397325009
vt 0.314114988 0.397294998
vt 0.347689986 0.394652992
vt 0.347662002 0.39467001
vt 0.347660005 0.394685
vt 0.347669989 0.394703001
vt 0.347660005 0.394685
vt 0.347629994 0.394670993
vt 0.347593993 0.394621998
vt 0.347579986 0.394654006
vt 0.34760499 0.394648999
vt 0.363142997 0.903302014
vt 0.363151014 0.903264999
vt 0.363117993 0.903334022
vt 0.30925101 0.393593997
vt 0.309276015 0.393629998
vt 0.309273988 0.39339
vt 0.316390991 0.399176002
vt 0.316381007 0.399219006
vt 0.316399008 0.399194986
vt 0.312649995 0.401629001
vt 0.312673986 0.401639014
vt 0.312676996 0.401627004
vt 0.363285989 0.902909994
vt 0.363270998 0.902871013
vt 0.363263011 0.902873993
vt 0.314731002 0.393987
vt 0.314698011 0.394037992
vt 0.314729989 0.394026995
vt 0.313345999 0.395182997
vt 0.313340992 0.395190001
vt 0.31339401 0.395186007
vt 0.314615011 0.394165993
vt 0.314617008 0.394138008
vt 0.31457001 0.394129992
vt 0.309700012 0.393216997
vt 0.309698999 0.393229991
vt 0.309742987 0.393222988
vt 0.309695989 0.393218011
vt 0.309599012 0.393200994
vt 0.309592009 0.393211991
vt 0.310925007 0.397219002
vt 0.310943007 0.397251993
vt 0.310950011 0.397168994
vt 0.364863008 0.906682014
vt 0.364818007 0.906750977
vt 0.364843994 0.906737983
vt 0.315277994 0.398153991
vt 0.315283 0.398139
vt 0.315272003 0.398097992
vt 0.313012004 0.401190013
vt 0.313033998 0.401152015
vt 0.313019007 0.401156008
vt 0.363292009 0.903487027
vt 0.363265008 0.903465986
vt 0.363263011 0.903474987
vt 0.315243989 0.394730985
vt 0.315324008 0.394728988
vt 0.315324008 0.394717008
vt 0.308712006 0.394365996
vt 0.308743 0.394407988
vt 0.30874899 0.394394994
vt 0.315319985 0.394576013
vt 0.315322012 0.394594014
vt 0.31535399 0.394542009
vt 0.316062003 0.396477997
vt 0.316060007 0.396530002
vt 0.316073 0.396508008
vt 0.309035003 0.393150002
vt 0.309020013 0.393097997
vt 0.308999002 0.393115014
vt 0.31417501 0.396254987
vt 0.314157009 0.396227002
vt 0.314087987 0.396225989
vt 0.314112991 0.396171987
vt 0.314063996 0.396239012
vt 0.314087987 0.396225989
vt 0.315288007 0.393649995
vt 0.315272987 0.393664002
vt 0.314217001 0.396082014
vt 0.345124006 0.399958998
vt 0.345117003 0.399886996
vt 0.345099986 0.399937987
vt 0.345034987 0.399879009
vt 0.345077991 0.399949014
vt 0.345100999 0.39993301
vt 0.345894992 0.400178999
vt 0.345918 0.400155008
vt 0.345854998 0.400157988
vt 0.363682002 0.902971029
vt 0.363725007 0.903128982
vt 0.363729 0.903073013
vt 0.364553005 0.903531015
vt 0.364538997 0.903468013
vt 0.364535987 0.903479993
vt 0.349368989 0.400709003
vt 0.349368989 0.400709987
vt 0.349372 0.40069899
vt 0.347077996 0.398189992
vt 0.347101986 0.398218006
vt 0.347103 0.398048013
vt 0.344071001 0.395850003
vt 0.344067991 0.395749986
vt 0.344036013 0.395848006
vt 0.308970004 0.393411011
vt 0.308982015 0.393388003
vt 0.308939993 0.393406004
vt 0.315210998 0.394710988
vt 0.315223008 0.394724995
vt 0.315221995 0.39467001
vt 0.310250998 0.394259006
vt 0.310238987 0.394246012
vt 0.310249001 0.394291013
vt 0.310321987 0.394221008
vt 0.310308993 0.394176006
vt 0.310274005 0.394313008
vt 0.310068011 0.394335002
vt 0.310070992 0.394320011
vt 0.309980005 0.394362986
vt 0.363411009 0.903442025
vt 0.363445014 0.903423011
vt 0.363415003 0.903424025
vt 0.308631003 0.394133002
vt 0.308631986 0.394113988
vt 0.308533013 0.394089013
vt 0.310440987 0.394475996
vt 0.310465991 0.394475996
vt 0.310463995 0.394461989
vt 0.310463011 0.394437999
vt 0.310463995 0.394461989
vt 0.310499996 0.394463003
vt 0.310925007 0.397219002
vt 0.310900003 0.397190005
vt 0.310896993 0.397204995
vt 0.314806014 0.398277998
vt 0.314817995 0.398214012
vt 0.314803988 0.398216993
vt 0.315171987 0.393512011
vt 0.315194994 0.393516988
vt 0.315180004 0.393501997
vt 0.314597011 0.393795997
vt 0.31458801 0.39378801
vt 0.314570993 0.393817008
vt 0.309296012 0.393934011
vt 0.309136003 0.393795013
vt 0.309275001 0.393931001
vt 0.310963988 0.396479011
vt 0.310941994 0.396497995
vt 0.310948014 0.396506011
vt 0.315288007 0.393649995
vt 0.315311998 0.393644989
vt 0.315290004 0.393624008
vt 0.312330991 0.398833007
vt 0.312323004 0.398808002
vt 0.312258989 0.398878008
vt 0.314224005 0.396299988
vt 0.314240992 0.396293998
vt 0.314242005 0.396241993
vt 0.30993399 0.394205987
vt 0.310000986 0.394187987
vt 0.310007989 0.394165009
vt 0.314164996 0.397424012
vt 0.314173013 0.397332996
vt 0.314148992 0.397347987
vt 0.311901987 0.398950994
vt 0.311894 0.399031013
vt 0.311906993 0.399024993
vt 0.310840011 0.397237003
vt 0.310837001 0.397249997
vt 0.310896993 0.39723599
vt 0.314862996 0.400835991
vt 0.314873993 0.400844991
vt 0.314886004 0.400795996
vt 0.345856011 0.400180012
vt 0.345122993 0.396414995
vt 0.345120996 0.396302998
vt 0.310207993 0.393566012
vt 0.310306996 0.393756986
vt 0.310312003 0.393738002
vt 0.309204012 0.394504011
vt 0.308928996 0.394501001
vt 0.309013009 0.394526005
vt 0.309933007 0.394255012
vt 0.309942991 0.394246012
vt 0.30993399 0.394205987
vt 0.309311986 0.394136995
vt 0.30934599 0.394142002
vt 0.309345007 0.394129992
vt 0.363469988 0.903406978
vt 0.363508999 0.903414011
vt 0.363508999 0.903405011
vt 0.363463014 0.903481007
vt 0.363510013 0.903486013
vt 0.363512009 0.903477013
vt 0.314047009 0.397567987
vt 0.314049989 0.397599995
vt 0.314072996 0.397592008
vt 0.309228003 0.393254012
vt 0.309204996 0.393265992
vt 0.309278011 0.393267989
vt 0.315346003 0.394625008
vt 0.315340012 0.394616991
vt 0.315331995 0.394636005
vt 0.31033501 0.393916994
vt 0.310351998 0.393956989
vt 0.310369998 0.393694997
vt 0.316412002 0.399123013
vt 0.316406995 0.399089992
vt 0.316399992 0.399114996
vt 0.366162986 0.905707002
vt 0.366153985 0.905701995
vt 0.366156995 0.905744016
vt 0.349227995 0.395139009
vt 0.345910013 0.40032801
vt 0.345918 0.400155008
vt 0.313933015 0.397395015
vt 0.313941002 0.397415996
vt 0.31399101 0.397403985
vt 0.308719009 0.394005001
vt 0.308692008 0.394134015
vt 0.308714002 0.394125015
vt 0.363768995 0.903519988
vt 0.363772988 0.903514028
vt 0.363743991 0.903486013
vt 0.34760499 0.394648999
vt 0.347629994 0.394670993
vt 0.347662002 0.39467001
vt 0.363081008 0.903240979
vt 0.363110006 0.903366983
vt 0.363117993 0.903334022
vt 0.314810991 0.393954009
vt 0.31477201 0.393979013
vt 0.314806998 0.393985987
vt 0.311906993 0.399024993
vt 0.311883003 0.39903
vt 0.311877012 0.399087995
vt 0.347041011 0.398189008
vt 0.346983999 0.398038
vt 0.346987009 0.398065001
vt 0.310479999 0.393732995
vt 0.310474992 0.393813998
vt 0.310499012 0.393622011
vt 0.349368989 0.400709987
vt 0.349420011 0.400853992
vt 0.349438995 0.400857002
vt 0.314830005 0.398187995
vt 0.314830989 0.398164988
vt 0.314805001 0.398160994
vt 0.314803988 0.398216993
vt 0.314819008 0.398216993
vt 0.31479001 0.398185015
vt 0.346987009 0.398254007
vt 0.347030014 0.39834699
vt 0.347056001 0.398353994
vt 0.308623999 0.394246995
vt 0.308611006 0.394226998
vt 0.308533013 0.394293994
vt 0.310124993 0.394024014
vt 0.310101002 0.393887013
vt 0.309599012 0.393687993
vt 0.316412002 0.399123013
vt 0.316406012 0.399167001
vt 0.316424012 0.399145007
vt 0.309273988 0.393218011
vt 0.309163988 0.393258989
vt 0.309228003 0.393254012
vt 0.308999985 0.39319101
vt 0.309000999 0.393256009
vt 0.309035987 0.393150985
vt 0.314157009 0.396227002
vt 0.31417799 0.396254003
vt 0.314181 0.396164
vt 0.315674007 0.397920996
vt 0.31566301 0.397924989
vt 0.315658003 0.397965014
vt 0.347541004 0.394665986
vt 0.347541988 0.394686013
vt 0.347577989 0.39467299
vt 0.316244006 0.397049993
vt 0.316233009 0.397015005
vt 0.316211998 0.397177011
vt 0.362526 0.903392971
vt 0.362502009 0.903315008
vt 0.362488002 0.903315008
vt 0.316543996 0.395256996
vt 0.316536009 0.395213008
vt 0.316516995 0.395238012
vt 0.310297012 0.394349009
vt 0.310297996 0.394405007
vt 0.310304999 0.394396007
vt 0.314336002 0.397329003
vt 0.314384997 0.397379011
vt 0.314431995 0.397341996
vt 0.346864998 0.391003013
vt 0.346859992 0.390989989
vt 0.346848994 0.391027004
vt 0.346848994 0.391027004
vt 0.346859992 0.390989989
vt 0.346834004 0.391027987
vt 0.344503999 0.395696014
vt 0.344493985 0.395752013
vt 0.344500989 0.395749986
vt 0.344493985 0.395752013
vt 0.344503999 0.395696014
vt 0.344446987 0.395669013
vt 0.341876 0.391265005
vt 0.341971993 0.391263008
vt 0.341959 0.391249001
vt 0.347398013 0.391514987
vt 0.347469985 0.391532987
vt 0.347456008 0.391469002
vt 0.347456008 0.391469002
vt 0.347478986 0.391516
vt 0.347470999 0.391469985
vt 0.309882998 0.389737993
vt 0.309890002 0.38962701
vt 0.309846997 0.389625013
vt 0.362935007 0.903236985
vt 0.362922996 0.903240979
vt 0.362926006 0.903334975
vt 0.341639996 0.390807003
vt 0.341612995 0.390863001
vt 0.341637999 0.39090699
vt 0.341612995 0.390863001
vt 0.341639996 0.390807003
vt 0.341612995 0.390843987
vt 0.341917008 0.390168011
vt 0.341910988 0.390269995
vt 0.341975003 0.390255004
vt 0.308766991 0.389418006
vt 0.308798999 0.389438003
vt 0.308752 0.389306009
vt 0.344121993 0.395969987
vt 0.34413901 0.395972997
vt 0.344130993 0.395965993
vt 0.309697002 0.389402986
vt 0.30972901 0.389476001
vt 0.309736997 0.389456004
vt 0.309776992 0.389295995
vt 0.309769988 0.389308989
vt 0.309798986 0.389416009
vt 0.373629004 0.910071015
vt 0.36322701 0.902669013
vt 0.363205999 0.902660012
vt 0.363205999 0.902660012
vt 0.36322701 0.902669013
vt 0.363211006 0.902656972
vt 0.315506995 0.398270994
vt 0.315447003 0.398382992
vt 0.315443009 0.398490012
vt 0.342777997 0.390711993
vt 0.342703998 0.390733987
vt 0.342781991 0.390888989
vt 0.363555014 0.903463006
vt 0.363512009 0.903477013
vt 0.363550007 0.90347302
vt 0.346967012 0.390890986
vt 0.34701699 0.390917987
vt 0.347043991 0.390891999
vt 0.342191011 0.391189009
vt 0.342166007 0.391205013
vt 0.342189997 0.391189992
vt 0.367852986 0.907272995
vt 0.367873013 0.907275021
vt 0.367868006 0.907270014
vt 0.313966006 0.398101002
vt 0.313906014 0.398342013
vt 0.313908994 0.39834401
vt 0.346866012 0.390985996
vt 0.346771002 0.390965015
vt 0.346859992 0.390989989
vt 0.348598003 0.396822006
vt 0.348628998 0.396827012
vt 0.348625004 0.39676699
vt 0.308793992 0.389034986
vt 0.308743 0.389209986
vt 0.308746994 0.389210999
vt 0.308743 0.389209986
vt 0.308793992 0.389010996
vt 0.308734 0.388812006
vt 0.363202989 0.903326988
vt 0.363213986 0.903266013
vt 0.363184005 0.903262019
vt 0.341203988 0.390098006
vt 0.341221005 0.390138
vt 0.341232002 0.390094012
vt 0.349076986 0.397621989
vt 0.349135011 0.397635996
vt 0.349155009 0.397590995
vt 0.344493002 0.395608991
vt 0.344493985 0.395669997
vt 0.344502002 0.395617992
vt 0.346101999 0.394342005
vt 0.346100003 0.394131988
vt 0.346044004 0.394136995
vt 0.341758013 0.390136003
vt 0.341697991 0.390100986
vt 0.341753006 0.390139997
vt 0.363092989 0.902813971
vt 0.363054007 0.902795017
vt 0.363054991 0.902801991
vt 0.363054007 0.902795017
vt 0.363092989 0.902813971
vt 0.363099009 0.902768016
vt 0.346996993 0.397798002
vt 0.347039014 0.397807986
vt 0.347027987 0.397798002
vt 0.366955012 0.908447981
vt 0.366946995 0.908465028
vt 0.366959006 0.908472002
vt 0.366959006 0.908472002
vt 0.366946995 0.908465028
vt 0.366952986 0.908473015
vt 0.367035002 0.906131983
vt 0.367011994 0.906112015
vt 0.367015004 0.906120002
vt 0.341964006 0.391050994
vt 0.341877997 0.391059011
vt 0.341899008 0.391057998
vt 0.343133003 0.393375993
vt 0.343144 0.393415987
vt 0.343192995 0.393420011
vt 0.366259009 0.905710995
vt 0.366234004 0.905718029
vt 0.366237998 0.905734003
vt 0.308376998 0.388796002
vt 0.30834499 0.388742
vt 0.308277011 0.388886005
vt 0.342038989 0.391256005
vt 0.341980994 0.391238987
vt 0.341984004 0.391249001
vt 0.364771992 0.906636
vt 0.364739001 0.906624019
vt 0.364748001 0.906633973
vt 0.34740299 0.395105004
vt 0.347389013 0.39516899
vt 0.347452998 0.395163
vt 0.346956015 0.390879989
vt 0.346901 0.390902013
vt 0.346944988 0.390893012
vt 0.362634987 0.903622985
vt 0.362648994 0.903605998
vt 0.362587005 0.903559029
vt 0.308162987 0.38953799
vt 0.30815199 0.38954401
vt 0.308153987 0.389649987
vt 0.308153987 0.389649987
vt 0.30813399 0.389654011
vt 0.308142006 0.389658988
vt 0.347427994 0.395004988
vt 0.347460002 0.394971013
vt 0.347427011 0.394989997
vt 0.367022008 0.906001985
vt 0.367042005 0.905978978
vt 0.367026001 0.905987978
vt 0.314076006 0.397368997
vt 0.31408599 0.397363007
vt 0.314042002 0.397356004
vt 0.308582991 0.388700008
vt 0.308521003 0.388619006
vt 0.30844301 0.388686001
vt 0.34742099 0.39051801
vt 0.34740299 0.39052701
vt 0.347415 0.39052701
vt 0.34740299 0.39052701
vt 0.34742099 0.39051801
vt 0.347369999 0.390466005
vt 0.308798999 0.388496995
vt 0.308813006 0.388527989
vt 0.308804005 0.388494998
vt 0.341188014 0.390044987
vt 0.341223001 0.390058994
vt 0.341217995 0.390047997
vt 0.308456987 0.389526993
vt 0.30824101 0.389703989
vt 0.30824399 0.389721006
vt 0.346937001 0.395105004
vt 0.340140998 0.391820014
vt 0.346935004 0.395033985
vt 0.340140998 0.391820014
vt 0.346973002 0.395108014
vt 0.346985996 0.395105988
vt 0.341917008 0.390594989
vt 0.341845006 0.390477985
vt 0.341928989 0.390601009
vt 0.34858501 0.395951986
vt 0.348551005 0.39596501
vt 0.348556012 0.395996988
vt 0.309655011 0.389548004
vt 0.309648991 0.389598012
vt 0.309655011 0.389596999
vt 0.309648991 0.389598012
vt 0.309655011 0.389548004
vt 0.309617996 0.389519989
vt 0.341809988 0.390958011
vt 0.341811001 0.390859991
vt 0.341729999 0.390906006
vt 0.341672987 0.390765995
vt 0.341731995 0.390626013
vt 0.341675997 0.390671015
vt 0.341675997 0.390671015
vt 0.341724008 0.39061299
vt 0.34168601 0.390608996
vt 0.362489015 0.903427005
vt 0.362484008 0.903312981
vt 0.362435997 0.903308988
vt 0.362435997 0.903308988
vt 0.362484008 0.903312981
vt 0.362441987 0.903301001
vt 0.366151989 0.905605972
vt 0.366194993 0.905673981
vt 0.366153985 0.905605972
vt 0.346156001 0.394329011
vt 0.346150994 0.394125015
vt 0.346100003 0.394131988
vt 0.346163005 0.394490987
vt 0.346105009 0.394365013
vt 0.34610799 0.394508004
vt 0.362504005 0.903504014
vt 0.36252299 0.903425992
vt 0.362450004 0.903427005
vt 0.36252299 0.903425992
vt 0.362515002 0.903416991
vt 0.362450004 0.903427005
vt 0.341699004 0.390433997
vt 0.341726005 0.390303999
vt 0.34166199 0.390296012
vt 0.310030013 0.389591008
vt 0.31003499 0.389266998
vt 0.309974015 0.389297009
vt 0.309974015 0.389297009
vt 0.31003499 0.389266998
vt 0.309982985 0.389279991
vt 0.309830993 0.389555991
vt 0.309740007 0.389622003
vt 0.30982399 0.389575005
vt 0.364899009 0.906750977
vt 0.364879996 0.906741023
vt 0.364885986 0.906754017
vt 0.344292015 0.395594001
vt 0.344305992 0.395657986
vt 0.344305009 0.395604998
vt 0.344107002 0.395828992
vt 0.344107985 0.395754009
vt 0.344067991 0.395749986
vt 0.344067991 0.395749986
vt 0.344107985 0.395754009
vt 0.344094992 0.395745009
vt 0.309693992 0.389613003
vt 0.309688002 0.389670998
vt 0.309698999 0.389634997
vt 0.308696002 0.388929993
vt 0.308743 0.389209986
vt 0.308734 0.388812006
vt 0.344074994 0.395972013
vt 0.344121993 0.395969987
vt 0.344110996 0.395962
vt 0.367035002 0.902993023
vt 0.367022008 0.902962029
vt 0.367018014 0.902966976
vt 0.347440988 0.390585989
vt 0.347425997 0.390581012
vt 0.347416013 0.390625
vt 0.347440988 0.390585989
vt 0.347438991 0.390572995
vt 0.347425997 0.390581012
vt 0.346390992 0.393164992
vt 0.346345991 0.393200994
vt 0.346386999 0.393177003
vt 0.343207002 0.393474013
vt 0.343214005 0.393431991
vt 0.343203992 0.393436998
vt 0.363445014 0.903423011
vt 0.363447011 0.903478026
vt 0.363451988 0.903476
vt 0.342175007 0.391216993
vt 0.34208101 0.391214013
vt 0.342148006 0.391310006
vt 0.342148006 0.391310006
vt 0.34208101 0.391214013
vt 0.342137992 0.391314
vt 0.308221996 0.389070004
vt 0.308155 0.389043987
vt 0.308153003 0.389066994
vt 0.342314988 0.390846014
vt 0.342292994 0.390971005
vt 0.342348993 0.390971005
vt 0.342348993 0.390971005
vt 0.342292994 0.390971005
vt 0.342339993 0.390985996
vt 0.342292994 0.390971005
vt 0.342296988 0.391000986
vt 0.309949994 0.389688998
vt 0.309953004 0.389741004
vt 0.309958011 0.389694005
vt 0.340745986 0.391196012
vt 0.340768993 0.39102301
vt 0.340703994 0.391157001
vt 0.346215993 0.393249989
vt 0.346239001 0.393238991
vt 0.346222013 0.393238008
vt 0.34731999 0.398452997
vt 0.347326994 0.398402989
vt 0.34730801 0.398411006
vt 0.342902005 0.394086003
vt 0.342191011 0.391189009
vt 0.342193007 0.391189009
vt 0.343111008 0.393471003
vt 0.343098998 0.393575013
vt 0.343104005 0.393548995
vt 0.343098998 0.393575013
vt 0.343095988 0.393465012
vt 0.343021989 0.39349401
vt 0.342474014 0.390464991
vt 0.342523992 0.390570998
vt 0.342572987 0.390491992
vt 0.342572987 0.390491992
vt 0.342523992 0.390570998
vt 0.342574 0.390509993
vt 0.344071001 0.395850003
vt 0.344107002 0.395828992
vt 0.344067991 0.395749986
vt 0.344107002 0.395828992
vt 0.344071001 0.395850003
vt 0.344101012 0.395846009
vt 0.315636009 0.398425996
vt 0.315540999 0.398420006
vt 0.315557003 0.398431987
vt 0.363009989 0.903203011
vt 0.363032013 0.903230011
vt 0.363014996 0.903199017
vt 0.367828995 0.907326996
vt 0.367807001 0.90732199
vt 0.367787987 0.907415986
vt 0.346410006 0.393189013
vt 0.346442997 0.393153012
vt 0.34640801 0.393171012
vt 0.368216008 0.906485975
vt 0.368214995 0.906472027
vt 0.36818099 0.906484008
vt 0.346944004 0.390931994
vt 0.346924007 0.390953004
vt 0.346973002 0.390978992
vt 0.342004001 0.390949011
vt 0.342011988 0.390830994
vt 0.341897011 0.39082101
vt 0.341897011 0.39082101
vt 0.342011988 0.390830994
vt 0.341904014 0.390807986
vt 0.363810003 0.903081
vt 0.363812 0.903064013
vt 0.363775998 0.90309602
vt 0.342303008 0.390590996
vt 0.342404008 0.390747994
vt 0.342462003 0.390700996
vt 0.349005997 0.396173
vt 0.348996997 0.396283001
vt 0.349005997 0.396319002
vt 0.345569998 0.392132998
vt 0.345463991 0.392230004
vt 0.345532 0.392278999
vt 0.309754014 0.389676988
vt 0.309724987 0.389696002
vt 0.309745997 0.389690995
vt 0.309974015 0.389297009
vt 0.309971988 0.389578015
vt 0.310030013 0.389591008
vt 0.308521003 0.388619006
vt 0.308459014 0.388588995
vt 0.30844301 0.388686001
vt 0.308459014 0.388588995
vt 0.308521003 0.388619006
vt 0.308474988 0.388583988
vt 0.347434014 0.391591996
vt 0.347389996 0.391617
vt 0.347416013 0.391656011
vt 0.366097003 0.905870974
vt 0.366136998 0.905875027
vt 0.366117001 0.905798972
vt 0.366679996 0.903235018
vt 0.366694003 0.903219998
vt 0.366663009 0.903226018
vt 0.34739399 0.391743004
vt 0.347452015 0.391725987
vt 0.347416997 0.391680002
vt 0.309861004 0.389777005
vt 0.309763014 0.389775008
vt 0.309861988 0.389780015
vt 0.341455996 0.390890986
vt 0.341443002 0.390877992
vt 0.341363996 0.391005009
vt 0.341363996 0.391005009
vt 0.341443002 0.390877992
vt 0.341349006 0.391001999
vt 0.341349006 0.391001999
vt 0.341443002 0.390877992
vt 0.341304004 0.390866995
vt 0.34265101 0.398535013
vt 0.342644989 0.398586988
vt 0.342653006 0.398620993
vt 0.342653006 0.398620993
vt 0.342644989 0.398586988
vt 0.342648 0.398609996
vt 0.344435006 0.395842999
vt 0.344487995 0.395929992
vt 0.344498992 0.395779997
vt 0.366337001 0.904878974
vt 0.366351992 0.904839993
vt 0.366320014 0.904847026
vt 0.366320014 0.904847026
vt 0.366351992 0.904839993
vt 0.366324008 0.904839993
vt 0.308447003 0.389362007
vt 0.308297008 0.389483988
vt 0.308304012 0.389492005
vt 0.363866001 0.905385971
vt 0.363885999 0.905435979
vt 0.363918006 0.90535301
vt 0.342025012 0.390556991
vt 0.341928989 0.390601009
vt 0.342014015 0.390772998
vt 0.315649003 0.398167014
vt 0.315636009 0.398425996
vt 0.315690994 0.398443997
vt 0.308766007 0.38944301
vt 0.308816999 0.389618993
vt 0.308773011 0.389441013
vt 0.364057988 0.904992998
vt 0.364068002 0.905043006
vt 0.364115 0.905000985
vt 0.345082015 0.396304011
vt 0.345037013 0.396436006
vt 0.345088005 0.396454006
vt 0.364701986 0.906672001
vt 0.364679992 0.906719029
vt 0.364683002 0.906719983
vt 0.344480008 0.395936996
vt 0.344435006 0.395842999
vt 0.344377995 0.395889997
vt 0.34869501 0.392239988
vt 0.348672986 0.392226994
vt 0.34867999 0.392239004
vt 0.366176993 0.905865014
vt 0.366209 0.905861974
vt 0.366205007 0.905793011
vt 0.368283987 0.903280973
vt 0.368270993 0.903304994
vt 0.36828801 0.90328598
vt 0.341637999 0.39090699
vt 0.341650009 0.390805006
vt 0.341639996 0.390807003
vt 0.342902005 0.394086003
vt 0.342247993 0.391068012
vt 0.342215002 0.391068995
vt 0.341363996 0.391005009
vt 0.341479003 0.390924007
vt 0.341470003 0.390919
vt 0.341812015 0.390695989
vt 0.341814011 0.390816987
vt 0.34188199 0.390792996
vt 0.34740299 0.395105004
vt 0.347440004 0.395114005
vt 0.347411007 0.395096004
vt 0.348616004 0.396008998
vt 0.348598987 0.396050006
vt 0.348605007 0.39605099
vt 0.344377995 0.396066993
vt 0.344428003 0.396019995
vt 0.344370008 0.395985007
vt 0.343008995 0.394091994
vt 0.343006998 0.394183993
vt 0.343050987 0.394136995
vt 0.343050987 0.394136995
vt 0.343006998 0.394183993
vt 0.34305501 0.394160986
vt 0.34621799 0.394490987
vt 0.346235991 0.394504994
vt 0.346273988 0.394508004
vt 0.34621799 0.394546986
vt 0.346188992 0.394542009
vt 0.346190989 0.394551009
vt 0.366638988 0.903295994
vt 0.366629004 0.903313994
vt 0.366652012 0.903288007
vt 0.308165014 0.389656007
vt 0.308142006 0.389658988
vt 0.308169007 0.389694989
vt 0.341699004 0.390433997
vt 0.341733009 0.390424013
vt 0.341726005 0.390303999
vt 0.349245012 0.39112401
vt 0.349251002 0.39110899
vt 0.34918201 0.39110899
vt 0.343111992 0.393426001
vt 0.343080014 0.393399
vt 0.343093991 0.393440008
vt 0.364039004 0.904944003
vt 0.364064008 0.904932976
vt 0.364042997 0.904936016
vt 0.347449988 0.394892007
vt 0.347413987 0.394899994
vt 0.347427011 0.394905001
vt 0.308322012 0.389014006
vt 0.308382988 0.389052004
vt 0.308479995 0.388972998
vt 0.346101999 0.394342005
vt 0.346056014 0.394356012
vt 0.346092999 0.394354999
vt 0.348259985 0.393335998
vt 0.348235995 0.393391013
vt 0.348271012 0.393339992
vt 0.348235995 0.393391013
vt 0.34821099 0.393375009
vt 0.348219991 0.393395007
vt 0.344305009 0.395815015
vt 0.344366997 0.39586699
vt 0.344388008 0.395671993
vt 0.346884012 0.390991986
vt 0.346924007 0.390953004
vt 0.34689799 0.390973985
vt 0.341742009 0.390619993
vt 0.341731995 0.390626013
vt 0.341802001 0.390675008
vt 0.341802001 0.390675008
vt 0.341731995 0.390626013
vt 0.341812015 0.390695989
vt 0.346432 0.393043995
vt 0.346442997 0.393153012
vt 0.346448988 0.393141001
vt 0.342572987 0.390491992
vt 0.342494011 0.390439987
vt 0.342474014 0.390464991
vt 0.308156997 0.389519989
vt 0.308162987 0.389385015
vt 0.308156013 0.389497012
vt 0.367588013 0.904987991
vt 0.367592007 0.905023992
vt 0.367608011 0.904953003
vt 0.346231014 0.394558012
vt 0.346284986 0.394537002
vt 0.346240997 0.394544005
vt 0.348598003 0.396822006
vt 0.348625004 0.39676699
vt 0.3486 0.396762997
vt 0.346329987 0.39309299
vt 0.346345991 0.393087
vt 0.346372008 0.393027008
vt 0.346372008 0.393027008
vt 0.346390009 0.393038005
vt 0.346385002 0.393029004
vt 0.347000986 0.390947014
vt 0.34701699 0.390917987
vt 0.347003996 0.39093101
vt 0.347337991 0.390733004
vt 0.347335011 0.390698999
vt 0.347332001 0.390718013
vt 0.342137992 0.391314
vt 0.342070997 0.391303003
vt 0.342132002 0.391321003
vt 0.366071999 0.905798972
vt 0.366079986 0.905754983
vt 0.366075009 0.90575701
vt 0.34739399 0.391743004
vt 0.347438008 0.391746014
vt 0.347452015 0.391725987
vt 0.347438008 0.391746014
vt 0.34739399 0.391743004
vt 0.347413987 0.391779989
vt 0.363821 0.90357101
vt 0.363808006 0.903598011
vt 0.363817006 0.903590024
vt 0.346834004 0.391027987
vt 0.346747011 0.39102301
vt 0.34683001 0.391034991
vt 0.346390992 0.393164992
vt 0.346397996 0.393162012
vt 0.346349001 0.393110991
vt 0.346349001 0.393110991
vt 0.346390009 0.393038005
vt 0.346345991 0.393087
vt 0.314042002 0.397356004
vt 0.314072013 0.397383004
vt 0.314076006 0.397368997
vt 0.347449988 0.391777992
vt 0.347413987 0.391779989
vt 0.347420007 0.391786009
vt 0.367038012 0.903572023
vt 0.367015004 0.903598011
vt 0.367049992 0.903600991
vt 0.346973985 0.395226985
vt 0.346919 0.395231009
vt 0.346933991 0.395235986
vt 0.346967012 0.390890986
vt 0.347021997 0.390866011
vt 0.346967012 0.390886992
vt 0.344370008 0.395895988
vt 0.344370008 0.395985007
vt 0.344428003 0.396019995
vt 0.349076986 0.397621989
vt 0.349108011 0.397673994
vt 0.349110007 0.397668988
vt 0.346210003 0.394163013
vt 0.346156001 0.394329011
vt 0.346161991 0.394329011
vt 0.346156001 0.394329011
vt 0.346210003 0.394163013
vt 0.346150994 0.394125015
vt 0.341179997 0.390103996
vt 0.341150999 0.390100002
vt 0.341156989 0.390109003
vt 0.347490013 0.391541004
vt 0.347516 0.391548991
vt 0.347521007 0.391496986
vt 0.308153003 0.389293998
vt 0.308156013 0.389293998
vt 0.308153003 0.389066994
vt 0.343028009 0.393608004
vt 0.342922002 0.393514007
vt 0.342934012 0.393743992
vt 0.347523004 0.391775012
vt 0.347472012 0.391768008
vt 0.347474009 0.391775012
vt 0.366676003 0.907992005
vt 0.366659999 0.90802598
vt 0.366730005 0.908019006
vt 0.308458 0.389176011
vt 0.308364987 0.389073998
vt 0.308293998 0.389238
vt 0.341733009 0.390424013
vt 0.341742009 0.390619993
vt 0.341802001 0.390675008
vt 0.363561004 0.903119981
vt 0.363628 0.903231978
vt 0.36363101 0.903227985
vt 0.363628 0.903231978
vt 0.363561004 0.903119981
vt 0.363507986 0.903182983
vt 0.363507986 0.903182983
vt 0.363550991 0.903271019
vt 0.363628 0.903231978
vt 0.363628 0.903231978
vt 0.363550991 0.903271019
vt 0.363628 0.903237998
vt 0.363550991 0.903271019
vt 0.363501996 0.90318799
vt 0.363523006 0.903274
vt 0.347416013 0.390625
vt 0.347429991 0.390639991
vt 0.347425997 0.39062801
vt 0.343104005 0.393548995
vt 0.343138993 0.393536001
vt 0.343111008 0.393471003
vt 0.341876 0.391265005
vt 0.341899008 0.391126007
vt 0.341744989 0.391157001
vt 0.348598987 0.396050006
vt 0.348574996 0.396032989
vt 0.348591 0.39605701
vt 0.342269003 0.390834004
vt 0.342314988 0.390846014
vt 0.342305988 0.390834004
vt 0.341814011 0.390816987
vt 0.341711015 0.390884012
vt 0.341726989 0.390891999
vt 0.347081006 0.394694
vt 0.347099006 0.394636989
vt 0.347079009 0.394643009
vt 0.342429012 0.390112013
vt 0.342494994 0.390085995
vt 0.342483997 0.390080988
vt 0.343252987 0.393613994
vt 0.343138993 0.393536001
vt 0.34324199 0.393629014
vt 0.341735989 0.390222996
vt 0.341751009 0.390150011
vt 0.341686994 0.390175998
vt 0.341686994 0.390175998
vt 0.341751009 0.390150011
vt 0.341681987 0.390156001
vt 0.341735989 0.390222996
vt 0.34176001 0.390159994
vt 0.341751009 0.390150011
vt 0.342539996 0.390078008
vt 0.342599005 0.390067011
vt 0.342584997 0.390062004
vt 0.341814011 0.390816987
vt 0.341897011 0.39082101
vt 0.34188199 0.390792996
vt 0.34633401 0.393245995
vt 0.346390009 0.393249005
vt 0.346386999 0.393240988
vt 0.34820199 0.393370986
vt 0.348235995 0.393321007
vt 0.348199993 0.393312991
vt 0.348199993 0.393312991
vt 0.348235995 0.393321007
vt 0.348230988 0.393310994
vt 0.30963099 0.389622003
vt 0.309653997 0.389681995
vt 0.309641987 0.389609993
vt 0.347030997 0.397783995
vt 0.346996993 0.397798002
vt 0.347027987 0.397798002
vt 0.309825003 0.389634997
vt 0.309812009 0.389609993
vt 0.309771001 0.389681995
vt 0.308407009 0.388862014
vt 0.308382988 0.388794988
vt 0.308387011 0.388819009
vt 0.341223001 0.390058994
vt 0.341232002 0.390094012
vt 0.341230989 0.390060008
vt 0.308400005 0.388586998
vt 0.308382004 0.388572007
vt 0.30836001 0.388705999
vt 0.30836001 0.388705999
vt 0.308382004 0.388572007
vt 0.308353007 0.388718992
vt 0.344446987 0.395669013
vt 0.344491005 0.395754993
vt 0.344493985 0.395752013
vt 0.308382988 0.388794988
vt 0.308355004 0.388743013
vt 0.308376998 0.388796002
vt 0.34740299 0.39052701
vt 0.347369999 0.390466005
vt 0.347339988 0.390459001
vt 0.349249989 0.390143007
vt 0.349254996 0.390138
vt 0.349245995 0.390132993
vt 0.341470003 0.390919
vt 0.341455996 0.390890986
vt 0.341363996 0.391005009
vt 0.366201013 0.905749023
vt 0.366171002 0.90575099
vt 0.366205007 0.905793011
vt 0.366171002 0.90575099
vt 0.366192997 0.905740976
vt 0.366174012 0.905744016
vt 0.342572987 0.390491992
vt 0.342534006 0.39043501
vt 0.342494011 0.390439987
vt 0.341859013 0.390300989
vt 0.341910988 0.390269995
vt 0.341865987 0.390177011
vt 0.368173987 0.906499982
vt 0.368158996 0.906489015
vt 0.368166 0.906498015
vt 0.309713989 0.38962701
vt 0.309698999 0.389634997
vt 0.309688002 0.389670998
vt 0.346715987 0.398600012
vt 0.346729994 0.398586988
vt 0.346706986 0.398546994
vt 0.364050001 0.904968023
vt 0.364071012 0.90496099
vt 0.364064008 0.904932976
vt 0.309677988 0.389600992
vt 0.309664011 0.389600992
vt 0.309693992 0.389613003
vt 0.309736997 0.38962099
vt 0.309713989 0.38962701
vt 0.309724987 0.38962999
vt 0.308506012 0.388761014
vt 0.308577001 0.388859004
vt 0.308582991 0.388700008
vt 0.348690003 0.390567005
vt 0.348733008 0.390590996
vt 0.348715007 0.390515
vt 0.348733008 0.390590996
vt 0.348699003 0.390583009
vt 0.348724991 0.390594989
vt 0.363355994 0.903240979
vt 0.364538997 0.903468013
vt 0.363292992 0.903384984
vt 0.309700996 0.38973999
vt 0.309736997 0.389730006
vt 0.309706986 0.389712006
vt 0.309706986 0.389712006
vt 0.309736997 0.389730006
vt 0.30972001 0.389706999
vt 0.346329987 0.39309299
vt 0.346368015 0.393023014
vt 0.346244991 0.39310199
vt 0.346368015 0.393023014
vt 0.346329987 0.39309299
vt 0.346372008 0.393027008
vt 0.346327007 0.393099993
vt 0.346291989 0.393117011
vt 0.34632501 0.393173993
vt 0.343207002 0.393474013
vt 0.343252987 0.393613994
vt 0.343261987 0.393454999
vt 0.344303995 0.396073014
vt 0.344247013 0.396147013
vt 0.344309002 0.396097988
vt 0.342175007 0.391216993
vt 0.342238992 0.391267002
vt 0.342186987 0.391214997
vt 0.342168987 0.391135007
vt 0.342191011 0.391189009
vt 0.34218201 0.391133994
vt 0.343214005 0.393431991
vt 0.343263 0.39340201
vt 0.343216985 0.393420994
vt 0.342518002 0.390578985
vt 0.34247601 0.39071101
vt 0.342503011 0.390864015
vt 0.342106998 0.390924007
vt 0.342038006 0.390904009
vt 0.342045993 0.390917987
vt 0.363604993 0.903091013
vt 0.363561004 0.903119981
vt 0.363629013 0.903199971
vt 0.309769988 0.389308989
vt 0.309697002 0.389402986
vt 0.30974701 0.389454007
vt 0.30974701 0.389454007
vt 0.309697002 0.389402986
vt 0.309736997 0.389456004
vt 0.347027004 0.390960008
vt 0.34700501 0.390998989
vt 0.347016007 0.390992999
vt 0.308541 0.389506012
vt 0.308607012 0.389380991
vt 0.308600008 0.389378011
vt 0.348673999 0.392298996
vt 0.346215993 0.393249989
vt 0.348701 0.392298996
vt 0.34116599 0.390201986
vt 0.341134995 0.390190005
vt 0.341141999 0.390193999
vt 0.34217599 0.391112
vt 0.342193007 0.390920997
vt 0.342106998 0.390924007
vt 0.346383005 0.394154996
vt 0.346329004 0.394172013
vt 0.346367002 0.394221008
vt 0.343109995 0.393445998
vt 0.343093991 0.393440008
vt 0.343102008 0.393451989
vt 0.366955012 0.908447981
vt 0.366966993 0.908442974
vt 0.366961002 0.90844202
vt 0.313935995 0.397843987
vt 0.31398201 0.397908002
vt 0.313977987 0.397886992
vt 0.343118012 0.394116014
vt 0.343176991 0.394095004
vt 0.343118012 0.394098014
vt 0.34305501 0.394160986
vt 0.343068987 0.394183993
vt 0.343109995 0.394201994
vt 0.364818007 0.906470001
vt 0.364775002 0.906471014
vt 0.364780009 0.906517029
vt 0.308169007 0.389694989
vt 0.308174014 0.389654994
vt 0.308165014 0.389656007
vt 0.308174014 0.389654994
vt 0.308169007 0.389694989
vt 0.308216989 0.389705986
vt 0.308216989 0.389705986
vt 0.308183014 0.389721006
vt 0.308225006 0.38972801
vt 0.314069003 0.398214012
vt 0.314224988 0.398218989
vt 0.314175993 0.398061991
vt 0.315688998 0.398120999
vt 0.315658003 0.397965014
vt 0.315618008 0.39793399
vt 0.315618008 0.39793399
vt 0.315658003 0.397965014
vt 0.315638989 0.39793101
vt 0.309675992 0.389719009
vt 0.309706986 0.389712006
vt 0.309698999 0.389705986
vt 0.309953004 0.389741004
vt 0.309969008 0.389688998
vt 0.309958011 0.389694005
vt 0.309969008 0.389688998
vt 0.309964001 0.389752001
vt 0.308813006 0.388527989
vt 0.34415701 0.395601988
vt 0.347409993 0.391440988
vt 0.34740299 0.391409993
vt 0.346109986 0.394555986
vt 0.346179008 0.394564003
vt 0.346166998 0.394553006
vt 0.366966993 0.908442974
vt 0.366953999 0.908434987
vt 0.366961002 0.90844202
vt 0.348632008 0.396073997
vt 0.348605007 0.39605099
vt 0.348612994 0.39606601
vt 0.344377995 0.395889997
vt 0.344370008 0.395895988
vt 0.344480008 0.395936996
vt 0.344480008 0.395936996
vt 0.344428003 0.396019995
vt 0.344489008 0.395953
vt 0.366079986 0.905754983
vt 0.366118014 0.905746996
vt 0.366082996 0.905749023
vt 0.367049992 0.903600991
vt 0.367060006 0.903572977
vt 0.367038012 0.903572023
vt 0.341975987 0.390374005
vt 0.341975003 0.390255004
vt 0.341910988 0.390269995
vt 0.363682985 0.903460979
vt 0.363691986 0.90348202
vt 0.363730997 0.903482974
vt 0.363730997 0.903482974
vt 0.363691986 0.90348202
vt 0.36373499 0.903483987
vt 0.341798007 0.390060008
vt 0.341758013 0.390136003
vt 0.34176901 0.390136987
vt 0.341612011 0.391083986
vt 0.341708988 0.390924007
vt 0.341708988 0.39090699
vt 0.341964006 0.391050994
vt 0.341919988 0.391119003
vt 0.342016011 0.391131997
vt 0.344493002 0.395608991
vt 0.34445399 0.395592988
vt 0.344446987 0.395669013
vt 0.366084009 0.905722976
vt 0.366117001 0.905713975
vt 0.366084009 0.905716002
vt 0.343156993 0.393427014
vt 0.34315601 0.393435001
vt 0.343192995 0.393420011
vt 0.343192995 0.393420011
vt 0.34315601 0.393435001
vt 0.343203992 0.393436998
vt 0.348253012 0.393563986
vt 0.348246008 0.393507004
vt 0.348232001 0.393489003
vt 0.347452015 0.391725987
vt 0.347460002 0.391734987
vt 0.347492009 0.391676009
vt 0.347492009 0.391676009
vt 0.347514987 0.391737998
vt 0.34750399 0.391676009
vt 0.346956015 0.390879989
vt 0.346980006 0.39083299
vt 0.346901 0.390846014
vt 0.346938998 0.395126998
vt 0.346958011 0.395132005
vt 0.346998006 0.395134985
vt 0.344817013 0.398568004
vt 0.34482801 0.398534
vt 0.34482199 0.398535013
vt 0.346222013 0.394448996
vt 0.346213013 0.394378006
vt 0.346163005 0.394349992
vt 0.346271008 0.394163996
vt 0.346305013 0.39419499
vt 0.346305013 0.394158006
vt 0.308073997 0.389297992
vt 0.308153003 0.389293998
vt 0.308153003 0.389066994
vt 0.343198001 0.393649995
vt 0.343252003 0.393642008
vt 0.34324199 0.393629014
vt 0.341843992 0.390318006
vt 0.341910988 0.390269995
vt 0.341859013 0.390300989
vt 0.308176994 0.389539003
vt 0.308156997 0.389519989
vt 0.308162987 0.38953799
vt 0.367828995 0.907326996
vt 0.367787987 0.907415986
vt 0.367841989 0.907424986
vt 0.3662 0.904793024
vt 0.366196007 0.904772997
vt 0.366191 0.904797971
vt 0.344370991 0.395599991
vt 0.344388008 0.395671993
vt 0.344392002 0.395597011
vt 0.343093991 0.393440008
vt 0.343095988 0.393465012
vt 0.343102008 0.393451989
vt 0.348271012 0.39340499
vt 0.348235995 0.393391013
vt 0.348242998 0.393402994
vt 0.344392002 0.395597011
vt 0.34445399 0.395592988
vt 0.344397992 0.395586997
vt 0.366097003 0.905870974
vt 0.366117001 0.905798972
vt 0.366071999 0.905798972
vt 0.363099009 0.902768016
vt 0.363047987 0.902791977
vt 0.363054007 0.902795017
vt 0.363047987 0.902791977
vt 0.363099009 0.902768016
vt 0.363445014 0.903443992
vt 0.314114988 0.397294998
vt 0.314108998 0.397240996
vt 0.314083993 0.397307009
vt 0.347416013 0.390625
vt 0.347443014 0.390601993
vt 0.347440988 0.390585989
vt 0.341876 0.391265005
vt 0.341966003 0.391236007
vt 0.341899008 0.391126007
vt 0.342624992 0.39023
vt 0.342557997 0.39022401
vt 0.342608988 0.39023599
vt 0.366079986 0.905609012
vt 0.366113991 0.905614972
vt 0.366106004 0.905607998
vt 0.367018998 0.906042993
vt 0.367049009 0.906032979
vt 0.367022008 0.906001985
vt 0.341809988 0.390958011
vt 0.341856986 0.390953988
vt 0.341811001 0.390859991
vt 0.346397996 0.393162012
vt 0.346442997 0.393153012
vt 0.346390009 0.393038005
vt 0.346785009 0.391084999
vt 0.346828014 0.391057014
vt 0.346747011 0.39102301
vt 0.346747011 0.39102301
vt 0.346828014 0.391057014
vt 0.34683001 0.391034991
vt 0.343093991 0.393774986
vt 0.343113989 0.393554002
vt 0.343098998 0.393575013
vt 0.309913009 0.389622986
vt 0.309909999 0.389571011
vt 0.309904009 0.389614999
vt 0.343228996 0.394172013
vt 0.343176991 0.394095004
vt 0.343221009 0.39418599
vt 0.364134014 0.905339003
vt 0.364098012 0.90535599
vt 0.364127994 0.905349016
vt 0.342296988 0.391000986
vt 0.342274994 0.391140997
vt 0.342335999 0.391149998
vt 0.346293986 0.394612998
vt 0.346300989 0.394706994
vt 0.346374989 0.394699991
vt 0.346374989 0.394699991
vt 0.346314013 0.394717008
vt 0.346374989 0.394713998
vt 0.346376002 0.394535989
vt 0.346377999 0.394612014
vt 0.346388012 0.394600004
vt 0.363260001 0.903456986
vt 0.363312006 0.903424025
vt 0.363292992 0.903384984
vt 0.363858998 0.905381978
vt 0.363918006 0.90535301
vt 0.363867015 0.90525198
vt 0.364753008 0.906695008
vt 0.364758015 0.906724989
vt 0.364771992 0.906636
vt 0.344392002 0.395597011
vt 0.344388008 0.395671993
vt 0.344446987 0.395669013
vt 0.342474014 0.390464991
vt 0.342518002 0.390578985
vt 0.342523992 0.390570998
vt 0.343097001 0.393391997
vt 0.343080014 0.393399
vt 0.343111992 0.393426001
vt 0.343097001 0.393391997
vt 0.343084991 0.393384993
vt 0.343080014 0.393399
vt 0.348394006 0.393963009
vt 0.346206993 0.393294007
vt 0.346206993 0.393124014
vt 0.309920013 0.389762998
vt 0.309960991 0.389791012
vt 0.309953988 0.389762998
vt 0.363202006 0.902660012
vt 0.373629004 0.910071015
vt 0.363205999 0.902660012
vt 0.346765012 0.390742987
vt 0.346794993 0.390749007
vt 0.346767992 0.390736997
vt 0.345131993 0.398182988
vt 0.345137 0.398225993
vt 0.345147014 0.398187011
vt 0.367832989 0.907311022
vt 0.367807001 0.90732199
vt 0.367825001 0.907319009
vt 0.309713989 0.389315009
vt 0.309697002 0.389402986
vt 0.309769988 0.389308989
vt 0.342992008 0.394196987
vt 0.342927009 0.394183993
vt 0.342931986 0.394194007
vt 0.342927009 0.394183993
vt 0.343006998 0.394183993
vt 0.343008995 0.394091994
vt 0.366117001 0.905713975
vt 0.366075993 0.905709982
vt 0.366084009 0.905716002
vt 0.34415701 0.395601988
vt 0.344107985 0.395603001
vt 0.344105005 0.395668
vt 0.30824399 0.389721006
vt 0.308349013 0.389800996
vt 0.308456987 0.389526993
vt 0.308290005 0.389510989
vt 0.30824101 0.389703989
vt 0.308304012 0.389492005
vt 0.308349013 0.389800996
vt 0.30824399 0.389721006
vt 0.308335006 0.389804989
vt 0.309664011 0.389600992
vt 0.309641987 0.389609993
vt 0.309653997 0.389681995
vt 0.344494998 0.396109998
vt 0.344489008 0.395953
vt 0.344444007 0.396044999
vt 0.344444007 0.396044999
vt 0.344489008 0.395953
vt 0.344428003 0.396019995
vt 0.347505987 0.391557008
vt 0.347469985 0.391532987
vt 0.347434014 0.391591996
vt 0.363195986 0.902649999
vt 0.363189995 0.902709007
vt 0.363202006 0.902660012
vt 0.342303008 0.390590996
vt 0.341639996 0.390807003
vt 0.342323989 0.39082399
vt 0.310027987 0.389654994
vt 0.309969008 0.389688998
vt 0.31003499 0.389688998
vt 0.341904014 0.390807986
vt 0.342014015 0.390772998
vt 0.341928989 0.390601009
vt 0.363260001 0.903456986
vt 0.363292992 0.903384984
vt 0.363222986 0.903385997
vt 0.348562002 0.396180987
vt 0.348567009 0.396142006
vt 0.348556995 0.396174997
vt 0.346240997 0.394538999
vt 0.346284986 0.394537002
vt 0.346278995 0.394513994
vt 0.347434014 0.391591996
vt 0.347469985 0.391532987
vt 0.347398013 0.391514987
vt 0.341751009 0.390150011
vt 0.341753006 0.390139997
vt 0.341681987 0.390156001
vt 0.362457991 0.903515995
vt 0.362504005 0.903504014
vt 0.362450004 0.903427005
vt 0.366315007 0.904884994
vt 0.366320014 0.904847026
vt 0.366315991 0.90484798
vt 0.366320014 0.904847026
vt 0.366315007 0.904884994
vt 0.366337001 0.904878974
vt 0.341917008 0.390594989
vt 0.342025012 0.390556991
vt 0.341919005 0.390424997
vt 0.341845006 0.390477985
vt 0.341917008 0.390594989
vt 0.341843992 0.390318006
vt 0.341975987 0.390374005
vt 0.341910988 0.390269995
vt 0.34820199 0.393370986
vt 0.348174989 0.393361002
vt 0.348192006 0.393375993
vt 0.34433201 0.39594999
vt 0.344305992 0.395909995
vt 0.344303995 0.395922005
vt 0.344305992 0.395909995
vt 0.344359994 0.395895004
vt 0.344354987 0.395889014
vt 0.363730997 0.903482974
vt 0.363685995 0.903454006
vt 0.363682985 0.903460979
vt 0.344296008 0.395902991
vt 0.344357014 0.395875007
vt 0.344305009 0.395815015
vt 0.344357014 0.395875007
vt 0.344296008 0.395902991
vt 0.344354987 0.395889014
vt 0.34821099 0.393375009
vt 0.348235995 0.393321007
vt 0.34820199 0.393370986
vt 0.344107985 0.395931005
vt 0.344074994 0.395972013
vt 0.344110996 0.395962
vt 0.346973002 0.390978992
vt 0.346974999 0.390933007
vt 0.346944004 0.390931994
vt 0.346944004 0.390931994
vt 0.346974999 0.390933007
vt 0.346949011 0.390913993
vt 0.308183014 0.389721006
vt 0.308180988 0.389726996
vt 0.308225006 0.38972801
vt 0.366167992 0.905795991
vt 0.366171002 0.90575099
vt 0.366165012 0.905744016
vt 0.342579991 0.390533
vt 0.342537999 0.390641987
vt 0.342570007 0.390841991
vt 0.342537999 0.390641987
vt 0.342579991 0.390533
vt 0.342523992 0.390570998
vt 0.346244991 0.39310199
vt 0.346271008 0.393112004
vt 0.346329987 0.39309299
vt 0.346329987 0.39309299
vt 0.346291989 0.393117011
vt 0.346327007 0.393099993
vt 0.368158996 0.906480014
vt 0.368151009 0.906490982
vt 0.368158996 0.906489015
vt 0.308432996 0.389827013
vt 0.308313996 0.38982901
vt 0.308532 0.38984099
vt 0.309724987 0.389696002
vt 0.30973801 0.389719993
vt 0.309745997 0.389690995
vt 0.314374 0.397630006
vt 0.314440995 0.397841007
vt 0.314417005 0.397493988
vt 0.348379999 0.394124001
vt 0.348412007 0.394109994
vt 0.348412007 0.393997014
vt 0.347434014 0.391591996
vt 0.347380996 0.391579986
vt 0.347391009 0.391591996
vt 0.344325006 0.396014988
vt 0.344327003 0.39605701
vt 0.344325989 0.396061987
vt 0.309693992 0.389613003
vt 0.309650004 0.389519989
vt 0.309671998 0.389559001
vt 0.342247993 0.391339004
vt 0.342262 0.391283005
vt 0.341681987 0.390156001
vt 0.30963099 0.389622003
vt 0.309594005 0.389627993
vt 0.309614986 0.389687002
vt 0.367909998 0.904157996
vt 0.367888004 0.904152989
vt 0.367906988 0.904184997
vt 0.346745014 0.390769005
vt 0.346733004 0.390780985
vt 0.346754998 0.390794009
vt 0.346733004 0.390780985
vt 0.348219991 0.393395007
vt 0.346754998 0.390794009
vt 0.345081002 0.396281987
vt 0.345140994 0.396200001
vt 0.345084012 0.396167994
vt 0.347438991 0.390572995
vt 0.347454995 0.390563011
vt 0.347440988 0.390567005
vt 0.341843992 0.390318006
vt 0.341726005 0.390303999
vt 0.341733009 0.390424013
vt 0.362520009 0.903419971
vt 0.362489015 0.903427005
vt 0.362450004 0.903427005
vt 0.308766991 0.388451993
vt 0.308777988 0.388478011
vt 0.308793008 0.388475001
vt 0.366708994 0.903216004
vt 0.366717994 0.903177977
vt 0.366705 0.903210998
vt 0.346199989 0.394344985
vt 0.346161991 0.394329011
vt 0.346163005 0.394349992
vt 0.346161991 0.394329011
vt 0.346213013 0.394189
vt 0.346210003 0.394163013
vt 0.346390009 0.393249005
vt 0.346395999 0.393305987
vt 0.346397012 0.393252999
vt 0.308113992 0.389438987
vt 0.30805099 0.389411986
vt 0.308059007 0.38943401
vt 0.347416997 0.391680002
vt 0.347382009 0.391685992
vt 0.34739399 0.391743004
vt 0.346783012 0.391113013
vt 0.346787989 0.391162992
vt 0.346794993 0.39111501
vt 0.342599005 0.390067011
vt 0.342664987 0.390109003
vt 0.342606992 0.390060991
vt 0.309821993 0.389586985
vt 0.30974701 0.38962701
vt 0.309765995 0.389678001
vt 0.309765995 0.389678001
vt 0.309742987 0.389649987
vt 0.309754014 0.389676988
vt 0.30974701 0.38962701
vt 0.309742987 0.389649987
vt 0.309765995 0.389678001
vt 0.349101007 0.395049006
vt 0.349043012 0.395040989
vt 0.349047989 0.395049006
vt 0.341877997 0.391059011
vt 0.341856986 0.390953988
vt 0.341775 0.391104013
vt 0.34621501 0.394515008
vt 0.346186012 0.394493997
vt 0.346188992 0.394542009
vt 0.308697999 0.388529986
vt 0.308699012 0.388568014
vt 0.308744013 0.388577014
vt 0 0
vt 0 0
vt 0 0
vt 0.344062001 0.395677
vt 0.344083011 0.395693004
vt 0.344078004 0.395668
vt 0.344083011 0.395693004
vt 0.344062001 0.395677
vt 0.344067991 0.395749986
vt 0.341843992 0.390318006
vt 0.341733009 0.390424013
vt 0.341845006 0.390477985
vt 0.343008995 0.394091994
vt 0.342902005 0.394086003
vt 0.342927009 0.394183993
vt 0.342927009 0.394183993
vt 0.342902005 0.394086003
vt 0.342916995 0.394181997
vt 0.309275001 0.393931001
vt 0.309296012 0.393934011
vt 0.309296012 0.393934011
vt 0.309296012 0.393934011
vt 0.309287995 0.393943012
vt 0.309307009 0.393956989
vt 0.31606701 0.39645499
vt 0.316062003 0.39645499
vt 0.316074997 0.396456003
vt 0.316074997 0.396456003
vt 0.316062003 0.39645499
vt 0.316062003 0.396477997
vt 0.314788014 0.393943995
vt 0.31477201 0.393979013
vt 0.314788014 0.393943995
vt 0.31477201 0.393979013
vt 0.314788014 0.393943995
vt 0.314776987 0.393945992
vt 0.314776987 0.393945992
vt 0.314788014 0.393943995
vt 0.314783007 0.393938005
vt 0.31013 0.393633991
vt 0.310137004 0.393642992
vt 0.31013 0.393633991
vt 0.363445014 0.903443992
vt 0.363454014 0.903479993
vt 0.363463014 0.903481007
vt 0.31023401 0.394297987
vt 0.310229003 0.394297004
vt 0.310232997 0.394306004
vt 0.315652996 0.397931993
vt 0.315651 0.397929013
vt 0.315658003 0.397965014
vt 0.309323996 0.393918008
vt 0.309323013 0.393909991
vt 0.309296012 0.393934011
vt 0.309323013 0.393909991
vt 0.309323996 0.393918008
vt 0.309327006 0.393909991
vt 0.310249001 0.394291013
vt 0.310250998 0.394293994
vt 0.310258001 0.394300997
vt 0.314574987 0.393817008
vt 0.314570993 0.393817008
vt 0.314577013 0.393822014
vt 0.310184002 0.394035995
vt 0.310182989 0.394042999
vt 0.310184002 0.394035995
vt 0.310182989 0.394042999
vt 0.310171992 0.394037992
vt 0.310182989 0.394046992
vt 0.31191501 0.398914009
vt 0.311908007 0.398912013
vt 0.311915994 0.398936003
vt 0.314776003 0.393985003
vt 0.314769 0.39397499
vt 0.31476301 0.39399001
vt 0.314769 0.39397499
vt 0.314776003 0.393985003
vt 0.31477201 0.393979013
vt 0.310344011 0.393965989
vt 0.310351998 0.393956989
vt 0.310346991 0.393918008
vt 0.310294002 0.394326001
vt 0.310274005 0.394313008
vt 0.310279012 0.394335002
vt 0.310357004 0.393994987
vt 0.310355008 0.393992007
vt 0.310355008 0.394006997
vt 0.340140998 0.391820014
vt 0.347759008 0.398981988
vt 0.345077991 0.399949014
vt 0.345077991 0.399949014
vt 0.345104992 0.399964988
vt 0.345100999 0.39993301
vt 0.347759008 0.398981988
vt 0.345104992 0.399964988
vt 0.345077991 0.399949014
vt 0.31031701 0.394430012
vt 0.310330003 0.394423008
vt 0.310317993 0.394419014
vt 0.310330003 0.394423008
vt 0.31031701 0.394430012
vt 0.310321003 0.394428998
vt 0.310413986 0.394268006
vt 0.310402989 0.39427501
vt 0.310402006 0.39428699
vt 0.347602993 0.394625008
vt 0.34760499 0.394621015
vt 0.34760499 0.394621015
vt 0.366641998 0.903290987
vt 0.366638988 0.903295994
vt 0.366643012 0.90328902
vt 0.366643012 0.90328902
vt 0.366652012 0.903288007
vt 0.366663009 0.90328598
vt 0.309184998 0.394066006
vt 0.309193999 0.394055992
vt 0.309184998 0.394066006
vt 0.309184998 0.394066006
vt 0.309193999 0.394055992
vt 0.309184015 0.394062012
vt 0.314615011 0.394165993
vt 0.314621001 0.394158006
vt 0.314615995 0.394154012
vt 0.347586006 0.394661993
vt 0.347606003 0.394661009
vt 0.347586006 0.394661993
vt 0.314859986 0.400851011
vt 0.314871997 0.400851011
vt 0.314864993 0.400851011
vt 0.314871997 0.400851011
vt 0.314859986 0.400851011
vt 0.314871997 0.400858015
vt 0.366629004 0.903313994
vt 0.366623998 0.903317988
vt 0.366623998 0.903317988
vt 0.366623998 0.903317988
vt 0.366623014 0.903319001
vt 0.366623014 0.903319001
vt 0.366623998 0.903317988
vt 0.366623014 0.903319001
vt 0.366623998 0.903317988
vt 0.308753997 0.394354999
vt 0.308734 0.394349992
vt 0.308744997 0.394356012
vt 0.313003987 0.401199013
vt 0.313003987 0.401199996
vt 0.312994987 0.401192993
vt 0.312994987 0.401192993
vt 0.313003987 0.401199996
vt 0.313006997 0.401187003
vt 0.309803009 0.394300014
vt 0.309796005 0.394300997
vt 0.309803993 0.394315988
vt 0.317083001 0.393180996
vt 0.317086011 0.393186986
vt 0.317084998 0.393180013
vt 0.317086011 0.393186986
vt 0.317083001 0.393180996
vt 0.317086995 0.39319101
vt 0.366165012 0.905744016
vt 0.366156995 0.905744016
vt 0.366165012 0.905744016
vt 0.366165012 0.905744016
vt 0.366165012 0.905744016
vt 0.366165012 0.905744016
vt 0.308928996 0.394513011
vt 0.30892399 0.394513011
vt 0.309013009 0.394526005
vt 0.309206992 0.394517004
vt 0.309204012 0.394517004
vt 0.309163988 0.394528002
vt 0.309204012 0.394517004
vt 0.309206992 0.394517004
vt 0.309208989 0.394517004
vt 0.309006989 0.39309901
vt 0.309004992 0.393106014
vt 0.309008002 0.39310199
vt 0.309008002 0.39310199
vt 0.309004992 0.393106014
vt 0.308999002 0.393115014
vt 0.315239012 0.394450009
vt 0.315234989 0.394450009
vt 0.315234989 0.394463003
vt 0.315210015 0.394645005
vt 0.315223008 0.394645005
vt 0.315212995 0.394645005
vt 0.312204987 0.39894101
vt 0.312197 0.398936987
vt 0.312200993 0.398939013
vt 0.308964998 0.393254995
vt 0.308966994 0.393247992
vt 0.308964998 0.393254995
vt 0.315346986 0.394614011
vt 0.315340012 0.394616991
vt 0.315346003 0.394625008
vt 0.315335989 0.394726008
vt 0.315333992 0.394715995
vt 0.315324008 0.394728988
vt 0.315333992 0.394715995
vt 0.315335989 0.394726008
vt 0.315333992 0.394715995
vt 0.315333992 0.394715995
vt 0.315335989 0.394726008
vt 0.315333992 0.394717008
vt 0.316060007 0.396530002
vt 0.316060007 0.396530002
vt 0.316073 0.396508008
vt 0.310342014 0.394383997
vt 0.310337991 0.394385993
vt 0.310330003 0.394423008
vt 0.310337991 0.394385993
vt 0.310342014 0.394383997
vt 0.310333997 0.394376993
vt 0.309590012 0.393189013
vt 0.309594989 0.39320001
vt 0.309601009 0.393189996
vt 0.309594989 0.39320001
vt 0.309590012 0.393189013
vt 0.309594005 0.393198997
vt 0.308979005 0.393166006
vt 0.308977991 0.393164992
vt 0.308973998 0.393188
vt 0.31417799 0.396140009
vt 0.314159989 0.39615199
vt 0.314181 0.396164
vt 0.314240009 0.396223992
vt 0.314218998 0.396230012
vt 0.314242005 0.396241993
vt 0.314218998 0.396230012
vt 0.314240009 0.396223992
vt 0.314222991 0.396218002
vt 0.314229995 0.396293014
vt 0.314224005 0.396299988
vt 0.314229012 0.396304011
vt 0.314229012 0.396304011
vt 0.314222008 0.396302015
vt 0.314229012 0.396306008
vt 0.310454011 0.39447999
vt 0.310465991 0.394475996
vt 0.310454011 0.39447999
vt 0.314047009 0.396290988
vt 0.314049006 0.396293998
vt 0.314047009 0.396290988
vt 0.314047992 0.396302998
vt 0.314049006 0.396293998
vt 0.314047009 0.396290988
vt 0.309383988 0.393195003
vt 0.309381992 0.393182993
vt 0.309381992 0.393182993
vt 0.309740007 0.394181013
vt 0.309742987 0.394178003
vt 0.30974099 0.394174993
vt 0.309040993 0.393276989
vt 0.309053987 0.393283993
vt 0.309040993 0.393276989
vt 0.309053987 0.393283993
vt 0.309040993 0.393276989
vt 0.309038997 0.393289
vt 0.308874011 0.394190997
vt 0.308874011 0.394183993
vt 0.308869988 0.394210994
vt 0.309055001 0.393112004
vt 0.309062004 0.393101007
vt 0.309058011 0.393106997
vt 0.309062004 0.393101007
vt 0.309055001 0.393112004
vt 0.309062988 0.393112004
vt 0.315302014 0.394519001
vt 0.315301001 0.394511014
vt 0.315288007 0.394522011
vt 0.309749007 0.393220991
vt 0.309742987 0.393211007
vt 0.309747994 0.393218994
vt 0.363296002 0.903140008
vt 0.363292992 0.903146029
vt 0.363303006 0.903128028
vt 0.363303006 0.903128028
vt 0.363292992 0.903146029
vt 0.363296986 0.90317601
vt 0.309307009 0.393956989
vt 0.309311002 0.393963993
vt 0.309302002 0.393972009
vt 0.309302002 0.393972009
vt 0.309311002 0.393963993
vt 0.309307009 0.393956989
vt 0.310146987 0.393887013
vt 0.310155988 0.393877
vt 0.310142994 0.393824995
vt 0.310155988 0.393877
vt 0.310146987 0.393887013
vt 0.310151011 0.393884003
vt 0.316392988 0.399004996
vt 0.316381007 0.399004996
vt 0.316383004 0.399017006
vt 0.316383004 0.399017006
vt 0.316381007 0.399004996
vt 0.316383004 0.399019003
vt 0.316381007 0.399004996
vt 0.316392988 0.399004996
vt 0.316388011 0.399004996
vt 0.310355991 0.393624008
vt 0.310350001 0.393631995
vt 0.310369998 0.393694997
vt 0.309152991 0.393566996
vt 0.314103991 0.397799999
vt 0.31419301 0.397700995
vt 0.30972001 0.39379099
vt 0.309482008 0.393857986
vt 0.310086012 0.393709987
vt 0.366201013 0.905740023
vt 0.366201013 0.905749023
vt 0.366201013 0.905740023
vt 0.30873099 0.394243985
vt 0.308732986 0.394232005
vt 0.308732986 0.394234002
vt 0.308732986 0.394234002
vt 0.308732986 0.394232005
vt 0.308732986 0.394232005
vt 0.308714002 0.394353986
vt 0.308712989 0.394365013
vt 0.308721989 0.394358993
vt 0.308712989 0.394365013
vt 0.308712989 0.394358009
vt 0.308712006 0.394365996
vt 0.308750987 0.394418001
vt 0.30874899 0.394394994
vt 0.308744013 0.394407004
vt 0.30874899 0.394394994
vt 0.308750987 0.394418001
vt 0.308750987 0.394419014
vt 0.313989997 0.397394001
vt 0.313986987 0.397383988
vt 0.313988 0.397394001
vt 0.313988 0.397394001
vt 0.313986987 0.397383988
vt 0.313986987 0.397381991
vt 0.347086996 0.39804399
vt 0.347079009 0.39803499
vt 0.347079009 0.398070991
vt 0.346996009 0.398216009
vt 0.346973985 0.398220986
vt 0.346989006 0.398256004
vt 0.313937008 0.397406995
vt 0.313933015 0.397395015
vt 0.313935012 0.397406995
vt 0.363772988 0.903514028
vt 0.363768995 0.903519988
vt 0.363770992 0.903521001
vt 0.363052011 0.902796984
vt 0.363054991 0.902801991
vt 0.363054007 0.902795017
vt 0.363270015 0.902868986
vt 0.363270015 0.902868986
vt 0.363270998 0.902871013
vt 0.363270998 0.902871013
vt 0.363270015 0.902868986
vt 0.363263011 0.902873993
vt 0.345117003 0.399886996
vt 0.345108986 0.399895996
vt 0.345126003 0.399917006
vt 0.315748006 0.398104012
vt 0.315752 0.398090005
vt 0.315674007 0.397920996
vt 0.310245007 0.394219995
vt 0.310243994 0.394243985
vt 0.310250998 0.394259006
vt 0.315690994 0.398131996
vt 0.315688998 0.398120999
vt 0.315690994 0.398131996
vt 0.312265992 0.399076998
vt 0.312263012 0.399082005
vt 0.312276006 0.399098009
vt 0.308932006 0.393420011
vt 0.30893001 0.393431008
vt 0.308939993 0.393406004
vt 0.30893001 0.393431008
vt 0.30893001 0.393431008
vt 0.308930993 0.393427014
vt 0.310326993 0.394154012
vt 0.310324013 0.394165009
vt 0.310324013 0.394165009
vt 0.310324013 0.394165009
vt 0.310326993 0.394154012
vt 0.31032601 0.394156992
vt 0.310395986 0.394302994
vt 0.310404986 0.394297004
vt 0.310404003 0.394288003
vt 0.315275997 0.393622994
vt 0.315279007 0.393640012
vt 0.315290004 0.393624008
vt 0.315279007 0.393640012
vt 0.315275997 0.393622994
vt 0.315272987 0.393638998
vt 0.314684987 0.394986004
vt 0.315281987 0.393685997
vt 0.315272987 0.393664002
vt 0.310905993 0.396441996
vt 0.31091699 0.396438003
vt 0.310905993 0.396441996
vt 0.31091699 0.396438003
vt 0.310905993 0.396441996
vt 0.31091401 0.396450013
vt 0.308723003 0.394017994
vt 0.308735996 0.393994004
vt 0.308732003 0.393994004
vt 0.311035007 0.396479994
vt 0.311049014 0.396474004
vt 0.311035007 0.396479994
vt 0.311049014 0.396474004
vt 0.311035007 0.396479994
vt 0.311046004 0.396485001
vt 0.311046004 0.396485001
vt 0.311035007 0.396479994
vt 0.311040998 0.396483004
vt 0.310483009 0.401587993
vt 0.310485005 0.401576012
vt 0.310485005 0.401576012
vt 0.310485005 0.401576012
vt 0.310483009 0.401587993
vt 0.310485005 0.401580006
vt 0.309974015 0.394376993
vt 0.309969991 0.394367009
vt 0.309964001 0.394374013
vt 0.31092599 0.396438003
vt 0.31091401 0.396438986
vt 0.310929 0.396445006
vt 0.315212011 0.394733012
vt 0.315223008 0.394724995
vt 0.315210998 0.394726992
vt 0.315223008 0.394724995
vt 0.315212011 0.394733012
vt 0.315214008 0.394737989
vt 0.310205013 0.394044012
vt 0.310193986 0.394046992
vt 0.310167998 0.394201994
vt 0.310110986 0.394057006
vt 0.310128987 0.394053012
vt 0.310126007 0.394024014
vt 0.310950011 0.397168994
vt 0.310941011 0.397154987
vt 0.310939997 0.397154003
vt 0.310764015 0.397246987
vt 0.310754001 0.397244006
vt 0.310761988 0.397246987
vt 0.310754001 0.397244006
vt 0.310759008 0.397237003
vt 0.310755998 0.397240996
vt 0.366097987 0.905878007
vt 0.366097003 0.905870974
vt 0.366097003 0.905879021
vt 0.310941011 0.396504015
vt 0.310948014 0.396506011
vt 0.310941994 0.396497995
vt 0.310948014 0.396506011
vt 0.310941011 0.396504015
vt 0.310939997 0.396512985
vt 0.308674991 0.39378199
vt 0.308685005 0.393768996
vt 0.308676004 0.39377299
vt 0.308631986 0.394113988
vt 0.308631003 0.394133002
vt 0.30863899 0.394133002
vt 0.310014009 0.394187003
vt 0.310012013 0.394176006
vt 0.310000986 0.394187987
vt 0.310012013 0.394176006
vt 0.310012013 0.394176006
vt 0.310012013 0.394176006
vt 0.310900003 0.397190988
vt 0.310892999 0.397197008
vt 0.310900003 0.397190005
vt 0.310892999 0.397197008
vt 0.310891986 0.397199005
vt 0.310900003 0.397190005
vt 0.310896993 0.397204995
vt 0.310900003 0.397190005
vt 0.310891986 0.397199005
vt 0.310988009 0.396486998
vt 0.310979009 0.396479994
vt 0.310977995 0.396479994
vt 0.349372 0.40069899
vt 0.349368989 0.400709987
vt 0.349370986 0.400705993
vt 0.316433012 0.399118006
vt 0.316433012 0.399114996
vt 0.316424012 0.399145007
vt 0.316433012 0.399114996
vt 0.316433996 0.399114013
vt 0.316433996 0.399114013
vt 0.316433996 0.399114013
vt 0.316433012 0.399114996
vt 0.316433012 0.399118006
vt 0.308999985 0.39319101
vt 0.308973998 0.393188
vt 0.308997989 0.393254995
vt 0.315690994 0.398146987
vt 0.315649003 0.398158014
vt 0.315649003 0.398167014
vt 0.309316009 0.394113004
vt 0.309186995 0.394080997
vt 0.309311986 0.394136995
vt 0.309486985 0.393835992
vt 0.310155988 0.393877
vt 0.30972001 0.39379099
vt 0.314148992 0.397347987
vt 0.314114988 0.397294998
vt 0.314083993 0.397307009
vt 0.347689986 0.394652992
vt 0.347660005 0.394685
vt 0.347676992 0.394719005
vt 0.347669989 0.394703001
vt 0.347629994 0.394670993
vt 0.347586006 0.394661993
vt 0.347593993 0.394621998
vt 0.34760499 0.394648999
vt 0.347615987 0.394627005
vt 0.363142997 0.903302014
vt 0.363117993 0.903334022
vt 0.363115013 0.903360009
vt 0.30925101 0.393593997
vt 0.309273988 0.39339
vt 0.309249997 0.393397003
vt 0.316390991 0.399176002
vt 0.316399008 0.399194986
vt 0.316406012 0.399167001
vt 0.363285989 0.902909994
vt 0.363263011 0.902873993
vt 0.363323003 0.903028011
vt 0.314731002 0.393987
vt 0.314729989 0.394026995
vt 0.314743012 0.394005001
vt 0.313345999 0.395182997
vt 0.31339401 0.395186007
vt 0.313398004 0.395175993
vt 0.314615011 0.394165993
vt 0.31457001 0.394129992
vt 0.314561993 0.394156992
vt 0.309700012 0.393216997
vt 0.309742987 0.393222988
vt 0.30974099 0.393211007
vt 0.309695989 0.393218011
vt 0.309592009 0.393211991
vt 0.309698999 0.393229991
vt 0.310925007 0.397219002
vt 0.310950011 0.397168994
vt 0.31092599 0.397163987
vt 0.315277994 0.398153991
vt 0.315272003 0.398097992
vt 0.315263003 0.398101985
vt 0.313012004 0.401190013
vt 0.313019007 0.401156008
vt 0.312994987 0.401192993
vt 0.363292009 0.903487027
vt 0.363263011 0.903474987
vt 0.363296986 0.903500021
vt 0.315243989 0.394730985
vt 0.315324008 0.394717008
vt 0.315245986 0.394721001
vt 0.308712006 0.394365996
vt 0.30874899 0.394394994
vt 0.308721989 0.394358993
vt 0.315319985 0.394576013
vt 0.31535399 0.394542009
vt 0.31535399 0.394529015
vt 0.316062003 0.396477997
vt 0.316073 0.396508008
vt 0.316074997 0.396456003
vt 0.309035003 0.393150002
vt 0.308999002 0.393115014
vt 0.309011996 0.393157005
vt 0.31417501 0.396254987
vt 0.314087987 0.396225989
vt 0.314063996 0.396239012
vt 0.314112991 0.396171987
vt 0.314087987 0.396225989
vt 0.314117998 0.396174014
vt 0.315288007 0.393649995
vt 0.314217001 0.396082014
vt 0.314265996 0.396091998
vt 0.308757007 0.394239008
vt 0.308734 0.394349992
vt 0.308753997 0.394354999
vt 0.345124006 0.399958998
vt 0.345099986 0.399937987
vt 0.345100999 0.399966002
vt 0.345034987 0.399879009
vt 0.345100999 0.39993301
vt 0.345091999 0.399872005
vt 0.310167998 0.394201994
vt 0.310164005 0.394214988
vt 0.310184002 0.394212008
vt 0.363682002 0.902971029
vt 0.363729 0.903073013
vt 0.363691002 0.902953982
vt 0.364553005 0.903531015
vt 0.364535987 0.903479993
vt 0.363303006 0.903128028
vt 0.317093998 0.393238008
vt 0.317090005 0.393225998
vt 0.31704101 0.393229008
vt 0.347077996 0.398189992
vt 0.347103 0.398048013
vt 0.347079009 0.398070991
vt 0.308970004 0.393411011
vt 0.308939993 0.393406004
vt 0.308934987 0.393442988
vt 0.315210998 0.394710988
vt 0.315221995 0.39467001
vt 0.315210015 0.394645005
vt 0.310250998 0.394259006
vt 0.310249001 0.394291013
vt 0.310258001 0.394300997
vt 0.310321987 0.394221008
vt 0.310274005 0.394313008
vt 0.310294002 0.394326001
vt 0.308685005 0.393768996
vt 0.308732003 0.393756002
vt 0.308735013 0.393743992
vt 0.310068011 0.394335002
vt 0.309980005 0.394362986
vt 0.309976995 0.394376993
vt 0.308631003 0.394133002
vt 0.308533013 0.394089013
vt 0.308526993 0.394102007
vt 0.310440987 0.394475996
vt 0.310463995 0.394461989
vt 0.31043601 0.394445986
vt 0.310463011 0.394437999
vt 0.310499996 0.394463003
vt 0.310532987 0.394441009
vt 0.310925007 0.397219002
vt 0.310896993 0.397204995
vt 0.310941994 0.397255003
vt 0.315171987 0.393512011
vt 0.315180004 0.393501997
vt 0.315158993 0.39349699
vt 0.310207993 0.393566012
vt 0.31013599 0.393629014
vt 0.310137004 0.393642992
vt 0.314597011 0.393795997
vt 0.314570993 0.393817008
vt 0.314586014 0.393813014
vt 0.310963988 0.396479011
vt 0.310948014 0.396506011
vt 0.310977995 0.396479994
vt 0.311933011 0.398898989
vt 0.311960012 0.398981988
vt 0.311944991 0.398891985
vt 0.315288007 0.393649995
vt 0.315290004 0.393624008
vt 0.31527701 0.393642008
vt 0.314224005 0.396299988
vt 0.314242005 0.396241993
vt 0.314218998 0.396230012
vt 0.30993399 0.394205987
vt 0.310007989 0.394165009
vt 0.309909999 0.394192994
vt 0.314164996 0.397424012
vt 0.314148992 0.397347987
vt 0.314144999 0.397408992
vt 0.311901987 0.398950994
vt 0.311906993 0.399024993
vt 0.31191501 0.398914009
vt 0.310167998 0.394201994
vt 0.310196012 0.394219995
vt 0.310205013 0.394044012
vt 0.310840011 0.397237003
vt 0.310896993 0.39723599
vt 0.310896993 0.397204995
vt 0.314862996 0.400835991
vt 0.314886004 0.400795996
vt 0.314873993 0.400795013
vt 0.314213008 0.397552013
vt 0.314229012 0.397583991
vt 0.314217001 0.397543013
vt 0.310463011 0.394437999
vt 0.31042701 0.394324988
vt 0.31043601 0.394445986
vt 0.309204012 0.394504011
vt 0.309013009 0.394526005
vt 0.309163988 0.394528002
vt 0.309933007 0.394255012
vt 0.30993399 0.394205987
vt 0.309920013 0.39420101
vt 0.309311986 0.394136995
vt 0.309345007 0.394129992
vt 0.309314996 0.394125015
vt 0.363469988 0.903406978
vt 0.363508999 0.903405011
vt 0.363472015 0.903398991
vt 0.312258989 0.398878008
vt 0.312198997 0.39892
vt 0.312200993 0.398939013
vt 0.363463014 0.903481007
vt 0.363512009 0.903477013
vt 0.363445014 0.903443992
vt 0.314047009 0.397567987
vt 0.314072996 0.397592008
vt 0.314069986 0.397558987
vt 0.368236989 0.902691007
vt 0.368243992 0.90270102
vt 0.368274003 0.902701974
vt 0.315346003 0.394625008
vt 0.315331995 0.394636005
vt 0.315340012 0.394665003
vt 0.31033501 0.393916994
vt 0.310369998 0.393694997
vt 0.310350001 0.393631995
vt 0.316412002 0.399123013
vt 0.316399992 0.399114996
vt 0.316395015 0.399159998
vt 0.315239996 0.394506007
vt 0.315288007 0.394522011
vt 0.315292001 0.394510001
vt 0.366162986 0.905707002
vt 0.366156995 0.905744016
vt 0.366165012 0.905740023
vt 0.310317993 0.394419014
vt 0.310330003 0.394423008
vt 0.31032601 0.394391
vt 0.349227995 0.395139009
vt 0.345918 0.400155008
vt 0.345894992 0.400178999
vt 0.313933015 0.397395015
vt 0.31399101 0.397403985
vt 0.313986987 0.397381991
vt 0.308719009 0.394005001
vt 0.308714002 0.394125015
vt 0.308735996 0.393994004
vt 0.34760499 0.394648999
vt 0.347662002 0.39467001
vt 0.347689986 0.394652992
vt 0.363081008 0.903240979
vt 0.363117993 0.903334022
vt 0.363088995 0.903228998
vt 0.314810991 0.393954009
vt 0.314806998 0.393985987
vt 0.314835995 0.39398399
vt 0.311906993 0.399024993
vt 0.311877012 0.399087995
vt 0.311875999 0.399262995
vt 0.310479999 0.393732995
vt 0.310499012 0.393622011
vt 0.310485005 0.393593997
vt 0.309747994 0.393651009
vt 0.309713989 0.393846005
vt 0.309736013 0.393860996
vt 0.314830005 0.398187995
vt 0.314805001 0.398160994
vt 0.31477201 0.398180008
vt 0.314803988 0.398216993
vt 0.31479001 0.398185015
vt 0.314769 0.398196995
vt 0.346987009 0.398254007
vt 0.347056001 0.398353994
vt 0.346996009 0.398216009
vt 0.308623999 0.394246995
vt 0.308533013 0.394293994
vt 0.308539003 0.394322008
vt 0.310124993 0.394024014
vt 0.309599012 0.393687993
vt 0.310110986 0.394057006
vt 0.314258009 0.397379994
vt 0.314305991 0.397507012
vt 0.314332008 0.397498995
vt 0.364971012 0.90683198
vt 0.364968985 0.906774998
vt 0.364951015 0.906769991
vt 0.314752012 0.398308009
vt 0.314823002 0.398332
vt 0.31476599 0.398288995
vt 0.316412002 0.399123013
vt 0.316424012 0.399145007
vt 0.316422999 0.399109989
vt 0.314370006 0.398070991
vt 0.314381003 0.398045987
vt 0.31418401 0.397897005
vt 0.308999985 0.39319101
vt 0.309035987 0.393150985
vt 0.309011996 0.393157005
vt 0.314157009 0.396227002
vt 0.314181 0.396164
vt 0.314159006 0.396153003
vt 0.315674007 0.397920996
vt 0.315658003 0.397965014
vt 0.315748006 0.398104012
vt 0.347541004 0.394665986
vt 0.347577989 0.39467299
vt 0.347579002 0.394652009
vt 0.316543996 0.395256996
vt 0.316516995 0.395238012
vt 0.31653899 0.395292997
vt 0.310297012 0.394349009
vt 0.310304999 0.394396007
vt 0.310319006 0.394340008
vt 0.309358001 0.393177986
vt 0.309273988 0.393218011
vt 0.309383005 0.393189996
vt 0.310319006 0.394340008
vt 0.310326993 0.394327015
vt 0.310323 0.394329011
vt 0.341726989 0.390891999
vt 0.341637999 0.39090699
vt 0.341708988 0.39090699
vt 0.315636009 0.398425996
vt 0.315577 0.398214996
vt 0.315506995 0.398270994
vt 0.353522003 0.400972992
vt 0.347090989 0.398032993
vt 0.342539996 0.390078008
vt 0.314258009 0.397379994
vt 0.309181005 0.393258989
vt 0.314305991 0.397507012
vt 0.339679986 0.391281992
vt 0.341203988 0.390098006
vt 0.341169 0.390202999
vt 0.315241009 0.397742987
vt 0.310207993 0.393566012
vt 0.315216988 0.397466004
vt 0.310856998 0.396643013
vt 0.310860991 0.39666
vt 0.310936004 0.396613002
vt 0.344305992 0.395657986
vt 0.344226986 0.395603001
vt 0.34424001 0.395790011
vt 0.309736013 0.393860996
vt 0.309713989 0.393846005
vt 0.30972901 0.393873006
vt 0.344029993 0.395696014
vt 0.344031006 0.395747989
vt 0.344067991 0.395749986
vt 0.314148992 0.397347987
vt 0.31408599 0.397363007
vt 0.314099014 0.397386014
vt 0.308618993 0.394235998
vt 0.308623999 0.394246995
vt 0.308622986 0.394232988
vt 0.309350997 0.394140989
vt 0.308766991 0.389418006
vt 0.30934599 0.394142002
vt 0 0
vt 0 0
vt 0 0
vt 0.309381992 0.393182993
vt 0.309383005 0.393189996
vt 0.309383988 0.393195003
vt 0.367906988 0.904184997
vt 0.367888004 0.904152989
vt 0.36788699 0.904190004
vt 0.345856011 0.400180012
vt 0.345120996 0.396302998
vt 0.345854998 0.400157988
vt 0.310101002 0.393887013
vt 0.309563994 0.393678993
vt 0.309599012 0.393687993
vt 0.341672987 0.390765995
vt 0.341650009 0.390805006
vt 0.341711015 0.390884012
vt 0.346163005 0.394349992
vt 0.346213013 0.394378006
vt 0.346199989 0.394344985
vt 0.309882998 0.389737993
vt 0.309895009 0.389636993
vt 0.309890002 0.38962701
vt 0.309971988 0.389600009
vt 0.342714995 0.39071399
vt 0.342763007 0.390664995
vt 0.342723012 0.39062199
vt 0.342684001 0.39072001
vt 0.342166007 0.391205013
vt 0.342191011 0.391189009
vt 0.342112988 0.391198009
vt 0.342168987 0.391135007
vt 0.362560004 0.903285027
vt 0.362612993 0.902971983
vt 0.362571001 0.903097987
vt 0.362531006 0.903316021
vt 0.344446987 0.395669013
vt 0.344503999 0.395696014
vt 0.344493985 0.395669997
vt 0.344493002 0.395608991
vt 0.366246015 0.90585202
vt 0.366205007 0.905793011
vt 0.366209 0.905861974
vt 0.366245002 0.905786991
vt 0.309864014 0.389362991
vt 0.30983001 0.389209986
vt 0.309798986 0.389416009
vt 0.309776992 0.389295995
vt 0.308690012 0.388505995
vt 0.308600992 0.388494998
vt 0.308584005 0.388559014
vt 0.308699012 0.388460994
vt 0.342319995 0.391339004
vt 0.342247993 0.391339004
vt 0.342271 0.391398013
vt 0.342326999 0.391400993
vt 0.364701986 0.906672001
vt 0.364686996 0.90663898
vt 0.364679992 0.906719029
vt 0.364704996 0.906645
vt 0.314166993 0.397922993
vt 0.313998997 0.397911012
vt 0.314081013 0.398016006
vt 0.31416899 0.398047
vt 0.362489015 0.903427005
vt 0.362417012 0.903428972
vt 0.362477988 0.903434992
vt 0.362435997 0.903308988
vt 0.346410006 0.393189013
vt 0.346408993 0.393240988
vt 0.346448988 0.393240988
vt 0.346451014 0.393164992
vt 0.341814011 0.390816987
vt 0.341672987 0.390765995
vt 0.341711015 0.390884012
vt 0.341731995 0.390626013
vt 0.342296988 0.391000986
vt 0.34235099 0.390994012
vt 0.342339993 0.390985996
vt 0.342335999 0.391149998
vt 0.346376002 0.394535989
vt 0.346293986 0.394612998
vt 0.346377999 0.394612014
vt 0.346284986 0.394537002
vt 0.30925101 0.393593997
vt 0.309156001 0.393561989
vt 0.30915001 0.393583
vt 0.309276015 0.393629998
vt 0.314731002 0.393987
vt 0.314743012 0.394005001
vt 0.31476301 0.39399001
vt 0.314756989 0.393967986
vt 0.314002007 0.397884011
vt 0.313998997 0.397911012
vt 0.314166993 0.397922993
vt 0.31418401 0.397897005
vt 0.30862999 0.389804989
vt 0.308658987 0.389771014
vt 0.308607012 0.389380991
vt 0.308623999 0.389804006
vt 0.308541 0.389506012
vt 0.346754998 0.390794009
vt 0.347541988 0.394686997
vt 0.347541004 0.394665986
vt 0.346745014 0.390769005
vt 0.346213013 0.394189
vt 0.346161991 0.394329011
vt 0.346212 0.394333988
vt 0.346260995 0.394322008
vt 0.315506995 0.398270994
vt 0.309830993 0.389555991
vt 0.315636009 0.398425996
vt 0.309740007 0.389622003
vt 0.346996993 0.397798002
vt 0.346998006 0.397848994
vt 0.347036004 0.397846013
vt 0.347039014 0.397807986
vt 0.343189001 0.393844008
vt 0.343138009 0.393776
vt 0.343093991 0.393774986
vt 0.343116999 0.393972993
vt 0.314081013 0.398016006
vt 0.308349997 0.389256001
vt 0.308447003 0.389362007
vt 0.314175993 0.398061991
vt 0.348235995 0.393321007
vt 0.34821099 0.393375009
vt 0.348235995 0.393391013
vt 0.348259985 0.393335998
vt 0.367069006 0.903701007
vt 0.367031008 0.903702021
vt 0.367071003 0.903743982
vt 0.36707899 0.903743982
vt 0.341951013 0.390157014
vt 0.341915011 0.390148997
vt 0.341917008 0.390168011
vt 0.341975003 0.390255004
vt 0.308073997 0.389297992
vt 0.308090001 0.389081001
vt 0.307985008 0.389275014
vt 0.30805099 0.389411986
vt 0.31525901 0.394463986
vt 0.316067994 0.396373987
vt 0.316092014 0.396389008
vt 0.315234989 0.394463003
vt 0.34188199 0.390792996
vt 0.341928989 0.390601009
vt 0.34494701 0.397284001
vt 0.342586011 0.394573003
vt 0.346801013 0.390890986
vt 0.346901 0.390902013
vt 0.346901 0.390846014
vt 0.346787006 0.390819013
vt 0.344173014 0.395763993
vt 0.344159007 0.395844996
vt 0.34424001 0.395790011
vt 0.344226986 0.395603001
vt 0.346989006 0.394906014
vt 0.346935004 0.394903988
vt 0.346935004 0.395033985
vt 0.346996009 0.395029008
vt 0.308459014 0.388588995
vt 0.308400005 0.388586998
vt 0.308402002 0.388687998
vt 0.30844301 0.388686001
vt 0.347041011 0.398189008
vt 0.34632501 0.394459993
vt 0.346331 0.394342989
vt 0.347077996 0.398189992
vt 0.308456987 0.389526993
vt 0.308623999 0.389804006
vt 0.308541 0.389506012
vt 0.308447003 0.389362007
vt 0.308593005 0.389366001
vt 0.308304012 0.389492005
vt 0.308506012 0.388761014
vt 0.30844301 0.388686001
vt 0.308389992 0.388711005
vt 0.308382988 0.388794988
vt 0.341843992 0.391371995
vt 0.341973007 0.391324997
vt 0.341876 0.391265005
vt 0.341767997 0.391283989
vt 0.343093991 0.393440008
vt 0.34306401 0.393397003
vt 0.342997015 0.393449992
vt 0.343021989 0.39349401
vt 0.317090005 0.393225998
vt 0.317084014 0.39319399
vt 0.317057997 0.393207997
vt 0.31704101 0.393229008
vt 0.342781991 0.391535997
vt 0.343971997 0.396777987
vt 0.343962997 0.396907002
vt 0.342781991 0.391855001
vt 0.308569998 0.388882995
vt 0.308479995 0.388972998
vt 0.308555007 0.389063001
vt 0.308696002 0.388929993
vt 0.347443998 0.390570015
vt 0.347454995 0.390563011
vt 0.347438991 0.390572995
vt 0.347440988 0.390585989
vt 0.309693992 0.389613003
vt 0.309664011 0.389600992
vt 0.309653997 0.389681995
vt 0.309688002 0.389670998
vt 0.346212 0.394333988
vt 0.346973985 0.398220986
vt 0.346996009 0.398216009
vt 0.346260995 0.394322008
vt 0.363512009 0.903477013
vt 0.363555014 0.903463006
vt 0.363508999 0.903414011
vt 0.363445014 0.903443992
vn 0.834014654 0.0303005315 0.550909698
vn 0.81852144 0.187504917 0.543014228
vn 0.825617552 0.229804888 0.515310884
vn 0.15000461 0.963229537 0.222906843
vn 0.15000461 0.963229537 0.222906843
vn 0.15000461 0.963229537 0.222906843
vn 0.137703493 -0.586414814 0.798220217
vn 0.0202007797 -0.576522291 0.816831589
vn 0.125002354 -0.585310996 0.801115036
vn 0.568905771 0.822108388 0.0220002253
vn 0.568905771 0.822108388 0.0220002253
vn 0.55829078 0.829586267 -0.00989983603
vn -0.945749581 -0.0991947129 0.309383512
vn -0.945287287 0.14509806 0.292196065
vn -0.957665622 -0.0736973584 0.278289974
vn -0.998559177 0.0492979847 -0.0211991332
vn -0.998559177 0.0492979847 -0.0211991332
vn -0.998559177 0.0492979847 -0.0211991332
vn 0.679201305 -0.289600581 -0.674401283
vn -0.410806894 -0.523408711 0.746512473
vn -0.635513604 0.771716535 -0.0240005124
vn -0.266303867 0.762911081 0.589108586
vn -0.265885293 0.78015691 0.566268682
vn -0.285491109 0.797175229 0.531983495
vn -0.647102118 0.0175000578 0.762202501
vn -0.647102118 0.0175000578 0.762202501
vn -0.647102118 0.0175000578 0.762202501
vn 0.550437152 0.18441245 -0.81425494
vn 0.600922465 0.103103861 -0.792629659
vn 0.550212681 0.169603899 -0.817618847
vn -0.998780549 -0.00409991993 -0.049199041
vn -0.998780549 -0.00409991993 -0.049199041
vn -0.998780549 -0.00409991993 -0.049199041
vn -0.988795877 -0.0801996663 0.125899479
vn -0.984583259 -0.174897015 -0.00259995577
vn -0.989561498 -0.0421983562 -0.137794629
vn -0.996317148 0.081801407 0.0257004425
vn -0.951673388 0.0969972908 0.29139185
vn -0.934828341 0.34711048 0.0749022663
vn 0.892380714 0.416891009 0.172796264
vn 0.892380714 0.416891009 0.172796264
vn 0.906731486 0.385613382 0.170705914
vn -0.998715281 0.0282004308 -0.0421006419
vn -0.998634636 0.0230007973 -0.0469016246
vn -0.996428907 -0.0412011966 -0.0737021416
vn 0.998189032 0.0573993698 0.0179998018
vn 0.995965719 0.0817971826 0.0368987285
vn 0.998084784 0.05709913 0.0237996392
vn -0.951423764 -0.0357008912 0.30580762
vn -0.967593849 0.0325997919 0.250398397
vn -0.964633226 -0.0535018407 0.258108884
vn -0.999835372 -0.0180006362 -0.00230008131
vn -0.997910798 -0.0635006949 0.0119001288
vn -0.998660564 -0.0444982424 0.0263989568
vn -0.999367774 -0.0156994928 -0.0318989716
vn -0.99970907 0.0101000909 -0.0219001975
vn -0.9992854 -0.0176997408 -0.0333995111
vn 0.776117682 0.513211727 -0.366408378
vn 0.862420499 0.474311292 -0.1768042
vn 0.639496684 0.738496184 -0.213698879
vn -0.972568572 0.231192514 0.0256991684
vn -0.979530275 0.181905612 0.0862026662
vn -0.994565964 0.093296811 -0.0461984202
vn -0.168003947 0.32370764 0.931121945
vn -0.168003947 0.32370764 0.931121945
vn -0.168003947 0.32370764 0.931121945
vn 0.0157999527 0.027499916 -0.999496937
vn 0.0019999959 0.0199999604 -0.999798
vn 0.0027999091 0.0406986773 -0.999167562
vn 0.154905155 0.0138004599 -0.987832904
vn 0.155692026 0.0359981582 -0.987149537
vn 0.163396314 0.0366991721 -0.985877752
vn -0.114695974 0.132195354 -0.984565437
vn -0.115997382 0.135396942 -0.983977854
vn -0.114001796 0.133902103 -0.984415472
vn -0.911787748 -0.394694656 0.11339847
vn -0.918346822 -0.372219026 0.134506866
vn -0.918346822 -0.372219026 0.134506866
vn -0.999645591 -0.0215009823 0.0157007165
vn -0.999663711 -0.0216992125 0.0141994841
vn -0.999682188 -0.021599615 0.0129997684
vn -0.48369661 0.790594399 0.375497311
vn -0.48369661 0.790594399 0.375497311
vn -0.48369661 0.790594399 0.375497311
vn -0.994620919 -0.00610012794 -0.103402175
vn -0.981380403 -0.0910981819 -0.169096619
vn -0.992605448 -0.0468002521 -0.112000622
vn -0.992796481 0.0287998971 -0.116299592
vn -0.994436502 0.041301515 -0.0969035551
vn -0.997268975 -0.0357988849 -0.0645979866
vn -0.997682095 -0.011899787 -0.0669988021
vn -0.996442497 -0.0134005705 -0.0832035467
vn 0.71374166 0.226313218 0.662838697
vn 0.715401709 0.22380054 0.661901593
vn 0.718398869 0.225699648 0.657998919
vn 0.883965135 0.411383748 -0.222191229
vn 0.868685663 0.470292181 -0.155597433
vn 0.893551528 0.387922376 -0.226013035
vn 0.00900011882 0.578107715 0.815910876
vn 0.00900011882 0.578107715 0.815910876
vn 0.00900011882 0.578107715 0.815910876
vn -0.273700148 -0.105600059 -0.956000507
vn -0.358306438 -0.018700337 -0.933416784
vn -0.316385746 -0.0117994687 -0.948557258
vn 0.26121068 0.944838643 -0.197608083
vn 0.26121068 0.944838643 -0.197608083
vn 0.26121068 0.944838643 -0.197608083
vn -0.300884515 -0.856155813 -0.420078337
vn -0.300884515 -0.856155813 -0.420078337
vn -0.300884515 -0.856155813 -0.420078337
vn 0.905535281 0.0326012708 -0.423016489
vn 0.905535281 0.0326012708 -0.423016489
vn 0.905535281 0.0326012708 -0.423016489
vn -0.881961107 -0.4551799 0.122294605
vn -0.90097028 -0.416986227 0.119896039
vn -0.905728459 -0.394812405 0.154204845
vn -0.988566577 -0.0960967466 0.116196074
vn -0.988566577 -0.0960967466 0.116196074
vn -0.988566577 -0.0960967466 0.116196074
vn 0.94243139 0.218307272 0.253308445
vn 0.93770504 0.215401158 0.272601455
vn 0.943190932 0.20959799 0.257797539
vn -0.666589379 -0.487992257 0.563491046
vn -0.659987926 -0.434492022 0.612888813
vn -0.701111853 -0.475108057 0.531709015
vn -0.689540863 -0.523931026 0.500029624
vn -0.548201978 -0.620102227 0.561202049
vn -0.735018611 -0.40391019 0.544613779
vn -0.246690795 -0.0626976639 0.967063963
vn -0.263086706 -0.0575970896 0.963051379
vn -0.238208115 -0.155205294 0.958732665
vn 0.99216038 0.0863965526 -0.0902963951
vn 0.99216038 0.0863965526 -0.0902963951
vn 0.99216038 0.0863965526 -0.0902963951
vn -0.0842004716 0.0329001881 -0.995905519
vn -0.0910973996 0.0336990394 -0.995271623
vn -0.076699324 0.0334997028 -0.996491253
vn 0.438713312 0.255207747 0.861626148
vn 0.438713312 0.255207747 0.861626148
vn 0.438713312 0.255207747 0.861626148
vn 0.187903702 0.244304806 0.951318741
vn 0.140105739 0.13390547 0.98104012
vn 0.136594191 0.0896961838 0.98655802
vn -0.276501298 -0.880304098 -0.385501802
vn -0.57169354 -0.685792267 -0.450394899
vn -0.19890964 -0.89304328 -0.403619558
vn -0.933120012 0.0595012791 0.354607612
vn -0.930659771 0.064897202 0.360084414
vn -0.930002332 -0.0106000258 0.367400914
vn -0.0972046182 -0.0824039206 -0.991847157
vn -0.100699455 -0.0761995912 -0.991994619
vn -0.0972046182 -0.0824039206 -0.991847157
vn -0.302991509 -0.143195972 0.9421736
vn -0.297697395 -0.144298732 0.94369173
vn -0.298207015 -0.139703289 0.944222212
vn 0.903215826 -0.320805639 -0.28510502
vn 0.850217402 -0.418308556 -0.319606513
vn 0.844643056 -0.340877026 -0.412772208
vn -0.292999685 -0.0770999119 -0.952998877
vn -0.292999685 -0.0770999119 -0.952998877
vn -0.292999685 -0.0770999119 -0.952998877
vn 0.378498435 0.731996894 0.566497624
vn 0.378498435 0.731996894 0.566497624
vn 0.378498435 0.731996894 0.566497624
vn -0.990121007 0.124602631 0.0643013641
vn -0.980244875 0.126905814 0.151706949
vn -0.984130561 0.135304198 0.114803568
vn 0.173892871 -0.21919103 0.960060656
vn 0.219900787 -0.223800823 0.949503481
vn 0.214909092 -0.214709073 0.952740312
vn 0.28069663 0.703891575 0.652492166
vn 0.340300798 0.65050149 0.67900157
vn 0.351709932 0.715420127 0.603716969
vn 0.968890429 -0.0184998158 -0.246797562
vn 0.968890429 -0.0184998158 -0.246797562
vn 0.968890429 -0.0184998158 -0.246797562
vn -0.90750736 -0.358302891 -0.219201773
vn -0.90750736 -0.358302891 -0.219201773
vn -0.90750736 -0.358302891 -0.219201773
vn 0.566894829 -0.223497957 -0.792892754
vn 0.564414799 -0.228205994 -0.793320775
vn 0.566077828 -0.225291163 -0.792968929
vn -0.0247992128 -0.103996694 0.994268417
vn -0.0247992128 -0.103996694 0.994268417
vn -0.0247992128 -0.103996694 0.994268417
vn 0.967529893 0.252107769 0.0181005597
vn 0.967529893 0.252107769 0.0181005597
vn 0.967529893 0.252107769 0.0181005597
vn -0.166005269 0.935829699 0.310909867
vn -0.203893825 0.931671798 0.300690919
vn -0.164305136 0.935329258 0.313309819
vn -0.85208118 -0.107797608 -0.512188673
vn -0.85208118 -0.107797608 -0.512188673
vn -0.85208118 -0.107797608 -0.512188673
vn -0.404098719 0.0057999813 -0.914697051
vn -0.400991648 0.00119997503 -0.916080952
vn -0.422216862 -0.0103004128 -0.906436265
vn -0.966030598 -0.0454014391 -0.254408062
vn -0.966030598 -0.0454014391 -0.254408062
vn -0.966030598 -0.0454014391 -0.254408062
vn -0.997379422 -0.0360992551 -0.062698707
vn -0.997379422 -0.0360992551 -0.062698707
vn -0.997379422 -0.0360992551 -0.062698707
vn 0.980059981 -0.0908962861 0.176692784
vn 0.98186034 -0.0089996364 0.189392358
vn 0.980890632 -0.0171998367 0.193798155
vn 0.175091863 0.156992719 -0.971954882
vn 0.169407129 0.146206141 -0.974640965
vn 0.174006164 0.147505224 -0.973634481
vn 0.996999025 -0.0514999479 -0.0577999428
vn 0.996999025 -0.0514999479 -0.0577999428
vn 0.996999025 -0.0514999479 -0.0577999428
vn 0.37821117 0.231806844 -0.896226466
vn 0.373308152 0.229705006 -0.898819625
vn 0.381505907 0.233403608 -0.894413829
vn -0.649017811 0.170504674 -0.741420329
vn -0.649017811 0.170504674 -0.741420329
vn -0.649017811 0.170504674 -0.741420329
vn -0.901705146 0.213601217 0.375902116
vn -0.851646721 0.206387088 0.48176986
vn -0.766819358 0.306207716 0.564114273
vn -0.916500688 -0.179300129 -0.357600272
vn -0.916500688 -0.179300129 -0.357600272
vn -0.916500688 -0.179300129 -0.357600272
vn 0.116304234 -0.10030365 -0.988135934
vn 0.0945964605 -0.103096142 -0.990162969
vn 0.129500061 -0.0657000318 -0.989400446
vn -0.236598581 0.00509996945 -0.971594155
vn -0.223706424 0.0289008301 -0.974228024
vn -0.28289032 -0.0689976364 -0.956667304
vn 0.606627285 0.650629282 0.456820577
vn 0.606627285 0.650629282 0.456820577
vn 0.649096072 0.578396499 0.494096994
vn 0.548374832 0.616971672 0.564474106
vn 0.601408839 0.630409241 0.490807205
vn -0.991976678 -0.0287993234 0.123097107
vn -0.991976678 -0.0287993234 0.123097107
vn -0.991976678 -0.0287993234 0.123097107
vn 0.396784931 0.78757 0.471482038
vn 0.364219308 0.79644227 0.48272562
vn 0.442293793 0.778689086 0.444993764
vn 0.745262146 0.00269986293 -0.666766167
vn 0.7466681 0.0128994491 -0.665071607
vn 0.747293293 -0.000599994615 -0.664494038
vn -0.933733523 0.0661023706 0.351812631
vn -0.920127153 0.0523015447 0.388111472
vn -0.929536045 0.0806031302 0.359813958
vn 0.343611032 -0.114303671 0.93212992
vn 0.384610027 -0.0500013009 0.921723962
vn 0.31240499 -0.0927014723 0.94541502
vn 0.448687196 -0.150795698 0.880874813
vn 0.44959113 -0.105497912 0.886982501
vn -0.545386851 0.117697157 -0.82987994
vn -0.478789687 0.0730984211 -0.874881148
vn -0.494991302 0.106998108 -0.86228478
vn 0.871991575 -0.251797557 0.41979596
vn 0.871991575 -0.251797557 0.41979596
vn 0.871991575 -0.251797557 0.41979596
vn -0.0901018977 0.0149003137 -0.995820999
vn -0.0902018771 0.0143002979 -0.995820761
vn -0.0834974423 0.0217993315 -0.996269464
vn 0.158391923 0.223488599 0.961750925
vn 0.158391923 0.223488599 0.961750925
vn 0.158391923 0.223488599 0.961750925
vn 0.123996504 0.0489986204 -0.991072118
vn 0.131907135 0.00410022214 -0.991253674
vn 0.115596615 0.0633981526 -0.991271019
vn -0.395203531 -0.918308139 -0.0229002051
vn -0.396807075 -0.917616308 -0.0229004081
vn -0.396718204 -0.917642117 -0.0234010741
vn -0.989261031 0.0985961184 0.107895747
vn -0.987262905 0.091296576 0.130295113
vn -0.984323978 0.0872021243 0.153303728
vn 0.186994225 0.0592981689 0.98056972
vn 0.186994225 0.0592981689 0.98056972
vn 0.186505139 0.0615016967 0.980527043
vn 0.450694621 0.518593788 0.726591289
vn 0.450694621 0.518593788 0.726591289
vn 0.450694621 0.518593788 0.726591289
vn -0.771905839 -0.0305002313 0.635004818
vn -0.825006962 0.0836007074 0.558904707
vn -0.809903681 -0.0730003342 0.58200264
vn -0.998657942 0.0459980629 0.0237989966
vn -0.99189353 -0.088999413 0.0906994119
vn -0.991633058 0.122504085 0.0407013558
vn -0.996933579 -0.0115003875 0.0774026066
vn -0.999888659 0.0105998795 0.0104998816
vn -0.851185262 0.0557990298 0.521890938
vn -0.851185262 0.0557990298 0.521890938
vn -0.851185262 0.0557990298 0.521890938
vn -0.108495846 -0.113795653 0.987562299
vn -0.103602894 -0.11080309 0.988427579
vn -0.11239782 -0.0523989797 0.992280662
vn -0.0197003037 0.0241003726 -0.999515414
vn -0.0217009094 0.0211008843 -0.999541879
vn -0.0268987045 0.0192990713 -0.999451816
vn -0.0365006439 0.120702133 0.992017508
vn -0.035498701 0.119795613 0.992163658
vn -0.0321994014 0.121397741 0.992081523
vn -0.999353468 0.00569973467 -0.0354983471
vn -0.999459803 0.00209991541 -0.0327986814
vn -0.998540401 0.0355014391 -0.0407016464
vn -0.978399992 0.121699996 0.167099997
vn -0.737061083 0.445876449 0.507873178
vn -0.865798235 0.333899289 0.372699231
vn -0.0673014373 0.247605294 -0.966520667
vn -0.0673014373 0.247605294 -0.966520667
vn -0.0673014373 0.247605294 -0.966520667
vn 0.947095633 0.19799909 0.252598852
vn 0.932497323 0.0438998751 0.358498961
vn 0.950629532 -0.0996030942 0.293909132
vn -0.383084178 -0.902962685 0.194691956
vn -0.414692968 -0.885185003 0.210896417
vn -0.395210207 -0.897523105 0.19560504
vn -0.928398848 -0.298499614 0.221299738
vn -0.923804462 -0.299901426 0.238001168
vn -0.928398848 -0.298499614 0.221299738
vn -0.0782006681 -0.976608396 0.200301707
vn -0.0782006681 -0.976608396 0.200301707
vn -0.0782006681 -0.976608396 0.200301707
vn 0.759257257 -0.648263514 -0.057296779
vn 0.759371579 -0.647875726 -0.060097754
vn 0.764723539 -0.639919758 -0.0755023211
vn 0.0890003815 -0.0074000312 0.996004164
vn 0.100599244 -0.0293997787 0.994492531
vn 0.160006121 -0.126804844 0.978937447
vn 0.084499374 -0.0979992673 0.991592646
vn 0.267911315 0.0694029331 0.960940599
vn 0.813166857 -0.247089937 0.526978493
vn 0.823674798 -0.293191016 0.48538515
vn 0.804050803 -0.221814021 0.551634848
vn -0.965290725 -0.259197503 0.0320996903
vn -0.93967855 -0.29779318 0.168296158
vn -0.968376637 -0.246794045 0.0365991183
vn 0.256290764 0.164694056 -0.952465653
vn 0.260713339 0.164208397 -0.951348662
vn 0.249709651 0.165706411 -0.954036891
vn 0.359698147 0.0263998639 -0.93269515
vn 0.359698147 0.0263998639 -0.93269515
vn 0.359698147 0.0263998639 -0.93269515
vn 0.927335143 0.267110109 -0.262109935
vn 0.875705302 0.404802442 -0.263201624
vn 0.906510592 0.362204254 -0.216902554
vn -0.999197066 -0.0349998958 0.0194999427
vn -0.999053657 -0.0433979854 0.00289986539
vn -0.997639179 -0.0686026961 0.00310012163
vn -0.42830205 0.0154000744 -0.903504372
vn -0.449995548 -0.166398361 -0.877391338
vn -0.445880324 -0.198691234 -0.872761488
vn -0.364389747 0.154895648 0.918274164
vn -0.364389747 0.154895648 0.918274164
vn -0.364389747 0.154895648 0.918274164
vn -0.224597454 -0.311596453 -0.923289537
vn -0.224393263 -0.312090605 -0.923172295
vn -0.224991217 -0.311387837 -0.923264027
vn -0.150202259 -0.021800328 0.988414884
vn -0.150202259 -0.021800328 0.988414884
vn -0.15080519 -0.0160005521 0.988434017
vn -0.307390064 -0.949469328 0.0633979514
vn -0.230304658 -0.968919635 0.0903018266
vn -0.20439893 -0.977494895 0.0521997251
vn 0.946060836 0.230490461 -0.227690578
vn 0.935824811 0.285707563 -0.206405476
vn 0.947886646 0.258896321 -0.185697392
vn 0.99251467 0.103201523 -0.0653009713
vn 0.993112028 0.102201238 -0.057300698
vn 0.994126678 0.102302752 -0.0353009477
vn -0.997018456 0.075401403 -0.0164003037
vn -0.997018456 0.075401403 -0.0164003037
vn -0.995855749 0.0876961127 -0.024098929
vn -0.994587421 -0.0952987894 0.0413994752
vn -0.994587421 -0.0952987894 0.0413994752
vn -0.994587421 -0.0952987894 0.0413994752
vn 0.882401884 0.045400098 0.468300998
vn 0.891817272 0.0354006849 0.451008737
vn 0.887317836 0.0538010821 0.458009183
vn 0.965440333 0.0579024181 0.254110605
vn 0.96589613 0.0627997443 0.251198977
vn 0.962875187 0.0629983768 0.262493223
vn 0.830605924 0.318902254 -0.456503242
vn 0.830605924 0.318902254 -0.456503242
vn 0.830605924 0.318902254 -0.456503242
vn 0.797516584 0.376107812 0.471709788
vn 0.798808634 0.371203989 0.473405123
vn 0.798808634 0.371203989 0.473405123
vn -0.934729695 -0.169905394 0.312109888
vn -0.924258173 -0.115794763 0.363783509
vn -0.928934157 -0.0457016788 0.367413521
vn -0.876616478 -0.0447008386 -0.479108959
vn -0.848636329 0.0685029328 -0.524522483
vn -0.81959635 -0.0829996318 -0.566897511
vn -0.0702971816 0.950461864 0.30278787
vn -0.0687019154 0.950826526 0.30200842
vn -0.0675000399 0.951200545 0.301100165
vn 0.883710802 0.437605321 0.16600202
vn 0.883710802 0.437605321 0.16600202
vn 0.933123529 0.353408903 0.066201672
vn 0.127503708 -0.063101843 -0.989828765
vn 0.127503708 -0.063101843 -0.989828765
vn 0.127503708 -0.063101843 -0.989828765
vn 0.614616632 -0.78882134 0.00270007318
vn 0.614616632 -0.78882134 0.00270007318
vn 0.614616632 -0.78882134 0.00270007318
vn 0.459714413 -0.084602654 0.884027719
vn 0.459714413 -0.084602654 0.884027719
vn 0.459714413 -0.084602654 0.884027719
vn -0.334507376 -0.0428009406 -0.941420674
vn -0.333908945 -0.0358009562 -0.941925228
vn -0.334507376 -0.0428009406 -0.941420674
vn 0.162093997 -0.53218025 0.830969155
vn 0.162093997 -0.53218025 0.830969155
vn 0.162093997 -0.53218025 0.830969155
vn 0.427707076 0.0911015049 0.899314821
vn 0.426122129 0.159208268 0.890546262
vn 0.511208951 0.0480008386 0.858115017
vn 0.0016000598 -0.0769028738 -0.997037292
vn -0.00469988631 -0.0800980628 -0.996775925
vn -0.00469988631 -0.0800980628 -0.996775925
vn 0.559482992 0.670979619 -0.48658523
vn 0.603901148 0.709601283 -0.363000691
vn 0.629282653 0.749379396 -0.205994338
vn -0.604391813 -0.757789791 0.245896712
vn -0.608805895 -0.737307131 0.29280287
vn -0.579990625 -0.763887644 0.282995433
vn -0.684098125 -0.26409927 0.679898202
vn -0.786470294 -0.300888658 0.539379597
vn -0.727430999 -0.330714107 0.601225615
vn -0.996905982 0.0740004405 -0.026500158
vn -0.999974012 -0.0003999896 0.00719981268
vn -0.99998033 0.00519989757 0.00349993119
vn 0.91698879 0.351995707 0.187697709
vn 0.922667623 0.323788643 0.209392652
vn 0.988286793 0.0206997227 0.15119797
vn -0.0525995754 0.0513995849 0.997291982
vn -0.050300777 0.0209003221 0.998515427
vn -0.0334988199 -0.125995561 0.991465032
vn 0.979968727 -0.0695977807 0.186594039
vn 0.97752142 -0.0676014796 0.199704364
vn 0.954930305 -0.258608192 0.145704612
vn 0.439784735 0.85637033 0.270590603
vn 0.467711031 0.84461993 0.260506153
vn 0.445007622 0.863814771 0.236204043
vn 0.505018353 0.204507425 0.838530421
vn 0.505018353 0.204507425 0.838530421
vn 0.505018353 0.204507425 0.838530421
vn 0.894375801 0.318691373 -0.3138915
vn 0.894375801 0.318691373 -0.3138915
vn 0.894428313 0.319410115 -0.313009888
vn 0.901251078 0.116206586 -0.417423666
vn 0.930746019 0.128306329 -0.342416942
vn 0.908481181 0.0139997099 -0.41769132
vn 0.248806566 0.00730019342 -0.968525648
vn 0.249696389 0.00859987643 -0.968285978
vn 0.251393944 0.0039999038 -0.967876613
vn -0.177295625 0.0654983744 0.981975734
vn -0.309910983 0.186806634 0.932233095
vn -0.46291092 0.0122002866 0.886320889
vn -0.103802361 -0.059401352 -0.992822587
vn -0.103802361 -0.059401352 -0.992822587
vn -0.103802361 -0.059401352 -0.992822587
vn 0.960514605 0.17300263 -0.217903301
vn 0.968133867 0.156505466 -0.195506841
vn 0.967760026 0.17989257 -0.176292717
vn 0.929740727 -0.170207456 0.326514304
vn 0.942738652 -0.296580702 0.152590081
vn 0.986673594 -0.107097141 0.122496724
vn 0.92161417 0.387905955 0.012500193
vn 0.943669856 0.330289453 -0.0198993627
vn 0.94683671 0.320312411 -0.0300011616
vn -0.175704822 0.0151004149 0.984327018
vn -0.175704822 0.0151004149 0.984327018
vn -0.175704822 0.0151004149 0.984327018
vn 0.962420464 -0.0479010157 -0.267305702
vn 0.960690022 -0.0579993948 -0.27149716
vn 0.963190138 -0.0182998143 -0.268197268
vn 0.963227987 0.124103613 -0.238306925
vn 0.958331943 0.113803789 -0.262008727
vn 0.96590513 0.120200641 -0.229301229
vn 0.939149559 0.179490358 -0.29288426
vn 0.934285879 0.143897831 -0.326195091
vn 0.930019438 0.206504315 -0.304006338
vn 0.593319595 0.0544018038 0.803126574
vn 0.648405433 0.0728006139 0.757806361
vn 0.656901598 0.0487001203 0.752401829
vn 0.0993013158 0.970612884 0.219202906
vn 0.0993013158 0.970612884 0.219202906
vn 0.0993013158 0.970612884 0.219202906
vn -0.482697487 0.771596014 0.414297849
vn -0.501289308 0.758283794 0.416791052
vn -0.501289308 0.758283794 0.416791052
vn -0.999652386 -0.00669968082 0.0254987851
vn -0.960268497 0.147695139 0.236792222
vn -0.996830761 0.0528016277 0.0595018379
vn -0.999806345 -0.019600125 0.00180001138
vn -0.902317524 -0.310706019 0.298805803
vn -0.944953918 0.168491796 -0.280486315
vn -0.232303411 0.957314074 -0.172002539
vn -0.232303411 0.957314074 -0.172002539
vn -0.232303411 0.957314074 -0.172002539
vn 0.847138762 -0.0466021299 0.529324174
vn 0.852175891 -0.0391988941 0.521785259
vn 0.838449299 -0.0383022502 0.543631971
vn -0.0531991348 0.000499991933 -0.998583794
vn -0.0773003995 -0.0201001037 -0.996805191
vn -0.0806998909 -0.0166999754 -0.996598542
vn -0.999883175 -0.0128997834 0.0081998622
vn -0.999125779 -0.0131003372 -0.0397010259
vn -0.997728765 0.0672019422 -0.00460013282
vn -0.623778999 0.0910969302 0.776273847
vn -0.743714988 0.0564011373 0.666113377
vn -0.743714988 0.0564011373 0.666113377
vn -0.870215893 -0.271504939 0.41110754
vn -0.871241987 -0.279913485 0.403219402
vn -0.868431211 -0.274309874 0.413014829
vn -0.233102828 -0.0614007488 -0.970511794
vn -0.231312186 -0.0158008318 -0.97275126
vn -0.231192797 -0.0163994897 -0.972769737
vn -0.914523959 0.00990025885 0.404410601
vn -0.914523959 0.00990025885 0.404410601
vn -0.914523959 0.00990025885 0.404410601
vn -0.834368587 0.535779834 0.129495129
vn -0.860110939 0.500506401 0.0985012576
vn -0.832552135 0.505170941 0.227286935
vn -0.914552331 -0.387022138 0.117506728
vn -0.914552331 -0.387022138 0.117506728
vn -0.914552331 -0.387022138 0.117506728
vn 0.742880166 0.654082537 0.142496198
vn 0.742880166 0.654082537 0.142496198
vn 0.742880166 0.654082537 0.142496198
vn 0.285007298 -0.00120003079 0.958524525
vn 0.27829808 -0.00159998902 0.960493386
vn 0.280105561 -0.00980019569 0.959919155
vn -0.836509705 0.136001587 0.530806184
vn -0.890890241 -0.0105998833 0.454095036
vn -0.923771143 0.0186994169 0.382488072
vn -0.502525806 0.731637597 -0.460623682
vn -0.502525806 0.731637597 -0.460623682
vn -0.502525806 0.731637597 -0.460623682
vn 0.0685026273 -0.726327896 0.683926225
vn 0.0685026273 -0.726327896 0.683926225
vn 0.0685026273 -0.726327896 0.683926225
vn 0.866465867 0.461381853 0.190692484
vn 0.873224199 0.425411761 0.237706587
vn 0.866465867 0.461381853 0.190692484
vn 0.474010229 -0.100902177 0.874718845
vn 0.503124356 -0.120005801 0.855841398
vn 0.512393773 -0.0579993017 0.856789708
vn 0.238592118 0.734675765 0.635079026
vn 0.251109272 0.762928188 0.595722079
vn 0.168593466 0.69287312 0.701072812
vn 0.858703732 0.346801519 0.377301633
vn 0.86740762 0.16340144 0.470004112
vn 0.879772127 0.247992128 0.405587137
vn 0.975908518 -0.0477004163 0.21290186
vn 0.970637143 -0.10080386 0.218408346
vn 0.981102765 -0.0665001869 0.181700513
vn 0.24088861 -0.655368984 0.715866148
vn 0.557222605 -0.716829062 0.419117004
vn 0.35820511 -0.69040978 0.628508866
vn -0.864990592 0.450795114 0.220397606
vn -0.677310109 0.259503871 0.688410282
vn -0.892233014 0.44511649 0.0761028156
vn -0.999940991 -0.010100414 -0.0040001641
vn -0.999650478 0.0211989488 -0.0157992151
vn -0.999940991 -0.010100414 -0.0040001641
vn 0.00580008561 -0.0890013203 -0.996014714
vn 0.0216991212 -0.128594786 -0.991459846
vn 0.00169992237 -0.106095158 -0.994354606
vn -0.884222686 0.102802634 0.455611676
vn -0.889531553 0.0120004257 0.45671615
vn -0.887186825 0.0664990097 0.456593215
vn 0.52998811 -0.528988123 0.662785172
vn 0.52998811 -0.528988123 0.662785172
vn 0.52998811 -0.528988123 0.662785172
vn 0.982597172 -0.138299599 0.12399964
vn 0.977606297 -0.170101106 0.123900793
vn 0.987464905 -0.10779617 0.115295902
vn -0.602068365 0.736361325 0.308683783
vn -0.60249126 0.745889127 0.283995897
vn -0.613528788 0.714333475 0.336615801
vn -0.926708519 -0.2297021 0.29740274
vn -0.940984309 -0.197296724 0.274995446
vn -0.932619989 -0.236905083 0.27220583
vn 0.798600554 0.262500167 0.541600347
vn 0.794776559 0.26889208 0.544083953
vn 0.783780634 0.280493051 0.554086328
vn 0.00929968432 0.823472023 0.567280769
vn 0.0168003105 0.826415241 0.562810421
vn 0.00929968432 0.823472023 0.567280769
vn 0.992964268 -0.0138994996 -0.117595769
vn 0.978476346 0.0283993129 -0.204395071
vn 0.986120343 0.0265005473 -0.163903385
vn -0.517476857 0.854761839 -0.0399982147
vn -0.458488911 0.888578534 -0.0146996444
vn -0.41261515 0.910733402 -0.0177006479
vn -0.997543871 0.0467020534 0.0522022992
vn -0.997543871 0.0467020534 0.0522022992
vn -0.997543871 0.0467020534 0.0522022992
vn -0.160290331 0.373577476 -0.91364485
vn -0.165095896 0.391890287 -0.905077517
vn -0.137398109 0.411294341 -0.901087582
vn 0.519908011 -0.0189002901 -0.854013145
vn 0.52028358 -0.0193993896 -0.853773117
vn 0.52488035 -0.0293988995 -0.850668132
vn 0.661893904 -0.630194247 0.405896276
vn 0.70763588 -0.590829909 0.387519658
vn 0.684914231 -0.602112532 0.41030851
vn 0.0570997968 0.311598867 -0.94849658
vn 0.310982019 0.204988152 -0.928046346
vn 0.0570997968 0.311598867 -0.94849658
vn -0.825290442 0.449294776 0.342096031
vn -0.919540167 0.273911953 0.28181231
vn -0.868613839 0.389706194 0.306004852
vn -0.900126278 0.303908885 0.312109083
vn -0.900126278 0.303908885 0.312109083
vn -0.900126278 0.303908885 0.312109083
vn 0.945514262 -0.227403432 -0.233003512
vn 0.994289398 -0.00199997867 -0.106698863
vn 0.96157068 -0.203693792 -0.184094384
vn 0.962762654 -0.11809542 -0.243190557
vn 0.96324271 -0.167007416 -0.210409343
vn 0.909734368 -0.37941435 0.168606356
vn 0.909734368 -0.37941435 0.168606356
vn 0.909734368 -0.37941435 0.168606356
vn 0.989663064 0.00579978339 -0.143294647
vn 0.989450037 0.0103005208 -0.144507319
vn 0.989597619 0.0086999787 -0.143599644
vn 0.549408674 -0.735211611 0.397006303
vn 0.548618674 -0.733624935 0.401013643
vn 0.546525836 -0.737134874 0.397418797
vn -0.998124659 0.00120002974 -0.0612015128
vn -0.998759985 -0.0182992686 -0.0462981462
vn -0.997692585 -0.0602995567 -0.03119977
vn -0.780305624 0.623904467 0.043200314
vn -0.780305624 0.623904467 0.043200314
vn -0.780305624 0.623904467 0.043200314
vn 0.0386012457 -0.00670021586 -0.999232173
vn 0.0294989236 0.00159994164 -0.999563515
vn 0.0374993868 -0.00509991683 -0.999283612
vn 0.893003702 -0.116900474 0.434601814
vn 0.893003702 -0.116900474 0.434601814
vn 0.893003702 -0.116900474 0.434601814
vn 0.0537017994 0.0452015176 -0.997533441
vn 0.0171001442 0.0386003256 -0.999108374
vn 0.0106005035 0.0315014981 -0.999447525
vn 0.145803049 -0.0396008305 -0.988520741
vn 0.141101867 -0.0275003649 -0.989613116
vn 0.147702396 -0.034900561 -0.988415956
vn -0.60079664 0.00319998199 0.799395502
vn -0.60079664 0.00319998199 0.799395502
vn -0.60079664 0.00319998199 0.799395502
vn -0.406187475 -0.71037811 0.574782312
vn -0.479696006 -0.687894285 0.544695497
vn -0.481807172 -0.641809583 0.596608937
vn -0.363800943 0.894802332 0.258800685
vn -0.296987802 0.934361696 0.196891919
vn -0.363800943 0.894802332 0.258800685
vn 0.996555328 0.0695968866 0.0450979806
vn 0.996555328 0.0695968866 0.0450979806
vn 0.996555328 0.0695968866 0.0450979806
vn -0.989718795 -0.138602629 0.0353006721
vn -0.990270138 -0.130396068 0.0485985316
vn -0.987829566 -0.155004635 0.0129003869
vn -0.986020386 -0.157003254 0.0558011495
vn -0.993707538 -0.107800812 -0.0304002296
vn -0.423394412 0.0101998653 -0.905888021
vn -0.423394412 0.0101998653 -0.905888021
vn -0.423394412 0.0101998653 -0.905888021
vn 0.930378199 0.36639142 0.0123997098
vn 0.926916361 0.375106603 0.0110001937
vn 0.930378199 0.36639142 0.0123997098
vn -0.982153475 0.041298043 0.183491319
vn -0.97971493 0.0506007671 0.193902954
vn -0.980743706 0.0468020849 0.189608455
vn -0.951380789 -0.270894557 0.146597028
vn -0.959062636 -0.267489612 0.0929963812
vn -0.989914536 -0.136502013 0.0379005596
vn 0.511990786 -0.85168463 0.111797981
vn 0.516687691 -0.848279774 0.11599724
vn 0.520610392 -0.844916821 0.122802451
vn -0.952763498 -0.296588659 -0.0653974935
vn -0.918413401 -0.300604373 -0.257203758
vn -0.943705201 -0.310301721 -0.114600636
vn 0.92359215 0.175598517 -0.340797096
vn 0.92359215 0.175598517 -0.340797096
vn 0.92359215 0.175598517 -0.340797096
vn 0.670692265 -0.266796887 0.692092001
vn 0.674776852 -0.284990221 0.680776656
vn 0.689173579 -0.246790558 0.681273878
vn 0.898889363 -0.280896693 0.336296022
vn 0.898889363 -0.280896693 0.336296022
vn 0.898889363 -0.280896693 0.336296022
vn 0.949619055 0.0326006562 0.311706245
vn 0.949619055 0.0326006562 0.311706245
vn 0.949619055 0.0326006562 0.311706245
vn -0.970434427 -0.172906145 0.16840598
vn -0.970434427 -0.172906145 0.16840598
vn -0.970434427 -0.172906145 0.16840598
vn -0.111500867 -0.0897006914 0.989707708
vn -0.195104808 -0.163704023 0.967023849
vn -0.169890985 -0.11569386 0.978648067
vn -0.353291512 -0.0209994968 0.935277522
vn -0.353012651 -0.0186006669 0.935433567
vn -0.354891419 -0.0155996215 0.934777379
vn -0.151605129 0.702623725 0.69522351
vn -0.151605129 0.702623725 0.69522351
vn -0.151605129 0.702623725 0.69522351
vn -0.0398980379 0.853858054 0.518974483
vn -0.00310010696 0.85602951 0.516917825
vn -0.0531981066 0.838770151 0.541880667
vn -0.957900107 -0.265400022 0.109500013
vn -0.957900107 -0.265400022 0.109500013
vn -0.957900107 -0.265400022 0.109500013
vn -0.957777262 0.182095677 0.222494721
vn -0.991117477 0.130302295 0.0266004689
vn -0.963485062 0.14639774 0.224196523
vn 0.986399412 0.0714999586 -0.147999913
vn 0.986399412 0.0714999586 -0.147999913
vn 0.986399412 0.0714999586 -0.147999913
vn -0.350406706 -0.577311099 0.737514138
vn -0.364706874 -0.610311508 0.703213215
vn -0.345705986 -0.571909904 0.743912876
vn -0.0407979749 0.0152992383 -0.999050319
vn -0.0330987498 0.0133994939 -0.99936229
vn -0.0383000486 0.0114000151 -0.999201238
vn -0.93427825 -0.322992504 0.150996476
vn -0.941278517 -0.288193405 0.175895974
vn -0.968816459 -0.227703854 0.0977016613
vn -0.444991767 0.633888245 0.632588267
vn -0.444991767 0.633888245 0.632588267
vn -0.444991767 0.633888245 0.632588267
vn 0.981423795 -0.0392009504 0.18780455
vn 0.980565786 -0.0107996231 0.195893154
vn 0.975453794 -0.0219012089 0.219112083
vn 0.986533046 0.00430014404 0.163505465
vn 0.986186743 -0.029999597 0.16289781
vn -0.980383098 0.0622989237 0.186996773
vn -0.981661856 0.163393646 0.0981961787
vn -0.982161403 0.155793861 0.105295859
vn -0.0937003568 0.619602323 0.779302955
vn -0.103302218 0.586112618 0.803617299
vn -0.0952023268 0.605514765 0.79011929
vn 0.486891598 -0.433692515 0.758186936
vn 0.486891598 -0.433692515 0.758186936
vn 0.486891598 -0.433692515 0.758186936
vn 0.891797066 -0.0848997235 -0.444398552
vn 0.889408469 -0.0908008665 -0.448004276
vn 0.891691446 -0.0919991136 -0.44319573
vn -0.986914456 0.00370005425 0.161202371
vn -0.986914456 0.00370005425 0.161202371
vn -0.986914456 0.00370005425 0.161202371
vn 0.115898311 0.626090825 0.771088719
vn 0.0746012703 0.593710065 0.801213562
vn 0.103200473 0.638102889 0.763003469
vn -0.988967717 -0.111696348 -0.0972968265
vn -0.978898287 -0.155399725 -0.132699758
vn -0.977451265 -0.0856957212 -0.192990378
vn 0.599619806 -0.570418835 0.561318517
vn 0.459921002 -0.85923928 0.224010244
vn 0.502417445 -0.804728031 0.316210985
vn 0.470001221 0.855702221 0.216500565
vn 0.429490924 0.866381645 0.254794598
vn 0.483625382 0.831343651 0.27381435
vn -0.261396587 -0.963487387 -0.0579992346
vn -0.261396587 -0.963487387 -0.0579992346
vn -0.261396587 -0.963487387 -0.0579992346
vn -0.910158396 0.0218989998 0.41368112
vn -0.910158396 0.0218989998 0.41368112
vn -0.910158396 0.0218989998 0.41368112
vn -0.271295965 -0.832187712 0.483592838
vn -0.271295965 -0.832187712 0.483592838
vn -0.30151552 -0.812441826 0.499025732
vn -0.419525295 0.896054029 -0.145208761
vn -0.419525295 0.896054029 -0.145208761
vn -0.419525295 0.896054029 -0.145208761
vn -0.000500009162 -0.0341006219 -0.999418259
vn -0.0045998795 -0.00559985312 -0.999973774
vn 0.0200997218 -0.0617991462 -0.99788624
vn -0.0854015276 -0.142402545 0.986117661
vn 0.024499841 -0.132399157 0.990893602
vn -0.167000636 -0.168200642 0.971503675
vn -0.164989442 -0.399774402 0.901642323
vn -0.102003969 -0.638024807 0.763229668
vn -0.260311544 -0.485921532 0.834336936
vn 0.146506295 -0.0304013062 -0.988742471
vn 0.144902244 -0.0324005075 -0.988915384
vn 0.146506295 -0.0304013062 -0.988742471
vn 0.910069585 0.321389228 -0.261691272
vn 0.908107221 0.327602595 -0.26080206
vn 0.917273045 0.312890798 -0.246392757
vn -0.998706341 -0.0455002859 -0.022700144
vn -0.999716699 -0.0232003871 -0.00530008832
vn -0.999901772 -0.0119000217 -0.00740001351
vn 0.575412929 -0.800818026 -0.166103721
vn 0.575412929 -0.800818026 -0.166103721
vn 0.575412929 -0.800818026 -0.166103721
vn -0.0280007627 0.0395010747 -0.998827159
vn -0.0278001484 0.0426002257 -0.998705387
vn -0.027299108 0.0437985659 -0.998667359
vn -0.86946255 -0.145193756 0.472179651
vn -0.785892665 -0.269397497 0.556594789
vn -0.834620953 -0.198504999 0.513812959
vn -0.496812642 -0.109502777 -0.86092186
vn -0.501680672 -0.110495739 -0.857966959
vn -0.496812642 -0.109502777 -0.86092186
vn 0.437123001 -0.787141442 0.435122877
vn 0.440292895 -0.783887386 0.437792927
vn 0.435004205 -0.784307599 0.442304254
vn -0.689712226 0.581610322 0.431307673
vn -0.923465788 0.259090394 0.282989502
vn -0.804415643 0.47780931 0.35300684
vn 0.789361537 0.442578465 0.425479293
vn 0.789361537 0.442578465 0.425479293
vn 0.789361537 0.442578465 0.425479293
vn 0.801085353 0.51829046 -0.299394518
vn 0.835096836 0.546597898 -0.0619997643
vn 0.83850646 0.535804093 -0.0991007611
vn 0.729747713 -0.371724278 0.573837519
vn 0.705795944 -0.295598298 0.643796325
vn 0.697392404 -0.366495997 0.615893304
vn -0.852407277 0.479204059 0.209201783
vn -0.852407277 0.479204059 0.209201783
vn -0.852407277 0.479204059 0.209201783
vn -0.080702804 -0.867630124 -0.490617037
vn -0.080702804 -0.867630124 -0.490617037
vn -0.080702804 -0.867630124 -0.490617037
vn 0.761636615 0.0355017073 -0.647031069
vn 0.752301574 0.00480001001 -0.658801377
vn 0.749374092 0.0188993458 -0.661877096
vn 0.795661092 0.0238988306 -0.605270386
vn 0.795853496 0.0233015679 -0.605040729
vn 0.793895304 0.0235998612 -0.607596338
vn 0.787802219 -0.358001024 0.501201451
vn 0.770298898 -0.283699572 0.571099222
vn 0.781882584 -0.336692482 0.524688303
vn -0.967999458 0.177299917 0.177599892
vn -0.976568043 0.155194938 0.149095133
vn -0.976568043 0.155194938 0.149095133
vn -0.184896991 -0.0231996235 -0.982484043
vn -0.187204033 0 -0.982321143
vn -0.187204033 0 -0.982321143
vn -0.096601285 0.902411997 0.419905573
vn -0.096601285 0.902411997 0.419905573
vn -0.096601285 0.902411997 0.419905573
vn 0.0232009534 -0.0581023879 0.998041093
vn 0.0181005318 -0.00370010827 0.999829292
vn 0.0181005318 -0.00370010827 0.999829292
vn -0.620801568 0.783001959 0.038900096
vn -0.620801568 0.783001959 0.038900096
vn -0.620468974 0.783260822 0.0389980488
vn -0.0201000534 0.871602356 0.489801347
vn -0.0172010548 0.872153401 0.488929957
vn -0.0196002498 0.873011172 0.487306237
vn 0.6800915 -0.0072999089 0.733090818
vn 0.6800915 -0.0072999089 0.733090818
vn 0.6800915 -0.0072999089 0.733090818
vn -0.103399791 0.0636998713 -0.992598057
vn -0.101701848 0.0467008539 -0.993718147
vn -0.0974957868 0.101395629 -0.99005729
vn 0.397606611 0.0250004176 0.917215288
vn 0.397606611 0.0250004176 0.917215288
vn 0.397606611 0.0250004176 0.917215288
vn -0.104398668 -0.930388093 -0.351395488
vn -0.106397361 -0.929176986 -0.35399124
vn -0.102698065 -0.92978245 -0.353493333
vn 0.00780007755 0.0889008939 0.996009946
vn 0.00830019265 0.0829019248 0.996523142
vn 0.0448015817 0.114304028 0.992435038
vn 0.53890425 0.109600849 -0.835206509
vn 0.503589869 0.0281994306 -0.863482594
vn 0.523518622 0.100803576 -0.846030056
vn 0.35359931 -0.554398954 0.753398538
vn 0.35359931 -0.554398954 0.753398538
vn 0.35359931 -0.554398954 0.753398538
vn 0.975312352 -0.16280207 0.149201885
vn 0.958615005 -0.0493007712 0.280404389
vn 0.966904581 -0.113300547 0.228601083
vn 0.12119627 0.0266991761 -0.992269397
vn 0.128904477 0.00670023216 -0.991634369
vn 0.0890038535 0.0629027188 -0.994043052
vn 0.585139155 0.521934927 0.62064153
vn 0.585139155 0.521934927 0.62064153
vn 0.585139155 0.521934927 0.62064153
vn -0.00789978914 0.964874327 0.262593001
vn -0.0504994802 0.965490043 0.255497366
vn -0.0310008489 0.9595263 0.279907703
vn -0.540475011 0.83816129 -0.073296614
vn -0.539600968 0.838401496 -0.076900132
vn -0.539600968 0.838401496 -0.076900132
vn 0.743299365 -0.0606999435 0.666199386
vn 0.743299365 -0.0606999435 0.666199386
vn 0.743299365 -0.0606999435 0.666199386
vn 0.200699732 0.0408999436 -0.978798687
vn 0.195503384 0.033900585 -0.980116904
vn 0.182203427 0.0382007137 -0.982518435
vn 0.0297986381 -0.0582973361 -0.997854412
vn 0.0298011471 -0.0513019748 -0.998238444
vn 0.0299004782 -0.0589009412 -0.997815967
vn -0.269000053 -0.350500077 0.89710021
vn -0.254800439 -0.349300623 0.901701629
vn -0.254800439 -0.349300623 0.901701629
vn -0.397294492 -0.875487864 0.275096178
vn -0.397294492 -0.875487864 0.275096178
vn -0.397294492 -0.875487864 0.275096178
vn 0.0890001953 0.878701866 -0.469000995
vn 0.0890001953 0.878701866 -0.469000995
vn 0.0890001953 0.878701866 -0.469000995
vn -0.985455811 0.157092959 -0.0647971034
vn -0.985455811 0.157092959 -0.0647971034
vn -0.985455811 0.157092959 -0.0647971034
vn 0.142999366 0.962195635 0.231798962
vn 0.142999366 0.962195635 0.231798962
vn 0.142999366 0.962195635 0.231798962
vn -0.115599327 -0.00179998961 -0.993294299
vn -0.115404494 -0.0126004908 -0.993238688
vn -0.124393411 0.0237987414 -0.991947472
vn 0.856392443 0.0254997741 0.515695393
vn 0.916085303 -0.227796331 0.329994708
vn 0.902601838 -0.170200348 0.395400792
vn -0.246393159 0.940373957 0.234493509
vn -0.246393159 0.940373957 0.234493509
vn -0.262308002 0.931928396 0.250407636
vn -0.0842022374 0.116403095 -0.989626288
vn -0.0790980011 0.118696995 -0.989774942
vn -0.0836024433 0.0994028971 -0.991528988
vn -0.000399999873 0.969699681 -0.244299904
vn -0.000399999873 0.969699681 -0.244299904
vn -0.000399999873 0.969699681 -0.244299904
vn 0.749283314 0.392791241 0.533188164
vn 0.639984012 0.384990335 0.664983392
vn 0.705884159 0.397191077 0.586486816
vn 0.179492131 0.0021999036 -0.9837569
vn 0.190708354 -0.020000875 -0.981442988
vn 0.179492131 0.0021999036 -0.9837569
vn -0.138799652 0.758098125 -0.637198448
vn -0.1864039 0.777816355 -0.600212634
vn -0.184698448 0.758793652 -0.624594748
vn -0.761586905 0.62168926 0.182996854
vn -0.734988928 0.656190097 0.170897424
vn -0.784405351 0.603704095 0.142300978
vn -0.420080751 0.780264258 0.463378787
vn -0.368192494 0.804483593 0.4660905
vn -0.366200477 0.812101066 0.454300582
vn -0.900876224 0.348790795 0.258393168
vn -0.95377475 0.201794654 0.222694099
vn -0.999760449 0.0178992897 0.0125995008
vn 0.149102047 0.0984013379 -0.983913481
vn 0.149102047 0.0984013379 -0.983913481
vn 0.149102047 0.0984013379 -0.983913481
vn 0.987661123 0.0243990384 0.154693916
vn 0.987661123 0.0243990384 0.154693916
vn 0.987661123 0.0243990384 0.154693916
vn -0.00770040462 -0.721437931 0.692436337
vn -0.00770040462 -0.721437931 0.692436337
vn -0.00770040462 -0.721437931 0.692436337
vn 0.74330914 -0.64010787 -0.194302365
vn 0.758476198 -0.626780331 -0.178494394
vn 0.772073805 -0.622978926 -0.125695735
vn -0.585574746 -0.769766808 0.254089028
vn -0.585574746 -0.769766808 0.254089028
vn -0.585574746 -0.769766808 0.254089028
vn -0.0611011013 -0.00520009408 -0.998118043
vn -0.0415014103 0.00300010201 -0.999134004
vn -0.0415013544 -0.00340011111 -0.999132693
vn -0.982394099 0.159299046 0.0975994095
vn -0.990357339 -0.0824964494 0.111295208
vn -0.989769459 0.0853973627 -0.114296474
vn -0.308907032 -0.0800018162 -0.947721601
vn -0.386604995 -0.0392005071 -0.921411932
vn -0.332300454 -0.0785001069 -0.939901233
vn -0.507405937 0.826409698 0.24410288
vn -0.500486076 0.842776537 0.198094487
vn -0.500486076 0.842776537 0.198094487
vn -0.0832988992 0.873088419 0.480393648
vn -0.0832988992 0.873088419 0.480393648
vn -0.0832988992 0.873088419 0.480393648
vn -0.084096916 -0.0444983691 -0.99546355
vn -0.08339829 -0.05159894 -0.995179534
vn -0.084096916 -0.0444983691 -0.99546355
vn 0.978440166 0.164706767 -0.124605119
vn 0.969691277 0.148798659 -0.193798259
vn 0.969567835 0.149995029 -0.193493575
vn -0.971279263 -0.219895303 -0.0908980519
vn -0.971279263 -0.219895303 -0.0908980519
vn -0.971279263 -0.219895303 -0.0908980519
vn -0.0765984207 0.94108057 0.329393208
vn -0.122695126 0.938862741 0.321687251
vn -0.120904155 0.934532106 0.334711522
vn -0.997802317 0.00460001081 0.0661001578
vn -0.987188101 -0.13669835 -0.0822990015
vn -0.902180731 -0.414591193 0.119097456
vn -0.215604231 0.941118479 -0.260405123
vn -0.215588942 0.940151811 -0.263886482
vn -0.329299808 0.922299504 -0.202299893
vn -0.984451532 0.0261987112 0.173691452
vn -0.980334401 0.00380013324 0.197306916
vn -0.982350945 0.0313016251 0.184409574
vn 0.00640002359 0.872203231 0.489101797
vn 0.00130001211 0.864108026 0.50330472
vn 0.00580002973 0.852004349 0.523502707
vn -0.88220048 -0.447700232 -0.145900071
vn -0.930999398 -0.364799768 -0.0126999915
vn -0.929707348 -0.194901541 0.312502474
vn -0.806357503 -0.191489905 0.559570491
vn -0.723614931 -0.140202895 0.675813973
vn -0.612591505 -0.0454993658 0.789089024
vn 0.829806447 0.557504356 0.0247001927
vn 0.810322225 0.579815924 -0.0848023295
vn 0.796295762 0.519197285 -0.31039834
vn -0.969331801 0.220407248 -0.108703569
vn -0.969331801 0.220407248 -0.108703569
vn -0.969331801 0.220407248 -0.108703569
vn -0.997074008 0.0736980811 -0.0202994719
vn -0.997074008 0.0736980811 -0.0202994719
vn -0.997074008 0.0736980811 -0.0202994719
vn 0.846126318 0.287308931 0.448913991
vn 0.845026433 0.288509011 0.450214088
vn 0.845607162 0.287602454 0.449703783
vn -0.976791799 -0.0883992538 -0.195098341
vn -0.976791799 -0.0883992538 -0.195098341
vn -0.976791799 -0.0883992538 -0.195098341
vn 0.477099985 0.425999999 0.768699944
vn 0.477099985 0.425999999 0.768699944
vn 0.477099985 0.425999999 0.768699944
vn -0.459194571 -0.395995319 0.795190573
vn -0.459194571 -0.395995319 0.795190573
vn -0.459194571 -0.395995319 0.795190573
vn 0.605392933 -0.0716991648 0.792690754
vn 0.568301916 -0.0760002509 0.819302738
vn 0.592689574 -0.0872984678 0.800685942
vn 0.896886706 -0.330395073 -0.293995649
vn 0.896886706 -0.330395073 -0.293995649
vn 0.896886706 -0.330395073 -0.293995649
vn 0.944134116 0.318911493 0.0831030011
vn 0.944153965 0.318984449 0.0825959668
vn 0.944134116 0.318911493 0.0831030011
vn -0.715084016 -0.00869980641 0.698984385
vn -0.708609104 -0.0410005264 0.704409063
vn -0.715084016 -0.00869980641 0.698984385
vn -0.192693636 0.0440985449 -0.980267644
vn -0.192693636 0.0440985449 -0.980267644
vn -0.193095073 0.0443988666 -0.980174959
vn 0.512401164 -0.548801243 0.66050148
vn 0.543983281 -0.451486111 0.707278252
vn 0.546399772 -0.504799783 0.668299675
vn 0.804410219 -0.302303851 0.511406481
vn 0.804293096 -0.346997023 0.482395858
vn 0.804293096 -0.346997023 0.482395858
vn -0.88974911 -0.416076183 0.18768926
vn -0.924879789 -0.223295122 0.30779326
vn -0.948207498 -0.266602129 0.172701359
vn -0.224405348 -0.973823249 0.0362008661
vn -0.249605164 -0.967320025 0.0446009226
vn -0.251903951 -0.96661514 0.0469007343
vn -0.208901256 -0.973905802 0.088700518
vn -0.208689779 -0.976152122 0.0597970672
vn -0.349692672 0.929680526 -0.115797579
vn -0.317909151 0.946627319 -0.0532015339
vn -0.188009471 0.982049525 -0.0152007667
vn -0.480914205 -0.700320661 0.527515531
vn -0.481212497 -0.700418174 0.527113736
vn -0.481212497 -0.700418174 0.527113736
vn 0.454397678 0.00249998714 0.89079541
vn 0.45450902 0.00660013082 0.890717685
vn 0.445310235 0.0100002289 0.895320535
vn 0.960379124 0.254894465 -0.112697557
vn 0.960379124 0.254894465 -0.112697557
vn 0.960379124 0.254894465 -0.112697557
vn -0.156993032 -0.897060096 -0.413081646
vn -0.15699777 -0.894687295 -0.418194056
vn -0.150899559 -0.898097336 -0.413098752
vn 0.253203094 -0.00150001852 -0.967411935
vn 0.252686501 -0.000199989285 -0.967548192
vn 0.256499887 -0.00929999538 -0.966499507
vn 0.975352526 0.182509825 0.124006666
vn 0.974985301 0.184197217 0.124398112
vn 0.974985301 0.184197217 0.124398112
vn 0.747295558 -0.134699196 0.650696099
vn 0.738964498 -0.132593617 0.660568237
vn 0.711437523 -0.11820624 0.692736566
vn -0.929584622 -0.260395706 0.260895669
vn -0.90152967 -0.309210151 0.302709997
vn -0.926639318 -0.25751093 0.273911625
vn 0.388105661 0.0272003952 0.921213388
vn 0.388105661 0.0272003952 0.921213388
vn 0.386289746 0.0235993732 0.92207551
vn 0.416695744 0.016799828 0.908890724
vn 0.397621125 0.00130006904 0.917548776
vn 0.612005174 -0.766206443 0.195901647
vn 0.612005174 -0.766206443 0.195901647
vn 0.629570425 -0.751764715 0.196190789
vn -0.761800826 0.624200642 -0.173300192
vn -0.761800826 0.624200642 -0.173300192
vn -0.761800826 0.624200642 -0.173300192
vn 0.424091429 -0.144097075 0.894081891
vn 0.43081978 0.0132006053 0.902341425
vn 0.429208547 -0.0734014586 0.90021795
vn -0.20429799 -0.945890725 0.252097517
vn -0.20429799 -0.945890725 0.252097517
vn -0.20429799 -0.945890725 0.252097517
vn 0.0755975246 -0.02719911 -0.996767402
vn 0.340901017 -0.075000219 -0.937102735
vn 0.0737010241 -0.0305004232 -0.996813834
vn -0.986294806 0.0279998537 0.162599146
vn -0.986294806 0.0279998537 0.162599146
vn -0.986294806 0.0279998537 0.162599146
vn 0.933309972 0.341903627 0.109701172
vn 0.933605731 0.34090209 0.110300675
vn 0.933711946 0.340804338 0.109701402
vn 0.39691335 -0.583119631 0.70882386
vn 0.39691335 -0.583119631 0.70882386
vn 0.39691335 -0.583119631 0.70882386
vn -0.999713004 0.00270003523 -0.0238003097
vn -0.998669386 -0.0439986475 0.0268991739
vn -0.999913335 -0.0123001635 0.0047000628
vn -0.995834351 -0.0861029625 -0.030001035
vn -0.998762727 -0.0495981537 -0.00359986559
vn 0.964748204 0.263113141 -0.00570028462
vn 0.959595442 0.281298697 -0.00689996732
vn 0.969103217 0.246400803 0.0112000369
vn -0.999477565 0.00679984735 0.0315992907
vn -0.997525871 0.0225005858 0.0666017309
vn -0.986278355 0.123197295 0.109897584
vn 0.204793453 0.96216923 -0.179694265
vn 0.177903622 0.970919788 -0.160203263
vn 0.177903622 0.970919788 -0.160203263
vn -0.834048331 -0.523330331 0.174610123
vn -0.812204778 -0.545903146 0.205701202
vn -0.826893508 -0.519595921 0.215098321
vn 0.70313555 0.683934569 -0.194509819
vn 0.676992118 0.726791561 -0.115998641
vn 0.758719623 0.649616838 -0.0484012514
vn 0.119496025 -0.901670039 0.415586174
vn 0.119496025 -0.901670039 0.415586174
vn 0.119496025 -0.901670039 0.415586174
vn -0.997676671 0.0438989773 0.0520987809
vn -0.997676671 0.0438989773 0.0520987809
vn -0.997676671 0.0438989773 0.0520987809
vn 0.165792942 0.0715969428 -0.983558118
vn 0.163499951 0.0649999827 -0.984399676
vn 0.163499951 0.0649999827 -0.984399676
vn 0.321210533 0.804926336 0.498916358
vn 0.321210533 0.804926336 0.498916358
vn 0.321210533 0.804926336 0.498916358
vn 0.0465998985 0.141799688 0.988797843
vn 0.0834973902 0.115696371 0.989768982
vn 0.0473023504 0.141907051 0.988749146
vn 0.979067802 0.12719582 -0.158894777
vn 0.979801297 0.149600208 -0.132700175
vn 0.980122864 0.134103134 -0.146203414
vn 0.150299251 0.306298494 -0.939995348
vn 0.150299251 0.306298494 -0.939995348
vn 0.150299251 0.306298494 -0.939995348
vn 0.93653065 0.229407504 -0.265108675
vn 0.935940266 0.229609877 -0.267011464
vn 0.936595917 0.229498982 -0.26479885
vn -0.252295315 -0.0300994404 -0.96718204
vn -0.260302812 -0.0345003717 -0.964910448
vn -0.257202059 -0.0326002575 -0.965807617
vn 0.897486031 0.16799739 0.407793671
vn 0.896210849 0.182602212 0.404304892
vn 0.893230021 0.173405841 0.414813936
vn -0.222995773 -0.231295615 -0.946982086
vn -0.222995773 -0.231295615 -0.946982086
vn -0.222995773 -0.231295615 -0.946982086
vn 0.993820131 -0.102502078 -0.0426008627
vn 0.989084542 -0.144797757 -0.0272995755
vn 0.991075039 -0.131796673 -0.0199994948
vn -0.149007127 0.952745497 0.264712632
vn -0.142997608 0.960383832 0.239195973
vn -0.13100411 0.967630327 0.215706766
vn -0.742440224 -0.0998053998 -0.662435889
vn -0.777202427 -0.306600988 -0.549501717
vn -0.762827814 0.212107733 -0.61082232
vn 0.0219007004 -0.983731389 0.178305686
vn 0.0233992189 -0.986167014 0.164094523
vn 0.0170005299 -0.979830503 0.199106202
vn 0.822310865 0.11150147 0.55800736
vn 0.816693783 0.103599221 0.567695737
vn 0.822371364 0.107096277 0.558780551
vn 0.820016742 -0.0268005468 0.571711659
vn 0.820016742 -0.0268005468 0.571711659
vn 0.820016742 -0.0268005468 0.571711659
vn 0.300906092 0.770015538 0.562611401
vn 0.300906092 0.770015538 0.562611401
vn 0.300906092 0.770015538 0.562611401
vn -0.926598549 -0.0410999358 0.373799443
vn -0.926598549 -0.0410999358 0.373799443
vn -0.926598549 -0.0410999358 0.373799443
vn -0.990324736 -0.112602808 -0.0811020285
vn -0.998360455 -0.056797754 -0.00709971925
vn -0.994083345 0.0021999632 -0.10859818
vn 0.101300821 0.287502319 -0.952407718
vn 0.0907950103 0.295083761 -0.951147676
vn 0.112096235 0.288590312 -0.95086813
vn 0.0870985016 0.00579990027 -0.996182859
vn 0.206304282 -0.079901658 -0.975220203
vn 0.0880017951 -0.000100002042 -0.996120334
vn 0.994413316 -0.0382005088 0.0984013155
vn 0.994413316 -0.0382005088 0.0984013155
vn 0.994413316 -0.0382005088 0.0984013155
vn -0.995999813 0.011599998 -0.0885999873
vn -0.995947301 0.0160007607 -0.0885042101
vn -0.995999813 0.011599998 -0.0885999873
vn 0.119796515 -0.015899539 0.992671132
vn 0.109003313 -0.0632019192 0.992030144
vn 0.1210033 -0.0493013449 0.991427064
vn 0.333888054 0.109196089 0.936266482
vn 0.336299032 0.110099696 0.93529737
vn 0.338916332 0.111005351 0.93424499
vn -0.88980186 -0.449700922 0.0776001662
vn -0.88980186 -0.449700922 0.0776001662
vn -0.88980186 -0.449700922 0.0776001662
vn -0.0475993007 -0.030999545 -0.99838531
vn 0.0118994182 0.0124993892 -0.999851108
vn -0.00649994332 -0.203798205 -0.978991389
vn 0.986565888 0.081997171 0.141295105
vn 0.986565888 0.081997171 0.141295105
vn 0.986565888 0.081997171 0.141295105
vn 0.222596735 -0.204197004 -0.953285992
vn 0.231613755 -0.177610546 -0.95645678
vn 0.222596735 -0.204197004 -0.953285992
vn 0.75039959 -0.162099913 0.640799642
vn 0.804206967 -0.172701493 0.568704963
vn 0.745489955 -0.114598453 0.656591117
vn -0.469612986 -0.276907653 0.838323176
vn -0.521723151 -0.179407969 0.834037006
vn -0.489088446 -0.293193042 0.821480572
vn -0.00109998125 0.942183971 0.335094273
vn -0.00109998125 0.942183971 0.335094273
vn -0.00109998125 0.942183971 0.335094273
vn 0.671091676 0.543993235 0.503693759
vn 0.671091676 0.543993235 0.503693759
vn 0.671091676 0.543993235 0.503693759
vn 0.949308693 0.156701431 -0.272502512
vn 0.936131716 0.299910158 -0.183606207
vn 0.937554777 0.233088747 -0.258187532
vn -0.00180001801 -0.0133001329 -0.999909997
vn 0.0211006589 -0.00960030034 -0.999731243
vn -0.0104996264 -0.0394985974 -0.999164462
vn 0.650494277 -0.719993711 0.241797864
vn 0.625008345 -0.732509851 0.269803643
vn 0.623972237 -0.734167337 0.267688066
vn 0.965992689 0.251198083 -0.0612995364
vn 0.942091703 0.314097226 -0.117498972
vn 0.942101479 0.322800517 -0.0908001438
vn -0.999724567 0.0234005749 -0.00180004421
vn -0.998700976 0.0506000482 -0.00600000564
vn -0.999724567 0.0234005749 -0.00180004421
vn 0.212500721 -0.126000419 0.96900326
vn 0.212500721 -0.126000419 0.96900326
vn 0.212500721 -0.126000419 0.96900326
vn 0.844014704 0.536209345 -0.0109001901
vn 0.856239736 0.501523256 0.123805746
vn 0.856239736 0.501523256 0.123805746
vn -0.9130283 0.315109789 0.25900802
vn -0.910342932 0.192009047 0.366617292
vn -0.960217059 0.179403171 0.214003801
vn -0.223008156 0.0234008562 -0.974535644
vn -0.218501881 0.0211001802 -0.975608408
vn -0.218706369 0.0178005155 -0.975628376
vn 0.710092723 0.0377996117 0.703092813
vn 0.712210715 -0.0088001322 0.701910555
vn 0.764087319 0.108698197 0.635889471
vn -0.359487802 -0.203593105 0.910669148
vn -0.365804851 -0.241503239 0.898811996
vn -0.356803507 -0.242302388 0.902208865
vn 0.700597644 0.108899638 0.705197632
vn 0.700597644 0.108899638 0.705197632
vn 0.700597644 0.108899638 0.705197632
vn -0.0249997713 -0.0138998711 -0.999590814
vn -0.0249997713 -0.0138998711 -0.999590814
vn -0.0249997713 -0.0138998711 -0.999590814
vn -0.525879681 0.734571576 0.428783387
vn -0.525879681 0.734571576 0.428783387
vn -0.525879681 0.734571576 0.428783387
vn -0.761496544 0.0553997494 -0.645797074
vn -0.744895756 0.0680996105 -0.66369617
vn -0.745716572 0.0677015036 -0.662814736
vn -0.152798891 0.956893086 0.246998206
vn -0.155703723 0.955222905 0.251606017
vn -0.153499469 0.951896727 0.265199095
vn -0.272013694 -0.062703155 0.960248291
vn -0.272013694 -0.062703155 0.960248291
vn -0.254609495 -0.00390014565 0.967036128
vn -0.969069958 -0.0759976432 -0.234792709
vn -0.969069958 -0.0759976432 -0.234792709
vn -0.997776687 -0.0336992145 -0.0574986562
vn -0.974411905 -0.116201423 0.192402348
vn -0.976181746 -0.0992981419 0.192896396
vn -0.976949811 -0.0965049192 0.19040972
vn -0.810595751 0.57069701 -0.131299317
vn -0.810595751 0.57069701 -0.131299317
vn -0.810595751 0.57069701 -0.131299317
vn 0.992919266 0.118402295 -0.00960018579
vn 0.990788996 0.133198515 -0.0243997294
vn 0.990457237 0.137594059 -0.00789965875
vn 0.979162872 0.12519525 0.15989393
vn 0.981810331 0.113101192 0.152501598
vn 0.980975986 0.114597201 0.156696171
vn 0.66182524 0.740328193 0.117904484
vn 0.665087223 0.741785765 0.0860983431
vn 0.66182524 0.740328193 0.117904484
vn -0.365793079 -0.888583183 0.276794761
vn -0.376706868 -0.886716068 0.268004894
vn -0.375208646 -0.887320459 0.268106163
vn -0.897986293 -0.439893305 0.0106998375
vn -0.960053444 -0.243988171 0.136993349
vn -0.91257894 -0.389391035 0.124797113
vn -0.996323347 0.0565013252 0.0644015074
vn -0.995709777 0.0566005558 0.073200725
vn -0.994162381 0.0889966339 0.0609976947
vn -0.795695066 -0.562196493 0.2253986
vn -0.796903908 -0.551302731 0.247001216
vn -0.764927089 -0.610621572 0.205007255
vn 0.923600078 -0.283000022 0.258600026
vn 0.924414098 -0.283604324 0.255003899
vn 0.926870286 -0.278591067 0.251591921
vn 0.0213000737 -0.0118000414 -0.999703467
vn 0.0131001333 -0.0202002041 -0.999710143
vn 0.0126002021 -0.00300004845 -0.999916077
vn 0.968910396 -0.243002594 0.0465005003
vn 0.960097611 -0.279299319 0.0142999645
vn 0.96350646 -0.265101761 0.0371002443
vn -0.110001236 0.0289003234 -0.99351114
vn -0.0448993668 0.084798798 -0.995385945
vn -0.09779571 0.0263988413 -0.994856358
vn 0.345102459 -0.284502029 0.894406378
vn 0.345102459 -0.284502029 0.894406378
vn 0.345102459 -0.284502029 0.894406378
vn -0.960376441 0.278193176 0.0168995839
vn -0.991683722 0.128597885 0.00509991636
vn -0.991689801 0.0817991644 0.0992989764
vn -0.420915633 0.0899033472 0.902633548
vn -0.420915633 0.0899033472 0.902633548
vn -0.420915633 0.0899033472 0.902633548
vn 0.218488082 0.345181167 0.912750185
vn 0.213996813 0.342594892 0.914786398
vn 0.208894745 0.341491431 0.916376948
vn -0.947103322 -0.302601069 0.106900379
vn -0.971948862 -0.176708892 0.155207813
vn -0.920428157 -0.390911937 -0.000100003061
vn 0.872833014 0.417915791 0.252009541
vn 0.872833014 0.417915791 0.252009541
vn 0.872833014 0.417915791 0.252009541
vn 0.689486086 0.311093748 0.654086828
vn 0.79481554 -0.0130002555 0.606711864
vn 0.827013493 0.0731011927 0.557409108
vn 0.544473827 -0.100295179 0.832759917
vn 0.489687413 -0.18299529 0.852478087
vn 0.613592684 -0.221597359 0.75789094
vn 0.957425058 -0.0182004776 0.288107544
vn 0.920206785 -0.202301487 0.335102469
vn 0.974542677 0.0502021983 0.21850957
vn 0.650100708 0.54720062 0.52720058
vn 0.650100708 0.54720062 0.52720058
vn 0.650100708 0.54720062 0.52720058
vn 0.970516264 0.181503043 0.158602655
vn 0.908990622 0.318396717 0.268997222
vn 0.884542584 0.286613792 0.368017703
vn 0.336294174 -0.828485608 -0.447792262
vn 0.336294174 -0.828485608 -0.447792262
vn 0.336294174 -0.828485608 -0.447792262
vn -0.120695621 -0.0322988257 -0.992164016
vn -0.118605278 0.02430108 -0.992644131
vn -0.11890471 -0.023000909 -0.992639303
vn 0.975512683 0.0978012756 0.19700256
vn 0.975512683 0.0978012756 0.19700256
vn 0.975512683 0.0978012756 0.19700256
vn 0.999182761 -0.0164997149 -0.0368993655
vn 0.99153769 -0.0554021038 -0.117404461
vn 0.997104585 0.00250001135 -0.0760003477
vn -0.253597617 0.0608994253 -0.965390921
vn -0.294896096 -0.0214997176 -0.955287397
vn -0.25960803 0.0950029343 -0.961029708
vn 0.995457172 0.093295984 -0.0189991817
vn 0.995457172 0.093295984 -0.0189991817
vn 0.993602455 0.112100273 -0.0137000335
vn 0.974768043 0.217292875 0.0510983281
vn 0.972074449 0.228793994 0.0521986261
vn 0.974768043 0.217292875 0.0510983281
vn 0.98598367 0.129497856 0.105198264
vn 0.98677814 0.129397124 0.09759783
vn 0.98606503 0.132195309 0.10099642
vn 0.00820036512 -0.214709565 -0.976643503
vn 0.0728989467 -0.230296686 -0.970386028
vn 0.0390005894 -0.228703424 -0.972714603
vn -0.321195155 0.0418993682 -0.946085691
vn -0.322114468 0.040301811 -0.945842505
vn -0.322488248 0.0390985794 -0.945765615
vn -0.97250551 0.220301241 0.0755004212
vn -0.980462313 0.185692862 0.0648975149
vn -0.978719652 0.190003827 0.0775015578
vn 0.385121018 0.0733039975 0.919950187
vn 0.423682779 0.0833966136 0.901963353
vn 0.394406736 0.073201254 0.916015685
vn 0.980174661 -0.116596982 -0.160195872
vn 0.978185058 -0.100698456 -0.18169722
vn 0.988104284 -0.0495002121 -0.145600647
vn 0.994578362 0.0899980441 -0.0520988666
vn 0.991091907 0.119199023 -0.0593995117
vn 0.992794096 0.109799355 -0.0479997136
vn 0.587127686 -0.624029398 0.515624285
vn 0.571572125 -0.634769022 0.519974589
vn 0.607651114 -0.595352113 0.525657713
vn 0.985268295 -0.0241992213 0.169294551
vn 0.978679657 0.047199022 0.199895859
vn 0.986740649 0.0690028444 0.146906063
vn 0.998536944 0.0356013179 0.0407015085
vn 0.975914419 -0.00470006978 0.218103215
vn 0.960554183 -0.152592719 0.2324889
vn 0.954402149 0.238000542 -0.180200398
vn 0.945392311 0.26589781 -0.188498467
vn 0.946860671 0.271288723 -0.172792822
vn -0.998356402 0.0554975793 0.0142993759
vn -0.956319928 0.0590012297 0.286305964
vn -0.990120292 0.074801527 0.118602432
vn 0.263802826 0.0179001931 0.964410424
vn 0.383104742 0.0858010575 0.919711351
vn 0.420714706 0.053201858 0.905631661
vn -0.300117821 0.420024961 0.856450915
vn -0.300117821 0.420024961 0.856450915
vn -0.300117821 0.420024961 0.856450915
vn 0.0250009634 0.154105932 -0.987738013
vn 0.0186999217 0.155899361 -0.987595916
vn 0.0194997545 0.150698096 -0.988387525
vn -0.990153372 0.0632034019 0.124906726
vn -0.994422376 0.0913020521 0.0528011881
vn -0.995552003 0.0786961988 0.0517975017
vn -0.99113071 0.100103103 0.0874027014
vn -0.986050069 0.146292597 0.0793959871
vn -0.979510725 0.101401113 0.174001902
vn -0.979510725 0.101401113 0.174001902
vn -0.984732807 0.0972032323 0.144404799
vn -0.308402032 -0.949806213 0.0525003411
vn -0.308402032 -0.949806213 0.0525003411
vn -0.307402164 -0.950206697 0.0511003621
vn -0.892173529 -0.0963971391 0.441286922
vn -0.919303536 -0.0420001596 0.391301483
vn -0.942482293 0.0742985979 0.325893879
vn 0.649063647 -0.667462587 0.364979535
vn 0.788386166 -0.549190402 0.277195156
vn 0.767664373 -0.539174974 0.346383899
vn -0.0999035612 -0.56031996 0.822229266
vn -0.11330492 -0.416518092 0.90203917
vn -0.0807992443 -0.703393459 0.706193388
vn -0.60168767 0.564788461 0.564788461
vn -0.60168767 0.564788461 0.564788461
vn -0.60168767 0.564788461 0.564788461
vn -0.927878618 -0.278993577 0.247394294
vn -0.937284172 -0.296294957 0.183596879
vn -0.874163091 -0.385083765 0.2958875
vn 0.968541443 0.24141033 -0.0604025833
vn 0.968541443 0.24141033 -0.0604025833
vn 0.968541443 0.24141033 -0.0604025833
vn -0.297894657 -0.94148314 0.157697186
vn -0.297894657 -0.94148314 0.157697186
vn -0.297894657 -0.94148314 0.157697186
vn -0.995479345 -0.00389991864 0.0948980227
vn -0.995479345 -0.00389991864 0.0948980227
vn -0.995479345 -0.00389991864 0.0948980227
vn -0.299393624 0.817682564 0.491689473
vn -0.299393624 0.817682564 0.491689473
vn -0.299393624 0.817682564 0.491689473
vn -0.207292527 0.945665896 -0.250490963
vn -0.210490286 0.945356309 -0.248988494
vn -0.135600552 0.979403973 -0.14960061
vn 0.599722326 0.798529804 -0.0518019386
vn 0.592905283 0.805107236 0.0163001455
vn 0.652703881 0.755304515 -0.059100356
vn 0.541391075 -0.70318836 0.460892409
vn 0.54379642 -0.701195419 0.461096972
vn 0.544918537 -0.696323693 0.467115879
vn 0.865418792 0.192704186 0.46251002
vn 0.882136762 0.165606916 0.440918386
vn 0.871981084 0.192295834 0.450190246
vn 0.880282223 0.122397527 0.458390743
vn 0.880282223 0.122397527 0.458390743
vn 0.883850932 0.119393371 0.452274919
vn 0.891898215 0.237099528 -0.385099232
vn 0.982948482 0.0449976437 -0.17829065
vn 0.980866194 0.051698219 -0.187693536
vn -0.225393668 -0.853576005 0.469686806
vn -0.205000877 -0.853203654 0.479602039
vn -0.243694231 -0.844280005 0.477288693
vn -0.0406993218 0.291895121 -0.955584049
vn -0.12470559 0.209409371 -0.969843388
vn -0.0736016631 0.238205373 -0.968421876
vn -0.0141995624 0.150095373 -0.988569558
vn -0.0412002243 0.159700871 -0.986305356
vn -0.0322999097 0.170099542 -0.984897316
vn -0.99516654 -0.00099996652 0.0981967002
vn -0.996472776 -0.0785978511 0.0293991975
vn -0.940401733 -0.32390061 -0.103600189
vn 0.952717721 0.232104301 -0.196103647
vn 0.960660458 0.207591459 -0.184492409
vn 0.961686552 0.195497259 -0.192197308
vn 0.329206347 0.228404403 0.916217625
vn 0.329206347 0.228404403 0.916217625
vn 0.329206347 0.228404403 0.916217625
vn 0.707088411 0.676788926 -0.204896644
vn 0.733828366 0.427916557 -0.527620375
vn 0.726395905 0.491397232 -0.480497271
vn -0.246797368 0.0663992837 0.966789603
vn -0.246797368 0.0663992837 0.966789603
vn -0.246797368 0.0663992837 0.966789603
vn 0.987273932 0.0825978145 0.135896415
vn 0.987273932 0.0825978145 0.135896415
vn 0.987273932 0.0825978145 0.135896415
vn 0.45480746 -0.0546008945 0.888914526
vn 0.45480746 -0.0546008945 0.888914526
vn 0.45480746 -0.0546008945 0.888914526
vn 0.631690741 -0.55959177 -0.536492109
vn 0.631690741 -0.55959177 -0.536492109
vn 0.631690741 -0.55959177 -0.536492109
vn -0.99931109 -0.0181002021 0.0324003585
vn -0.999174893 -0.031199215 0.0259993467
vn -0.999174893 -0.031199215 0.0259993467
vn 0.991503119 -0.0880002752 -0.0958002955
vn 0.991428316 -0.0884025246 -0.096202746
vn 0.991428316 -0.0884025246 -0.096202746
vn 0.838191092 -0.486694843 -0.246097401
vn 0.838191092 -0.486694843 -0.246097401
vn 0.838191092 -0.486694843 -0.246097401
vn 0.810475826 -0.553483486 -0.191794276
vn 0.756287634 -0.572590649 -0.316494852
vn 0.791531324 -0.535921216 -0.293711632
vn 0.953497112 0.266599208 -0.140599579
vn 0.955478668 0.255894274 -0.14689672
vn 0.944602013 0.273600578 -0.181300387
vn 0.85947901 0.358591229 -0.364291131
vn 0.744096518 0.543497503 -0.388498187
vn 0.744096518 0.543497503 -0.388498187
vn -0.244295076 0.969680488 0.00629987381
vn -0.240906268 0.970525265 0.00670017442
vn -0.261898816 0.960795581 -0.0909995809
vn -0.965104938 0.00570002897 0.261801332
vn -0.957527041 0.0342009664 0.28630808
vn -0.957527041 0.0342009664 0.28630808
vn -0.0107000889 -0.916407585 0.400103301
vn -0.0107000889 -0.916407585 0.400103301
vn -0.0107000889 -0.916407585 0.400103301
vn 0.610111713 -0.0333006419 0.791615248
vn 0.610111713 -0.0333006419 0.791615248
vn 0.610111713 -0.0333006419 0.791615248
vn -0.985575795 0.144496456 0.0880978405
vn -0.985575795 0.144496456 0.0880978405
vn -0.985575795 0.144496456 0.0880978405
vn -0.243797049 -0.95498836 0.168997943
vn -0.265011162 -0.949139953 0.170007154
vn -0.170702606 -0.976814926 0.129201964
vn 0.3154127 -0.0313012637 -0.948438227
vn 0.322495341 -0.0580991618 -0.94478637
vn 0.322495341 -0.0580991618 -0.94478637
vn 0.993406415 0.0730004758 0.0884005725
vn 0.993406415 0.0730004758 0.0884005725
vn 0.992603719 0.0831003115 0.0885003284
vn -0.650812268 -0.741313994 0.164003104
vn -0.862781167 -0.481489509 0.154196635
vn -0.815570772 -0.56227988 0.136695117
vn 0.0359980203 0.441475749 -0.896550775
vn 0.0359980203 0.441475749 -0.896550775
vn 0.0359980203 0.441475749 -0.896550775
vn 0.965745449 0.259412229 0.00640030112
vn 0.960538685 0.276311129 0.0319012851
vn 0.965661407 0.258489668 0.0260989573
vn 0.815575004 -0.492984891 0.302990735
vn 0.815575004 -0.492984891 0.302990735
vn 0.815575004 -0.492984891 0.302990735
vn 0.948506773 0.239501715 -0.207301497
vn 0.942114472 0.309104741 -0.12990199
vn 0.95092386 0.260806531 -0.166504174
vn -0.324197412 0.88339299 0.338397324
vn -0.312897801 0.879693806 0.358097464
vn -0.324197412 0.88339299 0.338397324
vn -0.865463138 0.181392282 0.466980129
vn -0.884322584 0.20510523 0.419410706
vn -0.87988317 0.186196432 0.437191665
vn 0.507885516 0.746778727 0.429387748
vn 0.529580176 0.695873916 0.485081792
vn 0.492988616 0.751282632 0.438789904
vn -0.685477614 0.517483056 0.512183249
vn -0.695206702 0.544205189 0.469604492
vn -0.674714267 0.49881056 0.544011533
vn -0.702010691 0.521207929 0.485307366
vn -0.674294829 0.537295878 0.506596148
vn 0.200306326 -0.00210006628 0.979731023
vn 0.189203173 -0.00650010956 0.981916487
vn 0.200498253 -0.0021999809 0.979691565
vn -0.244492963 0.0477986261 -0.968472183
vn -0.245102763 0.0307003465 -0.96901089
vn -0.24510327 0.0479006395 -0.968312919
vn 0.881422758 0.3634094 0.301707774
vn 0.881422758 0.3634094 0.301707774
vn 0.881422758 0.3634094 0.301707774
vn 0.978392482 0.127199039 0.162998751
vn 0.97828728 0.135298237 0.156997964
vn 0.978018343 0.12710239 0.165303096
vn -0.992602527 0.0987002477 -0.0707001761
vn -0.983217955 0.143302605 -0.112902053
vn -0.987329483 0.108703248 -0.115603454
vn -0.752225399 0.464915663 0.466915756
vn -0.752225399 0.464915663 0.466915756
vn -0.752225399 0.464915663 0.466915756
vn -0.986486793 0.0105998572 0.163497806
vn -0.986486793 0.0105998572 0.163497806
vn -0.986486793 0.0105998572 0.163497806
vn 0.741793334 0.590494692 0.317897141
vn 0.605911732 0.69241339 0.391707569
vn 0.710505486 0.61980474 0.333202571
vn 0.432591438 0.119897634 0.893582284
vn 0.432591438 0.119897634 0.893582284
vn 0.432591438 0.119897634 0.893582284
vn 0.712991476 0.340595931 0.612892687
vn 0.776400924 0.276800334 0.566200674
vn 0.760721207 0.345609635 0.54941529
vn 0.159392208 -0.0637968853 0.985151827
vn 0.193200186 -0.0331000313 0.980600893
vn 0.149399117 -0.0127999233 0.988694131
vn -0.948388696 -0.00299996417 0.317096204
vn -0.963101685 0.0170000307 0.268600434
vn -0.946960092 -0.041298259 0.318686545
vn 0.0423991829 0.058598876 -0.997380793
vn 0.0400009416 0.070301652 -0.996723473
vn 0.0442981794 0.052097857 -0.997658968
vn -0.140905783 0.0657026991 -0.987840474
vn -0.0681993887 0.177298427 -0.981791258
vn -0.0846978799 0.0872978121 -0.992575169
vn -0.934189737 -0.225597531 0.27639696
vn -0.939685047 -0.22189647 0.260295868
vn -0.936512351 -0.272703618 0.220402911
vn -0.931063771 -0.199492231 0.30548811
vn -0.952075183 -0.155995935 0.263093144
vn 0.988550127 0.0902954414 -0.120893896
vn 0.98860687 0.0902006254 -0.120500833
vn 0.988550127 0.0902954414 -0.120893896
vn -0.146397904 -0.256896347 0.955286324
vn -0.146397904 -0.256896347 0.955286324
vn -0.0269002728 -0.236702383 0.971209764
vn -0.153605223 -0.0544018522 -0.986633539
vn -0.0999039859 -0.0792031661 -0.991839647
vn -0.21979031 -0.0606973283 -0.973657131
vn -0.263395667 0.396393508 0.879485548
vn -0.263395667 0.396393508 0.879485548
vn -0.263395667 0.396393508 0.879485548
vn -0.0568980314 0.083697103 0.994865596
vn -0.0308008324 0.0968026146 0.994826853
vn -0.0568980314 0.083697103 0.994865596
vn -0.939257443 -0.207890585 0.273087621
vn -0.954172313 -0.146595731 0.260892421
vn -0.939257443 -0.207890585 0.273087621
vn 0.627376199 -0.757771254 -0.179393187
vn 0.627376199 -0.757771254 -0.179393187
vn 0.627376199 -0.757771254 -0.179393187
vn -0.892171502 -0.0484984517 -0.449085653
vn -0.892171502 -0.0484984517 -0.449085653
vn -0.892171502 -0.0484984517 -0.449085653
vn 0.555610597 0.261905015 0.789115071
vn 0.55489254 0.261696488 0.789689362
vn 0.556101799 0.261200815 0.789002478
vn -0.860839963 0.373317301 -0.345816046
vn -0.860839963 0.373317301 -0.345816046
vn -0.860839963 0.373317301 -0.345816046
vn -0.473280311 -0.595575273 0.649073005
vn -0.473280311 -0.595575273 0.649073005
vn -0.473280311 -0.595575273 0.649073005
vn -0.964633703 -0.111803904 0.238708332
vn -0.985534549 -0.0264009256 0.167405874
vn -0.98754245 -0.0472020321 0.150106445
vn -0.294597715 -0.083199352 -0.951992631
vn -0.241897032 -0.0697991401 -0.96778816
vn -0.288194656 -0.0804985091 -0.954182327
vn 0.359890878 0.0365990736 0.932276309
vn 0.359890878 0.0365990736 0.932276309
vn 0.360308409 0.0389009044 0.932021677
vn -0.504809976 -0.61681217 0.603911936
vn -0.5536924 -0.562092304 0.614391625
vn -0.540213764 -0.584914923 0.605015457
vn -0.704681993 0.601584613 -0.376190364
vn -0.704681993 0.601584613 -0.376190364
vn -0.704681993 0.601584613 -0.376190364
vn 0.969623089 0.241005719 -0.0418009944
vn 0.973464787 0.226991788 -0.0289989486
vn 0.973037601 0.227008775 -0.0408015773
vn -0.997978032 -0.0483989306 -0.0411990918
vn -0.998237848 -0.042801626 -0.04110156
vn -0.998237848 -0.042801626 -0.04110156
vn 0.996590137 0.0806992128 -0.0171998311
vn 0.996590137 0.0806992128 -0.0171998311
vn 0.996590137 0.0806992128 -0.0171998311
vn -0.996214926 0.0869012997 -0.0020000299
vn -0.99995935 0.00239990256 0.00869964622
vn -0.998143792 0.06090267 0
vn -0.972231627 -0.179705858 0.149904877
vn -0.986309886 -0.115801163 0.117401175
vn -0.963480532 -0.259694755 -0.0652986839
vn 0.991362631 0.113795713 0.0651975423
vn 0.993411481 0.0977011323 0.0599006936
vn 0.990730703 0.119603701 0.0644019991
vn 0.988974214 0.145996183 -0.0247993544
vn 0.988974214 0.145996183 -0.0247993544
vn 0.988974214 0.145996183 -0.0247993544
vn -0.275902838 -0.104301073 0.955509841
vn 0.0263999775 -0.279099762 0.959899187
vn -0.0213997588 -0.115398698 0.993088782
vn -0.656523526 0.73652643 0.16280584
vn -0.653906941 0.738407791 0.164801747
vn -0.653906941 0.738407791 0.164801747
vn 0.738278985 -0.658081234 0.147895798
vn 0.774280488 -0.632484078 -0.0212994628
vn 0.740914702 -0.663513184 0.103902064
vn 0.994057059 0.0215990674 -0.106695399
vn 0.997442484 0.0232009888 -0.0676028803
vn 0.989659011 -0.0727969855 -0.12359488
vn 0.491004407 -0.549604952 0.675906062
vn 0.503099144 -0.57329905 0.646698952
vn 0.645674467 -0.47678113 0.596476436
vn 0.397004634 -0.0888010338 -0.913510621
vn 0.396913618 -0.0837028772 -0.914031386
vn 0.395892054 -0.101397969 -0.912681699
vn -0.685417593 0.5107131 0.519013345
vn -0.651499987 0.548799992 0.523800015
vn -0.651499987 0.548799992 0.523800015
vn -0.225403935 -0.454007953 0.862015069
vn -0.225403935 -0.454007953 0.862015069
vn -0.225403935 -0.454007953 0.862015069
vn -0.625507772 -0.319703966 0.711708844
vn -0.633586287 -0.349392414 0.690285027
vn -0.593190789 -0.359194428 0.720488787
vn -0.983606696 0.177501202 -0.0318002142
vn -0.980754972 0.188191354 -0.0519976169
vn -0.989535868 0.143905222 -0.0105003798
vn -0.971430004 -0.16600512 -0.169605225
vn -0.968888521 -0.105898738 -0.223697349
vn -0.982300878 -0.153600141 -0.107200094
vn 0.960298955 -0.194899783 0.199599773
vn 0.881873548 -0.282891512 0.377188683
vn 0.968765795 -0.23299177 0.0848969966
vn 0.286700845 0.95790273 0.0150000425
vn 0.299288481 0.953963339 0.0194992516
vn 0.285993218 0.958077252 0.0171995927
vn -0.245787546 0.0585970357 0.967550993
vn -0.245787546 0.0585970357 0.967550993
vn -0.245787546 0.0585970357 0.967550993
vn -0.111297794 0.750885129 0.650987148
vn -0.0894990116 0.749091744 0.656392753
vn -0.0645012483 0.75041455 0.657812774
vn 0.102896616 0.993867338 -0.0404986702
vn 0.102896616 0.993867338 -0.0404986702
vn 0.102896616 0.993867338 -0.0404986702
vn 0.96037668 0.00789980777 0.278593242
vn 0.96037668 0.00789980777 0.278593242
vn 0.959421873 -0.00620014127 0.281906426
vn 0.731092632 0.0569994226 0.679893076
vn 0.731092632 0.0569994226 0.679893076
vn 0.731092632 0.0569994226 0.679893076
vn -0.999607503 -0.0192001462 0.0204001553
vn -0.999140859 -0.024801014 0.0332013555
vn -0.996890008 0.0399995968 0.0678993165
vn 0.486690104 -0.873282254 0.0225995407
vn 0.492985487 -0.869474411 0.0312990807
vn 0.487700135 -0.872000277 0.0420000143
vn 0.330500603 -0.00280000479 -0.943801641
vn 0.330500603 -0.00280000479 -0.943801641
vn 0.329992443 -0.0140996762 -0.943878293
vn -0.998815775 0.0481007583 -0.00730011566
vn -0.998998225 0.0440999232 -0.00759998662
vn -0.999035239 0.0423014909 -0.0118004167
vn 0.879746795 0.0340018086 0.474225253
vn 0.611498117 0.192399383 0.767497599
vn 0.853498757 0.0635999069 0.517199218
vn -0.307208985 0.14040412 0.941227555
vn -0.310199708 0.138699859 0.940499127
vn -0.310197026 0.13739869 0.940690994
vn 0.970245898 0.0610028841 -0.234311089
vn 0.989884496 -0.109098293 -0.0906985775
vn 0.979374945 -0.097997494 -0.176695481
vn -0.734685659 0.657987118 -0.165196761
vn -0.734685659 0.657987118 -0.165196761
vn -0.734685659 0.657987118 -0.165196761
vn 0.196192458 0.140394613 -0.970462739
vn 0.0860016644 0.188403636 -0.97831887
vn 0.140394047 0.250589371 -0.957859278
vn 0.621710479 0.0339005701 -0.782513201
vn 0.621673584 0.0308986865 -0.782666743
vn 0.623265982 0.0342981294 -0.781257391
vn -0.978429794 0.206506282 -0.00550016714
vn -0.955132306 0.295510024 0.019900674
vn -0.955132306 0.295510024 0.019900674
vn 0.357490391 -0.805578351 0.472487301
vn 0.353709847 -0.81402266 0.46071285
vn 0.357490391 -0.805578351 0.472487301
vn 0.293793321 0.112897433 0.949178398
vn 0.293793321 0.112897433 0.949178398
vn 0.294003934 0.112901516 0.949112773
vn 0.860578537 -0.0812979713 0.502787471
vn 0.860578537 -0.0812979713 0.502787471
vn 0.860578537 -0.0812979713 0.502787471
vn -0.998235345 0.0344012193 0.0484017134
vn -0.998235345 0.0344012193 0.0484017134
vn -0.998235345 0.0344012193 0.0484017134
vn 0.355509162 0.564014554 0.745319188
vn 0.355509162 0.564014554 0.745319188
vn 0.355509162 0.564014554 0.745319188
vn 0.953767121 -0.120595835 -0.275290489
vn 0.944703043 -0.215700701 -0.247000799
vn 0.953033447 -0.157305509 -0.25880906
vn -0.400797158 0.101799294 0.910493612
vn -0.401093274 0.102498278 0.910284758
vn -0.401184827 0.103196092 0.910165548
vn -0.00189998979 -0.00269998563 -0.999994636
vn -0.012100243 -0.00370007427 -0.999920011
vn -0.00889964215 -0.00109995576 -0.999959826
vn 0.441496789 -0.0716994777 0.894393504
vn 0.40957886 -0.0409978852 0.911352992
vn 0.425414205 -0.0947031602 0.900030017
vn 0.988721609 -0.11940261 0.0904019773
vn 0.983822644 -0.0422009714 0.174104005
vn 0.989691198 -0.106099054 0.09619914
vn -0.688209176 0.330604404 0.645808637
vn -0.68897891 0.248692378 0.680779159
vn -0.7181198 0.418111503 0.556315303
vn 0.00789962988 -0.00559973763 -0.999953151
vn -0.0107998094 0.0108998083 -0.99988234
vn -0.0419016145 0.0129004968 -0.999038458
vn 0.201393425 0.976868153 -0.0718976557
vn 0.193104014 0.981020391 -0.0176003668
vn 0.1867055 0.981328964 -0.0462013669
vn -0.97756964 -0.193094015 0.0840973854
vn -0.977516055 -0.191803142 0.0876014382
vn -0.980276465 -0.169695914 0.101297572
vn 0.83849889 0.152599797 0.523099303
vn 0.844802022 0.145200342 0.515001237
vn 0.8389166 0.154703051 0.521810293
vn 0.976758599 -0.213690937 0.0166992899
vn 0.976758599 -0.213690937 0.0166992899
vn 0.976758599 -0.213690937 0.0166992899
vn 0.475296199 0.10619916 0.873392999
vn 0.475688756 0.106197491 0.873179376
vn 0.467498958 0.109399751 0.87719804
vn 0.575484037 -0.810677528 0.107797012
vn 0.575484037 -0.810677528 0.107797012
vn 0.575484037 -0.810677528 0.107797012
vn 0.994648278 -0.0966949686 0.0363981053
vn 0.995132983 -0.0923030525 0.0345011391
vn 0.994750917 -0.0955952853 0.0364982001
vn 0.496727198 0.15830867 0.853346705
vn 0.601679385 -0.0573980361 0.796672702
vn 0.679786146 0.0707985535 0.729985178
vn 0.440906972 0.139702201 -0.886614025
vn 0.440187544 0.14219597 -0.886574924
vn 0.443696469 0.151998803 -0.883193016
vn -0.239704624 0.0210004039 -0.970618725
vn -0.264805377 0.0126002552 -0.96421957
vn -0.297501087 0.0204000752 -0.954503477
vn -0.258489519 0.0450981706 -0.964960814
vn -0.22950241 0.0394004136 -0.972510278
vn 0.923321426 0.266706198 -0.276306421
vn 0.892207086 0.313902497 -0.324702591
vn 0.953670979 0.258392125 -0.154095307
vn -0.995614409 0.0883012787 0.0309004486
vn -0.995614409 0.0883012787 0.0309004486
vn -0.995614409 0.0883012787 0.0309004486
vn -0.334304512 -0.100301355 0.937112629
vn -0.334304512 -0.100301355 0.937112629
vn -0.334304512 -0.100301355 0.937112629
vn -0.890713871 0.454007059 0.0225003511
vn -0.986863971 0.106596112 -0.121395573
vn -0.979909778 0.193701938 -0.0475004725
vn 0.624109566 -0.77341181 -0.1110017
vn 0.641142428 -0.760450304 -0.103206828
vn 0.624109566 -0.77341181 -0.1110017
vn 0.622991681 -0.0261996519 0.781789541
vn 0.622991681 -0.0261996519 0.781789541
vn 0.622991681 -0.0261996519 0.781789541
vn 0.194590509 0.151892588 -0.969052732
vn 0.200100929 0.163100749 -0.966104388
vn 0.196606025 0.13510415 -0.971129715
vn -0.658195555 -0.617895782 0.430097073
vn -0.671925962 -0.630224407 0.389015049
vn -0.666206837 -0.635906577 0.389604032
vn -0.980515718 0.139702246 0.138102219
vn -0.980515718 0.139702246 0.138102219
vn -0.977138817 0.162906468 0.136605427
vn -0.983916938 0.140502423 0.110301897
vn -0.986342967 0.136205941 0.0926040411
vn -0.60617882 0.742974043 0.283790112
vn -0.642789483 0.710088432 0.287395328
vn -0.644496322 0.712395966 0.277698427
vn -0.478123069 0.874042213 -0.0863041654
vn -0.478123069 0.874042213 -0.0863041654
vn -0.478123069 0.874042213 -0.0863041654
vn -0.971706927 -0.116600834 -0.205401465
vn -0.925796747 -0.268499047 -0.266099036
vn -0.919600427 -0.375400186 0.11580006
vn -0.60878861 -0.446891695 0.655487776
vn -0.636709392 -0.43350637 0.637709439
vn -0.663397729 -0.493798345 0.562198102
vn 0.00620009098 0.231503397 0.972814322
vn 0.0180996209 0.235195071 0.971779644
vn 0.0126005281 0.232809752 0.97244072
vn -0.880741656 -0.473522395 0.00840039738
vn -0.80887562 -0.526384175 0.261992097
vn -0.901399612 -0.312599838 -0.299599856
vn -0.821538806 0.495123357 -0.282713354
vn -0.821538806 0.495123357 -0.282713354
vn -0.821538806 0.495123357 -0.282713354
vn 0.14579542 -0.047598511 -0.988169074
vn 0.14610137 -0.0479004495 -0.988109291
vn 0.0579008907 -0.0937014371 -0.99391526
vn -0.999941349 -0.0072002979 0.00810033549
vn -0.99432075 -0.106302217 -0.00510010635
vn -0.987824559 -0.154503837 -0.0182004534
vn -0.62386626 0.758658946 0.187689841
vn -0.62386626 0.758658946 0.187689841
vn -0.62386626 0.758658946 0.187689841
vn 0.968701005 -0.0128000136 0.247900248
vn 0.973096788 -0.140499532 0.18259941
vn 0.905172884 0.11429657 0.409387708
vn 0.366701305 -0.280001014 0.887203157
vn 0.357099921 -0.279399931 0.891299784
vn 0.363797218 -0.281597853 0.8878932
vn -0.0326988623 -0.063197799 0.997465253
vn -0.0340013802 -0.06290254 0.997440338
vn -0.0340013802 -0.06290254 0.997440338
vn -0.244710714 0.0102004474 0.969542503
vn -0.244710714 0.0102004474 0.969542503
vn -0.244710714 0.0102004474 0.969542503
vn 0.581078589 -0.78307116 0.221691847
vn 0.581078589 -0.78307116 0.221691847
vn 0.577916384 -0.784722269 0.224106371
vn 0.00220005494 0.0393009856 0.99922502
vn -0.143597156 0.0224995539 0.98938036
vn -0.0462009422 0.296806067 0.953819513
vn 0.0449024588 0.98165375 0.18531014
vn 0.0638002008 0.983703136 0.168100536
vn 0.0633006468 0.98431015 0.1647017
vn -0.886067569 0.355087012 0.2979891
vn -0.886067569 0.355087012 0.2979891
vn -0.886067569 0.355087012 0.2979891
vn 0.962193489 0.27129817 -0.0240998361
vn 0.967175245 0.249893606 -0.0460988209
vn 0.957475662 0.285092771 -0.0442988761
vn -0.565384209 -0.768378556 -0.299891621
vn -0.577207565 -0.760709941 -0.296903878
vn -0.568672776 -0.773662984 -0.27938661
vn 0.751669824 -0.582576632 -0.309187591
vn 0.751669824 -0.582576632 -0.309187591
vn 0.751669824 -0.582576632 -0.309187591
vn 0.214802623 -0.0877010673 -0.972711861
vn 0.209398836 -0.0806995481 -0.974494576
vn 0.21480602 -0.0864024311 -0.972827315
vn 0.281989545 -0.0100996243 0.959364355
vn 0.281989545 -0.0100996243 0.959364355
vn 0.281989545 -0.0100996243 0.959364355
vn -0.124497555 -0.116297722 -0.985380709
vn -0.303891957 -0.2160943 -0.927875519
vn -0.189593792 -0.193193659 -0.962668419
vn -0.844613791 0.336005449 0.416806787
vn -0.668435633 0.277814806 0.689936757
vn -0.600619555 0.547017813 0.583119035
vn -0.355710357 0.791923046 -0.496314436
vn -0.31239295 0.812381625 -0.492388874
vn -0.358706951 0.705513656 -0.611211777
vn 0.455188006 -0.520686269 0.722280979
vn 0.455188006 -0.520686269 0.722280979
vn 0.455188006 -0.520686269 0.722280979
vn -0.832238853 0.311814547 0.458421439
vn -0.792957962 0.29468438 0.53327173
vn -0.69741255 0.253304601 0.670412123
vn 0.0669986531 0.166396648 0.983780205
vn 0.0669986531 0.166396648 0.983780205
vn 0.0669986531 0.166396648 0.983780205
vn 0.799835861 0.0105004711 0.600126922
vn 0.799835861 0.0105004711 0.600126922
vn 0.799835861 0.0105004711 0.600126922
vn -0.9951998 -0.0691999868 0.0691999868
vn -0.9951998 -0.0691999868 0.0691999868
vn -0.9951998 -0.0691999868 0.0691999868
vn 0.879312217 -0.451906323 0.150302082
vn 0.879312217 -0.451906323 0.150302082
vn 0.879312217 -0.451906323 0.150302082
vn 0.662970304 -0.453479677 0.595673323
vn 0.653434753 -0.483525723 0.582430959
vn 0.662970304 -0.453479677 0.595673323
vn -0.164805502 0.0342011414 -0.985732913
vn -0.164803803 0.0345007963 -0.985722721
vn -0.165294334 0.046098426 -0.985166252
vn -0.383824378 -0.0983062461 -0.918158293
vn -0.387309104 -0.0456010699 -0.920821548
vn -0.353603542 -0.0915009156 -0.930909276
vn 0.94502157 0.15690358 0.28690657
vn 0.94502157 0.15690358 0.28690657
vn 0.94502157 0.15690358 0.28690657
vn -0.74566853 0.1044956 -0.658072233
vn -0.739168584 0.0789966434 -0.668871582
vn -0.740678191 0.0799976364 -0.667080343
vn -0.41860798 0.856516361 0.301905751
vn -0.415914983 0.857930958 0.301610887
vn -0.414892316 0.859584093 0.298294485
vn -0.116698422 0.0274996273 -0.992786586
vn -0.116698422 0.0274996273 -0.992786586
vn -0.116698422 0.0274996273 -0.992786586
vn -0.386882901 -0.833063185 0.395382494
vn -0.386493564 -0.833286107 0.395293415
vn -0.386493564 -0.833286107 0.395293415
vn -0.997981131 0.0634988025 0.00129997532
vn -0.996297538 0.084599793 0.0152999628
vn -0.996297538 0.084599793 0.0152999628
vn 0.920881927 0.225795567 0.317793757
vn 0.976909876 0.196101993 0.0848008618
vn 0.962041557 0.237510249 0.134405807
vn -0.230704352 0.973018348 0.00330006238
vn -0.230704352 0.973018348 0.00330006238
vn -0.230704352 0.973018348 0.00330006238
vn -0.993301153 -0.0885001048 0.0743000805
vn -0.993301153 -0.0885001048 0.0743000805
vn -0.993301153 -0.0885001048 0.0743000805
vn -0.986953676 -0.157108545 -0.0352019146
vn -0.9973436 -0.0687030032 0.0242010579
vn -0.984258175 -0.172492668 -0.0384983644
vn -0.991889656 -0.12709868 0.000899990613
vn -0.984888554 -0.16969803 -0.0345995985
vn 0.287604004 0.939613044 0.185502574
vn 0.287604004 0.939613044 0.185502574
vn 0.287604004 0.939613044 0.185502574
vn 0.97877413 -0.147296116 0.142496228
vn 0.989785135 -0.121798165 0.0740988925
vn 0.985441923 -0.140105963 0.0963040963
vn -0.915150285 -0.0514028221 0.399821967
vn -0.929009378 -0.0482004881 0.366903692
vn -0.931495845 -0.110699505 0.34649846
vn -0.99439764 0.0913997814 -0.0530998744
vn -0.99439764 0.0913997814 -0.0530998744
vn -0.99439764 0.0913997814 -0.0530998744
vn 0.420098722 0.827097476 0.37339887
vn 0.473501027 0.786601722 0.396300852
vn 0.436592072 0.812885284 0.38549304
vn -0.939994633 0.146999165 -0.307898253
vn -0.935042143 0.155707017 -0.318514377
vn -0.939994633 0.146999165 -0.307898253
vn 0.670984626 -0.733783185 0.106497556
vn 0.670984626 -0.733783185 0.106497556
vn 0.670984626 -0.733783185 0.106497556
vn -0.813500881 -0.570200682 0.114400126
vn -0.828235805 -0.550223768 0.106204599
vn -0.828235805 -0.550223768 0.106204599
vn 0.0972971618 0.9356727 0.339190096
vn 0.0972971618 0.9356727 0.339190096
vn 0.0972971618 0.9356727 0.339190096
vn 0.905891716 0.359796733 -0.22339794
vn 0.896726727 0.357210636 -0.261307776
vn 0.903185606 0.363694221 -0.227996379
vn 0.938339531 -0.345214546 -0.0186007824
vn 0.861483872 -0.504990578 -0.0531990044
vn 0.861483872 -0.504990578 -0.0531990044
vn 0.80750668 0.124801025 0.576504767
vn 0.801558077 0.139692694 0.581369579
vn 0.811737299 0.109705053 0.573626399
vn -0.999592602 -0.00799994078 -0.0273997989
vn -0.999595582 -0.00149999338 -0.0283998735
vn -0.995170414 -0.0168994963 -0.0966971219
vn -0.998633206 0.0475015789 0.0218007248
vn -0.993414283 0.106601536 0.0420006029
vn -0.996826053 0.069901824 0.0381009988
vn -0.930367172 -0.173293874 0.323088586
vn -0.930367172 -0.173293874 0.323088586
vn -0.930367172 -0.173293874 0.323088586
vn 0.335888773 -0.00789973605 -0.941868544
vn 0.335888773 -0.00789973605 -0.941868544
vn 0.335888773 -0.00789973605 -0.941868544
vn -0.045700293 0.879605711 0.473503113
vn -0.045700293 0.879605711 0.473503113
vn -0.045700293 0.879605711 0.473503113
vn 0.912918568 -0.403108209 -0.0639012977
vn 0.974458337 -0.15929319 0.158293232
vn 0.9081738 -0.409088194 0.0886974335
vn 0.700564444 0.154492155 0.696664572
vn 0.818980038 0.13049683 0.558786333
vn 0.64601773 0.219706014 0.731020033
vn -0.334902614 -0.699405491 0.631404936
vn -0.334902614 -0.699405491 0.631404936
vn -0.334902614 -0.699405491 0.631404936
vn 0.999549925 -0.0280985925 0.0104994746
vn 0.999454081 -0.0318985358 0.00859960541
vn 0.999398351 -0.0335999429 -0.00859998632
vn 0.086998105 -0.0825982019 0.992778361
vn 0.0866960585 -0.0831962228 0.992754877
vn 0.086998105 -0.0825982019 0.992778361
vn 0.752118289 -0.646615744 0.127303094
vn 0.751516342 -0.646414042 0.131802857
vn 0.752250493 -0.645943344 0.129908711
vn 0.889108896 -0.427304268 -0.164001644
vn 0.900296271 -0.410698295 -0.144199401
vn 0.913921356 -0.397209257 -0.0835019425
vn 0.802602053 -0.463901162 0.375000954
vn 0.661537945 -0.266815305 0.700840235
vn 0.675279081 -0.366288632 0.640180171
vn -0.695412099 -0.702112198 0.153102666
vn -0.740197361 -0.645397663 0.188599318
vn -0.646702886 -0.758503377 0.0803003609
vn -0.819752991 -0.385524929 0.42352736
vn -0.826515555 -0.380207151 0.415107846
vn -0.820862412 -0.407381356 0.400281638
vn -0.824913919 -0.405406862 0.393906653
vn -0.854681134 -0.368991822 0.365191936
vn 0.678185582 0.56428802 -0.470789999
vn 0.678185582 0.56428802 -0.470789999
vn 0.678185582 0.56428802 -0.470789999
vn 0.911055267 -0.365482092 0.190790638
vn 0.911968589 -0.364187449 0.188893482
vn 0.91161418 -0.364705652 0.189602956
vn 0.0604991764 -0.0394994617 -0.997386396
vn 0.0414997227 -0.03299978 -0.99859339
vn 0.0580029078 -0.0115005774 -0.998250067
vn 0.240895137 0.0887982026 -0.966480494
vn 0.241706014 0.0996024832 -0.965224087
vn 0.241206467 0.0907024369 -0.966225922
vn -0.951369464 0.018599404 0.30749014
vn -0.951369464 0.018599404 0.30749014
vn -0.951369464 0.018599404 0.30749014
vn -0.820676029 0.558283746 -0.121696442
vn -0.820676029 0.558283746 -0.121696442
vn -0.820676029 0.558283746 -0.121696442
vn -0.984491169 0.164598525 -0.0606994554
vn -0.991395652 0.000199999122 0.130899414
vn -0.965186775 0.149397954 0.214697063
vn 0.258599579 0.959198475 0.114299819
vn 0.226701319 0.966305673 0.121900707
vn 0.380196571 0.924891651 0.00509995408
vn 0.816218197 -0.576712847 -0.0345007703
vn 0.817798495 -0.574898958 -0.0263999496
vn 0.816218197 -0.576712847 -0.0345007703
vn 0.929135323 0.231108785 0.288610995
vn 0.822989583 0.333995759 0.459494174
vn 0.942881584 0.0969981104 0.318693757
vn -0.0866006017 0.035600245 -0.99560684
vn -0.0754016191 0.0215004608 -0.99692142
vn -0.0808970705 0.0226991791 -0.996463954
vn -0.288309306 0.908129275 0.303609788
vn -0.288309306 0.908129275 0.303609788
vn -0.288309306 0.908129275 0.303609788
vn 0.246791288 -0.10679622 -0.963165939
vn 0.228309184 -0.100004025 -0.968438983
vn 0.231212541 -0.0919049904 -0.968552589
vn 0.959865391 0.0276990011 0.279089928
vn 0.959013283 0.0287003983 0.281903893
vn 0.959897459 0.0274999253 0.278999269
vn 0.693515658 0.603413641 -0.393608868
vn 0.693515658 0.603413641 -0.393608868
vn 0.693515658 0.603413641 -0.393608868
vn -0.340916276 0.901643038 0.266112685
vn -0.299092442 0.89807725 0.322491825
vn -0.371886343 0.905766726 0.203192532
vn -0.992163301 0.111495882 -0.0563979149
vn -0.994153202 0.0974052176 -0.046602495
vn -0.994396806 0.0990996808 -0.0367998816
vn 0.608793497 -0.176298127 0.7734918
vn 0.588420153 -0.0845028907 0.804127455
vn 0.589207351 -0.0592007376 0.805810094
vn -0.922746062 -0.256212801 0.287914366
vn -0.903330922 -0.317510873 0.288409859
vn -0.925794661 -0.239598617 0.292398304
vn -0.937587023 -0.273796201 0.214397013
vn -0.936657488 -0.262488097 0.231889486
vn -0.95405972 -0.24218978 0.176392555
vn 0.975750864 0.091395393 0.198889986
vn 0.945221126 -0.0485010855 0.322807223
vn 0.992167413 -0.116796166 0.0442985445
vn -0.984384418 0.108398288 0.138697803
vn -0.998927891 0.00600016769 0.0459012799
vn -0.99966228 -0.0254990365 0.0049998113
vn -0.789227605 0.119704179 0.602321029
vn -0.789227605 0.119704179 0.602321029
vn -0.789227605 0.119704179 0.602321029
vn 0.642510056 -0.437206864 0.629309893
vn 0.651076794 -0.441384256 0.617478013
vn 0.636086762 -0.457190484 0.621587038
vn -0.848638713 -0.364316642 0.383517504
vn -0.924268484 -0.0269990806 0.380787015
vn -0.955609441 -0.231702283 0.182001799
vn 0.12480367 -0.991629124 0.0331009738
vn 0.12480367 -0.991629124 0.0331009738
vn 0.12480367 -0.991629124 0.0331009738
vn 0.171100244 -0.514900744 0.840001166
vn -0.0592979342 -0.737374306 0.672876596
vn -0.0250996314 -0.624790847 0.780388534
vn -0.987122118 -0.080901809 0.138003081
vn -0.953066349 -0.279990107 0.11519593
vn -0.970045149 -0.119305544 0.21160984
vn 0.985314012 -0.0222003143 -0.169302404
vn 0.985314012 -0.0222003143 -0.169302404
vn 0.985314012 -0.0222003143 -0.169302404
vn 0.93912822 -0.224806756 0.259807795
vn 0.946346104 -0.252312273 0.20190984
vn 0.939522266 -0.225005329 0.258206129
vn 0.461188376 0.645983756 0.608284652
vn 0.560812831 0.6638152 0.494811326
vn 0.54187119 0.668364465 0.509572864
vn -0.270696104 0.11319837 -0.955986202
vn -0.239206791 0.149904266 -0.959327281
vn -0.177598417 0.131398842 -0.975291371
vn 0.734739959 0.0617033541 0.675536692
vn 0.732345879 0.0507031791 0.679042578
vn 0.734188497 0.0599990562 0.67628938
vn 0.517536938 -0.731552303 0.443831742
vn 0.517900527 -0.72770077 0.449700505
vn 0.517383814 -0.724777222 0.454985708
vn -0.502888858 -0.187895834 -0.843681276
vn -0.504904628 0.167801529 -0.846707761
vn -0.662890255 -0.131998062 -0.7369892
vn 0.205298051 0.525595069 0.82559222
vn 0.192696512 0.439192086 0.877484143
vn 0.202700019 0.698600054 0.686200082
vn -0.0593017004 0.302108645 0.951427221
vn -0.0788989067 0.305595726 0.948886812
vn -0.0384003185 0.295702457 0.954507947
vn -0.966767848 -0.0153994886 0.255191535
vn -0.976874173 0.0572984852 0.205994561
vn -0.959582508 -0.0729986653 0.271795064
vn -0.746085942 -0.369693041 0.553789556
vn -0.873479664 -0.304492921 0.379891157
vn -0.943432868 -0.0699024349 0.324111283
vn -0.42050609 0.800311565 0.427406192
vn -0.435314238 0.793425918 0.425413877
vn -0.430827588 0.796450973 0.424327105
vn -0.872096121 -0.489297837 -0.00599997351
vn -0.895878375 -0.444289267 -0.00299992762
vn -0.844907463 -0.534904718 -0.00290002557
vn 0.652506649 -0.161801651 0.74030757
vn 0.565199137 -0.0622999035 0.822598755
vn 0.736613393 -0.337106138 0.586310685
vn -0.824775517 0.500685155 0.2627922
vn -0.920006454 0.384502679 -0.0758005306
vn -0.966167331 0.0480983742 -0.253391445
vn -0.403222114 -0.884648502 -0.234112829
vn -0.386879951 -0.888354003 -0.247287184
vn -0.384395391 -0.892889261 -0.234497175
vn -0.282697082 0.300296932 0.910990655
vn -0.21289438 0.00139996293 0.977074206
vn -0.0899011791 -0.193802536 0.976912737
vn -0.991805196 0.103500538 0.0749003887
vn -0.991234422 0.110703848 0.0721025094
vn -0.990992188 0.113299109 0.0713994429
vn -0.175900996 0.665903747 0.725004137
vn -0.203994587 0.669682264 0.714081049
vn -0.208498076 0.660393834 0.721393347
vn -0.631318271 0.644118667 -0.431912512
vn -0.479883432 0.772173345 -0.416485608
vn -0.538017392 0.744224072 -0.395812809
vn -0.0963030308 0.151004747 -0.983830929
vn 0.0542980097 -0.183793262 -0.981464088
vn -0.0964985788 0.145197868 -0.98468554
vn 0.538995862 0.28229785 -0.793593943
vn 0.558895946 0.271898031 -0.783394337
vn 0.550580025 0.277889937 -0.787171423
vn -0.447091341 0.860083282 -0.245695233
vn -0.456007868 0.851514637 -0.25880447
vn -0.49257794 0.814363539 -0.306886256
vn 0.625102043 -0.253000796 0.738402367
vn 0.611413896 -0.393708974 0.686415613
vn 0.599296927 -0.142199263 0.787795961
vn -0.612190962 0.68618989 0.392894179
vn -0.618607759 0.699908733 0.357004464
vn -0.651507199 0.683107555 0.330003679
vn -0.137502849 0.907718778 0.39640823
vn -0.152600169 0.896700978 0.415500432
vn -0.142004907 0.90393126 0.403413922
vn -0.312992454 -0.745782077 0.58808583
vn -0.322598636 -0.748096824 0.579897583
vn -0.312797189 -0.746093333 0.587794781
vn -0.597291887 -0.801889122 0.0146997999
vn -0.596802294 -0.802303076 0.0117000444
vn -0.596411407 -0.802615345 0.0101001924
vn 0.865597129 -0.299099028 -0.401598662
vn 0.820475161 -0.569182754 0.0533983819
vn 0.958727956 -0.213206217 -0.188105479
vn 0.464607358 0.128702044 -0.876113951
vn 0.416416585 -0.0705028102 -0.906436145
vn 0.462595254 0.0456995331 -0.885390937
vn 0.56377691 -0.825766206 -0.0162993334
vn 0.622103274 -0.771504045 0.133300707
vn 0.487299979 -0.872099996 -0.0445000008
vn 0.165204659 0.420711905 -0.892025232
vn 0.152998805 0.435496569 -0.887093008
vn 0.154905289 0.4333148 -0.887830317
vn 0.842276335 0.315891117 0.436787724
vn 0.875795841 0.338798404 0.343798369
vn 0.849086285 0.474192351 0.232796252
vn 0.963440597 0.00770032452 -0.267811269
vn 0.946763456 -0.235690892 0.219291538
vn 0.98262167 -0.107102372 0.151603341
vn -0.680202305 0.259900868 -0.685402334
vn -0.626898766 0.206999585 -0.751098514
vn -0.537879944 0.434083879 -0.722673118
vn -0.879588842 0.460894167 -0.117898501
vn -0.931525946 0.316908836 -0.178404972
vn -0.911732376 0.38411364 -0.145605177
vn -0.485508233 0.874214828 0.00550009357
vn -0.426893979 0.904287219 0.00509992801
vn -0.482099235 0.875498652 -0.0328999497
vn 0.932795942 0.359798461 -0.0208999086
vn 0.920212746 0.390805393 0.0219003037
vn 0.974620998 0.215304628 -0.0613013133
vn -0.916731656 0.343011856 0.204807073
vn -0.916622281 0.332708091 0.22160539
vn -0.916122258 0.314507633 0.248606041
vn -0.744695127 -0.00349997729 -0.667395651
vn -0.760726035 -0.0678023174 -0.645522118
vn -0.752697825 -0.0391998887 -0.657198071
vn 0.644880295 0.224793121 -0.730477631
vn 0.712626874 0.215808138 -0.667525172
vn 0.78281945 0.191604748 -0.59201467
vn 0.79200238 0.0733002201 0.606101871
vn 0.616886377 0.45558992 0.6417858
vn 0.652011573 0.286705106 0.701912463
vn -0.932898581 -0.0391999409 0.357999474
vn -0.938582122 -0.182096526 0.293094397
vn -0.937307417 -0.137801081 0.320102543
vn -0.671965778 0.397179782 -0.625068188
vn -0.564042032 0.533639729 -0.63014698
vn -0.562496424 0.509196758 -0.651395857
vn 0.871374965 0.467286557 -0.149495706
vn 0.935267925 0.292089999 -0.199893147
vn 0.710112154 0.690411806 -0.138102353
vn 0.675994277 0.695794106 -0.242697939
vn 0.69931525 0.680114865 -0.220004797
vn 0.751284122 0.642986476 -0.148796856
vn -0.430618078 0.728030562 -0.53342241
vn -0.504204094 0.785106361 -0.359702915
vn -0.471515983 0.758925676 -0.449115187
vn 0.689150512 0.531461835 0.492564648
vn 0.75137645 0.456085682 0.476885051
vn 0.78839612 0.483297616 0.380598128
vn 0.454993755 0.710290253 0.537092626
vn 0.458595574 0.703993201 0.542294741
vn 0.452386975 0.695379972 0.558383882
vn -0.405408114 0.881217599 0.24310486
vn -0.184597954 -0.225097507 0.956689417
vn -0.434120208 0.561026096 -0.704832792
vn -0.9650352 0.00240008789 0.262109578
vn -0.930609286 -0.0666006729 0.359903574
vn -0.982251465 0.0424978994 0.182690978
vn -0.974969149 0.129695907 0.18059428
vn -0.97603786 0.126704916 0.176906854
vn -0.975512683 0.127801672 0.179002345
vn 0.344798833 -0.287399054 0.893597007
vn 0.343991339 -0.290892661 0.892777443
vn 0.344117105 -0.289614409 0.893144429
vn 0.194706425 -0.980632365 -0.0212006997
vn 0.190695465 -0.981476724 0.0183995627
vn 0.203510091 -0.979048491 0.00690034218
vn -0.426008791 -0.000800016511 -0.904718637
vn -0.416703135 -0.0207001567 -0.90880686
vn -0.421482712 -0.0533978119 -0.905262947
vn -0.0462011322 -0.630615473 -0.774719
vn -0.0585015155 -0.64831686 -0.759119749
vn -0.0543989837 -0.641387999 -0.765285671
vn 0.32550028 -0.289600253 -0.900100708
vn 0.412304193 -0.320503265 -0.852808714
vn 0.452082723 -0.328787416 -0.82916832
vn -0.455396175 -0.658194542 0.599494994
vn -0.425395131 -0.664592445 0.614293039
vn -0.432091266 -0.663686574 0.610587656
vn 0.703103602 -0.124500632 -0.700103581
vn 0.704923928 -0.122504152 -0.698623657
vn 0.70449096 -0.122898422 -0.698991001
vn -0.984374225 0.133696511 0.114597008
vn -0.984374225 0.133696511 0.114597008
vn -0.984374225 0.133696511 0.114597008
vn -0.999236226 0.0380013771 -0.00910033006
vn -0.99874121 0.0501020662 0.0024000993
vn -0.999207437 0.0335002504 -0.0215001609
vn -0.410911024 0.710619092 -0.571115315
vn -0.412101865 0.721903324 -0.555902541
vn -0.40920499 0.719208777 -0.561506867
vn 0.956830323 0.28790915 -0.0398012623
vn 0.945902407 0.322000802 -0.0398001
vn 0.958678246 0.281493604 -0.0411990657
vn 0.749111652 -0.106601655 0.653810143
vn 0.701912403 -0.0280004945 0.711712599
vn 0.741203845 -0.0824004337 0.666203499
vn -0.766817331 0.361608207 -0.530312002
vn -0.550413549 0.512712657 -0.658916235
vn -0.650408506 0.440505773 -0.618808091
vn 0.419778585 0.227488399 -0.878655195
vn 0.401706755 0.183403105 -0.897215128
vn 0.352896571 0.0296997111 -0.935190856
vn -0.488294393 -0.627192795 0.606793046
vn -0.511015534 -0.638919473 0.575017512
vn -0.511887789 -0.627885044 0.586286008
vn 0.301112473 0.895837128 -0.326813549
vn 0.107103251 0.903627396 -0.414712578
vn 0.479798079 0.869796515 -0.115099534
vn -0.946998894 0.309399605 -0.0863998979
vn -0.923967719 0.0814971477 0.373686939
vn -0.925863564 0.207191855 0.315987587
vn 0.93667382 -0.326790869 -0.125896484
vn 0.818502843 -0.00070000242 -0.574502051
vn 0.868132949 -0.126204804 -0.480018198
vn -0.930997968 -0.113899752 -0.346799254
vn -0.954465449 -0.128995329 -0.268990248
vn -0.947339833 -0.122405142 -0.295912415
vn 0.299212873 0.75773263 -0.579924941
vn 0.308612943 0.768632233 -0.560323477
vn 0.328384429 0.778163075 -0.535374582
vn 0.276603729 -0.186502501 0.942712665
vn 0.289798051 -0.232198447 0.928493857
vn 0.264410377 -0.126804978 0.956037521
vn 0.334695041 0.507192552 -0.794188261
vn 0.324903011 0.526404858 -0.785707295
vn 0.349789977 0.472786456 -0.808776796
vn 0.910230935 -0.403313696 -0.0939031914
vn 0.886179328 -0.410390437 -0.215094984
vn 0.946417332 -0.310005665 -0.0905016586
vn 0.513574839 -0.017899124 -0.857858062
vn 0.562679291 -0.171593696 -0.808670282
vn 0.437804461 -0.0623006336 -0.896909118
vn -0.457688332 -0.0886977315 -0.884677351
vn -0.484297901 -0.0561997592 -0.873096228
vn -0.453525037 -0.0997054949 -0.885648847
vn -0.215307608 0.945233405 -0.245308653
vn -0.215307608 0.945233405 -0.245308653
vn -0.120901704 0.935213208 -0.33280471
vn -0.997522533 0.0446010083 0.0544012301
vn -0.997522533 0.0446010083 0.0544012301
vn -0.997522533 0.0446010083 0.0544012301
vn 0.175602466 -0.179202512 -0.968013585
vn 0.164002508 -0.187302843 -0.9685148
vn 0.167499661 -0.175099626 -0.970197976
vn -0.463396132 0.323497295 0.824993074
vn -0.462404191 0.294002682 0.836507559
vn -0.414496452 0.358196944 0.836592853
vn 0.148502499 0.0743012577 -0.986116707
vn 0.137502417 0.054200951 -0.989017367
vn 0.116397262 0.060198579 -0.991376638
vn -0.787233353 0.613826036 0.0590025038
vn -0.787431002 0.613524139 0.0595023446
vn -0.787902057 0.612801611 0.0607001595
vn 0.273196429 0.887288451 0.371595144
vn 0.170592695 0.920060575 0.352684885
vn 0.127202496 0.945418417 0.300005853
vn 0.506028175 0.738541186 0.445524812
vn 0.490624487 0.714535654 0.498724848
vn 0.549093306 0.774290562 0.314596146
vn 0.646487176 -0.32319358 0.691086292
vn 0.695724964 -0.337612092 0.634022772
vn 0.62328887 -0.399592847 0.672187984
vn -0.0971984044 0.0189996883 -0.99508369
vn -0.0957016498 0.0136002339 -0.995317101
vn -0.102094784 0.0157991927 -0.994649231
vn -0.926789403 0.239397243 0.289396703
vn -0.979580045 -0.0642986894 0.190496117
vn -0.974210858 0.211802348 0.0778008625
vn -0.0159997903 -0.929887772 0.367495179
vn -0.0304009914 -0.927930236 0.371512085
vn -0.0159997903 -0.929887772 0.367495179
vn 0.547429979 0.214311749 0.808944345
vn 0.578808546 0.159002349 0.79981178
vn 0.555410743 0.221204281 0.801615477
vn -0.38949734 0.907993793 -0.154398948
vn -0.389389187 0.908074737 -0.154195711
vn -0.389412552 0.908029199 -0.154404983
vn -0.320906907 -0.602312922 0.730915725
vn -0.320906907 -0.602312922 0.730915725
vn -0.320906907 -0.602312922 0.730915725
vn -0.555175364 0.831463099 -0.0211990587
vn -0.5686993 0.82209897 -0.027099967
vn -0.578385532 0.815079629 -0.0333991647
vn 0.410006404 -0.0806012601 0.908514202
vn 0.418490529 -0.0886979923 0.903879583
vn 0.419677228 -0.0962947756 0.902551055
vn 0.14729704 -0.165896684 0.975080431
vn 0.139204338 -0.196706131 0.970530212
vn 0.119002707 -0.163003713 0.979422271
vn 0.932723343 0.0304007642 -0.359308988
vn 0.928412378 0.0467006266 -0.368604928
vn 0.934415102 0.0220003556 -0.355505764
vn 0.91821897 0.105702184 -0.381707877
vn 0.919292986 0.110999152 -0.377597123
vn 0.93016547 0.0962964222 -0.354286849
vn -0.936997294 0.33119905 0.111099683
vn -0.903774858 0.393189073 0.169095293
vn -0.92225337 0.311818033 0.228513211
vn -0.00970009807 -0.964909732 0.262402624
vn 0.018998947 -0.968346357 0.248886198
vn 0.0156007065 -0.955643296 0.294113308
vn -0.331988305 -0.92796731 0.169294044
vn -0.285889119 -0.886566341 0.363686174
vn -0.201392621 -0.9144665 0.350987136
vn -0.366594404 0.906186163 0.210796803
vn -0.274916828 0.931157112 0.239514709
vn -0.483119398 0.87553519 -0.00580023322
vn 0.370810986 -0.626218617 -0.685820341
vn 0.370810986 -0.626218617 -0.685820341
vn 0.370810986 -0.626218617 -0.685820341
vn -0.764200568 0.6158005 -0.191800147
vn -0.764200568 0.6158005 -0.191800147
vn -0.772386611 0.596789658 -0.21739623
vn 0.914511561 -0.107901365 0.389904916
vn 0.896834731 -0.0404015668 0.440517068
vn 0.892809749 -0.0530005805 0.447304904
vn -0.264197141 -0.0231997501 -0.964189649
vn -0.275391698 -0.0175994672 -0.961170971
vn -0.23979421 0.102697521 -0.965376616
vn 0.376605272 0.768210709 -0.517707229
vn 0.385601759 0.767103434 -0.512702346
vn 0.394627064 0.765152454 -0.508734882
vn 0.0884997547 0.936397433 0.339599073
vn 0.14699775 0.927985787 0.342394769
vn 0.174692586 0.930660486 0.321486354
vn -0.737198651 0.230899572 0.634998798
vn -0.794504583 0.282201618 0.537703097
vn -0.761310279 0.214702889 0.61180824
vn 0.960134864 0.27951017 -0.00390014122
vn 0.948161125 0.314487129 -0.0456981286
vn 0.964059412 0.264488846 0.0251989383
vn 0.951937556 0.306212068 0.00700027635
vn 0.915478349 0.398590595 0.0549986996
vn 0.945014119 0.309304625 -0.106201597
vn -0.985994697 0.13789925 0.0937994942
vn -0.988913834 0.10810151 0.101801425
vn -0.984804273 0.130400568 0.114700504
vn -0.990917861 -0.0299005397 0.131102368
vn -0.991076827 -0.028099345 0.13029696
vn -0.991097987 -0.0277999416 0.130199745
vn 0.575680792 -0.0893970206 0.81277293
vn 0.48900646 -0.111601472 0.86511147
vn 0.557315767 -0.145104095 0.817523122
vn 0.248900682 0.139000371 0.95850265
vn 0.140496165 -0.0346990526 0.989473045
vn 0.259303331 -0.0234002993 0.965512395
vn -0.0706023276 -0.88342911 0.463215262
vn -0.0509999581 -0.885099292 0.462599635
vn -0.0834007114 -0.881107509 0.465503961
vn 0.823070467 0.196992934 0.532680869
vn 0.830744326 0.19541043 0.521227837
vn 0.825490117 0.203397572 0.526493669
vn -0.0878006592 -0.290602148 -0.952807069
vn -0.0876995772 -0.290998608 -0.952695429
vn -0.0878006592 -0.290602148 -0.952807069
vn 0.588900268 0.786700308 0.18520008
vn 0.632329643 0.74633497 0.20770973
vn 0.57430768 0.798310757 0.181302443
vn -0.994518816 -0.0847016051 -0.0613011606
vn -0.994518816 -0.0847016051 -0.0613011606
vn -0.994518816 -0.0847016051 -0.0613011606
vn -0.997783005 0.00449992297 -0.0663988665
vn -0.997344673 0.00570025528 -0.0726032481
vn -0.99765116 0.000599970692 -0.0684966445
vn 0.600484729 -0.646283627 0.470888048
vn 0.600484729 -0.646283627 0.470888048
vn 0.600484729 -0.646283627 0.470888048
vn 0.476793736 -0.0992986858 0.873388469
vn 0.476793736 -0.0992986858 0.873388469
vn 0.476793736 -0.0992986858 0.873388469
vn 0.175404832 -0.0937025845 -0.98002702
vn 0.171104059 -0.0954022557 -0.980623245
vn 0.174094483 -0.0914971009 -0.980468929
vn -0.997015238 -0.000800012203 -0.0772011876
vn -0.996576369 -0.00679983944 -0.0823980495
vn -0.996926486 -0.0025000663 -0.0783020779
vn -0.985230029 0.140904292 0.0973029733
vn -0.985230029 0.140904292 0.0973029733
vn -0.985230029 0.140904292 0.0973029733
vn 0.99298805 -0.075699091 -0.0907989144
vn 0.971504271 -0.183600813 -0.14990066
vn 0.98709923 0.00179999857 0.160099879
vn 0.91982609 0.318409026 -0.229206502
vn 0.904292703 0.21589826 -0.36829704
vn 0.833909154 0.429004729 -0.347203821
vn -0.919962764 -0.23429051 0.314287275
vn -0.907082677 -0.270194829 0.322793841
vn -0.937227488 -0.179105267 0.29920876
vn 0.812447309 0.362521112 0.456626594
vn 0.812447309 0.362521112 0.456626594
vn 0.808720291 0.28950724 0.512012839
vn 0.217007831 -0.553719938 -0.803929031
vn 0.360604048 -0.238502681 -0.901710153
vn 0.540908873 -0.0335005522 -0.840413809
vn 0.971215308 0.230703637 0.0593009368
vn 0.957520664 0.285506159 0.0405008756
vn 0.957520664 0.285506159 0.0405008756
vn -0.690992713 0.0310996752 0.722192407
vn -0.613601029 0.228600383 0.75580126
vn -0.679223478 0.00300010387 0.733925402
vn 0.991825938 -0.0795020759 -0.0998026058
vn 0.991825938 -0.0795020759 -0.0998026058
vn 0.991825938 -0.0795020759 -0.0998026058
vn -0.916860819 0.394883126 0.0585974976
vn -0.912479877 0.407191008 0.039699126
vn -0.912186265 0.408593863 0.0310995337
vn 0.448692232 -0.295594871 0.843385398
vn 0.44560045 -0.31970033 0.836200833
vn 0.529905796 -0.340703696 0.776608467
vn 0.15680176 0.0470005274 -0.986511111
vn 0.120602272 0.0394007452 -0.991918743
vn 0.102000587 0.0658003837 -0.992605805
vn 0.845179856 0.166496038 0.5078879
vn 0.837071657 0.207092986 0.506382823
vn 0.84245801 0.170191526 0.51117456
vn 0.92978102 -0.349292874 -0.116197631
vn 0.914535403 -0.391615182 -0.10130392
vn 0.89316839 -0.436784536 -0.107096218
vn -0.852917016 -0.296305895 0.429808557
vn -0.846262872 -0.304486662 0.437180817
vn -0.836693347 -0.315597504 0.447596461
vn -0.994922221 0.0727016255 0.0696015507
vn -0.992913187 0.105401404 0.0549007282
vn -0.996823788 0.0491011739 0.062701501
vn -0.916687071 -0.0220996886 -0.398994386
vn -0.924131095 -0.079502672 -0.373712569
vn -0.924949348 -0.00289984117 -0.38007918
vn -0.0194991585 0.0993956998 -0.994856954
vn -0.0163997952 0.102598727 -0.99458766
vn -0.0163997952 0.102598727 -0.99458766
vn 0.151507482 -0.656632423 0.738836467
vn 0.183101848 -0.653206527 0.734707415
vn 0.181000382 -0.589001238 0.78760165
vn 0.796307623 0.0102000982 -0.604805768
vn 0.797015727 0.00750014745 -0.603911936
vn 0.797184408 0.00759985158 -0.603688121
vn -0.984888196 0.0261996854 0.171197951
vn -0.984655023 0.0168992262 0.173692062
vn -0.986322522 0.0476010889 0.15780361
vn -0.990529716 0.010400312 0.136904106
vn -0.990529716 0.010400312 0.136904106
vn -0.990529716 0.010400312 0.136904106
vn -0.225791588 -0.955864429 -0.187993005
vn -0.225791588 -0.955864429 -0.187993005
vn -0.225791588 -0.955864429 -0.187993005
vn -0.0122005632 0.0126005821 -0.99984622
vn -0.0262003019 0.0411004722 -0.998811483
vn -0.00969953649 0.0141993212 -0.99985218
vn -0.810897231 0.565398097 -0.1508995
vn -0.796505213 0.592603862 -0.12000078
vn -0.806581438 0.576786697 -0.12939702
vn -0.950984299 -0.0354994163 0.307194948
vn -0.967900276 -0.045400016 0.247200057
vn -0.971982002 0.01299976 0.234695658
vn -0.915646374 0.222311258 0.334916949
vn -0.884023547 0.276207358 0.377110034
vn -0.882771134 0.255291641 0.394387126
vn 0.629083991 -0.745880961 0.218894422
vn 0.632494211 -0.746393204 0.206998125
vn 0.642767131 -0.747861743 0.1659915
vn -0.960465968 0.0968965665 0.260990769
vn -0.966471374 0.0708978996 0.246792689
vn -0.965546608 0.0433976017 0.256585807
vn 0.342982203 -0.937851369 0.0528972559
vn 0.343001544 -0.938404262 0.0418001935
vn 0.344396919 -0.937691629 0.046099592
vn 0.056101948 -0.0195006765 -0.99823463
vn 0.088297382 0.0156995337 -0.995970488
vn 0.110099778 -0.00669998582 -0.993897974
vn -0.993328333 -0.115203284 -0.00520014856
vn -0.992937386 0.0184006933 -0.117204413
vn -0.995858729 -0.0619974323 -0.0664972439
vn 0.197593912 0.98026973 0.0052998364
vn 0.312491089 0.945873082 -0.0875975043
vn 0.144999593 0.956697285 -0.252399296
vn -0.216608122 -0.201507553 0.955235839
vn -0.226106137 -0.178404838 0.957626045
vn -0.219908565 -0.192507491 0.956337273
vn -0.0296014193 0.945245326 -0.325015545
vn -0.0542974174 0.94925487 -0.309785277
vn -0.00460021291 0.94424367 -0.329215229
vn 0.811906099 0.273602068 0.515703857
vn 0.823673725 0.283890933 0.490884364
vn 0.797498286 0.307799339 0.518898845
vn -0.305611998 -0.697427392 0.648225427
vn -0.301799595 -0.667099118 0.681099057
vn -0.32569322 -0.683285773 0.653486371
vn -0.780782104 -0.0046998919 0.624785721
vn -0.780525148 -0.00230007409 0.625120163
vn -0.781576931 -0.0125996284 0.623681605
vn -0.966795266 -0.120799415 0.225198895
vn -0.961185515 -0.180697292 0.208496854
vn -0.963703394 -0.151100516 0.220100775
vn -0.0876989067 0.980187714 0.177597776
vn -0.0789999366 0.980599165 0.179399848
vn -0.081001848 0.978822291 0.18800427
vn 0.902479768 0.185395837 -0.388791293
vn 0.892192304 0.0718993768 -0.445896149
vn 0.788484752 0.397092283 -0.469690949
vn 0.793575466 -0.604581296 -0.0686978698
vn 0.809341371 -0.58022964 -0.0911046565
vn 0.836285472 -0.514691055 -0.188996717
vn 0.395890325 0.10839735 -0.911877692
vn 0.377592057 0.0920980573 -0.921380579
vn 0.386894822 0.114498474 -0.914987803
vn -0.826830089 -0.0899032801 0.555220187
vn -0.93381387 -0.0199002959 0.357205302
vn -0.902902961 0.0235000774 0.429201394
vn 0.788474679 0.540582657 0.293390542
vn 0.788474679 0.540582657 0.293390542
vn 0.788474679 0.540582657 0.293390542
vn 0.0458002388 0.25670135 -0.965405047
vn 0.0429985896 0.259191483 -0.964868367
vn 0.0474012829 0.256706953 -0.96532613
vn 0.463600218 0.13820006 -0.875200331
vn 0.463502407 0.138500735 -0.875204563
vn 0.463685066 0.138095558 -0.87517184
vn -0.718230188 0.67392832 0.173107266
vn -0.716319144 0.6784181 0.163204372
vn -0.72019136 0.66999197 0.180097833
vn -0.995780587 0.00699986378 0.091498211
vn -0.99013114 -0.139204383 -0.0162005089
vn -0.99594146 -0.0112004662 0.0893037245
vn 0.428905338 0.714608908 0.552606881
vn 0.375504076 0.736907959 0.562106073
vn 0.207793549 0.810674846 0.54738301
vn -0.755000889 -0.63850069 0.149300173
vn -0.679867685 -0.687167346 0.25608781
vn -0.722004116 -0.638503611 0.266501516
vn 0.0843959004 -0.0843959004 -0.992851794
vn 0.0473013297 -0.122603439 -0.991327822
vn 0.0477019772 -0.0723029971 -0.996241331
vn 0.852664053 -0.227390409 0.470380187
vn 0.852664053 -0.227390409 0.470380187
vn 0.852664053 -0.227390409 0.470380187
vn -0.92038542 0.00379993976 0.390993804
vn -0.913116336 -0.0590010546 0.403407216
vn -0.914004505 -0.012800063 0.405501992
vn 0.247695938 0.0511991568 -0.967484057
vn 0.256090164 0.0664974451 -0.964362979
vn 0.241992041 0.0463984758 -0.969168186
vn -0.598259091 0.801245213 0.0095993448
vn -0.598259091 0.801245213 0.0095993448
vn -0.583297431 0.768296659 0.26359883
vn -0.265707791 0.96402818 -0.00700020511
vn -0.501603484 0.86500597 0.0126000866
vn -0.0112002939 0.999926209 -0.00470012333
vn 0.97754389 -0.0186008345 -0.209909424
vn 0.977901578 -0.0190000292 -0.208200336
vn 0.977901578 -0.0190000292 -0.208200336
vn 0.995890081 -0.01099989 -0.0898991078
vn 0.995726943 -0.0117003163 -0.0916024819
vn 0.995874345 -0.0107997218 -0.0900976807
vn 0.0531005338 -0.94500947 0.322703242
vn -0.0890008286 -0.952908814 0.289902687
vn 0.106200568 -0.969905198 0.219101176
vn 0.381316036 0.923238814 0.0472019836
vn 0.381316036 0.923238814 0.0472019836
vn 0.381407559 0.924318373 0.0128002539
vn -0.676493347 0.614693999 0.405596018
vn -0.652490795 0.639290988 0.406894267
vn -0.700598657 0.612898827 0.365399271
vn -0.995057106 -0.0177992322 0.0976957828
vn -0.995671511 -0.013899602 0.0918973684
vn -0.996425569 -0.0186004769 0.0824021176
vn 0.858275831 -0.0286991913 -0.512385547
vn 0.858275831 -0.0286991913 -0.512385547
vn 0.858275831 -0.0286991913 -0.512385547
vn -0.900778115 -0.0747981817 0.427789599
vn -0.900778115 -0.0747981817 0.427789599
vn -0.900778115 -0.0747981817 0.427789599
vn -0.558902502 -0.341601551 0.755603373
vn -0.558902502 -0.341601551 0.755603373
vn -0.558902502 -0.341601551 0.755603373
vn 0.505120575 0.0397016183 0.862135112
vn 0.499693155 0.0511992909 0.864688098
vn 0.499693155 0.0511992909 0.864688098
vn -0.720377564 0.0633980259 -0.690678537
vn -0.720683515 0.0608986057 -0.690584123
vn -0.721400142 0.0613000058 -0.689800143
vn 0.259296447 0.961386859 0.0921987444
vn 0.26340887 0.96013242 0.0936031565
vn 0.267496049 0.959185779 0.0916986391
vn -0.969067216 -0.0656977817 -0.237891942
vn -0.969067216 -0.0656977817 -0.237891942
vn -0.969067216 -0.0656977817 -0.237891942
vn -0.96506238 0.0567977875 0.255790025
vn -0.966181159 -0.0355993025 0.255395025
vn -0.964450121 0.0052002701 0.264213741
vn 0.101803981 0.144605651 0.984238446
vn 0.11050047 0.148600638 0.982704222
vn 0.11050047 0.148600638 0.982704222
vn 0.179795608 -0.133696735 0.974576175
vn 0.179795608 -0.133696735 0.974576175
vn 0.179795608 -0.133696735 0.974576175
vn -0.996433735 0.0345011652 -0.0770026073
vn -0.996377647 0.00759982923 -0.0846981034
vn -0.996531665 0.0116003687 -0.0824026167
vn -0.999223709 -0.0337008014 0.020400485
vn -0.998633444 -0.0520017408 -0.00520017417
vn -0.999223709 -0.0337008014 0.020400485
vn -0.994373202 0.105497152 0.00959974155
vn -0.994036198 0.107503913 0.0183006674
vn -0.994928718 0.0992028713 0.0166004803
vn -0.492802143 0.581502497 0.647302806
vn -0.492802143 0.581502497 0.647302806
vn -0.492802143 0.581502497 0.647302806
vn 0.550707757 -0.230603263 -0.802211344
vn 0.550707757 -0.230603263 -0.802211344
vn 0.550707757 -0.230603263 -0.802211344
vn -0.0553976819 0.994658411 -0.0870963559
vn -0.265193045 0.962974787 -0.0484987311
vn 0.148298308 0.976688862 -0.155198246
vn -0.676686466 -0.0482990406 -0.734685361
vn -0.669771254 -0.0557976067 -0.740468204
vn -0.674898207 -0.0557998456 -0.735798061
vn 0.113299564 0.693597317 -0.711397231
vn 0.113299564 0.693597317 -0.711397231
vn 0.113299564 0.693597317 -0.711397231
vn -0.751647115 0.499931335 0.430226982
vn -0.783185601 0.235195681 0.575589418
vn -0.796803951 0.335101634 0.502802491
vn -0.872842848 -0.0606029741 -0.484223783
vn -0.872842848 -0.0606029741 -0.484223783
vn -0.872842848 -0.0606029741 -0.484223783
vn 0.289400905 0.00310000987 -0.957202971
vn 0.289400905 0.00310000987 -0.957202971
vn 0.289400905 0.00310000987 -0.957202971
vn 0.370286703 -0.233591601 0.8990677
vn 0.368296653 -0.244097784 0.897091866
vn 0.370286703 -0.233591601 0.8990677
vn 0.403309107 -0.0343007743 -0.914420664
vn 0.40479359 -0.0277995579 -0.913985491
vn 0.399410874 -0.03700101 -0.916024983
vn -0.462489098 -0.554686904 0.69168365
vn -0.494808763 -0.518709183 0.697212338
vn -0.462489098 -0.554686904 0.69168365
vn 0.94590497 0.16760087 0.277801454
vn 0.94590497 0.16760087 0.277801454
vn 0.94590497 0.16760087 0.277801454
vn -0.22570008 -0.971700311 -0.069700025
vn -0.22570008 -0.971700311 -0.069700025
vn -0.22570008 -0.971700311 -0.069700025
vn 0.2583915 -0.0301990043 0.965568185
vn 0.2583915 -0.0301990043 0.965568185
vn 0.2583915 -0.0301990043 0.965568185
vn -0.449790567 -0.0574987903 0.891281307
vn -0.449790567 -0.0574987903 0.891281307
vn -0.449790567 -0.0574987903 0.891281307
vn -0.323491842 0.105097346 0.940376282
vn -0.323491842 0.105097346 0.940376282
vn -0.323491842 0.105097346 0.940376282
vn 0.569782913 -0.278191626 0.773276746
vn 0.569782913 -0.278191626 0.773276746
vn 0.569782913 -0.278191626 0.773276746
vn -0.0188003965 -0.794316769 -0.607212842
vn -0.0188003965 -0.794316769 -0.607212842
vn -0.0188003965 -0.794316769 -0.607212842
vn 0.0377996527 -0.832592368 -0.55259496
vn 0.0377996527 -0.832592368 -0.55259496
vn 0.0377996527 -0.832592368 -0.55259496
vn -0.947563589 0.305888236 -0.0924964473
vn -0.94842571 0.302208185 -0.095702596
vn -0.947093606 0.307697922 -0.0912993848
vn 0.171201184 0.0492003374 0.984006822
vn 0.20910643 0.0650020018 0.975730062
vn 0.20910643 0.0650020018 0.975730062
vn 0.756052017 0.577363431 -0.308280408
vn 0.756052017 0.577363431 -0.308280408
vn 0.756052017 0.577363431 -0.308280408
vn -0.561631024 -0.776342869 -0.286115795
vn -0.561631024 -0.776342869 -0.286115795
vn -0.561631024 -0.776342869 -0.286115795
vn -0.109400362 0.0758002549 -0.991103292
vn -0.11120116 0.0770008042 -0.990810394
vn -0.10959547 0.0760968477 -0.991059005
vn 0.0248999391 -0.699398339 0.714298248
vn 0.12110287 -0.643015206 0.756217897
vn 0.0301001985 -0.795805275 0.604804039
vn -0.0221011452 0.962349832 -0.270914048
vn -0.0221011452 0.962349832 -0.270914048
vn -0.0221011452 0.962349832 -0.270914048
vn -0.987052262 0.0159008428 0.159608468
vn -0.98142457 0.136703417 0.134603366
vn -0.983133018 0.137404621 0.120704055
vn -0.659613311 0.554111123 -0.507810175
vn -0.706593096 0.564194441 -0.427095801
vn -0.672312558 0.554610372 -0.490309179
vn 0.229097858 -0.12149886 -0.965790927
vn 0.176108286 -0.215710148 -0.960445166
vn 0.157998413 -0.164798349 -0.973590195
vn -0.350394189 -0.0201996658 -0.936384499
vn -0.3505086 0.0251006167 -0.93622303
vn -0.351403624 0.00520005357 -0.936209679
vn -0.56608218 -0.13999559 -0.812374413
vn -0.567801833 -0.134500444 -0.812102675
vn -0.567801833 -0.134500444 -0.812102675
vn -0.931635678 0.310311884 0.189107239
vn -0.961137056 0.240809277 0.135005206
vn -0.972204685 0.157100767 0.173600838
vn -0.996739209 0.0805031657 -0.0055002165
vn -0.996739209 0.0805031657 -0.0055002165
vn -0.996739209 0.0805031657 -0.0055002165
vn 0.209998861 -0.580796897 -0.786495745
vn 0.214201972 -0.581005335 -0.785207212
vn 0.201294363 -0.580783784 -0.788777947
vn -0.119300038 -0.195600063 -0.973400295
vn -0.119300038 -0.195600063 -0.973400295
vn -0.119598113 -0.194996923 -0.973484695
vn -0.546001017 0.11320021 0.83010155
vn -0.546001017 0.11320021 0.83010155
vn -0.546001017 0.11320021 0.83010155
vn -0.804090083 -0.257196844 0.535993397
vn -0.786777914 -0.272992343 0.553584456
vn -0.804611385 -0.224303171 0.549807787
vn -0.842113614 -0.162902623 0.51410836
vn -0.938327789 0.0588017441 0.340710074
vn -0.831682324 -0.202295691 0.51708895
vn -0.47122094 -0.0393017456 -0.881139159
vn -0.574811459 -0.409908146 -0.708214045
vn -0.60098809 0.150897011 -0.784884393
vn -0.438181221 -0.226190314 -0.869962752
vn -0.438181221 -0.226190314 -0.869962752
vn -0.438181221 -0.226190314 -0.869962752
vn -0.0768017769 0.757317483 0.648514986
vn -0.0651014745 0.772217453 0.632014334
vn -0.0768017769 0.757317483 0.648514986
vn -0.475401521 0.719902277 0.505701602
vn -0.475401521 0.719902277 0.505701602
vn -0.475401521 0.719902277 0.505701602
vn -0.195906252 -0.291709334 0.936229944
vn -0.195906252 -0.291709334 0.936229944
vn -0.195906252 -0.291709334 0.936229944
vn -0.400395364 0.786690891 0.469894528
vn -0.400395364 0.786690891 0.469894528
vn -0.400395364 0.786690891 0.469894528
vn -0.551910639 0.1620031 0.818015695
vn -0.546794415 0.197697982 0.813591719
vn -0.522689462 0.139797166 0.840983033
vn -0.966705382 0.214001194 0.140300781
vn -0.966919541 0.214204341 0.138502792
vn -0.96690613 0.214201376 0.138600886
vn 0.0384009369 0.0384009369 0.998524368
vn 0.0384009369 0.0384009369 0.998524368
vn 0.0390980616 0.0395980366 0.998450518
vn -0.817761302 0.198690608 0.540174425
vn -0.817761302 0.198690608 0.540174425
vn -0.801998913 0.222099707 0.554499209
vn -0.674288988 0.204496652 0.709588349
vn -0.675298631 0.173699662 0.716798544
vn -0.680880547 0.249792874 0.688480318
vn 0.232404411 0.0140002668 -0.972518504
vn 0.217197731 -0.0163998287 -0.975989819
vn 0.229407102 -0.000900027924 -0.97333014
vn 0.211805046 -0.386309206 -0.89772141
vn 0.210390478 -0.388382435 -0.897159398
vn 0.206290454 -0.384082198 -0.899958313
vn -0.158500195 -0.449900568 0.878901064
vn -0.179099128 -0.463897735 0.867595732
vn -0.170794234 -0.457084596 0.872870564
vn -0.0683000013 -0.981999934 -0.176099986
vn -0.0683000013 -0.981999934 -0.176099986
vn -0.0683000013 -0.981999934 -0.176099986
vn 0.649129987 -0.710532844 0.271612555
vn 0.647123694 -0.711826086 0.273010015
vn 0.647123694 -0.711826086 0.273010015
vn 0.0113000572 -0.00790003873 -0.99990499
vn 0.0113000572 -0.00790003873 -0.99990499
vn 0 -0.00729980599 -0.999973416
vn 0.047399193 0.183996871 -0.98178333
vn 0.0362013839 0.190407276 -0.981037438
vn 0.0371012278 0.188706264 -0.981332541
vn -0.414218903 -0.178308129 0.892540693
vn -0.414218903 -0.178308129 0.892540693
vn -0.414218903 -0.178308129 0.892540693
vn -0.998034298 0.0466016009 -0.0419014432
vn -0.998034298 0.0466016009 -0.0419014432
vn -0.998034298 0.0466016009 -0.0419014432
vn -0.998049855 -0.0612969175 -0.0117994072
vn -0.999647021 -0.0251011811 -0.00870040897
vn -0.997026026 -0.0765019953 0.00930024311
vn -0.964605868 0.212601274 -0.156000942
vn -0.964605868 0.212601274 -0.156000942
vn -0.964605868 0.212601274 -0.156000942
vn 0.804707885 0.589705765 0.0685006678
vn 0.823665261 0.553376615 0.123894766
vn 0.821603894 0.564202607 0.0815003812
vn 0.976407886 0.0705005676 0.204101637
vn 0.975188911 0.0802990943 0.206297666
vn 0.976407886 0.0705005676 0.204101637
vn 0.878293931 0.369197428 0.303797901
vn 0.878293931 0.369197428 0.303797901
vn 0.878293931 0.369197428 0.303797901
vn 0.944600105 0.125700012 0.303200036
vn 0.944687545 0.12259838 0.30419597
vn 0.94692415 0.117002979 0.299407631
vn -0.938264489 0.0400984846 -0.343587011
vn -0.957529843 0.00380011857 -0.288309008
vn -0.965301931 0.0377000757 -0.2584005
vn -0.124501601 0.0284003671 -0.991812825
vn -0.124204881 0.0251009855 -0.991939008
vn -0.124204881 0.0251009855 -0.991939008
vn -0.0648988634 0.963183105 0.260895431
vn -0.0725002736 0.962503612 0.261401027
vn -0.0719002262 0.962603033 0.261200845
vn -0.217112139 -0.485327154 0.846947372
vn -0.217112139 -0.485327154 0.846947372
vn -0.217112139 -0.485327154 0.846947372
vn 0.249509692 -0.545321226 0.800231099
vn 0.249509692 -0.545321226 0.800231099
vn 0.249509692 -0.545321226 0.800231099
vn -0.879835784 -0.437917799 0.184707507
vn -0.879835784 -0.437917799 0.184707507
vn -0.879835784 -0.437917799 0.184707507
vn -0.661742151 -0.135708645 -0.737346947
vn -0.631509721 -0.128701985 -0.764611781
vn -0.645911217 -0.133702323 -0.751613081
vn 0.761366069 0.410781711 0.501577675
vn 0.761366069 0.410781711 0.501577675
vn 0.761366069 0.410781711 0.501577675
vn 0.936084509 -0.0456992425 0.348794222
vn 0.936084509 -0.0456992425 0.348794222
vn 0.936084509 -0.0456992425 0.348794222
vn 0.154103011 -0.11770229 0.98101908
vn 0.154103011 -0.11770229 0.98101908
vn 0.154103011 -0.11770229 0.98101908
vn -0.513795018 -0.41889593 0.748692751
vn -0.502086222 -0.406588852 0.76327908
vn -0.507315755 -0.393012196 0.766923785
vn -0.072799623 0.0712996274 -0.994794786
vn -0.079803437 0.0715030804 -0.994242728
vn -0.079803437 0.0715030804 -0.994242728
vn -0.98836273 0.0542979538 0.142094657
vn -0.990011036 0.0211002342 0.13940157
vn -0.98836273 0.0542979538 0.142094657
vn -0.989348054 -0.0794038624 0.122005932
vn -0.99322176 -0.0744016245 0.0893019512
vn -0.989348054 -0.0794038624 0.122005932
vn -0.992875338 -0.0235994142 0.116797104
vn -0.986307561 -0.0870006606 0.140101075
vn -0.904178977 -0.0198995359 -0.426690072
vn -0.904178977 -0.0198995359 -0.426690072
vn -0.904178977 -0.0198995359 -0.426690072
vn 0.742789686 0.118298359 -0.65899086
vn 0.742789686 0.118298359 -0.65899086
vn 0.742789686 0.118298359 -0.65899086
vn 0.828172505 0.161894634 0.536582172
vn 0.691090345 0.412794232 0.5932917
vn 0.474498212 0.601597726 0.642597556
vn -0.52978605 -0.593184412 0.606184006
vn -0.52978605 -0.593184412 0.606184006
vn -0.52978605 -0.593184412 0.606184006
vn -0.240398362 -0.587495923 -0.772694707
vn -0.240398362 -0.587495923 -0.772694707
vn -0.240398362 -0.587495923 -0.772694707
vn 0.827826679 0.35421142 0.435014039
vn 0.790276945 0.407188147 0.457886606
vn 0.863970399 0.302189618 0.402786195
vn 0.934704363 0.335301548 0.117900543
vn 0.934919238 0.334806889 0.117602415
vn 0.934919238 0.334806889 0.117602415
vn -0.99587965 0.0877982154 0.0226995386
vn -0.997436583 0.0641023517 0.0318011679
vn -0.99587965 0.0877982154 0.0226995386
vn -0.99357444 0.110497154 -0.0244993679
vn -0.995510459 0.0877009183 -0.0356003717
vn -0.99357444 0.110497154 -0.0244993679
vn 0.784125745 0.200506583 0.587319314
vn 0.786765873 0.189091787 0.587574482
vn 0.788780153 0.187795281 0.585285306
vn 0.172591314 0.643467546 0.745762467
vn 0.172591314 0.643467546 0.745762467
vn 0.172591314 0.643467546 0.745762467
vn -0.993831158 0.0826025903 0.0740023181
vn -0.993831158 0.0826025903 0.0740023181
vn -0.993831158 0.0826025903 0.0740023181
vn -0.691039443 0.357820451 0.628035903
vn -0.657688975 0.222796276 0.719587982
vn -0.541022778 0.0383016132 0.840135396
vn -0.880200565 0.0524000339 0.471700311
vn -0.880200565 0.0524000339 0.471700311
vn -0.880200565 0.0524000339 0.471700311
vn -0.656706035 0.622505724 0.425703913
vn -0.626215816 0.7082178 0.326008201
vn -0.638978243 0.629778564 0.441684961
vn -0.905971169 -0.380487859 0.185594082
vn -0.905971169 -0.380487859 0.185594082
vn -0.905971169 -0.380487859 0.185594082
vn 0.0855006352 0.993007302 -0.0814006031
vn 0.0855006352 0.993007302 -0.0814006031
vn 0.0855006352 0.993007302 -0.0814006031
vn 0.310309172 -0.0479014143 0.949428082
vn 0.321486503 -0.0694970787 0.944360375
vn 0.321809798 -0.0656019971 0.944528818
vn 0.327602446 0.334802508 0.883506596
vn 0.325013816 0.332214117 0.885437667
vn 0.328197688 0.331597686 0.884493768
vn -0.870388806 0.483093768 0.0950987786
vn -0.856071055 0.382887036 -0.347188264
vn -0.953662395 0.210491702 -0.214991525
vn -0.976876438 -0.0557986535 -0.206395045
vn -0.976876438 -0.0557986535 -0.206395045
vn -0.976876438 -0.0557986535 -0.206395045
vn -0.996114612 0.0497007258 0.0727010667
vn -0.975476027 -0.21509473 -0.0466988534
vn -0.967721283 -0.0190004166 0.25130555
vn 0.167688012 -0.782644093 0.599457145
vn 0.31259194 -0.74658072 0.587284863
vn 0.304198742 -0.747196913 0.59089756
vn -0.963991225 0.229997903 -0.133498788
vn -0.963991225 0.229997903 -0.133498788
vn -0.963991225 0.229997903 -0.133498788
vn -0.998419642 0.0560011044 0.0047000926
vn -0.998419642 0.0560011044 0.0047000926
vn -0.998419642 0.0560011044 0.0047000926
vn 0.175702617 -0.00750011206 -0.984414697
vn 0.165999398 0.00759997359 -0.986096561
vn 0.175800294 -0.00690001156 -0.984401643
vn 0.329293966 -0.333993882 -0.883183837
vn 0.329293966 -0.333993882 -0.883183837
vn 0.329293966 -0.333993882 -0.883183837
vn -0.21769172 0.935264409 0.279089391
vn -0.221303686 0.932015479 0.287004769
vn -0.218402267 0.931209683 0.291803002
vn 0.449111193 -0.879821956 0.155603871
vn 0.455274642 -0.877351165 0.151591569
vn 0.459209234 -0.874217629 0.157703176
vn -0.664910197 0.728311121 -0.165702537
vn -0.686970651 0.691270471 -0.224090427
vn -0.664910197 0.728311121 -0.165702537
vn 0.298602164 0.951806962 -0.0700005069
vn 0.298602164 0.951806962 -0.0700005069
vn 0.298602164 0.951806962 -0.0700005069
vn -0.952969134 0.292590529 0.0789974481
vn -0.952969134 0.292590529 0.0789974481
vn -0.952969134 0.292590529 0.0789974481
vn 0.238887846 0.0239987783 -0.97075057
vn 0.238887846 0.0239987783 -0.97075057
vn 0.238887846 0.0239987783 -0.97075057
vn 0.667369246 0.0822962075 -0.740165889
vn 0.660101414 0.0897001922 -0.745801628
vn 0.657301605 0.101200253 -0.746801853
vn 0.0135001056 -0.0824006423 -0.996507823
vn 0.017900696 -0.351713687 -0.935936391
vn 0.0135001056 -0.0824006423 -0.996507823
vn 0.121401928 -0.377505988 0.918014586
vn 0.143597916 -0.386394382 0.911086738
vn 0.121401928 -0.377505988 0.918014586
vn 0.122500047 -0.378400147 0.917500377
vn 0.104700841 -0.395203203 0.912607312
vn 0.111100599 -0.326901764 0.938505054
vn 0.999631643 0.0204006471 -0.0179005675
vn 0.999631643 0.0204006471 -0.0179005675
vn 0.999631643 0.0204006471 -0.0179005675
vn -0.824090838 0.566093683 0.0202997737
vn -0.824090838 0.566093683 0.0202997737
vn -0.824090838 0.566093683 0.0202997737
vn -0.786266685 0.480079681 -0.388983518
vn -0.772979259 0.390789509 -0.499786615
vn -0.793812811 0.405206531 -0.453507304
vn 0.418206483 0.249503881 -0.873413503
vn 0.414587349 0.256292194 -0.873173356
vn 0.428786546 0.248092234 -0.868672788
vn 0.970831692 -0.0460015014 0.235307693
vn 0.970831692 -0.0460015014 0.235307693
vn 0.971062839 -0.0598977096 0.231191158
vn 0.163394868 -0.0463985428 0.985469043
vn 0.163394868 -0.0463985428 0.985469043
vn 0.163394868 -0.0463985428 0.985469043
vn -0.99860388 0.0528002046 0.00160000613
vn -0.99860388 0.0528002046 0.00160000613
vn -0.99860388 0.0528002046 0.00160000613
vn -0.948126495 0.0955026746 -0.3032085
vn -0.948126495 0.0955026746 -0.3032085
vn -0.948126495 0.0955026746 -0.3032085
vn 0.92983979 0.367915779 0.0060002571
vn 0.92983979 0.367915779 0.0060002571
vn 0.92983979 0.367915779 0.0060002571
vn -0.995121062 0.0982020795 0.00950020086
vn -0.995121062 0.0982020795 0.00950020086
vn -0.995121062 0.0982020795 0.00950020086
vn -0.501707315 0.246703625 0.829112172
vn -0.501707315 0.246703625 0.829112172
vn -0.501707315 0.246703625 0.829112172
vn 0.998317003 0.0457007773 -0.035700608
vn 0.998317003 0.0457007773 -0.035700608
vn 0.991639435 0.101404041 -0.0798031762
vn 0.928020477 -0.371908188 -0.0215004757
vn 0.928020477 -0.371908188 -0.0215004757
vn 0.928020477 -0.371908188 -0.0215004757
vn 0.459089488 -0.737983048 0.494588673
vn 0.455295473 -0.740592599 0.494195044
vn 0.460291624 -0.735886574 0.496590942
vn -0.903254807 -0.388880551 -0.181390926
vn -0.903254807 -0.388880551 -0.181390926
vn -0.903254807 -0.388880551 -0.181390926
vn 0.244291961 -0.0289990455 0.969268084
vn 0.244291961 -0.0289990455 0.969268084
vn 0.244291961 -0.0289990455 0.969268084
vn -0.0177006144 0.156405419 0.987534285
vn -0.00689989608 0.135997951 0.990685046
vn -0.000800016627 0.179703742 0.983720422
vn 0.367416948 0.172907978 -0.913842201
vn 0.366789848 0.165995404 -0.915374696
vn 0.37330693 0.169903159 -0.912016988
vn 0.505197167 -0.00389997801 0.862995148
vn 0.477106452 0.040500544 0.877911806
vn 0.475197971 0.0393998325 0.878996313
vn -0.736286581 -0.0156997126 0.676487684
vn -0.736286581 -0.0156997126 0.676487684
vn -0.736286581 -0.0156997126 0.676487684
vn -0.93481797 0.253104866 0.249104768
vn -0.93481797 0.253104866 0.249104768
vn -0.93481797 0.253104866 0.249104768
vn 0.965407789 0.245301977 -0.0884007141
vn 0.965407789 0.245301977 -0.0884007141
vn 0.965407789 0.245301977 -0.0884007141
vn 0.993126035 -0.00900023617 0.116703063
vn 0.987655759 0.0171992313 0.155693039
vn 0.944687426 -0.0533992872 0.323595673
vn 0.972977161 -0.176395878 0.148996517
vn 0.989293098 0.00999992993 0.145598993
vn 0.988145232 -0.150106862 0.0322014764
vn 0.950788558 -0.0122998515 -0.30959627
vn 0.953307152 -0.0967007279 -0.286102146
vn 0.963712871 -0.0718009621 -0.257103413
vn 0.0465991832 -0.889684379 0.454192013
vn 0.0384010226 -0.871823192 0.48831296
vn 0.106797412 -0.907078087 0.407190144
vn 0.72517246 0.641075611 0.25129047
vn 0.650725543 0.580622792 0.489319265
vn 0.72517246 0.641075611 0.25129047
vn -0.332084656 0.173491985 -0.927157104
vn -0.332084656 0.173491985 -0.927157104
vn -0.332084656 0.173491985 -0.927157104
vn -0.900526881 -0.0158004705 0.434512973
vn -0.900526881 -0.0158004705 0.434512973
vn -0.900526881 -0.0158004705 0.434512973
vn -0.354690641 -0.314291686 0.88057673
vn -0.354690641 -0.314291686 0.88057673
vn -0.354690641 -0.314291686 0.88057673
vn 0.918810844 0.274303228 0.283803374
vn 0.918810844 0.274303228 0.283803374
vn 0.918810844 0.274303228 0.283803374
vn 0.556779444 0.657075763 0.508181214
vn 0.556779444 0.657075763 0.508181214
vn 0.556779444 0.657075763 0.508181214
vn 0.0808018818 0.447510421 0.890620828
vn 0.0648017824 0.422111601 0.904224873
vn 0.104000732 0.485003382 0.8683061
vn -0.16050519 -0.118203811 -0.979931653
vn -0.150603399 -0.109402455 -0.98252213
vn -0.152596623 -0.120797321 -0.980878234
vn 0.989884496 -0.140297815 -0.0210996699
vn 0.989884496 -0.140297815 -0.0210996699
vn 0.989884496 -0.140297815 -0.0210996699
vn 0.729125619 -0.0646022707 0.681323946
vn 0.729125619 -0.0646022707 0.681323946
vn 0.729125619 -0.0646022707 0.681323946
vn 0.0720991716 -0.0375995673 0.996688545
vn 0.0737995133 -0.0339997746 0.996693373
vn 0.0738032833 -0.0354015753 0.996644378
vn 0.970445752 0.0427020118 0.237511203
vn 0.967973769 0.0133996364 0.250693202
vn 0.967946291 0.0111005306 0.250911981
vn -0.883323252 0.111902945 -0.455211997
vn -0.882041097 0.11340528 -0.457321316
vn -0.884609461 0.111101195 -0.45290482
vn 0.0937027559 0.198905841 0.975528657
vn 0.0937027559 0.198905841 0.975528657
vn 0.0919031724 0.200206935 0.975433707
vn -0.149894312 -0.167193636 0.974462986
vn -0.150100738 -0.165000826 0.974804819
vn -0.187695578 -0.125497028 0.974177003
vn 0.976684213 0.214496523 0.00889985636
vn 0.976717889 0.214303926 0.00980017986
vn 0.976680696 0.214495748 0.00929981656
vn -0.968921542 0.239105299 0.0634014085
vn -0.968921542 0.239105299 0.0634014085
vn -0.968921542 0.239105299 0.0634014085
vn 0.878815889 -0.064301163 0.47280854
vn 0.878815889 -0.064301163 0.47280854
vn 0.878815889 -0.064301163 0.47280854
vn -0.467101693 -0.0871003196 0.879903197
vn -0.467101693 -0.0871003196 0.879903197
vn -0.467101693 -0.0871003196 0.879903197
vn -0.686777949 -0.594380915 -0.418386549
vn -0.686777949 -0.594380915 -0.418386549
vn -0.686777949 -0.594380915 -0.418386549
vn -0.47480464 0.397503912 0.785207689
vn -0.47480464 0.397503912 0.785207689
vn -0.439102441 0.332601845 0.834604621
vn 0.836767733 0.282789081 0.468881905
vn 0.836767733 0.282789081 0.468881905
vn 0.836767733 0.282789081 0.468881905
vn 0.947714329 0.313504726 0.0596009009
vn 0.947714329 0.313504726 0.0596009009
vn 0.947714329 0.313504726 0.0596009009
vn 0.868053377 0.437176526 0.235287368
vn 0.868053377 0.437176526 0.235287368
vn 0.868053377 0.437176526 0.235287368
vn 0.692403615 -0.0381001979 0.720503747
vn 0.692403615 -0.0381001979 0.720503747
vn 0.692403615 -0.0381001979 0.720503747
vn -0.310400099 0.263000071 0.913500249
vn -0.310400099 0.263000071 0.913500249
vn -0.310400099 0.263000071 0.913500249
vn -0.134501278 -0.0316002965 -0.990409374
vn -0.134501278 -0.0316002965 -0.990409374
vn -0.134501278 -0.0316002965 -0.990409374
vn -0.208403289 0.400206357 -0.892414153
vn -0.208403289 0.400206357 -0.892414153
vn -0.208403289 0.400206357 -0.892414153
vn -0.149393156 0.923357725 -0.353683829
vn -0.149393156 0.923357725 -0.353683829
vn -0.149393156 0.923357725 -0.353683829
vn -0.894420981 0.284206659 -0.345308095
vn -0.894420981 0.284206659 -0.345308095
vn -0.894420981 0.284206659 -0.345308095
vn -0.135594741 0.42838338 -0.893365383
vn -0.135594741 0.42838338 -0.893365383
vn -0.135594741 0.42838338 -0.893365383
vn -0.746964395 0.46867767 0.471577525
vn -0.746964395 0.46867767 0.471577525
vn -0.746964395 0.46867767 0.471577525
vn -0.474209726 0.866117775 0.158003241
vn -0.474682033 0.869867027 0.134194925
vn -0.453188956 0.876478672 0.16249603
vn -0.164203957 0.199104816 -0.966123283
vn -0.150297329 0.185496703 -0.971082747
vn -0.172192231 0.143493533 -0.974556029
vn 0.034800861 0.908922553 -0.415510267
vn 0.034800861 0.908922553 -0.415510267
vn 0.034800861 0.908922553 -0.415510267
vn -0.366700679 0.851501584 -0.374800712
vn -0.366700679 0.851501584 -0.374800712
vn -0.366700679 0.851501584 -0.374800712
vn -0.138899729 0.51869899 -0.843598366
vn -0.146903053 0.517110765 -0.843217611
vn -0.140502021 0.518407524 -0.843512177
vn 0.826106369 -0.0302002355 0.562704325
vn 0.826106369 -0.0302002355 0.562704325
vn 0.826106369 -0.0302002355 0.562704325
vn 0.961484373 0.256795824 -0.0979984105
vn 0.961484373 0.256795824 -0.0979984105
vn 0.961484373 0.256795824 -0.0979984105
vn 0.758501709 -0.595401347 0.264900595
vn 0.700993776 -0.641494334 0.311597258
vn 0.719214678 -0.60461235 0.342306972
vn -0.390480578 0.0169991553 -0.920454204
vn -0.390480578 0.0169991553 -0.920454204
vn -0.390480578 0.0169991553 -0.920454204
vn -0.0677970126 -0.99695611 0.0384983048
vn -0.0677970126 -0.99695611 0.0384983048
vn -0.0677970126 -0.99695611 0.0384983048
vn -0.289188266 -0.0341986157 -0.956661165
vn -0.304496944 -0.0152998455 -0.952390432
vn -0.277399212 -0.0104999701 -0.960697293
vn -0.476986974 0.876276016 0.0679981485
vn -0.476986974 0.876276016 0.0679981485
vn -0.476986974 0.876276016 0.0679981485
vn -0.649081886 0.0190994665 -0.760478795
vn -0.649081886 0.0190994665 -0.760478795
vn -0.649081886 0.0190994665 -0.760478795
vn 0.968684137 0.117198087 -0.218896419
vn 0.95588088 0.186696261 -0.226795465
vn 0.944428325 0.238507167 -0.226206779
vn -0.0904987156 0.880887568 -0.46459341
vn -0.198996067 0.833283544 -0.515789807
vn -0.0229012016 0.960650444 -0.27681452
vn -0.961750031 -0.261113584 0.0828042999
vn -0.962525189 -0.128703371 0.238706261
vn -0.972583234 -0.193896666 -0.128397778
vn -0.0472980253 -0.00669971993 -0.998858333
vn -0.0486988537 -0.0085997982 -0.998776495
vn -0.0559017807 0.0375011936 -0.997731745
vn -0.129396766 -0.0250993725 0.991275191
vn -0.129396766 -0.0250993725 0.991275191
vn -0.131000504 -0.0235000886 0.991103768
vn -0.996530831 0.0191005897 -0.0810025036
vn -0.978598416 -0.161599725 0.127399787
vn -0.990074158 0.119796872 0.0734980777
vn -0.992751479 0.100505218 0.0659034178
vn -0.992751479 0.100505218 0.0659034178
vn -0.992751479 0.100505218 0.0659034178
vn -0.997903466 0.0469001643 0.0446001515
vn -0.997903466 0.0469001643 0.0446001515
vn -0.997903466 0.0469001643 0.0446001515
vn -0.963565767 0.255290926 -0.0797971636
vn -0.963565767 0.255290926 -0.0797971636
vn -0.963565767 0.255290926 -0.0797971636
vn -0.994735539 -0.024900889 -0.0994035453
vn -0.994735539 -0.024900889 -0.0994035453
vn -0.994735539 -0.024900889 -0.0994035453
vn -0.183496505 0.421891958 0.887883067
vn -0.183496505 0.421891958 0.887883067
vn -0.183496505 0.421891958 0.887883067
vn 0.916839361 0.386216581 0.101204343
vn 0.932219326 0.360907495 0.0267005526
vn 0.933669508 0.357688278 0.0178994145
vn 0.107004739 -0.0847037584 0.990643859
vn 0.130307093 -0.101605527 0.986253619
vn 0.125798792 -0.0851991847 0.988390565
vn 0.944941521 0.240410566 0.222009763
vn 0.944779336 0.241794705 0.221195161
vn 0.945156395 0.24068889 0.220789805
vn -0.679902375 0.145600513 0.718702495
vn -0.679902375 0.145600513 0.718702495
vn -0.679902375 0.145600513 0.718702495
vn 0.470182925 -0.26619035 0.841469467
vn 0.470387816 -0.263893187 0.842078209
vn 0.471003592 -0.262702018 0.842106462
vn 0.816938818 -0.365617365 0.446021169
vn 0.83698529 -0.375893384 0.397693038
vn 0.83698529 -0.375893384 0.397693038
vn -0.693215609 -0.664114952 0.280006319
vn -0.581302881 -0.652303219 0.486402422
vn -0.6930691 -0.664570391 0.279287547
vn 0.943385363 -0.187097073 0.273895741
vn 0.979862511 -0.083896786 0.181193069
vn 0.972296 0.130699471 0.193799198
vn 0.0939007625 -0.0577004664 0.993908048
vn 0.0939007625 -0.0577004664 0.993908048
vn 0.115503781 0.0626020432 0.991332352
vn 0.122295067 -0.144894138 0.98186034
vn 0.199495375 -0.234694555 0.951377988
vn 0.399020344 0.0676034465 0.914446592
vn 0.539902329 -0.073600322 0.838503659
vn 0.547707856 -0.0823011845 0.832611978
vn 0.538782358 -0.0644978806 0.839972436
vn -0.76538986 -0.572592437 0.293796122
vn -0.765683234 -0.565987587 0.305593312
vn -0.765683234 -0.565987587 0.305593312
vn 0.365988225 0.252991855 0.895571232
vn 0.362093061 0.253595144 0.896982789
vn 0.367393941 0.250895858 0.895585299
vn -0.460173041 0.493171066 -0.738256752
vn -0.337586552 0.453281969 -0.824967146
vn -0.460398823 0.473798811 -0.75069809
vn -0.396211535 0.0931027085 0.913426638
vn -0.396211535 0.0931027085 0.913426638
vn -0.396211535 0.0931027085 0.913426638
vn -0.290900081 0.682500184 0.670500159
vn -0.260007024 0.6162166 0.743420064
vn -0.284297973 0.63409549 0.719094872
vn -0.994911611 -0.00710008293 0.100501172
vn -0.994911611 -0.00710008293 0.100501172
vn -0.994911611 -0.00710008293 0.100501172
vn 0.864699602 -0.502099752 0.0137999924
vn 0.864699602 -0.502099752 0.0137999924
vn 0.864699602 -0.502099752 0.0137999924
vn -0.99969101 -0.0236997865 0.00749993231
vn -0.999660254 -0.00769969355 -0.0248990096
vn -0.998122513 -0.0612013787 -0.00240005436
vn -0.281388879 0.221991226 -0.933563113
vn -0.284498662 0.215698972 -0.934095502
vn -0.284506798 0.216005176 -0.934022367
vn 0.677412391 0.433207929 -0.594510913
vn 0.649219036 0.150704414 -0.745521843
vn 0.532019198 0.00170006149 -0.84673059
vn -0.0626969859 -0.14629297 -0.987252474
vn -0.118998505 0.00369995343 -0.992887557
vn -0.0119004287 -0.0615022145 -0.998035967
vn 0.0342995413 -0.061999172 -0.997486711
vn 0.0342995413 -0.061999172 -0.997486711
vn 0.0342995413 -0.061999172 -0.997486711
vn -0.642100692 0.420200437 -0.641200721
vn -0.642100692 0.420200437 -0.641200721
vn -0.642100692 0.420200437 -0.641200721
vn -0.707125068 0.207607359 -0.675923944
vn -0.707125068 0.207607359 -0.675923944
vn -0.707031012 0.207909107 -0.675929606
vn -0.753499508 -0.293499827 0.588299632
vn -0.750377893 -0.262892246 0.606482148
vn -0.756025434 -0.273809195 0.594520032
vn 0.896846473 0.0153990798 0.442073613
vn 0.896846473 0.0153990798 0.442073613
vn 0.896846473 0.0153990798 0.442073613
vn -0.645058811 -0.158789858 -0.747452259
vn -0.821471751 0.0348987989 -0.569180369
vn -0.645058811 -0.158789858 -0.747452259
vn -0.147393063 -0.973654032 0.173991784
vn -0.16150336 -0.971820176 0.171703562
vn -0.16150336 -0.971820176 0.171703562
vn 0.869480073 -0.331192404 0.366491616
vn 0.869480073 -0.331192404 0.366491616
vn 0.869480073 -0.331192404 0.366491616
vn -0.960197091 0.266299188 0.0842997432
vn -0.960197091 0.266299188 0.0842997432
vn -0.960197091 0.266299188 0.0842997432
vn 0.315093905 0.10089805 0.943681777
vn 0.315209329 0.100102969 0.94372797
vn 0.317406327 0.0950018987 0.943518817
vn -0.727323234 -0.567718208 0.385612339
vn -0.822396576 -0.550597727 0.143199399
vn -0.62410593 -0.600405633 0.500004709
vn -0.999582112 -0.00539990328 -0.0283994917
vn -0.997199297 -0.0257999822 -0.0701999515
vn -0.999331474 -0.0285008978 -0.0229007211
vn -0.409196377 0.131698817 0.902891934
vn -0.419085652 0.141395152 0.896869302
vn -0.440294385 0.158297986 0.883788824
vn 0.831486583 0.430293053 0.351394296
vn 0.831486583 0.430293053 0.351394296
vn 0.831486583 0.430293053 0.351394296
vn -0.966487288 0.256096631 0.0177997667
vn -0.967362881 0.252790272 0.0174993277
vn -0.96616894 0.256891757 0.0228992645
vn -0.995311558 -0.0943010971 0.0215002503
vn -0.980009615 -0.192301899 -0.0510004982
vn -0.980231762 -0.197506398 -0.0117003787
vn -0.212099299 0.0843997151 -0.973596752
vn -0.242199063 0.0446998291 -0.96919626
vn -0.2803047 0.0135002276 -0.959816158
vn -0.710919499 -0.347509533 0.611416757
vn -0.710919499 -0.347509533 0.611416757
vn -0.710919499 -0.347509533 0.611416757
vn -0.720689118 -0.511092246 0.468392938
vn -0.790331364 -0.465618491 0.398215801
vn -0.737573147 -0.522480965 0.427784413
vn -0.182099178 -0.0128999427 0.983195603
vn -0.182099178 -0.0128999427 0.983195603
vn -0.182099178 -0.0128999427 0.983195603
vn -0.991924107 0.113602757 -0.0564013682
vn -0.991924107 0.113602757 -0.0564013682
vn -0.991924107 0.113602757 -0.0564013682
vn -0.133201584 0.84841007 0.512306094
vn -0.133201584 0.84841007 0.512306094
vn -0.133201584 0.84841007 0.512306094
vn -0.0565000474 0.917500794 0.393700331
vn -0.0565000474 0.917500794 0.393700331
vn -0.0565000474 0.917500794 0.393700331
vn -0.94866401 0.0723972619 -0.307888299
vn -0.94866401 0.0723972619 -0.307888299
vn -0.94866401 0.0723972619 -0.307888299
vn 0.511010766 0.770816326 0.380408049
vn 0.598036706 0.701443076 0.387723833
vn 0.598036706 0.701443076 0.387723833
vn 0.975766957 0.213792756 0.0465984233
vn 0.975766957 0.213792756 0.0465984233
vn 0.975766957 0.213792756 0.0465984233
vn 0.954799294 0.292099804 -0.0550999604
vn 0.922795594 0.385198146 -0.00839995965
vn 0.937209845 0.348203629 -0.0198002085
vn -0.231705517 -0.395809382 0.888621092
vn -0.225996941 -0.490393341 0.841688633
vn -0.144399762 -0.553999066 0.819898605
vn 0.107201032 -0.483404666 0.868808389
vn -0.00460011931 -0.424910992 0.905223429
vn 0.191195548 -0.425190091 0.884679437
vn 0.720573127 0.684774518 0.108895935
vn 0.791606426 0.585104764 0.176101431
vn 0.595910549 0.783413827 0.176503107
vn -0.930594325 0.0325997993 0.364597768
vn -0.930594325 0.0325997993 0.364597768
vn -0.930594325 0.0325997993 0.364597768
vn -0.436783731 -0.447483301 0.780370891
vn -0.436783731 -0.447483301 0.780370891
vn -0.436783731 -0.447483301 0.780370891
vn -0.976580739 -0.0530989543 -0.208495885
vn -0.976580739 -0.0530989543 -0.208495885
vn -0.976580739 -0.0530989543 -0.208495885
vn -0.991057634 0.00799965858 -0.133194312
vn -0.989556491 -0.0330985449 -0.140293837
vn -0.990466118 -0.0327988788 -0.133795425
vn -0.881723404 0.368309796 0.294807851
vn -0.881723404 0.368309796 0.294807851
vn -0.881723404 0.368309796 0.294807851
vn -0.917021692 0.375508875 -0.134403184
vn -0.917021692 0.375508875 -0.134403184
vn -0.917021692 0.375508875 -0.134403184
vn 0.656305134 0.139401093 -0.741505802
vn 0.65776521 0.132592976 -0.741460741
vn 0.653671384 0.139193907 -0.743867457
vn 0.955059886 -0.275288433 -0.109895386
vn 0.949657559 -0.283987314 -0.132294089
vn 0.949657559 -0.283987314 -0.132294089
vn -0.250901848 -0.554004073 -0.793805838
vn -0.559335887 -0.433027804 -0.706845343
vn -0.705512524 -0.379206747 -0.598710597
vn 0.404495895 -0.0393995978 0.913690686
vn 0.484678358 -0.0463979281 0.873461008
vn 0.449774384 0.0128992638 0.893049061
vn -0.463008434 -0.652111948 0.600310981
vn -0.463008434 -0.652111948 0.600310981
vn -0.463008434 -0.652111948 0.600310981
vn 0.869833469 -0.00510019669 0.493319005
vn 0.853157222 0.0209014006 0.521234989
vn 0.836520135 0.0504012145 0.54561311
vn 0.169999719 -0.985098362 -0.0260999575
vn 0.169999719 -0.985098362 -0.0260999575
vn 0.169999719 -0.985098362 -0.0260999575
vn -0.286810994 0.0824031681 -0.9544366
vn -0.278403521 0.0934011787 -0.955912054
vn -0.275485784 0.0913952813 -0.956950605
vn 0.984256327 0.0380983092 0.172592342
vn 0.984256327 0.0380983092 0.172592342
vn 0.984256327 0.0380983092 0.172592342
vn 0.634414911 -0.635814905 0.439610302
vn 0.628112018 -0.63831228 0.445008576
vn 0.615271866 -0.643270612 0.455679178
vn 0.976381183 0.183096468 0.114697784
vn 0.976119936 0.18720381 0.110202253
vn 0.975993097 0.186798692 0.111999214
vn 0.919028103 -0.144604415 0.366711169
vn 0.919028103 -0.144604415 0.366711169
vn 0.919028103 -0.144604415 0.366711169
vn 0.00909982435 -0.119597681 -0.992780745
vn 0.040500842 -0.0974020287 -0.994420707
vn 0.018100746 -0.12300507 -0.992240906
vn -0.027200751 -0.349809647 -0.936425805
vn -0.0119004138 -0.321211159 -0.946932852
vn -0.027200751 -0.349809647 -0.936425805
vn 0.00689968839 -0.0532975942 -0.998554885
vn 0.00919999648 -0.055799976 -0.998399556
vn 0.00729986606 -0.0563989654 -0.998381615
vn -0.98129648 -0.00629997719 0.192399308
vn -0.98129648 -0.00629997719 0.192399308
vn -0.98129648 -0.00629997719 0.192399308
vn -0.98054415 -0.191708624 0.042201899
vn -0.98054415 -0.191708624 0.042201899
vn -0.98054415 -0.191708624 0.042201899
vn 0.788305283 0.572903812 -0.224401504
vn 0.788305283 0.572903812 -0.224401504
vn 0.788305283 0.572903812 -0.224401504
vn -0.999684811 -0.0231996477 -0.00959985424
vn -0.999684811 -0.0231996477 -0.00959985424
vn -0.999684811 -0.0231996477 -0.00959985424
vn -0.999605596 0.0251001399 -0.0126000708
vn -0.999605596 0.0251001399 -0.0126000708
vn -0.999663711 0.0245991051 -0.00819970202
vn 0.982980967 0.168796733 -0.0724985898
vn 0.983491242 0.164998531 -0.0742993355
vn 0.983069539 0.16929476 -0.0700978339
vn 0.929393053 -0.367997229 -0.028399786
vn 0.988398135 -0.110599793 0.104099803
vn 0.88988775 -0.435993969 0.134198159
vn -0.736801624 0.0950002074 -0.669401467
vn -0.203398019 0.197398096 -0.958990693
vn -0.989589393 0.0948989838 -0.108198844
vn -0.630401969 0.524901628 0.571901798
vn -0.630401969 0.524901628 0.571901798
vn -0.630401969 0.524901628 0.571901798
vn 0.995960057 -0.0589976348 -0.0676972792
vn 0.976877213 -0.0390990861 0.210195109
vn 0.999535084 -0.0304010678 -0.00230008084
vn 0.897022367 0.0244006068 -0.441311002
vn 0.899930835 0.0312010664 -0.434914887
vn 0.893943667 0.0179008748 -0.447821915
vn -0.21290715 -0.962832391 0.166205585
vn -0.21290715 -0.962832391 0.166205585
vn -0.21290715 -0.962832391 0.166205585
vn -0.238906384 0.873723328 -0.4237113
vn -0.238906384 0.873723328 -0.4237113
vn -0.238906384 0.873723328 -0.4237113
vn 0.462208509 0.15160279 0.873716116
vn 0.462208509 0.15160279 0.873716116
vn 0.462208509 0.15160279 0.873716116
vn -0.986933708 0.0848028958 0.137004673
vn -0.984917939 0.0974017754 0.143002614
vn -0.984531701 0.105603397 0.139804497
vn -0.309007853 0.941924036 0.131503358
vn -0.309007853 0.941924036 0.131503358
vn -0.308497787 0.941293299 0.137099013
vn -0.465892702 0.424093395 0.776587844
vn -0.465892702 0.424093395 0.776587844
vn -0.465892702 0.424093395 0.776587844
vn -0.941437364 0.280511141 -0.187107429
vn -0.941437364 0.280511141 -0.187107429
vn -0.941437364 0.280511141 -0.187107429
vn -0.126303181 -0.445511192 0.88632232
vn -0.126303181 -0.445511192 0.88632232
vn -0.126303181 -0.445511192 0.88632232
vn 0.966461241 0.0706971586 -0.246890113
vn 0.966355562 0.0710967258 -0.247188628
vn 0.966413438 0.0713009909 -0.246903449
vn 0.974818408 -0.184603482 -0.125102356
vn 0.988262475 -0.144694507 -0.0489981398
vn 0.989458919 -0.139794201 0.0377984308
vn 0.23189342 0.934173465 0.271192282
vn 0.23189342 0.934173465 0.271192282
vn 0.23189342 0.934173465 0.271192282
vn 0.75271374 0.108701997 -0.649311841
vn 0.866111815 0.294604033 -0.403805494
vn 0.914639413 0.352515161 -0.197908521
vn 0.531930804 0.137507975 0.83554846
vn 0.531930804 0.137507975 0.83554846
vn 0.531930804 0.137507975 0.83554846
vn -0.836614907 0.294005245 -0.462208211
vn -0.836614907 0.294005245 -0.462208211
vn -0.836614907 0.294005245 -0.462208211
vn -0.288109958 0.957533062 0.0111003825
vn -0.193299145 0.981095731 -0.00929995906
vn -0.293198168 0.952494085 -0.0823994949
vn -0.141998142 0.965087354 0.220097125
vn -0.14400056 0.964903772 0.219600856
vn -0.177205786 0.95553124 0.2357077
vn -0.298292041 0.0904975832 0.950174689
vn -0.303390056 0.0903970376 0.948568881
vn -0.313496828 0.0891991034 0.945390522
vn -0.597124696 -0.634226203 0.491120309
vn -0.597124696 -0.634226203 0.491120309
vn -0.597124696 -0.634226203 0.491120309
vn 0.698088229 -0.675088704 -0.238595992
vn 0.700882912 -0.674183547 -0.232894316
vn 0.70959872 -0.665698886 -0.230899587
vn -0.482390553 -0.769684911 0.41819182
vn -0.543205202 -0.758407295 0.360203445
vn -0.482197106 -0.769095361 0.41949746
vn -0.0937008187 -0.0241002124 -0.995308697
vn -0.0937008187 -0.0241002124 -0.995308697
vn -0.0937008187 -0.0241002124 -0.995308697
vn 0.989608228 0.143501192 -0.00910007581
vn 0.991060793 0.133194745 0.00759969931
vn 0.991060793 0.133194745 0.00759969931
vn 0.69654119 -0.405223936 0.592135072
vn 0.69654119 -0.405223936 0.592135072
vn 0.697022021 -0.404712766 0.591918647
vn -0.226099536 -0.658298612 -0.717998505
vn -0.20259814 -0.639294088 -0.741793156
vn -0.215511352 -0.647634149 -0.730838478
vn -0.618272722 -0.0500977859 0.784365356
vn -0.618272722 -0.0500977859 0.784365356
vn -0.618272722 -0.0500977859 0.784365356
vn 0.93796736 0.283090174 0.200193033
vn 0.93796736 0.283090174 0.200193033
vn 0.93796736 0.283090174 0.200193033
vn 0.984895587 0.17279923 -0.0109999506
vn 0.984495878 0.175099254 -0.0103999563
vn 0.984895587 0.17279923 -0.0109999506
vn 0.488697708 0.452397883 -0.745996475
vn 0.488697708 0.452397883 -0.745996475
vn 0.488697708 0.452397883 -0.745996475
vn 0.373609751 -0.0107002798 0.927524209
vn 0.373609751 -0.0107002798 0.927524209
vn 0.373609751 -0.0107002798 0.927524209
vn -0.322400421 0.902301133 0.286200345
vn -0.322400421 0.902301133 0.286200345
vn -0.322400421 0.902301133 0.286200345
vn 0.479216278 -0.83142823 0.281209558
vn 0.479216278 -0.83142823 0.281209558
vn 0.479216278 -0.83142823 0.281209558
vn 0.560391307 -0.58799088 0.583290935
vn 0.560391307 -0.58799088 0.583290935
vn 0.560391307 -0.58799088 0.583290935
vn 0.106798336 -0.115198202 0.987584651
vn 0.117600165 -0.106800146 0.98730135
vn 0.237802505 -0.109601155 0.965110123
vn -0.148803204 -0.0620013326 -0.986921191
vn -0.206009954 -0.110005319 -0.972347021
vn -0.161500826 -0.0556002818 -0.985305011
vn -0.272794455 0.0677986145 0.959680438
vn -0.213999107 0.0614997484 0.974895954
vn -0.302087545 0.119495071 0.945761025
vn -0.00279998663 -0.058299724 0.998295248
vn -0.00219993619 -0.0873974562 0.996171057
vn -0.00219993619 -0.0873974562 0.996171057
vn -0.00359999435 -0.994798422 -0.101799838
vn -0.00359999435 -0.994798422 -0.101799838
vn -0.00359999435 -0.994798422 -0.101799838
vn 0.270490855 -0.956267715 -0.111296244
vn 0.270490855 -0.956267715 -0.111296244
vn 0.270490855 -0.956267715 -0.111296244
vn -0.995387256 0.00279996404 -0.0958987698
vn -0.995387256 0.00279996404 -0.0958987698
vn -0.995387256 0.00279996404 -0.0958987698
vn 0.636576414 0.0546979718 0.769271433
vn 0.637223423 0.0548020154 0.768728256
vn 0.637223423 0.0548020154 0.768728256
vn -0.905787647 0.40339452 0.129698232
vn -0.905787647 0.40339452 0.129698232
vn -0.905787647 0.40339452 0.129698232
vn -0.136199802 0.989398599 0.0503999256
vn -0.136199802 0.989398599 0.0503999256
vn -0.136199802 0.989398599 0.0503999256
vn -0.104399741 0.988197505 -0.112099715
vn -0.104399741 0.988197505 -0.112099715
vn -0.104399741 0.988197505 -0.112099715
vn 0.765940368 0.133807048 -0.628833115
vn 0.789204478 0.0167000946 -0.613903463
vn 0.748717546 0.191204473 -0.634714842
vn -0.99470371 -0.0418001562 -0.0939003527
vn -0.994210601 -0.0408004373 -0.0994010642
vn -0.994210601 -0.0408004373 -0.0994010642
vn 0.934972107 -0.0661980286 0.348489612
vn 0.950935602 -0.0929034725 0.29511106
vn 0.938527226 -0.0872025266 0.334009677
vn 0.998892486 0.0417996831 0.0215998385
vn 0.998864293 0.044698406 0.0164994095
vn 0.998892486 0.0417996831 0.0215998385
vn -0.980234325 -0.120504223 0.156905502
vn -0.9719069 -0.174901232 0.157501116
vn -0.968919754 -0.168403432 0.181203693
vn 0.54760921 -0.829014003 0.11340192
vn 0.509924948 -0.852141678 0.117605761
vn 0.54760921 -0.829014003 0.11340192
vn 0.917584777 -0.324394643 0.229796186
vn 0.951746404 -0.249912187 0.178108692
vn 0.97465378 -0.157792524 0.158592492
vn -0.276994497 -0.844483197 0.458390862
vn -0.276994497 -0.844483197 0.458390862
vn -0.276994497 -0.844483197 0.458390862
vn 0.00979946088 -0.186289757 0.982445955
vn 0.00979946088 -0.186289757 0.982445955
vn 0.00979946088 -0.186289757 0.982445955
vn 0.968025744 -0.0949025229 0.232206181
vn 0.964823067 -0.106402539 0.240405738
vn 0.968630254 -0.0986030847 0.228107139
vn 0.852026403 0.268808335 0.449213892
vn 0.852026403 0.268808335 0.449213892
vn 0.852026403 0.268808335 0.449213892
vn 0.945766032 0.180193514 -0.270290315
vn 0.945344269 0.182508558 -0.27021268
vn 0.945842683 0.179908112 -0.270212203
vn -0.994184315 0.0386993922 -0.100498416
vn -0.994161308 -0.0160993747 -0.106695853
vn -0.994162142 0.0505980738 -0.095296368
vn 0.616104484 0.729605258 -0.296802104
vn 0.616104484 0.729605258 -0.296802104
vn 0.616104484 0.729605258 -0.296802104
vn 0.851386845 0.227796465 -0.472492695
vn 0.851386845 0.227796465 -0.472492695
vn 0.851386845 0.227796465 -0.472492695
vn -0.695989728 -0.138897955 0.704489648
vn -0.653693974 -0.168798432 0.737693191
vn -0.649604619 -0.17980127 0.738705158
vn -0.994701505 0.0301000439 -0.0983001441
vn -0.994144738 0.0365016423 -0.101704583
vn -0.994701505 0.0301000439 -0.0983001441
vn 0.919981539 0.299293965 -0.253094912
vn 0.920450866 0.297916442 -0.253013968
vn 0.919080436 0.301293582 -0.253994614
vn 0.397690833 0.339292198 0.852480352
vn 0.397690833 0.339292198 0.852480352
vn 0.397690833 0.339292198 0.852480352
vn 0.992787063 -0.0302996058 -0.115998492
vn 0.988495827 -0.0642997324 -0.136899412
vn 0.988495827 -0.0642997324 -0.136899412
vn -0.670987606 0.594289005 0.4433918
vn -0.613894165 0.65779376 0.436395824
vn -0.676118553 0.597716391 0.430811822
vn -0.991374433 -0.129096672 0.0225994177
vn -0.987611234 -0.154801756 0.0257002916
vn -0.991370678 -0.121096417 0.050198514
vn -0.897485614 -0.43709299 0.0588990562
vn -0.897485614 -0.43709299 0.0588990562
vn -0.897485614 -0.43709299 0.0588990562
vn 0.999679565 0.0177996363 0.0179996304
vn 0.999679565 0.0177996363 0.0179996304
vn 0.99960655 -0.0276001822 0.00500003295
vn 0.468597651 -0.871095598 0.146999255
vn 0.468597651 -0.871095598 0.146999255
vn 0.468597651 -0.871095598 0.146999255
vn 0.988379717 0.139097139 0.0612987429
vn 0.987963319 0.142494708 0.0601977631
vn 0.988241732 0.140505925 0.0603025444
vn 0.0144002922 0.0505010262 -0.998620272
vn 0.0144002922 0.0505010262 -0.998620272
vn -0.00359991333 0.0618985109 -0.998075962
vn -0.00430001831 0.0630002692 -0.998004258
vn -0.00430001831 0.0630002692 -0.998004258
vn -0.00889992714 0.110899091 -0.993791878
vn 0.668895304 -0.724994957 -0.164198846
vn 0.668895304 -0.724994957 -0.164198846
vn 0.708825409 -0.686124563 -0.163705871
vn -0.989860892 0.00359985768 0.141994402
vn -0.989860892 0.00359985768 0.141994402
vn -0.989860892 0.00359985768 0.141994402
vn 0.974853456 0.20279032 -0.0923955813
vn 0.974090934 0.202798113 -0.100099072
vn 0.96284765 0.252212465 -0.0965047702
vn 0.943239927 0.122705191 -0.308613062
vn 0.934158623 0.122194581 -0.335285157
vn 0.937435806 0.127904892 -0.323812366
vn -0.484495401 0.868791699 -0.102299027
vn -0.522993803 0.843790054 -0.120398581
vn -0.484495401 0.868791699 -0.102299027
vn -0.571580529 0.201293111 0.795472801
vn -0.570190609 0.186396927 0.800086856
vn -0.570707202 0.194402471 0.797810137
vn -0.975732684 0.0988033116 0.195406541
vn -0.975732684 0.0988033116 0.195406541
vn -0.975732684 0.0988033116 0.195406541
vn -0.998594701 0.0474997461 -0.0234998744
vn -0.998594701 0.0474997461 -0.0234998744
vn -0.99893266 0.0457014926 0.00670021866
vn 0.236106128 -0.00200005178 0.971725166
vn 0.236197591 -0.00539994473 0.971690059
vn 0.236197591 -0.00539994473 0.971690059
vn -0.137499705 -0.142499685 0.980197787
vn -0.137499705 -0.142499685 0.980197787
vn -0.137499705 -0.142499685 0.980197787
vn -0.814588487 0.467393428 0.343495131
vn -0.814588487 0.467393428 0.343495131
vn -0.814588487 0.467393428 0.343495131
vn -0.57007283 -0.799961865 -0.187291056
vn -0.57007283 -0.799961865 -0.187291056
vn -0.57007283 -0.799961865 -0.187291056
vn 0.309106767 0.922520161 0.231105044
vn 0.309106767 0.922520161 0.231105044
vn 0.309106767 0.922520161 0.231105044
vn 0.0512005389 0.449504733 0.891809404
vn 0.0512005389 0.449504733 0.891809404
vn 0.0512005389 0.449504733 0.891809404
vn -0.0749988556 0.0467992872 -0.996084809
vn -0.0749988556 0.0467992872 -0.996084809
vn -0.0805970505 0.0368986502 -0.99606353
vn 0.254807055 0.852823675 0.455812663
vn 0.254807055 0.852823675 0.455812663
vn 0.254807055 0.852823675 0.455812663
vn -0.955049217 0.274514169 0.111905769
vn -0.955049217 0.274514169 0.111905769
vn -0.955049217 0.274514169 0.111905769
vn 0.198307529 0.00230008736 0.980137169
vn 0.198307529 0.00230008736 0.980137169
vn 0.239091545 0.00779972412 0.970965743
vn 0.239091545 0.00779972412 0.970965743
vn 0.240105838 0.00670016278 0.970723629
vn 0.239091545 0.00779972412 0.970965743
vn 0.262596756 0.0315996073 0.964388072
vn 0.262596756 0.0315996073 0.964388072
vn 0.553706825 0.796709836 0.242202982
vn 0.553706825 0.796709836 0.242202982
vn 0.469887435 0.837577522 0.278692514
vn 0.606686294 0.695384324 -0.385191321
vn 0.607390761 0.693989456 -0.386594087
vn 0.601618409 0.699321389 -0.386011809
vn 0.750797391 0.114699595 0.650497735
vn 0.750797391 0.114699595 0.650497735
vn 0.750797391 0.114699595 0.650497735
vn -0.990165889 -0.139895171 -0.00089996896
vn -0.990165889 -0.139895171 -0.00089996896
vn -0.990165889 -0.139895171 -0.00089996896
vn 0.934097528 -0.131799653 0.33179915
vn 0.907294512 -0.173798963 0.382897705
vn 0.937970936 -0.155295178 0.309990406
vn 0.625984132 0.434188992 0.647783637
vn 0.625984132 0.434188992 0.647783637
vn 0.625984132 0.434188992 0.647783637
vn -0.778977752 0.176894948 0.601582825
vn -0.778977752 0.176894948 0.601582825
vn -0.778977752 0.176894948 0.601582825
vn 0.918527126 0.216806397 0.330609739
vn 0.918527126 0.216806397 0.330609739
vn 0.918527126 0.216806397 0.330609739
vn -0.464494169 0.833789527 0.29839626
vn -0.465886652 0.83397609 0.29569155
vn -0.479687393 0.818178535 0.316991687
vn -0.423885882 0.818072736 0.388687074
vn -0.4336119 0.825622618 0.361009866
vn -0.473297894 0.816796303 0.329898506
vn 0.0485026129 0.283815295 -0.957651556
vn 0.0485026129 0.283815295 -0.957651556
vn 0.0485026129 0.283815295 -0.957651556
vn -0.344815582 -0.798336089 0.49372229
vn -0.34431988 -0.798546135 0.493728518
vn -0.343904287 -0.797809958 0.495206207
vn -0.995604157 0.0371001549 0.086000368
vn -0.997063339 0.0115995733 0.0756972209
vn -0.995604157 0.0371001549 0.086000368
vn -0.99878186 0.0315994248 0.0378993116
vn -0.997739077 0.0586022995 0.0329012945
vn -0.998931825 0.0447014272 0.0117003722
vn -0.0690998286 0.935797632 0.345699131
vn -0.0410006791 0.942315578 0.332205474
vn -0.0690998286 0.935797632 0.345699131
vn 0.662378192 0.340188801 0.667478025
vn 0.629635334 0.199111179 0.750942171
vn 0.674885571 0.276194096 0.684285343
vn -0.990622103 0.0286006387 -0.133602977
vn -0.990622103 0.0286006387 -0.133602977
vn -0.990622103 0.0286006387 -0.133602977
vn -0.0846979171 -0.844079256 0.529487014
vn -0.0689997077 -0.844496489 0.53109777
vn -0.07710208 -0.842522681 0.533114374
vn -0.985488594 0.0168998037 -0.168898046
vn -0.985488594 0.0168998037 -0.168898046
vn -0.985488594 0.0168998037 -0.168898046
vn 0.469099015 -0.0429999083 -0.882098138
vn 0.470694453 -0.0479994379 -0.880989611
vn 0.469123721 -0.0859043449 -0.878944457
vn -0.827118874 -0.494011283 0.268006146
vn -0.832628727 -0.497817189 0.24270837
vn -0.833231211 -0.53181988 0.151305661
vn 0.0168994535 0.763675332 0.645379126
vn 0.00770044047 0.763943732 0.645236969
vn 0.00770044047 0.763943732 0.645236969
vn 0.108697921 0.108997919 -0.988081098
vn 0.144500509 0.00160000543 -0.989503384
vn 0.19589527 -0.0932977572 -0.9761765
vn -0.902172685 0.122596294 0.413587481
vn -0.902172685 0.122596294 0.413587481
vn -0.902172685 0.122596294 0.413587481
vn -0.984109581 0.107001044 -0.14170137
vn -0.984109581 0.107001044 -0.14170137
vn -0.984109581 0.107001044 -0.14170137
vn -0.956008017 0.00900007505 0.29320246
vn -0.956008017 0.00900007505 0.29320246
vn -0.956008017 0.00900007505 0.29320246
vn 0.890478909 -0.279593378 -0.358991504
vn 0.854054511 -0.418177724 -0.309383512
vn 0.853396177 -0.418398112 -0.310898632
vn 0.331696659 0.781792164 0.527994692
vn 0.331403106 0.779807329 0.531104982
vn 0.33071956 0.782046258 0.528231204
vn 0.630091846 0.243996844 -0.737190485
vn 0.630091846 0.243996844 -0.737190485
vn 0.629100978 0.243800372 -0.738101125
vn -0.975605905 0.0684004128 0.208601266
vn -0.974293888 0.07039956 0.21399866
vn -0.974293888 0.07039956 0.21399866
vn -0.252197832 -0.0970991626 0.962791741
vn -0.312307835 0.0221005566 0.949723899
vn -0.371300817 0.135300294 0.91860199
vn 0.0879976526 0.055498518 0.994573414
vn 0.0879976526 0.055498518 0.994573414
vn 0.0879976526 0.055498518 0.994573414
vn 0.0142994067 0.128094673 -0.991658866
vn 0.00869997591 0.133599624 -0.990997195
vn 0.0212994292 0.147896051 -0.988773525
vn -0.347382039 0.208489224 -0.914252758
vn -0.346491337 0.210294724 -0.91417712
vn -0.34620294 0.2102018 -0.914307833
vn -0.894921482 0.4339104 -0.104102492
vn -0.895397902 0.432998985 -0.103799753
vn -0.895151496 0.433676481 -0.103094414
vn 0.790421844 -0.61251694 -0.00750020659
vn 0.792839527 -0.609430373 -0.000100004982
vn 0.785725057 -0.61831975 -0.0178005677
vn -0.275194168 -0.95427978 -0.116697527
vn -0.237992719 -0.961670578 -0.136195824
vn -0.28499487 -0.955382824 -0.077598609
vn -0.996232927 0.0199006572 0.0844027847
vn -0.996232927 0.0199006572 0.0844027847
vn -0.996232927 0.0199006572 0.0844027847
vn 0.0300011039 0.358013213 -0.933234394
vn 0.0299993772 0.357892573 -0.933280706
vn 0.0299993772 0.357892573 -0.933280706
vn 0.767293692 0.629094839 0.124498978
vn 0.767293692 0.629094839 0.124498978
vn 0.767293692 0.629094839 0.124498978
vn 0.633399785 0.713599682 0.299299866
vn 0.556008577 0.827712834 0.0758011714
vn 0.32629925 0.944897771 0.0263999384
vn -0.921467602 -0.220092267 0.320088744
vn -0.916324496 -0.217205808 0.336409003
vn -0.921467602 -0.220092267 0.320088744
vn -0.99976474 -0.0123995626 0.01779937
vn -0.99976474 -0.0123995626 0.01779937
vn -0.99976474 -0.0123995626 0.01779937
vn -0.994518816 -0.0441008359 -0.0948017985
vn -0.993490696 -0.0158998519 -0.112798944
vn -0.994518816 -0.0441008359 -0.0948017985
vn -0.983819067 -0.0748014525 -0.162803158
vn -0.975534797 -0.0906032324 -0.200307146
vn -0.981698871 -0.0907998979 -0.167399809
vn 0.123904139 -0.186906263 0.974532604
vn 0.123904139 -0.186906263 0.974532604
vn 0.123904139 -0.186906263 0.974532604
vn 0.382712543 -0.229807526 0.894829333
vn 0.382712543 -0.229807526 0.894829333
vn 0.382712543 -0.229807526 0.894829333
vn 0.478794903 -0.45089522 0.753292024
vn 0.474673241 -0.470173508 0.744058013
vn 0.476214588 -0.458514035 0.750322938
vn 0.197006658 0.0824027881 -0.976933002
vn 0.197592273 0.0841967091 -0.976661801
vn 0.214208499 0.0855033919 -0.973038554
vn -0.487429649 -0.645739257 0.587735772
vn -0.487429649 -0.645739257 0.587735772
vn -0.487429649 -0.645739257 0.587735772
vn 0.929094791 0.0314998217 0.368497938
vn 0.898421645 0.0104002506 0.439010561
vn 0.989368737 0.0455985591 0.138095632
vn 0.924495041 -0.0608996712 0.37629801
vn 0.930764377 0.0177993178 0.365186036
vn 0.929965317 0.0202992447 0.367086321
vn 0.161102861 0.00630011223 0.986917555
vn 0.161102861 0.00630011223 0.986917555
vn 0.161102861 0.00630011223 0.986917555
vn 0.99536103 0.0190992504 0.0942963064
vn 0.995156527 0.0625972673 0.0757966936
vn 0.995156527 0.0625972673 0.0757966936
vn 0.138498232 -0.165197879 0.976487517
vn 0.138498232 -0.165197879 0.976487517
vn 0.138498232 -0.165197879 0.976487517
vn -0.327500165 -0.919900537 -0.21570012
vn 0.00609982479 -0.127096355 -0.991871595
vn -0.459313512 -0.886526048 -0.0557016358
vn -0.864275396 -0.185194731 -0.467686683
vn -0.567696393 0.372197628 -0.734295309
vn -0.652484059 0.130496815 -0.746481836
vn 0.715117514 0.191304684 0.672316492
vn 0.707610786 0.201003075 0.677410305
vn 0.69829005 0.214596942 0.682890296
vn 0.95614922 -0.0106994314 0.292684436
vn 0.887066841 0.167493746 0.430183947
vn 0.841075718 0.0119996546 0.540784359
vn 0.181199238 0.98289597 0.032899864
vn 0.130405322 0.991140425 -0.0252010264
vn 0.137802064 0.986214817 -0.0916013792
vn 0.138196006 0.990071416 -0.0256992579
vn 0.0525999665 0.99859935 -0.00569999637
vn 0.0881954879 0.995849013 -0.0224988498
vn -0.644502401 0.651502371 -0.400201499
vn -0.563367009 0.585065782 -0.583365858
vn -0.680481672 0.53258568 -0.503286481
vn -0.859316051 -0.0211003926 0.511009514
vn -0.975199759 -0.140999973 0.170599952
vn -0.893868089 0.298189372 0.334788054
vn -0.925083697 0.286394924 -0.249395594
vn -0.994910896 0.0034000373 0.100701101
vn -0.814419508 0.149403572 0.56071341
vn -0.891380608 -0.167196378 0.421290845
vn -0.887260497 -0.175492182 0.426581025
vn -0.852742136 -0.213585496 0.476667672
vn -0.945376992 -0.135696709 0.296392798
vn -0.944762945 -0.134494722 0.298888266
vn -0.947796643 -0.139999509 0.286498994
vn -0.828073382 -0.273491204 -0.489384234
vn -0.995942771 -0.0875037611 0.0210009012
vn -0.872427642 -0.21540682 -0.438713908
vn -0.598809123 -0.79341203 -0.109201662
vn -0.744710863 -0.435506344 -0.505707324
vn -0.731079996 -0.613583207 -0.298391849
vn 0.844193041 -0.499195874 -0.195298389
vn 0.815389752 -0.558493018 -0.15239808
vn 0.849105358 -0.474302977 -0.232501477
vn 0.685714841 0.250205427 0.683514774
vn 0.660105944 0.178701594 0.729606569
vn 0.759189606 -0.0100998618 0.650791109
vn -0.862423599 -0.372710228 0.342509389
vn -0.851691782 -0.508095026 0.128298759
vn -0.890500367 -0.429300189 0.150700063
vn -0.784369946 -0.618976355 0.0403984487
vn -0.812193573 -0.582995355 -0.0213998314
vn -0.779997408 -0.623797953 0.0497998372
vn 0.8714028 0.0875002816 0.48270154
vn 0.88132143 0.0972023606 0.462411284
vn 0.8759951 0.110899381 0.469397366
vn 0.31419012 0.848873317 -0.425086617
vn 0.303400755 0.849002063 -0.432601035
vn 0.323102713 0.8481071 -0.419903517
vn -0.279885948 0.903354645 0.324983656
vn -0.298389912 0.870370567 0.391686738
vn -0.316897929 0.885194242 0.340597779
vn -0.979377151 -0.0600985996 0.192895502
vn -0.978145242 0.0303982981 0.205688477
vn -0.99377054 -0.0641980916 0.0910973027
vn -0.996410787 0.0706007704 -0.0467005037
vn -0.99067843 0.0476989597 -0.127597213
vn -0.997946203 0.00570026366 -0.0638029501
vn -0.818773985 -0.0163994804 0.573881805
vn -0.840712905 -0.0621009544 0.537908256
vn -0.819013238 -0.107001737 0.56370914
vn 0.738515854 0.66641432 -0.102402203
vn 0.775177658 0.611382365 -0.159095407
vn 0.789598525 0.586598933 -0.180099666
vn 0.960884273 0.204196662 -0.187096924
vn 0.895680845 0.440990597 -0.0572987795
vn 0.947294354 0.257498443 -0.190598845
vn 0.926622629 0.372309119 -0.0525012836
vn 0.933766067 0.331487954 -0.134895116
vn 0.915989995 0.401195616 0.00209997687
vn 0.925684214 0.373993635 -0.056899026
vn 0.828964949 0.557176471 0.048697941
vn 0.591487706 0.771583974 0.234095141
vn -0.6521855 0.199695557 0.731283724
vn -0.397501111 0.160800442 0.903402507
vn -0.546990335 0.0457991883 0.835885227
vn -0.948186219 -0.238596544 0.209796965
vn -0.928252041 -0.3012169 0.218212232
vn -0.924494684 -0.281898379 0.256598532
vn 0.701684415 -0.381591529 0.601686656
vn 0.62450701 -0.408604592 0.665607512
vn 0.65741086 -0.414006859 0.62961036
vn 0.456806898 0.831012487 -0.317404777
vn 0.40598762 0.823774934 -0.395687968
vn 0.423419893 0.830238998 -0.362517029
vn -0.464411974 0.750919342 -0.469512135
vn -0.594798803 0.603798807 -0.530699015
vn -0.524618804 0.639722943 -0.561720133
vn 0.728886485 0.0183996577 -0.684387326
vn 0.726708591 0.00720008509 -0.686908126
vn 0.724373758 0.0178993512 -0.689175069
vn 0.149505273 -0.474016726 -0.867730558
vn 0.14740333 -0.469910622 -0.870319605
vn 0.150998026 -0.475993842 -0.866388738
vn 0.720770836 0.567677081 -0.397783905
vn 0.572291493 0.622190773 -0.534192085
vn 0.075601764 0.924621582 -0.373308688
vn 0.605114222 0.579213679 0.546212852
vn 0.529968381 0.643961608 0.551767111
vn 0.501812339 0.56941402 0.651116014
vn -0.884077191 -0.393389881 -0.252293468
vn -0.948612511 -0.241903201 -0.204002693
vn -0.885165572 -0.35318625 -0.302888215
vn -0.913736403 -0.323212862 -0.246209815
vn -0.947421014 -0.244605437 -0.20630458
vn -0.94342345 -0.279506952 -0.178404421
vn 0.0297007728 0.533113897 0.845521986
vn 0.254297942 -0.0825993344 0.963592231
vn 0.524815321 0.790823042 0.31490919
vn 0.787996888 0.528697908 0.315498739
vn 0.798705578 0.493203461 0.344702423
vn 0.775607646 0.568305612 0.274702698
vn 0.784487128 0.555690885 -0.275295496
vn 0.778494298 0.556795955 -0.289697856
vn 0.795907855 0.55170542 -0.249302462
vn 0.52607435 -0.457077712 0.717165053
vn 0.530086815 -0.462688506 0.710582376
vn 0.55430156 -0.472201318 0.685401917
vn -0.752711713 -0.479507476 -0.451107025
vn -0.747499764 -0.476799846 -0.462499857
vn -0.735602796 -0.466801763 -0.490901887
vn 0.386001348 -0.919203222 -0.0779002681
vn 0.390405178 -0.916912138 -0.0828011036
vn 0.403389871 -0.910177112 -0.0940976292
vn -0.211099252 -0.906396866 0.365898728
vn -0.231097773 -0.922391176 0.309497029
vn -0.393900663 -0.814001381 0.426900685
vn 0.692761004 -0.66556257 -0.277684391
vn 0.698013425 -0.65131253 -0.297605723
vn 0.661480308 -0.74107796 -0.115096569
vn 0.897318125 -0.427508622 -0.109802224
vn 0.896877289 -0.428689152 -0.108797245
vn 0.899555445 -0.421179116 -0.115794264
vn 0.154604971 -0.925329804 0.346211135
vn 0.0931045413 -0.94794631 0.304514885
vn 0.190004572 -0.912921965 0.361208707
vn 0.992320597 -0.0503010452 -0.113002345
vn 0.75013423 -0.635428965 -0.183108345
vn 0.908459425 -0.29848668 -0.292586923
vn 0.103399254 -0.427896917 -0.897893548
vn 0.125401244 -0.418304086 -0.89960885
vn 0.119196638 -0.425287992 -0.897174656
vn -0.64510864 -0.552307367 0.52800709
vn -0.580489039 -0.555789471 0.59508872
vn -0.716472745 -0.505580783 0.480681717
vn -0.994880676 0.0891982615 0.0474990793
vn -0.995447934 0.0324983001 -0.0895953104
vn -0.997191131 0.0748993307 0
vn 0.589385629 0.512487471 -0.624484718
vn 0.590788603 0.514390111 -0.621587992
vn 0.588622093 0.511119246 -0.626323521
vn 0.276094973 0.821084976 0.499590874
vn 0.226592615 0.83127296 0.507583499
vn 0.242292643 0.829274774 0.503584683
vn 0.968270302 0.0619981028 0.242092565
vn 0.966523826 0.0594014674 0.249606162
vn 0.967945993 0.0603028648 0.243811592
vn 0.821123362 0.56141597 0.102802925
vn 0.879622161 0.46761176 0.0872021988
vn 0.848795712 0.519197404 0.0998994932
vn 0.0391999483 0.536799312 -0.842798889
vn 0.0389981717 0.853959858 -0.518875599
vn 0.0661972687 0.728469968 -0.681871891
vn -0.345219433 0.35041973 -0.87064898
vn -0.387216985 0.177507773 -0.904739678
vn -0.332283556 0.425278962 -0.841858327
vn -0.949309349 0.310703039 0.0477004685
vn -0.914592147 0.404196501 -0.0120998966
vn -0.913474023 0.387988985 0.12259651
vn -0.0190991703 0.994456887 0.103395522
vn -0.280008882 0.949630141 0.140704468
vn -0.0632010773 0.94641608 0.316705406
vn -0.472606778 0.735410571 0.485606968
vn -0.526395917 0.761594117 0.377997041
vn -0.468084455 0.824872553 0.316989481
vn -0.761270165 0.60547626 0.23209089
vn -0.763404012 0.546002865 0.345101804
vn -0.763514638 0.541810453 0.351406753
vn 0.890206039 -0.0279001873 0.454703093
vn 0.877683461 -0.057398919 0.475791067
vn 0.886769474 -0.0442984775 0.46008414
vn -0.942505717 -0.302001804 0.143100858
vn -0.944648921 -0.299383819 0.13419275
vn -0.944014072 -0.300204456 0.136802033
vn -0.980813086 0.173602328 0.0887011811
vn -0.980294228 0.175798953 0.0900994688
vn -0.980483592 0.174997076 0.0895984992
vn -0.366496563 -0.129298776 0.921391368
vn -0.366481721 -0.128893569 0.921454072
vn -0.366512567 -0.126804337 0.921731591
vn 0.58630687 0.0437005088 0.808909476
vn 0.598183036 0.0353989974 0.800577283
vn 0.586016238 0.0521014445 0.80862242
vn 0.836171031 0.0920968056 -0.540681303
vn 0.826111734 0.100301422 -0.554507852
vn 0.831630766 0.0957035422 -0.547020197
vn -0.108299084 0.986291707 0.124498956
vn -0.0307992026 0.98537457 0.16759567
vn -0.0591993555 0.989889205 0.128898606
vn -0.81049633 0.447197974 0.378298283
vn -0.762705207 0.493003339 0.418602854
vn -0.793233395 0.476420045 0.379215986
vn -0.393583447 0.105095588 -0.913261652
vn -0.370107681 0.152303174 -0.916419089
vn -0.435314029 0.0561018065 -0.898528993
vn -0.794611871 0.350805223 -0.495507419
vn -0.778501928 0.375800937 -0.502701163
vn -0.69669503 0.519796312 -0.494396478
vn -0.562417507 0.374811679 -0.737022936
vn -0.748185039 0.423091531 -0.511089802
vn -0.393989742 0.229594007 -0.889976799
vn -0.840315282 0.529009581 -0.118402153
vn -0.816514909 0.545509934 -0.189003438
vn -0.867351055 0.493029028 -0.0680040047
vn 0.99821353 -0.056300763 -0.0200002696
vn 0.998499393 0.0421999767 -0.0348999798
vn 0.999631405 0.00590018556 -0.0265008323
vn 0.942675054 0.0447988138 0.330691248
vn 0.849826336 0.429913342 0.304909468
vn 0.920334399 0.390114605 -0.0282010529
vn -0.762860239 0.0195989776 -0.646266341
vn -0.756285608 0.0313994028 -0.653487623
vn -0.771505535 0.00480003469 -0.6362046
vn -0.0161998309 -0.701492667 0.712492526
vn 0.216405198 -0.884221256 0.413909972
vn 0.264498055 -0.675595045 0.688194931
vn 0.61179018 -0.14989759 -0.776687503
vn 0.581504345 -0.203401521 -0.787705898
vn 0.583907425 -0.17780228 -0.792110145
vn 0.453106612 0.0410005972 -0.890512943
vn 0.482983083 -0.0409985632 -0.874669313
vn 0.533309042 -0.00320005417 -0.845914364
vn 0.326100469 0.296900421 -0.89750129
vn 0.325009555 0.30160886 -0.896326363
vn 0.33909905 0.300999135 -0.891297519
vn -0.505975783 -0.264287353 -0.821060717
vn -0.380303651 0.458504409 -0.803207755
vn -0.464004308 0.192301795 -0.864708066
vn 0.238308251 0.859429777 -0.452315688
vn 0.463411331 0.86562115 -0.18960464
vn 0.394210368 0.860122621 -0.323708534
vn -0.67868644 0.679986477 0.27749449
vn -0.719468296 0.633272111 0.285187423
vn -0.68828994 0.627390802 0.364194691
vn -0.413311392 -0.304908395 0.858023643
vn -0.39679268 -0.294494569 0.869383991
vn -0.428890198 -0.289593369 0.855680406
vn 0.594865441 -0.224786952 0.771755159
vn 0.577683151 -0.255092561 0.775377333
vn 0.630690038 -0.168197349 0.757588029
vn 0.42311734 0.0158006474 0.905937135
vn 0.430090427 0.0234994777 0.902479947
vn 0.42270416 0.025500251 0.905908942
vn -0.976371527 0.122396432 -0.178094804
vn -0.845583439 0.24229525 -0.475690693
vn -0.994854033 -0.0515976176 0.0871959701
vn -0.295811564 0.563922048 -0.771030128
vn -0.306397974 0.477296829 -0.82359457
vn -0.306895852 0.471593618 -0.826688826
vn -0.797931969 0.185407415 0.573522925
vn -0.848758876 0.187090918 0.494576007
vn -0.843388259 0.163597718 0.511792839
vn -0.907080412 0.328692913 0.262994319
vn -0.864230931 0.316811323 0.390813977
vn -0.87663883 0.264511675 0.401917785
vn -0.884078145 -0.058298558 0.463688523
vn -0.870907843 -0.0389003493 0.489904404
vn -0.91549015 -0.0988989323 0.389995813
vn -0.879330933 0.399614036 0.259009093
vn -0.87334317 0.383775026 0.299980521
vn -0.876703799 0.393901736 0.276101202
vn -0.871425092 0.0106003052 0.490414083
vn -0.692754149 0.322078705 0.645257294
vn -0.758701026 0.132600173 0.637800813
vn -0.991570711 0.0562983379 -0.116696559
vn -0.98742187 0.00980021805 -0.157803506
vn -0.994491935 0.00489996048 -0.10469915
vn 0.351700217 0.162500083 -0.921900511
vn 0.377007782 0.152203128 -0.913618863
vn 0.376921862 0.152808875 -0.913553059
vn 0.386892557 -0.237995416 0.89088285
vn 0.381788313 -0.331189871 0.862873614
vn 0.484191924 -0.296795011 0.823086202
vn 0.455122799 -0.347217411 0.819941044
vn 0.58579582 -0.317697734 0.74559468
vn 0.531175673 -0.321085304 0.784064114
vn 0.485577285 -0.10749498 -0.867559493
vn 0.481998473 -0.10549967 -0.86979723
vn 0.490007967 -0.108701758 -0.864914
vn 0.668117344 0.25050649 -0.700618207
vn 0.662881911 0.257692963 -0.702980816
vn 0.668117344 0.25050649 -0.700618207
vn -0.936752558 -0.105594657 -0.333683103
vn -0.953668892 -0.185593948 -0.236792281
vn -0.947709382 -0.142801419 -0.285402805
vn -0.79410547 0.0814005584 -0.602304161
vn -0.796556711 0.0790956989 -0.59936744
vn -0.796429515 0.0792029351 -0.599522233
vn 0.957576871 -0.00699983118 -0.28809306
vn 0.977684438 0.040199358 -0.20619671
vn 0.944638371 -0.000200008115 -0.328113317
vn -0.241807789 -0.146304727 -0.959230959
vn -0.226013005 -0.0302017406 -0.973655999
vn -0.229791716 -0.159594253 -0.960065424
vn 0.340289056 -0.370688081 0.86417222
vn 0.333510876 -0.362111807 0.870428383
vn 0.350413889 -0.355914116 0.866334319
vn -0.196302831 0.265503824 -0.943913579
vn -0.212495431 0.268394232 -0.939579785
vn -0.184500232 0.262600362 -0.947101235
vn -0.510315299 -0.764622867 -0.393611759
vn -0.631684124 -0.700682402 -0.331691653
vn -0.655275762 -0.616377175 -0.436683834
vn 0.178694934 -0.85527575 0.48638621
vn 0.166998982 -0.844894886 0.50819689
vn 0.210309371 -0.866338611 0.453020215
vn 0.397397041 0.167698741 -0.902193248
vn 0.400992215 0.163996831 -0.901282549
vn 0.394213468 0.171205863 -0.902930856
vn -0.978804469 -0.0549002551 -0.197300896
vn -0.987692654 -0.12229909 -0.0974992737
vn -0.997500002 -0.0485999994 0.0513000004
vn 0.717509925 -0.160902232 0.677709401
vn 0.717307627 -0.159701705 0.678207219
vn 0.726312637 -0.206503585 0.655611455
vn 0.743810117 -0.209502861 0.634708643
vn 0.715030611 -0.198808506 0.67022872
vn 0.708105087 -0.209201485 0.6744048
vn 0.697526813 -0.258709967 0.668225706
vn 0.721355796 -0.216486722 0.657859623
vn 0.704671741 -0.249090016 0.664373338
vn 0.938714683 0.326705098 0.109901719
vn 0.912726164 0.326809347 0.245207042
vn 0.940460861 0.299087554 0.161493286
vn -0.974445879 0.0390018374 0.22121042
vn -0.988788903 0.0586993396 0.13729845
vn -0.978439271 0.0594023839 0.197807938
vn -0.991869569 0.123696201 0.0298990812
vn -0.993560195 -0.0578976795 -0.0973960981
vn -0.95772171 0.15510352 -0.242305502
vn -0.80501771 -0.0275006033 0.592613041
vn -0.836790502 -0.0939989313 0.539393902
vn -0.792553127 -0.0876948163 0.603464365
vn 0.993466556 -0.0356987976 -0.108396359
vn 0.994808793 -0.0298002642 -0.0973008648
vn 0.993179321 -0.0436990857 -0.108097747
vn 0.794095218 0.130599216 -0.593596399
vn 0.785071075 0.169093773 -0.595878065
vn 0.797517657 0.112502486 -0.592713118
vn 0.695880234 -0.247992933 -0.673980832
vn 0.707518458 -0.237706214 -0.66551739
vn 0.702187419 -0.242595643 -0.669387996
vn -0.993508101 -0.00770006282 -0.113500923
vn -0.993744075 -0.0181008019 -0.110204883
vn -0.994129896 -0.0160004832 -0.107003219
vn -0.958618522 -0.207704008 0.194703773
vn -0.959018409 -0.204803929 0.195803761
vn -0.959704816 -0.197601005 0.199801013
vn -0.960827112 -0.193305448 0.198605597
vn -0.930241406 -0.182208121 0.318514198
vn -0.978635252 -0.136104897 0.154105544
vn -0.556002259 0.300901234 0.774803162
vn -0.590210438 0.254404515 0.766113579
vn -0.53451252 0.332707822 0.776918173
vn -0.147806853 -0.0305014141 0.988545835
vn -0.137604937 -0.0938033611 0.986035347
vn -0.181901723 -0.00380003615 0.983309329
vn 0.317588419 0.14699465 0.93676585
vn 0.326405674 0.137902379 0.935116231
vn 0.269310564 0.17490685 0.94703716
vn 0.40378812 0.39978826 0.822875798
vn 0.292303443 0.899910629 0.323603809
vn 0.374303669 0.707706988 0.599205911
vn 0.0106000258 0.939202249 0.343200833
vn -0.06500227 0.424414843 0.903131604
vn -0.465604395 0.709706664 0.528705001
vn -0.578290999 -0.375094146 -0.724488676
vn -0.628478289 -0.381086826 -0.678076565
vn -0.594875276 -0.167993009 -0.786067247
vn 0.267792583 0.961973369 0.0537985116
vn 0.279598325 0.954694331 0.101899393
vn 0.250195682 0.968183398 -0.00479991781
vn 0.817514598 0.467008352 -0.337006032
vn 0.448392987 0.893786013 0.00949985068
vn 0.78948909 0.613391519 0.0213997047
vn 0.674391925 0.729691327 0.112898655
vn 0.95750618 0.272801757 -0.093600601
vn 0.899999976 0.368200004 0.233300015
vn 0.088603735 -0.0849035755 0.992441773
vn 0.100203179 -0.0838026628 0.991431475
vn 0.0919993371 -0.0841993913 0.992192805
vn -0.209195375 -0.685384929 0.697484612
vn -0.273107678 -0.730420589 0.62601757
vn -0.249291912 -0.613180101 0.749575675
vn 0.630591154 -0.2573964 0.732189775
vn 0.632385314 -0.263993859 0.728283048
vn 0.63100028 -0.259200156 0.731200337
vn 0.627912343 0.772815168 -0.0921018049
vn 0.63540417 0.75840503 -0.145200953
vn 0.650119424 0.718321443 -0.247707412
vn 0.701705158 0.693805099 -0.162001207
vn 0.756360352 0.648766041 -0.0837956145
vn 0.707998574 0.705898583 -0.0210999567
vn 0.328806162 0.52200979 -0.787014782
vn 0.392801732 0.496302217 -0.77420342
vn 0.178708106 0.486622095 -0.855138779
vn -0.859292865 -0.152898729 0.488095939
vn -0.878012538 -0.190702707 0.439006269
vn -0.857290149 -0.171598032 0.485394418
vn -0.962685108 -0.123898081 0.24059628
vn -0.955909193 -0.0321003087 0.29190281
vn -0.967869043 -0.0134995691 0.251091987
vn 0.907724202 -0.411810964 0.0803021416
vn 0.90589571 -0.421598017 -0.0400998108
vn 0.937646866 -0.223611176 -0.266113281
vn 0.973806083 -0.222801387 0.0454002842
vn 0.989782989 -0.0489991568 0.133897707
vn 0.944111824 -0.318503976 0.0849010646
vn 0.543207645 0.331204683 0.771510839
vn 0.716797829 0.42289874 0.554398358
vn 0.581329703 0.379519343 0.719736695
vn 0.94549036 -0.161298349 0.282897115
vn 0.916577816 -0.192095354 0.350691497
vn 0.912422299 -0.245805994 0.327207983
vn 0.862320483 0.0564013384 0.503211975
vn 0.871840954 0.0938044041 0.480722547
vn 0.882322669 0.0244006272 0.470012069
vn 0.757912099 0.559408963 0.335605353
vn 0.757402241 0.559801698 0.336100996
vn 0.757801712 0.559501231 0.33570078
vn 0.924508154 -0.189001665 0.331002921
vn 0.971986175 -0.158997729 0.173097536
vn 0.999505281 -0.0311001651 -0.00470002461
vn 0.874761701 -0.0544976108 -0.48147893
vn 0.878093123 -0.0506996028 -0.475796312
vn 0.875429749 -0.0583019815 -0.479816318
vn 0.0106999278 -0.440897018 0.897493899
vn 0.409014374 -0.19370681 0.891731381
vn 0.116697498 -0.160096571 0.980179012
vn -0.183495581 -0.0452989042 0.981976271
vn 0.144195125 -0.105896406 0.983866692
vn -0.121497035 -0.0448989049 0.991575778
vn 0.342309147 0.886023641 0.312708348
vn 0.36750254 0.868705988 0.332102269
vn -0.213301301 0.907405496 -0.362102181
vn 0.913212538 -0.119701639 -0.389505327
vn 0.982914031 0.17880255 0.0437006205
vn 0.656611621 0.723112762 0.214403778
vn 0.977738798 -0.122704871 0.17020677
vn 0.972393334 -0.163998872 0.165998861
vn 0.992067814 -0.0681977868 -0.105596572
vn 0.916468859 0.0880970061 0.390286773
vn 0.926597834 0.329299212 0.181599587
vn 0.905281186 0.250094771 0.343392849
vn -0.760502756 0.148600534 0.632102311
vn -0.809622169 0.022600621 0.586516082
vn -0.782889664 0.204497322 0.587592244
vn -0.0672001839 0.708502054 0.702502012
vn -0.0720998645 0.612598896 0.787098587
vn -0.0442983732 0.652176023 0.75677222
vn 0.223895818 0.694186985 0.684087157
vn -0.67572242 0.336011142 0.656121731
vn -0.332702041 0.448402703 0.829604983
vn -0.0581999682 0.634899557 0.770399511
vn -0.00269998494 0.598396659 0.801195502
vn -0.0951999649 0.681499839 0.725599766
vn -0.465378523 0.165192366 -0.869559824
vn -0.381704211 0.165701836 -0.909310043
vn -0.41080904 0.14560321 -0.900019765
vn -0.995222151 -0.0599013343 0.0771017149
vn -0.995222151 -0.0599013343 0.0771017149
vn -0.995222151 -0.0599013343 0.0771017149
vn 0.17150794 -0.196709111 -0.965344727
vn 0.165493608 -0.192392543 -0.967262566
vn 0.17420283 -0.187903062 -0.966615677
vn -0.772199929 0.208199978 0.600299954
vn -0.735183299 0.24489443 0.632085681
vn -0.772199929 0.208199978 0.600299954
vn -0.308595181 0.675389469 -0.669789553
vn -0.339792877 0.656986237 -0.672985852
vn -0.338788629 0.661177814 -0.669377506
vn -0.0675022528 0.866028845 0.495416522
vn 0.00220006006 0.844523072 0.535514593
vn -0.0376988426 0.854073703 0.518784046
vn -0.0558024645 0.762033701 0.645128489
vn -0.057297416 0.802663803 0.593673229
vn -0.0725979879 0.75327915 0.653681934
vn -0.181805283 0.622118056 0.761522114
vn -0.218904689 0.66341424 0.715515375
vn -0.223802134 0.63380605 0.74040705
vn 0.770766199 -0.40188238 0.494378328
vn 0.660006285 -0.39730376 0.637606025
vn 0.738527119 -0.326811969 0.58972168
vn 0.404583305 0.0208991375 -0.914262295
vn 0.381088108 0.0175994504 -0.924371123
vn 0.387207568 0.0225004405 -0.921718001
vn -0.962553561 0.13140732 0.237113193
vn -0.900815487 0.339405835 0.270804644
vn -0.963257611 0.129694298 0.235189646
vn 0.524903238 0.0971005931 0.845605195
vn 0.532427669 0.15510805 0.832143188
vn 0.507481933 0.131495327 0.851569712
vn -0.885283351 0.462791294 0.0457991399
vn -0.886489093 0.460094333 0.0494993925
vn -0.886411428 0.460505962 0.0470006056
vn 0.106905743 -0.639834404 0.761040866
vn 0.106905743 -0.639834404 0.761040866
vn 0.106905743 -0.639834404 0.761040866
vn -0.665219486 0.711620808 0.226006597
vn -0.653503776 0.720104098 0.23320134
vn -0.660959065 0.714855731 0.228285864
vn 0.316798568 -0.238198921 0.918095887
vn 0.331588268 -0.24309139 0.911567688
vn 0.333820701 -0.236614689 0.912456632
vn 0.117300414 -0.0844002962 0.989503503
vn 0.106395558 -0.0852964371 0.990658641
vn 0.102599151 -0.096899204 0.989991844
vn 0.99825567 0.0589973815 0.0021999022
vn 0.970344067 0.054902494 -0.235410705
vn 0.983644307 0.0991044641 -0.150406778
vn -0.980197668 0.185499549 0.0692998394
vn -0.98287499 0.0881977528 0.161795869
vn -0.974156737 0.173692286 0.144393593
vn 0.184896618 -0.913183331 0.363193393
vn 0.221892625 -0.892370343 0.392986923
vn 0.155497715 -0.902786851 0.400994152
vn 0.282301724 -0.73120445 0.621003807
vn 0.286806405 -0.733416378 0.616313756
vn 0.273788631 -0.728569806 0.627873957
vn -0.139802098 0.784311831 0.604409099
vn -0.116700076 0.796700478 0.593000352
vn -0.154303893 0.77611953 0.611415386
vn 0.228101507 -0.255901694 -0.939406216
vn 0.228101507 -0.255901694 -0.939406216
vn 0.228101507 -0.255901694 -0.939406216
vn -0.706682026 0.698482215 0.112797134
vn -0.703588068 0.70598805 0.0808986351
vn -0.710362852 0.699263453 0.0800958127
vn 0.895403087 0.0070000249 0.445201516
vn 0.881986141 -0.0618990287 0.46719268
vn 0.931079566 0.130197138 0.340792507
vn -0.114702672 -0.183404282 -0.97632277
vn -0.0972986817 -0.101298623 -0.990086615
vn -0.061002586 -0.135905758 -0.988841891
vn 0.123195589 0.957665741 0.260190666
vn 0.0357997939 0.966594398 0.253798544
vn 0.12000528 0.951041877 0.28481254
vn -0.292495161 0.914784849 0.278595388
vn -0.275702 0.908406615 0.314302295
vn -0.208301127 0.946205139 0.24760133
vn -0.791738212 0.179708675 0.583828151
vn -0.684196711 0.152399272 0.713196576
vn -0.755778313 0.158395454 0.635381758
vn 0.13680318 0.0122002838 -0.99052304
vn 0.136299059 0.0185998715 -0.990493119
vn 0.146197781 0.0117998216 -0.989184976
vn 0.963131428 -0.0909029618 0.25320825
vn 0.963011801 -0.0919011235 0.253303111
vn 0.962926567 -0.0914025232 0.253807008
vn 0.938756108 0.343983948 -0.0202990528
vn 0.971305728 0.231001377 -0.0566003323
vn 0.941654742 0.336383849 -0.0114994468
vn -0.935659111 0.0598973818 0.347784787
vn -0.937997341 0.0315999091 0.345199019
vn -0.926482737 0.0507990532 0.372893035
vn -0.94352138 0.00830018893 0.331207514
vn -0.94780457 0.0361001752 0.316801548
vn -0.946193397 0.0227998421 0.322797745
vn 0.648667634 -0.035098251 0.760262012
vn 0.626310766 0.0158002712 0.779413402
vn 0.649103045 -0.0444002077 0.759403586
vn 0.849484622 -0.523790538 0.0633988529
vn 0.858533859 -0.508620024 0.0650025606
vn 0.859567165 -0.508380592 0.0518980175
vn -0.219989166 -0.930054188 -0.294285476
vn -0.2867001 -0.949200213 -0.12970005
vn -0.319217205 -0.928150058 -0.191410318
vn -0.17790097 0.00920005143 -0.984005451
vn -0.176600143 0.0127000101 -0.984200776
vn -0.176600143 0.0127000101 -0.984200776
vn 0.919222772 0.316507846 0.234205797
vn 0.905483365 0.385892928 0.176596746
vn 0.908100367 0.275800109 0.315100133
vn -0.993819773 -0.106202118 0.0323006399
vn -0.993819773 -0.106202118 0.0323006399
vn -0.993819773 -0.106202118 0.0323006399
vn -0.995721459 0.0166003574 -0.090901956
vn -0.995701492 0.0123000173 -0.0918001384
vn -0.995701492 0.0123000173 -0.0918001384
vn -0.0171000604 0.0640002266 -0.99780339
vn -0.0171000604 0.0640002266 -0.99780339
vn -0.0171000604 0.0640002266 -0.99780339
vn 0.593787789 -0.698385656 0.399591804
vn 0.593787789 -0.698385656 0.399591804
vn 0.593787789 -0.698385656 0.399591804
vn 0.229306281 0.0792021751 -0.970126569
vn 0.22939752 0.0817991197 -0.969889581
vn 0.22939752 0.0817991197 -0.969889581
vn -0.998786628 -0.0435994193 0.0228996929
vn -0.999085426 -0.0410993993 0.0117998281
vn -0.99886924 -0.0443986319 0.0169994775
vn -0.999417305 0.0336005799 0.00600010389
vn -0.999166489 0.0401986502 0.00709976209
vn -0.999166489 0.0401986502 0.00709976209
vn 0.982767999 -0.159394816 -0.0935969502
vn 0.995394647 -0.0345998146 0.089399524
vn 0.993239284 -0.113404483 -0.0248009823
vn -0.887147427 -0.34701854 0.304216266
vn -0.88830471 -0.278201461 0.365401924
vn -0.903314173 -0.333105206 0.270304263
vn -0.995739222 0.0887034908 -0.0252009928
vn -0.997561574 0.066397436 -0.0214991719
vn -0.998026192 0.0518013574 -0.0355009325
vn 0.745804548 0.521103144 0.415002495
vn 0.716100872 0.490800619 0.496300638
vn 0.777370036 0.535479367 0.330087274
vn 0.914855778 0.320584506 0.245488137
vn 0.890371859 0.350088954 0.2909908
vn 0.936349392 0.288315207 0.200310573
vn 0.98554194 0.120305128 0.119305082
vn 0.98554194 0.120305128 0.119305082
vn 0.98554194 0.120305128 0.119305082
vn -0.674370885 0.0797965676 0.734068334
vn -0.801253736 0.0495971367 0.596265554
vn -0.831379771 0.222794592 0.509087682
vn -0.707573473 0.651275635 0.274189711
vn -0.705703378 0.664503217 0.245801181
vn -0.70778501 0.659686029 0.252694666
vn 0.383695781 -0.301396668 0.872890353
vn 0.457512528 -0.295908093 0.838522971
vn 0.398681879 -0.246788815 0.883259892
vn 0.260702342 0.0146001335 -0.965308845
vn 0.231991783 0.0171993934 -0.972565591
vn 0.2700077 0.0375010744 -0.962127507
vn 0.827484131 0.171396717 0.534689724
vn 0.822653472 0.163690731 0.544469178
vn 0.827679098 0.145596325 0.541986287
vn -0.975655854 -0.114094839 0.187291518
vn -0.973087728 -0.111798584 0.20149745
vn -0.976973593 -0.0954974219 0.19079484
vn 0.899115384 -0.433607429 -0.0598010197
vn 0.859943271 -0.499025106 -0.107105389
vn 0.863517165 -0.489809752 -0.120102383
vn -0.947503567 -0.109800421 0.300301135
vn -0.9492926 -0.113999113 0.292997748
vn -0.952647388 -0.115993589 0.281084478
vn -0.509795964 -0.743094027 0.433496535
vn -0.503409922 -0.751614809 0.426208407
vn -0.503019214 -0.751928687 0.426116228
vn -0.9942801 -0.00929981377 0.106397867
vn -0.994758785 -0.00719970185 0.101995781
vn -0.994488716 -0.0184997916 0.103198841
vn -0.359592587 -0.676686049 -0.642486751
vn -0.359592587 -0.676686049 -0.642486751
vn -0.359592587 -0.676686049 -0.642486751
vn -0.01610009 -0.668203712 0.743804097
vn 0.105994582 -0.609768808 0.785459816
vn 0.0942027718 -0.665619612 0.740321815
vn -0.117895685 -0.167693853 -0.978764176
vn -0.118401572 -0.17110227 -0.978112996
vn -0.122295789 -0.165094301 -0.978666306
vn -0.977816343 -0.054300908 0.20230338
vn -0.977531672 -0.0538017415 0.203806594
vn -0.982258201 -0.0490979105 0.18099229
vn 0.915922463 -0.204905033 -0.345108449
vn 0.915922463 -0.204905033 -0.345108449
vn 0.933602929 -0.13720043 -0.331001043
vn -0.922667086 0.381286412 0.0574979521
vn -0.922667086 0.381286412 0.0574979521
vn -0.922667086 0.381286412 0.0574979521
vn -0.257194221 -0.951978624 -0.166096255
vn -0.257194221 -0.951978624 -0.166096255
vn -0.257194221 -0.951978624 -0.166096255
vn 0.826009572 -0.548906386 -0.128101483
vn 0.840301692 -0.51800102 -0.159900308
vn 0.787168086 -0.590676069 -0.177392796
vn -0.834505439 0.501203299 -0.228901491
vn -0.837123871 0.487713844 -0.247707069
vn -0.828302979 0.497601748 -0.257500917
vn -0.997218966 0.0468008853 -0.058001101
vn -0.995738149 0.0741028413 -0.0549021028
vn -0.992934883 0.0961033776 -0.0696024448
vn -0.92276293 0.204091802 0.326886892
vn -0.891542792 0.246911854 0.379718244
vn -0.911285758 0.222796515 0.346294582
vn -0.424801677 0.765102983 0.483901918
vn -0.401977569 0.760957539 0.509271622
vn -0.440211505 0.792220712 0.422611028
vn 0.638287902 -0.633188009 0.437791675
vn 0.647826433 -0.648126423 0.400316298
vn 0.670717061 -0.625115931 0.399210155
vn -0.783428967 0.02110078 0.621123016
vn -0.775071919 -0.0371986553 0.63077718
vn -0.89286691 -0.053898003 0.447083473
vn -0.979906261 0.108600691 0.167301074
vn -0.98462373 0.0550013259 0.165803999
vn -0.977639437 0.0979039595 0.186107516
vn -0.469616145 -0.867729843 0.162805602
vn -0.469616145 -0.867729843 0.162805602
vn -0.469616145 -0.867729843 0.162805602
vn -0.446616948 0.0731027722 -0.891733825
vn -0.547083914 0.0289991461 -0.836575389
vn -0.555117309 -0.0976030305 -0.826025665
vn 0.0928008035 0.689405978 0.7184062
vn 0.0592988804 0.744585931 0.664887488
vn 0.0582006276 0.714307666 0.697407484
vn 0.448703945 -0.0114000998 0.893607795
vn 0.437400281 0.0173000097 0.899100542
vn 0.475315273 -0.0591018982 0.877828181
vn -0.688109875 0.698210061 -0.197502866
vn -0.688109875 0.698210061 -0.197502866
vn -0.688109875 0.698210061 -0.197502866
vn 0.887932956 0.244809106 0.389414459
vn 0.880945385 0.277214289 0.383519769
vn 0.88423878 0.248210877 0.395617336
vn -0.925516427 -0.000700012431 0.378706723
vn -0.930299044 -0.0697999299 0.360099643
vn -0.928278923 -0.0393991061 0.369791597
vn 0.265406787 -0.0048001227 0.96412462
vn 0.265687972 -0.00229989574 0.964056313
vn 0.262599856 -0.00319999829 0.96489954
vn -0.349985987 0.893964231 0.279888809
vn -0.344613016 0.892433763 0.291211039
vn -0.346875817 0.892637849 0.287879944
vn 0.338206887 0.934819043 -0.108302198
vn -0.0289005041 0.993117332 -0.113501981
vn 0.461911917 0.886922896 0.00230005942
vn 0.255095005 -0.689686477 0.677686691
vn 0.378093064 -0.680387557 0.627788484
vn 0.329908431 -0.714718223 0.616715729
vn 0.206092268 -0.0974963382 -0.973663449
vn 0.200197279 -0.0880988017 -0.975786686
vn 0.200197279 -0.0880988017 -0.975786686
vn -0.904601157 -0.0835001022 0.418000519
vn -0.930458486 0.0373983346 0.364483744
vn -0.881723523 -0.181604847 0.435411632
vn 0.246590361 -0.143994361 -0.958362579
vn 0.261992663 -0.0950973332 -0.960373044
vn 0.243799746 -0.135599867 -0.960299075
vn 0.934167862 0.294089884 -0.20209305
vn 0.939380348 0.21709545 -0.265394419
vn 0.905872941 0.322990358 -0.273991793
vn -0.242290944 0.804369926 0.542479694
vn -0.243106201 0.816020787 0.524413407
vn -0.255601287 0.835104227 0.487102449
vn 0.202002272 0.679407656 0.705407917
vn 0.23270157 0.658604383 0.715604842
vn 0.177808642 0.628230572 0.757436812
vn 0.224095464 -0.175796449 -0.958580613
vn -0.125905141 -0.00180007366 -0.992040575
vn -0.0180995706 0.0921978056 -0.995576262
vn 0.0396982804 -0.0332985558 -0.99865675
vn -0.00499993004 -0.00169997627 -0.999986053
vn 0.0221000388 -0.0266000461 -0.999401808
vn -0.419712931 0.829925656 0.367511362
vn -0.417815775 0.833031416 0.362613678
vn -0.411093384 0.841686487 0.350094378
vn -0.998059213 0.0103995753 0.0613974929
vn -0.997490168 -0.00539994705 0.0705993101
vn -0.99635601 -0.00709968666 0.0849962458
vn 0.357092559 0.661186159 0.659786224
vn 0.205608249 0.678927243 0.704828322
vn 0.237592697 0.673379302 0.700078487
vn 0.896627963 -0.30210942 0.323710114
vn 0.896627963 -0.30210942 0.323710114
vn 0.896627963 -0.30210942 0.323710114
vn -0.996776283 -0.0262993742 0.0757981986
vn -0.994717181 -0.0289004967 0.0985017046
vn -0.994516671 0.00400006725 0.104501761
vn -0.141002804 -0.297605872 -0.944218695
vn -0.141694948 -0.296489418 -0.944466293
vn -0.140999302 -0.297998518 -0.944095314
vn -0.971987486 -0.152198046 -0.179097697
vn -0.979762137 -0.129894972 -0.152294114
vn -0.98586452 -0.0219992083 -0.16609402
vn -0.319786191 -0.0619973242 0.945459247
vn -0.319302857 -0.0558004975 0.946008444
vn -0.322419196 -0.059003517 0.944756269
vn -0.998113871 -0.0215002988 0.057500802
vn -0.996978641 0.0775983408 -0.00349992514
vn -0.998600185 -0.0376000069 0.0372000076
vn -0.645786881 -0.665086448 0.374992371
vn -0.509885073 -0.819376111 0.261992335
vn -0.64658612 -0.664985716 0.373791963
vn -0.0749010742 -0.0578008294 -0.995514333
vn -0.0761007443 -0.0279002711 -0.996709704
vn -0.0658998191 -0.00759997917 -0.997797251
vn 0.00239992863 0.0514984652 -0.99867022
vn -0.00389982527 0.0637971386 -0.997955322
vn -0.00649975426 0.0512980595 -0.998662233
vn -0.999157667 0.0407982729 -0.00439981325
vn -0.999357045 0.0345985144 0.00939959567
vn -0.999695182 0.0221998934 -0.0107999481
vn 0.994188786 0.100298867 0.0390995592
vn 0.984405875 0.153400913 0.0861005113
vn 0.994180858 0.0996980816 0.0407992154
vn 0.95789212 -0.00419996539 0.287097603
vn 0.960441649 0.00620026886 0.278412074
vn 0.953956187 0.0165992379 0.29948625
vn 0.397601753 0.274601221 0.875503898
vn 0.401290923 0.275993735 0.873380184
vn 0.397601426 0.280901015 0.873503149
vn 0.897877753 -0.0897977799 0.430989325
vn 0.893100083 -0.085800007 0.441600025
vn 0.896368861 -0.0913968235 0.433784962
vn -0.128801659 0.0107001374 -0.991612673
vn -0.145694435 0.0334987268 -0.988762319
vn -0.141398415 0.0302996617 -0.9894889
vn 0.279592931 0.173695639 -0.944276214
vn 0.302510589 0.168505892 -0.938132763
vn 0.300404966 0.143102363 -0.943015635
vn -0.928671122 0.108796619 -0.354588985
vn -0.939248621 0.103005335 -0.327416956
vn -0.937426329 0.144004047 -0.317008913
vn -0.370682776 -0.873859406 -0.314585388
vn -0.353095382 -0.88308841 -0.308995932
vn -0.366779 -0.874349952 -0.317781776
vn -0.792705774 -0.245001808 0.558204055
vn -0.673005521 -0.00680005644 0.739606142
vn -0.976240039 0.00890036486 0.216508895
vn 0.951969743 -0.253591925 -0.17159453
vn 0.952353537 -0.252814204 -0.170609578
vn 0.952141583 -0.253411055 -0.170907468
vn -0.998467028 0.0116996141 0.0540982112
vn -0.999628305 0.00680019287 0.0264007486
vn -0.998498559 0.00919998717 0.0539999232
vn -0.334901154 0.751202643 0.568801939
vn -0.456887275 0.807177484 0.373789579
vn -0.614686131 0.509088516 0.602486372
vn -0.432075351 -0.0481972508 0.900548637
vn -0.426015586 -0.0500018299 0.903333008
vn -0.467788696 -0.0876978859 0.879478753
vn 0.43642205 -0.899445474 -0.0231011678
vn 0.443822891 -0.895446181 -0.0346017852
vn 0.444492698 -0.894585252 -0.0462992415
vn -0.9980762 9.9997611e-05 -0.06199852
vn -0.997496188 0.00769997062 -0.0702997297
vn -0.997364342 0.00479982886 -0.0723974183
vn -0.998360217 0.0113995466 -0.0560977682
vn -0.999577343 0.0114997393 0.026699394
vn -0.999577343 0.0114997393 0.026699394
vn -0.999577343 0.0114997393 0.026699394
vn -0.99872762 0.0115003176 0.0491013564
vn 0.11729537 -0.391284555 0.912764013
vn 0.11729537 -0.391284555 0.912764013
vn 0.141401157 -0.385503143 0.911807477
vn 0.122602075 -0.506608605 0.853414476
vn -0.250300854 -0.0112000378 -0.968103349
vn -0.251486272 -0.0282984544 -0.967447102
vn -0.253007233 -0.0214006137 -0.967227697
vn -0.237304091 -0.00600010389 -0.971416831
vn 0.980108678 0.133001193 -0.147301316
vn 0.98048234 0.130897641 -0.146697357
vn 0.98097676 0.132796854 -0.141596645
vn 0.978875637 0.14179647 -0.147296339
vn 0.472487777 -0.798379362 -0.37329033
vn 0.468872666 -0.817852378 -0.333580583
vn 0.468872666 -0.817852378 -0.333580583
vn 0.478315026 -0.804025292 -0.353211105
vn -0.98884064 0.0528021678 0.139305741
vn -0.997451484 -0.0132993525 0.0700965971
vn -0.995003641 -0.0680002496 0.0731002688
vn -0.998689473 -0.0396995842 0.0322996564
vn -0.174191505 -0.0535973869 -0.983252048
vn -0.177706093 -0.0534018315 -0.98263365
vn -0.175305054 -0.0503014475 -0.983228326
vn -0.162003145 -0.0959018618 -0.982119083
vn -0.982926607 0.182604939 0.0226006117
vn -0.985311151 0.169001907 0.0245002769
vn -0.974558055 0.215590715 0.0612973571
vn -0.98731482 0.128901944 0.0927013904
vn 0.847964287 0.112495266 0.517978191
vn 0.852216244 0.121402323 0.508909702
vn 0.848233283 0.121404767 0.515520275
vn 0.84302026 0.104602516 0.527612686
vn -0.0116997296 -0.03329923 -0.999376953
vn -0.0165000763 -0.0303001422 -0.999404669
vn -0.0142004797 -0.0305010304 -0.999433815
vn 0.00530009763 -0.0183003377 -0.999818504
vn 0.191396311 -0.00789984688 -0.981481075
vn 0.179703563 0.00160003162 -0.983719468
vn 0.202291295 0.0114995055 -0.979257882
vn 0.179404646 0.00990025699 -0.983725488
vn -0.901871026 0.430486172 0.0361988395
vn -0.899830639 0.434014767 0.0440014973
vn -0.899830639 0.434014767 0.0440014973
vn -0.930459321 0.366084039 -0.015099341
vn 0.155901864 0.0777009204 0.984711766
vn 0.155901864 0.0777009204 0.984711766
vn 0.155901864 0.0777009204 0.984711766
vn 0.142603502 0.04570112 0.988724291
vn -0.977918684 -0.167703182 0.124702379
vn -0.971853733 -0.157708704 0.175009668
vn -0.972709656 -0.157801569 0.170101687
vn -0.968482375 -0.179396719 0.17279686
vn -0.324709415 -0.945227444 0.0333009697
vn -0.326389492 -0.944669545 0.0326989442
vn -0.326207608 -0.944721997 0.0330007672
vn -0.292695999 -0.953987002 0.0650991127
vn 0.196704417 -0.0963021591 -0.975721896
vn 0.187199593 -0.095199801 -0.977697909
vn 0.192403197 -0.0949015766 -0.97671628
vn 0.188495964 -0.122697376 -0.974379122
vn -0.897346914 0.370419353 0.23991254
vn -0.897346914 0.370419353 0.23991254
vn -0.897346914 0.370419353 0.23991254
vn -0.897575021 0.370589674 0.238793373
vn -0.00100003718 0.161105976 -0.986936629
vn -0.00029999172 0.16749537 -0.985872746
vn 0.00399981113 0.165192172 -0.986253321
vn 0.00339991623 0.141896501 -0.989875615
vn 0.0842020437 0.00700016972 -0.996424139
vn 0.0769982263 0.0103997607 -0.996976972
vn 0.0772001222 0.00530000776 -0.997001469
vn 0.0819981173 0.0104997586 -0.996577084
vn 0.0755999982 0.0166000016 -0.997000039
vn 0.204597607 0.792090714 0.575093269
vn 0.292997271 0.79059267 0.537694991
vn 0.0916996151 0.734396875 0.672497153
vn 0.199194819 0.793979347 0.574385047
vn -0.0260990411 -0.956764817 0.289689362
vn -0.0638014749 -0.959122181 0.275706381
vn -0.0633969977 -0.959154606 0.275686949
vn -0.0590997413 -0.966595769 0.249398917
vn -0.998600185 -0.0376000069 0.0372000076
vn -0.998194993 -0.0216998924 0.0559997223
vn -0.998113871 -0.0215002988 0.057500802
vn -0.998187244 -0.0227997098 0.0556992888
vn 0.616687775 -0.607787967 0.500290096
vn 0.627382517 -0.533885181 0.56688422
vn 0.658197045 -0.525397599 0.539197564
vn 0.616897523 -0.60789758 0.499897987
vn 0.992442906 0.122405291 -0.00860037189
vn 0.991703629 0.126900464 -0.0205000751
vn 0.989686787 0.139898121 -0.0307995882
vn 0.988389611 0.151198402 -0.0149998423
vn 0.0758968294 -0.0361984894 -0.996458352
vn 0.0785035789 -0.0271012336 -0.996545374
vn 0.0729975104 -0.0335988514 -0.996765971
vn 0.0727000162 -0.0361000113 -0.996700227
vn 0.0630979463 0.142595351 0.987767756
vn 0.0584973097 0.145993277 0.98755461
vn 0.0572008304 0.146102116 0.987614393
vn 0.0561021417 0.149705723 0.987137675
vn -0.250394464 0.824781775 0.506988823
vn -0.455893338 0.764588773 0.455593348
vn -0.423518449 0.761333227 0.490921408
vn -0.331107587 0.862319767 0.383108795
vn 0.482787073 0.0430988483 0.874676645
vn 0.483785689 0.0530984327 0.873574197
vn 0.480176449 0.0563972332 0.875357091
vn 0.482699931 0.0435999967 0.874699891
vn 0.339891374 -0.0128996745 -0.940376222
vn 0.338483423 -0.00589971105 -0.94095391
vn 0.338600129 -0.00750000263 -0.940900385
vn 0.343003452 -0.00680006947 -0.939309537
vn 0.303295732 0.952586591 -0.024299657
vn 0.310298473 0.949895322 -0.0375998132
vn 0.310508668 0.949826598 -0.0376010537
vn 0.303112626 0.952639699 -0.0245010201
vn 0.399315238 -0.018100692 0.916634977
vn 0.400611937 -0.0201005973 0.916027308
vn 0.402387768 -0.0189994238 0.915272236
vn 0.386712939 0.0324010812 0.9216308
vn -0.0487980284 0.950461626 0.306987613
vn -0.0483009256 0.952018261 0.302205771
vn -0.0571992472 0.96188736 0.26739648
vn -0.0516020618 0.950337887 0.306912243
vn 0.996962726 0.0461982712 -0.0626976639
vn 0.997385681 -0.0716989711 -0.00899987016
vn 0.981137633 0.0176006742 -0.192507371
vn 0.997074604 0.0406989641 -0.0646983534
vn -0.24098821 0.893856287 -0.37808153
vn -0.203793332 0.91007024 -0.360888213
vn -0.0778986663 0.942983866 -0.323594451
vn -0.237496167 0.895585656 -0.376193941
vn -0.12570408 -0.0164005328 -0.991932213
vn -0.10880176 -0.00970015675 -0.994016051
vn -0.108096249 -0.0121995769 -0.994065523
vn -0.107699975 -0.0128999976 -0.994099736
vn 0.593399525 -0.804299355 0.0312999748
vn 0.592624843 -0.80543375 0.00850035623
vn 0.592624843 -0.80543375 0.00850035623
vn 0.546512783 -0.836119473 0.0472011007
vn 0.0202995297 0.0152996453 -0.999676824
vn 0.0223994851 0.0119997254 -0.999677062
vn 0.0198990256 0.0100995041 -0.999751031
vn 0.0172006283 0.0152005553 -0.999736488
vn 0.0188007038 0.0131004909 -0.999737442
vn 0.0216005892 0.0167004559 -0.999627233
vn 0.0872966275 -0.0947963372 -0.991661668
vn 0.0749008879 0.0368004367 -0.996511757
vn 0.104795262 -0.0431980491 -0.993555129
vn 0.108203091 -0.0423012078 -0.993228376
vn 0.2720052 -0.337106407 0.90131712
vn 0.330588877 -0.472684115 0.816872537
vn 0.369901836 -0.388801962 0.84380424
vn 0.36560899 -0.25300622 0.895722032
vn 0.870484352 0.460791707 0.172996879
vn 0.858510137 0.490305781 0.150201768
vn 0.784146488 0.51333046 0.34872067
vn 0.825296223 0.487797797 0.284498692
vn 0.890006244 -0.428503007 0.155801103
vn 0.877978623 -0.45488891 0.14909637
vn 0.883486986 -0.420093805 0.207296968
vn 0.893688202 -0.411394566 0.179097638
vn -0.600266755 0.0661963299 0.797055781
vn -0.664277613 0.137795344 0.734675229
vn -0.448777288 0.0125993621 0.893554747
vn -0.477915943 -0.0176005866 0.87822926
vn 0.0602992512 0.0279996525 -0.997787595
vn 0.0646992475 0.032099627 -0.997388422
vn 0.063700065 0.0271000303 -0.997601092
vn 0.0638018399 0.0216006245 -0.997728765
vn -0.00449990807 0.917681277 0.397291899
vn -0.0582995862 0.925393403 0.374497324
vn -0.115099728 0.932697833 0.341799229
vn -0.0584978648 0.92546618 0.374286354
vn -0.992015243 0.0219003372 -0.124201909
vn -0.992251694 0.0144007504 -0.123406433
vn -0.993175685 0.0138996597 -0.115797162
vn -0.99119848 0.023399964 -0.130299807
vn 0.872380793 -0.372791797 0.316193044
vn 0.975114882 -0.049500756 0.216103315
vn 0.986423671 -0.073401764 0.146903515
vn 0.872712731 -0.373105466 0.3149046
vn -0.9968611 0.0744970962 0.0267989542
vn -0.996866882 0.0745975226 0.0262991264
vn -0.996902287 0.0718001649 0.032100074
vn -0.997183263 0.0704988167 0.0255995691
g MESH_VRKS_Ledge_A_Submesh0
f 1/1/1 2/2/2 3/3/3
f 4/4/4 5/5/5 6/6/6
f 7/7/7 8/8/8 9/9/9
f 10/10/10 11/11/11 12/12/12
f 13/13/13 14/14/14 15/15/15
f 16/16/16 17/17/17 18/18/18
f 19/19/19 20/20/20 21/21/21
f 22/22/22 23/23/23 24/24/24
f 25/25/25 26/26/26 27/27/27
f 28/28/28 29/29/29 30/30/30
f 31/31/31 32/32/32 33/33/33
f 34/34/34 35/35/35 36/36/36
f 37/37/37 38/38/38 39/39/39
f 40/40/40 41/41/41 42/42/42
f 43/43/43 44/44/44 45/45/45
f 46/46/46 47/47/47 48/48/48
f 49/49/49 50/50/50 51/51/51
f 52/52/52 53/53/53 54/54/54
f 55/55/55 56/56/56 57/57/57
f 58/58/58 59/59/59 60/60/60
f 61/61/61 62/62/62 63/63/63
f 64/64/64 65/65/65 66/66/66
f 67/67/67 68/68/68 69/69/69
f 70/70/70 71/71/71 72/72/72
f 73/73/73 74/74/74 75/75/75
f 76/76/76 77/77/77 78/78/78
f 79/79/79 80/80/80 81/81/81
f 82/82/82 83/83/83 84/84/84
f 85/85/85 86/86/86 87/87/87
f 85/85/85 88/88/88 89/89/89
f 90/90/90 85/85/85 91/91/91
f 90/90/90 91/91/91 92/92/92
f 93/93/93 94/94/94 95/95/95
f 96/96/96 97/97/97 98/98/98
f 99/99/99 100/100/100 101/101/101
f 102/102/102 103/103/103 104/104/104
f 105/105/105 106/106/106 107/107/107
f 108/108/108 109/109/109 110/110/110
f 111/111/111 112/112/112 113/113/113
f 114/114/114 115/115/115 116/116/116
f 117/117/117 118/118/118 119/119/119
f 120/120/120 121/121/121 122/122/122
f 123/123/123 124/124/124 125/125/125
f 126/126/126 127/127/127 128/128/128
f 129/129/129 130/130/130 131/131/131
f 132/132/132 133/133/133 134/134/134
f 135/135/135 136/136/136 137/137/137
f 138/138/138 139/139/139 140/140/140
f 141/141/141 142/142/142 143/143/143
f 144/144/144 145/145/145 146/146/146
f 147/147/147 148/148/148 149/149/149
f 150/150/150 151/151/151 152/152/152
f 153/153/153 154/154/154 155/155/155
f 156/156/156 157/157/157 158/158/158
f 159/159/159 160/160/160 161/161/161
f 162/162/162 163/163/163 164/164/164
f 165/165/165 166/166/166 167/167/167
f 168/168/168 169/169/169 170/170/170
f 171/171/171 172/172/172 173/173/173
f 174/174/174 175/175/175 176/176/176
f 177/177/177 178/178/178 179/179/179
f 180/180/180 181/181/181 182/182/182
f 183/183/183 184/184/184 185/185/185
f 186/186/186 187/187/187 188/188/188
f 189/189/189 190/190/190 191/191/191
f 192/192/192 193/193/193 194/194/194
f 195/195/195 196/196/196 197/197/197
f 198/198/198 199/199/199 200/200/200
f 201/201/201 202/202/202 203/203/203
f 204/204/204 205/205/205 206/206/206
f 207/207/207 208/208/208 209/209/209
f 210/210/210 211/211/211 212/212/212
f 213/213/213 214/214/214 215/215/215
f 216/216/216 217/217/217 218/218/218
f 219/219/219 220/220/220 221/221/221
f 222/222/222 223/223/223 224/224/224
f 225/225/225 226/226/226 227/227/227
f 228/228/228 229/229/229 230/230/230
f 231/231/231 232/232/232 233/233/233
f 231/231/231 234/234/234 235/235/235
f 236/236/236 237/237/237 238/238/238
f 239/239/239 240/240/240 241/241/241
f 242/242/242 243/243/243 244/244/244
f 245/245/245 246/246/246 247/247/247
f 248/248/248 249/249/249 250/250/250
f 251/251/251 249/249/249 252/252/252
f 253/253/253 254/254/254 255/255/255
f 256/256/256 257/257/257 258/258/258
f 259/259/259 260/260/260 261/261/261
f 262/262/262 263/263/263 264/264/264
f 265/265/265 266/266/266 267/267/267
f 268/268/268 269/269/269 270/270/270
f 271/271/271 272/272/272 273/273/273
f 274/274/274 275/275/275 276/276/276
f 277/277/277 278/278/278 279/279/279
f 280/280/280 281/281/281 282/282/282
f 283/283/283 284/284/284 285/285/285
f 283/283/283 286/286/286 287/287/287
f 288/288/288 289/289/289 290/290/290
f 291/291/291 292/292/292 293/293/293
f 294/294/294 295/295/295 296/296/296
f 297/297/297 298/298/298 299/299/299
f 300/300/300 301/301/301 302/302/302
f 303/303/303 304/304/304 305/305/305
f 306/306/306 307/307/307 308/308/308
f 309/309/309 310/310/310 311/311/311
f 312/312/312 313/313/313 314/314/314
f 315/315/315 316/316/316 317/317/317
f 318/318/318 319/319/319 320/320/320
f 321/321/321 322/322/322 323/323/323
f 324/324/324 325/325/325 326/326/326
f 324/324/324 327/327/327 328/328/328
f 329/329/329 330/330/330 331/331/331
f 332/332/332 333/333/333 334/334/334
f 335/335/335 336/336/336 337/337/337
f 338/338/338 339/339/339 340/340/340
f 341/341/341 342/342/342 343/343/343
f 344/344/344 345/345/345 346/346/346
f 347/347/347 348/348/348 349/349/349
f 350/350/350 351/351/351 352/352/352
f 353/353/353 354/354/354 355/355/355
f 356/356/356 357/357/357 358/358/358
f 359/359/359 360/360/360 361/361/361
f 362/362/362 363/363/363 364/364/364
f 365/365/365 366/366/366 367/367/367
f 368/368/368 369/369/369 370/370/370
f 371/371/371 372/372/372 373/373/373
f 374/374/374 375/375/375 376/376/376
f 377/377/377 378/378/378 379/379/379
f 380/380/380 381/381/381 382/382/382
f 383/383/383 384/384/384 385/385/385
f 386/386/386 387/387/387 388/388/388
f 389/389/389 390/390/390 391/391/391
f 392/392/392 393/393/393 394/394/394
f 395/395/395 396/396/396 397/397/397
f 398/398/398 399/399/399 400/400/400
f 401/401/401 402/402/402 403/403/403
f 404/404/404 405/405/405 406/406/406
f 407/407/407 408/408/408 409/409/409
f 410/410/410 411/411/411 412/412/412
f 413/413/413 414/414/414 415/415/415
f 416/416/416 417/417/417 418/418/418
f 419/419/419 420/420/420 421/421/421
f 422/422/422 423/423/423 424/424/424
f 425/425/425 426/426/426 427/427/427
f 428/428/428 429/429/429 430/430/430
f 431/431/431 432/432/432 433/433/433
f 434/434/434 435/435/435 436/436/436
f 437/437/437 438/438/438 439/439/439
f 440/440/440 441/441/441 442/442/442
f 443/443/443 444/444/444 445/445/445
f 446/446/446 447/447/447 448/448/448
f 449/449/449 450/450/450 451/451/451
f 452/452/452 453/453/453 454/454/454
f 455/455/455 456/456/456 457/457/457
f 458/458/458 459/459/459 460/460/460
f 461/461/461 462/462/462 463/463/463
f 464/464/464 465/465/465 466/466/466
f 467/467/467 468/468/468 469/469/469
f 470/470/470 471/471/471 472/472/472
f 473/473/473 474/474/474 475/475/475
f 476/476/476 477/477/477 478/478/478
f 479/479/479 480/480/480 481/481/481
f 482/482/482 483/483/483 484/484/484
f 485/485/485 486/486/486 487/487/487
f 488/488/488 489/489/489 490/490/490
f 491/491/491 492/492/492 493/493/493
f 494/494/494 495/495/495 496/496/496
f 497/497/497 498/498/498 499/499/499
f 500/500/500 501/501/501 502/502/502
f 503/503/503 504/504/504 505/505/505
f 506/506/506 507/507/507 508/508/508
f 509/509/509 510/510/510 511/511/511
f 512/512/512 513/513/513 514/514/514
f 515/515/515 516/516/516 517/517/517
f 518/518/518 519/519/519 520/520/520
f 521/521/521 522/522/522 523/523/523
f 524/524/524 525/525/525 526/526/526
f 527/527/527 528/528/528 529/529/529
f 530/530/530 531/531/531 532/532/532
f 533/533/533 534/534/534 535/535/535
f 536/536/536 537/537/537 538/538/538
f 539/539/539 540/540/540 541/541/541
f 542/542/542 543/543/543 544/544/544
f 545/545/545 546/546/546 547/547/547
f 548/548/548 549/549/549 550/550/550
f 551/551/551 552/552/552 553/553/553
f 554/554/554 555/555/555 556/556/556
f 557/557/557 558/558/558 559/559/559
f 560/560/560 561/561/561 562/562/562
f 563/563/563 564/564/564 565/565/565
f 566/566/566 567/567/567 568/568/568
f 569/569/569 570/570/570 571/571/571
f 572/572/572 573/573/573 574/574/574
f 575/575/575 576/576/576 577/577/577
f 578/578/578 579/579/579 580/580/580
f 581/581/581 582/582/582 583/583/583
f 584/584/584 585/585/585 586/586/586
f 587/587/587 588/588/588 589/589/589
f 590/590/590 591/591/591 592/592/592
f 593/593/593 594/594/594 595/595/595
f 596/596/596 597/597/597 598/598/598
f 599/599/599 600/600/600 601/601/601
f 602/602/602 603/603/603 604/604/604
f 605/605/605 606/606/606 607/607/607
f 608/608/608 609/609/609 610/610/610
f 611/611/611 612/612/612 613/613/613
f 614/614/614 615/615/615 616/616/616
f 617/617/617 618/618/618 619/619/619
f 620/620/620 619/619/619 621/621/621
f 622/622/622 623/623/623 624/624/624
f 625/625/625 626/626/626 627/627/627
f 628/628/628 629/629/629 630/630/630
f 631/631/631 632/632/632 633/633/633
f 634/634/634 635/635/635 636/636/636
f 637/637/637 638/638/638 639/639/639
f 640/640/640 641/641/641 642/642/642
f 643/643/643 644/644/644 645/645/645
f 646/646/646 647/647/647 648/648/648
f 649/649/649 650/650/650 651/651/651
f 652/652/652 653/653/653 654/654/654
f 655/655/655 656/656/656 657/657/657
f 658/658/658 659/659/659 660/660/660
f 661/661/661 662/662/662 663/663/663
f 663/663/663 664/664/664 665/665/665
f 666/666/666 667/667/667 668/668/668
f 669/669/669 670/670/670 671/671/671
f 672/672/672 673/673/673 674/674/674
f 675/675/675 676/676/676 677/677/677
f 678/678/678 679/679/679 680/680/680
f 681/681/681 682/682/682 683/683/683
f 684/684/684 685/685/685 686/686/686
f 687/687/687 688/688/688 689/689/689
f 690/690/690 691/691/691 692/692/692
f 693/693/693 694/694/694 695/695/695
f 696/696/696 697/697/697 698/698/698
f 699/699/699 700/700/700 701/701/701
f 702/702/702 703/703/703 704/704/704
f 705/705/705 706/706/706 707/707/707
f 708/708/708 709/709/709 710/710/710
f 711/711/711 712/712/712 713/713/713
f 714/714/714 715/715/715 716/716/716
f 717/717/717 718/718/718 719/719/719
f 720/720/720 721/721/721 722/722/722
f 723/723/723 724/724/724 725/725/725
f 726/726/726 727/727/727 728/728/728
f 729/729/729 730/730/730 731/731/731
f 732/732/732 733/733/733 734/734/734
f 732/732/732 735/735/735 736/736/736
f 737/737/737 738/738/738 739/739/739
f 740/740/740 741/741/741 742/742/742
f 743/743/743 744/744/744 745/745/745
f 746/746/746 747/747/747 748/748/748
f 749/749/749 750/750/750 751/751/751
f 752/752/752 753/753/753 754/754/754
f 755/755/755 756/756/756 757/757/757
f 758/758/758 759/759/759 760/760/760
f 761/761/761 762/762/762 763/763/763
f 764/764/764 765/765/765 766/766/766
f 767/767/767 768/768/768 769/769/769
f 770/770/770 771/771/771 772/772/772
f 773/773/773 774/774/774 775/775/775
f 776/776/776 777/777/777 778/778/778
f 779/779/779 780/780/780 781/781/781
f 782/782/782 783/783/783 784/784/784
f 785/785/785 786/786/786 787/787/787
f 788/788/788 789/789/789 790/790/790
f 791/791/791 792/792/792 793/793/793
f 794/794/794 795/795/795 796/796/796
f 797/797/797 798/798/798 799/799/799
f 800/800/800 801/801/801 802/802/802
f 803/803/803 804/804/804 805/805/805
f 806/806/806 807/807/807 808/808/808
f 809/809/809 810/810/810 811/811/811
f 812/812/812 813/813/813 814/814/814
f 815/815/815 816/816/816 817/817/817
f 818/818/818 819/819/819 820/820/820
f 821/821/821 822/822/822 823/823/823
f 824/824/824 825/825/825 826/826/826
f 827/827/827 828/828/828 829/829/829
f 830/830/830 831/831/831 832/832/832
f 833/833/833 834/834/834 835/835/835
f 836/836/836 837/837/837 838/838/838
f 839/839/839 840/840/840 841/841/841
f 842/842/842 843/843/843 844/844/844
f 845/845/845 846/846/846 847/847/847
f 848/848/848 849/849/849 850/850/850
f 851/851/851 852/852/852 853/853/853
f 854/854/854 855/855/855 856/856/856
f 857/857/857 858/858/858 859/859/859
f 860/860/860 861/861/861 862/862/862
f 863/863/863 864/864/864 865/865/865
f 866/866/866 867/867/867 868/868/868
f 869/869/869 870/870/870 871/871/871
f 872/872/872 873/873/873 874/874/874
f 875/875/875 876/876/876 877/877/877
f 878/878/878 879/879/879 880/880/880
f 881/881/881 882/882/882 883/883/883
f 884/884/884 885/885/885 886/886/886
f 887/887/887 888/888/888 889/889/889
f 890/890/890 891/891/891 892/892/892
f 893/893/893 894/894/894 895/895/895
f 896/896/896 897/897/897 898/898/898
f 899/899/899 900/900/900 901/901/901
f 902/902/902 903/903/903 904/904/904
f 905/905/905 906/906/906 907/907/907
f 908/908/908 909/909/909 910/910/910
f 911/911/911 912/912/912 913/913/913
f 914/914/914 915/915/915 916/916/916
f 917/917/917 918/918/918 919/919/919
f 920/920/920 921/921/921 922/922/922
f 923/923/923 924/924/924 925/925/925
f 926/926/926 927/927/927 928/928/928
f 929/929/929 930/930/930 931/931/931
f 932/932/932 933/933/933 934/934/934
f 935/935/935 936/936/936 937/937/937
f 938/938/938 939/939/939 940/940/940
f 941/941/941 942/942/942 943/943/943
f 944/944/944 945/945/945 946/946/946
f 947/947/947 948/948/948 949/949/949
f 950/950/950 951/951/951 952/952/952
f 953/953/953 954/954/954 955/955/955
f 956/956/956 957/957/957 958/958/958
f 959/959/959 960/960/960 961/961/961
f 962/962/962 963/963/963 964/964/964
f 965/965/965 966/966/966 967/967/967
f 968/968/968 969/969/969 970/970/970
f 971/971/971 972/972/972 973/973/973
f 974/974/974 975/975/975 976/976/976
f 977/977/977 978/978/978 979/979/979
f 980/980/980 981/981/981 982/982/982
f 983/983/983 984/984/984 985/985/985
f 986/986/986 987/987/987 988/988/988
f 989/989/989 990/990/990 991/991/991
f 992/992/992 993/993/993 994/994/994
f 995/995/995 996/996/996 997/997/997
f 998/998/998 999/999/999 1000/1000/1000
f 1001/1001/1001 1002/1002/1002 1003/1003/1003
f 1004/1004/1004 1005/1005/1005 1006/1006/1006
f 1007/1007/1007 1008/1008/1008 1009/1009/1009
f 1010/1010/1010 1011/1011/1011 1012/1012/1012
f 1013/1013/1013 1014/1014/1014 1015/1015/1015
f 1016/1016/1016 1017/1017/1017 1018/1018/1018
f 1019/1019/1019 1020/1020/1020 1021/1021/1021
f 1022/1022/1022 1023/1023/1023 1024/1024/1024
f 1025/1025/1025 1026/1026/1026 1027/1027/1027
f 1028/1028/1028 1029/1029/1029 1030/1030/1030
f 1031/1031/1031 1032/1032/1032 1033/1033/1033
f 1034/1034/1034 1035/1035/1035 1036/1036/1036
f 1037/1037/1037 1038/1038/1038 1039/1039/1039
f 1040/1040/1040 1041/1041/1041 1042/1042/1042
f 1043/1043/1043 1044/1044/1044 1045/1045/1045
f 1046/1046/1046 1047/1047/1047 1048/1048/1048
f 1049/1049/1049 1050/1050/1050 1051/1051/1051
f 1052/1052/1052 1053/1053/1053 1054/1054/1054
f 1055/1055/1055 1054/1054/1054 1056/1056/1056
f 1057/1057/1057 1058/1058/1058 1059/1059/1059
f 1060/1060/1060 1061/1061/1061 1062/1062/1062
f 1063/1063/1063 1064/1064/1064 1065/1065/1065
f 1066/1066/1066 1067/1067/1067 1068/1068/1068
f 1069/1069/1069 1070/1070/1070 1071/1071/1071
f 1072/1072/1072 1073/1073/1073 1074/1074/1074
f 1075/1075/1075 1076/1076/1076 1077/1077/1077
f 1078/1078/1078 1079/1079/1079 1080/1080/1080
f 1081/1081/1081 1082/1082/1082 1083/1083/1083
f 1084/1084/1084 1085/1085/1085 1086/1086/1086
f 1086/1086/1086 1087/1087/1087 1088/1088/1088
f 1089/1089/1089 1090/1090/1090 1091/1091/1091
f 1092/1092/1092 1093/1093/1093 1094/1094/1094
f 1095/1095/1095 1096/1096/1096 1097/1097/1097
f 1098/1098/1098 1099/1099/1099 1100/1100/1100
f 1101/1101/1101 1102/1102/1102 1103/1103/1103
f 1104/1104/1104 1105/1105/1105 1106/1106/1106
f 1107/1107/1107 1108/1108/1108 1109/1109/1109
f 1110/1110/1110 1111/1111/1111 1112/1112/1112
f 1113/1113/1113 1114/1114/1114 1115/1115/1115
f 1116/1116/1116 1117/1117/1117 1115/1115/1115
f 1118/1118/1118 1119/1119/1119 1120/1120/1120
f 1121/1121/1121 1122/1122/1122 1123/1123/1123
f 1124/1124/1124 1125/1125/1125 1126/1126/1126
f 1127/1127/1127 1128/1128/1128 1129/1129/1129
f 1130/1130/1130 1131/1131/1131 1132/1132/1132
f 1133/1133/1133 1134/1134/1134 1135/1135/1135
f 1136/1136/1136 1137/1137/1137 1138/1138/1138
f 1139/1139/1139 1140/1140/1140 1141/1141/1141
f 1142/1142/1142 1143/1143/1143 1144/1144/1144
f 1145/1145/1145 1146/1146/1146 1147/1147/1147
f 1148/1148/1148 1149/1149/1149 1150/1150/1150
f 1151/1151/1151 1152/1152/1152 1153/1153/1153
f 1154/1154/1154 1155/1155/1155 1156/1156/1156
f 1157/1157/1157 1158/1158/1158 1159/1159/1159
f 1160/1160/1160 1161/1161/1161 1162/1162/1162
f 1163/1163/1163 1164/1164/1164 1165/1165/1165
f 1166/1166/1166 1167/1167/1167 1168/1168/1168
f 1169/1169/1169 1170/1170/1170 1171/1171/1171
f 1172/1172/1172 1173/1173/1173 1174/1174/1174
f 1175/1175/1175 1176/1176/1176 1177/1177/1177
f 1178/1178/1178 1179/1179/1179 1180/1180/1180
f 1181/1181/1181 1182/1182/1182 1183/1183/1183
f 1184/1184/1184 1185/1185/1185 1186/1186/1186
f 1187/1187/1187 1188/1188/1188 1189/1189/1189
f 1190/1190/1190 1191/1191/1191 1192/1192/1192
f 1193/1193/1193 1194/1194/1194 1195/1195/1195
f 1196/1196/1196 1197/1197/1197 1198/1198/1198
f 1199/1199/1199 1200/1200/1200 1201/1201/1201
f 1202/1202/1202 1203/1203/1203 1204/1204/1204
f 1205/1205/1205 1206/1206/1206 1207/1207/1207
f 1208/1208/1208 1209/1209/1209 1210/1210/1210
f 1211/1211/1211 1212/1212/1212 1213/1213/1213
f 1214/1214/1214 1215/1215/1215 1216/1216/1216
f 1217/1217/1217 1218/1218/1218 1219/1219/1219
f 1220/1220/1220 1221/1221/1221 1222/1222/1222
f 1223/1223/1223 1224/1224/1224 1225/1225/1225
f 1226/1226/1226 1227/1227/1227 1228/1228/1228
f 1229/1229/1229 1230/1230/1230 1231/1231/1231
f 1232/1232/1232 1233/1233/1233 1234/1234/1234
f 1235/1235/1235 1236/1236/1236 1237/1237/1237
f 1238/1238/1238 1239/1239/1239 1240/1240/1240
f 1241/1241/1241 1242/1242/1242 1243/1243/1243
f 1244/1244/1244 1245/1245/1245 1246/1246/1246
f 1247/1247/1247 1248/1248/1248 1249/1249/1249
f 1250/1250/1250 1251/1251/1251 1252/1252/1252
f 1253/1253/1253 1254/1254/1254 1255/1255/1255
f 1256/1256/1256 1257/1257/1257 1258/1258/1258
f 1259/1259/1259 1260/1260/1260 1261/1261/1261
f 1262/1262/1262 1263/1263/1263 1264/1264/1264
f 1265/1265/1265 1266/1266/1266 1267/1267/1267
f 1268/1268/1268 1269/1269/1269 1270/1270/1270
f 1271/1271/1271 1272/1272/1272 1273/1273/1273
f 1274/1274/1274 1275/1275/1275 1276/1276/1276
f 1277/1277/1277 1278/1278/1278 1279/1279/1279
f 1280/1280/1280 1281/1281/1281 1282/1282/1282
f 1283/1283/1283 1284/1284/1284 1285/1285/1285
f 1286/1286/1286 1287/1287/1287 1288/1288/1288
f 1289/1289/1289 1290/1290/1290 1291/1291/1291
f 1292/1292/1292 1293/1293/1293 1294/1294/1294
f 1295/1295/1295 1296/1296/1296 1297/1297/1297
f 1298/1298/1298 1299/1299/1299 1300/1300/1300
f 1301/1301/1301 1302/1302/1302 1303/1303/1303
f 1304/1304/1304 1305/1305/1305 1306/1306/1306
f 1307/1307/1307 1308/1308/1308 1309/1309/1309
f 1310/1310/1310 1311/1311/1311 1312/1312/1312
f 1313/1313/1313 1314/1314/1314 1315/1315/1315
f 1316/1316/1316 1317/1317/1317 1318/1318/1318
f 1319/1319/1319 1320/1320/1320 1321/1321/1321
f 1322/1322/1322 1323/1323/1323 1324/1324/1324
f 1325/1325/1325 1326/1326/1326 1327/1327/1327
f 1328/1328/1328 1329/1329/1329 1330/1330/1330
f 1331/1331/1331 1332/1332/1332 1333/1333/1333
f 1334/1334/1334 1335/1335/1335 1336/1336/1336
f 1337/1337/1337 1338/1338/1338 1339/1339/1339
f 1340/1340/1340 1341/1341/1341 1342/1342/1342
f 1343/1343/1343 1344/1344/1344 1345/1345/1345
f 1346/1346/1346 1347/1347/1347 1348/1348/1348
f 1349/1349/1349 1350/1350/1350 1351/1351/1351
f 1352/1352/1352 1353/1353/1353 1354/1354/1354
f 1355/1355/1355 1356/1356/1356 1357/1357/1357
f 1358/1358/1358 1359/1359/1359 1360/1360/1360
f 1361/1361/1361 1362/1362/1362 1363/1363/1363
f 1364/1364/1364 1365/1365/1365 1366/1366/1366
f 1367/1367/1367 1368/1368/1368 1369/1369/1369
f 1370/1370/1370 1371/1371/1371 1372/1372/1372
f 1373/1373/1373 1374/1374/1374 1375/1375/1375
f 1376/1376/1376 1377/1377/1377 1378/1378/1378
f 1379/1379/1379 1380/1380/1380 1381/1381/1381
f 1382/1382/1382 1383/1383/1383 1384/1384/1384
f 1385/1385/1385 1386/1386/1386 1387/1387/1387
f 1388/1388/1388 1389/1389/1389 1390/1390/1390
f 1391/1391/1391 1392/1392/1392 1393/1393/1393
f 1394/1394/1394 1395/1395/1395 1396/1396/1396
f 1397/1397/1397 1398/1398/1398 1399/1399/1399
f 1400/1400/1400 1401/1401/1401 1402/1402/1402
f 1403/1403/1403 1404/1404/1404 1405/1405/1405
f 1406/1406/1406 1407/1407/1407 1408/1408/1408
f 1409/1409/1409 1410/1410/1410 1411/1411/1411
f 1412/1412/1412 1413/1413/1413 1414/1414/1414
f 1415/1415/1415 1416/1416/1416 1417/1417/1417
f 1418/1418/1418 1419/1419/1419 1420/1420/1420
f 1421/1421/1421 1422/1422/1422 1423/1423/1423
f 1424/1424/1424 1425/1425/1425 1426/1426/1426
f 1427/1427/1427 1428/1428/1428 1429/1429/1429
f 1429/1429/1429 1430/1430/1430 1431/1431/1431
f 1432/1432/1432 1433/1433/1433 1434/1434/1434
f 1435/1435/1435 1436/1436/1436 1437/1437/1437
f 1438/1438/1438 1439/1439/1439 1440/1440/1440
f 1441/1441/1441 1442/1442/1442 1443/1443/1443
f 1444/1444/1444 1445/1445/1445 1446/1446/1446
f 1447/1447/1447 1448/1448/1448 1449/1449/1449
f 1450/1450/1450 1451/1451/1451 1452/1452/1452
f 1453/1453/1453 1454/1454/1454 1455/1455/1455
f 1456/1456/1456 1457/1457/1457 1458/1458/1458
f 1459/1459/1459 1460/1460/1460 1461/1461/1461
f 1462/1462/1462 1463/1463/1463 1464/1464/1464
f 1465/1465/1465 1466/1466/1466 1467/1467/1467
f 1468/1468/1468 1469/1469/1469 1470/1470/1470
f 1471/1471/1471 1472/1472/1472 1473/1473/1473
f 1474/1474/1474 1475/1475/1475 1476/1476/1476
f 1477/1477/1477 1478/1478/1478 1479/1479/1479
f 1480/1480/1480 1481/1481/1481 1482/1482/1482
f 1483/1483/1483 1484/1484/1484 1485/1485/1485
f 1486/1486/1486 1487/1487/1487 1488/1488/1488
f 1489/1489/1489 1490/1490/1490 1491/1491/1491
f 1492/1492/1492 1493/1493/1493 1494/1494/1494
f 1495/1495/1495 1496/1496/1496 1497/1497/1497
f 1498/1498/1498 1499/1499/1499 1500/1500/1500
f 1501/1501/1501 1502/1502/1502 1503/1503/1503
f 1504/1504/1504 1505/1505/1505 1506/1506/1506
f 1507/1507/1507 1508/1508/1508 1509/1509/1509
f 1510/1510/1510 1511/1511/1511 1512/1512/1512
f 1513/1513/1513 1514/1514/1514 1515/1515/1515
f 1516/1516/1516 1517/1517/1517 1518/1518/1518
f 1519/1519/1519 1520/1520/1520 1521/1521/1521
f 1522/1522/1522 1523/1523/1523 1524/1524/1524
f 1525/1525/1525 1526/1526/1526 1527/1527/1527
f 1528/1528/1528 1529/1529/1529 1530/1530/1530
f 1531/1531/1531 1532/1532/1532 1533/1533/1533
f 1534/1534/1534 1535/1535/1535 1536/1536/1536
f 1537/1537/1537 1538/1538/1538 1539/1539/1539
f 1540/1540/1540 1541/1541/1541 1542/1542/1542
f 1543/1543/1543 1544/1544/1544 1545/1545/1545
f 1546/1546/1546 1547/1547/1547 1548/1548/1548
f 1549/1549/1549 1550/1550/1550 1551/1551/1551
f 1552/1552/1552 1553/1553/1553 1554/1554/1554
f 1555/1555/1555 1556/1556/1556 1557/1557/1557
f 1558/1558/1558 1559/1559/1559 1560/1560/1560
f 1561/1561/1561 1562/1562/1562 1563/1563/1563
f 1564/1564/1564 1565/1565/1565 1566/1566/1566
f 1567/1567/1567 1568/1568/1568 1569/1569/1569
f 1570/1570/1570 1571/1571/1571 1572/1572/1572
f 1573/1573/1573 1574/1574/1574 1575/1575/1575
f 1576/1576/1576 1577/1577/1577 1578/1578/1578
f 1579/1579/1579 1580/1580/1580 1581/1581/1581
f 1582/1582/1582 1583/1583/1583 1584/1584/1584
f 1582/1582/1582 1585/1585/1585 1586/1586/1586
f 1587/1587/1587 1588/1588/1588 1589/1589/1589
f 1590/1590/1590 1591/1591/1591 1592/1592/1592
f 1593/1593/1593 1594/1594/1594 1595/1595/1595
f 1596/1596/1596 1597/1597/1597 1598/1598/1598
f 1599/1599/1599 1600/1600/1600 1601/1601/1601
f 1602/1602/1602 1603/1603/1603 1604/1604/1604
f 1605/1605/1605 1606/1606/1606 1607/1607/1607
f 1608/1608/1608 1609/1609/1609 1610/1610/1610
f 1611/1611/1611 1612/1612/1612 1613/1613/1613
f 1614/1614/1614 1615/1615/1615 1616/1616/1616
f 1617/1617/1617 1618/1618/1618 1619/1619/1619
f 1620/1620/1620 1621/1621/1621 1622/1622/1622
f 1623/1623/1623 1624/1624/1624 1625/1625/1625
f 1626/1626/1626 1627/1627/1627 1628/1628/1628
f 1629/1629/1629 1630/1630/1630 1631/1631/1631
f 1632/1632/1632 1629/1629/1629 1633/1633/1633
f 1634/1634/1634 1635/1635/1635 1636/1636/1636
f 1637/1637/1637 1638/1638/1638 1639/1639/1639
f 1640/1640/1640 1641/1641/1641 1642/1642/1642
f 1643/1643/1643 1644/1644/1644 1645/1645/1645
f 1646/1646/1646 1647/1647/1647 1648/1648/1648
f 1649/1649/1649 1650/1650/1650 1651/1651/1651
f 1652/1652/1652 1653/1653/1653 1654/1654/1654
f 1655/1655/1655 1656/1656/1656 1657/1657/1657
f 1658/1658/1658 1659/1659/1659 1660/1660/1660
f 1661/1661/1661 1662/1662/1662 1663/1663/1663
f 1664/1664/1664 1665/1665/1665 1666/1666/1666
f 1667/1667/1667 1668/1668/1668 1669/1669/1669
f 1670/1670/1670 1671/1671/1671 1672/1672/1672
f 1673/1673/1673 1674/1674/1674 1675/1675/1675
f 1676/1676/1676 1677/1677/1677 1678/1678/1678
f 1679/1679/1679 1680/1680/1680 1681/1681/1681
f 1682/1682/1682 1683/1683/1683 1684/1684/1684
f 1685/1685/1685 1686/1686/1686 1687/1687/1687
f 1688/1688/1688 1689/1689/1689 1690/1690/1690
f 1691/1691/1691 1692/1692/1692 1693/1693/1693
f 1694/1694/1694 1695/1695/1695 1696/1696/1696
f 1697/1697/1697 1698/1698/1698 1699/1699/1699
f 1700/1700/1700 1701/1701/1701 1702/1702/1702
f 1703/1703/1703 1704/1704/1704 1705/1705/1705
f 1706/1706/1706 1707/1707/1707 1708/1708/1708
f 1709/1709/1709 1710/1710/1710 1711/1711/1711
f 1712/1712/1712 1713/1713/1713 1714/1714/1714
f 1715/1715/1715 1716/1716/1716 1717/1717/1717
f 1718/1718/1718 1719/1719/1719 1720/1720/1720
f 1721/1721/1721 1722/1722/1722 1723/1723/1723
f 1724/1724/1724 1725/1725/1725 1726/1726/1726
f 1727/1727/1727 1728/1728/1728 1729/1729/1729
f 1730/1730/1730 1731/1731/1731 1732/1732/1732
f 1733/1733/1733 1734/1734/1734 1735/1735/1735
f 1736/1736/1736 1737/1737/1737 1738/1738/1738
f 1739/1739/1739 1740/1740/1740 1741/1741/1741
f 1742/1742/1742 1743/1743/1743 1744/1744/1744
f 1745/1745/1745 1746/1746/1746 1747/1747/1747
f 1748/1748/1748 1749/1749/1749 1750/1750/1750
f 1751/1751/1751 1752/1752/1752 1753/1753/1753
f 1754/1754/1754 1755/1755/1755 1756/1756/1756
f 1757/1757/1757 1758/1758/1758 1759/1759/1759
f 1760/1760/1760 1761/1761/1761 1762/1762/1762
f 1763/1763/1763 1764/1764/1764 1765/1765/1765
f 1766/1766/1766 1767/1767/1767 1768/1768/1768
f 1769/1769/1769 1770/1770/1770 1771/1771/1771
f 1772/1772/1772 1773/1773/1773 1774/1774/1774
f 1775/1775/1775 1776/1776/1776 1777/1777/1777
f 1778/1778/1778 1779/1779/1779 1780/1780/1780
f 1781/1781/1781 1782/1782/1782 1783/1783/1783
f 1784/1784/1784 1785/1785/1785 1786/1786/1786
f 1787/1787/1787 1788/1788/1788 1789/1789/1789
f 1790/1790/1790 1791/1791/1791 1792/1792/1792
f 1793/1793/1793 1794/1794/1794 1795/1795/1795
f 1796/1796/1796 1797/1797/1797 1798/1798/1798
f 1799/1799/1799 1800/1800/1800 1801/1801/1801
f 1802/1802/1802 1803/1803/1803 1804/1804/1804
f 1805/1805/1805 1806/1806/1806 1807/1807/1807
f 1808/1808/1808 1809/1809/1809 1810/1810/1810
f 1811/1811/1811 1812/1812/1812 1813/1813/1813
f 1814/1814/1814 1815/1815/1815 1816/1816/1816
f 1817/1817/1817 1818/1818/1818 1819/1819/1819
f 1820/1820/1820 1821/1821/1821 1822/1822/1822
f 1823/1823/1823 1824/1824/1824 1825/1825/1825
f 1826/1826/1826 1827/1827/1827 1828/1828/1828
f 1829/1829/1829 1830/1830/1830 1831/1831/1831
f 1832/1832/1832 1833/1833/1833 1834/1834/1834
f 1835/1835/1835 1836/1836/1836 1837/1837/1837
f 1838/1838/1838 1839/1839/1839 1840/1840/1840
f 1841/1841/1841 1842/1842/1842 1843/1843/1843
f 1844/1844/1844 1845/1845/1845 1846/1846/1846
f 1847/1847/1847 1848/1848/1848 1849/1849/1849
f 1850/1850/1850 1851/1851/1851 1852/1852/1852
f 1853/1853/1853 1854/1854/1854 1855/1855/1855
f 1853/1853/1853 1856/1856/1856 1857/1857/1857
f 1858/1858/1858 1859/1859/1859 1860/1860/1860
f 1861/1861/1861 1862/1862/1862 1863/1863/1863
f 1864/1864/1864 1865/1865/1865 1866/1866/1866
f 1867/1867/1867 1868/1868/1868 1869/1869/1869
f 1870/1870/1870 1871/1871/1871 1872/1872/1872
f 1873/1873/1873 1874/1874/1874 1875/1875/1875
f 1876/1876/1876 1877/1877/1877 1878/1878/1878
f 1879/1879/1879 1880/1880/1880 1881/1881/1881
f 1882/1882/1882 1883/1883/1883 1884/1884/1884
f 1883/1883/1883 1885/1885/1885 1886/1886/1886
f 1887/1887/1887 1888/1888/1888 1889/1889/1889
f 1890/1890/1890 1891/1891/1891 1892/1892/1892
f 1893/1893/1893 1894/1894/1894 1895/1895/1895
f 1896/1896/1896 1897/1897/1897 1898/1898/1898
f 1899/1899/1899 1900/1900/1900 1901/1901/1901
f 1902/1902/1902 1903/1903/1903 1904/1904/1904
f 1905/1905/1905 1906/1906/1906 1907/1907/1907
f 1908/1908/1908 1909/1909/1909 1910/1910/1910
f 1911/1911/1911 1912/1912/1912 1913/1913/1913
f 1914/1914/1914 1915/1915/1915 1916/1916/1916
f 1917/1917/1917 1918/1918/1918 1919/1919/1919
f 1920/1920/1920 1921/1921/1921 1922/1922/1922
f 1923/1923/1923 1924/1924/1924 1925/1925/1925
f 1926/1926/1926 1927/1927/1927 1928/1928/1928
f 1929/1929/1929 1930/1930/1930 1931/1931/1931
f 1932/1932/1932 1933/1933/1933 1934/1934/1934
f 1935/1935/1935 1936/1936/1936 1937/1937/1937
f 1938/1938/1938 1939/1939/1939 1940/1940/1940
f 1941/1941/1941 1942/1942/1942 1943/1943/1943
f 1944/1944/1944 1945/1945/1945 1946/1946/1946
f 1947/1947/1947 1948/1948/1948 1949/1949/1949
f 1950/1950/1950 1951/1951/1951 1952/1952/1952
f 1953/1953/1953 1954/1954/1954 1955/1955/1955
f 1956/1956/1956 1957/1957/1957 1958/1958/1958
f 1959/1959/1959 1960/1960/1960 1961/1961/1961
f 1962/1962/1962 1963/1963/1963 1964/1964/1964
f 1965/1965/1965 1966/1966/1966 1967/1967/1967
f 1968/1968/1968 1969/1969/1969 1970/1970/1970
f 1971/1971/1971 1972/1972/1972 1973/1973/1973
f 1974/1974/1974 1975/1975/1975 1976/1976/1976
f 1977/1977/1977 1978/1978/1978 1979/1979/1979
f 1980/1980/1980 1981/1981/1981 1982/1982/1982
f 1983/1983/1983 1984/1984/1984 1985/1985/1985
f 1986/1986/1986 1987/1987/1987 1988/1988/1988
f 1989/1989/1989 1990/1990/1990 1991/1991/1991
f 1992/1992/1992 1993/1993/1993 1994/1994/1994
f 1995/1995/1995 1996/1996/1996 1997/1997/1997
f 1998/1998/1998 1999/1999/1999 2000/2000/2000
f 2001/2001/2001 2002/2002/2002 2003/2003/2003
f 2004/2004/2004 2005/2005/2005 2006/2006/2006
f 2007/2007/2007 2008/2008/2008 2009/2009/2009
f 2010/2010/2010 2011/2011/2011 2012/2012/2012
f 2013/2013/2013 2014/2014/2014 2015/2015/2015
f 2016/2016/2016 2017/2017/2017 2018/2018/2018
f 2019/2019/2019 2020/2020/2020 2021/2021/2021
f 2021/2021/2021 2022/2022/2022 2023/2023/2023
f 2024/2024/2024 2025/2025/2025 2026/2026/2026
f 2027/2027/2027 2028/2028/2028 2029/2029/2029
f 2030/2030/2030 2031/2031/2031 2032/2032/2032
f 2033/2033/2033 2034/2034/2034 2035/2035/2035
f 2036/2036/2036 2037/2037/2037 2038/2038/2038
f 2039/2039/2039 2040/2040/2040 2041/2041/2041
f 2042/2042/2042 2043/2043/2043 2044/2044/2044
f 2045/2045/2045 2046/2046/2046 2047/2047/2047
f 2048/2048/2048 2049/2049/2049 2050/2050/2050
f 2051/2051/2051 2052/2052/2052 2053/2053/2053
f 2054/2054/2054 2055/2055/2055 2056/2056/2056
f 2057/2057/2057 2058/2058/2058 2059/2059/2059
f 2060/2060/2060 2061/2061/2061 2062/2062/2062
f 2063/2063/2063 2064/2064/2064 2065/2065/2065
f 2066/2066/2066 2067/2067/2067 2068/2068/2068
f 2069/2069/2069 2070/2070/2070 2071/2071/2071
f 2072/2072/2072 2073/2073/2073 2074/2074/2074
f 2075/2075/2075 2076/2076/2076 2077/2077/2077
f 2078/2078/2078 2079/2079/2079 2080/2080/2080
f 2081/2081/2081 2082/2082/2082 2083/2083/2083
f 2084/2084/2084 2085/2085/2085 2086/2086/2086
f 2087/2087/2087 2088/2088/2088 2089/2089/2089
f 2090/2090/2090 2091/2091/2091 2092/2092/2092
f 2093/2093/2093 2094/2094/2094 2095/2095/2095
f 2096/2096/2096 2097/2097/2097 2098/2098/2098
f 2099/2099/2099 2100/2100/2100 2101/2101/2101
f 2102/2102/2102 2103/2103/2103 2104/2104/2104
f 2105/2105/2105 2102/2102/2102 2106/2106/2106
f 2107/2107/2107 2108/2108/2108 2109/2109/2109
f 2110/2110/2110 2111/2111/2111 2112/2112/2112
f 2113/2113/2113 2114/2114/2114 2115/2115/2115
f 2116/2116/2116 2117/2117/2117 2118/2118/2118
f 2119/2119/2119 2120/2120/2120 2121/2121/2121
f 2122/2122/2122 2123/2123/2123 2124/2124/2124
f 2125/2125/2125 2126/2126/2126 2127/2127/2127
f 2128/2128/2128 2129/2129/2129 2130/2130/2130
f 2131/2131/2131 2132/2132/2132 2133/2133/2133
f 2134/2134/2134 2135/2135/2135 2136/2136/2136
f 2137/2137/2137 2138/2138/2138 2139/2139/2139
f 2140/2140/2140 2141/2141/2141 2142/2142/2142
f 2143/2143/2143 2144/2144/2144 2145/2145/2145
f 2146/2146/2146 2147/2147/2147 2148/2148/2148
f 2149/2149/2149 2150/2150/2150 2151/2151/2151
f 2152/2152/2152 2153/2153/2153 2154/2154/2154
f 2155/2155/2155 2156/2156/2156 2157/2157/2157
f 2158/2158/2158 2159/2159/2159 2160/2160/2160
f 2161/2161/2161 2162/2162/2162 2163/2163/2163
f 2164/2164/2164 2165/2165/2165 2166/2166/2166
f 2167/2167/2167 2168/2168/2168 2169/2169/2169
f 2170/2170/2170 2171/2171/2171 2172/2172/2172
f 2173/2173/2173 2174/2174/2174 2175/2175/2175
f 2176/2176/2176 2177/2177/2177 2178/2178/2178
f 2179/2179/2179 2180/2180/2180 2181/2181/2181
f 2182/2182/2182 2183/2183/2183 2184/2184/2184
f 2185/2185/2185 2186/2186/2186 2187/2187/2187
f 2188/2188/2188 2189/2189/2189 2190/2190/2190
f 2191/2191/2191 2192/2192/2192 2193/2193/2193
f 2194/2194/2194 2195/2195/2195 2196/2196/2196
f 2197/2197/2197 2198/2198/2198 2199/2199/2199
f 2200/2200/2200 2201/2201/2201 2202/2202/2202
f 2203/2203/2203 2204/2204/2204 2205/2205/2205
f 2206/2206/2206 2207/2207/2207 2208/2208/2208
f 2209/2209/2209 2210/2210/2210 2211/2211/2211
f 2212/2212/2212 2213/2213/2213 2214/2214/2214
f 2215/2215/2215 2216/2216/2216 2217/2217/2217
f 2218/2218/2218 2219/2219/2219 2220/2220/2220
f 2221/2221/2221 2222/2222/2222 2223/2223/2223
f 2224/2224/2224 2225/2225/2225 2226/2226/2226
f 2227/2227/2227 2228/2228/2228 2229/2229/2229
f 2230/2230/2230 2231/2231/2231 2232/2232/2232
f 2233/2233/2233 2234/2234/2234 2235/2235/2235
f 2236/2236/2236 2237/2237/2237 2238/2238/2238
f 2239/2239/2239 2240/2240/2240 2241/2241/2241
f 2242/2242/2242 2243/2243/2243 2244/2244/2244
f 2245/2245/2245 2246/2246/2246 2247/2247/2247
f 2248/2248/2248 2249/2249/2249 2250/2250/2250
f 2251/2251/2251 2252/2252/2252 2253/2253/2253
f 2254/2254/2254 2255/2255/2255 2256/2256/2256
f 2257/2257/2257 2258/2258/2258 2259/2259/2259
f 2260/2260/2260 2261/2261/2261 2262/2262/2262
f 2263/2263/2263 2264/2264/2264 2265/2265/2265
f 2266/2266/2266 2267/2267/2267 2268/2268/2268
f 2269/2269/2269 2270/2270/2270 2271/2271/2271
f 2272/2272/2272 2273/2273/2273 2274/2274/2274
f 2275/2275/2275 2276/2276/2276 2277/2277/2277
f 2278/2278/2278 2279/2279/2279 2280/2280/2280
f 2281/2281/2281 2282/2282/2282 2283/2283/2283
f 2284/2284/2284 2285/2285/2285 2286/2286/2286
f 2287/2287/2287 2288/2288/2288 2289/2289/2289
f 2290/2290/2290 2291/2291/2291 2292/2292/2292
f 2293/2293/2293 2294/2294/2294 2295/2295/2295
f 2296/2296/2296 2297/2297/2297 2298/2298/2298
f 2299/2299/2299 2300/2300/2300 2301/2301/2301
f 2302/2302/2302 2303/2303/2303 2304/2304/2304
f 2305/2305/2305 2306/2306/2306 2307/2307/2307
f 2308/2308/2308 2309/2309/2309 2310/2310/2310
f 2311/2311/2311 2312/2312/2312 2313/2313/2313
f 2314/2314/2314 2315/2315/2315 2316/2316/2316
f 2317/2317/2317 2318/2318/2318 2319/2319/2319
f 2320/2320/2320 2321/2321/2321 2322/2322/2322
f 2323/2323/2323 2324/2324/2324 2325/2325/2325
f 2326/2326/2326 2327/2327/2327 2328/2328/2328
f 2329/2329/2329 2330/2330/2330 2331/2331/2331
f 2332/2332/2332 2333/2333/2333 2334/2334/2334
f 2335/2335/2335 2336/2336/2336 2337/2337/2337
f 2338/2338/2338 2339/2339/2339 2340/2340/2340
f 2341/2341/2341 2342/2342/2342 2343/2343/2343
f 2344/2344/2344 2345/2345/2345 2346/2346/2346
f 2347/2347/2347 2348/2348/2348 2349/2349/2349
f 2350/2350/2350 2351/2351/2351 2352/2352/2352
f 2353/2353/2353 2354/2354/2354 2355/2355/2355
f 2356/2356/2356 2357/2357/2357 2358/2358/2358
f 2359/2359/2359 2360/2360/2360 2361/2361/2361
f 2362/2362/2362 2363/2363/2363 2364/2364/2364
f 2365/2365/2365 2366/2366/2366 2367/2367/2367
f 2368/2368/2368 2369/2369/2369 2370/2370/2370
f 2371/2371/2371 2372/2372/2372 2373/2373/2373
f 2374/2374/2374 2375/2375/2375 2376/2376/2376
f 2377/2377/2377 2378/2378/2378 2379/2379/2379
f 2380/2380/2380 2381/2381/2381 2382/2382/2382
f 2383/2383/2383 2384/2384/2384 2385/2385/2385
f 2386/2386/2386 2387/2387/2387 2388/2388/2388
f 2389/2389/2389 2390/2390/2390 2391/2391/2391
f 2392/2392/2392 2393/2393/2393 2394/2394/2394
f 2395/2395/2395 2396/2396/2396 2397/2397/2397
f 2398/2398/2398 2399/2399/2399 2400/2400/2400
f 2401/2401/2401 2402/2402/2402 2403/2403/2403
f 2404/2404/2404 2405/2405/2405 2406/2406/2406
f 2407/2407/2407 2408/2408/2408 2409/2409/2409
f 2410/2410/2410 2411/2411/2411 2412/2412/2412
f 2413/2413/2413 2414/2414/2414 2415/2415/2415
f 2416/2416/2416 2417/2417/2417 2418/2418/2418
f 2419/2419/2419 2420/2420/2420 2421/2421/2421
f 2422/2422/2422 2423/2423/2423 2424/2424/2424
f 2425/2425/2425 2426/2426/2426 2427/2427/2427
f 2428/2428/2428 2429/2429/2429 2430/2430/2430
f 2431/2431/2431 2432/2432/2432 2433/2433/2433
f 2434/2434/2434 2435/2435/2435 2436/2436/2436
f 2437/2437/2437 2438/2438/2438 2439/2439/2439
f 2440/2440/2440 2441/2441/2441 2442/2442/2442
f 2443/2443/2443 2444/2444/2444 2445/2445/2445
f 2446/2446/2446 2447/2447/2447 2448/2448/2448
f 2449/2449/2449 2450/2450/2450 2451/2451/2451
f 2452/2452/2452 2453/2453/2453 2454/2454/2454
f 2455/2455/2455 2456/2456/2456 2457/2457/2457
f 2458/2458/2458 2459/2459/2459 2460/2460/2460
f 2461/2461/2461 2462/2462/2462 2463/2463/2463
f 2464/2464/2464 2465/2465/2465 2466/2466/2466
f 2467/2467/2467 2468/2468/2468 2469/2469/2469
f 2470/2470/2470 2471/2471/2471 2472/2472/2472
f 2473/2473/2473 2474/2474/2474 2475/2475/2475
f 2476/2476/2476 2477/2477/2477 2478/2478/2478
f 2479/2479/2479 2480/2480/2480 2481/2481/2481
f 2482/2482/2482 2483/2483/2483 2484/2484/2484
f 2485/2485/2485 2486/2486/2486 2487/2487/2487
f 2488/2488/2488 2489/2489/2489 2490/2490/2490
f 2491/2491/2491 2492/2492/2492 2493/2493/2493
f 2494/2494/2494 2495/2495/2495 2496/2496/2496
f 2497/2497/2497 2498/2498/2498 2499/2499/2499
f 2500/2500/2500 2501/2501/2501 2502/2502/2502
f 2503/2503/2503 2504/2504/2504 2505/2505/2505
f 2506/2506/2506 2507/2507/2507 2508/2508/2508
f 2509/2509/2509 2510/2510/2510 2511/2511/2511
f 2512/2512/2512 2513/2513/2513 2514/2514/2514
f 2515/2515/2515 2516/2516/2516 2517/2517/2517
f 2518/2518/2518 2519/2519/2519 2520/2520/2520
f 2521/2521/2521 2522/2522/2522 2523/2523/2523
f 2524/2524/2524 2525/2525/2525 2526/2526/2526
f 2527/2527/2527 2528/2528/2528 2529/2529/2529
f 2530/2530/2530 2531/2531/2531 2532/2532/2532
f 2533/2533/2533 2534/2534/2534 2535/2535/2535
f 2536/2536/2536 2537/2537/2537 2538/2538/2538
f 2539/2539/2539 2540/2540/2540 2541/2541/2541
f 2542/2542/2542 2543/2543/2543 2544/2544/2544
f 2545/2545/2545 2546/2546/2546 2547/2547/2547
f 2548/2548/2548 2549/2549/2549 2550/2550/2550
f 2551/2551/2551 2552/2552/2552 2553/2553/2553
f 2554/2554/2554 2555/2555/2555 2556/2556/2556
f 2557/2557/2557 2558/2558/2558 2559/2559/2559
f 2560/2560/2560 2561/2561/2561 2562/2562/2562
f 2563/2563/2563 2564/2564/2564 2565/2565/2565
f 2566/2566/2566 2567/2567/2567 2568/2568/2568
f 2569/2569/2569 2570/2570/2570 2571/2571/2571
f 2572/2572/2572 2573/2573/2573 2574/2574/2574
f 2575/2575/2575 2576/2576/2576 2577/2577/2577
f 2578/2578/2578 2579/2579/2579 2580/2580/2580
f 2581/2581/2581 2582/2582/2582 2583/2583/2583
f 2584/2584/2584 2585/2585/2585 2586/2586/2586
f 2587/2587/2587 2588/2588/2588 2589/2589/2589
f 2590/2590/2590 2591/2591/2591 2592/2592/2592
f 2593/2593/2593 2594/2594/2594 2595/2595/2595
f 2596/2596/2596 2597/2597/2597 2598/2598/2598
f 2599/2599/2599 2600/2600/2600 2601/2601/2601
f 2602/2602/2602 2603/2603/2603 2604/2604/2604
f 2605/2605/2605 2606/2606/2606 2607/2607/2607
f 2608/2608/2608 2609/2609/2609 2610/2610/2610
f 2611/2611/2611 2612/2612/2612 2613/2613/2613
f 2614/2614/2614 2615/2615/2615 2616/2616/2616
f 2617/2617/2617 2618/2618/2618 2619/2619/2619
f 2620/2620/2620 2621/2621/2621 2622/2622/2622
f 2623/2623/2623 2624/2624/2624 2625/2625/2625
f 2626/2626/2626 2627/2627/2627 2628/2628/2628
f 2629/2629/2629 2630/2630/2630 2631/2631/2631
f 2632/2632/2632 2633/2633/2633 2634/2634/2634
f 2635/2635/2635 2636/2636/2636 2637/2637/2637
f 2638/2638/2638 2639/2639/2639 2640/2640/2640
f 2641/2641/2641 2642/2642/2642 2643/2643/2643
f 2644/2644/2644 2645/2645/2645 2646/2646/2646
f 2647/2647/2647 2648/2648/2648 2649/2649/2649
f 2650/2650/2650 2651/2651/2651 2652/2652/2652
f 2653/2653/2653 2654/2654/2654 2655/2655/2655
f 2656/2656/2656 2657/2657/2657 2658/2658/2658
f 2659/2659/2659 2660/2660/2660 2661/2661/2661
f 2662/2662/2662 2663/2663/2663 2664/2664/2664
f 2665/2665/2665 2666/2666/2666 2667/2667/2667
f 2668/2668/2668 2669/2669/2669 2670/2670/2670
f 2671/2671/2671 2672/2672/2672 2673/2673/2673
f 2674/2674/2674 2675/2675/2675 2676/2676/2676
f 2677/2677/2677 2678/2678/2678 2679/2679/2679
f 2680/2680/2680 2681/2681/2681 2682/2682/2682
f 2683/2683/2683 2684/2684/2684 2685/2685/2685
f 2686/2686/2686 2687/2687/2687 2688/2688/2688
f 2689/2689/2689 2690/2690/2690 2691/2691/2691
f 2692/2692/2692 2693/2693/2693 2694/2694/2694
f 2695/2695/2695 2696/2696/2696 2697/2697/2697
f 2698/2698/2698 2699/2699/2699 2700/2700/2700
f 2701/2701/2701 2702/2702/2702 2703/2703/2703
f 2704/2704/2704 2705/2705/2705 2706/2706/2706
f 2707/2707/2707 2708/2708/2708 2709/2709/2709
f 2710/2710/2710 2711/2711/2711 2712/2712/2712
f 2713/2713/2713 2714/2714/2714 2715/2715/2715
f 2716/2716/2716 2717/2717/2717 2718/2718/2718
f 2719/2719/2719 2720/2720/2720 2721/2721/2721
f 2722/2722/2722 2723/2723/2723 2724/2724/2724
f 2725/2725/2725 2726/2726/2726 2727/2727/2727
f 2728/2728/2728 2729/2729/2729 2730/2730/2730
f 2731/2731/2731 2732/2732/2732 2733/2733/2733
f 2734/2734/2734 2735/2735/2735 2736/2736/2736
f 2737/2737/2737 2738/2738/2738 2739/2739/2739
f 2740/2740/2740 2741/2741/2741 2742/2742/2742
f 2743/2743/2743 2744/2744/2744 2745/2745/2745
f 2746/2746/2746 2747/2747/2747 2748/2748/2748
f 2749/2749/2749 2750/2750/2750 2751/2751/2751
f 2752/2752/2752 2753/2753/2753 2754/2754/2754
f 2755/2755/2755 2756/2756/2756 2757/2757/2757
f 2758/2758/2758 2759/2759/2759 2760/2760/2760
f 2761/2761/2761 2762/2762/2762 2763/2763/2763
f 2764/2764/2764 2765/2765/2765 2766/2766/2766
f 2767/2767/2767 2768/2768/2768 2769/2769/2769
f 2770/2770/2770 2771/2771/2771 2772/2772/2772
f 2773/2773/2773 2774/2774/2774 2775/2775/2775
f 2776/2776/2776 2777/2777/2777 2778/2778/2778
f 2779/2779/2779 2780/2780/2780 2781/2781/2781
f 2782/2782/2782 2783/2783/2783 2784/2784/2784
f 2785/2785/2785 2786/2786/2786 2787/2787/2787
f 2788/2788/2788 2789/2789/2789 2790/2790/2790
f 2791/2791/2791 2792/2792/2792 2793/2793/2793
f 2794/2794/2794 2795/2795/2795 2796/2796/2796
f 2797/2797/2797 2798/2798/2798 2799/2799/2799
f 2800/2800/2800 2801/2801/2801 2802/2802/2802
f 2803/2803/2803 2804/2804/2804 2805/2805/2805
f 2806/2806/2806 2807/2807/2807 2808/2808/2808
f 2809/2809/2809 2810/2810/2810 2811/2811/2811
f 2812/2812/2812 2813/2813/2813 2814/2814/2814
f 2815/2815/2815 2816/2816/2816 2817/2817/2817
f 2818/2818/2818 2819/2819/2819 2820/2820/2820
f 2821/2821/2821 2822/2822/2822 2823/2823/2823
f 2824/2824/2824 2825/2825/2825 2826/2826/2826
f 2827/2827/2827 2828/2828/2828 2829/2829/2829
f 2830/2830/2830 2831/2831/2831 2832/2832/2832
f 2833/2833/2833 2834/2834/2834 2835/2835/2835
f 2836/2836/2836 2837/2837/2837 2838/2838/2838
f 2839/2839/2839 2840/2840/2840 2841/2841/2841
f 2842/2842/2842 2843/2843/2843 2844/2844/2844
f 2845/2845/2845 2846/2846/2846 2847/2847/2847
f 2848/2848/2848 2849/2849/2849 2850/2850/2850
f 2851/2851/2851 2852/2852/2852 2853/2853/2853
f 2854/2854/2854 2855/2855/2855 2856/2856/2856
f 2857/2857/2857 2858/2858/2858 2859/2859/2859
f 2860/2860/2860 2861/2861/2861 2862/2862/2862
f 2863/2863/2863 2864/2864/2864 2865/2865/2865
f 2866/2866/2866 2867/2867/2867 2868/2868/2868
f 2869/2869/2869 2870/2870/2870 2871/2871/2871
f 2872/2872/2872 2873/2873/2873 2874/2874/2874
f 2875/2875/2875 2876/2876/2876 2877/2877/2877
f 2878/2878/2878 2879/2879/2879 2880/2880/2880
f 2881/2881/2881 2882/2882/2882 2883/2883/2883
f 2884/2884/2884 2885/2885/2885 2886/2886/2886
f 2887/2887/2887 2888/2888/2888 2889/2889/2889
f 2890/2890/2890 2891/2891/2891 2892/2892/2892
f 2893/2893/2893 2894/2894/2894 2895/2895/2895
f 2896/2896/2896 2897/2897/2897 2898/2898/2898
f 2899/2899/2899 2900/2900/2900 2901/2901/2901
f 2902/2902/2902 2903/2903/2903 2904/2904/2904
f 2905/2905/2905 2906/2906/2906 2907/2907/2907
f 2908/2908/2908 2909/2909/2909 2910/2910/2910
f 2911/2911/2911 2912/2912/2912 2913/2913/2913
f 2914/2914/2914 2915/2915/2915 2916/2916/2916
f 2917/2917/2917 2918/2918/2918 2919/2919/2919
f 2920/2920/2920 2921/2921/2921 2922/2922/2922
f 2923/2923/2923 2924/2924/2924 2925/2925/2925
f 2926/2926/2926 2927/2927/2927 2928/2928/2928
f 2929/2929/2929 2930/2930/2930 2931/2931/2931
f 2932/2932/2932 2933/2933/2933 2934/2934/2934
f 2935/2935/2935 2936/2936/2936 2937/2937/2937
f 2938/2938/2938 2939/2939/2939 2940/2940/2940
f 2941/2941/2941 2942/2942/2942 2943/2943/2943
f 2944/2944/2944 2945/2945/2945 2946/2946/2946
f 2947/2947/2947 2948/2948/2948 2949/2949/2949
f 2950/2950/2950 2951/2951/2951 2952/2952/2952
f 2953/2953/2953 2954/2954/2954 2955/2955/2955
f 2956/2956/2956 2957/2957/2957 2958/2958/2958
f 2959/2959/2959 2960/2960/2960 2961/2961/2961
f 2962/2962/2962 2963/2963/2963 2964/2964/2964
f 2965/2965/2965 2966/2966/2966 2967/2967/2967
f 2968/2968/2968 2969/2969/2969 2970/2970/2970
f 2971/2971/2971 2972/2972/2972 2973/2973/2973
f 2974/2974/2974 2975/2975/2975 2976/2976/2976
f 2977/2977/2977 2978/2978/2978 2979/2979/2979
f 2980/2980/2980 2981/2981/2981 2982/2982/2982
f 2983/2983/2983 2984/2984/2984 2985/2985/2985
f 2986/2986/2986 2987/2987/2987 2988/2988/2988
f 2989/2989/2989 2990/2990/2990 2991/2991/2991
f 2992/2992/2992 2993/2993/2993 2994/2994/2994
f 2995/2995/2995 2996/2996/2996 2997/2997/2997
f 2998/2998/2998 2999/2999/2999 3000/3000/3000
f 3001/3001/3001 3002/3002/3002 3003/3003/3003
f 3004/3004/3004 3005/3005/3005 3006/3006/3006
f 3007/3007/3007 3008/3008/3008 3009/3009/3009
f 3010/3010/3010 3011/3011/3011 3012/3012/3012
f 3013/3013/3013 3014/3014/3014 3015/3015/3015
f 3016/3016/3016 3017/3017/3017 3018/3018/3018
f 3019/3019/3019 3020/3020/3020 3021/3021/3021
f 3022/3022/3022 3023/3023/3023 3024/3024/3024
f 3024/3024/3024 3025/3025/3025 3026/3026/3026
f 3027/3027/3027 3028/3028/3028 3029/3029/3029
f 3030/3030/3030 3031/3031/3031 3032/3032/3032
f 3033/3033/3033 3034/3034/3034 3035/3035/3035
f 3036/3036/3036 3037/3037/3037 3038/3038/3038
f 3039/3039/3039 3040/3040/3040 3041/3041/3041
f 3042/3042/3042 3043/3043/3043 3044/3044/3044
f 3045/3045/3045 3046/3046/3046 3047/3047/3047
f 3048/3048/3048 3049/3049/3049 3050/3050/3050
f 3051/3051/3051 3052/3052/3052 3053/3053/3053
f 3054/3054/3054 3055/3055/3055 3056/3056/3056
f 3057/3057/3057 3058/3058/3058 3059/3059/3059
f 3060/3060/3060 3061/3061/3061 3062/3062/3062
f 3063/3063/3063 3064/3064/3064 3065/3065/3065
f 3066/3066/3066 3067/3067/3067 3068/3068/3068
f 3069/3069/3069 3070/3070/3070 3071/3071/3071
f 3072/3072/3072 3073/3073/3073 3074/3074/3074
f 3075/3075/3075 3076/3076/3076 3077/3077/3077
f 3078/3078/3078 3079/3079/3079 3080/3080/3080
f 3081/3081/3081 3082/3082/3082 3083/3083/3083
f 3084/3084/3084 3085/3085/3085 3086/3086/3086
f 3087/3087/3087 3088/3088/3088 3089/3089/3089
f 3090/3090/3090 3091/3091/3091 3092/3092/3092
f 3093/3093/3093 3094/3094/3094 3095/3095/3095
f 3096/3096/3096 3097/3097/3097 3098/3098/3098
f 3099/3099/3099 3100/3100/3100 3101/3101/3101
f 3102/3102/3102 3103/3103/3103 3104/3104/3104
f 3105/3105/3105 3106/3106/3106 3107/3107/3107
f 3108/3108/3108 3109/3109/3109 3110/3110/3110
f 3111/3111/3111 3112/3112/3112 3113/3113/3113
f 3114/3114/3114 3115/3115/3115 3116/3116/3116
f 3117/3117/3117 3118/3118/3118 3119/3119/3119
f 3120/3120/3120 3121/3121/3121 3122/3122/3122
f 3123/3123/3123 3124/3124/3124 3125/3125/3125
f 3126/3126/3126 3127/3127/3127 3128/3128/3128
f 3129/3129/3129 3130/3130/3130 3131/3131/3131
f 3132/3132/3132 3133/3133/3133 3134/3134/3134
f 3135/3135/3135 3136/3136/3136 3137/3137/3137
f 3138/3138/3138 3139/3139/3139 3140/3140/3140
f 3141/3141/3141 3142/3142/3142 3143/3143/3143
f 3144/3144/3144 3145/3145/3145 3146/3146/3146
f 3147/3147/3147 3148/3148/3148 3149/3149/3149
f 3150/3150/3150 3151/3151/3151 3152/3152/3152
f 3153/3153/3153 3154/3154/3154 3155/3155/3155
f 3156/3156/3156 3157/3157/3157 3158/3158/3158
f 3159/3159/3159 3160/3160/3160 3161/3161/3161
f 3162/3162/3162 3163/3163/3163 3164/3164/3164
f 3165/3165/3165 3166/3166/3166 3167/3167/3167
f 3168/3168/3168 3169/3169/3169 3170/3170/3170
f 3171/3171/3171 3172/3172/3172 3173/3173/3173
f 3174/3174/3174 3175/3175/3175 3176/3176/3176
f 3177/3177/3177 3178/3178/3178 3179/3179/3179
f 3180/3180/3180 3181/3181/3181 3182/3182/3182
f 3183/3183/3183 3184/3184/3184 3185/3185/3185
f 3186/3186/3186 3187/3187/3187 3188/3188/3188
f 3189/3189/3189 3190/3190/3190 3191/3191/3191
f 3192/3192/3192 3193/3193/3193 3194/3194/3194
f 3195/3195/3195 3196/3196/3196 3197/3197/3197
f 3198/3198/3198 3199/3199/3199 3200/3200/3200
f 3201/3201/3201 3202/3202/3202 3203/3203/3203
f 3204/3204/3204 3205/3205/3205 3206/3206/3206
f 3207/3207/3207 3208/3208/3208 3209/3209/3209
f 3210/3210/3210 3211/3211/3211 3212/3212/3212
f 3213/3213/3213 3214/3214/3214 3215/3215/3215
f 3216/3216/3216 3217/3217/3217 3218/3218/3218
f 3219/3219/3219 3220/3220/3220 3221/3221/3221
f 3222/3222/3222 3223/3223/3223 3224/3224/3224
f 3225/3225/3225 3226/3226/3226 3227/3227/3227
f 3228/3228/3228 3229/3229/3229 3230/3230/3230
f 3231/3231/3231 3232/3232/3232 3233/3233/3233
f 3234/3234/3234 3235/3235/3235 3236/3236/3236
f 3237/3237/3237 3238/3238/3238 3239/3239/3239
f 3240/3240/3240 3241/3241/3241 3242/3242/3242
f 3243/3243/3243 3244/3244/3244 3245/3245/3245
f 3246/3246/3246 3247/3247/3247 3248/3248/3248
f 3249/3249/3249 3250/3250/3250 3251/3251/3251
f 3252/3252/3252 3253/3253/3253 3254/3254/3254
f 3255/3255/3255 3256/3256/3256 3257/3257/3257
f 3258/3258/3258 3259/3259/3259 3260/3260/3260
f 3261/3261/3261 3262/3262/3262 3263/3263/3263
f 3264/3264/3264 3265/3265/3265 3266/3266/3266
f 3267/3267/3267 3268/3268/3268 3269/3269/3269
f 3270/3270/3270 3271/3271/3271 3272/3272/3272
f 3273/3273/3273 3274/3274/3274 3275/3275/3275
f 3276/3276/3276 3277/3277/3277 3278/3278/3278
f 3279/3279/3279 3280/3280/3280 3281/3281/3281
f 3282/3282/3282 3283/3283/3283 3284/3284/3284
f 3285/3285/3285 3286/3286/3286 3287/3287/3287
f 3288/3288/3288 3289/3289/3289 3290/3290/3290
f 3291/3291/3291 3292/3292/3292 3293/3293/3293
f 3294/3294/3294 3295/3295/3295 3296/3296/3296
f 3297/3297/3297 3298/3298/3298 3299/3299/3299
f 3300/3300/3300 3301/3301/3301 3302/3302/3302
f 3303/3303/3303 3304/3304/3304 3305/3305/3305
f 3306/3306/3306 3307/3307/3307 3308/3308/3308
f 3309/3309/3309 3310/3310/3310 3311/3311/3311
f 3312/3312/3312 3313/3313/3313 3314/3314/3314
f 3315/3315/3315 3316/3316/3316 3317/3317/3317
f 3318/3318/3318 3319/3319/3319 3320/3320/3320
f 3321/3321/3321 3322/3322/3322 3323/3323/3323
f 3324/3324/3324 3325/3325/3325 3326/3326/3326
f 3327/3327/3327 3328/3328/3328 3329/3329/3329
f 3330/3330/3330 3331/3331/3331 3332/3332/3332
f 3333/3333/3333 3334/3334/3334 3335/3335/3335
f 3336/3336/3336 3337/3337/3337 3338/3338/3338
f 3339/3339/3339 3340/3340/3340 3341/3341/3341
f 3342/3342/3342 3343/3343/3343 3344/3344/3344
f 3345/3345/3345 3346/3346/3346 3347/3347/3347
f 3348/3348/3348 3349/3349/3349 3350/3350/3350
f 3351/3351/3351 3352/3352/3352 3353/3353/3353
f 3354/3354/3354 3355/3355/3355 3356/3356/3356
f 3357/3357/3357 3358/3358/3358 3359/3359/3359
f 3360/3360/3360 3361/3361/3361 3362/3362/3362
f 3363/3363/3363 3364/3364/3364 3365/3365/3365
f 3366/3366/3366 3367/3367/3367 3368/3368/3368
f 3369/3369/3369 3370/3370/3370 3371/3371/3371
f 3372/3372/3372 3373/3373/3373 3374/3374/3374
f 3375/3375/3375 3376/3376/3376 3377/3377/3377
f 3378/3378/3378 3379/3379/3379 3380/3380/3380
f 3381/3381/3381 3382/3382/3382 3383/3383/3383
f 3384/3384/3384 3385/3385/3385 3386/3386/3386
f 3387/3387/3387 3388/3388/3388 3389/3389/3389
f 3390/3390/3390 3391/3391/3391 3392/3392/3392
f 3393/3393/3393 3394/3394/3394 3395/3395/3395
f 3396/3396/3396 3397/3397/3397 3398/3398/3398
f 3399/3399/3399 3400/3400/3400 3401/3401/3401
f 3402/3402/3402 3403/3403/3403 3404/3404/3404
f 3405/3405/3405 3406/3406/3406 3407/3407/3407
f 3408/3408/3408 3409/3409/3409 3410/3410/3410
f 3411/3411/3411 3412/3412/3412 3413/3413/3413
f 3414/3414/3414 3415/3415/3415 3416/3416/3416
f 3417/3417/3417 3418/3418/3418 3419/3419/3419
f 3420/3420/3420 3421/3421/3421 3422/3422/3422
f 3423/3423/3423 3424/3424/3424 3425/3425/3425
f 3426/3426/3426 3427/3427/3427 3428/3428/3428
f 3429/3429/3429 3430/3430/3430 3431/3431/3431
f 3432/3432/3432 3433/3433/3433 3434/3434/3434
f 3435/3435/3435 3436/3436/3436 3437/3437/3437
f 3438/3438/3438 3439/3439/3439 3440/3440/3440
f 3441/3441/3441 3442/3442/3442 3443/3443/3443
f 3444/3444/3444 3445/3445/3445 3446/3446/3446
f 3447/3447/3447 3448/3448/3448 3449/3449/3449
f 3450/3450/3450 3451/3451/3451 3452/3452/3452
f 3453/3453/3453 3454/3454/3454 3455/3455/3455
f 3456/3456/3456 3457/3457/3457 3458/3458/3458
f 3459/3459/3459 3460/3460/3460 3461/3461/3461
f 3462/3462/3462 3463/3463/3463 3464/3464/3464
f 3465/3465/3465 3466/3466/3466 3467/3467/3467
f 3468/3468/3468 3469/3469/3469 3470/3470/3470
f 3471/3471/3471 3472/3472/3472 3473/3473/3473
f 3474/3474/3474 3475/3475/3475 3476/3476/3476
f 3477/3477/3477 3478/3478/3478 3479/3479/3479
f 3480/3480/3480 3481/3481/3481 3482/3482/3482
f 3483/3483/3483 3484/3484/3484 3485/3485/3485
f 3486/3486/3486 3487/3487/3487 3488/3488/3488
f 3489/3489/3489 3490/3490/3490 3491/3491/3491
f 3492/3492/3492 3493/3493/3493 3494/3494/3494
f 3495/3495/3495 3496/3496/3496 3497/3497/3497
f 3498/3498/3498 3499/3499/3499 3500/3500/3500
f 3501/3501/3501 3502/3502/3502 3503/3503/3503
f 3504/3504/3504 3505/3505/3505 3506/3506/3506
f 3507/3507/3507 3508/3508/3508 3509/3509/3509
f 3510/3510/3510 3511/3511/3511 3512/3512/3512
f 3513/3513/3513 3514/3514/3514 3515/3515/3515
f 3516/3516/3516 3517/3517/3517 3518/3518/3518
f 3519/3519/3519 3520/3520/3520 3521/3521/3521
f 3522/3522/3522 3523/3523/3523 3524/3524/3524
f 3525/3525/3525 3526/3526/3526 3527/3527/3527
f 3528/3528/3528 3529/3529/3529 3530/3530/3530
f 3531/3531/3531 3532/3532/3532 3533/3533/3533
f 3534/3534/3534 3535/3535/3535 3536/3536/3536
f 3537/3537/3537 3538/3538/3538 3539/3539/3539
f 3540/3540/3540 3541/3541/3541 3542/3542/3542
f 3543/3543/3543 3544/3544/3544 3545/3545/3545
f 3546/3546/3546 3547/3547/3547 3548/3548/3548
f 3549/3549/3549 3550/3550/3550 3551/3551/3551
f 3552/3552/3552 3553/3553/3553 3554/3554/3554
f 3555/3555/3555 3556/3556/3556 3557/3557/3557
f 3558/3558/3558 3559/3559/3559 3560/3560/3560
f 3561/3561/3561 3562/3562/3562 3563/3563/3563
f 3564/3564/3564 3565/3565/3565 3566/3566/3566
f 3567/3567/3567 3568/3568/3568 3569/3569/3569
f 3570/3570/3570 3571/3571/3571 3572/3572/3572
f 3573/3573/3573 3574/3574/3574 3575/3575/3575
f 3576/3576/3576 3577/3577/3577 3578/3578/3578
f 3579/3579/3579 3580/3580/3580 3581/3581/3581
f 3582/3582/3582 3583/3583/3583 3584/3584/3584
f 3585/3585/3585 3586/3586/3586 3587/3587/3587
f 3588/3588/3588 3589/3589/3589 3590/3590/3590
f 3591/3591/3591 3592/3592/3592 3593/3593/3593
f 3594/3594/3594 3595/3595/3595 3596/3596/3596
f 3597/3597/3597 3598/3598/3598 3599/3599/3599
f 3600/3600/3600 3601/3601/3601 3602/3602/3602
f 3603/3603/3603 3604/3604/3604 3605/3605/3605
f 3606/3606/3606 3607/3607/3607 3608/3608/3608
f 3609/3609/3609 3610/3610/3610 3611/3611/3611
f 3612/3612/3612 3613/3613/3613 3614/3614/3614
f 3615/3615/3615 3616/3616/3616 3617/3617/3617
f 3618/3618/3618 3619/3619/3619 3620/3620/3620
f 3621/3621/3621 3622/3622/3622 3623/3623/3623
f 3624/3624/3624 3625/3625/3625 3626/3626/3626
f 3627/3627/3627 3628/3628/3628 3629/3629/3629
f 3630/3630/3630 3631/3631/3631 3632/3632/3632
f 3633/3633/3633 3634/3634/3634 3635/3635/3635
f 3636/3636/3636 3637/3637/3637 3638/3638/3638
f 3639/3639/3639 3640/3640/3640 3641/3641/3641
f 3642/3642/3642 3643/3643/3643 3644/3644/3644
f 3645/3645/3645 3646/3646/3646 3647/3647/3647
f 3648/3648/3648 3649/3649/3649 3650/3650/3650
f 3651/3651/3651 3652/3652/3652 3653/3653/3653
f 3654/3654/3654 3655/3655/3655 3656/3656/3656
f 3657/3657/3657 3658/3658/3658 3659/3659/3659
f 3660/3660/3660 3661/3661/3661 3662/3662/3662
f 3663/3663/3663 3664/3664/3664 3665/3665/3665
f 3666/3666/3666 3667/3667/3667 3668/3668/3668
f 3669/3669/3669 3670/3670/3670 3671/3671/3671
f 3672/3672/3672 3673/3673/3673 3674/3674/3674
f 3675/3675/3675 3676/3676/3676 3677/3677/3677
f 3678/3678/3678 3679/3679/3679 3680/3680/3680
f 3681/3681/3681 3682/3682/3682 3683/3683/3683
f 3684/3684/3684 3685/3685/3685 3686/3686/3686
f 3687/3687/3687 3688/3688/3688 3689/3689/3689
f 3690/3690/3690 3691/3691/3691 3692/3692/3692
f 3693/3693/3693 3694/3694/3694 3695/3695/3695
f 3696/3696/3696 3697/3697/3697 3698/3698/3698
f 3699/3699/3699 3700/3700/3700 3701/3701/3701
f 3702/3702/3702 3703/3703/3703 3704/3704/3704
f 3705/3705/3705 3706/3706/3706 3707/3707/3707
f 3708/3708/3708 3709/3709/3709 3710/3710/3710
f 3711/3711/3711 3712/3712/3712 3713/3713/3713
f 3714/3714/3714 3715/3715/3715 3716/3716/3716
f 3717/3717/3717 3718/3718/3718 3719/3719/3719
f 3720/3720/3720 3721/3721/3721 3722/3722/3722
f 3723/3723/3723 3724/3724/3724 3725/3725/3725
f 3726/3726/3726 3727/3727/3727 3728/3728/3728
f 3729/3729/3729 3730/3730/3730 3731/3731/3731
f 3732/3732/3732 3733/3733/3733 3734/3734/3734
f 3735/3735/3735 3736/3736/3736 3737/3737/3737
f 3738/3738/3738 3739/3739/3739 3740/3740/3740
f 3741/3741/3741 3742/3742/3742 3743/3743/3743
f 3744/3744/3744 3745/3745/3745 3746/3746/3746
f 3747/3747/3747 3748/3748/3748 3749/3749/3749
f 3750/3750/3750 3751/3751/3751 3752/3752/3752
f 3753/3753/3753 3754/3754/3754 3755/3755/3755
f 3756/3756/3756 3757/3757/3757 3758/3758/3758
f 3759/3759/3759 3760/3760/3760 3761/3761/3761
f 3762/3762/3762 3763/3763/3763 3764/3764/3764
f 3765/3765/3765 3766/3766/3766 3767/3767/3767
f 3768/3768/3768 3769/3769/3769 3770/3770/3770
f 3771/3771/3771 3772/3772/3772 3773/3773/3773
f 3774/3774/3774 3775/3775/3775 3776/3776/3776
f 3777/3777/3777 3778/3778/3778 3779/3779/3779
f 3780/3780/3780 3781/3781/3781 3782/3782/3782
f 3783/3783/3783 3784/3784/3784 3785/3785/3785
f 3786/3786/3786 3787/3787/3787 3788/3788/3788
f 3789/3789/3789 3790/3790/3790 3791/3791/3791
f 3792/3792/3792 3793/3793/3793 3794/3794/3794
f 3795/3795/3795 3796/3796/3796 3797/3797/3797
f 3798/3798/3798 3799/3799/3799 3800/3800/3800
f 3801/3801/3801 3802/3802/3802 3803/3803/3803
f 3804/3804/3804 3805/3805/3805 3806/3806/3806
f 3807/3807/3807 3808/3808/3808 3809/3809/3809
f 3810/3810/3810 3811/3811/3811 3812/3812/3812
f 3813/3813/3813 3814/3814/3814 3815/3815/3815
f 3816/3816/3816 3817/3817/3817 3818/3818/3818
f 3819/3819/3819 3820/3820/3820 3821/3821/3821
f 3822/3822/3822 3823/3823/3823 3824/3824/3824
f 3825/3825/3825 3826/3826/3826 3827/3827/3827
f 3828/3828/3828 3829/3829/3829 3830/3830/3830
f 3831/3831/3831 3832/3832/3832 3833/3833/3833
f 3834/3834/3834 3835/3835/3835 3836/3836/3836
f 3837/3837/3837 3838/3838/3838 3839/3839/3839
f 3840/3840/3840 3841/3841/3841 3842/3842/3842
f 3843/3843/3843 3844/3844/3844 3845/3845/3845
f 3846/3846/3846 3847/3847/3847 3845/3845/3845
f 3848/3848/3848 3846/3846/3846 3845/3845/3845
f 3849/3849/3849 3850/3850/3850 3851/3851/3851
f 3852/3852/3852 3853/3853/3853 3854/3854/3854
f 3855/3855/3855 3856/3856/3856 3857/3857/3857
f 3858/3858/3858 3859/3859/3859 3860/3860/3860
f 3861/3861/3861 3862/3862/3862 3863/3863/3863
f 3864/3864/3864 3865/3865/3865 3866/3866/3866
f 3867/3867/3867 3868/3868/3868 3869/3869/3869
f 3870/3870/3870 3871/3871/3871 3872/3872/3872
f 3873/3873/3873 3874/3874/3874 3875/3875/3875
f 3876/3876/3876 3877/3877/3877 3878/3878/3878
f 3879/3879/3879 3880/3880/3880 3881/3881/3881
f 3882/3882/3882 3883/3883/3883 3884/3884/3884
f 3885/3885/3885 3886/3886/3886 3887/3887/3887
f 3888/3888/3888 3889/3889/3889 3890/3890/3890
f 3891/3891/3891 3892/3892/3892 3893/3893/3893
f 3894/3894/3894 3895/3895/3895 3896/3896/3896
f 3897/3897/3897 3898/3898/3898 3899/3899/3899
f 3900/3900/3900 3901/3901/3901 3902/3902/3902
f 3902/3902/3902 3903/3903/3903 3904/3904/3904
f 3905/3905/3905 3903/3903/3903 3902/3902/3902
f 3905/3905/3905 3902/3902/3902 3906/3906/3906
f 3905/3905/3905 3906/3906/3906 3907/3907/3907
f 3908/3908/3908 3909/3909/3909 3910/3910/3910
f 3911/3911/3911 3912/3912/3912 3913/3913/3913
f 3914/3914/3914 3915/3915/3915 3916/3916/3916
f 3917/3917/3917 3918/3918/3918 3919/3919/3919
f 3920/3920/3920 3921/3921/3921 3922/3922/3922
f 3923/3923/3923 3924/3924/3924 3925/3925/3925
f 3926/3926/3926 3927/3927/3927 3928/3928/3928
f 3929/3929/3929 3930/3930/3930 3931/3931/3931
f 3932/3932/3932 3933/3933/3933 3934/3934/3934
f 3935/3935/3935 3936/3936/3936 3937/3937/3937
f 3938/3938/3938 3939/3939/3939 3940/3940/3940
f 3941/3941/3941 3942/3942/3942 3943/3943/3943
f 3944/3944/3944 3945/3945/3945 3946/3946/3946
f 3947/3947/3947 3948/3948/3948 3949/3949/3949
f 3950/3950/3950 3951/3951/3951 3952/3952/3952
f 3953/3953/3953 3954/3954/3954 3955/3955/3955
f 3956/3956/3956 3957/3957/3957 3958/3958/3958
f 3959/3959/3959 3960/3960/3960 3961/3961/3961
f 3962/3962/3962 3963/3963/3963 3964/3964/3964
f 3965/3965/3965 3966/3966/3966 3967/3967/3967
f 3968/3968/3968 3969/3969/3969 3970/3970/3970
f 3971/3971/3971 3972/3972/3972 3973/3973/3973
f 3974/3974/3974 3975/3975/3975 3976/3976/3976
f 3977/3977/3977 3978/3978/3978 3979/3979/3979
f 3980/3980/3980 3981/3981/3981 3982/3982/3982
f 3983/3983/3983 3984/3984/3984 3985/3985/3985
f 3986/3986/3986 3987/3987/3987 3988/3988/3988
f 3989/3989/3989 3990/3990/3990 3991/3991/3991
f 3992/3992/3992 3993/3993/3993 3994/3994/3994
f 3995/3995/3995 3996/3996/3996 3997/3997/3997
f 3998/3998/3998 3999/3999/3999 4000/4000/4000
f 4001/4001/4001 4002/4002/4002 4003/4003/4003
f 4004/4004/4004 4005/4005/4005 4006/4006/4006
f 4007/4007/4007 4008/4008/4008 4009/4009/4009
f 4010/4010/4010 4011/4011/4011 4012/4012/4012
f 4013/4013/4013 4014/4014/4014 4015/4015/4015
f 4016/4016/4016 4017/4017/4017 4018/4018/4018
f 4019/4019/4019 4020/4020/4020 4021/4021/4021
f 4022/4022/4022 4023/4023/4023 4024/4024/4024
f 4025/4025/4025 4026/4026/4026 4027/4027/4027
f 4028/4028/4028 4029/4029/4029 4030/4030/4030
f 4031/4031/4031 4032/4032/4032 4033/4033/4033
f 4034/4034/4034 4035/4035/4035 4036/4036/4036
f 4037/4037/4037 4038/4038/4038 4039/4039/4039
f 4040/4040/4040 4041/4041/4041 4042/4042/4042
f 4043/4043/4043 4044/4044/4044 4045/4045/4045
f 4046/4046/4046 4047/4047/4047 4048/4048/4048
f 4049/4049/4049 4050/4050/4050 4051/4051/4051
f 4052/4052/4052 4053/4053/4053 4054/4054/4054
f 4055/4055/4055 4056/4056/4056 4057/4057/4057
f 4058/4058/4058 4059/4059/4059 4060/4060/4060
f 4061/4061/4061 4062/4062/4062 4063/4063/4063
f 4064/4064/4064 4065/4065/4065 4066/4066/4066
f 4067/4067/4067 4068/4068/4068 4069/4069/4069
f 4070/4070/4070 4071/4071/4071 4072/4072/4072
f 4073/4073/4073 4074/4074/4074 4075/4075/4075
f 4076/4076/4076 4077/4077/4077 4078/4078/4078
f 4079/4079/4079 4080/4080/4080 4081/4081/4081
f 4082/4082/4082 4083/4083/4083 4084/4084/4084
f 4085/4085/4085 4086/4086/4086 4087/4087/4087
f 4088/4088/4088 4089/4089/4089 4090/4090/4090
f 4091/4091/4091 4092/4092/4092 4093/4093/4093
f 4094/4094/4094 4095/4095/4095 4096/4096/4096
f 4097/4097/4097 4098/4098/4098 4099/4099/4099
f 4100/4100/4100 4101/4101/4101 4102/4102/4102
f 4103/4103/4103 4104/4104/4104 4105/4105/4105
f 4106/4106/4106 4107/4107/4107 4108/4108/4108
f 4109/4109/4109 4110/4110/4110 4111/4111/4111
f 4112/4112/4112 4113/4113/4113 4114/4114/4114
f 4115/4115/4115 4116/4116/4116 4117/4117/4117
f 4118/4118/4118 4119/4119/4119 4120/4120/4120
f 4121/4121/4121 4122/4122/4122 4123/4123/4123
f 4124/4124/4124 4125/4125/4125 4126/4126/4126
f 4127/4127/4127 4128/4128/4128 4129/4129/4129
f 4130/4130/4130 4131/4131/4131 4132/4132/4132
f 4133/4133/4133 4134/4134/4134 4135/4135/4135
f 4136/4136/4136 4137/4137/4137 4138/4138/4138
f 4139/4139/4139 4140/4140/4140 4141/4141/4141
f 4142/4142/4142 4143/4143/4143 4144/4144/4144
f 4145/4145/4145 4146/4146/4146 4147/4147/4147
f 4148/4148/4148 4149/4149/4149 4150/4150/4150
f 4151/4151/4151 4152/4152/4152 4153/4153/4153
f 4154/4154/4154 4155/4155/4155 4156/4156/4156
f 4157/4157/4157 4158/4158/4158 4159/4159/4159
f 4160/4160/4160 4161/4161/4161 4162/4162/4162
f 4163/4163/4163 4164/4164/4164 4165/4165/4165
f 4166/4166/4166 4167/4167/4167 4168/4168/4168
f 4169/4169/4169 4170/4170/4170 4171/4171/4171
f 4172/4172/4172 4173/4173/4173 4174/4174/4174
f 4175/4175/4175 4176/4176/4176 4177/4177/4177
f 4178/4178/4178 4179/4179/4179 4180/4180/4180
f 4181/4181/4181 4182/4182/4182 4183/4183/4183
f 4184/4184/4184 4185/4185/4185 4186/4186/4186
f 4187/4187/4187 4188/4188/4188 4189/4189/4189
f 4190/4190/4190 4191/4191/4191 4192/4192/4192
f 4193/4193/4193 4194/4194/4194 4195/4195/4195
f 4196/4196/4196 4197/4197/4197 4198/4198/4198
f 4199/4199/4199 4200/4200/4200 4201/4201/4201
f 4202/4202/4202 4203/4203/4203 4204/4204/4204
f 4205/4205/4205 4206/4206/4206 4207/4207/4207
f 4208/4208/4208 4209/4209/4209 4210/4210/4210
f 4211/4211/4211 4212/4212/4212 4213/4213/4213
f 4214/4214/4214 4215/4215/4215 4216/4216/4216
f 4217/4217/4217 4218/4218/4218 4219/4219/4219
f 4220/4220/4220 4221/4221/4221 4222/4222/4222
f 4223/4223/4223 4224/4224/4224 4225/4225/4225
f 4226/4226/4226 4227/4227/4227 4228/4228/4228
f 4229/4229/4229 4230/4230/4230 4231/4231/4231
f 4232/4232/4232 4233/4233/4233 4234/4234/4234
f 4235/4235/4235 4236/4236/4236 4237/4237/4237
f 4238/4238/4238 4239/4239/4239 4240/4240/4240
f 4241/4241/4241 4242/4242/4242 4243/4243/4243
f 4244/4244/4244 4245/4245/4245 4246/4246/4246
f 4247/4247/4247 4248/4248/4248 4249/4249/4249
f 4250/4250/4250 4251/4251/4251 4252/4252/4252
f 4253/4253/4253 4254/4254/4254 4255/4255/4255
f 4256/4256/4256 4257/4257/4257 4258/4258/4258
f 4259/4259/4259 4260/4260/4260 4261/4261/4261
f 4262/4262/4262 4263/4263/4263 4264/4264/4264
f 4265/4265/4265 4266/4266/4266 4267/4267/4267
f 4268/4268/4268 4269/4269/4269 4270/4270/4270
f 4271/4271/4271 4272/4272/4272 4273/4273/4273
f 4274/4274/4274 4275/4275/4275 4276/4276/4276
f 4277/4277/4277 4278/4278/4278 4279/4279/4279
f 4280/4280/4280 4281/4281/4281 4282/4282/4282
f 4283/4283/4283 4284/4284/4284 4285/4285/4285
f 4286/4286/4286 4287/4287/4287 4288/4288/4288
f 4289/4289/4289 4290/4290/4290 4291/4291/4291
f 4292/4292/4292 4293/4293/4293 4294/4294/4294
f 4295/4295/4295 4296/4296/4296 4297/4297/4297
f 4298/4298/4298 4299/4299/4299 4300/4300/4300
f 4301/4301/4301 4302/4302/4302 4303/4303/4303
f 4304/4304/4304 4305/4305/4305 4306/4306/4306
f 4307/4307/4307 4308/4308/4308 4309/4309/4309
f 4310/4310/4310 4311/4311/4311 4312/4312/4312
f 4313/4313/4313 4314/4314/4314 4315/4315/4315
f 4316/4316/4316 4317/4317/4317 4318/4318/4318
f 4319/4319/4319 4320/4320/4320 4321/4321/4321
f 4322/4322/4322 4323/4323/4323 4324/4324/4324
f 4325/4325/4325 4326/4326/4326 4327/4327/4327
f 4328/4328/4328 4329/4329/4329 4330/4330/4330
f 4331/4331/4331 4332/4332/4332 4333/4333/4333
f 4334/4334/4334 4335/4335/4335 4336/4336/4336
f 4337/4337/4337 4338/4338/4338 4339/4339/4339
f 4340/4340/4340 4341/4341/4341 4342/4342/4342
f 4343/4343/4343 4344/4344/4344 4345/4345/4345
f 4346/4346/4346 4347/4347/4347 4348/4348/4348
f 4349/4349/4349 4350/4350/4350 4351/4351/4351
f 4352/4352/4352 4353/4353/4353 4354/4354/4354
f 4355/4355/4355 4356/4356/4356 4357/4357/4357
f 4358/4358/4358 4359/4359/4359 4360/4360/4360
f 4361/4361/4361 4362/4362/4362 4363/4363/4363
f 4364/4364/4364 4365/4365/4365 4366/4366/4366
f 4367/4367/4367 4368/4368/4368 4369/4369/4369
f 4370/4370/4370 4371/4371/4371 4372/4372/4372
f 4373/4373/4373 4374/4374/4374 4375/4375/4375
f 4376/4376/4376 4377/4377/4377 4378/4378/4378
f 4379/4379/4379 4380/4380/4380 4381/4381/4381
f 4382/4382/4382 4383/4383/4383 4384/4384/4384
f 4385/4385/4385 4386/4386/4386 4387/4387/4387
f 4388/4388/4388 4389/4389/4389 4390/4390/4390
f 4391/4391/4391 4392/4392/4392 4393/4393/4393
f 4394/4394/4394 4395/4395/4395 4396/4396/4396
f 4397/4397/4397 4398/4398/4398 4399/4399/4399
f 4400/4400/4400 4401/4401/4401 4402/4402/4402
f 4403/4403/4403 4404/4404/4404 4405/4405/4405
f 4406/4406/4406 4407/4407/4407 4408/4408/4408
f 4409/4409/4409 4410/4410/4410 4411/4411/4411
f 4412/4412/4412 4413/4413/4413 4414/4414/4414
f 4415/4415/4415 4416/4416/4416 4417/4417/4417
f 4418/4418/4418 4419/4419/4419 4420/4420/4420
f 4421/4421/4421 4422/4422/4422 4423/4423/4423
f 4424/4424/4424 4425/4425/4425 4426/4426/4426
f 4427/4427/4427 4428/4428/4428 4429/4429/4429
f 4430/4430/4430 4431/4431/4431 4432/4432/4432
f 4433/4433/4433 4434/4434/4434 4435/4435/4435
f 4436/4436/4436 4437/4437/4437 4438/4438/4438
f 4439/4439/4439 4440/4440/4440 4441/4441/4441
f 4442/4442/4442 4443/4443/4443 4444/4444/4444
f 4445/4445/4445 4446/4446/4446 4447/4447/4447
f 4448/4448/4448 4449/4449/4449 4450/4450/4450
f 4451/4451/4451 4452/4452/4452 4453/4453/4453
f 4454/4454/4454 4455/4455/4455 4456/4456/4456
f 4457/4457/4457 4458/4458/4458 4459/4459/4459
f 4460/4460/4460 4461/4461/4461 4462/4462/4462
f 4463/4463/4463 4464/4464/4464 4465/4465/4465
f 4466/4466/4466 4467/4467/4467 4468/4468/4468
f 4469/4469/4469 4470/4470/4470 4471/4471/4471
f 4472/4472/4472 4473/4473/4473 4474/4474/4474
f 4475/4475/4475 4476/4476/4476 4477/4477/4477
f 4478/4478/4478 4479/4479/4479 4480/4480/4480
f 4481/4481/4481 4482/4482/4482 4483/4483/4483
f 4484/4484/4484 4485/4485/4485 4486/4486/4486
f 4487/4487/4487 4488/4488/4488 4489/4489/4489
f 4490/4490/4490 4491/4491/4491 4492/4492/4492
f 4493/4493/4493 4494/4494/4494 4495/4495/4495
f 4496/4496/4496 4497/4497/4497 4498/4498/4498
f 4499/4499/4499 4500/4500/4500 4501/4501/4501
f 4502/4502/4502 4503/4503/4503 4504/4504/4504
f 4505/4505/4505 4506/4506/4506 4507/4507/4507
f 4508/4508/4508 4509/4509/4509 4510/4510/4510
f 4511/4511/4511 4512/4512/4512 4513/4513/4513
f 4514/4514/4514 4515/4515/4515 4516/4516/4516
f 4517/4517/4517 4518/4518/4518 4519/4519/4519
f 4520/4520/4520 4521/4521/4521 4522/4522/4522
f 4523/4523/4523 4524/4524/4524 4525/4525/4525
f 4526/4526/4526 4527/4527/4527 4528/4528/4528
f 4529/4529/4529 4530/4530/4530 4531/4531/4531
f 4532/4532/4532 4533/4533/4533 4534/4534/4534
f 4535/4535/4535 4536/4536/4536 4537/4537/4537
f 4538/4538/4538 4539/4539/4539 4540/4540/4540
f 4541/4541/4541 4542/4542/4542 4543/4543/4543
f 4544/4544/4544 4545/4545/4545 4546/4546/4546
f 4547/4547/4547 4548/4548/4548 4549/4549/4549
f 4550/4550/4550 4551/4551/4551 4552/4552/4552
f 4553/4553/4553 4554/4554/4554 4555/4555/4555
f 4556/4556/4556 4557/4557/4557 4558/4558/4558
f 4559/4559/4559 4560/4560/4560 4561/4561/4561
f 4562/4562/4562 4563/4563/4563 4564/4564/4564
f 4565/4565/4565 4566/4566/4566 4567/4567/4567
f 4568/4568/4568 4569/4569/4569 4570/4570/4570
f 4571/4571/4571 4572/4572/4572 4573/4573/4573
f 4574/4574/4574 4575/4575/4575 4576/4576/4576
f 4577/4577/4577 4578/4578/4578 4579/4579/4579
f 4580/4580/4580 4581/4581/4581 4582/4582/4582
f 4583/4583/4583 4584/4584/4584 4585/4585/4585
f 4586/4586/4586 4587/4587/4587 4588/4588/4588
f 4589/4589/4589 4590/4590/4590 4591/4591/4591
f 4592/4592/4592 4593/4593/4593 4594/4594/4594
f 4595/4595/4595 4596/4596/4596 4597/4597/4597
f 4598/4598/4598 4599/4599/4599 4600/4600/4600
f 4601/4601/4601 4602/4602/4602 4603/4603/4603
f 4604/4604/4604 4605/4605/4605 4606/4606/4606
f 4607/4607/4607 4608/4608/4608 4609/4609/4609
f 4610/4610/4610 4611/4611/4611 4612/4612/4612
f 4613/4613/4613 4614/4614/4614 4615/4615/4615
f 4616/4616/4616 4617/4617/4617 4618/4618/4618
f 4619/4619/4619 4620/4620/4620 4621/4621/4621
f 4622/4622/4622 4623/4623/4623 4624/4624/4624
f 4625/4625/4625 4626/4626/4626 4627/4627/4627
f 4628/4628/4628 4629/4629/4629 4630/4630/4630
f 4631/4631/4631 4632/4632/4632 4633/4633/4633
f 4634/4634/4634 4635/4635/4635 4636/4636/4636
f 4637/4637/4637 4638/4638/4638 4639/4639/4639
f 4640/4640/4640 4641/4641/4641 4642/4642/4642
f 4643/4643/4643 4644/4644/4644 4645/4645/4645
f 4646/4646/4646 4647/4647/4647 4648/4648/4648
f 4649/4649/4649 4650/4650/4650 4651/4651/4651
f 4652/4652/4652 4653/4653/4653 4654/4654/4654
f 4655/4655/4655 4656/4656/4656 4657/4657/4657
f 4658/4658/4658 4659/4659/4659 4660/4660/4660
f 4661/4661/4661 4662/4662/4662 4663/4663/4663
f 4664/4664/4664 4665/4665/4665 4666/4666/4666
f 4667/4667/4667 4668/4668/4668 4669/4669/4669
f 4670/4670/4670 4671/4671/4671 4672/4672/4672
f 4673/4673/4673 4674/4674/4674 4675/4675/4675
f 4676/4676/4676 4677/4677/4677 4678/4678/4678
f 4679/4679/4679 4680/4680/4680 4681/4681/4681
f 4682/4682/4682 4683/4683/4683 4684/4684/4684
f 4685/4685/4685 4686/4686/4686 4687/4687/4687
f 4688/4688/4688 4689/4689/4689 4690/4690/4690
f 4691/4691/4691 4692/4692/4692 4693/4693/4693
f 4694/4694/4694 4695/4695/4695 4696/4696/4696
f 4697/4697/4697 4698/4698/4698 4699/4699/4699
f 4700/4700/4700 4701/4701/4701 4702/4702/4702
f 4703/4703/4703 4704/4704/4704 4705/4705/4705
f 4706/4706/4706 4707/4707/4707 4708/4708/4708
f 4709/4709/4709 4710/4710/4710 4711/4711/4711
f 4712/4712/4712 4713/4713/4713 4714/4714/4714
f 4715/4715/4715 4716/4716/4716 4717/4717/4717
f 4718/4718/4718 4719/4719/4719 4720/4720/4720
f 4721/4721/4721 4722/4722/4722 4723/4723/4723
f 4724/4724/4724 4725/4725/4725 4726/4726/4726
f 4727/4727/4727 4728/4728/4728 4729/4729/4729
f 4730/4730/4730 4731/4731/4731 4732/4732/4732
f 4733/4733/4733 4734/4734/4734 4735/4735/4735
f 4736/4736/4736 4737/4737/4737 4738/4738/4738
f 4739/4739/4739 4740/4740/4740 4741/4741/4741
f 4742/4742/4742 4743/4743/4743 4744/4744/4744
f 4745/4745/4745 4746/4746/4746 4747/4747/4747
f 4748/4748/4748 4749/4749/4749 4750/4750/4750
f 4751/4751/4751 4752/4752/4752 4753/4753/4753
f 4754/4754/4754 4755/4755/4755 4756/4756/4756
f 4757/4757/4757 4758/4758/4758 4759/4759/4759
f 4760/4760/4760 4761/4761/4761 4762/4762/4762
f 4763/4763/4763 4764/4764/4764 4765/4765/4765
f 4766/4766/4766 4767/4767/4767 4768/4768/4768
f 4769/4769/4769 4770/4770/4770 4771/4771/4771
f 4772/4772/4772 4773/4773/4773 4774/4774/4774
f 4775/4775/4775 4776/4776/4776 4777/4777/4777
f 4778/4778/4778 4779/4779/4779 4780/4780/4780
f 4781/4781/4781 4782/4782/4782 4783/4783/4783
f 4784/4784/4784 4785/4785/4785 4786/4786/4786
f 4787/4787/4787 4788/4788/4788 4789/4789/4789
f 4790/4790/4790 4791/4791/4791 4792/4792/4792
f 4793/4793/4793 4794/4794/4794 4795/4795/4795
f 4796/4796/4796 4797/4797/4797 4798/4798/4798
f 4799/4799/4799 4800/4800/4800 4801/4801/4801
f 4802/4802/4802 4803/4803/4803 4804/4804/4804
f 4805/4805/4805 4806/4806/4806 4807/4807/4807
f 4808/4808/4808 4809/4809/4809 4810/4810/4810
f 4811/4811/4811 4812/4812/4812 4813/4813/4813
f 4814/4814/4814 4815/4815/4815 4816/4816/4816
f 4817/4817/4817 4818/4818/4818 4819/4819/4819
f 4820/4820/4820 4821/4821/4821 4822/4822/4822
f 4823/4823/4823 4824/4824/4824 4825/4825/4825
f 4826/4826/4826 4827/4827/4827 4828/4828/4828
f 4829/4829/4829 4830/4830/4830 4831/4831/4831
f 4832/4832/4832 4833/4833/4833 4834/4834/4834
f 4835/4835/4835 4836/4836/4836 4837/4837/4837
f 4838/4838/4838 4839/4839/4839 4840/4840/4840
f 4841/4841/4841 4842/4842/4842 4843/4843/4843
f 4844/4844/4844 4845/4845/4845 4846/4846/4846
f 4847/4847/4847 4848/4848/4848 4849/4849/4849
f 4850/4850/4850 4851/4851/4851 4852/4852/4852
f 4853/4853/4853 4854/4854/4854 4855/4855/4855
f 4856/4856/4856 4857/4857/4857 4858/4858/4858
f 4859/4859/4859 4860/4860/4860 4861/4861/4861
f 4862/4862/4862 4863/4863/4863 4864/4864/4864
f 4865/4865/4865 4866/4866/4866 4867/4867/4867
f 4868/4868/4868 4869/4869/4869 4870/4870/4870
f 4871/4871/4871 4872/4872/4872 4873/4873/4873
f 4874/4874/4874 4875/4875/4875 4876/4876/4876
f 4877/4877/4877 4878/4878/4878 4879/4879/4879
f 4880/4880/4880 4881/4881/4881 4882/4882/4882
f 4883/4883/4883 4884/4884/4884 4885/4885/4885
f 4886/4886/4886 4887/4887/4887 4888/4888/4888
f 4889/4889/4889 4890/4890/4890 4891/4891/4891
f 4892/4892/4892 4893/4893/4893 4894/4894/4894
f 4895/4895/4895 4896/4896/4896 4897/4897/4897
f 4898/4898/4898 4899/4899/4899 4900/4900/4900
f 4901/4901/4901 4902/4902/4902 4903/4903/4903
f 4904/4904/4904 4905/4905/4905 4906/4906/4906
f 4907/4907/4907 4908/4908/4908 4909/4909/4909
f 4910/4910/4910 4911/4911/4911 4912/4912/4912
f 4913/4913/4913 4914/4914/4914 4915/4915/4915
f 4916/4916/4916 4917/4917/4917 4918/4918/4918
f 4917/4917/4917 4919/4919/4919 4918/4918/4918
f 4920/4920/4920 4921/4921/4921 4922/4922/4922
f 4923/4923/4923 4920/4920/4920 4922/4922/4922
f 4924/4924/4924 4925/4925/4925 4926/4926/4926
f 4926/4926/4926 4925/4925/4925 4927/4927/4927
f 4928/4928/4928 4929/4929/4929 4930/4930/4930
f 4928/4928/4928 4930/4930/4930 4931/4931/4931
f 4932/4932/4932 4933/4933/4933 4934/4934/4934
f 4932/4932/4932 4934/4934/4934 4935/4935/4935
f 4936/4936/4936 4937/4937/4937 4938/4938/4938
f 4936/4936/4936 4939/4939/4939 4937/4937/4937
f 4940/4940/4940 4941/4941/4941 4942/4942/4942
f 4943/4943/4943 4942/4942/4942 4941/4941/4941
f 4944/4944/4944 4945/4945/4945 4946/4946/4946
f 4945/4945/4945 4944/4944/4944 4947/4947/4947
f 4948/4948/4948 4949/4949/4949 4950/4950/4950
f 4948/4948/4948 4950/4950/4950 4951/4951/4951
f 4952/4952/4952 4953/4953/4953 4954/4954/4954
f 4953/4953/4953 4952/4952/4952 4955/4955/4955
f 4956/4956/4956 4957/4957/4957 4958/4958/4958
f 4958/4958/4958 4959/4959/4959 4956/4956/4956
f 4960/4960/4960 4961/4961/4961 4962/4962/4962
f 4963/4963/4963 4961/4961/4961 4960/4960/4960
f 4964/4964/4964 4965/4965/4965 4966/4966/4966
f 4966/4966/4966 4967/4967/4967 4964/4964/4964
f 4968/4968/4968 4969/4969/4969 4970/4970/4970
f 4969/4969/4969 4968/4968/4968 4971/4971/4971
f 4972/4972/4972 4973/4973/4973 4974/4974/4974
f 4975/4975/4975 4973/4973/4973 4972/4972/4972
f 4976/4976/4976 4977/4977/4977 4978/4978/4978
f 4977/4977/4977 4976/4976/4976 4979/4979/4979
f 4980/4980/4980 4981/4981/4981 4982/4982/4982
f 4980/4980/4980 4982/4982/4982 4983/4983/4983
f 4984/4984/4984 4985/4985/4985 4986/4986/4986
f 4984/4984/4984 4986/4986/4986 4987/4987/4987
f 4988/4988/4988 4989/4989/4989 4990/4990/4990
f 4988/4988/4988 4990/4990/4990 4991/4991/4991
f 4992/4992/4992 4993/4993/4993 4994/4994/4994
f 4994/4994/4994 4995/4995/4995 4992/4992/4992
f 4994/4994/4994 4996/4996/4996 4995/4995/4995
f 4997/4997/4997 4998/4998/4998 4999/4999/4999
f 4997/4997/4997 4999/4999/4999 5000/5000/5000
f 5001/5001/5001 5002/5002/5002 5003/5003/5003
f 5001/5001/5001 5003/5003/5003 5004/5004/5004
f 5005/5005/5005 5006/5006/5006 5007/5007/5007
f 5008/5008/5008 5006/5006/5006 5005/5005/5005
f 5009/5009/5009 5010/5010/5010 5011/5011/5011
f 5009/5009/5009 5011/5011/5011 5012/5012/5012
f 5013/5013/5013 5014/5014/5014 5015/5015/5015
f 5013/5013/5013 5015/5015/5015 5016/5016/5016
f 5017/5017/5017 5018/5018/5018 5019/5019/5019
f 5017/5017/5017 5019/5019/5019 5020/5020/5020
f 5021/5021/5021 5022/5022/5022 5023/5023/5023
f 5021/5021/5021 5023/5023/5023 5024/5024/5024
f 5025/5025/5025 5026/5026/5026 5027/5027/5027
f 5025/5025/5025 5027/5027/5027 5028/5028/5028
f 5029/5029/5029 5030/5030/5030 5031/5031/5031
f 5029/5029/5029 5031/5031/5031 5032/5032/5032
f 5033/5033/5033 5034/5034/5034 5035/5035/5035
f 5033/5033/5033 5035/5035/5035 5036/5036/5036
f 5037/5037/5037 5038/5038/5038 5039/5039/5039
f 5037/5037/5037 5039/5039/5039 5040/5040/5040
f 5041/5041/5041 5042/5042/5042 5043/5043/5043
f 5041/5041/5041 5043/5043/5043 5044/5044/5044
f 5045/5045/5045 5046/5046/5046 5047/5047/5047
f 5045/5045/5045 5047/5047/5047 5048/5048/5048
f 5049/5049/5049 5050/5050/5050 5051/5051/5051
f 5049/5049/5049 5051/5051/5051 5052/5052/5052
f 5053/5053/5053 5054/5054/5054 5055/5055/5055
f 5053/5053/5053 5055/5055/5055 5056/5056/5056
f 5057/5057/5057 5058/5058/5058 5059/5059/5059
f 5057/5057/5057 5059/5059/5059 5060/5060/5060
f 5061/5061/5061 5062/5062/5062 5063/5063/5063
f 5061/5061/5061 5063/5063/5063 5064/5064/5064
f 5065/5065/5065 5066/5066/5066 5067/5067/5067
f 5068/5068/5068 5065/5065/5065 5067/5067/5067
f 5067/5067/5067 5069/5069/5069 5068/5068/5068
f 5068/5068/5068 5070/5070/5070 5065/5065/5065
f 5071/5071/5071 5072/5072/5072 5073/5073/5073
f 5071/5071/5071 5073/5073/5073 5074/5074/5074
f 5075/5075/5075 5076/5076/5076 5077/5077/5077
f 5075/5075/5075 5077/5077/5077 5078/5078/5078
f 5079/5079/5079 5080/5080/5080 5081/5081/5081
f 5079/5079/5079 5081/5081/5081 5082/5082/5082
f 5083/5083/5083 5084/5084/5084 5085/5085/5085
f 5083/5083/5083 5085/5085/5085 5086/5086/5086
f 5087/5087/5087 5088/5088/5088 5089/5089/5089
f 5087/5087/5087 5089/5089/5089 5090/5090/5090
f 5091/5091/5091 5092/5092/5092 5093/5093/5093
f 5091/5091/5091 5093/5093/5093 5094/5094/5094
f 5095/5095/5095 5096/5096/5096 5097/5097/5097
f 5095/5095/5095 5097/5097/5097 5098/5098/5098
f 5099/5099/5099 5100/5100/5100 5101/5101/5101
f 5099/5099/5099 5101/5101/5101 5102/5102/5102
f 5103/5103/5103 5104/5104/5104 5105/5105/5105
f 5103/5103/5103 5105/5105/5105 5106/5106/5106
f 5107/5107/5107 5108/5108/5108 5109/5109/5109
f 5107/5107/5107 5109/5109/5109 5110/5110/5110
