# Extracted losslessly from Unity Mesh asset: C:/Users/slicc/Documents/Changing My Life/Game/Assets/_Project/Art/Cinematics/Meshes/MSH_CIN_Asteroid_07.asset
o MSH_CIN_Asteroid_07
v 0 0 47.2456098
v 0 10.8854257 47.6921648
v 0 0 47.2456098
v 0 0 47.2456098
v 0 10.8854257 47.6921648
v 3.69357839 10.1480231 47.3148257
v 0 0 47.2456098
v 3.69357839 10.1480231 47.3148257
v 0 0 47.2456098
v 0 0 47.2456098
v 3.69357839 10.1480231 47.3148257
v 6.86596856 8.18254203 46.7989296
v 0 0 47.2456098
v 6.86596856 8.18254203 46.7989296
v 0 0 47.2456098
v 0 0 47.2456098
v 6.86596856 8.18254203 46.7989296
v 9.13086534 5.2717071 46.1937159
v 0 0 47.2456098
v 9.13086534 5.2717071 46.1937159
v 0 0 47.2456098
v 0 0 47.2456098
v 9.13086534 5.2717071 46.1937159
v 10.2417208 1.80589091 45.5641299
v 0 0 47.2456098
v 10.2417208 1.80589091 45.5641299
v 0 -0 47.2456098
v 0 -0 47.2456098
v 10.2417208 1.80589091 45.5641299
v 10.1080313 -1.78231876 44.969365
v 0 -0 47.2456098
v 10.1080313 -1.78231876 44.969365
v 0 -0 47.2456098
v 0 -0 47.2456098
v 10.1080313 -1.78231876 44.969365
v 8.79452825 -5.07752374 44.4921643
v 0 -0 47.2456098
v 8.79452825 -5.07752374 44.4921643
v 0 -0 47.2456098
v 0 -0 47.2456098
v 8.79452825 -5.07752374 44.4921643
v 6.48808926 -7.7322036 44.2232788
v 0 -0 47.2456098
v 6.48808926 -7.7322036 44.2232788
v 0 -0 47.2456098
v 0 -0 47.2456098
v 6.48808926 -7.7322036 44.2232788
v 3.45184393 -9.48386788 44.2182213
v 0 -0 47.2456098
v 3.45184393 -9.48386788 44.2182213
v -0 -0 47.2456098
v -0 -0 47.2456098
v 3.45184393 -9.48386788 44.2182213
v -8.87535379e-07 -10.1522222 44.4797903
v -0 -0 47.2456098
v -8.87535379e-07 -10.1522222 44.4797903
v -0 -0 47.2456098
v -0 -0 47.2456098
v -8.87535379e-07 -10.1522222 44.4797903
v -3.50949466 -9.64225605 44.956708
v -0 -0 47.2456098
v -3.50949466 -9.64225605 44.956708
v -0 -0 47.2456098
v -0 -0 47.2456098
v -3.50949466 -9.64225605 44.956708
v -6.68410733 -7.96580538 45.5593437
v -0 -0 47.2456098
v -6.68410733 -7.96580538 45.5593437
v -0 -0 47.2456098
v -0 -0 47.2456098
v -6.68410733 -7.96580538 45.5593437
v -9.13411304 -5.2735813 46.2101489
v -0 -0 47.2456098
v -9.13411304 -5.2735813 46.2101489
v -0 -0 47.2456098
v -0 -0 47.2456098
v -9.13411304 -5.2735813 46.2101489
v -10.5273224 -1.8562505 46.8347371
v -0 -0 47.2456098
v -10.5273224 -1.8562505 46.8347371
v -0 0 47.2456098
v -0 0 47.2456098
v -10.5273224 -1.8562505 46.8347371
v -10.6450789 1.87701434 47.3586231
v -0 0 47.2456098
v -10.6450789 1.87701434 47.3586231
v -0 0 47.2456098
v -0 0 47.2456098
v -10.6450789 1.87701434 47.3586231
v -9.43410322 5.44678085 47.7278203
v -0 0 47.2456098
v -9.43410322 5.44678085 47.7278203
v -0 0 47.2456098
v -0 0 47.2456098
v -9.43410322 5.44678085 47.7278203
v -7.02913031 8.37699622 47.9110688
v -0 0 47.2456098
v -7.02913031 8.37699622 47.9110688
v -0 0 47.2456098
v -0 0 47.2456098
v -7.02913031 8.37699622 47.9110688
v -3.73905227 10.2729686 47.8973776
v -0 0 47.2456098
v -3.73905227 10.2729686 47.8973776
v 0 0 47.2456098
v 0 0 47.2456098
v -3.73905227 10.2729686 47.8973776
v 1.90326812e-06 10.8854257 47.6921648
v 0 10.8854257 47.6921648
v 0 21.8483403 45.3685433
v 3.69357839 10.1480231 47.3148257
v 3.69357839 10.1480231 47.3148257
v 0 21.8483403 45.3685433
v 7.37956017 20.2751756 44.803834
v 3.69357839 10.1480231 47.3148257
v 7.37956017 20.2751756 44.803834
v 6.86596856 8.18254203 46.7989296
v 6.86596856 8.18254203 46.7989296
v 7.37956017 20.2751756 44.803834
v 13.6244729 16.2370145 44.0137714
v 6.86596856 8.18254203 46.7989296
v 13.6244729 16.2370145 44.0137714
v 9.13086534 5.2717071 46.1937159
v 9.13086534 5.2717071 46.1937159
v 13.6244729 16.2370145 44.0137714
v 17.9534569 10.3654318 43.0480808
v 9.13086534 5.2717071 46.1937159
v 17.9534569 10.3654318 43.0480808
v 10.2417208 1.80589091 45.5641299
v 10.2417208 1.80589091 45.5641299
v 17.9534569 10.3654318 43.0480808
v 19.9036822 3.50955464 41.9680059
v 10.2417208 1.80589091 45.5641299
v 19.9036822 3.50955464 41.9680059
v 10.1080313 -1.78231876 44.969365
v 10.1080313 -1.78231876 44.969365
v 19.9036822 3.50955464 41.9680059
v 19.3639129 -3.41438092 40.8298761
v 10.1080313 -1.78231876 44.969365
v 19.3639129 -3.41438092 40.8298761
v 8.79452825 -5.07752374 44.4921643
v 8.79452825 -5.07752374 44.4921643
v 19.3639129 -3.41438092 40.8298761
v 16.623275 -9.59745347 39.8586273
v 8.79452825 -5.07752374 44.4921643
v 16.623275 -9.59745347 39.8586273
v 6.48808926 -7.7322036 44.2232788
v 6.48808926 -7.7322036 44.2232788
v 16.623275 -9.59745347 39.8586273
v 12.161611 -14.4936427 39.2880052
v 6.48808926 -7.7322036 44.2232788
v 12.161611 -14.4936427 39.2880052
v 3.45184393 -9.48386788 44.2182213
v 3.45184393 -9.48386788 44.2182213
v 12.161611 -14.4936427 39.2880052
v 6.46775067 -17.7700073 39.2679423
v 3.45184393 -9.48386788 44.2182213
v 6.46775067 -17.7700073 39.2679423
v -8.87535379e-07 -10.1522222 44.4797903
v -8.87535379e-07 -10.1522222 44.4797903
v 6.46775067 -17.7700073 39.2679423
v -1.67596372e-06 -19.1707909 39.8085535
v -8.87535379e-07 -10.1522222 44.4797903
v -1.67596372e-06 -19.1707909 39.8085535
v -3.50949466 -9.64225605 44.956708
v -3.50949466 -9.64225605 44.956708
v -1.67596372e-06 -19.1707909 39.8085535
v -6.71602488 -18.4521288 40.7752872
v -3.50949466 -9.64225605 44.956708
v -6.71602488 -18.4521288 40.7752872
v -6.68410733 -7.96580538 45.5593437
v -6.68410733 -7.96580538 45.5593437
v -6.71602488 -18.4521288 40.7752872
v -12.9818007 -15.4711023 41.9376165
v -6.68410733 -7.96580538 45.5593437
v -12.9818007 -15.4711023 41.9376165
v -9.13411304 -5.2735813 46.2101489
v -9.13411304 -5.2735813 46.2101489
v -12.9818007 -15.4711023 41.9376165
v -17.9648682 -10.3720188 43.0754453
v -9.13411304 -5.2735813 46.2101489
v -17.9648682 -10.3720188 43.0754453
v -10.5273224 -1.8562505 46.8347371
v -10.5273224 -1.8562505 46.8347371
v -17.9648682 -10.3720188 43.0754453
v -20.9200397 -3.68876606 44.1110522
v -10.5273224 -1.8562505 46.8347371
v -20.9200397 -3.68876606 44.1110522
v -10.6450789 1.87701434 47.3586231
v -10.6450789 1.87701434 47.3586231
v -20.9200397 -3.68876606 44.1110522
v -21.3105366 3.75762209 44.9344397
v -10.6450789 1.87701434 47.3586231
v -21.3105366 3.75762209 44.9344397
v -9.43410322 5.44678085 47.7278203
v -9.43410322 5.44678085 47.7278203
v -21.3105366 3.75762209 44.9344397
v -18.9648867 10.9493792 45.4732448
v -9.43410322 5.44678085 47.7278203
v -18.9648867 10.9493792 45.4732448
v -7.02913031 8.37699622 47.9110688
v -7.02913031 8.37699622 47.9110688
v -18.9648867 10.9493792 45.4732448
v -14.1433403 16.8553844 45.6899822
v -7.02913031 8.37699622 47.9110688
v -14.1433403 16.8553844 45.6899822
v -3.73905227 10.2729686 47.8973776
v -3.73905227 10.2729686 47.8973776
v -14.1433403 16.8553844 45.6899822
v -7.5209856 20.6637532 45.6625074
v -3.73905227 10.2729686 47.8973776
v -7.5209856 20.6637532 45.6625074
v 1.90326812e-06 10.8854257 47.6921648
v 1.90326812e-06 10.8854257 47.6921648
v -7.5209856 20.6637532 45.6625074
v 3.82008523e-06 21.8483403 45.3685433
v 0 21.8483403 45.3685433
v 0 31.7546487 39.8190677
v 7.37956017 20.2751756 44.803834
v 7.37956017 20.2751756 44.803834
v 0 31.7546487 39.8190677
v 10.7884638 29.641059 39.5541131
v 7.37956017 20.2751756 44.803834
v 10.7884638 29.641059 39.5541131
v 13.6244729 16.2370145 44.0137714
v 13.6244729 16.2370145 44.0137714
v 10.7884638 29.641059 39.5541131
v 19.8882431 23.7018853 38.7982965
v 13.6244729 16.2370145 44.0137714
v 19.8882431 23.7018853 38.7982965
v 17.9534569 10.3654318 43.0480808
v 17.9534569 10.3654318 43.0480808
v 19.8882431 23.7018853 38.7982965
v 26.1129349 15.0763094 37.8101856
v 17.9534569 10.3654318 43.0480808
v 26.1129349 15.0763094 37.8101856
v 19.9036822 3.50955464 41.9680059
v 19.9036822 3.50955464 41.9680059
v 26.1129349 15.0763094 37.8101856
v 28.729111 5.06571494 36.5809053
v 19.9036822 3.50955464 41.9680059
v 28.729111 5.06571494 36.5809053
v 19.3639129 -3.41438092 40.8298761
v 19.3639129 -3.41438092 40.8298761
v 28.729111 5.06571494 36.5809053
v 27.6053697 -4.86757196 35.1500422
v 19.3639129 -3.41438092 40.8298761
v 27.6053697 -4.86757196 35.1500422
v 16.623275 -9.59745347 39.8586273
v 16.623275 -9.59745347 39.8586273
v 27.6053697 -4.86757196 35.1500422
v 23.385343 -13.5015354 33.8607728
v 16.623275 -9.59745347 39.8586273
v 23.385343 -13.5015354 33.8607728
v 12.161611 -14.4936427 39.2880052
v 12.161611 -14.4936427 39.2880052
v 23.385343 -13.5015354 33.8607728
v 16.9557378 -20.2070609 33.0775201
v 12.161611 -14.4936427 39.2880052
v 16.9557378 -20.2070609 33.0775201
v 6.46775067 -17.7700073 39.2679423
v 6.46775067 -17.7700073 39.2679423
v 16.9557378 -20.2070609 33.0775201
v 9.01175216 -24.7595966 33.0401093
v 6.46775067 -17.7700073 39.2679423
v 9.01175216 -24.7595966 33.0401093
v -1.67596372e-06 -19.1707909 39.8085535
v -1.67596372e-06 -19.1707909 39.8085535
v 9.01175216 -24.7595966 33.0401093
v -2.35413324e-06 -26.9281447 33.766821
v -1.67596372e-06 -19.1707909 39.8085535
v -2.35413324e-06 -26.9281447 33.766821
v -6.71602488 -18.4521288 40.7752872
v -6.71602488 -18.4521288 40.7752872
v -2.35413324e-06 -26.9281447 33.766821
v -9.55879837 -26.2625813 35.0457489
v -6.71602488 -18.4521288 40.7752872
v -9.55879837 -26.2625813 35.0457489
v -12.9818007 -15.4711023 41.9376165
v -12.9818007 -15.4711023 41.9376165
v -9.55879837 -26.2625813 35.0457489
v -18.7196121 -22.3091573 36.5185052
v -12.9818007 -15.4711023 41.9376165
v -18.7196121 -22.3091573 36.5185052
v -17.9648682 -10.3720188 43.0754453
v -17.9648682 -10.3720188 43.0754453
v -18.7196121 -22.3091573 36.5185052
v -26.1333823 -15.0881127 37.8397912
v -17.9648682 -10.3720188 43.0754453
v -26.1333823 -15.0881127 37.8397912
v -20.9200397 -3.68876606 44.1110522
v -20.9200397 -3.68876606 44.1110522
v -26.1333823 -15.0881127 37.8397912
v -30.5931181 -5.3943906 38.9543533
v -20.9200397 -3.68876606 44.1110522
v -30.5931181 -5.3943906 38.9543533
v -21.3105366 3.75762209 44.9344397
v -21.3105366 3.75762209 44.9344397
v -30.5931181 -5.3943906 38.9543533
v -31.1413705 5.491063 39.6524489
v -21.3105366 3.75762209 44.9344397
v -31.1413705 5.491063 39.6524489
v -18.9648867 10.9493792 45.4732448
v -18.9648867 10.9493792 45.4732448
v -31.1413705 5.491063 39.6524489
v -27.4891138 15.8708438 39.8028225
v -18.9648867 10.9493792 45.4732448
v -27.4891138 15.8708438 39.8028225
v -14.1433403 16.8553844 45.6899822
v -14.1433403 16.8553844 45.6899822
v -27.4891138 15.8708438 39.8028225
v -20.3984812 24.3099779 39.793691
v -14.1433403 16.8553844 45.6899822
v -20.3984812 24.3099779 39.793691
v -7.5209856 20.6637532 45.6625074
v -7.5209856 20.6637532 45.6625074
v -20.3984812 24.3099779 39.793691
v -10.8596571 29.8366874 39.8151606
v -7.5209856 20.6637532 45.6625074
v -10.8596571 29.8366874 39.8151606
v 3.82008523e-06 21.8483403 45.3685433
v 3.82008523e-06 21.8483403 45.3685433
v -10.8596571 29.8366874 39.8151606
v 5.55215927e-06 31.7546487 39.8190677
v 0 31.7546487 39.8190677
v 0 39.5316392 31.5254301
v 10.7884638 29.641059 39.5541131
v 10.7884638 29.641059 39.5541131
v 0 39.5316392 31.5254301
v 13.551788 37.2332275 31.598106
v 10.7884638 29.641059 39.5541131
v 13.551788 37.2332275 31.598106
v 19.8882431 23.7018853 38.7982965
v 19.8882431 23.7018853 38.7982965
v 13.551788 37.2332275 31.598106
v 25.2121061 30.046618 31.2793553
v 19.8882431 23.7018853 38.7982965
v 25.2121061 30.046618 31.2793553
v 26.1129349 15.0763094 37.8101856
v 26.1129349 15.0763094 37.8101856
v 25.2121061 30.046618 31.2793553
v 33.1842333 19.1589236 30.5574656
v 26.1129349 15.0763094 37.8101856
v 33.1842333 19.1589236 30.5574656
v 28.729111 5.06571494 36.5809053
v 28.729111 5.06571494 36.5809053
v 33.1842333 19.1589236 30.5574656
v 36.4326954 6.42406419 29.5023113
v 28.729111 5.06571494 36.5809053
v 36.4326954 6.42406419 29.5023113
v 27.6053697 -4.86757196 35.1500422
v 27.6053697 -4.86757196 35.1500422
v 36.4326954 6.42406419 29.5023113
v 34.7399443 -6.12558983 28.1315625
v 27.6053697 -4.86757196 35.1500422
v 34.7399443 -6.12558983 28.1315625
v 23.385343 -13.5015354 33.8607728
v 23.385343 -13.5015354 33.8607728
v 34.7399443 -6.12558983 28.1315625
v 29.1350394 -16.8211251 26.8287957
v 23.385343 -13.5015354 33.8607728
v 29.1350394 -16.8211251 26.8287957
v 16.9557378 -20.2070609 33.0775201
v 16.9557378 -20.2070609 33.0775201
v 29.1350394 -16.8211251 26.8287957
v 20.9673628 -24.9879286 26.013121
v 16.9557378 -20.2070609 33.0775201
v 20.9673628 -24.9879286 26.013121
v 9.01175216 -24.7595966 33.0401093
v 9.01175216 -24.7595966 33.0401093
v 20.9673628 -24.9879286 26.013121
v 11.1359388 -30.5957526 25.9651899
v 9.01175216 -24.7595966 33.0401093
v 11.1359388 -30.5957526 25.9651899
v -2.35413324e-06 -26.9281447 33.766821
v -2.35413324e-06 -26.9281447 33.766821
v 11.1359388 -30.5957526 25.9651899
v -2.92786169e-06 -33.4908307 26.7080456
v -2.35413324e-06 -26.9281447 33.766821
v -2.92786169e-06 -33.4908307 26.7080456
v -9.55879837 -26.2625813 35.0457489
v -9.55879837 -26.2625813 35.0457489
v -2.92786169e-06 -33.4908307 26.7080456
v -12.0070376 -32.9890639 27.9962808
v -9.55879837 -26.2625813 35.0457489
v -12.0070376 -32.9890639 27.9962808
v -18.7196121 -22.3091573 36.5185052
v -18.7196121 -22.3091573 36.5185052
v -12.0070376 -32.9890639 27.9962808
v -23.7122312 -28.2591254 29.4185311
v -18.7196121 -22.3091573 36.5185052
v -23.7122312 -28.2591254 29.4185311
v -26.1333823 -15.0881127 37.8397912
v -26.1333823 -15.0881127 37.8397912
v -23.7122312 -28.2591254 29.4185311
v -33.2098782 -19.1737279 30.5810779
v -26.1333823 -15.0881127 37.8397912
v -33.2098782 -19.1737279 30.5810779
v -30.5931181 -5.3943906 38.9543533
v -30.5931181 -5.3943906 38.9543533
v -33.2098782 -19.1737279 30.5810779
v -38.7976319 -6.84106797 31.4173788
v -30.5931181 -5.3943906 38.9543533
v -38.7976319 -6.84106797 31.4173788
v -31.1413705 5.491063 39.6524489
v -31.1413705 5.491063 39.6524489
v -38.7976319 -6.84106797 31.4173788
v -38.9132828 6.86146095 31.5110296
v -31.1413705 5.491063 39.6524489
v -38.9132828 6.86146095 31.5110296
v -27.4891138 15.8708438 39.8028225
v -27.4891138 15.8708438 39.8028225
v -38.9132828 6.86146095 31.5110296
v -34.0316921 19.6482018 31.3378394
v -27.4891138 15.8708438 39.8028225
v -34.0316921 19.6482018 31.3378394
v -20.3984812 24.3099779 39.793691
v -20.3984812 24.3099779 39.793691
v -34.0316921 19.6482018 31.3378394
v -25.1971275 30.0287873 31.2607855
v -20.3984812 24.3099779 39.793691
v -25.1971275 30.0287873 31.2607855
v -10.8596571 29.8366874 39.8151606
v -10.8596571 29.8366874 39.8151606
v -25.1971275 30.0287873 31.2607855
v -13.4461358 36.9429797 31.3517869
v -10.8596571 29.8366874 39.8151606
v -13.4461358 36.9429797 31.3517869
v 5.55215927e-06 31.7546487 39.8190677
v 5.55215927e-06 31.7546487 39.8190677
v -13.4461358 36.9429797 31.3517869
v 6.91193165e-06 39.5316392 31.5254301
v 0 39.5316392 31.5254301
v 0 44.8870152 21.6164485
v 13.551788 37.2332275 31.598106
v 13.551788 37.2332275 31.598106
v 0 44.8870152 21.6164485
v 15.5091971 42.6111668 21.8374133
v 13.551788 37.2332275 31.598106
v 15.5091971 42.6111668 21.8374133
v 25.2121061 30.046618 31.2793553
v 25.2121061 30.046618 31.2793553
v 15.5091971 42.6111668 21.8374133
v 29.1461915 34.7350746 21.8362421
v 25.2121061 30.046618 31.2793553
v 29.1461915 34.7350746 21.8362421
v 33.1842333 19.1589236 30.5574656
v 33.1842333 19.1589236 30.5574656
v 29.1461915 34.7350746 21.8362421
v 38.6870474 22.3359764 21.5128809
v 33.1842333 19.1589236 30.5574656
v 38.6870474 22.3359764 21.5128809
v 36.4326954 6.42406419 29.5023113
v 36.4326954 6.42406419 29.5023113
v 38.6870474 22.3359764 21.5128809
v 42.6460147 7.51964003 20.8540589
v 36.4326954 6.42406419 29.5023113
v 42.6460147 7.51964003 20.8540589
v 34.7399443 -6.12558983 28.1315625
v 34.7399443 -6.12558983 28.1315625
v 42.6460147 7.51964003 20.8540589
v 40.6096578 -7.16057941 19.8582739
v 34.7399443 -6.12558983 28.1315625
v 40.6096578 -7.16057941 19.8582739
v 29.1350394 -16.8211251 26.8287957
v 29.1350394 -16.8211251 26.8287957
v 40.6096578 -7.16057941 19.8582739
v 33.9075059 -19.5765123 18.8551009
v 29.1350394 -16.8211251 26.8287957
v 33.9075059 -19.5765123 18.8551009
v 20.9673628 -24.9879286 26.013121
v 20.9673628 -24.9879286 26.013121
v 33.9075059 -19.5765123 18.8551009
v 24.3030608 -28.9632559 18.2077825
v 20.9673628 -24.9879286 26.013121
v 24.3030608 -28.9632559 18.2077825
v 11.1359388 -30.5957526 25.9651899
v 11.1359388 -30.5957526 25.9651899
v 24.3030608 -28.9632559 18.2077825
v 12.8994599 -35.4409933 18.1628346
v 11.1359388 -30.5957526 25.9651899
v 12.8994599 -35.4409933 18.1628346
v -2.92786169e-06 -33.4908307 26.7080456
v -2.92786169e-06 -33.4908307 26.7080456
v 12.8994599 -35.4409933 18.1628346
v -3.40226727e-06 -38.9174014 18.741633
v -2.92786169e-06 -33.4908307 26.7080456
v -3.40226727e-06 -38.9174014 18.741633
v -12.0070376 -32.9890639 27.9962808
v -12.0070376 -32.9890639 27.9962808
v -3.40226727e-06 -38.9174014 18.741633
v -14.0127525 -38.4997219 19.7303757
v -12.0070376 -32.9890639 27.9962808
v -14.0127525 -38.4997219 19.7303757
v -23.7122312 -28.2591254 29.4185311
v -23.7122312 -28.2591254 29.4185311
v -14.0127525 -38.4997219 19.7303757
v -27.7273417 -33.0441475 20.7732409
v -23.7122312 -28.2591254 29.4185311
v -27.7273417 -33.0441475 20.7732409
v -33.2098782 -19.1737279 30.5810779
v -33.2098782 -19.1737279 30.5810779
v -27.7273417 -33.0441475 20.7732409
v -38.7307823 -22.3612219 21.5371996
v -33.2098782 -19.1737279 30.5810779
v -38.7307823 -22.3612219 21.5371996
v -38.7976319 -6.84106797 31.4173788
v -38.7976319 -6.84106797 31.4173788
v -38.7307823 -22.3612219 21.5371996
v -44.8974907 -7.91663677 21.9550401
v -38.7976319 -6.84106797 31.4173788
v -44.8974907 -7.91663677 21.9550401
v -38.9132828 6.86146095 31.5110296
v -38.9132828 6.86146095 31.5110296
v -44.8974907 -7.91663677 21.9550401
v -44.6945906 7.88086131 21.8558222
v -38.9132828 6.86146095 31.5110296
v -44.6945906 7.88086131 21.8558222
v -34.0316921 19.6482018 31.3378394
v -34.0316921 19.6482018 31.3378394
v -44.6945906 7.88086131 21.8558222
v -38.8653606 22.4389225 21.6120362
v -34.0316921 19.6482018 31.3378394
v -38.8653606 22.4389225 21.6120362
v -25.1971275 30.0287873 31.2607855
v -25.1971275 30.0287873 31.2607855
v -38.8653606 22.4389225 21.6120362
v -28.5507947 34.025529 21.3901803
v -25.1971275 30.0287873 31.2607855
v -28.5507947 34.025529 21.3901803
v -13.4461358 36.9429797 31.3517869
v -13.4461358 36.9429797 31.3517869
v -28.5507947 34.025529 21.3901803
v -15.1802287 41.7073667 21.3742331
v -13.4461358 36.9429797 31.3517869
v -15.1802287 41.7073667 21.3742331
v 6.91193165e-06 39.5316392 31.5254301
v 6.91193165e-06 39.5316392 31.5254301
v -15.1802287 41.7073667 21.3742331
v 7.84829481e-06 44.8870152 21.6164485
v 0 44.8870152 21.6164485
v 0 47.6478279 10.8753018
v 15.5091971 42.6111668 21.8374133
v 15.5091971 42.6111668 21.8374133
v 0 47.6478279 10.8753018
v 16.5914536 45.5846459 11.0721253
v 15.5091971 42.6111668 21.8374133
v 16.5914536 45.5846459 11.0721253
v 29.1461915 34.7350746 21.8362421
v 29.1461915 34.7350746 21.8362421
v 16.5914536 45.5846459 11.0721253
v 31.4459145 37.4757797 11.1659311
v 29.1461915 34.7350746 21.8362421
v 31.4459145 37.4757797 11.1659311
v 38.6870474 22.3359764 21.5128809
v 38.6870474 22.3359764 21.5128809
v 31.4459145 37.4757797 11.1659311
v 42.1565205 24.3390754 11.1104675
v 38.6870474 22.3359764 21.5128809
v 42.1565205 24.3390754 11.1104675
v 42.6460147 7.51964003 20.8540589
v 42.6460147 7.51964003 20.8540589
v 42.1565205 24.3390754 11.1104675
v 46.9049275 8.27060118 10.8708933
v 42.6460147 7.51964003 20.8540589
v 46.9049275 8.27060118 10.8708933
v 40.6096578 -7.16057941 19.8582739
v 40.6096578 -7.16057941 19.8582739
v 46.9049275 8.27060118 10.8708933
v 44.9117541 -7.91915506 10.4089476
v 40.6096578 -7.16057941 19.8582739
v 44.9117541 -7.91915506 10.4089476
v 33.9075059 -19.5765123 18.8551009
v 33.9075059 -19.5765123 18.8551009
v 44.9117541 -7.91915506 10.4089476
v 37.575829 -21.6944188 9.90321487
v 33.9075059 -19.5765123 18.8551009
v 37.575829 -21.6944188 9.90321487
v 24.3030608 -28.9632559 18.2077825
v 24.3030608 -28.9632559 18.2077825
v 37.575829 -21.6944188 9.90321487
v 26.9394755 -32.1052164 9.56576839
v 24.3030608 -28.9632559 18.2077825
v 26.9394755 -32.1052164 9.56576839
v 12.8994599 -35.4409933 18.1628346
v 12.8994599 -35.4409933 18.1628346
v 26.9394755 -32.1052164 9.56576839
v 14.2932713 -39.2704606 9.53846276
v 12.8994599 -35.4409933 18.1628346
v 14.2932713 -39.2704606 9.53846276
v -3.40226727e-06 -38.9174014 18.741633
v -3.40226727e-06 -38.9174014 18.741633
v 14.2932713 -39.2704606 9.53846276
v -3.76672666e-06 -43.0863321 9.83417034
v -3.40226727e-06 -38.9174014 18.741633
v -3.76672666e-06 -43.0863321 9.83417034
v -14.0127525 -38.4997219 19.7303757
v -14.0127525 -38.4997219 19.7303757
v -3.76672666e-06 -43.0863321 9.83417034
v -15.4805258 -42.5323933 10.330759
v -14.0127525 -38.4997219 19.7303757
v -15.4805258 -42.5323933 10.330759
v -27.7273417 -33.0441475 20.7732409
v -27.7273417 -33.0441475 20.7732409
v -15.4805258 -42.5323933 10.330759
v -30.4940045 -36.3413244 10.8279213
v -27.7273417 -33.0441475 20.7732409
v -30.4940045 -36.3413244 10.8279213
v -38.7307823 -22.3612219 21.5371996
v -38.7307823 -22.3612219 21.5371996
v -30.4940045 -36.3413244 10.8279213
v -42.6713914 -24.6363342 11.2461634
v -38.7307823 -22.3612219 21.5371996
v -42.6713914 -24.6363342 11.2461634
v -44.8974907 -7.91663677 21.9550401
v -44.8974907 -7.91663677 21.9550401
v -42.6713914 -24.6363342 11.2461634
v -49.1663784 -8.669357 11.3950171
v -44.8974907 -7.91663677 21.9550401
v -49.1663784 -8.669357 11.3950171
v -44.6945906 7.88086131 21.8558222
v -44.6945906 7.88086131 21.8558222
v -49.1663784 -8.669357 11.3950171
v -48.8860756 8.61993358 11.3300532
v -44.6945906 7.88086131 21.8558222
v -48.8860756 8.61993358 11.3300532
v -38.8653606 22.4389225 21.6120362
v -38.8653606 22.4389225 21.6120362
v -48.8860756 8.61993358 11.3300532
v -42.2812164 24.4110659 11.1433312
v -38.8653606 22.4389225 21.6120362
v -42.2812164 24.4110659 11.1433312
v -28.5507947 34.025529 21.3901803
v -28.5507947 34.025529 21.3901803
v -42.2812164 24.4110659 11.1433312
v -30.7908744 36.6951555 10.9333411
v -28.5507947 34.025529 21.3901803
v -30.7908744 36.6951555 10.9333411
v -15.1802287 41.7073667 21.3742331
v -15.1802287 41.7073667 21.3742331
v -30.7908744 36.6951555 10.9333411
v -16.205436 44.5241064 10.8145282
v -15.1802287 41.7073667 21.3742331
v -16.205436 44.5241064 10.8145282
v 7.84829481e-06 44.8870152 21.6164485
v 7.84829481e-06 44.8870152 21.6164485
v -16.205436 44.5241064 10.8145282
v 8.33101126e-06 47.6478308 10.8753026
v 0 47.6478279 10.8753018
v 0 48.399505 -2.11560955e-06
v 16.5914536 45.5846459 11.0721253
v 16.5914536 45.5846459 11.0721253
v 0 48.399505 -2.11560955e-06
v 16.7864352 46.1203486 -2.14536584e-06
v 16.5914536 45.5846459 11.0721253
v 16.7864352 46.1203486 -2.14536584e-06
v 31.4459145 37.4757797 11.1659311
v 31.4459145 37.4757797 11.1659311
v 16.7864352 46.1203486 -2.14536584e-06
v 32.0876807 38.2406056 -2.18205347e-06
v 31.4459145 37.4757797 11.1659311
v 32.0876807 38.2406056 -2.18205347e-06
v 42.1565205 24.3390754 11.1104675
v 42.1565205 24.3390754 11.1104675
v 32.0876807 38.2406056 -2.18205347e-06
v 43.3012724 24.9999985 -2.18556941e-06
v 42.1565205 24.3390754 11.1104675
v 43.3012724 24.9999985 -2.18556941e-06
v 46.9049275 8.27060118 10.8708933
v 46.9049275 8.27060118 10.8708933
v 43.3012724 24.9999985 -2.18556941e-06
v 48.7627625 8.59818682 -2.16436966e-06
v 46.9049275 8.27060118 10.8708933
v 48.7627625 8.59818682 -2.16436966e-06
v 44.9117541 -7.91915506 10.4089476
v 44.9117541 -7.91915506 10.4089476
v 48.7627625 8.59818682 -2.16436966e-06
v 47.2000092 -8.32263604 -2.09500577e-06
v 44.9117541 -7.91915506 10.4089476
v 47.2000092 -8.32263604 -2.09500577e-06
v 37.575829 -21.6944188 9.90321487
v 37.575829 -21.6944188 9.90321487
v 47.2000092 -8.32263604 -2.09500577e-06
v 39.8083419 -22.9833603 -2.00926884e-06
v 37.575829 -21.6944188 9.90321487
v 39.8083419 -22.9833603 -2.00926884e-06
v 26.9394755 -32.1052164 9.56576839
v 26.9394755 -32.1052164 9.56576839
v 39.8083419 -22.9833603 -2.00926884e-06
v 28.6616921 -34.1576755 -1.94907663e-06
v 26.9394755 -32.1052164 9.56576839
v 28.6616921 -34.1576755 -1.94907663e-06
v 14.2932713 -39.2704606 9.53846276
v 14.2932713 -39.2704606 9.53846276
v 28.6616921 -34.1576755 -1.94907663e-06
v 15.2059451 -41.7780101 -1.94337453e-06
v 14.2932713 -39.2704606 9.53846276
v 15.2059451 -41.7780101 -1.94337453e-06
v -3.76672666e-06 -43.0863321 9.83417034
v -3.76672666e-06 -43.0863321 9.83417034
v 15.2059451 -41.7780101 -1.94337453e-06
v -3.98966122e-06 -45.6364065 -1.99483061e-06
v -3.76672666e-06 -43.0863321 9.83417034
v -3.98966122e-06 -45.6364065 -1.99483061e-06
v -15.4805258 -42.5323933 10.330759
v -15.4805258 -42.5323933 10.330759
v -3.98966122e-06 -45.6364065 -1.99483061e-06
v -16.2700385 -44.7015613 -2.0793685e-06
v -15.4805258 -42.5323933 10.330759
v -16.2700385 -44.7015613 -2.0793685e-06
v -30.4940045 -36.3413244 10.8279213
v -30.4940045 -36.3413244 10.8279213
v -16.2700385 -44.7015613 -2.0793685e-06
v -32.0031732 -38.1398827 -2.17630642e-06
v -30.4940045 -36.3413244 10.8279213
v -32.0031732 -38.1398827 -2.17630642e-06
v -42.6713914 -24.6363342 11.2461634
v -42.6713914 -24.6363342 11.2461634
v -32.0031732 -38.1398827 -2.17630642e-06
v -44.8397756 -25.8882493 -2.26322321e-06
v -42.6713914 -24.6363342 11.2461634
v -44.8397756 -25.8882493 -2.26322321e-06
v -49.1663784 -8.669357 11.3950171
v -49.1663784 -8.669357 11.3950171
v -44.8397756 -25.8882493 -2.26322321e-06
v -51.5784979 -9.09467861 -2.28934809e-06
v -49.1663784 -8.669357 11.3950171
v -51.5784979 -9.09467861 -2.28934809e-06
v -48.8860756 8.61993358 11.3300532
v -48.8860756 8.61993358 11.3300532
v -51.5784979 -9.09467861 -2.28934809e-06
v -51.2738228 9.04095694 -2.27582504e-06
v -48.8860756 8.61993358 11.3300532
v -51.2738228 9.04095694 -2.27582504e-06
v -42.2812164 24.4110659 11.1433312
v -42.2812164 24.4110659 11.1433312
v -51.2738228 9.04095694 -2.27582504e-06
v -44.174549 25.5041808 -2.22964687e-06
v -42.2812164 24.4110659 11.1433312
v -44.174549 25.5041808 -2.22964687e-06
v -30.7908744 36.6951555 10.9333411
v -30.7908744 36.6951555 10.9333411
v -44.174549 25.5041808 -2.22964687e-06
v -31.919536 38.0402416 -2.17061995e-06
v -30.7908744 36.6951555 10.9333411
v -31.919536 38.0402416 -2.17061995e-06
v -16.205436 44.5241064 10.8145282
v -16.205436 44.5241064 10.8145282
v -31.919536 38.0402416 -2.17061995e-06
v -16.6316345 45.6950724 -2.12558326e-06
v -16.205436 44.5241064 10.8145282
v -16.6316345 45.6950724 -2.12558326e-06
v 8.33101126e-06 47.6478308 10.8753026
v 8.33101126e-06 47.6478308 10.8753026
v -16.6316345 45.6950724 -2.12558326e-06
v 8.46243751e-06 48.399502 -2.11560938e-06
v 0 48.399505 -2.11560955e-06
v 0 47.4137306 -10.8218752
v 16.7864352 46.1203486 -2.14536584e-06
v 16.7864352 46.1203486 -2.14536584e-06
v 0 47.4137306 -10.8218752
v 16.2736461 44.7114766 -10.8600445
v 16.7864352 46.1203486 -2.14536584e-06
v 16.2736461 44.7114766 -10.8600445
v 32.0876807 38.2406056 -2.18205347e-06
v 32.0876807 38.2406056 -2.18205347e-06
v 16.2736461 44.7114766 -10.8600445
v 31.0839653 37.0444268 -11.0374138
v 32.0876807 38.2406056 -2.18205347e-06
v 31.0839653 37.0444268 -11.0374138
v 43.3012724 24.9999985 -2.18556941e-06
v 43.3012724 24.9999985 -2.18556941e-06
v 31.0839653 37.0444268 -11.0374138
v 42.221415 24.3765429 -11.1275755
v 43.3012724 24.9999985 -2.18556941e-06
v 42.221415 24.3765429 -11.1275755
v 48.7627625 8.59818682 -2.16436966e-06
v 48.7627625 8.59818682 -2.16436966e-06
v 42.221415 24.3765429 -11.1275755
v 47.9266882 8.45076516 -11.1077055
v 48.7627625 8.59818682 -2.16436966e-06
v 47.9266882 8.45076516 -11.1077055
v 47.2000092 -8.32263604 -2.09500577e-06
v 47.2000092 -8.32263604 -2.09500577e-06
v 47.9266882 8.45076516 -11.1077055
v 47.0235974 -8.29152986 -10.8984016
v 47.2000092 -8.32263604 -2.09500577e-06
v 47.0235974 -8.29152986 -10.8984016
v 39.8083419 -22.9833603 -2.00926884e-06
v 39.8083419 -22.9833603 -2.00926884e-06
v 47.0235974 -8.29152986 -10.8984016
v 40.1436299 -23.1769383 -10.5799697
v 39.8083419 -22.9833603 -2.00926884e-06
v 40.1436299 -23.1769383 -10.5799697
v 28.6616921 -34.1576755 -1.94907663e-06
v 28.6616921 -34.1576755 -1.94907663e-06
v 40.1436299 -23.1769383 -10.5799697
v 29.1101009 -34.6920669 -10.3365257
v 28.6616921 -34.1576755 -1.94907663e-06
v 29.1101009 -34.6920669 -10.3365257
v 15.2059451 -41.7780101 -1.94337453e-06
v 15.2059451 -41.7780101 -1.94337453e-06
v 29.1101009 -34.6920669 -10.3365257
v 15.4473856 -42.4413651 -10.3086524
v 15.2059451 -41.7780101 -1.94337453e-06
v 15.4473856 -42.4413651 -10.3086524
v -3.98966122e-06 -45.6364065 -1.99483061e-06
v -3.98966122e-06 -45.6364065 -1.99483061e-06
v 15.4473856 -42.4413651 -10.3086524
v -4.02592804e-06 -46.0512519 -10.5108984
v -3.98966122e-06 -45.6364065 -1.99483061e-06
v -4.02592804e-06 -46.0512519 -10.5108984
v -16.2700385 -44.7015613 -2.0793685e-06
v -16.2700385 -44.7015613 -2.0793685e-06
v -4.02592804e-06 -46.0512519 -10.5108984
v -16.3115934 -44.815737 -10.8853675
v -16.2700385 -44.7015613 -2.0793685e-06
v -16.3115934 -44.815737 -10.8853675
v -32.0031732 -38.1398827 -2.17630642e-06
v -32.0031732 -38.1398827 -2.17630642e-06
v -16.3115934 -44.815737 -10.8853675
v -32.1337044 -38.2954419 -11.4101559
v -32.0031732 -38.1398827 -2.17630642e-06
v -32.1337044 -38.2954419 -11.4101559
v -44.8397756 -25.8882493 -2.26322321e-06
v -44.8397756 -25.8882493 -2.26322321e-06
v -32.1337044 -38.2954419 -11.4101559
v -44.8955715 -25.9204656 -11.8323572
v -44.8397756 -25.8882493 -2.26322321e-06
v -44.8955715 -25.9204656 -11.8323572
v -51.5784979 -9.09467861 -2.28934809e-06
v -51.5784979 -9.09467861 -2.28934809e-06
v -44.8955715 -25.9204656 -11.8323572
v -51.736176 -9.1224812 -11.990609
v -51.5784979 -9.09467861 -2.28934809e-06
v -51.736176 -9.1224812 -11.990609
v -51.2738228 9.04095694 -2.27582504e-06
v -51.2738228 9.04095694 -2.27582504e-06
v -51.736176 -9.1224812 -11.990609
v -51.4518261 9.07234401 -11.9247079
v -51.2738228 9.04095694 -2.27582504e-06
v -51.4518261 9.07234401 -11.9247079
v -44.174549 25.5041808 -2.22964687e-06
v -44.174549 25.5041808 -2.22964687e-06
v -51.4518261 9.07234401 -11.9247079
v -44.23787 25.5407393 -11.659018
v -44.174549 25.5041808 -2.22964687e-06
v -44.23787 25.5407393 -11.659018
v -31.919536 38.0402416 -2.17061995e-06
v -31.919536 38.0402416 -2.17061995e-06
v -44.23787 25.5407393 -11.659018
v -31.8127275 37.9129529 -11.2961888
v -31.919536 38.0402416 -2.17061995e-06
v -31.8127275 37.9129529 -11.2961888
v -16.6316345 45.6950724 -2.12558326e-06
v -16.6316345 45.6950724 -2.12558326e-06
v -31.8127275 37.9129529 -11.2961888
v -16.4521411 45.2019215 -10.9791681
v -16.6316345 45.6950724 -2.12558326e-06
v -16.4521411 45.2019215 -10.9791681
v 8.46243751e-06 48.399502 -2.11560938e-06
v 8.46243751e-06 48.399502 -2.11560938e-06
v -16.4521411 45.2019215 -10.9791681
v 8.29007973e-06 47.4137336 -10.8218759
v 0 47.4137306 -10.8218752
v 0 44.6228474 -21.4892358
v 16.2736461 44.7114766 -10.8600445
v 16.2736461 44.7114766 -10.8600445
v 0 44.6228474 -21.4892358
v 15.1681587 41.6741729 -21.3572279
v 16.2736461 44.7114766 -10.8600445
v 15.1681587 41.6741729 -21.3572279
v 31.0839653 37.0444268 -11.0374138
v 31.0839653 37.0444268 -11.0374138
v 15.1681587 41.6741729 -21.3572279
v 28.683123 34.1832131 -21.4893177
v 31.0839653 37.0444268 -11.0374138
v 28.683123 34.1832131 -21.4893177
v 42.221415 24.3765429 -11.1275755
v 42.221415 24.3765429 -11.1275755
v 28.683123 34.1832131 -21.4893177
v 39.0287369 22.5332499 -21.7028901
v 42.221415 24.3765429 -11.1275755
v 39.0287369 22.5332499 -21.7028901
v 47.9266882 8.45076516 -11.1077055
v 47.9266882 8.45076516 -11.1077055
v 39.0287369 22.5332499 -21.7028901
v 44.364056 7.82257691 -21.6941923
v 47.9266882 8.45076516 -11.1077055
v 44.364056 7.82257691 -21.6941923
v 47.0235974 -8.29152986 -10.8984016
v 47.0235974 -8.29152986 -10.8984016
v 44.364056 7.82257691 -21.6941923
v 44.1121846 -7.77816996 -21.5710282
v 47.0235974 -8.29152986 -10.8984016
v 44.1121846 -7.77816996 -21.5710282
v 40.1436299 -23.1769383 -10.5799697
v 40.1436299 -23.1769383 -10.5799697
v 44.1121846 -7.77816996 -21.5710282
v 38.1597728 -22.0315591 -21.2196812
v 40.1436299 -23.1769383 -10.5799697
v 38.1597728 -22.0315591 -21.2196812
v 29.1101009 -34.6920669 -10.3365257
v 29.1101009 -34.6920669 -10.3365257
v 38.1597728 -22.0315591 -21.2196812
v 27.9159844 -33.2689703 -20.9145784
v 29.1101009 -34.6920669 -10.3365257
v 27.9159844 -33.2689703 -20.9145784
v 15.4473856 -42.4413651 -10.3086524
v 15.4473856 -42.4413651 -10.3086524
v 27.9159844 -33.2689703 -20.9145784
v 14.8213416 -40.7213211 -20.8689064
v 15.4473856 -42.4413651 -10.3086524
v 14.8213416 -40.7213211 -20.8689064
v -4.02592804e-06 -46.0512519 -10.5108984
v -4.02592804e-06 -46.0512519 -10.5108984
v 14.8213416 -40.7213211 -20.8689064
v -3.84488565e-06 -43.980366 -21.1798325
v -4.02592804e-06 -46.0512519 -10.5108984
v -3.84488565e-06 -43.980366 -21.1798325
v -16.3115934 -44.815737 -10.8853675
v -16.3115934 -44.815737 -10.8853675
v -3.84488565e-06 -43.980366 -21.1798325
v -15.5848727 -42.8190857 -21.943973
v -16.3115934 -44.815737 -10.8853675
v -15.5848727 -42.8190857 -21.943973
v -32.1337044 -38.2954419 -11.4101559
v -32.1337044 -38.2954419 -11.4101559
v -15.5848727 -42.8190857 -21.943973
v -30.597499 -36.4646673 -22.9235604
v -32.1337044 -38.2954419 -11.4101559
v -30.597499 -36.4646673 -22.9235604
v -44.8955715 -25.9204656 -11.8323572
v -44.8955715 -25.9204656 -11.8323572
v -30.597499 -36.4646673 -22.9235604
v -42.6682025 -24.6344924 -23.7267032
v -44.8955715 -25.9204656 -11.8323572
v -42.6682025 -24.6344924 -23.7267032
v -51.736176 -9.1224812 -11.990609
v -51.736176 -9.1224812 -11.990609
v -42.6682025 -24.6344924 -23.7267032
v -49.1933852 -8.67411867 -24.0557522
v -51.736176 -9.1224812 -11.990609
v -49.1933852 -8.67411867 -24.0557522
v -51.4518261 9.07234401 -11.9247079
v -51.4518261 9.07234401 -11.9247079
v -49.1933852 -8.67411867 -24.0557522
v -48.9529938 8.63173231 -23.9382014
v -51.4518261 9.07234401 -11.9247079
v -48.9529938 8.63173231 -23.9382014
v -44.23787 25.5407393 -11.659018
v -44.23787 25.5407393 -11.659018
v -48.9529938 8.63173231 -23.9382014
v -42.0999318 24.3064001 -23.4107018
v -44.23787 25.5407393 -11.659018
v -42.0999318 24.3064001 -23.4107018
v -31.8127275 37.9129529 -11.2961888
v -31.8127275 37.9129529 -11.2961888
v -42.0999318 24.3064001 -23.4107018
v -30.2507311 36.0514373 -22.6637736
v -31.8127275 37.9129529 -11.2961888
v -30.2507311 36.0514373 -22.6637736
v -16.4521411 45.2019215 -10.9791681
v -16.4521411 45.2019215 -10.9791681
v -30.2507311 36.0514373 -22.6637736
v -15.5910492 42.8360879 -21.9526857
v -16.4521411 45.2019215 -10.9791681
v -15.5910492 42.8360879 -21.9526857
v 8.29007973e-06 47.4137336 -10.8218759
v 8.29007973e-06 47.4137336 -10.8218759
v -15.5910492 42.8360879 -21.9526857
v 7.80210598e-06 44.6228445 -21.4892343
v 0 44.6228474 -21.4892358
v 0 39.7999018 -31.7393631
v 15.1681587 41.6741729 -21.3572279
v 15.1681587 41.6741729 -21.3572279
v 0 39.7999018 -31.7393631
v 13.4379297 36.9204074 -31.3326299
v 15.1681587 41.6741729 -21.3572279
v 13.4379297 36.9204074 -31.3326299
v 28.683123 34.1832131 -21.4893177
v 28.683123 34.1832131 -21.4893177
v 13.4379297 36.9204074 -31.3326299
v 25.1896858 30.0198972 -31.2515408
v 28.683123 34.1832131 -21.4893177
v 25.1896858 30.0198972 -31.2515408
v 39.0287369 22.5332499 -21.7028901
v 39.0287369 22.5332499 -21.7028901
v 25.1896858 30.0198972 -31.2515408
v 34.016037 19.6391642 -31.323424
v 39.0287369 22.5332499 -21.7028901
v 34.016037 19.6391642 -31.323424
v 44.364056 7.82257691 -21.6941923
v 44.364056 7.82257691 -21.6941923
v 34.016037 19.6391642 -31.323424
v 38.5194302 6.79201186 -31.1920971
v 44.364056 7.82257691 -21.6941923
v 38.5194302 6.79201186 -31.1920971
v 44.1121846 -7.77816996 -21.5710282
v 44.1121846 -7.77816996 -21.5710282
v 38.5194302 6.79201186 -31.1920971
v 38.4971082 -6.78807944 -31.174022
v 44.1121846 -7.77816996 -21.5710282
v 38.4971082 -6.78807944 -31.174022
v 38.1597728 -22.0315591 -21.2196812
v 38.1597728 -22.0315591 -21.2196812
v 38.4971082 -6.78807944 -31.174022
v 33.7030947 -19.4584951 -31.0352564
v 38.1597728 -22.0315591 -21.2196812
v 33.7030947 -19.4584951 -31.0352564
v 27.9159844 -33.2689703 -20.9145784
v 27.9159844 -33.2689703 -20.9145784
v 33.7030947 -19.4584951 -31.0352564
v 24.8659551 -29.6340883 -30.8499038
v 27.9159844 -33.2689703 -20.9145784
v 24.8659551 -29.6340883 -30.8499038
v 14.8213416 -40.7213211 -20.8689064
v 14.8213416 -40.7213211 -20.8689064
v 24.8659551 -29.6340883 -30.8499038
v 13.268967 -36.4562005 -30.938679
v 14.8213416 -40.7213211 -20.8689064
v 13.268967 -36.4562005 -30.938679
v -3.84488565e-06 -43.980366 -21.1798325
v -3.84488565e-06 -43.980366 -21.1798325
v 13.268967 -36.4562005 -30.938679
v -3.4552567e-06 -39.523527 -31.51896
v -3.84488565e-06 -43.980366 -21.1798325
v -3.4552567e-06 -39.523527 -31.51896
v -15.5848727 -42.8190857 -21.943973
v -15.5848727 -42.8190857 -21.943973
v -3.4552567e-06 -39.523527 -31.51896
v -13.9633834 -38.3640796 -32.5578064
v -15.5848727 -42.8190857 -21.943973
v -13.9633834 -38.3640796 -32.5578064
v -30.597499 -36.4646673 -22.9235604
v -30.597499 -36.4646673 -22.9235604
v -13.9633834 -38.3640796 -32.5578064
v -27.2966564 -32.530874 -33.8655412
v -30.597499 -36.4646673 -22.9235604
v -27.2966564 -32.530874 -33.8655412
v -42.6682025 -24.6344924 -23.7267032
v -42.6682025 -24.6344924 -23.7267032
v -27.2966564 -32.530874 -33.8655412
v -37.9325807 -21.9003797 -34.9299461
v -42.6682025 -24.6344924 -23.7267032
v -37.9325807 -21.9003797 -34.9299461
v -49.1933852 -8.67411867 -24.0557522
v -49.1933852 -8.67411867 -24.0557522
v -37.9325807 -21.9003797 -34.9299461
v -43.6738312 -7.70087317 -35.3660077
v -49.1933852 -8.67411867 -24.0557522
v -43.6738312 -7.70087317 -35.3660077
v -48.9529938 8.63173231 -23.9382014
v -48.9529938 8.63173231 -23.9382014
v -43.6738312 -7.70087317 -35.3660077
v -43.4883595 7.66817033 -35.2158159
v -48.9529938 8.63173231 -23.9382014
v -43.4883595 7.66817033 -35.2158159
v -42.0999318 24.3064001 -23.4107018
v -42.0999318 24.3064001 -23.4107018
v -43.4883595 7.66817033 -35.2158159
v -37.4985069 21.6497675 -34.5302314
v -42.0999318 24.3064001 -23.4107018
v -37.4985069 21.6497675 -34.5302314
v -30.2507311 36.0514373 -22.6637736
v -30.2507311 36.0514373 -22.6637736
v -37.4985069 21.6497675 -34.5302314
v -27.0257026 32.2079957 -33.5294008
v -30.2507311 36.0514373 -22.6637736
v -27.0257026 32.2079957 -33.5294008
v -15.5910492 42.8360879 -21.9526857
v -15.5910492 42.8360879 -21.9526857
v -27.0257026 32.2079957 -33.5294008
v -13.9440626 38.3110255 -32.512781
v -15.5910492 42.8360879 -21.9526857
v -13.9440626 38.3110255 -32.512781
v 7.80210598e-06 44.6228445 -21.4892343
v 7.80210598e-06 44.6228445 -21.4892343
v -13.9440626 38.3110255 -32.512781
v 6.958836e-06 39.7999018 -31.7393631
v 0 39.7999018 -31.7393631
v 0 32.7301919 -41.0423666
v 13.4379297 36.9204074 -31.3326299
v 13.4379297 36.9204074 -31.3326299
v 0 32.7301919 -41.0423666
v 11.0229723 30.2853644 -40.4139102
v 13.4379297 36.9204074 -31.3326299
v 11.0229723 30.2853644 -40.4139102
v 25.1896858 30.0198972 -31.2515408
v 25.1896858 30.0198972 -31.2515408
v 11.0229723 30.2853644 -40.4139102
v 20.5509305 24.4916439 -40.0910884
v 25.1896858 30.0198972 -31.2515408
v 20.5509305 24.4916439 -40.0910884
v 34.016037 19.6391642 -31.323424
v 34.016037 19.6391642 -31.323424
v 20.5509305 24.4916439 -40.0910884
v 27.5961399 15.932636 -39.9577945
v 34.016037 19.6391642 -31.323424
v 27.5961399 15.932636 -39.9577945
v 38.5194302 6.79201186 -31.1920971
v 38.5194302 6.79201186 -31.1920971
v 27.5961399 15.932636 -39.9577945
v 31.1847091 5.49870357 -39.7076428
v 38.5194302 6.79201186 -31.1920971
v 31.1847091 5.49870357 -39.7076428
v 38.4971082 -6.78807944 -31.174022
v 38.4971082 -6.78807944 -31.174022
v 31.1847091 5.49870357 -39.7076428
v 30.9699625 -5.46084084 -39.4342065
v 38.4971082 -6.78807944 -31.174022
v 30.9699625 -5.46084084 -39.4342065
v 33.7030947 -19.4584951 -31.0352564
v 33.7030947 -19.4584951 -31.0352564
v 30.9699625 -5.46084084 -39.4342065
v 27.2231221 -15.7172784 -39.4176871
v 33.7030947 -19.4584951 -31.0352564
v 27.2231221 -15.7172784 -39.4176871
v 24.8659551 -29.6340883 -30.8499038
v 24.8659551 -29.6340883 -30.8499038
v 27.2231221 -15.7172784 -39.4176871
v 20.2849776 -24.1746932 -39.5722628
v 24.8659551 -29.6340883 -30.8499038
v 20.2849776 -24.1746932 -39.5722628
v 13.268967 -36.4562005 -30.938679
v 13.268967 -36.4562005 -30.938679
v 20.2849776 -24.1746932 -39.5722628
v 10.9041192 -29.9588352 -39.9781734
v 13.268967 -36.4562005 -30.938679
v 10.9041192 -29.9588352 -39.9781734
v -3.4552567e-06 -39.523527 -31.51896
v -3.4552567e-06 -39.523527 -31.51896
v 10.9041192 -29.9588352 -39.9781734
v -2.84129857e-06 -32.5006664 -40.7545537
v -3.4552567e-06 -39.523527 -31.51896
v -2.84129857e-06 -32.5006664 -40.7545537
v -13.9633834 -38.3640796 -32.5578064
v -13.9633834 -38.3640796 -32.5578064
v -2.84129857e-06 -32.5006664 -40.7545537
v -11.4442416 -31.4427912 -41.9584244
v -13.9633834 -38.3640796 -32.5578064
v -11.4442416 -31.4427912 -41.9584244
v -27.2966564 -32.530874 -33.8655412
v -27.2966564 -32.530874 -33.8655412
v -11.4442416 -31.4427912 -41.9584244
v -22.2586572 -26.5268266 -43.422541
v -27.2966564 -32.530874 -33.8655412
v -22.2586572 -26.5268266 -43.422541
v -37.9325807 -21.9003797 -34.9299461
v -37.9325807 -21.9003797 -34.9299461
v -22.2586572 -26.5268266 -43.422541
v -30.719474 -17.7358925 -44.4802254
v -37.9325807 -21.9003797 -34.9299461
v -30.719474 -17.7358925 -44.4802254
v -43.6738312 -7.70087317 -35.3660077
v -43.6738312 -7.70087317 -35.3660077
v -30.719474 -17.7358925 -44.4802254
v -35.273239 -6.21962175 -44.913584
v -43.6738312 -7.70087317 -35.3660077
v -35.273239 -6.21962175 -44.913584
v -43.4883595 7.66817033 -35.2158159
v -43.4883595 7.66817033 -35.2158159
v -35.273239 -6.21962175 -44.913584
v -35.1582289 6.1993435 -44.7671473
v -43.4883595 7.66817033 -35.2158159
v -35.1582289 6.1993435 -44.7671473
v -37.4985069 21.6497675 -34.5302314
v -37.4985069 21.6497675 -34.5302314
v -35.1582289 6.1993435 -44.7671473
v -30.4486811 17.5795496 -44.0881312
v -37.4985069 21.6497675 -34.5302314
v -30.4486811 17.5795496 -44.0881312
v -27.0257026 32.2079957 -33.5294008
v -27.0257026 32.2079957 -33.5294008
v -30.4486811 17.5795496 -44.0881312
v -22.0769376 26.3102859 -43.0680633
v -27.0257026 32.2079957 -33.5294008
v -22.0769376 26.3102859 -43.0680633
v -13.9440626 38.3110255 -32.512781
v -13.9440626 38.3110255 -32.512781
v -22.0769376 26.3102859 -43.0680633
v -11.4480756 31.4533532 -41.972509
v -13.9440626 38.3110255 -32.512781
v -11.4480756 31.4533532 -41.972509
v 6.958836e-06 39.7999018 -31.7393631
v 6.958836e-06 39.7999018 -31.7393631
v -11.4480756 31.4533532 -41.972509
v 5.72272789e-06 32.730189 -41.0423636
v 0 32.7301919 -41.0423666
v 0 23.4212026 -48.6346453
v 11.0229723 30.2853644 -40.4139102
v 11.0229723 30.2853644 -40.4139102
v 0 23.4212026 -48.6346453
v 7.90238976 21.7116356 -47.978127
v 11.0229723 30.2853644 -40.4139102
v 7.90238976 21.7116356 -47.978127
v 20.5509305 24.4916439 -40.0910884
v 20.5509305 24.4916439 -40.0910884
v 7.90238976 21.7116356 -47.978127
v 14.7155046 17.5372556 -47.538361
v 20.5509305 24.4916439 -40.0910884
v 14.7155046 17.5372556 -47.538361
v 27.5961399 15.932636 -39.9577945
v 27.5961399 15.932636 -39.9577945
v 14.7155046 17.5372556 -47.538361
v 19.7134838 11.3815844 -47.2682267
v 27.5961399 15.932636 -39.9577945
v 19.7134838 11.3815844 -47.2682267
v 31.1847091 5.49870357 -39.7076428
v 31.1847091 5.49870357 -39.7076428
v 19.7134838 11.3815844 -47.2682267
v 22.2991124 3.93193327 -47.0189184
v 31.1847091 5.49870357 -39.7076428
v 22.2991124 3.93193327 -47.0189184
v 30.9699625 -5.46084084 -39.4342065
v 30.9699625 -5.46084084 -39.4342065
v 22.2991124 3.93193327 -47.0189184
v 22.1947908 -3.91354077 -46.7989564
v 30.9699625 -5.46084084 -39.4342065
v 22.1947908 -3.91354077 -46.7989564
v 27.2231221 -15.7172784 -39.4176871
v 27.2231221 -15.7172784 -39.4176871
v 22.1947908 -3.91354077 -46.7989564
v 19.4846824 -11.2494886 -46.7196167
v 27.2231221 -15.7172784 -39.4176871
v 19.4846824 -11.2494886 -46.7196167
v 20.2849776 -24.1746932 -39.5722628
v 20.2849776 -24.1746932 -39.5722628
v 19.4846824 -11.2494886 -46.7196167
v 14.5305112 -17.3167884 -46.9407409
v 20.2849776 -24.1746932 -39.5722628
v 14.5305112 -17.3167884 -46.9407409
v 10.9041192 -29.9588352 -39.9781734
v 10.9041192 -29.9588352 -39.9781734
v 14.5305112 -17.3167884 -46.9407409
v 7.82236978 -21.4917943 -47.4923193
v 10.9041192 -29.9588352 -39.9781734
v 7.82236978 -21.4917943 -47.4923193
v -2.84129857e-06 -32.5006664 -40.7545537
v -2.84129857e-06 -32.5006664 -40.7545537
v 7.82236978 -21.4917943 -47.4923193
v -2.03774349e-06 -23.3090669 -48.4017938
v -2.84129857e-06 -32.5006664 -40.7545537
v -2.03774349e-06 -23.3090669 -48.4017938
v -11.4442416 -31.4427912 -41.9584244
v -11.4442416 -31.4427912 -41.9584244
v -2.03774349e-06 -23.3090669 -48.4017938
v -8.16018209 -22.4199161 -49.5432764
v -11.4442416 -31.4427912 -41.9584244
v -8.16018209 -22.4199161 -49.5432764
v -22.2586572 -26.5268266 -43.422541
v -22.2586572 -26.5268266 -43.422541
v -8.16018209 -22.4199161 -49.5432764
v -15.6780288 -18.6843395 -50.6477773
v -22.2586572 -26.5268266 -43.422541
v -15.6780288 -18.6843395 -50.6477773
v -30.719474 -17.7358925 -44.4802254
v -30.719474 -17.7358925 -44.4802254
v -15.6780288 -18.6843395 -50.6477773
v -21.4565098 -12.3879187 -51.4475822
v -30.719474 -17.7358925 -44.4802254
v -21.4565098 -12.3879187 -51.4475822
v -35.273239 -6.21962175 -44.913584
v -35.273239 -6.21962175 -44.913584
v -21.4565098 -12.3879187 -51.4475822
v -24.5568946 -4.33004163 -51.7795801
v -35.273239 -6.21962175 -44.913584
v -24.5568946 -4.33004163 -51.7795801
v -35.1582289 6.1993435 -44.7671473
v -35.1582289 6.1993435 -44.7671473
v -24.5568946 -4.33004163 -51.7795801
v -24.5054185 4.32096571 -51.6710401
v -35.1582289 6.1993435 -44.7671473
v -24.5054185 4.32096571 -51.6710401
v -30.4486811 17.5795496 -44.0881312
v -30.4486811 17.5795496 -44.0881312
v -24.5054185 4.32096571 -51.6710401
v -21.3361919 12.3184532 -51.1590898
v -30.4486811 17.5795496 -44.0881312
v -21.3361919 12.3184532 -51.1590898
v -22.0769376 26.3102859 -43.0680633
v -22.0769376 26.3102859 -43.0680633
v -21.3361919 12.3184532 -51.1590898
v -15.5909956 18.5806364 -50.366652
v -22.0769376 26.3102859 -43.0680633
v -15.5909956 18.5806364 -50.366652
v -11.4480756 31.4533532 -41.972509
v -11.4480756 31.4533532 -41.972509
v -15.5909956 18.5806364 -50.366652
v -8.1479162 22.386232 -49.4688392
v -11.4480756 31.4533532 -41.972509
v -8.1479162 22.386232 -49.4688392
v 5.72272789e-06 32.730189 -41.0423636
v 5.72272789e-06 32.730189 -41.0423636
v -8.1479162 22.386232 -49.4688392
v 4.09509333e-06 23.4212026 -48.6346453
v 0 23.4212026 -48.6346453
v 0 12.2536696 -53.6868334
v 7.90238976 21.7116356 -47.978127
v 7.90238976 21.7116356 -47.978127
v 0 12.2536696 -53.6868334
v 4.15737815 11.4223011 -53.2561064
v 7.90238976 21.7116356 -47.978127
v 4.15737815 11.4223011 -53.2561064
v 14.7155046 17.5372556 -47.538361
v 14.7155046 17.5372556 -47.538361
v 4.15737815 11.4223011 -53.2561064
v 7.76453018 9.25340652 -52.9235899
v 14.7155046 17.5372556 -47.538361
v 7.76453018 9.25340652 -52.9235899
v 19.7134838 11.3815844 -47.2682267
v 19.7134838 11.3815844 -47.2682267
v 7.76453018 9.25340652 -52.9235899
v 10.413567 6.0122747 -52.6829958
v 19.7134838 11.3815844 -47.2682267
v 10.413567 6.0122747 -52.6829958
v 22.2991124 3.93193327 -47.0189184
v 22.2991124 3.93193327 -47.0189184
v 10.413567 6.0122747 -52.6829958
v 11.8062571 2.08176058 -52.5245547
v 22.2991124 3.93193327 -47.0189184
v 11.8062571 2.08176058 -52.5245547
v 22.1947908 -3.91354077 -46.7989564
v 22.1947908 -3.91354077 -46.7989564
v 11.8062571 2.08176058 -52.5245547
v 11.7927864 -2.07938664 -52.4646282
v 22.1947908 -3.91354077 -46.7989564
v 11.7927864 -2.07938664 -52.4646282
v 19.4846824 -11.2494886 -46.7196167
v 19.4846824 -11.2494886 -46.7196167
v 11.7927864 -2.07938664 -52.4646282
v 10.3839263 -5.99516369 -52.5330484
v 19.4846824 -11.2494886 -46.7196167
v 10.3839263 -5.99516369 -52.5330484
v 14.5305112 -17.3167884 -46.9407409
v 14.5305112 -17.3167884 -46.9407409
v 10.3839263 -5.99516369 -52.5330484
v 7.74036422 -9.22460705 -52.7588785
v 14.5305112 -17.3167884 -46.9407409
v 7.74036422 -9.22460705 -52.7588785
v 7.82236978 -21.4917943 -47.4923193
v 7.82236978 -21.4917943 -47.4923193
v 7.74036422 -9.22460705 -52.7588785
v 4.14905325 -11.3994353 -53.1494915
v 7.82236978 -21.4917943 -47.4923193
v 4.14905325 -11.3994353 -53.1494915
v -2.03774349e-06 -23.3090669 -48.4017938
v -2.03774349e-06 -23.3090669 -48.4017938
v 4.14905325 -11.3994353 -53.1494915
v -1.07098348e-06 -12.2506231 -53.6734879
v -2.03774349e-06 -23.3090669 -48.4017938
v -1.07098348e-06 -12.2506231 -53.6734879
v -8.16018209 -22.4199161 -49.5432764
v -8.16018209 -22.4199161 -49.5432764
v -1.07098348e-06 -12.2506231 -53.6734879
v -4.23551761 -11.6369888 -54.2570829
v -8.16018209 -22.4199161 -49.5432764
v -4.23551761 -11.6369888 -54.2570829
v -15.6780288 -18.6843395 -50.6477773
v -15.6780288 -18.6843395 -50.6477773
v -4.23551761 -11.6369888 -54.2570829
v -8.03953186 -9.58113745 -54.798013
v -15.6780288 -18.6843395 -50.6477773
v -8.03953186 -9.58113745 -54.798013
v -21.4565098 -12.3879187 -51.4475822
v -21.4565098 -12.3879187 -51.4475822
v -8.03953186 -9.58113745 -54.798013
v -10.9096579 -6.29869252 -55.1927626
v -21.4565098 -12.3879187 -51.4475822
v -10.9096579 -6.29869252 -55.1927626
v -24.5568946 -4.33004163 -51.7795801
v -24.5568946 -4.33004163 -51.7795801
v -10.9096579 -6.29869252 -55.1927626
v -12.4451883 -2.19442192 -55.3670824
v -24.5568946 -4.33004163 -51.7795801
v -12.4451883 -2.19442192 -55.3670824
v -24.5054185 4.32096571 -51.6710401
v -24.5054185 4.32096571 -51.6710401
v -12.4451883 -2.19442192 -55.3670824
v -12.4334373 2.19234992 -55.3148031
v -24.5054185 4.32096571 -51.6710401
v -12.4334373 2.19234992 -55.3148031
v -21.3361919 12.3184532 -51.1590898
v -21.3361919 12.3184532 -51.1590898
v -12.4334373 2.19234992 -55.3148031
v -10.8840123 6.28388599 -55.0630152
v -21.3361919 12.3184532 -51.1590898
v -10.8840123 6.28388599 -55.0630152
v -15.5909956 18.5806364 -50.366652
v -15.5909956 18.5806364 -50.366652
v -10.8840123 6.28388599 -55.0630152
v -8.01920518 9.55692232 -54.6594918
v -15.5909956 18.5806364 -50.366652
v -8.01920518 9.55692232 -54.6594918
v -8.1479162 22.386232 -49.4688392
v -8.1479162 22.386232 -49.4688392
v -8.01920518 9.55692232 -54.6594918
v -4.22915034 11.6195031 -54.1755497
v -8.1479162 22.386232 -49.4688392
v -4.22915034 11.6195031 -54.1755497
v 4.09509333e-06 23.4212026 -48.6346453
v 4.09509333e-06 23.4212026 -48.6346453
v -4.22915034 11.6195031 -54.1755497
v 2.14249951e-06 12.2536696 -53.6868334
v 0 12.2536696 -53.6868334
v -0 -4.85357106e-06 -55.5183828
v 4.15737815 11.4223011 -53.2561064
v 4.15737815 11.4223011 -53.2561064
v -0 -4.85357106e-06 -55.5183828
v -1.66001914e-06 -4.56086475e-06 -55.5183828
v 4.15737815 11.4223011 -53.2561064
v -1.66001914e-06 -4.56086475e-06 -55.5183828
v 7.76453018 9.25340652 -52.9235899
v 7.76453018 9.25340652 -52.9235899
v -1.66001914e-06 -4.56086475e-06 -55.5183828
v -3.11981516e-06 -3.71805093e-06 -55.5183768
v 7.76453018 9.25340652 -52.9235899
v -3.11981516e-06 -3.71805093e-06 -55.5183768
v 10.413567 6.0122747 -52.6829958
v 10.413567 6.0122747 -52.6829958
v -3.11981516e-06 -3.71805093e-06 -55.5183768
v -4.20331538e-06 -2.42678517e-06 -55.5183768
v 10.413567 6.0122747 -52.6829958
v -4.20331538e-06 -2.42678517e-06 -55.5183768
v 11.8062571 2.08176058 -52.5245547
v 11.8062571 2.08176058 -52.5245547
v -4.20331538e-06 -2.42678517e-06 -55.5183768
v -4.77983413e-06 -8.42813286e-07 -55.5183768
v 11.8062571 2.08176058 -52.5245547
v -4.77983413e-06 -8.42813286e-07 -55.5183768
v 11.7927864 -2.07938664 -52.4646282
v 11.7927864 -2.07938664 -52.4646282
v -4.77983413e-06 -8.42813286e-07 -55.5183768
v -4.77983377e-06 8.42813819e-07 -55.5183768
v 11.7927864 -2.07938664 -52.4646282
v -4.77983377e-06 8.42813819e-07 -55.5183768
v 10.3839263 -5.99516369 -52.5330484
v 10.3839263 -5.99516369 -52.5330484
v -4.77983377e-06 8.42813819e-07 -55.5183768
v -4.20331538e-06 2.42678553e-06 -55.5183768
v 10.3839263 -5.99516369 -52.5330484
v -4.20331538e-06 2.42678553e-06 -55.5183768
v 7.74036422 -9.22460705 -52.7588785
v 7.74036422 -9.22460705 -52.7588785
v -4.20331538e-06 2.42678553e-06 -55.5183768
v -3.11981516e-06 3.71805093e-06 -55.5183768
v 7.74036422 -9.22460705 -52.7588785
v -3.11981516e-06 3.71805093e-06 -55.5183768
v 4.14905325 -11.3994353 -53.1494915
v 4.14905325 -11.3994353 -53.1494915
v -3.11981516e-06 3.71805093e-06 -55.5183768
v -1.66001826e-06 4.56086475e-06 -55.5183768
v 4.14905325 -11.3994353 -53.1494915
v -1.66001826e-06 4.56086475e-06 -55.5183768
v -1.07098348e-06 -12.2506231 -53.6734879
v -1.07098348e-06 -12.2506231 -53.6734879
v -1.66001826e-06 4.56086475e-06 -55.5183768
v 4.24312642e-13 4.8535707e-06 -55.5183768
v -1.07098348e-06 -12.2506231 -53.6734879
v 4.24312642e-13 4.8535707e-06 -55.5183768
v -4.23551761 -11.6369888 -54.2570829
v -4.23551761 -11.6369888 -54.2570829
v 4.24312642e-13 4.8535707e-06 -55.5183768
v 1.66001897e-06 4.5608644e-06 -55.5183768
v -4.23551761 -11.6369888 -54.2570829
v 1.66001897e-06 4.5608644e-06 -55.5183768
v -8.03953186 -9.58113745 -54.798013
v -8.03953186 -9.58113745 -54.798013
v 1.66001897e-06 4.5608644e-06 -55.5183768
v 3.11981587e-06 3.71805022e-06 -55.5183768
v -8.03953186 -9.58113745 -54.798013
v 3.11981587e-06 3.71805022e-06 -55.5183768
v -10.9096579 -6.29869252 -55.1927626
v -10.9096579 -6.29869252 -55.1927626
v 3.11981587e-06 3.71805022e-06 -55.5183768
v 4.20331538e-06 2.426785e-06 -55.5183768
v -10.9096579 -6.29869252 -55.1927626
v 4.20331538e-06 2.426785e-06 -55.5183768
v -12.4451883 -2.19442192 -55.3670824
v -12.4451883 -2.19442192 -55.3670824
v 4.20331538e-06 2.426785e-06 -55.5183768
v 4.77983413e-06 8.42813463e-07 -55.5183768
v -12.4451883 -2.19442192 -55.3670824
v 4.77983413e-06 8.42813463e-07 -55.5183768
v -12.4334373 2.19234992 -55.3148031
v -12.4334373 2.19234992 -55.3148031
v 4.77983413e-06 8.42813463e-07 -55.5183768
v 4.77983377e-06 -8.42813641e-07 -55.5183768
v -12.4334373 2.19234992 -55.3148031
v 4.77983377e-06 -8.42813641e-07 -55.5183768
v -10.8840123 6.28388599 -55.0630152
v -10.8840123 6.28388599 -55.0630152
v 4.77983377e-06 -8.42813641e-07 -55.5183768
v 4.20331538e-06 -2.426785e-06 -55.5183768
v -10.8840123 6.28388599 -55.0630152
v 4.20331538e-06 -2.426785e-06 -55.5183768
v -8.01920518 9.55692232 -54.6594918
v -8.01920518 9.55692232 -54.6594918
v 4.20331538e-06 -2.426785e-06 -55.5183768
v 3.1198141e-06 -3.71805164e-06 -55.5183768
v -8.01920518 9.55692232 -54.6594918
v 3.1198141e-06 -3.71805164e-06 -55.5183768
v -4.22915034 11.6195031 -54.1755497
v -4.22915034 11.6195031 -54.1755497
v 3.1198141e-06 -3.71805164e-06 -55.5183768
v 1.6600179e-06 -4.56086475e-06 -55.5183768
v -4.22915034 11.6195031 -54.1755497
v 1.6600179e-06 -4.56086475e-06 -55.5183768
v 2.14249951e-06 12.2536696 -53.6868334
v 2.14249951e-06 12.2536696 -53.6868334
v 1.6600179e-06 -4.56086475e-06 -55.5183768
v -8.48625369e-13 -4.85357106e-06 -55.5183828
vt 0 0
vt 0 0
vt 0 0
vt 0 0
vt 0 0
vt 0 0
vt 0 0
vt 0 0
vt 0 0
vt 0 0
vt 0 0
vt 0 0
vt 0 0
vt 0 0
vt 0 0
vt 0 0
vt 0 0
vt 0 0
vt 0 0
vt 0 0
vt 0 0
vt 0 0
vt 0 0
vt 0 0
vt 0 0
vt 0 0
vt 0 0
vt 0 0
vt 0 0
vt 0 0
vt 0 0
vt 0 0
vt 0 0
vt 0 0
vt 0 0
vt 0 0
vt 0 0
vt 0 0
vt 0 0
vt 0 0
vt 0 0
vt 0 0
vt 0 0
vt 0 0
vt 0 0
vt 0 0
vt 0 0
vt 0 0
vt 0 0
vt 0 0
vt 0 0
vt 0 0
vt 0 0
vt 0 0
vt 0 0
vt 0 0
vt 0 0
vt 0 0
vt 0 0
vt 0 0
vt 0 0
vt 0 0
vt 0 0
vt 0 0
vt 0 0
vt 0 0
vt 0 0
vt 0 0
vt 0 0
vt 0 0
vt 0 0
vt 0 0
vt 0 0
vt 0 0
vt 0 0
vt 0 0
vt 0 0
vt 0 0
vt 0 0
vt 0 0
vt 0 0
vt 0 0
vt 0 0
vt 0 0
vt 0 0
vt 0 0
vt 0 0
vt 0 0
vt 0 0
vt 0 0
vt 0 0
vt 0 0
vt 0 0
vt 0 0
vt 0 0
vt 0 0
vt 0 0
vt 0 0
vt 0 0
vt 0 0
vt 0 0
vt 0 0
vt 0 0
vt 0 0
vt 0 0
vt 0 0
vt 0 0
vt 0 0
vt 0 0
vt 0 0
vt 0 0
vt 0 0
vt 0 0
vt 0 0
vt 0 0
vt 0 0
vt 0 0
vt 0 0
vt 0 0
vt 0 0
vt 0 0
vt 0 0
vt 0 0
vt 0 0
vt 0 0
vt 0 0
vt 0 0
vt 0 0
vt 0 0
vt 0 0
vt 0 0
vt 0 0
vt 0 0
vt 0 0
vt 0 0
vt 0 0
vt 0 0
vt 0 0
vt 0 0
vt 0 0
vt 0 0
vt 0 0
vt 0 0
vt 0 0
vt 0 0
vt 0 0
vt 0 0
vt 0 0
vt 0 0
vt 0 0
vt 0 0
vt 0 0
vt 0 0
vt 0 0
vt 0 0
vt 0 0
vt 0 0
vt 0 0
vt 0 0
vt 0 0
vt 0 0
vt 0 0
vt 0 0
vt 0 0
vt 0 0
vt 0 0
vt 0 0
vt 0 0
vt 0 0
vt 0 0
vt 0 0
vt 0 0
vt 0 0
vt 0 0
vt 0 0
vt 0 0
vt 0 0
vt 0 0
vt 0 0
vt 0 0
vt 0 0
vt 0 0
vt 0 0
vt 0 0
vt 0 0
vt 0 0
vt 0 0
vt 0 0
vt 0 0
vt 0 0
vt 0 0
vt 0 0
vt 0 0
vt 0 0
vt 0 0
vt 0 0
vt 0 0
vt 0 0
vt 0 0
vt 0 0
vt 0 0
vt 0 0
vt 0 0
vt 0 0
vt 0 0
vt 0 0
vt 0 0
vt 0 0
vt 0 0
vt 0 0
vt 0 0
vt 0 0
vt 0 0
vt 0 0
vt 0 0
vt 0 0
vt 0 0
vt 0 0
vt 0 0
vt 0 0
vt 0 0
vt 0 0
vt 0 0
vt 0 0
vt 0 0
vt 0 0
vt 0 0
vt 0 0
vt 0 0
vt 0 0
vt 0 0
vt 0 0
vt 0 0
vt 0 0
vt 0 0
vt 0 0
vt 0 0
vt 0 0
vt 0 0
vt 0 0
vt 0 0
vt 0 0
vt 0 0
vt 0 0
vt 0 0
vt 0 0
vt 0 0
vt 0 0
vt 0 0
vt 0 0
vt 0 0
vt 0 0
vt 0 0
vt 0 0
vt 0 0
vt 0 0
vt 0 0
vt 0 0
vt 0 0
vt 0 0
vt 0 0
vt 0 0
vt 0 0
vt 0 0
vt 0 0
vt 0 0
vt 0 0
vt 0 0
vt 0 0
vt 0 0
vt 0 0
vt 0 0
vt 0 0
vt 0 0
vt 0 0
vt 0 0
vt 0 0
vt 0 0
vt 0 0
vt 0 0
vt 0 0
vt 0 0
vt 0 0
vt 0 0
vt 0 0
vt 0 0
vt 0 0
vt 0 0
vt 0 0
vt 0 0
vt 0 0
vt 0 0
vt 0 0
vt 0 0
vt 0 0
vt 0 0
vt 0 0
vt 0 0
vt 0 0
vt 0 0
vt 0 0
vt 0 0
vt 0 0
vt 0 0
vt 0 0
vt 0 0
vt 0 0
vt 0 0
vt 0 0
vt 0 0
vt 0 0
vt 0 0
vt 0 0
vt 0 0
vt 0 0
vt 0 0
vt 0 0
vt 0 0
vt 0 0
vt 0 0
vt 0 0
vt 0 0
vt 0 0
vt 0 0
vt 0 0
vt 0 0
vt 0 0
vt 0 0
vt 0 0
vt 0 0
vt 0 0
vt 0 0
vt 0 0
vt 0 0
vt 0 0
vt 0 0
vt 0 0
vt 0 0
vt 0 0
vt 0 0
vt 0 0
vt 0 0
vt 0 0
vt 0 0
vt 0 0
vt 0 0
vt 0 0
vt 0 0
vt 0 0
vt 0 0
vt 0 0
vt 0 0
vt 0 0
vt 0 0
vt 0 0
vt 0 0
vt 0 0
vt 0 0
vt 0 0
vt 0 0
vt 0 0
vt 0 0
vt 0 0
vt 0 0
vt 0 0
vt 0 0
vt 0 0
vt 0 0
vt 0 0
vt 0 0
vt 0 0
vt 0 0
vt 0 0
vt 0 0
vt 0 0
vt 0 0
vt 0 0
vt 0 0
vt 0 0
vt 0 0
vt 0 0
vt 0 0
vt 0 0
vt 0 0
vt 0 0
vt 0 0
vt 0 0
vt 0 0
vt 0 0
vt 0 0
vt 0 0
vt 0 0
vt 0 0
vt 0 0
vt 0 0
vt 0 0
vt 0 0
vt 0 0
vt 0 0
vt 0 0
vt 0 0
vt 0 0
vt 0 0
vt 0 0
vt 0 0
vt 0 0
vt 0 0
vt 0 0
vt 0 0
vt 0 0
vt 0 0
vt 0 0
vt 0 0
vt 0 0
vt 0 0
vt 0 0
vt 0 0
vt 0 0
vt 0 0
vt 0 0
vt 0 0
vt 0 0
vt 0 0
vt 0 0
vt 0 0
vt 0 0
vt 0 0
vt 0 0
vt 0 0
vt 0 0
vt 0 0
vt 0 0
vt 0 0
vt 0 0
vt 0 0
vt 0 0
vt 0 0
vt 0 0
vt 0 0
vt 0 0
vt 0 0
vt 0 0
vt 0 0
vt 0 0
vt 0 0
vt 0 0
vt 0 0
vt 0 0
vt 0 0
vt 0 0
vt 0 0
vt 0 0
vt 0 0
vt 0 0
vt 0 0
vt 0 0
vt 0 0
vt 0 0
vt 0 0
vt 0 0
vt 0 0
vt 0 0
vt 0 0
vt 0 0
vt 0 0
vt 0 0
vt 0 0
vt 0 0
vt 0 0
vt 0 0
vt 0 0
vt 0 0
vt 0 0
vt 0 0
vt 0 0
vt 0 0
vt 0 0
vt 0 0
vt 0 0
vt 0 0
vt 0 0
vt 0 0
vt 0 0
vt 0 0
vt 0 0
vt 0 0
vt 0 0
vt 0 0
vt 0 0
vt 0 0
vt 0 0
vt 0 0
vt 0 0
vt 0 0
vt 0 0
vt 0 0
vt 0 0
vt 0 0
vt 0 0
vt 0 0
vt 0 0
vt 0 0
vt 0 0
vt 0 0
vt 0 0
vt 0 0
vt 0 0
vt 0 0
vt 0 0
vt 0 0
vt 0 0
vt 0 0
vt 0 0
vt 0 0
vt 0 0
vt 0 0
vt 0 0
vt 0 0
vt 0 0
vt 0 0
vt 0 0
vt 0 0
vt 0 0
vt 0 0
vt 0 0
vt 0 0
vt 0 0
vt 0 0
vt 0 0
vt 0 0
vt 0 0
vt 0 0
vt 0 0
vt 0 0
vt 0 0
vt 0 0
vt 0 0
vt 0 0
vt 0 0
vt 0 0
vt 0 0
vt 0 0
vt 0 0
vt 0 0
vt 0 0
vt 0 0
vt 0 0
vt 0 0
vt 0 0
vt 0 0
vt 0 0
vt 0 0
vt 0 0
vt 0 0
vt 0 0
vt 0 0
vt 0 0
vt 0 0
vt 0 0
vt 0 0
vt 0 0
vt 0 0
vt 0 0
vt 0 0
vt 0 0
vt 0 0
vt 0 0
vt 0 0
vt 0 0
vt 0 0
vt 0 0
vt 0 0
vt 0 0
vt 0 0
vt 0 0
vt 0 0
vt 0 0
vt 0 0
vt 0 0
vt 0 0
vt 0 0
vt 0 0
vt 0 0
vt 0 0
vt 0 0
vt 0 0
vt 0 0
vt 0 0
vt 0 0
vt 0 0
vt 0 0
vt 0 0
vt 0 0
vt 0 0
vt 0 0
vt 0 0
vt 0 0
vt 0 0
vt 0 0
vt 0 0
vt 0 0
vt 0 0
vt 0 0
vt 0 0
vt 0 0
vt 0 0
vt 0 0
vt 0 0
vt 0 0
vt 0 0
vt 0 0
vt 0 0
vt 0 0
vt 0 0
vt 0 0
vt 0 0
vt 0 0
vt 0 0
vt 0 0
vt 0 0
vt 0 0
vt 0 0
vt 0 0
vt 0 0
vt 0 0
vt 0 0
vt 0 0
vt 0 0
vt 0 0
vt 0 0
vt 0 0
vt 0 0
vt 0 0
vt 0 0
vt 0 0
vt 0 0
vt 0 0
vt 0 0
vt 0 0
vt 0 0
vt 0 0
vt 0 0
vt 0 0
vt 0 0
vt 0 0
vt 0 0
vt 0 0
vt 0 0
vt 0 0
vt 0 0
vt 0 0
vt 0 0
vt 0 0
vt 0 0
vt 0 0
vt 0 0
vt 0 0
vt 0 0
vt 0 0
vt 0 0
vt 0 0
vt 0 0
vt 0 0
vt 0 0
vt 0 0
vt 0 0
vt 0 0
vt 0 0
vt 0 0
vt 0 0
vt 0 0
vt 0 0
vt 0 0
vt 0 0
vt 0 0
vt 0 0
vt 0 0
vt 0 0
vt 0 0
vt 0 0
vt 0 0
vt 0 0
vt 0 0
vt 0 0
vt 0 0
vt 0 0
vt 0 0
vt 0 0
vt 0 0
vt 0 0
vt 0 0
vt 0 0
vt 0 0
vt 0 0
vt 0 0
vt 0 0
vt 0 0
vt 0 0
vt 0 0
vt 0 0
vt 0 0
vt 0 0
vt 0 0
vt 0 0
vt 0 0
vt 0 0
vt 0 0
vt 0 0
vt 0 0
vt 0 0
vt 0 0
vt 0 0
vt 0 0
vt 0 0
vt 0 0
vt 0 0
vt 0 0
vt 0 0
vt 0 0
vt 0 0
vt 0 0
vt 0 0
vt 0 0
vt 0 0
vt 0 0
vt 0 0
vt 0 0
vt 0 0
vt 0 0
vt 0 0
vt 0 0
vt 0 0
vt 0 0
vt 0 0
vt 0 0
vt 0 0
vt 0 0
vt 0 0
vt 0 0
vt 0 0
vt 0 0
vt 0 0
vt 0 0
vt 0 0
vt 0 0
vt 0 0
vt 0 0
vt 0 0
vt 0 0
vt 0 0
vt 0 0
vt 0 0
vt 0 0
vt 0 0
vt 0 0
vt 0 0
vt 0 0
vt 0 0
vt 0 0
vt 0 0
vt 0 0
vt 0 0
vt 0 0
vt 0 0
vt 0 0
vt 0 0
vt 0 0
vt 0 0
vt 0 0
vt 0 0
vt 0 0
vt 0 0
vt 0 0
vt 0 0
vt 0 0
vt 0 0
vt 0 0
vt 0 0
vt 0 0
vt 0 0
vt 0 0
vt 0 0
vt 0 0
vt 0 0
vt 0 0
vt 0 0
vt 0 0
vt 0 0
vt 0 0
vt 0 0
vt 0 0
vt 0 0
vt 0 0
vt 0 0
vt 0 0
vt 0 0
vt 0 0
vt 0 0
vt 0 0
vt 0 0
vt 0 0
vt 0 0
vt 0 0
vt 0 0
vt 0 0
vt 0 0
vt 0 0
vt 0 0
vt 0 0
vt 0 0
vt 0 0
vt 0 0
vt 0 0
vt 0 0
vt 0 0
vt 0 0
vt 0 0
vt 0 0
vt 0 0
vt 0 0
vt 0 0
vt 0 0
vt 0 0
vt 0 0
vt 0 0
vt 0 0
vt 0 0
vt 0 0
vt 0 0
vt 0 0
vt 0 0
vt 0 0
vt 0 0
vt 0 0
vt 0 0
vt 0 0
vt 0 0
vt 0 0
vt 0 0
vt 0 0
vt 0 0
vt 0 0
vt 0 0
vt 0 0
vt 0 0
vt 0 0
vt 0 0
vt 0 0
vt 0 0
vt 0 0
vt 0 0
vt 0 0
vt 0 0
vt 0 0
vt 0 0
vt 0 0
vt 0 0
vt 0 0
vt 0 0
vt 0 0
vt 0 0
vt 0 0
vt 0 0
vt 0 0
vt 0 0
vt 0 0
vt 0 0
vt 0 0
vt 0 0
vt 0 0
vt 0 0
vt 0 0
vt 0 0
vt 0 0
vt 0 0
vt 0 0
vt 0 0
vt 0 0
vt 0 0
vt 0 0
vt 0 0
vt 0 0
vt 0 0
vt 0 0
vt 0 0
vt 0 0
vt 0 0
vt 0 0
vt 0 0
vt 0 0
vt 0 0
vt 0 0
vt 0 0
vt 0 0
vt 0 0
vt 0 0
vt 0 0
vt 0 0
vt 0 0
vt 0 0
vt 0 0
vt 0 0
vt 0 0
vt 0 0
vt 0 0
vt 0 0
vt 0 0
vt 0 0
vt 0 0
vt 0 0
vt 0 0
vt 0 0
vt 0 0
vt 0 0
vt 0 0
vt 0 0
vt 0 0
vt 0 0
vt 0 0
vt 0 0
vt 0 0
vt 0 0
vt 0 0
vt 0 0
vt 0 0
vt 0 0
vt 0 0
vt 0 0
vt 0 0
vt 0 0
vt 0 0
vt 0 0
vt 0 0
vt 0 0
vt 0 0
vt 0 0
vt 0 0
vt 0 0
vt 0 0
vt 0 0
vt 0 0
vt 0 0
vt 0 0
vt 0 0
vt 0 0
vt 0 0
vt 0 0
vt 0 0
vt 0 0
vt 0 0
vt 0 0
vt 0 0
vt 0 0
vt 0 0
vt 0 0
vt 0 0
vt 0 0
vt 0 0
vt 0 0
vt 0 0
vt 0 0
vt 0 0
vt 0 0
vt 0 0
vt 0 0
vt 0 0
vt 0 0
vt 0 0
vt 0 0
vt 0 0
vt 0 0
vt 0 0
vt 0 0
vt 0 0
vt 0 0
vt 0 0
vt 0 0
vt 0 0
vt 0 0
vt 0 0
vt 0 0
vt 0 0
vt 0 0
vt 0 0
vt 0 0
vt 0 0
vt 0 0
vt 0 0
vt 0 0
vt 0 0
vt 0 0
vt 0 0
vt 0 0
vt 0 0
vt 0 0
vt 0 0
vt 0 0
vt 0 0
vt 0 0
vt 0 0
vt 0 0
vt 0 0
vt 0 0
vt 0 0
vt 0 0
vt 0 0
vt 0 0
vt 0 0
vt 0 0
vt 0 0
vt 0 0
vt 0 0
vt 0 0
vt 0 0
vt 0 0
vt 0 0
vt 0 0
vt 0 0
vt 0 0
vt 0 0
vt 0 0
vt 0 0
vt 0 0
vt 0 0
vt 0 0
vt 0 0
vt 0 0
vt 0 0
vt 0 0
vt 0 0
vt 0 0
vt 0 0
vt 0 0
vt 0 0
vt 0 0
vt 0 0
vt 0 0
vt 0 0
vt 0 0
vt 0 0
vt 0 0
vt 0 0
vt 0 0
vt 0 0
vt 0 0
vt 0 0
vt 0 0
vt 0 0
vt 0 0
vt 0 0
vt 0 0
vt 0 0
vt 0 0
vt 0 0
vt 0 0
vt 0 0
vt 0 0
vt 0 0
vt 0 0
vt 0 0
vt 0 0
vt 0 0
vt 0 0
vt 0 0
vt 0 0
vt 0 0
vt 0 0
vt 0 0
vt 0 0
vt 0 0
vt 0 0
vt 0 0
vt 0 0
vt 0 0
vt 0 0
vt 0 0
vt 0 0
vt 0 0
vt 0 0
vt 0 0
vt 0 0
vt 0 0
vt 0 0
vt 0 0
vt 0 0
vt 0 0
vt 0 0
vt 0 0
vt 0 0
vt 0 0
vt 0 0
vt 0 0
vt 0 0
vt 0 0
vt 0 0
vt 0 0
vt 0 0
vt 0 0
vt 0 0
vt 0 0
vt 0 0
vt 0 0
vt 0 0
vt 0 0
vt 0 0
vt 0 0
vt 0 0
vt 0 0
vt 0 0
vt 0 0
vt 0 0
vt 0 0
vt 0 0
vt 0 0
vt 0 0
vt 0 0
vt 0 0
vt 0 0
vt 0 0
vt 0 0
vt 0 0
vt 0 0
vt 0 0
vt 0 0
vt 0 0
vt 0 0
vt 0 0
vt 0 0
vt 0 0
vt 0 0
vt 0 0
vt 0 0
vt 0 0
vt 0 0
vt 0 0
vt 0 0
vt 0 0
vt 0 0
vt 0 0
vt 0 0
vt 0 0
vt 0 0
vt 0 0
vt 0 0
vt 0 0
vt 0 0
vt 0 0
vt 0 0
vt 0 0
vt 0 0
vt 0 0
vt 0 0
vt 0 0
vt 0 0
vt 0 0
vt 0 0
vt 0 0
vt 0 0
vt 0 0
vt 0 0
vt 0 0
vt 0 0
vt 0 0
vt 0 0
vt 0 0
vt 0 0
vt 0 0
vt 0 0
vt 0 0
vt 0 0
vt 0 0
vt 0 0
vt 0 0
vt 0 0
vt 0 0
vt 0 0
vt 0 0
vt 0 0
vt 0 0
vt 0 0
vt 0 0
vt 0 0
vt 0 0
vt 0 0
vt 0 0
vt 0 0
vt 0 0
vt 0 0
vt 0 0
vt 0 0
vt 0 0
vt 0 0
vt 0 0
vt 0 0
vt 0 0
vt 0 0
vt 0 0
vt 0 0
vt 0 0
vt 0 0
vt 0 0
vt 0 0
vt 0 0
vt 0 0
vt 0 0
vt 0 0
vt 0 0
vt 0 0
vt 0 0
vt 0 0
vt 0 0
vt 0 0
vt 0 0
vt 0 0
vt 0 0
vt 0 0
vt 0 0
vt 0 0
vt 0 0
vt 0 0
vt 0 0
vt 0 0
vt 0 0
vt 0 0
vt 0 0
vt 0 0
vt 0 0
vt 0 0
vt 0 0
vt 0 0
vt 0 0
vt 0 0
vt 0 0
vt 0 0
vt 0 0
vt 0 0
vt 0 0
vt 0 0
vt 0 0
vt 0 0
vt 0 0
vt 0 0
vt 0 0
vt 0 0
vt 0 0
vt 0 0
vt 0 0
vt 0 0
vt 0 0
vt 0 0
vt 0 0
vt 0 0
vt 0 0
vt 0 0
vt 0 0
vt 0 0
vt 0 0
vt 0 0
vt 0 0
vt 0 0
vt 0 0
vt 0 0
vt 0 0
vt 0 0
vt 0 0
vt 0 0
vt 0 0
vt 0 0
vt 0 0
vt 0 0
vt 0 0
vt 0 0
vt 0 0
vt 0 0
vt 0 0
vt 0 0
vt 0 0
vt 0 0
vt 0 0
vt 0 0
vt 0 0
vt 0 0
vt 0 0
vt 0 0
vt 0 0
vt 0 0
vt 0 0
vt 0 0
vt 0 0
vt 0 0
vt 0 0
vt 0 0
vt 0 0
vt 0 0
vt 0 0
vt 0 0
vt 0 0
vt 0 0
vt 0 0
vt 0 0
vt 0 0
vt 0 0
vt 0 0
vt 0 0
vt 0 0
vt 0 0
vt 0 0
vt 0 0
vt 0 0
vt 0 0
vt 0 0
vt 0 0
vt 0 0
vt 0 0
vt 0 0
vt 0 0
vt 0 0
vt 0 0
vt 0 0
vt 0 0
vt 0 0
vt 0 0
vt 0 0
vt 0 0
vt 0 0
vt 0 0
vt 0 0
vt 0 0
vt 0 0
vt 0 0
vt 0 0
vt 0 0
vt 0 0
vt 0 0
vt 0 0
vt 0 0
vt 0 0
vt 0 0
vt 0 0
vt 0 0
vt 0 0
vt 0 0
vt 0 0
vt 0 0
vt 0 0
vt 0 0
vt 0 0
vt 0 0
vt 0 0
vt 0 0
vt 0 0
vt 0 0
vt 0 0
vt 0 0
vt 0 0
vt 0 0
vt 0 0
vt 0 0
vt 0 0
vt 0 0
vt 0 0
vt 0 0
vt 0 0
vt 0 0
vt 0 0
vt 0 0
vt 0 0
vt 0 0
vt 0 0
vt 0 0
vt 0 0
vt 0 0
vt 0 0
vt 0 0
vt 0 0
vt 0 0
vt 0 0
vt 0 0
vt 0 0
vt 0 0
vt 0 0
vt 0 0
vt 0 0
vt 0 0
vt 0 0
vt 0 0
vt 0 0
vt 0 0
vt 0 0
vt 0 0
vt 0 0
vt 0 0
vt 0 0
vt 0 0
vt 0 0
vt 0 0
vt 0 0
vt 0 0
vt 0 0
vt 0 0
vt 0 0
vt 0 0
vt 0 0
vt 0 0
vt 0 0
vt 0 0
vt 0 0
vt 0 0
vt 0 0
vt 0 0
vt 0 0
vt 0 0
vt 0 0
vt 0 0
vt 0 0
vt 0 0
vt 0 0
vt 0 0
vt 0 0
vt 0 0
vt 0 0
vt 0 0
vt 0 0
vt 0 0
vt 0 0
vt 0 0
vt 0 0
vt 0 0
vt 0 0
vt 0 0
vt 0 0
vt 0 0
vt 0 0
vt 0 0
vt 0 0
vt 0 0
vt 0 0
vt 0 0
vt 0 0
vt 0 0
vt 0 0
vt 0 0
vt 0 0
vt 0 0
vt 0 0
vt 0 0
vt 0 0
vt 0 0
vt 0 0
vt 0 0
vt 0 0
vt 0 0
vt 0 0
vt 0 0
vt 0 0
vt 0 0
vt 0 0
vt 0 0
vt 0 0
vt 0 0
vt 0 0
vt 0 0
vt 0 0
vt 0 0
vt 0 0
vt 0 0
vt 0 0
vt 0 0
vt 0 0
vt 0 0
vt 0 0
vt 0 0
vt 0 0
vt 0 0
vt 0 0
vt 0 0
vt 0 0
vt 0 0
vt 0 0
vt 0 0
vt 0 0
vt 0 0
vt 0 0
vt 0 0
vt 0 0
vt 0 0
vt 0 0
vt 0 0
vt 0 0
vt 0 0
vt 0 0
vt 0 0
vt 0 0
vt 0 0
vt 0 0
vt 0 0
vt 0 0
vt 0 0
vt 0 0
vt 0 0
vt 0 0
vt 0 0
vt 0 0
vt 0 0
vt 0 0
vt 0 0
vt 0 0
vt 0 0
vt 0 0
vt 0 0
vt 0 0
vt 0 0
vn 0 0 0
vn 0 0 0
vn 0 0 0
vn -0.0934806839 0.0408092402 -0.994784415
vn -0.0934806839 0.0408092402 -0.994784415
vn -0.0934806839 0.0408092402 -0.994784415
vn 0 0 0
vn 0 0 0
vn 0 0 0
vn -0.128000334 0.0533430427 -0.990338564
vn -0.128000334 0.0533430427 -0.990338564
vn -0.128000334 0.0533430427 -0.990338564
vn 0 0 0
vn 0 0 0
vn 0 0 0
vn -0.159708187 0.0803009421 -0.983892858
vn -0.159708187 0.0803009421 -0.983892858
vn -0.159708187 0.0803009421 -0.983892858
vn 0 0 0
vn 0 0 0
vn 0 0 0
vn -0.181290001 0.119221523 -0.976176322
vn -0.181290001 0.119221523 -0.976176322
vn -0.181290001 0.119221523 -0.976176322
vn 0 0 0
vn 0 0 0
vn 0 0 0
vn -0.188400373 0.167423591 -0.967716217
vn -0.188400373 0.167423591 -0.967716217
vn -0.188400373 0.167423591 -0.967716217
vn 0 0 0
vn 0 0 0
vn 0 0 0
vn -0.179267839 0.210625321 -0.960989058
vn -0.179267839 0.210625321 -0.960989058
vn -0.179267839 0.210625321 -0.960989058
vn 0 0 0
vn 0 0 0
vn 0 0 0
vn -0.162364334 0.238056466 -0.957583845
vn -0.162364334 0.238056466 -0.957583845
vn -0.162364334 0.238056466 -0.957583845
vn 0 0 0
vn 0 0 0
vn 0 0 0
vn -0.144290954 0.252868712 -0.956680477
vn -0.144290954 0.252868712 -0.956680477
vn -0.144290954 0.252868712 -0.956680477
vn 0 0 0
vn 0 0 0
vn 0 0 0
vn -0.123063922 0.260856777 -0.957501411
vn -0.123063922 0.260856777 -0.957501411
vn -0.123063922 0.260856777 -0.957501411
vn 0 0 0
vn 0 0 0
vn 0 0 0
vn -0.0925208256 0.261727393 -0.960696995
vn -0.0925208256 0.261727393 -0.960696995
vn -0.0925208256 0.261727393 -0.960696995
vn 0 0 0
vn 0 0 0
vn 0 0 0
vn -0.0523039661 0.248629868 -0.967185378
vn -0.0523039661 0.248629868 -0.967185378
vn -0.0523039661 0.248629868 -0.967185378
vn 0 0 0
vn 0 0 0
vn 0 0 0
vn -0.0167530086 0.220504552 -0.975242078
vn -0.0167530086 0.220504552 -0.975242078
vn -0.0167530086 0.220504552 -0.975242078
vn 0 0 0
vn 0 0 0
vn 0 0 0
vn 0.00623920141 0.182249799 -0.983232498
vn 0.00623920141 0.182249799 -0.983232498
vn 0.00623920141 0.182249799 -0.983232498
vn 0 0 0
vn 0 0 0
vn 0 0 0
vn 0.014066237 0.139388919 -0.990137875
vn 0.014066237 0.139388919 -0.990137875
vn 0.014066237 0.139388919 -0.990137875
vn 0 0 0
vn 0 0 0
vn 0 0 0
vn 0.00715320231 0.100470759 -0.994914234
vn 0.00715320231 0.100470759 -0.994914234
vn 0.00715320231 0.100470759 -0.994914234
vn 0 0 0
vn 0 0 0
vn 0 0 0
vn -0.0101564173 0.0707136542 -0.997444928
vn -0.0101564173 0.0707136542 -0.997444928
vn -0.0101564173 0.0707136542 -0.997444928
vn 0 0 0
vn 0 0 0
vn 0 0 0
vn -0.0335992426 0.0510970652 -0.998128235
vn -0.0335992426 0.0510970652 -0.998128235
vn -0.0335992426 0.0510970652 -0.998128235
vn 0 0 0
vn 0 0 0
vn 0 0 0
vn -0.0614351891 0.0409113131 -0.997272253
vn -0.0614351891 0.0409113131 -0.997272253
vn -0.0614351891 0.0409113131 -0.997272253
vn -0.139945418 -0.205306187 -0.968640625
vn -0.139945418 -0.205306187 -0.968640625
vn -0.139945418 -0.205306187 -0.968640625
vn -0.11683023 -0.198744729 -0.973062694
vn -0.11683023 -0.198744729 -0.973062694
vn -0.11683023 -0.198744729 -0.973062694
vn -0.247129709 -0.147507772 -0.957689106
vn -0.247129709 -0.147507772 -0.957689106
vn -0.247129709 -0.147507772 -0.957689106
vn -0.218837902 -0.149783015 -0.964196563
vn -0.218837902 -0.149783015 -0.964196563
vn -0.218837902 -0.149783015 -0.964196563
vn -0.323432744 -0.0552538484 -0.944636524
vn -0.323432744 -0.0552538484 -0.944636524
vn -0.323432744 -0.0552538484 -0.944636524
vn -0.301263183 -0.0656592548 -0.951277733
vn -0.301263183 -0.0656592548 -0.951277733
vn -0.301263183 -0.0656592548 -0.951277733
vn -0.362326801 0.0529074334 -0.93054831
vn -0.362326801 0.0529074334 -0.93054831
vn -0.362326801 0.0529074334 -0.93054831
vn -0.35555166 0.0459276177 -0.933527589
vn -0.35555166 0.0459276177 -0.933527589
vn -0.35555166 0.0459276177 -0.933527589
vn -0.369489968 0.165334433 -0.91440779
vn -0.369489968 0.165334433 -0.91440779
vn -0.369489968 0.165334433 -0.91440779
vn -0.375245482 0.17875731 -0.909525514
vn -0.375245482 0.17875731 -0.909525514
vn -0.375245482 0.17875731 -0.909525514
vn -0.352918565 0.270393968 -0.895731866
vn -0.352918565 0.270393968 -0.895731866
vn -0.352918565 0.270393968 -0.895731866
vn -0.353992194 0.296251953 -0.887087584
vn -0.353992194 0.296251953 -0.887087584
vn -0.353992194 0.296251953 -0.887087584
vn -0.312235802 0.360310823 -0.879024982
vn -0.312235802 0.360310823 -0.879024982
vn -0.312235802 0.360310823 -0.879024982
vn -0.305844724 0.380418807 -0.872777462
vn -0.305844724 0.380418807 -0.872777462
vn -0.305844724 0.380418807 -0.872777462
vn -0.245739147 0.428462118 -0.869501352
vn -0.245739147 0.428462118 -0.869501352
vn -0.245739147 0.428462118 -0.869501352
vn -0.244472548 0.430180371 -0.869009793
vn -0.244472548 0.430180371 -0.869009793
vn -0.244472548 0.430180371 -0.869009793
vn -0.15594025 0.464144766 -0.87192446
vn -0.15594025 0.464144766 -0.87192446
vn -0.15594025 0.464144766 -0.87192446
vn -0.171262562 0.4531295 -0.874838769
vn -0.171262562 0.4531295 -0.874838769
vn -0.171262562 0.4531295 -0.874838769
vn -0.0537580587 0.459259629 -0.886673987
vn -0.0537580587 0.459259629 -0.886673987
vn -0.0537580587 0.459259629 -0.886673987
vn -0.0797093958 0.450949103 -0.888983369
vn -0.0797093958 0.450949103 -0.888983369
vn -0.0797093958 0.450949103 -0.888983369
vn 0.0463599153 0.414501071 -0.90886724
vn 0.0463599153 0.414501071 -0.90886724
vn 0.0463599153 0.414501071 -0.90886724
vn 0.0286495835 0.414821565 -0.909451544
vn 0.0286495835 0.414821565 -0.909451544
vn 0.0286495835 0.414821565 -0.909451544
vn 0.128183529 0.34171167 -0.931022108
vn 0.128183529 0.34171167 -0.931022108
vn 0.128183529 0.34171167 -0.931022108
vn 0.134598434 0.339283913 -0.931004703
vn 0.134598434 0.339283913 -0.931004703
vn 0.134598434 0.339283913 -0.931004703
vn 0.191567585 0.251496553 -0.948710382
vn 0.191567585 0.251496553 -0.948710382
vn 0.191567585 0.251496553 -0.948710382
vn 0.206650719 0.238416612 -0.948922038
vn 0.206650719 0.238416612 -0.948922038
vn 0.206650719 0.238416612 -0.948922038
vn 0.227368996 0.142357528 -0.963347077
vn 0.227368996 0.142357528 -0.963347077
vn 0.227368996 0.142357528 -0.963347077
vn 0.239986882 0.119117998 -0.963440239
vn 0.239986882 0.119117998 -0.963440239
vn 0.239986882 0.119117998 -0.963440239
vn 0.225628138 0.0241852738 -0.973913252
vn 0.225628138 0.0241852738 -0.973913252
vn 0.225628138 0.0241852738 -0.973913252
vn 0.229202271 -0.00183094176 -0.973377109
vn 0.229202271 -0.00183094176 -0.973377109
vn 0.229202271 -0.00183094176 -0.973377109
vn 0.181215376 -0.087474063 -0.979545414
vn 0.181215376 -0.087474063 -0.979545414
vn 0.181215376 -0.087474063 -0.979545414
vn 0.176503435 -0.10819114 -0.978335917
vn 0.176503435 -0.10819114 -0.978335917
vn 0.176503435 -0.10819114 -0.978335917
vn 0.096948877 -0.175310045 -0.979728281
vn 0.096948877 -0.175310045 -0.979728281
vn 0.096948877 -0.175310045 -0.979728281
vn 0.0968440473 -0.175469607 -0.979709983
vn 0.0968440473 -0.175469607 -0.979709983
vn 0.0968440473 -0.175469607 -0.979709983
vn -0.0181042831 -0.216532513 -0.976107478
vn -0.0181042831 -0.216532513 -0.976107478
vn -0.0181042831 -0.216532513 -0.976107478
vn -0.00557835214 -0.207343429 -0.978252351
vn -0.00557835214 -0.207343429 -0.978252351
vn -0.00557835214 -0.207343429 -0.978252351
vn -0.16850473 -0.481745154 -0.859957993
vn -0.16850473 -0.481745154 -0.859957993
vn -0.16850473 -0.481745154 -0.859957993
vn -0.11082755 -0.454934359 -0.883601725
vn -0.11082755 -0.454934359 -0.883601725
vn -0.11082755 -0.454934359 -0.883601725
vn -0.343194455 -0.361098289 -0.867078722
vn -0.343194455 -0.361098289 -0.867078722
vn -0.343194455 -0.361098289 -0.867078722
vn -0.307086736 -0.358307898 -0.881653726
vn -0.307086736 -0.358307898 -0.881653726
vn -0.307086736 -0.358307898 -0.881653726
vn -0.470029026 -0.20535706 -0.858429492
vn -0.470029026 -0.20535706 -0.858429492
vn -0.470029026 -0.20535706 -0.858429492
vn -0.43663165 -0.215025425 -0.873565614
vn -0.43663165 -0.215025425 -0.873565614
vn -0.43663165 -0.215025425 -0.873565614
vn -0.532651961 -0.0182177406 -0.846138299
vn -0.532651961 -0.0182177406 -0.846138299
vn -0.532651961 -0.0182177406 -0.846138299
vn -0.516913354 -0.0300355777 -0.855510712
vn -0.516913354 -0.0300355777 -0.855510712
vn -0.516913354 -0.0300355777 -0.855510712
vn -0.535351098 0.177471951 -0.825774133
vn -0.535351098 0.177471951 -0.825774133
vn -0.535351098 0.177471951 -0.825774133
vn -0.536600947 0.179476202 -0.824528813
vn -0.536600947 0.179476202 -0.824528813
vn -0.536600947 0.179476202 -0.824528813
vn -0.491140455 0.34344402 -0.800516844
vn -0.491140455 0.34344402 -0.800516844
vn -0.491140455 0.34344402 -0.800516844
vn -0.494249701 0.359749168 -0.791389704
vn -0.494249701 0.359749168 -0.791389704
vn -0.494249701 0.359749168 -0.791389704
vn -0.417421073 0.470948577 -0.777153194
vn -0.417421073 0.470948577 -0.777153194
vn -0.417421073 0.470948577 -0.777153194
vn -0.414667219 0.487365544 -0.768456936
vn -0.414667219 0.487365544 -0.768456936
vn -0.414667219 0.487365544 -0.768456936
vn -0.320170492 0.561085522 -0.763330698
vn -0.320170492 0.561085522 -0.763330698
vn -0.320170492 0.561085522 -0.763330698
vn -0.319101661 0.56308347 -0.762306452
vn -0.319101661 0.56308347 -0.762306452
vn -0.319101661 0.56308347 -0.762306452
vn -0.19649522 0.611445844 -0.76650089
vn -0.19649522 0.611445844 -0.76650089
vn -0.19649522 0.611445844 -0.76650089
vn -0.206906065 0.601165771 -0.771873951
vn -0.206906065 0.601165771 -0.771873951
vn -0.206906065 0.601165771 -0.771873951
vn -0.0477579683 0.613761187 -0.788046002
vn -0.0477579683 0.613761187 -0.788046002
vn -0.0477579683 0.613761187 -0.788046002
vn -0.0640072003 0.60531801 -0.79340595
vn -0.0640072003 0.60531801 -0.79340595
vn -0.0640072003 0.60531801 -0.79340595
vn 0.114340566 0.560218275 -0.820415616
vn 0.114340566 0.560218275 -0.820415616
vn 0.114340566 0.560218275 -0.820415616
vn 0.109326057 0.559414089 -0.821646988
vn 0.109326057 0.559414089 -0.821646988
vn 0.109326057 0.559414089 -0.821646988
vn 0.266969383 0.450944632 -0.851690173
vn 0.266969383 0.450944632 -0.851690173
vn 0.266969383 0.450944632 -0.851690173
vn 0.284886807 0.447589993 -0.847645402
vn 0.284886807 0.447589993 -0.847645402
vn 0.284886807 0.447589993 -0.847645402
vn 0.383122325 0.304536611 -0.872052073
vn 0.383122325 0.304536611 -0.872052073
vn 0.383122325 0.304536611 -0.872052073
vn 0.410379797 0.288274199 -0.865151048
vn 0.410379797 0.288274199 -0.865151048
vn 0.410379797 0.288274199 -0.865151048
vn 0.45018822 0.12142767 -0.884638846
vn 0.45018822 0.12142767 -0.884638846
vn 0.45018822 0.12142767 -0.884638846
vn 0.482714474 0.080240503 -0.872094154
vn 0.482714474 0.080240503 -0.872094154
vn 0.482714474 0.080240503 -0.872094154
vn 0.460118145 -0.0838504434 -0.883889318
vn 0.460118145 -0.0838504434 -0.883889318
vn 0.460118145 -0.0838504434 -0.883889318
vn 0.482422084 -0.157262623 -0.861706138
vn 0.482422084 -0.157262623 -0.861706138
vn 0.482422084 -0.157262623 -0.861706138
vn 0.403597981 -0.297740906 -0.865135312
vn 0.403597981 -0.297740906 -0.865135312
vn 0.403597981 -0.297740906 -0.865135312
vn 0.400646955 -0.337548614 -0.851788104
vn 0.400646955 -0.337548614 -0.851788104
vn 0.400646955 -0.337548614 -0.851788104
vn 0.258833945 -0.456227332 -0.851388037
vn 0.258833945 -0.456227332 -0.851388037
vn 0.258833945 -0.456227332 -0.851388037
vn 0.262122571 -0.449092209 -0.854171038
vn 0.262122571 -0.449092209 -0.854171038
vn 0.262122571 -0.449092209 -0.854171038
vn 0.0493078306 -0.524054766 -0.850256085
vn 0.0493078306 -0.524054766 -0.850256085
vn 0.0493078306 -0.524054766 -0.850256085
vn 0.0863075256 -0.486909956 -0.86917758
vn 0.0863075256 -0.486909956 -0.86917758
vn 0.0863075256 -0.486909956 -0.86917758
vn -0.157710642 -0.720333397 -0.675460637
vn -0.157710642 -0.720333397 -0.675460637
vn -0.157710642 -0.720333397 -0.675460637
vn -0.114676751 -0.698487163 -0.706374586
vn -0.114676751 -0.698487163 -0.706374586
vn -0.114676751 -0.698487163 -0.706374586
vn -0.431781203 -0.57290107 -0.696670175
vn -0.431781203 -0.57290107 -0.696670175
vn -0.431781203 -0.57290107 -0.696670175
vn -0.368574172 -0.565281987 -0.737976432
vn -0.368574172 -0.565281987 -0.737976432
vn -0.368574172 -0.565281987 -0.737976432
vn -0.599395931 -0.350096226 -0.719831288
vn -0.599395931 -0.350096226 -0.719831288
vn -0.599395931 -0.350096226 -0.719831288
vn -0.558808923 -0.359621882 -0.747264743
vn -0.558808923 -0.359621882 -0.747264743
vn -0.558808923 -0.359621882 -0.747264743
vn -0.686949372 -0.0909922495 -0.720986068
vn -0.686949372 -0.0909922495 -0.720986068
vn -0.686949372 -0.0909922495 -0.720986068
vn -0.662337899 -0.107518688 -0.741450071
vn -0.662337899 -0.107518688 -0.741450071
vn -0.662337899 -0.107518688 -0.741450071
vn -0.682597458 0.179273829 -0.708464324
vn -0.682597458 0.179273829 -0.708464324
vn -0.682597458 0.179273829 -0.708464324
vn -0.675783932 0.169505373 -0.717345059
vn -0.675783932 0.169505373 -0.717345059
vn -0.675783932 0.169505373 -0.717345059
vn -0.606302142 0.399057448 -0.687859654
vn -0.606302142 0.399057448 -0.687859654
vn -0.606302142 0.399057448 -0.687859654
vn -0.606925309 0.401591718 -0.685832202
vn -0.606925309 0.401591718 -0.685832202
vn -0.606925309 0.401591718 -0.685832202
vn -0.496738315 0.554305613 -0.667829454
vn -0.496738315 0.554305613 -0.667829454
vn -0.496738315 0.554305613 -0.667829454
vn -0.495883107 0.562051117 -0.661965609
vn -0.495883107 0.562051117 -0.661965609
vn -0.495883107 0.562051117 -0.661965609
vn -0.372988075 0.656238794 -0.65591979
vn -0.372988075 0.656238794 -0.65591979
vn -0.372988075 0.656238794 -0.65591979
vn -0.372160643 0.658052623 -0.654570937
vn -0.372160643 0.658052623 -0.654570937
vn -0.372160643 0.658052623 -0.654570937
vn -0.225740641 0.717142999 -0.659353614
vn -0.225740641 0.717142999 -0.659353614
vn -0.225740641 0.717142999 -0.659353614
vn -0.229525492 0.712821424 -0.662724495
vn -0.229525492 0.712821424 -0.662724495
vn -0.229525492 0.712821424 -0.662724495
vn -0.0400757939 0.731785417 -0.680355728
vn -0.0400757939 0.731785417 -0.680355728
vn -0.0400757939 0.731785417 -0.680355728
vn -0.0426490307 0.730184436 -0.681917787
vn -0.0426490307 0.730184436 -0.681917787
vn -0.0426490307 0.730184436 -0.681917787
vn 0.179135635 0.679966211 -0.71102488
vn 0.179135635 0.679966211 -0.71102488
vn 0.179135635 0.679966211 -0.71102488
vn 0.190075561 0.682569325 -0.705670238
vn 0.190075561 0.682569325 -0.705670238
vn 0.190075561 0.682569325 -0.705670238
vn 0.399276048 0.544854105 -0.737368643
vn 0.399276048 0.544854105 -0.737368643
vn 0.399276048 0.544854105 -0.737368643
vn 0.429223597 0.541223228 -0.72307986
vn 0.429223597 0.541223228 -0.72307986
vn 0.429223597 0.541223228 -0.72307986
vn 0.56663096 0.346633941 -0.747511983
vn 0.56663096 0.346633941 -0.747511983
vn 0.56663096 0.346633941 -0.747511983
vn 0.608178616 0.324677557 -0.724363983
vn 0.608178616 0.324677557 -0.724363983
vn 0.608178616 0.324677557 -0.724363983
vn 0.666492224 0.0810950547 -0.741088152
vn 0.666492224 0.0810950547 -0.741088152
vn 0.666492224 0.0810950547 -0.741088152
vn 0.724197865 0.0108248023 -0.689507246
vn 0.724197865 0.0108248023 -0.689507246
vn 0.724197865 0.0108248023 -0.689507246
vn 0.684131265 -0.230696306 -0.691912949
vn 0.684131265 -0.230696306 -0.691912949
vn 0.684131265 -0.230696306 -0.691912949
vn 0.69735682 -0.275193334 -0.661786973
vn 0.69735682 -0.275193334 -0.661786973
vn 0.69735682 -0.275193334 -0.661786973
vn 0.574786425 -0.483654708 -0.66007477
vn 0.574786425 -0.483654708 -0.66007477
vn 0.574786425 -0.483654708 -0.66007477
vn 0.574032784 -0.49339065 -0.653492212
vn 0.574032784 -0.49339065 -0.653492212
vn 0.574032784 -0.49339065 -0.653492212
vn 0.380804628 -0.654713213 -0.652945995
vn 0.380804628 -0.654713213 -0.652945995
vn 0.380804628 -0.654713213 -0.652945995
vn 0.384926826 -0.645519137 -0.659648597
vn 0.384926826 -0.645519137 -0.659648597
vn 0.384926826 -0.645519137 -0.659648597
vn 0.130792201 -0.739210963 -0.660651505
vn 0.130792201 -0.739210963 -0.660651505
vn 0.130792201 -0.739210963 -0.660651505
vn 0.147634253 -0.721468866 -0.676525414
vn 0.147634253 -0.721468866 -0.676525414
vn 0.147634253 -0.721468866 -0.676525414
vn -0.145103365 -0.870426714 -0.47042796
vn -0.145103365 -0.870426714 -0.47042796
vn -0.145103365 -0.870426714 -0.47042796
vn -0.119016312 -0.859347463 -0.497350127
vn -0.119016312 -0.859347463 -0.497350127
vn -0.119016312 -0.859347463 -0.497350127
vn -0.465117604 -0.73261559 -0.496930689
vn -0.465117604 -0.73261559 -0.496930689
vn -0.465117604 -0.73261559 -0.496930689
vn -0.421605766 -0.729905725 -0.538039148
vn -0.421605766 -0.729905725 -0.538039148
vn -0.421605766 -0.729905725 -0.538039148
vn -0.700867474 -0.478087306 -0.529355526
vn -0.700867474 -0.478087306 -0.529355526
vn -0.700867474 -0.478087306 -0.529355526
vn -0.65712297 -0.490720928 -0.572173476
vn -0.65712297 -0.490720928 -0.572173476
vn -0.65712297 -0.490720928 -0.572173476
vn -0.816603422 -0.162410706 -0.553878784
vn -0.816603422 -0.162410706 -0.553878784
vn -0.816603422 -0.162410706 -0.553878784
vn -0.787046254 -0.184120506 -0.588776529
vn -0.787046254 -0.184120506 -0.588776529
vn -0.787046254 -0.184120506 -0.588776529
vn -0.810345531 0.170533642 -0.560587585
vn -0.810345531 0.170533642 -0.560587585
vn -0.810345531 0.170533642 -0.560587585
vn -0.797357559 0.150252864 -0.584504068
vn -0.797357559 0.150252864 -0.584504068
vn -0.797357559 0.150252864 -0.584504068
vn -0.706454396 0.437934816 -0.555999279
vn -0.706454396 0.437934816 -0.555999279
vn -0.706454396 0.437934816 -0.555999279
vn -0.703889668 0.425892025 -0.568467617
vn -0.703889668 0.425892025 -0.568467617
vn -0.703889668 0.425892025 -0.568467617
vn -0.562424541 0.617414892 -0.549979568
vn -0.562424541 0.617414892 -0.549979568
vn -0.562424541 0.617414892 -0.549979568
vn -0.562851846 0.614060938 -0.553287566
vn -0.562851846 0.614060938 -0.553287566
vn -0.562851846 0.614060938 -0.553287566
vn -0.412680447 0.728173018 -0.547228396
vn -0.412680447 0.728173018 -0.547228396
vn -0.412680447 0.728173018 -0.547228396
vn -0.412145257 0.729341745 -0.546073973
vn -0.412145257 0.729341745 -0.546073973
vn -0.412145257 0.729341745 -0.546073973
vn -0.244229108 0.798093975 -0.550815821
vn -0.244229108 0.798093975 -0.550815821
vn -0.244229108 0.798093975 -0.550815821
vn -0.240703836 0.80217284 -0.546425104
vn -0.240703836 0.80217284 -0.546425104
vn -0.240703836 0.80217284 -0.546425104
vn -0.0258554351 0.826195955 -0.562789142
vn -0.0258554351 0.826195955 -0.562789142
vn -0.0258554351 0.826195955 -0.562789142
vn -0.0141230887 0.833543122 -0.552273929
vn -0.0141230887 0.833543122 -0.552273929
vn -0.0141230887 0.833543122 -0.552273929
vn 0.244296789 0.778433383 -0.578239083
vn 0.244296789 0.778433383 -0.578239083
vn 0.244296789 0.778433383 -0.578239083
vn 0.269398183 0.784107685 -0.55910629
vn 0.269398183 0.784107685 -0.55910629
vn 0.269398183 0.784107685 -0.55910629
vn 0.521725059 0.620336711 -0.585649371
vn 0.521725059 0.620336711 -0.585649371
vn 0.521725059 0.620336711 -0.585649371
vn 0.558108807 0.614711165 -0.557355225
vn 0.558108807 0.614711165 -0.557355225
vn 0.558108807 0.614711165 -0.557355225
vn 0.729487836 0.369551033 -0.575568795
vn 0.729487836 0.369551033 -0.575568795
vn 0.729487836 0.369551033 -0.575568795
vn 0.770712197 0.344538808 -0.535999715
vn 0.770712197 0.344538808 -0.535999715
vn 0.770712197 0.344538808 -0.535999715
vn 0.839885533 0.0107975472 -0.542656243
vn 0.839885533 0.0107975472 -0.542656243
vn 0.839885533 0.0107975472 -0.542656243
vn 0.857205272 -0.0142429052 -0.514777839
vn 0.857205272 -0.0142429052 -0.514777839
vn 0.857205272 -0.0142429052 -0.514777839
vn 0.800117731 -0.312396526 -0.512074351
vn 0.800117731 -0.312396526 -0.512074351
vn 0.800117731 -0.312396526 -0.512074351
vn 0.804072261 -0.330239356 -0.49437815
vn 0.804072261 -0.330239356 -0.49437815
vn 0.804072261 -0.330239356 -0.49437815
vn 0.661475718 -0.566606641 -0.491331667
vn 0.661475718 -0.566606641 -0.491331667
vn 0.661475718 -0.566606641 -0.491331667
vn 0.657279551 -0.594001234 -0.463838458
vn 0.657279551 -0.594001234 -0.463838458
vn 0.657279551 -0.594001234 -0.463838458
vn 0.452291042 -0.762603045 -0.462460101
vn 0.452291042 -0.762603045 -0.462460101
vn 0.452291042 -0.762603045 -0.462460101
vn 0.445053846 -0.775564611 -0.447690338
vn 0.445053846 -0.775564611 -0.447690338
vn 0.445053846 -0.775564611 -0.447690338
vn 0.174523249 -0.876410604 -0.448827356
vn 0.174523249 -0.876410604 -0.448827356
vn 0.174523249 -0.876410604 -0.448827356
vn 0.18841958 -0.863980055 -0.46694383
vn 0.18841958 -0.863980055 -0.46694383
vn 0.18841958 -0.863980055 -0.46694383
vn -0.137263864 -0.95935142 -0.246583506
vn -0.137263864 -0.95935142 -0.246583506
vn -0.137263864 -0.95935142 -0.246583506
vn -0.115419902 -0.95442611 -0.275225312
vn -0.115419902 -0.95442611 -0.275225312
vn -0.115419902 -0.95442611 -0.275225312
vn -0.480428278 -0.831792235 -0.278047681
vn -0.480428278 -0.831792235 -0.278047681
vn -0.480428278 -0.831792235 -0.278047681
vn -0.453680098 -0.834698319 -0.312174618
vn -0.453680098 -0.834698319 -0.312174618
vn -0.453680098 -0.834698319 -0.312174618
vn -0.757187843 -0.574536204 -0.31076476
vn -0.757187843 -0.574536204 -0.31076476
vn -0.757187843 -0.574536204 -0.31076476
vn -0.725171208 -0.589745402 -0.355425298
vn -0.725171208 -0.589745402 -0.355425298
vn -0.725171208 -0.589745402 -0.355425298
vn -0.90972352 -0.227639884 -0.347250819
vn -0.90972352 -0.227639884 -0.347250819
vn -0.90972352 -0.227639884 -0.347250819
vn -0.882359445 -0.254848599 -0.395593315
vn -0.882359445 -0.254848599 -0.395593315
vn -0.882359445 -0.254848599 -0.395593315
vn -0.913148701 0.152314037 -0.378100365
vn -0.913148701 0.152314037 -0.378100365
vn -0.913148701 0.152314037 -0.378100365
vn -0.899485171 0.122704491 -0.419368774
vn -0.899485171 0.122704491 -0.419368774
vn -0.899485171 0.122704491 -0.419368774
vn -0.79338032 0.460440099 -0.398174137
vn -0.79338032 0.460440099 -0.398174137
vn -0.79338032 0.460440099 -0.398174137
vn -0.791252851 0.437076688 -0.427648246
vn -0.791252851 0.437076688 -0.427648246
vn -0.791252851 0.437076688 -0.427648246
vn -0.622372925 0.665248692 -0.412427038
vn -0.622372925 0.665248692 -0.412427038
vn -0.622372925 0.665248692 -0.412427038
vn -0.625209391 0.652627945 -0.428007036
vn -0.625209391 0.652627945 -0.428007036
vn -0.625209391 0.652627945 -0.428007036
vn -0.44631952 0.788648486 -0.422885895
vn -0.44631952 0.788648486 -0.422885895
vn -0.44631952 0.788648486 -0.422885895
vn -0.446127743 0.788997233 -0.42243737
vn -0.446127743 0.788997233 -0.42243737
vn -0.446127743 0.788997233 -0.42243737
vn -0.253155649 0.868345618 -0.426483482
vn -0.253155649 0.868345618 -0.426483482
vn -0.253155649 0.868345618 -0.426483482
vn -0.243053347 0.878550947 -0.411185354
vn -0.243053347 0.878550947 -0.411185354
vn -0.243053347 0.878550947 -0.411185354
vn -0.00291362288 0.905706644 -0.423894912
vn -0.00291362288 0.905706644 -0.423894912
vn -0.00291362288 0.905706644 -0.423894912
vn 0.020106826 0.917666793 -0.396841794
vn 0.020106826 0.917666793 -0.396841794
vn 0.020106826 0.917666793 -0.396841794
vn 0.308795214 0.855660915 -0.415319145
vn 0.308795214 0.855660915 -0.415319145
vn 0.308795214 0.855660915 -0.415319145
vn 0.341838837 0.859485328 -0.380040914
vn 0.341838837 0.859485328 -0.380040914
vn 0.341838837 0.859485328 -0.380040914
vn 0.625082016 0.672208309 -0.39674753
vn 0.625082016 0.672208309 -0.39674753
vn 0.625082016 0.672208309 -0.39674753
vn 0.631139398 0.670543671 -0.389915615
vn 0.631139398 0.670543671 -0.389915615
vn 0.631139398 0.670543671 -0.389915615
vn 0.837685287 0.369266421 -0.402399987
vn 0.837685287 0.369266421 -0.402399987
vn 0.837685287 0.369266421 -0.402399987
vn 0.858528078 0.352698714 -0.372200251
vn 0.858528078 0.352698714 -0.372200251
vn 0.858528078 0.352698714 -0.372200251
vn 0.927370369 -0.0142591232 -0.373872936
vn 0.927370369 -0.0142591232 -0.373872936
vn 0.927370369 -0.0142591232 -0.373872936
vn 0.928525388 -0.0164473858 -0.370904595
vn 0.928525388 -0.0164473858 -0.370904595
vn 0.928525388 -0.0164473858 -0.370904595
vn 0.861209154 -0.350994468 -0.367588907
vn 0.861209154 -0.350994468 -0.367588907
vn 0.861209154 -0.350994468 -0.367588907
vn 0.862642169 -0.36495322 -0.350224942
vn 0.862642169 -0.36495322 -0.350224942
vn 0.862642169 -0.36495322 -0.350224942
vn 0.697533488 -0.627576172 -0.345825404
vn 0.697533488 -0.627576172 -0.345825404
vn 0.697533488 -0.627576172 -0.345825404
vn 0.690626621 -0.651372969 -0.314242274
vn 0.690626621 -0.651372969 -0.314242274
vn 0.690626621 -0.651372969 -0.314242274
vn 0.47306627 -0.824039102 -0.311717749
vn 0.47306627 -0.824039102 -0.311717749
vn 0.47306627 -0.824039102 -0.311717749
vn 0.453591555 -0.849152803 -0.270544291
vn 0.453591555 -0.849152803 -0.270544291
vn 0.453591555 -0.849152803 -0.270544291
vn 0.201493889 -0.941351235 -0.270662367
vn 0.201493889 -0.941351235 -0.270662367
vn 0.201493889 -0.941351235 -0.270662367
vn 0.184405416 -0.951909065 -0.244670883
vn 0.184405416 -0.951909065 -0.244670883
vn 0.184405416 -0.951909065 -0.244670883
vn -0.122312807 -0.990129292 -0.0684355646
vn -0.122312807 -0.990129292 -0.0684355646
vn -0.122312807 -0.990129292 -0.0684355646
vn -0.134369329 -0.989656448 -0.0502488054
vn -0.134369329 -0.989656448 -0.0502488054
vn -0.134369329 -0.989656448 -0.0502488054
vn -0.478277981 -0.876735508 -0.050841637
vn -0.478277981 -0.876735508 -0.050841637
vn -0.478277981 -0.876735508 -0.050841637
vn -0.456100702 -0.885677099 -0.0868802369
vn -0.456100702 -0.885677099 -0.0868802369
vn -0.456100702 -0.885677099 -0.0868802369
vn -0.77225256 -0.629262924 -0.0874877349
vn -0.77225256 -0.629262924 -0.0874877349
vn -0.77225256 -0.629262924 -0.0874877349
vn -0.757925868 -0.641894341 -0.116275907
vn -0.757925868 -0.641894341 -0.116275907
vn -0.757925868 -0.641894341 -0.116275907
vn -0.953120589 -0.279944956 -0.114856422
vn -0.953120589 -0.279944956 -0.114856422
vn -0.953120589 -0.279944956 -0.114856422
vn -0.935104966 -0.311372101 -0.169192299
vn -0.935104966 -0.311372101 -0.169192299
vn -0.935104966 -0.311372101 -0.169192299
vn -0.978579581 0.125140369 -0.163468182
vn -0.978579581 0.125140369 -0.163468182
vn -0.978579581 0.125140369 -0.163468182
vn -0.971999407 0.0897707641 -0.217159584
vn -0.971999407 0.0897707641 -0.217159584
vn -0.971999407 0.0897707641 -0.217159584
vn -0.860315025 0.465761334 -0.207181901
vn -0.860315025 0.465761334 -0.207181901
vn -0.860315025 0.465761334 -0.207181901
vn -0.864219427 0.435723484 -0.2515347
vn -0.864219427 0.435723484 -0.2515347
vn -0.864219427 0.435723484 -0.2515347
vn -0.674610674 0.697096765 -0.24280937
vn -0.674610674 0.697096765 -0.24280937
vn -0.674610674 0.697096765 -0.24280937
vn -0.681939423 0.680251062 -0.268732667
vn -0.681939423 0.680251062 -0.268732667
vn -0.681939423 0.680251062 -0.268732667
vn -0.47483474 0.839065194 -0.265521258
vn -0.47483474 0.839065194 -0.265521258
vn -0.47483474 0.839065194 -0.265521258
vn -0.475038826 0.838808656 -0.265966237
vn -0.475038826 0.838808656 -0.265966237
vn -0.475038826 0.838808656 -0.265966237
vn -0.253642619 0.929268181 -0.268563032
vn -0.253642619 0.929268181 -0.268563032
vn -0.253642619 0.929268181 -0.268563032
vn -0.238529399 0.94004494 -0.24376069
vn -0.238529399 0.94004494 -0.24376069
vn -0.238529399 0.94004494 -0.24376069
vn 0.0265761521 0.967643678 -0.250917226
vn 0.0265761521 0.967643678 -0.250917226
vn 0.0265761521 0.967643678 -0.250917226
vn 0.0560933352 0.976247549 -0.209271252
vn 0.0560933352 0.976247549 -0.209271252
vn 0.0560933352 0.976247549 -0.209271252
vn 0.365885377 0.90478152 -0.217940792
vn 0.365885377 0.90478152 -0.217940792
vn 0.365885377 0.90478152 -0.217940792
vn 0.376937956 0.90379554 -0.202660441
vn 0.376937956 0.90379554 -0.202660441
vn 0.376937956 0.90379554 -0.202660441
vn 0.673519433 0.708259642 -0.21151799
vn 0.673519433 0.708259642 -0.21151799
vn 0.673519433 0.708259642 -0.21151799
vn 0.675193608 0.707431555 -0.208935514
vn 0.675193608 0.707431555 -0.208935514
vn 0.675193608 0.707431555 -0.208935514
vn 0.90384531 0.369671106 -0.215422824
vn 0.90384531 0.369671106 -0.215422824
vn 0.90384531 0.369671106 -0.215422824
vn 0.908194244 0.364429295 -0.205850691
vn 0.908194244 0.364429295 -0.205850691
vn 0.908194244 0.364429295 -0.205850691
vn 0.978311539 -0.0166366883 -0.206469908
vn 0.978311539 -0.0166366883 -0.206469908
vn 0.978311539 -0.0166366883 -0.206469908
vn 0.978251219 -0.0164344329 -0.206771806
vn 0.978251219 -0.0164344329 -0.206771806
vn 0.978251219 -0.0164344329 -0.206771806
vn 0.90224123 -0.379790068 -0.204255357
vn 0.90224123 -0.379790068 -0.204255357
vn 0.90224123 -0.379790068 -0.204255357
vn 0.90130955 -0.388662815 -0.191265196
vn 0.90130955 -0.388662815 -0.191265196
vn 0.90130955 -0.388662815 -0.191265196
vn 0.715739846 -0.672698557 -0.187598288
vn 0.715739846 -0.672698557 -0.187598288
vn 0.715739846 -0.672698557 -0.187598288
vn 0.70611608 -0.690285623 -0.157816291
vn 0.70611608 -0.690285623 -0.157816291
vn 0.70611608 -0.690285623 -0.157816291
vn 0.466221958 -0.870934129 -0.155276224
vn 0.466221958 -0.870934129 -0.155276224
vn 0.466221958 -0.870934129 -0.155276224
vn 0.444818139 -0.888371825 -0.113720521
vn 0.444818139 -0.888371825 -0.113720521
vn 0.444818139 -0.888371825 -0.113720521
vn 0.188468769 -0.975549936 -0.113057256
vn 0.188468769 -0.975549936 -0.113057256
vn 0.188468769 -0.975549936 -0.113057256
vn 0.160127237 -0.984746993 -0.0680630058
vn 0.160127237 -0.984746993 -0.0680630058
vn 0.160127237 -0.984746993 -0.0680630058
vn -0.13399455 -0.986896157 0.0898972824
vn -0.13399455 -0.986896157 0.0898972824
vn -0.13399455 -0.986896157 0.0898972824
vn -0.162013218 -0.97758323 0.134471685
vn -0.162013218 -0.97758323 0.134471685
vn -0.162013218 -0.97758323 0.134471685
vn -0.453597754 -0.880816877 0.135686234
vn -0.453597754 -0.880816877 0.135686234
vn -0.453597754 -0.880816877 0.135686234
vn -0.454124272 -0.880387306 0.136708871
vn -0.454124272 -0.880387306 0.136708871
vn -0.454124272 -0.880387306 0.136708871
vn -0.755790293 -0.640085757 0.138098985
vn -0.755790293 -0.640085757 0.138098985
vn -0.755790293 -0.640085757 0.138098985
vn -0.746138692 -0.656773269 0.109205514
vn -0.746138692 -0.656773269 0.109205514
vn -0.746138692 -0.656773269 0.109205514
vn -0.943118155 -0.314040333 0.109118432
vn -0.943118155 -0.314040333 0.109118432
vn -0.943118155 -0.314040333 0.109118432
vn -0.938783348 -0.336217314 0.0751242936
vn -0.938783348 -0.336217314 0.0751242936
vn -0.938783348 -0.336217314 0.0751242936
vn -0.993066609 0.0917164758 0.0735306442
vn -0.993066609 0.0917164758 0.0735306442
vn -0.993066609 0.0917164758 0.0735306442
vn -0.998404503 0.0540585928 0.0163154192
vn -0.998404503 0.0540585928 0.0163154192
vn -0.998404503 0.0540585928 0.0163154192
vn -0.892818093 0.450142473 0.0157367997
vn -0.892818093 0.450142473 0.0157367997
vn -0.892818093 0.450142473 0.0157367997
vn -0.907426596 0.418629408 -0.0364166312
vn -0.907426596 0.418629408 -0.0364166312
vn -0.907426596 0.418629408 -0.0364166312
vn -0.707540512 0.705788791 -0.0353361256
vn -0.707540512 0.705788791 -0.0353361256
vn -0.707540512 0.705788791 -0.0353361256
vn -0.721131921 0.689556777 -0.0669330508
vn -0.721131921 0.689556777 -0.0669330508
vn -0.721131921 0.689556777 -0.0669330508
vn -0.491706371 0.868239641 -0.0662181228
vn -0.491706371 0.868239641 -0.0662181228
vn -0.491706371 0.868239641 -0.0662181228
vn -0.492337406 0.867793143 -0.0673730448
vn -0.492337406 0.867793143 -0.0673730448
vn -0.492337406 0.867793143 -0.0673730448
vn -0.245379418 0.967040896 -0.0679755285
vn -0.245379418 0.967040896 -0.0679755285
vn -0.245379418 0.967040896 -0.0679755285
vn -0.226913378 0.973157287 -0.0384086892
vn -0.226913378 0.973157287 -0.0384086892
vn -0.226913378 0.973157287 -0.0384086892
vn 0.0573190078 0.997579277 -0.039372582
vn 0.0573190078 0.997579277 -0.039372582
vn 0.0573190078 0.997579277 -0.039372582
vn 0.0757692233 0.997067511 -0.0107474076
vn 0.0757692233 0.997067511 -0.0107474076
vn 0.0757692233 0.997067511 -0.0107474076
vn 0.384901583 0.922890246 -0.0111494791
vn 0.384901583 0.922890246 -0.0111494791
vn 0.384901583 0.922890246 -0.0111494791
vn 0.381441116 0.92423743 -0.0169641525
vn 0.381441116 0.92423743 -0.0169641525
vn 0.381441116 0.92423743 -0.0169641525
vn 0.690322995 0.723283291 -0.0177580472
vn 0.690322995 0.723283291 -0.0177580472
vn 0.690322995 0.723283291 -0.0177580472
vn 0.696220696 0.717808664 -0.00523745408
vn 0.696220696 0.717808664 -0.00523745408
vn 0.696220696 0.717808664 -0.00523745408
vn 0.928056896 0.372399569 -0.00539022963
vn 0.928056896 0.372399569 -0.00539022963
vn 0.928056896 0.372399569 -0.00539022963
vn 0.926114559 0.377016515 -0.0130527196
vn 0.926114559 0.377016515 -0.0130527196
vn 0.926114559 0.377016515 -0.0130527196
vn 0.999773026 -0.0167959891 -0.0131082078
vn 0.999773026 -0.0167959891 -0.0131082078
vn 0.999773026 -0.0167959891 -0.0131082078
vn 0.999766827 -0.0155702196 -0.0149647733
vn 0.999766827 -0.0155702196 -0.0149647733
vn 0.999766827 -0.0155702196 -0.0149647733
vn 0.918162227 -0.395930052 -0.0147477854
vn 0.918162227 -0.395930052 -0.0147477854
vn 0.918162227 -0.395930052 -0.0147477854
vn 0.915991962 -0.401148319 -0.00623267889
vn 0.915991962 -0.401148319 -0.00623267889
vn 0.915991962 -0.401148319 -0.00623267889
vn 0.71506387 -0.699032724 -0.00607548282
vn 0.71506387 -0.699032724 -0.00607548282
vn 0.71506387 -0.699032724 -0.00607548282
vn 0.705305159 -0.708752334 0.0146552809
vn 0.705305159 -0.708752334 0.0146552809
vn 0.705305159 -0.708752334 0.0146552809
vn 0.447676778 -0.894080997 0.0143076694
vn 0.447676778 -0.894080997 0.0143076694
vn 0.447676778 -0.894080997 0.0143076694
vn 0.427420288 -0.902802229 0.0475388505
vn 0.427420288 -0.902802229 0.0475388505
vn 0.427420288 -0.902802229 0.0475388505
vn 0.16032277 -0.985949457 0.0469069146
vn 0.16032277 -0.985949457 0.0469069146
vn 0.16032277 -0.985949457 0.0469069146
vn 0.131856114 -0.987181842 0.0899227485
vn 0.131856114 -0.987181842 0.0899227485
vn 0.131856114 -0.987181842 0.0899227485
vn -0.158038914 -0.955279887 0.249928236
vn -0.158038914 -0.955279887 0.249928236
vn -0.158038914 -0.955279887 0.249928236
vn -0.185004294 -0.938642144 0.291074365
vn -0.185004294 -0.938642144 0.291074365
vn -0.185004294 -0.938642144 0.291074365
vn -0.436911047 -0.850733161 0.292167395
vn -0.436911047 -0.850733161 0.292167395
vn -0.436911047 -0.850733161 0.292167395
vn -0.455009162 -0.826747537 0.330839902
vn -0.455009162 -0.826747537 0.330839902
vn -0.455009162 -0.826747537 0.330839902
vn -0.706929207 -0.623894989 0.333175898
vn -0.706929207 -0.623894989 0.333175898
vn -0.706929207 -0.623894989 0.333175898
vn -0.70473218 -0.631748199 0.322872669
vn -0.70473218 -0.631748199 0.322872669
vn -0.70473218 -0.631748199 0.322872669
vn -0.890623987 -0.318653673 0.324420422
vn -0.890623987 -0.318653673 0.324420422
vn -0.890623987 -0.318653673 0.324420422
vn -0.891021192 -0.322970092 0.319016755
vn -0.891021192 -0.322970092 0.319016755
vn -0.891021192 -0.322970092 0.319016755
vn -0.947317481 0.0550435632 0.315531105
vn -0.947317481 0.0550435632 0.315531105
vn -0.947317481 0.0550435632 0.315531105
vn -0.964381516 0.0176533945 0.263925225
vn -0.964381516 0.0176533945 0.263925225
vn -0.964381516 0.0176533945 0.263925225
vn -0.874798834 0.40985474 0.258352846
vn -0.874798834 0.40985474 0.258352846
vn -0.874798834 0.40985474 0.258352846
vn -0.900554121 0.381234646 0.208955765
vn -0.900554121 0.381234646 0.208955765
vn -0.900554121 0.381234646 0.208955765
vn -0.70461762 0.679472208 0.204527542
vn -0.70461762 0.679472208 0.204527542
vn -0.70461762 0.679472208 0.204527542
vn -0.725744128 0.666231036 0.171556547
vn -0.725744128 0.666231036 0.171556547
vn -0.725744128 0.666231036 0.171556547
vn -0.48589474 0.857288539 0.170184374
vn -0.48589474 0.857288539 0.170184374
vn -0.48589474 0.857288539 0.170184374
vn -0.487109661 0.856940508 0.16845499
vn -0.487109661 0.856940508 0.16845499
vn -0.487109661 0.856940508 0.16845499
vn -0.226365283 0.959155381 0.169645935
vn -0.226365283 0.959155381 0.169645935
vn -0.226365283 0.959155381 0.169645935
vn -0.214728698 0.958778977 0.18610312
vn -0.214728698 0.958778977 0.18610312
vn -0.214728698 0.958778977 0.18610312
vn 0.0698116049 0.979282796 0.190082997
vn 0.0698116049 0.979282796 0.190082997
vn 0.0698116049 0.979282796 0.190082997
vn 0.0642265752 0.981310189 0.181398019
vn 0.0642265752 0.981310189 0.181398019
vn 0.0642265752 0.981310189 0.181398019
vn 0.368826479 0.910169303 0.188570321
vn 0.368826479 0.910169303 0.188570321
vn 0.368826479 0.910169303 0.188570321
vn 0.371630579 0.907894969 0.193952337
vn 0.371630579 0.907894969 0.193952337
vn 0.371630579 0.907894969 0.193952337
vn 0.678207994 0.706330717 0.202807009
vn 0.678207994 0.706330717 0.202807009
vn 0.678207994 0.706330717 0.202807009
vn 0.678392828 0.705992222 0.203367054
vn 0.678392828 0.705992222 0.203367054
vn 0.678392828 0.705992222 0.203367054
vn 0.904905021 0.370476216 0.209509611
vn 0.904905021 0.370476216 0.209509611
vn 0.904905021 0.370476216 0.209509611
vn 0.904574871 0.374040186 0.204543784
vn 0.904574871 0.374040186 0.204543784
vn 0.904574871 0.374040186 0.204543784
vn 0.978498816 -0.0160368234 0.205627695
vn 0.978498816 -0.0160368234 0.205627695
vn 0.978498816 -0.0160368234 0.205627695
vn 0.97882551 -0.0149833169 0.204147339
vn 0.97882551 -0.0149833169 0.204147339
vn 0.97882551 -0.0149833169 0.204147339
vn 0.896101058 -0.395777047 0.200906619
vn 0.896101058 -0.395777047 0.200906619
vn 0.896101058 -0.395777047 0.200906619
vn 0.894348204 -0.397896588 0.204498395
vn 0.894348204 -0.397896588 0.204498395
vn 0.894348204 -0.397896588 0.204498395
vn 0.688633442 -0.697401643 0.198532045
vn 0.688633442 -0.697401643 0.198532045
vn 0.688633442 -0.697401643 0.198532045
vn 0.681843877 -0.701151133 0.20850879
vn 0.681843877 -0.701151133 0.20850879
vn 0.681843877 -0.701151133 0.20850879
vn 0.416423798 -0.886362553 0.202367529
vn 0.416423798 -0.886362553 0.202367529
vn 0.416423798 -0.886362553 0.202367529
vn 0.400498718 -0.888738573 0.223034561
vn 0.400498718 -0.888738573 0.223034561
vn 0.400498718 -0.888738573 0.223034561
vn 0.127964571 -0.967386603 0.218604907
vn 0.127964571 -0.967386603 0.218604907
vn 0.127964571 -0.967386603 0.218604907
vn 0.102798358 -0.962312341 0.251768708
vn 0.102798358 -0.962312341 0.251768708
vn 0.102798358 -0.962312341 0.251768708
vn -0.176776752 -0.890590131 0.419045299
vn -0.176776752 -0.890590131 0.419045299
vn -0.176776752 -0.890590131 0.419045299
vn -0.200146377 -0.870534539 0.449567437
vn -0.200146377 -0.870534539 0.449567437
vn -0.200146377 -0.870534539 0.449567437
vn -0.430037409 -0.783761859 0.448090553
vn -0.430037409 -0.783761859 0.448090553
vn -0.430037409 -0.783761859 0.448090553
vn -0.44627893 -0.754367828 0.481418908
vn -0.44627893 -0.754367828 0.481418908
vn -0.44627893 -0.754367828 0.481418908
vn -0.650380135 -0.58641392 0.482829452
vn -0.650380135 -0.58641392 0.482829452
vn -0.650380135 -0.58641392 0.482829452
vn -0.653983891 -0.559583485 0.509088933
vn -0.653983891 -0.559583485 0.509088933
vn -0.653983891 -0.559583485 0.509088933
vn -0.808925033 -0.293082446 0.509649873
vn -0.808925033 -0.293082446 0.509649873
vn -0.808925033 -0.293082446 0.509649873
vn -0.804720819 -0.276714981 0.525217414
vn -0.804720819 -0.276714981 0.525217414
vn -0.804720819 -0.276714981 0.525217414
vn -0.852396786 0.0178875141 0.522589564
vn -0.852396786 0.0178875141 0.522589564
vn -0.852396786 0.0178875141 0.522589564
vn -0.863161087 0.00209087296 0.504924417
vn -0.863161087 0.00209087296 0.504924417
vn -0.863161087 0.00209087296 0.504924417
vn -0.794623256 0.34417358 0.500118375
vn -0.794623256 0.34417358 0.500118375
vn -0.794623256 0.34417358 0.500118375
vn -0.828850865 0.318642676 0.459861964
vn -0.828850865 0.318642676 0.459861964
vn -0.828850865 0.318642676 0.459861964
vn -0.651905358 0.606617033 0.455011219
vn -0.651905358 0.606617033 0.455011219
vn -0.651905358 0.606617033 0.455011219
vn -0.678877354 0.59735781 0.426953375
vn -0.678877354 0.59735781 0.426953375
vn -0.678877354 0.59735781 0.426953375
vn -0.446578085 0.787294745 0.425129503
vn -0.446578085 0.787294745 0.425129503
vn -0.446578085 0.787294745 0.425129503
vn -0.465888679 0.786698937 0.405033946
vn -0.465888679 0.786698937 0.405033946
vn -0.465888679 0.786698937 0.405033946
vn -0.204201937 0.88970536 0.408320904
vn -0.204201937 0.88970536 0.408320904
vn -0.204201937 0.88970536 0.408320904
vn -0.223771721 0.895026863 0.385814965
vn -0.223771721 0.895026863 0.385814965
vn -0.223771721 0.895026863 0.385814965
vn 0.0489587821 0.917212546 0.3953785
vn 0.0489587821 0.917212546 0.3953785
vn 0.0489587821 0.917212546 0.3953785
vn 0.0470484272 0.918462634 0.392699361
vn 0.0470484272 0.918462634 0.392699361
vn 0.0470484272 0.918462634 0.392699361
vn 0.33322826 0.850124061 0.407735258
vn 0.33322826 0.850124061 0.407735258
vn 0.33322826 0.850124061 0.407735258
vn 0.332501352 0.85110116 0.406287551
vn 0.332501352 0.85110116 0.406287551
vn 0.332501352 0.85110116 0.406287551
vn 0.619258523 0.660656333 0.424325436
vn 0.619258523 0.660656333 0.424325436
vn 0.619258523 0.660656333 0.424325436
vn 0.618991315 0.661674201 0.423127562
vn 0.618991315 0.661674201 0.423127562
vn 0.618991315 0.661674201 0.423127562
vn 0.829921007 0.348286808 0.435806632
vn 0.829921007 0.348286808 0.435806632
vn 0.829921007 0.348286808 0.435806632
vn 0.830016077 0.348959684 0.435086727
vn 0.830016077 0.348959684 0.435086727
vn 0.830016077 0.348959684 0.435086727
vn 0.899110913 -0.0154607221 0.437447637
vn 0.899110913 -0.0154607221 0.437447637
vn 0.899110913 -0.0154607221 0.437447637
vn 0.899306834 -0.0151238022 0.437056601
vn 0.899306834 -0.0151238022 0.437056601
vn 0.899306834 -0.0151238022 0.437056601
vn 0.821765602 -0.373756021 0.430125147
vn 0.821765602 -0.373756021 0.430125147
vn 0.821765602 -0.373756021 0.430125147
vn 0.822295547 -0.37333861 0.429474503
vn 0.822295547 -0.37333861 0.429474503
vn 0.822295547 -0.37333861 0.429474503
vn 0.626581609 -0.658635378 0.416647196
vn 0.626581609 -0.658635378 0.416647196
vn 0.626581609 -0.658635378 0.416647196
vn 0.624630392 -0.659255564 0.418591678
vn 0.624630392 -0.659255564 0.418591678
vn 0.624630392 -0.659255564 0.418591678
vn 0.367720664 -0.837008476 0.405213892
vn 0.367720664 -0.837008476 0.405213892
vn 0.367720664 -0.837008476 0.405213892
vn 0.358135998 -0.836677969 0.414377421
vn 0.358135998 -0.836677969 0.414377421
vn 0.358135998 -0.836677969 0.414377421
vn 0.0922638774 -0.909955978 0.40431127
vn 0.0922638774 -0.909955978 0.40431127
vn 0.0922638774 -0.909955978 0.40431127
vn 0.0728060007 -0.902439415 0.42462039
vn 0.0728060007 -0.902439415 0.42462039
vn 0.0728060007 -0.902439415 0.42462039
vn -0.185637265 -0.782346725 0.59453541
vn -0.185637265 -0.782346725 0.59453541
vn -0.185637265 -0.782346725 0.59453541
vn -0.204304412 -0.763740122 0.612340391
vn -0.204304412 -0.763740122 0.612340391
vn -0.204304412 -0.763740122 0.612340391
vn -0.405462205 -0.683378756 0.607119441
vn -0.405462205 -0.683378756 0.607119441
vn -0.405462205 -0.683378756 0.607119441
vn -0.419248074 -0.654404104 0.629274428
vn -0.419248074 -0.654404104 0.629274428
vn -0.419248074 -0.654404104 0.629274428
vn -0.591159761 -0.506984949 0.627292991
vn -0.591159761 -0.506984949 0.627292991
vn -0.591159761 -0.506984949 0.627292991
vn -0.593691945 -0.478613675 0.646884024
vn -0.593691945 -0.478613675 0.646884024
vn -0.593691945 -0.478613675 0.646884024
vn -0.723791361 -0.2471295 0.644245982
vn -0.723791361 -0.2471295 0.644245982
vn -0.723791361 -0.2471295 0.644245982
vn -0.719384134 -0.231720388 0.654822171
vn -0.719384134 -0.231720388 0.654822171
vn -0.719384134 -0.231720388 0.654822171
vn -0.75784272 0.00211407524 0.652433932
vn -0.75784272 0.00211407524 0.652433932
vn -0.75784272 0.00211407524 0.652433932
vn -0.736272633 0.0312918201 0.675961137
vn -0.736272633 0.0312918201 0.675961137
vn -0.736272633 0.0312918201 0.675961137
vn -0.690137804 0.268482506 0.672031999
vn -0.690137804 0.268482506 0.672031999
vn -0.690137804 0.268482506 0.672031999
vn -0.704980314 0.258604258 0.660398841
vn -0.704980314 0.258604258 0.660398841
vn -0.704980314 0.258604258 0.660398841
vn -0.562455475 0.50046128 0.658165932
vn -0.562455475 0.50046128 0.658165932
vn -0.562455475 0.50046128 0.658165932
vn -0.608905137 0.48809433 0.625298738
vn -0.608905137 0.48809433 0.625298738
vn -0.608905137 0.48809433 0.625298738
vn -0.398243457 0.668809652 0.627770603
vn -0.398243457 0.668809652 0.627770603
vn -0.398243457 0.668809652 0.627770603
vn -0.439525753 0.670921981 0.597227693
vn -0.439525753 0.670921981 0.597227693
vn -0.439525753 0.670921981 0.597227693
vn -0.20422031 0.768791318 0.606014848
vn -0.20422031 0.768791318 0.606014848
vn -0.20422031 0.768791318 0.606014848
vn -0.22289905 0.77597779 0.590063214
vn -0.22289905 0.77597779 0.590063214
vn -0.22289905 0.77597779 0.590063214
vn 0.021058999 0.795827448 0.605157137
vn 0.021058999 0.795827448 0.605157137
vn 0.021058999 0.795827448 0.605157137
vn 0.0117151402 0.803723335 0.594887853
vn 0.0117151402 0.803723335 0.594887853
vn 0.0117151402 0.803723335 0.594887853
vn 0.263952017 0.741594791 0.616738617
vn 0.263952017 0.741594791 0.616738617
vn 0.263952017 0.741594791 0.616738617
vn 0.25887078 0.750555694 0.607990205
vn 0.25887078 0.750555694 0.607990205
vn 0.25887078 0.750555694 0.607990205
vn 0.514047623 0.577787876 0.633968592
vn 0.514047623 0.577787876 0.633968592
vn 0.514047623 0.577787876 0.633968592
vn 0.514794707 0.572266996 0.638354897
vn 0.514794707 0.572266996 0.638354897
vn 0.514794707 0.572266996 0.638354897
vn 0.693484545 0.30050382 0.654810429
vn 0.693484545 0.30050382 0.654810429
vn 0.693484545 0.30050382 0.654810429
vn 0.69302237 0.298724532 0.656112492
vn 0.69302237 0.298724532 0.656112492
vn 0.69302237 0.298724532 0.656112492
vn 0.751865387 -0.0155147165 0.65913415
vn 0.751865387 -0.0155147165 0.65913415
vn 0.751865387 -0.0155147165 0.65913415
vn 0.752437413 -0.0147328451 0.658498943
vn 0.752437413 -0.0147328451 0.658498943
vn 0.752437413 -0.0147328451 0.658498943
vn 0.687012553 -0.326162726 0.64933157
vn 0.687012553 -0.326162726 0.64933157
vn 0.687012553 -0.326162726 0.64933157
vn 0.690085351 -0.324190289 0.647057056
vn 0.690085351 -0.324190289 0.647057056
vn 0.690085351 -0.324190289 0.647057056
vn 0.52089715 -0.57636857 0.629655004
vn 0.52089715 -0.57636857 0.629655004
vn 0.52089715 -0.57636857 0.629655004
vn 0.523903131 -0.57570684 0.627763629
vn 0.523903131 -0.57570684 0.627763629
vn 0.523903131 -0.57570684 0.627763629
vn 0.296092629 -0.736063004 0.608720422
vn 0.296092629 -0.736063004 0.608720422
vn 0.296092629 -0.736063004 0.608720422
vn 0.293041915 -0.735688925 0.610645771
vn 0.293041915 -0.735688925 0.610645771
vn 0.293041915 -0.735688925 0.610645771
vn 0.0526071563 -0.801867604 0.595181167
vn 0.0526071563 -0.801867604 0.595181167
vn 0.0526071563 -0.801867604 0.595181167
vn 0.0396097414 -0.795560777 0.604577601
vn 0.0396097414 -0.795560777 0.604577601
vn 0.0396097414 -0.795560777 0.604577601
vn -0.181307316 -0.621556938 0.762098849
vn -0.181307316 -0.621556938 0.762098849
vn -0.181307316 -0.621556938 0.762098849
vn -0.195440501 -0.607861996 0.769614637
vn -0.195440501 -0.607861996 0.769614637
vn -0.195440501 -0.607861996 0.769614637
vn -0.35552448 -0.542252779 0.761291206
vn -0.35552448 -0.542252779 0.761291206
vn -0.35552448 -0.542252779 0.761291206
vn -0.367496431 -0.518460214 0.772104442
vn -0.367496431 -0.518460214 0.772104442
vn -0.367496431 -0.518460214 0.772104442
vn -0.501273274 -0.400671184 0.766933978
vn -0.501273274 -0.400671184 0.766933978
vn -0.501273274 -0.400671184 0.766933978
vn -0.504398465 -0.37541303 0.777590692
vn -0.504398465 -0.37541303 0.777590692
vn -0.504398465 -0.37541303 0.777590692
vn -0.606369913 -0.190038428 0.772140443
vn -0.606369913 -0.190038428 0.772140443
vn -0.606369913 -0.190038428 0.772140443
vn -0.604973733 -0.184049174 0.774682283
vn -0.604973733 -0.184049174 0.774682283
vn -0.604973733 -0.184049174 0.774682283
vn -0.638389766 0.031696666 0.769060373
vn -0.638389766 0.031696666 0.769060373
vn -0.638389766 0.031696666 0.769060373
vn -0.639461398 0.0300418343 0.768236101
vn -0.639461398 0.0300418343 0.768236101
vn -0.639461398 0.0300418343 0.768236101
vn -0.603623569 0.221746758 0.765811384
vn -0.603623569 0.221746758 0.765811384
vn -0.603623569 0.221746758 0.765811384
vn -0.595232725 0.228228644 0.770460725
vn -0.595232725 0.228228644 0.770460725
vn -0.595232725 0.228228644 0.770460725
vn -0.499200046 0.395433486 0.770993888
vn -0.499200046 0.395433486 0.770993888
vn -0.499200046 0.395433486 0.770993888
vn -0.512843668 0.390899599 0.764322519
vn -0.512843668 0.390899599 0.764322519
vn -0.512843668 0.390899599 0.764322519
vn -0.358377129 0.527153313 0.770503223
vn -0.358377129 0.527153313 0.770503223
vn -0.358377129 0.527153313 0.770503223
vn -0.390367985 0.527534485 0.754533172
vn -0.390367985 0.527534485 0.754533172
vn -0.390367985 0.527534485 0.754533172
vn -0.196801603 0.609741688 0.767778695
vn -0.196801603 0.609741688 0.767778695
vn -0.196801603 0.609741688 0.767778695
vn -0.231496677 0.62219739 0.74785006
vn -0.231496677 0.62219739 0.74785006
vn -0.231496677 0.62219739 0.74785006
vn -0.0217409991 0.639419675 0.768550456
vn -0.0217409991 0.639419675 0.768550456
vn -0.0217409991 0.639419675 0.768550456
vn -0.0352359228 0.650556505 0.75864017
vn -0.0352359228 0.650556505 0.75864017
vn -0.0352359228 0.650556505 0.75864017
vn 0.165935606 0.598465562 0.783775687
vn 0.165935606 0.598465562 0.783775687
vn 0.165935606 0.598465562 0.783775687
vn 0.173903227 0.584344566 0.792653203
vn 0.173903227 0.584344566 0.792653203
vn 0.173903227 0.584344566 0.792653203
vn 0.363234103 0.447889179 0.816979945
vn 0.363234103 0.447889179 0.816979945
vn 0.363234103 0.447889179 0.816979945
vn 0.364454567 0.438807368 0.821353078
vn 0.364454567 0.438807368 0.821353078
vn 0.364454567 0.438807368 0.821353078
vn 0.497637719 0.228265241 0.83681047
vn 0.497637719 0.228265241 0.83681047
vn 0.497637719 0.228265241 0.83681047
vn 0.497014046 0.225754604 0.837861657
vn 0.497014046 0.225754604 0.837861657
vn 0.497014046 0.225754604 0.837861657
vn 0.541278124 -0.0149258347 0.840711117
vn 0.541278124 -0.0149258347 0.840711117
vn 0.541278124 -0.0149258347 0.840711117
vn 0.542094052 -0.0137672434 0.840205014
vn 0.542094052 -0.0137672434 0.840205014
vn 0.542094052 -0.0137672434 0.840205014
vn 0.494063199 -0.254072577 0.831473708
vn 0.494063199 -0.254072577 0.831473708
vn 0.494063199 -0.254072577 0.831473708
vn 0.498909265 -0.250810564 0.829568326
vn 0.498909265 -0.250810564 0.829568326
vn 0.498909265 -0.250810564 0.829568326
vn 0.370503694 -0.450191498 0.812437475
vn 0.370503694 -0.450191498 0.812437475
vn 0.370503694 -0.450191498 0.812437475
vn 0.377182484 -0.448575854 0.810254991
vn 0.377182484 -0.448575854 0.810254991
vn 0.377182484 -0.448575854 0.810254991
vn 0.19889836 -0.579416454 0.790389717
vn 0.19889836 -0.579416454 0.790389717
vn 0.19889836 -0.579416454 0.790389717
vn 0.201121047 -0.57965219 0.789654136
vn 0.201121047 -0.57965219 0.789654136
vn 0.201121047 -0.57965219 0.789654136
vn 0.00813374761 -0.635408342 0.77213341
vn 0.00813374761 -0.635408342 0.77213341
vn 0.00813374761 -0.635408342 0.77213341
vn 0.000942865794 -0.632031858 0.774941742
vn 0.000942865794 -0.632031858 0.774941742
vn 0.000942865794 -0.632031858 0.774941742
vn -0.162666708 -0.406692237 0.89896667
vn -0.162666708 -0.406692237 0.89896667
vn -0.162666708 -0.406692237 0.89896667
vn -0.173071757 -0.398925453 0.900502443
vn -0.173071757 -0.398925453 0.900502443
vn -0.173071757 -0.398925453 0.900502443
vn -0.276379377 -0.357089013 0.892245352
vn -0.276379377 -0.357089013 0.892245352
vn -0.276379377 -0.357089013 0.892245352
vn -0.287406594 -0.340758771 0.895142972
vn -0.287406594 -0.340758771 0.895142972
vn -0.287406594 -0.340758771 0.895142972
vn -0.373698503 -0.264401674 0.889067531
vn -0.373698503 -0.264401674 0.889067531
vn -0.373698503 -0.264401674 0.889067531
vn -0.379125416 -0.243599266 0.892705679
vn -0.379125416 -0.243599266 0.892705679
vn -0.379125416 -0.243599266 0.892705679
vn -0.444535881 -0.124603845 0.887052298
vn -0.444535881 -0.124603845 0.887052298
vn -0.444535881 -0.124603845 0.887052298
vn -0.44427523 -0.121639632 0.887594163
vn -0.44427523 -0.121639632 0.887594163
vn -0.44427523 -0.121639632 0.887594163
vn -0.468683302 0.030983625 0.882822692
vn -0.468683302 0.030983625 0.882822692
vn -0.468683302 0.030983625 0.882822692
vn -0.476341099 0.014203066 0.87914592
vn -0.476341099 0.014203066 0.87914592
vn -0.476341099 0.014203066 0.87914592
vn -0.447045237 0.174639434 0.877297938
vn -0.447045237 0.174639434 0.877297938
vn -0.447045237 0.174639434 0.877297938
vn -0.46770817 0.153066397 0.870528519
vn -0.46770817 0.153066397 0.870528519
vn -0.46770817 0.153066397 0.870528519
vn -0.391822636 0.288092613 0.873772025
vn -0.391822636 0.288092613 0.873772025
vn -0.391822636 0.288092613 0.873772025
vn -0.412875682 0.277306139 0.867545247
vn -0.412875682 0.277306139 0.867545247
vn -0.412875682 0.277306139 0.867545247
vn -0.304796785 0.374008447 0.87590903
vn -0.304796785 0.374008447 0.87590903
vn -0.304796785 0.374008447 0.87590903
vn -0.320017308 0.371947706 0.871346056
vn -0.320017308 0.371947706 0.871346056
vn -0.320017308 0.371947706 0.871346056
vn -0.200884491 0.422343075 0.883895755
vn -0.200884491 0.422343075 0.883895755
vn -0.200884491 0.422343075 0.883895755
vn -0.19826676 0.421774775 0.884757817
vn -0.19826676 0.421774775 0.884757817
vn -0.19826676 0.421774775 0.884757817
vn -0.0791333541 0.428967893 0.899846852
vn -0.0791333541 0.428967893 0.899846852
vn -0.0791333541 0.428967893 0.899846852
vn -0.0640482455 0.419210702 0.905627012
vn -0.0640482455 0.419210702 0.905627012
vn -0.0640482455 0.419210702 0.905627012
vn 0.0548957661 0.383107215 0.922071159
vn 0.0548957661 0.383107215 0.922071159
vn 0.0548957661 0.383107215 0.922071159
vn 0.0665073022 0.367173612 0.927771688
vn 0.0665073022 0.367173612 0.927771688
vn 0.0665073022 0.367173612 0.927771688
vn 0.176547319 0.281820297 0.943084538
vn 0.176547319 0.281820297 0.943084538
vn 0.176547319 0.281820297 0.943084538
vn 0.17953825 0.270724565 0.945766509
vn 0.17953825 0.270724565 0.945766509
vn 0.17953825 0.270724565 0.945766509
vn 0.259104043 0.139073908 0.955784261
vn 0.259104043 0.139073908 0.955784261
vn 0.259104043 0.139073908 0.955784261
vn 0.25894317 0.137484834 0.956057727
vn 0.25894317 0.137484834 0.956057727
vn 0.25894317 0.137484834 0.956057727
vn 0.286201656 -0.0137234461 0.958071172
vn 0.286201656 -0.0137234461 0.958071172
vn 0.286201656 -0.0137234461 0.958071172
vn 0.286969304 -0.0121839503 0.957862318
vn 0.286969304 -0.0121839503 0.957862318
vn 0.286969304 -0.0121839503 0.957862318
vn 0.258557767 -0.1634067 0.952074647
vn 0.258557767 -0.1634067 0.952074647
vn 0.258557767 -0.1634067 0.952074647
vn 0.263872892 -0.158477068 0.951449513
vn 0.263872892 -0.158477068 0.951449513
vn 0.263872892 -0.158477068 0.951449513
vn 0.184548378 -0.288214564 0.939613938
vn 0.184548378 -0.288214564 0.939613938
vn 0.184548378 -0.288214564 0.939613938
vn 0.19303447 -0.284721673 0.938973606
vn 0.19303447 -0.284721673 0.938973606
vn 0.19303447 -0.284721673 0.938973606
vn 0.0793115422 -0.373193145 0.924357355
vn 0.0793115422 -0.373193145 0.924357355
vn 0.0793115422 -0.373193145 0.924357355
vn 0.0849968567 -0.372968316 0.923942745
vn 0.0849968567 -0.372968316 0.923942745
vn 0.0849968567 -0.372968316 0.923942745
vn -0.0407513157 -0.412634969 0.909984529
vn -0.0407513157 -0.412634969 0.909984529
vn -0.0407513157 -0.412634969 0.909984529
vn -0.0434376225 -0.411792934 0.910241544
vn -0.0434376225 -0.411792934 0.910241544
vn -0.0434376225 -0.411792934 0.910241544
vn -0.130892873 -0.146555379 0.980504215
vn -0.130892873 -0.146555379 0.980504215
vn -0.130892873 -0.146555379 0.980504215
vn 0 0.184288546 -0.982872248
vn 0 0.184288546 -0.982872248
vn 0 0.184288546 -0.982872248
vn -0.169298768 -0.131825045 0.97670877
vn -0.169298768 -0.131825045 0.97670877
vn -0.169298768 -0.131825045 0.97670877
vn -0.715265989 0.65306896 -0.248788178
vn -0.715265989 0.65306896 -0.248788178
vn -0.715265989 0.65306896 -0.248788178
vn -0.208350316 -0.0980518758 0.973126888
vn -0.208350316 -0.0980518758 0.973126888
vn -0.208350316 -0.0980518758 0.973126888
vn 0.145521373 0.194028497 -0.970142484
vn 0.145521373 0.194028497 -0.970142484
vn 0.145521373 0.194028497 -0.970142484
vn -0.23804599 -0.0452370271 0.970199823
vn -0.23804599 -0.0452370271 0.970199823
vn -0.23804599 -0.0452370271 0.970199823
vn 0.274721116 0 -0.96152389
vn 0.274721116 0 -0.96152389
vn 0.274721116 0 -0.96152389
vn -0.248216122 0.0147526609 0.968592286
vn -0.248216122 0.0147526609 0.968592286
vn -0.248216122 0.0147526609 0.968592286
vn 0.219512194 0 -0.97560972
vn 0.219512194 0 -0.97560972
vn 0.219512194 0 -0.97560972
vn -0.2386747 0.0689477846 0.968648791
vn -0.2386747 0.0689477846 0.968648791
vn -0.2386747 0.0689477846 0.968648791
vn 0.298274994 0 -0.954479992
vn 0.298274994 0 -0.954479992
vn 0.298274994 0 -0.954479992
vn -0.216028795 0.108986557 0.970285296
vn -0.216028795 0.108986557 0.970285296
vn -0.216028795 0.108986557 0.970285296
vn 0.0827605873 -0.0827605873 -0.993127048
vn 0.0827605873 -0.0827605873 -0.993127048
vn 0.0827605873 -0.0827605873 -0.993127048
vn -0.187075615 0.134136438 0.973144412
vn -0.187075615 0.134136438 0.973144412
vn -0.187075615 0.134136438 0.973144412
vn 0.121942148 -0.182913214 -0.975537181
vn 0.121942148 -0.182913214 -0.975537181
vn 0.121942148 -0.182913214 -0.975537181
vn -0.153590962 0.147149324 0.977116704
vn -0.153590962 0.147149324 0.977116704
vn -0.153590962 0.147149324 0.977116704
vn 0 -0.148916304 -0.988849819
vn 0 -0.148916304 -0.988849819
vn 0 -0.148916304 -0.988849819
vn -0.113928311 0.1479467 0.982411385
vn -0.113928311 0.1479467 0.982411385
vn -0.113928311 0.1479467 0.982411385
vn -0.0618984438 -0.123796888 -0.990375102
vn -0.0618984438 -0.123796888 -0.990375102
vn -0.0618984438 -0.123796888 -0.990375102
vn -0.0690948442 0.132320657 0.988795817
vn -0.0690948442 0.132320657 0.988795817
vn -0.0690948442 0.132320657 0.988795817
vn -0.0249610301 -0.0499220602 -0.998441219
vn -0.0249610301 -0.0499220602 -0.998441219
vn -0.0249610301 -0.0499220602 -0.998441219
vn -0.0261736475 0.0967691839 0.994962633
vn -0.0261736475 0.0967691839 0.994962633
vn -0.0261736475 0.0967691839 0.994962633
vn -0.0187452398 -0.0124968272 -0.999746203
vn -0.0187452398 -0.0124968272 -0.999746203
vn -0.0187452398 -0.0124968272 -0.999746203
vn 0.00437459536 0.0440677702 0.999018967
vn 0.00437459536 0.0440677702 0.999018967
vn 0.00437459536 0.0440677702 0.999018967
vn -0.0117179453 0 -0.999931335
vn -0.0117179453 0 -0.999931335
vn -0.0117179453 0 -0.999931335
vn 0.0142624984 -0.0119536156 0.999826849
vn 0.0142624984 -0.0119536156 0.999826849
vn 0.0142624984 -0.0119536156 0.999826849
vn -0.0156230936 0 -0.999877989
vn -0.0156230936 0 -0.999877989
vn -0.0156230936 0 -0.999877989
vn 0.00516601838 -0.0633705258 0.997976661
vn 0.00516601838 -0.0633705258 0.997976661
vn 0.00516601838 -0.0633705258 0.997976661
vn -0.0312347524 0 -0.999512076
vn -0.0312347524 0 -0.999512076
vn -0.0312347524 0 -0.999512076
vn -0.0193794016 -0.105612114 0.994218588
vn -0.0193794016 -0.105612114 0.994218588
vn -0.0193794016 -0.105612114 0.994218588
vn -0.0623244196 0.0415496118 -0.997190714
vn -0.0623244196 0.0415496118 -0.997190714
vn -0.0623244196 0.0415496118 -0.997190714
vn -0.0535177663 -0.133838624 0.989556968
vn -0.0535177663 -0.133838624 0.989556968
vn -0.0535177663 -0.133838624 0.989556968
vn -0.0618984438 0.123796888 -0.990375102
vn -0.0618984438 0.123796888 -0.990375102
vn -0.0618984438 0.123796888 -0.990375102
vn -0.0917340815 -0.147203431 0.984843135
vn -0.0917340815 -0.147203431 0.984843135
vn -0.0917340815 -0.147203431 0.984843135
vn 0.961716712 0.0405112021 -0.271034539
vn 0.961716712 0.0405112021 -0.271034539
vn 0.961716712 0.0405112021 -0.271034539
g MSH_CIN_Asteroid_07_Submesh0
f 1/1/1 2/2/2 3/3/3
f 4/4/4 5/5/5 6/6/6
f 7/7/7 8/8/8 9/9/9
f 10/10/10 11/11/11 12/12/12
f 13/13/13 14/14/14 15/15/15
f 16/16/16 17/17/17 18/18/18
f 19/19/19 20/20/20 21/21/21
f 22/22/22 23/23/23 24/24/24
f 25/25/25 26/26/26 27/27/27
f 28/28/28 29/29/29 30/30/30
f 31/31/31 32/32/32 33/33/33
f 34/34/34 35/35/35 36/36/36
f 37/37/37 38/38/38 39/39/39
f 40/40/40 41/41/41 42/42/42
f 43/43/43 44/44/44 45/45/45
f 46/46/46 47/47/47 48/48/48
f 49/49/49 50/50/50 51/51/51
f 52/52/52 53/53/53 54/54/54
f 55/55/55 56/56/56 57/57/57
f 58/58/58 59/59/59 60/60/60
f 61/61/61 62/62/62 63/63/63
f 64/64/64 65/65/65 66/66/66
f 67/67/67 68/68/68 69/69/69
f 70/70/70 71/71/71 72/72/72
f 73/73/73 74/74/74 75/75/75
f 76/76/76 77/77/77 78/78/78
f 79/79/79 80/80/80 81/81/81
f 82/82/82 83/83/83 84/84/84
f 85/85/85 86/86/86 87/87/87
f 88/88/88 89/89/89 90/90/90
f 91/91/91 92/92/92 93/93/93
f 94/94/94 95/95/95 96/96/96
f 97/97/97 98/98/98 99/99/99
f 100/100/100 101/101/101 102/102/102
f 103/103/103 104/104/104 105/105/105
f 106/106/106 107/107/107 108/108/108
f 109/109/109 110/110/110 111/111/111
f 112/112/112 113/113/113 114/114/114
f 115/115/115 116/116/116 117/117/117
f 118/118/118 119/119/119 120/120/120
f 121/121/121 122/122/122 123/123/123
f 124/124/124 125/125/125 126/126/126
f 127/127/127 128/128/128 129/129/129
f 130/130/130 131/131/131 132/132/132
f 133/133/133 134/134/134 135/135/135
f 136/136/136 137/137/137 138/138/138
f 139/139/139 140/140/140 141/141/141
f 142/142/142 143/143/143 144/144/144
f 145/145/145 146/146/146 147/147/147
f 148/148/148 149/149/149 150/150/150
f 151/151/151 152/152/152 153/153/153
f 154/154/154 155/155/155 156/156/156
f 157/157/157 158/158/158 159/159/159
f 160/160/160 161/161/161 162/162/162
f 163/163/163 164/164/164 165/165/165
f 166/166/166 167/167/167 168/168/168
f 169/169/169 170/170/170 171/171/171
f 172/172/172 173/173/173 174/174/174
f 175/175/175 176/176/176 177/177/177
f 178/178/178 179/179/179 180/180/180
f 181/181/181 182/182/182 183/183/183
f 184/184/184 185/185/185 186/186/186
f 187/187/187 188/188/188 189/189/189
f 190/190/190 191/191/191 192/192/192
f 193/193/193 194/194/194 195/195/195
f 196/196/196 197/197/197 198/198/198
f 199/199/199 200/200/200 201/201/201
f 202/202/202 203/203/203 204/204/204
f 205/205/205 206/206/206 207/207/207
f 208/208/208 209/209/209 210/210/210
f 211/211/211 212/212/212 213/213/213
f 214/214/214 215/215/215 216/216/216
f 217/217/217 218/218/218 219/219/219
f 220/220/220 221/221/221 222/222/222
f 223/223/223 224/224/224 225/225/225
f 226/226/226 227/227/227 228/228/228
f 229/229/229 230/230/230 231/231/231
f 232/232/232 233/233/233 234/234/234
f 235/235/235 236/236/236 237/237/237
f 238/238/238 239/239/239 240/240/240
f 241/241/241 242/242/242 243/243/243
f 244/244/244 245/245/245 246/246/246
f 247/247/247 248/248/248 249/249/249
f 250/250/250 251/251/251 252/252/252
f 253/253/253 254/254/254 255/255/255
f 256/256/256 257/257/257 258/258/258
f 259/259/259 260/260/260 261/261/261
f 262/262/262 263/263/263 264/264/264
f 265/265/265 266/266/266 267/267/267
f 268/268/268 269/269/269 270/270/270
f 271/271/271 272/272/272 273/273/273
f 274/274/274 275/275/275 276/276/276
f 277/277/277 278/278/278 279/279/279
f 280/280/280 281/281/281 282/282/282
f 283/283/283 284/284/284 285/285/285
f 286/286/286 287/287/287 288/288/288
f 289/289/289 290/290/290 291/291/291
f 292/292/292 293/293/293 294/294/294
f 295/295/295 296/296/296 297/297/297
f 298/298/298 299/299/299 300/300/300
f 301/301/301 302/302/302 303/303/303
f 304/304/304 305/305/305 306/306/306
f 307/307/307 308/308/308 309/309/309
f 310/310/310 311/311/311 312/312/312
f 313/313/313 314/314/314 315/315/315
f 316/316/316 317/317/317 318/318/318
f 319/319/319 320/320/320 321/321/321
f 322/322/322 323/323/323 324/324/324
f 325/325/325 326/326/326 327/327/327
f 328/328/328 329/329/329 330/330/330
f 331/331/331 332/332/332 333/333/333
f 334/334/334 335/335/335 336/336/336
f 337/337/337 338/338/338 339/339/339
f 340/340/340 341/341/341 342/342/342
f 343/343/343 344/344/344 345/345/345
f 346/346/346 347/347/347 348/348/348
f 349/349/349 350/350/350 351/351/351
f 352/352/352 353/353/353 354/354/354
f 355/355/355 356/356/356 357/357/357
f 358/358/358 359/359/359 360/360/360
f 361/361/361 362/362/362 363/363/363
f 364/364/364 365/365/365 366/366/366
f 367/367/367 368/368/368 369/369/369
f 370/370/370 371/371/371 372/372/372
f 373/373/373 374/374/374 375/375/375
f 376/376/376 377/377/377 378/378/378
f 379/379/379 380/380/380 381/381/381
f 382/382/382 383/383/383 384/384/384
f 385/385/385 386/386/386 387/387/387
f 388/388/388 389/389/389 390/390/390
f 391/391/391 392/392/392 393/393/393
f 394/394/394 395/395/395 396/396/396
f 397/397/397 398/398/398 399/399/399
f 400/400/400 401/401/401 402/402/402
f 403/403/403 404/404/404 405/405/405
f 406/406/406 407/407/407 408/408/408
f 409/409/409 410/410/410 411/411/411
f 412/412/412 413/413/413 414/414/414
f 415/415/415 416/416/416 417/417/417
f 418/418/418 419/419/419 420/420/420
f 421/421/421 422/422/422 423/423/423
f 424/424/424 425/425/425 426/426/426
f 427/427/427 428/428/428 429/429/429
f 430/430/430 431/431/431 432/432/432
f 433/433/433 434/434/434 435/435/435
f 436/436/436 437/437/437 438/438/438
f 439/439/439 440/440/440 441/441/441
f 442/442/442 443/443/443 444/444/444
f 445/445/445 446/446/446 447/447/447
f 448/448/448 449/449/449 450/450/450
f 451/451/451 452/452/452 453/453/453
f 454/454/454 455/455/455 456/456/456
f 457/457/457 458/458/458 459/459/459
f 460/460/460 461/461/461 462/462/462
f 463/463/463 464/464/464 465/465/465
f 466/466/466 467/467/467 468/468/468
f 469/469/469 470/470/470 471/471/471
f 472/472/472 473/473/473 474/474/474
f 475/475/475 476/476/476 477/477/477
f 478/478/478 479/479/479 480/480/480
f 481/481/481 482/482/482 483/483/483
f 484/484/484 485/485/485 486/486/486
f 487/487/487 488/488/488 489/489/489
f 490/490/490 491/491/491 492/492/492
f 493/493/493 494/494/494 495/495/495
f 496/496/496 497/497/497 498/498/498
f 499/499/499 500/500/500 501/501/501
f 502/502/502 503/503/503 504/504/504
f 505/505/505 506/506/506 507/507/507
f 508/508/508 509/509/509 510/510/510
f 511/511/511 512/512/512 513/513/513
f 514/514/514 515/515/515 516/516/516
f 517/517/517 518/518/518 519/519/519
f 520/520/520 521/521/521 522/522/522
f 523/523/523 524/524/524 525/525/525
f 526/526/526 527/527/527 528/528/528
f 529/529/529 530/530/530 531/531/531
f 532/532/532 533/533/533 534/534/534
f 535/535/535 536/536/536 537/537/537
f 538/538/538 539/539/539 540/540/540
f 541/541/541 542/542/542 543/543/543
f 544/544/544 545/545/545 546/546/546
f 547/547/547 548/548/548 549/549/549
f 550/550/550 551/551/551 552/552/552
f 553/553/553 554/554/554 555/555/555
f 556/556/556 557/557/557 558/558/558
f 559/559/559 560/560/560 561/561/561
f 562/562/562 563/563/563 564/564/564
f 565/565/565 566/566/566 567/567/567
f 568/568/568 569/569/569 570/570/570
f 571/571/571 572/572/572 573/573/573
f 574/574/574 575/575/575 576/576/576
f 577/577/577 578/578/578 579/579/579
f 580/580/580 581/581/581 582/582/582
f 583/583/583 584/584/584 585/585/585
f 586/586/586 587/587/587 588/588/588
f 589/589/589 590/590/590 591/591/591
f 592/592/592 593/593/593 594/594/594
f 595/595/595 596/596/596 597/597/597
f 598/598/598 599/599/599 600/600/600
f 601/601/601 602/602/602 603/603/603
f 604/604/604 605/605/605 606/606/606
f 607/607/607 608/608/608 609/609/609
f 610/610/610 611/611/611 612/612/612
f 613/613/613 614/614/614 615/615/615
f 616/616/616 617/617/617 618/618/618
f 619/619/619 620/620/620 621/621/621
f 622/622/622 623/623/623 624/624/624
f 625/625/625 626/626/626 627/627/627
f 628/628/628 629/629/629 630/630/630
f 631/631/631 632/632/632 633/633/633
f 634/634/634 635/635/635 636/636/636
f 637/637/637 638/638/638 639/639/639
f 640/640/640 641/641/641 642/642/642
f 643/643/643 644/644/644 645/645/645
f 646/646/646 647/647/647 648/648/648
f 649/649/649 650/650/650 651/651/651
f 652/652/652 653/653/653 654/654/654
f 655/655/655 656/656/656 657/657/657
f 658/658/658 659/659/659 660/660/660
f 661/661/661 662/662/662 663/663/663
f 664/664/664 665/665/665 666/666/666
f 667/667/667 668/668/668 669/669/669
f 670/670/670 671/671/671 672/672/672
f 673/673/673 674/674/674 675/675/675
f 676/676/676 677/677/677 678/678/678
f 679/679/679 680/680/680 681/681/681
f 682/682/682 683/683/683 684/684/684
f 685/685/685 686/686/686 687/687/687
f 688/688/688 689/689/689 690/690/690
f 691/691/691 692/692/692 693/693/693
f 694/694/694 695/695/695 696/696/696
f 697/697/697 698/698/698 699/699/699
f 700/700/700 701/701/701 702/702/702
f 703/703/703 704/704/704 705/705/705
f 706/706/706 707/707/707 708/708/708
f 709/709/709 710/710/710 711/711/711
f 712/712/712 713/713/713 714/714/714
f 715/715/715 716/716/716 717/717/717
f 718/718/718 719/719/719 720/720/720
f 721/721/721 722/722/722 723/723/723
f 724/724/724 725/725/725 726/726/726
f 727/727/727 728/728/728 729/729/729
f 730/730/730 731/731/731 732/732/732
f 733/733/733 734/734/734 735/735/735
f 736/736/736 737/737/737 738/738/738
f 739/739/739 740/740/740 741/741/741
f 742/742/742 743/743/743 744/744/744
f 745/745/745 746/746/746 747/747/747
f 748/748/748 749/749/749 750/750/750
f 751/751/751 752/752/752 753/753/753
f 754/754/754 755/755/755 756/756/756
f 757/757/757 758/758/758 759/759/759
f 760/760/760 761/761/761 762/762/762
f 763/763/763 764/764/764 765/765/765
f 766/766/766 767/767/767 768/768/768
f 769/769/769 770/770/770 771/771/771
f 772/772/772 773/773/773 774/774/774
f 775/775/775 776/776/776 777/777/777
f 778/778/778 779/779/779 780/780/780
f 781/781/781 782/782/782 783/783/783
f 784/784/784 785/785/785 786/786/786
f 787/787/787 788/788/788 789/789/789
f 790/790/790 791/791/791 792/792/792
f 793/793/793 794/794/794 795/795/795
f 796/796/796 797/797/797 798/798/798
f 799/799/799 800/800/800 801/801/801
f 802/802/802 803/803/803 804/804/804
f 805/805/805 806/806/806 807/807/807
f 808/808/808 809/809/809 810/810/810
f 811/811/811 812/812/812 813/813/813
f 814/814/814 815/815/815 816/816/816
f 817/817/817 818/818/818 819/819/819
f 820/820/820 821/821/821 822/822/822
f 823/823/823 824/824/824 825/825/825
f 826/826/826 827/827/827 828/828/828
f 829/829/829 830/830/830 831/831/831
f 832/832/832 833/833/833 834/834/834
f 835/835/835 836/836/836 837/837/837
f 838/838/838 839/839/839 840/840/840
f 841/841/841 842/842/842 843/843/843
f 844/844/844 845/845/845 846/846/846
f 847/847/847 848/848/848 849/849/849
f 850/850/850 851/851/851 852/852/852
f 853/853/853 854/854/854 855/855/855
f 856/856/856 857/857/857 858/858/858
f 859/859/859 860/860/860 861/861/861
f 862/862/862 863/863/863 864/864/864
f 865/865/865 866/866/866 867/867/867
f 868/868/868 869/869/869 870/870/870
f 871/871/871 872/872/872 873/873/873
f 874/874/874 875/875/875 876/876/876
f 877/877/877 878/878/878 879/879/879
f 880/880/880 881/881/881 882/882/882
f 883/883/883 884/884/884 885/885/885
f 886/886/886 887/887/887 888/888/888
f 889/889/889 890/890/890 891/891/891
f 892/892/892 893/893/893 894/894/894
f 895/895/895 896/896/896 897/897/897
f 898/898/898 899/899/899 900/900/900
f 901/901/901 902/902/902 903/903/903
f 904/904/904 905/905/905 906/906/906
f 907/907/907 908/908/908 909/909/909
f 910/910/910 911/911/911 912/912/912
f 913/913/913 914/914/914 915/915/915
f 916/916/916 917/917/917 918/918/918
f 919/919/919 920/920/920 921/921/921
f 922/922/922 923/923/923 924/924/924
f 925/925/925 926/926/926 927/927/927
f 928/928/928 929/929/929 930/930/930
f 931/931/931 932/932/932 933/933/933
f 934/934/934 935/935/935 936/936/936
f 937/937/937 938/938/938 939/939/939
f 940/940/940 941/941/941 942/942/942
f 943/943/943 944/944/944 945/945/945
f 946/946/946 947/947/947 948/948/948
f 949/949/949 950/950/950 951/951/951
f 952/952/952 953/953/953 954/954/954
f 955/955/955 956/956/956 957/957/957
f 958/958/958 959/959/959 960/960/960
f 961/961/961 962/962/962 963/963/963
f 964/964/964 965/965/965 966/966/966
f 967/967/967 968/968/968 969/969/969
f 970/970/970 971/971/971 972/972/972
f 973/973/973 974/974/974 975/975/975
f 976/976/976 977/977/977 978/978/978
f 979/979/979 980/980/980 981/981/981
f 982/982/982 983/983/983 984/984/984
f 985/985/985 986/986/986 987/987/987
f 988/988/988 989/989/989 990/990/990
f 991/991/991 992/992/992 993/993/993
f 994/994/994 995/995/995 996/996/996
f 997/997/997 998/998/998 999/999/999
f 1000/1000/1000 1001/1001/1001 1002/1002/1002
f 1003/1003/1003 1004/1004/1004 1005/1005/1005
f 1006/1006/1006 1007/1007/1007 1008/1008/1008
f 1009/1009/1009 1010/1010/1010 1011/1011/1011
f 1012/1012/1012 1013/1013/1013 1014/1014/1014
f 1015/1015/1015 1016/1016/1016 1017/1017/1017
f 1018/1018/1018 1019/1019/1019 1020/1020/1020
f 1021/1021/1021 1022/1022/1022 1023/1023/1023
f 1024/1024/1024 1025/1025/1025 1026/1026/1026
f 1027/1027/1027 1028/1028/1028 1029/1029/1029
f 1030/1030/1030 1031/1031/1031 1032/1032/1032
f 1033/1033/1033 1034/1034/1034 1035/1035/1035
f 1036/1036/1036 1037/1037/1037 1038/1038/1038
f 1039/1039/1039 1040/1040/1040 1041/1041/1041
f 1042/1042/1042 1043/1043/1043 1044/1044/1044
f 1045/1045/1045 1046/1046/1046 1047/1047/1047
f 1048/1048/1048 1049/1049/1049 1050/1050/1050
f 1051/1051/1051 1052/1052/1052 1053/1053/1053
f 1054/1054/1054 1055/1055/1055 1056/1056/1056
f 1057/1057/1057 1058/1058/1058 1059/1059/1059
f 1060/1060/1060 1061/1061/1061 1062/1062/1062
f 1063/1063/1063 1064/1064/1064 1065/1065/1065
f 1066/1066/1066 1067/1067/1067 1068/1068/1068
f 1069/1069/1069 1070/1070/1070 1071/1071/1071
f 1072/1072/1072 1073/1073/1073 1074/1074/1074
f 1075/1075/1075 1076/1076/1076 1077/1077/1077
f 1078/1078/1078 1079/1079/1079 1080/1080/1080
f 1081/1081/1081 1082/1082/1082 1083/1083/1083
f 1084/1084/1084 1085/1085/1085 1086/1086/1086
f 1087/1087/1087 1088/1088/1088 1089/1089/1089
f 1090/1090/1090 1091/1091/1091 1092/1092/1092
f 1093/1093/1093 1094/1094/1094 1095/1095/1095
f 1096/1096/1096 1097/1097/1097 1098/1098/1098
f 1099/1099/1099 1100/1100/1100 1101/1101/1101
f 1102/1102/1102 1103/1103/1103 1104/1104/1104
f 1105/1105/1105 1106/1106/1106 1107/1107/1107
f 1108/1108/1108 1109/1109/1109 1110/1110/1110
f 1111/1111/1111 1112/1112/1112 1113/1113/1113
f 1114/1114/1114 1115/1115/1115 1116/1116/1116
f 1117/1117/1117 1118/1118/1118 1119/1119/1119
f 1120/1120/1120 1121/1121/1121 1122/1122/1122
f 1123/1123/1123 1124/1124/1124 1125/1125/1125
f 1126/1126/1126 1127/1127/1127 1128/1128/1128
f 1129/1129/1129 1130/1130/1130 1131/1131/1131
f 1132/1132/1132 1133/1133/1133 1134/1134/1134
f 1135/1135/1135 1136/1136/1136 1137/1137/1137
f 1138/1138/1138 1139/1139/1139 1140/1140/1140
f 1141/1141/1141 1142/1142/1142 1143/1143/1143
f 1144/1144/1144 1145/1145/1145 1146/1146/1146
f 1147/1147/1147 1148/1148/1148 1149/1149/1149
f 1150/1150/1150 1151/1151/1151 1152/1152/1152
f 1153/1153/1153 1154/1154/1154 1155/1155/1155
f 1156/1156/1156 1157/1157/1157 1158/1158/1158
f 1159/1159/1159 1160/1160/1160 1161/1161/1161
f 1162/1162/1162 1163/1163/1163 1164/1164/1164
f 1165/1165/1165 1166/1166/1166 1167/1167/1167
f 1168/1168/1168 1169/1169/1169 1170/1170/1170
f 1171/1171/1171 1172/1172/1172 1173/1173/1173
f 1174/1174/1174 1175/1175/1175 1176/1176/1176
f 1177/1177/1177 1178/1178/1178 1179/1179/1179
f 1180/1180/1180 1181/1181/1181 1182/1182/1182
f 1183/1183/1183 1184/1184/1184 1185/1185/1185
f 1186/1186/1186 1187/1187/1187 1188/1188/1188
f 1189/1189/1189 1190/1190/1190 1191/1191/1191
f 1192/1192/1192 1193/1193/1193 1194/1194/1194
f 1195/1195/1195 1196/1196/1196 1197/1197/1197
f 1198/1198/1198 1199/1199/1199 1200/1200/1200
f 1201/1201/1201 1202/1202/1202 1203/1203/1203
f 1204/1204/1204 1205/1205/1205 1206/1206/1206
f 1207/1207/1207 1208/1208/1208 1209/1209/1209
f 1210/1210/1210 1211/1211/1211 1212/1212/1212
f 1213/1213/1213 1214/1214/1214 1215/1215/1215
f 1216/1216/1216 1217/1217/1217 1218/1218/1218
f 1219/1219/1219 1220/1220/1220 1221/1221/1221
f 1222/1222/1222 1223/1223/1223 1224/1224/1224
f 1225/1225/1225 1226/1226/1226 1227/1227/1227
f 1228/1228/1228 1229/1229/1229 1230/1230/1230
f 1231/1231/1231 1232/1232/1232 1233/1233/1233
f 1234/1234/1234 1235/1235/1235 1236/1236/1236
f 1237/1237/1237 1238/1238/1238 1239/1239/1239
f 1240/1240/1240 1241/1241/1241 1242/1242/1242
f 1243/1243/1243 1244/1244/1244 1245/1245/1245
f 1246/1246/1246 1247/1247/1247 1248/1248/1248
f 1249/1249/1249 1250/1250/1250 1251/1251/1251
f 1252/1252/1252 1253/1253/1253 1254/1254/1254
f 1255/1255/1255 1256/1256/1256 1257/1257/1257
f 1258/1258/1258 1259/1259/1259 1260/1260/1260
f 1261/1261/1261 1262/1262/1262 1263/1263/1263
f 1264/1264/1264 1265/1265/1265 1266/1266/1266
f 1267/1267/1267 1268/1268/1268 1269/1269/1269
f 1270/1270/1270 1271/1271/1271 1272/1272/1272
f 1273/1273/1273 1274/1274/1274 1275/1275/1275
f 1276/1276/1276 1277/1277/1277 1278/1278/1278
f 1279/1279/1279 1280/1280/1280 1281/1281/1281
f 1282/1282/1282 1283/1283/1283 1284/1284/1284
f 1285/1285/1285 1286/1286/1286 1287/1287/1287
f 1288/1288/1288 1289/1289/1289 1290/1290/1290
f 1291/1291/1291 1292/1292/1292 1293/1293/1293
f 1294/1294/1294 1295/1295/1295 1296/1296/1296
f 1297/1297/1297 1298/1298/1298 1299/1299/1299
f 1300/1300/1300 1301/1301/1301 1302/1302/1302
f 1303/1303/1303 1304/1304/1304 1305/1305/1305
f 1306/1306/1306 1307/1307/1307 1308/1308/1308
f 1309/1309/1309 1310/1310/1310 1311/1311/1311
f 1312/1312/1312 1313/1313/1313 1314/1314/1314
f 1315/1315/1315 1316/1316/1316 1317/1317/1317
f 1318/1318/1318 1319/1319/1319 1320/1320/1320
f 1321/1321/1321 1322/1322/1322 1323/1323/1323
f 1324/1324/1324 1325/1325/1325 1326/1326/1326
f 1327/1327/1327 1328/1328/1328 1329/1329/1329
f 1330/1330/1330 1331/1331/1331 1332/1332/1332
f 1333/1333/1333 1334/1334/1334 1335/1335/1335
f 1336/1336/1336 1337/1337/1337 1338/1338/1338
f 1339/1339/1339 1340/1340/1340 1341/1341/1341
f 1342/1342/1342 1343/1343/1343 1344/1344/1344
f 1345/1345/1345 1346/1346/1346 1347/1347/1347
f 1348/1348/1348 1349/1349/1349 1350/1350/1350
f 1351/1351/1351 1352/1352/1352 1353/1353/1353
f 1354/1354/1354 1355/1355/1355 1356/1356/1356
f 1357/1357/1357 1358/1358/1358 1359/1359/1359
f 1360/1360/1360 1361/1361/1361 1362/1362/1362
f 1363/1363/1363 1364/1364/1364 1365/1365/1365
f 1366/1366/1366 1367/1367/1367 1368/1368/1368
f 1369/1369/1369 1370/1370/1370 1371/1371/1371
f 1372/1372/1372 1373/1373/1373 1374/1374/1374
f 1375/1375/1375 1376/1376/1376 1377/1377/1377
f 1378/1378/1378 1379/1379/1379 1380/1380/1380
f 1381/1381/1381 1382/1382/1382 1383/1383/1383
f 1384/1384/1384 1385/1385/1385 1386/1386/1386
f 1387/1387/1387 1388/1388/1388 1389/1389/1389
f 1390/1390/1390 1391/1391/1391 1392/1392/1392
f 1393/1393/1393 1394/1394/1394 1395/1395/1395
f 1396/1396/1396 1397/1397/1397 1398/1398/1398
f 1399/1399/1399 1400/1400/1400 1401/1401/1401
f 1402/1402/1402 1403/1403/1403 1404/1404/1404
f 1405/1405/1405 1406/1406/1406 1407/1407/1407
f 1408/1408/1408 1409/1409/1409 1410/1410/1410
f 1411/1411/1411 1412/1412/1412 1413/1413/1413
f 1414/1414/1414 1415/1415/1415 1416/1416/1416
f 1417/1417/1417 1418/1418/1418 1419/1419/1419
f 1420/1420/1420 1421/1421/1421 1422/1422/1422
f 1423/1423/1423 1424/1424/1424 1425/1425/1425
f 1426/1426/1426 1427/1427/1427 1428/1428/1428
f 1429/1429/1429 1430/1430/1430 1431/1431/1431
f 1432/1432/1432 1433/1433/1433 1434/1434/1434
f 1435/1435/1435 1436/1436/1436 1437/1437/1437
f 1438/1438/1438 1439/1439/1439 1440/1440/1440
f 1441/1441/1441 1442/1442/1442 1443/1443/1443
f 1444/1444/1444 1445/1445/1445 1446/1446/1446
f 1447/1447/1447 1448/1448/1448 1449/1449/1449
f 1450/1450/1450 1451/1451/1451 1452/1452/1452
f 1453/1453/1453 1454/1454/1454 1455/1455/1455
f 1456/1456/1456 1457/1457/1457 1458/1458/1458
f 1459/1459/1459 1460/1460/1460 1461/1461/1461
f 1462/1462/1462 1463/1463/1463 1464/1464/1464
f 1465/1465/1465 1466/1466/1466 1467/1467/1467
f 1468/1468/1468 1469/1469/1469 1470/1470/1470
f 1471/1471/1471 1472/1472/1472 1473/1473/1473
f 1474/1474/1474 1475/1475/1475 1476/1476/1476
f 1477/1477/1477 1478/1478/1478 1479/1479/1479
f 1480/1480/1480 1481/1481/1481 1482/1482/1482
f 1483/1483/1483 1484/1484/1484 1485/1485/1485
f 1486/1486/1486 1487/1487/1487 1488/1488/1488
f 1489/1489/1489 1490/1490/1490 1491/1491/1491
f 1492/1492/1492 1493/1493/1493 1494/1494/1494
f 1495/1495/1495 1496/1496/1496 1497/1497/1497
f 1498/1498/1498 1499/1499/1499 1500/1500/1500
f 1501/1501/1501 1502/1502/1502 1503/1503/1503
f 1504/1504/1504 1505/1505/1505 1506/1506/1506
f 1507/1507/1507 1508/1508/1508 1509/1509/1509
f 1510/1510/1510 1511/1511/1511 1512/1512/1512
