# Extracted losslessly from Unity Mesh asset: C:/Users/slicc/Documents/Changing My Life/Game/Assets/_Project/Art/Environment/StarterIsland/VerticalRockKit_Sculpted/Meshes/MESH_VRKS_Corner_B.asset
o MESH_VRKS_Corner_B
v -101.740897 -175.344706 539.077091
v -70.6182003 -188.080204 434.845781
v -57.0859015 -178.803301 511.455488
v -186.208797 -186.768103 74.0125
v -184.809399 -207.979703 107.934499
v -201.323104 -150.860703 110.933697
v -149.967301 76.257199 1.19660003
v -176.478803 -29.0785998 20.6024006
v -185.814703 4.08219993 14.4321993
v 87.2617006 -150.848103 6.38080016
v 120.722699 -167.159295 9.43180025
v 98.6847997 -228.959394 13.1255001
v -12.0595999 -278.32849 180.9093
v -3.64710018 -232.730103 140.446901
v -1.52240004 -238.218188 180.692303
v -185.798001 -72.1639991 131.308198
v -197.683406 -86.2456024 129.217803
v -187.558103 -81.8352997 162.8546
v -200.96581 -78.0297995 69.6129978
v -194.588494 -68.9539015 76.5003026
v -188.778198 -61.6135001 68.7048972
v 71.4758992 -72.0299006 374.555612
v 88.0560994 -72.3774016 315.373707
v 128.403997 -38.7180001 351.11661
v 60.5252981 -163.410199 358.465409
v 89.913702 -110.445702 382.492709
v 47.7490008 -108.737695 380.721593
v 116.610396 -126.214194 376.239204
v 89.913702 -110.445702 382.492709
v 155.766702 -67.3162997 126.199305
v 107.958198 -68.4984028 136.846495
v 113.9763 -60.0884974 181.880403
v -146.490598 -221.793509 271.519899
v -153.844798 -226.746893 332.143998
v -157.147503 -221.0778 281.290293
v -144.480002 45.8968997 385.229707
v -151.786196 -48.1110007 454.839277
v -152.788699 43.1228012 461.556196
v 34.9516004 -252.219796 116.339505
v 4.54990007 -234.404707 127.616501
v 17.1866998 -228.508902 68.2502985
v 88.0560994 -72.3774016 315.373707
v 65.555203 -62.8251016 241.854191
v 96.1492002 -13.3540004 273.926711
v 89.913702 -110.445702 382.492709
v 116.610396 -126.214194 376.239204
v 129.5156 -102.801096 376.59359
v -160.138798 193.003702 116.467202
v -178.376806 186.261797 95.7104981
v -160.923898 190.741301 140.188801
v -196.322596 29.8781991 64.8057997
v -189.640903 98.6371994 122.001898
v -189.677894 117.296302 57.3345006
v 5.78470007 150.028801 207.655096
v 30.1322013 159.189105 138.687301
v 9.47860032 185.9115 206.076288
v 181.0184 56.428498 75.5140007
v 151.656199 19.0620005 78.9617002
v 175.834 21.0650995 8.89879987
v -198.473299 -131.980395 158.1195
v -187.558103 -81.8352997 162.8546
v -197.683406 -86.2456024 129.217803
v -11.0981002 127.827299 258.536792
v 60.5642974 107.483304 290.696001
v 55.0042987 98.8445997 211.269689
v -114.203095 147.506404 331.701708
v -86.5462005 151.153302 326.033807
v -134.040296 164.386904 277.744293
v -56.7645013 276.299596 137.298703
v -57.4487984 281.539512 135.036802
v -112.226105 244.910002 202.544689
v -182.264102 -133.659506 204.988909
v -172.007 -79.626298 210.722089
v -179.780602 -84.3364 172.608805
v -30.893901 -251.625609 433.675909
v -6.7148 -205.453396 448.507118
v -34.1527998 -202.01211 446.174288
v -61.8983984 -158.586299 16.6880995
v -16.2195995 -196.588302 13.1676003
v -63.9437973 -288.155603 13.6925995
v -121.041703 -288.854003 177.679098
v -177.054703 -199.0008 176.410306
v -121.247101 -295.166898 115.2143
v -157.808006 -222.488999 213.26859
v -121.041703 -288.854003 177.679098
v -118.432903 -280.95479 70.1867998
v -121.247101 -295.166898 115.2143
v -184.809399 -207.979703 107.934499
v 196.462595 36.7776006 352.833891
v 176.005304 32.1070999 406.991386
v 174.109304 19.9029997 413.053417
v 144.638801 -37.5209987 391.505289
v 71.4758992 -72.0299006 374.555612
v 128.403997 -38.7180001 351.11661
v 177.242005 -8.4849 330.844688
v 128.403997 -38.7180001 351.11661
v 141.7346 143.423295 12.3575002
v 208.944392 123.959804 10.7239999
v 153.967094 94.5010006 9.57650021
v -148.368001 157.550097 394.021392
v -152.551901 166.055501 333.515906
v -182.770801 161.705303 391.44311
v -161.126304 158.801699 401.709318
v -182.770801 161.705303 391.44311
v 138.719904 -89.5132005 189.406097
v 174.969101 -112.317002 177.248096
v 159.616601 -76.4083028 181.365705
v 71.4758992 -72.0299006 374.555612
v 47.7490008 -108.737695 380.721593
v 89.913702 -110.445702 382.492709
v -43.6168998 -144.018996 552.732182
v -45.8525002 -167.331696 524.127388
v -28.6819011 -145.643103 529.780722
v 138.941097 -95.5250978 310.087991
v 129.5156 -102.801096 376.59359
v 116.610396 -126.214194 376.239204
v 125.662005 -98.6721992 243.893194
v 114.334595 -131.220198 305.72989
v 116.610396 -126.214194 376.239204
v 114.334595 -131.220198 305.72989
v 43.9384013 -118.0987 499.89171
v 33.0716014 -152.613997 516.831112
v 22.2810999 -150.024796 450.4426
v -10.7267998 131.206501 432.672882
v -91.179502 155.832601 398.386002
v -85.5224013 139.520001 453.134108
v -166.398895 -51.0846972 143.824697
v -168.511295 -63.9949977 181.6728
v -151.096797 -33.7103993 180.633998
v 60.5642974 107.483304 290.696001
v 77.7580023 142.406499 196.055698
v 55.0042987 98.8445997 211.269689
v 127.948296 7.5943999 8.32310021
v 83.4062994 -48.5936999 21.3393003
v 89.7629976 29.1904002 6.35510013
v 77.7580023 142.406499 196.055698
v 84.1127992 164.816594 135.700703
v 62.3739004 116.428399 142.618704
v -176.478803 -29.0785998 20.6024006
v -100.405204 -34.5025986 14.5425007
v -189.809203 -70.6668973 23.6099005
v 151.523197 -6.14 412.71739
v 169.756305 -26.7257988 402.200794
v 174.109304 19.9029997 413.053417
v -191.818595 -21.6976002 62.9108012
v -198.982799 17.6400006 70.4281986
v -196.329498 3.90800014 63.7825012
v 87.2617006 -150.848103 6.38080016
v 98.6847997 -228.959394 13.1255001
v 52.3846984 -251.804805 12.0150998
v 107.202804 50.7592022 424.604702
v 96.3594973 46.2309003 458.11038
v 120.954704 24.3047997 472.113895
v -86.5462005 151.153302 326.033807
v -91.179502 155.832601 398.386002
v -14.7836 145.888901 369.935703
v 96.3594973 46.2309003 458.11038
v 88.1268978 47.8556007 472.534418
v 120.954704 24.3047997 472.113895
v -100.405204 -34.5025986 14.5425007
v -61.8983984 -158.586299 16.6880995
v -188.678503 -127.467895 15.5552
v -186.895001 173.974001 234.280896
v -177.980995 198.091996 189.493597
v -176.613295 193.154204 134.003496
v -34.3701005 -110.746002 565.570784
v -47.7201015 -122.364199 562.9632
v -19.3822995 -123.953795 531.51679
v -133.399105 69.1448987 474.534798
v -152.788699 43.1228012 461.556196
v -132.417595 35.5378002 522.67518
v -59.5318019 2.77619995 496.631384
v -74.0823984 -83.4975004 551.011086
v -9.69899967 -79.7138989 535.739088
v -133.951294 -90.8348978 561.539888
v -138.406003 -99.3301988 554.913092
v -136.703801 -114.323103 565.71579
v 157.214701 40.2054012 6.13830015
v 175.834 21.0650995 8.89879987
v 130.347705 16.0775006 10.7392997
v 68.6451972 130.926299 65.6413972
v 96.6432989 182.564402 62.1800005
v 75.3310978 165.889001 26.3547987
v 173.156595 66.7352974 195.940495
v 129.043305 13.3790001 204.028392
v 142.231703 12.9106998 133.260798
v 44.1585004 116.219103 297.399712
v -28.9429009 130.055106 275.297999
v -23.1738999 147.618902 319.492888
v -199.108195 57.0692003 229.468298
v -182.675004 20.0709999 272.474694
v -204.438496 54.6269 273.020005
v 74.5169997 76.6385019 427.767611
v 52.9256999 67.2738016 482.565308
v 88.4710014 57.278198 458.99992
v -59.7549021 -238.634896 420.533609
v -51.9693017 -193.880701 432.474089
v -70.6182003 -188.080204 434.845781
v -189.3291 122.687805 179.549897
v -194.356 55.7558 212.49249
v -187.941301 139.918697 238.032293
v 48.2769012 -151.699996 15.5913994
v 13.4483993 -126.927996 17.4648002
v 47.5603998 -146.279001 5.08540012
v -74.0823984 -83.4975004 551.011086
v -147.070003 -65.1363015 546.53821
v -129.4204 -89.8766994 553.404999
v -168.529105 -90.4636025 287.241793
v -173.523295 -137.815797 249.84591
v -164.859605 -162.001801 321.646094
v -167.531502 116.160905 5.32689989
v -140.860498 193.268096 12.0637
v -131.106496 99.9767005 8.21229964
v -138.934195 -100.119495 584.683704
v -129.4204 -89.8766994 553.404999
v -133.951294 -90.8348978 561.539888
v -149.783897 -60.4143977 436.917782
v -144.480002 45.8968997 385.229707
v -162.193596 -35.2216005 314.729404
v -122.127903 90.3410971 464.651918
v -119.075 77.3755014 515.6919
v -100.837898 107.790196 518.66641
v -16.2195995 -196.588302 13.1676003
v 26.3990998 -226.786304 10.7267998
v 4.87810001 -271.82951 14.8297995
v -91.179502 155.832601 398.386002
v -148.368001 157.550097 394.021392
v -143.448305 142.688406 446.475983
v 52.7911007 -89.7076011 446.194983
v 71.4758992 -72.0299006 374.555612
v 120.368302 -42.9033995 450.048399
v 43.9384013 -118.0987 499.89171
v 57.6874971 -99.9508023 496.60778
v 40.2132988 -87.638402 507.970524
v -181.481898 -35.9088987 31.7781001
v -181.865597 -52.1578014 66.446501
v -191.818595 -21.6976002 62.9108012
v 107.525599 107.872903 404.931211
v 104.705405 130.286396 348.208809
v 90.1271999 106.371403 351.86379
v -169.306505 -75.6008983 250.496602
v -159.119797 -43.1903005 265.815592
v -158.056295 -45.7132012 222.10021
v 91.4779007 -166.496301 293.212605
v 44.6328998 -177.346897 294.873309
v 40.3308004 -163.881302 259.149909
v -144.480002 45.8968997 385.229707
v -174.060297 64.1205013 425.810099
v -174.441695 79.6427011 376.150107
v -177.1101 15.3852999 218.280792
v -153.698397 -6.74439967 235.626197
v -152.336299 -12.2538999 271.131492
v 33.8891 -141.686201 440.398979
v 47.7490008 -108.737695 380.721593
v 40.0934011 -116.644394 456.194782
v -10.0671001 -243.729806 231.434298
v -12.0595999 -278.32849 180.9093
v -1.52240004 -238.218188 180.692303
v -189.640903 98.6371994 122.001898
v -199.112105 15.2772993 108.999598
v -194.400203 34.0061009 164.868605
v -196.322596 29.8781991 64.8057997
v -199.112105 15.2772993 108.999598
v -168.511295 -63.9949977 181.6728
v -179.780602 -84.3364 172.608805
v -172.007 -79.626298 210.722089
v -61.8983984 -158.586299 16.6880995
v -182.321703 -190.215194 7.28219971
v -188.678503 -127.467895 15.5552
v 125.662005 -98.6721992 243.893194
v 101.718402 -60.1724029 238.65521
v 125.723803 -65.6157017 312.31339
v -185.798001 -72.1639991 131.308198
v -180.493605 -54.2768002 87.3169005
v -194.588494 -68.9539015 76.5003026
v -173.523295 -137.815797 249.84591
v -169.306505 -75.6008983 250.496602
v -172.007 -79.626298 210.722089
v -168.529105 -90.4636025 287.241793
v -169.306505 -75.6008983 250.496602
v 27.9190987 -93.1801975 19.5998996
v 63.6390984 -89.6008015 13.3965001
v 47.5603998 -146.279001 5.08540012
v 176.9292 62.4530017 268.157411
v 194.572401 45.9331989 334.667993
v 177.242005 -8.4849 330.844688
v 202.35281 122.473204 271.703792
v 194.572401 45.9331989 334.667993
v -186.895001 173.974001 234.280896
v -181.279695 208.61659 250.403404
v -177.980995 198.091996 189.493597
v 88.0560994 -72.3774016 315.373707
v 96.1492002 -13.3540004 273.926711
v 128.403997 -38.7180001 351.11661
v -22.1336007 -281.507206 293.15269
v -25.2433002 -276.185703 235.694194
v -8.72109979 -229.446197 246.726894
v 114.334595 -131.220198 305.72989
v 116.610396 -126.214194 376.239204
v 100.351596 -163.7797 347.65749
v 180.001199 -107.409096 122.488904
v 155.766702 -67.3162997 126.199305
v 159.616601 -76.4083028 181.365705
v -51.0931015 63.8282001 17.1877995
v -100.405204 -34.5025986 14.5425007
v -135.849202 71.7984021 7.10690022
v -191.654098 -182.818997 127.931905
v -198.735797 -143.342197 159.9684
v -199.299002 -152.256596 133.171904
v 147.473705 151.931298 74.8969972
v 87.8959 176.315999 114.796197
v 84.1127992 164.816594 135.700703
v -43.3236986 41.8592989 489.322519
v -91.0498023 116.275001 503.011084
v -119.075 77.3755014 515.6919
v -43.3236986 41.8592989 489.322519
v -10.7836001 97.5838006 472.667789
v -12.0595999 -278.32849 180.9093
v -25.2433002 -276.185703 235.694194
v -60.1181984 -293.075204 221.206188
v -65.8975005 -284.496403 289.365005
v -60.1181984 -293.075204 221.206188
v 148.671997 142.589998 264.888906
v 202.35281 122.473204 271.703792
v 202.481794 125.048804 193.312895
v 148.671997 142.589998 264.888906
v 146.758699 143.547702 186.366498
v -160.138798 193.003702 116.467202
v -165.6142 246.885109 65.0686979
v -158.594096 198.842895 68.146503
v -149.783897 -60.4143977 436.917782
v -167.764699 -70.511502 308.28619
v -155.393505 -117.632401 447.883606
v 155.7513 -91.7146981 28.1756014
v 174.652302 -126.082504 17.9398
v 157.278895 -131.496799 18.9187005
v 121.205199 -129.897904 131.400895
v 108.715606 -168.402696 170.538497
v 116.386795 -162.524998 129.1219
v -76.3873994 -160.116196 571.255779
v -78.4642994 -103.020895 578.002501
v -127.697897 -165.083802 594.104624
v -32.6476008 109.030604 19.6554005
v 50.839299 87.2910023 17.0113996
v 42.8864986 45.5141991 0
v -173.033404 -54.9390972 130.097902
v -166.398895 -51.0846972 143.824697
v -176.687396 -13.0171999 172.790802
v 2.91620009 -116.374505 519.426823
v 6.72700033 -110.583305 535.009003
v -19.3822995 -123.953795 531.51679
v -159.455097 241.120505 132.660198
v -112.226105 244.910002 202.544689
v -133.783996 271.426105 135.278499
v 108.361197 -72.2903013 374.704003
v 71.4758992 -72.0299006 374.555612
v 89.913702 -110.445702 382.492709
v 89.913702 -110.445702 382.492709
v 129.5156 -102.801096 376.59359
v 33.0716014 -152.613997 516.831112
v 1.71249993 -139.199901 524.312687
v -10.3519998 -200.507689 513.222694
v 63.6390984 -89.6008015 13.3965001
v 83.4062994 -48.5936999 21.3393003
v 117.455494 -107.906604 17.6420003
v -41.4577991 285.396791 84.7027004
v 27.3779988 230.197406 66.0678029
v 22.9541004 221.717811 23.5927999
v 91.6787028 -2.26249993 198.957098
v 96.1492002 -13.3540004 273.926711
v 65.555203 -62.8251016 241.854191
v 135.528696 34.9186987 434.502316
v 111.903 65.3522015 427.525902
v 107.202804 50.7592022 424.604702
v 142.231703 12.9106998 133.260798
v 107.889998 11.8037999 74.2716014
v 151.656199 19.0620005 78.9617002
v 64.5415008 -24.6748999 489.940023
v 117.359698 -38.5266989 474.132013
v 119.542694 -7.84040019 471.21129
v -93.2896972 -172.499895 560.814524
v -57.1927011 -174.663603 539.097977
v -76.3873994 -160.116196 571.255779
v 120.368302 -42.9033995 450.048399
v 65.7364011 -83.158201 487.055683
v 52.7911007 -89.7076011 446.194983
v 98.6847997 -228.959394 13.1255001
v 120.722699 -167.159295 9.43180025
v 118.066299 -167.771697 55.8193982
v 176.9292 62.4530017 268.157411
v 142.119706 2.10490003 269.893599
v 129.043305 13.3790001 204.028392
v -28.9429009 130.055106 275.297999
v -11.0981002 127.827299 258.536792
v -15.5811995 116.694796 209.846997
v 21.2017 -264.656091 183.606005
v 13.5674 -261.955595 242.772698
v -10.0671001 -243.729806 231.434298
v 108.834898 -128.483605 241.245389
v 87.9374981 -162.080598 245.624399
v 108.715606 -168.402696 170.538497
v 92.6723003 1.64059997 135.177803
v 91.6787028 -2.26249993 198.957098
v 73.3128011 -63.1093025 182.989502
v 92.6723003 1.64059997 135.177803
v 66.8906987 -61.9316995 135.302305
v -0.106399995 -234.737301 367.680502
v -30.893901 -251.625609 433.675909
v -20.9922999 -281.296396 359.539509
v -25.2433002 -276.185703 235.694194
v -22.1336007 -281.507206 293.15269
v -65.8975005 -284.496403 289.365005
v 136.386395 112.754798 410.257578
v 185.483301 81.6004992 411.881208
v 202.800608 107.334495 344.085312
v 96.3594973 46.2309003 458.11038
v 88.4710014 57.278198 458.99992
v 52.9256999 67.2738016 482.565308
v 4.54990007 -234.404707 127.616501
v 4.21850011 -280.314803 64.9433017
v 17.1866998 -228.508902 68.2502985
v 67.690599 88.4961009 420.017481
v 72.3963022 104.314303 357.662296
v -14.7836 145.888901 369.935703
v -14.7836 145.888901 369.935703
v -10.7267998 131.206501 432.672882
v 189.6891 -115.943098 64.1175985
v 161.281395 -74.0984023 22.0469996
v 168.307805 -70.0716019 68.0257976
v -63.9437973 -288.155603 13.6925995
v -40.2399987 -291.378999 7.14479983
v 4.21850011 -280.314803 64.9433017
v 119.1944 -42.7078009 20.8854005
v 83.4062994 -48.5936999 21.3393003
v 83.7292016 -56.6588998 60.8880997
v 33.0716014 -152.613997 516.831112
v 22.9112998 -113.993096 519.103384
v 1.71249993 -139.199901 524.312687
v -150.408494 179.438698 155.498695
v -137.7406 168.6077 218.569207
v -118.425 204.924798 214.721298
v -158.560896 -210.353398 223.905611
v -149.249303 -208.719897 271.170592
v -136.378205 -173.798704 265.900803
v 109.342003 107.605004 18.7433004
v 134.841394 158.050799 15.9376994
v 141.7346 143.423295 12.3575002
v -182.679796 160.096896 24.2534995
v -189.677894 117.296302 57.3345006
v -186.699903 140.900505 71.9654977
v 76.3791025 8.47729966 479.168797
v 119.542694 -7.84040019 471.21129
v 120.954704 24.3047997 472.113895
v -10.2955997 -76.3848007 11.2966999
v -100.405204 -34.5025986 14.5425007
v 8.59519988 -30.4966986 9.91849974
v -177.1101 15.3852999 218.280792
v -194.356 55.7558 212.49249
v -194.400203 34.0061009 164.868605
v -181.008196 -173.279703 168.249702
v -184.809399 -207.979703 107.934499
v -177.054703 -199.0008 176.410306
v -181.481898 -35.9088987 31.7781001
v -188.778198 -61.6135001 68.7048972
v -181.865597 -52.1578014 66.446501
v -133.783996 271.426105 135.278499
v -57.4487984 281.539512 135.036802
v -60.9106004 295.867205 73.6701012
v -124.265504 281.216311 14.7129998
v -134.121704 248.600698 7.88860023
v -145.407701 237.878489 26.5578002
v -86.5462005 151.153302 326.033807
v -23.1738999 147.618902 319.492888
v -86.4479005 148.802495 287.793589
v 189.6891 -115.943098 64.1175985
v 180.001199 -107.409096 122.488904
v 163.580704 -134.301996 119.261205
v -147.070003 -65.1363015 546.53821
v -74.0823984 -83.4975004 551.011086
v -59.5318019 2.77619995 496.631384
v -182.679796 160.096896 24.2534995
v -186.699903 140.900505 71.9654977
v -178.722799 188.527501 75.3174007
v -196.329498 3.90800014 63.7825012
v -194.941401 22.8977993 13.1340995
v -190.5779 2.27509998 19.3143994
v -150.408494 179.438698 155.498695
v -160.923898 190.741301 140.188801
v -177.980995 198.091996 189.493597
v 198.267198 137.743604 22.3315999
v 141.145802 159.614599 29.5109987
v 159.661806 154.442203 64.537698
v 108.715606 -168.402696 170.538497
v 80.8544993 -237.090898 173.666203
v 83.366698 -227.261806 131.628394
v 148.029697 -173.726797 17.2630996
v 118.066299 -167.771697 55.8193982
v 120.722699 -167.159295 9.43180025
v 135.528696 34.9186987 434.502316
v 174.109304 19.9029997 413.053417
v 176.005304 32.1070999 406.991386
v 120.368302 -42.9033995 450.048399
v 129.202199 -29.9131989 441.908884
v 119.542694 -7.84040019 471.21129
v -104.146397 -288.705707 234.012508
v -146.490598 -221.793509 271.519899
v -157.808006 -222.488999 213.26859
v 64.2490029 114.114904 23.9046007
v -1.3642 147.576904 74.1753995
v 68.6451972 130.926299 65.6413972
v -0.106399995 -234.737301 367.680502
v 23.8630995 -165.139604 365.177107
v -6.7148 -205.453396 448.507118
v 141.031897 151.643205 57.0843995
v 141.145802 159.614599 29.5109987
v 134.841394 158.050799 15.9376994
v -104.146397 -288.705707 234.012508
v -65.8975005 -284.496403 289.365005
v -107.7021 -285.909891 289.77809
v 139.799094 -159.405398 117.619705
v 145.920706 -138.370001 124.705601
v 121.205199 -129.897904 131.400895
v 9.47860032 185.9115 206.076288
v -55.053103 198.527503 233.863306
v -66.8159008 176.671302 238.992095
v -151.786196 -48.1110007 454.839277
v -145.519495 -75.4724026 542.751503
v -147.070003 -65.1363015 546.53821
v 116.051805 -127.626801 189.753699
v 125.662005 -98.6721992 243.893194
v 108.834898 -128.483605 241.245389
v -10.2955997 -76.3848007 11.2966999
v 27.9190987 -93.1801975 19.5998996
v 13.4483993 -126.927996 17.4648002
v -183.412898 -9.61180031 308.4234
v -162.193596 -35.2216005 314.729404
v -144.480002 45.8968997 385.229707
v -51.0931015 63.8282001 17.1877995
v 42.8864986 45.5141991 0
v 8.59519988 -30.4966986 9.91849974
v 123.290205 137.212205 339.949799
v 202.800608 107.334495 344.085312
v 202.35281 122.473204 271.703792
v -2.08129995 144.1468 20.4061002
v 64.2490029 114.114904 23.9046007
v 50.839299 87.2910023 17.0113996
v -194.941401 22.8977993 13.1340995
v -185.814703 4.08219993 14.4321993
v -190.5779 2.27509998 19.3143994
v 101.718402 -60.1724029 238.65521
v 65.555203 -62.8251016 241.854191
v 88.0560994 -72.3774016 315.373707
v 174.109304 19.9029997 413.053417
v 135.528696 34.9186987 434.502316
v 151.523197 -6.14 412.71739
v 157.214701 40.2054012 6.13830015
v 204.296803 61.9599998 4.01780009
v 175.834 21.0650995 8.89879987
v -163.445497 105.271804 439.743185
v -143.448305 142.688406 446.475983
v -152.059603 152.755105 415.174484
v 174.109304 19.9029997 413.053417
v 175.221097 -16.4483994 385.997701
v 183.641303 -14.3438995 355.073404
v -163.445497 105.271804 439.743185
v -174.060297 64.1205013 425.810099
v -160.322499 49.8488992 451.624918
v 129.043305 13.3790001 204.028392
v 142.119706 2.10490003 269.893599
v 96.1492002 -13.3540004 273.926711
v -188.678503 -127.467895 15.5552
v -194.299996 -132.941997 14.8199007
v -197.090304 -117.425704 16.5430993
v -204.438496 54.6269 273.020005
v -196.526897 24.7528002 313.451004
v -193.519902 97.0090985 362.737393
v -204.836893 -134.632003 82.0172012
v -197.683406 -86.2456024 129.217803
v -200.96581 -78.0297995 69.6129978
v 90.6606972 67.8227007 422.606611
v 111.903 65.3522015 427.525902
v 89.3217981 90.2306974 409.600878
v -63.9437973 -288.155603 13.6925995
v -118.432903 -280.95479 70.1867998
v -108.787596 -295.010495 8.48719999
v 26.3990998 -226.786304 10.7267998
v 48.2769012 -151.699996 15.5913994
v 87.2617006 -150.848103 6.38080016
v 120.954704 24.3047997 472.113895
v 119.542694 -7.84040019 471.21129
v 151.523197 -6.14 412.71739
v 52.7911007 -89.7076011 446.194983
v 47.7490008 -108.737695 380.721593
v 71.4758992 -72.0299006 374.555612
v -22.1336007 -281.507206 293.15269
v -20.9922999 -281.296396 359.539509
v -102.220094 -275.685596 350.547695
v -165.6142 246.885109 65.0686979
v -145.407701 237.878489 26.5578002
v -152.091599 225.000596 22.0933005
v -134.040296 164.386904 277.744293
v -86.4479005 148.802495 287.793589
v -84.1400981 130.620098 244.43059
v -159.119797 -43.1903005 265.815592
v -167.764699 -70.511502 308.28619
v -162.193596 -35.2216005 314.729404
v -138.179898 -169.986606 562.00738
v -125.932801 -113.186896 591.138601
v -136.703801 -114.323103 565.71579
v -10.4652002 -276.398206 123.8585
v -12.0595999 -278.32849 180.9093
v -60.1181984 -293.075204 221.206188
v 24.5230004 184.421694 70.1556027
v 27.3779988 230.197406 66.0678029
v 22.9512006 217.669892 77.9632986
v -196.526897 24.7528002 313.451004
v -204.438496 54.6269 273.020005
v -182.675004 20.0709999 272.474694
v 4.87810001 -271.82951 14.8297995
v 26.3990998 -226.786304 10.7267998
v 17.1866998 -228.508902 68.2502985
v 30.1322013 159.189105 138.687301
v 4.06970009 129.064405 138.782895
v -1.3642 147.576904 74.1753995
v 5.75649999 -171.819603 294.271588
v 23.8630995 -165.139604 365.177107
v -0.106399995 -234.737301 367.680502
v 135.201705 -121.365702 182.784498
v 174.969101 -112.317002 177.248096
v 138.719904 -89.5132005 189.406097
v -176.687396 -13.0171999 172.790802
v -151.096797 -33.7103993 180.633998
v -153.698397 -6.74439967 235.626197
v 155.766702 -67.3162997 126.199305
v 168.307805 -70.0716019 68.0257976
v 114.360702 -60.5651021 64.7101998
v -119.11 -177.986002 398.027802
v -85.0471973 -236.440706 421.519184
v -70.6182003 -188.080204 434.845781
v -69.3081975 158.672595 237.888193
v -84.1400981 130.620098 244.43059
v -15.5811995 116.694796 209.846997
v 102.086699 68.7677979 8.42610002
v 132.697296 55.9904993 11.4811003
v 115.273595 16.2431002 3.90539989
v -60.4678988 -285.961795 68.9552009
v -67.1168029 -290.875196 120.086396
v -121.247101 -295.166898 115.2143
v 5.78470007 150.028801 207.655096
v -15.5811995 116.694796 209.846997
v 4.06970009 129.064405 138.782895
v 31.9074988 -2.98369993 500.325108
v 64.5415008 -24.6748999 489.940023
v 76.3791025 8.47729966 479.168797
v 171.903503 -139.170802 24.7035995
v 166.240394 -137.537396 65.6548023
v 144.345105 -177.163005 59.0120971
v 108.715606 -168.402696 170.538497
v 87.9374981 -162.080598 245.624399
v 67.6185012 -234.645796 240.436292
v -193.519902 97.0090985 362.737393
v -189.337802 138.667297 369.970894
v -186.858702 157.718098 313.588691
v -43.8046008 278.7117 131.493294
v 28.5537988 208.165908 138.0054
v 30.1243007 224.128199 85.9799027
v -167.007995 115.554404 412.712717
v -166.700101 114.405799 394.979095
v -174.060297 64.1205013 425.810099
v 35.5304986 -253.351593 135.737205
v 21.2017 -264.656091 183.606005
v -1.52240004 -238.218188 180.692303
v -122.127903 90.3410971 464.651918
v -98.9347994 127.764297 459.670401
v -143.448305 142.688406 446.475983
v -171.289098 125.156701 395.797992
v -193.519902 97.0090985 362.737393
v -174.441695 79.6427011 376.150107
v -43.8046008 278.7117 131.493294
v 9.47860032 185.9115 206.076288
v 28.5537988 208.165908 138.0054
v 161.281395 -74.0984023 22.0469996
v 119.1944 -42.7078009 20.8854005
v 114.360702 -60.5651021 64.7101998
v -126.789999 282.7003 70.7520008
v -165.6142 246.885109 65.0686979
v -159.455097 241.120505 132.660198
v -179.224396 202.036309 17.3686996
v -152.091599 225.000596 22.0933005
v -170.659196 159.402704 11.5470998
v -159.119797 -43.1903005 265.815592
v -152.336299 -12.2538999 271.131492
v -153.698397 -6.74439967 235.626197
v 125.662005 -98.6721992 243.893194
v 138.719904 -89.5132005 189.406097
v 113.9763 -60.0884974 181.880403
v 202.35281 122.473204 271.703792
v 176.9292 62.4530017 268.157411
v 173.156595 66.7352974 195.940495
v 129.5156 -102.801096 376.59359
v 138.941097 -95.5250978 310.087991
v 125.723803 -65.6157017 312.31339
v -20.9922999 -281.296396 359.539509
v -22.1336007 -281.507206 293.15269
v -0.485099992 -236.869502 299.302006
v 153.967094 94.5010006 9.57650021
v 208.944392 123.959804 10.7239999
v 204.296803 61.9599998 4.01780009
v 107.958198 -68.4984028 136.846495
v 66.8906987 -61.9316995 135.302305
v 73.3128011 -63.1093025 182.989502
v -185.096502 157.591295 130.1561
v -176.613295 193.154204 134.003496
v -178.376806 186.261797 95.7104981
v 21.2522 172.028005 23.1447995
v -1.3642 147.576904 74.1753995
v -2.08129995 144.1468 20.4061002
v 99.0419984 -232.065892 64.8106992
v 34.9516004 -252.219796 116.339505
v 52.3846984 -251.804805 12.0150998
v -167.764699 -70.511502 308.28619
v -168.529105 -90.4636025 287.241793
v -165.732801 -94.8894978 307.202005
v -167.764699 -70.511502 308.28619
v -155.393505 -117.632401 447.883606
v -174.060297 64.1205013 425.810099
v -144.480002 45.8968997 385.229707
v -152.788699 43.1228012 461.556196
v 22.2810999 -150.024796 450.4426
v 33.0716014 -152.613997 516.831112
v -10.3519998 -200.507689 513.222694
v -101.740897 -175.344706 539.077091
v -138.179898 -169.986606 562.00738
v -168.771505 -171.040595 435.922098
v -171.430099 -51.7808974 122.2085
v -185.798001 -72.1639991 131.308198
v -173.033404 -54.9390972 130.097902
v 96.6432989 182.564402 62.1800005
v 68.6451972 130.926299 65.6413972
v 87.8959 176.315999 114.796197
v 144.022596 -78.8632989 21.7350006
v 119.1944 -42.7078009 20.8854005
v 161.281395 -74.0984023 22.0469996
v 138.719904 -89.5132005 189.406097
v 159.616601 -76.4083028 181.365705
v 113.9763 -60.0884974 181.880403
v 83.4062994 -48.5936999 21.3393003
v 127.948296 7.5943999 8.32310021
v 107.889998 11.8037999 74.2716014
v 21.2017 -264.656091 183.606005
v 67.6185012 -234.645796 240.436292
v 13.5674 -261.955595 242.772698
v 124.079597 -124.710703 145.474601
v 136.968899 -137.366903 183.432806
v 123.9362 -130.911195 171.8485
v -187.941301 139.918697 238.032293
v -204.438496 54.6269 273.020005
v -186.858702 157.718098 313.588691
v -187.941301 139.918697 238.032293
v -199.108195 57.0692003 229.468298
v -186.208797 -186.768103 74.0125
v -197.964203 -141.452098 74.8511016
v -188.678503 -127.467895 15.5552
v 57.6874971 -99.9508023 496.60778
v 43.9384013 -118.0987 499.89171
v 40.0934011 -116.644394 456.194782
v -149.249303 -208.719897 271.170592
v -138.128805 -191.820896 314.499092
v -136.378205 -173.798704 265.900803
v 57.9864025 79.8456013 444.576693
v -10.7267998 131.206501 432.672882
v -10.7836001 97.5838006 472.667789
v 55.0042987 98.8445997 211.269689
v 62.3739004 116.428399 142.618704
v 4.06970009 129.064405 138.782895
v 171.903503 -139.170802 24.7035995
v 189.6891 -115.943098 64.1175985
v 166.240394 -137.537396 65.6548023
v -182.770801 161.705303 391.44311
v -189.337802 138.667297 369.970894
v -171.289098 125.156701 395.797992
v 107.958198 -68.4984028 136.846495
v 114.360702 -60.5651021 64.7101998
v 83.7292016 -56.6588998 60.8880997
v -75.8985996 258.025002 14.0447006
v -73.5601008 290.908694 16.2971005
v -60.7141972 285.809994 14.4520998
v 42.8864986 45.5141991 0
v 50.839299 87.2910023 17.0113996
v 102.086699 68.7677979 8.42610002
v 40.3308004 -163.881302 259.149909
v 44.6328998 -177.346897 294.873309
v 5.75649999 -171.819603 294.271588
v 116.386795 -162.524998 129.1219
v 83.366698 -227.261806 131.628394
v 99.0419984 -232.065892 64.8106992
v -181.417406 193.603206 324.973798
v -186.858702 157.718098 313.588691
v -189.337802 138.667297 369.970894
v 202.744102 116.096199 71.3065982
v 181.0184 56.428498 75.5140007
v 204.296803 61.9599998 4.01780009
v 155.7513 -91.7146981 28.1756014
v 144.022596 -78.8632989 21.7350006
v 161.281395 -74.0984023 22.0469996
v -34.3701005 -110.746002 565.570784
v -13.6988997 -102.063298 531.12359
v -74.0823984 -83.4975004 551.011086
v 91.6787028 -2.26249993 198.957098
v 92.6723003 1.64059997 135.177803
v 142.231703 12.9106998 133.260798
v -181.279695 208.61659 250.403404
v -134.040296 164.386904 277.744293
v -137.7406 168.6077 218.569207
v -9.69899967 -79.7138989 535.739088
v -74.0823984 -83.4975004 551.011086
v -13.6988997 -102.063298 531.12359
v -9.69899967 -79.7138989 535.739088
v -13.6988997 -102.063298 531.12359
v 6.72700033 -110.583305 535.009003
v 108.361197 -72.2903013 374.704003
v 125.723803 -65.6157017 312.31339
v 88.0560994 -72.3774016 315.373707
v 33.8891 -141.686201 440.398979
v 23.8630995 -165.139604 365.177107
v 47.7490008 -108.737695 380.721593
v -135.849202 71.7984021 7.10690022
v -32.6476008 109.030604 19.6554005
v -51.0931015 63.8282001 17.1877995
v -150.5934 -167.563999 218.375897
v -136.378205 -173.798704 265.900803
v -173.523295 -137.815797 249.84591
v -150.5934 -167.563999 218.375897
v -182.264102 -133.659506 204.988909
v -151.096797 -33.7103993 180.633998
v -158.056295 -45.7132012 222.10021
v -153.698397 -6.74439967 235.626197
v -189.611006 120.144606 21.1452007
v -182.679796 160.096896 24.2534995
v -170.659196 159.402704 11.5470998
v -194.400203 34.0061009 164.868605
v -199.112105 15.2772993 108.999598
v -187.148702 -34.7618997 124.241495
v 42.8864986 45.5141991 0
v 89.7629976 29.1904002 6.35510013
v 49.0525991 -47.8751004 10.2127999
v -130.129099 -182.587898 384.732008
v -132.736504 -194.130504 333.773804
v -144.881701 -211.757898 392.624211
v 27.9190987 -93.1801975 19.5998996
v -10.2955997 -76.3848007 11.2966999
v 8.59519988 -30.4966986 9.91849974
v 80.0599992 101.330698 348.591709
v 106.122994 148.062205 335.220003
v 60.5642974 107.483304 290.696001
v 184.895301 59.2872024 128.863204
v 202.481794 125.048804 193.312895
v 173.156595 66.7352974 195.940495
v -29.5379013 -117.066002 20.8271995
v -10.9208003 -181.580198 7.29470029
v -61.8983984 -158.586299 16.6880995
v 184.895301 59.2872024 128.863204
v 142.231703 12.9106998 133.260798
v 151.656199 19.0620005 78.9617002
v 166.240394 -137.537396 65.6548023
v 163.580704 -134.301996 119.261205
v 140.787101 -172.422004 99.6819019
v -118.432903 -280.95479 70.1867998
v -186.208797 -186.768103 74.0125
v -182.321703 -190.215194 7.28219971
v 127.535403 -161.897194 84.3171
v 140.787101 -172.422004 99.6819019
v 128.715599 -165.709198 103.210795
v -101.740897 -175.344706 539.077091
v -119.11 -177.986002 398.027802
v -70.6182003 -188.080204 434.845781
v -164.859605 -162.001801 321.646094
v -168.771505 -171.040595 435.922098
v -155.393505 -117.632401 447.883606
v -140.860498 193.268096 12.0637
v -2.08129995 144.1468 20.4061002
v -32.6476008 109.030604 19.6554005
v 40.3308004 -163.881302 259.149909
v 14.4657999 -154.913199 243.968296
v -8.72109979 -229.446197 246.726894
v -159.455097 241.120505 132.660198
v -156.950998 200.625801 130.9816
v -118.425 204.924798 214.721298
v 65.7364011 -83.158201 487.055683
v 40.2132988 -87.638402 507.970524
v 57.6874971 -99.9508023 496.60778
v 87.2617006 -150.848103 6.38080016
v 48.2769012 -151.699996 15.5913994
v 47.5603998 -146.279001 5.08540012
v -149.967301 76.257199 1.19660003
v -131.106496 99.9767005 8.21229964
v -135.849202 71.7984021 7.10690022
v -189.640903 98.6371994 122.001898
v -186.258304 97.4969029 134.963703
v -185.839701 113.068497 137.460601
v -198.473299 -131.980395 158.1195
v -198.735797 -143.342197 159.9684
v -191.195202 -148.155904 167.377102
v -196.329498 3.90800014 63.7825012
v -198.982799 17.6400006 70.4281986
v -196.322596 29.8781991 64.8057997
v -57.0859015 -178.803301 511.455488
v -39.0834004 -182.931805 521.020508
v -45.8525002 -167.331696 524.127388
v 89.3217981 90.2306974 409.600878
v 67.690599 88.4961009 420.017481
v 74.5169997 76.6385019 427.767611
v -199.299002 -152.256596 133.171904
v -208.944392 -138.677597 129.878604
v -201.323104 -150.860703 110.933697
v -128.579199 -188.934398 396.367598
v -135.206401 -176.278698 396.270394
v -130.129099 -182.587898 384.732008
v 90.1271999 106.371403 351.86379
v 80.0599992 101.330698 348.591709
v 72.3963022 104.314303 357.662296
v 123.290205 137.212205 339.949799
v 106.122994 148.062205 335.220003
v 104.705405 130.286396 348.208809
v -171.289098 125.156701 395.797992
v -166.700101 114.405799 394.979095
v -167.007995 115.554404 412.712717
v 30.1243007 224.128199 85.9799027
v 22.9512006 217.669892 77.9632986
v 27.3779988 230.197406 66.0678029
v 107.202804 50.7592022 424.604702
v 111.903 65.3522015 427.525902
v 90.6606972 67.8227007 422.606611
v 141.7346 143.423295 12.3575002
v 134.841394 158.050799 15.9376994
v 141.145802 159.614599 29.5109987
v 147.473705 151.931298 74.8969972
v 159.661806 154.442203 64.537698
v 141.031897 151.643205 57.0843995
v -138.406003 -99.3301988 554.913092
v -133.951294 -90.8348978 561.539888
v -129.4204 -89.8766994 553.404999
v -151.786196 -48.1110007 454.839277
v -149.783897 -60.4143977 436.917782
v -154.436898 -80.0620973 454.729319
v 6.72700033 -110.583305 535.009003
v 2.91620009 -116.374505 519.426823
v 22.9112998 -113.993096 519.103384
v 157.278895 -131.496799 18.9187005
v 138.429201 -130.409598 12.0121002
v 117.455494 -107.906604 17.6420003
v 123.9362 -130.911195 171.8485
v 136.968899 -137.366903 183.432806
v 135.201705 -121.365702 182.784498
v 157.278895 -131.496799 18.9187005
v 174.652302 -126.082504 17.9398
v 171.903503 -139.170802 24.7035995
v -76.3873994 -160.116196 571.255779
v -110.041702 -169.186902 586.160803
v -93.2896972 -172.499895 560.814524
v -43.6168998 -144.018996 552.732182
v -28.6819011 -145.643103 529.780722
v -19.3822995 -123.953795 531.51679
v 34.9516004 -252.219796 116.339505
v 35.5304986 -253.351593 135.737205
v -3.64710018 -232.730103 140.446901
v -146.490598 -221.793509 271.519899
v -149.249303 -208.719897 271.170592
v -158.560896 -210.353398 223.905611
v 129.202199 -29.9131989 441.908884
v 120.368302 -42.9033995 450.048399
v 144.638801 -37.5209987 391.505289
v -11.0981002 127.827299 258.536792
v -28.9429009 130.055106 275.297999
v 44.1585004 116.219103 297.399712
v -135.206401 -176.278698 396.270394
v -119.11 -177.986002 398.027802
v -101.740897 -175.344706 539.077091
v -118.425 204.924798 214.721298
v -156.950998 200.625801 130.9816
v -150.408494 179.438698 155.498695
v -101.740897 -175.344706 539.077091
v -57.0859015 -178.803301 511.455488
v -57.1927011 -174.663603 539.097977
v -91.179502 155.832601 398.386002
v -86.5462005 151.153302 326.033807
v -114.203095 147.506404 331.701708
v 132.697296 55.9904993 11.4811003
v 157.214701 40.2054012 6.13830015
v 130.347705 16.0775006 10.7392997
v -191.654098 -182.818997 127.931905
v -199.299002 -152.256596 133.171904
v -201.323104 -150.860703 110.933697
v -178.722799 188.527501 75.3174007
v -186.699903 140.900505 71.9654977
v -186.236501 155.304801 84.3802989
v 22.9112998 -113.993096 519.103384
v 40.2132988 -87.638402 507.970524
v 24.3337005 -76.7656028 510.590506
v -1.53900003 136.895394 213.873601
v 5.78470007 150.028801 207.655096
v -66.8159008 176.671302 238.992095
v -145.519495 -75.4724026 542.751503
v -151.786196 -48.1110007 454.839277
v -154.436898 -80.0620973 454.729319
v -187.941301 139.918697 238.032293
v -194.356 55.7558 212.49249
v -199.108195 57.0692003 229.468298
v -187.231398 142.141294 183.4993
v -189.3291 122.687805 179.549897
v -187.941301 139.918697 238.032293
v -10.0671001 -243.729806 231.434298
v 13.5674 -261.955595 242.772698
v 16.1452994 -253.454995 253.625298
v -180.493605 -54.2768002 87.3169005
v -181.865597 -52.1578014 66.446501
v -188.778198 -61.6135001 68.7048972
v 84.1127992 164.816594 135.700703
v 87.8959 176.315999 114.796197
v 55.3526998 123.918402 125.774002
v -196.322596 29.8781991 64.8057997
v -194.335997 43.1241006 13.3553997
v -194.941401 22.8977993 13.1340995
v -192.563498 -137.991703 175.604403
v -179.780602 -84.3364 172.608805
v -187.558103 -81.8352997 162.8546
v 148.029697 -173.726797 17.2630996
v 120.722699 -167.159295 9.43180025
v 157.278895 -131.496799 18.9187005
v -134.121704 248.600698 7.88860023
v -140.860498 193.268096 12.0637
v -152.091599 225.000596 22.0933005
v 104.705405 130.286396 348.208809
v 107.525599 107.872903 404.931211
v 136.386395 112.754798 410.257578
v -98.9347994 127.764297 459.670401
v -100.837898 107.790196 518.66641
v -91.0498023 116.275001 503.011084
v 155.7513 -91.7146981 28.1756014
v 157.278895 -131.496799 18.9187005
v 117.455494 -107.906604 17.6420003
v 108.715606 -168.402696 170.538497
v 73.8023996 -234.6668 189.530396
v 80.8544993 -237.090898 173.666203
v -132.736504 -194.130504 333.773804
v -138.128805 -191.820896 314.499092
v -153.844798 -226.746893 332.143998
v 90.6606972 67.8227007 422.606611
v 88.4710014 57.278198 458.99992
v 96.3594973 46.2309003 458.11038
v 177.242005 -8.4849 330.844688
v 194.572401 45.9331989 334.667993
v 196.462595 36.7776006 352.833891
v 174.109304 19.9029997 413.053417
v 169.756305 -26.7257988 402.200794
v 175.221097 -16.4483994 385.997701
v 141.031897 151.643205 57.0843995
v 95.0700998 188.427806 48.1703013
v 96.6432989 182.564402 62.1800005
v -133.399105 69.1448987 474.534798
v -133.590806 63.2144988 511.308002
v -119.075 77.3755014 515.6919
v -51.9693017 -193.880701 432.474089
v -59.7549021 -238.634896 420.533609
v -30.893901 -251.625609 433.675909
v 72.3963022 104.314303 357.662296
v 67.690599 88.4961009 420.017481
v 89.3217981 90.2306974 409.600878
v 87.2617006 -150.848103 6.38080016
v 47.5603998 -146.279001 5.08540012
v 63.6390984 -89.6008015 13.3965001
v -191.654098 -182.818997 127.931905
v -184.809399 -207.979703 107.934499
v -181.008196 -173.279703 168.249702
v 163.580704 -134.301996 119.261205
v 145.920706 -138.370001 124.705601
v 139.799094 -159.405398 117.619705
v 128.715599 -165.709198 103.210795
v 140.787101 -172.422004 99.6819019
v 139.799094 -159.405398 117.619705
v 124.079597 -124.710703 145.474601
v 121.205199 -129.897904 131.400895
v 145.920706 -138.370001 124.705601
v 202.744102 116.096199 71.3065982
v 208.944392 123.959804 10.7239999
v 198.267198 137.743604 22.3315999
v -176.478803 -29.0785998 20.6024006
v -181.481898 -35.9088987 31.7781001
v -190.5779 2.27509998 19.3143994
v -41.4577991 285.396791 84.7027004
v -60.7141972 285.809994 14.4520998
v -73.5601008 290.908694 16.2971005
v -121.041703 -288.854003 177.679098
v -108.128405 -295.867205 167.912304
v -95.342499 -294.140506 225.796795
v -138.179898 -169.986606 562.00738
v -101.740897 -175.344706 539.077091
v -93.2896972 -172.499895 560.814524
v -167.007995 115.554404 412.712717
v -152.059603 152.755105 415.174484
v -161.126304 158.801699 401.709318
v -194.299996 -132.941997 14.8199007
v -197.964203 -141.452098 74.8511016
v -204.836893 -134.632003 82.0172012
v -43.6168998 -144.018996 552.732182
v -47.7201015 -122.364199 562.9632
v -76.3873994 -160.116196 571.255779
v -160.322499 49.8488992 451.624918
v -152.788699 43.1228012 461.556196
v -133.399105 69.1448987 474.534798
v 127.535403 -161.897194 84.3171
v 118.066299 -167.771697 55.8193982
v 144.345105 -177.163005 59.0120971
v -41.4577991 285.396791 84.7027004
v -60.9106004 295.867205 73.6701012
v -57.4487984 281.539512 135.036802
v -186.699903 140.900505 71.9654977
v -189.677894 117.296302 57.3345006
v -189.640903 98.6371994 122.001898
v -166.398895 -51.0846972 143.824697
v -173.033404 -54.9390972 130.097902
v -168.511295 -63.9949977 181.6728
v -197.090304 -117.425704 16.5430993
v -204.836893 -134.632003 82.0172012
v -200.96581 -78.0297995 69.6129978
v 74.5169997 76.6385019 427.767611
v 88.4710014 57.278198 458.99992
v 90.6606972 67.8227007 422.606611
v -186.208797 -186.768103 74.0125
v -201.323104 -150.860703 110.933697
v -197.964203 -141.452098 74.8511016
v -100.405204 -34.5025986 14.5425007
v -176.478803 -29.0785998 20.6024006
v -135.849202 71.7984021 7.10690022
v -135.849202 71.7984021 7.10690022
v -176.478803 -29.0785998 20.6024006
v -149.967301 76.257199 1.19660003
v -168.529105 -90.4636025 287.241793
v -159.119797 -43.1903005 265.815592
v -169.306505 -75.6008983 250.496602
v -159.119797 -43.1903005 265.815592
v -168.529105 -90.4636025 287.241793
v -167.764699 -70.511502 308.28619
v 4.54990007 -234.404707 127.616501
v -3.64710018 -232.730103 140.446901
v -10.4652002 -276.398206 123.8585
v -10.4652002 -276.398206 123.8585
v -3.64710018 -232.730103 140.446901
v -12.0595999 -278.32849 180.9093
v -197.964203 -141.452098 74.8511016
v -194.299996 -132.941997 14.8199007
v -188.678503 -127.467895 15.5552
v -185.798001 -72.1639991 131.308198
v -187.558103 -81.8352997 162.8546
v -179.780602 -84.3364 172.608805
v -200.96581 -78.0297995 69.6129978
v -188.778198 -61.6135001 68.7048972
v -189.809203 -70.6668973 23.6099005
v 60.5252981 -163.410199 358.465409
v 47.7490008 -108.737695 380.721593
v 23.8630995 -165.139604 365.177107
v 155.766702 -67.3162997 126.199305
v 113.9763 -60.0884974 181.880403
v 159.616601 -76.4083028 181.365705
v -102.220094 -275.685596 350.547695
v -153.844798 -226.746893 332.143998
v -107.7021 -285.909891 289.77809
v -107.7021 -285.909891 289.77809
v -153.844798 -226.746893 332.143998
v -146.490598 -221.793509 271.519899
v 175.221097 -16.4483994 385.997701
v 144.638801 -37.5209987 391.505289
v 183.641303 -14.3438995 355.073404
v 183.641303 -14.3438995 355.073404
v 144.638801 -37.5209987 391.505289
v 177.242005 -8.4849 330.844688
v 144.638801 -37.5209987 391.505289
v 175.221097 -16.4483994 385.997701
v 169.756305 -26.7257988 402.200794
v -176.613295 193.154204 134.003496
v -160.923898 190.741301 140.188801
v -178.376806 186.261797 95.7104981
v -199.112105 15.2772993 108.999598
v -196.322596 29.8781991 64.8057997
v -198.982799 17.6400006 70.4281986
v 9.47860032 185.9115 206.076288
v 30.1322013 159.189105 138.687301
v 28.5537988 208.165908 138.0054
v 181.0184 56.428498 75.5140007
v 175.834 21.0650995 8.89879987
v 204.296803 61.9599998 4.01780009
v -198.473299 -131.980395 158.1195
v -197.683406 -86.2456024 129.217803
v -208.944392 -138.677597 129.878604
v -11.0981002 127.827299 258.536792
v 55.0042987 98.8445997 211.269689
v -15.5811995 116.694796 209.846997
v -138.128805 -191.820896 314.499092
v -164.859605 -162.001801 321.646094
v -136.378205 -173.798704 265.900803
v -136.378205 -173.798704 265.900803
v -164.859605 -162.001801 321.646094
v -173.523295 -137.815797 249.84591
v -138.128805 -191.820896 314.499092
v -160.277605 -164.983594 332.936096
v -164.859605 -162.001801 321.646094
v -152.551901 166.055501 333.515906
v -114.203095 147.506404 331.701708
v -134.040296 164.386904 277.744293
v -134.040296 164.386904 277.744293
v -86.5462005 151.153302 326.033807
v -86.4479005 148.802495 287.793589
v -56.7645013 276.299596 137.298703
v -112.226105 244.910002 202.544689
v -55.053103 198.527503 233.863306
v -182.264102 -133.659506 204.988909
v -179.780602 -84.3364 172.608805
v -192.563498 -137.991703 175.604403
v -61.8983984 -158.586299 16.6880995
v -63.9437973 -288.155603 13.6925995
v -108.787596 -295.010495 8.48719999
v -108.128405 -295.867205 167.912304
v -121.041703 -288.854003 177.679098
v -121.247101 -295.166898 115.2143
v -121.247101 -295.166898 115.2143
v -177.054703 -199.0008 176.410306
v -184.809399 -207.979703 107.934499
v -118.432903 -280.95479 70.1867998
v -184.809399 -207.979703 107.934499
v -186.208797 -186.768103 74.0125
v 176.005304 32.1070999 406.991386
v 196.462595 36.7776006 352.833891
v 185.483301 81.6004992 411.881208
v 185.483301 81.6004992 411.881208
v 194.572401 45.9331989 334.667993
v 202.800608 107.334495 344.085312
v 196.462595 36.7776006 352.833891
v 194.572401 45.9331989 334.667993
v 185.483301 81.6004992 411.881208
v 141.7346 143.423295 12.3575002
v 153.967094 94.5010006 9.57650021
v 109.342003 107.605004 18.7433004
v 30.1322013 159.189105 138.687301
v 24.5230004 184.421694 70.1556027
v 28.5537988 208.165908 138.0054
v 28.5537988 208.165908 138.0054
v 24.5230004 184.421694 70.1556027
v 30.1243007 224.128199 85.9799027
v 30.1243007 224.128199 85.9799027
v 24.5230004 184.421694 70.1556027
v 22.9512006 217.669892 77.9632986
v -182.770801 161.705303 391.44311
v -152.551901 166.055501 333.515906
v -181.417406 193.603206 324.973798
v 144.022596 -78.8632989 21.7350006
v 117.455494 -107.906604 17.6420003
v 119.1944 -42.7078009 20.8854005
v 83.4062994 -48.5936999 21.3393003
v 63.6390984 -89.6008015 13.3965001
v 49.0525991 -47.8751004 10.2127999
v 49.0525991 -47.8751004 10.2127999
v 63.6390984 -89.6008015 13.3965001
v 27.9190987 -93.1801975 19.5998996
v -57.1927011 -174.663603 539.097977
v -45.8525002 -167.331696 524.127388
v -43.6168998 -144.018996 552.732182
v 24.3337005 -76.7656028 510.590506
v 65.7364011 -83.158201 487.055683
v 64.5415008 -24.6748999 489.940023
v 64.5415008 -24.6748999 489.940023
v 65.7364011 -83.158201 487.055683
v 117.359698 -38.5266989 474.132013
v 65.7364011 -83.158201 487.055683
v 24.3337005 -76.7656028 510.590506
v 40.2132988 -87.638402 507.970524
v -125.932801 -113.186896 591.138601
v -78.4642994 -103.020895 578.002501
v -138.934195 -100.119495 584.683704
v 43.9384013 -118.0987 499.89171
v 22.2810999 -150.024796 450.4426
v 40.0934011 -116.644394 456.194782
v -91.179502 155.832601 398.386002
v -10.7267998 131.206501 432.672882
v -14.7836 145.888901 369.935703
v 77.7580023 142.406499 196.055698
v 60.5642974 107.483304 290.696001
v 91.1723971 153.515804 264.776492
v 115.273595 16.2431002 3.90539989
v 127.948296 7.5943999 8.32310021
v 89.7629976 29.1904002 6.35510013
v 89.7629976 29.1904002 6.35510013
v 83.4062994 -48.5936999 21.3393003
v 49.0525991 -47.8751004 10.2127999
v -102.220094 -275.685596 350.547695
v -59.7549021 -238.634896 420.533609
v -85.0471973 -236.440706 421.519184
v 77.7580023 142.406499 196.055698
v 62.3739004 116.428399 142.618704
v 55.0042987 98.8445997 211.269689
v -65.8975005 -284.496403 289.365005
v -102.220094 -275.685596 350.547695
v -107.7021 -285.909891 289.77809
v -60.1181984 -293.075204 221.206188
v -108.128405 -295.867205 167.912304
v -67.1168029 -290.875196 120.086396
v -67.1168029 -290.875196 120.086396
v -108.128405 -295.867205 167.912304
v -121.247101 -295.166898 115.2143
v -198.982799 17.6400006 70.4281986
v -191.818595 -21.6976002 62.9108012
v -199.112105 15.2772993 108.999598
v -199.112105 15.2772993 108.999598
v -191.818595 -21.6976002 62.9108012
v -187.148702 -34.7618997 124.241495
v 107.202804 50.7592022 424.604702
v 120.954704 24.3047997 472.113895
v 135.528696 34.9186987 434.502316
v -86.5462005 151.153302 326.033807
v -14.7836 145.888901 369.935703
v -23.1738999 147.618902 319.492888
v -178.722799 188.527501 75.3174007
v -158.594096 198.842895 68.146503
v -179.224396 202.036309 17.3686996
v -179.224396 202.036309 17.3686996
v -158.594096 198.842895 68.146503
v -152.091599 225.000596 22.0933005
v -29.5379013 -117.066002 20.8271995
v -61.8983984 -158.586299 16.6880995
v -100.405204 -34.5025986 14.5425007
v -186.895001 173.974001 234.280896
v -176.613295 193.154204 134.003496
v -185.096502 157.591295 130.1561
v -112.226105 244.910002 202.544689
v -118.425 204.924798 214.721298
v -55.053103 198.527503 233.863306
v -118.425 204.924798 214.721298
v -66.8159008 176.671302 238.992095
v -55.053103 198.527503 233.863306
v -34.3701005 -110.746002 565.570784
v -19.3822995 -123.953795 531.51679
v -13.6988997 -102.063298 531.12359
v -148.368001 157.550097 394.021392
v -110.444295 160.975397 394.000912
v -152.551901 166.055501 333.515906
v -152.551901 166.055501 333.515906
v -110.444295 160.975397 394.000912
v -114.203095 147.506404 331.701708
v -133.399105 69.1448987 474.534798
v -132.417595 35.5378002 522.67518
v -133.590806 63.2144988 511.308002
v -59.5318019 2.77619995 496.631384
v -9.69899967 -79.7138989 535.739088
v 31.9074988 -2.98369993 500.325108
v -133.951294 -90.8348978 561.539888
v -136.703801 -114.323103 565.71579
v -138.934195 -100.119495 584.683704
v -138.934195 -100.119495 584.683704
v -136.703801 -114.323103 565.71579
v -125.932801 -113.186896 591.138601
v 64.2490029 114.114904 23.9046007
v 68.6451972 130.926299 65.6413972
v 75.3310978 165.889001 26.3547987
v 75.3310978 165.889001 26.3547987
v 96.6432989 182.564402 62.1800005
v 95.0700998 188.427806 48.1703013
v 173.156595 66.7352974 195.940495
v 142.231703 12.9106998 133.260798
v 184.895301 59.2872024 128.863204
v -177.1101 15.3852999 218.280792
v -182.675004 20.0709999 272.474694
v -194.356 55.7558 212.49249
v -194.356 55.7558 212.49249
v -182.675004 20.0709999 272.474694
v -199.108195 57.0692003 229.468298
v 76.3791025 8.47729966 479.168797
v 88.1268978 47.8556007 472.534418
v 31.9074988 -2.98369993 500.325108
v 31.9074988 -2.98369993 500.325108
v 88.1268978 47.8556007 472.534418
v 52.9256999 67.2738016 482.565308
v -59.7549021 -238.634896 420.533609
v -70.6182003 -188.080204 434.845781
v -85.0471973 -236.440706 421.519184
v -196.329498 3.90800014 63.7825012
v -190.5779 2.27509998 19.3143994
v -191.818595 -21.6976002 62.9108012
v 13.4483993 -126.927996 17.4648002
v 48.2769012 -151.699996 15.5913994
v -10.9208003 -181.580198 7.29470029
v -10.9208003 -181.580198 7.29470029
v 48.2769012 -151.699996 15.5913994
v -16.2195995 -196.588302 13.1676003
v -16.2195995 -196.588302 13.1676003
v 48.2769012 -151.699996 15.5913994
v 26.3990998 -226.786304 10.7267998
v -129.4204 -89.8766994 553.404999
v -147.070003 -65.1363015 546.53821
v -145.519495 -75.4724026 542.751503
v -74.0823984 -83.4975004 551.011086
v -129.4204 -89.8766994 553.404999
v -78.4642994 -103.020895 578.002501
v -78.4642994 -103.020895 578.002501
v -129.4204 -89.8766994 553.404999
v -138.934195 -100.119495 584.683704
v -61.8983984 -158.586299 16.6880995
v -108.787596 -295.010495 8.48719999
v -182.321703 -190.215194 7.28219971
v -144.480002 45.8968997 385.229707
v -149.783897 -60.4143977 436.917782
v -151.786196 -48.1110007 454.839277
v 31.9074988 -2.98369993 500.325108
v 52.9256999 67.2738016 482.565308
v -43.3236986 41.8592989 489.322519
v -43.3236986 41.8592989 489.322519
v 52.9256999 67.2738016 482.565308
v -10.7836001 97.5838006 472.667789
v -122.127903 90.3410971 464.651918
v -100.837898 107.790196 518.66641
v -98.9347994 127.764297 459.670401
v -118.425 204.924798 214.721298
v -137.7406 168.6077 218.569207
v -66.8159008 176.671302 238.992095
v -66.8159008 176.671302 238.992095
v -84.1400981 130.620098 244.43059
v -69.3081975 158.672595 237.888193
v -137.7406 168.6077 218.569207
v -84.1400981 130.620098 244.43059
v -66.8159008 176.671302 238.992095
v -16.2195995 -196.588302 13.1676003
v 4.87810001 -271.82951 14.8297995
v -40.2399987 -291.378999 7.14479983
v -0.485099992 -236.869502 299.302006
v -8.72109979 -229.446197 246.726894
v 5.75649999 -171.819603 294.271588
v 5.75649999 -171.819603 294.271588
v -8.72109979 -229.446197 246.726894
v 14.4657999 -154.913199 243.968296
v -98.9347994 127.764297 459.670401
v -85.5224013 139.520001 453.134108
v -143.448305 142.688406 446.475983
v -143.448305 142.688406 446.475983
v -148.368001 157.550097 394.021392
v -152.059603 152.755105 415.174484
v -85.5224013 139.520001 453.134108
v -91.179502 155.832601 398.386002
v -143.448305 142.688406 446.475983
v -148.368001 157.550097 394.021392
v -91.179502 155.832601 398.386002
v -110.444295 160.975397 394.000912
v -196.322596 29.8781991 64.8057997
v -189.677894 117.296302 57.3345006
v -194.335997 43.1241006 13.3553997
v -194.335997 43.1241006 13.3553997
v -189.677894 117.296302 57.3345006
v -189.611006 120.144606 21.1452007
v 21.2017 -264.656091 183.606005
v 35.5304986 -253.351593 135.737205
v 73.8023996 -234.6668 189.530396
v 73.8023996 -234.6668 189.530396
v 35.5304986 -253.351593 135.737205
v 80.8544993 -237.090898 173.666203
v 80.8544993 -237.090898 173.666203
v 35.5304986 -253.351593 135.737205
v 83.366698 -227.261806 131.628394
v 120.368302 -42.9033995 450.048399
v 71.4758992 -72.0299006 374.555612
v 144.638801 -37.5209987 391.505289
v 22.9112998 -113.993096 519.103384
v 43.9384013 -118.0987 499.89171
v 40.2132988 -87.638402 507.970524
v -190.5779 2.27509998 19.3143994
v -181.481898 -35.9088987 31.7781001
v -191.818595 -21.6976002 62.9108012
v -191.818595 -21.6976002 62.9108012
v -181.865597 -52.1578014 66.446501
v -179.965699 -48.2360005 81.6989005
v -85.0471973 -236.440706 421.519184
v -144.881701 -211.757898 392.624211
v -102.220094 -275.685596 350.547695
v -102.220094 -275.685596 350.547695
v -144.881701 -211.757898 392.624211
v -153.844798 -226.746893 332.143998
v 4.06970009 129.064405 138.782895
v 55.3526998 123.918402 125.774002
v -1.3642 147.576904 74.1753995
v -1.3642 147.576904 74.1753995
v 55.3526998 123.918402 125.774002
v 68.6451972 130.926299 65.6413972
v 107.525599 107.872903 404.931211
v 90.1271999 106.371403 351.86379
v 89.3217981 90.2306974 409.600878
v -169.306505 -75.6008983 250.496602
v -158.056295 -45.7132012 222.10021
v -172.007 -79.626298 210.722089
v -168.511295 -63.9949977 181.6728
v -172.007 -79.626298 210.722089
v 91.4779007 -166.496301 293.212605
v 40.3308004 -163.881302 259.149909
v 87.9374981 -162.080598 245.624399
v -177.1101 15.3852999 218.280792
v -152.336299 -12.2538999 271.131492
v -182.675004 20.0709999 272.474694
v 33.8891 -141.686201 440.398979
v 40.0934011 -116.644394 456.194782
v 22.2810999 -150.024796 450.4426
v -189.640903 98.6371994 122.001898
v -194.400203 34.0061009 164.868605
v -186.258304 97.4969029 134.963703
v -147.070003 -65.1363015 546.53821
v -132.417595 35.5378002 522.67518
v -151.786196 -48.1110007 454.839277
v -151.786196 -48.1110007 454.839277
v -132.417595 35.5378002 522.67518
v -152.788699 43.1228012 461.556196
v -185.096502 157.591295 130.1561
v -186.236501 155.304801 84.3802989
v -185.839701 113.068497 137.460601
v -185.839701 113.068497 137.460601
v -186.236501 155.304801 84.3802989
v -186.699903 140.900505 71.9654977
v 125.662005 -98.6721992 243.893194
v 125.723803 -65.6157017 312.31339
v 138.941097 -95.5250978 310.087991
v -185.798001 -72.1639991 131.308198
v -194.588494 -68.9539015 76.5003026
v -197.683406 -86.2456024 129.217803
v -173.523295 -137.815797 249.84591
v -172.007 -79.626298 210.722089
v -182.264102 -133.659506 204.988909
v 27.9190987 -93.1801975 19.5998996
v 47.5603998 -146.279001 5.08540012
v 13.4483993 -126.927996 17.4648002
v 176.9292 62.4530017 268.157411
v 177.242005 -8.4849 330.844688
v 142.119706 2.10490003 269.893599
v -194.588494 -68.9539015 76.5003026
v -200.96581 -78.0297995 69.6129978
v -197.683406 -86.2456024 129.217803
v 120.722699 -167.159295 9.43180025
v 87.2617006 -150.848103 6.38080016
v 138.429201 -130.409598 12.0121002
v 138.429201 -130.409598 12.0121002
v 87.2617006 -150.848103 6.38080016
v 117.455494 -107.906604 17.6420003
v -140.860498 193.268096 12.0637
v 21.2522 172.028005 23.1447995
v -2.08129995 144.1468 20.4061002
v 180.001199 -107.409096 122.488904
v 159.616601 -76.4083028 181.365705
v 174.969101 -112.317002 177.248096
v -191.195202 -148.155904 167.377102
v -198.735797 -143.342197 159.9684
v -191.654098 -182.818997 127.931905
v 87.8959 176.315999 114.796197
v 147.473705 151.931298 74.8969972
v 96.6432989 182.564402 62.1800005
v -100.837898 107.790196 518.66641
v -119.075 77.3755014 515.6919
v -91.0498023 116.275001 503.011084
v -165.6142 246.885109 65.0686979
v -156.950998 200.625801 130.9816
v -159.455097 241.120505 132.660198
v -156.950998 200.625801 130.9816
v -165.6142 246.885109 65.0686979
v -160.138798 193.003702 116.467202
v -167.764699 -70.511502 308.28619
v -149.783897 -60.4143977 436.917782
v -162.193596 -35.2216005 314.729404
v -149.783897 -60.4143977 436.917782
v -155.393505 -117.632401 447.883606
v -154.436898 -80.0620973 454.729319
v 174.652302 -126.082504 17.9398
v 155.7513 -91.7146981 28.1756014
v 187.446904 -111.958301 21.5473995
v 123.9362 -130.911195 171.8485
v 108.715606 -168.402696 170.538497
v 124.079597 -124.710703 145.474601
v 124.079597 -124.710703 145.474601
v 121.205199 -129.897904 131.400895
v -110.041702 -169.186902 586.160803
v -76.3873994 -160.116196 571.255779
v -127.697897 -165.083802 594.104624
v -127.697897 -165.083802 594.104624
v -78.4642994 -103.020895 578.002501
v -125.932801 -113.186896 591.138601
v -32.6476008 109.030604 19.6554005
v 42.8864986 45.5141991 0
v -51.0931015 63.8282001 17.1877995
v -187.148702 -34.7618997 124.241495
v -173.033404 -54.9390972 130.097902
v -176.687396 -13.0171999 172.790802
v -176.687396 -13.0171999 172.790802
v -166.398895 -51.0846972 143.824697
v -151.096797 -33.7103993 180.633998
v 1.71249993 -139.199901 524.312687
v 2.91620009 -116.374505 519.426823
v -19.3822995 -123.953795 531.51679
v -19.3822995 -123.953795 531.51679
v 6.72700033 -110.583305 535.009003
v -13.6988997 -102.063298 531.12359
v -39.0834004 -182.931805 521.020508
v -10.3519998 -200.507689 513.222694
v 1.71249993 -139.199901 524.312687
v 117.455494 -107.906604 17.6420003
v 83.4062994 -48.5936999 21.3393003
v 119.1944 -42.7078009 20.8854005
v -41.4577991 285.396791 84.7027004
v 22.9541004 221.717811 23.5927999
v -60.7141972 285.809994 14.4520998
v 91.6787028 -2.26249993 198.957098
v 65.555203 -62.8251016 241.854191
v 73.3128011 -63.1093025 182.989502
v -187.941301 139.918697 238.032293
v -186.858702 157.718098 313.588691
v -186.895001 173.974001 234.280896
v -182.264102 -133.659506 204.988909
v -178.873098 -160.792601 172.682703
v -150.5934 -167.563999 218.375897
v 111.903 65.3522015 427.525902
v 135.528696 34.9186987 434.502316
v 136.386395 112.754798 410.257578
v 136.386395 112.754798 410.257578
v 135.528696 34.9186987 434.502316
v 185.483301 81.6004992 411.881208
v 92.6723003 1.64059997 135.177803
v 107.889998 11.8037999 74.2716014
v 142.231703 12.9106998 133.260798
v 64.5415008 -24.6748999 489.940023
v 119.542694 -7.84040019 471.21129
v 76.3791025 8.47729966 479.168797
v 77.7580023 142.406499 196.055698
v 146.758699 143.547702 186.366498
v 84.1127992 164.816594 135.700703
v 65.7364011 -83.158201 487.055683
v 120.368302 -42.9033995 450.048399
v 117.359698 -38.5266989 474.132013
v 98.6847997 -228.959394 13.1255001
v 118.066299 -167.771697 55.8193982
v 99.0419984 -232.065892 64.8106992
v 116.386795 -162.524998 129.1219
v 118.066299 -167.771697 55.8193982
v 176.9292 62.4530017 268.157411
v 129.043305 13.3790001 204.028392
v 173.156595 66.7352974 195.940495
v -28.9429009 130.055106 275.297999
v -15.5811995 116.694796 209.846997
v -84.1400981 130.620098 244.43059
v 21.2017 -264.656091 183.606005
v -10.0671001 -243.729806 231.434298
v -1.52240004 -238.218188 180.692303
v 108.834898 -128.483605 241.245389
v 108.715606 -168.402696 170.538497
v 116.051805 -127.626801 189.753699
v -39.0834004 -182.931805 521.020508
v -34.1527998 -202.01211 446.174288
v -10.3519998 -200.507689 513.222694
v -10.3519998 -200.507689 513.222694
v -34.1527998 -202.01211 446.174288
v -6.7148 -205.453396 448.507118
v -10.7267998 131.206501 432.672882
v 57.9864025 79.8456013 444.576693
v 67.690599 88.4961009 420.017481
v 67.690599 88.4961009 420.017481
v 57.9864025 79.8456013 444.576693
v 74.5169997 76.6385019 427.767611
v 136.386395 112.754798 410.257578
v 202.800608 107.334495 344.085312
v 123.290205 137.212205 339.949799
v 88.1268978 47.8556007 472.534418
v 96.3594973 46.2309003 458.11038
v 52.9256999 67.2738016 482.565308
v 4.21850011 -280.314803 64.9433017
v 4.54990007 -234.404707 127.616501
v -10.4652002 -276.398206 123.8585
v 161.281395 -74.0984023 22.0469996
v 189.6891 -115.943098 64.1175985
v 187.446904 -111.958301 21.5473995
v -60.4678988 -285.961795 68.9552009
v -63.9437973 -288.155603 13.6925995
v 4.21850011 -280.314803 64.9433017
v -10.4652002 -276.398206 123.8585
v -60.4678988 -285.961795 68.9552009
v 4.21850011 -280.314803 64.9433017
v -40.2399987 -291.378999 7.14479983
v 4.87810001 -271.82951 14.8297995
v -208.944392 -138.677597 129.878604
v -204.836893 -134.632003 82.0172012
v -201.323104 -150.860703 110.933697
v -201.323104 -150.860703 110.933697
v -204.836893 -134.632003 82.0172012
v -197.964203 -141.452098 74.8511016
v 119.1944 -42.7078009 20.8854005
v 83.7292016 -56.6588998 60.8880997
v 114.360702 -60.5651021 64.7101998
v 2.91620009 -116.374505 519.426823
v 1.71249993 -139.199901 524.312687
v 22.9112998 -113.993096 519.103384
v 22.9112998 -113.993096 519.103384
v 33.0716014 -152.613997 516.831112
v 43.9384013 -118.0987 499.89171
v -22.1336007 -281.507206 293.15269
v -8.72109979 -229.446197 246.726894
v -0.485099992 -236.869502 299.302006
v -146.490598 -221.793509 271.519899
v -104.146397 -288.705707 234.012508
v -107.7021 -285.909891 289.77809
v -158.560896 -210.353398 223.905611
v -136.378205 -173.798704 265.900803
v -150.5934 -167.563999 218.375897
v 134.841394 158.050799 15.9376994
v 109.342003 107.605004 18.7433004
v 75.3310978 165.889001 26.3547987
v 75.3310978 165.889001 26.3547987
v 109.342003 107.605004 18.7433004
v 64.2490029 114.114904 23.9046007
v -189.677894 117.296302 57.3345006
v -182.679796 160.096896 24.2534995
v -189.611006 120.144606 21.1452007
v 76.3791025 8.47729966 479.168797
v 120.954704 24.3047997 472.113895
v 88.1268978 47.8556007 472.534418
v -158.560896 -210.353398 223.905611
v -178.873098 -160.792601 172.682703
v -177.054703 -199.0008 176.410306
v -178.873098 -160.792601 172.682703
v -181.008196 -173.279703 168.249702
v -178.873098 -160.792601 172.682703
v -158.560896 -210.353398 223.905611
v -150.5934 -167.563999 218.375897
v 35.5304986 -253.351593 135.737205
v 34.9516004 -252.219796 116.339505
v 83.366698 -227.261806 131.628394
v 83.366698 -227.261806 131.628394
v 34.9516004 -252.219796 116.339505
v 99.0419984 -232.065892 64.8106992
v -176.687396 -13.0171999 172.790802
v -177.1101 15.3852999 218.280792
v -194.400203 34.0061009 164.868605
v 199.227703 124.037397 80.7172
v 184.895301 59.2872024 128.863204
v 202.744102 116.096199 71.3065982
v 202.744102 116.096199 71.3065982
v 184.895301 59.2872024 128.863204
v 181.0184 56.428498 75.5140007
v -135.206401 -176.278698 396.270394
v -164.859605 -162.001801 321.646094
v -160.277605 -164.983594 332.936096
v -164.859605 -162.001801 321.646094
v -135.206401 -176.278698 396.270394
v -168.771505 -171.040595 435.922098
v -188.778198 -61.6135001 68.7048972
v -181.481898 -35.9088987 31.7781001
v -189.809203 -70.6668973 23.6099005
v -189.809203 -70.6668973 23.6099005
v -181.481898 -35.9088987 31.7781001
v -176.478803 -29.0785998 20.6024006
v -133.783996 271.426105 135.278499
v -60.9106004 295.867205 73.6701012
v -126.789999 282.7003 70.7520008
v -59.5318019 2.77619995 496.631384
v -43.3236986 41.8592989 489.322519
v -132.417595 35.5378002 522.67518
v -132.417595 35.5378002 522.67518
v -119.075 77.3755014 515.6919
v -133.590806 63.2144988 511.308002
v -43.3236986 41.8592989 489.322519
v -119.075 77.3755014 515.6919
v -132.417595 35.5378002 522.67518
v -191.818595 -21.6976002 62.9108012
v -179.965699 -48.2360005 81.6989005
v -187.148702 -34.7618997 124.241495
v -187.148702 -34.7618997 124.241495
v -171.430099 -51.7808974 122.2085
v -173.033404 -54.9390972 130.097902
v -179.965699 -48.2360005 81.6989005
v -171.430099 -51.7808974 122.2085
v -187.148702 -34.7618997 124.241495
v -124.265504 281.216311 14.7129998
v -145.407701 237.878489 26.5578002
v -126.789999 282.7003 70.7520008
v -126.789999 282.7003 70.7520008
v -145.407701 237.878489 26.5578002
v -165.6142 246.885109 65.0686979
v 189.6891 -115.943098 64.1175985
v 163.580704 -134.301996 119.261205
v 166.240394 -137.537396 65.6548023
v -147.070003 -65.1363015 546.53821
v -59.5318019 2.77619995 496.631384
v -132.417595 35.5378002 522.67518
v -182.679796 160.096896 24.2534995
v -178.722799 188.527501 75.3174007
v -179.224396 202.036309 17.3686996
v -150.408494 179.438698 155.498695
v -177.980995 198.091996 189.493597
v -137.7406 168.6077 218.569207
v 199.227703 124.037397 80.7172
v 198.267198 137.743604 22.3315999
v 159.661806 154.442203 64.537698
v 148.263705 147.698903 125.241697
v 147.473705 151.931298 74.8969972
v 159.661806 154.442203 64.537698
v 141.145802 159.614599 29.5109987
v 141.031897 151.643205 57.0843995
v 108.715606 -168.402696 170.538497
v 83.366698 -227.261806 131.628394
v 116.386795 -162.524998 129.1219
v -194.400203 34.0061009 164.868605
v -194.356 55.7558 212.49249
v -186.258304 97.4969029 134.963703
v 118.066299 -167.771697 55.8193982
v 148.029697 -173.726797 17.2630996
v 144.345105 -177.163005 59.0120971
v 135.528696 34.9186987 434.502316
v 176.005304 32.1070999 406.991386
v 185.483301 81.6004992 411.881208
v 117.359698 -38.5266989 474.132013
v 120.368302 -42.9033995 450.048399
v 119.542694 -7.84040019 471.21129
v 119.542694 -7.84040019 471.21129
v 129.202199 -29.9131989 441.908884
v 151.523197 -6.14 412.71739
v -104.146397 -288.705707 234.012508
v -157.808006 -222.488999 213.26859
v -121.041703 -288.854003 177.679098
v -2.08129995 144.1468 20.4061002
v -1.3642 147.576904 74.1753995
v 64.2490029 114.114904 23.9046007
v 123.290205 137.212205 339.949799
v 148.671997 142.589998 264.888906
v 106.122994 148.062205 335.220003
v -0.106399995 -234.737301 367.680502
v -6.7148 -205.453396 448.507118
v -30.893901 -251.625609 433.675909
v 141.031897 151.643205 57.0843995
v 134.841394 158.050799 15.9376994
v 95.0700998 188.427806 48.1703013
v 95.0700998 188.427806 48.1703013
v 134.841394 158.050799 15.9376994
v 75.3310978 165.889001 26.3547987
v -65.8975005 -284.496403 289.365005
v -104.146397 -288.705707 234.012508
v -60.1181984 -293.075204 221.206188
v -60.1181984 -293.075204 221.206188
v -104.146397 -288.705707 234.012508
v -95.342499 -294.140506 225.796795
v -125.932801 -113.186896 591.138601
v -138.179898 -169.986606 562.00738
v -127.697897 -165.083802 594.104624
v 139.799094 -159.405398 117.619705
v 121.205199 -129.897904 131.400895
v 116.386795 -162.524998 129.1219
v 9.47860032 185.9115 206.076288
v -66.8159008 176.671302 238.992095
v 5.78470007 150.028801 207.655096
v -9.69899967 -79.7138989 535.739088
v 24.3337005 -76.7656028 510.590506
v 31.9074988 -2.98369993 500.325108
v 31.9074988 -2.98369993 500.325108
v 24.3337005 -76.7656028 510.590506
v 64.5415008 -24.6748999 489.940023
v 125.662005 -98.6721992 243.893194
v 116.051805 -127.626801 189.753699
v 138.719904 -89.5132005 189.406097
v 138.719904 -89.5132005 189.406097
v 116.051805 -127.626801 189.753699
v 135.201705 -121.365702 182.784498
v -183.412898 -9.61180031 308.4234
v -144.480002 45.8968997 385.229707
v -174.441695 79.6427011 376.150107
v -51.0931015 63.8282001 17.1877995
v 8.59519988 -30.4966986 9.91849974
v -100.405204 -34.5025986 14.5425007
v 123.290205 137.212205 339.949799
v 202.35281 122.473204 271.703792
v 148.671997 142.589998 264.888906
v -2.08129995 144.1468 20.4061002
v 50.839299 87.2910023 17.0113996
v -32.6476008 109.030604 19.6554005
v -194.335997 43.1241006 13.3553997
v -185.814703 4.08219993 14.4321993
v -194.941401 22.8977993 13.1340995
v 101.718402 -60.1724029 238.65521
v 88.0560994 -72.3774016 315.373707
v 125.723803 -65.6157017 312.31339
v 100.351596 -163.7797 347.65749
v 44.6328998 -177.346897 294.873309
v 91.4779007 -166.496301 293.212605
v 204.296803 61.9599998 4.01780009
v 132.697296 55.9904993 11.4811003
v 153.967094 94.5010006 9.57650021
v 132.697296 55.9904993 11.4811003
v 204.296803 61.9599998 4.01780009
v 157.214701 40.2054012 6.13830015
v -163.445497 105.271804 439.743185
v -152.059603 152.755105 415.174484
v -167.007995 115.554404 412.712717
v 174.109304 19.9029997 413.053417
v 183.641303 -14.3438995 355.073404
v 196.462595 36.7776006 352.833891
v -163.445497 105.271804 439.743185
v -160.322499 49.8488992 451.624918
v -122.127903 90.3410971 464.651918
v 129.043305 13.3790001 204.028392
v 96.1492002 -13.3540004 273.926711
v 91.6787028 -2.26249993 198.957098
v -188.678503 -127.467895 15.5552
v -197.090304 -117.425704 16.5430993
v -189.809203 -70.6668973 23.6099005
v -204.438496 54.6269 273.020005
v -193.519902 97.0090985 362.737393
v -186.858702 157.718098 313.588691
v -208.944392 -138.677597 129.878604
v -197.683406 -86.2456024 129.217803
v -204.836893 -134.632003 82.0172012
v 148.263705 147.698903 125.241697
v 202.481794 125.048804 193.312895
v 199.227703 124.037397 80.7172
v -118.432903 -280.95479 70.1867998
v -63.9437973 -288.155603 13.6925995
v -60.4678988 -285.961795 68.9552009
v 52.3846984 -251.804805 12.0150998
v 26.3990998 -226.786304 10.7267998
v 87.2617006 -150.848103 6.38080016
v -78.4642994 -103.020895 578.002501
v -47.7201015 -122.364199 562.9632
v -34.3701005 -110.746002 565.570784
v 120.954704 24.3047997 472.113895
v 151.523197 -6.14 412.71739
v 135.528696 34.9186987 434.502316
v 40.0934011 -116.644394 456.194782
v 47.7490008 -108.737695 380.721593
v 52.7911007 -89.7076011 446.194983
v -138.179898 -169.986606 562.00738
v -155.393505 -117.632401 447.883606
v -168.771505 -171.040595 435.922098
v -22.1336007 -281.507206 293.15269
v -102.220094 -275.685596 350.547695
v -65.8975005 -284.496403 289.365005
v -165.6142 246.885109 65.0686979
v -152.091599 225.000596 22.0933005
v -158.594096 198.842895 68.146503
v -134.040296 164.386904 277.744293
v -84.1400981 130.620098 244.43059
v -137.7406 168.6077 218.569207
v -159.119797 -43.1903005 265.815592
v -162.193596 -35.2216005 314.729404
v -152.336299 -12.2538999 271.131492
v 87.2617006 -150.848103 6.38080016
v 63.6390984 -89.6008015 13.3965001
v 117.455494 -107.906604 17.6420003
v 27.3779988 230.197406 66.0678029
v 24.5230004 184.421694 70.1556027
v 22.9541004 221.717811 23.5927999
v 22.9541004 221.717811 23.5927999
v 24.5230004 184.421694 70.1556027
v 21.2522 172.028005 23.1447995
v -196.526897 24.7528002 313.451004
v -182.675004 20.0709999 272.474694
v -183.412898 -9.61180031 308.4234
v 4.87810001 -271.82951 14.8297995
v 17.1866998 -228.508902 68.2502985
v 4.21850011 -280.314803 64.9433017
v 30.1322013 159.189105 138.687301
v -1.3642 147.576904 74.1753995
v 24.5230004 184.421694 70.1556027
v -168.511295 -63.9949977 181.6728
v -158.056295 -45.7132012 222.10021
v -151.096797 -33.7103993 180.633998
v 5.75649999 -171.819603 294.271588
v -0.106399995 -234.737301 367.680502
v -0.485099992 -236.869502 299.302006
v 174.969101 -112.317002 177.248096
v 136.968899 -137.366903 183.432806
v 155.924499 -141.880405 175.071502
v 136.968899 -137.366903 183.432806
v 174.969101 -112.317002 177.248096
v 135.201705 -121.365702 182.784498
v -176.687396 -13.0171999 172.790802
v -153.698397 -6.74439967 235.626197
v -177.1101 15.3852999 218.280792
v -57.4487984 281.539512 135.036802
v -133.783996 271.426105 135.278499
v -112.226105 244.910002 202.544689
v 155.766702 -67.3162997 126.199305
v 114.360702 -60.5651021 64.7101998
v 107.958198 -68.4984028 136.846495
v -85.0471973 -236.440706 421.519184
v -119.11 -177.986002 398.027802
v -144.881701 -211.757898 392.624211
v -144.881701 -211.757898 392.624211
v -119.11 -177.986002 398.027802
v -128.579199 -188.934398 396.367598
v -69.3081975 158.672595 237.888193
v -15.5811995 116.694796 209.846997
v -1.53900003 136.895394 213.873601
v 151.523197 -6.14 412.71739
v 129.202199 -29.9131989 441.908884
v 156.481302 -26.1914015 402.070904
v -45.8525002 -167.331696 524.127388
v 1.71249993 -139.199901 524.312687
v -28.6819011 -145.643103 529.780722
v 1.71249993 -139.199901 524.312687
v -45.8525002 -167.331696 524.127388
v -39.0834004 -182.931805 521.020508
v 102.086699 68.7677979 8.42610002
v 115.273595 16.2431002 3.90539989
v 89.7629976 29.1904002 6.35510013
v -60.4678988 -285.961795 68.9552009
v -121.247101 -295.166898 115.2143
v -118.432903 -280.95479 70.1867998
v -160.923898 190.741301 140.188801
v -176.613295 193.154204 134.003496
v -177.980995 198.091996 189.493597
v -15.5811995 116.694796 209.846997
v 5.78470007 150.028801 207.655096
v -1.53900003 136.895394 213.873601
v 5.78470007 150.028801 207.655096
v 4.06970009 129.064405 138.782895
v 30.1322013 159.189105 138.687301
v 171.903503 -139.170802 24.7035995
v 144.345105 -177.163005 59.0120971
v 148.029697 -173.726797 17.2630996
v 108.715606 -168.402696 170.538497
v 67.6185012 -234.645796 240.436292
v 73.8023996 -234.6668 189.530396
v -208.944392 -138.677597 129.878604
v -199.299002 -152.256596 133.171904
v -198.473299 -131.980395 158.1195
v -198.473299 -131.980395 158.1195
v -199.299002 -152.256596 133.171904
v -198.735797 -143.342197 159.9684
v -163.445497 105.271804 439.743185
v -167.007995 115.554404 412.712717
v -174.060297 64.1205013 425.810099
v -174.060297 64.1205013 425.810099
v -166.700101 114.405799 394.979095
v -174.441695 79.6427011 376.150107
v 35.5304986 -253.351593 135.737205
v -1.52240004 -238.218188 180.692303
v -3.64710018 -232.730103 140.446901
v -186.895001 173.974001 234.280896
v -185.096502 157.591295 130.1561
v -187.231398 142.141294 183.4993
v -189.3291 122.687805 179.549897
v -185.839701 113.068497 137.460601
v -187.231398 142.141294 183.4993
v -185.096502 157.591295 130.1561
v -189.3291 122.687805 179.549897
v -163.445497 105.271804 439.743185
v -122.127903 90.3410971 464.651918
v -143.448305 142.688406 446.475983
v -193.519902 97.0090985 362.737393
v -171.289098 125.156701 395.797992
v -189.337802 138.667297 369.970894
v -171.289098 125.156701 395.797992
v -174.441695 79.6427011 376.150107
v -166.700101 114.405799 394.979095
v -55.053103 198.527503 233.863306
v 9.47860032 185.9115 206.076288
v -56.7645013 276.299596 137.298703
v -56.7645013 276.299596 137.298703
v 9.47860032 185.9115 206.076288
v -43.8046008 278.7117 131.493294
v 161.281395 -74.0984023 22.0469996
v 114.360702 -60.5651021 64.7101998
v 168.307805 -70.0716019 68.0257976
v -126.789999 282.7003 70.7520008
v -159.455097 241.120505 132.660198
v -133.783996 271.426105 135.278499
v -179.224396 202.036309 17.3686996
v -170.659196 159.402704 11.5470998
v -182.679796 160.096896 24.2534995
v -159.119797 -43.1903005 265.815592
v -153.698397 -6.74439967 235.626197
v -158.056295 -45.7132012 222.10021
v 125.662005 -98.6721992 243.893194
v 113.9763 -60.0884974 181.880403
v 101.718402 -60.1724029 238.65521
v 202.35281 122.473204 271.703792
v 173.156595 66.7352974 195.940495
v 202.481794 125.048804 193.312895
v 129.5156 -102.801096 376.59359
v 125.723803 -65.6157017 312.31339
v 108.361197 -72.2903013 374.704003
v -78.4642994 -103.020895 578.002501
v -76.3873994 -160.116196 571.255779
v -47.7201015 -122.364199 562.9632
v -20.9922999 -281.296396 359.539509
v -0.485099992 -236.869502 299.302006
v -0.106399995 -234.737301 367.680502
v 31.9074988 -2.98369993 500.325108
v -43.3236986 41.8592989 489.322519
v -59.5318019 2.77619995 496.631384
v 108.834898 -128.483605 241.245389
v 91.4779007 -166.496301 293.212605
v 87.9374981 -162.080598 245.624399
v 107.958198 -68.4984028 136.846495
v 73.3128011 -63.1093025 182.989502
v 113.9763 -60.0884974 181.880403
v -177.054703 -199.0008 176.410306
v -157.808006 -222.488999 213.26859
v -158.560896 -210.353398 223.905611
v -185.096502 157.591295 130.1561
v -178.376806 186.261797 95.7104981
v -186.236501 155.304801 84.3802989
v 24.5230004 184.421694 70.1556027
v -1.3642 147.576904 74.1753995
v 21.2522 172.028005 23.1447995
v 99.0419984 -232.065892 64.8106992
v 52.3846984 -251.804805 12.0150998
v 98.6847997 -228.959394 13.1255001
v -174.060297 64.1205013 425.810099
v -152.788699 43.1228012 461.556196
v -160.322499 49.8488992 451.624918
v -28.9429009 130.055106 275.297999
v -86.4479005 148.802495 287.793589
v -23.1738999 147.618902 319.492888
v -86.4479005 148.802495 287.793589
v -28.9429009 130.055106 275.297999
v -84.1400981 130.620098 244.43059
v -101.740897 -175.344706 539.077091
v -168.771505 -171.040595 435.922098
v -135.206401 -176.278698 396.270394
v -192.563498 -137.991703 175.604403
v -178.873098 -160.792601 172.682703
v -182.264102 -133.659506 204.988909
v -178.873098 -160.792601 172.682703
v -192.563498 -137.991703 175.604403
v -191.195202 -148.155904 167.377102
v 87.8959 176.315999 114.796197
v 68.6451972 130.926299 65.6413972
v 55.3526998 123.918402 125.774002
v 147.473705 151.931298 74.8969972
v 199.227703 124.037397 80.7172
v 159.661806 154.442203 64.537698
v 83.7292016 -56.6588998 60.8880997
v 83.4062994 -48.5936999 21.3393003
v 107.889998 11.8037999 74.2716014
v 107.889998 11.8037999 74.2716014
v 127.948296 7.5943999 8.32310021
v 130.347705 16.0775006 10.7392997
v 16.1452994 -253.454995 253.625298
v 13.5674 -261.955595 242.772698
v 67.6185012 -234.645796 240.436292
v 67.6185012 -234.645796 240.436292
v 21.2017 -264.656091 183.606005
v 73.8023996 -234.6668 189.530396
v -110.041702 -169.186902 586.160803
v -127.697897 -165.083802 594.104624
v -93.2896972 -172.499895 560.814524
v 136.968899 -137.366903 183.432806
v 124.079597 -124.710703 145.474601
v 155.924499 -141.880405 175.071502
v 155.924499 -141.880405 175.071502
v 124.079597 -124.710703 145.474601
v 163.580704 -134.301996 119.261205
v 189.6891 -115.943098 64.1175985
v 168.307805 -70.0716019 68.0257976
v 180.001199 -107.409096 122.488904
v 180.001199 -107.409096 122.488904
v 168.307805 -70.0716019 68.0257976
v 155.766702 -67.3162997 126.199305
v -186.208797 -186.768103 74.0125
v -188.678503 -127.467895 15.5552
v -182.321703 -190.215194 7.28219971
v 57.6874971 -99.9508023 496.60778
v 40.0934011 -116.644394 456.194782
v 52.7911007 -89.7076011 446.194983
v -153.844798 -226.746893 332.143998
v -138.128805 -191.820896 314.499092
v -157.147503 -221.0778 281.290293
v -157.147503 -221.0778 281.290293
v -138.128805 -191.820896 314.499092
v -149.249303 -208.719897 271.170592
v 102.086699 68.7677979 8.42610002
v 153.967094 94.5010006 9.57650021
v 132.697296 55.9904993 11.4811003
v 52.9256999 67.2738016 482.565308
v 57.9864025 79.8456013 444.576693
v -10.7836001 97.5838006 472.667789
v -15.5811995 116.694796 209.846997
v 55.0042987 98.8445997 211.269689
v 4.06970009 129.064405 138.782895
v 4.06970009 129.064405 138.782895
v 62.3739004 116.428399 142.618704
v 55.3526998 123.918402 125.774002
v 189.6891 -115.943098 64.1175985
v 171.903503 -139.170802 24.7035995
v 187.446904 -111.958301 21.5473995
v 187.446904 -111.958301 21.5473995
v 171.903503 -139.170802 24.7035995
v 174.652302 -126.082504 17.9398
v -182.770801 161.705303 391.44311
v -171.289098 125.156701 395.797992
v -161.126304 158.801699 401.709318
v -39.0834004 -182.931805 521.020508
v -57.0859015 -178.803301 511.455488
v -34.1527998 -202.01211 446.174288
v -34.1527998 -202.01211 446.174288
v -70.6182003 -188.080204 434.845781
v -51.9693017 -193.880701 432.474089
v -57.0859015 -178.803301 511.455488
v -70.6182003 -188.080204 434.845781
v -34.1527998 -202.01211 446.174288
v 107.958198 -68.4984028 136.846495
v 83.7292016 -56.6588998 60.8880997
v 66.8906987 -61.9316995 135.302305
v -73.5601008 290.908694 16.2971005
v -75.8985996 258.025002 14.0447006
v -124.265504 281.216311 14.7129998
v -83.7759018 250.493002 10.0474998
v -134.121704 248.600698 7.88860023
v -124.265504 281.216311 14.7129998
v -83.7759018 250.493002 10.0474998
v -124.265504 281.216311 14.7129998
v -75.8985996 258.025002 14.0447006
v 156.481302 -26.1914015 402.070904
v 169.756305 -26.7257988 402.200794
v 151.523197 -6.14 412.71739
v 42.8864986 45.5141991 0
v 102.086699 68.7677979 8.42610002
v 89.7629976 29.1904002 6.35510013
v 40.3308004 -163.881302 259.149909
v 5.75649999 -171.819603 294.271588
v 14.4657999 -154.913199 243.968296
v -181.417406 193.603206 324.973798
v -189.337802 138.667297 369.970894
v -182.770801 161.705303 391.44311
v 202.744102 116.096199 71.3065982
v 204.296803 61.9599998 4.01780009
v 208.944392 123.959804 10.7239999
v 155.7513 -91.7146981 28.1756014
v 161.281395 -74.0984023 22.0469996
v 187.446904 -111.958301 21.5473995
v -34.3701005 -110.746002 565.570784
v -74.0823984 -83.4975004 551.011086
v -78.4642994 -103.020895 578.002501
v 129.043305 13.3790001 204.028392
v 91.6787028 -2.26249993 198.957098
v 142.231703 12.9106998 133.260798
v -181.279695 208.61659 250.403404
v -137.7406 168.6077 218.569207
v -177.980995 198.091996 189.493597
v 202.800608 107.334495 344.085312
v 194.572401 45.9331989 334.667993
v 202.35281 122.473204 271.703792
v -60.1181984 -293.075204 221.206188
v -95.342499 -294.140506 225.796795
v -108.128405 -295.867205 167.912304
v -9.69899967 -79.7138989 535.739088
v 6.72700033 -110.583305 535.009003
v 24.3337005 -76.7656028 510.590506
v -91.0498023 116.275001 503.011084
v -10.7836001 97.5838006 472.667789
v -85.5224013 139.520001 453.134108
v -85.5224013 139.520001 453.134108
v -10.7836001 97.5838006 472.667789
v -10.7267998 131.206501 432.672882
v -185.798001 -72.1639991 131.308198
v -179.780602 -84.3364 172.608805
v -173.033404 -54.9390972 130.097902
v -173.033404 -54.9390972 130.097902
v -179.780602 -84.3364 172.608805
v -168.511295 -63.9949977 181.6728
v 21.2522 172.028005 23.1447995
v -75.8985996 258.025002 14.0447006
v 22.9541004 221.717811 23.5927999
v 22.9541004 221.717811 23.5927999
v -75.8985996 258.025002 14.0447006
v -60.7141972 285.809994 14.4520998
v 108.361197 -72.2903013 374.704003
v 88.0560994 -72.3774016 315.373707
v 71.4758992 -72.0299006 374.555612
v 22.2810999 -150.024796 450.4426
v 23.8630995 -165.139604 365.177107
v 33.8891 -141.686201 440.398979
v -32.6476008 109.030604 19.6554005
v -135.849202 71.7984021 7.10690022
v -131.106496 99.9767005 8.21229964
v 107.889998 11.8037999 74.2716014
v 130.347705 16.0775006 10.7392997
v 151.656199 19.0620005 78.9617002
v 151.656199 19.0620005 78.9617002
v 130.347705 16.0775006 10.7392997
v 175.834 21.0650995 8.89879987
v -189.611006 120.144606 21.1452007
v -170.659196 159.402704 11.5470998
v -167.531502 116.160905 5.32689989
v -194.335997 43.1241006 13.3553997
v -189.611006 120.144606 21.1452007
v -194.400203 34.0061009 164.868605
v -187.148702 -34.7618997 124.241495
v -176.687396 -13.0171999 172.790802
v 42.8864986 45.5141991 0
v 49.0525991 -47.8751004 10.2127999
v 8.59519988 -30.4966986 9.91849974
v 91.1723971 153.515804 264.776492
v 146.758699 143.547702 186.366498
v 77.7580023 142.406499 196.055698
v -30.893901 -251.625609 433.675909
v -59.7549021 -238.634896 420.533609
v -20.9922999 -281.296396 359.539509
v -20.9922999 -281.296396 359.539509
v -59.7549021 -238.634896 420.533609
v -102.220094 -275.685596 350.547695
v -128.579199 -188.934398 396.367598
v -130.129099 -182.587898 384.732008
v -144.881701 -211.757898 392.624211
v -144.881701 -211.757898 392.624211
v -132.736504 -194.130504 333.773804
v -153.844798 -226.746893 332.143998
v 27.9190987 -93.1801975 19.5998996
v 8.59519988 -30.4966986 9.91849974
v 49.0525991 -47.8751004 10.2127999
v 91.1723971 153.515804 264.776492
v 60.5642974 107.483304 290.696001
v 106.122994 148.062205 335.220003
v 106.122994 148.062205 335.220003
v 80.0599992 101.330698 348.591709
v 104.705405 130.286396 348.208809
v 104.705405 130.286396 348.208809
v 80.0599992 101.330698 348.591709
v 90.1271999 106.371403 351.86379
v 202.481794 125.048804 193.312895
v 184.895301 59.2872024 128.863204
v 199.227703 124.037397 80.7172
v -16.2195995 -196.588302 13.1676003
v -61.8983984 -158.586299 16.6880995
v -10.9208003 -181.580198 7.29470029
v -10.9208003 -181.580198 7.29470029
v -29.5379013 -117.066002 20.8271995
v 13.4483993 -126.927996 17.4648002
v 184.895301 59.2872024 128.863204
v 151.656199 19.0620005 78.9617002
v 181.0184 56.428498 75.5140007
v 177.242005 -8.4849 330.844688
v 128.403997 -38.7180001 351.11661
v 142.119706 2.10490003 269.893599
v 142.119706 2.10490003 269.893599
v 128.403997 -38.7180001 351.11661
v 96.1492002 -13.3540004 273.926711
v 60.5642974 107.483304 290.696001
v 44.1585004 116.219103 297.399712
v 80.0599992 101.330698 348.591709
v 72.3963022 104.314303 357.662296
v -23.1738999 147.618902 319.492888
v -14.7836 145.888901 369.935703
v 44.1585004 116.219103 297.399712
v 72.3963022 104.314303 357.662296
v 80.0599992 101.330698 348.591709
v -118.432903 -280.95479 70.1867998
v -182.321703 -190.215194 7.28219971
v -108.787596 -295.010495 8.48719999
v 116.610396 -126.214194 376.239204
v 60.5252981 -163.410199 358.465409
v 100.351596 -163.7797 347.65749
v -164.859605 -162.001801 321.646094
v -155.393505 -117.632401 447.883606
v -165.732801 -94.8894978 307.202005
v -140.860498 193.268096 12.0637
v -32.6476008 109.030604 19.6554005
v -131.106496 99.9767005 8.21229964
v 40.3308004 -163.881302 259.149909
v -8.72109979 -229.446197 246.726894
v 16.1452994 -253.454995 253.625298
v 44.6328998 -177.346897 294.873309
v 23.8630995 -165.139604 365.177107
v 5.75649999 -171.819603 294.271588
v -159.455097 241.120505 132.660198
v -118.425 204.924798 214.721298
v -112.226105 244.910002 202.544689
v 115.273595 16.2431002 3.90539989
v 130.347705 16.0775006 10.7392997
v 127.948296 7.5943999 8.32310021
v 156.481302 -26.1914015 402.070904
v 144.638801 -37.5209987 391.505289
v 169.756305 -26.7257988 402.200794
v -160.138798 193.003702 116.467202
v -160.923898 190.741301 140.188801
v -156.950998 200.625801 130.9816
v -156.950998 200.625801 130.9816
v -160.923898 190.741301 140.188801
v -150.408494 179.438698 155.498695
v -152.059603 152.755105 415.174484
v -148.368001 157.550097 394.021392
v -161.126304 158.801699 401.709318
v -198.473299 -131.980395 158.1195
v -191.195202 -148.155904 167.377102
v -192.563498 -137.991703 175.604403
v -180.493605 -54.2768002 87.3169005
v -179.965699 -48.2360005 81.6989005
v -181.865597 -52.1578014 66.446501
v -93.2896972 -172.499895 560.814524
v -101.740897 -175.344706 539.077091
v -57.1927011 -174.663603 539.097977
v -57.0859015 -178.803301 511.455488
v -45.8525002 -167.331696 524.127388
v -57.1927011 -174.663603 539.097977
v 89.3217981 90.2306974 409.600878
v 74.5169997 76.6385019 427.767611
v 90.6606972 67.8227007 422.606611
v -135.206401 -176.278698 396.270394
v -128.579199 -188.934398 396.367598
v -119.11 -177.986002 398.027802
v -181.008196 -173.279703 168.249702
v -178.873098 -160.792601 172.682703
v -191.195202 -148.155904 167.377102
v -146.490598 -221.793509 271.519899
v -157.147503 -221.0778 281.290293
v -149.249303 -208.719897 271.170592
v -57.4487984 281.539512 135.036802
v -56.7645013 276.299596 137.298703
v -43.8046008 278.7117 131.493294
v -138.406003 -99.3301988 554.913092
v -129.4204 -89.8766994 553.404999
v -145.519495 -75.4724026 542.751503
v 123.9362 -130.911195 171.8485
v 135.201705 -121.365702 182.784498
v 116.051805 -127.626801 189.753699
v -43.6168998 -144.018996 552.732182
v -19.3822995 -123.953795 531.51679
v -47.7201015 -122.364199 562.9632
v 34.9516004 -252.219796 116.339505
v -3.64710018 -232.730103 140.446901
v 4.54990007 -234.404707 127.616501
v -146.490598 -221.793509 271.519899
v -158.560896 -210.353398 223.905611
v -157.808006 -222.488999 213.26859
v 129.202199 -29.9131989 441.908884
v 144.638801 -37.5209987 391.505289
v 156.481302 -26.1914015 402.070904
v -11.0981002 127.827299 258.536792
v 44.1585004 116.219103 297.399712
v 60.5642974 107.483304 290.696001
v 52.7911007 -89.7076011 446.194983
v 65.7364011 -83.158201 487.055683
v 57.6874971 -99.9508023 496.60778
v -91.179502 155.832601 398.386002
v -114.203095 147.506404 331.701708
v -110.444295 160.975397 394.000912
v 132.697296 55.9904993 11.4811003
v 130.347705 16.0775006 10.7392997
v 115.273595 16.2431002 3.90539989
v -191.654098 -182.818997 127.931905
v -201.323104 -150.860703 110.933697
v -184.809399 -207.979703 107.934499
v -178.722799 188.527501 75.3174007
v -186.236501 155.304801 84.3802989
v -178.376806 186.261797 95.7104981
v 22.9112998 -113.993096 519.103384
v 24.3337005 -76.7656028 510.590506
v 6.72700033 -110.583305 535.009003
v -140.860498 193.268096 12.0637
v -170.659196 159.402704 11.5470998
v -152.091599 225.000596 22.0933005
v -1.53900003 136.895394 213.873601
v -66.8159008 176.671302 238.992095
v -69.3081975 158.672595 237.888193
v 1.71249993 -139.199901 524.312687
v -19.3822995 -123.953795 531.51679
v -28.6819011 -145.643103 529.780722
v -145.519495 -75.4724026 542.751503
v -154.436898 -80.0620973 454.729319
v -138.406003 -99.3301988 554.913092
v 52.9256999 67.2738016 482.565308
v 74.5169997 76.6385019 427.767611
v 57.9864025 79.8456013 444.576693
v -10.0671001 -243.729806 231.434298
v 16.1452994 -253.454995 253.625298
v -8.72109979 -229.446197 246.726894
v -180.493605 -54.2768002 87.3169005
v -188.778198 -61.6135001 68.7048972
v -194.588494 -68.9539015 76.5003026
v 84.1127992 164.816594 135.700703
v 55.3526998 123.918402 125.774002
v 62.3739004 116.428399 142.618704
v -196.322596 29.8781991 64.8057997
v -194.941401 22.8977993 13.1340995
v -196.329498 3.90800014 63.7825012
v -192.563498 -137.991703 175.604403
v -187.558103 -81.8352997 162.8546
v -198.473299 -131.980395 158.1195
v 148.029697 -173.726797 17.2630996
v 157.278895 -131.496799 18.9187005
v 171.903503 -139.170802 24.7035995
v -134.121704 248.600698 7.88860023
v -152.091599 225.000596 22.0933005
v -145.407701 237.878489 26.5578002
v 104.705405 130.286396 348.208809
v 136.386395 112.754798 410.257578
v 123.290205 137.212205 339.949799
v -98.9347994 127.764297 459.670401
v -91.0498023 116.275001 503.011084
v -85.5224013 139.520001 453.134108
v 155.7513 -91.7146981 28.1756014
v 117.455494 -107.906604 17.6420003
v 144.022596 -78.8632989 21.7350006
v 90.6606972 67.8227007 422.606611
v 96.3594973 46.2309003 458.11038
v 107.202804 50.7592022 424.604702
v 177.242005 -8.4849 330.844688
v 196.462595 36.7776006 352.833891
v 183.641303 -14.3438995 355.073404
v 141.031897 151.643205 57.0843995
v 96.6432989 182.564402 62.1800005
v 147.473705 151.931298 74.8969972
v 127.535403 -161.897194 84.3171
v 116.386795 -162.524998 129.1219
v 118.066299 -167.771697 55.8193982
v -133.399105 69.1448987 474.534798
v -119.075 77.3755014 515.6919
v -122.127903 90.3410971 464.651918
v 116.051805 -127.626801 189.753699
v 108.715606 -168.402696 170.538497
v 123.9362 -130.911195 171.8485
v -51.9693017 -193.880701 432.474089
v -30.893901 -251.625609 433.675909
v -34.1527998 -202.01211 446.174288
v 72.3963022 104.314303 357.662296
v 89.3217981 90.2306974 409.600878
v 90.1271999 106.371403 351.86379
v -16.2195995 -196.588302 13.1676003
v -40.2399987 -291.378999 7.14479983
v -63.9437973 -288.155603 13.6925995
v -191.654098 -182.818997 127.931905
v -181.008196 -173.279703 168.249702
v -191.195202 -148.155904 167.377102
v 163.580704 -134.301996 119.261205
v 139.799094 -159.405398 117.619705
v 140.787101 -172.422004 99.6819019
v 128.715599 -165.709198 103.210795
v 139.799094 -159.405398 117.619705
v 116.386795 -162.524998 129.1219
v 124.079597 -124.710703 145.474601
v 145.920706 -138.370001 124.705601
v 163.580704 -134.301996 119.261205
v 202.744102 116.096199 71.3065982
v 198.267198 137.743604 22.3315999
v 199.227703 124.037397 80.7172
v -176.478803 -29.0785998 20.6024006
v -190.5779 2.27509998 19.3143994
v -185.814703 4.08219993 14.4321993
v -41.4577991 285.396791 84.7027004
v -73.5601008 290.908694 16.2971005
v -60.9106004 295.867205 73.6701012
v 21.2522 172.028005 23.1447995
v -83.7759018 250.493002 10.0474998
v -75.8985996 258.025002 14.0447006
v -121.041703 -288.854003 177.679098
v -95.342499 -294.140506 225.796795
v -104.146397 -288.705707 234.012508
v -138.179898 -169.986606 562.00738
v -93.2896972 -172.499895 560.814524
v -127.697897 -165.083802 594.104624
v -149.967301 76.257199 1.19660003
v -167.531502 116.160905 5.32689989
v -131.106496 99.9767005 8.21229964
v -167.007995 115.554404 412.712717
v -161.126304 158.801699 401.709318
v -171.289098 125.156701 395.797992
v -194.299996 -132.941997 14.8199007
v -204.836893 -134.632003 82.0172012
v -197.090304 -117.425704 16.5430993
v -43.6168998 -144.018996 552.732182
v -76.3873994 -160.116196 571.255779
v -57.1927011 -174.663603 539.097977
v -160.322499 49.8488992 451.624918
v -133.399105 69.1448987 474.534798
v -122.127903 90.3410971 464.651918
v 127.535403 -161.897194 84.3171
v 144.345105 -177.163005 59.0120971
v 140.787101 -172.422004 99.6819019
v -41.4577991 285.396791 84.7027004
v -57.4487984 281.539512 135.036802
v -43.8046008 278.7117 131.493294
v -186.699903 140.900505 71.9654977
v -189.640903 98.6371994 122.001898
v -185.839701 113.068497 137.460601
v 144.345105 -177.163005 59.0120971
v 166.240394 -137.537396 65.6548023
v 140.787101 -172.422004 99.6819019
v -197.090304 -117.425704 16.5430993
v -200.96581 -78.0297995 69.6129978
v -189.809203 -70.6668973 23.6099005
v -167.531502 116.160905 5.32689989
v -170.659196 159.402704 11.5470998
v -140.860498 193.268096 12.0637
v 148.263705 147.698903 125.241697
v 147.473705 151.931298 74.8969972
v 84.1127992 164.816594 135.700703
v -165.732801 -94.8894978 307.202005
v -168.529105 -90.4636025 287.241793
v -164.859605 -162.001801 321.646094
v -187.941301 139.918697 238.032293
v -186.895001 173.974001 234.280896
v -187.231398 142.141294 183.4993
v 127.535403 -161.897194 84.3171
v 128.715599 -165.709198 103.210795
v 116.386795 -162.524998 129.1219
v -130.129099 -182.587898 384.732008
v -135.206401 -176.278698 396.270394
v -160.277605 -164.983594 332.936096
v -188.678503 -127.467895 15.5552
v -189.809203 -70.6668973 23.6099005
v -100.405204 -34.5025986 14.5425007
v 120.722699 -167.159295 9.43180025
v 138.429201 -130.409598 12.0121002
v 157.278895 -131.496799 18.9187005
v 67.6185012 -234.645796 240.436292
v 40.3308004 -163.881302 259.149909
v 16.1452994 -253.454995 253.625298
v 87.9374981 -162.080598 245.624399
v -183.412898 -9.61180031 308.4234
v -182.675004 20.0709999 272.474694
v -152.336299 -12.2538999 271.131492
v -162.193596 -35.2216005 314.729404
v -186.858702 157.718098 313.588691
v -181.417406 193.603206 324.973798
v -181.279695 208.61659 250.403404
v -186.895001 173.974001 234.280896
v -189.3291 122.687805 179.549897
v -186.258304 97.4969029 134.963703
v -194.356 55.7558 212.49249
v -185.839701 113.068497 137.460601
v 174.969101 -112.317002 177.248096
v 155.924499 -141.880405 175.071502
v 163.580704 -134.301996 119.261205
v 180.001199 -107.409096 122.488904
v -29.5379013 -117.066002 20.8271995
v -100.405204 -34.5025986 14.5425007
v -10.2955997 -76.3848007 11.2966999
v 13.4483993 -126.927996 17.4648002
v -178.376806 186.261797 95.7104981
v -160.138798 193.003702 116.467202
v -178.722799 188.527501 75.3174007
v -158.594096 198.842895 68.146503
v -12.0595999 -278.32849 180.9093
v -10.0671001 -243.729806 231.434298
v -25.2433002 -276.185703 235.694194
v -8.72109979 -229.446197 246.726894
v 109.342003 107.605004 18.7433004
v 153.967094 94.5010006 9.57650021
v 102.086699 68.7677979 8.42610002
v 64.2490029 114.114904 23.9046007
v 50.839299 87.2910023 17.0113996
v -152.551901 166.055501 333.515906
v -134.040296 164.386904 277.744293
v -181.279695 208.61659 250.403404
v -181.417406 193.603206 324.973798
v 84.1127992 164.816594 135.700703
v 202.481794 125.048804 193.312895
v 148.263705 147.698903 125.241697
v 146.758699 143.547702 186.366498
v 83.7292016 -56.6588998 60.8880997
v 107.889998 11.8037999 74.2716014
v 92.6723003 1.64059997 135.177803
v 66.8906987 -61.9316995 135.302305
v -171.430099 -51.7808974 122.2085
v -179.965699 -48.2360005 81.6989005
v -180.493605 -54.2768002 87.3169005
v -185.798001 -72.1639991 131.308198
v 52.3846984 -251.804805 12.0150998
v 34.9516004 -252.219796 116.339505
v 17.1866998 -228.508902 68.2502985
v 26.3990998 -226.786304 10.7267998
v -155.393505 -117.632401 447.883606
v -138.179898 -169.986606 562.00738
v -136.703801 -114.323103 565.71579
v -154.436898 -80.0620973 454.729319
v -138.406003 -99.3301988 554.913092
v -10.4652002 -276.398206 123.8585
v -60.1181984 -293.075204 221.206188
v -67.1168029 -290.875196 120.086396
v -60.4678988 -285.961795 68.9552009
v 73.3128011 -63.1093025 182.989502
v 65.555203 -62.8251016 241.854191
v 101.718402 -60.1724029 238.65521
v 113.9763 -60.0884974 181.880403
v 111.903 65.3522015 427.525902
v 136.386395 112.754798 410.257578
v 107.525599 107.872903 404.931211
v 89.3217981 90.2306974 409.600878
v 148.671997 142.589998 264.888906
v 146.758699 143.547702 186.366498
v 91.1723971 153.515804 264.776492
v 106.122994 148.062205 335.220003
v -194.335997 43.1241006 13.3553997
v -167.531502 116.160905 5.32689989
v -149.967301 76.257199 1.19660003
v -185.814703 4.08219993 14.4321993
v -138.128805 -191.820896 314.499092
v -132.736504 -194.130504 333.773804
v -130.129099 -182.587898 384.732008
v -160.277605 -164.983594 332.936096
v -174.441695 79.6427011 376.150107
v -193.519902 97.0090985 362.737393
v -196.526897 24.7528002 313.451004
v -183.412898 -9.61180031 308.4234
v -140.860498 193.268096 12.0637
v -134.121704 248.600698 7.88860023
v -83.7759018 250.493002 10.0474998
v 21.2522 172.028005 23.1447995
v -73.5601008 290.908694 16.2971005
v -124.265504 281.216311 14.7129998
v -126.789999 282.7003 70.7520008
v -60.9106004 295.867205 73.6701012
v -6.7148 -205.453396 448.507118
v 23.8630995 -165.139604 365.177107
v 22.2810999 -150.024796 450.4426
v -10.3519998 -200.507689 513.222694
v 141.7346 143.423295 12.3575002
v 141.145802 159.614599 29.5109987
v 198.267198 137.743604 22.3315999
v 208.944392 123.959804 10.7239999
v 60.5252981 -163.410199 358.465409
v 23.8630995 -165.139604 365.177107
v 44.6328998 -177.346897 294.873309
v 100.351596 -163.7797 347.65749
v 30.1243007 224.128199 85.9799027
v 27.3779988 230.197406 66.0678029
v -41.4577991 285.396791 84.7027004
v -43.8046008 278.7117 131.493294
v 100.351596 -163.7797 347.65749
v 91.4779007 -166.496301 293.212605
v 108.834898 -128.483605 241.245389
v 114.334595 -131.220198 305.72989
v 125.662005 -98.6721992 243.893194
vt 0.347921997 0.392948002
vt 0.347970009 0.393050998
vt 0.347961992 0.392955989
vt 0.365994006 0.906355023
vt 0.366008013 0.906319976
vt 0.365956008 0.906320989
vt 0.346549988 0.395702988
vt 0.346531004 0.395832002
vt 0.346585006 0.395812988
vt 0.346184999 0.395785987
vt 0.349162012 0.396627992
vt 0.346130013 0.395848006
vt 0.366261989 0.904551983
vt 0.36628899 0.904578984
vt 0.366284013 0.904546976
vt 0.367855012 0.904953003
vt 0.367873996 0.904963017
vt 0.367859006 0.904929996
vt 0.348643988 0.393483013
vt 0.348632991 0.393478006
vt 0.348619998 0.393485993
vt 0.366396993 0.904392004
vt 0.366407007 0.904438972
vt 0.366452992 0.904408991
vt 0.368142992 0.904120028
vt 0.368194997 0.904121995
vt 0.368185014 0.904093981
vt 0.368185014 0.904147983
vt 0.368194997 0.904121995
vt 0.347166002 0.392724007
vt 0.347222 0.39271
vt 0.347213 0.392657995
vt 0.34602201 0.395200014
vt 0.34602201 0.395143986
vt 0.346011996 0.395190001
vt 0.345716 0.395047009
vt 0.345809013 0.394977003
vt 0.345708013 0.394971013
vt 0.346363008 0.397401005
vt 0.346323013 0.397404999
vt 0.346332997 0.397464007
vt 0.34652999 0.392659992
vt 0.34650901 0.392746001
vt 0.346567988 0.392711014
vt 0.349119991 0.392199993
vt 0.349106997 0.392237991
vt 0.349141002 0.392239988
vt 0.36540699 0.90673703
vt 0.365435004 0.906759024
vt 0.365415007 0.906728983
vt 0.345694005 0.395429999
vt 0.345634997 0.395348996
vt 0.345622003 0.395417988
vt 0.348632991 0.392167985
vt 0.348648012 0.392246991
vt 0.348657012 0.392168999
vt 0.346682996 0.392933995
vt 0.346628994 0.392928988
vt 0.346652001 0.393011004
vt 0.344677001 0.398541003
vt 0.344678015 0.398611009
vt 0.344704986 0.398593009
vt 0.344891995 0.395830005
vt 0.345490009 0.396221012
vt 0.344810992 0.395886004
vt 0.365359008 0.906569004
vt 0.365343988 0.906574011
vt 0.365379989 0.906614006
vt 0.344431013 0.397689998
vt 0.344440997 0.397693008
vt 0.344487995 0.397612989
vt 0.345892012 0.395280004
vt 0.345838994 0.395265996
vt 0.345836997 0.395298004
vt 0.368227005 0.905304015
vt 0.368225992 0.905264974
vt 0.368209004 0.905264974
vt 0.346323013 0.39587301
vt 0.346275985 0.39588201
vt 0.346249998 0.396001011
vt 0.346101999 0.395312011
vt 0.345961004 0.395314991
vt 0.346105009 0.395381004
vt 0.346006989 0.395262986
vt 0.346101999 0.395312011
vt 0.346087009 0.395435989
vt 0.346105009 0.395381004
vt 0.345950991 0.39538601
vt 0.346693009 0.392612994
vt 0.346679986 0.392547011
vt 0.346677005 0.392558992
vt 0.346605986 0.392569989
vt 0.346515 0.392592013
vt 0.346596003 0.392616004
vt 0.346644998 0.392637014
vt 0.346596003 0.392616004
vt 0.346318007 0.395475
vt 0.346240014 0.39545399
vt 0.346273005 0.395514011
vt 0.345072001 0.395677
vt 0.345064998 0.395743012
vt 0.345133007 0.395678997
vt 0.345086008 0.395668
vt 0.345133007 0.395678997
vt 0.346634001 0.398449004
vt 0.346673995 0.398483008
vt 0.346662015 0.398438007
vt 0.349159986 0.392168999
vt 0.349106997 0.392159998
vt 0.349119991 0.392199993
vt 0.347975999 0.392895013
vt 0.347970009 0.392935991
vt 0.348001003 0.392919987
vt 0.346563011 0.392663985
vt 0.346552014 0.392589986
vt 0.346524 0.392594993
vt 0.346547991 0.392744005
vt 0.346525013 0.392675012
vt 0.346524 0.392594993
vt 0.346525013 0.392675012
vt 0.346462995 0.392446995
vt 0.346441001 0.392439008
vt 0.346439987 0.39250201
vt 0.344906002 0.395633012
vt 0.344996989 0.39567101
vt 0.344994992 0.395603001
vt 0.348592013 0.393375009
vt 0.348614007 0.393344015
vt 0.348589003 0.393332988
vt 0.345490009 0.396221012
vt 0.345470995 0.396311998
vt 0.345506012 0.396297008
vt 0.346249998 0.395613015
vt 0.346253008 0.395689011
vt 0.346298993 0.395613015
vt 0.365676999 0.906958997
vt 0.365667999 0.907003999
vt 0.365695 0.907001972
vt 0.346533 0.395835996
vt 0.34643501 0.395779997
vt 0.348609 0.393532991
vt 0.348738015 0.394984007
vt 0.348749012 0.395018011
vt 0.348764986 0.394960999
vt 0.345755011 0.395429999
vt 0.345705003 0.395419002
vt 0.345717013 0.395431012
vt 0.346184999 0.395785987
vt 0.346130013 0.395848006
vt 0.346159011 0.395898014
vt 0.344743997 0.395637006
vt 0.344763011 0.395601988
vt 0.34472701 0.395583987
vt 0.344985008 0.395750999
vt 0.344996989 0.39567101
vt 0.344909012 0.395705014
vt 0.344763011 0.395601988
vt 0.344772011 0.395579994
vt 0.34472701 0.395583987
vt 0.347887993 0.401428014
vt 0.347755015 0.401490986
vt 0.347912997 0.401473999
vt 0.345546991 0.395217001
vt 0.345533013 0.39526999
vt 0.345544994 0.395337999
vt 0.36659801 0.907392979
vt 0.366602004 0.907379985
vt 0.366575986 0.907383025
vt 0.345678002 0.394942999
vt 0.345708013 0.394971013
vt 0.345716 0.394899994
vt 0.346881986 0.397067994
vt 0.346857011 0.396964014
vt 0.346792012 0.396988004
vt 0.345858008 0.394854993
vt 0.345867008 0.394863009
vt 0.345880002 0.394859999
vt 0.346242994 0.39556101
vt 0.346206993 0.395568997
vt 0.346603006 0.393002003
vt 0.345492989 0.39646399
vt 0.345456988 0.396458
vt 0.345463991 0.396510988
vt 0.346684992 0.39279601
vt 0.346617013 0.39278999
vt 0.346617997 0.392868996
vt 0.344826996 0.395792007
vt 0.344902992 0.395819992
vt 0.344913989 0.395761013
vt 0.36580801 0.906216025
vt 0.365846008 0.906184971
vt 0.365805 0.906180978
vt 0.344794005 0.395637006
vt 0.346147001 0.401178986
vt 0.346109003 0.40121001
vt 0.368196011 0.905305982
vt 0.368193001 0.905265987
vt 0.368176997 0.905265987
vt 0.345604002 0.395283014
vt 0.345665991 0.395258993
vt 0.345596999 0.395231009
vt 0.346221 0.395803005
vt 0.346271992 0.395803005
vt 0.346235007 0.395794004
vt 0.346857011 0.396964014
vt 0.346949995 0.396955013
vt 0.346920013 0.396932989
vt 0.345854998 0.395177007
vt 0.345905006 0.395222992
vt 0.345934987 0.395150006
vt 0.346596003 0.39568001
vt 0.346614003 0.395588994
vt 0.346549004 0.395669997
vt 0.34304601 0.397312999
vt 0.343080014 0.397321999
vt 0.343068004 0.397311002
vt 0.345827013 0.394993991
vt 0.345716 0.395047009
vt 0.345802009 0.395137012
vt 0.36580801 0.906019986
vt 0.366726011 0.907526016
vt 0.365797013 0.905987024
vt 0.346251011 0.395884007
vt 0.346201003 0.395889014
vt 0.346190006 0.395945013
vt 0.344996989 0.39567101
vt 0.345061004 0.395666003
vt 0.345063001 0.395610988
vt 0.366384 0.904344976
vt 0.366396993 0.904392004
vt 0.366439998 0.904340029
vt 0.346704006 0.39695999
vt 0.346702993 0.396988988
vt 0.346729994 0.396999002
vt 0.345784009 0.395464003
vt 0.345795989 0.395428985
vt 0.345755011 0.395429999
vt 0.365186989 0.906508982
vt 0.365193993 0.90655899
vt 0.365200996 0.90655297
vt 0.345840007 0.395218998
vt 0.34581399 0.395199001
vt 0.345815003 0.395245999
vt 0.346482009 0.392686993
vt 0.346437007 0.392686009
vt 0.346437007 0.392731011
vt 0.345716 0.395047009
vt 0.345658988 0.395011991
vt 0.345649987 0.395058006
vt 0.365857005 0.906221986
vt 0.365891993 0.906213999
vt 0.365893006 0.906181991
vt 0.346435994 0.39251399
vt 0.346471012 0.392585993
vt 0.346459001 0.392500013
vt 0.346341997 0.392760009
vt 0.34631899 0.392823994
vt 0.346350998 0.392816991
vt 0.345634997 0.395348996
vt 0.345708013 0.395375997
vt 0.345696002 0.395310998
vt 0.345694005 0.395429999
vt 0.345708013 0.395375997
vt 0.348614007 0.393344015
vt 0.348625004 0.393352985
vt 0.348621011 0.393310994
vt 0.343721986 0.396901995
vt 0.346460015 0.395983994
vt 0.34651199 0.395947993
vt 0.347187012 0.392591
vt 0.347220987 0.392589986
vt 0.347191989 0.392509013
vt 0.348628014 0.39340499
vt 0.348605007 0.393453985
vt 0.348632991 0.393478006
vt 0.345905006 0.395222992
vt 0.345840007 0.395218998
vt 0.345838994 0.395265996
vt 0.345854998 0.395177007
vt 0.345840007 0.395218998
vt 0.346282005 0.395756006
vt 0.346246988 0.395741999
vt 0.346235007 0.395794004
vt 0.346684009 0.392711997
vt 0.346695006 0.392637014
vt 0.346644998 0.392637014
vt 0.346742004 0.392711014
vt 0.346695006 0.392637014
vt 0.345546991 0.395217001
vt 0.345515996 0.395193994
vt 0.345533013 0.39526999
vt 0.34652999 0.392659992
vt 0.346567988 0.392711014
vt 0.346596003 0.392616004
vt 0.346311003 0.392690986
vt 0.346309006 0.392756999
vt 0.346340001 0.392737001
vt 0.346525013 0.392675012
vt 0.346524 0.392594993
vt 0.346489996 0.392623991
vt 0.347133011 0.392722994
vt 0.347166002 0.392724007
vt 0.347153991 0.392659992
vt 0.346446007 0.39565599
vt 0.34643501 0.395779997
vt 0.346534997 0.395695001
vt 0.345921993 0.39536801
vt 0.345871001 0.395332992
vt 0.345876008 0.395363986
vt 0.34472999 0.396037996
vt 0.344799995 0.395994008
vt 0.344797999 0.395971
vt 0.366667002 0.907518983
vt 0.366719007 0.907563984
vt 0.366726011 0.907526016
vt 0.366667002 0.907518983
vt 0.366665989 0.907567978
vt 0.34631899 0.392823994
vt 0.346309006 0.392756999
vt 0.346264988 0.392773002
vt 0.346264988 0.392693996
vt 0.346264988 0.392773002
vt 0.344725996 0.395821989
vt 0.344660997 0.395819992
vt 0.344662994 0.395909011
vt 0.344725996 0.395821989
vt 0.34472999 0.395909011
vt 0.348513007 0.392013997
vt 0.348455995 0.392073005
vt 0.348515004 0.392071992
vt 0.345827013 0.394993991
vt 0.345829993 0.395152986
vt 0.345889002 0.394993007
vt 0.346157998 0.395687997
vt 0.346118003 0.395711005
vt 0.346130997 0.395723999
vt 0.346525013 0.392872989
vt 0.346496999 0.392829001
vt 0.346502006 0.392879009
vt 0.346823007 0.396863014
vt 0.346864998 0.396932989
vt 0.345954001 0.394823998
vt 0.346457005 0.395601988
vt 0.346359015 0.395581007
vt 0.346349001 0.395622998
vt 0.345807999 0.395350993
vt 0.345815003 0.395334005
vt 0.345766008 0.395303994
vt 0.346751988 0.396943003
vt 0.346763015 0.396955997
vt 0.346772999 0.396928012
vt 0.365047008 0.907916009
vt 0.364998996 0.907855988
vt 0.365022987 0.907916009
vt 0.349173009 0.39221099
vt 0.349159986 0.392168999
vt 0.349119991 0.392199993
vt 0.349119991 0.392199993
vt 0.349141002 0.392239988
vt 0.366528988 0.907369018
vt 0.366553992 0.907374978
vt 0.366537005 0.907324016
vt 0.346246988 0.395741999
vt 0.346253008 0.395689011
vt 0.346181989 0.395723999
vt 0.34443301 0.397774994
vt 0.344339013 0.397778988
vt 0.344341993 0.397828996
vt 0.346565008 0.392793
vt 0.346567988 0.392711014
vt 0.34650901 0.392746001
vt 0.348726988 0.394924015
vt 0.348715007 0.394881994
vt 0.348711014 0.394897014
vt 0.346617997 0.392868996
vt 0.346585989 0.392933995
vt 0.346628994 0.392928988
vt 0.366551012 0.907489002
vt 0.366510004 0.907489002
vt 0.366512001 0.907514989
vt 0.315744996 0.395963997
vt 0.315784007 0.395978004
vt 0.315762997 0.39595601
vt 0.346576005 0.392506987
vt 0.346504986 0.392462999
vt 0.346482009 0.39251399
vt 0.346448004 0.393011987
vt 0.349162012 0.396627992
vt 0.346498996 0.392953992
vt 0.346684009 0.392711997
vt 0.34661901 0.392711997
vt 0.346617013 0.39278999
vt 0.344902992 0.395819992
vt 0.344891995 0.395830005
vt 0.344888985 0.395884991
vt 0.366299987 0.907660007
vt 0.366293997 0.907615006
vt 0.366266012 0.907625973
vt 0.36639899 0.904497027
vt 0.366373003 0.904493988
vt 0.366382003 0.904538989
vt 0.366434008 0.904582977
vt 0.366432011 0.904531002
vt 0.366398007 0.904543996
vt 0.366434008 0.904582977
vt 0.366393 0.904583991
vt 0.346356004 0.392610997
vt 0.346322 0.392529994
vt 0.346316993 0.392616987
vt 0.346309006 0.392756999
vt 0.346311003 0.392690986
vt 0.346264988 0.392693996
vt 0.344738007 0.395660996
vt 0.344669998 0.395651996
vt 0.34465301 0.395731986
vt 0.346098006 0.40119499
vt 0.346109003 0.40121001
vt 0.346147001 0.401178986
vt 0.346354008 0.392879993
vt 0.346332997 0.392951995
vt 0.346370012 0.392948002
vt 0.344799995 0.395646989
vt 0.344797999 0.395718008
vt 0.344909012 0.395705014
vt 0.344909012 0.395705014
vt 0.344906002 0.395633012
vt 0.347128987 0.392807007
vt 0.347162992 0.392845988
vt 0.347158998 0.392793
vt 0.346267015 0.393002987
vt 0.346280992 0.393014997
vt 0.346332997 0.392951995
vt 0.347220987 0.392845005
vt 0.347259998 0.392845005
vt 0.347256005 0.392789006
vt 0.346709996 0.396923989
vt 0.346738994 0.396955997
vt 0.346745014 0.396921009
vt 0.348518014 0.391970992
vt 0.348531991 0.391900003
vt 0.348935008 0.392675996
vt 0.366032988 0.906231999
vt 0.366043001 0.906193018
vt 0.366019994 0.906193972
vt 0.346323997 0.395525992
vt 0.346329004 0.395464987
vt 0.346318007 0.395475
vt 0.345575988 0.395464003
vt 0.345613003 0.395428002
vt 0.345595002 0.395413011
vt 0.346740991 0.397123992
vt 0.346682012 0.397118986
vt 0.34472701 0.395583987
vt 0.34632799 0.395767003
vt 0.34643501 0.395779997
vt 0.346334994 0.395720005
vt 0.365857005 0.906221986
vt 0.365814 0.906229973
vt 0.365832001 0.906268001
vt 0.345925003 0.395319998
vt 0.345946997 0.395381987
vt 0.345961004 0.395314991
vt 0.348591 0.393510997
vt 0.348619998 0.393485993
vt 0.348598003 0.393476009
vt 0.344523013 0.397698998
vt 0.344440997 0.397693008
vt 0.34445399 0.397763014
vt 0.365022004 0.908006012
vt 0.365029991 0.908007026
vt 0.365034997 0.907999992
vt 0.365343988 0.906574011
vt 0.365292996 0.906578004
vt 0.365339994 0.906605005
vt 0.345829993 0.404603988
vt 0.348854005 0.393987
vt 0.348829001 0.393997014
vt 0.346949995 0.396955013
vt 0.346857011 0.396964014
vt 0.346881986 0.397067994
vt 0.365750015 0.906373978
vt 0.365752012 0.906340003
vt 0.365435988 0.906776011
vt 0.345717013 0.395431012
vt 0.345701993 0.39548701
vt 0.345726013 0.395482987
vt 0.345066994 0.395949006
vt 0.345086008 0.395969987
vt 0.345126003 0.395911992
vt 0.344673008 0.396100014
vt 0.344734013 0.396095008
vt 0.344718993 0.396050006
vt 0.366385013 0.904555023
vt 0.366337001 0.904552996
vt 0.366340995 0.904583991
vt 0.349146992 0.396607012
vt 0.349108011 0.396631002
vt 0.349162012 0.396627992
vt 0.348726988 0.394924015
vt 0.348764986 0.394960999
vt 0.348782003 0.394950002
vt 0.346576005 0.392506987
vt 0.346590996 0.392517
vt 0.346596986 0.392484009
vt 0.346105993 0.395244986
vt 0.346020997 0.395206988
vt 0.346006989 0.395262986
vt 0.344814003 0.396102995
vt 0.344882995 0.396046013
vt 0.344808012 0.396054
vt 0.347784996 0.398023009
vt 0.347847998 0.398021996
vt 0.347790003 0.397920996
vt 0.344731003 0.396063
vt 0.344734013 0.396095008
vt 0.344747007 0.396106005
vt 0.346224993 0.392751992
vt 0.346264988 0.392693996
vt 0.34622401 0.392697006
vt 0.349276006 0.394585997
vt 0.349299014 0.394591004
vt 0.349299014 0.394562006
vt 0.368095011 0.904551983
vt 0.368088007 0.904491007
vt 0.368065 0.904495001
vt 0.365909994 0.906037986
vt 0.365933001 0.905964017
vt 0.365918994 0.905966997
vt 0.346527994 0.392803997
vt 0.346547991 0.392744005
vt 0.346516997 0.392744005
vt 0.34632799 0.395767003
vt 0.346282005 0.395756006
vt 0.346271992 0.395803005
vt 0.366842985 0.905771971
vt 0.366806 0.905749977
vt 0.366800994 0.905829012
vt 0.347880006 0.401261985
vt 0.347775996 0.401226997
vt 0.347761989 0.401329994
vt 0.365152001 0.906560004
vt 0.36511299 0.90655899
vt 0.365117997 0.906619012
vt 0.347885996 0.401149988
vt 0.347802997 0.401136994
vt 0.347788006 0.401181012
vt 0.346614003 0.395806998
vt 0.346585006 0.395812988
vt 0.345726013 0.395482987
vt 0.347220987 0.392589986
vt 0.347263992 0.392589003
vt 0.347232014 0.39250499
vt 0.348764986 0.394960999
vt 0.348726988 0.394924015
vt 0.348738015 0.394984007
vt 0.346242994 0.39556101
vt 0.346210003 0.395514011
vt 0.346206993 0.395568997
vt 0.345618993 0.39498201
vt 0.345591009 0.39496699
vt 0.345580995 0.395009995
vt 0.366508991 0.90437001
vt 0.36648801 0.904377997
vt 0.366488993 0.904407978
vt 0.34909299 0.393916994
vt 0.349038005 0.393929005
vt 0.349036008 0.393961996
vt 0.346617013 0.39278999
vt 0.34661901 0.392711997
vt 0.346567988 0.392711014
vt 0.347950995 0.401573002
vt 0.347956985 0.401573986
vt 0.347974002 0.401564002
vt 0.365805 0.906180978
vt 0.365826994 0.90614599
vt 0.365770996 0.906109989
vt 0.345854998 0.395420015
vt 0.345813006 0.395361006
vt 0.345800996 0.395424992
vt 0.367902994 0.905960977
vt 0.367915004 0.905972004
vt 0.367906988 0.905945003
vt 0.366219014 0.904684007
vt 0.366185993 0.904639006
vt 0.36618799 0.90468502
vt 0.366180986 0.906666994
vt 0.36619401 0.906606972
vt 0.366174012 0.906596005
vt 0.368333012 0.905426025
vt 0.367900997 0.906031013
vt 0.367931008 0.90604198
vt 0.346482009 0.39251399
vt 0.346471012 0.392585993
vt 0.346515 0.392592013
vt 0.366255999 0.904461026
vt 0.366261005 0.904410005
vt 0.36620301 0.904413998
vt 0.348455995 0.392073005
vt 0.348482013 0.392123997
vt 0.34850201 0.392127007
vt 0.345039994 0.395812005
vt 0.344983011 0.395799994
vt 0.344969988 0.395848989
vt 0.365913987 0.906190991
vt 0.365925014 0.906158984
vt 0.365904987 0.906148016
vt 0.345952988 0.39486599
vt 0.345887989 0.394825011
vt 0.345880002 0.394859999
vt 0.34632501 0.392881006
vt 0.34631899 0.392823994
vt 0.346264988 0.392773002
vt 0.348645985 0.392327994
vt 0.348668009 0.392331988
vt 0.348663986 0.392320007
vt 0.345687985 0.395134002
vt 0.345656991 0.395184994
vt 0.345716 0.395191014
vt 0.366272002 0.904684007
vt 0.366302013 0.90468502
vt 0.366297007 0.904637992
vt 0.36786899 0.904154003
vt 0.367837995 0.904151976
vt 0.367837012 0.904196024
vt 0.347833991 0.398104995
vt 0.347847998 0.398021996
vt 0.347784996 0.398023009
vt 0.34661901 0.398476988
vt 0.346673995 0.398483008
vt 0.346634001 0.398449004
vt 0.365880996 0.906262994
vt 0.365911007 0.90625602
vt 0.365891993 0.906213999
vt 0.347166002 0.392724007
vt 0.347158998 0.392793
vt 0.347216994 0.39278999
vt 0.368142992 0.905264974
vt 0.368180007 0.905305982
vt 0.368176997 0.905265987
vt 0.348908007 0.392744988
vt 0.348874986 0.392749012
vt 0.348886013 0.392834991
vt 0.346307993 0.395568997
vt 0.346267015 0.395559013
vt 0.346262008 0.395604014
vt 0.346266001 0.392951012
vt 0.346262008 0.39288801
vt 0.346206993 0.392894
vt 0.348632991 0.392167985
vt 0.348591 0.392159998
vt 0.348603994 0.392244011
vt 0.346787006 0.397089988
vt 0.346736997 0.397080004
vt 0.346740991 0.397123992
vt 0.348825008 0.394102007
vt 0.348825991 0.394068003
vt 0.348785013 0.394064993
vt 0.346493006 0.392803997
vt 0.346480012 0.392740011
vt 0.34641701 0.392749995
vt 0.345607013 0.395081997
vt 0.345569015 0.395060986
vt 0.345553011 0.395130992
vt 0.344422013 0.397700012
vt 0.344325989 0.397697985
vt 0.344336003 0.397754997
vt 0.365772992 0.906066
vt 0.365776986 0.906077981
vt 0.365806997 0.906060994
vt 0.346363008 0.397376001
vt 0.346374005 0.397329003
vt 0.346332014 0.397334993
vt 0.349103987 0.393968999
vt 0.349155009 0.393972993
vt 0.349146992 0.393920988
vt 0.366843998 0.905897021
vt 0.36687699 0.905867994
vt 0.366843998 0.905855
vt 0.344422013 0.397700012
vt 0.34433201 0.397617996
vt 0.344325989 0.397697985
vt 0.347162992 0.392845988
vt 0.347220987 0.392845005
vt 0.347216994 0.39278999
vt 0.344529003 0.397763997
vt 0.344565988 0.397765994
vt 0.344558001 0.397700012
vt 0.346679002 0.395613998
vt 0.346646994 0.395567
vt 0.346632004 0.395644993
vt 0.34581399 0.395199001
vt 0.345784009 0.39518699
vt 0.345782012 0.395231992
vt 0.347187012 0.392591
vt 0.347173989 0.392652005
vt 0.347213 0.392657995
vt 0.346742004 0.392711014
vt 0.346684009 0.392711997
vt 0.346684992 0.39279601
vt 0.347180009 0.392437011
vt 0.347166002 0.39251101
vt 0.347191989 0.392509013
vt 0.346316993 0.392616987
vt 0.346311003 0.392690986
vt 0.346347988 0.392684013
vt 0.366230011 0.906408012
vt 0.366207004 0.906365991
vt 0.366185993 0.906408012
vt 0.366885006 0.90447402
vt 0.366914004 0.904475987
vt 0.366908014 0.904435992
vt 0.365749002 0.906287014
vt 0.365727991 0.906286001
vt 0.365734994 0.906316996
vt 0.348623991 0.392381012
vt 0.3486 0.392331004
vt 0.348591 0.392381012
vt 0.346442997 0.392944008
vt 0.346383005 0.392946005
vt 0.346390009 0.393014997
vt 0.345829993 0.395152986
vt 0.345854998 0.395177007
vt 0.345863014 0.395155013
vt 0.345829993 0.395152986
vt 0.345889002 0.394993007
vt 0.345658988 0.395011991
vt 0.345716 0.395047009
vt 0.345708013 0.394971013
vt 0.346421003 0.39250499
vt 0.34641999 0.392435998
vt 0.346361995 0.392432004
vt 0.347907007 0.392940998
vt 0.345952988 0.39486599
vt 0.347873986 0.393077999
vt 0.34859401 0.393402994
vt 0.348628014 0.39340499
vt 0.348601997 0.393395007
vt 0.345456988 0.396458
vt 0.345492989 0.39646399
vt 0.345454991 0.396403015
vt 0.346174985 0.395678997
vt 0.346219003 0.395666987
vt 0.346159011 0.395662993
vt 0.366479009 0.90843302
vt 0.366499007 0.908425987
vt 0.366465002 0.908401012
vt 0.366403997 0.904675007
vt 0.366450995 0.904681027
vt 0.366445988 0.904627979
vt 0.346363991 0.39281401
vt 0.34641701 0.392749995
vt 0.346356004 0.392747998
vt 0.349227995 0.398411989
vt 0.349186003 0.398402005
vt 0.349198997 0.398411006
vt 0.365745008 0.906186998
vt 0.365805 0.906180978
vt 0.365734011 0.906144023
vt 0.365745008 0.906186998
vt 0.36580801 0.906216025
vt 0.34593001 0.395437002
vt 0.345867991 0.395428985
vt 0.34651199 0.395947993
vt 0.366376013 0.904299021
vt 0.366360992 0.904291987
vt 0.366358995 0.904327989
vt 0.346000999 0.395202011
vt 0.345991999 0.395150006
vt 0.345968992 0.395202994
vt 0.346150011 0.401216
vt 0.346242011 0.401237011
vt 0.346233994 0.401185006
vt 0.344810992 0.395886004
vt 0.344810992 0.39596501
vt 0.344877005 0.39596799
vt 0.367991 0.905434012
vt 0.368012011 0.905412018
vt 0.367992014 0.905411005
vt 0.347193986 0.394822001
vt 0.347207993 0.39478001
vt 0.347162992 0.394773006
vt 0.347222 0.39271
vt 0.347216994 0.39278999
vt 0.347256005 0.392789006
vt 0.346583009 0.395489991
vt 0.346603006 0.395449996
vt 0.346587986 0.395451993
vt 0.347775996 0.401226997
vt 0.347788006 0.401181012
vt 0.347732991 0.401169002
vt 0.346437007 0.392731011
vt 0.346437007 0.392686009
vt 0.346403003 0.392688006
vt 0.346502006 0.392879009
vt 0.346433014 0.392870992
vt 0.346442997 0.392944008
vt 0.345530003 0.395114988
vt 0.345553011 0.395130992
vt 0.345569015 0.395060986
vt 0.346727014 0.392939001
vt 0.346682996 0.392933995
vt 0.346697986 0.393007994
vt 0.346157998 0.395687997
vt 0.346174985 0.395678997
vt 0.346159011 0.395662993
vt 0.343043 0.397433996
vt 0.343080014 0.397462994
vt 0.343075991 0.397390008
vt 0.346565008 0.392793
vt 0.346569002 0.392868996
vt 0.346617997 0.392868996
vt 0.345131993 0.395835996
vt 0.345039994 0.395812005
vt 0.34504199 0.395880997
vt 0.346792012 0.396988004
vt 0.346857011 0.396964014
vt 0.346780986 0.396957994
vt 0.346792012 0.396988004
vt 0.346780986 0.396957994
vt 0.346763015 0.396955997
vt 0.347205997 0.392432004
vt 0.347191989 0.392509013
vt 0.347232014 0.39250499
vt 0.346435994 0.39251399
vt 0.346415997 0.392610013
vt 0.346471012 0.392585993
vt 0.346534997 0.395695001
vt 0.346457005 0.395601988
vt 0.346446007 0.39565599
vt 0.345955014 0.39526099
vt 0.345968992 0.395202994
vt 0.345905006 0.395222992
vt 0.345955014 0.39526099
vt 0.345892012 0.395280004
vt 0.365911007 0.90625602
vt 0.365913987 0.906222999
vt 0.365891993 0.906213999
vt 0.366492003 0.90653801
vt 0.366504997 0.906508982
vt 0.366477996 0.906498015
vt 0.345696002 0.395310998
vt 0.345708013 0.395375997
vt 0.345773995 0.395357996
vt 0.347775996 0.401226997
vt 0.347723007 0.401216
vt 0.347716987 0.401318997
vt 0.345984995 0.395069003
vt 0.345995009 0.395125002
vt 0.346017003 0.395063013
vt 0.346282005 0.395756006
vt 0.34632799 0.395767003
vt 0.346334994 0.395720005
vt 0.365691006 0.90684098
vt 0.365669996 0.906850994
vt 0.365687013 0.906884015
vt 0.346686006 0.392875999
vt 0.346740007 0.392800987
vt 0.346684992 0.39279601
vt 0.346320003 0.395815998
vt 0.346264988 0.39587
vt 0.346323013 0.39587301
vt 0.346686006 0.392875999
vt 0.346617997 0.392868996
vt 0.346628994 0.392928988
vt 0.348825991 0.394044012
vt 0.348829001 0.393997014
vt 0.349061996 0.396607012
vt 0.346087009 0.395435989
vt 0.34593001 0.395437002
vt 0.345925003 0.395502001
vt 0.349855989 0.400498003
vt 0.349061996 0.396607012
vt 0.349054009 0.396618992
vt 0.362966001 0.908169985
vt 0.362966001 0.908276021
vt 0.362991989 0.908246994
vt 0.345941007 0.395121008
vt 0.345943004 0.395011008
vt 0.345889002 0.394993007
vt 0.348006994 0.401170999
vt 0.347885996 0.401149988
vt 0.347891986 0.40120399
vt 0.349157989 0.393429011
vt 0.349162996 0.393388003
vt 0.349072993 0.393388003
vt 0.348453999 0.392006993
vt 0.348500013 0.392003
vt 0.348935008 0.392675996
vt 0.314530998 0.400065988
vt 0.314545989 0.400052994
vt 0.314536989 0.400054008
vt 0.314054996 0.398844004
vt 0.314052999 0.398855001
vt 0.314067006 0.398846
vt 0.314381987 0.398755997
vt 0.31437999 0.398730993
vt 0.314366996 0.39874801
vt 0.313457012 0.398400992
vt 0.313457996 0.398398995
vt 0.313452005 0.398398012
vt 0.313703001 0.398386002
vt 0.313703001 0.398386002
vt 0.313712001 0.398375005
vt 0.313549012 0.398483992
vt 0.313538015 0.398483992
vt 0.313535988 0.398487002
vt 0.315793991 0.396008998
vt 0.315793008 0.395994008
vt 0.315793008 0.395992994
vt 0.312620014 0.398707002
vt 0.312631994 0.398699999
vt 0.312626004 0.398701012
vt 0.313708007 0.398416996
vt 0.313699007 0.398425996
vt 0.313710004 0.398427993
vt 0.313816011 0.398113996
vt 0.313814014 0.398110986
vt 0.313816994 0.398120999
vt 0.312619001 0.398773998
vt 0.312620997 0.398784995
vt 0.312629998 0.398770988
vt 0.312586993 0.398788005
vt 0.312602013 0.398800999
vt 0.312599003 0.398788989
vt 0.366843998 0.905897021
vt 0.366838008 0.905888021
vt 0.366836995 0.905896008
vt 0.316500992 0.395372987
vt 0.316496015 0.395372987
vt 0.316500008 0.395384997
vt 0.316543013 0.397949994
vt 0.316547006 0.39793399
vt 0.316538006 0.397938997
vt 0.314150006 0.39852801
vt 0.312579006 0.399159014
vt 0.314150006 0.398512006
vt 0.312561989 0.399091005
vt 0.312550992 0.399102986
vt 0.312563002 0.399114996
vt 0.313699007 0.397915989
vt 0.313692003 0.397917986
vt 0.313686997 0.397920012
vt 0.313661009 0.39803499
vt 0.313659012 0.398047
vt 0.313672006 0.398036987
vt 0.314595014 0.400009006
vt 0.314583987 0.399996012
vt 0.314570993 0.400009006
vt 0.313980013 0.398777992
vt 0.313989013 0.398790002
vt 0.314006001 0.398777008
vt 0.314363003 0.395868987
vt 0.314363003 0.395868987
vt 0.31437099 0.395866007
vt 0.313962013 0.398777008
vt 0.313950002 0.398763001
vt 0.313950002 0.398773998
vt 0.315762997 0.39595601
vt 0.315737009 0.395942986
vt 0.315744996 0.395963997
vt 0.315807998 0.395947993
vt 0.315833002 0.395972013
vt 0.315842003 0.395967007
vt 0.314195007 0.400453001
vt 0.314195007 0.400427997
vt 0.314155012 0.400433004
vt 0.313850999 0.398259014
vt 0.313840985 0.398254991
vt 0.313827008 0.398312002
vt 0.366443992 0.904340982
vt 0.366439998 0.904340029
vt 0.366456002 0.904374003
vt 0.312723994 0.398882985
vt 0.312734991 0.398873001
vt 0.312658995 0.398844987
vt 0.313814014 0.398110986
vt 0.315771997 0.396153003
vt 0.315746009 0.395998001
vt 0.316327989 0.394955993
vt 0.316332012 0.395056009
vt 0.316350013 0.395024002
vt 0.315746009 0.395998001
vt 0.315793991 0.396008998
vt 0.315784007 0.395978004
vt 0.312828988 0.39872399
vt 0.312819988 0.398802996
vt 0.312830001 0.398799002
vt 0.314099014 0.398611993
vt 0.314074993 0.398613989
vt 0.314085007 0.398653001
vt 0.313753992 0.39842099
vt 0.313708007 0.398416996
vt 0.313710004 0.398427993
vt 0.365435988 0.906776011
vt 0.365752012 0.906340003
vt 0.365752012 0.906323016
vt 0.314570993 0.400009006
vt 0.314565986 0.400050998
vt 0.314577013 0.400058001
vt 0.368063986 0.90455699
vt 0.368070006 0.904555976
vt 0.368065 0.904495001
vt 0.313685 0.397924989
vt 0.313661009 0.39803499
vt 0.313672006 0.398036987
vt 0.313421994 0.398274004
vt 0.313497007 0.398310006
vt 0.313492 0.398299992
vt 0.313428998 0.39832899
vt 0.313436002 0.398335993
vt 0.313421994 0.398274004
vt 0.316891015 0.396441013
vt 0.316868991 0.396474987
vt 0.314195991 0.395790011
vt 0.316437006 0.396506011
vt 0.316430002 0.396528989
vt 0.316451997 0.396539003
vt 0.312629998 0.399033993
vt 0.31328699 0.399455994
vt 0.312642992 0.39904201
vt 0.313535988 0.398487002
vt 0.314453989 0.398840994
vt 0.313533992 0.398539007
vt 0.313706011 0.398364991
vt 0.313668996 0.39835
vt 0.313670993 0.398364007
vt 0.316617012 0.397159994
vt 0.313962013 0.398824006
vt 0.313962013 0.398777008
vt 0.31446901 0.398589998
vt 0.314446986 0.398642987
vt 0.314471006 0.398615986
vt 0.31259799 0.398782998
vt 0.31258601 0.398716003
vt 0.312573999 0.398714006
vt 0.312835991 0.398649007
vt 0.312840015 0.398602992
vt 0.312828004 0.398606986
vt 0.313989997 0.398741007
vt 0.313980013 0.398777992
vt 0.314006001 0.398777008
vt 0.314328998 0.395879
vt 0.314254999 0.395866007
vt 0.314262003 0.395866007
vt 0.313827991 0.398176998
vt 0.313825995 0.398189008
vt 0.313854992 0.398187011
vt 0.312597007 0.398694009
vt 0.31261301 0.398660004
vt 0.312601 0.398660988
vt 0.314476997 0.395689994
vt 0.314527005 0.395689994
vt 0.314527005 0.395678014
vt 0.316597015 0.398021013
vt 0.316583991 0.398054987
vt 0.316592991 0.398068011
vt 0.312563002 0.399116009
vt 0.312631994 0.399116009
vt 0.313107997 0.399399012
vt 0.313510001 0.397996008
vt 0.313522995 0.397949994
vt 0.313513011 0.397953987
vt 0.368193001 0.905265987
vt 0.368196011 0.905305982
vt 0.368227005 0.905304015
vt 0.312629998 0.398770988
vt 0.312631994 0.398699999
vt 0.312620014 0.398707002
vt 0.314054996 0.39884299
vt 0.314067006 0.398846
vt 0.31408 0.398795009
vt 0.313753992 0.39842099
vt 0.313778996 0.398434997
vt 0.313757002 0.398371994
vt 0.349602997 0.397873014
vt 0.350071996 0.398467004
vt 0.350050002 0.398463011
vt 0.349828005 0.400496006
vt 0.349835008 0.400483996
vt 0.350050002 0.398463011
vt 0.350084007 0.398438007
vt 0.350071996 0.39843899
vt 0.350071996 0.398467004
vt 0.312492013 0.399100989
vt 0.312492996 0.399165004
vt 0.312505007 0.399152994
vt 0.314363003 0.398883998
vt 0.313616008 0.398517013
vt 0.314117014 0.398746014
vt 0.345203996 0.401641011
vt 0.345214009 0.401708007
vt 0.345225006 0.40170899
vt 0.313933998 0.398364991
vt 0.313998014 0.397110999
vt 0.31406799 0.395817012
vt 0.315506011 0.396185011
vt 0.315746009 0.395998001
vt 0.315744996 0.395963997
vt 0.313443005 0.398070991
vt 0.313412994 0.398063004
vt 0.314981014 0.397870004
vt 0.313681006 0.398544997
vt 0.313688993 0.398485005
vt 0.31367901 0.398481995
vt 0.315807998 0.395947993
vt 0.315807998 0.395934999
vt 0.315762997 0.39595601
vt 0.313529015 0.398023993
vt 0.313529015 0.398025006
vt 0.313510001 0.397996008
vt 0.349855989 0.400498003
vt 0.349882007 0.400507003
vt 0.349878997 0.400485009
vt 0.345203996 0.401641011
vt 0.345227987 0.401639014
vt 0.345214009 0.401569992
vt 0.313418001 0.398463011
vt 0.313445002 0.398479998
vt 0.313466996 0.398402005
vt 0.316424012 0.396427989
vt 0.316430986 0.396449
vt 0.316442013 0.396396995
vt 0.345840007 0.395489991
vt 0.345854998 0.395420015
vt 0.345800996 0.395424992
vt 0.344794005 0.395637006
vt 0.344781011 0.395606995
vt 0.344772011 0.395644009
vt 0.365994006 0.906355023
vt 0.365956008 0.906320989
vt 0.365949988 0.906350017
vt 0.34643501 0.395779997
vt 0.346531004 0.395832002
vt 0.346534997 0.395695001
vt 0.346534997 0.395695001
vt 0.346531004 0.395832002
vt 0.346549988 0.395702988
vt 0.345854998 0.395177007
vt 0.34581399 0.395199001
vt 0.345840007 0.395218998
vt 0.34581399 0.395199001
vt 0.345854998 0.395177007
vt 0.345829993 0.395152986
vt 0.366284013 0.904587984
vt 0.36628899 0.904578984
vt 0.366266012 0.904591978
vt 0.366266012 0.904591978
vt 0.36628899 0.904578984
vt 0.366261989 0.904551983
vt 0.349184006 0.396811992
vt 0.349251986 0.396815002
vt 0.34651199 0.395947993
vt 0.367855012 0.904953003
vt 0.367859006 0.904929996
vt 0.367855012 0.904929996
vt 0.348643988 0.393483013
vt 0.348619998 0.393485993
vt 0.348609 0.393532991
vt 0.368142992 0.904120028
vt 0.368185014 0.904093981
vt 0.368135989 0.904093027
vt 0.347166002 0.392724007
vt 0.347213 0.392657995
vt 0.347153991 0.392659992
vt 0.346233994 0.392623991
vt 0.34602201 0.395143986
vt 0.34611699 0.395182997
vt 0.34611699 0.395182997
vt 0.34602201 0.395143986
vt 0.34602201 0.395200014
vt 0.346646994 0.392571986
vt 0.346605986 0.392569989
vt 0.346648008 0.39261499
vt 0.346648008 0.39261499
vt 0.346605986 0.392569989
vt 0.346644998 0.392637014
vt 0.346605986 0.392569989
vt 0.346646994 0.392571986
vt 0.346632987 0.392560005
vt 0.365438998 0.906728983
vt 0.365415007 0.906728983
vt 0.365435004 0.906759024
vt 0.345708013 0.395375997
vt 0.345694005 0.395429999
vt 0.345705003 0.395419002
vt 0.348657012 0.392168999
vt 0.348648012 0.392246991
vt 0.348670006 0.392250001
vt 0.346682996 0.392933995
vt 0.346652001 0.393011004
vt 0.346697986 0.393007994
vt 0.344677001 0.398541003
vt 0.344704986 0.398593009
vt 0.344696999 0.398523003
vt 0.344891995 0.395830005
vt 0.344810992 0.395886004
vt 0.344888985 0.395884991
vt 0.366035998 0.906156003
vt 0.365996987 0.906157017
vt 0.366019994 0.906193972
vt 0.366019994 0.906193972
vt 0.365996987 0.906157017
vt 0.365976006 0.906207025
vt 0.366035998 0.906156003
vt 0.366008997 0.906147003
vt 0.365996987 0.906157017
vt 0.365397006 0.906566024
vt 0.365359008 0.906569004
vt 0.365379989 0.906614006
vt 0.365379989 0.906614006
vt 0.365343988 0.906574011
vt 0.365339994 0.906605005
vt 0.344431013 0.397689998
vt 0.344487995 0.397612989
vt 0.344415992 0.397587001
vt 0.345892012 0.395280004
vt 0.345836997 0.395298004
vt 0.345874012 0.395312011
vt 0.346323013 0.39587301
vt 0.346249998 0.396001011
vt 0.346291989 0.396026999
vt 0.346217006 0.392834991
vt 0.346101999 0.395312011
vt 0.346105009 0.395381004
vt 0.346105009 0.395381004
vt 0.345961004 0.395314991
vt 0.345952004 0.39538601
vt 0.346087009 0.395435989
vt 0.345950991 0.39538601
vt 0.34593001 0.395437002
vt 0.346679986 0.392547011
vt 0.346693009 0.392612994
vt 0.346713006 0.392544001
vt 0.346713006 0.392544001
vt 0.346695006 0.392637014
vt 0.346742988 0.392623991
vt 0.346693009 0.392612994
vt 0.346695006 0.392637014
vt 0.346713006 0.392544001
vt 0.346318007 0.395475
vt 0.346273005 0.395514011
vt 0.346323997 0.395525992
vt 0.348648012 0.392246991
vt 0.348645985 0.392327994
vt 0.348670006 0.392250001
vt 0.348670006 0.392250001
vt 0.348645985 0.392327994
vt 0.348670006 0.392307997
vt 0.348670006 0.392307997
vt 0.348645985 0.392327994
vt 0.348663986 0.392320007
vt 0.345133007 0.395678997
vt 0.345064998 0.395743012
vt 0.34513101 0.395756006
vt 0.346174985 0.395678997
vt 0.346181989 0.395723999
vt 0.346219003 0.395666987
vt 0.346253008 0.395689011
vt 0.346246988 0.395741999
vt 0.346291989 0.395709008
vt 0.346291989 0.395709008
vt 0.346246988 0.395741999
vt 0.346282005 0.395756006
vt 0.347952008 0.392926008
vt 0.347970009 0.392935991
vt 0.347975999 0.392895013
vt 0.346744001 0.397009999
vt 0.346698999 0.397013009
vt 0.346736997 0.397080004
vt 0.346736997 0.397080004
vt 0.346698999 0.397013009
vt 0.346679002 0.397080988
vt 0.346698999 0.397013009
vt 0.346744001 0.397009999
vt 0.346729994 0.396999002
vt 0.346915007 0.396901995
vt 0.346864998 0.396932989
vt 0.346926987 0.396923006
vt 0.346462995 0.392446995
vt 0.346439987 0.39250201
vt 0.346459001 0.392500013
vt 0.344996989 0.39567101
vt 0.344906002 0.395633012
vt 0.344909012 0.395705014
vt 0.345470995 0.396311998
vt 0.345490009 0.396221012
vt 0.345454007 0.396232009
vt 0.346262008 0.395604014
vt 0.346249998 0.395613015
vt 0.346298993 0.395613015
vt 0.346298993 0.395613015
vt 0.346253008 0.395689011
vt 0.346291989 0.395709008
vt 0.346233994 0.392623991
vt 0.346289992 0.392544001
vt 0.346269011 0.392544001
vt 0.365676999 0.906958997
vt 0.365695 0.907001972
vt 0.36570099 0.90694797
vt 0.366223991 0.904462993
vt 0.36620301 0.904413998
vt 0.36619699 0.904464006
vt 0.346264988 0.392773002
vt 0.346217006 0.392834991
vt 0.346262008 0.39288801
vt 0.346262008 0.39288801
vt 0.346217006 0.392834991
vt 0.346206993 0.392894
vt 0.345705003 0.395419002
vt 0.345755011 0.395429999
vt 0.345708013 0.395375997
vt 0.345708013 0.395375997
vt 0.345755011 0.395429999
vt 0.345773995 0.395357996
vt 0.344743997 0.395637006
vt 0.34472701 0.395583987
vt 0.344716012 0.395635009
vt 0.344985008 0.395750999
vt 0.344909012 0.395705014
vt 0.344913989 0.395761013
vt 0.365435988 0.906776011
vt 0.36541 0.906777024
vt 0.365440011 0.906816006
vt 0.365440011 0.906816006
vt 0.36541 0.906777024
vt 0.36540401 0.906817973
vt 0.347746015 0.401432008
vt 0.347755015 0.401490986
vt 0.347887993 0.401428014
vt 0.345546991 0.395217001
vt 0.345544994 0.395337999
vt 0.345575988 0.395337999
vt 0.348975986 0.392664999
vt 0.348935008 0.392675996
vt 0.348966002 0.392735988
vt 0.348935008 0.392675996
vt 0.348931015 0.392740011
vt 0.348966002 0.392735988
vt 0.36659801 0.907392979
vt 0.366575986 0.907383025
vt 0.366580993 0.907405019
vt 0.365399003 0.906517982
vt 0.365363985 0.906516016
vt 0.365397006 0.906566024
vt 0.365397006 0.906566024
vt 0.365363985 0.906516016
vt 0.365359008 0.906569004
vt 0.345678002 0.394942999
vt 0.345716 0.394899994
vt 0.345690995 0.394897014
vt 0.346881986 0.397067994
vt 0.346792012 0.396988004
vt 0.346787006 0.397089988
vt 0.345858008 0.394854993
vt 0.345880002 0.394859999
vt 0.345863998 0.394832999
vt 0.345863998 0.394832999
vt 0.345880002 0.394859999
vt 0.345887989 0.394825011
vt 0.345506012 0.396512985
vt 0.345492989 0.39646399
vt 0.345463991 0.396510988
vt 0.345463991 0.396510988
vt 0.345456988 0.396458
vt 0.345454007 0.396472991
vt 0.346684992 0.39279601
vt 0.346617997 0.392868996
vt 0.346686006 0.392875999
vt 0.365857005 0.906221986
vt 0.365846008 0.906184971
vt 0.365814 0.906229973
vt 0.365814 0.906229973
vt 0.365846008 0.906184971
vt 0.36580801 0.906216025
vt 0.346740991 0.397123992
vt 0.346749008 0.397170991
vt 0.346787006 0.397089988
vt 0.346787006 0.397089988
vt 0.346749008 0.397170991
vt 0.346798986 0.397181004
vt 0.368196011 0.905305982
vt 0.368176997 0.905265987
vt 0.368180007 0.905305982
vt 0.345717013 0.395431012
vt 0.345726013 0.395482987
vt 0.345755011 0.395429999
vt 0.346271992 0.395803005
vt 0.346221 0.395803005
vt 0.346264988 0.39587
vt 0.346264988 0.39587
vt 0.346221 0.395803005
vt 0.346251011 0.395884007
vt 0.346251011 0.395884007
vt 0.346221 0.395803005
vt 0.346201003 0.395889014
vt 0.346920013 0.396932989
vt 0.346949995 0.396955013
vt 0.346938998 0.396939009
vt 0.343075991 0.397390008
vt 0.343080014 0.397321999
vt 0.343041003 0.397374988
vt 0.343041003 0.397374988
vt 0.343080014 0.397321999
vt 0.34304601 0.397312999
vt 0.343721986 0.396901995
vt 0.346291989 0.396026999
vt 0.346460015 0.395983994
vt 0.345716 0.395047009
vt 0.345827013 0.394993991
vt 0.345809013 0.394977003
vt 0.346787006 0.397089988
vt 0.346798986 0.397181004
vt 0.346890986 0.397123009
vt 0.346890986 0.397123009
vt 0.346798986 0.397181004
vt 0.344909012 0.395594001
vt 0.36580801 0.906019986
vt 0.365797013 0.905987024
vt 0.365786999 0.906018972
vt 0.368059993 0.90445298
vt 0.368032992 0.904452026
vt 0.368057013 0.904488981
vt 0.368057013 0.904488981
vt 0.368025988 0.904501021
vt 0.368048012 0.904497027
vt 0.368032992 0.904452026
vt 0.368025988 0.904501021
vt 0.368057013 0.904488981
vt 0.346251011 0.395884007
vt 0.346190006 0.395945013
vt 0.346228987 0.395983011
vt 0.347775996 0.398101002
vt 0.347775996 0.398164988
vt 0.347833991 0.398104995
vt 0.347833991 0.398104995
vt 0.347775996 0.398164988
vt 0.347840011 0.398162007
vt 0.345016003 0.395599008
vt 0.344994992 0.395603001
vt 0.345063001 0.395610988
vt 0.345063001 0.395610988
vt 0.345061004 0.395666003
vt 0.345070988 0.395653009
vt 0.344994992 0.395603001
vt 0.344996989 0.39567101
vt 0.345063001 0.395610988
vt 0.345061004 0.395666003
vt 0.344996989 0.39567101
vt 0.345017999 0.39567101
vt 0.365830988 0.906350017
vt 0.365776002 0.906349003
vt 0.366472989 0.906597018
vt 0.366472989 0.906597018
vt 0.365776002 0.906349003
vt 0.365776986 0.906373978
vt 0.346363991 0.39281401
vt 0.346372992 0.392861992
vt 0.346423 0.392803013
vt 0.346423 0.392803013
vt 0.346372992 0.392861992
vt 0.346428007 0.392825007
vt 0.346428007 0.392825007
vt 0.346372992 0.392861992
vt 0.346433014 0.392870992
vt 0.366439998 0.904340029
vt 0.366396993 0.904392004
vt 0.366456002 0.904374003
vt 0.346738994 0.396955997
vt 0.346704006 0.39695999
vt 0.346729994 0.396999002
vt 0.345726013 0.395482987
vt 0.345784009 0.395464003
vt 0.345755011 0.395429999
vt 0.345755011 0.395429999
vt 0.345795989 0.395428985
vt 0.345788002 0.395420015
vt 0.346071988 0.395027012
vt 0.346017003 0.395063013
vt 0.346233994 0.392623991
vt 0.346233994 0.392623991
vt 0.346017003 0.395063013
vt 0.34602201 0.395143986
vt 0.344877005 0.39596799
vt 0.344810992 0.395989001
vt 0.344882995 0.396046013
vt 0.344882995 0.396046013
vt 0.344810992 0.395989001
vt 0.344808012 0.396054
vt 0.365186989 0.906508982
vt 0.365200996 0.90655297
vt 0.365200996 0.906503022
vt 0.345840007 0.395218998
vt 0.345815003 0.395245999
vt 0.345838994 0.395265996
vt 0.345824003 0.395296007
vt 0.345838994 0.395265996
vt 0.346482009 0.392686993
vt 0.346437007 0.392731011
vt 0.346480012 0.392740011
vt 0.365857005 0.906221986
vt 0.365893006 0.906181991
vt 0.365846008 0.906184971
vt 0.346435994 0.39251399
vt 0.346459001 0.392500013
vt 0.346439987 0.39250201
vt 0.345634997 0.395348996
vt 0.345696002 0.395310998
vt 0.345634997 0.395341009
vt 0.365918994 0.905966997
vt 0.365846008 0.905983984
vt 0.365909994 0.906037986
vt 0.365909994 0.906037986
vt 0.365846008 0.905983984
vt 0.365837991 0.906029999
vt 0.345575988 0.395337999
vt 0.345578998 0.395390987
vt 0.345615 0.395343989
vt 0.345615 0.395343989
vt 0.345578998 0.395390987
vt 0.345595002 0.395413011
vt 0.347187012 0.392591
vt 0.347191989 0.392509013
vt 0.347166002 0.39251101
vt 0.348628014 0.39340499
vt 0.348632991 0.393478006
vt 0.348655999 0.393420011
vt 0.345905006 0.395222992
vt 0.345838994 0.395265996
vt 0.345892012 0.395280004
vt 0.346282005 0.395756006
vt 0.346235007 0.395794004
vt 0.346271992 0.395803005
vt 0.346684009 0.392711997
vt 0.346644998 0.392637014
vt 0.34661901 0.392711997
vt 0.348632991 0.393478006
vt 0.348643988 0.393483013
vt 0.348655999 0.393420011
vt 0.349162012 0.396627992
vt 0.346184999 0.395785987
vt 0.346157014 0.395738006
vt 0.346157014 0.395738006
vt 0.346184999 0.395785987
vt 0.346181989 0.395723999
vt 0.348006994 0.401170999
vt 0.347882986 0.401113987
vt 0.347885996 0.401149988
vt 0.347133011 0.392722994
vt 0.347153991 0.392659992
vt 0.347124994 0.392663985
vt 0.345887989 0.395321995
vt 0.345871001 0.395332992
vt 0.345921993 0.39536801
vt 0.344799995 0.395994008
vt 0.34472999 0.396037996
vt 0.345456988 0.396458
vt 0.366726995 0.907553017
vt 0.366726011 0.907526016
vt 0.366719007 0.907563984
vt 0.348455995 0.392073005
vt 0.348500013 0.392003
vt 0.348453999 0.392006993
vt 0.348500013 0.392003
vt 0.348455995 0.392073005
vt 0.348513007 0.392013997
vt 0.345829993 0.395152986
vt 0.345827013 0.394993991
vt 0.345802009 0.395137012
vt 0.345827013 0.394993991
vt 0.345889002 0.394993007
vt 0.345840007 0.394984007
vt 0.346118003 0.395711005
vt 0.346157998 0.395687997
vt 0.346118987 0.395689011
vt 0.346531004 0.392827988
vt 0.346496999 0.392829001
vt 0.346531987 0.392856985
vt 0.346531987 0.392856985
vt 0.346525013 0.392872989
vt 0.346850991 0.396844
vt 0.346823007 0.396863014
vt 0.345954001 0.394823998
vt 0.345954001 0.394823998
vt 0.346864998 0.396932989
vt 0.346915007 0.396901995
vt 0.346457005 0.395601988
vt 0.346349001 0.395622998
vt 0.346446007 0.39565599
vt 0.345773995 0.395357996
vt 0.345807999 0.395350993
vt 0.345766008 0.395303994
vt 0.345766008 0.395303994
vt 0.345815003 0.395334005
vt 0.345809996 0.395292997
vt 0.346745014 0.396921009
vt 0.346751988 0.396943003
vt 0.346772999 0.396928012
vt 0.346772999 0.396928012
vt 0.346763015 0.396955997
vt 0.346780986 0.396957994
vt 0.366566986 0.907329977
vt 0.366537005 0.907324016
vt 0.366553992 0.907374978
vt 0.346181989 0.395723999
vt 0.346253008 0.395689011
vt 0.346219003 0.395666987
vt 0.34443301 0.397774994
vt 0.344341993 0.397828996
vt 0.344440997 0.397832006
vt 0.346565008 0.392793
vt 0.34650901 0.392746001
vt 0.346516013 0.392812014
vt 0.365745008 0.906186998
vt 0.365734011 0.906144023
vt 0.365729004 0.906202972
vt 0.345892012 0.395280004
vt 0.345918 0.395312995
vt 0.345955014 0.39526099
vt 0.348715007 0.394881994
vt 0.348726988 0.394924015
vt 0.348774999 0.394856006
vt 0.348774999 0.394856006
vt 0.348726988 0.394924015
vt 0.348803997 0.394888997
vt 0.346569002 0.392868996
vt 0.346585989 0.392933995
vt 0.346617997 0.392868996
vt 0.366551012 0.907489002
vt 0.366512001 0.907514989
vt 0.366553009 0.907518983
vt 0.344797999 0.395902008
vt 0.34472999 0.395909011
vt 0.344797999 0.395971
vt 0.346504986 0.392462999
vt 0.346576005 0.392506987
vt 0.346569985 0.392477006
vt 0.346448004 0.393011987
vt 0.346498996 0.392953992
vt 0.346442997 0.392944008
vt 0.346502006 0.392879009
vt 0.346498996 0.392953992
vt 0.346684009 0.392711997
vt 0.346617013 0.39278999
vt 0.346684992 0.39279601
vt 0.344902992 0.395819992
vt 0.344888985 0.395884991
vt 0.344969988 0.395848989
vt 0.366299987 0.907660007
vt 0.366266012 0.907625973
vt 0.366270989 0.907664001
vt 0.36639899 0.904497027
vt 0.366382003 0.904538989
vt 0.366405994 0.904537976
vt 0.344314009 0.398404986
vt 0.34433201 0.398501992
vt 0.34435001 0.398416013
vt 0.34435001 0.398416013
vt 0.34433201 0.398501992
vt 0.344350994 0.398499995
vt 0.344906002 0.395633012
vt 0.344812989 0.395615995
vt 0.344799995 0.395646989
vt 0.344799995 0.395646989
vt 0.344812989 0.395615995
vt 0.344794005 0.395637006
vt 0.344738007 0.395660996
vt 0.34465301 0.395731986
vt 0.344752997 0.395734996
vt 0.346098989 0.401181012
vt 0.346098006 0.40119499
vt 0.346147001 0.401178986
vt 0.346332997 0.392951995
vt 0.346354008 0.392879993
vt 0.34632501 0.392881006
vt 0.347162992 0.392845988
vt 0.347128987 0.392807007
vt 0.347133994 0.392847002
vt 0.346266001 0.392951012
vt 0.346267015 0.393002987
vt 0.346332997 0.392951995
vt 0.34632501 0.392881006
vt 0.346266001 0.392951012
vt 0.346332997 0.392951995
vt 0.346280992 0.393014997
vt 0.34633401 0.393014997
vt 0.365940988 0.906307995
vt 0.365943015 0.906343997
vt 0.365956008 0.906320989
vt 0.365956008 0.906320989
vt 0.365943015 0.906343997
vt 0.365949988 0.906350017
vt 0.347220987 0.392845005
vt 0.347256005 0.392789006
vt 0.347216994 0.39278999
vt 0.346751988 0.396943003
vt 0.346745014 0.396921009
vt 0.346738994 0.396955997
vt 0.346738994 0.396955997
vt 0.346709996 0.396923989
vt 0.346704006 0.39695999
vt 0.346311003 0.392690986
vt 0.346340001 0.392737001
vt 0.346347988 0.392684013
vt 0.366057009 0.906192005
vt 0.366120994 0.906219006
vt 0.366122991 0.906180024
vt 0.366032988 0.906231999
vt 0.366019994 0.906193972
vt 0.366010994 0.906234026
vt 0.346329004 0.395464987
vt 0.346323997 0.395525992
vt 0.346388012 0.395482004
vt 0.346388012 0.395482004
vt 0.346323997 0.395525992
vt 0.346374005 0.395538986
vt 0.345613003 0.395428002
vt 0.345575988 0.395464003
vt 0.345616013 0.395464003
vt 0.346740991 0.397123992
vt 0.34472701 0.395583987
vt 0.346749008 0.397170991
vt 0.342036992 0.398680001
vt 0.34208101 0.39863199
vt 0.342032999 0.398636997
vt 0.34208101 0.39863199
vt 0.342067987 0.398627013
vt 0.34208101 0.39863199
vt 0.342036992 0.398680001
vt 0.34208101 0.398687989
vt 0.366308004 0.904586017
vt 0.366301 0.904595017
vt 0.366340995 0.904583991
vt 0.366340995 0.904583991
vt 0.366301 0.904595017
vt 0.366346985 0.904635012
vt 0.365880996 0.906262994
vt 0.365857005 0.906221986
vt 0.365832001 0.906268001
vt 0.346736014 0.392924011
vt 0.346686006 0.392875999
vt 0.346727014 0.392939001
vt 0.346727014 0.392939001
vt 0.346686006 0.392875999
vt 0.346682996 0.392933995
vt 0.347932011 0.393105
vt 0.347920001 0.393180996
vt 0.345948994 0.395128012
vt 0.347920001 0.393180996
vt 0.347932011 0.393105
vt 0.347873986 0.393077999
vt 0.348619998 0.393485993
vt 0.348591 0.393510997
vt 0.348609 0.393532991
vt 0.348609 0.393532991
vt 0.348591 0.393510997
vt 0.34859401 0.393527001
vt 0.344523013 0.397698998
vt 0.34445399 0.397763014
vt 0.344529003 0.397763997
vt 0.346881986 0.397067994
vt 0.346890986 0.397123009
vt 0.346983999 0.397074014
vt 0.346983999 0.397074014
vt 0.346976995 0.397121012
vt 0.346987993 0.397107989
vt 0.346890986 0.397123009
vt 0.346976995 0.397121012
vt 0.346983999 0.397074014
vt 0.365873009 0.906350017
vt 0.365902007 0.906337976
vt 0.365886003 0.906301022
vt 0.365886003 0.906301022
vt 0.365913987 0.906302989
vt 0.365909994 0.906296015
vt 0.365902007 0.906337976
vt 0.365913987 0.906302989
vt 0.365886003 0.906301022
vt 0.365022004 0.908006012
vt 0.365034997 0.907999992
vt 0.36502701 0.907959998
vt 0.36502701 0.907959998
vt 0.365034997 0.907999992
vt 0.365052998 0.907962024
vt 0.345829993 0.404603988
vt 0.348829001 0.393997014
vt 0.348825991 0.394044012
vt 0.346949995 0.396955013
vt 0.346881986 0.397067994
vt 0.346983999 0.397074014
vt 0.365750015 0.906373978
vt 0.365435988 0.906776011
vt 0.365729004 0.906373978
vt 0.345066994 0.395949006
vt 0.345126003 0.395911992
vt 0.34504199 0.395880997
vt 0.344662994 0.396037012
vt 0.344673008 0.396100014
vt 0.344718993 0.396050006
vt 0.34472999 0.395985991
vt 0.34472999 0.396037996
vt 0.344718993 0.396050006
vt 0.344734013 0.396095008
vt 0.344731003 0.396063
vt 0.366385013 0.904555023
vt 0.366340995 0.904583991
vt 0.366387993 0.904590011
vt 0.345696002 0.395310998
vt 0.345665991 0.395258993
vt 0.345634997 0.395341009
vt 0.349108011 0.396631002
vt 0.349146992 0.396607012
vt 0.349106014 0.396609008
vt 0.348726988 0.394924015
vt 0.348782003 0.394950002
vt 0.348803997 0.394888997
vt 0.346569985 0.392477006
vt 0.346576005 0.392506987
vt 0.346596986 0.392484009
vt 0.346596986 0.392484009
vt 0.346590996 0.392517
vt 0.346610993 0.39252001
vt 0.346105993 0.395244986
vt 0.346006989 0.395262986
vt 0.346101999 0.395312011
vt 0.344891012 0.396106005
vt 0.344882995 0.396046013
vt 0.344814003 0.396102995
vt 0.344752997 0.395734996
vt 0.344725996 0.395821989
vt 0.344770014 0.395747989
vt 0.347784996 0.398023009
vt 0.347790003 0.397920996
vt 0.347748011 0.397937
vt 0.344731003 0.396063
vt 0.344747007 0.396106005
vt 0.344799995 0.396064013
vt 0.344799995 0.396064013
vt 0.344747007 0.396106005
vt 0.344808012 0.396102011
vt 0.346264988 0.392693996
vt 0.346224993 0.392751992
vt 0.346264988 0.392773002
vt 0.346264988 0.392773002
vt 0.346224993 0.392751992
vt 0.346235991 0.392764002
vt 0.345887989 0.394825011
vt 0.345952988 0.39486599
vt 0.345954001 0.394823998
vt 0.349276006 0.394585997
vt 0.349299014 0.394562006
vt 0.349265009 0.394564003
vt 0.368095011 0.904551983
vt 0.368065 0.904495001
vt 0.368070006 0.904555976
vt 0.366587996 0.907424986
vt 0.366558999 0.907436013
vt 0.366584003 0.907489002
vt 0.366584003 0.907489002
vt 0.366558999 0.907436013
vt 0.366551012 0.907489002
vt 0.346547991 0.392744005
vt 0.346527994 0.392803997
vt 0.346561998 0.39280501
vt 0.346561998 0.39280501
vt 0.346527994 0.392803997
vt 0.346538991 0.392812997
vt 0.366842985 0.905771971
vt 0.366800994 0.905829012
vt 0.366843998 0.905855
vt 0.347880006 0.401261985
vt 0.347761989 0.401329994
vt 0.347864002 0.401383996
vt 0.365152001 0.906560004
vt 0.365117997 0.906619012
vt 0.365162998 0.906620979
vt 0.347885996 0.401149988
vt 0.347788006 0.401181012
vt 0.347891986 0.40120399
vt 0.34662199 0.395787001
vt 0.346585006 0.395812988
vt 0.346614003 0.395806998
vt 0.347220987 0.392589986
vt 0.347232014 0.39250499
vt 0.347191989 0.392509013
vt 0.346489996 0.392623991
vt 0.346437007 0.392686009
vt 0.346482009 0.392686993
vt 0.346210003 0.395514011
vt 0.346267015 0.395559013
vt 0.346273005 0.395514011
vt 0.346267015 0.395559013
vt 0.346210003 0.395514011
vt 0.346242994 0.39556101
vt 0.345618993 0.39498201
vt 0.345580995 0.395009995
vt 0.345609993 0.395018011
vt 0.366508991 0.90437001
vt 0.366488993 0.904407978
vt 0.366519988 0.904407024
vt 0.34909299 0.393916994
vt 0.349036008 0.393961996
vt 0.349103004 0.393967003
vt 0.346617013 0.39278999
vt 0.346567988 0.392711014
vt 0.346565008 0.392793
vt 0.347950995 0.401573002
vt 0.347974002 0.401564002
vt 0.347990006 0.401515007
vt 0.365805 0.906180978
vt 0.365770996 0.906109989
vt 0.365734011 0.906144023
vt 0.345854014 0.395368993
vt 0.345813006 0.395361006
vt 0.345854998 0.395420015
vt 0.346053988 0.401612997
vt 0.345982999 0.401531011
vt 0.345979005 0.401612997
vt 0.366185993 0.904639006
vt 0.366219014 0.904684007
vt 0.366225004 0.904640019
vt 0.366151989 0.906673014
vt 0.366180986 0.906666994
vt 0.366174012 0.906596005
vt 0.346864998 0.396932989
vt 0.346818 0.396921992
vt 0.346807003 0.396941006
vt 0.368333012 0.905426025
vt 0.367931008 0.90604198
vt 0.367922992 0.906000972
vt 0.346459001 0.392500013
vt 0.346471012 0.392585993
vt 0.346482009 0.39251399
vt 0.345952988 0.39486599
vt 0.345889002 0.394993007
vt 0.345943004 0.395011008
vt 0.366255999 0.904461026
vt 0.36620301 0.904413998
vt 0.366223991 0.904462993
vt 0.348455995 0.392073005
vt 0.34850201 0.392127007
vt 0.348515004 0.392071992
vt 0.345039994 0.395812005
vt 0.344969988 0.395848989
vt 0.34504199 0.395880997
vt 0.365913987 0.906190991
vt 0.365904987 0.906148016
vt 0.365893006 0.906181991
vt 0.366174012 0.906596005
vt 0.366198987 0.906560004
vt 0.366181999 0.906551003
vt 0.348668009 0.392331988
vt 0.348645985 0.392327994
vt 0.348657995 0.392381996
vt 0.348657995 0.392381996
vt 0.348645985 0.392327994
vt 0.348623991 0.392381012
vt 0.345687985 0.395134002
vt 0.345716 0.395191014
vt 0.345746994 0.395146996
vt 0.366272002 0.904684007
vt 0.366297007 0.904637992
vt 0.366272002 0.904640973
vt 0.36786899 0.904154003
vt 0.367837012 0.904196024
vt 0.367866993 0.904196024
vt 0.345824003 0.395296007
vt 0.345815003 0.395245999
vt 0.345809996 0.395292997
vt 0.347833991 0.398104995
vt 0.347784996 0.398023009
vt 0.347775996 0.398101002
vt 0.346673995 0.398483008
vt 0.346623987 0.398494005
vt 0.346650004 0.398508996
vt 0.346623987 0.398494005
vt 0.346673995 0.398483008
vt 0.34661901 0.398476988
vt 0.365880996 0.906262994
vt 0.365891993 0.906213999
vt 0.365857005 0.906221986
vt 0.344440997 0.397693008
vt 0.344523013 0.397698998
vt 0.344487995 0.397612989
vt 0.347166002 0.392724007
vt 0.347216994 0.39278999
vt 0.347222 0.39271
vt 0.368180007 0.905305982
vt 0.368142992 0.905264974
vt 0.368135989 0.905299008
vt 0.368135989 0.905299008
vt 0.368142992 0.905264974
vt 0.368137002 0.90527302
vt 0.348908007 0.392744988
vt 0.348886013 0.392834991
vt 0.348919004 0.392832994
vt 0.367931008 0.90604198
vt 0.367902994 0.90605402
vt 0.367927015 0.90606302
vt 0.366576999 0.90733999
vt 0.366553992 0.907374978
vt 0.366573989 0.907366991
vt 0.366553992 0.907374978
vt 0.366576999 0.90733999
vt 0.366566986 0.907329977
vt 0.346307993 0.395568997
vt 0.346262008 0.395604014
vt 0.346298993 0.395613015
vt 0.346266001 0.392951012
vt 0.346206993 0.392894
vt 0.34620899 0.392949998
vt 0.345086008 0.395969987
vt 0.345126003 0.395978987
vt 0.345126003 0.395911992
vt 0.348591 0.392159998
vt 0.348632991 0.392167985
vt 0.348616987 0.392161995
vt 0.348632991 0.392167985
vt 0.348603994 0.392244011
vt 0.348648012 0.392246991
vt 0.348825008 0.394102007
vt 0.348785013 0.394064993
vt 0.348785013 0.394107014
vt 0.346493006 0.392803997
vt 0.34641701 0.392749995
vt 0.346423 0.392803013
vt 0.345854014 0.395368993
vt 0.345876008 0.395363986
vt 0.345865011 0.395332992
vt 0.345865011 0.395332992
vt 0.345876008 0.395363986
vt 0.345871001 0.395332992
vt 0.365779012 0.906041026
vt 0.365772992 0.906066
vt 0.365806997 0.906060994
vt 0.365806997 0.906060994
vt 0.365776986 0.906077981
vt 0.365799993 0.906094015
vt 0.346363008 0.397376001
vt 0.346332014 0.397334993
vt 0.346323013 0.397381008
vt 0.365729004 0.906202972
vt 0.365749002 0.906287014
vt 0.365756989 0.906244993
vt 0.365767002 0.906253994
vt 0.365779996 0.906284988
vt 0.365756989 0.906244993
vt 0.365749002 0.906287014
vt 0.365767002 0.906253994
vt 0.34909299 0.393916994
vt 0.349103987 0.393968999
vt 0.349146992 0.393920988
vt 0.36687699 0.905867994
vt 0.366843998 0.905897021
vt 0.366876006 0.905901015
vt 0.366843998 0.905897021
vt 0.366843998 0.905855
vt 0.366838008 0.905888021
vt 0.344415992 0.397587001
vt 0.34433201 0.397617996
vt 0.344431013 0.397689998
vt 0.344431013 0.397689998
vt 0.34433201 0.397617996
vt 0.344422013 0.397700012
vt 0.347162992 0.392845988
vt 0.347216994 0.39278999
vt 0.347158998 0.392793
vt 0.344529003 0.397763997
vt 0.344558001 0.397700012
vt 0.344523013 0.397698998
vt 0.346679002 0.395613998
vt 0.346632004 0.395644993
vt 0.346671999 0.395660013
vt 0.34581399 0.395199001
vt 0.345782012 0.395231992
vt 0.345815003 0.395245999
vt 0.347187012 0.392591
vt 0.347213 0.392657995
vt 0.347220987 0.392589986
vt 0.346742004 0.392711014
vt 0.346684992 0.39279601
vt 0.346740007 0.392800987
vt 0.347180009 0.392437011
vt 0.347191989 0.392509013
vt 0.347205997 0.392432004
vt 0.346864998 0.396932989
vt 0.346823007 0.396863014
vt 0.346818 0.396921992
vt 0.346316993 0.392616987
vt 0.346347988 0.392684013
vt 0.346356004 0.392610997
vt 0.346787006 0.397089988
vt 0.346890986 0.397123009
vt 0.346881986 0.397067994
vt 0.346516997 0.392744005
vt 0.346482009 0.392686993
vt 0.346480012 0.392740011
vt 0.366885006 0.90447402
vt 0.366908014 0.904435992
vt 0.366878986 0.904437006
vt 0.345961004 0.395314991
vt 0.346006989 0.395262986
vt 0.345990002 0.39526701
vt 0.365749002 0.906287014
vt 0.365734994 0.906316996
vt 0.365752012 0.906323016
vt 0.348645985 0.392327994
vt 0.3486 0.392331004
vt 0.348623991 0.392381012
vt 0.346442997 0.392944008
vt 0.346390009 0.393014997
vt 0.346448004 0.393011987
vt 0.345658988 0.395011991
vt 0.345708013 0.394971013
vt 0.345688999 0.394980013
vt 0.344902992 0.395819992
vt 0.344983011 0.395799994
vt 0.344913989 0.395761013
vt 0.344983011 0.395799994
vt 0.344902992 0.395819992
vt 0.344969988 0.395848989
vt 0.347907007 0.392940998
vt 0.347873986 0.393077999
vt 0.347932011 0.393105
vt 0.345874012 0.395312011
vt 0.345918 0.395312995
vt 0.345892012 0.395280004
vt 0.345918 0.395312995
vt 0.345874012 0.395312011
vt 0.345887989 0.395321995
vt 0.345454991 0.396403015
vt 0.345492989 0.39646399
vt 0.344810992 0.395989001
vt 0.34472999 0.396037996
vt 0.344662994 0.396037012
vt 0.344718993 0.396050006
vt 0.366400003 0.904636025
vt 0.366403997 0.904675007
vt 0.366445988 0.904627979
vt 0.366445988 0.904627979
vt 0.366450995 0.904681027
vt 0.366456002 0.904673994
vt 0.349049985 0.393424988
vt 0.346356004 0.392747998
vt 0.34641701 0.392749995
vt 0.34641701 0.392749995
vt 0.346363991 0.39281401
vt 0.346423 0.392803013
vt 0.34789601 0.39288801
vt 0.345954001 0.394823998
vt 0.347912997 0.392910987
vt 0.349186003 0.398402005
vt 0.349227995 0.398411989
vt 0.34918201 0.398380995
vt 0.34918201 0.398380995
vt 0.349227995 0.398411989
vt 0.349251002 0.398380011
vt 0.345829993 0.404603988
vt 0.347158998 0.392793
vt 0.347133011 0.392722994
vt 0.347133011 0.392722994
vt 0.347158998 0.392793
vt 0.347166002 0.392724007
vt 0.34593001 0.395437002
vt 0.34651199 0.395947993
vt 0.345925003 0.395502001
vt 0.366376013 0.904299021
vt 0.366358995 0.904327989
vt 0.366373003 0.904335976
vt 0.34602201 0.395143986
vt 0.345991999 0.395150006
vt 0.346011996 0.395190001
vt 0.346011996 0.395190001
vt 0.345991999 0.395150006
vt 0.346000999 0.395202011
vt 0.346307993 0.395568997
vt 0.346273005 0.395514011
vt 0.346267015 0.395559013
vt 0.346147001 0.401178986
vt 0.346150011 0.401216
vt 0.346233994 0.401185006
vt 0.344888985 0.395884991
vt 0.344810992 0.395886004
vt 0.344877005 0.39596799
vt 0.344877005 0.39596799
vt 0.344810992 0.39596501
vt 0.344810992 0.395989001
vt 0.368012011 0.905412018
vt 0.367991 0.905434012
vt 0.368010014 0.905439973
vt 0.368010014 0.905439973
vt 0.367991 0.905434012
vt 0.367998004 0.905441999
vt 0.347193986 0.394822001
vt 0.347162992 0.394773006
vt 0.347149014 0.394816995
vt 0.344314009 0.398404986
vt 0.344300002 0.398418009
vt 0.34433201 0.398501992
vt 0.34433201 0.398501992
vt 0.344300002 0.398512989
vt 0.344316989 0.398508012
vt 0.344300002 0.398418009
vt 0.344300002 0.398512989
vt 0.34433201 0.398501992
vt 0.347222 0.39271
vt 0.347256005 0.392789006
vt 0.347263992 0.39271301
vt 0.346603006 0.395449996
vt 0.346583009 0.395489991
vt 0.346650988 0.395489007
vt 0.346590012 0.395509005
vt 0.346637011 0.395536989
vt 0.346650988 0.395489007
vt 0.346590012 0.395509005
vt 0.346650988 0.395489007
vt 0.346583009 0.395489991
vt 0.348731995 0.395013988
vt 0.348749012 0.395018011
vt 0.348738015 0.394984007
vt 0.347775996 0.401226997
vt 0.347732991 0.401169002
vt 0.347723007 0.401216
vt 0.346437007 0.392731011
vt 0.346403003 0.392688006
vt 0.346408993 0.392742008
vt 0.345530003 0.395114988
vt 0.345569015 0.395060986
vt 0.345542014 0.395038992
vt 0.346727014 0.392939001
vt 0.346697986 0.393007994
vt 0.346736014 0.393005013
vt 0.346157998 0.395687997
vt 0.346159011 0.395662993
vt 0.346118987 0.395689011
vt 0.343043 0.397433996
vt 0.343075991 0.397390008
vt 0.343041003 0.397374988
vt 0.346617013 0.39278999
vt 0.346565008 0.392793
vt 0.346617997 0.392868996
vt 0.345131993 0.395835996
vt 0.34504199 0.395880997
vt 0.345126003 0.395911992
vt 0.346742988 0.392623991
vt 0.346695006 0.392637014
vt 0.346742004 0.392711014
vt 0.346264988 0.392773002
vt 0.346235991 0.392764002
vt 0.346217006 0.392834991
vt 0.346792012 0.396988004
vt 0.346763015 0.396955997
vt 0.346758008 0.396995008
vt 0.344996005 0.395554006
vt 0.344909012 0.395594001
vt 0.344994992 0.395603001
vt 0.344994992 0.395603001
vt 0.344909012 0.395594001
vt 0.344906002 0.395633012
vt 0.348628014 0.39340499
vt 0.348625004 0.393352985
vt 0.348601997 0.393395007
vt 0.348601997 0.393395007
vt 0.348625004 0.393352985
vt 0.348614007 0.393344015
vt 0.346455008 0.395491987
vt 0.346583009 0.395489991
vt 0.346471995 0.39546299
vt 0.346471995 0.39546299
vt 0.346583009 0.395489991
vt 0.346587986 0.395451993
vt 0.347205997 0.392432004
vt 0.347232014 0.39250499
vt 0.347250015 0.392435998
vt 0.346421003 0.39250499
vt 0.346415997 0.392610013
vt 0.346435994 0.39251399
vt 0.346457005 0.395601988
vt 0.346534997 0.395695001
vt 0.346549004 0.395669997
vt 0.346585989 0.392933995
vt 0.346603006 0.393002003
vt 0.346628994 0.392928988
vt 0.346628994 0.392928988
vt 0.346603006 0.393002003
vt 0.346652001 0.393011004
vt 0.366492003 0.90653801
vt 0.366477996 0.906498015
vt 0.366465002 0.90654099
vt 0.366472989 0.906597018
vt 0.366492003 0.90653801
vt 0.345696002 0.395310998
vt 0.345773995 0.395357996
vt 0.345766008 0.395303994
vt 0.347775996 0.401226997
vt 0.347716987 0.401318997
vt 0.347761989 0.401329994
vt 0.344790995 0.395823002
vt 0.34472999 0.395909011
vt 0.344797999 0.395902008
vt 0.346322 0.392529994
vt 0.346289992 0.392544001
vt 0.346316993 0.392616987
vt 0.346316993 0.392616987
vt 0.346289992 0.392544001
vt 0.346233994 0.392623991
vt 0.345991999 0.395058006
vt 0.345984995 0.395069003
vt 0.346017003 0.395063013
vt 0.346017003 0.395063013
vt 0.345995009 0.395125002
vt 0.34602201 0.395143986
vt 0.346282005 0.395756006
vt 0.346334994 0.395720005
vt 0.346291989 0.395709008
vt 0.365664989 0.906903982
vt 0.365687013 0.906884015
vt 0.365669996 0.906850994
vt 0.365669996 0.906850994
vt 0.365691006 0.90684098
vt 0.365675986 0.906840026
vt 0.365675986 0.906840026
vt 0.365691006 0.90684098
vt 0.365685999 0.90683502
vt 0.346740007 0.392800987
vt 0.346686006 0.392875999
vt 0.346736014 0.392924011
vt 0.346275985 0.39588201
vt 0.346323013 0.39587301
vt 0.346264988 0.39587
vt 0.346264988 0.39587
vt 0.346320003 0.395815998
vt 0.346271992 0.395803005
vt 0.346686006 0.392875999
vt 0.346628994 0.392928988
vt 0.346682996 0.392933995
vt 0.346644998 0.392637014
vt 0.346596003 0.392616004
vt 0.34661901 0.392711997
vt 0.34661901 0.392711997
vt 0.346596003 0.392616004
vt 0.346567988 0.392711014
vt 0.344803989 0.395787001
vt 0.344826996 0.395792007
vt 0.344788998 0.395731986
vt 0.344797999 0.395718008
vt 0.344913989 0.395761013
vt 0.344909012 0.395705014
vt 0.344826996 0.395792007
vt 0.344797999 0.395718008
vt 0.344788998 0.395731986
vt 0.346087009 0.395435989
vt 0.345925003 0.395502001
vt 0.346091002 0.395502001
vt 0.368185014 0.904147983
vt 0.368142992 0.904120028
vt 0.368153006 0.904150009
vt 0.345941007 0.395121008
vt 0.345889002 0.394993007
vt 0.345863014 0.395155013
vt 0.348006994 0.401170999
vt 0.347891986 0.40120399
vt 0.347999007 0.401230007
vt 0.349157989 0.393429011
vt 0.349072993 0.393388003
vt 0.349049985 0.393424988
vt 0.347871006 0.398102999
vt 0.347847998 0.398021996
vt 0.347833991 0.398104995
vt 0.348453999 0.392006993
vt 0.348935008 0.392675996
vt 0.348466992 0.391911
vt 0.314094007 0.398656994
vt 0.314085007 0.398653001
vt 0.314085007 0.398654014
vt 0.314451009 0.395613998
vt 0.314440995 0.395624012
vt 0.314466 0.395613015
vt 0.312911004 0.399031013
vt 0.312918007 0.399022996
vt 0.312914997 0.399028987
vt 0.312914997 0.399028987
vt 0.312918007 0.399022996
vt 0.312920004 0.39901799
vt 0.312905014 0.398717999
vt 0.312904 0.398725986
vt 0.312918007 0.398721009
vt 0.313703001 0.398386002
vt 0.313712001 0.398375005
vt 0.313708007 0.398375005
vt 0.313632011 0.398470014
vt 0.313627005 0.398472011
vt 0.313627988 0.398481995
vt 0.315744996 0.395963997
vt 0.315746009 0.395998001
vt 0.315784007 0.395978004
vt 0.315793991 0.396008998
vt 0.315793008 0.395992994
vt 0.315784007 0.395978004
vt 0.312620014 0.398707002
vt 0.312626004 0.398701012
vt 0.312620014 0.398701996
vt 0.313814014 0.398110986
vt 0.313816011 0.398113996
vt 0.313814998 0.398108989
vt 0.313746989 0.398378015
vt 0.313744992 0.398373991
vt 0.313733995 0.398373991
vt 0.313850999 0.398259014
vt 0.313840985 0.398254007
vt 0.313840985 0.398254991
vt 0.345214009 0.401569992
vt 0.345205009 0.401565999
vt 0.345198989 0.401576012
vt 0.313699007 0.397915989
vt 0.313686997 0.397920012
vt 0.313685 0.397924989
vt 0.314363003 0.395868987
vt 0.31437099 0.395866007
vt 0.314359993 0.395857006
vt 0.315807998 0.395947993
vt 0.315842003 0.395967007
vt 0.315807998 0.395934999
vt 0.314195007 0.400453001
vt 0.314155012 0.400433004
vt 0.314155012 0.400458008
vt 0.313850999 0.398259014
vt 0.313827008 0.398312002
vt 0.313838989 0.398315996
vt 0.366443992 0.904340982
vt 0.366456002 0.904374003
vt 0.366463006 0.904368997
vt 0.312723994 0.398882985
vt 0.312658995 0.398844987
vt 0.313320994 0.399266988
vt 0.314321995 0.395565987
vt 0.314336985 0.395516008
vt 0.314325988 0.395514011
vt 0.312828988 0.39872399
vt 0.312830001 0.398799002
vt 0.312837005 0.398725003
vt 0.314099014 0.398611993
vt 0.314085007 0.398653001
vt 0.314094007 0.398656994
vt 0.313753992 0.39842099
vt 0.313710004 0.398427993
vt 0.313771993 0.398431987
vt 0.365435988 0.906776011
vt 0.365752012 0.906323016
vt 0.365734994 0.906316996
vt 0.314570993 0.400009006
vt 0.314577013 0.400058001
vt 0.314595014 0.400009006
vt 0.314446986 0.398642987
vt 0.314464986 0.398698002
vt 0.314478993 0.398620009
vt 0.368063986 0.90455699
vt 0.368065 0.904495001
vt 0.368055999 0.904496014
vt 0.314577997 0.399973005
vt 0.314604998 0.399980009
vt 0.314601988 0.399967998
vt 0.313685 0.397924989
vt 0.313672006 0.398036987
vt 0.313699007 0.397915989
vt 0.346147001 0.401178986
vt 0.346127987 0.401212007
vt 0.346150011 0.401216
vt 0.316891015 0.396441013
vt 0.314195991 0.395790011
vt 0.314172 0.395799994
vt 0.316437006 0.396506011
vt 0.316451997 0.396539003
vt 0.31646499 0.396530986
vt 0.312629998 0.399033993
vt 0.312642992 0.39904201
vt 0.313327014 0.399441004
vt 0.313535988 0.398487002
vt 0.313533992 0.398539007
vt 0.313549012 0.398483992
vt 0.313706011 0.398364991
vt 0.313670993 0.398364007
vt 0.313701004 0.398375005
vt 0.316617012 0.397159994
vt 0.313962013 0.398777008
vt 0.316657007 0.397154987
vt 0.31446901 0.398589998
vt 0.314471006 0.398615986
vt 0.314480007 0.398597002
vt 0.31259799 0.398782998
vt 0.312573999 0.398714006
vt 0.312586993 0.398788005
vt 0.312835991 0.398649007
vt 0.312828004 0.398606986
vt 0.312826991 0.398656011
vt 0.313989997 0.398741007
vt 0.314006001 0.398777008
vt 0.314007014 0.398730993
vt 0.312597007 0.398694009
vt 0.312601 0.398660988
vt 0.312575996 0.398689985
vt 0.314476997 0.395689994
vt 0.314527005 0.395678014
vt 0.31448099 0.39568001
vt 0.312563002 0.399116009
vt 0.313107997 0.399399012
vt 0.312561989 0.399091005
vt 0.349855989 0.400498003
vt 0.349808991 0.40050301
vt 0.349869013 0.400507987
vt 0.313510001 0.397996008
vt 0.313513011 0.397953987
vt 0.313501 0.398003995
vt 0.314363003 0.395868987
vt 0.314328998 0.395879
vt 0.314363003 0.395880997
vt 0.368193001 0.905265987
vt 0.368227005 0.905304015
vt 0.368209004 0.905264974
vt 0.312629998 0.398770988
vt 0.312620014 0.398707002
vt 0.312617987 0.398773015
vt 0.314090997 0.398936003
vt 0.314060986 0.39903599
vt 0.314071 0.399046004
vt 0.313753992 0.39842099
vt 0.313757002 0.398371994
vt 0.313733995 0.398373991
vt 0.349602997 0.397873014
vt 0.350050002 0.398463011
vt 0.349559009 0.397897005
vt 0.349828005 0.400496006
vt 0.350050002 0.398463011
vt 0.350039005 0.398440987
vt 0.350084007 0.398438007
vt 0.350071996 0.398467004
vt 0.350084007 0.398481995
vt 0.312492013 0.399100989
vt 0.312505007 0.399152994
vt 0.312503994 0.399102002
vt 0.314363003 0.398883998
vt 0.314117014 0.398746014
vt 0.314417005 0.398865998
vt 0.345203996 0.401641011
vt 0.345225006 0.40170899
vt 0.345216006 0.401641011
vt 0.314280003 0.398557007
vt 0.314422011 0.398562014
vt 0.314415008 0.398543
vt 0.313933998 0.398364991
vt 0.31406799 0.395817012
vt 0.314056993 0.395806015
vt 0.315506011 0.396185011
vt 0.315744996 0.395963997
vt 0.315708995 0.39595601
vt 0.314381987 0.398755997
vt 0.314431995 0.398737997
vt 0.31437999 0.398730993
vt 0.313443005 0.398070991
vt 0.314981014 0.397870004
vt 0.314994991 0.397825986
vt 0.313681006 0.398544997
vt 0.31367901 0.398481995
vt 0.313672006 0.398543
vt 0.315807998 0.395947993
vt 0.315762997 0.39595601
vt 0.315784007 0.395978004
vt 0.313529015 0.398023993
vt 0.313510001 0.397996008
vt 0.313501 0.398003995
vt 0.349855989 0.400498003
vt 0.349878997 0.400485009
vt 0.349855006 0.400485009
vt 0.345203996 0.401641011
vt 0.345214009 0.401569992
vt 0.345196009 0.401576012
vt 0.313418001 0.398463011
vt 0.313466996 0.398402005
vt 0.313452005 0.398398012
vt 0.349559009 0.397940993
vt 0.349599987 0.397926003
vt 0.349559009 0.397915989
vt 0.345840007 0.395489991
vt 0.345800996 0.395424992
vt 0.348609 0.393532991
vt 0.314431995 0.398737997
vt 0.314453006 0.398694009
vt 0.314446986 0.398642987
vt 0.346053988 0.401612997
vt 0.34472999 0.396037996
vt 0.344797999 0.395971
vt 0.313695014 0.398207992
vt 0.313686997 0.398229986
vt 0.31377399 0.398185998
vt 0.365745008 0.906186998
vt 0.365729004 0.906202972
vt 0.365756989 0.906244993
vt 0.349855989 0.400498003
vt 0.349054009 0.396618992
vt 0.349808991 0.40050301
vt 0.345984995 0.395069003
vt 0.347932011 0.393105
vt 0.345948994 0.395128012
vt 0.34651199 0.395947993
vt 0.348609 0.393532991
vt 0.34643501 0.395779997
vt 0.349162012 0.396627992
vt 0.346157014 0.395738006
vt 0.346130997 0.395723999
vt 0.349079996 0.393469989
vt 0.349157989 0.393429011
vt 0.349049985 0.393424988
vt 0.349168986 0.393476009
vt 0.365866989 0.90615499
vt 0.365846008 0.906184971
vt 0.365893006 0.906181991
vt 0.365904987 0.906148016
vt 0.345553011 0.395130992
vt 0.345530003 0.395114988
vt 0.345515996 0.395193994
vt 0.345546991 0.395217001
vt 0.345604002 0.395283014
vt 0.345634997 0.395341009
vt 0.345665991 0.395258993
vt 0.34562099 0.395334989
vt 0.348854005 0.393927008
vt 0.348823994 0.393927991
vt 0.348829001 0.393997014
vt 0.348854005 0.393987
vt 0.346320003 0.395815998
vt 0.34643501 0.395779997
vt 0.34632799 0.395767003
vt 0.346271992 0.395803005
vt 0.365435004 0.906759024
vt 0.36540699 0.90673703
vt 0.365435988 0.906776011
vt 0.36541 0.906777024
vt 0.34631899 0.392823994
vt 0.346341997 0.392760009
vt 0.346309006 0.392756999
vt 0.346340001 0.392737001
vt 0.346323997 0.395525992
vt 0.346273005 0.395514011
vt 0.346307993 0.395568997
vt 0.346374005 0.395538986
vt 0.346359015 0.395581007
vt 0.365397006 0.906566024
vt 0.365379989 0.906614006
vt 0.365442991 0.906630993
vt 0.365442991 0.906575024
vt 0.344797999 0.395971
vt 0.345982999 0.401531011
vt 0.346053988 0.401612997
vt 0.34472999 0.395909011
vt 0.366400003 0.904636025
vt 0.366445988 0.904627979
vt 0.366434008 0.904582977
vt 0.366393 0.904583991
vt 0.34859401 0.393402994
vt 0.348598987 0.393451989
vt 0.348605007 0.393453985
vt 0.348628014 0.39340499
vt 0.346374005 0.397527993
vt 0.346363008 0.397401005
vt 0.346332997 0.397464007
vt 0.34633401 0.397533
vt 0.345889002 0.394993007
vt 0.345952988 0.39486599
vt 0.345880002 0.394859999
vt 0.345840007 0.394984007
vt 0.345867008 0.394863009
vt 0.34632501 0.392881006
vt 0.346264988 0.392773002
vt 0.346262008 0.39288801
vt 0.346266001 0.392951012
vt 0.347254992 0.392655998
vt 0.347263992 0.392589003
vt 0.347220987 0.392589986
vt 0.347213 0.392657995
vt 0.367915004 0.905972004
vt 0.367944986 0.905939996
vt 0.367929012 0.905933976
vt 0.367906988 0.905945003
vt 0.344725996 0.395821989
vt 0.34472999 0.395909011
vt 0.344790995 0.395823002
vt 0.344770014 0.395747989
vt 0.34662199 0.395787001
vt 0.346614003 0.395705998
vt 0.346549988 0.395702988
vt 0.346585006 0.395812988
vt 0.345986009 0.395135999
vt 0.345995009 0.395125002
vt 0.345984995 0.395069003
vt 0.345948994 0.395128012
vt 0.347162992 0.394713014
vt 0.34720999 0.394730985
vt 0.34720999 0.394632012
vt 0.347160995 0.394591987
vt 0.348006994 0.401170999
vt 0.346637011 0.395536989
vt 0.346590012 0.395509005
vt 0.347882986 0.401113987
vt 0.364982009 0.908007026
vt 0.365022004 0.908006012
vt 0.36502701 0.907959998
vt 0.364975005 0.907959998
vt 0.346361011 0.392515987
vt 0.346415997 0.392610013
vt 0.346421003 0.39250499
vt 0.346361995 0.392432004
vt 0.314150006 0.39852801
vt 0.312566012 0.399147987
vt 0.312505007 0.399152994
vt 0.314072013 0.398505986
vt 0.346451014 0.392612994
vt 0.347847998 0.398021996
vt 0.347871006 0.398102999
vt 0.346489996 0.392623991
vt 0.344336003 0.397754997
vt 0.345113009 0.401654989
vt 0.345203996 0.401641011
vt 0.344422013 0.397700012
vt 0.346489996 0.392623991
vt 0.346482009 0.392686993
vt 0.346516997 0.392744005
vt 0.346525013 0.392675012
vt 0.346547991 0.392744005
vn 0.0505989231 -0.994878769 0.0874981359
vn -0.0324004814 -0.991614699 0.125101849
vn 0.0168997627 -0.995986044 0.0878987685
vn -0.971939325 -0.221208945 -0.0800032392
vn -0.940118015 -0.301805794 -0.158403024
vn -0.933742464 -0.332715154 -0.13200599
vn -0.0108003616 -0.210507035 -0.977532685
vn 0.0202002563 -0.198402524 -0.97991246
vn 0.0373984613 -0.212891251 -0.976359904
vn 0.0470992178 -0.069298856 -0.996483445
vn 0.0526007935 -0.0692010447 -0.996215045
vn 0.0554996021 -0.076899454 -0.995492935
vn 0.960244 -0.267212212 -0.0808036998
vn 0.964166939 -0.243591622 -0.105096392
vn 0.96245271 -0.251513779 -0.102105588
vn -0.748991907 0.642293096 0.162698239
vn -0.765385985 0.626488507 0.147297308
vn -0.766485155 0.624787927 0.14879711
vn -0.859805584 0.477503091 -0.18090117
vn -0.828542054 0.5550282 -0.0739037544
vn -0.859971285 0.508183002 0.0468984321
vn 0.528006315 -0.814709723 0.239702851
vn 0.515316308 -0.836526453 0.186205894
vn 0.559215426 -0.822022676 0.10750296
vn -0.0814045444 -0.472526312 0.877548933
vn -0.101999424 -0.471597344 0.875895023
vn -0.0752995238 -0.349797815 0.933794141
vn 0.0418998152 -0.491097838 0.870096147
vn 0.0666011497 -0.453007787 0.889015317
vn 0.180795297 0.962174952 -0.203794688
vn 0.109699756 0.971397817 -0.210599527
vn -0.105496958 0.994371355 0.00979971793
vn -0.282801419 -0.943004727 -0.175400883
vn 0.00480009802 -0.99232024 -0.123602517
vn -0.0754008964 -0.99341172 0.0863010213
vn -0.986038923 0.0836033002 -0.144005671
vn -0.982422471 0.0836019143 -0.166903809
vn -0.995732725 -0.0550018065 0.0741024315
vn -0.540922463 -0.818033993 -0.195508122
vn -0.543096364 -0.816594541 -0.19549869
vn -0.549711943 -0.809017539 -0.208104506
vn 0.900357068 -0.301385641 -0.313885033
vn 0.82137996 -0.442589253 -0.359791249
vn 0.86487484 -0.339590132 -0.369689256
vn 0.268995851 -0.086098671 0.959285259
vn 0.0900019556 -0.197704285 0.976121187
vn 0.15049386 -0.212691322 0.965460598
vn -0.339012206 0.940533936 0.0216007791
vn -0.416103572 0.909207821 0.0141001213
vn -0.439500719 0.89200145 0.105700172
vn -0.996876836 0.0596986115 -0.0516988002
vn -0.991736829 0.0829030797 0.0979036391
vn -0.994154394 0.0577973463 0.0911958218
vn 0.95050633 -0.00140000926 0.310702056
vn 0.971980512 -0.078698419 0.221495554
vn 0.928711295 0.0172002092 0.370404541
vn 0.762491941 -0.625393391 0.165798262
vn 0.780820727 -0.531414151 0.328508735
vn 0.789661586 -0.605970562 0.096095331
vn -0.955769897 0.13769567 0.259891808
vn -0.951096058 0.128499463 0.280898839
vn -0.951768339 0.196793452 0.235392183
vn 0.339492261 0.930578709 -0.136996865
vn 0.260698348 0.961793959 0.083599478
vn 0.341809839 0.925926626 -0.160704613
vn -0.071497798 0.955770433 0.285291165
vn -0.0821998864 0.943198681 0.321899563
vn 0.00590006774 0.923810542 0.382804394
vn 0.606170535 0.380581498 0.698366046
vn 0.606170535 0.380581498 0.698366046
vn 0.606170535 0.380581498 0.698366046
vn -0.985959649 0.0236990303 0.165293232
vn -0.984296739 0.0613997988 0.165499449
vn -0.958282888 0.268895209 0.0968982726
vn -0.116303757 -0.254208207 0.96013099
vn -0.0628994033 -0.306497097 0.949791074
vn -0.129206002 -0.198509216 0.9715451
vn -0.0572972856 0.00299985777 -0.998352647
vn -0.0742997304 0.0383998603 -0.996496379
vn -0.0497020409 0.0380015597 -0.998040974
vn -0.84730947 -0.530505896 0.0251002815
vn -0.847322404 -0.52301383 0.0922024399
vn -0.806030452 -0.589322209 0.0549020767
vn -0.842191398 -0.52899462 0.104298934
vn -0.860500395 -0.498300254 0.106000051
vn -0.750587821 -0.595190346 -0.286995351
vn -0.77473557 -0.569826186 -0.274012566
vn -0.786492825 -0.588194668 -0.188298285
vn 0.938914537 -0.0241003744 0.343305349
vn 0.928119361 0.0925019309 0.360607505
vn 0.929677248 0.11119727 0.351191401
vn 0.466483325 -0.864169121 -0.18869327
vn 0.396192908 -0.912683666 -0.100198209
vn 0.412098289 -0.891596317 -0.187699229
vn 0.406789273 -0.903176129 -0.137096375
vn 0.442795306 -0.88809067 -0.123398706
vn -0.0113996249 0.0336988904 -0.999367058
vn -0.0172992833 0.0545977354 -0.998358548
vn 0.0132002495 0.0662012547 -0.997718871
vn -0.0102998652 0.99258703 0.121098414
vn 0.116800591 0.960704803 0.251801252
vn 0.0361008309 0.952621937 0.30200693
vn 0.182906687 0.964535296 0.190306976
vn -0.046000313 0.990706742 0.12800087
vn 0.321196288 0.0662992224 0.944689035
vn 0.283088595 -0.00789968017 0.959061265
vn 0.346308291 0.0474011377 0.936922491
vn 0.0169004798 0.134803832 0.99072814
vn -0.0624981076 0.197194025 0.978370368
vn -0.139603809 0.189905182 0.971826613
vn 0.683184803 -0.624986053 0.377691597
vn 0.537708461 -0.542508543 0.64541012
vn 0.583026111 -0.677230358 0.448820084
vn 0.878962755 -0.474079907 -0.0516978092
vn 0.841894209 -0.539396286 -0.0162998866
vn 0.919103205 -0.37230131 0.129000455
vn 0.817914248 -0.539309442 -0.200403482
vn 0.87253201 -0.471217275 -0.129004717
vn 0.87970525 -0.472102791 -0.0569003411
vn 0.821869969 -0.559479535 0.107296079
vn 0.922126293 -0.328109354 -0.205005839
vn 0.937481642 -0.326693624 -0.119997643
vn 0.92136395 -0.369585544 -0.12039528
vn 0.116705693 0.952846408 0.280113637
vn 0.203095555 0.93977952 0.274893999
vn 0.141198874 0.957292318 0.252297968
vn -0.851725519 0.516815484 0.0864025876
vn -0.855220556 0.511112273 0.0858020633
vn -0.882611156 0.457505822 0.10810136
vn -0.948759854 0.228290349 0.21849075
vn -0.874782443 0.484490275 -0.00499989931
vn -0.873117507 0.487509817 -0.000100001998
vn 0.013599351 -0.187591046 -0.982153118
vn -0.0347002111 -0.222101361 -0.974405944
vn -0.0578982756 -0.234992996 -0.970271111
vn -0.905773818 0.415087998 0.0852975324
vn -0.903811276 0.42550531 0.0455005653
vn -0.915587485 0.398794532 0.0515992977
vn -0.104504935 -0.0367017351 -0.993846953
vn -0.123804398 -0.0461016372 -0.991235137
vn -0.0711010173 -0.0608008727 -0.99561429
vn 0.289392352 -0.213594332 0.933075249
vn 0.184001952 -0.205002174 0.961310208
vn 0.26508975 -0.241990626 0.933363795
vn -0.993367255 -0.109496392 -0.035098847
vn -0.972363174 -0.227991372 -0.0502980947
vn -0.988326013 -0.147303879 -0.0389010198
vn 0.0637032315 -0.0665033758 -0.995750546
vn 0.0631970763 -0.0739965811 -0.99525404
vn 0.058802519 -0.0802034363 -0.995042562
vn 0.565487742 0.770883322 0.293193638
vn 0.551477313 0.792967319 0.258989334
vn 0.56111598 0.771221936 0.300608546
vn 0.127196148 0.990869939 -0.0446986482
vn 0.109606206 0.990256011 -0.0859048665
vn 0.0520986766 0.997974694 -0.0364990719
vn 0.585393667 0.77259165 0.245797351
vn 0.597281754 0.78087616 0.18299441
vn 0.593268812 0.768959582 0.238187462
vn -0.0169993918 -0.0507981852 -0.998564303
vn -0.00109998928 0.00429995824 -0.999990225
vn 0.36261484 0.0709028989 -0.929238021
vn -0.955325186 0.2846075 -0.0797021016
vn -0.960995674 0.274898738 -0.0302998647
vn -0.958515108 0.250503927 -0.136002138
vn 0.732323587 -0.44011423 0.519616723
vn 0.711913109 -0.429507941 0.55561024
vn 0.73960489 -0.445602983 0.504403353
vn -0.819124818 0.48371464 0.308309317
vn -0.787406564 0.555704594 0.266802222
vn -0.814971089 0.401385754 0.417985171
vn 0.223194033 0.413388938 0.88277638
vn 0.104700468 0.579102576 0.808503568
vn 0.196602851 0.458806634 0.866512537
vn -0.905669332 0.172994122 0.387086898
vn -0.903356016 0.202490151 0.37808162
vn -0.891434371 0.12200471 0.436416835
vn -0.0248994492 -0.166196331 -0.985778213
vn -0.0205008406 -0.161006585 -0.98674041
vn -0.0249003004 -0.170102045 -0.985111773
vn -0.845670223 0.447984219 0.290089786
vn -0.847012043 0.452406436 0.279103965
vn -0.849338412 0.474321425 0.231610462
vn 0.752697349 -0.649297714 0.108899616
vn 0.724591136 -0.655891955 0.211597413
vn 0.766011238 -0.616109073 0.183402702
vn 0.211099938 0.908199787 -0.361399919
vn 0.284994543 0.877683103 -0.385292619
vn 0.280905902 0.87221837 -0.400408447
vn -0.845668316 -0.525980294 0.0904966071
vn -0.856888115 -0.482193351 -0.182297483
vn -0.882496655 -0.466398239 -0.0605997741
vn 0.47668606 0.788276911 0.389088601
vn 0.380806834 0.85101527 0.361606508
vn 0.430409729 0.840418935 0.329307407
vn 0.0223998521 -0.180098817 0.98339349
vn 0.0591014363 -0.259906322 0.963823497
vn 0.0295990426 -0.238592297 0.970668674
vn -0.996122539 0.0834018886 0.0280006342
vn -0.978876352 0.195995256 -0.0581985936
vn -0.998740971 0.0496020354 -0.00750030763
vn -0.530504704 -0.768606782 -0.357503146
vn -0.533602774 -0.760504067 -0.370001972
vn -0.530482829 -0.768675148 -0.357388437
vn -0.040098507 0.182093203 0.98246336
vn 0.0328994952 0.12599808 0.991484821
vn -0.0528014638 0.110903077 0.992427528
vn -0.98528868 -0.0660992414 0.157598183
vn -0.993751705 0.0604970604 0.0937954485
vn -0.998436511 0.021000769 0.0518018976
vn 0.129201755 0.0598008186 -0.989813507
vn 0.0958977491 0.031999249 -0.994876683
vn 0.0991975144 0.0744981319 -0.992275059
vn 0.612807155 0.530706227 0.585506856
vn 0.636110187 0.520708323 0.569409132
vn 0.597574592 0.53827709 0.5942747
vn -0.991425157 0.128203258 0.0253006425
vn -0.966741204 0.173607409 0.187808007
vn -0.976787746 0.188797638 0.101198725
vn -0.835100174 0.538700104 0.111400031
vn -0.861459911 0.492177069 0.125094175
vn -0.779085815 0.57368952 0.252795398
vn -0.0844027698 -0.0691022649 -0.994032681
vn -0.0942996666 -0.026299905 -0.995196402
vn -0.112201452 -0.0818010643 -0.990312815
vn -0.0126996245 0.956671774 0.290891379
vn 0.127597079 0.951778114 0.278993607
vn 0.00589997694 0.961996198 0.272998929
vn 0.622995198 -0.780593932 -0.0504996069
vn 0.519700348 -0.846600592 -0.114800073
vn 0.662920952 -0.743223548 0.0903028622
vn 0.407081336 -0.163392499 0.898658812
vn 0.421875954 -0.20118852 0.884049594
vn 0.48360014 -0.210500062 0.849600255
vn -0.946029902 -0.275908738 -0.170005381
vn -0.93757689 -0.291292816 -0.189995319
vn -0.910889685 -0.382595658 -0.154598236
vn -0.815707982 0.465504557 0.343403369
vn -0.742218077 0.629415333 0.230105609
vn -0.855823755 0.49421373 0.152704254
vn -0.922532558 0.373813182 -0.0959033817
vn -0.968284965 0.237196326 -0.0784987882
vn -0.946138501 0.321013063 0.0421017148
vn 0.200397953 -0.878591061 -0.433495581
vn 0.256007224 -0.89392513 -0.367910385
vn 0.14829573 -0.883374572 -0.444587171
vn -0.69778204 -0.673582673 -0.243693739
vn -0.702085435 -0.680885911 -0.208495677
vn -0.701688528 -0.688288808 -0.184096992
vn -0.614085317 -0.788781166 -0.0268993601
vn -0.684915304 -0.719916105 -0.112302519
vn -0.639282405 -0.76637888 -0.0630982667
vn 0.960049808 -0.269785911 0.0742961168
vn 0.940753341 -0.33218351 0.0680966154
vn 0.960657895 -0.275987893 0.0310986377
vn 0.959414601 -0.228903487 0.164702505
vn 0.956277311 -0.263593733 0.126696989
vn 0.954195142 -0.267298639 0.13439931
vn -0.982423544 0.179704309 0.0505012125
vn -0.995991528 0.0876992568 -0.0175998509
vn -0.993257642 0.105295509 0.0484979302
vn -0.982934296 0.163605705 -0.0841029361
vn -0.998492241 0.0483996235 -0.0258997995
vn -0.894756019 0.416679531 0.160592124
vn -0.886624992 0.456912875 0.0716020167
vn -0.906536102 0.421416789 0.0245009772
vn 0.0215991065 0.139694214 -0.989959061
vn 0.146692589 0.0567971356 -0.987550199
vn 0.263596237 -0.16459766 -0.950486481
vn 0.85948956 0.434894681 -0.268596739
vn 0.861880064 0.435689956 -0.259494007
vn 0.841271996 0.495283484 -0.21669279
vn -0.785401285 0.597600996 0.161300272
vn -0.754571021 0.633575678 0.170893446
vn -0.731868505 0.654771864 0.188791901
vn -0.998875797 0.0471988581 0.00439989334
vn -0.998091638 -0.0153998714 0.0597994998
vn -0.983259976 0.0770968646 0.165093273
vn -0.999989867 0.000299996987 -0.00449995417
vn -0.991591573 0.035999693 0.124298945
vn -0.165297017 0.136997521 -0.976682425
vn -0.20120503 0.179704517 -0.962924123
vn -0.146399438 0.194099233 -0.969996214
vn 0.907572687 -0.346689582 -0.236892864
vn 0.917395055 -0.179699033 -0.355098099
vn 0.932807088 -0.19540149 -0.302802324
vn 0.898860574 -0.267288297 -0.347284794
vn 0.919674039 -0.26759243 -0.287391901
vn -0.970029116 0.232106954 -0.0719021559
vn -0.979709387 0.187801808 -0.0700006709
vn -0.972253919 0.217189699 -0.0868958831
vn 0.794882178 -0.431390315 -0.4266904
vn 0.736781478 -0.475188017 -0.480987906
vn 0.798862398 -0.423380107 -0.42727989
vn 0.94272387 -0.325908244 -0.0711017922
vn 0.943641543 -0.319814056 -0.0852037445
vn 0.931203723 -0.355701387 -0.0796003118
vn 0.890211463 -0.450105816 0.0702009052
vn 0.929571986 -0.347089529 -0.124196261
vn 0.873987198 -0.485592842 0.0185997263
vn 0.862582147 0.505589485 0.0181996226
vn 0.851601422 0.523900867 0.0174000282
vn 0.852591455 0.521294773 0.0365996361
vn 0.0883008763 -0.0341003388 -0.995509982
vn 0.128103256 0.00840021484 -0.991725326
vn 0.119700916 -0.0446003415 -0.99180764
vn -0.980162382 -0.155494019 0.122895278
vn -0.928278863 -0.337492317 0.156196445
vn -0.956703067 -0.240600765 0.163800523
vn 0.610199153 0.626599193 0.484799385
vn 0.598803997 0.655404329 0.460303038
vn 0.576222003 0.66692543 0.47241801
vn 0.31351009 0.0696022436 0.947030544
vn 0.350402325 0.0655004308 0.934306145
vn 0.391287416 0.104896627 0.914270639
vn 0.343096286 0.0987989232 0.93408978
vn 0.358912319 0.046101585 0.932232022
vn 0.406073928 -0.908941627 0.094493933
vn 0.399523407 -0.90505296 0.145808533
vn 0.418003947 -0.899608493 0.126401186
vn 0.402609318 -0.907721043 0.118102744
vn 0.393393159 -0.902484238 0.175396934
vn 0.381890118 0.924076021 -0.0155995945
vn 0.316980243 0.945741057 0.0713955536
vn 0.374596924 0.924892426 -0.0651994646
vn 0.312611401 0.948234618 -0.0559020415
vn 0.411891729 0.911081612 0.0165996663
vn -0.987767577 -0.148395121 -0.0478984267
vn -0.992419004 -0.109502099 -0.0558010675
vn -0.996007383 -0.0722005367 -0.0525003895
vn -0.988990903 0.0234997813 0.146098658
vn -0.966308355 0.128001109 0.223301917
vn -0.997929931 0.0234006997 0.0599017963
vn -0.124998912 0.225498036 -0.96619153
vn -0.120800056 0.22040011 -0.967900395
vn -0.11959812 0.221996516 -0.967684805
vn 0.980191112 -0.133498788 0.146298677
vn 0.984778106 -0.121397302 0.124397233
vn 0.971999347 -0.214299858 0.0963999406
vn 0.466407508 -0.221403539 0.856413782
vn 0.507992744 -0.130698144 0.851387858
vn 0.339488477 -0.116496041 0.933368266
vn 0.104899317 0.332097828 -0.937393844
vn 0.00539982598 0.38048774 -0.924770176
vn 0.0746041238 0.411722749 -0.908250213
vn -0.686034977 -0.556128383 0.4691239
vn -0.669314802 -0.553612232 0.495510936
vn -0.662510633 -0.607209742 0.438607037
vn 0.418901086 -0.880702257 0.221100554
vn 0.421485901 -0.879570603 0.22069262
vn 0.425704777 -0.877809823 0.219602466
vn -0.612296104 0.65069586 0.449097157
vn -0.835671186 0.433385104 0.337388366
vn -0.699428856 0.495220453 0.515321195
vn 0.117801115 0.28980276 0.949809015
vn 0.0670018122 0.222506002 0.972626269
vn -0.0477010012 0.294306189 0.954520106
vn 0.16359362 0.236490771 0.957762599
vn 0.0269005038 0.0873016417 0.995818675
vn 0.121892817 -0.239785895 0.963143289
vn 0.198302194 -0.226502493 0.95361048
vn 0.0923992917 -0.302397668 0.948692739
vn 0.140104383 0.14110443 -0.980030715
vn 0.0914026499 0.160904676 -0.982728541
vn 0.118000999 0.139201194 -0.983208358
vn 0.587788522 0.7754848 -0.230495483
vn 0.589198411 0.784697831 -0.19259946
vn 0.588402748 0.772003591 -0.240401104
vn 0.792805672 -0.581004083 -0.184101313
vn 0.896718621 -0.416908652 -0.148603082
vn 0.833309531 -0.551306307 -0.0407004654
vn -0.403605759 -0.0665009469 0.912513018
vn -0.351685017 -0.0837964341 0.932360291
vn -0.371105194 -0.0487006791 0.927312911
vn 0.177491054 -0.977250755 -0.11609415
vn 0.136801079 -0.990307748 -0.0240001883
vn 0.21820648 -0.970928848 -0.0984029174
vn 0.362903625 0.0875008777 0.927709281
vn 0.23750259 0.0952010378 0.966710567
vn 0.298403829 0.0156001979 0.954312146
vn 0.301113248 -0.782134473 0.545524001
vn 0.259096235 -0.807188392 0.530392349
vn 0.30929473 -0.786886573 0.53399092
vn 0.711820304 -0.702220023 -0.0141004035
vn 0.501018107 -0.862031102 0.0767027736
vn 0.589020193 -0.808027744 0.0121004153
vn 0.937377572 -0.344991744 0.047998853
vn 0.944931984 -0.325111032 0.0375012718
vn 0.954805076 -0.296801537 0.0160000846
vn 0.776936829 -0.541825712 -0.320615202
vn 0.883040547 -0.396018177 -0.251811564
vn 0.79724288 -0.506827235 -0.327917606
vn -0.0801027417 0.972833276 -0.217207432
vn -0.0968956649 0.975056291 -0.199691042
vn -0.0785971954 0.978165209 -0.192393154
vn -0.594216526 -0.802622318 -0.0520014465
vn -0.605982304 -0.79377681 -0.0519984849
vn -0.610692203 -0.791089892 -0.0350995511
vn 0.831605017 -0.507303059 0.226001352
vn 0.861540437 -0.438120574 0.256512016
vn 0.818795979 -0.478097677 0.317798436
vn 0.965701103 -0.249300301 -0.072600089
vn 0.982985675 -0.15989767 -0.0903986841
vn 0.901897788 -0.431598961 0.0173999574
vn 0.941301823 -0.299200565 -0.156300291
vn 0.945567012 -0.318788886 -0.0653977171
vn 0.843131423 -0.457017034 0.283310562
vn 0.868068099 -0.41628471 0.27049008
vn 0.845299006 -0.447899461 0.291299641
vn 0.0783013031 -0.99001652 -0.117201954
vn 0.102698132 -0.99178195 -0.0762986168
vn 0.112500973 -0.989308596 -0.0928008035
vn 0.418483019 0.820566654 0.389284194
vn 0.411497027 0.828094065 0.38069725
vn 0.519381702 0.738074005 0.430684865
vn 0.56340009 0.36800006 0.739700139
vn 0.595101118 0.34210062 0.727201343
vn 0.59186393 0.350678653 0.725755811
vn 0.950882375 -0.24469547 0.189596489
vn 0.94982636 -0.263507336 0.168504685
vn 0.958808184 -0.231501982 0.1646014
vn 0.367209345 0.907423139 0.204305217
vn 0.480393857 0.84528923 0.233897015
vn 0.497907788 0.832313061 0.243603811
vn 0.535294235 0.821991146 0.194397897
vn 0.487317145 0.866730452 0.106303729
vn 0.894440532 0.421419114 -0.149606779
vn 0.873273611 0.440886676 -0.207393721
vn 0.872807503 0.45460391 -0.177601531
vn -0.0538971089 -0.967748106 0.246086806
vn -0.0823970363 -0.965865314 0.245591164
vn -0.0306001287 -0.96520406 0.259701103
vn -0.0664000809 0.986301184 0.151000187
vn -0.0717025995 0.964434981 0.254409224
vn -0.193206325 0.943730891 0.268408805
vn 0.192696825 0.0120997997 0.981183767
vn 0.258700281 0.0297000296 0.965500951
vn 0.271996588 0.0501993708 0.960987926
vn -0.808709741 0.531206369 0.252603054
vn -0.844305396 0.472803026 0.252201617
vn -0.870079219 0.421889931 0.254893899
vn -0.943691969 0.322397262 0.0741993636
vn -0.923666835 0.336787939 0.182793424
vn -0.901082039 0.393192172 0.182896346
vn -0.275109023 0.118103877 -0.954131305
vn -0.297784328 0.0778958946 -0.951449871
vn -0.295197725 0.115799114 -0.948392749
vn -0.974364936 0.203792661 -0.0952965692
vn -0.977997482 0.1966995 -0.0694998205
vn -0.994303465 0.0889003128 -0.0588002019
vn 0.225200355 -0.0147000235 0.97420156
vn 0.118600979 -0.0163001344 0.992808223
vn 0.253386438 0.0283984803 0.966948271
vn -0.0880035087 0.0340013579 -0.995539725
vn -0.00290009822 -0.0269009136 -0.999633908
vn -0.0843031779 -0.0143005392 -0.996337533
vn -0.935407162 -0.340402603 0.0956007317
vn -0.853873432 -0.486684859 0.184494257
vn -0.95575738 -0.287287176 0.0631971732
vn -0.985718131 -0.111502051 0.12620233
vn -0.985718131 -0.111502051 0.12620233
vn -0.985718131 -0.111502051 0.12620233
vn -0.858217835 0.487710118 0.160003319
vn -0.714687049 0.679387748 0.166296989
vn -0.798475206 0.50188446 0.332489669
vn -0.129096881 0.964876711 0.22879447
vn -0.128993511 0.964151621 0.231888369
vn -0.114698559 0.962587893 0.245496914
vn -0.855160236 0.404481202 -0.324184924
vn -0.866002202 0.321600795 -0.382900983
vn -0.90150106 0.20170024 -0.382900447
vn 0.0501991808 0.995183766 -0.0841986313
vn 0.0335987508 0.997662902 -0.0594977885
vn 0.0932975784 0.994874179 -0.0389989913
vn 0.831186056 -0.526291192 0.179296985
vn 0.833873749 -0.531883299 0.147495359
vn 0.816675961 -0.509884953 0.270292044
vn 0.197503075 0.430506676 0.880713642
vn -0.0122995591 0.475982964 0.879368544
vn 0.0631035119 0.425723702 0.902650177
vn -0.979655385 0.16779235 -0.110094987
vn -0.979265749 0.188893393 -0.0731974468
vn -0.981508672 0.185301617 0.0480004214
vn -0.95731473 -0.257503957 -0.131302029
vn -0.961006343 -0.254901677 -0.107200705
vn -0.969483018 -0.225496054 -0.0961983129
vn 0.647623837 0.753727794 0.111704111
vn 0.647623837 0.753727794 0.111704111
vn 0.657730639 0.748234868 0.0868040472
vn 0.456708223 0.888416052 -0.0462008342
vn 0.456980884 0.889262795 0.0194991846
vn 0.329190016 0.939771473 0.0919972062
vn 0.908003032 -0.414901376 -0.0582001992
vn 0.938087702 -0.344695479 -0.0342995487
vn 0.903382659 -0.428391784 0.019499626
vn -0.142100349 -0.987902343 -0.0621001497
vn -0.256005734 -0.964921653 0.0582013056
vn -0.164395154 -0.986170948 0.0209993832
vn 0.550234258 0.301318765 0.778748512
vn 0.483813703 0.297308445 0.823123336
vn 0.599501193 0.300300598 0.741901517
vn 0.830070853 -0.28049016 0.481983095
vn 0.861321926 -0.252606452 0.440811247
vn 0.848530412 -0.299810767 0.436015606
vn -0.793616056 -0.58711189 0.159603223
vn -0.782264233 -0.601272523 0.16289255
vn -0.789814234 -0.590510666 0.165803
vn 0.220393106 0.844973564 -0.48728475
vn 0.103195526 0.954058588 -0.281287789
vn 0.268696725 0.924988747 -0.268696725
vn 0.928093374 -0.304497838 0.214298472
vn 0.93806839 -0.307189673 0.160194606
vn 0.936006486 -0.279301941 0.214201495
vn -0.556617975 0.827126741 0.0777025074
vn -0.541608632 0.83531338 0.094401516
vn -0.538730085 0.836746752 0.0981054828
vn 0.0121003222 -0.999626637 0.0245006531
vn 0.0133995442 -0.999665976 0.0220992472
vn 0.0988963842 -0.991163731 0.0883967653
vn 0.220412508 -0.504428625 0.834847331
vn 0.206104532 -0.554412186 0.806317687
vn 0.0749998614 -0.305299431 0.949298263
vn 0.495107114 -0.0144002074 0.868712544
vn 0.431219131 0.00360015943 0.902239978
vn 0.410010308 0.0289007239 0.911622882
vn -0.97664988 -0.175008938 0.124606363
vn -0.976660252 -0.195892021 0.08809641
vn -0.987559021 -0.117595121 0.104395665
vn 0.846134424 -0.522921264 0.103004195
vn 0.883674026 -0.44588688 0.142495796
vn 0.885022998 -0.450811744 0.116203018
vn 0.255390018 -0.0601976439 -0.964962244
vn 0.145396113 9.99973199e-05 -0.989373505
vn 0.245600596 -0.0332000814 -0.968802392
vn -0.702320695 -0.365410745 0.610917985
vn -0.68681258 -0.39810729 0.608111143
vn -0.639995575 -0.355497569 0.681195319
vn -0.170400158 -0.0639000684 -0.983300924
vn -0.237100944 -0.0336001292 -0.970903814
vn -0.170393839 -0.00479982654 -0.985364377
vn 0.364885718 0.920664012 0.138694569
vn 0.306290478 0.921371341 0.239292547
vn 0.379692167 0.901381433 0.208195686
vn 0.0952041745 0.147006437 -0.984543145
vn 0.0815983638 0.163996711 -0.983080268
vn 0.161202759 0.237104058 -0.958016396
vn -0.588332236 -0.320617557 -0.742340624
vn -0.634612679 -0.308206171 -0.708714187
vn -0.61217773 -0.306088865 -0.729073405
vn -0.0494020171 0.989240348 0.137705624
vn -0.038899295 0.991582096 0.123497769
vn -0.103496827 0.984869838 0.138995737
vn 0.36031124 -0.323810101 0.874827325
vn 0.378508359 -0.331707299 0.864118993
vn 0.34800902 -0.292407572 0.89072305
vn 0.0174993351 -0.131495014 -0.9911623
vn 0.0117001208 -0.129501343 -0.991510272
vn 0.017799044 -0.129293054 -0.991446733
vn -0.867674351 0.339889944 0.362789273
vn -0.876818001 0.371207625 0.305606246
vn -0.846102953 0.43720153 0.304901063
vn 0.972090125 -0.160198376 0.171398252
vn 0.944652736 -0.120306723 0.305217057
vn 0.97349757 -0.186899543 0.131799653
vn -0.788809597 0.00610007392 0.614607513
vn -0.75501442 0.0892016962 0.649612427
vn -0.813023388 -0.0770022124 0.577116549
vn 0.27019763 -0.939891756 -0.20879817
vn 0.311611384 -0.909633279 -0.274710029
vn 0.33708939 -0.917571127 -0.210793376
vn -0.3469899 0.153795511 -0.925172985
vn 0.0191003811 0.113802277 -0.993319869
vn 0.0191003811 0.113802277 -0.993319869
vn -0.994000971 0.0281000286 0.105700098
vn -0.994312406 0.0267003328 0.103101291
vn -0.993856013 0.0286987294 0.106895268
vn -0.997996747 0.0556998178 -0.0299999006
vn -0.977411866 0.0120001454 0.211002558
vn -0.987396181 0.157699391 -0.0133999474
vn -0.13749893 0.499396086 0.85539335
vn -0.16050376 0.492611498 0.855320036
vn -0.133097917 0.477692544 0.868386388
vn 0.104205281 -0.966048956 0.236411974
vn 0.132307962 -0.951157153 0.278916776
vn 0.105603516 -0.969332218 0.221907392
vn -0.209990263 0.127494097 -0.969355106
vn -0.22981067 0.115605369 -0.966344893
vn -0.220995694 0.133597389 -0.966081142
vn 0.863077819 0.0519986674 0.502387106
vn 0.877982199 0.00169996556 0.478690267
vn 0.858376443 -0.0528985523 0.510285974
vn 0.857406795 -0.513904095 0.0275002178
vn 0.822794914 -0.552096605 0.134899169
vn 0.859483182 -0.511089981 0.00869982969
vn -0.0601008125 -0.997813463 -0.0275003705
vn -0.0370985232 -0.998960257 0.0264989454
vn 0.00949970633 -0.999869108 0.0130995959
vn -0.868316591 0.417307973 -0.268105119
vn -0.825176835 0.515485525 -0.230993524
vn -0.681574166 0.257690221 -0.684874058
vn 0.424206406 0.81761235 -0.38930586
vn 0.310702026 0.882005811 -0.354302317
vn 0.44541949 0.817535758 -0.365015984
vn -0.982718945 0.185103565 0.000200003851
vn -0.960141897 0.222186565 -0.169589728
vn -0.993218124 0.111602031 -0.0326005965
vn -0.916126728 0.0734021366 0.394111514
vn -0.921073496 -0.000199994232 0.3893888
vn -0.944308221 0.0320002809 0.327502847
vn 0.292005897 -0.950219154 -0.10870219
vn 0.308494061 -0.951181769 -0.00919982418
vn 0.294495523 -0.954385519 -0.0491992533
vn 0.945378065 -0.0299993046 0.324592471
vn 0.947624922 -0.0317008346 0.31780833
vn 0.947481275 -0.0330993496 0.318093717
vn -0.836653113 -0.543669522 -0.0665962622
vn -0.86190325 -0.43170163 -0.266001016
vn -0.861709833 -0.45770523 -0.2190025
vn 0.889287412 -0.44239375 0.115998358
vn 0.9098683 -0.398786098 0.114496008
vn 0.898182988 -0.411692202 0.154197082
vn 0.764677405 -0.609581947 -0.208993822
vn 0.767739117 -0.619231522 -0.164708391
vn 0.723510087 -0.634508848 -0.271903783
vn 0.921026826 -0.319409311 -0.2229065
vn 0.932975471 -0.295792222 -0.205094606
vn 0.931362391 -0.300287873 -0.205891684
vn 0.138405323 -0.231508881 0.962936938
vn 0.166395694 -0.289592505 0.942575574
vn 0.201896325 -0.190596506 0.960682452
vn -0.626574099 -0.682671726 0.37598443
vn -0.654029965 -0.712332666 0.254611671
vn -0.651431084 -0.663531601 0.367917538
vn 0.111595169 0.967058182 0.228790089
vn 0.122995466 0.978863895 0.163393959
vn 0.11820136 0.983311296 -0.138301596
vn -0.679114938 0.00480010593 0.73401618
vn -0.586726964 -0.133906141 0.798636675
vn -0.543321669 0.0221008845 0.839233577
vn 0.460704863 -0.0387004092 0.886709332
vn 0.440002829 -0.0185001194 0.89780581
vn 0.467818975 -0.0262010638 0.883435905
vn 0.157002524 0.0886014253 -0.983615816
vn 0.131894737 0.128794879 -0.982860923
vn 0.143701807 0.101401269 -0.984412253
vn 0.065901719 -0.99782604 0.000100002602
vn 0.0953021422 -0.983322144 -0.154903501
vn -0.0146994861 -0.998465061 -0.0533981286
vn 0.828823745 -0.559015989 0.0235006716
vn 0.751014471 -0.638712347 0.167403236
vn 0.789005578 -0.600104272 0.131700933
vn 0.439204752 0.1671018 0.882709563
vn 0.336687893 0.190393165 0.922166884
vn 0.371085465 0.0993961021 0.923263848
vn 0.876802862 -0.470101506 0.101100326
vn 0.859846532 -0.49912703 0.107405819
vn 0.843709946 -0.516506076 0.14620173
vn 0.899396181 -0.307998687 0.310198694
vn 0.930050194 -0.290184438 0.225387916
vn 0.886316776 -0.351306617 0.301705688
vn -0.998835385 0.0474016815 -0.00900031906
vn -0.992860377 0.118895255 0.00959961675
vn -0.996809065 0.0733006597 0.0316002853
vn 0.614509165 0.765811443 0.189502835
vn 0.615593076 0.775691211 0.139098436
vn 0.667263567 0.684862614 0.292784035
vn -0.995022893 0.0984022617 -0.0157003608
vn -0.990495801 0.13359943 -0.0326998644
vn -0.992070258 0.12459626 -0.0164995044
vn -0.690616846 -0.629415393 -0.356208712
vn -0.685673773 -0.639775515 -0.347186744
vn -0.686808288 -0.636907697 -0.350204229
vn -0.306806296 0.299206138 0.903518498
vn -0.162595779 0.203994706 0.965374947
vn -0.275501102 0.236700952 0.931703687
vn -0.694493771 -0.18009837 0.696593761
vn -0.723602831 -0.170200676 0.668902636
vn -0.698556244 -0.316080213 0.641959786
vn 0.611905098 0.724406064 0.317502648
vn 0.485710979 0.693115652 0.532612026
vn 0.518515229 0.721421242 0.459013492
vn 0.481509119 0.834715784 0.26720503
vn 0.478608549 0.835514963 0.269904822
vn 0.477007151 0.835912526 0.271504045
vn -0.677207232 0.725907743 0.120201282
vn -0.687185347 0.716884673 0.117697492
vn -0.688503563 0.725203753 -0.00650003366
vn -0.0138002392 0.120502084 -0.99261719
vn 0.089596346 0.192692161 -0.977160215
vn 0.0637007728 0.195102379 -0.978711963
vn -0.962540269 0.270911366 0.0111004645
vn -0.981867909 0.186193913 0.0355988368
vn -0.967136919 0.234608948 0.0980037376
vn 0.694094837 0.634695232 0.33969748
vn 0.76506722 0.601974189 0.228690207
vn 0.66192925 0.717131734 0.218109637
vn 0.950387776 -0.309796035 -0.0280996393
vn 0.956068933 -0.285890698 -0.0647978932
vn 0.921444416 -0.38817659 -0.0160990302
vn 0.873817086 0.425308347 0.235704601
vn 0.906182826 0.376992851 0.191596374
vn 0.900480032 0.404791027 0.158996463
vn 0.905345678 -0.424674541 -0.000899945968
vn 0.897915661 -0.43930769 -0.0275004804
vn 0.891811669 -0.45210591 -0.016500216
vn -0.0178004466 0.0970024392 -0.995124996
vn -0.0441017933 0.103604212 -0.993640363
vn -0.0376014076 0.113404237 -0.992837131
vn 0.0499003008 0.988405943 0.143400863
vn 0.0665017813 0.993826687 -0.0888023823
vn 0.125899866 0.986298978 0.10659989
vn -0.986185014 0.165397495 -0.00909986254
vn -0.950904787 0.305401564 0.0501002483
vn -0.961328268 0.272908002 -0.0370010883
vn 0.764638484 -0.643732429 0.0306015424
vn 0.760288477 -0.646790206 0.0601990893
vn 0.767914653 -0.634212077 0.0899017155
vn 0.347094715 -0.936285734 0.0537991822
vn 0.336499631 -0.939999044 0.0562999398
vn 0.334311038 -0.941831112 0.0345011391
vn -0.976288974 -0.183897927 0.114198714
vn -0.983476639 -0.0307992697 0.178395763
vn -0.995835781 -0.0488017499 0.0770027637
vn -0.98176676 -0.11599607 0.150594905
vn -0.979100585 -0.201000139 0.0310000181
vn -0.6128304 -0.784638941 -0.0937046483
vn -0.636442184 -0.762550592 -0.116007693
vn -0.588807404 -0.754609466 -0.289603651
vn 0.721499264 -0.682899296 -0.114399888
vn 0.77017653 -0.612781346 -0.176994607
vn 0.703265309 -0.699365497 -0.127693698
vn -0.156105816 -0.987636805 -0.0143005326
vn -0.0584991463 -0.998285472 -0.00199997099
vn -0.166398749 -0.985792577 0.022899827
vn -0.798488438 0.597091377 0.0767988935
vn -0.806349218 0.589262903 0.0506968051
vn -0.789983928 0.590787947 0.163996652
vn -0.863028347 0.500516474 -0.0683022514
vn -0.889426947 0.445913494 -0.100403041
vn -0.882762551 0.458480567 -0.10259565
vn 0.0250987988 -0.00809961278 -0.999652147
vn 0.0158002991 -0.0106001999 -0.999818981
vn 0.0206009168 -0.00930041447 -0.999744475
vn 0.106603809 0.336212039 0.935733438
vn 0.148900971 0.347702265 0.925706029
vn 0.150796533 0.365591526 0.918478787
vn 0.670908034 -0.702308416 0.238002867
vn 0.872474968 -0.433987528 0.22459355
vn 0.85140264 -0.496301532 0.169700518
vn 0.455524653 -0.88664794 0.079704307
vn 0.460505903 -0.881811261 0.101701297
vn 0.453876346 -0.884653926 0.106694445
vn -0.26030013 -0.932600498 -0.250000119
vn -0.27969721 -0.926290691 -0.252497464
vn -0.243292928 -0.937872767 -0.247392803
vn -0.982982457 0.183696717 -0.00099998212
vn -0.99295491 0.118194632 -0.00839961786
vn -0.987178683 0.145696849 -0.0651985928
vn -0.987611473 0.118901379 -0.10240119
vn -0.929285586 0.358994424 -0.0868986547
vn -0.947926581 -0.191205367 -0.254707128
vn -0.918497086 -0.350898862 -0.18229942
vn -0.979541361 -0.181607679 -0.0867036656
vn 0.800401211 -0.59510088 -0.0722001046
vn 0.800599635 -0.598199725 -0.0345999859
vn 0.788711548 -0.612508953 -0.0526007712
vn -0.937303722 0.340501338 0.0743002966
vn -0.943762898 0.307687908 0.120995253
vn -0.918972611 0.386388481 0.0786976516
vn 0.383479029 0.703661561 0.5981673
vn 0.467400253 0.65620029 0.592400253
vn 0.366208166 0.722016096 0.587013066
vn 0.194499299 0.93299669 0.302798897
vn 0.209107608 0.944434404 0.25360924
vn 0.22149393 0.945674121 0.237993494
vn 0.678901315 -0.73060143 0.0729001388
vn 0.696258307 -0.711557388 0.0943943486
vn 0.699200988 -0.70490104 0.119300172
vn -0.851053834 -0.0866952911 0.517871916
vn -0.835987329 -0.149497733 0.527991951
vn -0.812907815 -0.240302309 0.530505061
vn 0.0562989451 0.997181296 -0.0495990701
vn 0.248705074 0.963319659 0.100802056
vn 0.0547025278 0.996746063 0.0592027344
vn -0.110304564 0.075303115 -0.991041005
vn -0.115095794 0.0782971382 -0.99026382
vn -0.109803222 0.084802486 -0.990329027
vn 0.0296002105 0.398002833 -0.916906536
vn -0.028399393 0.322393119 -0.946179748
vn -0.0493990406 0.391192377 -0.918982148
vn -0.0940059423 -0.902257085 -0.420826644
vn -0.134004861 -0.91023308 -0.391814232
vn -0.22429201 -0.929466903 -0.292889565
vn 0.898845792 -0.356218159 0.255312979
vn 0.888530552 -0.36971274 0.271709353
vn 0.867012084 -0.472706616 0.157602191
vn -0.986684978 0.160197571 0.0280995723
vn -0.98399353 0.17089887 0.0504996665
vn -0.989799261 0.139099896 0.0307999775
vn 0.916572511 -0.284891456 0.280591577
vn 0.938284934 -0.22249642 0.26479575
vn 0.873844564 -0.389419883 0.291114867
vn 0.115699299 -0.358597815 -0.926294386
vn 0.118696488 -0.361789286 -0.924672723
vn 0.115699299 -0.358597815 -0.926294386
vn 0.424897283 0.735095263 0.52829659
vn 0.327019036 0.784945726 0.526230633
vn 0.264186084 0.848855317 0.457875878
vn 0.239594698 -0.968878567 -0.062198624
vn 0.175198302 -0.983490467 -0.0452995598
vn 0.184693828 -0.981267214 -0.0547981709
vn 0.620486617 0.784183085 0.00729984231
vn 0.61362344 0.789130151 -0.0272010397
vn 0.728083193 0.684984207 -0.0262993947
vn 0.291410148 -0.229208007 0.928732395
vn 0.295203507 -0.147301748 0.944011211
vn 0.235602275 -0.235802278 0.942809105
vn -0.141894624 -0.108995862 0.983862698
vn -0.230498031 -0.0856992677 0.969291687
vn -0.210909948 -0.0943044499 0.972945869
vn -0.224698946 0.974195421 0.0212998986
vn -0.166991919 0.983252406 0.0729964674
vn -0.149497211 0.988581598 0.0188996475
vn 0.923333764 -0.383814007 -0.0119004352
vn 0.908400297 -0.418100148 -0.00110000034
vn 0.910316825 -0.41080758 -0.0506009348
vn 0.132804289 0.00450014556 -0.991132081
vn 0.069699876 -0.01179998 -0.997498214
vn 0.12039762 0.0328993537 -0.992180467
vn -0.719377995 -0.682479143 0.129296049
vn -0.653510451 -0.728711605 0.204703256
vn -0.753594875 -0.644295633 0.130299121
vn -0.748111963 -0.658310533 0.0834013373
vn -0.744913042 -0.661711574 0.0851014927
vn -0.953747392 0.238711849 -0.182709068
vn -0.964323759 0.174004287 -0.199504927
vn -0.988692522 0.11699912 -0.093799293
vn -0.680102348 0.137000456 -0.720202446
vn -0.728602111 0.0695002005 -0.681401968
vn -0.745670021 0.178092852 -0.642074168
vn -0.941618204 -0.187403619 0.279705405
vn -0.979963005 -0.0988962576 0.172893479
vn -0.992086112 -0.0656990856 0.106998503
vn 0.102004141 -0.152406201 -0.983039916
vn 0.0502020568 -0.0847034678 -0.995140791
vn 0.125201181 -0.0512004793 -0.990809321
vn -0.862016082 0.506509423 -0.0194003619
vn -0.894693136 0.446196616 -0.0207998417
vn -0.923496306 0.383598447 -0.00259998953
vn 0.150905892 -0.0400015563 -0.98773849
vn 0.214187846 -0.0512970909 -0.975444615
vn 0.153095663 -0.138396099 -0.978472352
vn -0.784666181 0.519677639 0.337985456
vn -0.781590104 0.540393233 0.311596066
vn -0.793247163 0.608836174 0.00880052242
vn 0.87157917 -0.428389788 0.238394305
vn 0.89191097 -0.425505251 0.153101876
vn 0.90195936 -0.383082747 0.199291021
vn -0.101404734 0.135706335 -0.985545993
vn -0.082201153 0.183302581 -0.979613781
vn -0.0821010917 0.167702228 -0.982413054
vn 0.719606519 -0.693906248 0.025700232
vn 0.7611745 -0.646678329 0.0491983518
vn 0.670610785 -0.738611937 0.0688011125
vn 0.824204206 -0.558402836 0.0942004845
vn 0.868990779 -0.491694778 0.0555994064
vn 0.82610482 -0.549203217 0.12620075
vn -0.775626004 -0.631121159 -0.00950031821
vn -0.768617392 -0.639414489 -0.0194004402
vn -0.902790844 -0.421495706 -0.0854991302
vn -0.514770389 -0.824552476 -0.234786466
vn -0.50787437 -0.84315747 -0.176491082
vn -0.40200913 -0.91092062 -0.0928020999
vn -0.219888717 -0.97544992 -0.0120993787
vn -0.233608067 -0.969533443 0.0737025514
vn -0.24059388 -0.970475316 0.0170995668
vn -0.960406482 0.227301538 -0.161101088
vn -0.986768663 0.0894971639 0.135195702
vn -0.977530301 0.189705878 0.0919028521
vn 0.0683020055 -0.0356010459 -0.997029305
vn 0.058401946 0.0303010084 -0.997833192
vn 0.0858981535 0.0157996584 -0.996178627
vn -0.426701337 0.192800611 0.883602798
vn -0.475805819 0.196102381 0.857410431
vn -0.438518852 0.204108775 0.875237584
vn -0.842784286 -0.120497748 0.524590194
vn -0.932373166 -0.0852975398 0.351289898
vn -0.927901566 -0.0755001232 0.365100622
vn 0.660703361 0.170600861 0.731003702
vn 0.65448755 0.153697073 0.740285933
vn 0.588710546 0.170703053 0.790114164
vn -0.0906005576 -0.887505412 -0.451802731
vn -0.084298104 -0.887980044 -0.452089816
vn -0.0873980522 -0.887680292 -0.452089965
vn 0.406999499 -0.0364999548 -0.912698865
vn 0.364505231 -0.0450006463 -0.930113375
vn 0.38099277 -0.0132997474 -0.924482405
vn -0.983796775 -0.0205999333 0.178099424
vn -0.987609267 0.103000969 0.11840111
vn -0.958451152 0.110905915 0.262814045
vn -0.607209206 0.17150259 0.775811732
vn -0.702632189 0.19030872 0.685631394
vn -0.574183702 0.170495182 0.800777376
vn -0.916809499 0.0160001665 -0.399004102
vn -0.916809499 0.0160001665 -0.399004102
vn -0.916809499 0.0160001665 -0.399004102
vn 0.249591336 -0.826071322 0.505282462
vn 0.295697153 -0.774292529 0.559494555
vn 0.32930541 -0.725511909 0.604309976
vn 0.5822047 0.691205621 0.428103447
vn 0.384006381 0.639610529 0.665911019
vn 0.227204993 0.737816215 0.635613978
vn -0.823710203 -0.566607058 -0.0214002654
vn -0.784156621 -0.613766015 0.0915949345
vn -0.838625669 -0.536916435 0.0918028131
vn -0.345885694 -0.91656208 0.2006917
vn -0.569171429 -0.597370028 0.564971626
vn -0.583895266 -0.584895313 0.562995493
vn -0.257112235 0.832339644 -0.491023362
vn -0.257112235 0.832339644 -0.491023362
vn -0.257112235 0.832339644 -0.491023362
vn 0.142704591 0.576518595 0.804525912
vn 0.142704591 0.576518595 0.804525912
vn 0.142704591 0.576518595 0.804525912
vn -0.919403315 -0.393201441 0.00950003415
vn -0.919403315 -0.393201441 0.00950003415
vn -0.919403315 -0.393201441 0.00950003415
vn 0.794513524 -0.541609228 -0.274604678
vn 0.794513524 -0.541609228 -0.274604678
vn 0.794513524 -0.541609228 -0.274604678
vn -0.258098841 -0.117099479 0.9589957
vn -0.242610127 -0.134605616 0.960740089
vn -0.226712346 -0.119906537 0.966552675
vn 0.779127002 0.469016254 -0.415914387
vn 0.779127002 0.469016254 -0.415914387
vn 0.779127002 0.469016254 -0.415914387
vn -0.165601805 0.985210717 0.0440004766
vn -0.173304096 0.975723147 0.133903176
vn -0.145996928 0.988279223 -0.04459906
vn -0.0679016635 0.60171473 0.795819461
vn -0.0735024512 0.596919954 0.798926711
vn -0.123096824 0.553385735 0.823778749
vn -0.985021532 -0.0229004994 -0.170903727
vn -0.98692733 0.137603819 -0.0839023218
vn -0.975483716 0.109498173 -0.190896824
vn 0.120597318 -0.939679146 0.320092887
vn 0.113797642 -0.939980507 0.321693331
vn 0.117101595 -0.939912796 0.320704371
vn 0.321699917 0.509299874 -0.798199773
vn 0.319497943 0.5054968 -0.801494896
vn 0.328196049 0.496194035 -0.803790331
vn 0.00359987025 -0.691075087 0.722773969
vn 0.00509989867 -0.689586282 0.724185586
vn -0.00269996584 -0.697591186 0.716490924
vn 0.0981025696 -0.473112404 -0.875522971
vn 0.0981025696 -0.473112404 -0.875522971
vn 0.0981025696 -0.473112404 -0.875522971
vn 0.417876691 -0.846652806 0.329481632
vn 0.390492469 -0.84368372 0.368392885
vn 0.364412963 -0.837629795 0.406914473
vn 0.822335482 -0.319813788 0.470620304
vn 0.726492882 -0.355296552 0.588194251
vn 0.820163906 -0.293887079 0.490878373
vn -0.46588859 -0.88357836 -0.0472988412
vn -0.467000484 -0.883400977 -0.0389000401
vn -0.471500874 -0.881101608 -0.0367000662
vn -0.962050498 -0.202310622 0.183109611
vn -0.958307087 -0.211801559 0.191801414
vn -0.963184536 -0.189096957 0.191096932
vn 0.863830626 -0.359512746 0.352912515
vn 0.84710139 -0.41400066 0.333200544
vn 0.979627848 -0.176004991 0.096702747
vn 0.189000428 0.979902267 0.0638001487
vn 0.172396183 0.983778238 0.0495989025
vn 0.0934040174 0.995242774 0.0277011916
vn -0.131897703 -0.989882767 0.0522990897
vn -0.135300085 -0.990300655 0.0316000208
vn -0.116295487 -0.992761433 -0.0299988333
vn -0.920622587 0.167904109 0.352508634
vn -0.89659518 0.253098637 0.363398075
vn -0.921008289 0.187401682 0.341503084
vn 0.0773999169 -0.985998988 0.147699848
vn -0.0214008447 -0.9903391 0.137005404
vn 0.0144997723 -0.990284503 0.138297841
vn -0.154403731 0.982923687 -0.10010241
vn -0.147303224 0.987821639 -0.0501010977
vn -0.109998986 0.990690827 -0.0801992565
vn -0.195603579 0.0113002071 -0.98061794
vn -0.197805122 0.0318008251 -0.97972542
vn -0.192795351 0.0226994548 -0.980976403
vn -0.986563563 -0.16169402 0.0233991351
vn -0.948588252 -0.310696155 0.0603992529
vn -0.956422985 -0.257206172 0.138203323
vn -0.96646291 0.225491345 -0.122895293
vn -0.958614886 0.234603643 -0.161302507
vn -0.969905198 0.12010064 -0.211801127
vn 0.265108645 0.182805955 0.946730852
vn 0.256789833 0.161593586 0.952862203
vn 0.342289746 0.167894974 0.924472272
vn 0.465691626 0.137597531 0.87418431
vn 0.398915291 0.106904089 0.910734892
vn 0.469011843 0.160304055 0.868521929
vn -0.979161441 0.124695085 0.160293683
vn -0.984292805 0.0397997089 0.171998739
vn -0.988165855 0.119395874 0.0962966681
vn -0.951158166 0.129307911 -0.280317128
vn -0.913691819 0.345996886 -0.213198096
vn -0.864808142 0.136101276 -0.48330456
vn -0.995616913 0.0934015885 0.00480008172
vn -0.990717709 0.135902435 -0.00300005358
vn -0.994232953 0.101403363 -0.034901157
vn -0.684203088 -0.482002169 0.547302425
vn -0.659908652 -0.515606761 0.54650718
vn -0.654010534 -0.515008271 0.554108918
vn -0.797990918 0.589093328 0.127198562
vn -0.748294175 0.618895173 0.238798156
vn -0.704288006 0.704587996 0.0867985263
vn -0.826598465 0.539599001 0.159899697
vn -0.828107417 0.535704792 0.165101469
vn -0.830888033 0.534992278 0.152997792
vn -0.999187648 -0.0402995013 -0.000299996318
vn -0.998311758 0.0366004296 0.0451005325
vn -0.998380899 0.00739985844 -0.0563989244
vn -0.784371555 0.13339515 0.605778039
vn -0.741579473 0.120896652 0.659881771
vn -0.697604775 0.225701556 0.680004656
vn 0.272583514 -0.0336979628 -0.961541831
vn 0.271302134 -0.0306002442 -0.962007701
vn 0.262601435 -0.0196001064 -0.964705229
vn -0.625978947 0.0667977557 -0.776973903
vn -0.633791566 0.0395994708 -0.772489667
vn -0.68122524 0.0352013037 -0.73122704
vn -0.192088753 0.938844979 0.285783261
vn -0.308206946 0.871819675 0.380708575
vn -0.204796642 0.874185681 0.440292805
vn -0.308507502 0.906922042 0.286906987
vn -0.302988559 0.907865763 0.289789051
vn -0.301201731 0.90520519 0.299801737
vn 0.169305474 0.234207556 -0.957330883
vn 0.166199431 0.233299196 -0.958096683
vn 0.174307033 0.225009069 -0.958638668
vn 0.825905144 -0.368402302 0.426802665
vn 0.869511783 -0.274503738 0.41060558
vn 0.830918491 -0.318507075 0.456210136
vn -0.828265488 0.481679916 0.286288083
vn -0.778201818 0.556001306 0.292000681
vn -0.845679164 0.477288216 0.238794118
vn 0.814712405 0.539208233 0.213303253
vn 0.804613233 0.562309265 0.190803126
vn 0.788799345 0.577299535 0.210999817
vn 0.954796731 -0.214499265 -0.205799282
vn 0.891200662 -0.320600241 -0.320900232
vn 0.950439632 -0.235309824 -0.203208461
vn 0.97050482 -0.178900898 0.161600798
vn 0.945410013 -0.190502018 0.264402807
vn 0.942966044 -0.19909282 0.26679036
vn 0.514303684 0.800005794 0.309002221
vn 0.630686581 0.716084778 0.299093664
vn 0.533994436 0.788791835 0.304396868
vn -0.72712487 0.682623327 0.0729024932
vn -0.716187954 0.689088464 0.110598139
vn -0.745524108 0.656621218 0.114203699
vn -0.460296839 -0.133999079 0.877593935
vn -0.449000537 -0.0672000721 0.891001046
vn -0.435213327 -0.233107135 0.869626641
vn 0.0587984324 0.975674033 0.211194381
vn 0.0493991636 0.987783253 0.147797495
vn 0.0912021846 0.945922673 0.31130749
vn 0.0552973859 0.124694109 -0.990653157
vn 0.0602026656 0.0930041224 -0.993844032
vn 0.0493025482 0.11140576 -0.992551327
vn -0.781229854 -0.455717444 0.426616311
vn -0.861428618 -0.356111825 0.362112045
vn -0.828103185 -0.333201259 0.45080173
vn 0.367993236 -0.657887876 0.657087922
vn 0.525801897 -0.213400781 0.823403001
vn 0.311309099 -0.565116525 0.764022291
vn -0.0897043496 -0.879842639 0.466722578
vn -0.102502294 -0.887019873 0.450210065
vn -0.111198962 -0.890791714 0.440595895
vn 0.0369011313 -0.825825393 0.562717259
vn 0.0456997715 -0.831795871 0.553197265
vn 0.0298003014 -0.821308315 0.569705784
vn 0.823589623 0.533593237 0.192297593
vn 0.879513383 0.459407002 0.1241019
vn 0.795780063 0.599884987 0.0828979313
vn -0.707569599 -0.385583431 -0.59217453
vn -0.716494918 -0.389397264 -0.578795969
vn -0.736984432 -0.387091875 -0.554088295
vn 0.345813751 0.931436956 -0.113304496
vn 0.364495873 0.926589549 -0.0925989673
vn 0.353298157 0.930695117 -0.0947995037
vn -0.389806658 -0.909615517 0.143702447
vn -0.427212268 -0.894225717 0.133603841
vn -0.40111503 -0.908434033 0.117704406
vn 0.0238994677 -0.988877952 0.146796718
vn -0.103499912 -0.977799118 0.182199821
vn -0.0681977868 -0.992067814 0.105596572
vn -0.769419789 0.176004529 0.614015818
vn -0.793637037 0.26421234 0.548025548
vn -0.753786087 0.32889396 0.568889499
vn -0.764199078 -0.617699265 -0.185599774
vn -0.77799046 -0.596592724 -0.196997598
vn -0.732934237 -0.678231657 -0.053002473
vn 0.492113918 -0.296108365 0.818623126
vn 0.626234412 -0.283815593 0.726139903
vn 0.440710574 -0.288806945 0.849920452
vn -0.765816033 0.364307642 0.529911101
vn -0.791410089 0.306303918 0.52900672
vn -0.694219649 0.230906561 0.681719303
vn -0.390609264 -0.839319885 0.378108978
vn -0.42038542 -0.87436974 0.242391616
vn -0.441197693 -0.865795553 0.236098796
vn 0.372387826 0.903470516 0.212293074
vn 0.388899356 0.90199846 0.187499672
vn 0.379313707 0.899532557 0.216707841
vn -0.994743466 0.0661028922 0.0782034099
vn -0.98379159 0.16579859 0.0682994202
vn -0.994783938 0.0546991155 0.0860986039
vn -0.715892613 0.67129308 0.191998005
vn -0.71709621 0.688696384 0.107099429
vn -0.746082067 0.65088433 0.14039664
vn -0.993112743 0.0876011252 -0.0778009966
vn -0.990336418 -0.0524019264 -0.128404707
vn -0.987087965 0.146398216 -0.0649992004
vn 0.600090086 0.762987435 0.240296036
vn 0.51899904 0.817398429 0.249999523
vn 0.536913276 0.795919657 0.279706925
vn -0.972590327 -0.176398247 -0.151498497
vn -0.936250746 -0.289684772 -0.198789537
vn -0.968195558 -0.247198865 -0.0385998227
vn -0.107296444 -0.0623979308 -0.992267072
vn -0.0937016606 -0.120202132 -0.988317549
vn -0.0912995785 -0.111199476 -0.989595354
vn 0.294211239 -0.242609233 -0.924435198
vn 0.317602634 -0.265802175 -0.91020751
vn 0.298992813 -0.277293354 -0.91307807
vn -0.960106313 0.276701808 0.0404002666
vn -0.974114478 0.163502425 0.156102329
vn -0.936176777 0.316392124 0.153196201
vn -0.994638622 0.0992038548 -0.0292011332
vn -0.965363383 0.22149159 -0.137894765
vn -0.981300831 0.0808000639 -0.174700156
vn 0.784713507 -0.3196055 0.531109154
vn 0.784692585 -0.305997133 0.539094925
vn 0.784503937 -0.327801645 0.526402652
vn 0.987641037 -0.152106315 0.0378015712
vn 0.989850283 -0.14100717 0.0177008994
vn 0.984957814 -0.169192761 0.0350984968
vn 0.734596252 -0.676696539 -0.0494997464
vn 0.734190047 -0.677390814 -0.0458993763
vn 0.734419167 -0.677017689 -0.0477012433
vn -0.0562019199 0.955432653 0.289809912
vn -0.0731982067 0.968676209 0.237294167
vn -0.130404457 0.963132858 0.235308036
vn -0.90100956 0.42840454 -0.0682007223
vn -0.874067068 0.476781994 -0.0931964815
vn -0.676997542 0.727597356 -0.110799603
vn 0.250404149 -0.395406514 0.883714616
vn 0.207607836 -0.29511115 0.932635248
vn 0.156608343 -0.334617823 0.929249525
vn 0.102597095 0.992971838 -0.0589983277
vn 0.0761020184 0.994926453 -0.0658017546
vn 0.108495504 0.992858887 -0.0495979451
vn -0.714815855 -0.693715394 0.0883019567
vn -0.72111851 -0.650316715 0.238906145
vn -0.761697829 -0.63869822 0.108999692
vn -0.845918834 -0.494711041 -0.199204445
vn -0.754076779 -0.654779792 -0.0512984209
vn -0.901422024 -0.42541039 -0.080401957
vn 0.539121389 -0.841533422 0.0342013612
vn 0.519373119 -0.846556187 0.116593964
vn 0.540707171 -0.840111136 0.0430005714
vn 0.314292938 -0.900479734 -0.300593227
vn 0.308304518 -0.9087134 -0.281404138
vn 0.236698553 -0.943894207 -0.230298579
vn 0.429104537 -0.827408791 -0.362303853
vn 0.431083292 -0.826167941 -0.362785935
vn 0.523286581 -0.799579561 -0.294692457
vn 0.170395985 0.956277549 -0.237694412
vn 0.165995941 0.966876388 -0.193895265
vn 0.0544982292 0.997667611 -0.0410986654
vn -0.985074401 0.163895741 0.0525986329
vn -0.95680815 0.289702475 0.0243002065
vn -0.961358547 0.251489192 0.111995175
vn 0.921648443 0.0500971973 0.38477847
vn 0.976338744 -0.0426016897 0.212008417
vn 0.974330902 0.0152004818 0.224607125
vn 0.837898731 -0.529499233 0.132499784
vn 0.745320737 -0.652118206 0.138703853
vn 0.795301199 -0.58690089 0.15180023
vn -0.926352859 0.177110106 0.332418978
vn -0.927787185 0.233396769 0.291095972
vn -0.920583069 0.219695956 0.322894067
vn 0.240588203 0.935354173 -0.259287298
vn 0.282510757 0.927235305 -0.245809361
vn 0.265209913 0.934834957 -0.23610881
vn -0.654634416 -0.719137728 -0.233012214
vn -0.722269952 -0.68347156 -0.1057956
vn -0.714603305 -0.600502729 -0.358801633
vn -0.558999062 -0.801898658 -0.210899636
vn -0.519593239 -0.844389081 -0.13049832
vn -0.666204691 -0.71440506 -0.214001521
vn -0.732000768 -0.678700686 0.0595000647
vn -0.567669153 -0.823255241 -0.001599913
vn -0.780431986 -0.569023311 0.25911063
vn 0.472393453 0.88138777 0.000399994431
vn 0.404196799 0.906792819 0.119799063
vn 0.466289043 0.860979795 0.203195229
vn 0.408481449 0.911958575 -0.0383982584
vn 0.305899739 0.94919914 -0.0737999305
vn 0.321103483 0.947010338 -0.00800008792
vn 0.28999722 0.718493164 0.632193983
vn 0.280301571 0.750004232 0.599103391
vn 0.236092433 0.800974309 0.550182343
vn -0.90777874 0.141696677 0.394790739
vn -0.879200637 0.357200265 0.315300226
vn -0.957673073 0.204494253 0.20259431
vn 0.105304144 0.00140005501 -0.994439125
vn 0.112298355 0.0369994566 -0.992985427
vn 0.116298854 0.0156998448 -0.993090212
vn -0.427525491 -0.90185374 0.0623037145
vn -0.397213697 -0.914631546 0.0753026009
vn -0.363102436 -0.930206239 0.0536003597
vn -0.764789879 -0.605591953 0.219897076
vn -0.787393451 -0.584395111 0.196198359
vn -0.821886301 -0.560590625 0.101198308
vn -0.73847878 -0.589183092 -0.327890575
vn -0.768698156 -0.576998651 -0.275999337
vn -0.773202181 -0.58310169 -0.249300703
vn 0.895557761 -0.225989327 0.383281916
vn 0.906352818 -0.26421541 0.329719216
vn 0.907139063 -0.236610174 0.348014951
vn 0.9761765 -0.13109684 0.172895849
vn 0.959001422 -0.253900379 0.125900179
vn 0.961496413 -0.251799077 0.110099591
vn 0.98333621 0.175906479 0.0459016897
vn 0.992027104 0.124803409 0.0175004788
vn 0.975161433 0.221291259 0.00949962437
vn -0.218295008 -0.00319992681 -0.975877643
vn -0.205501869 0.0296002682 -0.978208899
vn -0.171102718 0.0086001372 -0.985215664
vn 0.99787128 -0.0614982285 -0.0216993764
vn 0.995539367 0.0313012376 -0.0890035182
vn 0.991099536 0.0791999623 -0.106999949
vn 0.997161865 -0.075197123 -0.00369985844
vn 0.98863554 -0.148205325 -0.0252009071
vn 0.992486715 -0.119198397 -0.0275996309
vn 0.64372915 0.225310221 -0.731333137
vn 0.64132607 0.185807541 -0.744430244
vn 0.632761359 0.227886081 -0.740054846
vn 0.641266048 0.594868481 0.484674305
vn 0.524598122 0.712097466 0.466598302
vn 0.543083787 0.79267633 0.276991725
vn 0.0993965715 0.050498262 -0.993765712
vn 0.107904002 0.0532019697 -0.992736816
vn 0.0972001776 0.0481000878 -0.994101822
vn 0.318993509 0.0762984455 -0.94468075
vn 0.308495969 0.0557992719 -0.949587643
vn 0.326893747 -0.0183996484 -0.944881916
vn -0.180504709 -0.180204704 -0.966925204
vn -0.175196588 -0.12009766 -0.977180958
vn -0.0954977348 -0.123197086 -0.987776637
vn 0.620198011 -0.585998178 0.521498322
vn 0.631173551 -0.650872707 0.421882331
vn 0.779782295 -0.561587274 0.276693702
vn 0.523100793 0.0109000159 0.852201164
vn 0.519410253 -0.0942018703 0.849316835
vn 0.490303993 -0.0999008119 0.865807056
vn 0.338195324 -0.0579991974 0.939287007
vn 0.233796015 -0.0984983221 0.967283547
vn 0.218597203 -0.0828989446 0.972287536
vn 0.540190756 0.515091181 0.665488601
vn 0.530987382 0.522287607 0.667284131
vn 0.435683399 0.569078386 0.69737345
vn -0.0356991738 0.533287585 0.845180392
vn 0.11590568 0.429821104 0.895443916
vn 0.260687441 0.395580947 0.880657613
vn 0.910315394 -0.403606832 -0.091801554
vn 0.899080098 -0.433790416 -0.0589986928
vn 0.867157876 -0.488176316 -0.0985952094
vn 0.229597449 0.952389419 0.200597763
vn 0.146596432 0.971476376 0.186395466
vn 0.206297353 0.940987885 0.26829654
vn -0.812259436 0.58197093 0.0392980315
vn -0.952207506 0.289202273 0.0983007774
vn -0.82444942 0.560465634 0.0784951821
vn -0.400995135 -0.838389874 -0.369195521
vn -0.401424766 -0.83795172 -0.369722843
vn -0.392598867 -0.850797474 -0.349298954
vn 0.273216456 -0.24941504 -0.929055989
vn 0.337595224 -0.208597064 -0.917887092
vn 0.351591617 -0.204795107 -0.913478196
vn -0.0388007239 -0.826015353 0.562310517
vn -0.0974972695 -0.900874794 0.422988147
vn 0.0188005138 -0.877224028 0.479713112
vn -0.870635509 0.49052003 0.0372015201
vn -0.884815395 0.46590808 0.00560009712
vn -0.881217599 0.472709447 -0.001100022
vn -0.00170004123 -0.986623883 0.163003951
vn 0.0749996901 -0.992695808 0.0944995955
vn 0.00370006985 -0.973418355 0.229004323
vn 0.0775983408 -0.995278716 -0.0582987517
vn 0.100998506 -0.994785249 -0.0141997896
vn 0.0418986455 -0.998767734 0.0265991408
vn 0.0105004665 -0.999144435 -0.0400017761
vn 0.110600449 -0.99160403 -0.0670002773
vn 0.000699976168 -0.994866133 -0.101196557
vn -0.980080247 -0.19419609 0.0415991619
vn -0.993363142 -0.114995733 -0.00239991117
vn -0.964101672 -0.265400469 0.0084000146
vn -0.962345302 -0.245311543 0.117105514
vn -0.979836643 -0.185106933 0.0752028152
vn -0.975438833 -0.196107805 -0.100304
vn 0.37640816 0.850918412 0.366407931
vn 0.349600047 0.844600201 0.405500084
vn 0.31570673 0.86281842 0.394808441
vn 0.0812035426 0.99644345 0.0225009825
vn 0.00729964674 0.999951601 -0.00659968052
vn 0.0608026795 0.997343957 0.0401017666
vn -0.511092246 0.791388035 0.335394919
vn -0.227809936 0.928540528 0.293112785
vn -0.37829259 0.924981892 0.0360992923
vn -0.743735194 0.647430658 0.166407868
vn -0.617390752 0.631490588 0.469092995
vn -0.549173653 0.798961759 0.245088264
vn 0.0684965849 0.00139993033 -0.997650325
vn 0.119500645 0.0324001759 -0.992305338
vn 0.121897921 -0.0226996131 -0.992283046
vn -0.965579391 0.243894771 -0.0903980732
vn -0.947929561 0.295209199 -0.119503722
vn -0.968792975 0.216998413 -0.11979913
vn -0.24369742 0.341096401 0.90789032
vn -0.233897865 0.372696579 0.897991776
vn -0.28209585 0.310395449 0.907786667
vn -0.182709113 0.335516721 0.924146056
vn -0.264698207 0.355797619 0.896293998
vn -0.249294892 0.306093723 0.918781161
vn 0.745376647 -0.437286288 0.503184199
vn 0.74176383 -0.433678836 0.511575043
vn 0.733634055 -0.423519641 0.531424701
vn -0.0965013355 0.995013773 0.0252003502
vn -0.130600661 0.973504901 0.187700942
vn -0.017899286 0.969461322 0.244590238
vn 0.524616957 0.822526515 -0.2196071
vn 0.385607541 0.878317177 -0.282605499
vn 0.418679416 0.889956236 -0.18079111
vn -0.998037755 0.0310011711 0.0544020571
vn -0.998492837 0.0485996492 0.025499817
vn -0.998325646 0.0408010483 0.0410010554
vn 0.100901209 0.413904935 0.904710829
vn -0.0440012775 0.382211119 0.9230268
vn -0.0340998583 0.378198445 0.925096214
vn -0.980967581 0.0815973058 -0.176194176
vn -0.980967581 0.0815973058 -0.176194176
vn -0.98094523 0.0814037547 -0.176408142
vn -0.746604323 -0.571703315 0.340201974
vn -0.746691227 -0.571593285 0.340196013
vn -0.746491969 -0.571793854 0.340296328
vn -0.968017936 0.245704561 0.0507009402
vn -0.977979124 0.203295663 0.0471989959
vn -0.968636572 0.24840939 -0.00600022683
vn -0.865575135 0.429087669 0.258192569
vn -0.851343453 0.450623006 0.268613696
vn -0.864946127 0.420522422 0.273914605
vn 0.738731861 -0.657928407 0.146306321
vn 0.742536008 -0.630630553 0.225710958
vn 0.70460391 -0.680003822 0.202801138
vn -0.943076074 -0.325191736 -0.0696982369
vn -0.905673623 -0.404288203 -0.127696276
vn -0.862670064 -0.492982894 0.112996072
vn -0.841109931 -0.54060638 0.016700197
vn -0.812882781 -0.53108871 -0.239094928
vn -0.721817315 -0.691916585 -0.0152003644
vn 0.369190097 0.0120996749 0.929275095
vn 0.406098485 -0.0311998837 0.91329658
vn 0.461489737 0.0604986511 0.885080338
vn 0.353920937 0.184710935 0.916854322
vn 0.29651013 0.0956032723 0.950232506
vn 0.349102646 0.178601354 0.919906974
vn -0.0735968947 -0.260888964 0.962559283
vn 0.0256996062 -0.244196266 0.969385207
vn 0.0436009802 -0.200504512 0.978722036
vn -0.976473093 -0.188294813 -0.105097108
vn -0.979515076 -0.176302716 -0.0973015055
vn -0.974824786 -0.137403488 -0.175604478
vn 0.0132004078 0.160604969 -0.98693049
vn 0.0708974376 0.133095175 -0.988564193
vn 0.0684009716 0.139801994 -0.987814069
vn 0.332101613 -0.439102113 -0.834804058
vn 0.339896828 -0.441495955 -0.830392301
vn 0.358899534 -0.431399465 -0.827698946
vn 0.00899985712 0.0542991385 -0.998484194
vn -0.0199005939 0.0578017235 -0.998129785
vn 0.0101004941 0.0761037245 -0.997048795
vn -0.697822034 -0.454114377 0.553917527
vn -0.732733309 -0.431619614 0.526123941
vn -0.71068114 -0.447688103 0.542685628
vn -0.0022000547 0.764419019 0.644716024
vn -0.242910102 0.802733362 0.54462266
vn -0.186806455 0.724825025 0.663122892
vn 0.0747984797 0.869582295 0.488090038
vn 0.00100001914 0.98351872 0.180803448
vn -0.0424983166 0.870865524 0.489680588
vn 0.0480979905 0.0310987011 -0.998358309
vn 0.0751975179 0.037398763 -0.996467113
vn 0.0270998869 -0.0874996334 -0.995795846
vn -0.992339611 0.0880035162 -0.0867034644
vn -0.98470217 0.0859001875 -0.151600331
vn -0.978479564 -0.0552988462 -0.19879584
vn -0.0429990664 0.271494091 0.961479068
vn 0.0507018268 0.247208878 0.967634797
vn 0.0443013385 0.254607677 0.966029167
vn 0.0107000219 0.326600611 0.945101857
vn 0.0217011422 0.257813573 0.965950847
vn 0.00860017259 0.285905719 0.958219171
vn -0.854165733 0.513779402 0.0801967829
vn -0.802990496 0.524193823 0.283596665
vn -0.865895689 0.443797797 0.230798855
vn -0.246193871 0.225694388 0.942576528
vn -0.296892613 0.25339371 0.920677125
vn -0.323392868 0.250594467 0.912479877
vn 0.595785558 -0.141496569 0.790580869
vn 0.589997768 -0.126099542 0.797497034
vn 0.587719023 -0.149004832 0.795225739
vn -0.294999331 0.221799493 0.929397941
vn -0.301911563 0.214308202 0.928935587
vn -0.303593576 0.191395938 0.933380187
vn 0.152793497 0.000699970173 -0.988257945
vn 0.185309142 -0.00790038891 -0.982648492
vn 0.174199417 0.0317998976 -0.984196723
vn 0.981524527 -0.0876021907 -0.17010425
vn 0.98669827 -0.102099821 -0.126499772
vn 0.982577264 -0.0892979354 -0.162996233
vn 0.953609407 -0.289002866 0.084300831
vn 0.962415397 -0.257404119 0.086601384
vn 0.950185776 -0.301895499 0.0774988383
vn -0.113696545 0.509084582 0.85317409
vn -0.064802438 0.54052031 0.838831544
vn -0.127901748 0.494506747 0.859711707
vn 0.198500663 0.9472031 0.251800835
vn 0.20938766 0.908046484 0.362778634
vn 0.0886968672 0.966365933 0.24139148
vn -0.00110006076 0.948952377 0.315417439
vn 0.0226986799 0.950144708 0.310981899
vn 0.0174996331 0.959079921 0.282594055
vn 0.0716994405 0.544495761 0.835693419
vn -0.0643989816 0.537991464 0.840486705
vn 0.0116993571 0.548369884 0.836154103
vn -0.999281466 -0.000399992568 -0.0378993005
vn -0.999905825 0.00340002007 -0.0133000771
vn -0.988916278 0.148402438 -0.00460007554
vn -0.990874767 0.133396596 -0.0192995109
vn -0.999448597 -0.000200009716 -0.0332016125
vn -0.995290995 0.0118998922 0.0961991251
vn 0.482503861 -0.874307036 -0.0527004264
vn 0.491987497 -0.867677867 -0.071298182
vn 0.499105185 -0.864008963 -0.0662006885
vn 0.184398308 -0.968491077 0.167398453
vn 0.158197269 -0.959983468 0.231096014
vn 0.136297494 -0.97078222 0.197496399
vn 0.461391121 -0.862083435 -0.209595963
vn 0.461398572 -0.871997297 -0.163499489
vn 0.465674877 -0.864953339 -0.18708989
vn 0.352588087 -0.89776969 0.263991088
vn 0.330403537 -0.939510047 0.0903009698
vn 0.391190916 -0.918878675 0.051298812
vn 0.630688369 -0.110797964 0.768085897
vn 0.630518138 -0.150104299 0.761521876
vn 0.659673929 -0.172993153 0.731371105
vn -0.93721348 -0.304404378 -0.170202449
vn -0.933162868 -0.274989039 -0.231490791
vn -0.921054482 -0.308484733 -0.237688258
vn -0.915927887 -0.332810134 0.224306822
vn -0.999177277 0.0399990901 0.00669984752
vn -0.93950212 -0.337800771 -0.0568001308
vn -0.546698689 -0.713698268 0.437898934
vn -0.585313439 -0.63031441 0.510011673
vn -0.568401754 -0.614401877 0.547201693
vn -0.77260685 -0.586705208 0.242602155
vn -0.722509265 -0.606207728 0.332404256
vn -0.757081389 -0.599185288 0.26039362
vn 0.133999646 0.963897467 0.230099395
vn 0.16030696 0.947341144 0.277212054
vn 0.1689917 0.956552982 0.237588316
vn 0.236910641 0.960543096 0.145706534
vn 0.231711522 0.956747591 0.175908744
vn 0.212192312 0.95656538 0.199892759
vn -0.592212498 0.753315926 0.286006063
vn -0.624913454 0.774916708 0.0948020443
vn -0.724994302 0.650794864 0.225498214
vn -0.929882109 0.363492996 -0.0564989112
vn -0.946195066 0.313398361 0.0805995837
vn -0.883993626 0.464096636 0.0562995896
vn -0.92177695 0.37049073 0.114297137
vn -0.914707839 0.403903455 -0.0131001128
vn 0.070697844 -0.988169909 -0.136095837
vn -0.0830987543 -0.990485132 -0.109698355
vn 0.0415981077 -0.986755073 -0.156792864
vn -0.735184789 -0.674886048 0.0634986907
vn -0.709601104 -0.704601109 -0.00190000306
vn -0.680412352 -0.732613266 -0.0178003237
vn 0.737110436 -0.483706832 0.471906692
vn 0.737302721 -0.508201897 0.445101678
vn 0.764801621 -0.439800888 0.470801026
vn -0.932790995 0.244397625 0.264897436
vn -0.932790995 0.244397625 0.264897436
vn -0.932790995 0.244397625 0.264897436
vn -0.985654294 0.0935051516 0.140507728
vn -0.960402966 0.253500819 0.115600355
vn -0.95969373 0.237798452 0.149799034
vn -0.944195449 0.0711996555 0.32159844
vn -0.914923608 -0.00970024988 0.403510392
vn -0.914721906 0.0551013201 0.400309592
vn -0.993373275 0.0766979381 0.0855977014
vn -0.995223463 0.0241005681 0.0946022347
vn -0.998622179 -0.0438009724 0.0289006401
vn -0.997793078 -0.0399997197 0.0529996343
vn -0.996757448 -0.0288987644 0.0750967935
vn -0.996277273 0.0619985871 0.0598986372
vn 0.882879674 0.390191019 -0.261293977
vn 0.884987772 0.426194102 -0.187497407
vn 0.883871675 0.428286254 -0.187993973
vn -0.768811345 0.612008989 0.185402721
vn -0.756047249 0.617738605 0.216313526
vn -0.766919613 0.622215927 0.157104015
vn -0.977597892 0.10759978 0.180899605
vn -0.962598622 0.0733998939 0.260799617
vn -0.991654158 0.105295137 0.0743965656
vn -0.274909616 0.110203855 -0.955133379
vn -0.218102753 0.192202434 -0.956812084
vn -0.200099409 0.178399459 -0.963397145
vn 0.684573591 -0.531579494 -0.498780787
vn 0.739284575 -0.383691996 -0.553388417
vn 0.789581597 -0.454689384 -0.412090361
vn -0.856488705 0.487193584 0.170497745
vn -0.852209032 0.509905398 0.117201246
vn -0.853356361 0.508374035 0.115494095
vn 0.110001288 0.0209002458 -0.99371171
vn 0.0906031951 0.022400789 -0.995635092
vn 0.0987969488 0.0165994857 -0.994969189
vn 0.00239997008 0.247096881 -0.968987823
vn -0.00159996084 0.243194059 -0.969976366
vn 0.00219999719 0.241899699 -0.970298827
vn 0.0923958421 0.0304986294 -0.995255232
vn 0.0729000568 0.0455000363 -0.996300817
vn 0.124794215 0.021299012 -0.991954029
vn 0.920485675 0.376294166 0.105398364
vn 0.912478983 0.390790969 0.1210972
vn 0.907556772 0.404580742 0.11249464
vn -0.746984005 -0.55028826 0.373092026
vn -0.722478151 -0.448386431 0.526284099
vn -0.759590447 -0.408894867 0.505793631
vn 0.476798505 0.863597274 0.163899481
vn 0.495521188 0.841436028 0.215509221
vn 0.497420073 0.854634523 0.148906007
vn 0.827705801 -0.508003592 0.238401651
vn 0.827573121 -0.508083463 0.238692254
vn 0.827870011 -0.507881641 0.238091379
vn -0.997653544 -0.0430979952 0.0531975254
vn -0.988294363 -0.137399212 0.0662996173
vn -0.977776766 -0.194195375 0.0789981261
vn -0.972562015 0.0186992697 0.231890962
vn -0.982317924 0.102601871 0.156602859
vn -0.981604099 0.0688002929 0.17810075
vn -0.963537335 0.225708738 0.143705562
vn -0.99191016 0.123701267 0.0285002906
vn -0.964515448 0.182702914 0.190603048
vn -0.99223268 -0.0131004313 -0.123704068
vn -0.981304526 0.112300523 -0.156300709
vn -0.98018378 0.0225996263 -0.19679673
vn -0.0273994263 0.268894374 -0.96277982
vn -0.0319981612 0.274884164 -0.960944772
vn -0.0322006755 0.270005643 -0.962320149
vn 0.936952114 -0.347319305 -0.0386021473
vn 0.941702306 -0.32660079 -0.080800198
vn 0.93502599 -0.344509602 -0.0839023292
vn 0.937094033 -0.347697794 -0.0309998002
vn 0.92993921 -0.35831511 -0.0826034844
vn 0.345092982 0.0471990444 0.93738097
vn 0.531107962 -0.0609009154 0.845112681
vn 0.334400475 0.00750001008 0.94240129
vn 0.215908378 -0.0232008994 0.976137877
vn 0.307709455 -0.0577017702 0.949729145
vn 0.321384341 0.18169117 0.929354846
vn -0.175995857 0.0688983724 -0.981976867
vn -0.194700524 0.1495004 -0.969402611
vn -0.129606113 0.118605606 -0.984446466
vn -0.774874806 -0.398986995 0.490284055
vn -0.802899659 -0.468099803 0.369099826
vn -0.800014138 -0.504908919 0.32410571
vn -0.568176806 -0.615874827 0.545777678
vn -0.616292179 -0.585292578 0.526893318
vn -0.58359164 -0.611691236 0.534092307
vn 0.376893729 0.201896653 0.903984964
vn 0.448313922 0.138204291 0.883127451
vn 0.400396585 0.139298812 0.905692279
vn -0.173896015 0.0815981328 0.981377542
vn -0.17340678 0.129205048 0.976338208
vn -0.0987042785 0.0307013299 0.994643092
vn 0.201798528 -0.127499074 0.97109288
vn 0.181893289 -0.302088886 0.935765505
vn 0.127301022 -0.261002094 0.95690769
vn -0.0207008962 0.0590025485 -0.99804318
vn -0.0616989248 0.0376993455 -0.997382581
vn -0.0217008572 0.0552021787 -0.998239398
vn 0.604775608 0.77446878 -0.185592502
vn 0.63599968 0.754299641 -0.162899911
vn 0.611291528 0.77248925 -0.171997607
vn 0.93138361 -0.363193631 -0.0247995649
vn 0.924022019 -0.290906906 0.248105913
vn 0.916544676 -0.39991951 -0.00320015592
vn -0.998249948 0.0588970445 0.00529973442
vn -0.998612404 0.0304003768 -0.0430005342
vn -0.999922752 -0.00540012307 0.0112002548
vn -0.745010376 -0.546907604 0.381905347
vn -0.758622944 -0.508515358 0.407312334
vn -0.749211609 -0.544908464 0.376505852
vn 0.107599936 0.310999811 0.944299459
vn 0.106705122 0.255712241 0.960846066
vn 0.0988010019 0.2713027 0.95740968
vn 0.174794376 0.278591067 0.944369674
vn 0.13360256 0.258904964 0.956618309
vn 0.191303357 0.281104922 0.940416455
vn 0.226099312 -0.972097099 -0.06249981
vn 0.151498675 -0.983891428 -0.0948991627
vn 0.198496148 -0.970281124 -0.138397306
vn 0.27610442 0.275104374 0.92091465
vn 0.206003249 0.199903145 0.957915068
vn 0.311187655 0.193392336 0.930463135
vn 0.136205986 0.955842018 0.260411441
vn -0.0705014989 0.928919673 0.363507688
vn -0.00220001256 0.958405495 0.285401642
vn 0.55070281 -0.8038041 0.225001141
vn 0.779625535 -0.61912024 0.0942030847
vn 0.556690693 -0.830686033 0.00749987364
vn 0.955273807 -0.293691963 -0.0345990509
vn 0.953638673 -0.29161182 -0.0744030178
vn 0.939368665 -0.340388656 0.0414986163
vn 0.965808392 -0.23260203 0.114500999
vn 0.947976053 -0.318091959 0.0125996815
vn 0.752695203 -0.632395983 -0.183098838
vn 0.703103244 -0.703603208 -0.102900468
vn 0.726620197 -0.683319032 -0.071401991
vn 0.107298955 0.978090525 -0.178398266
vn 0.104101479 0.982414007 -0.155002221
vn 0.0311014894 0.969046354 -0.244911715
vn -0.725186884 -0.658988059 -0.199596375
vn -0.738489747 -0.650290966 -0.178197533
vn -0.73731029 -0.648809075 -0.188202634
vn 0.968958259 -0.233889922 0.0800965503
vn 0.962028563 -0.210706264 0.173505157
vn 0.968287408 -0.228997022 0.0998987034
vn -0.378791034 -0.896678805 0.22909458
vn -0.509696007 -0.852293313 0.117499076
vn -0.377888948 -0.888274074 0.261092365
vn -0.1309008 -0.972605884 0.192101181
vn -0.203998119 -0.977990985 0.0437995978
vn -0.252409071 -0.962634623 0.0981035307
vn 0.535497785 0.718097091 0.444498181
vn 0.451294124 0.771889925 0.447794199
vn 0.442984104 0.713474452 0.542880535
vn 0.641593933 0.568994582 0.514395118
vn 0.613289952 0.661189139 0.432092905
vn 0.535006523 0.659608066 0.527906418
vn 0.260595262 0.919083238 0.295594603
vn 0.348513484 0.886734247 0.303711742
vn 0.382721901 0.892651081 0.238113642
vn 0.464107513 0.859213948 0.215303481
vn 0.503777504 0.834662795 0.222590089
vn 0.481793523 0.857388437 0.180997565
vn 0.907399476 -0.350099802 0.232499853
vn 0.907720745 -0.334407628 0.25340578
vn 0.901001215 -0.359100491 0.243400335
vn 0.800897837 0.598798394 -0.0017999952
vn 0.816697657 0.576098382 0.0333999023
vn 0.804717541 0.592112899 0.0428009331
vn 0.101497531 -0.993475854 -0.0519987382
vn 0.0900005326 -0.994705856 0.049600292
vn 0.131301329 -0.990610063 0.0381003879
vn 0.11470414 -0.978535354 0.171206191
vn 0.17789942 -0.979596734 0.0934996903
vn 0.391495585 -0.911989689 -0.122498624
vn 0.391097128 -0.912093341 -0.122999102
vn 0.390304595 -0.91231066 -0.123901442
vn -0.869974315 -0.493085414 0.0033998997
vn -0.944107354 -0.303602368 -0.128400996
vn -0.916285157 -0.362894118 -0.169497252
vn -0.785714328 -0.548709989 -0.285605222
vn -0.846129477 -0.509817779 -0.155405417
vn -0.827680171 -0.535087109 -0.16919595
vn 0.104193777 0.951343119 0.289982647
vn -0.0103001259 0.915711224 0.401704907
vn 0.0790959001 0.857555568 0.508273721
vn -0.00660028635 0.238410339 0.971142113
vn -0.00600003079 0.268701345 0.963204861
vn 0.0268993899 0.2064953 0.978077769
vn 0.671621442 0.171705484 0.720723093
vn 0.665014625 0.17550385 0.725915909
vn 0.700023472 0.0961032212 0.70762372
vn 0.886209488 -0.418604463 -0.198502138
vn 0.887169302 -0.431585073 -0.163294345
vn 0.889333189 -0.402915031 -0.216208071
vn -0.842255414 -0.52467221 0.123793446
vn -0.846183777 -0.529189885 -0.0626988038
vn -0.825713038 -0.557008803 -0.0891014114
vn -0.955274045 0.115596853 0.272192597
vn -0.914986908 0.218196869 0.339395136
vn -0.890114009 0.230403632 0.393206209
vn -0.185892373 0.0283988342 -0.982159674
vn -0.164597124 0.0591989644 -0.984582782
vn -0.185890704 0.0424978733 -0.981650949
vn -0.106499448 0.0903995335 -0.990194857
vn -0.124901779 0.0885012671 -0.988214135
vn -0.0573997758 0.102299616 -0.993096173
vn -0.982743859 0.175207824 -0.0593026467
vn -0.965528727 0.260207742 -0.00680020265
vn -0.963414729 0.261303991 0.059600912
vn 0.125592992 0.191389322 0.973445714
vn 0.204105318 0.0853022188 0.975225389
vn 0.15740779 0.0981048569 0.982648611
vn -0.892507255 -0.0547004417 0.44770363
vn -0.958820462 0.094002001 0.268005729
vn -0.908583224 0.139297441 0.393792719
vn -0.901086032 0.138897836 0.410793632
vn -0.931624949 0.10570284 0.347709328
vn -0.878666699 0.24059087 0.412384361
vn -0.802705884 0.126500919 0.582804263
vn -0.810994625 0.129699156 0.570496202
vn 0.482690066 -0.873881996 -0.0577988066
vn 0.47092241 -0.879541874 -0.0681032464
vn 0.485273868 -0.871753097 -0.0674963668
vn 0.419478297 -0.891553879 0.170791164
vn 0.408174783 -0.898344517 0.162389979
vn 0.417026341 -0.895956635 0.15280965
vn -0.951998472 -0.249099582 0.177899703
vn -0.925293267 -0.359297365 0.121399112
vn -0.964526415 -0.184605047 0.188705176
vn 0.958289862 0.0567993969 0.280097038
vn 0.950883448 0.0623989105 0.303194731
vn 0.957173049 0.0113996798 0.289291859
vn 0.942126751 -0.323609173 -0.0876024887
vn 0.944794893 -0.318798274 -0.0756995901
vn 0.940023303 -0.338208377 0.0444011018
vn -0.930795372 -0.108399458 0.349098265
vn -0.90895468 0.0681966022 0.4112795
vn -0.991583824 -0.0475992262 0.120398037
vn -0.436001033 -0.899902165 -0.0089000212
vn -0.235599548 -0.965398133 -0.111799784
vn -0.232095584 -0.971781552 -0.0420992039
vn -0.965022564 0.210104913 -0.156803682
vn -0.900517642 0.42610833 -0.0866016969
vn -0.928364933 0.321087867 -0.187192932
vn -0.836570382 0.448184133 -0.315088868
vn -0.935736477 0.34951362 -0.0473018438
vn -0.863693833 0.487096548 -0.129499093
vn -0.203998521 0.967993021 0.146198943
vn -0.202489734 0.965251088 0.165191621
vn -0.170201793 0.977410257 0.125301331
vn 0.250102609 0.0737007782 0.965410113
vn 0.332313299 -0.00770030823 0.943137705
vn 0.235591561 0.0499982126 0.970565259
vn -0.575403333 0.395102322 0.71610415
vn -0.557495475 0.40659669 0.723794103
vn -0.562002301 0.40410167 0.721702993
vn 0.30770728 0.0427010097 0.950522482
vn 0.405209988 0.0136003355 0.914122522
vn 0.25701052 -0.0267010927 0.966039598
vn -0.900914848 -0.432007134 0.0415006801
vn -0.874296904 -0.442498446 -0.199499294
vn -0.879227638 -0.454714298 -0.142104477
vn -0.622707605 -0.699808598 -0.350004286
vn -0.821728408 -0.486116797 -0.29741028
vn -0.775803685 -0.442602128 -0.449702144
vn -0.837266564 -0.545278251 0.0406983756
vn -0.790108025 -0.6092062 -0.0678006932
vn -0.632170081 -0.770563543 0.0811961591
vn -0.874916613 0.473708957 -0.100601904
vn -0.91133076 0.368612438 -0.183306187
vn -0.824197769 0.530298591 -0.198699459
vn -0.712392092 0.601993263 -0.360695988
vn -0.485493541 0.843688726 -0.229096934
vn -0.771519125 0.466111571 -0.433010727
vn 0.671817482 -0.739519238 0.0421010964
vn 0.716372311 -0.690573275 0.0995961502
vn 0.677680254 -0.727278769 0.108696833
vn 0.306697726 0.282897919 0.90879333
vn 0.311790109 0.0941970199 0.945470095
vn 0.334904015 0.26090312 0.905410826
vn -0.999804556 0.005800026 -0.0189000852
vn -0.995280147 0.0485990308 0.0839983225
vn -0.986631811 0.161305204 -0.0232007485
vn 0.579810739 0.814415097 0.0234004334
vn 0.598886132 0.800781429 0.009199786
vn 0.578190923 0.809787333 0.0996984392
vn 0.488701135 0.859001994 0.152600348
vn 0.621284604 0.777280748 0.0991975516
vn 0.428118944 0.878838897 0.210609332
vn 0.475196153 0.878992915 -0.0394996852
vn 0.486682236 0.873368084 -0.0191993006
vn -0.323212236 0.896333992 0.3035115
vn -0.347587138 0.85006845 0.395685315
vn -0.332607925 0.910521686 0.245605841
vn 0.895596743 -0.441698402 0.0529998057
vn 0.890867591 -0.420484692 0.171893746
vn 0.917194247 -0.396497488 0.0392997488
vn -0.987086117 0.0238996651 -0.158397779
vn -0.98432529 0.0480012298 -0.169704348
vn -0.987179041 0.145196915 -0.0662985891
vn -0.400585294 -0.91356653 -0.0701974332
vn -0.295787752 -0.935161293 -0.194891945
vn -0.266198039 -0.942793071 -0.200698525
vn 0.543601215 -0.185000405 0.818701804
vn 0.543601215 -0.185000405 0.818701804
vn 0.543601215 -0.185000405 0.818701804
vn 0.985692978 -0.0719994828 0.152398914
vn 0.9895522 -0.0689966679 0.126593888
vn 0.9889552 -0.103495307 0.106095187
vn 0.879722714 -0.235606074 0.413010657
vn 0.84896493 -0.28268832 0.446481586
vn 0.835641325 -0.257412732 0.485223979
vn -0.790999651 -0.56529969 0.233999878
vn -0.786508262 -0.56920594 0.239602536
vn -0.802982628 -0.540388346 0.25139457
vn 0.467775226 0.882153332 -0.0546971038
vn 0.400587022 0.915470362 -0.0379987694
vn 0.526517391 0.84512794 -0.0924030542
vn 0.423581153 0.877061009 0.226589933
vn 0.456504226 0.845107853 0.278202593
vn 0.44882682 0.861751497 0.236514121
vn 0.810361147 -0.517075181 0.275586754
vn 0.844586253 -0.476592213 0.243996024
vn 0.828481495 -0.490689039 0.269893974
vn 0.561683238 0.825475395 0.0556983426
vn 0.551809549 0.830114365 -0.0801013857
vn 0.686912715 0.726713419 -0.00620011427
vn 0.100906201 0.781147957 -0.616137862
vn 0.0916029215 0.787925124 -0.608919442
vn 0.111698434 0.771789134 -0.625991166
vn -0.0605006851 -0.99471128 0.0830009356
vn -0.0991038904 -0.987838745 0.119804703
vn -0.0861980915 -0.986078143 0.142196849
vn 0.072801739 -0.772918403 0.630315006
vn 0.0847019479 -0.7568174 0.64811492
vn 0.0903050527 -0.784643888 0.613334298
vn -0.952125251 0.0499013215 0.301608026
vn -0.934780717 0.115297616 0.335993081
vn -0.952137887 0.0445017703 0.302412033
vn 0.618712127 -0.136802673 0.773615122
vn 0.436121166 -0.0560027249 0.898143649
vn 0.395605773 -0.164802417 0.903513253
vn 0.473083049 0.0707974657 0.878168583
vn 0.424021959 0.00300015556 0.90564692
vn 0.325287402 0.0322987475 0.945063412
vn 0.548519611 -0.00360012869 0.836129904
vn 0.543115795 0.0473013781 0.838324368
vn 0.584202647 -0.00260001165 0.811603665
vn 0.400877744 0.0631964877 0.913949251
vn 0.362586409 0.149594396 0.919865549
vn 0.317392349 0.041698996 0.947377086
vn 0.851784229 -0.491890848 0.180296659
vn 0.837116003 -0.530610144 0.133002535
vn 0.84089762 -0.524698496 0.132599622
vn 0.429309696 -0.222505003 0.875319719
vn 0.396796256 -0.254597604 0.881891668
vn 0.410716176 -0.270110667 0.870834351
vn -0.689915657 -0.415009409 0.593113482
vn -0.598822415 -0.428316027 0.676725328
vn -0.645008564 -0.350004643 0.679309011
vn -0.051799614 0.0229998287 -0.998392522
vn -0.0667970926 0.0847963095 -0.994156718
vn -0.00379990251 0.0585984997 -0.998274446
vn 0.322600335 0.939100921 0.118400112
vn 0.336582661 0.914552867 0.224288434
vn 0.380709946 0.906323731 0.183404803
vn -0.0705965608 0.0623969547 -0.995551407
vn -0.0636014789 0.0853019804 -0.994323134
vn 0.0293004103 0.0267003719 -0.999213934
vn 0.139505237 0.0394014753 -0.989437103
vn 0.140901312 0.0510004722 -0.988709152
vn 0.119205445 0.0211009644 -0.992645383
vn -0.165992364 0.979654968 0.112794816
vn -0.196307182 0.976035714 0.0939034373
vn -0.178000182 0.974600971 0.13590014
vn 0.242705613 -0.968522429 0.0553012788
vn 0.268696547 -0.961787641 0.0525993221
vn 0.177190959 -0.983249843 -0.0426978245
vn -0.106703699 0.0106003666 -0.994234383
vn -0.0862023756 0.0100002764 -0.996227503
vn -0.116204701 -0.0130005265 -0.993140161
vn -0.0998980999 0.14359726 -0.984581292
vn -0.118301205 0.153701574 -0.98101002
vn -0.111498512 0.155097932 -0.981586874
vn -0.906578183 0.308692575 0.2877931
vn -0.878499746 0.413199872 0.239799932
vn -0.891586483 0.376994282 0.250896215
vn 0.958524227 -0.16980429 0.228905767
vn 0.917113602 -0.32850486 0.225803345
vn 0.942046463 -0.242511958 0.231811449
vn -0.345196545 0.247197524 0.905390918
vn -0.519675791 0.00239988836 0.854360163
vn -0.482099235 0.0328999497 0.875498652
vn 0.380691528 -0.907779813 -0.176096082
vn 0.426311851 -0.884524643 -0.189405277
vn 0.39040792 -0.910118461 -0.138802826
vn -0.0686035305 0.477324516 -0.876045048
vn 0.0524993762 0.141198337 -0.988588333
vn 0.0335004404 0.142601877 -0.989213049
vn -0.995583117 0.0911984593 0.0222996213
vn -0.987209558 0.12520121 0.0987009555
vn -0.993294001 0.0998993963 0.0581996478
vn -0.994436622 0.055702053 -0.089403294
vn -0.959580243 0.268794447 0.0833982825
vn -0.952693343 0.268298119 -0.142799005
vn 0.490819573 0.868634641 -0.0676026866
vn 0.440883517 0.894566536 0.0732972622
vn 0.478613168 0.87802422 0.00170004694
vn -0.103101566 -0.991015017 0.0852012858
vn -0.0959003046 -0.993803144 0.0562001802
vn -0.169695795 -0.985075593 0.0287992861
vn -0.0020999196 -0.0588977486 -0.998261869
vn -0.00280001084 -0.0760002956 -0.99710387
vn 0.00280011795 -0.0459019318 -0.998942077
vn 0.245312437 -0.313815951 0.91724658
vn 0.0998959839 -0.419883102 0.902063727
vn 0.195194125 -0.387488335 0.900972903
vn 0.858003438 0.188000754 0.478001893
vn 0.89186883 0.160694376 0.422785223
vn 0.914608419 0.125401169 0.384403557
vn 0.924715877 -0.378806502 0.0375006422
vn 0.8873595 -0.455579221 0.0709967613
vn 0.90349406 -0.428397179 -0.0131999124
vn -0.969924569 0.186504722 0.156403959
vn -0.912677109 0.267593294 0.30889225
vn -0.995884955 0.0324995071 0.0845987275
vn 0.0820023045 -0.984027624 0.158004433
vn 0.116496079 -0.985166848 0.12599577
vn 0.033601176 -0.978434265 0.20380713
vn -0.971830308 -0.127203971 -0.19840619
vn -0.957394004 -0.0212998651 -0.28799817
vn -0.950440407 -0.116604961 -0.28821227
vn 0.562198162 0.823897243 -0.0715997592
vn 0.633892775 0.768591225 0.0862990171
vn 0.567104459 0.821906507 -0.0535004251
vn -0.945245981 0.315681964 -0.0827952698
vn -0.979791224 0.152698651 -0.129198834
vn -0.977001369 0.194900274 -0.0865001157
vn 0.130594686 0.152993768 -0.979560137
vn 0.148206696 0.149806783 -0.977544188
vn 0.124295205 0.165993586 -0.978262186
vn 0.993503511 -0.0678002387 -0.0914003253
vn 0.994026423 -0.0677017942 -0.085602276
vn 0.993305147 -0.0692003593 -0.092500478
vn 0.997613192 -0.0308004078 -0.0618008152
vn 0.997795224 -0.029199861 -0.0595997162
vn 0.997635245 -0.0337011889 -0.0599021167
vn -0.9644292 -0.198906019 -0.174105272
vn -0.931234121 -0.299710959 -0.207307607
vn -0.895707488 -0.372303128 -0.243102044
vn 0.967806697 -0.2448017 -0.0585004017
vn 0.974989057 -0.221697509 -0.0156998225
vn 0.966869712 -0.254592001 -0.0185994171
vn 0.780537546 -0.584128141 -0.222610697
vn 0.75339061 -0.591492593 -0.287296414
vn 0.770188034 -0.574191034 -0.277695686
vn -0.847041368 0.53152591 -0.00100004894
vn -0.883038223 0.46322003 -0.0753032565
vn -0.881417751 0.470909476 0.0367007405
vn 0.996821761 -0.078901723 -0.0110002402
vn 0.996660471 -0.0784968883 -0.0224991087
vn 0.995322406 -0.0951021463 0.0170003846
vn 0.370207191 -0.332206428 0.867516875
vn 0.267597288 -0.333996594 0.903790832
vn 0.365618855 -0.410721183 0.835243106
vn 0.133993506 -0.0291985851 0.990551949
vn 0.144101441 -0.0174001735 0.989409924
vn 0.106903888 0.0969035178 0.989535928
vn -0.764883339 -0.50768894 0.396491319
vn -0.733087718 -0.556090713 0.391593456
vn -0.712728858 -0.594724059 0.371915042
vn -0.120702527 0.909319043 0.39820832
vn -0.118105426 0.911741912 0.393418103
vn -0.119303487 0.91002661 0.397011608
vn 0.173396245 0.944979548 0.277393967
vn 0.0585008301 0.998114109 -0.0186002627
vn 0.0153006455 0.9976421 -0.0669028237
vn -0.303792447 0.0920977145 0.94827646
vn -0.382897586 0.242498472 0.891394317
vn -0.464893192 0.100998536 0.879587173
vn 0.0917026475 -0.335609645 0.937527001
vn 0.107603878 -0.332811981 0.936833739
vn 0.0961994752 -0.33499819 0.93729496
vn 0.236101285 -0.340001822 0.910304904
vn 0.228393063 -0.353889227 0.906972408
vn 0.247304082 -0.306705058 0.919115186
vn 0.832995594 -0.12359935 0.539297163
vn 0.800814092 -0.119302094 0.586910307
vn 0.845321 -0.138803437 0.515912831
vn 0.294708043 -0.373610228 0.879523993
vn 0.193703622 -0.452608466 0.870416284
vn 0.308697492 -0.409296691 0.858593047
vn 0.0475987159 -0.201294556 0.978373528
vn 0.15759252 -0.158792466 0.974653661
vn 0.0461985953 -0.0700978711 0.996469736
vn -0.0699020848 0.0380011313 -0.996829808
vn -0.0492009185 0.0523009747 -0.997418642
vn -0.0136998203 0.0472993776 -0.998786867
vn -0.160999715 -0.952798307 -0.257399559
vn -0.13599351 -0.967653751 -0.212489843
vn -0.131701127 -0.941008091 -0.311702669
vn 0.172401503 0.984608591 -0.0287002493
vn 0.248002812 0.962110877 -0.113301285
vn 0.183198377 0.97959137 -0.0826992691
vn 0.740574837 -0.624578774 -0.247891575
vn 0.753824353 -0.637120545 -0.160705194
vn 0.81932193 -0.515613854 -0.250706732
vn 0.778922141 -0.623917699 0.0633017942
vn 0.688397646 -0.688897669 0.226999223
vn 0.777691782 -0.609793544 0.152798384
vn 0.847408116 -0.530305088 0.0260002501
vn 0.812999189 -0.580299377 0.0477999523
vn 0.809507251 -0.587105334 -0.00230002077
vn 0.868800998 -0.480300575 0.120400131
vn 0.864233911 -0.468818426 0.182507172
vn 0.883736432 -0.43811807 0.164506778
vn -0.78951925 -0.463211298 0.402609825
vn -0.78951925 -0.463211298 0.402609825
vn -0.78951925 -0.463211298 0.402609825
vn -0.999605596 0.0251001399 0.0126000708
vn -0.999605596 0.0251001399 0.0126000708
vn -0.999605596 0.0251001399 0.0126000708
vn -0.948937476 0.200307906 0.243709624
vn -0.958428144 0.172605067 0.227206677
vn -0.96385926 0.173592657 0.202091441
vn -0.980249286 0.182909206 0.0752037838
vn -0.979330003 0.191505864 0.0651019961
vn -0.982334375 0.180106312 0.0508017801
vn -0.473400593 -0.875501156 -0.0969001278
vn -0.465611249 -0.879821301 -0.0955023095
vn -0.474406302 -0.875011623 -0.0964012817
vn -0.997072101 0.0448987447 -0.0618982688
vn -0.992485344 0.0936986133 -0.0786988363
vn -0.997059107 0.0708970949 -0.0290988069
vn -0.993904173 -0.00320001319 -0.110200472
vn -0.990076959 -0.0329992324 -0.136596814
vn -0.994901538 0.0976001546 -0.0254000388
vn -0.984817922 0.168703064 -0.0409007445
vn -0.991072953 0.128396496 -0.0358990207
vn -0.523102462 0.243301123 0.816803753
vn -0.586317599 0.0502015091 0.808524251
vn -0.533801198 0.156500325 0.831001759
vn -0.862343073 0.0142007107 0.506125271
vn -0.788181663 0.0138996756 0.615285695
vn -0.780060053 -0.0376980714 0.624567986
vn -0.586003602 -0.236901462 0.774904788
vn -0.606481075 -0.329789668 0.723477364
vn -0.571897507 -0.30579865 0.761196673
vn 0.419195414 0.754891694 0.504394472
vn 0.466297626 0.67969656 0.566197097
vn 0.418390483 0.689784348 0.590886593
vn 0.228906929 0.692220926 0.684420705
vn 0.246001095 0.619802773 0.745203316
vn 0.19770281 0.672809601 0.712910116
vn 0.296294391 0.95508194 -0.00529989973
vn 0.046102114 0.986345172 -0.158107236
vn 0.000799975591 0.99116981 -0.132595956
vn -0.76190865 0.647307336 0.0221002512
vn -0.705301881 0.705501914 -0.0694001839
vn -0.813873708 0.580781221 -0.0173994396
vn -0.65098834 -0.0123997778 -0.758986354
vn -0.736181796 -0.000899977807 -0.676783323
vn -0.648406565 -0.0627006367 -0.758707702
vn -0.985790133 0.115998834 -0.121498778
vn -0.992117703 0.124602221 0.0133002363
vn -0.979828179 0.199805751 -0.00380010949
vn 0.84721458 0.486108363 0.214303702
vn 0.829116285 0.552010834 0.0886017382
vn 0.819714487 0.55990988 0.12070214
vn 0.903278649 -0.422590017 0.0741982386
vn 0.90798682 -0.417993963 0.0289995782
vn 0.876591682 -0.478395432 -0.0521995053
vn 0.769591272 0.531893969 0.353296012
vn 0.784979701 0.563885391 0.256593347
vn 0.790926218 0.572818995 0.21520713
vn 0.478182673 -0.0293989349 0.877768219
vn 0.288593799 -0.202095643 0.935879827
vn 0.395097464 -0.174598888 0.901894212
vn 0.909991682 -0.413896203 0.0245997738
vn 0.906532228 -0.421514988 0.0229008161
vn 0.911400318 -0.411100149 -0.0186000057
vn -0.0819012001 0.197802886 0.97681433
vn 0.00859971903 0.173094332 0.984867752
vn 0.0147001054 0.294602126 0.955506861
vn 0.809144616 -0.577931881 -0.106205858
vn 0.869030476 -0.477016747 -0.131304607
vn 0.845635295 -0.530622125 -0.0578024127
vn -0.0534982234 0.998566806 0.00149995019
vn -0.174999744 0.976498544 -0.12579982
vn 0.0688018575 0.996226788 -0.0529014207
vn -0.919246137 -0.268713504 0.287714452
vn -0.912244856 -0.30098182 0.277883202
vn -0.906185389 -0.307595044 0.290195316
vn -0.980525792 0.188704967 0.054401435
vn -0.954678595 0.296393365 0.0271993894
vn -0.951323509 0.306107581 0.0358008817
vn 0.821470261 -0.563279629 0.0888967812
vn 0.803804696 -0.584803462 0.10910064
vn 0.819120407 -0.566114068 0.0925023034
vn 0.445988685 -0.893777311 -0.0474987924
vn 0.427793235 -0.901485741 -0.0656989664
vn 0.453326464 -0.888551831 -0.070504114
vn -0.468892694 -0.855186641 -0.220896557
vn -0.551376164 -0.748467624 -0.36848405
vn -0.541371286 -0.840755343 -0.00689963344
vn 0.209795922 0.899782538 -0.382592589
vn 0.25520584 0.882920206 -0.394109011
vn 0.195408553 0.899139345 -0.391617149
vn 0.21710445 0.884518147 -0.412908465
vn 0.212913051 0.905355573 -0.367422521
vn 0.230102912 0.858010828 -0.459205806
vn -0.129402131 -0.991216302 -0.0273004491
vn -0.154800981 -0.986206234 0.0586003698
vn -0.144792482 -0.989148676 0.0248987097
vn -0.781091213 -0.5138942 0.354696035
vn -0.81045109 -0.476771206 0.340379447
vn -0.781799793 -0.51609987 0.349899918
vn -0.750414848 -0.471109301 0.463609189
vn -0.71519798 -0.497898579 0.490498602
vn -0.724218845 -0.422711015 0.544814169
vn -0.863268256 0.488481998 -0.127095327
vn -0.854805112 0.494502991 -0.157400951
vn -0.858130395 0.499017715 -0.120804287
vn 0.29430905 0.803724706 0.517115891
vn 0.323790818 0.801477313 0.502785742
vn 0.301102579 0.803906918 0.512904406
vn 0.923623681 -0.382909805 -0.0173004437
vn 0.891639829 -0.384017169 -0.23981072
vn 0.915517747 -0.345706701 -0.205703989
vn 0.947785079 -0.245296121 0.203796789
vn 0.920400262 -0.365700096 0.138300046
vn 0.946213007 -0.286303937 0.150702059
vn 0.411597073 -0.758394599 0.505396366
vn 0.397414863 -0.766828716 0.504018843
vn 0.403909713 -0.768718541 0.495911956
vn 0.492610276 -0.867518127 0.0689014345
vn 0.479908049 -0.876214683 0.0440007336
vn 0.481879771 -0.874663293 0.0524977967
vn -0.239100739 -0.970503032 -0.0309000965
vn -0.237905234 -0.970921338 -0.0267005861
vn -0.27279222 -0.96207267 0.000699980068
vn -0.282293648 -0.932978988 -0.223294958
vn -0.315583795 -0.920152724 -0.231788099
vn -0.286108255 -0.937027037 -0.200305775
vn -0.330305099 -0.93221432 -0.147902265
vn -0.363414288 -0.913435876 -0.183207199
vn -0.351402521 -0.922606647 -0.159101143
vn 0.915746093 0.391176999 0.0915946066
vn 0.906815469 0.417307109 0.0595010184
vn 0.905594826 0.411497653 0.102799408
vn 0.856525242 0.488814414 0.165604874
vn 0.865481079 0.480689496 0.140996933
vn 0.845382512 0.506989598 0.168196529
vn -0.987595201 -0.0970995203 -0.123399399
vn -0.899204791 -0.429602265 0.0829004422
vn -0.989693701 0.000699995551 -0.143199086
vn 0.865671694 -0.476884425 -0.152295023
vn 0.87554884 -0.45987311 -0.148091361
vn 0.834183753 -0.528189659 -0.158596918
vn -0.914011776 0.390405029 0.11030142
vn -0.871084273 0.463891596 0.161297083
vn -0.899977148 0.427689165 0.0843978524
vn -0.858936667 0.51172179 0.0192008205
vn -0.858239651 0.510923624 0.0488022529
vn -0.830010414 0.557406962 -0.0195002463
vn 0.0954040438 -0.0976041332 -0.990642011
vn 0.0419980213 -0.095395498 -0.994553089
vn 0.0727998838 -0.0683998913 -0.994998336
vn 0.380504191 0.832009196 0.403704435
vn 0.355789155 0.85747391 0.371688664
vn 0.29059279 0.905377507 0.309592307
vn 0.241011262 0.948144317 0.207209706
vn 0.268403351 0.930111647 0.250703126
vn 0.273188353 0.932260215 0.237189874
vn 0.200696185 0.931782305 0.302494258
vn 0.190104887 0.915523529 0.354509115
vn 0.196391955 0.920762241 0.337086171
vn 0.877731204 -0.469416708 -0.0961034223
vn 0.836530149 -0.534119248 -0.122204401
vn 0.834333897 -0.54682225 -0.0698028356
vn 0.627403557 -0.491102785 -0.604303479
vn 0.637892723 -0.490894437 -0.593393207
vn 0.616473734 -0.469379932 -0.632173002
vn -0.519197702 0.0498997755 0.853196204
vn -0.407809198 -0.0900020301 0.908620477
vn -0.52831459 -0.101802826 0.842923343
vn -0.255907089 -0.957326531 0.134303719
vn -0.310316384 -0.917548478 0.248613134
vn -0.338681221 -0.930948377 0.136492431
vn -0.258995861 -0.952884793 -0.157897487
vn -0.308298498 -0.943395436 -0.12229941
vn -0.332787901 -0.928366244 -0.16549398
vn -0.365491867 -0.91487962 0.171496183
vn -0.419099271 -0.885998487 0.198399678
vn -0.349484652 -0.928459167 0.12579447
vn -0.0231000818 0.995103598 0.0961003527
vn 0.159799248 0.986895382 0.0223998949
vn 0.0458020084 0.983143151 0.177007779
vn 0.0200002231 0.0705007911 -0.997311234
vn 0.0202000234 0.0677000806 -0.997501194
vn 0.0169000179 0.0686000735 -0.997501075
vn 0.0325001627 0.19580099 -0.980104864
vn 0.00359993079 0.157696977 -0.987481058
vn -0.000599987339 0.257494539 -0.966279566
vn 0.149892792 0.339583665 -0.928555369
vn 0.0794030055 0.361113638 -0.929135084
vn 0.149000376 0.339300871 -0.928802311
vn -0.214203224 -0.417406291 0.883113265
vn -0.114794187 -0.499874711 0.858456552
vn -0.00459988415 -0.499887437 0.866078198
vn 0.185194656 -0.00769977784 -0.982671678
vn 0.105699182 -0.00339997374 -0.994392335
vn 0.152594149 0.058397755 -0.986562073
vn -0.031298507 -0.937755227 -0.345883489
vn -0.171904489 -0.954924941 -0.242006317
vn -0.0743963271 -0.962552547 -0.260687143
vn -0.969855726 0.226689637 0.089395918
vn -0.980115533 0.180002868 0.0835013166
vn -0.971844733 0.214409858 0.0977044925
vn 0.990434051 -0.0725024939 0.117404036
vn 0.978102863 -0.124200366 0.167000487
vn 0.984377146 -0.125597075 0.123397142
vn -0.330100089 -0.21600008 -0.918900311
vn -0.330100089 -0.21600008 -0.918900311
vn -0.330100089 -0.21600008 -0.918900311
vn 0.408289254 0.707381368 0.576984823
vn 0.22359781 0.830791831 0.509694993
vn 0.147201464 0.820408106 0.552505434
vn 0.393894315 -0.917386711 0.056999173
vn 0.391190946 -0.915878773 0.0901979133
vn 0.354700118 -0.929200351 0.103800043
vn 0.596584141 0.801678717 -0.0373990089
vn 0.682195544 0.729195237 -0.0536996499
vn 0.649705768 0.756006718 -0.0796007067
vn 0.991078556 -0.0480989553 -0.124297313
vn 0.972519279 -0.23270461 0.00740014622
vn 0.990729153 -0.0786023065 -0.110803261
vn 0.0035998309 -0.999953032 0.00899957679
vn 0.0278997142 -0.99868983 0.0428995639
vn 0.037099801 -0.998494625 0.0403997824
vn 0.490902901 0.295401752 0.819604814
vn 0.540601015 0.320100605 0.778001428
vn 0.531884372 0.233193159 0.814076185
vn 0.321779579 0.797549367 0.510267615
vn 0.362900227 0.800900459 0.476300299
vn 0.379100531 0.844001174 0.379400551
vn 0.23951295 0.776041985 0.583431542
vn 0.217009947 0.716632843 0.662830353
vn 0.252107143 0.698319793 0.669918954
vn -0.761817634 0.594713748 0.256805956
vn -0.794995487 0.534696937 0.286498398
vn -0.701579988 0.646181583 0.300391436
vn -0.857758522 0.499875814 0.119894199
vn -0.915497243 0.385298878 0.115799651
vn -0.908482254 0.394692272 0.137397319
vn 0.106795877 0.00619976083 -0.994261622
vn 0.0875025988 0.00830024667 -0.996129632
vn 0.0800989196 0.000899987877 -0.996786594
vn 0.0687000975 -0.0217000302 -0.997401357
vn 0.075502187 -0.0378010981 -0.996428907
vn 0.0881965831 -0.0167993493 -0.995961368
vn -0.047000058 0.998401225 0.0314000398
vn 0.0512989573 0.998679698 0.00269994512
vn -0.0499018431 0.998636901 0.0153005654
vn 0.684295654 -0.719495416 0.118599243
vn 0.637037873 -0.760045111 0.128507629
vn 0.654655874 -0.744349897 0.131791115
vn 0.0617984161 0.0150996139 -0.997974455
vn 0.126999393 0.0246998817 -0.991595209
vn 0.10979449 -0.00289985444 -0.993950129
vn 0.194098473 -0.979592264 0.0521995872
vn 0.143392652 -0.989449322 -0.0206989404
vn 0.191401064 -0.980905414 0.0345001891
vn 0.0913993716 -0.994193137 0.0567996055
vn 0.0860040039 -0.996146321 0.0172007997
vn 0.0742003769 -0.997005045 0.0218001101
vn -0.578891397 0.013799794 -0.815287828
vn -0.593321145 0.0294010509 -0.804428756
vn -0.585424066 0.0984040424 -0.804733098
vn -0.564297318 0.117299438 -0.817196131
vn -0.615001798 0.110800318 -0.780702293
vn -0.886395991 -0.191199139 0.421598136
vn -0.906600833 -0.172100142 0.385300368
vn -0.914232612 -0.314311206 0.255709112
vn -0.0614014715 -0.157403767 -0.985623598
vn -0.0442015417 -0.0545019023 -0.997534871
vn -0.00149997917 -0.127898216 -0.991786182
vn -0.135498285 0.97668761 -0.166497886
vn -0.0980966464 0.992966056 -0.0662977323
vn 0.0708970875 0.993559182 -0.088396363
vn -0.428780526 -0.844461679 0.320985436
vn -0.417589247 -0.858277857 0.298292339
vn -0.370694488 -0.851787329 0.370194495
vn -0.249504805 -0.858716488 0.44760859
vn -0.0748013332 -0.88851577 0.452708036
vn -0.0766011998 -0.810212672 0.581109107
vn -0.730577648 0.56078285 0.389588088
vn -0.731305957 0.562104583 0.386303157
vn -0.727895081 0.551096261 0.407997221
vn -0.840602279 0.537201405 0.0693001896
vn -0.845287025 0.533891797 0.0211996734
vn -0.836979866 0.541486919 -0.0790980905
vn -0.0407985486 -0.116395861 -0.992364645
vn -0.0544979684 -0.212392077 -0.975663662
vn -0.119204104 -0.149605155 -0.981533825
vn -0.748807073 0.621005893 0.231602192
vn -0.899059296 0.437580168 -0.0146993343
vn -0.74671942 0.631016374 0.210305467
vn -0.593717098 0.513514817 0.619517863
vn -0.594832301 0.490526617 0.636834562
vn -0.60011375 0.492511272 0.63031441
vn -0.468881726 0.383485079 0.795669019
vn -0.47151646 0.385513484 0.793127716
vn -0.458398044 0.379398406 0.803696573
vn 0.980093122 -0.191498652 -0.0523996316
vn 0.978147864 -0.20791018 -0.000200009788
vn 0.959790349 -0.274597257 -0.0582994111
vn -0.279808044 -0.239406869 -0.92972672
vn -0.27079311 -0.272793055 -0.923176527
vn -0.277191281 -0.254591972 -0.926470757
vn -0.0129996408 0.189094782 -0.981872857
vn 0.0030998888 0.174993709 -0.984564662
vn -0.0368000604 0.240700394 -0.969901562
vn 0.781721652 -0.620617151 -0.0612016916
vn 0.75921011 -0.647808671 0.0628008321
vn 0.723507524 -0.690107167 -0.0170001779
vn 0.337098807 -0.837997019 -0.429098487
vn 0.413278222 -0.849255264 -0.328582674
vn 0.334995329 -0.883287668 -0.32799542
vn 0.202596635 -0.88338536 -0.422592998
vn 0.310091913 -0.862977505 -0.398889601
vn 0.268290699 -0.895268917 -0.355687648
vn 0.623695612 0.772494495 -0.119399153
vn 0.517110467 0.851717293 -0.0847017244
vn 0.445907772 0.892715573 -0.0650011301
vn 0.456178635 0.889758348 -0.0151992878
vn 0.439011157 0.897822797 -0.0344008766
vn 0.414986014 0.90446955 -0.0985966772
vn 0.455875635 0.888552487 0.0514972471
vn 0.406717718 0.91313982 0.0275011975
vn 0.404910594 0.914323866 -0.00770020066
vn -0.800636649 -0.596527278 0.0560025647
vn -0.89876163 -0.425481856 0.10579548
vn -0.797544658 -0.599833548 -0.0642035902
vn 0.306704402 -0.646109223 0.698909998
vn 0.0964966714 -0.660077155 0.744974256
vn 0.0888990313 -0.538394153 0.83799088
vn -0.996234238 0.070902437 0.0499017127
vn -0.988797128 -0.114799671 0.095399715
vn -0.992214143 -0.030300431 0.120801724
vn 0.114499398 0.0323998295 -0.992894828
vn 0.0692012161 0.0845014825 -0.994017482
vn 0.133296132 0.0545984097 -0.989571214
vn -0.254399449 0.0439998992 0.966097832
vn -0.226199448 0.018899953 0.973897636
vn -0.234796762 -0.0105998535 0.971986592
vn -0.200991884 -0.971260726 0.127494842
vn -0.138999671 -0.978197753 0.154299647
vn -0.117101297 -0.983610928 0.137101516
vn -0.721790612 0.287896246 0.629391789
vn -0.840298533 0.32109943 0.436799198
vn -0.751882493 0.119997203 0.648284912
vn 0.560789645 -0.765985787 -0.314294189
vn 0.366306573 -0.833614945 -0.413407415
vn 0.492194891 -0.796891749 -0.350296378
vn 0.0762012377 -0.532308698 0.84311372
vn -0.0783000067 -0.866100073 0.493699998
vn -0.0876001194 -0.715400994 0.693201005
vn -0.504105151 0.514305174 0.693807006
vn -0.939213634 -0.0455006622 0.340304941
vn -0.612101674 0.759502053 0.220200583
vn -0.480885208 0.830774486 0.280291408
vn -0.487596363 0.825793862 0.283397883
vn -0.432895571 0.862591207 0.261797309
vn 0.238605127 0.900919378 0.36250779
vn 0.22339344 0.90247345 0.368289173
vn 0.0773002356 0.95420295 0.289000899
vn -0.930823743 -0.30820784 0.196405008
vn -0.959683716 -0.223696202 0.170197114
vn -0.930276036 -0.301092237 0.209594607
vn -0.627379894 0.585781217 0.513083637
vn -0.968179822 -0.0269994382 0.248794809
vn -0.851220369 0.389609337 0.351608425
vn 0.0552988835 -0.993479967 0.0996979848
vn 0.0377993584 -0.982683301 0.181396917
vn 0.00510022277 -0.99224335 0.124205418
vn 0.182008728 -0.848140717 0.497523904
vn 0.574481785 -0.813274205 -0.0924970657
vn 0.676485658 -0.651286185 0.343792707
vn 0.566772819 0.706766069 0.423379689
vn 0.562030554 0.527428746 0.637134671
vn 0.255899906 0.706899703 0.659399688
vn 0.252682894 0.593359828 0.764248252
vn -0.237194762 -0.732083797 0.638585865
vn -0.694470525 -0.496278912 0.520977914
vn -0.441101789 -0.354201436 0.824603319
vn -0.546207428 -0.241403297 0.80211097
vn -0.487393469 -0.255096585 0.835088849
vn -0.666331887 -0.302514493 -0.681532621
vn -0.665280819 -0.302691281 -0.682480335
vn -0.690803826 -0.293701619 -0.660703659
vn 0.314614952 0.415519714 0.853440523
vn 0.294003636 0.452305615 0.842010438
vn 0.300589889 0.405686378 0.863171041
vn -0.675115705 0.555512846 0.485411286
vn -0.607898235 0.641798079 0.4674986
vn -0.654682517 0.585184395 0.478487223
vn -0.4920021 -0.68540293 0.536802351
vn -0.515904129 -0.733205855 0.443003505
vn -0.512312353 -0.724317491 0.461411119
vn 0.708020568 -0.0924026817 0.70012033
vn 0.791620255 -0.155803993 0.590815127
vn 0.769999683 -0.116599962 0.627299786
vn -0.549514472 -0.794420898 -0.258706808
vn -0.559306979 -0.790109813 -0.250803143
vn -0.563087761 -0.788182914 -0.248394623
vn -0.955918014 -0.233604401 0.177903354
vn -0.957527339 -0.215206146 0.191905484
vn -0.956318498 -0.220604256 0.191803709
vn 0.489786208 -0.817277014 0.30359146
vn 0.596480846 -0.801674306 -0.0390987471
vn 0.566208124 -0.819111764 0.0920013189
vn 0.389297247 0.886593759 -0.249798238
vn 0.302509993 0.903329849 -0.30411008
vn 0.487680078 0.86966449 -0.0764968693
vn 0.845503747 -0.520102262 -0.120900542
vn 0.909045398 -0.40432018 -0.100805037
vn 0.832906544 -0.527804196 -0.166401312
vn 0.264613479 0.937447667 -0.226211503
vn 0.309304595 0.932813823 -0.184902743
vn 0.333992511 0.901079834 -0.276593804
vn 0.405493557 -0.0238996204 -0.913785458
vn 0.419219166 -0.00890040677 -0.907841504
vn 0.394895047 -0.0158998016 -0.918588579
vn -0.932596207 -0.358398527 -0.0425998271
vn -0.940689921 -0.335196406 0.0523994379
vn -0.961061954 -0.275289088 -0.0239990521
vn -0.954995751 0.295098692 0.0299998652
vn -0.95439446 0.297598273 0.0237998627
vn -0.967165351 0.233391643 0.100596398
vn 0.714627802 0.095703721 0.692926943
vn 0.705481112 0.0746979937 0.704781175
vn 0.731009066 0.15890196 0.663608253
vn -0.24190858 0.234108299 -0.941633403
vn -0.195792556 0.257390201 -0.946264029
vn -0.224905074 0.279206276 -0.933521032
vn 0.341691971 -0.095197767 0.934978068
vn 0.328392297 -0.115297303 0.937478065
vn 0.306295484 -0.0797988176 0.948585927
vn 0.149804831 -0.178705752 0.972431362
vn 0.172295317 -0.149895951 0.973573565
vn 0.234295487 -0.106797941 0.966281414
vn -0.981467307 -0.155494809 0.111996263
vn -0.961980104 -0.229995251 0.14729695
vn -0.962736726 -0.254309684 0.0920035094
vn 0.449390173 0.799682498 0.398191273
vn 0.458708644 0.786614835 0.413307816
vn 0.520312905 0.797419846 0.305607587
vn -0.680004716 -0.520103633 0.516803563
vn -0.656375587 -0.52728039 0.539579928
vn -0.63772893 -0.538724422 0.55052495
vn -0.748065889 0.657370031 0.0908958539
vn -0.686783731 0.703083396 0.184395656
vn -0.71438086 0.698881269 0.0349990614
vn -0.754621506 0.428512216 0.496914178
vn -0.761876225 0.426386714 0.4875848
vn -0.765962899 0.392480999 0.509175301
vn -0.998752356 -0.00489976676 0.0496976301
vn -0.998148084 0.0100004813 -0.0600028895
vn -0.99894172 0.0346014462 -0.0303012673
vn -0.920196712 0.0685997531 0.385398626
vn -0.906792343 0.122798964 0.40329662
vn -0.932794392 0.150899097 0.327298045
vn 0.340101272 -0.0472001806 -0.939203501
vn 0.342110544 -0.0440013558 -0.938628912
vn 0.360495299 -0.0425994396 -0.931787789
vn -0.805151165 0.390376329 -0.446472913
vn -0.962568879 0.197993606 -0.185094029
vn -0.901990652 0.259197295 -0.345296413
vn -0.250906289 0.924423099 0.287207186
vn -0.225197837 0.882591605 0.412696064
vn -0.155406177 0.902035892 0.402716011
vn -0.545696974 0.782595575 0.299598306
vn -0.540392101 0.780388474 0.314595342
vn -0.545789778 0.779185414 0.30819422
vn 0.331907779 -0.168603942 -0.928121686
vn 0.33468616 -0.164493203 -0.927861691
vn 0.323707193 -0.171303794 -0.930520594
vn 0.679562151 0.671962559 0.294383615
vn 0.661542416 0.693344474 0.285718322
vn 0.668996334 0.664296329 0.333398163
vn 0.937653899 -0.261015028 -0.229513183
vn 0.92448318 -0.19139652 -0.329694003
vn 0.930832624 -0.25820905 -0.258609056
vn 0.591001093 0.792201459 -0.15210028
vn 0.49277553 0.841758192 -0.22048907
vn 0.540121198 0.82513243 -0.165606514
vn 0.261812389 -0.964045584 0.0455021523
vn 0.260393441 -0.964175761 0.0505987257
vn 0.261106908 -0.964125574 0.0478012674
vn -0.851715684 0.49240905 0.179203287
vn -0.852879047 0.501887679 0.143896461
vn -0.78706944 0.593576908 0.167893484
vn 0.842312455 -0.322304755 0.432006389
vn 0.837800801 -0.308300287 0.450600386
vn 0.814136207 -0.360116005 0.455520242
vn -0.640806556 -0.211102158 0.738107562
vn -0.656902194 -0.229800761 0.718102396
vn -0.616386175 -0.217595115 0.756783009
vn -0.0503016189 0.970131278 0.237307653
vn -0.0660011321 0.939616144 0.335805774
vn 0.058198981 0.966883063 0.248495653
vn -0.258899927 0.103899978 -0.96029985
vn -0.247609615 0.142405525 -0.958337188
vn -0.233402207 0.121901155 -0.964709044
vn -0.877301514 -0.275200486 0.393200666
vn -0.792830765 -0.36941433 0.48471877
vn -0.846041083 -0.428620815 0.31701538
vn 0.563998461 -0.572298467 0.595298409
vn 0.568306744 -0.567906678 0.595407009
vn 0.576506555 -0.56000632 0.595006764
vn 0.100101426 -0.930213213 0.353105009
vn 0.111496031 -0.92466712 0.364087045
vn 0.10719952 -0.926695883 0.360198379
vn 0.206101149 -0.697403848 0.686403811
vn 0.126204178 -0.541417897 0.831227481
vn 0.165906802 -0.785032153 0.596824467
vn 0.947769225 0.305790067 0.0906970575
vn 0.946182489 0.319994062 -0.0483991057
vn 0.919362903 0.388684332 0.0607975498
vn -0.603794217 -0.366496503 -0.707893252
vn -0.600512564 -0.301206321 -0.740715504
vn -0.639807343 -0.315903604 -0.700608015
vn 0.528372586 0.824757218 -0.201489553
vn 0.546908677 0.814212918 -0.194803104
vn 0.540809393 0.817314208 -0.19880344
vn 0.280490905 0.216292977 -0.935169637
vn 0.276800066 0.210000038 -0.937700212
vn 0.271605462 0.221304446 -0.936618805
vn -0.420106679 -0.893114209 0.160802558
vn -0.426215529 -0.895332634 0.129304707
vn -0.426194131 -0.895487666 0.128298223
vn -0.0274992436 -0.97107321 0.237193465
vn -0.0975051224 -0.980951548 0.168008819
vn -0.0464015454 -0.9843328 0.170105666
vn 0.171107411 0.192108333 -0.966341853
vn 0.170904368 0.145903721 -0.974424839
vn 0.130603254 0.176904395 -0.975524247
vn -0.908025146 0.139203861 0.395110935
vn -0.885594785 0.295298278 0.358497888
vn -0.878216684 0.205403909 0.43190819
vn -0.962509274 -0.185501784 -0.197901905
vn -0.962523758 -0.155903846 -0.221905485
vn -0.982259154 -0.15449357 -0.106295578
vn 0.561927617 -0.608129859 0.560727537
vn 0.519210935 -0.475410014 0.710214972
vn 0.468705326 -0.726708233 0.502205729
vn -0.771297395 0.525498211 0.359098792
vn -0.713604808 0.561803818 0.418502837
vn -0.674173832 0.603276551 0.426083475
vn -0.714980602 -0.699081063 0.00939974468
vn -0.720893502 -0.690093756 0.0638994202
vn -0.620113611 -0.784417152 0.0122002671
vn 0.23639439 0.956277311 0.172195897
vn 0.219994232 0.960574865 0.169995546
vn 0.262308538 0.935930371 0.235007629
vn -0.97950989 0.143801466 0.141001433
vn -0.99291563 0.0949014872 0.0715011284
vn -0.954392731 0.229298264 0.191198543
vn 0.850530267 -0.51301825 0.115804121
vn 0.842404306 -0.523102701 0.129300654
vn 0.871203959 -0.460102081 0.171200782
vn -0.949405193 0.229201257 -0.214701176
vn -0.974085152 0.203896895 -0.0978985131
vn -0.975183904 0.132597804 -0.177297071
vn -0.127995819 0.160094753 -0.978767931
vn -0.12870203 0.0792012513 -0.988515556
vn -0.145495683 0.115696572 -0.982570827
vn 0.297100931 0.938202858 0.177500546
vn 0.364703894 0.928709865 0.0670007169
vn 0.206004575 0.974921644 0.0842018649
vn -0.993089378 -0.0316996612 0.112998791
vn -0.975114167 0.000100001453 0.221703216
vn -0.991840243 0.0770031288 0.101604119
vn -0.998722017 0.0319007002 -0.0392008647
vn -0.999021292 0.00950020272 -0.0432009213
vn -0.999359667 0.0348985903 0.00789968017
vn -0.470714867 -0.852126956 -0.228707224
vn -0.46261391 -0.846025467 -0.265007943
vn -0.273295015 -0.95768261 -0.0902983621
vn -0.700500369 -0.695300341 0.160800084
vn -0.702795982 -0.693096042 0.160299093
vn -0.594595969 -0.709895194 0.377497435
vn 0.00280013354 0.463022083 -0.886342347
vn -0.170401946 0.125801429 -0.977311194
vn -0.190996319 0.117097735 -0.974581182
vn 0.343898445 -0.102499537 -0.933395803
vn 0.342283845 -0.0971954167 -0.934555948
vn 0.333288491 -0.0894969106 -0.938567579
vn 0.288297147 -0.144398585 0.946590662
vn 0.29610914 -0.144704491 0.944129229
vn 0.287189692 -0.132495239 0.948665917
vn 0.277707785 -0.161304519 0.947026551
vn -0.670592368 -0.603993118 -0.430695117
vn -0.643283129 -0.626083553 -0.440688431
vn -0.621679902 -0.59638077 -0.507783592
vn -0.611309528 -0.611709535 -0.502107799
vn -0.982005596 0.188501075 0.0115000661
vn -0.99067992 0.127697408 0.0473990403
vn -0.986367047 0.161594599 0.03109896
vn -0.98806572 0.138795182 0.0667976812
vn -0.99719429 0.00729995826 -0.0744995698
vn -0.990585148 0.0443993323 -0.129498065
vn -0.974178374 0.0956978798 -0.20449546
vn -0.987765312 0.09899652 -0.120495766
vn 0.870447755 -0.486326665 0.0762041807
vn 0.816644013 -0.570330739 0.0884047598
vn 0.811483979 -0.582188487 0.0504990034
vn 0.80794239 -0.588730872 0.0250013117
vn -0.113894925 -0.133694053 -0.984456182
vn -0.0866992548 -0.203198239 -0.97529161
vn -0.124306291 -0.237712026 -0.963348746
vn -0.0806005448 -0.146600977 -0.985906601
vn -0.500409305 0.859616041 0.103201926
vn -0.375282168 0.911356747 0.16909197
vn -0.417284429 0.907366216 0.0505981147
vn -0.249204293 0.968216658 -0.0213003643
vn 0.894583106 -0.391292602 0.215895936
vn 0.90650779 -0.352203041 0.232802004
vn 0.889991343 -0.390396208 0.2355977
vn 0.882697284 -0.393898785 0.256299198
vn -0.106503434 0.248608023 -0.962731063
vn -0.138405114 0.281810403 -0.949435055
vn -0.0845022574 0.290207744 -0.953225434
vn -0.0391994379 0.224496782 -0.973686039
vn -0.00799964461 0.250988811 -0.967956901
vn 0.540498078 0.829497099 0.140699506
vn 0.601403475 0.756004333 0.258401483
vn 0.606003463 0.788804471 0.102700591
vn 0.55112958 0.799842954 0.237712771
vn 0.206004575 0.974921644 0.0842018649
vn 0.363903284 0.924008369 0.117401056
vn 0.297100931 0.938202858 0.177500546
vn 0.19989711 0.97978586 0.00779988756
vn 0.90119803 -0.419399083 0.109299764
vn 0.882201135 -0.463100582 0.0852001086
vn 0.919835865 -0.312312186 0.237409249
vn 0.946584046 -0.298894972 0.120997958
vn -0.814147532 0.554664314 0.171788931
vn -0.816488624 0.547392368 0.183597431
vn -0.82050848 0.550805748 0.152901575
vn -0.83040309 0.534202039 0.158300579
vn -0.670815289 -0.730616689 -0.1273029
vn -0.672490299 -0.731689453 -0.11129839
vn -0.682782352 -0.720981359 -0.118296944
vn -0.684891999 -0.717491627 -0.126998529
vn -0.994843841 0.0801035315 0.0622027405
vn -0.995345294 0.0386017598 0.0883040205
vn -0.974682868 0.0469991714 0.21859616
vn -0.98116082 0.000399984012 0.193192303
vn -0.982770979 0.00349989673 0.184794545
vn 0.332201689 -0.941404819 -0.0583003014
vn 0.257688075 -0.963155448 -0.0769964382
vn 0.254689395 -0.966659784 0.026498897
vn 0.298894346 -0.953981876 0.0240995418
vn -0.143693775 0.984857321 -0.0969958007
vn -0.0925011858 0.994912744 -0.0399005115
vn -0.0657019541 0.997829616 -0.00440013083
vn 0.0695979148 0.987970412 -0.138095871
vn -0.233693019 0.451786488 0.860974252
vn -0.233791813 0.4185853 0.877569258
vn -0.22669661 0.446893394 0.865387142
vn -0.206597537 0.447894692 0.869889617
vn 0.155299395 0.985196114 0.0725997165
vn 0.187700287 0.974201441 0.125300184
vn 0.160296321 0.984177351 -0.0754982606
vn 0.183008134 0.981643617 0.053702388
vn -0.271109343 -0.0442015231 -0.96153307
vn -0.236309469 -0.0688027591 -0.969238818
vn -0.249198809 -0.0104999505 -0.968395412
vn -0.221797451 0.00279996777 -0.975088775
vn -0.732484102 -0.670585454 0.11739745
vn -0.714117169 -0.688316584 0.127503052
vn -0.700500369 -0.695300341 0.160800084
vn -0.594595969 -0.709895194 0.377497435
vn -0.676016569 -0.390009552 0.625215292
vn -0.700172424 -0.324687213 0.635874927
vn -0.824002087 -0.352600902 0.443501115
vn -0.749811172 -0.388605773 0.535507977
vn 0.0743967369 -0.0877961516 -0.993356407
vn 0.0147996545 -0.0601985902 -0.998076677
vn 0.0517987423 -0.090197809 -0.994575858
vn 0.059099216 -0.0818989202 -0.994886816
vn -0.155804977 0.984631479 -0.0789025202
vn -0.142098784 0.989791393 0.0109999049
vn -0.212904215 0.974619329 -0.0692013726
vn -0.205509037 0.978242993 -0.0284012482
vn 0.860945344 -0.496326149 0.111505881
vn 0.874424219 -0.480513304 0.0670018569
vn 0.880698442 -0.470999151 0.050299909
vn 0.864409804 -0.481605411 0.144401625
vn 0.113004386 0.702227235 -0.702927291
vn 0.173493013 0.777268708 -0.604775667
vn 0.110594854 0.70436722 -0.701167345
vn 0.192289069 0.655662715 -0.730158448
vn 0.0544004887 -0.984908879 0.16430147
vn 0.0452020392 -0.974943995 0.217809841
vn 0.0459987819 -0.965874434 0.254893273
vn 0.106897771 -0.970879793 0.214395523
vn 0.599092484 0.782490194 0.169697866
vn 0.661219478 0.740221798 0.121903591
vn 0.660096228 0.738895833 0.135299221
vn 0.571106434 0.802309036 0.17360197
vn 0.850750566 -0.525569499 -0.000399976765
vn 0.85050112 -0.524800718 -0.0351000465
vn 0.843109727 -0.534406126 -0.0598006882
vn 0.869034171 -0.460018098 -0.182107151
vn 0.879348636 -0.457225263 -0.133007362
g MESH_VRKS_Corner_B_Submesh0
f 1/1/1 2/2/2 3/3/3
f 4/4/4 5/5/5 6/6/6
f 7/7/7 8/8/8 9/9/9
f 10/10/10 11/11/11 12/12/12
f 13/13/13 14/14/14 15/15/15
f 16/16/16 17/17/17 18/18/18
f 19/19/19 20/20/20 21/21/21
f 22/22/22 23/23/23 24/24/24
f 25/25/25 26/26/26 27/27/27
f 28/28/28 29/29/29 25/25/25
f 30/30/30 31/31/31 32/32/32
f 33/33/33 34/34/34 35/35/35
f 36/36/36 37/37/37 38/38/38
f 39/39/39 40/40/40 41/41/41
f 42/42/42 43/43/43 44/44/44
f 45/45/45 46/46/46 47/47/47
f 48/48/48 49/49/49 50/50/50
f 51/51/51 52/52/52 53/53/53
f 54/54/54 55/55/55 56/56/56
f 57/57/57 58/58/58 59/59/59
f 60/60/60 61/61/61 62/62/62
f 63/63/63 64/64/64 65/65/65
f 66/66/66 67/67/67 68/68/68
f 69/69/69 70/70/70 71/71/71
f 72/72/72 73/73/73 74/74/74
f 75/75/75 76/76/76 77/77/77
f 78/78/78 79/79/79 80/80/80
f 81/81/81 82/82/82 83/83/83
f 84/84/84 82/82/82 85/85/85
f 86/86/86 87/87/87 88/88/88
f 89/89/89 90/90/90 91/91/91
f 92/92/92 93/93/93 94/94/94
f 95/95/95 92/92/92 96/96/96
f 97/97/97 98/98/98 99/99/99
f 100/100/100 101/101/101 102/102/102
f 103/103/103 100/100/100 104/104/104
f 105/105/105 106/106/106 107/107/107
f 108/108/108 109/109/109 110/110/110
f 111/111/111 112/112/112 113/113/113
f 114/114/114 115/115/115 116/116/116
f 117/117/117 114/114/114 118/118/118
f 114/114/114 119/119/119 120/120/120
f 121/121/121 122/122/122 123/123/123
f 124/124/124 125/125/125 126/126/126
f 127/127/127 128/128/128 129/129/129
f 130/130/130 131/131/131 132/132/132
f 133/133/133 134/134/134 135/135/135
f 136/136/136 137/137/137 138/138/138
f 139/139/139 140/140/140 141/141/141
f 142/142/142 143/143/143 144/144/144
f 145/145/145 146/146/146 147/147/147
f 148/148/148 149/149/149 150/150/150
f 151/151/151 152/152/152 153/153/153
f 154/154/154 155/155/155 156/156/156
f 157/157/157 158/158/158 159/159/159
f 160/160/160 161/161/161 162/162/162
f 163/163/163 164/164/164 165/165/165
f 166/166/166 167/167/167 168/168/168
f 169/169/169 170/170/170 171/171/171
f 172/172/172 173/173/173 174/174/174
f 175/175/175 176/176/176 177/177/177
f 178/178/178 179/179/179 180/180/180
f 181/181/181 182/182/182 183/183/183
f 184/184/184 185/185/185 186/186/186
f 187/187/187 188/188/188 189/189/189
f 190/190/190 191/191/191 192/192/192
f 193/193/193 194/194/194 195/195/195
f 196/196/196 197/197/197 198/198/198
f 199/199/199 200/200/200 201/201/201
f 202/202/202 203/203/203 204/204/204
f 205/205/205 206/206/206 207/207/207
f 208/208/208 209/209/209 210/210/210
f 211/211/211 212/212/212 213/213/213
f 214/214/214 215/215/215 216/216/216
f 217/217/217 218/218/218 219/219/219
f 220/220/220 221/221/221 222/222/222
f 223/223/223 224/224/224 225/225/225
f 226/226/226 227/227/227 228/228/228
f 229/229/229 230/230/230 231/231/231
f 232/232/232 233/233/233 234/234/234
f 235/235/235 236/236/236 237/237/237
f 238/238/238 239/239/239 240/240/240
f 241/241/241 242/242/242 243/243/243
f 244/244/244 245/245/245 246/246/246
f 247/247/247 248/248/248 249/249/249
f 250/250/250 251/251/251 252/252/252
f 253/253/253 254/254/254 255/255/255
f 256/256/256 257/257/257 258/258/258
f 259/259/259 260/260/260 261/261/261
f 259/259/259 262/262/262 263/263/263
f 264/264/264 265/265/265 266/266/266
f 267/267/267 268/268/268 269/269/269
f 270/270/270 271/271/271 272/272/272
f 273/273/273 274/274/274 275/275/275
f 276/276/276 277/277/277 278/278/278
f 279/279/279 280/280/280 276/276/276
f 281/281/281 282/282/282 283/283/283
f 284/284/284 285/285/285 286/286/286
f 287/287/287 288/288/288 284/284/284
f 289/289/289 290/290/290 291/291/291
f 292/292/292 293/293/293 294/294/294
f 295/295/295 296/296/296 297/297/297
f 298/298/298 299/299/299 300/300/300
f 301/301/301 302/302/302 303/303/303
f 304/304/304 305/305/305 306/306/306
f 307/307/307 308/308/308 309/309/309
f 310/310/310 311/311/311 312/312/312
f 313/313/313 314/314/314 315/315/315
f 314/314/314 316/316/316 317/317/317
f 318/318/318 319/319/319 320/320/320
f 319/319/319 321/321/321 322/322/322
f 323/323/323 324/324/324 325/325/325
f 326/326/326 325/325/325 327/327/327
f 328/328/328 329/329/329 330/330/330
f 331/331/331 332/332/332 333/333/333
f 334/334/334 335/335/335 336/336/336
f 337/337/337 338/338/338 339/339/339
f 340/340/340 341/341/341 342/342/342
f 343/343/343 344/344/344 345/345/345
f 346/346/346 347/347/347 348/348/348
f 349/349/349 350/350/350 351/351/351
f 352/352/352 353/353/353 354/354/354
f 355/355/355 356/356/356 357/357/357
f 355/355/355 358/358/358 359/359/359
f 360/360/360 361/361/361 362/362/362
f 363/363/363 364/364/364 365/365/365
f 366/366/366 367/367/367 368/368/368
f 369/369/369 370/370/370 371/371/371
f 372/372/372 373/373/373 374/374/374
f 375/375/375 376/376/376 377/377/377
f 378/378/378 379/379/379 380/380/380
f 381/381/381 382/382/382 383/383/383
f 384/384/384 385/385/385 386/386/386
f 387/387/387 388/388/388 389/389/389
f 390/390/390 391/391/391 392/392/392
f 393/393/393 394/394/394 395/395/395
f 396/396/396 397/397/397 398/398/398
f 399/399/399 400/400/400 401/401/401
f 402/402/402 403/403/403 404/404/404
f 405/405/405 404/404/404 406/406/406
f 407/407/407 408/408/408 409/409/409
f 410/410/410 411/411/411 412/412/412
f 413/413/413 414/414/414 415/415/415
f 416/416/416 417/417/417 418/418/418
f 419/419/419 420/420/420 421/421/421
f 422/422/422 423/423/423 424/424/424
f 422/422/422 425/425/425 426/426/426
f 427/427/427 428/428/428 429/429/429
f 430/430/430 431/431/431 432/432/432
f 433/433/433 434/434/434 435/435/435
f 436/436/436 437/437/437 438/438/438
f 439/439/439 440/440/440 441/441/441
f 442/442/442 443/443/443 444/444/444
f 445/445/445 446/446/446 447/447/447
f 448/448/448 449/449/449 450/450/450
f 451/451/451 452/452/452 453/453/453
f 454/454/454 455/455/455 456/456/456
f 457/457/457 458/458/458 459/459/459
f 460/460/460 461/461/461 462/462/462
f 463/463/463 464/464/464 465/465/465
f 466/466/466 467/467/467 468/468/468
f 469/469/469 470/470/470 471/471/471
f 472/472/472 473/473/473 474/474/474
f 475/475/475 476/476/476 477/477/477
f 478/478/478 479/479/479 480/480/480
f 481/481/481 482/482/482 483/483/483
f 484/484/484 485/485/485 486/486/486
f 487/487/487 488/488/488 489/489/489
f 490/490/490 491/491/491 492/492/492
f 493/493/493 494/494/494 495/495/495
f 496/496/496 497/497/497 498/498/498
f 499/499/499 500/500/500 501/501/501
f 502/502/502 503/503/503 504/504/504
f 505/505/505 506/506/506 507/507/507
f 508/508/508 509/509/509 510/510/510
f 511/511/511 512/512/512 513/513/513
f 514/514/514 515/515/515 516/516/516
f 517/517/517 518/518/518 519/519/519
f 520/520/520 521/521/521 522/522/522
f 523/523/523 524/524/524 525/525/525
f 526/526/526 527/527/527 528/528/528
f 529/529/529 530/530/530 531/531/531
f 532/532/532 533/533/533 534/534/534
f 535/535/535 536/536/536 537/537/537
f 538/538/538 539/539/539 540/540/540
f 541/541/541 542/542/542 543/543/543
f 544/544/544 545/545/545 546/546/546
f 547/547/547 548/548/548 549/549/549
f 550/550/550 551/551/551 552/552/552
f 553/553/553 554/554/554 555/555/555
f 556/556/556 557/557/557 558/558/558
f 559/559/559 560/560/560 561/561/561
f 562/562/562 563/563/563 564/564/564
f 565/565/565 566/566/566 567/567/567
f 568/568/568 569/569/569 570/570/570
f 571/571/571 572/572/572 573/573/573
f 574/574/574 575/575/575 576/576/576
f 577/577/577 578/578/578 579/579/579
f 580/580/580 581/581/581 582/582/582
f 583/583/583 584/584/584 585/585/585
f 586/586/586 587/587/587 588/588/588
f 589/589/589 590/590/590 591/591/591
f 592/592/592 593/593/593 594/594/594
f 595/595/595 596/596/596 597/597/597
f 598/598/598 599/599/599 600/600/600
f 601/601/601 602/602/602 603/603/603
f 604/604/604 605/605/605 606/606/606
f 607/607/607 608/608/608 609/609/609
f 610/610/610 611/611/611 612/612/612
f 613/613/613 614/614/614 615/615/615
f 616/616/616 617/617/617 618/618/618
f 619/619/619 620/620/620 621/621/621
f 622/622/622 623/623/623 624/624/624
f 625/625/625 626/626/626 627/627/627
f 628/628/628 629/629/629 630/630/630
f 631/631/631 632/632/632 633/633/633
f 634/634/634 635/635/635 636/636/636
f 637/637/637 638/638/638 639/639/639
f 640/640/640 641/641/641 642/642/642
f 643/643/643 644/644/644 645/645/645
f 646/646/646 647/647/647 648/648/648
f 649/649/649 650/650/650 651/651/651
f 652/652/652 653/653/653 654/654/654
f 655/655/655 656/656/656 657/657/657
f 658/658/658 659/659/659 660/660/660
f 661/661/661 662/662/662 663/663/663
f 664/664/664 665/665/665 666/666/666
f 667/667/667 668/668/668 669/669/669
f 670/670/670 671/671/671 672/672/672
f 673/673/673 674/674/674 675/675/675
f 676/676/676 677/677/677 678/678/678
f 679/679/679 680/680/680 681/681/681
f 682/682/682 683/683/683 684/684/684
f 685/685/685 686/686/686 687/687/687
f 688/688/688 689/689/689 690/690/690
f 691/691/691 692/692/692 693/693/693
f 694/694/694 695/695/695 696/696/696
f 697/697/697 698/698/698 699/699/699
f 700/700/700 701/701/701 702/702/702
f 703/703/703 704/704/704 705/705/705
f 706/706/706 707/707/707 708/708/708
f 709/709/709 710/710/710 711/711/711
f 712/712/712 713/713/713 714/714/714
f 715/715/715 716/716/716 717/717/717
f 718/718/718 719/719/719 720/720/720
f 721/721/721 722/722/722 723/723/723
f 724/724/724 723/723/723 725/725/725
f 726/726/726 727/727/727 728/728/728
f 729/729/729 730/730/730 731/731/731
f 732/732/732 733/733/733 734/734/734
f 735/735/735 736/736/736 737/737/737
f 738/738/738 739/739/739 740/740/740
f 741/741/741 742/742/742 743/743/743
f 744/744/744 745/745/745 746/746/746
f 747/747/747 748/748/748 749/749/749
f 750/750/750 751/751/751 752/752/752
f 753/753/753 754/754/754 755/755/755
f 756/756/756 757/757/757 758/758/758
f 757/757/757 759/759/759 760/760/760
f 761/761/761 762/762/762 763/763/763
f 764/764/764 765/765/765 766/766/766
f 767/767/767 768/768/768 769/769/769
f 770/770/770 771/771/771 772/772/772
f 773/773/773 774/774/774 775/775/775
f 776/776/776 777/777/777 778/778/778
f 779/779/779 780/780/780 781/781/781
f 782/782/782 783/783/783 784/784/784
f 785/785/785 786/786/786 787/787/787
f 788/788/788 789/789/789 790/790/790
f 791/791/791 792/792/792 793/793/793
f 794/794/794 795/795/795 796/796/796
f 797/797/797 798/798/798 799/799/799
f 800/800/800 801/801/801 802/802/802
f 803/803/803 804/804/804 805/805/805
f 806/806/806 807/807/807 808/808/808
f 809/809/809 810/810/810 811/811/811
f 812/812/812 813/813/813 814/814/814
f 815/815/815 816/816/816 817/817/817
f 818/818/818 819/819/819 820/820/820
f 821/821/821 822/822/822 823/823/823
f 824/824/824 825/825/825 826/826/826
f 827/827/827 828/828/828 829/829/829
f 830/830/830 831/831/831 832/832/832
f 833/833/833 832/832/832 834/834/834
f 835/835/835 836/836/836 837/837/837
f 838/838/838 839/839/839 840/840/840
f 841/841/841 842/842/842 843/843/843
f 844/844/844 845/845/845 846/846/846
f 847/847/847 848/848/848 849/849/849
f 850/850/850 851/851/851 852/852/852
f 853/853/853 854/854/854 855/855/855
f 856/856/856 857/857/857 858/858/858
f 859/859/859 860/860/860 861/861/861
f 862/862/862 863/863/863 864/864/864
f 865/865/865 866/866/866 867/867/867
f 868/868/868 869/869/869 870/870/870
f 871/871/871 872/872/872 873/873/873
f 874/874/874 875/875/875 876/876/876
f 877/877/877 878/878/878 879/879/879
f 880/880/880 881/881/881 882/882/882
f 883/883/883 884/884/884 885/885/885
f 886/886/886 887/887/887 888/888/888
f 889/889/889 890/890/890 891/891/891
f 892/892/892 893/893/893 894/894/894
f 895/895/895 896/896/896 897/897/897
f 898/898/898 899/899/899 900/900/900
f 901/901/901 902/902/902 903/903/903
f 904/904/904 905/905/905 906/906/906
f 907/907/907 908/908/908 909/909/909
f 910/910/910 911/911/911 912/912/912
f 913/913/913 914/914/914 915/915/915
f 916/916/916 917/917/917 918/918/918
f 919/919/919 920/920/920 921/921/921
f 922/922/922 923/923/923 924/924/924
f 925/925/925 926/926/926 927/927/927
f 928/928/928 929/929/929 930/930/930
f 931/931/931 932/932/932 933/933/933
f 934/934/934 935/935/935 936/936/936
f 937/937/937 938/938/938 939/939/939
f 940/940/940 941/941/941 942/942/942
f 943/943/943 944/944/944 945/945/945
f 946/946/946 947/947/947 948/948/948
f 949/949/949 950/950/950 951/951/951
f 952/952/952 953/953/953 954/954/954
f 955/955/955 956/956/956 957/957/957
f 958/958/958 959/959/959 960/960/960
f 961/961/961 962/962/962 963/963/963
f 964/964/964 965/965/965 966/966/966
f 967/967/967 968/968/968 969/969/969
f 970/970/970 971/971/971 972/972/972
f 973/973/973 974/974/974 975/975/975
f 976/976/976 977/977/977 978/978/978
f 979/979/979 980/980/980 981/981/981
f 982/982/982 983/983/983 984/984/984
f 985/985/985 986/986/986 987/987/987
f 988/988/988 989/989/989 990/990/990
f 991/991/991 992/992/992 993/993/993
f 994/994/994 995/995/995 996/996/996
f 997/997/997 998/998/998 999/999/999
f 1000/1000/1000 1001/1001/1001 1002/1002/1002
f 1003/1003/1003 1004/1004/1004 1005/1005/1005
f 1006/1006/1006 1007/1007/1007 1008/1008/1008
f 1009/1009/1009 1010/1010/1010 1011/1011/1011
f 1012/1012/1012 1013/1013/1013 1014/1014/1014
f 1015/1015/1015 1016/1016/1016 1017/1017/1017
f 1018/1018/1018 1019/1019/1019 1020/1020/1020
f 1021/1021/1021 1022/1022/1022 1023/1023/1023
f 1024/1024/1024 1025/1025/1025 1026/1026/1026
f 1027/1027/1027 1028/1028/1028 1029/1029/1029
f 1030/1030/1030 1031/1031/1031 1032/1032/1032
f 1033/1033/1033 1034/1034/1034 1035/1035/1035
f 1036/1036/1036 1037/1037/1037 1038/1038/1038
f 1039/1039/1039 1040/1040/1040 1041/1041/1041
f 1042/1042/1042 1043/1043/1043 1044/1044/1044
f 1045/1045/1045 1046/1046/1046 1047/1047/1047
f 1048/1048/1048 1049/1049/1049 1050/1050/1050
f 1051/1051/1051 1052/1052/1052 1053/1053/1053
f 1054/1054/1054 1055/1055/1055 1056/1056/1056
f 1057/1057/1057 1058/1058/1058 1059/1059/1059
f 1060/1060/1060 1061/1061/1061 1062/1062/1062
f 1063/1063/1063 1064/1064/1064 1065/1065/1065
f 1066/1066/1066 1067/1067/1067 1068/1068/1068
f 1069/1069/1069 1070/1070/1070 1071/1071/1071
f 1072/1072/1072 1073/1073/1073 1074/1074/1074
f 1075/1075/1075 1076/1076/1076 1077/1077/1077
f 1078/1078/1078 1079/1079/1079 1080/1080/1080
f 1081/1081/1081 1082/1082/1082 1083/1083/1083
f 1084/1084/1084 1085/1085/1085 1086/1086/1086
f 1087/1087/1087 1088/1088/1088 1089/1089/1089
f 1090/1090/1090 1091/1091/1091 1092/1092/1092
f 1093/1093/1093 1094/1094/1094 1095/1095/1095
f 1096/1096/1096 1097/1097/1097 1098/1098/1098
f 1099/1099/1099 1100/1100/1100 1101/1101/1101
f 1102/1102/1102 1103/1103/1103 1104/1104/1104
f 1105/1105/1105 1106/1106/1106 1107/1107/1107
f 1108/1108/1108 1109/1109/1109 1110/1110/1110
f 1111/1111/1111 1112/1112/1112 1113/1113/1113
f 1114/1114/1114 1115/1115/1115 1116/1116/1116
f 1117/1117/1117 1118/1118/1118 1119/1119/1119
f 1120/1120/1120 1121/1121/1121 1122/1122/1122
f 1123/1123/1123 1124/1124/1124 1125/1125/1125
f 1126/1126/1126 1127/1127/1127 1128/1128/1128
f 1129/1129/1129 1130/1130/1130 1131/1131/1131
f 1132/1132/1132 1133/1133/1133 1134/1134/1134
f 1135/1135/1135 1136/1136/1136 1137/1137/1137
f 1138/1138/1138 1139/1139/1139 1140/1140/1140
f 1141/1141/1141 1142/1142/1142 1143/1143/1143
f 1144/1144/1144 1145/1145/1145 1146/1146/1146
f 1147/1147/1147 1148/1148/1148 1149/1149/1149
f 1150/1150/1150 1151/1151/1151 1152/1152/1152
f 1153/1153/1153 1154/1154/1154 1155/1155/1155
f 1156/1156/1156 1157/1157/1157 1158/1158/1158
f 1159/1159/1159 1160/1160/1160 1161/1161/1161
f 1162/1162/1162 1163/1163/1163 1164/1164/1164
f 1165/1165/1165 1166/1166/1166 1167/1167/1167
f 1168/1168/1168 1169/1169/1169 1170/1170/1170
f 1171/1171/1171 1172/1172/1172 1173/1173/1173
f 1174/1174/1174 1175/1175/1175 1176/1176/1176
f 1177/1177/1177 1178/1178/1178 1179/1179/1179
f 1180/1180/1180 1181/1181/1181 1182/1182/1182
f 1183/1183/1183 1184/1184/1184 1185/1185/1185
f 1186/1186/1186 1187/1187/1187 1188/1188/1188
f 1189/1189/1189 1190/1190/1190 1191/1191/1191
f 1192/1192/1192 1193/1193/1193 1194/1194/1194
f 1195/1195/1195 1196/1196/1196 1197/1197/1197
f 1198/1198/1198 1199/1199/1199 1200/1200/1200
f 1201/1201/1201 1202/1202/1202 1203/1203/1203
f 1204/1204/1204 1205/1205/1205 1206/1206/1206
f 1207/1207/1207 1208/1208/1208 1209/1209/1209
f 1210/1210/1210 1211/1211/1211 1212/1212/1212
f 1213/1213/1213 1214/1214/1214 1215/1215/1215
f 1216/1216/1216 1217/1217/1217 1218/1218/1218
f 1219/1219/1219 1220/1220/1220 1221/1221/1221
f 1222/1222/1222 1223/1223/1223 1224/1224/1224
f 1225/1225/1225 1226/1226/1226 1227/1227/1227
f 1228/1228/1228 1229/1229/1229 1230/1230/1230
f 1231/1231/1231 1232/1232/1232 1233/1233/1233
f 1234/1234/1234 1235/1235/1235 1236/1236/1236
f 1237/1237/1237 1238/1238/1238 1239/1239/1239
f 1240/1240/1240 1241/1241/1241 1242/1242/1242
f 1243/1243/1243 1244/1244/1244 1245/1245/1245
f 1246/1246/1246 1247/1247/1247 1248/1248/1248
f 1249/1249/1249 1250/1250/1250 1251/1251/1251
f 1252/1252/1252 1253/1253/1253 1254/1254/1254
f 1255/1255/1255 1256/1256/1256 1257/1257/1257
f 1258/1258/1258 1259/1259/1259 1260/1260/1260
f 1261/1261/1261 1262/1262/1262 1263/1263/1263
f 1264/1264/1264 1265/1265/1265 1266/1266/1266
f 1267/1267/1267 1268/1268/1268 1269/1269/1269
f 1270/1270/1270 1271/1271/1271 1272/1272/1272
f 1273/1273/1273 1274/1274/1274 1275/1275/1275
f 1276/1276/1276 1277/1277/1277 1278/1278/1278
f 1279/1279/1279 1280/1280/1280 1281/1281/1281
f 1282/1282/1282 1283/1283/1283 1284/1284/1284
f 1285/1285/1285 1286/1286/1286 1287/1287/1287
f 1288/1288/1288 1289/1289/1289 1290/1290/1290
f 1291/1291/1291 1292/1292/1292 1293/1293/1293
f 1294/1294/1294 1295/1295/1295 1296/1296/1296
f 1297/1297/1297 1298/1298/1298 1299/1299/1299
f 1300/1300/1300 1301/1301/1301 1302/1302/1302
f 1303/1303/1303 1304/1304/1304 1305/1305/1305
f 1306/1306/1306 1307/1307/1307 1308/1308/1308
f 1309/1309/1309 1310/1310/1310 1311/1311/1311
f 1312/1312/1312 1313/1313/1313 1314/1314/1314
f 1315/1315/1315 1316/1316/1316 1317/1317/1317
f 1318/1318/1318 1319/1319/1319 1320/1320/1320
f 1321/1321/1321 1322/1322/1322 1323/1323/1323
f 1324/1324/1324 1325/1325/1325 1326/1326/1326
f 1327/1327/1327 1328/1328/1328 1329/1329/1329
f 1330/1330/1330 1331/1331/1331 1332/1332/1332
f 1333/1333/1333 1334/1334/1334 1335/1335/1335
f 1336/1336/1336 1337/1337/1337 1338/1338/1338
f 1339/1339/1339 1340/1340/1340 1341/1341/1341
f 1342/1342/1342 1343/1343/1343 1344/1344/1344
f 1345/1345/1345 1346/1346/1346 1347/1347/1347
f 1348/1348/1348 1349/1349/1349 1350/1350/1350
f 1351/1351/1351 1352/1352/1352 1353/1353/1353
f 1354/1354/1354 1355/1355/1355 1356/1356/1356
f 1357/1357/1357 1358/1358/1358 1359/1359/1359
f 1360/1360/1360 1361/1361/1361 1362/1362/1362
f 1363/1363/1363 1364/1364/1364 1365/1365/1365
f 1366/1366/1366 1367/1367/1367 1368/1368/1368
f 1369/1369/1369 1370/1370/1370 1371/1371/1371
f 1372/1372/1372 1373/1373/1373 1374/1374/1374
f 1375/1375/1375 1376/1376/1376 1377/1377/1377
f 1378/1378/1378 1379/1379/1379 1380/1380/1380
f 1381/1381/1381 1382/1382/1382 1383/1383/1383
f 1384/1384/1384 1385/1385/1385 1386/1386/1386
f 1387/1387/1387 1388/1388/1388 1389/1389/1389
f 1390/1390/1390 1391/1391/1391 1392/1392/1392
f 1393/1393/1393 1394/1394/1394 1395/1395/1395
f 1396/1396/1396 1397/1397/1397 1398/1398/1398
f 1399/1399/1399 1400/1400/1400 1401/1401/1401
f 1402/1402/1402 1403/1403/1403 1404/1404/1404
f 1405/1405/1405 1406/1406/1406 1407/1407/1407
f 1408/1408/1408 1409/1409/1409 1410/1410/1410
f 1411/1411/1411 1412/1412/1412 1413/1413/1413
f 1414/1414/1414 1415/1415/1415 1416/1416/1416
f 1417/1417/1417 1418/1418/1418 1419/1419/1419
f 1420/1420/1420 1421/1421/1421 1422/1422/1422
f 1423/1423/1423 1424/1424/1424 1425/1425/1425
f 1426/1426/1426 1427/1427/1427 1428/1428/1428
f 1429/1429/1429 1430/1430/1430 1431/1431/1431
f 1432/1432/1432 1433/1433/1433 1434/1434/1434
f 1435/1435/1435 1436/1436/1436 1437/1437/1437
f 1438/1438/1438 1439/1439/1439 1440/1440/1440
f 1441/1441/1441 1442/1442/1442 1443/1443/1443
f 1444/1444/1444 1445/1445/1445 1446/1446/1446
f 1447/1447/1447 1448/1448/1448 1449/1449/1449
f 1450/1450/1450 1451/1451/1451 1452/1452/1452
f 1453/1453/1453 1454/1454/1454 1455/1455/1455
f 1456/1456/1456 1457/1457/1457 1458/1458/1458
f 1459/1459/1459 1460/1460/1460 1461/1461/1461
f 1462/1462/1462 1463/1463/1463 1464/1464/1464
f 1465/1465/1465 1466/1466/1466 1467/1467/1467
f 1468/1468/1468 1469/1469/1469 1470/1470/1470
f 1471/1471/1471 1472/1472/1472 1473/1473/1473
f 1474/1474/1474 1475/1475/1475 1476/1476/1476
f 1477/1477/1477 1478/1478/1478 1479/1479/1479
f 1480/1480/1480 1481/1481/1481 1482/1482/1482
f 1483/1483/1483 1484/1484/1484 1485/1485/1485
f 1486/1486/1486 1487/1487/1487 1488/1488/1488
f 1489/1489/1489 1490/1490/1490 1491/1491/1491
f 1492/1492/1492 1493/1493/1493 1494/1494/1494
f 1493/1493/1493 1495/1495/1495 1496/1496/1496
f 1497/1497/1497 1498/1498/1498 1499/1499/1499
f 1500/1500/1500 1501/1501/1501 1502/1502/1502
f 1503/1503/1503 1504/1504/1504 1505/1505/1505
f 1506/1506/1506 1507/1507/1507 1508/1508/1508
f 1509/1509/1509 1510/1510/1510 1511/1511/1511
f 1512/1512/1512 1513/1513/1513 1514/1514/1514
f 1515/1515/1515 1516/1516/1516 1517/1517/1517
f 1518/1518/1518 1519/1519/1519 1520/1520/1520
f 1521/1521/1521 1522/1522/1522 1523/1523/1523
f 1524/1524/1524 1525/1525/1525 1526/1526/1526
f 1527/1527/1527 1528/1528/1528 1529/1529/1529
f 1530/1530/1530 1531/1531/1531 1532/1532/1532
f 1533/1533/1533 1534/1534/1534 1535/1535/1535
f 1536/1536/1536 1537/1537/1537 1538/1538/1538
f 1539/1539/1539 1540/1540/1540 1541/1541/1541
f 1542/1542/1542 1543/1543/1543 1544/1544/1544
f 1545/1545/1545 1546/1546/1546 1547/1547/1547
f 1548/1548/1548 1549/1549/1549 1550/1550/1550
f 1551/1551/1551 1552/1552/1552 1553/1553/1553
f 1554/1554/1554 1555/1555/1555 1556/1556/1556
f 1557/1557/1557 1558/1558/1558 1559/1559/1559
f 1560/1560/1560 1561/1561/1561 1562/1562/1562
f 1563/1563/1563 1564/1564/1564 1565/1565/1565
f 1566/1566/1566 1567/1567/1567 1568/1568/1568
f 1569/1569/1569 1570/1570/1570 1571/1571/1571
f 1572/1572/1572 1573/1573/1573 1574/1574/1574
f 1575/1575/1575 1576/1576/1576 1577/1577/1577
f 1578/1578/1578 1576/1576/1576 1579/1579/1579
f 1580/1580/1580 1581/1581/1581 1582/1582/1582
f 1583/1583/1583 1584/1584/1584 1585/1585/1585
f 1586/1586/1586 1587/1587/1587 1588/1588/1588
f 1589/1589/1589 1590/1590/1590 1591/1591/1591
f 1592/1592/1592 1593/1593/1593 1594/1594/1594
f 1595/1595/1595 1596/1596/1596 1597/1597/1597
f 1598/1598/1598 1599/1599/1599 1600/1600/1600
f 1601/1601/1601 1602/1602/1602 1603/1603/1603
f 1604/1604/1604 1605/1605/1605 1606/1606/1606
f 1607/1607/1607 1608/1608/1608 1609/1609/1609
f 1610/1610/1610 1611/1611/1611 1612/1612/1612
f 1613/1613/1613 1614/1614/1614 1615/1615/1615
f 1616/1616/1616 1617/1617/1617 1618/1618/1618
f 1619/1619/1619 1620/1620/1620 1621/1621/1621
f 1622/1622/1622 1623/1623/1623 1624/1624/1624
f 1625/1625/1625 1626/1626/1626 1627/1627/1627
f 1628/1628/1628 1629/1629/1629 1630/1630/1630
f 1631/1631/1631 1632/1632/1632 1633/1633/1633
f 1634/1634/1634 1635/1635/1635 1636/1636/1636
f 1637/1637/1637 1638/1638/1638 1639/1639/1639
f 1640/1640/1640 1639/1639/1639 1641/1641/1641
f 1642/1642/1642 1643/1643/1643 1644/1644/1644
f 1645/1645/1645 1646/1646/1646 1647/1647/1647
f 1648/1648/1648 1649/1649/1649 1650/1650/1650
f 1651/1651/1651 1652/1652/1652 1653/1653/1653
f 1654/1654/1654 1655/1655/1655 1656/1656/1656
f 1657/1657/1657 1658/1658/1658 1659/1659/1659
f 1660/1660/1660 1661/1661/1661 1662/1662/1662
f 1663/1663/1663 1664/1664/1664 1665/1665/1665
f 1666/1666/1666 1667/1667/1667 1668/1668/1668
f 1669/1669/1669 1670/1670/1670 1671/1671/1671
f 1672/1672/1672 1673/1673/1673 1674/1674/1674
f 1675/1675/1675 1676/1676/1676 1677/1677/1677
f 1678/1678/1678 1679/1679/1679 1680/1680/1680
f 1681/1681/1681 1682/1682/1682 1680/1680/1680
f 1683/1683/1683 1684/1684/1684 1685/1685/1685
f 1686/1686/1686 1687/1687/1687 1688/1688/1688
f 1689/1689/1689 1690/1690/1690 1691/1691/1691
f 1692/1692/1692 1693/1693/1693 1694/1694/1694
f 1695/1695/1695 1696/1696/1696 1697/1697/1697
f 1698/1698/1698 1699/1699/1699 1700/1700/1700
f 1701/1701/1701 1702/1702/1702 1703/1703/1703
f 1704/1704/1704 1705/1705/1705 1706/1706/1706
f 1707/1707/1707 1708/1708/1708 1709/1709/1709
f 1710/1710/1710 1711/1711/1711 1712/1712/1712
f 1713/1713/1713 1714/1714/1714 1715/1715/1715
f 1716/1716/1716 1717/1717/1717 1718/1718/1718
f 1719/1719/1719 1720/1720/1720 1721/1721/1721
f 1722/1722/1722 1723/1723/1723 1724/1724/1724
f 1724/1724/1724 1725/1725/1725 1726/1726/1726
f 1727/1727/1727 1728/1728/1728 1729/1729/1729
f 1730/1730/1730 1731/1731/1731 1732/1732/1732
f 1733/1733/1733 1734/1734/1734 1735/1735/1735
f 1736/1736/1736 1737/1737/1737 1738/1738/1738
f 1739/1739/1739 1740/1740/1740 1741/1741/1741
f 1742/1742/1742 1743/1743/1743 1744/1744/1744
f 1745/1745/1745 1746/1746/1746 1747/1747/1747
f 1748/1748/1748 1749/1749/1749 1750/1750/1750
f 1751/1751/1751 1752/1752/1752 1753/1753/1753
f 1754/1754/1754 1755/1755/1755 1756/1756/1756
f 1757/1757/1757 1758/1758/1758 1759/1759/1759
f 1760/1760/1760 1761/1761/1761 1762/1762/1762
f 1763/1763/1763 1764/1764/1764 1765/1765/1765
f 1766/1766/1766 1767/1767/1767 1768/1768/1768
f 1769/1769/1769 1770/1770/1770 1771/1771/1771
f 1772/1772/1772 1773/1773/1773 1774/1774/1774
f 1775/1775/1775 1776/1776/1776 1777/1777/1777
f 1778/1778/1778 1779/1779/1779 1780/1780/1780
f 1781/1781/1781 1782/1782/1782 1783/1783/1783
f 1784/1784/1784 1785/1785/1785 1786/1786/1786
f 1787/1787/1787 1788/1788/1788 1789/1789/1789
f 1790/1790/1790 1791/1791/1791 1792/1792/1792
f 1793/1793/1793 1794/1794/1794 1795/1795/1795
f 1796/1796/1796 1797/1797/1797 1798/1798/1798
f 1799/1799/1799 1796/1796/1796 1800/1800/1800
f 1801/1801/1801 1802/1802/1802 1803/1803/1803
f 1804/1804/1804 1805/1805/1805 1806/1806/1806
f 1807/1807/1807 1808/1808/1808 1809/1809/1809
f 1810/1810/1810 1811/1811/1811 1812/1812/1812
f 1813/1813/1813 1814/1814/1814 1815/1815/1815
f 1816/1816/1816 1817/1817/1817 1818/1818/1818
f 1819/1819/1819 1820/1820/1820 1821/1821/1821
f 1822/1822/1822 1823/1823/1823 1824/1824/1824
f 1825/1825/1825 1826/1826/1826 1827/1827/1827
f 1828/1828/1828 1829/1829/1829 1830/1830/1830
f 1831/1831/1831 1832/1832/1832 1833/1833/1833
f 1834/1834/1834 1835/1835/1835 1836/1836/1836
f 1837/1837/1837 1838/1838/1838 1839/1839/1839
f 1840/1840/1840 1841/1841/1841 1842/1842/1842
f 1843/1843/1843 1844/1844/1844 1845/1845/1845
f 1846/1846/1846 1847/1847/1847 1848/1848/1848
f 1849/1849/1849 1850/1850/1850 1851/1851/1851
f 1852/1852/1852 1853/1853/1853 1854/1854/1854
f 1855/1855/1855 1856/1856/1856 1857/1857/1857
f 1858/1858/1858 1859/1859/1859 1860/1860/1860
f 1861/1861/1861 1862/1862/1862 1863/1863/1863
f 1864/1864/1864 1865/1865/1865 1866/1866/1866
f 1867/1867/1867 1868/1868/1868 1869/1869/1869
f 1870/1870/1870 1871/1871/1871 1872/1872/1872
f 1873/1873/1873 1874/1874/1874 1875/1875/1875
f 1876/1876/1876 1877/1877/1877 1878/1878/1878
f 1879/1879/1879 1880/1880/1880 1881/1881/1881
f 1882/1882/1882 1883/1883/1883 1884/1884/1884
f 1885/1885/1885 1886/1886/1886 1887/1887/1887
f 1888/1888/1888 1889/1889/1889 1890/1890/1890
f 1891/1891/1891 1892/1892/1892 1893/1893/1893
f 1894/1894/1894 1895/1895/1895 1896/1896/1896
f 1897/1897/1897 1898/1898/1898 1899/1899/1899
f 1900/1900/1900 1901/1901/1901 1902/1902/1902
f 1903/1903/1903 1904/1904/1904 1905/1905/1905
f 1906/1906/1906 1907/1907/1907 1908/1908/1908
f 1909/1909/1909 1910/1910/1910 1911/1911/1911
f 1912/1912/1912 1913/1913/1913 1914/1914/1914
f 1915/1915/1915 1916/1916/1916 1917/1917/1917
f 1918/1918/1918 1919/1919/1919 1920/1920/1920
f 1921/1921/1921 1922/1922/1922 1923/1923/1923
f 1924/1924/1924 1925/1925/1925 1926/1926/1926
f 1927/1927/1927 1928/1928/1928 1929/1929/1929
f 1930/1930/1930 1931/1931/1931 1932/1932/1932
f 1933/1933/1933 1934/1934/1934 1935/1935/1935
f 1936/1936/1936 1937/1937/1937 1938/1938/1938
f 1939/1939/1939 1940/1940/1940 1941/1941/1941
f 1942/1942/1942 1943/1943/1943 1944/1944/1944
f 1945/1945/1945 1946/1946/1946 1947/1947/1947
f 1948/1948/1948 1949/1949/1949 1950/1950/1950
f 1951/1951/1951 1952/1952/1952 1953/1953/1953
f 1954/1954/1954 1955/1955/1955 1956/1956/1956
f 1957/1957/1957 1958/1958/1958 1959/1959/1959
f 1960/1960/1960 1961/1961/1961 1962/1962/1962
f 1963/1963/1963 1964/1964/1964 1965/1965/1965
f 1966/1966/1966 1967/1967/1967 1968/1968/1968
f 1969/1969/1969 1970/1970/1970 1971/1971/1971
f 1972/1972/1972 1973/1973/1973 1974/1974/1974
f 1975/1975/1975 1976/1976/1976 1977/1977/1977
f 1978/1978/1978 1979/1979/1979 1980/1980/1980
f 1981/1981/1981 1982/1982/1982 1983/1983/1983
f 1984/1984/1984 1985/1985/1985 1986/1986/1986
f 1987/1987/1987 1988/1988/1988 1989/1989/1989
f 1990/1990/1990 1991/1991/1991 1992/1992/1992
f 1993/1993/1993 1994/1994/1994 1995/1995/1995
f 1996/1996/1996 1997/1997/1997 1998/1998/1998
f 1999/1999/1999 2000/2000/2000 2001/2001/2001
f 2002/2002/2002 2003/2003/2003 2004/2004/2004
f 2005/2005/2005 2006/2006/2006 2007/2007/2007
f 2008/2008/2008 2009/2009/2009 2010/2010/2010
f 2011/2011/2011 2012/2012/2012 2013/2013/2013
f 2014/2014/2014 2015/2015/2015 2016/2016/2016
f 2017/2017/2017 2018/2018/2018 2019/2019/2019
f 2020/2020/2020 2021/2021/2021 2022/2022/2022
f 2023/2023/2023 2024/2024/2024 2025/2025/2025
f 2026/2026/2026 2027/2027/2027 2028/2028/2028
f 2029/2029/2029 2030/2030/2030 2031/2031/2031
f 2032/2032/2032 2033/2033/2033 2034/2034/2034
f 2035/2035/2035 2036/2036/2036 2037/2037/2037
f 2038/2038/2038 2039/2039/2039 2040/2040/2040
f 2041/2041/2041 2042/2042/2042 2043/2043/2043
f 2044/2044/2044 2042/2042/2042 2045/2045/2045
f 2046/2046/2046 2047/2047/2047 2048/2048/2048
f 2049/2049/2049 2050/2050/2050 2051/2051/2051
f 2052/2052/2052 2053/2053/2053 2054/2054/2054
f 2055/2055/2055 2056/2056/2056 2057/2057/2057
f 2058/2058/2058 2059/2059/2059 2060/2060/2060
f 2061/2061/2061 2062/2062/2062 2063/2063/2063
f 2064/2064/2064 2065/2065/2065 2066/2066/2066
f 2067/2067/2067 2068/2068/2068 2069/2069/2069
f 2070/2070/2070 2071/2071/2071 2072/2072/2072
f 2073/2073/2073 2074/2074/2074 2075/2075/2075
f 2076/2076/2076 2077/2077/2077 2078/2078/2078
f 2079/2079/2079 2080/2080/2080 2081/2081/2081
f 2082/2082/2082 2083/2083/2083 2084/2084/2084
f 2085/2085/2085 2086/2086/2086 2087/2087/2087
f 2088/2088/2088 2089/2089/2089 2090/2090/2090
f 2091/2091/2091 2092/2092/2092 2093/2093/2093
f 2094/2094/2094 2095/2095/2095 2096/2096/2096
f 2097/2097/2097 2098/2098/2098 2099/2099/2099
f 2100/2100/2100 2101/2101/2101 2102/2102/2102
f 2103/2103/2103 2104/2104/2104 2105/2105/2105
f 2106/2106/2106 2107/2107/2107 2108/2108/2108
f 2109/2109/2109 2110/2110/2110 2111/2111/2111
f 2112/2112/2112 2113/2113/2113 2114/2114/2114
f 2115/2115/2115 2116/2116/2116 2117/2117/2117
f 2118/2118/2118 2119/2119/2119 2120/2120/2120
f 2121/2121/2121 2122/2122/2122 2123/2123/2123
f 2124/2124/2124 2125/2125/2125 2126/2126/2126
f 2127/2127/2127 2128/2128/2128 2129/2129/2129
f 2130/2130/2130 2131/2131/2131 2132/2132/2132
f 2133/2133/2133 2134/2134/2134 2135/2135/2135
f 2136/2136/2136 2137/2137/2137 2138/2138/2138
f 2139/2139/2139 2140/2140/2140 2141/2141/2141
f 2142/2142/2142 2143/2143/2143 2144/2144/2144
f 2145/2145/2145 2146/2146/2146 2147/2147/2147
f 2148/2148/2148 2149/2149/2149 2150/2150/2150
f 2151/2151/2151 2152/2152/2152 2153/2153/2153
f 2154/2154/2154 2155/2155/2155 2156/2156/2156
f 2157/2157/2157 2158/2158/2158 2159/2159/2159
f 2160/2160/2160 2161/2161/2161 2162/2162/2162
f 2163/2163/2163 2164/2164/2164 2165/2165/2165
f 2166/2166/2166 2167/2167/2167 2168/2168/2168
f 2169/2169/2169 2170/2170/2170 2171/2171/2171
f 2172/2172/2172 2173/2173/2173 2174/2174/2174
f 2175/2175/2175 2176/2176/2176 2177/2177/2177
f 2178/2178/2178 2179/2179/2179 2180/2180/2180
f 2181/2181/2181 2182/2182/2182 2183/2183/2183
f 2184/2184/2184 2185/2185/2185 2186/2186/2186
f 2187/2187/2187 2188/2188/2188 2189/2189/2189
f 2190/2190/2190 2191/2191/2191 2192/2192/2192
f 2193/2193/2193 2194/2194/2194 2195/2195/2195
f 2196/2196/2196 2197/2197/2197 2198/2198/2198
f 2199/2199/2199 2200/2200/2200 2201/2201/2201
f 2202/2202/2202 2203/2203/2203 2204/2204/2204
f 2205/2205/2205 2206/2206/2206 2207/2207/2207
f 2208/2208/2208 2209/2209/2209 2210/2210/2210
f 2211/2211/2211 2212/2212/2212 2213/2213/2213
f 2214/2214/2214 2215/2215/2215 2216/2216/2216
f 2217/2217/2217 2218/2218/2218 2219/2219/2219
f 2220/2220/2220 2221/2221/2221 2222/2222/2222
f 2223/2223/2223 2224/2224/2224 2225/2225/2225
f 2226/2226/2226 2227/2227/2227 2228/2228/2228
f 2229/2229/2229 2230/2230/2230 2231/2231/2231
f 2232/2232/2232 2233/2233/2233 2234/2234/2234
f 2235/2235/2235 2236/2236/2236 2237/2237/2237
f 2238/2238/2238 2239/2239/2239 2240/2240/2240
f 2241/2241/2241 2242/2242/2242 2243/2243/2243
f 2244/2244/2244 2245/2245/2245 2246/2246/2246
f 2247/2247/2247 2248/2248/2248 2249/2249/2249
f 2250/2250/2250 2251/2251/2251 2252/2252/2252
f 2253/2253/2253 2254/2254/2254 2255/2255/2255
f 2256/2256/2256 2257/2257/2257 2258/2258/2258
f 2259/2259/2259 2260/2260/2260 2261/2261/2261
f 2262/2262/2262 2263/2263/2263 2264/2264/2264
f 2265/2265/2265 2266/2266/2266 2267/2267/2267
f 2268/2268/2268 2269/2269/2269 2270/2270/2270
f 2271/2271/2271 2272/2272/2272 2273/2273/2273
f 2274/2274/2274 2275/2275/2275 2276/2276/2276
f 2277/2277/2277 2278/2278/2278 2279/2279/2279
f 2280/2280/2280 2281/2281/2281 2282/2282/2282
f 2283/2283/2283 2284/2284/2284 2285/2285/2285
f 2286/2286/2286 2287/2287/2287 2288/2288/2288
f 2288/2288/2288 2289/2289/2289 2290/2290/2290
f 2291/2291/2291 2292/2292/2292 2293/2293/2293
f 2294/2294/2294 2295/2295/2295 2296/2296/2296
f 2297/2297/2297 2298/2298/2298 2299/2299/2299
f 2300/2300/2300 2301/2301/2301 2302/2302/2302
f 2303/2303/2303 2304/2304/2304 2305/2305/2305
f 2306/2306/2306 2307/2307/2307 2308/2308/2308
f 2309/2309/2309 2310/2310/2310 2311/2311/2311
f 2312/2312/2312 2313/2313/2313 2314/2314/2314
f 2315/2315/2315 2316/2316/2316 2317/2317/2317
f 2318/2318/2318 2319/2319/2319 2320/2320/2320
f 2321/2321/2321 2322/2322/2322 2323/2323/2323
f 2324/2324/2324 2325/2325/2325 2326/2326/2326
f 2327/2327/2327 2328/2328/2328 2329/2329/2329
f 2330/2330/2330 2331/2331/2331 2332/2332/2332
f 2333/2333/2333 2334/2334/2334 2335/2335/2335
f 2336/2336/2336 2337/2337/2337 2338/2338/2338
f 2339/2339/2339 2340/2340/2340 2341/2341/2341
f 2342/2342/2342 2343/2343/2343 2344/2344/2344
f 2345/2345/2345 2346/2346/2346 2347/2347/2347
f 2348/2348/2348 2346/2346/2346 2349/2349/2349
f 2348/2348/2348 2349/2349/2349 2350/2350/2350
f 2351/2351/2351 2352/2352/2352 2353/2353/2353
f 2354/2354/2354 2355/2355/2355 2356/2356/2356
f 2357/2357/2357 2358/2358/2358 2359/2359/2359
f 2360/2360/2360 2361/2361/2361 2362/2362/2362
f 2363/2363/2363 2364/2364/2364 2365/2365/2365
f 2366/2366/2366 2367/2367/2367 2368/2368/2368
f 2369/2369/2369 2370/2370/2370 2371/2371/2371
f 2372/2372/2372 2373/2373/2373 2374/2374/2374
f 2375/2375/2375 2376/2376/2376 2377/2377/2377
f 2378/2378/2378 2379/2379/2379 2380/2380/2380
f 2381/2381/2381 2382/2382/2382 2383/2383/2383
f 2384/2384/2384 2385/2385/2385 2386/2386/2386
f 2387/2387/2387 2388/2388/2388 2389/2389/2389
f 2390/2390/2390 2391/2391/2391 2392/2392/2392
f 2393/2393/2393 2394/2394/2394 2395/2395/2395
f 2396/2396/2396 2397/2397/2397 2398/2398/2398
f 2399/2399/2399 2400/2400/2400 2401/2401/2401
f 2402/2402/2402 2403/2403/2403 2404/2404/2404
f 2405/2405/2405 2406/2406/2406 2407/2407/2407
f 2408/2408/2408 2409/2409/2409 2410/2410/2410
f 2411/2411/2411 2412/2412/2412 2413/2413/2413
f 2414/2414/2414 2415/2415/2415 2416/2416/2416
f 2417/2417/2417 2418/2418/2418 2419/2419/2419
f 2420/2420/2420 2421/2421/2421 2422/2422/2422
f 2423/2423/2423 2424/2424/2424 2425/2425/2425
f 2426/2426/2426 2427/2427/2427 2428/2428/2428
f 2429/2429/2429 2430/2430/2430 2431/2431/2431
f 2432/2432/2432 2433/2433/2433 2434/2434/2434
f 2435/2435/2435 2436/2436/2436 2437/2437/2437
f 2438/2438/2438 2439/2439/2439 2440/2440/2440
f 2441/2441/2441 2442/2442/2442 2443/2443/2443
f 2444/2444/2444 2445/2445/2445 2446/2446/2446
f 2447/2447/2447 2448/2448/2448 2449/2449/2449
f 2450/2450/2450 2451/2451/2451 2452/2452/2452
f 2453/2453/2453 2454/2454/2454 2455/2455/2455
f 2456/2456/2456 2457/2457/2457 2458/2458/2458
f 2459/2459/2459 2460/2460/2460 2461/2461/2461
f 2462/2462/2462 2463/2463/2463 2464/2464/2464
f 2465/2465/2465 2466/2466/2466 2467/2467/2467
f 2468/2468/2468 2469/2469/2469 2470/2470/2470
f 2471/2471/2471 2472/2472/2472 2473/2473/2473
f 2474/2474/2474 2475/2475/2475 2476/2476/2476
f 2477/2477/2477 2478/2478/2478 2479/2479/2479
f 2480/2480/2480 2481/2481/2481 2482/2482/2482
f 2483/2483/2483 2484/2484/2484 2485/2485/2485
f 2486/2486/2486 2487/2487/2487 2488/2488/2488
f 2489/2489/2489 2490/2490/2490 2491/2491/2491
f 2492/2492/2492 2493/2493/2493 2494/2494/2494
f 2495/2495/2495 2496/2496/2496 2497/2497/2497
f 2498/2498/2498 2499/2499/2499 2500/2500/2500
f 2501/2501/2501 2502/2502/2502 2503/2503/2503
f 2504/2504/2504 2505/2505/2505 2506/2506/2506
f 2507/2507/2507 2508/2508/2508 2509/2509/2509
f 2510/2510/2510 2511/2511/2511 2512/2512/2512
f 2513/2513/2513 2514/2514/2514 2515/2515/2515
f 2516/2516/2516 2517/2517/2517 2518/2518/2518
f 2519/2519/2519 2520/2520/2520 2521/2521/2521
f 2522/2522/2522 2523/2523/2523 2524/2524/2524
f 2525/2525/2525 2526/2526/2526 2527/2527/2527
f 2528/2528/2528 2529/2529/2529 2530/2530/2530
f 2531/2531/2531 2532/2532/2532 2533/2533/2533
f 2534/2534/2534 2535/2535/2535 2536/2536/2536
f 2537/2537/2537 2538/2538/2538 2539/2539/2539
f 2540/2540/2540 2541/2541/2541 2542/2542/2542
f 2543/2543/2543 2544/2544/2544 2545/2545/2545
f 2546/2546/2546 2547/2547/2547 2548/2548/2548
f 2549/2549/2549 2550/2550/2550 2551/2551/2551
f 2552/2552/2552 2553/2553/2553 2554/2554/2554
f 2555/2555/2555 2556/2556/2556 2557/2557/2557
f 2558/2558/2558 2559/2559/2559 2560/2560/2560
f 2561/2561/2561 2562/2562/2562 2563/2563/2563
f 2564/2564/2564 2565/2565/2565 2566/2566/2566
f 2567/2567/2567 2568/2568/2568 2569/2569/2569
f 2570/2570/2570 2571/2571/2571 2572/2572/2572
f 2573/2573/2573 2574/2574/2574 2575/2575/2575
f 2576/2576/2576 2577/2577/2577 2578/2578/2578
f 2579/2579/2579 2580/2580/2580 2581/2581/2581
f 2582/2582/2582 2583/2583/2583 2584/2584/2584
f 2585/2585/2585 2586/2586/2586 2587/2587/2587
f 2588/2588/2588 2589/2589/2589 2590/2590/2590
f 2591/2591/2591 2592/2592/2592 2593/2593/2593
f 2594/2594/2594 2595/2595/2595 2596/2596/2596
f 2597/2597/2597 2598/2598/2598 2599/2599/2599
f 2600/2600/2600 2601/2601/2601 2602/2602/2602
f 2603/2603/2603 2604/2604/2604 2605/2605/2605
f 2606/2606/2606 2607/2607/2607 2608/2608/2608
f 2609/2609/2609 2610/2610/2610 2611/2611/2611
f 2610/2610/2610 2609/2609/2609 2612/2612/2612
f 2613/2613/2613 2614/2614/2614 2615/2615/2615
f 2613/2613/2613 2615/2615/2615 2616/2616/2616
f 2617/2617/2617 2618/2618/2618 2619/2619/2619
f 2617/2617/2617 2619/2619/2619 2620/2620/2620
f 2621/2621/2621 2622/2622/2622 2623/2623/2623
f 2622/2622/2622 2621/2621/2621 2624/2624/2624
f 2625/2625/2625 2626/2626/2626 2627/2627/2627
f 2625/2625/2625 2627/2627/2627 2628/2628/2628
f 2629/2629/2629 2630/2630/2630 2631/2631/2631
f 2629/2629/2629 2631/2631/2631 2632/2632/2632
f 2633/2633/2633 2634/2634/2634 2635/2635/2635
f 2635/2635/2635 2634/2634/2634 2636/2636/2636
f 2637/2637/2637 2638/2638/2638 2639/2639/2639
f 2639/2639/2639 2638/2638/2638 2640/2640/2640
f 2641/2641/2641 2642/2642/2642 2643/2643/2643
f 2644/2644/2644 2641/2641/2641 2643/2643/2643
f 2644/2644/2644 2643/2643/2643 2645/2645/2645
f 2646/2646/2646 2647/2647/2647 2648/2648/2648
f 2646/2646/2646 2648/2648/2648 2649/2649/2649
f 2650/2650/2650 2651/2651/2651 2652/2652/2652
f 2650/2650/2650 2653/2653/2653 2651/2651/2651
f 2654/2654/2654 2655/2655/2655 2656/2656/2656
f 2654/2654/2654 2656/2656/2656 2657/2657/2657
f 2658/2658/2658 2659/2659/2659 2660/2660/2660
f 2658/2658/2658 2660/2660/2660 2661/2661/2661
f 2662/2662/2662 2663/2663/2663 2664/2664/2664
f 2662/2662/2662 2664/2664/2664 2665/2665/2665
f 2666/2666/2666 2667/2667/2667 2668/2668/2668
f 2668/2668/2668 2669/2669/2669 2666/2666/2666
f 2668/2668/2668 2670/2670/2670 2669/2669/2669
f 2671/2671/2671 2672/2672/2672 2673/2673/2673
f 2671/2671/2671 2673/2673/2673 2674/2674/2674
f 2675/2675/2675 2676/2676/2676 2677/2677/2677
f 2675/2675/2675 2677/2677/2677 2678/2678/2678
f 2679/2679/2679 2680/2680/2680 2681/2681/2681
f 2679/2679/2679 2681/2681/2681 2682/2682/2682
f 2683/2683/2683 2684/2684/2684 2685/2685/2685
f 2683/2683/2683 2685/2685/2685 2686/2686/2686
f 2687/2687/2687 2688/2688/2688 2689/2689/2689
f 2687/2687/2687 2689/2689/2689 2690/2690/2690
f 2691/2691/2691 2692/2692/2692 2693/2693/2693
f 2693/2693/2693 2694/2694/2694 2691/2691/2691
f 2695/2695/2695 2696/2696/2696 2697/2697/2697
f 2695/2695/2695 2697/2697/2697 2698/2698/2698
f 2699/2699/2699 2700/2700/2700 2701/2701/2701
f 2699/2699/2699 2701/2701/2701 2702/2702/2702
f 2703/2703/2703 2704/2704/2704 2705/2705/2705
f 2703/2703/2703 2705/2705/2705 2706/2706/2706
f 2707/2707/2707 2708/2708/2708 2709/2709/2709
f 2707/2707/2707 2709/2709/2709 2710/2710/2710
f 2711/2711/2711 2712/2712/2712 2713/2713/2713
f 2711/2711/2711 2713/2713/2713 2714/2714/2714
f 2715/2715/2715 2716/2716/2716 2717/2717/2717
f 2715/2715/2715 2717/2717/2717 2718/2718/2718
f 2719/2719/2719 2720/2720/2720 2721/2721/2721
f 2719/2719/2719 2721/2721/2721 2722/2722/2722
f 2723/2723/2723 2724/2724/2724 2725/2725/2725
f 2725/2725/2725 2726/2726/2726 2723/2723/2723
f 2725/2725/2725 2727/2727/2727 2726/2726/2726
