# Blender 5.2.0 LTS
# www.blender.org
o SM_VRKS_Straight_B
v -3.093099 0.215297 -0.917423
v -1.992942 4.764180 0.837261
v 2.114602 2.129842 -1.308226
v 0.117092 4.688271 0.630472
v -0.060497 2.066905 -1.395799
v -0.011039 2.371112 0.995122
v 2.447016 3.501705 -1.117701
v 2.533024 3.399779 0.259188
v -2.287477 4.155650 0.965310
v -3.075629 3.753232 -0.978773
v 0.600804 5.030802 -1.422751
v 1.406355 4.685571 0.421341
v -3.700976 2.657655 -1.271906
v -0.260553 1.557459 1.003285
v 0.520220 1.097772 -1.488917
v 1.428277 1.142913 -1.437438
v -1.003497 4.569391 0.841741
v -1.677356 0.176210 -1.172785
v -1.172935 2.598468 1.119828
v -1.386373 0.085614 1.013968
v -1.805444 3.644299 -1.370778
v -1.024497 3.878494 1.276248
v -1.758759 0.039624 -1.469120
v -3.081219 3.217422 -1.375244
v -1.209084 3.243691 -1.503665
v -0.325991 2.022966 -1.443332
v -2.122359 0.036646 -1.353677
v -3.247618 0.177849 -1.410319
v -3.123231 3.330285 -1.263663
v -2.889025 4.386363 -1.061058
v -1.920282 4.315097 -1.341082
v -2.835900 4.132398 -1.312572
v 1.825238 4.399682 -1.349859
v -2.227309 4.498345 0.886718
v -0.566339 4.062294 -1.400687
v 1.313165 4.250993 0.529353
v -0.931258 4.247187 1.023076
v -0.288087 2.631793 -1.381567
v -1.075465 3.381809 1.312871
v -2.853138 3.493841 -1.401135
v -2.939346 3.631135 -1.322439
v -0.657295 2.622692 -1.457374
v -3.314225 2.941702 -1.194056
v 1.409809 1.597039 -1.401239
v -2.990470 2.762609 -1.373468
v 2.895125 2.330279 0.756728
v -3.428459 2.128944 -0.282289
v 0.492694 0.710143 -1.469071
v 1.382849 0.591688 -1.445022
v 2.522596 0.690395 -1.372014
v -3.108882 0.066084 -0.291257
v -2.306494 4.834594 0.201208
v -3.292712 2.596501 -0.515291
v -0.560919 5.520189 -1.176704
v -0.008834 0.163315 -0.886655
v -2.769052 4.042659 0.455704
v -3.246898 3.528372 -0.545690
v -3.077200 1.369889 0.308457
v -2.904465 1.331482 -0.170583
v -1.318143 4.963893 -0.967847
v 2.480088 4.090677 -0.975379
v -2.513082 4.376352 0.266630
v -3.001466 4.249796 -0.393661
v -2.971231 3.402620 0.201192
v -3.297481 3.088077 -0.650675
v 2.412666 1.643091 -1.365893
v -2.862142 1.962749 0.351935
v -3.115008 0.691912 0.221812
v -3.018000 0.744235 -0.234464
v 3.639948 2.697259 0.371301
v 3.059586 3.933415 0.183230
v 3.540646 3.261388 0.277236
v 3.411414 3.366910 -0.354772
v 3.662267 1.313793 0.678120
v 2.429360 2.228245 -1.240099
v 3.055436 3.419258 -0.956582
v 2.090754 0.166438 -0.687247
v 2.789773 4.012534 -0.857194
v 2.940141 1.773950 -1.291202
v 2.821525 0.690949 -1.296281
v -3.470788 0.645407 1.310815
v -3.606720 0.282244 0.337512
v -3.116845 3.484694 1.171220
v -1.405885 2.642332 1.291037
v -2.976862 4.012185 1.146806
v -3.286065 2.135375 1.410381
v -1.794741 0.144933 1.207831
v -1.333910 0.795701 1.233241
v -1.443222 1.992634 1.340284
v -3.415027 2.360019 0.329445
v -3.646039 1.368496 0.491818
v -3.282255 3.184290 0.281856
v -3.300926 1.822770 0.405794
v -3.844567 0.659267 0.426073
v -1.504393 4.572991 0.901624
v -1.620759 3.988260 1.234479
v -2.259236 5.174031 -1.201277
v -2.767876 3.152781 -1.424237
v -2.712657 0.094149 -1.297504
v -2.370601 4.503685 -1.217675
v -1.566806 4.290876 1.113013
v -2.473767 3.362005 -1.431822
v -1.963476 5.055377 -0.797968
v -2.357022 2.744284 1.248509
v -2.570895 0.144744 1.266730
v -2.301304 3.372187 1.272592
v -2.577599 2.048621 1.391039
v -3.699450 1.300145 -0.151232
v -3.712587 0.770962 -0.191723
v -3.590444 2.747151 -1.416207
v -3.825612 1.581227 -1.469761
v -3.495226 0.129730 0.003306
v -3.487329 0.751700 -0.055378
v -3.374182 1.354531 -0.007402
v -4.012662 0.665965 -1.450334
v -3.914478 0.044212 -1.399397
v -3.188724 0.121660 0.701965
v 2.304628 4.281114 -0.057831
v -2.055302 4.675958 0.425300
v 0.183290 5.061728 0.104274
v -0.472782 0.209833 0.636661
v -2.486432 4.132761 0.651727
v 1.074335 0.224525 0.264538
v 1.405442 5.150101 -0.053661
v -1.012873 4.854137 0.312585
v -2.318739 4.509067 0.532007
v 3.904092 2.180070 0.378261
v 3.574217 3.336394 0.116608
v 2.942982 3.931801 -0.148905
v 3.915642 2.739183 0.351569
v -3.694836 1.368766 1.182076
v -3.277475 3.409608 0.675069
v -3.525521 2.105845 1.001992
v -1.575843 4.757960 0.355635
v 0.836048 4.694476 0.500630
v 0.786117 0.193098 -1.414574
v 0.768074 2.117770 -1.353761
v 0.979373 1.160691 -1.426012
v 0.947712 1.623364 -1.388700
v 0.875784 0.679527 -1.443837
v 0.091296 5.583215 -1.203583
v 0.919292 5.524708 -1.396245
v 1.831579 5.641610 -1.233818
v 0.482470 5.404261 -1.419811
v 1.012661 5.788660 -1.143509
v 0.147021 3.346480 1.126513
v -0.015812 0.081624 0.970239
v 1.607410 0.170733 0.855074
v 2.176153 2.384930 0.777128
v 3.247648 1.734017 0.817121
v 2.776805 1.302338 0.759872
v -0.221529 1.226935 1.108727
v 3.631106 3.085667 0.588757
v 3.406763 1.744680 0.642248
v 2.543585 0.108738 0.763004
v 3.521162 0.607647 0.714946
v 3.656175 0.098096 0.703400
v 4.239142 0.616059 0.453092
v 4.308330 0.044013 0.455623
v 3.835532 0.196542 -0.453251
v 3.385293 0.124552 -1.292486
v 3.122062 2.302233 -1.176930
v 3.525978 3.277416 -0.812564
v 3.899515 3.270819 -0.285650
v 3.134565 2.810451 -1.094515
v 3.766060 2.718715 -0.410376
v 3.318180 1.759803 -1.216728
v 3.948361 1.738945 -0.475567
v 3.388705 0.706913 -1.275985
v 3.904453 0.677122 -0.439343
v 4.000570 3.284733 0.079555
v 4.160290 2.780097 0.218441
v 4.156496 1.658054 0.212816
v 0.398162 2.350084 1.150450
v 2.776588 1.294699 1.284862
v 3.017524 1.731087 1.331169
v 3.018580 2.197234 1.263813
v 2.684055 3.846603 0.619258
v 3.327112 3.840975 0.635934
v -3.397072 2.648259 -1.481178
v -2.630630 1.639794 -1.489662
v -2.258462 1.278189 -1.544421
v -2.372133 0.603403 -1.547965
v -2.534081 0.016786 -1.548609
v -2.150291 1.970095 -1.493591
v -2.682001 2.337651 -1.498527
v -3.620244 0.773255 -1.512212
v -2.774333 0.801033 -1.515225
v -2.810654 0.151239 -1.513121
v -3.635271 0.013320 -1.495736
v -0.486496 4.626343 0.809476
v -0.616510 2.489656 1.117138
v -0.602332 3.689621 1.210136
v -0.795914 1.049804 -1.534195
v -1.400041 0.058427 -1.486741
v -0.496032 4.265214 0.953155
v -1.249485 4.178016 -1.398110
v -1.067632 0.588533 -1.529751
v -0.515309 0.702523 1.200981
v -0.922486 0.156335 -0.042545
v -0.399451 5.300324 -0.336348
v -0.959004 5.161539 -1.087354
v -0.629849 1.304827 1.307890
v -0.404198 4.919626 0.311690
v -1.176238 0.160383 0.554788
v -0.823149 0.053777 1.147332
v -1.258668 2.433629 -1.441527
v -1.474613 2.876859 -1.487735
v -1.005699 1.715147 -1.487355
v -2.829806 0.101361 -1.498964
v -1.738883 1.967404 -1.492189
v -1.699763 1.260441 -1.568519
v -3.413087 0.125317 -1.462750
v -2.666944 2.578141 -1.464946
v -3.174530 2.807288 -1.405218
v -3.457332 2.952835 -1.238399
v 3.016813 2.366362 0.967797
v 3.268103 1.740379 1.027832
v 3.015779 1.279048 0.974065
v 2.070587 2.497839 1.043908
v 0.589437 0.114978 1.177065
v 1.825930 0.124858 1.055835
v 2.812582 0.108940 1.050964
v 0.140692 1.263865 1.357264
v 2.270676 2.246491 1.328472
v 1.475911 0.105161 1.371360
v 2.901468 0.673186 1.308689
v 1.521314 2.258179 1.568519
v 2.325438 1.748092 1.445089
v 1.435011 0.647171 1.393789
v 2.140841 1.281211 1.382849
v 2.167337 0.664627 1.327333
v -3.427918 1.351586 1.409594
v -2.566674 0.729942 1.377974
v 2.008974 5.335440 -1.316021
v 2.032884 5.149124 -1.343008
v 1.922906 5.185966 -1.326164
v 1.959256 4.683497 0.219123
v 1.781954 4.724693 0.247486
v -2.871963 4.853300 -1.046655
v -2.889099 0.267226 0.925186
v -3.196644 3.064367 -0.871733
v 0.219700 0.132046 -1.402670
v 0.432428 0.069640 -1.460186
v -0.520346 5.091561 -1.381945
v -0.559188 4.923321 -1.397013
v -1.137033 3.449225 -1.437871
v 1.119329 0.099668 0.558146
v 1.481369 2.083662 -1.334442
v 1.346440 1.973390 -1.362805
v 1.863863 3.417039 0.488569
v 1.204353 3.014097 -1.374874
v 1.129553 2.939256 -1.364972
v 0.998862 2.976090 -1.378534
v -1.750380 5.014638 -1.306074
v -1.750797 5.126761 -1.275364
v -0.640177 1.619313 1.133153
v 0.400041 1.081724 -1.553057
v -0.138526 0.089419 -1.531981
v -0.357248 0.122323 -1.527844
v -1.285750 1.076603 -1.534201
v -1.377844 1.201081 -1.506197
v -0.045341 0.756504 1.048474
v -0.000935 0.588146 1.050811
v -1.899283 3.599686 -1.500819
v -1.817482 3.631387 -1.478487
v -1.729813 3.580351 -1.529113
v -1.832055 3.484791 -1.483556
v -2.836794 3.805883 -1.393950
v -2.884712 3.917566 -1.377533
v -1.939092 3.743318 -1.451464
v -1.918907 4.015904 -1.442344
v 2.203525 4.182519 0.239064
v 2.315321 4.039822 0.267672
v 2.355258 4.077827 0.199310
v 0.060541 4.235907 0.717189
v 1.290470 4.214005 -1.316121
v 1.057626 4.188593 -1.351569
v 1.329296 4.256969 -1.339340
v -3.127671 3.390944 -0.956497
v -3.108155 3.476957 -0.911731
v -3.032847 3.424629 -0.916782
v -0.075495 3.478054 1.065460
v -0.064232 3.637460 1.005955
v 2.008857 2.708849 -1.301298
v 1.197214 2.428478 -1.350291
v 1.347386 2.555523 -1.355582
v -1.969101 3.301469 -1.468682
v -2.190999 2.961737 -1.436944
v -2.133673 3.251687 -1.442182
v -0.198972 1.848407 1.046532
v 0.297955 1.392462 -1.451477
v 0.226071 1.603801 -1.445282
v -1.032784 2.032272 1.085666
v -1.488985 2.026241 -1.466925
v -1.512064 1.923980 -1.467506
v 0.007425 1.473974 -1.531978
v 0.110498 1.286608 -1.565185
v -0.048203 1.351415 -1.537705
v 0.209583 0.527294 -1.555877
v -1.795714 0.568540 -1.524558
v -1.625801 0.425639 -1.508183
v 3.030722 3.191566 0.650618
v 2.728477 3.417120 0.640970
v 2.691000 3.310471 0.608197
v 2.404778 3.239790 0.737983
v 2.708987 3.256644 0.680349
v 2.224653 5.197742 -1.036472
v 2.121367 5.362356 -1.023408
v 1.982099 5.280538 -0.580040
v 1.975611 5.069271 -0.520183
v -3.048116 0.132379 0.087351
v -3.083858 0.204074 0.169556
v -2.736420 4.618130 -0.435017
v -2.573307 4.657924 -0.327012
v -2.961580 2.480570 0.331086
v -2.909614 2.688192 0.285021
v 0.381817 5.566185 -0.508341
v 0.154936 5.567368 -0.520487
v -0.246725 0.214363 -0.158603
v 1.388164 0.135929 -0.546083
v 1.179287 0.194550 -0.497125
v 0.543738 0.213214 -1.161647
v 1.027992 0.220483 -1.027001
v 1.292127 5.450023 -0.234856
v 1.283516 5.564981 -0.373505
v 2.476457 1.191513 -1.388300
v -0.984521 5.063267 -0.222220
v -0.973203 5.117557 -0.170578
v -1.859037 0.009156 0.017181
v -1.687716 0.037144 0.032987
v -1.627290 0.295248 -0.550814
v -1.568401 0.200612 -0.436362
v 2.216457 4.203544 -0.674403
v 2.253611 4.257997 -0.563700
v -3.120524 2.121427 -0.372865
v -3.129963 2.083673 -0.345897
v 3.466751 0.034409 0.564711
v 2.832371 0.066402 0.474257
v 2.631013 0.031035 0.530990
v 3.641205 2.145433 0.440466
v 3.762620 2.325759 0.410897
v 3.859838 1.745350 0.371862
v 3.596578 1.787535 0.423320
v 3.756289 1.680756 0.345679
v 2.895268 4.055089 -0.541170
v 3.487223 0.065380 -0.625395
v 3.652246 0.044872 -0.800021
v 3.747963 0.000000 -0.502023
v 2.826155 0.056085 -1.376224
v 2.521593 0.084827 -1.368906
v 2.254741 0.136539 -1.413029
v 2.575799 0.203337 -1.402726
v 1.838828 0.123754 -0.965102
v 1.790495 0.188885 -1.063238
v 2.953033 1.157398 -1.314064
v 3.319047 1.180769 -1.298605
v 2.574946 2.692358 -1.202075
v 2.625764 2.861520 -1.165689
v -3.501740 0.301661 1.214126
v -3.311114 0.262434 1.158316
v -3.316117 0.193621 1.217922
v -3.017002 2.958012 1.213561
v -3.178185 2.747734 1.198843
v -3.010977 2.822769 1.234370
v -1.618773 3.902071 1.243104
v -1.461811 3.795464 1.353571
v -1.317699 3.897798 1.344721
v -0.948319 1.321711 1.374784
v -1.151437 1.475297 1.392123
v -3.236984 3.875600 0.617530
v -3.168257 3.816037 0.548496
v -2.232401 0.239469 0.946149
v -2.155343 0.198671 1.015260
v -2.369998 3.676915 -1.457119
v -2.521508 3.653216 -1.450672
v -2.561444 3.729132 -1.427665
v -2.521727 3.991665 -1.425786
v -2.571704 4.095904 -1.384505
v -2.365902 4.154437 -1.403710
v -2.653596 2.599962 -1.448368
v -2.765599 2.669125 -1.407784
v -2.667653 2.737119 -1.425049
v -1.633425 4.871499 -0.094119
v -1.675648 4.898425 -0.000241
v -2.428391 0.097933 0.135595
v -2.492352 0.118284 0.056813
v -2.461557 0.161736 -0.355660
v -2.505043 0.192101 -0.460167
v -2.267704 3.948270 1.275835
v -1.910138 3.996269 1.249588
v -2.241921 4.006560 1.228328
v -4.308330 0.670473 -0.854973
v -4.111347 0.155744 -0.899348
v -4.262425 0.163133 -0.903248
v -3.697581 2.225780 -0.986828
v -4.093307 1.156443 -0.898580
v -4.125166 1.309961 -0.841889
v -4.085250 0.172593 -1.273262
v -4.082858 1.448321 -1.220407
v -4.022274 1.335800 -1.308601
v -4.146613 0.591518 -1.245881
v -4.004624 0.839295 -1.300040
v -3.635902 1.968371 -0.608673
v -4.036527 0.152696 -0.410021
v -3.718753 0.155672 -0.163908
v -3.678631 0.170755 -0.660205
v -3.846702 0.117890 -0.960721
v -3.734543 0.139805 -0.890261
v 1.917890 4.872313 -0.141916
v 1.810720 4.896996 -0.145839
v -1.708531 0.086606 0.695524
v 4.199462 1.384884 0.334332
v 4.011483 1.485981 0.393449
v 4.056910 1.272455 0.394754
v 4.121884 1.244544 0.324471
v 4.104906 1.676371 0.279493
v 3.886768 1.836288 0.319123
v 3.718118 0.099686 0.131923
v 3.868102 0.042853 0.062123
v 2.346212 0.161347 0.102443
v 2.132916 0.227872 0.161384
v -3.553818 0.382683 0.893336
v -3.552791 0.307224 0.712721
v -3.293534 2.779598 0.617758
v -3.378025 2.550611 0.631714
v -3.125397 4.063004 0.870552
v -3.220432 3.931527 0.969981
v -3.654010 0.668115 0.969909
v -3.792694 0.812437 0.932834
v -2.446423 0.148828 0.672069
v 0.276505 0.089620 0.723196
v 0.280857 0.125279 0.628391
v -0.110577 4.957804 -1.445205
v 0.012857 5.113065 -1.432010
v 0.096514 5.106635 -1.442691
v 0.129689 3.233683 -1.411281
v 0.085846 4.046340 -1.395690
v 0.269311 4.079383 -1.401846
v 0.811727 4.427640 0.603334
v 0.641597 2.668388 -1.386696
v 0.487332 2.595617 -1.377804
v 0.554375 0.177079 -0.427782
v 0.557858 0.140594 -0.394295
v 0.364272 0.171291 -0.974948
v 0.387611 0.111139 0.303965
v 0.762908 5.394851 -0.180315
v 0.696696 5.204031 -0.046080
v 0.836519 5.241259 -0.019759
v 1.963741 5.762045 -0.949728
v 2.102173 5.636896 -1.011321
v 1.855792 5.575328 -0.692077
v 1.901818 5.329341 -0.625879
v 1.240797 5.635287 -0.524345
v 1.356498 5.697493 -0.643218
v 1.201608 5.794530 -0.654281
v 1.138405 5.686548 -0.586496
v 0.957519 5.760125 -0.544932
v 0.688572 5.696908 -0.448387
v 0.604759 5.717024 -0.921902
v 0.666485 5.653769 -1.166329
v 0.528342 5.678617 -1.221500
v 0.422439 5.719880 -1.186974
v 0.669791 3.591172 0.951202
v 0.820473 3.613031 0.889665
v 2.089537 3.323686 0.808108
v 2.750876 0.550239 0.815878
v 2.789946 0.686338 0.788134
v 3.599137 2.135878 0.596041
v 3.598764 2.312540 0.525373
v 3.630897 2.354121 0.579293
v 3.537827 2.248975 0.619731
v 3.544404 3.437106 0.617615
v 3.582452 3.226138 0.560517
v 3.722708 2.218499 -0.567968
v 3.451999 1.262190 -1.282544
v 3.421941 1.090524 -1.278846
v 3.973881 1.071914 -0.537919
v 3.941358 1.302050 -0.505507
v 4.119257 2.297117 0.187570
v 4.121647 2.185236 0.231106
v 0.935948 3.427153 1.054131
v -0.172183 1.470521 1.156025
v -0.056917 1.661407 1.209225
v -1.167181 5.027996 -1.347539
v -1.128782 4.937575 -1.373632
v -1.422020 3.484960 -1.454095
v -1.408338 3.536752 -1.442067
v -0.828778 0.058167 -1.362540
v -0.836692 0.164993 -1.303697
v -1.581450 3.478148 -1.508737
v -1.411397 3.402601 -1.501597
v -1.456655 3.350184 -1.512507
v -0.562257 3.461293 1.240174
v -0.662350 3.518064 1.229661
v -0.908901 1.754610 1.108981
v -0.365612 1.847626 1.050945
v -0.680063 0.234624 -0.644542
v -0.788915 0.212414 -0.725495
v -2.024350 0.034533 -1.509957
v -2.191677 0.089278 -1.517057
v -1.927443 0.659226 -1.545845
v 3.045871 0.677109 1.003749
v 2.926032 0.700282 1.058685
v 0.420490 1.649745 1.462014
v 0.199794 1.671031 1.379627
v 0.290131 1.530387 1.375879
v 0.631154 2.411248 1.382891
v 0.847799 2.414297 1.370874
v 0.716419 0.663333 1.240123
v 2.152692 0.243380 1.333179
v 1.972816 0.135310 1.342577
v 2.045360 0.147936 1.285690
v 2.781408 0.235602 1.286144
v 2.836549 0.090522 1.292551
v 1.023024 1.654025 1.519385
v 1.184714 1.739321 1.562034
v 1.241052 1.183402 1.446635
v 1.111065 1.162570 1.469997
v -2.482009 1.250827 1.489480
vn -0.4477 0.6865 0.5730
vn -0.4440 0.6762 0.5880
vn -0.4451 0.7011 0.5571
vn 0.2764 0.2662 0.9234
vn 0.2690 0.3354 0.9029
vn 0.2878 0.3327 0.8980
vn -0.1971 0.4489 -0.8716
vn -0.1628 0.4557 -0.8751
vn -0.1537 0.4251 -0.8920
vn 0.0376 -0.9712 -0.2351
vn 0.0200 -0.9795 -0.2006
vn -0.0513 -0.9821 -0.1811
vn 0.0324 -0.0862 -0.9957
vn 0.0294 -0.0811 -0.9963
vn 0.0274 -0.0780 -0.9966
vn -0.5534 0.4163 0.7214
vn -0.3457 0.3602 0.8664
vn -0.4611 0.4418 0.7696
vn 0.2133 -0.1676 -0.9625
vn -0.2138 0.1372 -0.9672
vn 0.0864 0.0640 -0.9942
vn 0.0822 0.9923 -0.0922
vn 0.0667 0.9972 -0.0349
vn 0.1756 0.9836 -0.0405
vn 0.0309 0.0752 -0.9967
vn 0.0476 0.0229 -0.9986
vn 0.1664 -0.0163 -0.9859
vn -0.2567 0.9475 -0.1908
vn 0.0579 -0.9973 -0.0442
vn 0.0282 -0.9995 0.0156
vn 0.0280 -0.9996 -0.0073
vn 0.1073 0.8707 0.4799
vn 0.0732 0.8499 0.5218
vn 0.1214 0.8869 0.4457
vn 0.1589 -0.1528 0.9754
vn 0.1500 -0.1153 0.9819
vn 0.0817 -0.1271 0.9885
vn 0.0193 -0.0573 -0.9982
vn 0.0547 0.1007 0.9934
vn 0.5469 0.4902 0.6787
vn 0.4156 0.9084 0.0460
vn 0.5837 0.7122 0.3899
vn -0.6181 0.1992 0.7605
vn -0.1148 0.0245 -0.9931
vn -0.1913 -0.0081 -0.9815
vn -0.1059 0.0806 -0.9911
vn -0.9337 0.0232 -0.3572
vn -0.9694 0.0389 -0.2422
vn -0.9339 0.0256 -0.3565
vn -0.1477 -0.9885 0.0320
vn -0.1466 -0.9778 -0.1495
vn -0.1539 -0.9865 -0.0552
vn -0.0796 0.3178 -0.9448
vn -0.0352 0.2422 -0.9696
vn -0.0182 0.2110 -0.9773
vn 0.8577 0.1683 -0.4858
vn 0.3651 0.1848 0.9124
vn 0.4091 0.1985 0.8906
vn 0.3793 0.2181 0.8992
vn 0.0164 -0.4630 0.8862
vn 0.0141 -0.4677 0.8838
vn 0.0052 0.1102 -0.9939
vn -0.0327 0.0587 -0.9977
vn -0.0838 0.0724 -0.9938
vn -0.0035 -0.0025 -1.0000
vn -0.0366 -0.0107 -0.9993
vn -0.0228 -0.0472 -0.9986
vn -0.9186 0.3455 0.1918
vn -0.9376 0.3231 0.1282
vn -0.9168 0.3435 0.2037
vn -0.0687 -0.2473 -0.9665
vn -0.0704 -0.2484 -0.9661
vn -0.0702 -0.2474 -0.9664
vn 0.0302 -0.0555 -0.9980
vn -0.0018 -0.0735 -0.9973
vn -0.0401 -0.1001 -0.9942
vn -0.8747 0.3425 -0.3429
vn -0.8879 0.2967 -0.3517
vn -0.8788 0.3594 -0.3139
vn -0.1032 0.1580 -0.9820
vn -0.0844 0.1094 -0.9904
vn -0.0850 0.1088 -0.9904
vn 0.5477 0.1673 -0.8197
vn 0.5105 0.2260 -0.8296
vn 0.5964 0.1244 -0.7930
vn 0.2338 0.7213 0.6519
vn 0.2130 0.7159 0.6649
vn 0.2853 0.3762 0.8815
vn 0.2872 0.3803 0.8791
vn 0.2829 0.3691 0.8853
vn 0.0846 -0.9951 0.0517
vn 0.0609 -0.9981 0.0052
vn 0.0238 -0.9991 -0.0347
vn -0.9584 0.2773 -0.0671
vn -0.9677 0.2238 -0.1165
vn -0.9749 0.2096 -0.0754
vn -0.9392 0.0310 0.3419
vn -0.9385 0.0223 0.3446
vn -0.9355 0.0248 0.3525
vn -0.0089 0.1914 -0.9815
vn -0.0374 0.0924 -0.9950
vn 0.1378 0.0922 -0.9862
vn 0.1536 0.7060 0.6914
vn 0.1930 0.7049 0.6825
vn 0.1138 0.7324 0.6713
vn 0.0177 -0.0446 -0.9988
vn 0.0057 -0.0358 -0.9993
vn 0.0093 -0.0432 -0.9990
vn -0.0197 -0.0135 -0.9997
vn -0.0498 -0.0695 -0.9963
vn -0.0112 -0.0237 -0.9997
vn -0.1659 0.1290 -0.9777
vn -0.1617 0.1304 -0.9782
vn -0.6239 0.7798 -0.0528
vn -0.5283 0.8483 0.0354
vn -0.4674 0.8805 0.0790
vn 0.1132 0.1965 0.9739
vn 0.0443 0.1719 0.9841
vn 0.1036 0.2140 0.9713
vn 0.0481 0.0271 -0.9985
vn 0.0427 0.0214 -0.9989
vn -0.0116 0.0295 -0.9995
vn 0.6956 0.5848 0.4174
vn 0.7119 0.5675 0.4138
vn 0.7267 0.5616 0.3957
vn 0.1921 -0.0101 0.9813
vn 0.1164 -0.0040 0.9932
vn 0.1251 0.0851 0.9885
vn 0.2134 -0.8877 -0.4080
vn 0.1367 -0.9328 -0.3334
vn 0.0971 -0.9049 -0.4145
vn 0.3295 0.9373 -0.1134
vn 0.3164 0.9428 -0.1051
vn -0.0086 -0.8929 0.4501
vn -0.0164 -0.9064 0.4222
vn 0.0131 -0.8918 0.4522
vn -0.4588 -0.8774 0.1401
vn -0.4478 -0.8856 0.1233
vn 0.0160 -0.9755 -0.2194
vn -0.0178 -0.9712 -0.2377
vn -0.0251 -0.9700 -0.2417
vn -0.9436 0.0092 0.3310
vn -0.9272 -0.1407 0.3472
vn -0.9365 0.0033 0.3507
vn -0.8897 -0.0376 -0.4550
vn -0.8903 -0.1388 -0.4338
vn -0.8791 -0.1641 -0.4475
vn 0.0511 -0.3123 0.9486
vn 0.1088 -0.2843 0.9525
vn 0.0947 -0.3456 0.9336
vn -0.3460 0.5958 -0.7248
vn -0.3526 0.6331 -0.6891
vn -0.3521 0.6204 -0.7008
vn -0.0322 -0.0437 -0.9985
vn 0.0182 -0.0003 -0.9998
vn -0.0100 -0.0570 -0.9983
vn -0.9382 0.2817 0.2009
vn -0.9394 0.2813 0.1957
vn -0.9365 0.2821 0.2081
vn 0.0112 -0.0571 -0.9983
vn -0.0006 -0.0126 -0.9999
vn 0.0078 -0.0620 -0.9980
vn -0.4792 -0.8505 0.2169
vn -0.6206 -0.0081 -0.7841
vn -0.6771 0.0237 -0.7355
vn -0.6278 0.0375 -0.7775
vn 0.2003 -0.9339 0.2961
vn 0.1957 -0.9246 0.3269
vn 0.1819 -0.9137 0.3635
vn -0.1428 0.7476 0.6486
vn 0.0544 0.2420 0.9687
vn 0.0412 0.2217 0.9743
vn 0.0852 0.1796 0.9800
vn 0.1909 0.0735 0.9789
vn 0.0609 0.1953 0.9789
vn 0.1018 0.0681 0.9925
vn -0.8305 -0.4450 0.3352
vn -0.8278 -0.5541 0.0880
vn -0.8721 -0.4064 0.2727
vn 0.0744 0.8593 0.5061
vn 0.0599 0.8370 0.5439
vn 0.0697 0.8301 0.5533
vn 0.0453 -0.9966 -0.0689
vn -0.0019 -0.9919 -0.1268
vn 0.0442 -0.9989 -0.0135
vn 0.0257 -0.0291 -0.9992
vn 0.0782 -0.0123 -0.9969
vn 0.0573 0.0242 -0.9981
vn 0.2978 0.7034 0.6454
vn 0.1237 0.7466 0.6536
vn 0.2794 0.7085 0.6481
vn 0.2241 0.3515 0.9090
vn 0.3011 0.4209 0.8557
vn 0.3386 0.2947 0.8936
vn 0.9463 0.3073 -0.1002
vn 0.9462 0.3073 -0.1014
vn 0.9458 0.3085 -0.1019
vn 0.7613 0.2185 0.6105
vn 0.7617 0.2214 0.6089
vn 0.7612 0.2176 0.6109
vn -0.0256 -0.0592 -0.9979
vn -0.0255 -0.0597 -0.9979
vn -0.0255 -0.0601 -0.9979
vn 0.1184 0.2982 0.9471
vn -0.0713 -0.9255 -0.3719
vn -0.0391 -0.9092 -0.4145
vn 0.0418 -0.9186 -0.3929
vn 0.5250 -0.1603 -0.8359
vn 0.5235 -0.1614 -0.8366
vn 0.5292 -0.1575 -0.8338
vn 0.9692 0.1378 -0.2042
vn 0.9693 0.1365 -0.2045
vn 0.0019 -0.0642 0.9979
vn 0.1291 0.0792 0.9885
vn 0.0857 -0.0922 0.9920
vn 0.7628 0.2758 -0.5849
vn 0.7601 0.1954 -0.6197
vn 0.7050 0.2305 -0.6707
vn 0.6515 0.4379 0.6195
vn 0.6473 0.4438 0.6198
vn 0.6057 0.4939 0.6239
vn 0.9270 -0.2084 -0.3120
vn 0.8998 -0.1766 -0.3990
vn 0.9266 -0.0596 -0.3714
vn 0.6639 0.1627 0.7299
vn 0.7106 0.1061 0.6955
vn 0.7622 0.1076 0.6383
vn -0.4575 0.4066 0.7908
vn -0.5005 0.3740 0.7808
vn -0.4642 0.4918 0.7367
vn -0.0027 0.1028 -0.9947
vn -0.0718 0.0572 -0.9958
vn -0.1183 0.1347 -0.9838
vn -0.0682 -0.9977 0.0043
vn -0.0177 -0.9995 0.0264
vn -0.0449 -0.9990 -0.0024
vn 0.1424 0.1927 -0.9709
vn 0.1000 0.1315 -0.9863
vn 0.0316 0.0993 -0.9946
vn -0.1484 0.8506 0.5044
vn -0.1553 0.8993 0.4089
vn -0.1901 0.8622 0.4695
vn -0.0826 -0.1084 -0.9907
vn -0.0603 -0.1187 -0.9911
vn -0.0871 -0.1452 -0.9856
vn 0.0062 0.0584 -0.9983
vn -0.0234 -0.0531 -0.9983
vn 0.0022 0.0464 -0.9989
vn -0.0466 0.0646 -0.9968
vn -0.0329 0.0811 -0.9962
vn 0.0013 -0.0210 -0.9998
vn 0.3886 -0.0415 0.9205
vn 0.4391 -0.0212 0.8982
vn 0.1982 -0.0615 0.9782
vn 0.2164 0.7682 -0.6025
vn 0.3529 0.7796 -0.5174
vn 0.2719 0.8060 -0.5258
vn -0.8888 0.3040 0.3431
vn -0.8395 0.3685 0.3994
vn -0.8425 0.3987 0.3622
vn 0.0114 0.0379 0.9992
vn 0.0711 -0.0265 0.9971
vn 0.0976 0.0439 0.9943
vn 0.1823 0.2134 -0.9598
vn 0.2257 0.2429 -0.9434
vn 0.0979 0.2207 -0.9704
vn -0.3427 0.7969 0.4975
vn -0.2805 0.8120 0.5119
vn -0.3225 0.8141 0.4828
vn 0.4264 0.0214 0.9043
vn 0.4143 0.0795 0.9066
vn 0.3305 0.0406 0.9429
vn -0.9744 0.2161 0.0628
vn -0.9596 0.1923 0.2054
vn -0.9307 0.2713 0.2454
vn -0.3346 -0.9229 -0.1905
vn -0.4002 -0.9085 -0.1201
vn -0.3727 -0.9096 -0.1837
vn 0.0045 -0.9223 -0.3865
vn 0.0026 -0.9208 -0.3900
vn -0.0080 -0.9309 -0.3652
vn 0.1531 -0.9591 -0.2382
vn -0.0168 -0.2377 0.9712
vn 0.0400 -0.2683 0.9625
vn 0.0483 -0.2696 0.9618
vn 0.0130 -0.0528 -0.9985
vn 0.0905 -0.9333 0.3475
vn 0.0563 -0.9343 0.3521
vn 0.0422 -0.9299 0.3655
vn -0.2438 0.8622 0.4439
vn 0.0162 0.8896 0.4564
vn -0.1721 0.8624 0.4760
vn 0.0146 0.4992 0.8664
vn 0.0019 0.5292 0.8485
vn 0.0059 0.4426 0.8967
vn 0.2911 -0.0212 0.9565
vn 0.3600 -0.0476 0.9317
vn 0.3135 -0.0104 0.9495
vn -0.3906 -0.5836 -0.7120
vn -0.3879 -0.5827 -0.7141
vn -0.3975 -0.5859 -0.7062
vn 0.0428 0.9374 0.3455
vn 0.0621 0.9562 0.2861
vn 0.1815 0.9473 0.2641
vn 0.6284 0.6587 0.4137
vn 0.4297 0.7530 0.4983
vn 0.5011 0.8077 0.3107
vn -0.2453 0.4420 -0.8628
vn -0.2533 0.4817 -0.8389
vn -0.2314 0.4772 -0.8478
vn 0.7869 0.6029 0.1315
vn 0.8315 0.5394 0.1330
vn 0.7952 0.6023 0.0699
vn 0.3392 0.9310 0.1349
vn 0.1597 0.9753 0.1528
vn 0.2672 0.9587 0.0978
vn 0.1417 0.3501 -0.9259
vn 0.3150 0.2325 -0.9202
vn 0.1571 0.1967 -0.9678
vn -0.0187 -0.9986 -0.0497
vn -0.0134 -0.9996 -0.0251
vn 0.0068 -1.0000 -0.0065
vn 0.1287 -0.0940 -0.9872
vn 0.1132 -0.0709 -0.9910
vn 0.2231 -0.1673 -0.9603
vn 0.0856 -0.9810 0.1740
vn 0.0204 -0.9937 0.1103
vn 0.0683 -0.9786 0.1940
vn -0.8818 0.4453 0.1554
vn -0.9075 0.3800 0.1789
vn -0.8641 0.4768 0.1610
vn -0.5755 0.0948 -0.8123
vn -0.3079 0.3642 -0.8790
vn -0.6325 0.2389 -0.7368
vn 0.1507 -0.9833 0.1024
vn 0.1069 -0.9905 0.0865
vn 0.1208 -0.9903 0.0683
vn -0.8983 0.2386 0.3690
vn -0.9000 0.2382 0.3651
vn -0.9006 0.2228 0.3731
vn -0.0366 0.2320 0.9720
vn -0.0378 0.2336 0.9716
vn -0.0371 0.2327 0.9718
vn 0.4482 0.2777 0.8497
vn 0.4445 0.2728 0.8532
vn 0.4439 0.2770 0.8522
vn -0.2945 0.9177 0.2667
vn 0.8807 0.3311 -0.3386
vn 0.8261 0.3739 -0.4216
vn 0.8689 0.3200 -0.3777
vn 0.7433 -0.0124 -0.6689
vn 0.7432 -0.0124 -0.6689
vn 0.7515 -0.0017 -0.6597
vn 0.0186 0.5856 0.8104
vn 0.0179 0.5575 0.8300
vn 0.0248 0.5477 0.8363
vn 0.4303 0.2102 -0.8779
vn 0.3816 0.1379 -0.9140
vn 0.3509 0.2327 -0.9071
vn 0.8987 0.3176 0.3024
vn 0.9115 0.4043 0.0753
vn 0.8316 0.4583 0.3139
vn -0.6347 0.0526 0.7709
vn -0.5683 0.0630 0.8204
vn -0.5853 0.1172 0.8023
vn 0.0708 -0.0898 0.9934
vn 0.0310 -0.0732 0.9968
vn 0.0544 -0.0307 0.9980
vn -0.1917 -0.9771 0.0928
vn -0.1681 -0.9764 0.1354
vn -0.2019 -0.9675 0.1524
vn -0.9071 0.2822 -0.3123
vn -0.9029 0.2986 -0.3092
vn -0.8983 0.3209 -0.3001
vn -0.0362 0.3158 -0.9481
vn -0.8954 0.2269 -0.3831
vn -0.8762 0.2328 -0.4221
vn -0.8991 0.2012 -0.3887
vn 0.7698 -0.0912 -0.6318
vn 0.7836 -0.1027 -0.6127
vn 0.7852 -0.0512 -0.6172
vn -0.0581 0.7129 -0.6988
vn 0.0009 0.6252 -0.7805
vn -0.1505 0.6787 -0.7188
vn 0.3157 0.1075 0.9428
vn 0.3341 0.0982 0.9374
vn 0.3250 0.0981 0.9406
vn -0.0398 -0.0625 -0.9973
vn 0.0650 -0.0444 -0.9969
vn 0.1037 -0.0848 -0.9910
vn -0.9040 -0.0414 0.4255
vn -0.8864 -0.0438 0.4609
vn -0.9048 -0.0300 0.4248
vn 0.2306 0.1222 -0.9653
vn 0.2612 0.0654 -0.9631
vn 0.1642 0.0442 -0.9854
vn 0.0917 -0.9826 -0.1614
vn 0.1227 -0.9857 -0.1158
vn -0.0277 -0.9956 -0.0896
vn -0.1359 0.0467 -0.9896
vn -0.2082 -0.2074 -0.9558
vn -0.1929 -0.0889 -0.9772
vn -0.9677 -0.0390 0.2491
vn -0.8285 -0.1221 0.5465
vn -0.8314 0.0352 0.5545
vn 0.0055 -0.1010 -0.9949
vn 0.0524 0.0654 0.9965
vn 0.0333 0.0555 0.9979
vn 0.0428 0.0934 0.9947
vn -0.2968 -0.8909 -0.3439
vn -0.3269 -0.8852 -0.3309
vn -0.3559 -0.8670 -0.3488
vn 0.7255 0.0818 -0.6834
vn 0.6880 0.0983 -0.7190
vn 0.7221 0.1091 -0.6831
vn 0.3675 -0.1280 0.9212
vn 0.3438 -0.1215 0.9311
vn 0.3003 -0.1148 0.9469
vn 0.2717 0.2200 0.9369
vn 0.2447 -0.0675 0.9672
vn 0.3802 0.0730 0.9220
vn -0.0886 0.0799 -0.9929
vn -0.0598 0.1639 -0.9847
vn 0.0509 -0.0686 -0.9963
vn -0.3571 -0.0676 0.9316
vn 0.0734 -0.9775 -0.1976
vn -0.0025 -0.9867 -0.1626
vn -0.0968 -0.9847 -0.1446
vn -0.2864 0.1320 -0.9490
vn -0.2685 0.1361 -0.9536
vn -0.3253 0.1343 -0.9360
vn -0.0545 -0.9959 -0.0726
vn -0.0716 -0.9951 -0.0688
vn -0.0639 -0.9954 -0.0708
vn -0.8029 0.4491 0.3920
vn -0.8341 0.4051 0.3743
vn -0.8513 0.3492 0.3916
vn 0.3332 0.0502 0.9415
vn 0.3971 0.1166 0.9103
vn 0.3683 -0.0341 0.9291
vn 0.0890 -0.4500 0.8886
vn 0.0936 -0.4476 0.8893
vn 0.0921 -0.4476 0.8895
vn 0.8656 -0.0725 -0.4954
vn 0.8794 -0.0331 -0.4749
vn 0.8993 -0.1000 -0.4258
vn 0.2116 0.1297 -0.9687
vn 0.1072 0.2657 -0.9581
vn 0.2214 0.1848 -0.9575
vn -0.1709 -0.9749 0.1428
vn -0.1302 -0.9835 0.1258
vn -0.1499 -0.9715 0.1838
vn 0.1753 -0.0290 -0.9841
vn -0.1134 0.0647 -0.9914
vn 0.0787 0.0400 -0.9961
vn -0.1343 -0.2502 0.9589
vn -0.0779 -0.1316 0.9882
vn -0.1138 -0.2123 0.9705
vn -0.3065 -0.0781 0.9487
vn -0.9202 0.0727 -0.3846
vn -0.9294 0.1505 -0.3370
vn -0.9247 0.1249 -0.3596
vn 0.0880 0.1358 -0.9868
vn 0.1265 0.1262 -0.9839
vn 0.0992 0.1338 -0.9860
vn -0.9437 0.0838 0.3200
vn -0.9405 0.0788 0.3305
vn -0.9401 0.0651 0.3347
vn 0.0025 -0.0510 -0.9987
vn 0.0054 -0.0562 -0.9984
vn 0.0022 -0.0516 -0.9987
vn 0.4654 0.8554 0.2275
vn 0.3917 0.8874 0.2431
vn 0.5335 0.8372 0.1202
vn -0.5880 0.7240 0.3607
vn -0.6619 0.6930 0.2859
vn -0.7012 0.6205 0.3512
vn -0.0363 -0.9780 0.2056
vn -0.0582 -0.9830 0.1743
vn -0.0142 -0.9769 0.2132
vn -0.2802 -0.0965 -0.9551
vn -0.0494 -0.0043 -0.9988
vn -0.1518 -0.0873 -0.9846
vn 0.0639 0.0017 0.9980
vn 0.1200 0.0107 0.9927
vn 0.1360 -0.0784 0.9876
vn 0.0463 0.2619 0.9640
vn 0.0199 0.4693 0.8828
vn 0.1122 0.4989 0.8594
vn 0.0779 0.0131 -0.9969
vn 0.2333 0.0245 -0.9721
vn 0.1490 -0.0163 -0.9887
vn -0.2260 0.9402 -0.2548
vn -0.2283 0.9260 -0.3005
vn -0.0163 0.9587 -0.2840
vn -0.3744 0.4357 0.8186
vn -0.5800 0.3128 0.7521
vn -0.4109 0.4232 0.8075
vn 0.0619 0.0329 -0.9975
vn 0.0292 0.0948 -0.9951
vn 0.0429 -0.0187 -0.9989
vn 0.0945 0.0180 -0.9954
vn 0.1181 0.1572 -0.9805
vn 0.2598 0.0344 -0.9650
vn -0.2281 0.1765 0.9575
vn -0.1577 0.1432 0.9771
vn -0.2264 0.1555 0.9615
vn -0.1129 -0.9930 -0.0360
vn -0.0710 -0.9972 0.0236
vn -0.0657 -0.9971 -0.0380
vn -0.1972 0.0445 -0.9794
vn -0.0724 0.1234 -0.9897
vn 0.0171 0.0679 -0.9975
vn -0.1202 0.0822 -0.9893
vn 0.0176 0.0761 -0.9969
vn -0.0056 0.0191 -0.9998
vn -0.0089 -0.0050 -0.9999
vn -0.0525 0.6892 0.7227
vn -0.0559 0.6742 0.7365
vn -0.0539 0.6932 0.7188
vn -0.1072 0.0051 -0.9942
vn -0.0730 0.1822 0.9805
vn 0.0421 0.2139 0.9760
vn -0.0401 0.1712 0.9844
vn -0.3076 0.0485 -0.9503
vn -0.3097 0.0562 -0.9492
vn -0.3065 0.0529 -0.9504
vn -0.9068 0.3627 0.2150
vn -0.7893 0.5829 0.1931
vn -0.9036 0.4115 0.1188
vn -0.0686 0.0759 -0.9948
vn -0.0907 0.0427 -0.9950
vn -0.0870 0.0429 -0.9953
vn 0.3577 0.9310 0.0719
vn 0.3579 0.8678 0.3448
vn 0.2965 0.9463 0.1287
vn 0.0185 0.3320 0.9431
vn 0.1716 0.4291 0.8868
vn 0.2810 0.3313 0.9007
vn -0.4983 0.3386 0.7982
vn -0.0358 0.4484 0.8931
vn -0.0626 0.4474 0.8922
vn -0.0483 0.4483 0.8926
vn -0.1544 -0.9856 0.0691
vn -0.0246 -0.9995 0.0197
vn -0.0756 -0.9952 0.0614
vn 0.0473 0.2841 -0.9576
vn 0.1107 0.1297 -0.9854
vn 0.0742 0.0710 -0.9947
vn 0.2408 -0.9148 0.3243
vn 0.2723 -0.9029 0.3327
vn 0.2768 -0.9001 0.3364
vn 0.1817 0.1122 0.9769
vn 0.1220 0.1174 0.9856
vn 0.1823 0.0639 0.9812
vn -0.3414 0.9336 0.1088
vn -0.3949 0.9139 0.0940
vn -0.5493 0.8179 0.1711
vn -0.0862 -0.9957 -0.0324
vn -0.0876 -0.9955 -0.0373
vn -0.3715 0.7079 -0.6007
vn -0.3650 0.6842 -0.6314
vn -0.4511 0.6507 -0.6108
vn 0.2214 0.9671 -0.1249
vn 0.2401 0.9575 -0.1595
vn 0.2100 0.9681 -0.1367
vn -0.0451 -0.9932 0.1069
vn -0.0400 -0.9950 0.0916
vn -0.0369 -0.9941 0.1016
vn 0.0264 -0.0484 -0.9985
vn -0.0971 -0.0896 -0.9912
vn 0.1236 -0.0309 -0.9918
vn -0.6499 -0.0346 0.7592
vn -0.5776 -0.0027 0.8163
vn -0.6341 -0.0020 0.7732
vn 0.0200 0.0273 -0.9994
vn -0.1432 -0.0076 -0.9897
vn -0.0199 0.1602 -0.9869
vn 0.1832 -0.9791 -0.0882
vn 0.2155 -0.9756 -0.0415
vn 0.0867 -0.9962 0.0024
vn -0.1273 0.8727 0.4713
vn -0.1846 0.8357 0.5172
vn -0.1035 0.8468 0.5218
vn 0.1563 0.2213 -0.9626
vn 0.1097 0.2010 -0.9734
vn 0.2738 0.1367 -0.9520
vn 0.0945 0.0561 0.9939
vn 0.0378 0.0112 0.9992
vn -0.0148 -0.0555 0.9984
vn 0.2095 0.2154 0.9538
vn 0.0772 0.1210 0.9896
vn 0.1153 0.2187 0.9690
vn -0.1001 -0.0059 -0.9950
vn -0.0867 -0.0315 -0.9957
vn -0.0789 0.0172 -0.9967
vn -0.7339 0.4635 -0.4965
vn -0.2247 -0.1564 0.9618
vn -0.3145 -0.2072 0.9264
vn -0.2550 -0.0420 0.9660
vn 0.1388 0.9855 -0.0976
vn 0.4791 0.7603 -0.4387
vn 0.0931 0.8388 -0.5364
vn -0.1112 0.5761 -0.8098
vn -0.0697 0.4343 -0.8981
vn -0.1290 0.4532 -0.8820
vn 0.0259 0.8612 0.5076
vn 0.0208 0.8713 0.4903
vn 0.7138 0.0657 -0.6973
vn 0.8004 0.0488 -0.5974
vn 0.7596 -0.0270 -0.6498
vn 0.0481 -0.0769 -0.9959
vn 0.0442 -0.0726 -0.9964
vn 0.0556 -0.0840 -0.9949
vn 0.1446 0.9220 0.3591
vn -0.0377 -0.0532 -0.9979
vn -0.0916 -0.0260 -0.9955
vn 0.0010 -0.0386 -0.9993
vn 0.2245 0.4714 0.8529
vn 0.1757 0.4523 0.8744
vn 0.2485 0.4926 0.8340
vn -0.2999 -0.9331 0.1984
vn -0.3011 -0.9337 0.1935
vn -0.3135 -0.9404 0.1316
vn -0.7920 -0.5202 0.3197
vn -0.7115 -0.5854 0.3887
vn -0.7130 -0.5964 0.3687
vn -0.0659 -0.9978 0.0116
vn -0.0902 -0.9949 0.0441
vn -0.0542 -0.9944 0.0912
vn 0.5382 0.2631 0.8007
vn 0.0338 0.3436 -0.9385
vn -0.1851 0.3116 -0.9320
vn -0.3189 0.3419 -0.8840
vn -0.9250 -0.0107 0.3799
vn -0.8576 -0.1572 0.4898
vn -0.9056 -0.1353 0.4020
vn 0.0802 0.8027 0.5910
vn 0.1001 0.7976 0.5948
vn 0.0923 0.8077 0.5824
vn 0.2039 -0.0068 0.9790
vn 0.2600 0.0967 0.9607
vn 0.2396 0.2286 0.9436
vn -0.9380 -0.0771 -0.3378
vn -0.9477 -0.0330 -0.3175
vn -0.9381 -0.1703 -0.3016
vn -0.6181 0.7858 0.0209
vn -0.4736 0.8743 0.1064
vn -0.6407 0.7657 -0.0570
vn -0.1017 -0.9797 -0.1728
vn -0.1436 -0.9703 -0.1946
vn -0.1000 -0.9772 -0.1872
vn 0.1740 -0.2726 0.9463
vn 0.1760 -0.2719 0.9461
vn 0.2216 -0.1241 0.9672
vn 0.9543 0.2647 -0.1384
vn 0.0816 -0.9899 0.1158
vn 0.1407 -0.9884 0.0570
vn 0.0587 -0.9974 0.0421
vn -0.6138 0.4316 0.6611
vn -0.5712 0.4223 0.7038
vn 0.1319 -0.1853 0.9738
vn 0.1241 -0.1137 0.9857
vn 0.0237 -0.1289 0.9914
vn -0.0322 0.0730 -0.9968
vn 0.1994 0.0782 -0.9768
vn -0.0536 0.1030 -0.9932
vn 0.1954 0.2851 -0.9384
vn 0.1823 0.2610 -0.9480
vn 0.1384 0.2936 -0.9459
vn -0.9177 0.2138 0.3348
vn -0.9262 0.2213 0.3054
vn -0.9309 0.1522 0.3322
vn 0.0784 -0.9323 0.3530
vn 0.0517 -0.9310 0.3613
vn 0.0843 -0.9148 0.3950
vn 0.2033 0.1118 -0.9727
vn 0.1803 0.1183 -0.9765
vn 0.1871 0.2005 -0.9617
vn -0.1155 -0.9889 -0.0934
vn -0.0558 -0.9983 0.0180
vn -0.2120 -0.9772 -0.0106
vn -0.3821 0.5590 0.7359
vn 0.1998 -0.6376 0.7440
vn 0.1959 -0.6139 0.7647
vn 0.1908 -0.6147 0.7653
vn -0.0643 0.3669 -0.9280
vn -0.0962 0.4153 -0.9046
vn -0.0205 0.6039 -0.7968
vn 0.1003 -0.1034 0.9896
vn 0.0311 -0.1108 0.9934
vn 0.0754 -0.0984 0.9923
vn -0.9294 -0.2186 0.2975
vn -0.9013 -0.2184 0.3742
vn -0.9600 -0.0972 0.2627
vn -0.1306 0.9618 0.2408
vn -0.1571 0.9586 0.2377
vn -0.1308 0.9610 0.2436
vn -0.7246 0.3064 0.6173
vn -0.7228 0.3072 0.6191
vn -0.7238 0.3067 0.6181
vn 0.1815 0.2949 0.9381
vn 0.1686 0.4342 0.8849
vn 0.0215 0.3771 0.9259
vn -0.0190 0.9496 -0.3130
vn 0.1123 0.9219 -0.3709
vn -0.0553 0.9409 -0.3341
vn -0.2572 0.9488 0.1832
vn -0.2317 0.9061 0.3540
vn -0.2821 0.8537 0.4378
vn 0.7542 0.6457 -0.1194
vn 0.7765 0.6153 -0.1357
vn 0.7041 0.6705 -0.2341
vn 0.0733 0.2487 0.9658
vn 0.0982 0.1689 0.9807
vn 0.3556 0.1398 0.9241
vn -0.0918 -0.9841 0.1519
vn -0.0526 -0.9891 0.1373
vn -0.0408 -0.9879 0.1495
vn 0.7977 0.4413 -0.4111
vn 0.7912 0.4407 -0.4240
vn 0.7752 0.4569 -0.4363
vn 0.0493 0.9791 -0.1971
vn -0.1123 0.9545 -0.2761
vn -0.1458 0.9508 -0.2735
vn 0.0020 -0.1926 -0.9813
vn -0.0868 0.1824 -0.9794
vn -0.0327 -0.0819 -0.9961
vn 0.7859 -0.0770 0.6136
vn 0.7824 -0.1132 0.6124
vn 0.7816 -0.1246 0.6113
vn 0.8490 0.4657 -0.2496
vn 0.8474 0.4674 -0.2519
vn 0.8470 0.4690 -0.2504
vn -0.3336 -0.3437 0.8779
vn -0.4092 -0.3520 0.8418
vn -0.3209 -0.3709 0.8715
vn 0.9479 0.2271 0.2235
vn 0.8883 0.3016 0.3464
vn 0.9236 0.1992 0.3274
vn -0.0320 -0.9530 0.3014
vn -0.0449 -0.9568 0.2873
vn -0.0073 -0.9568 0.2908
vn 0.9465 0.1431 -0.2894
vn 0.9303 0.0106 -0.3666
vn 0.9084 0.1230 -0.3997
vn 0.1403 0.1581 -0.9774
vn -0.0133 0.1964 -0.9804
vn 0.1264 0.2656 -0.9558
vn -0.1908 0.2539 -0.9482
vn -0.1313 0.1689 -0.9768
vn -0.2557 0.2054 -0.9447
vn 0.0622 -0.0594 -0.9963
vn -0.0528 -0.0621 -0.9967
vn 0.1533 -0.0289 -0.9878
vn -0.8455 0.3594 0.3949
vn -0.8308 0.3870 0.3999
vn -0.8314 0.3851 0.4006
vn 0.1713 -0.1760 0.9694
vn 0.1497 -0.1948 0.9693
vn 0.2308 -0.1962 0.9530
vn -0.0214 -0.9505 0.3099
vn -0.0470 -0.9520 0.3024
vn -0.0253 -0.9524 0.3038
vn 0.1343 -0.1341 -0.9818
vn 0.1303 -0.1397 -0.9816
vn 0.1325 -0.1362 -0.9818
vn -0.0615 0.7671 0.6386
vn -0.0151 0.7688 0.6393
vn -0.0146 0.7762 0.6304
vn 0.1690 -0.9647 -0.2019
vn 0.1219 -0.9674 -0.2218
vn 0.1232 -0.9698 -0.2105
vn -0.6545 0.6811 0.3284
vn -0.7530 0.5487 0.3633
vn -0.6977 0.5761 0.4259
vn -0.0044 0.0850 -0.9964
vn 0.0006 -0.0480 -0.9988
vn -0.1101 -0.0766 -0.9910
vn 0.0138 -0.9933 -0.1143
vn -0.0085 -0.9973 -0.0735
vn -0.0004 -0.9920 -0.1260
vn -0.0190 0.0514 -0.9985
vn -0.0422 0.0290 -0.9987
vn 0.0578 0.1058 -0.9927
vn 0.9040 -0.2388 -0.3546
vn 0.0043 0.0242 -0.9997
vn 0.0386 0.0174 -0.9991
vn 0.0129 0.0266 -0.9996
vn 0.3193 0.8956 0.3099
vn 0.3652 0.8791 0.3063
vn 0.5031 0.8104 0.3003
vn -0.0861 -0.9963 -0.0036
vn -0.0903 -0.9936 0.0672
vn -0.0940 -0.9884 0.1196
vn -0.9613 0.2627 -0.0829
vn -0.9593 0.2802 -0.0339
vn -0.9555 0.2599 -0.1395
vn 0.1769 0.9209 -0.3474
vn 0.1717 0.9069 -0.3848
vn -0.0620 0.9276 -0.3684
vn 0.3762 0.8829 0.2811
vn 0.2812 0.8714 0.4021
vn 0.4219 0.8972 0.1303
vn -0.1134 0.6141 -0.7811
vn -0.1767 0.5130 -0.8400
vn -0.1458 0.5920 -0.7927
vn -0.8715 -0.4810 0.0961
vn -0.8752 -0.4831 0.0242
vn -0.8188 -0.5529 0.1545
vn 0.9185 -0.0735 0.3884
vn 0.9486 -0.2117 0.2353
vn 0.9570 -0.0544 0.2849
vn 0.0370 0.0513 0.9980
vn 0.0515 0.1774 0.9828
vn 0.0257 0.1794 0.9834
vn 0.0373 0.0412 -0.9985
vn 0.0533 0.0281 -0.9982
vn 0.0350 0.0281 -0.9990
vn 0.8475 0.3390 -0.4084
vn 0.8287 0.2528 -0.4994
vn 0.8495 0.3552 -0.3901
vn -0.0960 0.8613 0.4989
vn -0.0338 0.8822 0.4697
vn -0.1193 0.8857 0.4486
vn 0.3420 0.3214 -0.8831
vn 0.3515 0.2501 -0.9022
vn 0.2913 0.2591 -0.9209
vn 0.0080 -0.7490 0.6625
vn 0.0048 -0.7459 0.6660
vn -0.0012 -0.7724 0.6351
vn -0.0910 0.0875 -0.9920
vn -0.1278 0.0669 -0.9895
vn -0.0476 -0.0252 -0.9985
vn 0.1416 0.2420 0.9599
vn -0.3822 0.9219 0.0640
vn -0.3482 0.9374 -0.0092
vn -0.3167 0.9471 -0.0516
vn -0.2961 -0.0507 -0.9538
vn -0.3025 -0.0118 -0.9531
vn -0.0774 0.0236 -0.9967
vn -0.1545 -0.0032 -0.9880
vn -0.0844 0.1366 -0.9870
vn -0.0636 -0.0070 -0.9979
vn -0.5413 0.0099 0.8408
vn -0.4769 0.0471 0.8777
vn -0.5123 0.0001 0.8588
vn 0.0387 0.1311 0.9906
vn 0.0795 0.0439 0.9959
vn 0.0585 0.0220 0.9980
vn 0.0094 -0.0295 -0.9995
vn 0.0654 -0.0008 -0.9979
vn -0.0085 -0.0936 -0.9956
vn -0.0948 0.9950 0.0319
vn 0.2198 0.7592 0.6126
vn 0.2293 0.7862 0.5738
vn 0.1088 0.8192 0.5631
vn 0.2964 0.1187 0.9476
vn 0.3380 -0.0877 0.9371
vn 0.3905 0.0202 0.9204
vn 0.8095 -0.0366 -0.5860
vn 0.8681 -0.0795 -0.4899
vn 0.7917 -0.0187 -0.6106
vn 0.0151 0.9885 -0.1505
vn 0.0265 0.9974 -0.0664
vn 0.0596 0.9711 -0.2309
vn 0.0924 -0.2293 0.9690
vn 0.3066 0.4463 -0.8407
vn 0.1616 0.4993 -0.8512
vn 0.1987 0.6093 -0.7676
vn -0.9957 0.0291 0.0881
vn -0.9909 -0.1266 0.0448
vn -0.9858 0.0296 0.1653
vn 0.7656 -0.0434 0.6418
vn 0.6185 0.1881 0.7629
vn 0.7307 0.1198 0.6722
vn 0.0457 0.0052 -0.9989
vn 0.0448 0.0156 -0.9989
vn 0.0577 -0.0103 -0.9983
vn -0.8640 0.0871 0.4959
vn -0.8768 0.1022 0.4699
vn -0.8569 0.0301 0.5146
vn -0.2611 0.2449 0.9337
vn -0.2198 0.2459 0.9440
vn -0.2434 0.2811 0.9283
vn 0.0150 -0.7226 0.6911
vn -0.0236 -0.7130 0.7008
vn 0.0180 -0.7265 0.6869
vn -0.6173 0.0466 -0.7853
vn -0.6264 0.0382 -0.7786
vn -0.5943 0.0627 -0.8018
vn 0.1873 0.3842 0.9040
vn 0.2328 0.3565 0.9048
vn 0.0498 0.5366 0.8423
vn -0.0964 -0.6807 -0.7262
vn -0.1283 -0.6677 -0.7333
vn -0.0623 -0.6781 -0.7323
vn -0.0242 -0.1028 -0.9944
vn -0.0391 0.0522 -0.9979
vn -0.0007 -0.0925 -0.9957
vn -0.9081 -0.1194 -0.4014
vn -0.0556 0.1086 -0.9925
vn -0.0341 0.0551 -0.9979
vn -0.0341 0.0008 -0.9994
vn 0.9177 0.1450 -0.3698
vn 0.9007 0.3155 -0.2986
vn 0.9223 0.0540 -0.3827
vn 0.1196 0.1025 -0.9875
vn 0.2009 0.1698 -0.9648
vn 0.2127 0.1235 -0.9693
vn 0.0105 0.0523 -0.9986
vn 0.0234 0.0532 -0.9983
vn 0.0005 -0.0127 -0.9999
vn 0.0428 -0.1918 0.9805
vn 0.0687 0.0447 0.9966
vn -0.1015 -0.0945 0.9903
vn -0.4458 0.4084 -0.7965
vn -0.4578 0.4591 -0.7613
vn -0.4063 0.4702 -0.7835
vn 0.0053 0.1642 -0.9864
vn 0.0018 0.1220 -0.9925
vn -0.0882 0.1260 -0.9881
vn 0.4864 0.4236 0.7642
vn 0.4607 0.4023 0.7911
vn 0.4529 0.4267 0.7828
vn -0.2150 -0.1894 -0.9581
vn -0.2136 -0.1899 -0.9583
vn 0.0037 0.0502 -0.9987
vn 0.0199 0.0086 -0.9998
vn -0.0083 0.0742 -0.9972
vn 0.3803 0.1152 -0.9176
vn 0.3865 -0.3115 -0.8681
vn 0.3894 -0.0304 -0.9206
vn -0.0026 -0.9124 0.4093
vn -0.0585 -0.8876 0.4570
vn -0.1478 -0.9218 0.3584
vn -0.1378 -0.9722 -0.1892
vn -0.1406 -0.9691 -0.2026
vn -0.0585 -0.9736 -0.2205
vn 0.1119 0.9693 0.2190
vn 0.0974 0.9625 0.2531
vn 0.0668 0.9498 0.3058
vn 0.1580 -0.2295 -0.9604
vn 0.2185 -0.0952 -0.9712
vn 0.1390 -0.0571 -0.9886
vn 0.3330 0.5419 0.7717
vn 0.3368 0.5262 0.7808
vn 0.2661 0.5002 0.8240
vn -0.7383 0.2121 -0.6403
vn -0.7837 0.1529 -0.6021
vn -0.7881 0.1505 -0.5968
vn -0.1707 -0.2302 0.9580
vn -0.1358 -0.2193 0.9662
vn -0.1327 -0.2084 0.9690
vn 0.8601 -0.4922 -0.1340
vn 0.8610 -0.4904 -0.1348
vn 0.8559 -0.5008 -0.1292
vn -0.6852 0.6842 0.2498
vn -0.6601 0.7433 0.1085
vn -0.7605 0.6179 0.1999
vn 0.1654 0.0466 0.9851
vn 0.1660 0.0467 0.9850
vn 0.1196 0.0174 0.9927
vn 0.0622 -0.0347 -0.9975
vn 0.0676 -0.0466 -0.9966
vn 0.0640 -0.0401 -0.9971
vn -0.0046 -0.9899 0.1419
vn -0.1074 -0.9695 0.2205
vn -0.0285 -0.9951 0.0946
vn 0.0517 0.5184 -0.8536
vn 0.0002 0.5016 -0.8651
vn 0.0760 0.5231 -0.8489
vn 0.3527 0.1766 0.9189
vn 0.3686 0.1317 0.9202
vn 0.4266 0.1610 0.8900
vn 0.8733 0.0397 0.4856
vn 0.1578 0.0145 -0.9874
vn 0.0258 0.0016 -0.9997
vn -0.0017 0.0977 -0.9952
vn 0.6396 0.0524 0.7669
vn 0.6650 0.1777 0.7254
vn 0.5281 0.1442 0.8369
vn 0.9557 0.0815 -0.2828
vn 0.9727 -0.0022 -0.2321
vn 0.9381 -0.0214 -0.3457
vn -0.9127 0.0978 -0.3967
vn -0.9085 0.1217 -0.3997
vn -0.2043 -0.9605 -0.1889
vn -0.2134 -0.9667 -0.1414
vn -0.2254 -0.9563 -0.1863
vn 0.0385 -0.9861 -0.1618
vn 0.0794 -0.9799 -0.1832
vn 0.0912 -0.9798 -0.1780
vn 0.0209 -0.2367 -0.9714
vn -0.9470 0.0982 -0.3060
vn -0.9108 0.1854 -0.3689
vn -0.9074 0.1950 -0.3722
vn -0.0611 0.0841 -0.9946
vn 0.0140 -0.0567 -0.9983
vn -0.0680 0.0311 -0.9972
vn -0.0264 0.9374 0.3473
vn 0.0046 0.9412 0.3378
vn -0.0423 0.9453 0.3235
vn 0.0318 -0.9989 -0.0355
vn 0.0223 -0.9997 0.0049
vn 0.0103 -0.9999 -0.0086
vn 0.0760 -0.0346 -0.9965
vn 0.0898 -0.0131 -0.9959
vn 0.0468 -0.0668 -0.9967
vn 0.5944 -0.3094 -0.7423
vn 0.6014 -0.2976 -0.7414
vn 0.6016 -0.3143 -0.7344
vn 0.6793 -0.0063 -0.7338
vn 0.6629 -0.0363 -0.7478
vn 0.6525 -0.0068 -0.7577
vn -0.1135 0.0068 -0.9935
vn -0.0165 0.0088 -0.9998
vn 0.0187 -0.0179 -0.9997
vn -0.8179 0.4393 0.3716
vn -0.8184 0.3904 0.4217
vn -0.8009 0.4519 0.3929
vn -0.0334 0.9568 -0.2887
vn 0.0256 0.9628 -0.2689
vn -0.0849 0.9440 -0.3188
vn 0.0821 -0.1118 -0.9903
vn 0.1849 -0.1124 -0.9763
vn 0.1681 -0.0395 -0.9850
vn -0.7793 0.1675 0.6039
vn -0.7655 0.2294 0.6011
vn -0.7523 0.2245 0.6194
vn 0.1841 0.8775 0.4429
vn 0.2028 0.9543 0.2196
vn 0.1040 0.9631 0.2484
vn -0.4262 0.0188 0.9044
vn -0.4000 -0.0308 0.9160
vn -0.4255 -0.0093 0.9049
vn -0.0504 0.8449 0.5325
vn -0.0498 0.8579 0.5114
vn -0.1269 0.8602 0.4938
vn 0.0204 0.9303 -0.3663
vn -0.0880 0.9055 -0.4151
vn -0.0893 0.9064 -0.4129
vn 0.0203 -0.0033 -0.9998
vn 0.2008 0.0569 -0.9780
vn 0.2396 0.1225 -0.9631
vn -0.2062 0.3259 -0.9227
vn -0.1905 0.3207 -0.9278
vn -0.2243 0.3154 -0.9221
vn 0.7848 0.3507 0.5109
vn 0.4137 0.4297 0.8027
vn 0.4099 0.4327 0.8030
vn 0.4150 0.4285 0.8026
vn 0.0692 -0.9923 0.1022
vn 0.1112 -0.9873 0.1133
vn 0.0775 -0.9920 0.0998
vn 0.8504 -0.1743 -0.4964
vn 0.8267 -0.0956 -0.5544
vn 0.8777 -0.0915 -0.4705
vn 0.0900 0.5091 0.8560
vn 0.0853 0.5926 0.8009
vn 0.0072 0.5607 0.8280
vn 0.1952 0.1465 0.9698
vn 0.2114 0.1277 0.9690
vn 0.1755 0.1950 0.9650
vn -0.8688 0.2662 -0.4175
vn -0.8558 0.2847 -0.4320
vn -0.8617 0.2824 -0.4217
vn 0.3642 -0.2543 0.8959
vn 0.3579 -0.2592 0.8971
vn 0.3686 -0.2489 0.8956
vn -0.2012 -0.0602 -0.9777
vn -0.3507 0.2180 -0.9108
vn -0.0569 -0.1355 -0.9891
vn -0.3981 0.2119 -0.8926
vn -0.3267 0.3643 -0.8721
vn -0.3591 0.3072 -0.8813
vn -0.1170 -0.9777 -0.1742
vn -0.0711 -0.9876 -0.1402
vn -0.0929 -0.9865 -0.1347
vn 0.1202 0.5540 -0.8238
vn 0.3227 0.3371 -0.8844
vn -0.4562 0.3520 -0.8173
vn -0.1632 0.0144 -0.9865
vn 0.0404 -0.1253 0.9913
vn 0.0184 -0.1373 0.9904
vn -0.0008 -0.1721 0.9851
vn -0.1262 0.0979 -0.9872
vn -0.1282 0.1043 -0.9863
vn -0.1866 0.1094 -0.9763
vn -0.6158 0.2845 0.7347
vn 0.2700 0.8011 0.5342
vn 0.5451 0.5833 0.6022
vn -0.0836 0.0634 0.9945
vn -0.1226 0.0128 0.9924
vn -0.0103 0.0430 0.9990
vn 0.1297 -0.3399 0.9315
vn 0.0898 -0.4944 0.8646
vn 0.1058 -0.3374 0.9354
vn 0.4130 -0.5370 -0.7356
vn 0.3773 -0.1609 -0.9120
vn 0.2123 -0.1602 -0.9640
vn 0.2290 -0.3742 -0.8986
vn 0.2450 -0.3360 -0.9095
vn 0.2376 -0.3555 -0.9040
vn -0.3359 -0.6026 -0.7239
vn -0.3301 -0.6034 -0.7259
vn -0.3410 -0.6038 -0.7205
vn -0.3820 -0.0928 0.9195
vn -0.1438 0.2576 0.9555
vn -0.1237 0.3056 0.9441
vn -0.2775 0.4635 0.8415
vn -0.1706 0.2910 -0.9414
vn -0.1506 0.2966 -0.9430
vn -0.1619 0.2897 -0.9433
vn -0.6433 -0.0177 -0.7654
vn 0.5542 0.3215 -0.7678
vn 0.1877 0.1778 -0.9660
vn 0.0799 -0.0723 -0.9942
vn 0.0499 -0.0681 -0.9964
vn 0.0371 -0.0309 -0.9988
vn 0.1866 0.0111 0.9824
vn 0.1905 0.0375 0.9810
vn 0.0986 0.0519 0.9938
vn -0.1563 0.2033 -0.9666
vn -0.1771 0.0572 -0.9825
vn -0.0630 0.2290 -0.9714
vn -0.3403 0.5499 0.7628
vn -0.3352 0.5315 0.7779
vn -0.3380 0.5400 0.7708
vn 0.7223 0.4516 0.5237
vn 0.8643 -0.0724 0.4977
vn 0.7695 0.1110 0.6290
vn 0.2591 -0.0207 -0.9656
vn 0.1483 -0.0472 -0.9878
vn 0.2123 -0.0408 -0.9764
vn -0.0320 0.1308 0.9909
vn -0.0814 0.0745 0.9939
vn -0.0335 0.1246 0.9916
vn -0.3597 -0.2549 0.8976
vn 0.2469 -0.9673 -0.0579
vn 0.2381 -0.9702 0.0438
vn 0.2275 -0.9736 -0.0173
vn -0.9082 0.3664 0.2024
vn -0.9195 0.3524 0.1740
vn -0.9027 0.3462 0.2556
vn -0.1813 -0.9154 0.3593
vn -0.2190 -0.9302 0.2945
vn -0.1538 -0.9384 0.3094
vn 0.1775 -0.0701 0.9816
vn 0.1778 -0.0707 0.9815
vn 0.2829 0.8561 0.4326
vn 0.2836 0.8558 0.4327
vn 0.2838 0.8557 0.4327
vn 0.2206 0.9134 0.3422
vn 0.3199 0.8343 0.4491
vn 0.2445 0.8967 0.3689
vn 0.0375 -0.9993 -0.0097
vn 0.0416 -0.9991 -0.0126
vn 0.1244 -0.9917 0.0333
vn 0.1033 0.2764 0.9555
vn 0.1070 0.2781 0.9546
vn 0.1075 0.2831 0.9530
vn 0.0880 -0.0599 -0.9943
vn 0.1467 -0.0996 -0.9842
vn 0.0958 -0.1054 -0.9898
vn 0.0027 -0.0619 -0.9981
vn 0.0004 -0.0415 -0.9991
vn 0.0095 -0.0467 -0.9989
vn 0.0943 0.2593 0.9612
vn 0.0888 0.3078 0.9473
vn 0.0448 0.3108 0.9494
vn -0.0272 -0.7743 -0.6323
vn -0.0164 -0.7869 -0.6169
vn -0.0491 -0.7771 -0.6274
vn -0.9580 0.2834 0.0435
vn -0.9561 0.2907 0.0360
vn -0.9482 0.3042 0.0911
vn 0.1286 0.1724 -0.9766
vn 0.2327 0.1706 -0.9575
vn 0.1560 0.0943 -0.9832
vn -0.0884 -0.9334 -0.3477
vn -0.0574 -0.9271 -0.3704
vn -0.0172 -0.9340 -0.3569
vn -0.1052 0.2065 -0.9728
vn -0.0549 0.1014 -0.9933
vn -0.0579 0.2095 -0.9761
vn -0.0472 0.1592 -0.9861
vn -0.0629 0.1750 -0.9826
vn -0.0508 0.1633 -0.9853
vn 0.0657 0.2639 -0.9623
vn 0.1016 0.1642 -0.9812
vn 0.1445 0.2664 -0.9530
vn 0.9651 0.1648 0.2036
vn 0.8919 0.3174 0.3221
vn 0.9289 -0.0015 0.3703
vn 0.8876 0.0922 0.4513
vn 0.8864 0.0979 0.4525
vn 0.9107 0.0781 0.4056
vn 0.2203 0.4269 0.8771
vn 0.1727 0.4421 0.8802
vn 0.1232 0.4488 0.8851
vn 0.1514 -0.1862 0.9708
vn 0.1509 -0.1864 0.9708
vn 0.1511 -0.1863 0.9708
vn 0.0593 0.7201 0.6913
vn 0.0642 0.7307 0.6796
vn 0.0812 0.7342 0.6741
vn -0.4927 -0.7812 -0.3835
vn -0.4636 -0.7766 -0.4266
vn -0.4426 -0.7952 -0.4145
vn 0.0327 -0.9496 -0.3117
vn 0.0826 -0.9352 -0.3443
vn 0.0401 -0.9451 -0.3243
vn -0.7418 -0.0187 0.6704
vn -0.7553 0.0955 0.6484
vn -0.7104 0.1395 0.6898
vn 0.0464 0.1565 -0.9866
vn 0.0479 0.0390 -0.9981
vn 0.0583 -0.0557 -0.9967
vn 0.1011 -0.9823 0.1575
vn 0.0594 -0.9884 0.1396
vn 0.0652 -0.9729 0.2216
vn 0.2325 -0.0108 0.9725
vn 0.3317 -0.0983 0.9383
vn 0.3320 0.1076 0.9371
vn 0.8983 -0.1513 -0.4124
vn 0.8927 -0.1066 -0.4378
vn 0.8811 -0.1508 -0.4482
vn 0.1431 0.9660 -0.2154
vn 0.1265 0.9654 -0.2279
vn 0.2401 0.9530 -0.1849
vn -0.0520 -0.0508 -0.9974
vn -0.0325 -0.0112 -0.9994
vn -0.1117 -0.0181 -0.9936
vn 0.0232 0.1469 0.9889
vn 0.1287 0.1283 0.9833
vn 0.0911 0.1540 0.9839
vn -0.6395 -0.2927 0.7109
vn -0.5545 -0.3909 0.7346
vn -0.6351 -0.3858 0.6692
vn -0.6281 -0.7386 0.2448
vn -0.6962 -0.6740 0.2470
vn -0.6044 -0.7008 0.3789
vn -0.1100 -0.8003 0.5894
vn -0.0462 -0.7561 0.6529
vn -0.0767 -0.7995 0.5958
vn 0.3447 0.1059 -0.9327
vn 0.2515 0.0993 -0.9627
vn 0.3123 0.2004 -0.9286
vn -0.0185 -0.5929 0.8050
vn 0.2645 -0.5350 0.8024
vn -0.0470 -0.5299 0.8467
vn -0.3903 0.8295 -0.3996
vn -0.3712 0.8310 -0.4144
vn -0.3522 0.8366 -0.4196
vn -0.0285 -0.9830 0.1812
vn -0.0530 -0.9853 0.1627
vn -0.0130 -0.9897 0.1426
vn -0.8377 0.3875 -0.3849
vn -0.8537 0.3675 -0.3689
vn -0.8290 0.3383 -0.4453
vn -0.0415 0.3551 -0.9339
vn -0.0840 0.3430 -0.9356
vn -0.0368 0.1278 -0.9911
vn -0.0476 -0.9968 0.0649
vn -0.0536 -0.9968 0.0589
vn -0.0848 -0.9939 0.0712
vn -0.0342 0.0336 -0.9988
vn -0.0369 0.0232 -0.9990
vn -0.0440 0.0212 -0.9988
vn -0.1835 -0.0454 0.9820
vn -0.3225 -0.0433 0.9456
vn -0.3353 -0.0644 0.9399
vn -0.0821 -0.1081 -0.9907
vn -0.1152 -0.0536 -0.9919
vn 0.0118 -0.0180 -0.9998
vn 0.8166 -0.1637 -0.5536
vn 0.7609 -0.1501 -0.6313
vn 0.7738 -0.1749 -0.6088
vn 0.3016 0.3419 0.8900
vn 0.2612 0.3572 0.8967
vn 0.3400 0.3987 0.8517
vn -0.0594 -0.8669 -0.4950
vn -0.0416 -0.8762 -0.4802
vn 0.0111 -0.8743 -0.4853
vn -0.1360 0.1769 -0.9748
vn -0.1058 0.2307 -0.9672
vn -0.1918 0.1887 -0.9631
vn -0.1122 -0.4346 0.8936
vn 0.0592 -0.5002 0.8639
vn -0.1147 -0.5462 0.8298
vn -0.2993 -0.9490 -0.0994
vn -0.1421 -0.9886 -0.0505
vn -0.1084 -0.9807 -0.1630
vn -0.2255 0.6161 0.7547
vn -0.2622 0.5882 0.7650
vn -0.2393 0.6030 0.7610
vn -0.0223 0.0214 0.9995
vn 0.0659 0.0566 0.9962
vn -0.0511 0.1124 0.9924
vn 0.2810 0.4029 0.8710
vn 0.2788 0.4031 0.8716
vn 0.2877 0.4018 0.8694
vn 0.5114 0.6885 0.5143
vn 0.5774 0.5731 0.5815
vn 0.5391 0.6252 0.5644
vn 0.7626 0.3233 0.5603
vn 0.6991 0.2925 0.6524
vn 0.7414 0.2700 0.6143
vn -0.0257 -0.0287 -0.9993
vn 0.0510 0.0011 -0.9987
vn -0.0060 -0.0255 -0.9997
vn 0.7171 0.2811 -0.6378
vn 0.7193 0.2791 -0.6362
vn 0.7230 0.2757 -0.6334
vn -0.0937 0.0443 0.9946
vn -0.0945 0.0439 0.9946
vn -0.0925 0.0449 0.9947
vn -0.0816 -0.0665 0.9944
vn -0.1170 0.0973 0.9884
vn -0.1212 0.0312 0.9921
vn 0.2643 -0.9140 -0.3079
vn 0.3793 -0.9162 -0.1291
vn 0.2625 -0.9200 -0.2910
vn 0.2560 0.3176 0.9130
vn 0.2429 0.2735 0.9307
vn 0.2478 0.3823 0.8902
vn -0.1419 0.4675 -0.8725
vn -0.1001 0.3953 -0.9131
vn -0.1202 0.4641 -0.8776
vn -0.2079 0.4500 -0.8685
vn -0.2020 0.4749 -0.8566
vn -0.1788 0.4491 -0.8754
vn 0.0268 -0.9680 -0.2496
vn 0.0866 -0.9739 -0.2099
vn 0.0677 -0.9806 -0.1842
vn -0.1109 -0.7247 -0.6801
vn -0.1384 -0.7811 -0.6088
vn -0.1649 -0.7685 -0.6182
vn 0.0275 -0.0374 -0.9989
vn -0.0161 0.0025 -0.9999
vn -0.0875 -0.0387 -0.9954
vn 0.0065 -0.1344 -0.9909
vn 0.0062 -0.1311 -0.9914
vn 0.0069 -0.1382 -0.9904
vn 0.0370 -0.0223 -0.9991
vn 0.0416 -0.0079 -0.9991
vn 0.0357 -0.0267 -0.9990
vn 0.1157 0.0535 -0.9918
vn 0.1155 0.0535 -0.9919
vn 0.1138 0.0536 -0.9921
vn 0.1956 0.9798 -0.0425
vn 0.1877 0.9822 0.0120
vn 0.1908 0.9801 0.0555
vn -0.5918 0.1032 0.7995
vn -0.6577 0.2515 0.7101
vn -0.4771 0.2757 0.8345
vn -0.8442 0.5307 0.0756
vn -0.8350 0.5455 -0.0719
vn -0.7927 0.5865 0.1663
vn 0.1402 0.7935 0.5922
vn 0.2329 0.8271 0.5116
vn 0.2084 0.8299 0.5175
vn 0.0740 -0.2326 0.9698
vn 0.1288 -0.1844 0.9744
vn 0.0696 -0.1582 0.9850
vn 0.7568 0.5894 0.2827
vn 0.8028 0.5583 0.2094
vn 0.8330 0.5221 0.1831
vn 0.8056 0.4223 0.4154
vn 0.9372 0.1302 0.3237
vn 0.8333 0.4076 0.3735
vn -0.3994 0.0670 -0.9143
vn -0.4052 0.0795 -0.9108
vn -0.4124 0.0677 -0.9085
vn -0.0645 0.0574 -0.9963
vn -0.1265 -0.0542 -0.9905
vn -0.0549 -0.0318 -0.9980
vn -0.2186 0.1840 -0.9583
vn -0.2392 0.1677 -0.9564
vn -0.2533 0.1687 -0.9526
vn -0.2059 0.0654 -0.9764
vn -0.1959 0.0717 -0.9780
vn -0.2002 0.0691 -0.9773
vn -0.0387 0.1659 -0.9854
vn -0.0961 0.1269 -0.9873
vn 0.0917 0.1141 -0.9892
vn 0.0190 0.2807 -0.9596
vn 0.0010 0.2108 -0.9775
vn -0.0061 0.2537 -0.9673
vn 0.0594 0.0832 -0.9948
vn 0.0269 0.0555 -0.9981
vn -0.0112 0.0052 -0.9999
vn -0.0390 -0.0254 -0.9989
vn -0.0351 -0.0054 -0.9994
vn -0.0532 0.0058 -0.9986
vn -0.1846 -0.9784 -0.0932
vn -0.1728 -0.9809 -0.0892
vn -0.1757 -0.9806 -0.0865
vn 0.2769 0.5168 0.8101
vn 0.2973 0.5101 0.8071
vn 0.2527 0.5197 0.8161
vn -0.1869 0.9819 0.0320
vn -0.1457 0.9892 -0.0180
vn -0.1524 0.9846 0.0860
vn -0.3300 0.9433 -0.0351
vn -0.3150 0.9491 0.0030
vn -0.3476 0.9353 0.0667
vn 0.1788 -0.9839 0.0005
vn 0.1359 -0.9901 -0.0337
vn 0.1430 -0.9890 -0.0372
vn -0.7185 -0.0234 -0.6951
vn -0.7078 -0.0347 -0.7055
vn -0.6965 -0.0205 -0.7172
vn 0.1248 0.1616 -0.9789
vn 0.2938 -0.0763 -0.9528
vn 0.0863 0.0871 -0.9925
vn 0.1888 0.0531 -0.9806
vn 0.0746 0.0315 -0.9967
vn -0.0100 0.0660 -0.9978
vn 0.1097 0.6851 0.7202
vn 0.1164 0.6874 0.7169
vn 0.1359 0.7046 0.6965
vn -0.0653 -0.1485 -0.9868
vn -0.0755 -0.1482 -0.9861
vn -0.0635 -0.1568 -0.9856
vn 0.0608 -0.2371 -0.9696
vn 0.0696 -0.2501 -0.9657
vn 0.0420 -0.2430 -0.9691
vn -0.1075 0.2140 -0.9709
vn 0.1588 0.1125 0.9809
vn 0.2388 0.0314 0.9705
vn 0.2399 0.0416 0.9699
vn -0.0148 -0.9999 -0.0045
vn 0.0565 -0.9964 0.0635
vn -0.0584 -0.9976 0.0370
vn 0.9116 -0.3672 -0.1848
vn 0.9159 -0.1493 -0.3725
vn 0.9215 -0.3870 0.0313
vn 0.0192 -0.9417 0.3359
vn 0.0159 -0.9511 0.3085
vn 0.0128 -0.9507 0.3098
vn -0.9856 0.1296 0.1087
vn -0.9947 0.0128 0.1017
vn -0.9920 0.0728 0.1035
vn -0.9387 0.0139 -0.3444
vn -0.9437 -0.0120 -0.3305
vn -0.9333 -0.0760 -0.3511
vn 0.1078 -0.1985 0.9741
vn 0.1718 -0.2244 0.9592
vn 0.0882 -0.2122 0.9732
vn 0.0322 -0.1363 -0.9901
vn 0.0326 -0.1367 -0.9901
vn 0.0328 -0.1369 -0.9900
vn -0.1351 -0.1193 -0.9836
vn -0.1395 -0.1123 -0.9838
vn -0.1383 -0.0829 -0.9869
vn -0.1241 -0.0998 -0.9872
vn -0.1219 -0.0820 -0.9892
vn -0.1255 -0.0671 -0.9898
vn -0.0499 -0.0779 -0.9957
vn -0.0330 -0.0444 -0.9985
vn -0.0488 -0.0384 -0.9981
vn -0.9482 0.3165 0.0284
vn -0.9478 0.3172 0.0334
vn -0.9427 0.3254 0.0731
vn -0.9879 -0.0956 0.1221
vn -0.9883 -0.1046 0.1110
vn -0.9899 -0.0742 0.1209
vn -0.0363 0.2117 0.9767
vn -0.0092 0.2090 0.9779
vn -0.0152 0.1463 0.9891
vn 0.1199 0.0443 0.9918
vn 0.0759 -0.0303 0.9967
vn 0.1161 0.0991 0.9883
vn -0.9402 0.3370 -0.0490
vn -0.9573 0.2636 -0.1184
vn -0.9950 0.0659 0.0753
vn -0.0678 -0.9933 0.0938
vn -0.0920 -0.9942 0.0553
vn -0.0727 -0.9660 0.2482
vn -0.5035 0.7158 0.4839
vn -0.5438 0.7797 0.3103
vn -0.5740 0.5512 0.6056
vn 0.3117 0.9374 0.1552
vn 0.1922 0.9740 0.1197
vn 0.1518 0.9745 0.1654
vn 0.2010 0.2701 0.9416
vn 0.0998 0.3215 0.9416
vn 0.1449 0.2442 0.9588
vn 0.8426 0.2106 0.4956
vn 0.8765 0.1661 0.4518
vn 0.8465 0.2585 0.4654
vn -0.0075 -0.0574 -0.9983
vn -0.0077 -0.0570 -0.9983
vn -0.0078 -0.0566 -0.9984
vn -0.5937 0.0152 -0.8046
vn -0.5601 0.0536 -0.8267
vn -0.6274 0.0512 -0.7770
vn -0.0184 -0.9186 -0.3948
vn -0.0476 -0.9123 -0.4067
vn -0.0201 -0.9033 -0.4286
vn 0.9823 -0.1052 -0.1549
vn 0.9562 -0.1165 -0.2685
vn 0.9863 -0.0854 -0.1412
vn 0.7233 -0.0621 0.6877
vn 0.7684 0.0686 0.6363
vn 0.7692 -0.0558 0.6365
vn 0.9826 -0.1066 -0.1522
vn 0.9567 -0.2037 -0.2077
vn 0.9585 -0.2041 -0.1989
vn -0.0288 -0.1289 0.9912
vn 0.0871 0.0309 0.9957
vn 0.0779 0.1205 0.9896
vn 0.7121 0.2911 -0.6388
vn 0.6815 0.2806 -0.6758
vn 0.6666 0.3561 -0.6548
vn 0.9290 0.0942 -0.3578
vn 0.9070 -0.0214 -0.4205
vn 0.8537 0.1053 -0.5099
vn 0.4468 0.2803 0.8496
vn 0.5475 0.0994 0.8309
vn 0.5144 0.0688 0.8548
vn 0.4720 0.1081 0.8750
vn 0.4412 -0.0163 0.8972
vn 0.4146 -0.0286 0.9095
vn -0.7167 0.3645 0.5945
vn -0.6635 0.4165 0.6215
vn -0.7223 0.4634 0.5134
vn -0.1045 -0.9639 -0.2448
vn -0.0941 -0.9598 -0.2644
vn -0.0682 -0.9611 -0.2676
vn -0.3261 -0.9298 -0.1706
vn -0.2900 -0.9448 -0.1523
vn -0.3215 -0.9322 -0.1660
vn -0.1539 0.8904 0.4284
vn -0.1836 0.8476 0.4978
vn -0.1794 0.9123 0.3682
vn 0.0028 0.1060 -0.9944
vn -0.0715 -0.0259 -0.9971
vn -0.0115 -0.0037 -0.9999
vn -0.0183 0.0745 -0.9971
vn -0.0891 -0.0351 -0.9954
vn -0.0668 0.0043 -0.9978
vn 0.0419 0.1113 -0.9929
vn -0.0400 0.0738 -0.9965
vn -0.0099 0.0381 -0.9992
vn -0.1515 0.1011 -0.9833
vn -0.1198 0.1197 -0.9856
vn -0.0960 0.1087 -0.9894
vn 0.2903 -0.0714 0.9543
vn 0.2647 -0.0239 0.9640
vn 0.1747 0.1046 0.9791
vn 0.0723 0.6032 -0.7943
vn 0.2589 0.5750 -0.7761
vn 0.1374 0.5096 -0.8494
vn 0.3630 0.8634 -0.3503
vn 0.2497 0.7745 -0.5812
vn 0.3653 0.8233 -0.4346
vn -0.2100 0.0553 -0.9761
vn -0.2551 0.1104 -0.9606
vn -0.2517 -0.0173 -0.9677
vn -0.1751 -0.2898 -0.9409
vn -0.0508 -0.3097 -0.9495
vn -0.1434 -0.1878 -0.9717
vn 0.2566 0.9254 -0.2789
vn 0.3171 0.9092 -0.2697
vn 0.2942 0.9331 -0.2067
vn 0.2109 0.3771 -0.9019
vn 0.4325 0.5140 -0.7408
vn 0.2778 0.5835 -0.7631
vn 0.1952 0.9677 -0.1597
vn 0.2983 0.9308 -0.2114
vn 0.2889 0.9451 -0.1525
vn -0.1461 0.0930 -0.9849
vn -0.0690 -0.0326 -0.9971
vn -0.1155 0.0729 -0.9906
vn -0.1115 0.0462 -0.9927
vn -0.1085 0.0482 -0.9929
vn -0.1033 0.0524 -0.9933
vn -0.0083 0.6713 0.7411
vn -0.0106 0.6569 0.7539
vn -0.0027 0.6468 0.7627
vn 0.5379 -0.0894 0.8383
vn 0.5421 -0.0847 0.8360
vn 0.5376 -0.0897 0.8384
vn -0.8243 0.5088 -0.2482
vn -0.9423 0.3329 -0.0360
vn -0.9323 0.3524 -0.0813
vn -0.0093 -0.9264 0.3765
vn -0.1496 -0.9029 0.4030
vn -0.1992 -0.8911 0.4077
vn -0.0944 -0.9771 0.1904
vn -0.2249 -0.9640 0.1420
vn -0.1128 -0.9863 0.1202
vn 0.0537 -0.9547 -0.2928
vn 0.1045 -0.9499 -0.2947
vn 0.1401 -0.9479 -0.2861
vn 0.1850 -0.9452 -0.2690
vn 0.1805 -0.9419 -0.2832
vn 0.1738 -0.9503 -0.2584
vn 0.2775 -0.1046 0.9550
vn 0.1155 -0.1089 0.9873
vn 0.1550 -0.1649 0.9741
vn -0.0347 0.9769 0.2110
vn 0.2176 0.9421 0.2551
vn 0.1162 0.9713 0.2078
vn -0.1410 0.4252 0.8941
vn -0.1463 0.4358 0.8881
vn -0.1617 0.3105 0.9367
vn 0.0871 0.5269 0.8455
vn -0.0416 0.5903 0.8061
vn -0.0571 0.5161 0.8546
vn -0.0861 -0.9583 -0.2726
vn -0.0593 -0.9561 -0.2870
vn -0.0767 -0.9536 -0.2910
vn -0.0401 -0.9549 -0.2941
vn -0.0537 -0.9537 -0.2960
vn -0.0505 -0.9452 -0.3227
vn 0.1303 0.9867 0.0973
vn 0.1751 0.9560 0.2353
vn 0.2028 0.9750 0.0913
vn 0.2081 0.6717 0.7110
vn 0.2639 0.6671 0.6967
vn 0.2410 0.7386 0.6296
vn -0.1065 -0.9906 0.0856
vn -0.1061 -0.9919 0.0704
vn -0.2173 -0.9754 0.0382
vn -0.0762 -0.0638 -0.9950
vn -0.0685 -0.0633 -0.9956
vn -0.0507 -0.0182 -0.9985
vn 0.0213 0.9998 -0.0050
vn 0.0452 0.9982 -0.0389
vn 0.0297 0.9994 -0.0158
vn 0.0467 0.2163 -0.9752
vn 0.1848 0.2927 -0.9382
vn 0.1848 0.0820 -0.9794
vn -0.0582 -0.9942 0.0903
vn 0.0419 -0.9963 0.0748
vn -0.0489 -0.9946 0.0912
vn 0.2839 -0.0437 -0.9579
vn 0.2319 0.0587 -0.9710
vn 0.2691 0.0112 -0.9630
vn -0.5826 0.1112 0.8052
vn -0.6798 0.1833 0.7101
vn -0.6962 0.1231 0.7072
vn -0.1003 0.1338 0.9859
vn -0.0990 0.1350 0.9859
vn -0.0996 0.1345 0.9859
vn 0.0267 0.0103 0.9996
vn -0.0049 0.0727 0.9973
vn -0.0309 0.1539 0.9876
vn -0.7770 0.0908 -0.6229
vn -0.6438 0.3908 -0.6578
vn -0.6174 0.3716 -0.6933
vn 0.0871 -0.9785 0.1871
vn 0.0594 -0.9714 0.2297
vn 0.0409 -0.9840 0.1731
vn -0.9337 0.1834 0.3074
vn -0.9338 0.1855 0.3061
vn -0.9403 0.1800 0.2889
vn -0.0623 -0.9980 -0.0123
vn -0.1387 -0.9861 0.0910
vn -0.1521 -0.9883 0.0071
vn 0.0419 -0.1713 0.9843
vn 0.0527 -0.1570 0.9862
vn 0.0318 -0.1882 0.9816
vn -0.0215 -0.2262 0.9738
vn -0.0135 -0.0170 0.9998
vn 0.1070 -0.2020 0.9735
vn 0.9570 -0.2889 0.0248
vn 0.9550 -0.2951 0.0290
vn 0.9568 -0.2897 0.0252
vn 0.5043 0.2291 0.8326
vn 0.5053 0.2309 0.8315
vn 0.5093 0.2303 0.8292
vn 0.9271 -0.3660 -0.0805
vn 0.9298 -0.3578 -0.0867
vn 0.9275 -0.3648 -0.0812
vn 0.1372 0.5487 0.8247
vn 0.1542 0.5883 0.7938
vn 0.1372 0.5497 0.8240
vn 0.9629 0.1362 -0.2331
vn 0.9360 0.0862 -0.3412
vn 0.9673 0.1038 -0.2313
vn 0.5994 -0.0314 -0.7998
vn 0.4843 0.0185 -0.8747
vn 0.4598 0.0724 -0.8851
vn 0.2829 0.3231 -0.9031
vn 0.3030 0.2095 -0.9297
vn 0.2332 0.2502 -0.9397
vn 0.8227 0.1838 0.5380
vn 0.8132 0.1975 0.5475
vn 0.8242 0.1813 0.5365
vn -0.5144 -0.0079 0.8575
vn -0.5268 -0.0168 0.8498
vn -0.4894 0.0630 0.8698
vn 0.0462 -0.9984 0.0325
vn 0.0087 -0.9982 0.0595
vn 0.0297 -0.9982 0.0524
vn 0.0272 -0.9992 0.0290
vn 0.0195 -0.1587 0.9871
vn -0.0640 0.0595 0.9962
vn -0.1007 -0.0157 0.9948
vn -0.2187 0.0027 -0.9758
vn -0.2064 0.0816 -0.9751
vn -0.2957 -0.0334 -0.9547
vn 0.8059 -0.3174 -0.4998
vn 0.8100 -0.3299 -0.4848
vn 0.7941 -0.2764 -0.5414
vn -0.2460 0.4897 0.8365
vn -0.0776 -0.2543 -0.9640
vn 0.0848 -0.1617 -0.9832
vn -0.0193 -0.1883 -0.9819
vn 0.2014 -0.0023 0.9795
vn 0.1810 0.1232 0.9757
vn -0.1238 0.0623 0.9903
vn -0.8856 -0.1852 0.4260
vn -0.8706 -0.1733 0.4604
vn -0.8674 -0.1670 0.4688
vn 0.2760 0.3882 -0.8793
vn 0.2964 0.3487 -0.8891
vn 0.2350 0.4137 -0.8796
vn 0.1431 0.0525 -0.9883
vn 0.1432 0.1285 -0.9813
vn 0.1702 0.1145 -0.9787
vn -0.0469 -0.9862 -0.1591
vn 0.0339 -0.9907 -0.1315
vn 0.0475 -0.9953 -0.0839
vn 0.0271 0.1243 -0.9919
vn 0.0262 0.0176 -0.9995
vn -0.0310 0.0339 -0.9989
vn -0.9303 -0.1664 -0.3270
vn -0.9347 -0.1796 -0.3068
vn -0.5017 -0.1620 0.8497
vn -0.4997 0.0819 0.8623
vn -0.5765 -0.2110 0.7894
vn -0.7408 -0.4013 0.5386
vn -0.6068 -0.3410 0.7180
vn -0.7963 -0.1304 0.5907
vn -0.0917 -0.0150 -0.9957
vn -0.0570 0.0041 -0.9984
vn -0.0577 -0.0824 -0.9949
vn 0.2306 -0.1257 0.9649
vn 0.1619 -0.0426 0.9859
vn 0.1895 0.0577 0.9802
vn -0.0958 -0.9953 -0.0125
vn -0.1476 -0.9890 -0.0020
vn -0.1268 -0.9907 -0.0485
vn 0.0132 -0.9982 0.0585
vn 0.0265 -0.9957 0.0893
vn 0.0641 -0.9958 0.0651
vn 0.3850 -0.1984 0.9013
vn 0.3622 -0.2266 0.9041
vn 0.3598 -0.1412 0.9223
vn 0.2039 -0.1280 0.9706
vn 0.2479 0.1077 0.9628
vn 0.0348 0.1181 0.9924
vn 0.2548 0.1223 0.9592
vn 0.0217 -0.0287 0.9994
vn 0.2488 0.0422 0.9676
vn 0.1668 0.0323 0.9855
vn 0.3244 0.2815 0.9031
vn 0.3200 0.2818 0.9045
vn 0.1365 -0.0096 -0.9906
vn -0.0326 0.0118 -0.9994
vn -0.0159 0.0669 -0.9976
vn 0.1017 -0.9908 0.0888
vn 0.0136 -0.9995 0.0287
vn 0.0710 -0.9972 0.0232
vn 0.0621 -0.9260 -0.3725
vn 0.0280 -0.9498 -0.3115
vn -0.0179 -0.9505 -0.3102
vn -0.3110 0.1593 -0.9369
vn -0.3008 0.1760 -0.9373
vn -0.3004 0.1679 -0.9389
vn 0.3389 0.0438 0.9398
vn 0.3701 0.0312 0.9285
vn 0.3627 0.1251 0.9235
vn 0.9018 0.0798 -0.4247
vn 0.8826 0.1079 -0.4576
vn 0.9053 0.0394 -0.4230
vn 0.1844 0.2139 -0.9593
vn 0.0361 0.1429 -0.9891
vn 0.0884 0.2783 -0.9564
vn -0.1682 0.0923 -0.9814
vn -0.1690 0.0902 -0.9815
vn -0.1664 0.0971 -0.9813
vn -0.0985 -0.2223 0.9700
vn -0.0892 -0.1798 0.9796
vn -0.0339 -0.3026 0.9525
vn -0.1584 -0.2017 0.9666
vn -0.1061 -0.1742 0.9790
vn -0.0826 -0.2823 0.9558
vn -0.9492 0.2191 -0.2257
vn -0.9493 0.1783 -0.2590
vn -0.9454 0.2505 -0.2083
vn 0.0094 0.1391 -0.9902
vn 0.0094 0.0611 -0.9981
vn -0.0354 0.1674 -0.9853
vn -0.0446 0.1280 -0.9908
vn -0.0092 0.1466 -0.9892
vn 0.0176 0.1504 -0.9885
vn 0.2688 0.9603 -0.0751
vn 0.1906 0.9808 -0.0407
vn 0.2547 0.9666 0.0289
vn 0.0490 0.0206 0.9986
vn 0.0584 0.0875 0.9945
vn 0.1470 0.1037 0.9837
vn 0.1710 0.0757 0.9824
vn 0.1408 -0.0042 0.9900
vn 0.0638 -0.0001 0.9980
vn -0.2121 -0.0626 -0.9752
vn -0.2150 -0.0574 -0.9749
vn -0.2214 -0.0471 -0.9740
vn 0.2053 0.0730 0.9760
vn 0.1942 0.0800 0.9777
vn 0.2046 0.0734 0.9761
vn 0.0561 0.4210 0.9053
vn 0.2192 0.5083 0.8328
vn 0.0227 0.5594 0.8286
vn 0.1678 -0.0448 -0.9848
vn 0.1878 0.1245 -0.9743
vn 0.2368 0.0017 -0.9716
vn -0.1124 0.9855 -0.1268
vn -0.2742 0.9593 -0.0677
vn -0.1775 0.9773 -0.1161
vn -0.2408 0.2348 0.9418
vn -0.4332 0.3222 0.8417
vn -0.3635 0.0602 0.9296
vn 0.0786 0.0863 -0.9932
vn 0.0387 0.1783 -0.9832
vn 0.0637 0.1161 -0.9912
vn 0.2173 -0.0101 -0.9760
vn 0.2893 0.0836 -0.9536
vn 0.2326 0.1572 -0.9598
vn -0.1077 0.1386 0.9845
vn -0.1234 0.1560 0.9800
vn -0.1685 0.0914 0.9815
vn -0.3043 0.1188 0.9451
vn -0.3234 0.1427 0.9354
vn -0.2901 0.1043 0.9513
vn 0.6537 -0.4527 -0.6064
vn 0.6466 -0.4439 -0.6204
vn 0.6447 -0.4408 -0.6245
vn -0.1512 -0.9835 0.0991
vn -0.0840 -0.9901 0.1129
vn -0.1036 -0.9865 0.1267
vn -0.2611 0.9651 0.0219
vn -0.0076 0.0858 0.9963
vn 0.0966 0.0832 0.9918
vn 0.0864 0.1235 0.9886
vn -0.8802 0.2200 0.4206
vn -0.8407 0.3521 0.4115
vn -0.8612 0.3364 0.3809
vn -0.1724 0.0348 -0.9844
vn -0.1477 0.0479 -0.9879
vn -0.1189 0.0404 -0.9921
vn 0.5093 0.8495 0.1379
vn 0.4540 0.8334 0.3152
vn 0.4564 0.7884 0.4123
vn 0.0041 0.2811 0.9597
vn 0.2282 0.1907 0.9548
vn 0.0133 0.2077 0.9781
vn -0.2241 -0.0065 -0.9745
vn -0.1269 0.1093 -0.9859
vn -0.1603 0.1261 -0.9790
vn -0.0498 0.5082 0.8598
vn -0.0579 0.5065 0.8603
vn -0.0733 0.5045 0.8603
vn 0.0948 0.0197 0.9953
vn 0.0015 0.0150 0.9999
vn 0.2656 -0.0591 0.9623
vn -0.0210 0.4081 -0.9127
vn 0.1829 0.3755 -0.9086
vn -0.0461 0.3810 -0.9234
vn 0.2556 0.2249 0.9403
vn 0.3507 0.2300 0.9078
vn 0.3245 0.2162 0.9208
vn 0.3363 0.1344 0.9321
vn 0.3205 0.1724 0.9314
vn 0.3340 0.1607 0.9288
vn 0.6263 -0.0097 0.7795
vn 0.5823 0.2866 0.7608
vn 0.6538 0.0703 0.7534
vn 0.3332 0.6227 0.7079
vn 0.2865 0.6297 0.7221
vn 0.4022 0.5471 0.7341
vn -0.5014 0.8652 -0.0102
vn -0.5188 0.8074 0.2810
vn -0.4705 0.8755 0.1103
vn -0.5147 0.8543 0.0727
vn -0.4151 0.9050 0.0929
vn -0.4167 0.9090 0.0072
vn -0.0216 -0.9975 0.0676
vn -0.0295 -0.9993 0.0223
vn -0.0203 -0.9985 0.0511
vn 0.0510 0.0059 -0.9987
vn -0.0789 0.0048 -0.9969
vn -0.1249 -0.0493 -0.9909
vn -0.7795 0.1570 0.6064
vn -0.7750 0.1908 0.6025
vn -0.7198 0.0878 0.6886
vn -0.8637 -0.1103 0.4919
vn -0.9131 -0.0635 0.4028
vn -0.8715 -0.1425 0.4693
vn 0.0423 0.0929 -0.9948
vn -0.1263 0.0052 -0.9920
vn -0.1637 0.0170 -0.9864
vn 0.8645 -0.0018 -0.5026
vn 0.8769 0.0368 -0.4792
vn 0.9128 0.0264 -0.4076
vn -0.0257 0.8717 0.4893
vn -0.0301 0.8287 0.5589
vn 0.0023 0.8692 0.4945
vn 0.0967 -0.0007 -0.9953
vn 0.0630 -0.0292 -0.9976
vn -0.0129 -0.0106 -0.9999
vn 0.0419 -0.0662 -0.9969
vn 0.0260 -0.0411 -0.9988
vn -0.0151 0.0198 -0.9997
vn 0.0732 -0.1730 -0.9822
vn -0.0267 -0.1918 -0.9811
vn 0.0515 -0.2212 -0.9739
vn -0.0275 -0.1087 -0.9937
vn -0.0185 -0.0644 -0.9978
vn -0.0274 -0.0920 -0.9954
vn 0.2349 0.2645 -0.9353
vn 0.1838 0.1361 -0.9735
vn 0.2616 0.2951 -0.9190
vn 0.4392 -0.2183 0.8715
vn 0.4437 -0.2094 0.8714
vn 0.4406 -0.2153 0.8715
vn -0.1745 -0.9772 -0.1210
vn -0.1767 -0.9774 -0.1160
vn -0.1757 -0.9776 -0.1161
vn -0.0144 -0.4187 0.9080
vn -0.0020 -0.4134 0.9106
vn -0.0154 -0.4188 0.9079
vn 0.1862 0.2535 0.9493
vn 0.1532 0.1679 0.9738
vn 0.0573 0.1595 0.9855
vn -0.1030 -0.3361 -0.9362
vn -0.0158 -0.3161 -0.9486
vn -0.1921 -0.3268 -0.9254
vn -0.2087 -0.1367 0.9684
vn -0.3223 -0.0609 0.9447
vn -0.1965 -0.0953 0.9759
vn -0.0106 0.9423 -0.3345
vn 0.3622 0.8954 -0.2591
vn 0.3462 0.6852 -0.6408
vn -0.2018 0.4903 -0.8479
vn 0.0235 0.5244 -0.8512
vn -0.0647 0.3943 -0.9167
vn 0.0235 0.9985 0.0486
vn 0.0579 0.9967 0.0563
vn 0.0292 0.9992 0.0287
vn 0.7608 0.2810 -0.5849
vn 0.7925 0.3315 -0.5119
vn 0.8405 0.2710 -0.4692
vn 0.1303 -0.1436 -0.9810
vn 0.1205 0.0636 -0.9907
vn 0.2141 0.0705 -0.9743
vn -0.3175 0.0872 0.9443
vn 0.5092 0.6500 0.5641
vn 0.5084 0.6532 0.5612
vn 0.6453 0.5905 0.4847
vn 0.4546 0.6294 0.6302
vn 0.6115 0.5351 0.5829
vn 0.5193 0.6396 0.5668
vn -0.0612 -0.0515 -0.9968
vn -0.0551 -0.0419 -0.9976
vn -0.0505 -0.0522 -0.9974
vn -0.1691 -0.1256 -0.9776
vn -0.1573 -0.1244 -0.9797
vn -0.1640 -0.1354 -0.9771
vn -0.0441 0.0191 -0.9988
vn -0.0750 -0.0178 -0.9970
vn -0.1405 0.0262 -0.9897
vn -0.1724 -0.9849 -0.0133
vn -0.1681 -0.9857 -0.0105
vn -0.6969 -0.1280 0.7056
vn -0.6266 -0.1354 0.7675
vn -0.6470 -0.0957 0.7564
vn -0.7925 -0.2002 0.5761
vn -0.7179 -0.1554 0.6785
vn -0.7682 -0.1559 0.6209
vn -0.1041 -0.9871 -0.1218
vn -0.0392 -0.9705 -0.2378
vn -0.0532 -0.9898 -0.1324
vn 0.2698 0.3381 0.9016
vn 0.2158 0.3349 0.9172
vn 0.2485 0.2313 0.9406
vn -0.1685 -0.9794 0.1116
vn -0.2642 -0.9187 -0.2937
vn 0.2736 -0.9618 0.0091
vn -0.5689 -0.4898 0.6606
vn -0.1617 -0.8631 0.4784
vn -0.0518 -0.4158 0.9080
vn -0.0918 -0.0320 -0.9953
vn -0.1437 0.1676 -0.9753
vn -0.3024 0.1925 -0.9335
vn -0.3006 0.1662 -0.9392
vn -0.2661 0.3772 -0.8871
vn -0.1186 0.1045 -0.9874
vn -0.5682 0.7985 -0.1989
vn -0.5740 0.7616 0.3008
vn -0.4811 0.8743 0.0639
vn -0.9686 -0.2455 0.0385
vn -0.9553 -0.2642 0.1323
vn -0.9046 -0.3971 0.1552
vn -0.0081 0.8221 0.5693
vn 0.0352 0.8022 0.5960
vn 0.0205 0.8131 0.5818
vn 0.8926 -0.0805 0.4436
vn 0.8961 -0.0692 0.4384
vn 0.8939 -0.0767 0.4418
vn 0.6463 -0.0673 0.7601
vn 0.3813 -0.0445 0.9234
vn 0.6135 -0.2220 0.7579
vn -0.9636 -0.0334 -0.2653
vn -0.9652 0.0281 -0.2600
vn -0.9784 0.0088 -0.2067
vn -0.9673 0.2002 0.1560
vn -0.9976 0.0336 0.0599
vn -0.9753 0.1119 0.1905
vn -0.7945 0.5640 0.2251
vn -0.6403 0.6929 0.3314
vn -0.5454 0.7907 0.2780
vn -0.0029 0.0108 -0.9999
vn -0.0187 -0.0293 -0.9994
vn 0.0027 -0.0581 -0.9983
vn 0.0319 -0.0282 -0.9991
vn -0.0514 0.0357 -0.9980
vn 0.0004 -0.0115 -0.9999
vn 0.0848 -0.2470 0.9653
vn 0.2141 -0.1883 0.9585
vn 0.2376 -0.2105 0.9483
vn 0.1231 -0.9732 0.1942
vn 0.2152 -0.9707 0.1069
vn 0.2116 -0.9624 0.1701
vn 0.1666 -0.9853 0.0389
vn 0.0868 -0.9957 0.0335
vn 0.0331 -0.9994 0.0134
vn 0.0936 -0.2266 0.9695
vn 0.1309 -0.1838 0.9742
vn 0.0353 -0.1670 0.9853
vn -0.0948 0.0612 -0.9936
vn 0.0287 0.0347 -0.9990
vn 0.0354 0.0541 -0.9979
vn -0.3182 -0.6433 -0.6963
vn -0.3105 -0.6427 -0.7004
vn -0.3094 -0.6426 -0.7010
vn 0.0845 -0.9234 0.3744
vn 0.1348 -0.8936 0.4282
vn 0.0638 -0.9087 0.4125
vn -0.1460 -0.5028 0.8520
vn -0.0482 -0.5614 0.8262
vn -0.2663 -0.3875 0.8826
vn -0.0619 -0.9967 0.0521
vn -0.0207 -0.9953 0.0945
vn -0.0662 -0.9930 0.0976
vn 0.0033 -0.9944 0.1059
vn 0.0465 -0.9961 0.0744
vn 0.0256 -0.9981 0.0552
vn 0.0927 0.0931 -0.9913
vn 0.1514 0.1072 -0.9826
vn 0.2167 0.1477 -0.9650
vn 0.1316 0.1038 -0.9859
vn 0.0255 0.1317 -0.9910
vn 0.1180 0.0186 -0.9928
vn 0.0597 -0.9979 -0.0244
vn 0.1525 -0.9883 0.0086
vn 0.0574 -0.9922 0.1105
vn 0.0331 -0.1478 0.9885
vn -0.0092 -0.0980 0.9951
vn 0.0513 -0.1291 0.9903
vn 0.2223 0.1806 -0.9581
vn 0.3404 0.1257 -0.9318
vn 0.2535 0.2102 -0.9442
vn 0.2171 0.2769 -0.9361
vn 0.1332 0.1812 -0.9744
vn 0.1962 0.2872 -0.9376
vn -0.9325 -0.0350 0.3596
vn -0.9320 -0.0544 0.3584
vn -0.8635 -0.0181 0.5040
vn -0.1591 0.9872 -0.0055
vn -0.1337 0.9910 0.0040
vn -0.1013 0.9948 -0.0065
vn -0.5613 0.7171 0.4131
vn -0.5627 0.7149 0.4151
vn -0.5638 0.7080 0.4254
vn 0.0165 -0.7761 0.6304
vn 0.0357 -0.7988 0.6006
vn -0.0621 -0.7763 0.6273
vn -0.1586 -0.1985 0.9672
vn -0.0883 -0.1765 0.9803
vn -0.1510 -0.1313 0.9798
vn -0.0631 -0.1473 0.9871
vn -0.0726 -0.0749 0.9945
vn -0.1365 -0.1185 0.9835
vn 0.3156 0.3855 0.8671
vn 0.1724 0.3921 0.9036
vn 0.2298 0.4338 0.8712
vn 0.0168 0.9739 -0.2263
vn 0.0889 0.9594 -0.2675
vn 0.1380 0.9509 -0.2769
vn -0.1590 0.5965 -0.7867
vn -0.2169 0.6170 -0.7564
vn -0.2798 0.6230 -0.7305
vn 0.6987 0.6939 -0.1741
vn 0.6884 0.7096 -0.1503
vn 0.7847 0.5658 -0.2531
vn 0.4904 0.0516 0.8700
vn 0.5010 0.0700 0.8626
vn 0.4892 0.0494 0.8708
vn 0.4415 0.0797 0.8937
vn 0.4342 0.0893 0.8964
vn 0.4327 0.0910 0.8969
vn -0.0407 -0.9986 0.0345
vn -0.0596 -0.9975 0.0391
vn -0.0895 -0.9958 0.0168
vn -0.1552 -0.9745 -0.1623
vn -0.1685 -0.9754 -0.1422
vn -0.1828 -0.9700 -0.1602
vn -0.3058 -0.9439 0.1245
vn -0.3120 -0.9398 0.1397
vn -0.2933 -0.9517 0.0910
vn 0.8197 0.4466 -0.3588
vn 0.8436 0.4017 -0.3563
vn 0.8450 0.4117 -0.3412
vn -0.0496 0.9316 -0.3601
vn 0.0641 0.9808 -0.1840
vn -0.1056 0.9486 -0.2983
vn -0.0719 0.8948 -0.4406
vn -0.1229 0.9203 -0.3715
vn -0.2629 0.8208 -0.5071
vn 0.1639 -0.1000 -0.9814
vn -0.1874 -0.0518 -0.9809
vn 0.0932 0.1896 -0.9774
vn 0.1654 0.1107 0.9800
vn 0.2332 -0.1294 0.9638
vn 0.3209 -0.1825 0.9294
vn 0.4851 -0.6707 -0.5611
vn 0.6281 -0.4176 -0.6566
vn 0.6001 -0.7023 -0.3828
vn 0.9714 0.2058 -0.1180
vn 0.9710 0.2077 -0.1186
vn 0.9714 0.2076 -0.1153
vn 0.7822 0.5090 -0.3592
vn 0.7815 0.5105 -0.3587
vn 0.7823 0.5107 -0.3566
vn -0.4608 -0.3121 0.8308
vn -0.4705 -0.4025 0.7852
vn -0.3459 -0.3952 0.8510
vn 0.3501 0.8585 0.3747
vn 0.3191 0.8856 0.3374
vn 0.3311 0.8766 0.3491
vn 0.8631 0.5049 -0.0122
vn 0.8594 0.5051 -0.0797
vn 0.8311 0.5142 -0.2119
vn -0.0641 -0.1231 0.9903
vn -0.1063 -0.1196 0.9871
vn -0.1350 -0.1690 0.9763
vn -0.1074 -0.2031 0.9733
vn -0.0465 -0.1552 0.9868
vn -0.0360 -0.1716 0.9845
vn -0.0515 0.8694 0.4914
vn -0.0425 0.8657 0.4987
vn -0.0487 0.8653 0.4989
vn 0.0971 0.1785 -0.9791
vn 0.1438 -0.0030 -0.9896
vn 0.0654 0.0989 -0.9929
vn -0.1773 0.0231 -0.9839
vn -0.3013 0.0598 -0.9516
vn -0.1294 0.0349 -0.9910
vn -0.1997 -0.0353 -0.9792
vn -0.0871 0.0209 -0.9960
vn -0.1591 -0.0595 -0.9855
vn 0.1122 0.0014 -0.9937
vn -0.0664 -0.1648 -0.9841
vn -0.0608 0.1067 -0.9924
vn -0.9956 0.0729 -0.0585
vn -0.9998 -0.0182 -0.0052
vn -0.9984 -0.0553 -0.0109
vn -0.9775 0.2032 0.0574
vn -0.9820 0.1345 0.1326
vn -0.9766 0.2149 0.0122
vn 0.2097 -0.1617 0.9643
vn 0.2129 -0.1534 0.9650
vn 0.1594 -0.1962 0.9675
vn 0.0068 0.1549 -0.9879
vn 0.0862 0.1511 -0.9847
vn 0.0422 0.0576 -0.9974
vn 0.0859 0.1442 -0.9858
vn 0.1778 0.0347 -0.9834
vn 0.0113 0.0593 -0.9982
vn 0.7105 -0.2556 -0.6556
vn 0.7033 -0.2558 -0.6633
vn 0.7046 -0.2456 -0.6657
vn -0.1868 0.7722 0.6073
vn -0.1126 0.7429 0.6599
vn -0.1428 0.7716 0.6199
vn 0.0850 -0.9433 -0.3209
vn 0.0855 -0.9448 -0.3163
vn 0.1138 -0.9461 -0.3033
vn 0.1109 -0.9720 -0.2071
vn 0.1603 -0.9655 -0.2050
vn 0.1032 -0.9765 -0.1894
vn 0.0339 -0.0128 -0.9993
vn 0.0396 -0.0145 -0.9991
vn 0.0481 -0.0279 -0.9985
vn -0.7744 0.5549 0.3039
vn -0.7782 0.5580 0.2882
vn -0.7691 0.5425 0.3379
vn -0.6608 0.4484 0.6018
vn -0.6698 0.4359 0.6012
vn -0.5229 0.4308 0.7355
vn 0.1181 -0.0904 -0.9889
vn 0.0647 0.1307 -0.9893
vn -0.0409 -0.1373 -0.9897
vn -0.0323 -0.9985 0.0441
vn 0.0175 -0.9992 -0.0358
vn 0.0357 -0.9976 0.0600
vn 0.0475 -0.9988 -0.0081
vn 0.0895 -0.9959 -0.0144
vn 0.0902 -0.9922 0.0866
vn 0.9991 -0.0008 0.0421
vn 0.3553 0.9313 0.0804
vn 0.3949 0.9130 0.1024
vn -0.0576 -0.9939 0.0938
vn -0.1387 -0.9893 -0.0459
vn -0.0513 -0.9985 -0.0164
vn -0.0187 -0.9603 0.2784
vn -0.0240 -0.9665 0.2557
vn 0.0213 -0.9627 0.2696
vn -0.9276 0.3281 -0.1790
vn -0.9468 0.2843 -0.1506
vn -0.9024 0.4080 -0.1383
vn 0.2192 -0.0230 0.9754
vn 0.2768 -0.0601 0.9591
vn 0.0018 0.0028 1.0000
vn 0.1715 -0.0827 0.9817
vn 0.2100 -0.0255 0.9774
vn 0.1006 -0.0705 0.9924
vn 0.2758 0.0878 0.9572
vn 0.2342 0.0847 0.9685
vn 0.2766 0.0895 0.9568
vn 0.1141 -0.0143 0.9934
vn 0.0419 -0.0778 0.9961
vn 0.0998 0.0358 0.9944
vn 0.5276 0.8054 -0.2703
vn 0.5356 0.8006 -0.2685
vn 0.5269 0.8058 -0.2704
vn 0.0093 0.9912 0.1323
vn 0.0651 0.9822 0.1764
vn -0.0227 0.9563 0.2914
vn 0.4711 0.7659 -0.4377
vn 0.5005 0.7095 -0.4961
vn 0.5463 0.6752 -0.4957
vn -0.1718 0.5763 -0.7990
vn -0.1550 0.6243 -0.7656
vn -0.1377 0.5987 -0.7891
vn -0.1042 0.4634 -0.8800
vn -0.0990 0.4608 -0.8820
vn -0.0985 0.4605 -0.8822
vn 0.7604 -0.1501 0.6319
vn 0.7866 -0.2633 0.5585
vn 0.7782 -0.3415 0.5271
vn -0.0107 0.0797 0.9968
vn 0.0140 0.1804 0.9835
vn 0.0130 0.1599 0.9870
vn 0.9357 0.3501 0.0424
vn 0.9579 0.2391 -0.1589
vn 0.9433 0.2515 -0.2166
vn -0.0958 0.0480 -0.9942
vn -0.0222 0.1177 -0.9928
vn -0.0689 0.1461 -0.9869
vn -0.3196 0.7968 -0.5128
vn -0.2693 0.8372 -0.4760
vn -0.2974 0.8010 -0.5195
vn 0.6428 -0.0506 -0.7643
vn 0.6518 -0.0461 -0.7570
vn 0.6074 -0.0386 -0.7934
vn 0.8964 0.0914 -0.4336
vn 0.8862 0.0041 -0.4633
vn 0.8856 0.0996 -0.4537
vn -0.0848 -0.0560 -0.9948
vn -0.1113 -0.0398 -0.9930
vn -0.0058 0.0789 -0.9969
vn -0.4625 -0.0314 0.8861
vn -0.5321 -0.1052 0.8401
vn -0.5695 -0.0865 0.8174
vn -0.0100 -0.0338 0.9994
vn -0.0119 -0.0311 0.9994
vn -0.0126 -0.0302 0.9995
vn -0.5232 -0.0239 0.8519
vn -0.5865 -0.0197 0.8097
vn -0.5230 0.0602 0.8502
vn -0.3391 0.0900 -0.9364
vn -0.3184 0.0811 -0.9445
vn -0.2895 0.0285 -0.9567
vn -0.2796 0.0295 -0.9597
vn -0.2838 0.0619 -0.9569
vn -0.3127 0.0197 -0.9497
vn 0.2288 -0.0357 0.9728
vn 0.1559 -0.1432 0.9773
vn 0.1913 -0.0427 0.9806
vn 0.0112 -0.0277 -0.9996
vn -0.0240 -0.0274 -0.9993
vn 0.0372 -0.0632 -0.9973
vn 0.1258 0.8252 0.5507
vn 0.1518 0.8256 0.5434
vn 0.1429 0.8874 0.4383
vn 0.4167 -0.1654 0.8939
vn 0.4978 -0.1052 0.8609
vn 0.5176 -0.0088 0.8556
vn 0.2907 0.0046 0.9568
vn 0.2797 0.1574 0.9471
vn 0.2805 0.1804 0.9427
vn -0.2240 0.9310 0.2883
vn -0.1422 0.9536 0.2653
vn -0.1302 0.9611 0.2436
vn 0.3831 0.3495 -0.8550
vn 0.3810 0.3553 -0.8536
vn 0.3713 0.3788 -0.8477
vn -0.1317 0.0550 -0.9898
vn -0.1210 0.2250 -0.9668
vn 0.2796 0.2169 -0.9353
vn -0.7577 0.1586 -0.6331
vn -0.7185 0.0775 -0.6912
vn -0.7278 0.0293 -0.6852
vn 0.6907 0.1888 0.6980
vn 0.7052 0.2677 0.6566
vn 0.7047 0.2807 0.6517
vn 0.4963 -0.2621 0.8276
vn 0.3377 -0.2062 0.9184
vn 0.3542 -0.0168 0.9350
vn 0.0359 -0.0158 -0.9992
vn 0.0400 0.0106 -0.9991
vn 0.0260 0.0150 -0.9995
vn -0.2761 0.4070 0.8707
vn -0.2532 0.3783 0.8904
vn -0.2334 0.4095 0.8820
vn -0.8194 0.2307 -0.5247
vn -0.7570 0.1755 -0.6294
vn -0.6338 0.1913 -0.7495
vn -0.1174 0.2593 0.9586
vn 0.2001 0.5369 0.8196
vn 0.1949 0.2965 0.9350
vn -0.1603 -0.2947 0.9420
vn -0.1991 -0.2109 0.9570
vn -0.1319 -0.2702 0.9537
vn -0.0848 -0.3017 0.9496
vn -0.2458 -0.3186 0.9154
vn -0.0972 -0.2618 0.9602
vn -0.0221 0.9397 0.3413
vn -0.0994 0.9267 0.3624
vn 0.1291 0.8928 0.4315
vn -0.1484 0.8194 0.5537
vn -0.0007 0.8732 0.4873
vn 0.0863 0.8004 0.5933
vn 0.0280 -0.9996 0.0008
vn 0.0523 -0.9985 0.0150
vn -0.0065 -1.0000 0.0047
vn 0.0730 -0.9962 -0.0469
vn 0.0384 -0.9956 -0.0858
vn 0.0963 -0.9929 -0.0704
vn 0.0215 0.0301 -0.9993
vn -0.0424 0.1028 -0.9938
vn -0.0333 0.1159 -0.9927
vn -0.0511 0.0374 -0.9980
vn -0.0568 0.0397 -0.9976
vn -0.0443 0.0351 -0.9984
vn 0.0313 -0.9991 0.0294
vn 0.0221 -0.9998 0.0029
vn -0.0014 -1.0000 -0.0083
vn 0.5391 -0.5410 -0.6455
vn 0.8193 -0.2131 -0.5322
vn 0.8604 -0.0279 -0.5088
vn 0.8761 0.0046 -0.4820
vn 0.3102 0.0949 -0.9459
vn 0.2929 0.1031 -0.9506
vn 0.2393 0.0261 -0.9706
vn 0.1240 0.1767 -0.9764
vn 0.1828 0.1000 -0.9781
vn 0.1411 0.0890 -0.9860
vn 0.3600 0.3935 -0.8459
vn 0.3016 0.4970 -0.8136
vn 0.4348 0.4666 -0.7703
vn 0.2625 0.3493 -0.8995
vn 0.3201 0.4078 -0.8551
vn 0.3917 0.3179 -0.8634
vn -0.1599 -0.0081 0.9871
vn -0.2632 -0.1027 0.9593
vn -0.2090 0.0706 0.9754
vn -0.3116 0.2900 0.9049
vn -0.0033 0.0849 0.9964
vn -0.2452 0.0944 0.9649
vn -0.5299 0.3845 -0.7559
vn -0.4841 0.4408 -0.7559
vn -0.4577 0.3974 -0.7954
vn -0.4406 0.4006 -0.8034
vn -0.4112 0.4329 -0.8022
vn -0.3945 0.4325 -0.8107
vn 0.3159 0.4496 -0.8355
vn 0.2666 0.4549 -0.8497
vn 0.3530 0.5133 -0.7823
vn 0.0153 0.1458 -0.9892
vn 0.0303 0.0676 -0.9972
vn 0.0452 0.0557 -0.9974
vn 0.3634 0.2911 0.8850
vn 0.3249 0.3320 0.8855
vn 0.3860 0.2903 0.8756
vn 0.3056 0.0634 -0.9501
vn 0.1498 -0.2164 -0.9647
vn 0.3016 -0.1536 -0.9410
vn -0.0400 -0.8933 0.4478
vn -0.0165 -0.8458 0.5332
vn 0.0332 -0.8154 0.5779
vn -0.2726 -0.9105 -0.3111
vn -0.2846 -0.8970 -0.3382
vn -0.2947 -0.8814 -0.3692
vn 0.2731 0.4119 0.8693
vn 0.4772 0.4291 0.7669
vn 0.2822 0.4078 0.8683
vn 0.1083 0.9698 0.2187
vn 0.1069 0.9758 0.1906
vn 0.1238 0.9657 0.2281
vn 0.3927 0.0062 -0.9196
vn 0.4993 -0.0761 -0.8631
vn 0.2595 -0.1371 -0.9560
vn -0.0344 0.3065 0.9512
vn 0.1445 0.2394 0.9601
vn 0.0653 0.3569 0.9319
vn 0.0748 0.3871 0.9190
vn 0.0028 0.3729 0.9279
vn 0.0346 0.4773 0.8780
vn -0.9473 -0.2721 0.1694
vn -0.9873 -0.1055 0.1186
vn -0.9690 -0.1787 0.1707
vn -0.9528 -0.0058 -0.3037
vn -0.9517 -0.0142 -0.3069
vn -0.9502 -0.0218 -0.3110
vn -0.8311 0.2219 -0.5099
vn -0.8035 0.2226 -0.5521
vn -0.8375 0.2412 -0.4904
vn 0.5932 -0.5094 -0.6234
vn 0.5966 -0.4988 -0.6287
vn 0.5919 -0.5123 -0.6222
vn -0.6611 0.5372 0.5238
vn -0.6567 0.5421 0.5243
vn -0.6465 0.5524 0.5262
vn 0.0896 -0.0308 0.9955
vn 0.0461 -0.1264 0.9909
vn 0.0371 -0.1004 0.9943
vn 0.0168 -0.0763 0.9969
vn 0.0963 -0.1072 0.9896
vn 0.0586 -0.1232 0.9906
vn 0.0144 0.0133 -0.9998
vn -0.0075 -0.0974 -0.9952
vn 0.0306 -0.0768 -0.9966
vn -0.0078 0.7509 -0.6604
vn 0.1424 0.7068 -0.6929
vn -0.1441 0.6541 -0.7426
vn -0.3308 0.4182 -0.8460
vn -0.2869 -0.0783 -0.9547
vn -0.3834 0.0077 -0.9236
vn 0.0726 -0.0160 -0.9972
vn 0.1014 -0.1038 -0.9894
vn 0.0832 -0.0348 -0.9959
vn 0.0921 -0.0705 -0.9932
vn 0.0590 -0.0868 -0.9945
vn 0.1254 -0.0810 -0.9888
vn 0.0014 0.0928 -0.9957
vn 0.1506 0.1774 -0.9725
vn 0.1429 -0.0015 -0.9897
vn 0.0124 0.0477 -0.9988
vn 0.0475 0.0314 -0.9984
vn 0.0833 0.0229 -0.9963
vn 0.4926 0.1243 0.8613
vn 0.5311 -0.0034 0.8473
vn 0.5799 0.0250 0.8143
vn -0.4788 -0.0769 -0.8745
vn -0.5058 -0.1177 -0.8546
vn 0.2938 -0.4572 -0.8394
vn 0.2491 -0.5367 -0.8062
vn 0.1468 -0.5697 -0.8087
vn -0.9120 0.0315 -0.4090
vn -0.8986 0.1451 -0.4140
vn -0.8969 0.1485 -0.4165
vn -0.0618 0.0255 -0.9978
vn 0.0393 -0.0611 -0.9974
vn -0.0414 -0.0012 -0.9991
vn 0.0307 -0.0234 -0.9993
vn 0.0093 0.0036 -0.9999
vn -0.0654 0.0194 -0.9977
vn -0.4524 0.8872 0.0902
vn -0.4208 0.9039 0.0768
vn -0.4395 0.8928 0.0991
vn -0.3489 0.8875 0.3011
vn -0.3305 0.9143 0.2341
vn -0.3849 0.8694 0.3098
vn -0.3135 0.9473 0.0663
vn -0.2728 0.9597 0.0670
vn -0.2348 0.9709 0.0465
vn -0.0376 0.0191 -0.9991
vn 0.0222 0.0184 -0.9996
vn 0.0509 -0.0410 -0.9979
vn 0.6446 0.0168 -0.7643
vn 0.6530 -0.0038 -0.7573
vn 0.6329 -0.0137 -0.7742
vn -0.0980 -0.0921 -0.9909
vn -0.0432 -0.0040 -0.9991
vn -0.0148 -0.0384 -0.9992
vn -0.8919 0.4521 0.0004
vn -0.9115 0.3748 0.1692
vn -0.9166 0.3898 0.0895
vn -0.8045 0.5494 0.2258
vn -0.8358 0.4794 0.2676
vn -0.8464 0.4724 0.2458
vn -0.1364 0.9159 0.3774
vn -0.0741 0.6583 0.7491
vn -0.1041 0.8425 0.5286
vn 0.0919 -0.0699 -0.9933
vn 0.0289 -0.0515 -0.9983
vn 0.3069 0.0750 -0.9488
vn -0.8451 0.0125 0.5344
vn -0.8675 -0.0191 0.4971
vn -0.8488 0.0326 0.5277
vn -0.5536 0.1128 -0.8251
vn -0.5430 0.1241 -0.8305
vn -0.5884 0.1553 -0.7935
vn 0.1326 0.9637 0.2315
vn -0.0706 0.9919 0.1052
vn -0.1022 0.9606 0.2583
vn 0.2521 0.8469 0.4682
vn 0.0820 0.8518 0.5174
vn 0.0681 0.8222 0.5650
vn -0.0105 -0.9995 0.0293
vn -0.0106 -0.9994 0.0324
vn 0.0323 -0.9995 -0.0041
vn -0.0030 -0.9919 0.1267
vn -0.0192 -0.9940 0.1075
vn 0.0368 -0.9928 0.1141
vn -0.5229 -0.0242 0.8521
vn -0.4755 -0.0560 0.8779
vn -0.4949 -0.0710 0.8660
vn -0.0661 0.8481 0.5258
vn -0.0126 0.8171 0.5764
vn -0.0266 0.8902 0.4549
vn 0.1015 -0.0322 -0.9943
vn 0.1410 0.0400 -0.9892
vn 0.2126 0.0221 -0.9769
vn 0.3149 0.9484 0.0378
vn 0.3160 0.9481 0.0366
vn 0.3043 0.9513 0.0485
vn 0.4228 0.7959 0.4333
vn 0.3996 0.8069 0.4351
vn 0.3628 0.8416 0.4001
vn -0.0343 -0.9949 0.0950
vn -0.0489 -0.9988 0.0013
vn 0.0310 -0.9943 -0.1025
vn 0.1562 -0.0002 -0.9877
vn 0.1662 0.0972 -0.9813
vn 0.2482 0.0371 -0.9680
vn 0.3423 0.2649 0.9015
vn 0.3504 0.2852 0.8921
vn 0.2941 0.2690 0.9171
vn 0.0684 -0.9908 -0.1168
vn -0.0502 -0.9884 -0.1434
vn 0.0184 -0.9861 -0.1650
vn 0.5671 0.6666 0.4839
vn 0.5727 0.6768 0.4627
vn 0.5861 0.6705 0.4550
vn 0.9117 -0.0164 -0.4105
vn 0.8722 0.0107 -0.4890
vn 0.8718 0.0401 -0.4883
vn -0.1071 -0.9942 -0.0038
vn -0.2189 -0.9752 0.0314
vn -0.2014 -0.9790 -0.0325
vn 0.1459 0.5831 0.7992
vn 0.2898 0.4755 0.8306
vn 0.0628 0.6185 0.7833
vn 0.0771 -0.1160 0.9903
vn 0.0717 -0.1118 0.9911
vn 0.0735 -0.1130 0.9909
vn 0.1118 -0.0178 0.9936
vn 0.0556 -0.0523 0.9971
vn 0.0497 0.0261 0.9984
vn -0.9835 0.0273 -0.1791
vn -0.9737 0.0092 -0.2275
vn -0.9905 -0.0896 -0.1047
vn 0.8228 0.1130 0.5570
vn 0.8260 0.1061 0.5536
vn 0.8209 0.1164 0.5591
vn 0.9718 0.1544 0.1782
vn 0.9722 0.1532 0.1773
vn 0.9716 0.1551 0.1787
vn 0.7018 -0.4711 0.5344
vn 0.6955 -0.4170 0.5851
vn 0.6927 -0.4190 0.5870
vn 0.6990 -0.4731 0.5363
vn 0.1654 -0.1810 -0.9695
vn 0.0835 -0.3605 -0.9290
vn 0.1644 -0.1633 -0.9728
vn -0.0020 0.1857 -0.9826
vn -0.0355 0.2921 -0.9557
vn -0.0883 0.3815 -0.9201
vn 0.1070 0.7184 0.6874
vn 0.3067 0.4737 0.8255
vn -0.3228 0.7914 0.5191
vn 0.1162 -0.6614 -0.7410
vn 0.0845 -0.4641 -0.8817
vn 0.2928 -0.4495 -0.8440
vn 0.2973 0.4032 0.8654
vn 0.4116 0.2534 0.8754
vn 0.2801 0.2264 0.9329
vn 0.1040 0.4324 0.8957
vn 0.0958 0.4347 0.8955
vn 0.1572 0.4194 0.8941
vn 0.2727 0.6373 0.7207
vn 0.2817 0.6326 0.7214
vn 0.2956 0.6250 0.7225
vn 0.2680 -0.9283 0.2577
vn 0.2404 -0.9225 0.3020
vn 0.2445 -0.9027 0.3542
vn -0.4812 -0.3921 -0.7840
vn -0.0200 -0.1028 -0.9945
vn 0.3683 -0.1799 -0.9121
vn 0.0089 0.6514 0.7587
vn -0.0288 0.6694 0.7423
vn -0.0500 0.6392 0.7674
vn 0.0279 -0.9452 0.3254
vn 0.0074 -0.9151 0.4032
vn 0.0436 -0.9384 0.3429
vn 0.5455 0.1828 0.8179
vn 0.4869 0.1645 0.8578
vn 0.4464 0.1468 0.8827
vn 0.4251 0.2475 0.8707
vn 0.4361 -0.0946 0.8949
vn 0.6266 -0.1459 0.7656
vn 0.4742 0.5618 0.6779
vn 0.2959 0.7455 0.5972
vn 0.4568 0.5771 0.6770
vn 0.9730 0.1940 0.1253
vn 0.9142 0.1453 0.3783
vn 0.7952 0.0245 0.6059
vn -0.2144 0.1596 -0.9636
vn -0.2134 0.1669 -0.9626
vn -0.1999 0.2210 -0.9546
vn 0.3246 -0.7759 0.5409
vn 0.1547 -0.7831 0.6024
vn 0.3873 -0.8637 0.3225
vn -0.3318 -0.7927 0.5113
vn -0.3327 -0.8633 0.3796
vn -0.2788 -0.7600 0.5871
vn -0.7808 0.5900 0.2055
vn -0.7677 0.6148 0.1806
vn -0.8021 0.5701 0.1775
vn -0.1617 -0.9209 0.3547
vn -0.1427 -0.9294 0.3403
vn -0.2259 -0.9266 0.3006
vn 0.0052 0.4685 0.8835
vn 0.0054 0.4684 0.8835
vn 0.0050 0.4686 0.8834
vn 0.2401 0.9178 0.3163
vn 0.1022 0.9168 0.3861
vn 0.2484 0.8940 0.3729
vn 0.0305 -0.9993 -0.0228
vn 0.0309 -0.9991 -0.0279
vn -0.2356 0.2358 -0.9428
vn -0.2441 0.2536 -0.9360
vn 0.0013 -0.0753 -0.9972
vn 0.0095 -0.0858 -0.9963
vn 0.0154 -0.1060 -0.9942
vn 0.1574 0.0889 -0.9835
vn 0.1432 0.0929 -0.9853
vn 0.1526 0.0807 -0.9850
vn 0.0750 -0.9490 -0.3064
vn 0.0962 -0.9458 -0.3102
vn 0.0620 -0.9505 -0.3044
vn -0.9550 0.2844 0.0848
vn -0.9648 0.2545 0.0660
vn -0.9696 0.2368 0.0623
vn 0.0330 0.0055 -0.9994
vn 0.0303 0.0032 -0.9995
vn 0.0280 0.0016 -0.9996
vn -0.0531 0.2030 -0.9777
vn -0.0468 0.1966 -0.9794
vn -0.0412 0.1914 -0.9806
vn 0.6136 -0.2195 0.7585
vn 0.6124 -0.2169 0.7602
vn 0.6121 -0.2163 0.7606
vn -0.0219 -0.0713 -0.9972
vn -0.0219 -0.0672 -0.9975
vn -0.0266 -0.0669 -0.9974
vn 0.8014 0.5083 0.3152
vn 0.7864 0.4925 0.3728
vn 0.8066 0.4825 0.3415
vn 0.5969 0.3139 0.7383
vn 0.5995 0.3020 0.7412
vn 0.4291 0.2995 0.8522
vn 0.0120 0.1601 0.9870
vn -0.0793 0.0326 0.9963
vn 0.0385 0.0508 0.9980
vn 0.3327 0.1775 0.9262
vn 0.3011 0.0597 0.9517
vn 0.3127 0.1133 0.9431
vn -0.4981 0.7817 0.3753
vn -0.4165 0.7420 0.5254
vn -0.5074 0.8110 0.2913
vn 0.0730 0.7690 0.6350
vn 0.0677 0.7634 0.6423
vn 0.0792 0.7677 0.6358
vn 0.0025 -0.0429 0.9991
vn 0.0947 -0.0947 0.9910
vn 0.0145 -0.0350 0.9993
vn -0.0120 -0.8820 -0.4712
vn 0.0105 -0.8930 -0.4499
vn 0.0549 -0.8835 -0.4652
vn -0.2776 -0.9547 -0.1070
vn -0.2795 -0.9562 -0.0874
vn -0.2940 -0.9470 -0.1291
vn -0.7966 0.2633 0.5441
vn -0.7281 0.3207 0.6058
vn -0.7934 0.2624 0.5492
vn 0.1290 0.0098 -0.9916
vn 0.1783 0.0156 -0.9839
vn 0.1081 0.0145 -0.9940
vn -0.9939 0.1046 -0.0353
vn -0.9987 0.0335 -0.0393
vn -0.9749 0.2210 0.0271
vn -0.2061 -0.7872 -0.5812
vn -0.1788 -0.8045 -0.5663
vn -0.1858 -0.8234 -0.5362
vn 0.1848 -0.0347 0.9822
vn 0.2156 -0.0587 0.9747
vn 0.2798 -0.0954 0.9553
vn -0.2345 0.9679 0.0905
vn -0.1722 0.9834 0.0573
vn -0.2199 0.9719 0.0845
vn -0.0512 -0.0381 -0.9980
vn -0.0541 -0.0373 -0.9978
vn -0.0242 -0.0566 -0.9981
vn -0.3249 0.4372 -0.8386
vn -0.5132 0.4452 -0.7338
vn -0.3322 0.5415 -0.7723
vn -0.8807 -0.3981 0.2567
vn -0.8448 -0.4454 0.2966
vn -0.8486 -0.4644 0.2535
vn -0.3427 -0.9213 -0.1837
vn -0.3399 -0.9253 -0.1684
vn -0.3329 -0.9309 -0.1506
vn 0.1855 0.7676 0.6135
vn 0.2458 0.6643 0.7059
vn 0.1425 0.7605 0.6335
vn 0.0430 -0.9605 -0.2749
vn 0.0542 -0.9792 -0.1954
vn 0.0106 -0.9750 -0.2221
vn 0.3809 0.3623 -0.8507
vn 0.3303 0.2764 -0.9025
vn 0.2845 0.3580 -0.8893
vn -0.0862 -0.5659 0.8200
vn -0.0407 -0.3648 0.9302
vn 0.1512 -0.3516 0.9239
vn -0.3353 0.6620 -0.6703
vn -0.3683 0.6910 -0.6220
vn -0.3481 0.6824 -0.6427
vn -0.0647 -0.8309 -0.5526
vn -0.0901 -0.8355 -0.5421
vn -0.0385 -0.8459 -0.5320
vn -0.0704 0.1520 -0.9859
vn -0.0643 0.1525 -0.9862
vn -0.0725 0.1519 -0.9857
vn -0.0727 -0.9912 0.1104
vn -0.0989 -0.9880 0.1186
vn -0.0851 -0.9892 0.1195
vn 0.8511 0.1928 -0.4883
vn 0.8343 0.1151 -0.5391
vn 0.7978 0.2011 -0.5684
vn 0.1858 0.6091 0.7710
vn 0.2034 0.5618 0.8019
vn 0.1755 0.5412 0.8224
vn -0.1110 0.1001 -0.9888
vn -0.0981 0.0946 -0.9907
vn -0.0650 0.1564 -0.9856
vn -0.0063 0.0468 0.9989
vn -0.0082 0.0461 0.9989
vn -0.0070 0.0467 0.9989
vn -0.0230 0.8744 0.4846
vn -0.0290 0.8832 0.4680
vn -0.0389 0.8747 0.4832
vn -0.3589 0.1958 0.9126
vn -0.3593 0.1945 0.9127
vn -0.3600 0.1916 0.9131
vn 0.4189 0.3413 0.8415
vn 0.4200 0.3405 0.8412
vn 0.4210 0.3398 0.8410
vn 0.6008 -0.3307 -0.7278
vn 0.5974 -0.3097 -0.7397
vn 0.6080 -0.3112 -0.7304
vn 0.7185 0.4170 0.5567
vn 0.6065 0.5080 0.6117
vn 0.6835 0.4023 0.6090
vn 0.0253 -0.0607 -0.9978
vn 0.0677 -0.0383 -0.9970
vn 0.0397 -0.0267 -0.9989
vn -0.3491 0.0380 -0.9363
vn -0.4303 -0.0119 -0.9026
vn -0.4023 -0.0456 -0.9144
vn -0.2405 0.4738 -0.8471
vn 0.2734 0.5347 -0.7996
vn 0.0793 0.1974 -0.9771
vn -0.8177 0.5723 -0.0614
vn -0.8161 0.5756 -0.0520
vn -0.8169 0.5737 -0.0588
vn 0.8195 0.2435 -0.5188
vn 0.8030 0.2456 -0.5430
vn 0.8152 0.2453 -0.5247
vn 0.0273 0.0661 -0.9974
vn 0.1308 0.0342 -0.9908
vn 0.2090 0.0505 -0.9766
vn 0.0778 0.0996 -0.9920
vn 0.0962 -0.0729 -0.9927
vn 0.0279 0.0773 -0.9966
vn 0.1778 0.1948 -0.9646
vn 0.0964 0.1229 -0.9877
vn 0.1009 0.1604 -0.9819
vn 0.1114 0.1453 -0.9831
vn -0.0957 -0.0578 0.9937
vn -0.0819 -0.1192 0.9895
vn 0.0503 -0.1114 0.9925
vn 0.0065 -0.1135 0.9935
vn 0.2422 0.7384 0.6294
vn 0.2424 0.7383 0.6294
vn 0.1073 0.7247 0.6807
vn 0.2998 0.6327 0.7140
vn -0.0607 -0.9768 -0.2052
vn -0.0316 -0.9790 -0.2013
vn -0.0569 -0.9875 -0.1471
vn -0.0686 -0.9794 -0.1901
vn -0.1551 -0.0593 -0.9861
vn -0.1886 -0.0741 -0.9793
vn -0.1559 -0.0315 -0.9873
vn -0.1649 -0.0327 -0.9858
vn -0.1449 -0.0274 -0.9891
vn 0.4748 0.3615 0.8024
vn 0.2309 0.2457 0.9414
vn 0.3223 0.1667 0.9318
vn 0.3553 0.2291 0.9062
vn 0.4349 0.3003 0.8489
vn 0.2854 0.9312 -0.2268
vn 0.2712 0.9381 -0.2155
vn 0.3276 0.9420 -0.0729
vn 0.3041 0.9514 0.0490
vn -0.2531 0.9059 0.3396
vn -0.3396 0.8698 0.3579
vn -0.1718 0.9086 0.3807
vn -0.3613 0.8861 0.2903
vn 0.6269 0.4407 0.6425
vn 0.6252 0.4474 0.6394
vn 0.5125 0.5047 0.6948
vn 0.5986 0.3926 0.6983
vn 0.3163 0.9437 -0.0973
vn 0.2946 0.9223 -0.2502
vn 0.3077 0.9269 -0.2150
vn 0.3061 0.9273 -0.2154
vn -0.9203 -0.2169 0.3255
vn -0.9341 -0.1941 0.2998
vn -0.9186 -0.2131 0.3327
vn -0.9312 -0.1643 0.3254
vn -0.2290 -0.1336 0.9642
vn -0.2756 -0.1237 0.9533
vn -0.1945 -0.0283 0.9805
vn -0.1771 -0.0207 0.9840
vn -0.0241 -0.0660 -0.9975
vn -0.0065 -0.0983 -0.9951
vn -0.0518 -0.0807 -0.9954
vn -0.0187 -0.0477 -0.9987
vn -0.9177 -0.3654 -0.1562
vn -0.9107 -0.3792 -0.1640
vn -0.9191 -0.3571 -0.1668
vn 0.0646 0.0041 -0.9979
vn 0.0072 -0.0822 -0.9966
vn 0.1456 -0.0234 -0.9891
vn 0.0342 -0.9839 -0.1755
vn 0.1593 -0.9778 -0.1358
vn 0.1053 -0.9875 -0.1170
vn 0.0442 -0.9942 -0.0982
vn -0.1132 -0.9876 -0.1092
vn -0.1276 -0.9797 -0.1547
vn -0.0687 -0.9879 -0.1390
vn 0.0437 -0.0388 0.9983
vn -0.1049 0.0287 0.9941
vn -0.0885 -0.1264 0.9880
vn 0.7980 0.5035 -0.3312
vn 0.7667 0.5160 -0.3819
vn 0.7889 0.4026 -0.4644
vn 0.8306 0.3786 -0.4084
vn -0.7914 0.3679 0.4882
vn -0.8361 0.3138 0.4500
vn -0.8176 0.2754 0.5056
vn -0.7952 0.3674 0.4824
vn -0.9577 0.2745 -0.0859
vn -0.9839 0.1566 -0.0859
vn -0.9872 0.0860 -0.1341
vn -0.9547 0.2955 -0.0360
vn 0.4769 0.3740 0.7954
vn 0.5025 0.3952 0.7690
vn 0.4696 0.3192 0.8231
vn 0.4958 0.3306 0.8030
vn 0.0725 0.0070 0.9973
vn 0.0977 0.0058 0.9952
vn 0.0286 0.0096 0.9995
vn 0.0294 0.0309 0.9991
vn 0.0099 -0.9945 0.1038
vn -0.0497 -0.9887 0.1415
vn 0.0497 -0.9881 0.1456
vn -0.0176 -0.9956 -0.0916
vn -0.0478 -0.9977 -0.0485
vn -0.1819 -0.9759 -0.1206
vn -0.9706 -0.1354 -0.1990
vn -0.9333 -0.2307 -0.2752
vn -0.9658 -0.2084 -0.1545
vn -0.9396 -0.1891 -0.2852
vn 0.0392 -0.0322 -0.9987
vn 0.0428 -0.0341 -0.9985
vn 0.0169 -0.0856 -0.9962
vn 0.0337 -0.0344 -0.9988
vn -0.8159 0.3643 0.4489
vn -0.8297 0.3203 0.4572
vn -0.7343 0.1648 0.6585
vn -0.0036 0.0011 -1.0000
vn -0.0344 0.0459 -0.9984
vn 0.0442 0.0103 -0.9990
vn 0.0211 0.0365 -0.9991
vn 0.1581 0.1114 0.9811
vn 0.4799 0.3891 0.7863
vn 0.1283 -0.2066 0.9700
vn 0.0627 -0.0368 0.9974
vn 0.0656 -0.0445 0.9969
vn 0.0376 0.0176 0.9991
vn 0.0432 -0.0583 0.9974
vn 0.1470 -0.9859 0.0797
vn 0.1609 -0.9869 0.0078
vn 0.1520 -0.9863 0.0639
vn 0.1334 -0.9817 0.1361
vn 0.9563 -0.1050 -0.2727
vn 0.9551 -0.1092 -0.2756
vn 0.9453 -0.2226 -0.2386
vt 0.343370 0.394321
vt 0.343438 0.394241
vt 0.343382 0.394333
vt 0.368045 0.905382
vt 0.368012 0.905383
vt 0.368031 0.905317
vt 0.346314 0.398251
vt 0.346311 0.398304
vt 0.346248 0.398293
vt 0.344018 0.392881
vt 0.343979 0.392940
vt 0.343921 0.392804
vt 0.341892 0.393728
vt 0.341910 0.393740
vt 0.341879 0.393803
vt 0.348320 0.398937
vt 0.348272 0.399026
vt 0.348306 0.398935
vt 0.342197 0.393605
vt 0.342204 0.393637
vt 0.342132 0.393610
vt 0.367677 0.905283
vt 0.367721 0.905335
vt 0.367685 0.905335
vt 0.341574 0.393801
vt 0.341535 0.393818
vt 0.341520 0.393765
vt 0.342608 0.395337
vt 0.342696 0.395373
vt 0.342607 0.395339
vt 0.343687 0.393048
vt 0.343726 0.393121
vt 0.343544 0.393154
vt 0.347975 0.391327
vt 0.347915 0.391262
vt 0.348004 0.391178
vt 0.364521 0.905586
vt 0.364571 0.905651
vt 0.364511 0.905683
vt 0.341845 0.394036
vt 0.341802 0.394012
vt 0.341884 0.393950
vt 0.343215 0.397539
vt 0.343240 0.397521
vt 0.343215 0.397552
vt 0.365896 0.907139
vt 0.364215 0.905984
vt 0.365882 0.907180
vt 0.346857 0.393311
vt 0.346901 0.393323
vt 0.346858 0.393379
vt 0.314609 0.401581
vt 0.314641 0.401589
vt 0.314627 0.401616
vt 0.342628 0.395300
vt 0.342602 0.395326
vt 0.342532 0.395298
vt 0.343782 0.392477
vt 0.343773 0.392448
vt 0.343889 0.392444
vt 0.314591 0.401571
vt 0.314561 0.401516
vt 0.314613 0.401502
vt 0.349108 0.393476
vt 0.349108 0.393530
vt 0.349036 0.393529
vt 0.364202 0.905900
vt 0.364261 0.905860
vt 0.364273 0.905954
vt 0.364679 0.904412
vt 0.364675 0.904435
vt 0.364665 0.904388
vt 0.341966 0.393726
vt 0.342022 0.393715
vt 0.342014 0.393770
vt 0.342141 0.393993
vt 0.342075 0.394012
vt 0.342081 0.393967
vt 0.342562 0.395370
vt 0.342656 0.395417
vt 0.342484 0.395408
vt 0.364654 0.904342
vt 0.364671 0.904387
vt 0.342138 0.393731
vt 0.342196 0.393795
vt 0.342280 0.395417
vt 0.342363 0.395532
vt 0.342257 0.395501
vt 0.309556 0.397269
vt 0.314620 0.401627
vt 0.314601 0.401591
vt 0.345801 0.396884
vt 0.345654 0.396940
vt 0.345735 0.396829
vt 0.347053 0.393301
vt 0.347043 0.393258
vt 0.347153 0.393106
vt 0.346324 0.393490
vt 0.346324 0.393462
vt 0.346335 0.393450
vt 0.364199 0.904742
vt 0.364156 0.904754
vt 0.364154 0.904714
vt 0.346971 0.393384
vt 0.346990 0.393326
vt 0.347064 0.393403
vt 0.363535 0.906233
vt 0.363649 0.906259
vt 0.363647 0.906302
vt 0.342077 0.393510
vt 0.342063 0.393545
vt 0.342066 0.393496
vt 0.319411 0.400891
vt 0.319298 0.400835
vt 0.319408 0.400819
vt 0.344634 0.395830
vt 0.344567 0.395785
vt 0.344622 0.395764
vt 0.341796 0.394125
vt 0.341839 0.394119
vt 0.341782 0.394162
vt 0.344608 0.395916
vt 0.344589 0.395851
vt 0.348646 0.398679
vt 0.348659 0.398624
vt 0.348682 0.398679
vt 0.348002 0.397472
vt 0.348038 0.397402
vt 0.348035 0.397474
vt 0.341577 0.393869
vt 0.341826 0.395769
vt 0.341827 0.395685
vt 0.341866 0.395772
vt 0.343430 0.394535
vt 0.343407 0.394540
vt 0.343387 0.394478
vt 0.364308 0.904637
vt 0.364323 0.904685
vt 0.364278 0.904688
vt 0.367709 0.905262
vt 0.367692 0.905196
vt 0.367721 0.905167
vt 0.343409 0.393297
vt 0.343431 0.393189
vt 0.343443 0.393293
vt 0.343412 0.392552
vt 0.343404 0.392504
vt 0.343495 0.392504
vt 0.343339 0.392667
vt 0.343296 0.392700
vt 0.343278 0.392608
vt 0.340703 0.396433
vt 0.340755 0.396526
vt 0.340700 0.396524
vt 0.364475 0.905586
vt 0.364464 0.905713
vt 0.346261 0.398380
vt 0.341749 0.394170
vt 0.341741 0.394151
vt 0.342668 0.395232
vt 0.342538 0.395158
vt 0.341596 0.394236
vt 0.341881 0.393908
vt 0.341772 0.394009
vt 0.341819 0.393872
vt 0.343952 0.392464
vt 0.340781 0.396551
vt 0.340682 0.396607
vt 0.340687 0.396547
vt 0.343988 0.392520
vt 0.343958 0.392545
vt 0.347184 0.393106
vt 0.343524 0.394256
vt 0.343614 0.394233
vt 0.343619 0.394315
vt 0.348036 0.397522
vt 0.366685 0.905171
vt 0.366763 0.905179
vt 0.366714 0.905213
vt 0.346104 0.393632
vt 0.346188 0.393684
vt 0.346079 0.393712
vt 0.343560 0.392632
vt 0.343624 0.392561
vt 0.343646 0.392629
vt 0.341879 0.393655
vt 0.341838 0.393735
vt 0.347805 0.390844
vt 0.347867 0.390957
vt 0.347476 0.391041
vt 0.343333 0.394778
vt 0.343270 0.394720
vt 0.343307 0.394710
vt 0.341927 0.395765
vt 0.341934 0.395787
vt 0.345733 0.396754
vt 0.345597 0.396804
vt 0.341690 0.393846
vt 0.341701 0.393863
vt 0.341589 0.393888
vt 0.343717 0.398523
vt 0.343717 0.398617
vt 0.343678 0.398557
vt 0.343534 0.393131
vt 0.343443 0.393021
vt 0.343508 0.393017
vt 0.341877 0.395980
vt 0.341903 0.396012
vt 0.341907 0.396034
vt 0.341890 0.395841
vt 0.347471 0.390830
vt 0.347526 0.390761
vt 0.347526 0.390832
vt 0.362965 0.906746
vt 0.363072 0.906693
vt 0.363092 0.906739
vt 0.342006 0.395940
vt 0.341990 0.396007
vt 0.341976 0.395948
vt 0.363247 0.906817
vt 0.363120 0.906869
vt 0.363112 0.906829
vt 0.347587 0.398061
vt 0.347595 0.397988
vt 0.347605 0.397977
vt 0.345423 0.397534
vt 0.345385 0.397541
vt 0.345441 0.397438
vt 0.342002 0.394170
vt 0.341960 0.394116
vt 0.342046 0.394124
vt 0.344011 0.392677
vt 0.343994 0.392703
vt 0.343923 0.392663
vt 0.341884 0.394176
vt 0.341912 0.394179
vt 0.346273 0.393830
vt 0.346194 0.393758
vt 0.346296 0.393731
vt 0.341906 0.394022
vt 0.342985 0.399628
vt 0.343102 0.399541
vt 0.343007 0.399677
vt 0.342061 0.394027
vt 0.341970 0.394049
vt 0.341996 0.393985
vt 0.343559 0.394555
vt 0.343433 0.394609
vt 0.343439 0.394548
vt 0.347145 0.392964
vt 0.347199 0.393012
vt 0.347148 0.392986
vt 0.340961 0.396440
vt 0.340928 0.396320
vt 0.344582 0.400705
vt 0.347471 0.391132
vt 0.347340 0.391109
vt 0.349111 0.395223
vt 0.349100 0.395208
vt 0.349145 0.395180
vt 0.347983 0.399399
vt 0.347888 0.399314
vt 0.348008 0.399333
vt 0.366677 0.908543
vt 0.366642 0.908487
vt 0.366673 0.908484
vt 0.363701 0.906288
vt 0.363735 0.906341
vt 0.363686 0.906314
vt 0.343354 0.392651
vt 0.343421 0.392712
vt 0.343569 0.392699
vt 0.343669 0.392729
vt 0.343743 0.393294
vt 0.343933 0.393196
vt 0.343889 0.393265
vt 0.343788 0.394561
vt 0.343712 0.394507
vt 0.343782 0.394463
vt 0.341788 0.394040
vt 0.343463 0.393376
vt 0.346198 0.393831
vt 0.346088 0.393777
vt 0.347880 0.391059
vt 0.347855 0.391051
vt 0.347867 0.390983
vt 0.343642 0.394574
vt 0.343674 0.394553
vt 0.343676 0.394594
vt 0.343292 0.392530
vt 0.343304 0.392528
vt 0.343361 0.392572
vt 0.346585 0.393778
vt 0.346566 0.393843
vt 0.346477 0.393744
vt 0.346214 0.393458
vt 0.346133 0.393423
vt 0.346213 0.393409
vt 0.346598 0.393486
vt 0.346608 0.393548
vt 0.346510 0.393559
vt 0.339233 0.396265
vt 0.341754 0.395692
vt 0.341719 0.395776
vt 0.346108 0.393906
vt 0.346079 0.393847
vt 0.341958 0.393913
vt 0.342011 0.393848
vt 0.342029 0.393870
vt 0.343904 0.392804
vt 0.343787 0.392950
vt 0.343768 0.392897
vt 0.342138 0.393571
vt 0.342075 0.393604
vt 0.342087 0.393549
vt 0.344006 0.392753
vt 0.346859 0.393471
vt 0.346982 0.393488
vt 0.346908 0.393552
vt 0.342749 0.395408
vt 0.342732 0.395353
vt 0.342760 0.395376
vt 0.343896 0.392597
vt 0.343692 0.392720
vt 0.343668 0.392627
vt 0.363645 0.906192
vt 0.343446 0.394483
vt 0.367439 0.904073
vt 0.367448 0.904066
vt 0.367483 0.904105
vt 0.319451 0.400826
vt 0.307935 0.392247
vt 0.341871 0.395924
vt 0.341725 0.395994
vt 0.341704 0.395937
vt 0.345576 0.396907
vt 0.314082 0.396579
vt 0.341711 0.393556
vt 0.341781 0.393596
vt 0.341703 0.393595
vt 0.348085 0.391927
vt 0.348028 0.391986
vt 0.348019 0.391900
vt 0.341754 0.401906
vt 0.341750 0.401859
vt 0.341842 0.401872
vt 0.343801 0.394849
vt 0.343858 0.394915
vt 0.343801 0.394926
vt 0.343781 0.392553
vt 0.342742 0.395287
vt 0.342769 0.395320
vt 0.341728 0.394105
vt 0.341751 0.394097
vt 0.341731 0.396073
vt 0.341537 0.396144
vt 0.341523 0.396096
vt 0.346502 0.393498
vt 0.346465 0.393452
vt 0.346571 0.393437
vt 0.364220 0.905986
vt 0.364271 0.906006
vt 0.363052 0.905183
vt 0.363071 0.905255
vt 0.362989 0.905226
vt 0.344617 0.395740
vt 0.342367 0.395260
vt 0.342058 0.394065
vt 0.364371 0.904534
vt 0.364466 0.904548
vt 0.364400 0.904583
vt 0.341560 0.393642
vt 0.341572 0.393635
vt 0.341659 0.393657
vt 0.363715 0.906260
vt 0.363701 0.906286
vt 0.363699 0.906278
vt 0.341303 0.398421
vt 0.341303 0.398507
vt 0.341239 0.398500
vt 0.364368 0.905793
vt 0.364415 0.905760
vt 0.364415 0.905777
vt 0.343681 0.393027
vt 0.343791 0.393097
vt 0.362984 0.906653
vt 0.362971 0.906694
vt 0.348911 0.394101
vt 0.348856 0.394028
vt 0.348903 0.394027
vt 0.347446 0.390791
vt 0.347331 0.390827
vt 0.347335 0.390736
vt 0.341680 0.394032
vt 0.341575 0.394017
vt 0.341585 0.393948
vt 0.365681 0.907732
vt 0.365656 0.907735
vt 0.365647 0.907648
vt 0.344600 0.398210
vt 0.344591 0.398325
vt 0.344545 0.398231
vt 0.344540 0.396003
vt 0.344616 0.395992
vt 0.343341 0.393209
vt 0.343288 0.393205
vt 0.343282 0.393144
vt 0.341047 0.396509
vt 0.367190 0.908215
vt 0.367137 0.908165
vt 0.367194 0.908166
vt 0.343998 0.392506
vt 0.344014 0.392584
vt 0.341866 0.395899
vt 0.341719 0.395863
vt 0.341851 0.395846
vt 0.341940 0.393600
vt 0.342015 0.393609
vt 0.341951 0.393639
vt 0.364432 0.904414
vt 0.364511 0.904365
vt 0.364590 0.904396
vt 0.343027 0.399446
vt 0.343147 0.399484
vt 0.343051 0.399523
vt 0.343861 0.394247
vt 0.343870 0.394322
vt 0.343796 0.394322
vt 0.343448 0.394633
vt 0.343574 0.394623
vt 0.342255 0.395579
vt 0.341958 0.393711
vt 0.342529 0.395361
vt 0.343024 0.399403
vt 0.342958 0.399364
vt 0.343027 0.399314
vt 0.341674 0.395686
vt 0.343476 0.396797
vt 0.343392 0.396795
vt 0.363520 0.906167
vt 0.363551 0.906143
vt 0.364479 0.904538
vt 0.364449 0.904481
vt 0.364554 0.904473
vt 0.342203 0.394269
vt 0.342118 0.394315
vt 0.342105 0.394268
vt 0.343659 0.394861
vt 0.343601 0.394772
vt 0.343669 0.394740
vt 0.344526 0.400023
vt 0.344567 0.400090
vt 0.344516 0.400093
vt 0.341881 0.393591
vt 0.346294 0.393824
vt 0.346371 0.393925
vt 0.345470 0.397504
vt 0.363331 0.905091
vt 0.363298 0.905167
vt 0.363292 0.905093
vt 0.343106 0.399408
vt 0.343097 0.399372
vt 0.343578 0.394704
vt 0.364535 0.904740
vt 0.364456 0.904872
vt 0.364473 0.904757
vt 0.363331 0.905199
vt 0.363292 0.905205
vt 0.363336 0.905166
vt 0.343098 0.399279
vt 0.343055 0.399224
vt 0.343106 0.399218
vt 0.346215 0.393529
vt 0.346209 0.393608
vt 0.346109 0.393546
vt 0.341694 0.393943
vt 0.343545 0.394445
vt 0.343531 0.394331
vt 0.344553 0.395910
vt 0.342301 0.395141
vt 0.342267 0.395076
vt 0.342340 0.395096
vt 0.341809 0.394194
vt 0.341767 0.394216
vt 0.319514 0.400721
vt 0.319476 0.400818
vt 0.319505 0.400720
vt 0.344510 0.400176
vt 0.344531 0.400256
vt 0.344502 0.400266
vt 0.342366 0.395081
vt 0.342424 0.395083
vt 0.342389 0.395130
vt 0.344541 0.399866
vt 0.344518 0.399950
vt 0.344504 0.399885
vt 0.311253 0.395765
vt 0.311237 0.395687
vt 0.311392 0.395766
vt 0.363193 0.905544
vt 0.363202 0.905485
vt 0.363221 0.905487
vt 0.343842 0.392957
vt 0.343979 0.392942
vt 0.343338 0.394892
vt 0.343275 0.394859
vt 0.343266 0.394841
vt 0.346314 0.393661
vt 0.346341 0.393587
vt 0.346504 0.393694
vt 0.364464 0.904321
vt 0.364363 0.904339
vt 0.364387 0.904318
vt 0.366256 0.905184
vt 0.366249 0.905176
vt 0.366259 0.905129
vt 0.343816 0.393096
vt 0.342009 0.394300
vt 0.341870 0.394261
vt 0.341751 0.401961
vt 0.341841 0.401912
vt 0.341657 0.394114
vt 0.341566 0.394101
vt 0.343493 0.392952
vt 0.343656 0.392971
vt 0.341770 0.393998
vt 0.343401 0.394432
vt 0.343603 0.394951
vt 0.343662 0.394953
vt 0.363119 0.905425
vt 0.363124 0.905405
vt 0.363133 0.905435
vt 0.347041 0.393578
vt 0.347026 0.393640
vt 0.343865 0.394676
vt 0.343808 0.394616
vt 0.343864 0.394617
vt 0.347170 0.393017
vt 0.366459 0.905099
vt 0.366393 0.905059
vt 0.366461 0.905052
vt 0.343269 0.397486
vt 0.343222 0.397444
vt 0.341728 0.396051
vt 0.341540 0.396004
vt 0.342130 0.393779
vt 0.342078 0.393821
vt 0.342071 0.393761
vt 0.343204 0.397578
vt 0.343174 0.397595
vt 0.342135 0.394138
vt 0.342199 0.394189
vt 0.342115 0.394182
vt 0.349109 0.397814
vt 0.349087 0.397761
vt 0.349143 0.397811
vt 0.343713 0.392489
vt 0.343767 0.392489
vt 0.346921 0.393720
vt 0.346916 0.393731
vt 0.346841 0.393742
vt 0.343407 0.392627
vt 0.343537 0.392628
vt 0.343558 0.392694
vt 0.341934 0.395880
vt 0.341902 0.395886
vt 0.346512 0.393636
vt 0.346604 0.393616
vt 0.346605 0.393694
vt 0.346859 0.393788
vt 0.348025 0.397587
vt 0.348014 0.397602
vt 0.347994 0.397545
vt 0.363454 0.906490
vt 0.363522 0.906472
vt 0.363461 0.906502
vt 0.342286 0.395045
vt 0.343716 0.394914
vt 0.349157 0.393512
vt 0.342137 0.402169
vt 0.342109 0.402189
vt 0.342042 0.402095
vt 0.311336 0.401304
vt 0.311382 0.401411
vt 0.311318 0.401428
vt 0.342045 0.393875
vt 0.342080 0.393835
vt 0.342141 0.393871
vt 0.347053 0.392884
vt 0.347075 0.392882
vt 0.341921 0.402224
vt 0.343843 0.392709
vt 0.341868 0.393577
vt 0.341930 0.393524
vt 0.343422 0.392844
vt 0.343620 0.392869
vt 0.343490 0.392927
vt 0.346250 0.393526
vt 0.346311 0.393525
vt 0.346330 0.393564
vt 0.364629 0.904304
vt 0.364661 0.904333
vt 0.366874 0.904670
vt 0.366892 0.904666
vt 0.366894 0.904697
vt 0.343866 0.394524
vt 0.343867 0.394416
vt 0.346852 0.393445
vt 0.343284 0.397367
vt 0.343324 0.397411
vt 0.311384 0.401184
vt 0.311336 0.401205
vt 0.311348 0.401190
vt 0.344576 0.400024
vt 0.344645 0.400074
vt 0.348039 0.391091
vt 0.348057 0.391162
vt 0.347209 0.393102
vt 0.347235 0.393033
vt 0.347323 0.390749
vt 0.347257 0.390790
vt 0.343544 0.393301
vt 0.343687 0.393303
vt 0.341593 0.395783
vt 0.348041 0.391372
vt 0.342078 0.393713
vt 0.348020 0.397540
vt 0.348042 0.397597
vt 0.363235 0.906567
vt 0.363190 0.906586
vt 0.363235 0.906526
vt 0.343722 0.394631
vt 0.343786 0.394614
vt 0.343804 0.394687
vt 0.345735 0.396731
vt 0.345639 0.396692
vt 0.345686 0.396617
vt 0.343379 0.393080
vt 0.343419 0.393037
vt 0.341949 0.396107
vt 0.341754 0.396125
vt 0.342001 0.393555
vt 0.341555 0.394167
vt 0.341554 0.394111
vt 0.366724 0.904994
vt 0.366776 0.904952
vt 0.366733 0.905007
vt 0.343391 0.393185
vt 0.342149 0.394051
vt 0.342211 0.394072
vt 0.342206 0.394097
vt 0.366273 0.905081
vt 0.366186 0.905093
vt 0.366196 0.905045
vt 0.343666 0.392622
vt 0.363648 0.906151
vt 0.341889 0.393818
vt 0.341950 0.393792
vt 0.341949 0.393879
vt 0.343263 0.393059
vt 0.343307 0.392961
vt 0.341756 0.394034
vt 0.341944 0.395878
vt 0.342930 0.399368
vt 0.342825 0.399439
vt 0.342833 0.399354
vt 0.346312 0.393452
vt 0.346278 0.393457
vt 0.343715 0.392818
vt 0.342526 0.395201
vt 0.319675 0.400812
vt 0.319595 0.400699
vt 0.319685 0.400700
vt 0.345573 0.396799
vt 0.345595 0.396702
vt 0.345611 0.396698
vt 0.366714 0.905213
vt 0.366776 0.905211
vt 0.341951 0.395901
vt 0.341927 0.395958
vt 0.341920 0.395908
vt 0.343730 0.394323
vt 0.343626 0.394454
vt 0.363377 0.905068
vt 0.363380 0.905024
vt 0.363428 0.905032
vt 0.347979 0.391979
vt 0.347968 0.391902
vt 0.341790 0.393528
vt 0.341812 0.393482
vt 0.341872 0.393521
vt 0.344004 0.392586
vt 0.344015 0.392655
vt 0.347427 0.390734
vt 0.347445 0.390733
vt 0.343228 0.397324
vt 0.343193 0.397391
vt 0.343174 0.397342
vt 0.363289 0.905570
vt 0.363183 0.905562
vt 0.345432 0.397550
vt 0.345388 0.397587
vt 0.366283 0.905075
vt 0.366395 0.905113
vt 0.347933 0.391169
vt 0.347983 0.391072
vt 0.343720 0.394594
vt 0.363022 0.906610
vt 0.363100 0.906599
vt 0.363089 0.906649
vt 0.346454 0.393825
vt 0.346311 0.393739
vt 0.347713 0.397925
vt 0.347764 0.397980
vt 0.347661 0.397981
vt 0.350704 0.400785
vt 0.350670 0.400756
vt 0.350705 0.400748
vt 0.340843 0.396561
vt 0.340768 0.396631
vt 0.363190 0.906674
vt 0.363207 0.906632
vt 0.363214 0.906678
vt 0.341841 0.393755
vt 0.341699 0.393836
vt 0.341678 0.393744
vt 0.365650 0.907813
vt 0.365680 0.907804
vt 0.365655 0.907837
vt 0.343351 0.394336
vt 0.343332 0.394415
vt 0.343307 0.394344
vt 0.342727 0.395462
vt 0.344568 0.399942
vt 0.344626 0.400009
vt 0.343664 0.392959
vt 0.341736 0.395791
vt 0.341811 0.395781
vt 0.342210 0.393585
vt 0.343452 0.394335
vt 0.365078 0.906503
vt 0.365045 0.906464
vt 0.365086 0.906445
vt 0.341959 0.394073
vt 0.349049 0.397796
vt 0.368187 0.905586
vt 0.368217 0.905558
vt 0.368225 0.905577
vt 0.343430 0.392930
vt 0.343354 0.392895
vt 0.367286 0.903123
vt 0.367343 0.903155
vt 0.367284 0.903169
vt 0.342145 0.393851
vt 0.342200 0.393838
vt 0.342202 0.393893
vt 0.343417 0.394695
vt 0.343408 0.394715
vt 0.351555 0.401411
vt 0.341021 0.396528
vt 0.340843 0.396562
vt 0.311501 0.397793
vt 0.311337 0.401280
vt 0.311396 0.401305
vt 0.348015 0.392032
vt 0.342345 0.395164
vt 0.311410 0.401297
vt 0.311468 0.401324
vt 0.363375 0.905458
vt 0.363419 0.905468
vt 0.343350 0.392743
vt 0.343311 0.392807
vt 0.346474 0.393346
vt 0.346512 0.393321
vt 0.343271 0.394792
vt 0.345573 0.396799
vt 0.345538 0.396786
vt 0.345595 0.396703
vt 0.363305 0.905252
vt 0.363296 0.905248
vt 0.347987 0.398190
vt 0.348003 0.398112
vt 0.348048 0.398117
vt 0.343528 0.392561
vt 0.343804 0.393011
vt 0.341683 0.393722
vt 0.341957 0.394038
vt 0.346414 0.393514
vt 0.343556 0.393315
vt 0.343106 0.399193
vt 0.343043 0.399200
vt 0.343020 0.399132
vt 0.349511 0.397491
vt 0.345372 0.397388
vt 0.348023 0.392185
vt 0.349549 0.397407
vt 0.349509 0.397477
vt 0.349499 0.397401
vt 0.341914 0.402070
vt 0.341994 0.401999
vt 0.363418 0.905221
vt 0.363375 0.905240
vt 0.363372 0.905211
vt 0.341832 0.402073
vt 0.364285 0.907402
vt 0.364238 0.907345
vt 0.340835 0.396255
vt 0.340769 0.396230
vt 0.340844 0.396216
vt 0.343443 0.396675
vt 0.343424 0.396605
vt 0.343453 0.396672
vt 0.346334 0.398277
vt 0.348004 0.397644
vt 0.347988 0.397609
vt 0.341890 0.395839
vt 0.341764 0.396184
vt 0.343285 0.394423
vt 0.343340 0.394493
vt 0.343293 0.394492
vt 0.347764 0.398077
vt 0.347663 0.398132
vt 0.347753 0.398061
vt 0.340822 0.396427
vt 0.340775 0.396426
vt 0.348024 0.392106
vt 0.348083 0.392035
vt 0.348038 0.392119
vt 0.314339 0.396364
vt 0.314343 0.396372
vt 0.314333 0.396370
vt 0.309588 0.397144
vt 0.309595 0.397142
vt 0.309583 0.397150
vt 0.343329 0.393099
vt 0.310439 0.398392
vt 0.310434 0.398389
vt 0.310440 0.398389
vt 0.309632 0.397167
vt 0.309646 0.397169
vt 0.309628 0.397178
vt 0.313299 0.400571
vt 0.313302 0.400557
vt 0.313301 0.400570
vt 0.309873 0.396918
vt 0.309882 0.396909
vt 0.309877 0.396928
vt 0.315291 0.393883
vt 0.315279 0.393883
vt 0.344696 0.399857
vt 0.309748 0.399019
vt 0.309759 0.399011
vt 0.309747 0.399023
vt 0.311539 0.396351
vt 0.311531 0.396355
vt 0.311771 0.396232
vt 0.311777 0.396229
vt 0.311765 0.396249
vt 0.311127 0.395570
vt 0.311136 0.395581
vt 0.311124 0.395582
vt 0.314693 0.396511
vt 0.314683 0.396510
vt 0.314684 0.396498
vt 0.311218 0.397471
vt 0.311233 0.397485
vt 0.311221 0.397486
vt 0.314597 0.401582
vt 0.309703 0.397232
vt 0.309700 0.397243
vt 0.309693 0.397234
vt 0.342137 0.394071
vt 0.315858 0.400649
vt 0.315846 0.400655
vt 0.315857 0.400640
vt 0.314440 0.396601
vt 0.314448 0.396592
vt 0.314450 0.396600
vt 0.314144 0.396505
vt 0.314155 0.396503
vt 0.314156 0.396515
vt 0.309768 0.398945
vt 0.309779 0.398946
vt 0.309783 0.398954
vt 0.309355 0.399124
vt 0.309354 0.399148
vt 0.309909 0.396560
vt 0.311271 0.397601
vt 0.311245 0.397617
vt 0.311262 0.397588
vt 0.311339 0.401192
vt 0.311787 0.395982
vt 0.311674 0.396011
vt 0.311624 0.395990
vt 0.314691 0.396524
vt 0.314820 0.396518
vt 0.314814 0.396541
vt 0.311519 0.396100
vt 0.311366 0.396184
vt 0.311513 0.396080
vt 0.311397 0.401280
vt 0.311072 0.400574
vt 0.311047 0.400605
vt 0.314041 0.396452
vt 0.313965 0.396475
vt 0.313971 0.396463
vt 0.311545 0.395530
vt 0.311488 0.395515
vt 0.311603 0.395520
vt 0.364214 0.905984
vt 0.310038 0.397150
vt 0.309969 0.397140
vt 0.309968 0.397130
vt 0.364427 0.905728
vt 0.364436 0.905740
vt 0.311478 0.395684
vt 0.311524 0.395773
vt 0.311501 0.395782
vt 0.310145 0.398411
vt 0.310278 0.398502
vt 0.310261 0.398519
vt 0.309713 0.396643
vt 0.309715 0.396697
vt 0.309700 0.396635
vt 0.311277 0.396072
vt 0.311240 0.395977
vt 0.311252 0.395986
vt 0.309547 0.397150
vt 0.309573 0.397204
vt 0.309580 0.397223
vt 0.309576 0.397139
vt 0.309560 0.397158
vt 0.350703 0.400798
vt 0.350677 0.400796
vt 0.309752 0.398961
vt 0.309766 0.398933
vt 0.346371 0.400680
vt 0.346385 0.400575
vt 0.346412 0.400568
vt 0.315851 0.400686
vt 0.315859 0.400651
vt 0.315301 0.393791
vt 0.315278 0.393843
vt 0.315277 0.393786
vt 0.314156 0.396554
vt 0.314110 0.396510
vt 0.314156 0.396543
vt 0.311388 0.396368
vt 0.311289 0.396334
vt 0.311376 0.396354
vt 0.311283 0.396234
vt 0.311376 0.396206
vt 0.311289 0.396260
vt 0.313254 0.400591
vt 0.342615 0.397631
vt 0.342455 0.397609
vt 0.342607 0.397622
vt 0.364433 0.904487
vt 0.315878 0.400598
vt 0.315874 0.400650
vt 0.315868 0.400575
vt 0.309534 0.398982
vt 0.309698 0.398952
vt 0.309702 0.398969
vt 0.314246 0.396557
vt 0.314319 0.396547
vt 0.309627 0.397152
vt 0.309621 0.397098
vt 0.311449 0.397561
vt 0.311475 0.397580
vt 0.311466 0.397618
vt 0.314758 0.396779
vt 0.314771 0.396825
vt 0.314748 0.396784
vt 0.311204 0.395555
vt 0.311236 0.395557
vt 0.311383 0.395618
vt 0.311369 0.395681
vt 0.311360 0.395617
vt 0.309856 0.396898
vt 0.309861 0.396923
vt 0.309843 0.396901
vt 0.311753 0.395857
vt 0.311736 0.395857
vt 0.314125 0.396792
vt 0.314126 0.396876
vt 0.314105 0.396883
vt 0.311648 0.396148
vt 0.311636 0.396064
vt 0.311661 0.396063
vt 0.308587 0.399579
vt 0.308591 0.399478
vt 0.308613 0.399604
vt 0.314425 0.396822
vt 0.314437 0.396746
vt 0.314450 0.396737
vt 0.311575 0.396346
vt 0.309532 0.396894
vt 0.309643 0.396910
vt 0.309535 0.396903
vt 0.311640 0.397668
vt 0.311635 0.397740
vt 0.311618 0.397667
vt 0.309974 0.396910
vt 0.310034 0.396946
vt 0.311853 0.395912
vt 0.309563 0.399126
vt 0.309355 0.399148
vt 0.316930 0.400810
vt 0.315881 0.401326
vt 0.316975 0.400864
vt 0.311171 0.395719
vt 0.311193 0.395625
vt 0.311186 0.395703
vt 0.366466 0.905096
vt 0.366468 0.905055
vt 0.311102 0.396185
vt 0.311690 0.397968
vt 0.311687 0.397893
vt 0.311721 0.395496
vt 0.311605 0.395497
vt 0.311597 0.395487
vt 0.314175 0.396632
vt 0.311409 0.397747
vt 0.311508 0.397704
vt 0.311410 0.397756
vt 0.319521 0.400732
vt 0.319512 0.400812
vt 0.319487 0.400716
vt 0.319449 0.400825
vt 0.313370 0.399839
vt 0.313407 0.399764
vt 0.313427 0.399755
vt 0.314945 0.395989
vt 0.314871 0.395940
vt 0.314885 0.395936
vt 0.345516 0.396845
vt 0.345572 0.396800
vt 0.343370 0.394241
vt 0.343665 0.393320
vt 0.368051 0.905313
vt 0.346248 0.398215
vt 0.346305 0.398232
vt 0.344021 0.392859
vt 0.341845 0.393743
vt 0.364572 0.905586
vt 0.365825 0.907169
vt 0.365852 0.907125
vt 0.314635 0.401580
vt 0.341725 0.394216
vt 0.341733 0.394182
vt 0.364630 0.904771
vt 0.364616 0.904790
vt 0.347042 0.393278
vt 0.346487 0.393494
vt 0.364165 0.904759
vt 0.346980 0.393330
vt 0.342001 0.393505
vt 0.319297 0.400913
vt 0.341570 0.393872
vt 0.364271 0.904628
vt 0.340750 0.396427
vt 0.341763 0.394089
vt 0.341784 0.394103
vt 0.366750 0.905115
vt 0.343551 0.392565
vt 0.347884 0.390825
vt 0.363816 0.906286
vt 0.363806 0.906313
vt 0.363787 0.906297
vt 0.343455 0.393179
vt 0.347469 0.390738
vt 0.363257 0.906868
vt 0.347671 0.398062
vt 0.345389 0.397437
vt 0.347159 0.392944
vt 0.341644 0.394169
vt 0.341655 0.394241
vt 0.349115 0.395162
vt 0.349129 0.395163
vt 0.349102 0.395173
vt 0.349164 0.395237
vt 0.314585 0.401429
vt 0.314654 0.401496
vt 0.314671 0.401439
vt 0.319513 0.400888
vt 0.319446 0.400892
vt 0.366634 0.908543
vt 0.363762 0.906310
vt 0.343578 0.392797
vt 0.343560 0.392718
vt 0.343714 0.394541
vt 0.347874 0.391066
vt 0.346110 0.393473
vt 0.346194 0.393895
vt 0.343955 0.392929
vt 0.346872 0.393647
vt 0.346814 0.393656
vt 0.346814 0.393554
vt 0.364396 0.905524
vt 0.364466 0.905516
vt 0.364400 0.905581
vt 0.343543 0.394490
vt 0.367485 0.904067
vt 0.367474 0.904113
vt 0.367438 0.904112
vt 0.348097 0.391987
vt 0.343408 0.392925
vt 0.344779 0.399852
vt 0.344794 0.399973
vt 0.344642 0.399960
vt 0.363060 0.905187
vt 0.347338 0.390899
vt 0.347447 0.390830
vt 0.342448 0.395452
vt 0.342069 0.394035
vt 0.341673 0.393720
vt 0.341291 0.398516
vt 0.341231 0.398411
vt 0.364358 0.905746
vt 0.348863 0.394103
vt 0.343445 0.392775
vt 0.344661 0.398270
vt 0.367131 0.908216
vt 0.341704 0.395913
vt 0.343802 0.394228
vt 0.343848 0.394233
vt 0.342348 0.395607
vt 0.342204 0.394314
vt 0.343597 0.394864
vt 0.346252 0.393918
vt 0.345476 0.397434
vt 0.343676 0.394651
vt 0.343677 0.394722
vt 0.364518 0.904740
vt 0.346223 0.393538
vt 0.342248 0.395116
vt 0.341798 0.394242
vt 0.347457 0.390862
vt 0.363182 0.905532
vt 0.343435 0.394842
vt 0.341925 0.396024
vt 0.341915 0.395999
vt 0.341915 0.395971
vt 0.366390 0.905152
vt 0.366371 0.905187
vt 0.341761 0.402080
vt 0.341691 0.396202
vt 0.341548 0.396212
vt 0.342090 0.393497
vt 0.342141 0.393507
vt 0.363117 0.905414
vt 0.341523 0.396071
vt 0.342135 0.393820
vt 0.319416 0.400754
vt 0.344561 0.395677
vt 0.344602 0.395652
vt 0.342198 0.394152
vt 0.343567 0.392515
vt 0.346615 0.393626
vt 0.346618 0.393681
vt 0.346939 0.393772
vt 0.363458 0.906453
vt 0.363506 0.906526
vt 0.341860 0.394178
vt 0.343719 0.394845
vt 0.342050 0.393856
vt 0.343733 0.392811
vt 0.342918 0.399070
vt 0.342927 0.398998
vt 0.343005 0.399056
vt 0.343014 0.398991
vt 0.346988 0.393465
vt 0.343305 0.397374
vt 0.347258 0.390760
vt 0.347310 0.390741
vt 0.343701 0.393287
vt 0.341604 0.395699
vt 0.341650 0.395688
vt 0.347990 0.391344
vt 0.348037 0.397597
vt 0.363227 0.906578
vt 0.363163 0.906526
vt 0.345668 0.396625
vt 0.345768 0.396633
vt 0.343716 0.394221
vt 0.364126 0.907740
vt 0.364196 0.907717
vt 0.364166 0.907767
vt 0.366712 0.904939
vt 0.366767 0.905027
vt 0.347976 0.392177
vt 0.347979 0.392122
vt 0.341810 0.393852
vt 0.363575 0.906111
vt 0.363653 0.906163
vt 0.347464 0.390919
vt 0.344627 0.399973
vt 0.344689 0.400014
vt 0.319537 0.400811
vt 0.319535 0.400793
vt 0.319619 0.400684
vt 0.346497 0.393517
vt 0.343694 0.394488
vt 0.345439 0.397585
vt 0.345378 0.397554
vt 0.344624 0.396055
vt 0.344569 0.396052
vt 0.347915 0.391083
vt 0.350695 0.400741
vt 0.363199 0.906681
vt 0.363180 0.906637
vt 0.343380 0.394410
vt 0.344619 0.399936
vt 0.343800 0.394763
vt 0.343740 0.394731
vt 0.364517 0.904630
vt 0.364431 0.904645
vt 0.364502 0.904603
vt 0.364430 0.904642
vt 0.342211 0.393519
vt 0.349106 0.394329
vt 0.349071 0.394328
vt 0.349097 0.394298
vt 0.349049 0.394286
vt 0.343506 0.394249
vt 0.365049 0.906520
vt 0.365052 0.906455
vt 0.349036 0.397753
vt 0.368179 0.905569
vt 0.367279 0.903134
vt 0.367343 0.903109
vt 0.343412 0.394609
vt 0.347051 0.393512
vt 0.341030 0.396598
vt 0.347968 0.392026
vt 0.311469 0.401416
vt 0.363376 0.905433
vt 0.346501 0.393317
vt 0.342128 0.394090
vt 0.363336 0.905240
vt 0.348049 0.398201
vt 0.343098 0.399116
vt 0.342194 0.393913
vt 0.341937 0.402173
vt 0.363420 0.905252
vt 0.341911 0.401899
vt 0.341898 0.402082
vt 0.364236 0.907419
vt 0.364242 0.904801
vt 0.364208 0.904818
vt 0.340769 0.396267
vt 0.343386 0.396871
vt 0.343478 0.396851
vt 0.343656 0.392463
vt 0.343762 0.392435
vt 0.342979 0.399218
vt 0.342814 0.399205
vt 0.347776 0.398135
vt 0.348092 0.392121
vt 0.342615 0.397620
vt 0.342619 0.397619
vt 0.309585 0.397136
vt 0.341738 0.396905
vt 0.342452 0.397620
vt 0.311254 0.397658
vt 0.311265 0.397659
vt 0.311778 0.396228
vt 0.311214 0.397386
vt 0.311210 0.397431
vt 0.311202 0.397386
vt 0.311614 0.395530
vt 0.311603 0.395532
vt 0.311607 0.395530
vt 0.309739 0.399086
vt 0.309746 0.399080
vt 0.309747 0.399081
vt 0.309747 0.399079
vt 0.314155 0.396503
vt 0.309777 0.398943
vt 0.309614 0.397108
vt 0.309613 0.397101
vt 0.311100 0.396183
vt 0.311100 0.396182
vt 0.311811 0.395995
vt 0.314045 0.396453
vt 0.311447 0.395526
vt 0.311845 0.395711
vt 0.311488 0.395682
vt 0.310290 0.398414
vt 0.309734 0.398939
vt 0.309711 0.396856
vt 0.309721 0.396870
vt 0.346347 0.400675
vt 0.315836 0.400697
vt 0.315304 0.393883
vt 0.310524 0.398231
vt 0.310370 0.398211
vt 0.310382 0.398202
vt 0.314097 0.396512
vt 0.364459 0.905702
vt 0.313261 0.400590
vt 0.310428 0.398388
vt 0.310406 0.398424
vt 0.315884 0.400649
vt 0.314157 0.396555
vt 0.314789 0.396833
vt 0.315699 0.394010
vt 0.315699 0.394036
vt 0.315503 0.394051
vt 0.311392 0.395685
vt 0.309872 0.396916
vt 0.311811 0.395992
vt 0.314143 0.396792
vt 0.311623 0.396150
vt 0.314417 0.396831
vt 0.309560 0.399104
vt 0.315820 0.401277
vt 0.311121 0.396257
vt 0.314162 0.396617
vt 0.311508 0.397693
vt 0.313370 0.399820
vt 0.309980 0.397104
vt 0.309969 0.397113
vt 0.309906 0.397067
vt 0.308519 0.399599
vt 0.314969 0.396025
vt 0.314812 0.396381
vt 0.314733 0.396376
vt 0.314750 0.396366
vt 0.346350 0.400783
vt 0.346329 0.400768
vt 0.341855 0.393589
vt 0.343607 0.394503
vt 0.313583 0.391727
vt 0.313642 0.391698
vt 0.319524 0.400796
vt 0.343457 0.393207
vt 0.343465 0.393274
vt 0.341868 0.394190
vt 0.341858 0.394225
vt 0.343331 0.394555
vt 0.314329 0.396570
vt 0.314325 0.396558
vt 0.314327 0.396557
vt 0.314334 0.396551
vt 0.343383 0.396691
vt 0.343387 0.396643
vt 0.342313 0.395359
vt 0.342429 0.395466
vt 0.343863 0.394768
vt 0.343301 0.399493
vt 0.343364 0.399409
vt 0.343421 0.392713
vt 0.344687 0.398197
vt 0.346346 0.400677
vt 0.345556 0.396892
vt 0.366643 0.905120
vt 0.366669 0.905055
vt 0.347988 0.398224
vt 0.348049 0.398273
vt 0.343855 0.394840
vt 0.311602 0.395532
vt 0.343609 0.392901
vt 0.344265 0.396818
vt 0.308679 0.399568
vt 0.308675 0.399614
vt 0.308654 0.399480
vt 0.308667 0.399481
vt 0.343866 0.394826
vt 0.344462 0.400576
s 0
f 392/1/1 83/2/2 390/3/3
f 114/4/4 59/5/5 337/6/6
f 379/7/7 32/8/8 100/9/9
f 259/10/10 244/11/11 489/12/12
f 287/13/13 286/14/14 441/15/15
f 364/16/16 86/17/17 365/18/18
f 353/19/19 352/20/20 50/21/21
f 164/22/22 128/23/23 171/24/24
f 11/25/25 144/26/26 142/27/27
f 282/28/28 29/29/28 280/30/28
f 321/31/29 77/32/30 421/33/31
f 509/34/32 228/35/33 220/36/34
f 234/37/35 87/38/36 88/39/37
f 208/40/38 25/41/38 42/42/38
f 96/43/39 391/44/39 366/45/39
f 273/46/40 275/47/41 118/48/42
f 85/49/43 428/50/43 83/51/43
f 378/52/44 377/53/45 269/54/46
f 10/55/47 281/56/48 57/57/49
f 408/58/50 394/59/51 399/60/52
f 380/61/53 31/62/54 272/63/55
f 21/64/56 272/65/56 31/66/56
f 36/67/57 465/68/58 251/69/59
f 184/70/60 501/71/60 210/72/61
f 250/73/62 44/74/63 139/75/64
f 198/76/65 261/77/66 194/78/67
f 242/79/68 43/80/69 53/81/70
f 213/82/71 189/83/72 210/72/73
f 49/84/74 352/20/75 136/85/76
f 67/86/77 59/87/78 58/88/79
f 269/89/80 270/90/81 379/91/82
f 7/92/83 33/93/84 61/94/85
f 47/95/86 336/96/87 43/97/87
f 458/98/88 457/99/89 456/100/90
f 222/101/91 512/102/92 226/103/93
f 132/104/94 372/105/95 92/106/96
f 64/107/97 57/108/98 65/109/99
f 357/110/100 356/111/101 476/112/102
f 449/113/103 12/114/104 124/115/105
f 67/116/106 90/117/107 316/118/108
f 290/119/109 289/120/110 102/121/111
f 58/122/112 93/123/113 67/116/113
f 119/124/114 62/125/115 126/126/116
f 130/127/117 72/128/118 70/129/119
f 436/130/120 144/26/121 11/25/122
f 128/131/123 71/132/124 72/133/125
f 495/134/126 193/135/127 22/136/128
f 446/137/129 123/138/130 248/139/131
f 73/140/132 163/141/133 76/142/133
f 157/143/134 340/144/135 338/145/136
f 117/146/137 424/147/138 82/148/138
f 374/149/139 87/150/140 105/151/141
f 428/50/142 132/104/143 83/51/144
f 395/152/145 402/153/146 399/154/147
f 520/155/148 88/39/149 369/156/150
f 100/9/151 32/8/152 30/157/153
f 102/121/154 376/158/155 375/159/156
f 30/160/157 314/161/158 240/162/159
f 38/163/160 247/164/161 437/165/162
f 408/58/163 399/60/163 116/166/163
f 403/167/164 116/168/165 399/169/166
f 116/166/167 213/170/168 28/171/169
f 47/95/170 43/97/170 216/172/170
f 365/173/171 86/174/172 107/175/173
f 342/176/174 130/127/175 70/129/176
f 430/177/177 94/178/178 424/179/179
f 4/180/180 204/181/181 191/182/182
f 387/183/183 51/184/184 388/185/185
f 285/186/186 287/13/187 252/187/188
f 466/188/189 465/189/190 482/190/191
f 36/191/192 135/192/193 440/193/194
f 474/194/195 153/195/196 72/133/197
f 334/196/198 61/94/199 308/197/200
f 439/198/201 438/199/202 434/200/203
f 128/201/204 172/202/204 171/203/204
f 422/204/205 248/205/206 123/206/207
f 173/207/208 413/208/209 416/209/210
f 72/133/211 153/195/212 70/210/212
f 304/211/213 179/212/214 178/213/215
f 167/214/216 475/215/217 168/216/218
f 150/217/219 74/218/220 154/219/221
f 158/220/222 160/221/223 170/222/224
f 158/223/225 416/224/226 415/225/227
f 484/226/228 506/227/229 174/228/230
f 181/229/231 185/230/232 182/231/233
f 500/232/234 23/233/235 27/234/236
f 214/235/237 185/230/238 186/236/239
f 385/237/240 125/238/241 329/239/242
f 289/120/243 208/40/244 207/240/245
f 289/241/246 295/242/247 383/243/248
f 262/244/249 296/245/250 209/246/251
f 192/247/252 283/248/253 494/249/254
f 381/250/255 215/251/256 382/252/257
f 396/253/258 404/254/259 47/255/260
f 482/190/261 146/256/262 174/257/263
f 488/258/264 487/259/265 266/260/266
f 240/261/267 103/262/268 97/263/269
f 112/264/270 69/265/271 113/266/272
f 280/267/273 43/268/274 242/269/275
f 373/270/276 412/271/277 374/149/278
f 330/272/279 388/185/280 333/273/281
f 348/274/282 350/275/282 161/276/282
f 199/277/283 369/278/284 88/279/285
f 493/280/286 25/41/286 208/40/286
f 338/145/287 159/281/288 157/143/289
f 134/282/290 17/283/291 125/238/292
f 284/284/293 146/285/294 464/286/295
f 497/287/296 257/288/297 14/289/298
f 362/290/299 361/291/300 241/292/301
f 256/293/302 97/294/303 60/295/304
f 124/296/305 239/297/306 411/298/307
f 144/299/308 435/300/309 141/301/310
f 346/302/311 129/303/312 73/304/313
f 134/282/314 2/305/315 95/306/316
f 26/307/317 293/308/318 297/309/319
f 490/310/320 445/311/321 55/312/322
f 80/313/323 327/314/324 356/315/325
f 195/316/326 27/234/327 23/233/328
f 364/317/329 426/318/330 133/319/331
f 24/320/332 41/321/333 40/322/334
f 99/323/335 332/324/336 389/325/337
f 64/107/338 63/326/339 57/108/340
f 494/249/341 495/134/342 39/327/343
f 503/328/344 504/329/345 514/330/346
f 449/113/347 325/331/347 448/332/347
f 481/333/348 168/334/349 475/335/350
f 308/197/351 33/93/352 236/336/353
f 447/337/354 448/332/355 325/331/356
f 78/338/357 7/339/358 61/340/359
f 177/341/360 218/342/361 217/343/362
f 406/344/363 112/345/364 113/346/365
f 232/347/366 514/348/367 227/349/368
f 1/350/369 28/171/370 99/323/371
f 32/351/372 270/352/373 10/55/374
f 375/159/375 271/353/375 265/354/375
f 10/55/376 30/160/377 32/351/378
f 478/355/379 169/356/380 477/357/381
f 462/358/382 145/359/383 142/360/384
f 274/361/385 251/69/386 8/362/387
f 279/363/388 439/364/389 11/365/390
f 53/81/391 317/366/392 64/367/393
f 296/245/394 262/244/395 212/368/396
f 200/369/397 498/370/398 320/371/399
f 237/372/400 236/373/400 33/374/400
f 10/375/401 282/376/401 281/377/402
f 8/378/403 305/379/404 178/380/405
f 207/240/406 208/40/406 42/42/406
f 6/381/407 497/382/408 291/383/409
f 322/384/410 354/385/411 321/31/412
f 165/386/413 475/215/414 162/387/415
f 113/388/416 59/389/417 114/390/418
f 303/391/419 46/392/420 471/393/421
f 197/394/422 486/395/423 246/396/424
f 6/397/425 174/398/425 146/399/425
f 20/400/426 147/401/427 206/402/428
f 94/403/429 58/122/430 68/404/431
f 223/405/432 515/406/433 513/407/434
f 47/255/435 216/408/436 396/253/437
f 157/409/438 158/410/439 156/411/440
f 213/170/441 190/412/442 189/413/443
f 480/414/444 166/415/445 172/416/446
f 75/417/447 66/418/448 3/419/449
f 389/420/450 1/421/451 99/422/452
f 42/423/453 209/424/454 207/425/455
f 362/426/456 105/427/457 234/428/458
f 146/429/459 283/248/459 6/430/459
f 59/87/460 68/431/461 58/88/462
f 44/74/463 250/73/464 249/432/465
f 64/367/466 65/433/467 53/81/468
f 38/434/469 437/435/470 442/436/471
f 346/437/472 118/438/473 129/439/474
f 56/440/475 62/441/476 63/326/477
f 499/442/478 332/443/479 18/444/480
f 190/445/481 115/446/482 187/447/483
f 229/448/484 228/449/485 517/450/486
f 17/451/487 196/452/488 191/453/489
f 75/417/490 285/186/491 358/454/492
f 385/237/493 384/455/494 315/456/495
f 174/228/496 291/457/497 484/226/498
f 327/458/499 44/459/500 66/460/501
f 26/461/502 38/434/503 5/462/504
f 517/450/505 228/449/506 509/463/507
f 355/464/508 347/465/509 77/466/510
f 138/467/511 139/468/512 44/459/513 16/469/514
f 137/470/515 286/471/516 250/472/517
f 449/473/518 120/474/519 135/475/520
f 35/476/521 246/396/521 434/200/521
f 107/175/522 84/477/523 104/478/524
f 58/122/525 91/479/526 93/123/527
f 122/480/528 34/481/529 126/482/530
f 98/483/531 40/484/532 102/121/533
f 453/485/534 326/486/535 310/487/536
f 4/488/537 440/489/538 135/490/539
f 119/491/540 52/492/540 62/493/540
f 34/494/541 95/495/542 2/496/543
f 412/497/544 431/498/545 331/499/546
f 180/500/547 214/501/548 186/502/549
f 323/503/550 244/504/551 136/85/552
f 273/505/553 238/506/554 239/507/555
f 201/508/556 319/509/557 202/510/558
f 407/511/559 112/512/560 406/513/560
f 328/514/561 329/515/562 201/516/563
f 73/140/564 164/22/565 163/141/566
f 355/517/567 136/85/568 352/20/569
f 186/236/570 111/518/571 180/519/572
f 405/520/573 406/344/574 109/521/575
f 486/395/576 31/522/577 255/523/578
f 446/524/579 444/525/580 123/206/581
f 204/181/582 201/508/583 329/239/584
f 42/42/585 247/526/586 38/163/587
f 84/477/588 39/327/589 367/527/590
f 177/528/591 229/448/592 176/529/593
f 268/530/594 491/531/595 288/532/596
f 133/319/597 93/533/597 91/534/597
f 221/535/598 264/536/599 147/537/600
f 216/172/601 45/538/602 215/251/603
f 245/539/604 141/540/605 435/541/606
f 392/542/607 96/43/608 9/543/608
f 479/544/609 167/545/610 168/334/611
f 140/546/612 15/547/613 138/548/614
f 96/43/615 368/549/615 22/550/615
f 183/551/616 189/552/617 188/553/618
f 203/554/619 257/555/620 369/556/621
f 51/184/622 407/557/623 409/558/624
f 430/559/625 429/560/626 81/561/627
f 431/562/628 386/563/629 331/564/630
f 70/210/631 470/565/631 342/566/631
f 54/567/632 245/568/633 485/569/634
f 429/560/635 360/570/636 81/561/637
f 120/474/638 4/180/639 135/475/640
f 418/571/641 417/572/642 481/573/643
f 313/574/644 69/575/645 312/576/646
f 126/482/647 2/577/648 119/491/649
f 27/234/650 99/323/651 28/171/652
f 229/448/653 175/578/654 176/529/655
f 21/64/656 266/579/656 272/65/656
f 1/350/657 409/558/658 408/58/659
f 216/580/660 13/581/660 396/582/661
f 517/583/662 231/584/663 229/585/664
f 299/586/665 258/587/666 300/588/667
f 381/250/668 296/589/669 211/590/670
f 396/582/671 13/581/672 401/591/673
f 18/592/674 195/316/675 490/310/676
f 359/593/677 162/594/678 358/454/679
f 121/595/680 320/596/681 446/597/682
f 447/598/683 459/599/683 318/600/683
f 116/601/684 190/602/685 213/82/686
f 215/603/687 180/604/688 110/605/689
f 206/606/690 88/279/691 87/607/692
f 132/104/693 363/608/694 83/51/695
f 9/543/696 427/609/697 85/610/698
f 224/611/699 505/612/700 507/613/701
f 37/614/702 193/615/703 196/452/704
f 220/36/705 46/616/706 149/617/707
f 13/618/708 215/251/709 110/619/710
f 129/303/711 128/131/712 73/304/713
f 472/620/714 46/392/715 150/621/716
f 419/622/717 421/33/718 349/623/719
f 346/302/720 73/304/721 76/624/722
f 509/34/723 149/617/724 174/625/725
f 49/84/726 138/548/727 16/626/728
f 127/627/729 343/628/730 418/571/731
f 473/629/732 72/630/733 179/631/734
f 224/632/735 263/633/736 510/634/737
f 335/635/738 311/636/739 410/637/740
f 340/144/741 148/638/742 248/639/743
f 416/209/744 158/640/745 170/641/746
f 162/594/747 79/642/748 75/417/749
f 97/643/750 256/644/751 255/523/752
f 50/21/753 49/84/754 16/626/755
f 425/645/756 92/646/757 426/647/758
f 264/536/759 199/277/760 206/606/761
f 340/144/762 155/648/763 148/638/764
f 302/649/765 23/650/766 500/651/767
f 319/652/768 120/653/769 448/654/770
f 1/350/771 389/655/772 51/184/773
f 62/441/774 315/656/775 63/326/776
f 442/657/777 137/658/778 5/659/779
f 148/638/780 226/660/781 221/661/782
f 35/476/783 488/662/784 197/394/785
f 70/210/786 471/663/786 470/565/786
f 437/664/787 35/665/788 438/666/789
f 454/667/790 458/98/791 326/668/792
f 498/669/793 55/312/794 444/525/795
f 10/55/796 63/670/797 30/160/798
f 145/671/799 450/672/800 143/673/801
f 309/674/802 453/675/803 310/676/804
f 462/358/805 142/360/806 144/299/807
f 424/677/808 94/178/809 82/678/810
f 469/679/811 344/680/812 341/681/813
f 520/682/814 89/683/815 107/175/816
f 80/684/817 169/685/818 161/686/819
f 217/343/820 150/687/821 46/688/822
f 329/239/823 125/238/824 204/181/825
f 76/689/826 163/690/827 165/691/828
f 210/692/829 501/693/830 28/171/831
f 188/553/832 111/518/833 181/229/834
f 303/391/835 153/694/835 474/695/835
f 371/696/836 122/697/837 56/698/838
f 180/500/839 111/699/840 110/700/841
f 182/231/842 188/553/843 181/229/844
f 484/226/845 483/701/846 224/702/847
f 175/578/848 232/347/849 227/349/850
f 189/552/851 187/447/852 188/553/853
f 319/703/854 141/540/854 54/704/854
f 225/705/855 217/706/856 220/36/857
f 152/707/858 199/277/859 263/633/860
f 163/708/861 164/709/862 166/710/863
f 103/711/864 328/712/865 60/295/866
f 150/713/867 151/714/867 74/715/867
f 487/716/868 25/717/869 492/718/870
f 401/719/871 115/720/872 403/167/873
f 480/721/874 130/722/875 127/723/876
f 254/724/877 439/725/878 278/726/879
f 483/727/880 14/728/881 152/729/882
f 9/730/883 101/731/884 34/732/885
f 210/692/886 28/171/887 213/170/888
f 43/80/889 24/320/890 45/733/891
f 101/734/892 22/735/893 37/614/894
f 322/384/895 444/525/896 443/736/897
f 136/85/898 140/546/899 49/84/900
f 65/433/901 242/79/901 53/81/901
f 209/246/902 297/309/903 299/586/904
f 172/416/905 164/737/906 171/738/907
f 353/19/908 80/313/909 350/739/910
f 181/229/911 186/236/912 185/230/913
f 365/173/914 104/478/915 106/740/916
f 64/741/917 372/742/918 56/743/919
f 182/231/920 211/744/921 212/368/922
f 152/745/923 257/555/924 203/554/925
f 210/72/926 189/83/927 184/70/926
f 214/235/928 211/744/929 185/230/930
f 258/746/931 48/747/932 300/748/933
f 431/562/934 373/270/935 241/292/936
f 433/749/937 147/750/938 121/595/939
f 305/751/940 251/752/941 466/753/942
f 300/754/943 244/755/944 259/756/945
f 464/757/946 465/758/947 276/759/948
f 13/760/949 111/518/950 401/761/951
f 517/762/952 516/763/953 518/764/954
f 219/765/955 150/687/956 218/342/957
f 56/766/958 126/482/959 62/493/960
f 518/764/961 519/767/962 230/768/963
f 183/769/964 501/71/965 184/770/966
f 20/771/967 206/772/968 87/150/969
f 143/773/970 237/774/971 142/360/972
f 239/507/973 12/775/974 36/191/975
f 309/776/976 451/777/976 453/778/976
f 138/467/977 292/779/978 293/780/979
f 294/781/980 19/782/981 84/783/982
f 479/544/983 168/334/984 173/207/985
f 270/352/986 41/321/986 10/55/987
f 82/148/988 313/784/989 117/146/990
f 324/785/991 445/311/992 323/503/993
f 277/786/994 33/374/994 7/339/994
f 281/56/995 65/433/996 57/57/997
f 295/787/998 207/240/999 209/246/1000
f 319/509/1001 318/600/1002 460/788/1003
f 338/145/1004 420/789/1005 159/281/1006
f 249/790/1007 287/791/1008 285/792/1009
f 467/793/1010 503/794/1011 223/795/1012
f 219/796/1013 468/797/1014 151/798/1015
f 300/588/1016 198/76/1017 194/78/1018
f 396/582/1019 398/799/1020 404/800/1021
f 256/293/1022 202/510/1023 485/569/1024
f 136/801/1025 48/802/1026 140/803/1027
f 393/804/1028 109/521/1029 398/799/1030
f 178/805/1031 71/806/1032 274/361/1033
f 108/807/1034 113/808/1035 114/809/1036
f 125/238/1037 191/182/1038 204/181/1039
f 335/810/1040 61/811/1041 334/812/1042
f 356/111/1043 66/418/1044 79/642/1045
f 270/813/1046 32/8/1047 379/7/1048
f 417/572/1049 413/814/1049 173/815/1049
f 172/416/1050 72/133/1051 130/816/1052
f 221/661/1053 248/639/1054 148/638/1055
f 160/817/1056 169/356/1057 170/641/1058
f 95/818/1059 37/819/1060 17/820/1061
f 467/821/1062 157/822/1063 468/823/1064
f 397/824/1065 403/167/1066 393/825/1067
f 503/826/1068 175/827/1069 504/828/1070
f 236/829/1071 237/830/1072 235/831/1073
f 266/832/1074 268/833/1075 265/834/1076
f 222/835/1077 148/638/1078 155/648/1079
f 280/836/1080 281/837/1081 282/838/1082
f 288/839/1083 289/840/1083 290/841/1083
f 14/842/1084 291/843/1085 497/844/1086
f 297/845/1087 298/846/1088 299/847/1089
f 305/848/1090 306/848/1091 307/849/1092
f 367/527/1093 390/3/1094 106/850/1095
f 343/851/1096 344/852/1097 345/853/1098
f 347/854/1099 160/855/1100 349/855/1101
f 351/856/1102 353/857/1103 350/858/1104
f 360/859/1105 361/860/1106 362/861/1107
f 364/862/1108 365/863/1109 363/864/1110
f 366/865/1111 367/866/1111 368/867/1111
f 378/52/1112 379/91/1113 380/868/1114
f 381/869/1115 382/870/1116 383/871/1117
f 301/872/1118 302/649/1119 500/651/1120
f 345/873/1121 417/874/1122 418/875/1123
f 435/876/1124 436/877/1125 434/878/1126
f 454/879/1127 456/880/1128 457/881/1129
f 470/882/1130 472/883/1131 469/884/1132
f 476/885/1133 477/886/1134 357/887/1135
f 494/888/1136 193/889/1137 495/890/1138
f 505/612/1139 506/891/1139 507/613/1139
f 243/892/1140 323/893/1141 445/894/1142
f 364/895/1143 425/896/1144 426/897/1145
f 321/898/1146 422/899/1147 322/900/1148
f 518/764/1149 516/763/1150 519/901/1150
f 391/902/1151 367/866/1152 366/903/1153
f 410/904/1154 239/905/1155 238/906/1156
f 407/907/1157 405/908/1158 394/909/1159
f 251/69/1160 274/361/1161 273/910/1162
f 500/911/1163 502/912/1164 301/913/1165
f 249/790/1166 286/471/1167 287/791/1168
f 496/914/1169 257/915/1170 497/382/1171
f 388/916/1172 332/917/1173 333/918/1174
f 316/919/1175 336/920/1176 337/921/1177
f 358/922/1178 285/923/1179 359/924/1180
f 248/925/1181 432/926/1182 433/927/1183
f 272/928/1184 375/929/1185 376/930/1186
f 266/931/1187 271/932/1188 272/928/1189
f 488/933/1190 247/934/1191 487/716/1192
f 341/935/1193 470/936/1194 469/884/1195
f 308/937/1196 310/938/1197 311/939/1198
f 414/940/1199 417/874/1200 345/941/1201
f 473/942/1202 303/943/1203 474/944/1204
f 459/945/1205 326/946/1206 458/947/1207
f 420/948/1208 338/949/1209 419/950/1210
f 340/951/1211 421/952/1212 339/953/1213
f 14/842/1214 484/954/1215 291/843/1216
f 254/955/1217 277/956/1218 252/957/1219
f 333/958/1220 499/442/1221 498/370/1222
f 341/959/1223 343/960/1224 342/961/1225
f 475/962/1226 480/963/1227 481/964/1228
f 460/965/1229 458/947/1230 461/966/1231
f 288/967/1232 493/968/1233 289/840/1234
f 294/969/1235 496/970/1236 497/971/1237
f 430/972/1238 423/973/1239 429/974/1240
f 361/860/1241 423/975/1242 424/976/1243
f 312/977/1244 386/978/1245 313/979/1246
f 292/980/1247 297/981/1248 293/982/1249
f 489/983/1250 243/892/1251 490/984/1252
f 329/985/1253 384/986/1254 385/987/1255
f 355/988/1256 324/989/1257 323/990/1258
f 402/991/1259 393/992/1260 403/993/1261
f 255/994/1262 485/995/1263 486/996/1264
f 351/856/1265 348/997/1266 347/854/1267
f 439/998/1268 437/999/1269 438/1000/1270
f 264/1001/1271 510/1002/1272 263/1003/1273
f 300/1004/1274 259/1005/1275 260/1006/1276
f 476/885/1277 478/1007/1278 477/1008/1279
f 257/1009/1280 370/1010/1281 369/1011/1282
f 374/1012/1283 241/1013/1284 373/1014/1285
f 246/1015/1286 435/541/1287 434/1016/1288
f 513/1017/1289 514/1018/1290 511/1019/1291
f 399/1020/1292 394/1021/1293 395/1022/1294
f 447/337/1295 319/1023/1296 448/332/1297
f 508/1024/1298 505/1025/1299 509/1026/1300
f 452/1027/1301 454/1028/1302 453/485/1303
f 311/1029/1304 326/486/1305 325/1030/1306
f 451/1031/1307 452/1032/1308 453/1033/1309
f 381/1034/1310 295/1035/1311 296/1036/1312
f 143/1037/1313 451/777/1314 309/1038/1315
f 85/1039/1316 83/2/1317 392/1/1318
f 83/2/1319 106/740/1320 390/3/1321
f 420/789/1322 160/1040/1323 159/281/1324
f 47/1041/1325 114/4/1326 337/6/1327
f 31/1042/1328 380/1043/1329 100/9/1330
f 380/1043/1331 379/7/1332 100/9/1333
f 195/316/1334 260/1044/1335 489/12/1336
f 260/1044/1337 259/10/1338 489/12/1339
f 286/14/1340 137/658/1341 442/657/1342
f 442/657/1343 441/15/1344 286/14/1345
f 441/15/1346 254/724/1347 287/13/1348
f 254/724/1349 253/1045/1350 287/13/1351
f 164/22/1352 73/140/1353 128/23/1354
f 108/807/1355 114/809/1356 47/255/1357
f 282/28/1358 41/321/1359 29/29/1360
f 228/35/1361 225/705/1362 220/36/1363
f 234/37/1364 105/1046/1365 87/38/1366
f 410/1047/1367 238/1048/1368 118/48/1369
f 238/1048/1370 273/46/1371 118/48/1372
f 378/52/1373 376/1049/1374 377/53/1375
f 269/1050/1376 377/1051/1377 40/484/1378
f 377/1051/1379 376/158/1380 40/484/1381
f 376/158/1382 102/121/1383 40/484/1384
f 272/63/1385 376/1049/1386 378/52/1387
f 378/52/1388 380/61/1389 272/63/1390
f 137/658/1391 250/73/1392 139/75/1393
f 198/76/1394 302/649/1395 261/77/1396
f 355/464/1397 352/1052/1398 351/1053/1399
f 47/95/1400 337/1054/1401 336/96/1402
f 456/100/1403 145/359/1404 458/98/1405
f 145/359/1406 461/1055/1407 458/98/1408
f 222/101/1409 513/1056/1410 512/102/1411
f 132/104/1412 371/1057/1413 372/105/1414
f 79/642/1415 167/1058/1416 356/111/1417
f 167/1058/1418 476/112/1419 356/111/1420
f 449/113/1421 135/1059/1422 12/114/1423
f 93/123/1424 90/117/1425 67/116/1426
f 90/117/1427 317/366/1428 316/118/1429
f 436/130/1430 435/1060/1430 144/26/1430
f 22/136/1431 39/327/1432 495/134/1433
f 433/1061/1434 446/137/1435 248/139/1436
f 420/789/1437 349/623/1438 160/1040/1439
f 157/143/1440 155/648/1441 340/144/1442
f 428/50/1443 371/1057/1444 132/104/1445
f 395/152/1446 393/1062/1447 402/153/1448
f 520/155/1449 234/37/1450 88/39/1451
f 268/1063/1452 288/1064/1453 265/354/1454
f 288/1064/1455 290/119/1456 375/159/1457
f 265/354/1458 288/1064/1459 375/159/1460
f 290/119/1461 102/121/1462 375/159/1463
f 30/160/1464 63/670/1465 314/161/1466
f 403/167/1467 115/720/1468 116/168/1469
f 104/478/1470 365/173/1471 107/175/1472
f 342/176/1473 127/627/1474 130/127/1475
f 430/177/1476 91/1065/1477 94/178/1478
f 312/1066/1479 51/184/1480 387/183/1481
f 319/509/1482 54/567/1483 202/510/1484
f 466/188/1485 251/1067/1486 465/189/1487
f 12/775/1488 135/192/1489 36/191/1490
f 311/636/1491 335/635/1492 308/197/1493
f 438/199/1494 35/476/1495 434/200/1496
f 269/1068/1497 40/1069/1498 41/1070/1499
f 422/204/1500 340/1071/1501 248/205/1502
f 416/209/1503 170/641/1504 479/544/1505
f 170/641/1506 478/355/1507 479/544/1508
f 479/544/1509 173/207/1510 416/209/1511
f 304/211/1512 473/1072/1513 179/212/1514
f 162/387/1515 475/215/1516 167/214/1517
f 158/220/1518 159/1073/1519 160/221/1520
f 415/225/1521 74/715/1522 158/223/1523
f 74/715/1524 156/1074/1525 158/223/1526
f 506/227/1527 508/1075/1528 174/228/1529
f 27/234/1530 28/171/1531 501/693/1532
f 501/693/1533 500/232/1534 27/234/1535
f 385/237/1536 134/282/1537 125/238/1538
f 289/241/1539 207/425/1540 295/242/1541
f 295/787/1542 209/246/1543 296/245/1544
f 209/246/1545 194/78/1546 261/77/1547
f 262/244/1548 209/246/1549 261/77/1550
f 192/247/1551 6/430/1552 283/248/1553
f 214/1076/1554 215/251/1555 381/250/1556
f 215/251/1557 45/538/1558 382/252/1559
f 100/1077/1560 30/1078/1561 240/162/1562
f 491/1079/1563 267/1080/1564 492/1081/1565
f 267/1080/1566 266/260/1567 487/259/1568
f 492/1081/1569 267/1080/1570 487/259/1571
f 266/260/1572 21/1082/1573 488/258/1574
f 31/62/1575 197/1083/1576 21/1084/1577
f 197/1083/1578 488/1085/1579 21/1084/1580
f 459/1086/1581 447/1087/1582 325/331/1583
f 112/264/1584 51/1088/1585 69/265/1586
f 280/267/1587 29/1089/1588 43/268/1589
f 431/562/1590 412/271/1591 373/270/1592
f 412/271/1593 20/771/1594 374/149/1595
f 200/1090/1596 331/1091/1597 333/273/1598
f 331/1091/1599 330/272/1600 333/273/1601
f 199/277/1602 203/1092/1603 369/278/1604
f 134/282/1605 95/306/1606 17/283/1607
f 283/1093/1608 146/285/1609 284/284/1610
f 146/285/1611 482/190/1612 464/286/1613
f 374/149/1614 105/151/1615 241/292/1616
f 105/151/1617 362/290/1618 241/292/1619
f 97/294/1620 103/711/1621 60/295/1622
f 124/296/1623 12/1094/1624 239/297/1625
f 313/784/1626 386/563/1627 431/562/1628
f 287/13/1629 253/1045/1630 252/187/1631
f 134/282/1632 119/1095/1633 2/305/1634
f 26/307/1635 5/659/1636 293/308/1637
f 490/310/1638 243/1096/1639 445/311/1640
f 80/313/1641 50/21/1642 327/314/1643
f 131/1097/1644 233/1098/1645 86/1099/1646
f 86/1100/1647 233/1101/1648 107/1102/1649
f 233/1101/1650 520/155/1651 107/1102/1652
f 24/320/1653 29/29/1654 41/321/1655
f 99/323/1656 18/592/1657 332/324/1658
f 64/107/1659 56/440/1660 63/326/1661
f 121/595/1662 446/597/1663 433/749/1664
f 39/327/1665 19/1103/1666 494/249/1667
f 19/1103/1668 192/247/1669 494/249/1670
f 504/329/1671 227/1104/1672 514/330/1673
f 514/330/1674 515/1105/1675 503/328/1676
f 515/1105/1677 223/1106/1678 503/328/1679
f 449/113/1680 124/115/1681 325/331/1682
f 481/333/1683 173/207/1684 168/334/1685
f 308/197/1686 61/94/1687 33/93/1688
f 78/338/1689 76/689/1690 7/339/1691
f 177/341/1692 176/1107/1693 218/342/1694
f 109/521/1695 406/344/1696 113/346/1697
f 432/1108/1698 248/639/1699 221/661/1700 147/750/1701
f 104/1109/1702 84/1110/1703 367/1111/1704
f 100/1077/1705 240/162/1706 97/643/1707
f 478/355/1708 170/641/1709 169/356/1710
f 462/358/1711 461/1055/1711 145/359/1711
f 278/1112/1712 439/364/1713 279/363/1714
f 149/1113/1715 46/392/1716 307/1114/1717
f 53/81/1718 336/1115/1719 317/366/1720
f 261/1116/1721 212/368/1722 262/244/1723
f 212/368/1724 211/744/1725 296/245/1726
f 200/369/1727 333/958/1728 498/370/1729
f 279/1117/1730 237/372/1731 33/374/1732
f 10/375/1733 41/1070/1734 282/376/1734
f 304/1118/1735 178/380/1736 305/379/1737
f 8/378/1738 178/380/1739 274/1119/1740
f 289/120/1741 493/280/1742 208/40/1743
f 192/1120/1744 497/382/1745 6/381/1746
f 324/785/1747 354/385/1748 322/384/1749
f 354/385/1750 77/32/1751 321/31/1752
f 113/388/1753 69/1121/1754 59/389/1755
f 471/393/1756 153/694/1757 303/391/1758
f 303/391/1759 307/1114/1760 46/392/1761
f 46/392/1762 472/620/1763 471/393/1764
f 246/396/1765 35/476/1766 197/394/1767
f 200/1090/1768 121/595/1769 205/1122/1770
f 20/400/1771 121/1123/1772 147/401/1773
f 94/403/1774 91/479/1775 58/122/1776
f 157/409/1777 159/1124/1778 158/410/1779
f 480/414/1780 475/1125/1781 166/415/1782
f 75/417/1783 79/642/1784 66/418/1785
f 42/423/1786 26/461/1787 209/424/1788
f 234/428/1789 81/1126/1790 362/426/1791
f 81/1126/1792 360/1127/1793 362/426/1794
f 59/87/1795 69/1128/1796 68/431/1797
f 249/432/1798 3/419/1799 66/418/1800
f 66/418/1801 44/74/1802 249/432/1803
f 346/437/1804 335/635/1805 118/438/1806
f 468/823/1807 156/1074/1808 74/715/1809
f 74/715/1810 151/714/1811 468/823/1812
f 190/445/1813 116/1129/1814 115/446/1815
f 225/1130/1816 228/449/1817 229/448/1818
f 17/451/1819 37/614/1820 196/452/1821
f 75/417/1822 3/419/1823 285/186/1824
f 315/456/1825 52/1131/1826 385/237/1827
f 174/228/1828 6/1132/1829 291/457/1830
f 327/458/1831 16/469/1832 44/459/1833
f 26/461/1834 42/423/1835 38/434/1836
f 505/1133/1837 516/1134/1838 509/463/1839
f 516/1134/1840 517/450/1841 509/463/1842
f 77/466/1843 354/1135/1844 355/464/1845
f 355/464/1846 351/1053/1847 347/465/1848
f 449/473/1849 448/1136/1849 120/474/1849
f 107/175/1850 89/683/1851 84/477/1852
f 122/480/1853 9/1137/1854 34/481/1855
f 98/483/1856 24/1138/1857 40/484/1858
f 453/485/1859 454/1028/1860 326/486/1861
f 4/488/1862 276/759/1863 440/489/1864
f 187/447/1865 115/446/1866 111/518/1867
f 34/494/1868 101/734/1869 95/495/1870
f 149/1113/1871 306/1139/1872 482/190/1873
f 180/500/1874 215/1140/1875 214/501/1876
f 239/507/1877 36/191/1878 273/505/1879
f 36/191/1880 251/1141/1881 273/505/1882
f 74/218/1883 415/1142/1884 414/1143/1885
f 414/1143/1886 345/1144/1887 74/218/1888
f 202/1145/1889 60/1146/1890 201/516/1891
f 60/1146/1892 328/514/1893 201/516/1894
f 355/517/1895 323/503/1896 136/85/1897
f 186/236/1898 181/229/1899 111/518/1900
f 109/521/1901 393/804/1902 405/520/1903
f 405/520/1904 393/804/1905 395/1147/1906
f 486/395/1907 197/394/1908 31/522/1909
f 348/1148/1910 161/1149/1911 160/817/1912
f 120/474/1913 201/508/1914 204/181/1915
f 477/1150/1916 169/1151/1917 356/315/1918
f 169/1151/1919 80/313/1920 356/315/1921
f 477/1150/1922 356/315/1923 357/110/1924
f 195/316/1925 23/650/1926 302/649/1927
f 42/42/1928 25/41/1929 247/526/1930
f 84/477/1931 19/1103/1932 39/327/1933
f 388/185/1934 330/272/1935 387/183/1936
f 330/272/1937 331/564/1938 387/183/1939
f 177/528/1940 225/1130/1941 229/448/1942
f 268/530/1943 267/1152/1944 491/531/1945
f 221/535/1946 510/634/1947 264/536/1948
f 216/172/1949 43/97/1950 45/538/1951
f 245/539/1952 54/704/1953 141/540/1954
f 392/542/1955 391/44/1956 96/43/1957
f 479/544/1958 476/1153/1959 167/545/1960
f 140/546/1961 48/1154/1962 15/547/1963
f 96/43/1964 366/45/1964 368/549/1964
f 311/1029/1965 325/1030/1966 411/1155/1967
f 325/1030/1968 124/115/1969 411/1155/1970
f 90/117/1971 92/1156/1972 317/366/1973
f 92/1156/1974 64/1157/1975 317/366/1976
f 183/551/1977 184/1158/1978 189/552/1979
f 51/184/1980 112/1159/1980 407/557/1981
f 233/1098/1982 131/1097/1983 81/561/1984
f 131/1097/1985 430/559/1986 81/561/1987
f 386/563/1988 387/183/1989 331/564/1990
f 465/758/1991 36/191/1992 440/193/1993
f 361/291/1994 424/147/1995 241/292/1996
f 424/147/1997 117/146/1998 241/292/1999
f 246/1160/2000 486/1161/2001 245/568/2002
f 486/1161/2003 485/569/2004 245/568/2005
f 485/569/2006 202/510/2007 54/567/2008
f 429/560/2009 423/1162/2010 360/570/2011
f 120/474/2012 204/181/2013 4/180/2014
f 173/815/2015 481/573/2016 417/572/2017
f 481/573/2018 127/627/2019 418/571/2020
f 68/1163/2021 69/575/2022 313/574/2023
f 69/575/2024 51/1164/2025 312/576/2026
f 126/482/2027 34/481/2028 2/577/2029
f 98/483/2030 102/121/2031 289/120/2032
f 289/120/2033 383/1165/2034 98/483/2035
f 229/448/2036 231/1166/2037 175/578/2038
f 408/58/2039 116/166/2040 28/171/2041
f 28/171/2042 1/350/2043 408/58/2044
f 517/583/2045 518/764/2046 231/584/2047
f 300/588/2048 194/78/2049 299/586/2050
f 299/586/2051 298/1167/2052 258/587/2053
f 27/234/2054 195/316/2055 18/592/2056
f 195/316/2057 489/12/2058 490/310/2059
f 490/310/2060 55/312/2061 499/1168/2062
f 499/1168/2063 18/592/2064 490/310/2065
f 165/691/2066 162/594/2067 359/593/2068
f 162/594/2069 75/417/2070 358/454/2071
f 121/595/2072 200/1090/2073 320/596/2074
f 206/606/2075 199/277/2076 88/279/2077
f 7/1169/2078 76/1170/2079 359/1171/2080
f 76/1170/2081 165/1172/2082 359/1171/2083
f 132/104/2084 425/1173/2085 363/608/2086
f 122/697/2087 427/609/2088 9/543/2089
f 427/609/2090 428/1174/2091 85/610/2092
f 99/323/2093 27/234/2094 18/592/2095
f 224/611/2096 519/901/2097 505/612/2098
f 519/901/2099 516/763/2100 505/612/2101
f 37/614/2102 22/735/2103 193/615/2104
f 220/36/2105 217/706/2106 46/616/2107
f 13/618/2108 216/172/2109 215/251/2110
f 129/303/2111 71/132/2112 128/131/2113
f 150/621/2114 154/1175/2115 472/620/2116
f 154/1175/2117 469/1176/2118 472/620/2119
f 77/32/2120 347/1177/2121 421/33/2122
f 347/1177/2123 349/623/2124 421/33/2125
f 349/623/2126 420/789/2127 419/622/2128
f 78/1178/2129 346/1179/2130 76/624/2131
f 174/625/2132 508/1180/2133 509/34/2134
f 509/34/2135 220/36/2136 149/617/2137
f 49/84/2138 140/546/2139 138/548/2140
f 342/176/2141 343/628/2142 127/627/2143
f 343/628/2144 345/1181/2145 418/571/2146
f 474/1182/2147 72/630/2148 473/629/2149
f 72/630/2150 71/1183/2151 179/631/2152
f 224/632/2153 152/707/2154 263/633/2155
f 311/636/2156 411/1184/2157 410/637/2158
f 410/637/2159 118/1185/2160 335/635/2161
f 520/682/2162 233/1186/2163 81/1126/2164
f 81/1126/2165 234/428/2166 520/682/2167
f 9/1187/2168 85/1188/2169 392/1189/2170
f 162/594/2171 167/1058/2172 79/642/2173
f 31/522/2174 100/1077/2175 255/523/2176
f 100/1077/2177 97/643/2178 255/523/2179
f 50/21/2180 352/20/2181 49/84/2182
f 132/1190/2183 92/646/2184 425/645/2185
f 92/646/2186 90/1191/2187 426/647/2188
f 206/606/2189 147/537/2190 264/536/2191
f 5/659/2192 137/658/2193 293/308/2194
f 137/658/2195 139/75/2196 293/308/2197
f 223/795/2198 155/1192/2199 467/1193/2200
f 319/652/2201 201/516/2202 120/653/2203
f 388/185/2204 51/184/2205 389/655/2206
f 51/184/2207 409/558/2208 1/350/2209
f 441/15/2210 437/1194/2211 254/724/2212
f 52/1195/2213 315/656/2214 62/441/2215
f 315/656/2216 314/1196/2217 63/326/2218
f 38/163/2219 442/657/2220 5/659/2221
f 422/204/2222 123/206/2223 322/384/2224
f 123/206/2225 444/525/2226 322/384/2227
f 70/210/2228 153/195/2228 471/663/2228
f 454/667/2229 457/99/2230 458/98/2230
f 444/525/2231 320/596/2232 498/669/2233
f 498/669/2234 499/1168/2235 55/312/2236
f 10/55/2237 57/57/2238 63/670/2239
f 466/1197/2240 482/190/2241 306/1139/2242
f 482/190/2243 174/257/2244 149/1113/2245
f 22/735/2246 368/1198/2247 39/1199/2248
f 368/1198/2249 367/1111/2250 39/1199/2251
f 145/671/2252 456/1200/2253 455/1201/2254
f 455/1201/2255 450/672/2256 145/671/2257
f 450/672/2258 451/1202/2259 143/673/2260
f 144/299/2261 141/301/2262 462/358/2263
f 141/301/2264 463/1203/2265 462/358/2266
f 469/679/2267 154/219/2268 344/680/2269
f 520/682/2270 370/1204/2271 89/683/2272
f 217/343/2273 218/342/2274 150/687/2275
f 188/553/2276 187/447/2277 111/518/2278
f 371/696/2279 427/609/2280 122/697/2281
f 165/386/2282 163/708/2283 475/215/2284
f 163/708/2285 166/710/2286 475/215/2287
f 182/231/2288 183/551/2289 188/553/2290
f 152/1205/2291 224/702/2292 483/701/2293
f 224/702/2294 507/1206/2295 506/227/2296
f 484/226/2297 224/702/2298 506/227/2299
f 313/1207/2300 82/1208/2301 68/404/2302
f 82/1208/2303 94/403/2304 68/404/2305
f 175/578/2306 231/1166/2307 232/347/2308
f 189/552/2309 190/445/2310 187/447/2311
f 225/705/2312 177/1209/2313 217/706/2314
f 203/1092/2315 199/277/2316 152/707/2317
f 199/277/2318 264/536/2319 263/633/2320
f 103/711/2321 384/455/2322 328/712/2323
f 247/934/2324 25/717/2325 487/716/2326
f 25/717/2327 493/1210/2328 492/718/2329
f 401/719/2330 111/518/2331 115/720/2332
f 127/723/2333 481/1211/2334 480/721/2335
f 480/721/2336 172/1212/2337 130/722/2338
f 254/724/2339 437/1194/2340 439/725/2341
f 9/730/2342 96/1213/2343 101/731/2344
f 43/80/2345 29/29/2346 24/320/2347
f 101/734/2348 96/1214/2349 22/735/2350
f 230/1215/2351 519/1216/2352 510/634/2353
f 519/1216/2354 224/632/2355 510/634/2356
f 385/237/2357 52/1131/2358 134/282/2359
f 52/1131/2360 119/1095/2361 134/282/2362
f 443/736/2363 445/311/2364 322/384/2365
f 324/785/2366 322/384/2367 445/311/2368
f 299/586/2369 194/78/2370 209/246/2371
f 209/246/2372 26/307/2373 297/309/2374
f 445/1217/2375 443/1218/2376 55/1219/2377
f 443/1218/2378 444/1220/2378 55/1219/2378
f 172/416/2379 166/415/2380 164/737/2381
f 50/21/2382 80/313/2383 353/19/2384
f 80/313/2385 161/1221/2386 350/739/2387
f 258/1222/2388 298/1223/2389 15/1224/2390
f 298/1223/2391 292/1225/2392 15/1224/2393
f 83/2/2394 363/1226/2395 106/740/2396
f 363/1226/2397 365/173/2398 106/740/2399
f 92/1227/2400 372/742/2401 64/741/2402
f 372/742/2403 371/1228/2404 56/743/2405
f 381/250/2406 211/590/2407 214/1076/2408
f 182/231/2409 185/230/2410 211/744/2411
f 152/745/2412 14/1229/2413 257/555/2414
f 258/746/2415 15/1230/2416 48/747/2417
f 117/146/2418 431/562/2419 241/292/2420
f 433/749/2421 432/1108/2422 147/750/2423
f 466/753/2424 306/1231/2425 305/751/2426
f 305/751/2427 8/1232/2428 251/752/2429
f 300/754/2430 48/1154/2431 244/755/2432
f 440/193/2433 276/759/2434 465/758/2435
f 276/759/2436 284/1233/2437 464/757/2438
f 90/1234/2439 93/533/2440 426/318/2441
f 93/533/2442 133/319/2443 426/318/2444
f 13/760/2445 110/1235/2446 111/518/2447
f 219/765/2448 151/1236/2449 150/687/2450
f 56/766/2451 122/480/2452 126/482/2453
f 232/1237/2454 231/584/2455 230/768/2456
f 231/584/2457 518/764/2458 230/768/2459
f 183/769/2460 502/1238/2461 501/71/2462
f 142/360/2463 145/359/2464 143/773/2465
f 143/773/2466 235/1239/2467 237/774/2468
f 502/1240/2469 212/368/2470 261/1116/2471
f 261/1116/2472 301/872/2473 502/1240/2474
f 293/780/2475 139/468/2476 138/467/2477
f 138/467/2478 15/1241/2479 292/779/2480
f 84/783/2481 89/1242/2482 294/781/2483
f 270/352/2484 269/1050/2485 41/321/2484
f 277/786/2486 279/1117/2487 33/374/2488
f 281/56/2489 242/79/2490 65/433/2491
f 183/551/2492 182/231/2493 502/1240/2494
f 182/231/2495 212/368/2496 502/1240/2497
f 318/600/2498 459/599/2499 460/788/2500
f 460/788/2501 463/1203/2502 141/301/2503
f 141/301/2504 319/509/2505 460/788/2506
f 3/1243/2507 249/790/2508 285/792/2509
f 219/796/2510 503/794/2511 468/797/2512
f 300/588/2513 260/1244/2514 198/76/2515
f 396/582/2516 400/1245/2517 398/799/2518
f 47/255/2519 404/800/2520 398/799/2521
f 256/293/2522 60/295/2523 202/510/2524
f 136/801/2525 244/1246/2526 48/802/2527
f 108/1247/2528 398/799/2529 109/521/2530
f 398/799/2531 397/1248/2532 393/804/2533
f 179/1249/2534 71/806/2535 178/805/2536
f 71/806/2537 275/47/2538 274/361/2539
f 155/1250/2540 223/1251/2541 222/101/2542
f 223/1251/2543 513/1056/2544 222/101/2545
f 108/807/2546 109/1252/2547 113/808/2548
f 125/238/2549 17/283/2550 191/182/2551
f 356/111/2552 327/314/2553 66/418/2554
f 71/1253/2555 129/439/2556 275/1254/2557
f 129/439/2558 118/438/2559 275/1254/2560
f 394/59/2561 405/1255/2562 395/1256/2563
f 252/1257/2564 277/1258/2565 7/1169/2566
f 4/488/2567 191/453/2568 276/759/2569
f 313/784/2570 431/562/2571 117/146/2572
f 172/416/2573 128/131/2574 72/133/2575
f 160/817/2576 161/1149/2577 169/356/2578
f 374/149/2579 20/771/2580 87/150/2581
f 95/818/2582 101/731/2583 37/819/2584
f 155/1259/2585 157/822/2586 467/821/2587
f 157/822/2588 156/1074/2589 468/823/2590
f 397/824/2591 401/761/2592 403/167/2593
f 219/765/2594 175/827/2595 503/826/2596
f 175/827/2597 227/1260/2598 504/828/2599
f 176/1107/2600 175/827/2601 219/765/2602 218/342/2603
f 252/1261/2604 253/1262/2605 254/955/2606
f 266/832/2607 267/1263/2608 268/833/2609
f 275/47/2610 273/910/2611 274/361/2612
f 279/1264/2613 277/956/2614 278/1265/2615
f 284/1266/2616 193/889/2617 283/1267/2618
f 307/849/2619 303/943/2620 305/848/2621
f 303/943/2622 304/848/2623 305/848/2624
f 347/854/2625 348/997/2626 160/855/2627
f 351/856/2628 352/1268/2629 353/857/2630
f 390/1269/2631 391/1270/2632 392/1271/2633
f 408/1272/2634 409/1273/2635 394/1274/2636
f 416/1275/2637 413/1276/2638 415/1277/2639
f 413/1276/2640 414/1278/2641 415/1277/2642
f 454/879/2643 455/1279/2644 456/880/2645
f 470/882/2646 471/1280/2647 472/883/2648
f 493/968/2649 491/1281/2650 492/1282/2651
f 511/1283/2652 512/1284/2653 513/1017/2654
f 243/892/2655 244/1285/2656 323/893/2657
f 364/895/2658 363/864/2659 425/896/2660
f 321/898/2661 421/952/2662 422/899/2663
f 391/902/2664 390/1269/2665 367/866/2666
f 410/904/2667 411/1286/2668 239/905/2669
f 407/907/2670 406/1287/2671 405/908/2671
f 379/91/2672 378/52/2673 269/54/2673
f 500/911/2674 501/1288/2675 502/912/2676
f 249/790/2677 250/472/2678 286/471/2679
f 388/916/2680 389/1289/2681 332/917/2682
f 316/919/2683 317/1290/2684 336/920/2685
f 272/928/2686 271/932/2687 375/929/2688
f 266/931/2689 265/834/2690 271/932/2691
f 341/935/2692 342/1291/2693 470/936/2694
f 437/999/2695 441/1292/2696 442/1293/2697
f 308/937/2698 309/1294/2699 310/938/2700
f 414/940/2701 413/1295/2702 417/874/2703
f 473/942/2704 304/1296/2705 303/943/2706
f 494/888/2707 283/1267/2708 193/889/2709
f 240/1297/2710 314/1298/2711 315/1299/2712
f 459/945/2713 325/1300/2714 326/946/2715
f 520/155/2716 369/156/2717 370/1301/2718
f 338/949/2719 340/951/2720 339/953/2721
f 340/951/2722 422/899/2723 421/952/2724
f 14/842/2725 483/1302/2726 484/954/2727
f 254/955/2728 278/1265/2729 277/956/2730
f 281/837/2731 280/1303/2732 242/1304/2733
f 333/958/2734 332/443/2735 499/442/2736
f 341/959/2737 344/1305/2738 343/960/2739
f 460/965/2740 459/1306/2741 458/947/2742
f 288/967/2743 491/1281/2744 493/968/2745
f 396/582/2746 401/591/2747 400/1245/2748
f 430/972/2749 424/1307/2750 423/973/2751
f 361/860/2752 360/859/2753 423/975/2754
f 465/1308/2755 464/1309/2756 482/1310/2757
f 312/977/2758 387/1311/2759 386/978/2760
f 292/980/2761 298/1312/2762 297/981/2763
f 489/983/2764 244/1313/2765 243/892/2766
f 329/985/2767 328/1314/2768 384/986/2769
f 355/988/2770 354/1315/2771 324/989/2772
f 255/994/2773 256/1316/2774 485/995/2775
f 351/856/2776 350/858/2777 348/997/2778
f 476/885/2779 479/1317/2780 478/1007/2781
f 257/1009/2782 496/1318/2783 370/1010/2784
f 246/1015/2785 245/539/2786 435/541/2787
f 513/1017/2788 515/1319/2789 514/1018/2790
f 447/337/2791 318/1320/2792 319/1023/2793
f 508/1024/2794 506/1321/2795 505/1025/2796
f 311/1029/2797 310/487/2798 326/486/2799
f 467/793/2800 468/797/2801 503/794/2802
f 451/1031/2803 450/1322/2804 452/1032/2805
f 302/1323/2806 301/1324/2807 261/1325/2808
f 402/991/2809 403/993/2810 399/1326/2811
f 381/1034/2812 383/1327/2813 295/1035/2814
f 371/1328/2815 428/1329/2816 427/1330/2817
f 308/937/2818 236/1331/2819 235/1332/2820
f 279/1264/2821 11/25/2822 142/27/2823
f 142/27/2824 237/372/2825 279/1117/2826
f 7/339/2827 359/1333/2828 285/792/2829 252/1257/2830
f 192/247/2831 19/1103/2832 294/1334/2833 497/287/2834
f 452/1335/2835 450/1336/2836 455/1337/2837 454/1028/2838
f 339/1338/2839 421/33/2840 419/622/2841 338/1339/2842
f 98/483/2843 383/1165/2844 382/1340/2845 45/1341/2846 24/1138/2847
f 284/1233/2848 276/759/2849 191/453/2850 196/1342/2851 193/135/2852
f 463/1343/2853 460/1344/2854 461/1345/2855 462/1346/2856
f 103/262/2857 240/261/2858 315/456/2859 384/455/2860
f 74/218/2861 345/1144/2862 344/680/2863 154/219/2864
f 335/810/2865 346/1347/2866 78/1348/2867 61/811/2868
f 67/86/2869 316/1349/2870 337/1350/2871 59/87/2872
f 510/634/2873 221/535/2874 226/1351/2875 230/1215/2876
f 198/1352/2877 260/1353/2878 195/316/2879 302/649/2880
f 53/81/2881 43/80/2882 336/1115/2883
f 327/314/2884 50/21/2885 16/626/2886
f 20/771/2887 412/1354/2888 205/1355/2889 121/1123/2890
f 222/835/2891 226/660/2892 148/638/2893
f 104/1109/2894 367/527/2895 106/850/2896
f 309/1356/2897 308/937/2898 235/1357/2899 143/1037/2900
f 86/17/2901 364/16/2902 133/319/2903 131/1097/2904
f 131/1358/2905 133/1359/2906 91/1065/2907 430/177/2908
f 496/1360/2909 294/781/2910 89/1242/2911 370/1361/2912
f 511/1362/2913 514/348/2914 232/347/2915 230/1215/2916
f 409/1273/2917 407/1363/2918 394/1274/2919
f 320/1364/2920 444/525/2921 446/1365/2922
f 400/1366/2923 401/1367/2924 397/1368/2925 398/1369/2926
f 434/200/2927 436/130/2928 11/25/2929 439/198/2930
f 47/255/2931 398/799/2932 108/807/2933
f 247/934/2934 488/662/2935 35/665/2936 437/664/2937
f 149/1113/2938 307/1114/2939 306/1139/2940
f 512/1370/2941 511/1362/2942 230/1215/2943 226/1351/2944
f 205/1122/2945 412/271/2946 331/1091/2947 200/1090/2948
f 334/196/2949 308/197/2950 335/1371/2951
