# Blender 5.2.0 LTS
# www.blender.org
o SM_VRKS_Corner_A
v -2.617004 4.626952 -0.468954
v -2.091789 0.508958 1.516695
v -1.954965 4.742839 0.771969
v -2.589579 3.178955 -0.176903
v -0.141887 4.921760 0.730118
v 0.143432 2.602900 1.158816
v 1.633843 3.148356 -1.883574
v -2.010433 4.266065 0.970691
v 0.386939 2.544670 -1.789002
v 0.157342 0.401345 -1.887914
v -2.841315 2.893377 -0.723178
v 1.568075 0.400823 -2.051273
v -1.118062 4.577071 0.638841
v -0.877948 2.702822 1.009960
v -1.375903 0.175707 1.597928
v -1.038404 3.931365 1.120095
v -2.701817 3.462691 -0.744848
v -0.450737 0.237233 -1.858364
v -1.535006 1.179495 -1.642248
v -1.073103 3.192814 -1.390253
v -0.899175 2.051161 -1.384511
v -0.014082 0.771754 1.628003
v -2.223001 4.126145 -1.018298
v -2.713307 3.767043 -0.762044
v 1.058553 3.931695 -1.893422
v -1.933530 4.485411 0.883606
v -0.878928 4.306552 -1.290988
v -0.132223 4.535896 0.865614
v 0.221359 4.036795 -1.704499
v -0.719732 2.679593 -1.181463
v -0.131596 3.807896 1.117599
v 1.430820 2.618251 -1.876318
v 0.478845 3.220226 -1.737713
v -1.040859 3.535770 1.189183
v -2.690259 3.551255 -0.775184
v -0.897745 2.560889 -1.263337
v -2.592620 3.041662 -0.524578
v 0.158340 2.288567 -1.674960
v -2.670012 2.189532 0.166572
v 0.049477 1.878696 -1.719882
v 1.835578 0.847847 -1.959853
v -1.507410 0.741748 -1.627252
v 1.811884 3.960859 0.543670
v 1.251252 4.816428 -1.848989
v -2.275482 4.759305 0.461480
v -0.260656 5.475941 -0.613880
v -1.162478 5.558952 -1.266479
v -0.410765 0.361928 0.077270
v -0.398962 0.442299 -0.694241
v 0.438166 0.295910 -0.679401
v -2.387332 1.440597 0.737992
v -1.804250 4.601477 -0.643360
v 1.498540 3.711937 -1.845877
v 1.384104 3.988020 -1.673737
v -2.163948 2.118813 0.636139
v 1.748478 0.275530 0.367734
v 2.276977 2.667571 0.324235
v 2.010702 4.118807 -0.289104
v 2.171334 3.633194 0.039966
v 2.317896 1.968177 0.284355
v 2.441248 1.464661 0.430454
v 2.120398 3.770987 -1.636593
v 2.497628 0.308643 -1.123616
v 1.866544 0.440829 -1.980147
v 1.087743 0.374264 -1.110530
v 0.773807 0.332333 -1.610069
v 2.009540 3.684325 -1.786868
v 1.588232 2.631010 -1.802235
v -2.349305 0.823855 1.667904
v -2.388464 0.392446 1.670940
v -2.388476 3.601314 1.414778
v -1.224427 2.726627 1.222140
v -2.285041 4.050871 1.296628
v -2.451081 2.189509 1.507409
v -1.150208 1.537715 1.546453
v -1.414682 3.493285 1.290311
v -1.094522 2.149187 1.266719
v -2.439704 2.418181 0.676703
v -2.526732 4.005928 0.951158
v -2.690476 3.297985 0.731251
v -2.418862 1.929302 0.673292
v -2.474088 3.346279 -0.979213
v -2.479240 3.655993 -0.957773
v -2.526001 4.273706 -0.790084
v -2.277423 3.308375 -1.011064
v -2.433880 2.978433 -1.104473
v -1.869748 4.701726 0.176522
v -2.169558 4.790956 -0.441265
v -1.837356 2.840761 1.336479
v -1.955117 0.291953 1.824805
v -1.946647 3.518513 1.326043
v -1.846922 2.176080 1.355753
v -3.037859 0.844478 -0.245870
v -2.980896 1.397648 -0.262665
v -2.747084 1.386759 0.284332
v -2.997589 0.265862 -0.617440
v -3.093150 0.799577 -0.712769
v -2.750812 2.038711 -0.029798
v -2.810209 0.897615 0.292970
v -2.809050 1.674640 -1.129032
v -2.521570 0.222652 0.516107
v -2.531382 0.870238 0.410650
v -2.544647 1.465236 0.375879
v -2.953345 0.822632 -1.072155
v 1.129022 5.062822 -0.621089
v -2.321949 0.303392 1.287787
v 1.518660 4.316527 -0.621056
v -0.394270 0.361097 0.924731
v -2.177439 4.160520 0.906022
v 0.418498 0.380308 0.120722
v 0.711291 5.611551 -0.303415
v -1.531380 0.371056 1.227332
v 2.382711 2.529496 0.268947
v 2.794208 1.347958 -0.030344
v 2.361398 3.065866 0.182550
v 2.409449 1.966607 0.118312
v -2.582633 0.410293 1.297296
v -2.421620 4.012227 1.158028
v -2.412508 1.534570 1.322896
v -2.493340 3.407773 0.999381
v -2.550196 2.157715 1.162351
v -2.665317 0.786696 1.357417
v 0.341789 4.887228 0.573609
v -0.555751 4.769887 -1.398970
v 0.188830 2.171580 -1.605166
v -0.114698 3.094806 -1.343973
v -0.023075 1.254235 -1.764376
v -0.352491 3.708236 -1.439506
v 0.330530 4.740786 0.799901
v 0.070081 1.756381 -1.649888
v -0.275542 0.796380 -1.732740
v 0.103505 5.679400 -0.654788
v -0.016840 0.253030 -0.361290
v -0.146851 0.343036 -0.979840
v 0.226204 5.543109 -0.171267
v 1.186604 5.417998 -1.800409
v 0.654894 5.981575 -0.739375
v 0.258436 5.875077 -0.676748
v 0.986470 0.208944 0.896512
v 0.135188 2.531004 1.593706
v -0.102683 1.450643 1.589142
v 1.723969 0.306769 0.597152
v 2.449633 3.808538 0.316464
v 2.473529 0.735952 0.381923
v 2.454556 0.178042 0.352461
v 2.738590 0.743495 -0.069316
v 2.859634 0.102335 -0.073192
v 2.902318 0.318907 -1.012232
v 2.399825 0.306384 -1.878651
v 2.308698 2.282568 -1.688437
v 2.741075 2.203055 -1.045073
v 2.954443 3.563669 -0.908008
v 2.878171 1.266660 -1.091552
v 2.219509 2.661610 -1.660743
v 2.812577 2.687085 -0.950660
v 2.958232 1.763249 -0.946373
v 2.501815 0.821579 -1.863463
v 3.093150 0.633976 -1.077995
v 2.631459 2.435582 -0.032548
v 2.739581 3.388820 -0.353585
v 2.623749 2.940100 -0.127259
v 2.659848 1.874995 -0.118854
v 2.683717 1.989131 0.889792
v 2.263684 4.359425 0.117099
v -2.332868 1.400761 -1.423476
v -2.590153 0.248644 -1.441965
v -1.597711 4.616189 -1.261070
v -0.643692 4.732249 0.583316
v -1.010681 0.245549 -1.333263
v -0.259057 2.619261 1.061870
v -0.521897 3.831962 1.080297
v -0.850022 0.192893 -1.740119
v -1.626882 3.448299 -1.349007
v -1.664873 4.152980 -1.320848
v -1.036998 0.728790 -1.710087
v -0.877706 0.454937 -0.346423
v -0.669462 4.970079 -0.331894
v -1.472172 4.826608 -0.929259
v -1.129280 0.315836 1.099585
v -0.615817 0.315508 1.617035
v -1.386486 0.274062 -1.416323
v -1.287430 2.760304 -1.359770
v -2.669273 0.362564 -1.272192
v -1.822837 1.999258 -1.492957
v -1.857485 1.277685 -1.585302
v -1.922647 0.247960 -1.540420
v -1.962954 0.701730 -1.595442
v -2.540998 2.921903 -1.185481
v -2.728674 3.060328 -0.585148
v 1.793759 4.207389 0.701204
v -0.115018 4.602714 1.179666
v 0.371959 4.518760 1.176238
v 2.098360 3.840820 1.223257
v 2.768636 0.000000 0.764373
v -2.236370 1.508657 1.525698
v -0.985761 3.718777 -1.393367
v -1.017844 5.032039 -1.312040
v 0.519707 3.891349 1.509324
v 2.225307 0.858068 1.754333
v 2.587869 3.344635 1.438855
v 1.393862 3.711679 1.719843
v 0.897559 3.851500 1.464390
v 2.069748 3.482717 1.558549
v 1.458668 3.642331 1.852250
v 0.030069 3.752810 1.537113
v 0.679899 3.746964 1.810355
v 0.794475 3.557039 1.868840
v 2.649737 2.509859 1.494491
v 2.579372 1.955228 1.586061
v 2.746061 0.893370 1.572725
v 0.416072 2.224488 2.029248
v 2.721010 1.534694 1.584343
v 0.867537 2.227820 -2.057128
v 0.715041 0.375921 -2.105378
v 0.208174 1.879425 -1.902753
v 0.017909 1.773334 -1.799446
v 0.837812 0.859860 -2.135427
v 0.992023 1.785428 -2.136733
v 0.926042 1.320074 -2.179708
v -0.198856 0.297672 -1.845481
v -0.311358 0.758645 -1.792228
v 1.673455 0.863865 -2.056205
v 0.116915 0.344527 -1.925589
v 2.057353 0.370162 1.729859
v -0.016578 0.143301 1.954683
v -0.142897 0.116358 1.873918
v 1.035786 0.310458 1.210569
v 2.690256 1.460734 0.795346
v -0.047367 0.538897 2.000875
v 2.610413 0.137601 0.575390
v 2.624798 0.746509 0.787400
v 0.013177 0.586863 2.033163
v 0.082228 0.598323 2.179708
v 0.100483 1.462970 2.093241
v 2.161688 0.432570 1.790927
v -0.526196 1.505122 1.522981
v -0.793870 3.550225 -1.282245
v 1.019976 4.934928 -1.961074
v 1.098397 4.793351 -1.969719
v 1.138970 4.976299 -0.052402
v 1.233145 4.998741 -0.224270
v -2.359049 0.352608 -0.442602
v -2.497730 0.392321 -0.304394
v -2.455704 0.461433 -0.447398
v -0.517643 0.423414 1.442881
v -0.442361 0.376447 1.283630
v -0.753370 2.224127 -1.232254
v -0.660921 2.103501 -1.275391
v -0.784385 2.023977 -1.285630
v 1.656673 4.238121 0.399708
v 1.522572 4.241626 0.249879
v 1.572786 4.228787 0.413075
v -2.563129 3.508136 -0.146928
v -2.557338 3.565613 -0.360040
v -2.555541 3.418609 -0.280675
v 0.432205 0.264468 0.668647
v 0.575602 0.292602 0.533670
v 0.550295 0.249717 0.544344
v -0.105149 4.868541 -1.675521
v 0.045207 4.890996 -1.744359
v 0.710078 4.858861 0.347912
v 0.754859 4.913263 0.228312
v -0.761830 1.014906 -1.691664
v -0.619654 0.996435 -1.667650
v -1.888595 0.246692 -0.838504
v -1.787712 0.198276 -0.939308
v -2.101768 4.626093 -1.044075
v -2.080319 4.659173 -0.993012
v -1.987490 4.723843 -1.113421
v -0.780520 1.812694 1.382401
v -0.663350 1.605589 1.432312
v -1.760904 0.198092 -1.476672
v -1.611642 0.345637 -1.567932
v -1.534533 0.232654 -1.612773
v -1.605083 0.182400 -1.537176
v -2.129532 2.938201 -1.159411
v -2.099675 3.026672 -1.154146
v -2.087058 3.108289 -1.221339
v -1.941772 2.970085 -1.189821
v -0.947913 1.013721 -1.802850
v -0.812729 1.019009 -1.759766
v -0.804299 0.954188 -1.840831
v -2.027953 0.209951 -1.109570
v -2.107521 0.242163 -1.195642
v -2.991378 0.179045 -1.171308
v -2.745369 0.380617 -1.036481
v -1.891522 3.492765 -1.333243
v -2.078338 3.473541 -1.237578
v -2.040948 3.590938 -1.327421
v -1.892371 3.571774 -1.286576
v -2.634860 4.175543 -0.517027
v -2.727269 4.204926 -0.304798
v 1.420702 4.315702 0.023647
v 1.356031 4.294416 0.106409
v 1.437730 4.243216 0.175957
v 1.465897 4.234692 0.085470
v 0.803049 4.413104 0.493143
v 0.720832 4.502216 0.602231
v 0.749372 4.377411 0.617281
v -1.005288 4.420410 0.840669
v -1.006152 4.186999 0.898932
v -2.582465 3.472074 -0.259028
v -2.104744 3.282540 -1.154494
v -2.008610 3.350964 -1.226557
v -0.031315 1.778208 1.372219
v 0.015904 2.015685 1.347168
v -0.676021 1.302917 -1.611454
v -0.831292 1.262404 -1.655109
v -0.779651 1.372615 -1.557809
v -0.707465 2.186821 1.120314
v -2.646881 3.114670 -1.012803
v -2.618021 3.191088 -0.871030
v -2.698397 3.254744 -0.918996
v -2.544219 3.205619 -0.951855
v -1.512296 2.027133 -1.451223
v -1.502651 1.710759 -1.497412
v -0.894471 1.328941 -1.676035
v -0.959759 1.343531 -1.698383
v -0.885812 1.414262 -1.691865
v -0.657027 0.854330 -1.664921
v -0.793049 0.916540 -1.810931
v -0.751117 0.736240 -1.820532
v -0.838621 0.787507 -1.825685
v 1.169362 4.682866 -1.650660
v -2.444382 0.216783 0.231793
v -2.362964 0.301152 0.418295
v -2.373527 0.372210 0.287073
v -2.458708 0.263169 0.356203
v -2.302543 0.323654 0.793398
v -2.318901 0.373879 0.623308
v -2.336053 0.426812 0.710250
v -2.548612 4.560089 0.097512
v -2.326959 2.579381 0.673733
v -2.348038 2.763431 0.659712
v -2.636026 2.708150 -0.036456
v -2.343842 4.210521 0.722723
v -2.385211 4.004800 0.807441
v -2.352557 4.141284 0.831183
v -2.563755 3.398413 0.194581
v -2.608493 3.517982 0.096558
v 0.265516 0.451761 -1.572416
v 0.178869 0.459435 -1.534607
v 0.773099 5.714352 -0.539043
v 0.840162 5.466218 -1.056059
v 0.684678 5.895461 -0.575628
v 0.599695 5.899450 -0.519621
v 0.602730 5.814853 -0.516054
v -2.424107 1.432058 0.331522
v -2.309897 1.537527 0.300266
v -2.425330 1.549982 0.244305
v -1.315421 4.911517 -0.261166
v -1.340462 4.872241 -0.222562
v -1.557132 0.298065 0.644045
v -1.555917 0.328633 0.488721
v -1.422563 0.609466 -0.031991
v -1.358265 0.586227 -0.049148
v -2.285161 4.512336 0.564759
v -2.683254 4.185675 0.147111
v -2.525957 3.404026 0.444224
v -2.512454 3.431466 0.688748
v -2.630287 3.236102 0.030455
v -2.650638 3.008647 -0.048235
v -2.465646 2.143966 0.154203
v -2.529577 2.290732 -0.010278
v -2.592412 2.151896 0.092210
v -2.481450 2.050924 0.118012
v -2.348342 0.878694 0.349396
v -2.444797 0.868493 0.334817
v -2.326838 0.808014 0.292801
v 2.368441 3.220705 -1.493850
v 2.372771 3.624615 -1.154209
v 2.524925 3.558142 -0.995981
v 1.368655 2.228368 -1.866937
v 1.509763 2.300316 -1.886669
v 1.584314 2.179483 -1.871588
v 1.954520 3.041682 -1.715405
v 2.032758 3.156674 -1.698111
v 1.975269 1.475680 -1.930404
v 1.589776 1.187971 -1.999334
v 1.819404 1.773395 -1.933530
v -2.460935 0.515803 0.868545
v -2.523022 0.479994 0.938466
v -2.375662 3.082002 1.398015
v -2.345462 2.870804 1.432415
v -1.578519 4.039864 0.946109
v -1.333525 3.895012 1.015731
v -1.661397 0.236149 1.856371
v -1.486845 0.177012 1.782059
v -1.450733 0.264404 1.821592
v -1.063020 1.131888 1.615393
v -1.188353 1.070060 1.568576
v -1.077513 0.911093 1.616864
v -2.434098 1.507015 0.814304
v -2.414886 0.869446 0.766465
v -2.502730 0.846689 0.918758
v -1.732912 4.600921 0.656881
v -1.527877 4.581037 0.675664
v -1.653215 4.551979 0.511955
v -2.237464 0.295031 -0.427932
v -1.642290 4.113933 0.840975
v -1.475978 4.158400 0.793631
v -1.741903 0.372927 1.643355
v -2.328752 4.749152 -0.696996
v -2.399008 4.616561 -0.763011
v -2.437866 4.690245 -0.720529
v -2.091567 0.229613 -1.507383
v -2.533505 0.321822 -1.211459
v -2.593400 0.411429 -1.132579
v -2.723565 0.420958 -1.159148
v -2.308015 0.303070 -0.847093
v -2.476913 0.301932 -0.926863
v -1.472518 4.437689 0.710278
v -1.626389 4.420794 0.794834
v -1.504356 4.330679 0.782663
v -2.134958 0.302347 0.652171
v -1.993550 0.363934 0.592216
v -2.161500 0.384921 0.066422
v -1.990340 0.342482 0.141948
v -1.957219 4.260844 1.145231
v -2.009009 4.220475 1.263352
v -2.828319 0.302552 -0.308976
v -3.003049 0.411271 -0.264284
v -2.995883 0.301891 -0.362819
v -2.853733 2.241636 -0.300141
v -2.839006 2.328428 -0.408982
v -2.845088 1.568456 -0.700354
v -2.932570 1.395199 -0.657001
v -2.922079 0.173961 0.060992
v -2.887915 0.148612 0.328152
v -2.842331 3.001067 -0.912433
v -2.725018 3.039758 -1.094789
v -2.817390 2.929820 -1.027050
v -2.972060 0.205605 -0.867627
v -2.943874 0.355882 -1.008256
v -2.959639 0.195706 -1.106397
v -2.096160 4.687800 0.579318
v -0.263981 5.243935 0.145647
v -0.227769 5.235972 0.029093
v -1.229154 4.735218 0.248467
v -1.252553 4.741652 0.322922
v -2.068692 4.640127 0.662302
v -2.108226 4.459993 0.802397
v 2.483163 3.485308 -0.261771
v 2.288881 3.656503 -0.313608
v 2.328706 3.532168 -0.222114
v 2.389873 3.393104 -0.240961
v 2.190441 3.834951 -0.850114
v 1.930890 3.984369 -0.920800
v 2.492638 0.249077 -0.362541
v 1.213601 0.459697 -0.065803
v -2.457130 2.625401 0.950373
v -2.448849 2.840489 0.902098
v -2.511695 2.787244 0.914725
v -2.432571 2.679720 0.817344
v -1.819900 0.457569 1.269450
v -1.910694 0.436224 1.337549
v -1.681304 4.635476 0.390054
v -0.154531 0.333355 -1.814926
v -0.228733 0.246208 -1.731247
v -0.280067 0.256943 -1.744777
v -0.254947 0.365645 -1.788381
v -0.261597 0.227324 -1.816359
v 0.056476 0.345213 0.980029
v 0.132626 0.379723 1.041128
v -0.034408 2.608864 -1.459601
v -0.578540 5.613320 -1.222015
v -0.476707 5.557058 -1.406542
v -0.725012 5.674556 -1.279598
v 0.067866 0.312773 0.637184
v -0.002173 0.287015 0.632713
v 0.031720 5.401905 -1.662395
v 0.156402 5.409124 -1.683671
v 0.113010 5.268238 -1.657804
v 1.031222 5.451730 -1.872247
v 0.931207 5.504179 -1.861955
v -0.141868 5.398167 -1.642179
v -0.303995 5.483850 -1.595819
v -0.239285 5.543358 -1.622423
v 0.123091 5.905078 -1.349070
v 0.203424 5.842644 -1.154137
v 0.255882 5.907774 -1.217143
v 0.299589 5.859622 -1.340653
v 0.293555 5.902739 -1.358887
v 0.927312 5.269177 -1.425658
v 0.948023 5.249695 -1.351322
v -0.250567 5.647524 -1.481792
v -0.223034 5.738262 -1.526291
v -0.237085 5.577147 -1.561759
v -0.200707 0.136102 1.583028
v -0.029383 0.116625 1.578257
v -0.154559 0.086515 1.738420
v -0.130017 0.199169 1.662674
v -0.235119 0.062739 1.677359
v -0.135750 3.901847 1.435656
v -0.127144 3.761114 1.379885
v 2.330520 3.657962 0.408359
v 2.384122 3.459375 0.381367
v 2.358346 3.632055 0.357357
v 2.502321 2.556661 0.586328
v 2.306496 2.005082 0.426083
v 2.450243 1.974872 0.598361
v 2.427094 1.921577 0.476615
v 2.245777 3.123273 -1.665752
v 2.346320 3.053293 -1.589558
v 2.471585 1.205108 -1.875311
v 2.575867 1.285241 -1.846646
v 2.454952 1.816270 -1.720611
v 1.701913 4.290688 0.223444
v 1.846904 4.251267 0.303690
v -2.844285 2.970647 -1.049304
v -2.825804 1.638250 -1.190528
v -2.625601 1.697286 -1.338781
v -2.482135 0.807546 -1.444720
v -2.547842 0.595328 -1.461329
v -2.299019 2.004605 -1.340378
v -2.358119 2.407721 -1.335105
v -2.184949 2.012300 -1.438287
v -2.568838 2.811954 -1.292838
v -2.702171 2.559625 -1.318098
v -2.641640 2.677146 -1.260492
v -2.670965 2.844169 -1.238550
v -2.688473 0.746982 -1.363943
v -2.849364 1.031746 -1.190955
v -0.907097 0.334012 1.375205
v -0.885962 0.382118 1.449810
v -0.111656 1.740655 1.384802
v -0.270666 1.977965 1.269073
v -1.254363 1.071013 -1.697277
v -1.154008 1.003088 -1.727812
v -0.549295 4.494209 0.771013
v -0.244818 0.795980 1.647002
v -0.390682 0.774401 1.732136
v -1.052928 0.240917 0.325046
v -0.949042 0.155488 0.343142
v -1.022917 0.233765 0.453715
v -0.286357 1.483162 1.532140
v -0.652405 4.823695 0.285562
v -0.727870 4.762743 0.146639
v -1.123861 2.231498 -1.326386
v -1.197361 2.346010 -1.318934
v -1.056356 1.631142 -1.533746
v -1.214998 1.770171 -1.395886
v -1.066198 1.797338 -1.382782
v -2.687232 3.161278 -0.879008
v 0.834040 4.222014 0.826534
v 0.797445 4.141958 0.998833
v -0.041706 1.962327 1.678436
v -0.052226 1.746408 1.705695
v -0.103215 1.376655 1.865754
v -0.137529 1.304957 1.812007
v 2.566725 3.491547 0.694476
v 2.540820 3.588171 0.832773
v -0.121777 1.565766 1.801205
v -0.024279 1.693425 1.818538
v -0.080259 1.592259 1.678964
v -1.745051 1.379255 1.747571
v -1.795097 1.510655 1.652560
v -1.846879 0.733638 1.813972
v -1.974243 0.798111 1.799914
v 0.146191 2.322282 1.792838
v 0.302775 2.339532 1.817965
v 2.315142 1.558215 1.618218
v 2.273568 1.691541 1.715134
v 2.136868 1.528224 1.671370
v 2.625764 0.394321 1.445361
v 2.629870 0.553176 1.522858
v 2.536784 0.456239 1.599981
v 0.170481 3.054137 1.750912
v 0.128230 3.454348 1.675635
v 0.051858 3.257285 1.639994
v 1.705832 4.125025 1.318829
v 1.682665 4.122261 1.221732
v 1.930884 3.810915 1.293823
v 1.916677 3.865260 1.203815
v 2.205317 2.370988 1.705447
v 2.144783 2.526179 1.627490
v 2.509723 2.180208 1.655257
v 1.505717 2.262832 1.999319
v 1.476609 2.454150 1.952767
v 0.374289 3.159870 1.832966
v 0.245033 2.764036 1.782260
v -0.022939 1.430669 1.915084
v -0.063382 1.066232 2.014253
v 0.060445 1.203025 2.120918
v 0.247529 2.268719 -1.893892
v 0.327700 2.498390 -1.819591
v 0.384115 2.372375 -1.910121
v 0.180229 2.246177 -1.715450
v 0.092289 2.100485 -1.756660
v 0.132134 2.063607 -1.751256
v 0.056005 0.414045 -1.962290
v 0.015746 0.330552 -1.956800
v 0.186503 0.886977 -2.011330
v 0.152500 0.731422 -1.990159
v 0.335790 1.202215 -2.045718
v -0.100759 1.271050 -1.889364
v -0.274380 1.172247 -1.832389
v -0.185701 1.262086 -1.812411
v -0.185349 1.394476 -1.844735
v 1.256510 2.141250 -1.988916
v 1.030365 2.243385 -2.005138
v 1.283909 1.785203 -2.054119
v 1.344608 1.776947 -2.022221
v 1.393447 1.433564 -2.024782
v 1.516691 1.234065 -2.043384
v 1.364171 1.302995 -2.077044
v 2.025810 0.348074 1.133463
v 1.255652 0.429803 2.131701
v 1.282828 0.332721 2.102887
v 0.089708 0.230025 2.161573
v 0.051054 0.136416 2.089511
v 2.654166 2.722932 0.783361
v 2.713777 2.558005 0.926426
v 1.623516 4.321543 0.741209
v 1.589063 4.389039 0.661351
v 1.936530 0.307213 0.918448
v 1.828338 0.330549 0.881263
v 1.895246 0.265969 0.907631
v 0.038896 1.605170 1.867393
v 0.032786 1.507459 1.990422
v 0.026867 1.695232 1.838665
v 0.081981 1.756615 1.867323
v 0.190638 1.747942 2.055343
v 1.370106 1.599447 2.091311
v 1.257827 1.053322 2.094352
v 1.325405 0.914103 2.133669
v 1.425412 0.969107 2.053338
v -0.676000 1.038369 1.609845
v -0.632884 0.813192 1.693207
vn -0.8514 0.3186 -0.4167
vn -0.9131 0.3239 -0.2476
vn -0.8689 0.3063 -0.3888
vn -0.1105 0.4897 0.8649
vn 0.0024 0.8605 0.5095
vn 0.1867 0.7966 0.5749
vn -0.0867 0.0457 0.9952
vn 0.4763 0.8126 -0.3359
vn 0.4249 0.8177 -0.3884
vn 0.4719 0.8508 -0.2314
vn -0.5808 0.8041 -0.1265
vn -0.4307 0.8462 -0.3137
vn -0.6476 0.7442 -0.1638
vn 0.4698 0.0573 -0.8809
vn 0.3929 0.1391 -0.9090
vn 0.4141 0.1257 -0.9015
vn -0.5815 0.3661 0.7265
vn -0.6010 0.4227 0.6783
vn -0.5867 0.4528 0.6714
vn -0.9241 -0.2502 0.2890
vn -0.8826 -0.2687 0.3858
vn -0.9220 -0.2271 0.3135
vn -0.0729 0.0915 -0.9931
vn -0.1191 0.0774 -0.9899
vn -0.0825 -0.0735 -0.9939
vn -0.4363 -0.0266 -0.8994
vn -0.4095 0.1791 -0.8945
vn -0.3836 0.0308 -0.9230
vn 0.1040 -0.9906 -0.0886
vn 0.0454 -0.9965 -0.0702
vn -0.0484 -0.9982 -0.0351
vn 0.6677 -0.7333 -0.1279
vn 0.6672 -0.7338 -0.1278
vn 0.6687 -0.7325 -0.1278
vn -0.1208 0.0165 -0.9925
vn -0.0981 -0.0807 -0.9919
vn -0.0550 -0.0529 -0.9971
vn -0.3805 0.0084 -0.9247
vn -0.5633 -0.0664 -0.8236
vn -0.6681 -0.0518 -0.7422
vn 0.1342 0.4587 -0.8784
vn 0.0351 0.4767 -0.8784
vn 0.0104 0.5004 -0.8657
vn 0.5194 0.7203 0.4598
vn 0.1886 0.7042 0.6844
vn 0.4675 0.6111 0.6388
vn 0.8380 0.2967 0.4580
vn 0.8264 0.3741 0.4208
vn 0.8160 0.2993 0.4946
vn 0.4470 0.1002 0.8889
vn 0.4480 0.0976 0.8887
vn 0.4486 0.0962 0.8885
vn -0.9582 -0.1892 0.2147
vn -0.9988 -0.0457 0.0182
vn -0.9901 -0.0905 0.1069
vn -0.0423 -0.9397 0.3393
vn 0.0092 -0.8690 0.4947
vn 0.0027 -0.9403 0.3402
vn -0.9293 0.2004 -0.3104
vn -0.9528 0.1636 -0.2558
vn -0.9604 0.1857 -0.2079
vn 0.0365 0.9086 0.4160
vn -0.0449 0.9109 0.4101
vn -0.1602 0.8959 0.4143
vn -0.9144 -0.1816 0.3618
vn -0.9170 -0.0474 0.3961
vn -0.9259 -0.1966 0.3227
vn -0.9468 -0.1884 -0.2610
vn -0.9326 -0.2539 -0.2564
vn -0.9349 -0.2580 -0.2438
vn -0.4000 0.1660 -0.9014
vn -0.4266 0.0937 -0.8996
vn -0.4648 0.0542 -0.8838
vn -0.4527 -0.1565 -0.8778
vn -0.4629 -0.1223 -0.8779
vn -0.4665 -0.1241 -0.8758
vn 0.4867 -0.6424 0.5920
vn -0.4207 -0.0522 -0.9057
vn -0.4308 -0.0293 -0.9020
vn -0.3195 0.0009 -0.9476
vn -0.3318 -0.9193 0.2117
vn -0.3806 -0.9140 0.1403
vn -0.2641 -0.9566 0.1230
vn 0.5970 0.7469 0.2930
vn 0.6046 0.7465 0.2780
vn 0.6201 0.7338 0.2777
vn 0.0341 0.0496 -0.9982
vn 0.2132 0.0554 -0.9754
vn 0.2777 0.0373 -0.9600
vn -0.9259 0.0704 0.3711
vn -0.8179 0.1481 0.5559
vn -0.9166 0.1871 0.3533
vn -0.3209 0.1517 -0.9349
vn -0.3323 0.0523 -0.9417
vn -0.3675 0.1194 -0.9223
vn 0.4650 -0.0768 -0.8820
vn 0.3340 -0.1688 -0.9273
vn 0.5184 -0.0628 -0.8528
vn -0.1766 -0.2856 -0.9419
vn -0.0445 -0.0819 -0.9956
vn -0.0187 -0.1131 -0.9934
vn 0.9687 0.2057 0.1387
vn 0.9558 0.2349 0.1769
vn 0.1858 0.0533 -0.9811
vn 0.0673 0.1273 -0.9896
vn 0.0118 -0.0637 -0.9979
vn 0.9408 0.1344 0.3111
vn 0.9360 0.2069 0.2848
vn 0.9520 0.2626 0.1573
vn -0.2014 0.5446 0.8141
vn -0.0755 0.3136 0.9465
vn 0.2155 0.2688 0.9388
vn 0.4170 0.3129 0.8534
vn 0.0560 0.4442 0.8942
vn 0.3108 0.1820 0.9329
vn 0.8831 0.3221 0.3411
vn 0.8878 0.3021 0.3472
vn 0.8971 0.3294 0.2944
vn 0.5702 0.3933 0.7213
vn 0.5158 0.0202 0.8565
vn 0.5403 -0.0053 0.8414
vn 0.9000 0.3098 -0.3067
vn 0.8998 0.3095 -0.3074
vn -0.1633 -0.9735 0.1600
vn 0.0278 -0.9934 0.1110
vn -0.0586 -0.9628 0.2637
vn 0.8834 -0.0293 -0.4677
vn 0.8737 -0.0765 -0.4803
vn 0.6189 0.7814 -0.0795
vn 0.5717 0.8137 -0.1052
vn 0.6069 0.7942 -0.0313
vn 0.0358 0.3630 -0.9311
vn 0.1049 0.3037 -0.9470
vn 0.0333 0.3219 -0.9462
vn 0.0161 -0.9973 -0.0718
vn 0.0612 -0.9975 -0.0357
vn 0.0548 -0.9907 0.1244
vn 0.0197 -0.9950 0.0982
vn 0.0913 -0.9854 0.1439
vn 0.0117 -0.9863 0.1645
vn -0.9788 0.1127 -0.1709
vn -0.9843 0.1018 -0.1442
vn -0.9543 0.2220 -0.2001
vn -0.8081 0.0813 0.5834
vn -0.8579 -0.0612 0.5102
vn -0.7879 -0.0039 0.6158
vn -0.9420 0.0116 -0.3355
vn -0.9649 -0.0610 -0.2555
vn -0.9941 0.0406 -0.1006
vn 0.1552 -0.8994 0.4086
vn -0.1333 0.1320 -0.9822
vn -0.1448 0.0989 -0.9845
vn -0.1488 0.0825 -0.9854
vn -0.9159 0.0752 -0.3943
vn -0.8885 0.1099 -0.4455
vn -0.9010 0.3376 -0.2725
vn -0.6891 -0.1652 -0.7056
vn -0.5012 -0.0811 -0.8615
vn -0.6167 -0.4253 -0.6625
vn -0.2811 0.9144 0.2914
vn -0.2026 0.9746 0.0953
vn -0.2611 0.9311 0.2549
vn -0.0747 -0.1315 -0.9885
vn -0.0366 -0.1366 -0.9900
vn -0.0486 -0.1245 -0.9910
vn -0.7496 0.1676 -0.6403
vn -0.8144 0.0910 -0.5731
vn -0.6598 0.2106 -0.7214
vn -0.9275 0.0796 0.3654
vn -0.8882 0.0778 0.4528
vn -0.8692 0.2560 0.4231
vn -0.6426 0.0634 -0.7636
vn -0.6505 -0.0113 -0.7594
vn -0.6517 0.1227 -0.7484
vn 0.1086 0.8067 -0.5809
vn 0.0997 0.8102 -0.5777
vn -0.7107 0.6009 0.3658
vn -0.6973 0.6260 0.3492
vn -0.7199 0.6073 0.3361
vn -0.9110 -0.1440 -0.3864
vn -0.9209 -0.0699 -0.3834
vn -0.8887 -0.1161 -0.4436
vn -0.3980 0.1211 -0.9094
vn -0.4079 0.1280 -0.9040
vn -0.3970 0.1167 -0.9104
vn -0.4452 -0.0164 0.8953
vn -0.4466 -0.0591 0.8928
vn -0.4275 -0.0187 0.9038
vn -0.0038 -0.9392 -0.3435
vn -0.0688 -0.9638 -0.2576
vn 0.0807 -0.9914 -0.1033
vn 0.4114 -0.9106 0.0381
vn 0.2016 -0.9788 0.0372
vn 0.3185 -0.9348 -0.1571
vn 0.7458 -0.5366 -0.3949
vn 0.7430 -0.5365 -0.4001
vn 0.7437 -0.5339 -0.4023
vn 0.1041 -0.9939 0.0376
vn 0.2015 -0.9778 -0.0572
vn 0.1663 -0.9747 0.1490
vn -0.1865 -0.9674 -0.1716
vn 0.1146 -0.8172 0.5649
vn -0.2726 -0.9464 0.1733
vn 0.8890 0.4536 0.0628
vn 0.9108 0.3948 0.1210
vn 0.8782 0.2937 0.3775
vn -0.2036 0.9328 0.2975
vn -0.2078 0.2276 -0.9513
vn 0.3806 0.8124 -0.4417
vn 0.5887 0.5240 0.6155
vn 0.5971 0.5553 0.5789
vn 0.6034 0.5695 0.5583
vn -0.4243 0.1076 0.8991
vn 0.4415 0.8786 -0.1821
vn 0.5957 0.7928 -0.1289
vn 0.4823 0.8292 -0.2824
vn -0.3823 -0.1807 -0.9062
vn -0.3808 -0.0963 -0.9196
vn -0.3852 -0.1411 -0.9120
vn 0.4428 -0.2185 -0.8696
vn 0.3266 -0.1213 -0.9373
vn 0.3844 -0.1850 -0.9044
vn 0.6753 0.2979 0.6748
vn 0.7865 0.3457 0.5118
vn 0.5842 0.2768 0.7629
vn 0.4073 0.1235 -0.9049
vn 0.4133 0.1320 -0.9010
vn 0.4206 0.1184 -0.8995
vn 0.4254 0.8865 -0.1821
vn 0.3770 0.9262 0.0067
vn 0.5571 0.8300 -0.0282
vn 0.9008 -0.0188 -0.4339
vn 0.8349 -0.1703 -0.5234
vn 0.8890 0.0962 -0.4477
vn 0.8301 0.2706 -0.4875
vn 0.8296 0.1815 -0.5281
vn 0.7996 0.3080 -0.5155
vn 0.9491 0.2505 0.1911
vn 0.9700 0.1190 0.2118
vn 0.9863 0.1634 0.0207
vn -0.7133 0.6845 0.1507
vn -0.5343 -0.8427 -0.0663
vn -0.3065 -0.9506 -0.0484
vn -0.2632 -0.9629 -0.0597
vn 0.8648 0.3486 0.3614
vn 0.9476 0.1808 0.2632
vn 0.9155 0.3814 0.1277
vn 0.9758 -0.1639 0.1449
vn 0.9071 -0.2713 0.3219
vn 0.9385 -0.2587 0.2288
vn -0.9963 -0.0851 -0.0081
vn -0.9972 -0.0722 0.0212
vn -0.9987 -0.0414 0.0289
vn -0.8812 0.0739 0.4668
vn -0.8817 0.0726 0.4661
vn -0.2570 0.9652 0.0479
vn -0.3301 0.9439 0.0044
vn -0.2364 0.0390 -0.9709
vn -0.2473 0.0343 -0.9683
vn -0.2309 0.0285 -0.9726
vn 0.2811 0.0623 0.9577
vn 0.3610 0.0893 0.9283
vn 0.2309 -0.0917 0.9687
vn -0.7175 -0.0232 -0.6962
vn -0.6818 0.0586 -0.7292
vn -0.6743 0.0586 -0.7361
vn 0.0559 -0.8037 0.5924
vn 0.0497 -0.8237 0.5648
vn 0.1214 -0.8207 0.5583
vn -0.8236 -0.2047 -0.5290
vn -0.8130 -0.1763 -0.5549
vn -0.8518 -0.1468 -0.5029
vn 0.0842 0.2032 0.9755
vn 0.0050 0.1789 0.9838
vn -0.0135 0.2401 0.9707
vn -0.1288 0.5003 0.8562
vn -0.1795 0.5233 0.8330
vn -0.1721 0.5504 0.8170
vn -0.0147 -0.9964 0.0830
vn 0.0161 -0.9988 -0.0465
vn 0.0729 -0.9973 0.0108
vn 0.1870 0.9792 0.0792
vn 0.2481 0.9626 0.1090
vn 0.1839 0.9811 0.0602
vn -0.3516 0.8959 -0.2715
vn -0.4836 0.8439 -0.2324
vn -0.1349 0.9809 -0.1399
vn -0.2555 -0.1122 -0.9603
vn -0.3385 -0.1101 -0.9345
vn -0.3699 -0.0664 -0.9267
vn -0.1376 -0.5204 -0.8428
vn 0.2722 -0.7261 0.6314
vn 0.2369 -0.7568 0.6092
vn 0.2734 -0.7350 0.6205
vn 0.0629 0.9976 0.0275
vn 0.4138 0.8880 -0.2007
vn 0.1882 0.9768 -0.1018
vn 0.5404 0.4738 -0.6954
vn 0.3070 0.5410 -0.7830
vn 0.2469 0.5539 -0.7951
vn -0.2350 -0.9642 -0.1228
vn -0.1791 -0.9813 -0.0699
vn -0.1351 -0.9908 0.0040
vn -0.3277 0.4164 -0.8481
vn -0.3297 0.4051 -0.8528
vn -0.3284 0.4108 -0.8505
vn -0.9212 -0.1032 0.3752
vn -0.8987 0.1055 0.4257
vn -0.9227 0.1052 0.3709
vn -0.3747 -0.1646 0.9124
vn -0.3789 -0.0898 0.9211
vn -0.3977 -0.1406 0.9067
vn 0.3901 0.9137 -0.1138
vn 0.4370 0.8928 -0.1097
vn 0.4029 0.9152 0.0047
vn -0.9628 -0.1275 -0.2381
vn -0.9589 -0.1436 -0.2448
vn -0.9589 -0.1569 -0.2363
vn -0.9720 -0.2338 -0.0226
vn -0.9782 -0.2071 -0.0162
vn -0.9739 -0.2218 -0.0490
vn 0.3898 0.5601 0.7310
vn 0.4848 0.5054 0.7138
vn 0.5420 0.5884 0.6000
vn -0.1168 0.7708 0.6263
vn -0.0902 0.7510 0.6541
vn -0.2017 0.7548 0.6242
vn 0.4713 -0.0905 -0.8773
vn 0.4347 -0.0941 -0.8957
vn 0.3891 -0.1038 -0.9153
vn 0.7269 0.2021 -0.6563
vn 0.8381 0.1202 -0.5321
vn 0.7885 0.1648 -0.5925
vn 0.4944 -0.0654 -0.8668
vn 0.4615 -0.0893 -0.8826
vn 0.4236 -0.0491 -0.9045
vn -0.9921 -0.1100 -0.0604
vn 0.0374 0.9040 0.4258
vn 0.0885 0.9351 0.3430
vn 0.0814 0.9432 0.3221
vn 0.9828 0.1584 -0.0952
vn 0.9983 -0.0524 0.0254
vn 0.9526 0.2985 -0.0590
vn -0.8361 0.1780 0.5189
vn -0.8218 0.1620 0.5462
vn -0.8180 0.1868 0.5440
vn -0.7373 0.4060 0.5400
vn -0.7279 0.4146 0.5461
vn -0.7376 0.4057 0.5398
vn 0.2428 -0.2248 -0.9437
vn 0.3147 -0.2126 -0.9251
vn -0.1584 0.5243 0.8367
vn -0.1723 0.4441 0.8793
vn -0.1193 0.4170 0.9010
vn 0.2360 0.1120 0.9653
vn 0.2170 0.1480 0.9649
vn 0.4544 0.2423 0.8572
vn 0.4128 -0.5412 0.7326
vn 0.2462 -0.6787 0.6919
vn 0.2526 -0.6988 0.6692
vn 0.1009 -0.9324 0.3469
vn 0.1263 -0.9237 0.3617
vn 0.0184 -0.9301 0.3668
vn 0.1629 -0.9851 0.0546
vn 0.1579 -0.9834 0.0894
vn 0.1414 -0.9889 0.0455
vn -0.2688 0.4317 0.8610
vn -0.2274 0.3560 0.9064
vn -0.2808 0.3848 0.8793
vn 0.1052 0.1163 0.9876
vn 0.0210 0.1957 0.9804
vn -0.0228 0.0521 0.9984
vn 0.3381 0.0656 0.9388
vn 0.3364 0.0326 0.9412
vn 0.3859 0.0529 0.9210
vn 0.1644 -0.9864 0.0061
vn 0.1564 -0.9876 -0.0141
vn 0.1920 -0.9805 -0.0409
vn -0.2421 0.1369 0.9606
vn -0.2423 0.1359 0.9606
vn -0.2432 0.1331 0.9608
vn 0.0732 0.0506 -0.9960
vn 0.1849 0.1237 -0.9749
vn 0.0730 0.1105 -0.9912
vn -0.2720 0.1828 -0.9448
vn -0.1646 0.1380 -0.9766
vn -0.1827 0.1083 -0.9772
vn 0.7910 0.5480 -0.2718
vn 0.8016 0.4928 -0.3385
vn 0.7479 0.5341 -0.3941
vn 0.2177 0.8662 -0.4497
vn 0.2380 0.8467 -0.4758
vn 0.2829 0.8265 -0.4866
vn -0.8350 0.2398 0.4953
vn 0.5550 -0.2105 -0.8047
vn 0.6593 0.1884 -0.7279
vn 0.8162 -0.1431 -0.5597
vn -0.2498 -0.8377 -0.4857
vn -0.4572 0.6872 0.5646
vn -0.4488 0.6577 0.6050
vn -0.5181 0.7463 0.4178
vn -0.3401 0.3665 0.8660
vn 0.7499 -0.4907 -0.4436
vn -0.8651 -0.0301 -0.5007
vn -0.8587 -0.0495 -0.5101
vn -0.8668 -0.0642 -0.4946
vn -0.0832 -0.9150 -0.3949
vn -0.1078 -0.8546 -0.5080
vn 0.7076 0.5274 0.4703
vn 0.5977 0.6566 0.4600
vn 0.5743 0.5895 0.5681
vn -0.5774 -0.3174 -0.7522
vn -0.5153 -0.2142 -0.8298
vn -0.4791 -0.1674 -0.8617
vn -0.1313 0.1141 -0.9848
vn 0.0915 0.0528 -0.9944
vn -0.0971 -0.1123 -0.9889
vn 0.1195 -0.1928 -0.9739
vn -0.3496 -0.1679 -0.9217
vn -0.4463 -0.1170 -0.8872
vn -0.3600 -0.1478 -0.9212
vn -0.9530 -0.1988 0.2288
vn -0.8712 -0.1404 0.4704
vn -0.9251 0.0374 0.3780
vn -0.0995 0.0860 -0.9913
vn -0.0944 0.0477 -0.9944
vn -0.0857 0.0154 -0.9962
vn 0.1814 0.9065 0.3812
vn 0.1875 0.7986 0.5719
vn 0.1333 0.9180 0.3735
vn 0.1440 0.0783 0.9865
vn 0.1007 0.0460 0.9938
vn 0.1673 0.1045 0.9803
vn -0.9570 0.2324 0.1733
vn -0.9720 0.2063 0.1125
vn -0.9539 0.2657 0.1398
vn -0.0165 -0.0259 -0.9995
vn -0.1129 -0.0442 -0.9926
vn 0.0643 -0.0277 -0.9975
vn -0.1648 -0.0940 -0.9818
vn -0.1782 -0.0034 -0.9840
vn -0.1810 -0.0297 -0.9830
vn -0.1808 0.3216 0.9295
vn -0.2704 0.4038 0.8740
vn -0.1638 0.3959 0.9036
vn 0.1379 -0.8349 0.5328
vn 0.0522 -0.7933 0.6066
vn 0.1056 -0.8718 0.4783
vn -0.9093 -0.0191 0.4156
vn -0.8875 0.0634 0.4564
vn -0.8861 0.0470 0.4611
vn 0.0013 0.7579 0.6524
vn -0.2765 0.5475 0.7898
vn 0.2872 -0.8832 -0.3707
vn 0.3159 -0.8349 -0.4508
vn 0.1782 -0.8755 -0.4492
vn -0.2371 0.2546 0.9375
vn -0.1713 0.3656 0.9149
vn -0.2216 0.2574 0.9405
vn -0.8211 0.3155 0.4757
vn -0.8566 0.3033 0.4173
vn -0.8706 0.3021 0.3884
vn -0.1113 0.0230 -0.9935
vn -0.0744 0.0073 -0.9972
vn -0.1067 -0.0678 -0.9920
vn 0.2396 0.0391 0.9701
vn 0.1482 -0.0131 0.9889
vn 0.1999 0.1674 0.9654
vn -0.0586 -0.9884 0.1398
vn -0.2201 -0.9686 0.1158
vn -0.1432 -0.9874 0.0674
vn -0.9524 -0.2916 0.0885
vn -0.9911 -0.0530 0.1220
vn -0.9848 -0.1287 0.1164
vn -0.0927 -0.1778 -0.9797
vn -0.4381 0.1870 -0.8792
vn -0.1306 0.1596 -0.9785
vn 0.3042 -0.9178 -0.2553
vn 0.5783 -0.8103 -0.0952
vn 0.5970 -0.8011 -0.0421
vn 0.4669 0.2952 -0.8336
vn 0.5643 0.1969 -0.8018
vn 0.3785 0.3286 -0.8653
vn -0.6999 -0.1246 0.7033
vn -0.7790 -0.1100 0.6173
vn -0.7749 -0.1033 0.6236
vn -0.2692 -0.1076 -0.9571
vn -0.1572 -0.0416 -0.9867
vn -0.2518 -0.0638 -0.9657
vn -0.6080 0.2024 0.7677
vn -0.5903 0.2122 0.7788
vn -0.1063 0.2527 0.9617
vn -0.0925 0.2860 0.9538
vn -0.1197 0.2140 0.9695
vn 0.8182 -0.0103 -0.5748
vn 0.8581 -0.0520 -0.5108
vn 0.8195 -0.0598 -0.5700
vn -0.9564 0.2355 -0.1725
vn -0.9550 0.2465 -0.1651
vn -0.9555 0.2427 -0.1678
vn -0.1132 -0.0099 -0.9935
vn -0.1933 0.0184 -0.9810
vn -0.1066 0.0048 -0.9943
vn -0.6097 0.0376 -0.7917
vn -0.5873 0.3401 -0.7344
vn -0.6060 0.0468 -0.7941
vn 0.2312 0.3232 0.9177
vn 0.3084 0.2866 0.9071
vn 0.3212 0.3020 0.8976
vn -0.1715 0.0234 -0.9849
vn -0.1728 -0.1075 -0.9791
vn -0.2422 -0.0246 -0.9699
vn -0.2710 -0.0486 -0.9614
vn -0.2678 0.2293 0.9358
vn -0.2589 0.1613 0.9523
vn -0.2660 0.2108 0.9407
vn 0.4117 -0.1573 0.8977
vn 0.4097 -0.1554 0.8989
vn 0.4088 -0.1547 0.8994
vn -0.4920 0.2270 -0.8405
vn -0.4464 0.1000 -0.8892
vn -0.4972 0.2403 -0.8337
vn -0.4003 -0.2944 -0.8678
vn -0.4536 -0.0412 -0.8902
vn 0.0510 -0.4349 -0.8990
vn 0.3770 0.2466 0.8928
vn -0.0999 0.6118 -0.7846
vn 0.0104 0.6311 -0.7756
vn 0.0421 0.4940 -0.8685
vn 0.4309 -0.1443 0.8908
vn 0.4351 -0.1421 0.8891
vn 0.4380 -0.1401 0.8880
vn -0.6911 -0.0582 0.7204
vn -0.7133 -0.1185 0.6908
vn -0.6629 -0.1029 0.7416
vn -0.1973 -0.8739 0.4443
vn -0.1752 -0.8675 0.4656
vn -0.2035 -0.8658 0.4571
vn 0.8271 0.4024 0.3925
vn 0.0947 -0.9867 0.1322
vn 0.0869 -0.9892 0.1176
vn -0.0086 -0.9864 0.1643
vn 0.6714 -0.0861 0.7361
vn 0.6393 -0.1229 0.7590
vn 0.6585 -0.0998 0.7459
vn 0.5019 -0.8165 0.2855
vn 0.4442 -0.8478 0.2897
vn 0.4700 -0.8421 0.2644
vn -0.9511 0.3026 -0.0613
vn -0.9528 0.3001 -0.0459
vn -0.9493 0.2973 -0.1021
vn 0.1668 -0.9760 0.1400
vn 0.2193 -0.9594 0.1775
vn 0.2463 -0.9692 -0.0027
vn 0.3266 0.0909 -0.9408
vn 0.0160 -0.1230 -0.9923
vn 0.2724 -0.0188 -0.9620
vn 0.2577 -0.9213 0.2910
vn 0.1810 -0.9542 0.2381
vn 0.2497 -0.9024 0.3513
vn 0.1324 0.5233 0.8418
vn 0.1574 0.4652 0.8711
vn 0.0318 0.3655 0.9303
vn 0.0857 -0.9958 0.0311
vn 0.1319 -0.9908 0.0287
vn 0.1538 -0.9864 0.0585
vn 0.0138 -0.9453 0.3259
vn 0.0137 -0.9419 0.3355
vn -0.0787 -0.9650 0.2500
vn -0.1448 -0.9721 0.1843
vn -0.0879 -0.9781 0.1889
vn -0.1453 -0.9720 0.1847
vn -0.0248 0.3711 0.9282
vn -0.0635 0.5809 0.8115
vn -0.0170 0.2629 0.9647
vn -0.1225 0.2661 -0.9561
vn -0.0964 0.2463 -0.9644
vn -0.0162 -0.9758 0.2179
vn 0.9164 0.3997 -0.0211
vn 0.8631 0.4675 -0.1908
vn 0.9278 0.3226 -0.1876
vn -0.1799 -0.9604 0.2129
vn 0.0790 0.0430 0.9959
vn 0.0126 0.0815 0.9966
vn 0.0746 -0.0134 0.9971
vn -0.6451 -0.4611 0.6093
vn -0.6714 -0.4178 0.6121
vn -0.6794 -0.4236 0.5991
vn -0.3453 -0.6756 -0.6514
vn -0.9476 0.0423 0.3168
vn -0.8733 -0.1740 0.4551
vn -0.9200 -0.2396 0.3102
vn 0.7965 0.2054 0.5687
vn 0.7953 0.2170 0.5660
vn 0.8309 0.2414 0.5013
vn 0.3365 0.5754 0.7454
vn 0.3566 0.5762 0.7354
vn 0.3205 0.5931 0.7386
vn 0.3718 0.5561 0.7433
vn 0.4052 0.5390 0.7384
vn 0.4378 0.5367 0.7213
vn -0.1628 -0.9758 -0.1460
vn -0.0806 -0.9736 -0.2137
vn -0.1802 -0.9536 -0.2410
vn 0.2203 0.3268 -0.9191
vn 0.2699 0.1570 -0.9500
vn 0.1726 0.3112 -0.9345
vn -0.1980 0.0043 -0.9802
vn -0.1332 -0.0138 -0.9910
vn -0.9269 0.1987 -0.3184
vn -0.9285 0.1962 -0.3154
vn -0.9285 0.1961 -0.3152
vn 0.5564 -0.0327 0.8303
vn 0.5537 -0.0246 0.8324
vn 0.5511 -0.0185 0.8343
vn 0.5818 -0.0776 0.8096
vn 0.2803 0.0217 0.9597
vn 0.4414 0.0377 0.8965
vn -0.9549 0.2943 -0.0387
vn -0.9738 0.2144 -0.0761
vn -0.9551 0.2477 -0.1628
vn -0.2309 0.1797 -0.9562
vn -0.2677 0.0812 -0.9601
vn -0.2323 0.0093 -0.9726
vn -0.0435 -0.9844 -0.1703
vn -0.0407 -0.9820 -0.1844
vn -0.0926 -0.9852 -0.1444
vn 0.6214 0.7508 0.2241
vn 0.6997 0.7133 0.0396
vn 0.6908 0.7021 0.1730
vn -0.0620 -0.9935 0.0955
vn -0.0856 -0.9905 0.1072
vn -0.0757 -0.9909 0.1117
vn 0.1998 0.3922 0.8979
vn 0.2058 0.3992 0.8935
vn 0.1972 0.4032 0.8936
vn 0.0557 -0.9967 -0.0596
vn 0.0569 -0.9930 -0.1033
vn 0.1247 -0.9894 0.0745
vn -0.2946 0.1315 -0.9465
vn -0.3433 0.0232 -0.9390
vn -0.3306 0.0548 -0.9422
vn -0.0161 0.1071 -0.9941
vn 0.1903 0.2102 -0.9590
vn 0.1757 0.1141 -0.9778
vn 0.7374 -0.0069 -0.6754
vn 0.7832 0.0154 -0.6216
vn 0.7274 -0.0071 -0.6862
vn -0.3946 0.9003 0.1838
vn -0.3641 0.9266 0.0939
vn -0.3970 0.9128 0.0957
vn 0.1491 0.0151 0.9887
vn 0.1603 0.0544 0.9856
vn 0.0663 -0.0055 0.9978
vn 0.9959 -0.0764 0.0475
vn 0.9944 0.0975 -0.0414
vn 0.9998 -0.0136 0.0158
vn -0.2570 -0.9605 -0.1070
vn -0.2456 -0.9474 -0.2053
vn -0.1685 -0.9704 -0.1731
vn 0.3890 -0.4445 0.8069
vn -0.1497 0.1889 -0.9705
vn -0.1726 0.2978 -0.9389
vn -0.1223 0.1367 -0.9830
vn -0.3751 0.9125 0.1629
vn -0.2195 0.9578 0.1856
vn -0.2829 0.9570 0.0642
vn 0.2733 0.6951 -0.6649
vn 0.1779 0.7641 -0.6200
vn 0.2947 0.7250 -0.6225
vn -0.9448 -0.1740 0.2776
vn -0.8855 0.0471 0.4623
vn -0.9377 -0.2034 0.2815
vn -0.2899 0.1643 -0.9428
vn -0.2881 0.1607 -0.9440
vn -0.2829 0.1517 -0.9471
vn 0.6755 -0.0896 -0.7319
vn 0.6154 -0.1783 -0.7678
vn 0.6259 -0.0975 -0.7738
vn 0.7719 -0.0856 0.6299
vn 0.7755 0.1545 0.6122
vn 0.8026 -0.0220 0.5961
vn 0.2340 -0.9061 -0.3523
vn 0.1841 -0.9768 -0.1097
vn 0.1794 -0.9588 -0.2201
vn -0.9383 -0.3179 -0.1358
vn -0.9989 -0.0397 -0.0242
vn -0.9548 -0.2972 0.0009
vn -0.5076 -0.8366 0.2060
vn -0.3748 -0.8865 0.2713
vn -0.4006 -0.8631 0.3075
vn -0.9448 -0.0808 0.3175
vn -0.9656 -0.0243 0.2589
vn -0.9790 -0.0637 0.1938
vn 0.4807 0.1950 -0.8549
vn 0.0364 0.3933 -0.9187
vn 0.2471 0.3895 -0.8873
vn -0.2633 0.0090 -0.9647
vn -0.2129 -0.0807 -0.9737
vn -0.4332 0.0043 -0.9013
vn -0.4201 0.0378 0.9067
vn -0.4197 0.0377 0.9069
vn -0.4208 0.0381 0.9063
vn -0.0059 0.7695 -0.6386
vn -0.0158 0.5275 -0.8494
vn -0.1149 0.7476 -0.6541
vn -0.7190 -0.1267 -0.6834
vn -0.6279 0.1845 -0.7561
vn -0.5181 -0.0841 -0.8512
vn -0.2180 0.5169 -0.8278
vn -0.0084 -0.9513 -0.3082
vn -0.0002 -0.9518 -0.3066
vn 0.0005 -0.9494 -0.3141
vn -0.2118 -0.9771 -0.0199
vn -0.1826 -0.9827 -0.0324
vn -0.1703 -0.9853 0.0098
vn 0.1947 0.1531 0.9688
vn 0.2023 0.1158 0.9724
vn 0.2079 0.1513 0.9664
vn -0.3428 -0.8460 -0.4085
vn -0.3290 -0.8661 -0.3762
vn -0.4922 -0.7560 -0.4315
vn 0.9844 0.1661 0.0583
vn 0.9843 0.1667 0.0573
vn 0.9845 0.1641 0.0614
vn 0.8448 0.1850 -0.5020
vn 0.8410 0.1753 -0.5118
vn 0.8391 0.1961 -0.5074
vn -0.2792 0.4126 -0.8671
vn -0.3551 0.9121 0.2047
vn -0.3877 0.9181 0.0820
vn -0.4856 0.8574 0.1707
vn -0.8726 0.2346 0.4283
vn 0.4230 0.0429 0.9051
vn 0.4214 0.0375 0.9061
vn 0.4146 0.0225 0.9097
vn 0.2766 0.2527 -0.9272
vn 0.0700 0.4174 -0.9060
vn 0.1805 0.0603 -0.9817
vn -0.4139 -0.0333 0.9097
vn -0.4268 0.0238 0.9040
vn -0.5101 -0.0129 0.8600
vn -0.7161 0.2575 0.6487
vn -0.7159 0.2475 0.6529
vn -0.7087 0.2564 0.6573
vn -0.9646 0.0165 0.2632
vn 0.3794 0.7587 0.5296
vn 0.3060 0.7764 0.5509
vn 0.3251 0.7118 0.6227
vn -0.6802 0.3618 0.6376
vn -0.7867 0.2904 0.5448
vn -0.7908 0.2603 0.5539
vn -0.5057 -0.0067 -0.8627
vn -0.5441 -0.4186 -0.7272
vn -0.8099 0.1289 -0.5722
vn 0.9135 -0.1637 0.3725
vn 0.8944 0.1507 0.4212
vn 0.7688 -0.1802 0.6136
vn -0.4456 0.8568 0.2595
vn -0.5294 0.7638 0.3691
vn -0.3377 0.8466 0.4113
vn 0.0994 0.7855 0.6109
vn 0.1853 0.7121 0.6772
vn 0.1277 0.8203 0.5575
vn -0.0688 0.9588 0.2757
vn 0.5683 -0.1420 0.8105
vn 0.6251 0.0881 0.7756
vn 0.5624 -0.0878 0.8222
vn 0.8301 0.5544 0.0607
vn 0.9322 0.3413 -0.1208
vn 0.9248 0.3790 -0.0326
vn -0.0288 0.9571 0.2884
vn -0.1225 0.9499 0.2876
vn -0.1411 0.9424 0.3034
vn 0.6679 0.5781 -0.4687
vn 0.5064 0.5720 -0.6452
vn 0.4947 0.5975 -0.6311
vn -0.1748 0.3300 0.9276
vn -0.1529 0.2668 0.9515
vn -0.2823 0.3674 0.8862
vn -0.0766 0.2120 -0.9743
vn 0.0817 0.1446 -0.9861
vn -0.0222 0.1087 -0.9938
vn 0.0818 -0.9103 0.4057
vn 0.0372 -0.9435 0.3294
vn 0.0281 -0.8566 0.5152
vn -0.2669 -0.9542 0.1347
vn -0.4057 -0.9048 0.1294
vn -0.2151 -0.9765 0.0118
vn 0.0917 0.4160 0.9047
vn 0.0924 0.4138 0.9057
vn 0.1111 0.4047 0.9077
vn -0.9796 0.0041 -0.2010
vn -0.9951 0.0227 -0.0965
vn -0.9779 0.1033 -0.1815
vn -0.4899 -0.0662 -0.8693
vn -0.4578 0.0623 -0.8869
vn -0.4937 0.0604 -0.8675
vn -0.2613 0.5472 -0.7952
vn -0.2415 0.5926 -0.7684
vn -0.2496 0.5797 -0.7757
vn -0.9938 0.0586 0.0945
vn -0.9924 0.0535 0.1108
vn -0.9577 0.2517 0.1394
vn -0.1716 -0.9552 -0.2412
vn -0.1389 -0.9475 -0.2880
vn -0.1433 -0.9778 -0.1528
vn 0.4656 0.5320 0.7072
vn 0.5298 0.5538 0.6423
vn 0.5041 0.5501 0.6658
vn 0.4518 0.3374 -0.8259
vn 0.4375 0.4339 -0.7876
vn 0.5547 0.3790 -0.7407
vn -0.3013 -0.0821 -0.9500
vn -0.2140 0.1056 -0.9711
vn -0.0867 -0.1590 -0.9835
vn -0.2492 0.3319 -0.9098
vn -0.2477 0.3302 -0.9108
vn -0.2502 0.3314 -0.9097
vn 0.8999 -0.0016 -0.4360
vn 0.8749 0.1890 -0.4459
vn 0.9370 0.0370 -0.3474
vn 0.2130 -0.9595 0.1843
vn 0.2014 -0.9744 0.0998
vn 0.2458 -0.9479 0.2025
vn -0.7573 0.6516 0.0430
vn 0.7599 0.5558 -0.3371
vn -0.5730 0.4944 0.6537
vn 0.1853 0.9360 -0.2993
vn -0.9517 0.2821 -0.1208
vn -0.9587 0.2721 -0.0829
vn -0.9564 0.2689 -0.1140
vn -0.7490 -0.0119 -0.6625
vn -0.8167 0.0297 -0.5763
vn -0.7047 0.2030 -0.6799
vn 0.8758 0.1049 0.4712
vn 0.9175 -0.0073 0.3978
vn 0.8985 0.1438 0.4147
vn 0.1833 -0.9591 0.2155
vn 0.1625 -0.9730 0.1637
vn 0.1791 -0.9717 0.1543
vn 0.8535 -0.0557 -0.5180
vn 0.8900 -0.0106 -0.4558
vn 0.8734 -0.0418 -0.4852
vn 0.0888 0.2661 0.9599
vn -0.1076 0.9838 0.1433
vn -0.1098 0.9557 0.2733
vn -0.1191 0.9735 0.1954
vn 0.2182 0.0117 -0.9758
vn 0.2182 0.0013 -0.9759
vn 0.2163 0.0271 -0.9759
vn -0.3313 0.2028 0.9215
vn -0.3182 0.2239 0.9212
vn -0.3719 0.1739 0.9118
vn -0.1009 0.9896 -0.1021
vn 0.8295 -0.0723 -0.5538
vn 0.8978 -0.1648 -0.4084
vn 0.8194 -0.1694 -0.5476
vn -0.9313 0.3365 0.1393
vn -0.9714 0.2251 0.0761
vn -0.9688 0.2221 0.1101
vn -0.3695 -0.8726 -0.3196
vn 0.8319 0.5119 -0.2141
vn 0.9887 -0.1020 0.1102
vn 0.9925 -0.0743 0.0973
vn 0.9986 -0.0159 0.0496
vn -0.0921 0.1402 -0.9858
vn -0.1713 0.1575 -0.9726
vn -0.0324 0.1988 -0.9795
vn 0.7270 -0.1142 -0.6770
vn 0.7239 -0.1110 -0.6809
vn 0.7122 -0.1014 -0.6946
vn 0.9339 -0.3273 0.1435
vn 0.9866 -0.1616 -0.0216
vn 0.9865 -0.0434 0.1579
vn 0.8948 -0.3300 0.3006
vn 0.8718 -0.2794 0.4023
vn 0.7606 -0.5546 0.3375
vn 0.5068 0.1243 -0.8531
vn 0.5381 0.2159 -0.8148
vn 0.5632 0.1187 -0.8178
vn 0.9933 0.0743 0.0888
vn 0.9400 0.0129 0.3410
vn 0.9789 -0.0877 0.1847
vn 0.9316 -0.2688 0.2446
vn 0.9564 -0.1048 0.2728
vn 0.9381 -0.2910 0.1880
vn -0.9160 -0.1293 0.3799
vn 0.4963 0.1488 -0.8553
vn 0.5308 0.1556 -0.8331
vn 0.5856 0.2407 -0.7740
vn 0.0945 0.6757 0.7311
vn 0.0303 0.6929 0.7204
vn 0.0763 0.6738 0.7349
vn -0.9515 -0.0366 0.3056
vn -0.0782 0.7541 -0.6521
vn -0.1448 0.7952 -0.5888
vn -0.1739 0.7493 -0.6390
vn -0.2385 -0.0699 -0.9686
vn -0.1789 -0.0471 -0.9827
vn -0.2112 -0.0543 -0.9759
vn -0.5490 0.5853 -0.5967
vn -0.5479 0.5832 -0.5998
vn -0.5596 0.5771 -0.5948
vn -0.0219 -0.9954 -0.0936
vn 0.0649 -0.9966 0.0500
vn -0.1321 -0.9868 0.0935
vn 0.1298 -0.9684 -0.2129
vn 0.1232 -0.9722 -0.1990
vn 0.1211 -0.9734 -0.1942
vn -0.6322 -0.0260 -0.7744
vn -0.5885 -0.0329 -0.8078
vn -0.6149 -0.0181 -0.7884
vn -0.9421 0.3353 -0.0087
vn -0.9311 0.3554 -0.0819
vn -0.9412 0.3182 -0.1135
vn -0.0680 0.0810 -0.9944
vn -0.0570 0.0079 -0.9983
vn -0.0692 0.0475 -0.9965
vn -0.3019 -0.9442 -0.1313
vn -0.2677 -0.9629 0.0339
vn -0.1848 -0.9774 -0.1027
vn 0.6794 0.4173 -0.6035
vn -0.2002 -0.1549 0.9674
vn -0.2080 -0.1033 0.9727
vn -0.2075 -0.1533 0.9661
vn 0.0882 -0.8682 -0.4883
vn 0.2897 0.9037 -0.3152
vn 0.0375 0.9801 -0.1950
vn 0.2619 0.9293 -0.2602
vn -0.9854 0.0704 -0.1552
vn -0.9934 -0.0586 -0.0984
vn -0.9956 0.0139 -0.0930
vn -0.7205 0.2627 -0.6417
vn -0.6000 0.3452 -0.7217
vn -0.7055 0.0395 -0.7076
vn -0.0680 0.9452 0.3194
vn -0.1376 0.9330 0.3326
vn -0.0139 0.9224 0.3859
vn -0.3476 0.8945 -0.2811
vn -0.3448 0.8831 -0.3182
vn -0.3624 0.8833 -0.2975
vn -0.7811 -0.6219 -0.0561
vn -0.7805 -0.6226 -0.0570
vn -0.7686 -0.6277 -0.1235
vn -0.4597 0.5442 0.7018
vn -0.3757 0.7064 0.5999
vn -0.3996 0.7178 0.5702
vn -0.4458 -0.8863 -0.1253
vn -0.4414 -0.8879 -0.1294
vn -0.4448 -0.8867 -0.1262
vn 0.1889 -0.0999 -0.9769
vn 0.1761 -0.1930 -0.9653
vn 0.1684 -0.2277 -0.9591
vn -0.9174 0.1809 0.3544
vn -0.9541 0.1950 0.2273
vn -0.9325 0.0515 0.3575
vn -0.6607 0.6965 0.2800
vn -0.7574 0.6024 0.2521
vn -0.5518 0.7682 0.3245
vn -0.1002 -0.9931 -0.0605
vn -0.0285 -0.9919 -0.1241
vn -0.0545 -0.9974 -0.0479
vn -0.9962 0.0475 0.0734
vn -0.9678 0.1522 0.2006
vn -0.9827 0.0146 0.1844
vn 0.2148 -0.1126 -0.9701
vn 0.3074 -0.0874 -0.9475
vn 0.1341 -0.1370 -0.9815
vn -0.2348 0.3447 -0.9089
vn -0.1430 0.4003 -0.9052
vn -0.1863 0.3325 -0.9245
vn -0.3765 0.9179 0.1254
vn -0.3484 0.9251 0.1513
vn -0.3448 0.9107 0.2275
vn 0.0432 -0.9694 0.2416
vn 0.0132 -0.9871 0.1597
vn 0.1385 -0.9661 0.2177
vn 0.3632 -0.1650 0.9170
vn 0.1328 -0.1172 0.9842
vn 0.1456 -0.0980 0.9845
vn -0.9595 -0.0874 -0.2680
vn -0.9227 -0.2907 0.2531
vn -0.9756 -0.1916 -0.1073
vn -0.6293 0.7408 -0.2349
vn -0.5468 0.8089 -0.2159
vn -0.7557 0.6267 -0.1901
vn 0.0422 0.1646 -0.9855
vn 0.0427 0.1652 -0.9853
vn 0.0425 0.1649 -0.9854
vn -0.5368 0.4573 0.7091
vn -0.4906 0.3850 0.7817
vn -0.4817 0.3651 0.7967
vn -0.3467 0.9368 -0.0471
vn -0.3437 0.9391 -0.0085
vn -0.5329 -0.0593 -0.8441
vn -0.6304 -0.0112 -0.7762
vn -0.4856 -0.1353 -0.8636
vn 0.2757 0.0991 0.9561
vn 0.3004 0.1018 0.9484
vn 0.2648 0.1426 0.9537
vn -0.7402 0.5709 0.3551
vn -0.9904 0.1079 -0.0867
vn -0.9904 0.0283 -0.1356
vn -0.9978 0.0302 0.0590
vn -0.3763 0.2431 0.8940
vn -0.2758 0.2363 0.9317
vn -0.3452 0.2580 0.9024
vn 0.6278 0.6409 0.4417
vn 0.6068 0.6468 0.4620
vn 0.6000 0.7099 0.3689
vn -0.5177 -0.1658 0.8393
vn -0.4705 -0.2127 0.8564
vn -0.5389 -0.1018 0.8362
vn -0.6002 -0.0492 0.7984
vn -0.5996 -0.0453 0.7990
vn -0.6009 -0.0872 0.7946
vn -0.4513 0.2320 0.8617
vn -0.4039 0.1184 0.9071
vn -0.4954 0.2673 0.8265
vn -0.2943 -0.0881 -0.9516
vn -0.2937 -0.0852 -0.9521
vn -0.2944 -0.0884 -0.9516
vn 0.2596 0.5312 0.8065
vn 0.2519 0.5293 0.8102
vn 0.2465 0.5198 0.8179
vn -0.7155 -0.1624 -0.6795
vn -0.7011 -0.1785 -0.6903
vn -0.6894 -0.1501 -0.7086
vn -0.9739 0.0105 -0.2268
vn -0.9844 0.0985 -0.1458
vn -0.9891 0.0080 -0.1472
vn 0.5591 0.3744 0.7398
vn 0.6233 0.3568 0.6959
vn 0.5489 0.4527 0.7027
vn 0.4305 -0.0308 -0.9021
vn 0.4528 -0.1004 -0.8859
vn 0.3860 -0.0744 -0.9195
vn -0.0655 -0.0562 -0.9963
vn -0.0369 -0.1374 -0.9898
vn -0.2320 -0.1999 -0.9519
vn 0.5238 0.0910 -0.8470
vn 0.5359 0.0045 -0.8443
vn 0.5136 0.0637 -0.8557
vn 0.5480 0.3315 0.7680
vn -0.3668 -0.2066 -0.9071
vn -0.4491 -0.2625 -0.8541
vn -0.4303 -0.1143 -0.8954
vn 0.2535 0.1161 0.9603
vn 0.1696 0.0277 0.9851
vn 0.2255 -0.0021 0.9742
vn 0.3018 -0.9077 -0.2915
vn 0.2887 -0.8914 -0.3494
vn 0.3680 -0.8701 -0.3279
vn 0.0353 0.9248 0.3789
vn -0.0545 0.9155 0.3986
vn 0.1434 0.9183 0.3690
vn -0.6420 -0.2295 -0.7316
vn -0.6392 -0.2256 -0.7352
vn -0.6429 -0.2286 -0.7310
vn 0.7952 -0.0323 -0.6055
vn 0.8180 -0.0283 -0.5746
vn 0.8551 -0.0825 -0.5118
vn 0.7542 0.6323 -0.1774
vn 0.6693 0.7056 -0.2325
vn 0.6693 0.7056 -0.2329
vn -0.7705 0.3065 -0.5589
vn -0.8070 0.2718 -0.5242
vn -0.9704 0.2134 0.1131
vn -0.9534 0.0905 0.2879
vn -0.9768 0.1190 0.1778
vn -0.2603 -0.0005 -0.9655
vn -0.1818 0.1425 -0.9729
vn -0.1958 0.1050 -0.9750
vn -0.1147 -0.9714 -0.2081
vn 0.0431 -0.9776 -0.2062
vn -0.0669 -0.9836 -0.1675
vn -0.1470 0.0109 -0.9891
vn -0.1332 -0.0614 -0.9892
vn -0.1772 -0.0774 -0.9811
vn -0.1476 -0.9620 -0.2298
vn 0.0207 -0.9878 -0.1541
vn -0.0407 -0.9921 -0.1186
vn 0.0943 -0.9890 0.1139
vn 0.1254 -0.9920 0.0119
vn 0.1559 -0.9788 0.1326
vn -0.8554 0.2275 0.4653
vn -0.6645 0.1097 0.7392
vn -0.9250 0.2559 0.2810
vn 0.1244 0.9901 0.0652
vn 0.0668 0.9871 0.1458
vn 0.3245 0.9404 0.1023
vn -0.0926 -0.9871 0.1303
vn -0.1029 -0.9860 0.1312
vn -0.0845 -0.9962 -0.0189
vn -0.6619 0.7287 0.1755
vn -0.7115 0.6709 0.2089
vn -0.6487 0.6972 0.3052
vn -0.9921 0.0262 0.1229
vn 0.7743 0.3543 -0.5244
vn 0.7866 0.3292 -0.5224
vn 0.7831 0.3639 -0.5044
vn 0.1657 0.7745 0.6105
vn 0.1414 0.6306 0.7631
vn 0.1853 0.7677 0.6134
vn -0.0412 -0.9893 0.1403
vn -0.9827 0.0421 0.1802
vn -0.8904 -0.3630 0.2748
vn -0.9187 -0.2089 0.3353
vn 0.4206 -0.8842 0.2032
vn 0.4392 -0.8805 0.1785
vn 0.4126 -0.8932 0.1787
vn 0.0611 -0.6374 0.7681
vn 0.2588 -0.6100 0.7489
vn 0.0103 -0.5753 0.8179
vn -0.4131 0.8192 0.3978
vn -0.2904 0.9452 0.1490
vn -0.1991 0.9408 0.2745
vn 0.8081 -0.2238 0.5448
vn 0.8938 0.0943 0.4384
vn 0.8309 0.0054 0.5563
vn -0.0523 -0.8373 -0.5443
vn -0.1500 -0.8716 -0.4667
vn -0.1920 -0.8044 -0.5622
vn -0.7304 0.4761 0.4898
vn -0.7310 0.4748 0.4902
vn -0.7356 0.4651 0.4926
vn 0.0825 -0.9872 -0.1362
vn 0.0498 -0.9896 -0.1351
vn 0.0705 -0.9944 -0.0785
vn 0.0708 0.9783 0.1946
vn 0.0650 0.9770 0.2033
vn 0.0463 0.9712 0.2337
vn 0.1045 0.8158 -0.5688
vn 0.1104 0.8147 -0.5693
vn 0.1108 0.8146 -0.5694
vn -0.9862 -0.1131 -0.1206
vn -0.9917 -0.0810 -0.0997
vn -0.9853 -0.1182 -0.1234
vn -0.6680 0.1241 0.7337
vn -0.7119 -0.6168 0.3358
vn -0.7392 -0.6207 0.2614
vn -0.7055 -0.6204 0.3426
vn 0.4299 -0.0741 0.8998
vn 0.3042 -0.0938 0.9480
vn 0.1730 -0.1137 0.9783
vn 0.9789 0.1937 0.0646
vn 0.9956 0.0931 -0.0097
vn 0.9892 0.1288 0.0703
vn 0.8748 0.0754 -0.4786
vn 0.8896 0.0860 -0.4486
vn 0.8633 0.0419 -0.5029
vn 0.1603 0.2138 0.9636
vn 0.0486 0.1627 0.9855
vn 0.1063 0.1605 0.9813
vn -0.2505 0.3387 0.9069
vn -0.2717 0.4764 0.8362
vn -0.3021 0.3189 0.8984
vn -0.2633 0.1484 -0.9532
vn -0.2630 0.1460 -0.9537
vn -0.2330 0.1485 -0.9611
vn -0.4806 -0.0058 -0.8769
vn -0.4768 0.0202 -0.8788
vn -0.5446 0.0236 -0.8384
vn -0.2987 0.2727 0.9146
vn -0.2624 0.4496 0.8538
vn -0.0550 0.2474 0.9674
vn 0.4786 0.0139 -0.8779
vn 0.4366 0.0515 -0.8982
vn 0.3450 0.0791 -0.9353
vn -0.8826 0.0703 0.4649
vn -0.7252 0.1486 0.6723
vn -0.8079 0.1114 0.5787
vn -0.1425 0.5889 0.7955
vn -0.1575 0.5303 0.8330
vn -0.2240 0.5254 0.8208
vn 0.2173 0.0437 0.9751
vn 0.1847 0.0650 0.9806
vn 0.1669 0.0115 0.9859
vn 0.9700 0.0776 -0.2303
vn 0.9673 0.0717 -0.2433
vn 0.9729 0.0748 -0.2188
vn -0.1691 -0.1321 -0.9767
vn -0.1923 -0.1374 -0.9717
vn -0.1670 -0.1327 -0.9770
vn -0.2325 0.2712 0.9340
vn -0.2360 0.2750 0.9320
vn -0.2353 0.2742 0.9325
vn 0.9326 -0.2914 0.2129
vn 0.9737 -0.0235 0.2267
vn 0.9932 -0.0614 0.0988
vn 0.4311 0.0503 0.9009
vn 0.3732 0.0631 0.9256
vn 0.3843 0.0837 0.9194
vn -0.2511 -0.5374 -0.8051
vn -0.2037 -0.5907 -0.7808
vn -0.2089 -0.6001 -0.7721
vn 0.8112 0.5069 -0.2914
vn 0.8611 0.4669 -0.2011
vn 0.8614 0.4867 -0.1454
vn -0.2044 0.9739 0.0985
vn -0.2181 0.9711 0.0966
vn -0.2056 0.9749 0.0854
vn 0.6516 -0.3580 -0.6688
vn 0.7331 -0.3630 -0.5752
vn 0.7775 -0.4528 -0.4365
vn -0.9956 0.0902 -0.0269
vn 0.3735 0.8216 0.4306
vn 0.4031 0.6712 0.6221
vn 0.4901 0.6213 0.6114
vn -0.9298 0.0051 0.3680
vn -0.8555 0.0483 0.5156
vn -0.9221 0.1911 0.3364
vn 0.2436 -0.1957 -0.9499
vn 0.4063 0.0991 -0.9083
vn 0.2684 0.1950 -0.9433
vn -0.0932 0.9899 0.1065
vn -0.9991 -0.0146 0.0406
vn -0.9932 -0.0159 -0.1153
vn -0.9988 -0.0375 -0.0305
vn 0.1586 -0.0606 -0.9855
vn -0.6961 0.6997 -0.1609
vn -0.5255 0.2503 -0.8132
vn -0.3257 -0.4297 -0.8421
vn 0.1434 -0.3912 -0.9091
vn -0.3746 -0.3142 -0.8723
vn -0.1190 -0.5122 -0.8506
vn -0.1130 -0.1411 -0.9835
vn 0.1626 0.7788 -0.6058
vn 0.2934 0.4665 -0.8344
vn 0.3047 0.5279 -0.7928
vn 0.2885 0.3887 -0.8750
vn 0.8512 0.2584 0.4568
vn 0.8623 0.2433 0.4442
vn 0.8604 0.2503 0.4440
vn -0.7916 -0.1648 -0.5884
vn -0.7679 -0.1398 -0.6251
vn -0.7789 -0.1553 -0.6076
vn -0.6758 0.2032 -0.7085
vn 0.0764 0.6438 -0.7613
vn 0.0762 0.6431 -0.7620
vn -0.4428 0.0784 -0.8932
vn -0.6072 0.0547 -0.7926
vn -0.7504 -0.0289 -0.6603
vn 0.6810 0.1208 -0.7223
vn 0.4901 0.3024 -0.8175
vn 0.6516 0.1649 -0.7404
vn 0.1034 0.0769 -0.9917
vn -0.3315 -0.3183 0.8881
vn 0.2705 -0.9540 -0.1289
vn -0.3277 -0.7858 0.5245
vn -0.9904 -0.0237 -0.1359
vn -0.8341 0.5477 -0.0656
vn -0.7860 0.4763 -0.3940
vn -0.9782 0.1724 -0.1162
vn -0.9978 0.0603 0.0270
vn -0.9757 0.0188 -0.2182
vn 0.3978 0.6896 0.6051
vn 0.8328 0.5243 0.1778
vn 0.6312 0.1956 0.7505
vn -0.2568 0.6383 0.7257
vn -0.2402 0.5173 0.8214
vn -0.2161 0.5029 0.8369
vn -0.0497 -0.6334 0.7722
vn 0.7270 0.4389 -0.5281
vn 0.7338 0.4326 -0.5238
vn 0.1167 0.9587 -0.2595
vn -0.0654 0.4723 -0.8790
vn -0.0944 -0.9047 0.4155
vn -0.0739 -0.9195 0.3861
vn -0.1560 -0.9254 0.3453
vn 0.3847 0.4555 0.8028
vn 0.4153 0.4053 0.8144
vn 0.3982 0.4297 0.8104
vn -0.2275 -0.6599 0.7160
vn 0.1737 0.0923 0.9805
vn 0.3339 0.2241 0.9156
vn 0.3104 0.0895 0.9464
vn -0.9496 -0.3101 0.0454
vn -0.9438 -0.3269 0.0486
vn -0.9420 -0.3321 0.0495
vn -0.2525 -0.0263 -0.9672
vn -0.2959 -0.0657 -0.9530
vn -0.3272 -0.0729 -0.9421
vn 0.0867 0.9231 0.3747
vn 0.0360 0.7136 0.6996
vn -0.2084 0.6222 0.7546
vn -0.9070 0.3438 -0.2431
vn -0.8807 0.3367 -0.3332
vn -0.8637 0.2876 -0.4138
vn -0.4933 -0.8506 -0.1820
vn -0.4603 -0.8609 -0.2165
vn -0.4528 -0.8629 -0.2247
vn 0.6291 0.6610 -0.4090
vn -0.5625 0.3482 -0.7499
vn -0.5217 0.4069 -0.7498
vn -0.5090 0.3880 -0.7684
vn -0.4344 0.0157 -0.9006
vn -0.4729 0.0250 -0.8808
vn -0.4286 0.0295 -0.9030
vn -0.0570 0.6694 -0.7407
vn -0.9264 0.3675 0.0827
vn -0.9183 0.3822 0.1035
vn -0.9229 0.3738 0.0920
vn -0.0589 0.0716 0.9957
vn -0.0393 0.1548 0.9872
vn -0.1982 0.0517 0.9788
vn -0.5970 0.0891 0.7973
vn -0.6291 0.1151 0.7687
vn -0.5978 0.0853 0.7971
vn -0.3567 -0.1585 0.9207
vn -0.3267 -0.2597 0.9088
vn -0.3271 -0.2593 0.9087
vn -0.4057 0.4065 -0.8186
vn -0.3579 0.4470 -0.8198
vn -0.4161 0.3087 -0.8553
vn -0.2452 -0.1240 0.9615
vn -0.4326 0.1397 -0.8907
vn -0.5677 0.2080 -0.7965
vn -0.3523 0.0059 -0.9359
vn 0.4930 0.3903 -0.7776
vn 0.4997 0.3799 -0.7784
vn 0.4872 0.3985 -0.7771
vn -0.4058 0.0910 0.9094
vn -0.2713 0.0248 0.9622
vn -0.2718 0.3685 0.8890
vn -0.8911 0.3646 0.2701
vn -0.8808 0.4242 0.2104
vn -0.8849 0.3094 0.3481
vn -0.8126 0.3241 0.4844
vn -0.8289 0.3879 0.4031
vn -0.8103 0.2869 0.5110
vn -0.3685 -0.8850 0.2846
vn -0.3436 -0.9343 0.0943
vn -0.2594 -0.9430 0.2083
vn -0.9626 -0.2523 0.0990
vn -0.9564 -0.2460 0.1575
vn -0.9488 -0.2598 0.1798
vn -0.8471 0.3484 0.4013
vn -0.8286 0.3202 0.4592
vn -0.8284 0.2933 0.4772
vn -0.2605 0.0653 -0.9633
vn -0.1795 0.0045 -0.9837
vn -0.2585 0.0274 -0.9656
vn 0.9823 0.1317 -0.1335
vn 0.9715 0.0523 -0.2310
vn 0.9769 0.0840 -0.1964
vn -0.9715 -0.2244 0.0765
vn -0.9657 -0.1922 0.1744
vn -0.9680 -0.2344 0.0900
vn -0.0541 -0.9848 0.1651
vn -0.0504 -0.9773 0.2058
vn -0.0427 -0.9956 0.0839
vn 0.0916 0.7678 -0.6341
vn 0.1441 0.7677 -0.6244
vn 0.2138 0.6965 -0.6850
vn 0.3747 0.3177 -0.8710
vn 0.3608 0.3436 -0.8670
vn 0.3582 0.3353 -0.8713
vn -0.9615 0.0021 0.2748
vn -0.9583 -0.0492 0.2815
vn -0.9824 -0.0555 0.1782
vn -0.3578 0.8434 -0.4008
vn -0.3587 0.8451 -0.3964
vn -0.3589 0.8488 -0.3883
vn -0.1289 -0.9552 -0.2663
vn -0.0738 -0.9496 -0.3047
vn -0.0578 -0.9693 -0.2391
vn 0.2109 0.7776 -0.5923
vn 0.2188 0.7721 -0.5967
vn 0.1825 0.7853 -0.5916
vn -0.1074 -0.9838 0.1433
vn -0.0882 -0.9692 0.2298
vn -0.1057 -0.9837 0.1451
vn -0.8439 0.3511 -0.4057
vn -0.9163 0.3574 -0.1806
vn -0.7854 0.5121 -0.3476
vn 0.6193 -0.7741 -0.1314
vn 0.5596 -0.7577 -0.3357
vn 0.6883 -0.7138 -0.1293
vn -0.6590 0.6989 -0.2781
vn -0.6590 0.6988 -0.2783
vn -0.8567 -0.0481 -0.5136
vn -0.8178 0.0814 -0.5697
vn -0.8204 -0.0336 -0.5708
vn -0.1313 -0.9913 -0.0071
vn -0.0747 -0.9971 -0.0174
vn -0.1311 -0.9913 -0.0065
vn -0.1699 0.5742 -0.8009
vn -0.1851 0.5780 -0.7948
vn -0.4234 0.1247 0.8973
vn -0.4171 0.1262 0.9001
vn -0.4712 0.1240 0.8733
vn -0.4303 0.3767 0.8203
vn 0.0674 0.9201 0.3858
vn 0.0887 0.9481 0.3055
vn 0.1339 0.9723 0.1915
vn -0.1206 0.3205 0.9395
vn -0.0814 0.3019 0.9499
vn -0.0898 0.3379 0.9369
vn 0.1789 -0.8295 0.5291
vn 0.0930 -0.8506 0.5175
vn -0.0436 -0.8465 0.5306
vn -0.7504 0.3777 0.5424
vn -0.7228 0.3769 0.5792
vn -0.7247 0.3760 0.5774
vn 0.4141 0.8811 0.2285
vn 0.5184 0.8457 0.1264
vn 0.5119 0.8319 0.2143
vn -0.6564 0.1777 0.7332
vn -0.6161 0.2526 0.7460
vn -0.6770 0.1314 0.7242
vn 0.8030 0.5573 0.2111
vn 0.8028 0.5576 0.2115
vn 0.8029 0.5574 0.2113
vn -0.6221 0.0654 0.7802
vn -0.6205 0.0670 0.7814
vn -0.6211 0.0653 0.7810
vn 0.2707 0.8374 0.4748
vn 0.3700 0.7527 0.5446
vn 0.2930 0.8596 0.4186
vn -0.9974 0.0512 -0.0516
vn -0.9972 0.0181 -0.0731
vn -0.9979 0.0414 -0.0503
vn 0.7266 0.3838 0.5699
vn 0.7988 0.3247 0.5064
vn 0.7618 0.3548 0.5420
vn -0.9857 0.0471 0.1618
vn -0.9908 0.1215 0.0600
vn -0.9907 0.0483 0.1270
vn -0.7257 0.6634 -0.1822
vn -0.6479 0.7240 -0.2367
vn -0.6727 0.6606 -0.3334
vn 0.3297 0.4931 0.8051
vn 0.3764 0.5463 0.7483
vn 0.2649 0.5187 0.8129
vn -0.6047 0.4656 0.6462
vn -0.7014 0.4958 0.5121
vn -0.6207 0.4926 0.6100
vn -0.0563 0.3759 -0.9250
vn -0.1000 0.2152 -0.9714
vn -0.1309 0.3212 -0.9379
vn 0.7930 0.4959 -0.3539
vn 0.7889 0.4986 -0.3591
vn 0.8003 0.4915 -0.3434
vn 0.1658 -0.6207 0.7664
vn 0.1193 -0.6051 0.7872
vn 0.1054 -0.6282 0.7709
vn 0.0217 0.2926 0.9560
vn 0.0038 0.2945 0.9556
vn -0.0045 0.2339 0.9723
vn 0.2302 -0.0540 0.9716
vn 0.2098 -0.0821 0.9743
vn 0.1681 -0.0912 0.9815
vn -0.9054 -0.2775 -0.3214
vn -0.8682 -0.2197 -0.4449
vn -0.9620 -0.1900 -0.1959
vn 0.4525 0.4504 0.7696
vn 0.4691 0.4346 0.7688
vn 0.4603 0.4595 0.7596
vn -0.0282 -0.9850 0.1701
vn -0.1045 -0.9876 0.1171
vn -0.0832 -0.9896 0.1177
vn -0.1578 -0.9875 0.0023
vn -0.2427 -0.9701 -0.0074
vn -0.1761 -0.9843 -0.0124
vn 0.9292 0.3695 -0.0069
vn 0.9304 0.3665 -0.0109
vn 0.9419 0.3316 -0.0545
vn 0.6456 0.7343 0.2098
vn 0.5719 0.7834 0.2434
vn 0.6534 0.7157 0.2466
vn -0.0328 0.1015 0.9943
vn -0.0347 0.0979 0.9946
vn -0.0335 0.0999 0.9944
vn 0.1050 -0.1544 -0.9824
vn 0.0920 -0.1871 -0.9780
vn 0.1101 -0.1286 -0.9856
vn 0.1750 0.1888 -0.9663
vn 0.0856 0.1397 -0.9865
vn 0.2065 0.1516 -0.9666
vn 0.2605 0.2578 -0.9304
vn 0.2256 0.1272 -0.9659
vn 0.2948 0.2006 -0.9343
vn 0.4848 -0.8723 0.0635
vn 0.4784 -0.8749 0.0749
vn 0.4820 -0.8735 0.0682
vn 0.2590 0.1619 -0.9522
vn 0.1811 0.0789 -0.9803
vn 0.0819 0.0928 -0.9923
vn 0.5575 0.7989 -0.2259
vn 0.6227 0.7463 -0.2351
vn 0.6353 0.7475 -0.1940
vn -0.0577 0.6222 0.7807
vn -0.0532 0.6272 0.7770
vn -0.0550 0.6255 0.7783
vn 0.1413 0.7685 0.6240
vn -0.0527 0.8094 0.5849
vn -0.1484 0.7493 0.6454
vn -0.0327 0.7163 0.6971
vn 0.0548 0.8538 0.5177
vn 0.1200 0.7607 0.6380
vn -0.1779 -0.8453 0.5038
vn -0.2050 -0.8939 0.3986
vn -0.2504 -0.8567 0.4510
vn -0.3856 0.7848 -0.4853
vn -0.5637 0.6584 -0.4988
vn -0.4596 0.7360 -0.4970
vn 0.7124 -0.1446 -0.6867
vn 0.6427 -0.1550 -0.7503
vn 0.7040 0.0098 -0.7102
vn 0.3318 -0.0177 0.9432
vn 0.3631 -0.0024 0.9318
vn 0.3304 -0.0794 0.9405
vn 0.0597 0.1565 -0.9859
vn 0.0280 0.2051 -0.9783
vn 0.0165 0.1964 -0.9804
vn -0.3938 0.8305 -0.3939
vn -0.3884 0.8320 -0.3962
vn -0.3914 0.8311 -0.3952
vn 0.4906 -0.1718 0.8543
vn 0.3527 -0.0228 0.9354
vn 0.4162 -0.0322 0.9087
vn -0.9162 0.0121 0.4006
vn -0.9120 -0.1426 0.3847
vn -0.8750 -0.0547 0.4811
vn -0.4365 -0.0048 -0.8997
vn -0.3573 0.0143 -0.9339
vn -0.4252 -0.0325 -0.9045
vn 0.8153 0.0746 -0.5742
vn 0.7143 0.0792 -0.6954
vn 0.7027 0.0726 -0.7078
vn -0.9720 -0.1136 0.2055
vn -0.9784 -0.0781 0.1913
vn -0.9757 -0.1108 0.1891
vn -0.2435 0.8660 0.4367
vn -0.3864 0.8055 0.4494
vn -0.2887 0.8625 0.4157
vn -0.4856 0.4101 -0.7720
vn -0.2834 0.4290 -0.8577
vn -0.4756 0.2318 -0.8486
vn -0.7290 0.4195 -0.5409
vn -0.5050 0.0068 -0.8631
vn -0.4422 0.2168 -0.8703
vn -0.7697 0.2793 -0.5741
vn -0.6144 0.4725 -0.6318
vn -0.5511 0.5719 -0.6077
vn -0.0977 0.0483 0.9940
vn -0.7303 -0.6387 0.2423
vn -0.7290 -0.6391 0.2451
vn -0.7293 -0.6401 0.2418
vn 0.3214 0.9304 -0.1761
vn 0.2916 0.9232 -0.2503
vn 0.2259 0.9420 -0.2482
vn -0.8183 -0.1119 0.5637
vn 0.2217 0.1201 -0.9677
vn 0.1398 0.1546 -0.9780
vn 0.2200 0.1331 -0.9664
vn 0.1456 0.1347 -0.9801
vn 0.1939 0.0456 -0.9800
vn 0.2369 0.1513 -0.9597
vn -0.3583 0.7941 0.4910
vn -0.3469 0.7706 0.5346
vn -0.2412 0.8210 0.5175
vn -0.9306 -0.0168 0.3657
vn -0.9055 -0.0866 0.4155
vn -0.8913 0.0170 0.4531
vn -0.4742 0.1719 -0.8635
vn -0.0302 0.0607 -0.9977
vn -0.0318 0.0839 -0.9960
vn -0.0171 0.0505 -0.9986
vn 0.5104 -0.5633 0.6497
vn 0.5333 -0.6194 0.5761
vn 0.5944 -0.6752 0.4369
vn -0.0959 0.1771 -0.9795
vn -0.1603 0.0844 -0.9835
vn -0.1334 0.0716 -0.9885
vn -0.1212 -0.0718 -0.9900
vn -0.1364 -0.0522 -0.9893
vn -0.1655 -0.0434 -0.9853
vn -0.4466 0.3268 -0.8329
vn 0.1615 -0.7990 -0.5792
vn 0.5467 0.7240 0.4207
vn 0.5446 0.7261 0.4198
vn 0.7729 0.3400 0.5358
vn 0.7855 0.4770 0.3944
vn 0.7537 0.4062 0.5167
vn -0.1863 -0.1393 0.9726
vn -0.0844 -0.0957 0.9918
vn -0.2725 -0.1353 0.9526
vn 0.1834 -0.0355 0.9824
vn 0.1831 -0.0355 0.9825
vn -0.1423 -0.0189 0.9897
vn -0.0030 -0.0534 0.9986
vn -0.0179 0.1226 0.9923
vn -0.9998 0.0219 0.0037
vn -0.9989 -0.0384 0.0253
vn -0.9672 -0.2298 0.1086
vn -0.9979 -0.0647 0.0025
vn -0.9912 -0.0595 0.1183
vn -0.9911 -0.1330 -0.0066
vn 0.0784 -0.9820 0.1717
vn 0.1578 -0.9624 0.2213
vn 0.0640 -0.9680 0.2427
vn -0.3820 -0.8724 0.3049
vn -0.3810 -0.8721 0.3070
vn -0.3796 -0.8723 0.3083
vn -0.3651 -0.9309 0.0089
vn -0.3417 -0.9397 -0.0126
vn 0.0970 0.2625 -0.9601
vn 0.1487 0.2055 -0.9673
vn 0.1582 0.3335 -0.9294
vn 0.3267 0.0836 -0.9414
vn 0.1748 0.1671 -0.9703
vn 0.3590 0.2181 -0.9075
vn -0.0229 0.8608 0.5085
vn -0.0828 0.8423 0.5326
vn -0.0966 0.7640 0.6380
vn -0.8212 -0.3356 0.4615
vn -0.8186 -0.3059 0.4861
vn -0.8627 -0.2479 0.4409
vn -0.4065 0.1364 -0.9034
vn -0.3703 0.1331 -0.9193
vn -0.4280 0.1669 -0.8882
vn -0.2761 -0.0208 -0.9609
vn -0.2685 -0.0513 -0.9619
vn -0.2765 -0.0550 -0.9594
vn -0.3300 -0.1910 -0.9245
vn -0.3144 -0.1930 -0.9295
vn -0.3329 -0.1831 -0.9250
vn 0.8042 -0.2360 -0.5455
vn 0.8034 -0.2372 -0.5462
vn 0.8038 -0.2366 -0.5458
vn -0.2459 -0.9693 -0.0039
vn -0.2115 -0.9769 0.0300
vn -0.1804 -0.9799 -0.0852
vn -0.3984 0.0106 -0.9171
vn -0.4229 0.0430 -0.9052
vn -0.3771 0.0823 -0.9225
vn 0.4305 0.3261 0.8416
vn 0.4545 0.3012 0.8383
vn 0.4570 0.3331 0.8247
vn 0.4317 0.5352 0.7261
vn 0.4322 0.5414 0.7212
vn 0.4316 0.5435 0.7200
vn 0.6174 0.2703 0.7388
vn 0.6247 0.2393 0.7433
vn 0.6411 0.2498 0.7257
vn -0.9058 0.2602 -0.3343
vn -0.9647 0.0011 -0.2632
vn -0.9895 0.1373 -0.0462
vn -0.1998 -0.6082 -0.7683
vn -0.8042 -0.0634 -0.5909
vn -0.8137 -0.0704 -0.5770
vn -0.7896 -0.0056 -0.6137
vn -0.8672 -0.0526 -0.4952
vn -0.8336 -0.0296 -0.5516
vn -0.8325 -0.0055 -0.5540
vn 0.9420 0.3355 0.0051
vn 0.9640 0.2653 0.0180
vn 0.9260 0.3764 0.0287
vn -0.7604 -0.1673 0.6275
vn -0.8025 -0.1915 0.5651
vn -0.7548 -0.1976 0.6255
vn -0.6899 0.0753 -0.7200
vn -0.6574 0.3553 -0.6645
vn -0.6481 0.1175 -0.7525
vn 0.8489 0.3542 0.3923
vn 0.8660 0.3325 0.3735
vn 0.8380 0.3831 0.3886
vn 0.7396 0.4762 0.4757
vn 0.7080 0.5347 0.4613
vn 0.7460 0.5246 0.4103
vn 0.7895 0.1518 -0.5947
vn 0.7972 0.1621 -0.5815
vn 0.8232 0.1047 -0.5580
vn 0.8274 0.0210 -0.5612
vn 0.7990 0.0786 -0.5962
vn 0.8221 0.1170 -0.5571
vn 0.3354 -0.9290 0.1567
vn 0.3180 -0.9481 -0.0064
vn 0.4180 -0.8997 0.1259
vn -0.0645 -0.9819 0.1782
vn -0.0670 -0.9843 0.1633
vn 0.0033 -0.9756 0.2196
vn -0.9816 0.1089 -0.1570
vn -0.9849 0.1022 -0.1401
vn -0.9881 0.1022 -0.1145
vn -0.3668 0.2320 0.9009
vn -0.3629 0.2388 0.9007
vn -0.3721 0.2316 0.8988
vn 0.7368 -0.5069 0.4475
vn -0.2824 0.0107 -0.9592
vn -0.3038 0.0615 -0.9507
vn -0.3057 0.0428 -0.9512
vn -0.3470 0.0650 -0.9356
vn -0.5432 0.0670 -0.8369
vn -0.6371 0.0867 -0.7659
vn -0.9043 -0.0886 -0.4176
vn -0.8988 0.2137 -0.3827
vn -0.9195 0.3175 -0.2319
vn 0.1132 0.6647 -0.7384
vn 0.1588 0.7243 -0.6710
vn 0.2108 0.5439 -0.8122
vn 0.1273 0.6940 -0.7086
vn 0.4665 0.6331 -0.6177
vn 0.0125 0.5063 -0.8623
vn -0.1756 0.9677 -0.1808
vn -0.1844 0.9659 -0.1818
vn -0.1921 0.9642 -0.1829
vn -0.0405 -0.1316 -0.9905
vn -0.0304 -0.1280 -0.9913
vn -0.0574 -0.1331 -0.9894
vn -0.6405 0.1840 -0.7456
vn -0.6095 0.3570 -0.7079
vn -0.5795 0.3749 -0.7236
vn -0.5349 0.0634 -0.8426
vn -0.5397 0.0126 -0.8417
vn -0.5214 0.1150 -0.8455
vn -0.8055 -0.0650 -0.5891
vn -0.8059 -0.0858 -0.5858
vn -0.8239 -0.1765 -0.5385
vn -0.8590 0.5083 0.0609
vn -0.8460 0.5279 0.0744
vn -0.8441 0.5342 0.0467
vn 0.9892 -0.0929 0.1133
vn 0.9914 -0.0110 -0.1307
vn 0.9860 0.1517 0.0696
vn -0.1762 -0.9702 -0.1665
vn -0.3770 -0.9260 -0.0225
vn -0.3178 -0.9074 -0.2750
vn -0.5458 0.0834 -0.8337
vn -0.5859 0.0127 -0.8103
vn -0.5754 0.1763 -0.7986
vn -0.4827 -0.6054 -0.6329
vn -0.3887 -0.7506 -0.5343
vn -0.5454 -0.6703 -0.5033
vn 0.1150 -0.9650 0.2355
vn 0.0831 -0.9525 0.2929
vn -0.0894 -0.9881 0.1253
vn 0.1368 -0.9600 -0.2444
vn 0.0230 -0.9788 -0.2033
vn 0.0417 -0.9740 -0.2227
vn -0.0372 -0.9506 -0.3082
vn -0.1235 -0.9403 -0.3170
vn -0.0625 -0.9424 -0.3285
vn -0.1898 -0.9140 -0.3586
vn -0.1053 -0.9463 -0.3057
vn -0.2647 -0.8771 -0.4007
vn -0.0624 -0.9872 0.1471
vn -0.2630 -0.9522 0.1555
vn -0.1881 -0.9765 0.1052
vn 0.1266 0.1255 -0.9840
vn -0.1710 -0.0548 -0.9838
vn -0.0491 0.0727 -0.9961
vn 0.9550 0.1024 0.2783
vn 0.9212 0.3475 0.1751
vn 0.9206 0.3587 0.1546
vn -0.3138 0.2040 -0.9273
vn -0.3684 0.2031 -0.9072
vn -0.3694 0.2020 -0.9071
vn 0.7788 0.3902 -0.4912
vn 0.7479 0.4283 -0.5071
vn 0.7350 0.4384 -0.5173
vn 0.9846 0.1721 -0.0310
vn 0.9836 0.1786 -0.0244
vn 0.9855 0.1641 -0.0419
vn 0.7552 0.4274 -0.4970
vn 0.7293 0.4380 -0.5256
vn 0.7640 0.3614 -0.5345
vn 0.3039 0.8649 0.3995
vn 0.1969 0.4922 -0.8479
vn 0.3632 0.8974 -0.2506
vn 0.7063 0.0962 0.7014
vn 0.4801 0.3978 0.7818
vn 0.2003 0.2004 0.9590
vn -0.7340 0.6138 0.2906
vn -0.8462 -0.0909 0.5250
vn -0.8577 -0.0940 0.5055
vn -0.8606 -0.0714 0.5043
vn -0.9154 -0.0011 0.4025
vn -0.3236 -0.1415 -0.9355
vn -0.4163 -0.1451 -0.8976
vn -0.3755 -0.1972 -0.9056
vn -0.4763 -0.1402 -0.8681
vn -0.5251 0.0822 -0.8471
vn -0.5162 -0.0876 -0.8520
vn 0.4232 -0.0719 -0.9032
vn 0.3675 -0.0852 -0.9261
vn 0.4754 -0.1483 -0.8672
vn 0.3260 -0.1689 -0.9302
vn 0.4139 -0.2027 -0.8875
vn 0.3773 -0.1180 -0.9185
vn 0.5555 0.8210 -0.1320
vn 0.4234 0.9016 -0.0887
vn 0.4849 0.8728 0.0555
vn 0.7691 0.1092 -0.6298
vn 0.8085 -0.0400 -0.5871
vn 0.7139 -0.0322 -0.6995
vn -0.0691 0.8145 0.5760
vn 0.0060 0.7640 0.6452
vn -0.0707 0.8007 0.5949
vn -0.2065 -0.9771 0.0509
vn -0.1126 -0.9715 -0.2085
vn -0.1031 -0.9945 -0.0184
vn -0.9999 0.0084 0.0090
vn -0.9982 0.0458 -0.0390
vn -0.9999 -0.0031 -0.0157
vn -0.9972 0.0463 0.0585
vn -0.9996 0.0172 0.0222
vn -0.9972 0.0049 0.0740
vn 0.2276 -0.8751 0.4271
vn 0.2699 -0.8650 0.4229
vn 0.3013 -0.8394 0.4523
vn -0.9206 0.3025 -0.2471
vn -0.9225 0.3009 -0.2417
vn -0.9918 0.0492 -0.1176
vn -0.9927 0.0562 -0.1069
vn -0.9914 0.0549 -0.1191
vn 0.0789 0.9945 -0.0691
vn 0.5867 -0.0871 0.8051
vn 0.5803 -0.0382 0.8135
vn 0.5004 0.0677 0.8631
vn -0.6098 0.1156 -0.7841
vn -0.6209 0.0302 -0.7833
vn -0.6310 0.0185 -0.7755
vn 0.0996 0.1547 0.9829
vn 0.0643 0.1974 0.9782
vn 0.0206 0.1424 0.9896
vn -0.1794 0.5033 0.8453
vn -0.0474 0.6104 0.7906
vn -0.1365 0.5208 0.8427
vn 0.0872 -0.9832 0.1601
vn -0.0281 -0.9963 0.0810
vn 0.1595 -0.9872 0.0050
vn 0.3051 0.9418 0.1410
vn 0.2346 0.9582 0.1641
vn 0.2939 0.9485 0.1182
vn 0.3061 0.9192 -0.2475
vn 0.1200 0.9862 -0.1139
vn 0.0714 0.9884 -0.1337
vn 0.1262 -0.0526 -0.9906
vn 0.1267 -0.0520 -0.9906
vn 0.1271 -0.0515 -0.9906
vn -0.2969 -0.1156 -0.9479
vn -0.2390 -0.1579 -0.9581
vn -0.3635 -0.1696 -0.9160
vn 0.0831 0.8943 -0.4398
vn 0.2695 0.9629 -0.0132
vn 0.2767 0.8113 -0.5150
vn -0.2315 0.0617 -0.9709
vn -0.2355 0.0616 -0.9699
vn -0.2094 0.0600 -0.9760
vn -0.9967 0.0151 0.0792
vn -0.9970 0.0344 -0.0697
vn -0.9924 0.1227 0.0067
vn -0.9813 0.1866 -0.0477
vn -0.9980 0.0239 0.0593
vn -0.9530 0.2766 0.1234
vn -0.9803 0.1928 -0.0421
vn -0.9813 0.1791 -0.0706
vn -0.9817 0.1852 -0.0447
vn 0.6118 0.7680 0.1895
vn 0.5114 0.8461 0.1503
vn 0.5979 0.7925 0.1201
vn -0.9707 -0.1694 -0.1702
vn -0.9679 -0.1552 -0.1977
vn -0.9647 -0.1708 -0.2007
vn -0.9750 -0.2125 -0.0648
vn -0.9768 -0.2037 -0.0659
vn -0.9725 -0.2242 -0.0626
vn 0.5801 0.7131 0.3938
vn 0.6119 0.6411 0.4633
vn 0.6347 0.6345 0.4411
vn 0.0849 0.6329 0.7696
vn 0.0005 0.6677 0.7444
vn 0.0559 0.6720 0.7385
vn 0.5868 0.7391 0.3307
vn 0.5870 0.7580 0.2843
vn 0.5738 0.7800 0.2496
vn 0.7229 0.6393 0.2621
vn 0.7252 0.6387 0.2572
vn 0.7266 0.6364 0.2589
vn 0.9816 -0.1907 -0.0102
vn 0.9968 0.0763 0.0226
vn 0.9546 -0.2726 0.1197
vn 0.9931 0.1057 0.0500
vn 0.9831 0.1526 -0.1013
vn 0.9780 -0.0382 -0.2050
vn -0.8214 0.0400 0.5689
vn -0.8529 0.0044 0.5221
vn -0.8319 0.0261 0.5543
vn 0.0015 0.9100 0.4147
vn 0.0010 0.9097 0.4153
vn -0.0000 0.9091 0.4165
vn -0.7279 0.6254 -0.2811
vn -0.7385 0.5913 -0.3240
vn -0.7337 0.6340 -0.2444
vn -0.1367 0.9702 0.2000
vn -0.1460 0.9338 0.3265
vn -0.1119 0.9514 0.2869
vn -0.8933 0.4191 -0.1622
vn -0.9384 0.3392 -0.0665
vn -0.9250 0.3799 0.0107
vn -0.6707 0.2405 0.7016
vn -0.6505 0.2820 0.7052
vn -0.6086 0.3284 0.7223
vn 0.1423 -0.9897 -0.0180
vn 0.3199 -0.4782 0.8179
vn 0.3416 -0.4811 0.8074
vn 0.2922 -0.4662 0.8351
vn -0.6401 -0.0137 -0.7682
vn -0.6407 -0.0150 -0.7677
vn -0.9780 -0.0197 -0.2075
vn -0.9276 -0.2869 -0.2392
vn -0.9604 0.2437 -0.1347
vn 0.0410 0.4989 0.8657
vn -0.2121 0.2378 0.9479
vn -0.1762 0.3558 0.9178
vn -0.1375 0.3564 0.9242
vn 0.0568 -0.0409 0.9975
vn -0.0423 0.0007 0.9991
vn -0.0795 0.0597 0.9950
vn -0.0106 -0.0169 0.9998
vn -0.0198 0.1421 0.9897
vn 0.0641 0.0744 0.9952
vn 0.3471 -0.1363 -0.9279
vn 0.1674 0.1335 -0.9768
vn 0.2992 -0.0050 -0.9542
vn -0.1022 0.0510 -0.9935
vn -0.1171 0.0088 -0.9931
vn -0.1192 -0.0081 -0.9928
vn -0.0676 0.9928 0.0989
vn 0.0156 0.4692 -0.8830
vn -0.0601 0.5967 -0.8002
vn -0.0374 0.5520 -0.8330
vn 0.8390 -0.3165 -0.4427
vn 0.7047 0.0058 -0.7095
vn 0.9054 0.1258 -0.4055
vn -0.9205 0.3793 0.0935
vn -0.9190 0.3437 0.1932
vn -0.9198 0.3582 0.1604
vn -0.4029 0.8255 0.3953
vn -0.5239 0.7804 0.3413
vn -0.2627 0.9093 0.3227
vn -0.4195 0.0232 0.9075
vn 0.6986 0.7152 0.0187
vn 0.6903 0.6782 0.2520
vn 0.8664 0.4947 0.0682
vn 0.2842 0.5689 0.7717
vn 0.6026 0.5965 0.5301
vn 0.5062 0.5774 0.6406
vn 0.1486 0.7855 0.6008
vn 0.1258 0.8057 0.5788
vn 0.3388 0.9085 0.2445
vn 0.7932 0.2781 -0.5418
vn 0.7971 0.1442 -0.5864
vn -0.3530 -0.2220 -0.9089
vn -0.4516 -0.1545 -0.8787
vn -0.4086 -0.1566 -0.8992
vn -0.9919 -0.0563 0.1137
vn -0.9433 -0.2436 0.2254
vn -0.8748 -0.1194 0.4696
vn -0.2242 0.7743 0.5917
vn -0.2450 0.7202 0.6491
vn -0.1199 0.7760 0.6193
vn 0.4602 0.8849 0.0721
vn 0.3989 0.9117 0.0980
vn 0.3972 0.9177 0.0057
vn 0.4829 -0.0540 0.8740
vn 0.4738 -0.0284 0.8802
vn 0.4690 -0.0098 0.8832
vn 0.3490 0.1557 0.9241
vn 0.3960 0.1830 0.8998
vn 0.3564 0.1548 0.9214
vn -0.2521 0.2092 0.9448
vn -0.2616 0.3088 0.9144
vn -0.3226 0.2536 0.9119
vn 0.0150 0.1608 0.9869
vn 0.0058 -0.0723 -0.9974
vn 0.3156 -0.1697 -0.9336
vn -0.0033 0.1208 -0.9927
vn -0.1221 -0.0425 -0.9916
vn -0.2217 0.0141 -0.9750
vn -0.1894 -0.0360 -0.9812
vn -0.3745 0.3994 0.8368
vn -0.3629 0.5043 0.7835
vn -0.3014 0.4851 0.8209
vn -0.0923 0.3876 0.9172
vn -0.0228 0.3773 0.9258
vn -0.0463 0.3577 0.9327
vn 0.0056 0.4000 0.9165
vn -0.1416 0.5649 0.8129
vn -0.2033 0.4895 0.8479
vn -0.2162 0.5409 0.8128
vn 0.0057 -0.9749 0.2227
vn -0.0603 -0.9672 0.2467
vn -0.0043 -0.9023 0.4311
vn 0.0355 -0.9979 0.0544
vn 0.2810 -0.9552 0.0926
vn 0.0732 -0.9894 0.1253
vn -0.2591 -0.2560 -0.9313
vn -0.2613 -0.2574 -0.9303
vn -0.2738 -0.2639 -0.9249
vn -0.9076 -0.0434 0.4177
vn -0.9054 -0.0305 0.4234
vn -0.9036 -0.0471 0.4259
vn -0.8836 -0.0130 0.4682
vn -0.8882 -0.0255 0.4587
vn -0.8827 -0.0287 0.4691
vn 0.4089 0.6388 0.6517
vn 0.2700 0.5550 0.7869
vn 0.0814 0.5678 0.8191
vn 0.1751 -0.9495 0.2602
vn -0.0867 -0.9664 0.2420
vn -0.1196 -0.9215 0.3696
vn -0.0255 -0.9992 -0.0322
vn -0.0094 -0.9880 -0.1544
vn -0.1542 -0.9807 -0.1202
vn -0.1581 0.1529 0.9755
vn -0.0333 0.1132 0.9930
vn -0.1242 0.1997 0.9720
vn -0.7237 0.2129 0.6564
vn -0.6817 0.2495 0.6878
vn -0.7465 0.1655 0.6444
vn 0.1503 0.5999 0.7858
vn 0.1852 0.5826 0.7914
vn 0.2466 0.6298 0.7366
vn -0.1675 -0.0230 0.9856
vn -0.2080 -0.0252 0.9778
vn -0.2458 0.0329 0.9688
vn 0.1692 0.0980 -0.9807
vn -0.3835 -0.0954 -0.9186
vn -0.1830 0.4006 -0.8978
vn 0.8523 0.2803 -0.4415
vn 0.8347 0.2480 -0.4917
vn 0.7715 0.4138 -0.4834
vn 0.8346 0.2973 -0.4638
vn 0.8079 0.2951 -0.5100
vn 0.8539 0.3402 -0.3938
vn 0.2994 -0.8917 -0.3393
vn 0.3052 -0.8651 -0.3981
vn 0.3453 -0.8674 -0.3583
vn 0.4683 -0.8832 -0.0242
vn 0.3563 -0.9109 -0.2084
vn 0.5172 -0.8518 0.0831
vn 0.5815 0.2831 -0.7627
vn 0.7037 0.3535 -0.6163
vn 0.6417 0.1962 -0.7415
vn -0.7496 -0.0839 0.6566
vn -0.8157 -0.0555 0.5758
vn -0.8200 -0.0722 0.5678
vn -0.4543 0.4191 0.7861
vn -0.4350 0.2686 0.8595
vn -0.4588 0.3874 0.7997
vn -0.6694 0.5237 0.5269
vn -0.5354 0.6655 0.5201
vn -0.6443 0.5473 0.5341
vn -0.5694 0.0586 -0.8200
vn -0.4816 -0.0049 -0.8764
vn -0.5470 0.1972 -0.8136
vn -0.4714 0.0440 -0.8808
vn -0.6075 0.1720 -0.7755
vn -0.5572 -0.0653 -0.8278
vn -0.3497 0.2728 -0.8963
vn -0.3415 0.2726 -0.8995
vn -0.3340 0.2622 -0.9054
vn -0.3191 0.2415 0.9164
vn -0.3242 0.2802 0.9036
vn -0.3374 0.2340 0.9118
vn -0.9770 0.1730 -0.1244
vn -0.9767 0.1766 -0.1218
vn -0.9761 0.1831 -0.1174
vn -0.5432 0.0136 -0.8395
vn -0.7295 0.2093 -0.6512
vn -0.5191 0.3491 -0.7801
vn 0.5393 0.0987 0.8363
vn 0.5267 0.1711 0.8326
vn 0.5000 0.2654 0.8244
vn -0.1017 -0.1127 -0.9884
vn -0.0147 -0.1535 -0.9880
vn -0.1847 0.0794 -0.9796
vn 0.0608 0.1664 0.9842
vn 0.0453 0.1438 0.9886
vn 0.0428 0.1978 0.9793
vn -0.0322 0.0554 0.9979
vn -0.0723 0.0414 0.9965
vn -0.0585 0.0889 0.9943
vn 0.4828 -0.0190 0.8755
vn 0.4894 0.0371 0.8713
vn 0.4170 0.0006 0.9089
vn 0.5891 0.0818 0.8039
vn 0.5737 0.1205 0.8102
vn 0.5402 0.0841 0.8374
vn -0.7133 0.1008 -0.6936
vn -0.5800 -0.1994 -0.7898
vn -0.4873 0.0260 -0.8728
vn 0.7796 -0.2726 0.5638
vn 0.1728 0.7887 -0.5899
vn 0.0297 0.7603 -0.6489
vn 0.1454 0.8798 -0.4525
vn 0.7242 0.1861 0.6639
vn 0.6264 0.1256 0.7693
vn 0.6614 -0.0279 0.7495
vn 0.1459 0.3712 0.9170
vn 0.1755 0.2631 0.9487
vn 0.3416 0.3023 0.8899
vn 0.4698 0.4770 0.7428
vn 0.4642 0.4774 0.7460
vn 0.5391 0.5026 0.6758
vn 0.1743 0.9620 0.2103
vn 0.6366 0.4457 0.6294
vn 0.6247 0.6613 0.4153
vn 0.4379 -0.8965 0.0678
vn 0.4862 -0.8632 0.1359
vn 0.4135 -0.9089 0.0537
vn 0.4478 -0.0160 0.8940
vn 0.4507 -0.0103 0.8926
vn 0.4482 0.0126 0.8938
vn -0.1044 -0.5671 0.8170
vn -0.1076 -0.5621 0.8201
vn -0.1104 -0.5592 0.8217
vn 0.7949 0.5241 -0.3057
vn 0.3005 0.1379 -0.9438
vn 0.0752 0.1923 -0.9784
vn -0.0386 -0.0089 -0.9992
vn 0.0062 0.0784 0.9969
vn 0.0072 0.0748 0.9972
vn 0.0102 0.0589 0.9982
vn 0.0369 0.1051 0.9938
vn 0.0625 0.1034 0.9927
vn 0.0671 0.0875 0.9939
vn 0.2608 -0.9592 -0.1090
vn 0.3248 -0.9446 0.0474
vn 0.2634 -0.9618 -0.0751
vn 0.0728 0.4899 0.8687
vn 0.1190 0.5004 0.8576
vn -0.0995 0.5499 0.8293
vn 0.0883 -0.9479 0.3060
vn 0.1382 -0.9558 0.2596
vn 0.1357 -0.9518 0.2750
vn -0.1672 -0.9859 0.0088
vn 0.0524 -0.9980 -0.0348
vn -0.0041 -0.9977 0.0676
vn 0.2732 -0.8054 -0.5260
vn 0.2315 -0.9328 -0.2763
vn 0.3059 -0.8919 -0.3332
vn -0.4702 -0.7823 -0.4085
vn -0.4681 -0.7830 -0.4096
vn -0.4593 -0.7197 -0.5206
vn 0.3432 -0.9339 0.0998
vn 0.3448 -0.9387 -0.0088
vn 0.3516 -0.9231 0.1555
vn -0.3644 0.6057 0.7073
vn -0.3688 0.6008 0.7093
vn -0.3758 0.5931 0.7120
vn -0.1730 0.1934 -0.9658
vn -0.1437 0.2013 -0.9689
vn -0.1397 0.1923 -0.9713
vn 0.4549 -0.8764 -0.1581
vn 0.9319 0.3514 -0.0901
vn 0.8893 0.4264 -0.1655
vn 0.9095 0.3451 -0.2319
vn 0.1944 -0.0475 0.9798
vn 0.1543 0.0382 0.9873
vn 0.0995 -0.0616 0.9931
vn 0.1160 -0.9915 -0.0583
vn 0.1704 -0.9843 -0.0453
vn 0.0470 -0.9858 -0.1612
vn -0.0918 -0.9504 -0.2972
vn -0.1065 -0.9871 -0.1194
vn -0.1551 -0.9416 -0.2989
vn -0.9431 -0.3325 -0.0098
vn -0.9529 -0.3012 0.0363
vn -0.9720 -0.2338 0.0228
vn -0.3515 -0.6941 -0.6282
vn -0.6417 -0.7615 -0.0919
vn -0.5728 -0.8197 0.0042
vn -0.6487 -0.7564 -0.0836
vn -0.8836 -0.1793 0.4326
vn -0.8827 -0.1890 0.4302
vn -0.8841 -0.1714 0.4348
vn -0.2023 -0.9793 0.0022
vn -0.0831 -0.9965 0.0044
vn -0.1796 -0.9820 0.0583
vn -0.0986 -0.9810 0.1669
vn -0.0930 -0.9556 0.2796
vn -0.2059 -0.9582 0.1987
vn 0.2652 0.4299 0.8631
vn 0.2775 0.3877 0.8790
vn 0.3124 0.3704 0.8748
vn -0.0422 -0.9968 -0.0680
vn -0.1710 -0.9742 0.1475
vn -0.0762 -0.9968 0.0234
vn 0.1847 0.2879 -0.9397
vn 0.2669 0.1887 -0.9451
vn 0.2244 0.1833 -0.9571
vn 0.0706 -0.0677 -0.9952
vn -0.2246 0.1593 -0.9613
vn -0.2270 0.1272 -0.9656
vn -0.2657 0.1292 -0.9554
vn -0.1828 0.1262 -0.9750
vn -0.1954 0.1817 -0.9638
vn -0.2612 0.1225 -0.9575
vn -0.4656 0.2439 -0.8507
vn -0.4226 0.2952 -0.8569
vn -0.4572 0.2364 -0.8574
vn 0.5573 0.6548 0.5105
vn 0.5659 0.6469 0.5111
vn 0.5570 0.6551 0.5105
vn 0.7782 0.0819 0.6226
vn 0.7800 0.0785 0.6209
vn 0.7816 0.0757 0.6192
vn 0.8219 -0.5048 0.2638
vn 0.8242 -0.5015 0.2630
vn 0.8215 -0.5055 0.2640
vn -0.9647 0.1695 -0.2017
vn -0.8491 0.3642 -0.3827
vn -0.8813 0.2223 -0.4171
vn -0.8703 0.3829 -0.3097
vn -0.8647 0.2498 -0.4357
vn -0.8602 0.2365 -0.4517
vn -0.1344 0.1415 -0.9808
vn -0.1457 0.0372 -0.9886
vn 0.5223 -0.4831 -0.7028
vn 0.5241 -0.4804 -0.7032
vn 0.5223 -0.4804 -0.7046
vn 0.2768 0.9484 0.1544
vn 0.5090 0.8535 0.1118
vn 0.3698 0.9287 0.0295
vn 0.2276 0.1146 -0.9670
vn 0.0761 0.3263 -0.9422
vn 0.3273 0.3076 -0.8935
vn 0.1272 0.4585 0.8795
vn 0.1216 0.4496 0.8849
vn 0.1217 0.4505 0.8845
vn -0.6509 0.2655 0.7112
vn -0.6242 0.2028 0.7545
vn -0.6426 0.2623 0.7199
vn 0.2912 0.1604 -0.9431
vn 0.3395 0.0462 -0.9395
vn 0.3410 -0.0016 -0.9401
vn 0.3441 0.1721 -0.9230
vn 0.3539 0.0820 -0.9317
vn 0.3213 -0.0282 -0.9466
vn 0.4270 0.0275 -0.9039
vn 0.4628 0.0061 -0.8864
vn 0.5027 0.0083 -0.8644
vn -0.3923 0.8825 0.2594
vn -0.3949 0.8777 0.2714
vn -0.3952 0.8772 0.2725
vn -0.2419 0.8813 0.4059
vn -0.1805 0.9409 0.2867
vn -0.2853 0.9228 0.2590
vn -0.5382 0.8286 0.1544
vn -0.5436 0.8167 0.1935
vn -0.5187 0.8511 0.0811
vn -0.2298 0.8537 0.4673
vn -0.2081 0.8608 0.4645
vn -0.2189 0.8661 0.4495
vn 0.9958 -0.0910 0.0110
vn 0.9869 0.1205 -0.1074
vn 0.9943 -0.0489 -0.0946
vn -0.9489 -0.2795 0.1464
vn -0.7979 0.4976 0.3401
vn -0.8568 0.5076 0.0912
vn -0.8546 0.4864 0.1816
vn 0.0744 0.9388 0.3364
vn -0.0288 0.9229 0.3840
vn 0.0018 0.8909 0.4543
vn 0.5656 0.8197 0.0906
vn 0.5662 0.8194 0.0894
vn 0.5665 0.8192 0.0887
vn 0.1815 -0.8380 0.5146
vn 0.2358 -0.8171 0.5261
vn 0.2002 -0.8205 0.5355
vn 0.1972 0.5443 -0.8154
vn -0.0323 0.5660 -0.8237
vn 0.0667 0.6037 -0.7944
vn -0.9382 -0.0667 0.3397
vn -0.9353 -0.0609 0.3485
vn -0.9313 -0.0516 0.3606
vn -0.4764 0.4019 -0.7820
vn -0.6167 0.1785 -0.7667
vn -0.6339 0.2920 -0.7162
vn -0.3650 0.2015 -0.9089
vn -0.2936 0.0372 -0.9552
vn -0.3452 0.1438 -0.9274
vn -0.1711 0.0261 -0.9849
vn 0.8116 -0.1442 0.5661
vn 0.9257 -0.1399 0.3515
vn 0.7831 -0.0328 0.6210
vn 0.2385 -0.9440 -0.2280
vn 0.2125 -0.9482 -0.2363
vn 0.2002 -0.9179 -0.3426
vn -0.1622 -0.9861 0.0351
vn -0.2671 -0.9395 0.2145
vn 0.2106 -0.9289 0.3048
vn 0.1914 -0.9777 -0.0867
vn 0.1749 -0.9807 -0.0872
vn 0.1609 -0.9845 -0.0701
vn -0.9673 -0.1919 -0.1659
vn -0.9312 -0.2657 -0.2497
vn -0.9379 -0.0900 -0.3349
vn -0.9650 -0.1876 0.1835
vn -0.9716 -0.1116 0.2087
vn -0.9758 -0.1054 0.1915
vn 0.0660 0.4890 -0.8698
vn -0.0980 0.4235 -0.9006
vn 0.1308 0.2921 -0.9474
vn 0.1417 0.1788 0.9736
vn 0.0652 0.2301 0.9710
vn 0.1403 0.1276 0.9818
vn -0.3374 0.0469 -0.9402
vn -0.1486 0.0514 -0.9876
vn -0.2446 -0.1251 -0.9615
vn 0.3978 0.3501 0.8480
vn 0.4018 0.3456 0.8480
vn 0.3943 0.3543 0.8479
vn 0.3159 0.0182 0.9486
vn 0.3164 0.0188 0.9484
vn 0.3070 0.0242 0.9514
vn -0.3655 0.0891 0.9265
vn -0.3903 0.1197 0.9129
vn -0.3811 0.0747 0.9215
vn -0.0868 -0.8968 -0.4337
vn -0.0911 -0.8981 -0.4303
vn -0.0946 -0.8991 -0.4274
vn -0.4584 0.1174 0.8810
vn -0.4498 0.0654 0.8907
vn -0.4578 0.1005 0.8833
vn -0.7788 -0.6173 0.1117
vn -0.7787 -0.6173 0.1118
vn -0.7787 -0.6174 0.1118
vn 0.3154 0.1328 0.9396
vn 0.2794 0.1318 0.9511
vn 0.3149 0.1128 0.9424
vn 0.3922 0.2324 0.8900
vn 0.3880 0.1952 0.9007
vn 0.4206 0.2109 0.8824
vn 0.2395 0.0831 0.9673
vn 0.2379 0.1231 0.9635
vn 0.2346 0.1170 0.9650
vn 0.2570 -0.8752 -0.4099
vn 0.2539 -0.9423 -0.2181
vn -0.0360 -0.9085 -0.4164
vn -0.5191 -0.7783 -0.3532
vn -0.5174 -0.7232 -0.4575
vn -0.4299 -0.7907 -0.4359
vn 0.9957 -0.0502 -0.0779
vn 0.9947 0.0443 -0.0930
vn 0.9898 0.1389 0.0322
vn 0.7289 -0.0849 -0.6794
vn -0.3017 0.3953 -0.8676
vn -0.7001 0.4569 -0.5487
vn -0.3566 0.1536 0.9215
vn -0.3843 0.1567 0.9098
vn -0.3044 0.1961 0.9321
vn -0.4682 0.1086 0.8769
vn -0.4999 -0.0229 0.8658
vn -0.4369 0.1712 0.8830
vn -0.5576 0.8153 0.1559
vn -0.5849 0.8092 0.0557
vn -0.5896 0.8072 0.0304
vn 0.5945 0.0018 0.8041
vn 0.5957 0.0070 0.8032
vn 0.5947 0.0027 0.8039
vn 0.8593 0.2674 -0.4361
vn 0.8545 0.2707 -0.4433
vn 0.8675 0.2607 -0.4237
vn 0.8078 0.2920 -0.5121
vn 0.8947 0.1005 -0.4353
vn 0.9652 0.2007 -0.1678
vn -0.4139 -0.0045 0.9103
vn -0.3978 0.0564 0.9158
vn -0.3713 0.0506 0.9271
vn -0.6900 0.2706 0.6714
vn -0.6946 0.2628 0.6697
vn -0.6896 0.2603 0.6758
vn 0.5816 0.5624 0.5877
vn 0.7239 0.2851 0.6283
vn 0.5711 0.5387 0.6193
vn 0.0910 0.7482 0.6572
vn 0.1262 0.9035 0.4096
vn 0.0969 0.8007 0.5912
vn -0.8485 -0.1954 0.4917
vn -0.8169 -0.0086 0.5767
vn -0.8576 -0.2047 0.4719
vn 0.7129 0.4966 0.4950
vn 0.7166 0.4828 0.5034
vn 0.7251 0.4687 0.5046
vn 0.2239 0.0748 0.9717
vn 0.1666 0.0396 0.9852
vn 0.0573 0.0475 0.9972
vn 0.4093 0.7089 0.5744
vn 0.3841 0.7170 0.5817
vn 0.4487 0.6976 0.5586
vn -0.8304 0.3857 0.4022
vn -0.8472 0.3613 0.3896
vn -0.8173 0.3193 0.4796
vn -0.1642 -0.0211 -0.9862
vn -0.1859 -0.0307 -0.9821
vn -0.1787 -0.0285 -0.9835
vn -0.1777 -0.0250 -0.9838
vn -0.1878 -0.0003 -0.9822
vn -0.1936 -0.0123 -0.9810
vn 0.7150 -0.2764 0.6422
vn 0.7080 -0.0176 0.7060
vn 0.6679 0.0795 0.7400
vn 0.6629 0.2928 -0.6891
vn -0.3840 -0.7905 -0.4772
vn -0.3463 -0.7755 -0.5279
vn -0.2581 -0.8755 -0.4084
vn -0.2080 0.9683 0.1385
vn -0.2147 0.9676 0.1326
vn -0.2110 0.9680 0.1360
vn -0.0392 0.4304 0.9018
vn 0.0685 0.3888 0.9188
vn 0.0422 0.4747 0.8792
vn 0.9330 0.3531 0.0697
vn 0.9320 0.3555 0.0711
vn 0.9336 0.3516 0.0687
vn -0.9808 -0.0900 -0.1732
vn -0.8849 0.0178 -0.4654
vn -0.4963 -0.0668 -0.8656
vn -0.8376 0.1821 0.5151
vn -0.7507 0.1120 0.6511
vn -0.7946 0.1925 0.5759
vn -0.0900 0.4489 0.8890
vn -0.1578 0.5425 0.8251
vn -0.0000 0.4926 0.8702
vn 0.7345 0.2647 0.6248
vn 0.7363 0.2665 0.6220
vn 0.7548 0.2776 0.5943
vn -0.0651 0.0791 -0.9947
vn 0.1172 0.2577 -0.9591
vn 0.0305 0.0463 -0.9985
vn 0.1905 -0.9776 0.0899
vn 0.1160 -0.9927 0.0319
vn 0.2405 -0.9685 -0.0643
vn -0.1400 -0.9600 0.2427
vn -0.2478 -0.9530 0.1746
vn -0.1410 -0.9465 0.2903
vn -0.0479 -0.9987 0.0179
vn -0.1681 -0.9833 0.0699
vn -0.0562 -0.9980 -0.0272
vn 0.3529 -0.6318 -0.6901
vn 0.4416 -0.6270 -0.6417
vn 0.5303 -0.6319 -0.5652
vn -0.1984 -0.9789 0.0489
vn -0.1650 -0.9700 0.1783
vn -0.1687 -0.9691 0.1802
vn -0.1330 -0.9464 -0.2943
vn -0.0769 -0.9673 -0.2417
vn -0.1275 -0.9729 -0.1929
vn 0.0341 0.7359 0.6762
vn 0.0934 0.7488 0.6562
vn 0.0900 0.6693 0.7376
vn 0.1632 0.3331 0.9287
vn 0.1629 0.3146 0.9352
vn 0.1813 0.3157 0.9314
vn -0.9417 -0.0981 -0.3219
vn -0.9019 -0.1178 -0.4155
vn -0.9199 -0.2028 -0.3356
vn -0.7437 -0.0431 -0.6671
vn -0.7414 -0.0503 -0.6691
vn -0.7390 -0.0094 -0.6737
vn -0.3278 0.2208 -0.9186
vn -0.3921 0.0886 -0.9156
vn -0.3104 0.0784 -0.9474
vn -0.4124 0.0240 -0.9107
vn -0.4295 0.2220 -0.8753
vn -0.4207 0.0055 -0.9072
vn 0.0365 0.0617 -0.9974
vn 0.1531 0.0668 -0.9860
vn 0.1940 -0.0057 -0.9810
vn 0.1168 -0.0195 -0.9930
vn 0.1852 0.0294 -0.9823
vn 0.1871 0.0283 -0.9819
vn 0.5966 0.6059 0.5262
vn 0.6563 0.6080 0.4468
vn 0.5339 0.6629 0.5249
vn 0.4205 0.5526 0.7195
vn 0.4175 0.5520 0.7218
vn 0.4265 0.5542 0.7148
vn 0.6459 0.3442 -0.6814
vn 0.5782 0.4071 -0.7071
vn 0.5892 0.4581 -0.6656
vn 0.2243 0.1741 0.9588
vn 0.2249 0.1743 0.9587
vn 0.0718 -0.9969 0.0315
vn 0.0464 -0.9980 0.0435
vn 0.0666 -0.9972 0.0328
vn 0.0636 -0.9979 0.0102
vn 0.0482 -0.9988 0.0102
vn 0.0763 -0.9968 0.0220
vn -0.1692 0.3781 -0.9102
vn -0.1681 0.3774 -0.9107
vn -0.1825 0.3255 -0.9278
vn -0.2257 0.3554 -0.9070
vn -0.2693 0.3836 -0.8834
vn -0.2704 0.3843 -0.8827
vn -0.2014 0.2528 -0.9463
vn -0.2041 0.2567 -0.9447
vn -0.2021 0.2551 -0.9456
vn 0.8272 -0.1315 -0.5463
vn 0.9039 0.1263 -0.4087
vn 0.8078 0.1444 -0.5715
vn -0.2502 0.9664 0.0597
vn -0.7076 0.6162 -0.3459
vn -0.6589 0.6907 -0.2979
vn -0.7120 0.5723 -0.4069
vn -0.1157 0.3552 -0.9276
vn -0.1129 -0.1026 -0.9883
vn -0.5974 0.7867 0.1554
vn 0.7874 0.6022 -0.1317
vn 0.5959 0.6420 -0.4824
vn 0.5932 0.6448 -0.4820
vn 0.6838 0.7297 -0.0034
vn 0.6827 0.7307 0.0042
vn 0.6851 0.7284 -0.0000
vn -0.9754 0.2197 0.0207
vn -0.9754 0.2198 0.0145
vn -0.9672 0.2518 0.0339
vn -0.2917 0.1485 -0.9449
vn -0.0287 0.2618 -0.9647
vn -0.1677 -0.0502 -0.9846
vn -0.2670 0.0395 -0.9629
vn -0.3138 0.0267 -0.9491
vn -0.5510 -0.0420 -0.8335
vn -0.9777 0.2032 0.0536
vn -0.9804 0.1912 0.0477
vn -0.9816 0.1835 0.0528
vn 0.7828 0.1747 0.5973
vn 0.8228 0.0714 0.5638
vn 0.8386 0.0679 0.5405
vn 0.8028 -0.1043 -0.5871
vn 0.8006 -0.0025 -0.5993
vn 0.7995 -0.1527 -0.5809
vn -0.1669 0.5587 0.8124
vn -0.1073 0.5834 0.8051
vn -0.1131 0.5236 0.8444
vn -0.2315 0.1478 0.9615
vn -0.2248 0.1674 0.9599
vn -0.2280 0.1790 0.9571
vn 0.0155 0.6958 0.7180
vn 0.8602 0.0580 -0.5066
vn 0.9269 0.2576 -0.2731
vn 0.8020 -0.0974 -0.5893
vn -0.9143 0.1842 0.3606
vn -0.9596 0.2051 0.1925
vn -0.9577 0.1484 0.2464
vn 0.4006 -0.9096 -0.1101
vn -0.3063 0.0358 0.9513
vn -0.3433 0.0156 0.9391
vn -0.3303 0.0349 0.9432
vn -0.3290 0.0336 0.9437
vn -0.3265 0.0329 0.9446
vn -0.3112 0.0519 0.9489
vn 0.9762 -0.1213 0.1798
vn 0.9816 -0.1152 0.1521
vn 0.9865 -0.1054 0.1254
vn -0.0037 0.0108 -0.9999
vn -0.1126 0.0249 -0.9933
vn -0.0871 0.0391 -0.9954
vn 0.8160 -0.0028 -0.5781
vn 0.8096 -0.0065 -0.5870
vn 0.8096 -0.0126 -0.5868
vn 0.9645 -0.1068 0.2416
vn 0.9652 -0.2598 -0.0304
vn 0.9989 0.0111 0.0446
vn 0.5990 0.1624 -0.7841
vn 0.6034 0.1449 -0.7841
vn 0.5971 0.1890 -0.7796
vn 0.3221 0.1330 -0.9373
vn 0.3992 0.0435 -0.9158
vn 0.3430 0.0299 -0.9389
vn 0.5740 0.1645 -0.8021
vn 0.5638 0.1899 -0.8038
vn 0.5574 0.2020 -0.8053
vn 0.0062 0.6710 0.7414
vn 0.0147 0.6732 0.7393
vn 0.0063 0.6961 0.7179
vn -0.0930 0.5821 -0.8078
vn 0.0058 0.5798 -0.8147
vn 0.0620 0.5682 -0.8205
vn -0.2060 -0.0698 -0.9760
vn -0.1901 -0.0110 -0.9817
vn -0.1732 -0.0560 -0.9833
vn -0.2502 0.0451 -0.9671
vn -0.2415 0.0375 -0.9697
vn -0.2467 0.0257 -0.9688
vn -0.1684 -0.8832 -0.4377
vn -0.1981 -0.8475 -0.4924
vn -0.3521 -0.8758 -0.3301
vn -0.0968 -0.9133 -0.3957
vn 0.0280 -0.9664 -0.2557
vn -0.0893 -0.9142 -0.3953
vn -0.8089 -0.4618 0.3640
vn -0.6046 -0.5215 0.6021
vn -0.6718 -0.4353 0.5993
vn -0.8408 0.1833 0.5094
vn -0.9180 0.3932 0.0513
vn -0.9848 0.1722 -0.0213
vn -0.9602 0.1708 0.2211
vn -0.9946 -0.0523 -0.0893
vn -0.9760 0.2177 -0.0019
vn -0.9525 0.1674 -0.2544
vn -0.2169 -0.0051 -0.9762
vn -0.1880 -0.0917 -0.9779
vn -0.1939 -0.0720 -0.9784
vn 0.1177 -0.9908 -0.0672
vn 0.1782 -0.9840 -0.0079
vn 0.2203 -0.9577 -0.1854
vn 0.4393 -0.5578 0.7042
vn 0.4405 -0.5594 0.7022
vn 0.4413 -0.5604 0.7009
vn 0.2032 0.1877 0.9610
vn 0.2031 0.1871 0.9611
vn 0.2024 0.1867 0.9613
vn 0.1465 0.3796 0.9135
vn 0.1463 0.3789 0.9138
vn 0.3291 0.0458 0.9432
vn 0.3277 0.0447 0.9437
vn 0.3291 0.0437 0.9433
vn -0.3273 0.4897 0.8081
vn -0.3376 0.5014 0.7967
vn -0.3265 0.4888 0.8090
vn 0.3954 0.9151 -0.0791
vn 0.4377 0.8919 -0.1137
vn 0.3355 0.9025 -0.2700
vn 0.4791 0.8775 0.0200
vn 0.2617 0.9650 0.0150
vn 0.2364 0.9502 0.2030
vn -0.9809 -0.1639 -0.1045
vn -0.9984 -0.0430 -0.0366
vn -0.9557 -0.2213 -0.1941
vn -0.9664 -0.0006 0.2569
vn -0.9471 -0.0824 0.3102
vn -0.9197 -0.0119 0.3925
vn -0.6115 0.3082 -0.7288
vn -0.6531 0.1894 -0.7332
vn -0.2900 0.3052 -0.9070
vn -0.6856 0.4414 0.5789
vn -0.7043 0.5260 0.4767
vn -0.5919 0.5468 0.5922
vn -0.0566 0.9263 0.3724
vn -0.0675 0.9021 0.4263
vn -0.0423 0.8974 0.4393
vn -0.0227 0.9512 0.3077
vn 0.0180 0.9441 0.3292
vn 0.0642 0.9559 0.2865
vn -0.1495 -0.9566 0.2500
vn -0.0345 -0.9828 0.1817
vn -0.0746 -0.9690 0.2354
vn 0.1705 -0.0260 -0.9850
vn 0.2644 -0.0739 -0.9616
vn 0.2826 -0.0875 -0.9553
vn -0.1625 -0.1067 0.9809
vn -0.2054 -0.1244 0.9707
vn -0.1806 -0.1623 0.9701
vn -0.3902 0.1753 0.9039
vn -0.4988 0.2651 0.8252
vn -0.6489 0.2851 0.7055
vn 0.0945 0.2489 -0.9639
vn 0.0858 0.3283 -0.9407
vn 0.1318 0.3412 -0.9307
vn 0.1976 0.1520 -0.9684
vn 0.2030 0.1737 -0.9636
vn 0.3616 0.2499 -0.8982
vn -0.3045 -0.1692 -0.9374
vn -0.1993 -0.1625 -0.9664
vn -0.2465 -0.2045 -0.9473
vn -0.1280 0.2019 -0.9710
vn -0.1154 0.2668 -0.9568
vn -0.2416 0.2029 -0.9489
vn -0.5478 0.8363 0.0222
vn -0.5353 0.8353 -0.1252
vn -0.5105 0.8585 0.0484
vn -0.8611 -0.0359 -0.5071
vn -0.9074 0.1868 -0.3764
vn -0.8436 0.1028 -0.5270
vn -0.3192 0.3174 -0.8930
vn -0.3850 0.3476 -0.8549
vn -0.3490 0.2511 -0.9028
vn -0.0347 0.2869 -0.9573
vn -0.0280 0.3622 -0.9317
vn -0.1880 0.2489 -0.9501
vn -0.4629 0.2459 -0.8516
vn -0.5829 0.2502 -0.7731
vn -0.4331 0.2456 -0.8673
vn -0.9573 -0.0972 -0.2722
vn -0.9844 -0.1019 -0.1437
vn -0.9020 -0.2678 -0.3386
vn -0.9632 -0.0341 -0.2665
vn -0.9599 -0.1682 -0.2241
vn -0.8862 -0.2433 -0.3943
vn 0.0654 0.0823 -0.9945
vn 0.1210 0.0992 -0.9877
vn 0.0169 0.1966 -0.9803
vn 0.1846 0.2612 0.9475
vn 0.2696 0.1920 0.9436
vn 0.2068 0.2317 0.9506
vn -0.2182 0.1452 -0.9650
vn -0.1518 0.1526 -0.9766
vn -0.2439 0.1233 -0.9619
vn -0.5334 0.4401 0.7223
vn -0.4879 0.4879 0.7238
vn -0.4356 0.3955 0.8086
vn -0.4919 0.8606 0.1323
vn -0.4963 0.8514 0.1697
vn 0.3390 0.1238 0.9326
vn 0.3467 0.1668 0.9230
vn 0.3172 0.1456 0.9371
vn 0.1114 -0.0336 0.9932
vn 0.1035 0.0472 0.9935
vn 0.0473 -0.0164 0.9987
vn -0.9214 0.2166 0.3228
vn -0.9991 0.0123 0.0408
vn -0.9987 -0.0282 -0.0427
vn -0.9958 -0.0652 -0.0650
vn -0.3895 0.3036 0.8696
vn -0.2883 0.2280 0.9300
vn -0.2954 0.2222 0.9292
vn 0.6456 0.6414 0.4145
vn 0.6249 0.7316 0.2726
vn 0.6908 0.6598 0.2957
vn 0.6855 0.6548 0.3181
vn 0.6026 0.7291 0.3244
vn 0.6611 0.6245 0.4158
vn 0.9482 0.1876 -0.2563
vn 0.9483 0.1874 -0.2563
vn 0.9482 0.1875 -0.2563
vn 0.8542 0.3456 -0.3885
vn 0.9131 0.3269 -0.2437
vn 0.8748 0.4354 -0.2123
vn 0.2975 0.8543 0.4262
vn 0.3031 0.8472 0.4363
vn 0.3000 0.8513 0.4305
vn -0.9066 0.0204 0.4215
vn -0.9112 0.0117 0.4117
vn -0.9091 0.0057 0.4165
vn -0.6894 0.2540 0.6784
vn -0.5830 0.3047 0.7532
vn -0.6421 0.1808 0.7450
vn -0.4597 -0.1122 -0.8810
vn -0.4548 -0.1066 -0.8842
vn -0.4434 -0.1249 -0.8876
vn -0.0205 -0.1469 -0.9889
vn -0.0194 -0.1459 -0.9891
vn -0.0192 -0.1455 -0.9892
vn -0.8601 0.1103 -0.4980
vn -0.8687 0.0405 -0.4937
vn -0.8704 0.0247 -0.4917
vn -0.6960 0.2528 0.6721
vn -0.6956 0.2850 0.6595
vn -0.6965 0.2662 0.6664
vn -0.1803 0.9192 0.3502
vn -0.2572 0.8718 0.4170
vn -0.0990 0.7884 0.6071
vn -0.8297 0.2558 0.4962
vn -0.8284 0.1605 0.5367
vn -0.8133 0.2594 0.5208
vn -0.9726 0.0608 -0.2244
vn -0.9760 0.1397 -0.1670
vn -0.9780 0.0834 -0.1912
vn 0.5782 0.3890 0.7172
vn 0.5991 0.3592 0.7156
vn 0.6078 0.3901 0.6917
vn -0.2438 -0.1126 -0.9633
vn -0.1983 -0.1420 -0.9698
vn -0.1678 -0.3539 -0.9201
vn -0.2233 -0.0126 -0.9747
vn -0.1984 0.0508 -0.9788
vn -0.0941 -0.0384 -0.9948
vn 0.0195 0.2814 -0.9594
vn 0.0841 0.2672 -0.9600
vn 0.0147 0.2312 -0.9728
vn 0.2511 -0.9285 -0.2737
vn 0.3215 -0.8855 -0.3356
vn 0.2574 -0.8908 -0.3745
vn -0.7857 0.0806 -0.6133
vn -0.7834 0.2351 -0.5753
vn -0.6518 0.2492 -0.7163
vn 0.2947 0.0689 -0.9531
vn 0.3030 0.0746 -0.9501
vn 0.3047 0.0588 -0.9506
vn 0.2790 -0.4951 -0.8228
vn 0.9139 0.0385 -0.4040
vn 0.8915 -0.0251 -0.4523
vn 0.9395 0.1008 -0.3274
vn 0.8472 0.2677 -0.4589
vn 0.8796 0.2986 -0.3702
vn 0.9214 0.2259 -0.3161
vn -0.1756 0.8330 -0.5246
vn -0.1762 0.8326 -0.5252
vn -0.1033 0.8650 -0.4911
vn 0.5763 0.6656 0.4741
vn 0.6458 0.6786 0.3500
vn 0.5746 0.7303 0.3694
vn -0.6302 0.3593 -0.6883
vn -0.5744 0.3250 -0.7513
vn -0.6635 0.3085 -0.6816
vn -0.8361 0.1502 0.5276
vn -0.9049 -0.1191 0.4087
vn -0.8795 0.0628 0.4718
vn -0.2360 -0.1059 -0.9660
vn -0.1965 -0.1521 -0.9686
vn -0.2025 -0.1616 -0.9659
vn -0.4028 -0.9123 0.0738
vn -0.3540 -0.9289 -0.1086
vn -0.2473 -0.9601 -0.1309
vn 0.1698 -0.9738 0.1516
vn 0.1361 -0.9898 0.0428
vn 0.1941 -0.9802 0.0382
vn -0.5704 -0.0056 0.8214
vn -0.5583 0.0249 0.8293
vn -0.5015 0.0848 0.8610
vn 0.4217 0.6224 0.6594
vn 0.5096 0.2699 -0.8170
vn 0.5104 0.2897 -0.8097
vn 0.5137 0.2564 -0.8187
vn 0.0611 0.8587 0.5088
vn -0.9378 -0.1311 0.3214
vn -0.9219 -0.2153 0.3220
vn -0.8868 -0.4612 0.0276
vn -0.9983 0.0433 0.0379
vn -0.9610 0.1934 0.1975
vn -0.9785 -0.0251 0.2047
vn -0.9518 0.0880 0.2939
vn -0.8855 -0.2042 0.4174
vn -0.9582 -0.0567 0.2804
vn 0.2665 -0.9306 0.2509
vn 0.2347 -0.9343 0.2683
vn 0.2755 -0.9284 0.2494
vn 0.1818 -0.9792 0.0902
vn 0.1816 -0.9766 0.1148
vn 0.2234 -0.9718 0.0752
vn 0.0184 -0.1825 -0.9830
vn 0.0389 -0.0061 -0.9992
vn 0.1640 -0.0969 -0.9817
vn -0.7383 -0.0994 0.6671
vn -0.1918 0.8629 0.4676
vn -0.1445 0.9291 0.3405
vn -0.0539 0.9686 0.2428
vn 0.6103 0.0682 0.7892
vn 0.8171 0.0901 0.5694
vn 0.6617 0.2852 0.6934
vn 0.0690 -0.8418 -0.5353
vn -0.0459 -0.8240 -0.5647
vn 0.0279 -0.7687 -0.6390
vn -0.5041 0.2779 0.8177
vn -0.4431 0.4345 0.7842
vn -0.5408 0.3977 0.7412
vn 0.0798 0.8867 0.4554
vn -0.1847 0.8805 0.4367
vn -0.0169 0.9738 0.2267
vn 0.7645 0.5326 -0.3630
vn 0.6275 0.6869 -0.3667
vn 0.6858 0.7082 -0.1678
vn 0.0376 0.9975 0.0593
vn 0.0320 0.9978 0.0584
vn 0.0392 0.9975 0.0595
vn 0.1455 0.9082 -0.3924
vn 0.1246 0.9093 -0.3971
vn 0.1722 0.9083 -0.3812
vn -0.9535 -0.1565 -0.2576
vn -0.9794 -0.0853 -0.1829
vn -0.9796 -0.1627 -0.1184
vn -0.9867 -0.1074 -0.1218
vn -0.9723 -0.1651 -0.1654
vn -0.9807 -0.1453 -0.1306
vn -0.9961 0.0359 0.0808
vn -0.9920 0.0048 0.1263
vn -0.9962 0.0393 0.0781
vn -0.9917 0.1134 0.0604
vn -0.9932 0.0638 0.0969
vn -0.9924 0.0558 0.1094
vn -0.2491 0.1981 0.9480
vn -0.2676 0.1932 0.9440
vn -0.2668 0.1873 0.9454
vn -0.0693 -0.9906 0.1181
vn -0.0731 -0.9753 0.2086
vn -0.1300 -0.9874 0.0898
vn -0.0940 -0.9951 0.0315
vn -0.1763 -0.9843 -0.0081
vn -0.1542 -0.9873 -0.0379
vn 0.2888 0.3707 0.8827
vn 0.9783 0.1601 0.1316
vn 0.9948 0.0518 0.0875
vn 0.9974 0.0357 0.0630
vn 0.6054 0.7808 -0.1546
vn -0.2947 0.0680 -0.9532
vn -0.2586 0.0893 -0.9618
vn -0.3123 0.0872 -0.9460
vn -0.8967 -0.0854 0.4343
vn -0.9503 -0.2933 0.1046
vn -0.9548 -0.2856 0.0827
vn -0.9842 -0.1541 0.0871
vn -0.9729 -0.0613 -0.2229
vn -0.9606 -0.1423 -0.2387
vn -0.9859 -0.1504 -0.0740
vn -0.2120 -0.9772 -0.0102
vn -0.2017 -0.9787 0.0394
vn -0.2924 -0.9560 -0.0223
vn 0.5324 0.1283 -0.8367
vn 0.4473 -0.0482 -0.8931
vn 0.2267 -0.1087 -0.9679
vn -0.8983 0.2697 0.3468
vn -0.8875 0.3480 0.3020
vn -0.9551 0.1930 0.2248
vn -0.9444 0.2072 0.2554
vn -0.9350 0.1594 0.3169
vn -0.9218 0.2358 0.3078
vn -0.8766 0.2566 0.4071
vn -0.7418 0.3779 0.5540
vn -0.7791 0.2720 0.5648
vn -0.3535 0.6614 0.6615
vn -0.2916 0.6982 0.6538
vn -0.3624 0.6259 0.6906
vn 0.1947 -0.0694 0.9784
vn 0.1974 -0.0214 0.9801
vn 0.1531 -0.0196 0.9880
vn 0.0029 0.1533 0.9882
vn 0.0173 0.1862 0.9824
vn -0.0262 0.1324 0.9908
vn -0.2186 0.2713 0.9373
vn -0.3330 0.2777 0.9011
vn -0.2106 0.2694 0.9397
vn -0.3939 0.7251 0.5648
vn -0.3942 0.7258 0.5637
vn -0.3945 0.7268 0.5622
vn -0.7275 0.3910 0.5638
vn -0.7542 0.3580 0.5504
vn -0.7296 0.3903 0.5615
vn -0.1676 -0.0653 -0.9837
vn -0.2558 -0.1076 -0.9607
vn -0.2299 -0.0644 -0.9711
vn -0.2192 -0.0291 -0.9752
vn -0.3140 -0.0278 -0.9490
vn -0.3088 0.0092 -0.9511
vn 0.0769 0.4664 0.8812
vn 0.0806 0.4630 0.8827
vn 0.0809 0.4627 0.8828
vn 0.9703 0.0243 0.2406
vn 0.9993 0.0135 -0.0359
vn 0.9629 0.0456 0.2660
vn 0.5194 0.0194 0.8543
vn 0.4744 0.0316 0.8798
vn 0.4770 0.0159 0.8788
vn 0.1062 -0.3247 0.9398
vn 0.0965 -0.3323 0.9382
vn 0.1014 -0.3318 0.9379
vn 0.0051 -0.0254 0.9997
vn 0.0321 0.0004 0.9995
vn 0.0675 -0.0330 0.9972
vn -0.0044 0.9436 0.3312
vn -0.0063 0.9475 0.3196
vn -0.0120 0.9459 0.3242
vn 0.7309 -0.3018 -0.6122
vn 0.7911 -0.2787 -0.5445
vn 0.8041 -0.2939 -0.5168
vn 0.0349 0.7030 0.7103
vn 0.1985 0.7434 0.6387
vn 0.1017 0.7864 0.6092
vn 0.2903 0.6954 0.6574
vn 0.3564 0.6779 0.6430
vn 0.5272 0.6408 0.5581
vn -0.9596 0.0470 0.2776
vn -0.8716 -0.0006 0.4902
vn -0.8479 0.1581 0.5060
vn 0.8103 0.2474 -0.5312
vn 0.9271 0.1161 -0.3565
vn 0.8847 0.1560 -0.4394
vn 0.8455 0.0469 -0.5319
vn 0.8128 0.0730 -0.5780
vn 0.8368 0.0564 -0.5446
vn -0.6516 -0.6034 -0.4597
vn -0.6506 -0.6044 -0.4599
vn -0.6500 -0.6049 -0.4601
vn -0.2086 -0.0321 -0.9775
vn -0.0675 0.3946 -0.9164
vn -0.1476 0.2466 -0.9578
vn -0.2958 -0.4910 -0.8194
vn -0.2656 -0.4856 -0.8329
vn -0.3076 -0.4921 -0.8144
vn 0.0045 -0.5752 -0.8180
vn 0.1218 -0.5037 -0.8552
vn -0.1177 -0.5442 -0.8307
vn -0.1582 0.1766 -0.9715
vn -0.1543 -0.0953 -0.9834
vn -0.1381 0.0224 -0.9902
vn -0.3636 -0.4944 -0.7895
vn -0.3598 -0.4963 -0.7901
vn -0.3579 -0.5062 -0.7847
vn 0.4957 0.6538 0.5717
vn 0.5003 0.6540 0.5675
vn 0.4925 0.6540 0.5743
vn 0.5027 0.8594 0.0934
vn 0.5115 0.8555 0.0801
vn 0.5125 0.8552 0.0767
vn 0.1252 0.7524 -0.6468
vn 0.1135 0.9676 -0.2256
vn -0.4981 0.2675 -0.8248
vn -0.8861 0.1260 -0.4460
vn -0.7315 0.1811 -0.6574
vn -0.5497 0.1915 -0.8131
vn -0.1596 -0.6021 0.7823
vn -0.0455 -0.5452 0.8371
vn -0.2215 -0.6287 0.7454
vn -0.8757 -0.2160 0.4319
vn -0.9723 0.0710 0.2225
vn -0.9849 -0.0943 0.1452
vn 0.8633 0.5036 0.0336
vn 0.8887 0.4557 -0.0509
vn 0.9159 0.4011 -0.0159
vn 0.9128 0.3970 0.0963
vn 0.9796 0.1898 0.0657
vn 0.9973 -0.0259 0.0682
vn -0.3578 0.7552 0.5493
vn -0.2464 0.4504 0.8581
vn -0.3402 -0.5967 0.7268
vn 0.4335 0.5969 0.6751
vn -0.3400 0.7642 0.5480
vn -0.0828 0.4243 0.9017
vn 0.0580 0.2556 -0.9650
vn 0.0974 0.2426 -0.9652
vn 0.1215 0.2325 -0.9650
vn 0.1975 0.0145 -0.9802
vn 0.1584 -0.0407 -0.9865
vn 0.1004 -0.0090 -0.9949
vn -0.4021 0.0104 0.9155
vn -0.3455 0.0185 0.9382
vn -0.3675 0.0641 0.9278
vn -0.2591 -0.9624 -0.0812
vn -0.2512 -0.9647 -0.0792
vn -0.2557 -0.9635 -0.0797
vn -0.4432 -0.7210 0.5327
vn -0.4309 -0.7156 0.5497
vn -0.4905 -0.7356 0.4672
vn -0.8824 0.3548 -0.3089
vn -0.9346 0.1900 -0.3006
vn -0.8381 0.3128 -0.4469
vn -0.9684 0.1362 0.2088
vn -0.8996 -0.3350 -0.2800
vn -0.9759 0.1382 0.1686
vn 0.3559 0.5138 0.7806
vn 0.4042 0.5062 0.7618
vn 0.3734 0.5094 0.7753
vn -0.5203 0.0118 0.8539
vn -0.2093 0.0229 0.9776
vn -0.1033 -0.0524 0.9933
vn -0.1078 -0.9204 0.3759
vn -0.0260 -0.9338 0.3570
vn -0.1418 -0.9123 0.3843
vn 0.2038 -0.9174 -0.3418
vn 0.2599 -0.8853 -0.3856
vn 0.2104 -0.9140 -0.3468
vn -0.3722 -0.5361 -0.7577
vn -0.1587 -0.3157 -0.9355
vn 0.1370 0.1607 -0.9775
vn 0.4445 0.8890 -0.1095
vn 0.5038 0.8526 -0.1386
vn 0.3378 0.9401 -0.0463
vn -0.1231 -0.0990 -0.9874
vn -0.1284 -0.0938 -0.9873
vn -0.1332 -0.0901 -0.9870
vn 0.0853 0.9469 0.3100
vn 0.0848 0.9472 0.3093
vn 0.1072 0.9359 0.3356
vn -0.6233 0.7630 -0.1715
vn -0.6356 0.7573 -0.1499
vn -0.6641 0.7405 -0.1028
vn -0.5800 0.5185 -0.6283
vn -0.4956 0.6615 -0.5629
vn -0.5452 0.6368 -0.5451
vn -0.0135 -0.9611 -0.2760
vn -0.0125 -0.9335 -0.3584
vn 0.0181 -0.9993 -0.0334
vn -0.3229 -0.9448 0.0562
vn -0.3592 -0.9307 0.0686
vn -0.3056 -0.9508 0.0510
vn -0.7785 -0.2068 0.5926
vn -0.6735 0.0933 0.7332
vn -0.7754 -0.2606 0.5752
vn 0.7991 -0.4231 0.4272
vn 0.9601 0.1721 0.2203
vn 0.9155 0.3763 0.1425
vn 0.7137 0.2947 -0.6354
vn 0.7034 0.2779 -0.6542
vn 0.6855 0.2861 -0.6695
vn -0.6463 -0.0800 -0.7588
vn -0.6470 -0.0751 -0.7588
vn -0.6533 -0.0853 -0.7523
vn -0.8776 0.4787 0.0245
vn -0.8742 0.4850 0.0226
vn -0.8757 0.4824 0.0236
vn -0.5989 -0.7863 0.1517
vn -0.5752 -0.8084 0.1250
vn -0.6099 -0.7882 0.0826
vn -0.8899 0.4479 0.0862
vn -0.8968 0.3107 0.3150
vn -0.9881 0.1181 0.0990
vn 0.3565 -0.4859 0.7980
vn 0.3221 -0.4903 0.8099
vn 0.3352 -0.4862 0.8070
vn 0.7775 -0.2661 0.5698
vn 0.7906 -0.2518 0.5582
vn 0.7524 -0.3054 0.5837
vn -0.9210 0.3648 0.1368
vn -0.8446 0.5179 0.1354
vn -0.8806 0.4545 0.1339
vn 0.4509 0.3658 -0.8142
vn 0.5782 0.5025 -0.6428
vn 0.5293 0.5273 -0.6646
vn 0.4328 0.4198 0.7978
vn 0.4345 0.3783 0.8174
vn 0.4403 0.4225 0.7923
vn -0.5782 0.7352 -0.3538
vn -0.6509 0.6898 -0.3170
vn -0.5722 0.7647 -0.2965
vn -0.0541 -0.9783 0.2002
vn -0.0479 -0.9982 0.0360
vn -0.1322 -0.9906 0.0360
vn -0.3405 -0.8901 -0.3028
vn -0.4376 -0.8221 -0.3641
vn -0.4343 -0.8236 -0.3647
vn 0.9899 0.1355 -0.0409
vn 0.9906 0.1307 -0.0412
vn 0.9915 0.1235 -0.0414
vn -0.6166 -0.7029 -0.3546
vn -0.5608 -0.7610 -0.3262
vn -0.5682 -0.6901 -0.4482
vn -0.4239 -0.8996 0.1053
vn -0.4549 -0.8825 0.1197
vn -0.4988 -0.8603 0.1053
vn 0.2804 0.5643 -0.7765
vn 0.3632 0.5960 -0.7162
vn 0.3723 0.6010 -0.7072
vn 0.2914 0.2898 -0.9116
vn 0.2927 0.3067 -0.9057
vn 0.2785 0.3137 -0.9078
vn -0.9852 0.1714 0.0061
vn -0.9838 0.0885 -0.1557
vn -0.9994 -0.0335 0.0097
vn -0.9517 0.3070 -0.0069
vn -0.9015 0.4282 0.0624
vn -0.9309 0.3413 -0.1303
vn -0.3629 0.1268 -0.9232
vn -0.4371 0.1504 -0.8868
vn -0.3960 0.0286 -0.9178
vn 0.6247 -0.7636 -0.1634
vn 0.4883 -0.8269 -0.2790
vn 0.5153 -0.8411 -0.1642
vn 0.3250 0.6060 -0.7260
vn 0.3257 0.6064 -0.7254
vn 0.3246 0.5990 -0.7321
vn -0.4111 0.1817 -0.8933
vn -0.4101 0.1790 -0.8943
vn -0.4195 0.1883 -0.8880
vn -0.0242 -0.8163 -0.5771
vn 0.0913 -0.7829 -0.6154
vn -0.1499 -0.8046 -0.5746
vn -0.7151 0.6303 -0.3023
vn -0.8572 0.4350 -0.2755
vn -0.7694 0.6210 -0.1495
vn 0.6004 -0.7904 0.1215
vn 0.4474 -0.8669 0.2196
vn 0.7885 -0.6038 0.1172
vn -0.3861 0.8307 -0.4010
vn -0.3505 0.6197 -0.7022
vn -0.3800 0.8448 -0.3768
vn -0.8459 -0.0412 -0.5318
vn -0.8580 0.0666 -0.5094
vn -0.8242 0.0333 -0.5653
vn -0.7873 -0.5208 -0.3299
vn -0.7234 -0.6004 -0.3408
vn -0.7443 -0.5711 -0.3461
vn 0.5544 -0.7709 -0.3136
vn 0.5542 -0.7716 -0.3121
vn 0.5364 -0.8113 -0.2325
vn -0.0413 0.5335 -0.8448
vn -0.3746 0.0017 0.9272
vn -0.3428 0.0098 0.9394
vn -0.3731 0.0126 0.9277
vn -0.0954 -0.9515 0.2926
vn -0.1031 -0.9314 0.3490
vn -0.0958 -0.9311 0.3519
vn -0.4142 0.1956 0.8889
vn -0.4211 0.1967 0.8854
vn -0.3089 0.9213 0.2361
vn -0.2262 0.9478 0.2246
vn -0.0086 0.1022 -0.9947
vn -0.0042 0.1018 -0.9948
vn -0.0079 0.1042 -0.9945
vn -0.0172 0.0136 0.9998
vn 0.0126 -0.0410 0.9991
vn 0.0424 0.0275 0.9987
vn 0.2277 -0.9164 0.3293
vn 0.0968 -0.8839 0.4575
vn 0.1429 -0.9298 0.3392
vn -0.7847 0.1463 0.6024
vn -0.7729 0.1394 0.6190
vn -0.7678 0.1184 0.6296
vn -0.1325 -0.5335 0.8353
vn -0.1336 -0.5527 0.8226
vn -0.1328 -0.5516 0.8234
vn -0.6640 0.1105 0.7395
vn -0.8027 0.1018 0.5876
vn -0.6939 0.2323 0.6816
vn 0.1080 0.1737 0.9789
vn 0.1600 0.2445 0.9564
vn 0.0493 0.2304 0.9718
vn 0.7190 0.6674 -0.1938
vn 0.7172 0.6706 -0.1897
vn 0.7188 0.6683 -0.1916
vn -0.1477 0.1658 0.9750
vn -0.1577 0.0941 0.9830
vn -0.1721 0.0599 0.9833
vn 0.2267 0.8993 0.3740
vn 0.3112 0.8324 0.4586
vn 0.3622 0.8204 0.4423
vn 0.0985 0.0982 -0.9903
vn 0.1544 0.0230 -0.9877
vn 0.0628 -0.0463 -0.9969
vn -0.2567 0.0997 -0.9613
vn -0.2581 0.1302 -0.9573
vn -0.2238 0.0821 -0.9712
vn -0.9754 0.1790 -0.1284
vn -0.9806 0.1407 -0.1364
vn -0.9791 0.1529 -0.1339
vn -0.0403 0.1835 0.9822
vn -0.1066 0.1097 0.9882
vn -0.0562 0.1412 0.9884
vn 0.6054 0.4130 0.6804
vn 0.7099 0.3188 0.6280
vn 0.7329 0.3197 0.6005
vn -0.9718 0.0760 -0.2234
vn -0.9598 0.1851 -0.2112
vn -0.9513 0.0432 -0.3053
vn -0.7626 0.6338 0.1297
vn -0.6297 0.7748 0.0560
vn -0.6826 0.7302 0.0303
vn 0.3253 0.2937 0.8988
vn 0.3073 0.2835 0.9084
vn 0.3359 0.2839 0.8981
vn -0.5721 0.5212 0.6333
vn -0.6224 0.6117 0.4883
vn -0.6721 0.5399 0.5067
vn -0.2432 -0.9177 0.3140
vn -0.2517 -0.8866 0.3881
vn -0.3087 -0.8949 0.3223
vn -0.3865 0.4532 -0.8033
vn -0.3764 0.5065 -0.7757
vn -0.4600 0.3168 -0.8295
vn 0.8018 0.4172 -0.4278
vn 0.8027 0.4166 -0.4267
vn 0.8058 0.4145 -0.4229
vn 0.0470 -0.3265 0.9440
vn 0.0561 -0.3234 0.9446
vn 0.0674 -0.3167 0.9461
vn 0.5065 0.1502 0.8490
vn 0.4636 0.1706 0.8695
vn 0.4694 0.1987 0.8603
vn -0.9399 -0.3134 -0.1354
vn -0.9532 -0.3003 -0.0360
vn -0.9378 -0.3325 -0.1002
vn -0.3037 -0.9516 -0.0467
vn -0.4062 -0.9134 0.0265
vn -0.3182 -0.9449 -0.0769
vn -0.1601 -0.9679 -0.1939
vn -0.1841 -0.9634 -0.1946
vn -0.2281 -0.9437 -0.2395
vn 0.8965 0.4199 -0.1409
vn 0.9098 0.3773 -0.1727
vn 0.8978 0.4189 -0.1358
vn 0.7015 0.6732 -0.2339
vn 0.7015 0.6731 -0.2341
vn 0.7015 0.6730 -0.2342
vn -0.8270 0.3493 0.4405
vn -0.7654 0.4642 0.4457
vn -0.7149 0.4810 0.5075
vn 0.3771 0.9066 0.1894
vn 0.5411 0.8252 0.1621
vn 0.5089 0.8084 0.2958
vn -0.5934 0.3112 0.7423
vn -0.6200 0.2258 0.7515
vn -0.6165 0.2842 0.7343
vn 0.3973 0.2777 -0.8747
vn 0.4445 0.0801 -0.8922
vn 0.4530 0.1973 -0.8694
vn 0.1825 0.2841 -0.9413
vn 0.1233 0.2335 -0.9645
vn 0.1329 0.1635 -0.9776
vn -0.0557 -0.9677 -0.2458
vn -0.0492 -0.9658 -0.2544
vn -0.0457 -0.9644 -0.2606
vn 0.2276 0.2166 -0.9494
vn 0.2168 0.1710 -0.9611
vn 0.1310 0.1548 -0.9792
vn 0.5352 0.8043 -0.2582
vn 0.5133 0.8328 -0.2075
vn 0.5658 0.7685 -0.2988
vn 0.4449 0.3545 0.8224
vn 0.4385 0.3764 0.8161
vn 0.4618 0.3219 0.8265
vn 0.4351 -0.8852 0.1647
vn 0.4632 -0.8851 -0.0446
vn 0.4374 -0.8989 -0.0243
vn -0.0957 0.8275 0.5532
vn 0.0395 0.9278 0.3709
vn -0.1577 0.8957 0.4158
vn 0.8668 0.3307 0.3733
vn 0.8672 0.3068 0.3923
vn 0.8589 0.3265 0.3945
vn 0.0903 0.6749 0.7324
vn 0.1337 0.7364 0.6632
vn 0.2191 0.7830 0.5822
vn 0.7679 0.1724 -0.6169
vn 0.7790 0.2100 -0.5908
vn 0.7775 0.2362 -0.5829
vn 0.0228 -0.9024 0.4303
vn 0.0310 -0.9289 0.3690
vn 0.0065 -0.9362 0.3514
vn -0.0427 0.0476 -0.9980
vn 0.2129 0.1080 -0.9711
vn 0.2411 -0.0051 -0.9705
vn -0.4228 0.6674 -0.6131
vn -0.5121 0.6251 -0.5891
vn -0.5105 0.6683 -0.5411
vn 0.7482 -0.1635 -0.6430
vn 0.7077 -0.0442 -0.7051
vn 0.6534 -0.0461 -0.7556
vn -0.2242 0.0875 0.9706
vn -0.2239 0.0725 0.9719
vn -0.2231 0.0950 0.9701
vn 0.0661 0.1444 -0.9873
vn 0.1545 0.2192 -0.9634
vn 0.1545 0.1662 -0.9739
vn -0.6895 0.0559 -0.7221
vn -0.7164 0.0280 -0.6972
vn -0.7564 0.0484 -0.6523
vn -0.5216 0.5948 -0.6117
vn -0.5210 0.5948 -0.6121
vn -0.5208 0.5949 -0.6123
vn 0.6147 -0.4421 0.6533
vn 0.6262 -0.4349 0.6471
vn 0.6346 -0.4285 0.6431
vn -0.3434 0.0444 -0.9381
vn -0.3404 0.1199 -0.9326
vn -0.2419 0.0259 -0.9700
vn 0.8552 -0.0691 -0.5137
vn 0.8218 -0.2030 -0.5324
vn 0.8792 -0.1024 -0.4654
vn -0.9807 0.0686 0.1831
vn -0.9754 0.0880 0.2023
vn -0.9845 0.0778 0.1569
vn -0.1804 -0.0589 -0.9818
vn -0.1804 -0.0912 -0.9794
vn -0.2237 -0.0216 -0.9744
vn -0.2334 -0.0431 -0.9714
vn -0.2437 -0.1394 -0.9598
vn -0.2426 -0.0305 -0.9697
vn -0.1819 -0.0254 -0.9830
vn -0.2045 -0.0530 -0.9774
vn -0.2706 -0.0671 -0.9604
vn 0.0649 -0.9975 0.0274
vn 0.0765 -0.9936 0.0830
vn 0.0507 -0.9965 0.0671
vn 0.2786 0.0790 0.9572
vn 0.1048 0.0410 0.9937
vn 0.1680 0.0269 0.9854
vn 0.2048 0.0015 0.9788
vn -0.2550 0.0890 -0.9628
vn -0.2747 0.1027 -0.9560
vn -0.2550 0.1138 -0.9602
vn 0.0005 0.4169 0.9090
vn 0.0688 0.4641 0.8831
vn 0.0465 0.4502 0.8917
vn -0.0007 0.5103 0.8600
vn 0.1080 0.0928 0.9898
vn 0.0737 0.1720 0.9823
vn 0.0297 0.0548 0.9981
vn -0.0083 0.0834 0.9965
vn -0.1507 -0.9801 0.1293
vn -0.1511 -0.9800 0.1295
vn -0.1513 -0.9800 0.1292
vn -0.7656 0.2610 0.5880
vn -0.7639 0.2423 0.5982
vn -0.7799 0.2638 0.5676
vn -0.7773 0.2431 0.5803
vn -0.9796 0.2008 0.0094
vn -0.9804 0.1968 -0.0003
vn -0.9732 0.2296 0.0131
vn -0.9725 0.2306 0.0324
vn 0.2342 -0.0146 -0.9721
vn 0.1528 -0.1962 -0.9686
vn 0.2640 -0.1554 -0.9519
vn 0.1609 0.1338 -0.9779
vn 0.3515 0.0538 0.9346
vn 0.3708 0.1541 0.9158
vn 0.5201 0.0153 0.8540
vn 0.5324 0.1191 0.8381
vn 0.2746 -0.0239 0.9613
vn 0.2738 0.1914 0.9425
vn 0.3399 0.0249 0.9401
vn 0.2958 -0.0063 0.9552
vn -0.1492 0.4959 0.8554
vn -0.1150 0.4239 0.8984
vn -0.1314 0.4923 0.8604
vn -0.9107 0.2724 0.3106
vn -0.9032 0.3296 0.2751
vn -0.9072 0.2570 0.3332
vn 0.0770 0.1423 0.9868
vn -0.0115 0.1304 0.9914
vn 0.0185 0.0497 0.9986
vn 0.0737 0.0604 0.9955
vn -0.4039 -0.8424 -0.3566
vn -0.4368 -0.8910 -0.1236
vn -0.4292 -0.8123 -0.3950
vn -0.4848 -0.8360 -0.2571
vn 0.0965 -0.9929 0.0700
vn 0.0762 -0.9932 0.0876
vn 0.3860 -0.9139 0.1260
vn 0.0594 -0.9889 0.1363
vn 0.2262 -0.1173 -0.9670
vn 0.2260 -0.1183 -0.9669
vn 0.0564 0.1265 -0.9904
vn 0.0654 0.1368 -0.9884
vn -0.6167 0.7242 0.3086
vn -0.7049 0.6530 0.2769
vn -0.6624 0.6887 0.2946
vn -0.6603 0.6894 0.2978
vn 0.0143 -0.9857 -0.1678
vn 0.0127 -0.9951 -0.0984
vn -0.0476 -0.9985 -0.0267
vn -0.1203 -0.9831 -0.1381
vn 0.6604 0.1386 0.7380
vn 0.8618 0.1613 0.4809
vn 0.6859 0.3409 0.6429
vn 0.6367 0.3095 0.7063
vn -0.1507 0.0010 0.9886
vn -0.0929 -0.1433 0.9853
vn -0.0842 0.0333 0.9959
vn -0.0547 0.0050 0.9985
vn -0.3385 0.8806 0.3315
vn -0.5467 0.7942 0.2651
vn -0.4384 0.8009 0.4078
vn -0.4515 0.8102 0.3738
vn -0.4151 -0.3064 -0.8567
vn -0.4167 -0.3168 -0.8521
vn -0.4086 -0.3087 -0.8589
vn -0.4110 -0.3099 -0.8574
vn 0.8415 0.4535 0.2936
vn 0.8137 0.5027 0.2920
vn 0.8222 0.4805 0.3050
vn -0.0333 0.0130 -0.9994
vn -0.0351 0.0139 -0.9993
vn -0.0319 0.0206 -0.9993
vn -0.0324 0.0214 -0.9992
vn 0.0696 -0.9658 -0.2498
vn -0.0714 -0.9879 -0.1380
vn -0.0321 -0.9776 -0.2079
vn -0.0027 -0.9761 -0.2174
vn 0.1969 0.0816 -0.9770
vn 0.2476 0.2541 -0.9349
vn 0.3852 0.1547 -0.9098
vn 0.1962 -0.9806 -0.0020
vn 0.2114 -0.9766 0.0399
vn 0.1777 -0.9835 0.0352
vt 0.364814 0.903179
vt 0.364852 0.903199
vt 0.364816 0.903199
vt 0.343491 0.393867
vt 0.343560 0.393820
vt 0.343528 0.393894
vt 0.346833 0.392322
vt 0.346842 0.392318
vt 0.346851 0.392378
vt 0.343424 0.394073
vt 0.343317 0.393955
vt 0.343477 0.394008
vt 0.364326 0.905049
vt 0.364273 0.905088
vt 0.364291 0.905026
vt 0.365010 0.902733
vt 0.365003 0.902738
vt 0.364974 0.902729
vt 0.364371 0.906529
vt 0.364348 0.906527
vt 0.364354 0.906504
vt 0.343679 0.395854
vt 0.343563 0.395864
vt 0.343582 0.395795
vt 0.344315 0.390732
vt 0.344248 0.390690
vt 0.344292 0.390592
vt 0.365156 0.902895
vt 0.365170 0.902921
vt 0.365121 0.902937
vt 0.342217 0.393147
vt 0.342248 0.393265
vt 0.342178 0.393381
vt 0.363432 0.904448
vt 0.363431 0.904446
vt 0.363439 0.904430
vt 0.344461 0.390367
vt 0.344453 0.390204
vt 0.344501 0.390213
vt 0.347972 0.392660
vt 0.349249 0.393352
vt 0.349257 0.393367
vt 0.364880 0.903109
vt 0.364889 0.903074
vt 0.364884 0.903108
vt 0.348468 0.396761
vt 0.348537 0.396700
vt 0.348544 0.396755
vt 0.345693 0.394501
vt 0.345748 0.394445
vt 0.345755 0.394474
vt 0.346342 0.395347
vt 0.346355 0.395354
vt 0.346346 0.395423
vt 0.347668 0.394043
vt 0.347728 0.393995
vt 0.347678 0.394056
vt 0.342131 0.392794
vt 0.342000 0.392898
vt 0.341975 0.392808
vt 0.343677 0.395818
vt 0.343702 0.395829
vt 0.343690 0.395840
vt 0.343739 0.393949
vt 0.343745 0.394094
vt 0.343679 0.394064
vt 0.343633 0.395946
vt 0.343244 0.395127
vt 0.343650 0.395902
vt 0.343677 0.395882
vt 0.343737 0.395844
vt 0.343659 0.395933
vt 0.364958 0.902991
vt 0.364963 0.902906
vt 0.364994 0.902994
vt 0.344666 0.390564
vt 0.344675 0.390599
vt 0.344638 0.390579
vt 0.363081 0.904902
vt 0.363043 0.904831
vt 0.363046 0.904830
vt 0.365132 0.902881
vt 0.365093 0.902930
vt 0.341850 0.392595
vt 0.341798 0.392560
vt 0.341862 0.392551
vt 0.347508 0.396515
vt 0.347520 0.396504
vt 0.347528 0.396505
vt 0.344385 0.390169
vt 0.344291 0.390251
vt 0.344319 0.390191
vt 0.367194 0.905244
vt 0.367195 0.905311
vt 0.367169 0.905257
vt 0.344495 0.390535
vt 0.344441 0.390433
vt 0.344499 0.390405
vt 0.344452 0.390181
vt 0.343215 0.395264
vt 0.343216 0.395205
vt 0.343259 0.395189
vt 0.346817 0.390315
vt 0.346831 0.390366
vt 0.346768 0.390248
vt 0.344178 0.390225
vt 0.366636 0.902950
vt 0.366722 0.902930
vt 0.366733 0.902973
vt 0.366686 0.904009
vt 0.366707 0.903965
vt 0.366692 0.904010
vt 0.349313 0.393462
vt 0.349264 0.393462
vt 0.349299 0.393446
vt 0.345944 0.394388
vt 0.345889 0.394448
vt 0.345930 0.394379
vt 0.347057 0.398056
vt 0.345821 0.394470
vt 0.345762 0.394518
vt 0.345693 0.394545
vt 0.345750 0.394509
vt 0.341756 0.392952
vt 0.341788 0.392889
vt 0.341810 0.392962
vt 0.347165 0.398502
vt 0.347108 0.398460
vt 0.347165 0.398410
vt 0.343384 0.394134
vt 0.343303 0.394067
vt 0.343422 0.394076
vt 0.344506 0.390674
vt 0.344400 0.390743
vt 0.344462 0.390633
vt 0.341909 0.393430
vt 0.342074 0.393479
vt 0.341876 0.393482
vt 0.343276 0.398565
vt 0.343362 0.398593
vt 0.343301 0.398877
vt 0.366689 0.904026
vt 0.366713 0.904036
vt 0.366683 0.904068
vt 0.366667 0.903960
vt 0.366664 0.903915
vt 0.346929 0.392121
vt 0.346973 0.392076
vt 0.346985 0.392135
vt 0.341726 0.392688
vt 0.341752 0.392710
vt 0.341708 0.392820
vt 0.365010 0.903142
vt 0.365012 0.903103
vt 0.365075 0.903101
vt 0.344165 0.390818
vt 0.344220 0.390834
vt 0.344160 0.390864
vt 0.344305 0.390861
vt 0.344297 0.390827
vt 0.344331 0.390801
vt 0.343686 0.393414
vt 0.343680 0.393514
vt 0.343602 0.393454
vt 0.344727 0.390744
vt 0.344668 0.390743
vt 0.344718 0.390694
vt 0.344549 0.390388
vt 0.344507 0.390417
vt 0.344492 0.390378
vt 0.347634 0.393845
vt 0.347671 0.393924
vt 0.347582 0.393921
vt 0.364890 0.903156
vt 0.364831 0.903141
vt 0.364885 0.903127
vt 0.343399 0.394156
vt 0.343409 0.394221
vt 0.343331 0.394130
vt 0.348157 0.397547
vt 0.348141 0.397506
vt 0.348166 0.397511
vt 0.343206 0.395242
vt 0.344581 0.390808
vt 0.344654 0.390833
vt 0.344628 0.390867
vt 0.346282 0.395379
vt 0.346285 0.395321
vt 0.346298 0.395381
vt 0.342903 0.398064
vt 0.342954 0.398061
vt 0.342961 0.398082
vt 0.341819 0.392644
vt 0.341918 0.392620
vt 0.341786 0.393054
vt 0.341800 0.393043
vt 0.341855 0.393052
vt 0.341948 0.393016
vt 0.341967 0.393106
vt 0.342183 0.393065
vt 0.342172 0.393072
vt 0.342040 0.393035
vt 0.345730 0.394401
vt 0.345707 0.394275
vt 0.345768 0.394265
vt 0.364310 0.905272
vt 0.364290 0.905272
vt 0.364303 0.905231
vt 0.364705 0.902921
vt 0.364733 0.902891
vt 0.364713 0.902920
vt 0.348860 0.396572
vt 0.348898 0.396570
vt 0.348910 0.396581
vt 0.346755 0.390316
vt 0.346830 0.390380
vt 0.346805 0.390464
vt 0.364409 0.906706
vt 0.364387 0.906754
vt 0.364378 0.906754
vt 0.364301 0.905369
vt 0.364324 0.905432
vt 0.364264 0.905414
vt 0.344307 0.390483
vt 0.344169 0.390440
vt 0.344169 0.390418
vt 0.344397 0.390125
vt 0.344378 0.390118
vt 0.345675 0.394424
vt 0.344495 0.390194
vt 0.367748 0.907155
vt 0.367792 0.907227
vt 0.367737 0.907202
vt 0.345942 0.394509
vt 0.345938 0.394472
vt 0.345820 0.394178
vt 0.345772 0.394172
vt 0.345530 0.394281
vt 0.345601 0.394425
vt 0.345516 0.394430
vt 0.343834 0.394067
vt 0.343762 0.394097
vt 0.341916 0.392940
vt 0.342019 0.392980
vt 0.345652 0.394270
vt 0.345573 0.394267
vt 0.365918 0.905550
vt 0.365983 0.905604
vt 0.365949 0.905634
vt 0.346342 0.394966
vt 0.346316 0.394978
vt 0.346309 0.394968
vt 0.346310 0.395285
vt 0.346299 0.395281
vt 0.346307 0.395262
vt 0.343587 0.394025
vt 0.343606 0.394038
vt 0.343593 0.394068
vt 0.344548 0.390848
vt 0.344909 0.397491
vt 0.344886 0.397400
vt 0.344913 0.397395
vt 0.365096 0.903202
vt 0.365094 0.903220
vt 0.365041 0.903220
vt 0.342233 0.392811
vt 0.342240 0.392681
vt 0.342248 0.392712
vt 0.344627 0.390893
vt 0.344656 0.390870
vt 0.344708 0.390872
vt 0.346421 0.395309
vt 0.346374 0.395259
vt 0.346422 0.395257
vt 0.347245 0.397152
vt 0.347276 0.397159
vt 0.347244 0.397182
vt 0.341759 0.392792
vt 0.341807 0.392780
vt 0.316713 0.400879
vt 0.316788 0.400852
vt 0.316749 0.400920
vt 0.343611 0.393578
vt 0.343561 0.393510
vt 0.344328 0.390681
vt 0.344413 0.390645
vt 0.344389 0.390753
vt 0.364901 0.903119
vt 0.342224 0.393056
vt 0.342174 0.392881
vt 0.342209 0.392983
vt 0.343570 0.393425
vt 0.343514 0.393451
vt 0.348124 0.397460
vt 0.348057 0.397372
vt 0.348145 0.397448
vt 0.363409 0.904515
vt 0.363427 0.904471
vt 0.363426 0.904557
vt 0.364898 0.903197
vt 0.364872 0.903198
vt 0.364894 0.903176
vt 0.347669 0.393824
vt 0.347597 0.393826
vt 0.346301 0.395434
vt 0.343835 0.393531
vt 0.343785 0.393573
vt 0.343816 0.393517
vt 0.319507 0.402772
vt 0.319541 0.402740
vt 0.319531 0.402836
vt 0.346340 0.395118
vt 0.346930 0.390069
vt 0.346985 0.390097
vt 0.346931 0.390123
vt 0.343758 0.393664
vt 0.343708 0.393712
vt 0.343737 0.393641
vt 0.344362 0.390605
vt 0.344429 0.390561
vt 0.344440 0.390579
vt 0.345526 0.394535
vt 0.345609 0.394553
vt 0.345517 0.394552
vt 0.364864 0.903012
vt 0.364882 0.902997
vt 0.346288 0.395130
vt 0.346266 0.395165
vt 0.346276 0.395045
vt 0.343810 0.393981
vt 0.343873 0.393956
vt 0.345577 0.394652
vt 0.346287 0.395279
vt 0.346261 0.395314
vt 0.346256 0.395275
vt 0.316782 0.400948
vt 0.316769 0.400921
vt 0.342229 0.393138
vt 0.342224 0.393148
vt 0.367854 0.908139
vt 0.367845 0.908168
vt 0.367830 0.908170
vt 0.342501 0.396552
vt 0.342508 0.396562
vt 0.342198 0.393147
vt 0.342192 0.393090
vt 0.342141 0.393414
vt 0.363057 0.904736
vt 0.363020 0.904593
vt 0.363031 0.904584
vt 0.346377 0.395189
vt 0.346345 0.395187
vt 0.346155 0.395332
vt 0.345643 0.394706
vt 0.345674 0.394793
vt 0.345595 0.394717
vt 0.341622 0.393088
vt 0.341522 0.393070
vt 0.341600 0.392910
vt 0.342589 0.398612
vt 0.342572 0.398530
vt 0.342585 0.398525
vt 0.344479 0.390618
vt 0.344534 0.390613
vt 0.344540 0.390632
vt 0.365088 0.902856
vt 0.365040 0.902872
vt 0.365056 0.902784
vt 0.343595 0.394020
vt 0.343657 0.394055
vt 0.343626 0.394051
vt 0.348661 0.397898
vt 0.348626 0.398023
vt 0.348595 0.397870
vt 0.364385 0.906505
vt 0.364395 0.906484
vt 0.364445 0.906507
vt 0.345955 0.394434
vt 0.346044 0.394426
vt 0.345979 0.394454
vt 0.363105 0.904650
vt 0.363091 0.904737
vt 0.363057 0.904608
vt 0.343660 0.393699
vt 0.343711 0.393793
vt 0.343625 0.393763
vt 0.341277 0.398633
vt 0.341294 0.398678
vt 0.341277 0.398690
vt 0.347383 0.399983
vt 0.347357 0.399992
vt 0.347358 0.399962
vt 0.367960 0.908561
vt 0.367966 0.908553
vt 0.367967 0.908584
vt 0.342867 0.398075
vt 0.342886 0.398024
vt 0.346915 0.390204
vt 0.346907 0.390227
vt 0.346827 0.390199
vt 0.344152 0.390672
vt 0.344079 0.390610
vt 0.344140 0.390592
vt 0.344187 0.390685
vt 0.344226 0.390576
vt 0.346105 0.396574
vt 0.346097 0.396573
vt 0.346091 0.396560
vt 0.344380 0.390358
vt 0.344273 0.390396
vt 0.343783 0.395759
vt 0.343727 0.395780
vt 0.343763 0.395710
vt 0.343224 0.395146
vt 0.343680 0.393866
vt 0.346347 0.395220
vt 0.346359 0.395220
vt 0.347961 0.392517
vt 0.347969 0.392484
vt 0.347978 0.392523
vt 0.344675 0.390290
vt 0.344735 0.390175
vt 0.344739 0.390303
vt 0.344678 0.390373
vt 0.340882 0.394362
vt 0.346366 0.394865
vt 0.346376 0.394822
vt 0.341944 0.392628
vt 0.341925 0.392679
vt 0.341929 0.392638
vt 0.346290 0.395437
vt 0.346274 0.395429
vt 0.348100 0.397543
vt 0.348127 0.397547
vt 0.342959 0.398423
vt 0.342964 0.398404
vt 0.343062 0.398373
vt 0.345272 0.396967
vt 0.346390 0.395107
vt 0.346305 0.395205
vt 0.346865 0.392050
vt 0.346882 0.392132
vt 0.346845 0.392134
vt 0.341992 0.393216
vt 0.341802 0.393385
vt 0.341856 0.393186
vt 0.364480 0.906636
vt 0.364455 0.906631
vt 0.364515 0.906609
vt 0.344667 0.390479
vt 0.344603 0.390550
vt 0.344608 0.390444
vt 0.342192 0.392626
vt 0.342200 0.392666
vt 0.342101 0.392668
vt 0.341184 0.398683
vt 0.341211 0.398638
vt 0.341211 0.398690
vt 0.346965 0.392341
vt 0.346890 0.392307
vt 0.346954 0.392293
vt 0.364924 0.902851
vt 0.364850 0.902877
vt 0.364863 0.902777
vt 0.346375 0.395334
vt 0.346356 0.395341
vt 0.347106 0.398491
vt 0.346994 0.392273
vt 0.346912 0.392207
vt 0.346976 0.392188
vt 0.364151 0.906184
vt 0.364121 0.906195
vt 0.364127 0.906154
vt 0.364867 0.903175
vt 0.344871 0.397500
vt 0.344926 0.397563
vt 0.344657 0.390543
vt 0.344735 0.390485
vt 0.346141 0.395248
vt 0.346130 0.395177
vt 0.346128 0.395154
vt 0.345594 0.394661
vt 0.345636 0.394660
vt 0.344637 0.390908
vt 0.342227 0.392647
vt 0.349252 0.393304
vt 0.347361 0.400004
vt 0.347429 0.400048
vt 0.348670 0.398011
vt 0.348646 0.398023
vt 0.348661 0.397898
vt 0.346161 0.395403
vt 0.345596 0.394814
vt 0.345579 0.394721
vt 0.347770 0.393728
vt 0.347772 0.393725
vt 0.347771 0.393896
vt 0.341615 0.393227
vt 0.341628 0.393361
vt 0.341547 0.393293
vt 0.346804 0.390232
vt 0.346886 0.390275
vt 0.341888 0.392829
vt 0.345668 0.394803
vt 0.342992 0.398005
vt 0.342940 0.398027
vt 0.342936 0.397969
vt 0.343589 0.396015
vt 0.343543 0.395942
vt 0.309656 0.395708
vt 0.309657 0.395702
vt 0.309757 0.395732
vt 0.344678 0.390046
vt 0.344732 0.390134
vt 0.344671 0.390150
vt 0.363271 0.904533
vt 0.363343 0.904464
vt 0.363369 0.904515
vt 0.366238 0.906046
vt 0.364501 0.905281
vt 0.364511 0.905232
vt 0.341663 0.393214
vt 0.341723 0.393092
vt 0.341711 0.393217
vt 0.342144 0.392930
vt 0.341746 0.392964
vt 0.341801 0.392970
vt 0.341781 0.393026
vt 0.364573 0.905270
vt 0.364542 0.905310
vt 0.344507 0.390723
vt 0.344452 0.390808
vt 0.344388 0.390835
vt 0.342219 0.392869
vt 0.346976 0.390310
vt 0.346902 0.390443
vt 0.363390 0.904403
vt 0.363416 0.904414
vt 0.363351 0.904406
vt 0.365323 0.907750
vt 0.365292 0.907706
vt 0.365318 0.907693
vt 0.343787 0.395805
vt 0.343793 0.395823
vt 0.343780 0.395835
vt 0.363062 0.904591
vt 0.363057 0.904587
vt 0.363081 0.904549
vt 0.346861 0.390502
vt 0.346897 0.390446
vt 0.346986 0.390473
vt 0.343622 0.394059
vt 0.343643 0.394087
vt 0.343602 0.394090
vt 0.343594 0.394185
vt 0.341741 0.393414
vt 0.341743 0.393231
vt 0.344508 0.390275
vt 0.344565 0.390223
vt 0.344571 0.390261
vt 0.343235 0.395105
vt 0.343187 0.395033
vt 0.364739 0.902875
vt 0.364778 0.902891
vt 0.364746 0.902887
vt 0.347464 0.396723
vt 0.347476 0.396672
vt 0.347511 0.396664
vt 0.365919 0.905688
vt 0.365924 0.905695
vt 0.365873 0.905691
vt 0.347724 0.393904
vt 0.347770 0.393888
vt 0.347768 0.393987
vt 0.344482 0.390365
vt 0.343509 0.394171
vt 0.343401 0.394154
vt 0.343430 0.394108
vt 0.341897 0.392737
vt 0.347245 0.397405
vt 0.347257 0.397312
vt 0.347305 0.397305
vt 0.342091 0.393209
vt 0.344615 0.390447
vt 0.344622 0.390365
vt 0.344660 0.390392
vt 0.344325 0.390124
vt 0.344564 0.390205
vt 0.344605 0.390203
vt 0.344618 0.390209
vt 0.343851 0.393527
vt 0.345710 0.394646
vt 0.345767 0.394654
vt 0.345719 0.394681
vt 0.341837 0.393182
vt 0.346943 0.392038
vt 0.346947 0.392056
vt 0.344546 0.390676
vt 0.344381 0.390825
vt 0.344385 0.390781
vt 0.343644 0.393688
vt 0.364160 0.905394
vt 0.364191 0.905333
vt 0.364181 0.905410
vt 0.347580 0.393982
vt 0.347670 0.393991
vt 0.344601 0.390464
vt 0.344543 0.390434
vt 0.366633 0.902973
vt 0.366709 0.902967
vt 0.345608 0.394504
vt 0.363273 0.904417
vt 0.363260 0.904397
vt 0.363293 0.904371
vt 0.342094 0.392683
vt 0.342088 0.392695
vt 0.341987 0.392701
vt 0.346907 0.391965
vt 0.346861 0.392026
vt 0.346849 0.391961
vt 0.344612 0.390680
vt 0.344545 0.390676
vt 0.344318 0.390570
vt 0.346150 0.395345
vt 0.344336 0.390828
vt 0.344276 0.390863
vt 0.363443 0.904523
vt 0.363448 0.904454
vt 0.363444 0.904539
vt 0.342217 0.392673
vt 0.342210 0.392687
vt 0.342172 0.392691
vt 0.342210 0.392707
vt 0.342186 0.392749
vt 0.344562 0.398646
vt 0.344555 0.398684
vt 0.344551 0.398657
vt 0.341911 0.392826
vt 0.345760 0.394554
vt 0.345884 0.394198
vt 0.345821 0.394270
vt 0.345871 0.394192
vt 0.344584 0.390576
vt 0.344556 0.390610
vt 0.344503 0.390582
vt 0.364577 0.905002
vt 0.364531 0.905010
vt 0.364564 0.904990
vt 0.347729 0.393741
vt 0.347684 0.393809
vt 0.347702 0.393716
vt 0.347506 0.396595
vt 0.347530 0.396601
vt 0.345648 0.394135
vt 0.345658 0.394131
vt 0.345710 0.394164
vt 0.347544 0.393976
vt 0.347551 0.393911
vt 0.346876 0.392219
vt 0.347780 0.394068
vt 0.347758 0.394053
vt 0.343785 0.394159
vt 0.343758 0.394132
vt 0.346838 0.391900
vt 0.346867 0.391903
vt 0.344667 0.390681
vt 0.344731 0.390684
vt 0.343492 0.393790
vt 0.343428 0.393667
vt 0.343512 0.393737
vt 0.343712 0.393862
vt 0.343400 0.394156
vt 0.343491 0.394206
vt 0.345803 0.394415
vt 0.366668 0.902761
vt 0.366715 0.902818
vt 0.366653 0.902794
vt 0.311507 0.396669
vt 0.316652 0.400945
vt 0.344541 0.390673
vt 0.346708 0.398674
vt 0.346691 0.398632
vt 0.346740 0.398655
vt 0.342208 0.392831
vt 0.342209 0.392863
vt 0.341817 0.392713
vt 0.341822 0.392667
vt 0.347283 0.397255
vt 0.347003 0.392321
vt 0.344177 0.390768
vt 0.344168 0.390754
vt 0.364733 0.902791
vt 0.364689 0.902871
vt 0.343660 0.395793
vt 0.343615 0.395787
vt 0.341820 0.392987
vt 0.365074 0.908574
vt 0.365051 0.908554
vt 0.365073 0.908556
vt 0.346087 0.396730
vt 0.346117 0.396660
vt 0.346114 0.396722
vt 0.344176 0.390521
vt 0.344591 0.390564
vt 0.344549 0.390428
vt 0.365715 0.905732
vt 0.365771 0.905711
vt 0.365772 0.905745
vt 0.342132 0.393116
vt 0.343480 0.393808
vt 0.343399 0.393795
vt 0.343403 0.393789
vt 0.344105 0.390445
vt 0.344091 0.390462
vt 0.344074 0.390459
vt 0.343386 0.393771
vt 0.343366 0.393712
vt 0.343371 0.393709
vt 0.343388 0.393796
vt 0.343461 0.393868
vt 0.344097 0.390468
vt 0.344075 0.390503
vt 0.346896 0.390447
vt 0.365876 0.905746
vt 0.365921 0.905712
vt 0.365921 0.905739
vt 0.343745 0.393579
vt 0.343757 0.393591
vt 0.343444 0.393582
vt 0.344448 0.390089
vt 0.346237 0.395071
vt 0.346187 0.394998
vt 0.346261 0.395026
vt 0.343603 0.393582
vt 0.343568 0.393681
vt 0.343513 0.393544
vt 0.347340 0.400001
vt 0.346937 0.392061
vt 0.341909 0.392593
vt 0.347358 0.399902
vt 0.347410 0.399813
vt 0.347425 0.399905
vt 0.365923 0.905799
vt 0.365922 0.905743
vt 0.365951 0.905493
vt 0.365882 0.905546
vt 0.365918 0.905486
vt 0.365818 0.905656
vt 0.365802 0.905550
vt 0.365840 0.905553
vt 0.344497 0.390572
vt 0.344480 0.390565
vt 0.365906 0.905650
vt 0.345923 0.394265
vt 0.345915 0.394349
vt 0.346792 0.390479
vt 0.346849 0.390527
vt 0.364577 0.905346
vt 0.364548 0.905410
vt 0.364574 0.905333
vt 0.319497 0.402865
vt 0.319485 0.402802
vt 0.364930 0.903180
vt 0.364939 0.903186
vt 0.364937 0.903197
vt 0.344622 0.390271
vt 0.365029 0.903183
vt 0.365011 0.903154
vt 0.341744 0.392867
vt 0.341746 0.392785
vt 0.344522 0.390879
vt 0.344434 0.390850
vt 0.344521 0.390848
vt 0.347705 0.393911
vt 0.347716 0.393920
vt 0.344599 0.390721
vt 0.344402 0.390844
vt 0.346416 0.395336
vt 0.346394 0.395397
vt 0.346385 0.395343
vt 0.341732 0.392848
vt 0.343510 0.394100
vt 0.343572 0.394013
vt 0.367259 0.905181
vt 0.367263 0.905286
vt 0.367235 0.905185
vt 0.344245 0.390779
vt 0.344178 0.390813
vt 0.316719 0.400966
vt 0.343561 0.394144
vt 0.344932 0.398392
vt 0.344855 0.398245
vt 0.344932 0.398234
vt 0.341660 0.393349
vt 0.364947 0.903049
vt 0.364912 0.903021
vt 0.364966 0.903003
vt 0.344540 0.390891
vt 0.344549 0.390890
vt 0.344310 0.390748
vt 0.364388 0.904987
vt 0.364394 0.904933
vt 0.347875 0.400665
vt 0.347813 0.400544
vt 0.347854 0.400569
vt 0.347712 0.394059
vt 0.347746 0.394064
vt 0.364359 0.905026
vt 0.364331 0.906515
vt 0.343569 0.393409
vt 0.343611 0.393376
vt 0.364777 0.902906
vt 0.364784 0.902963
vt 0.364739 0.902926
vt 0.365842 0.905841
vt 0.365790 0.905819
vt 0.365848 0.905833
vt 0.346827 0.392223
vt 0.343675 0.393916
vt 0.319522 0.402930
vt 0.319501 0.402920
vt 0.367411 0.904394
vt 0.367393 0.904434
vt 0.367397 0.904390
vt 0.365128 0.902981
vt 0.365172 0.902951
vt 0.365171 0.902998
vt 0.366927 0.907609
vt 0.366954 0.907604
vt 0.366942 0.907643
vt 0.344676 0.390835
vt 0.343576 0.396094
vt 0.346928 0.390147
vt 0.347000 0.390197
vt 0.364925 0.902921
vt 0.346368 0.397928
vt 0.346344 0.398006
vt 0.346335 0.397927
vt 0.364982 0.903035
vt 0.365009 0.903006
vt 0.364993 0.903030
vt 0.346918 0.398445
vt 0.346934 0.398415
vt 0.346934 0.398491
vt 0.342005 0.392636
vt 0.342091 0.392657
vt 0.342009 0.392678
vt 0.343825 0.393923
vt 0.364901 0.903137
vt 0.346380 0.397825
vt 0.346356 0.397837
vt 0.346353 0.397793
vt 0.347954 0.392462
vt 0.347965 0.392483
vt 0.366640 0.903917
vt 0.366628 0.903957
vt 0.365013 0.902794
vt 0.344719 0.390844
vt 0.342986 0.398619
vt 0.342997 0.398492
vt 0.343116 0.398550
vt 0.347965 0.392588
vt 0.347943 0.392526
vt 0.343462 0.393511
vt 0.348614 0.398065
vt 0.364501 0.906500
vt 0.364498 0.906543
vt 0.346099 0.396618
vt 0.346086 0.396620
vt 0.341490 0.398624
vt 0.341506 0.398644
vt 0.341490 0.398690
vt 0.342100 0.392611
vt 0.342118 0.392591
vt 0.342156 0.392608
vt 0.343680 0.395709
vt 0.343672 0.395783
vt 0.341636 0.392870
vt 0.341657 0.392879
vt 0.341674 0.392905
vt 0.348127 0.397506
vt 0.345541 0.394507
vt 0.364347 0.906481
vt 0.364368 0.906492
vt 0.363012 0.904594
vt 0.343660 0.393934
vt 0.343679 0.393929
vt 0.343719 0.393944
vt 0.343765 0.393509
vt 0.343779 0.393524
vt 0.343755 0.393555
vt 0.364338 0.906852
vt 0.364332 0.906841
vt 0.364376 0.906817
vt 0.366195 0.906177
vt 0.366205 0.906103
vt 0.366209 0.906116
vt 0.341658 0.393226
vt 0.345935 0.394370
vt 0.345928 0.394615
vt 0.345826 0.394549
vt 0.345955 0.394525
vt 0.346389 0.394964
vt 0.346427 0.394952
vt 0.346421 0.395005
vt 0.366255 0.906031
vt 0.366267 0.905965
vt 0.344398 0.390860
vt 0.344424 0.390854
vt 0.344678 0.390167
vt 0.347932 0.392472
vt 0.364505 0.905134
vt 0.364508 0.905085
vt 0.364531 0.905105
vt 0.346828 0.392052
vt 0.346816 0.391972
vt 0.346289 0.395248
vt 0.346285 0.395252
vt 0.344643 0.390613
vt 0.343809 0.393625
vt 0.343826 0.393676
vt 0.343802 0.393672
vt 0.345741 0.394688
vt 0.345818 0.394684
vt 0.345828 0.394759
vt 0.346898 0.390446
vt 0.343780 0.393809
vt 0.343735 0.393798
vt 0.345588 0.394125
vt 0.343676 0.395881
vt 0.343615 0.393918
vt 0.343634 0.393912
vt 0.367132 0.905351
vt 0.367134 0.905309
vt 0.345635 0.394125
vt 0.311445 0.397106
vt 0.311438 0.397091
vt 0.311446 0.397102
vt 0.311530 0.398838
vt 0.311545 0.398832
vt 0.311542 0.398844
vt 0.312473 0.393604
vt 0.312478 0.393591
vt 0.312483 0.393599
vt 0.312009 0.393820
vt 0.311998 0.393819
vt 0.311332 0.396504
vt 0.312550 0.393746
vt 0.312563 0.393737
vt 0.312561 0.393743
vt 0.312208 0.393825
vt 0.312206 0.393817
vt 0.312221 0.393806
vt 0.312470 0.393632
vt 0.312475 0.393621
vt 0.312483 0.393613
vt 0.312148 0.393786
vt 0.312142 0.393801
vt 0.312147 0.393785
vt 0.311492 0.396987
vt 0.311501 0.396978
vt 0.311512 0.396982
vt 0.311535 0.398871
vt 0.311541 0.398847
vt 0.311549 0.398858
vt 0.312184 0.393816
vt 0.312179 0.393799
vt 0.312196 0.393817
vt 0.365078 0.902993
vt 0.365070 0.902993
vt 0.365078 0.902993
vt 0.312184 0.393906
vt 0.312177 0.393896
vt 0.312192 0.393899
vt 0.312424 0.393630
vt 0.312426 0.393636
vt 0.312420 0.393634
vt 0.312485 0.393612
vt 0.312496 0.393606
vt 0.312498 0.393616
vt 0.309813 0.395689
vt 0.309817 0.395690
vt 0.309825 0.395691
vt 0.311072 0.397999
vt 0.311074 0.397988
vt 0.311075 0.397987
vt 0.311506 0.398861
vt 0.311503 0.398847
vt 0.311519 0.398853
vt 0.311330 0.396935
vt 0.311323 0.396929
vt 0.311323 0.396920
vt 0.311421 0.399078
vt 0.311421 0.399068
vt 0.311424 0.399073
vt 0.311408 0.399147
vt 0.311411 0.399145
vt 0.311418 0.399147
vt 0.311165 0.397179
vt 0.311219 0.397189
vt 0.311227 0.397196
vt 0.311587 0.396608
vt 0.311579 0.396618
vt 0.311570 0.396610
vt 0.311402 0.396478
vt 0.311392 0.396466
vt 0.311997 0.393871
vt 0.310042 0.395740
vt 0.310052 0.395737
vt 0.310054 0.395737
vt 0.312385 0.401697
vt 0.312394 0.401699
vt 0.312383 0.401710
vt 0.309935 0.395651
vt 0.309938 0.395639
vt 0.309950 0.395644
vt 0.313767 0.397423
vt 0.313773 0.397430
vt 0.313762 0.397432
vt 0.314773 0.395104
vt 0.314775 0.395091
vt 0.314779 0.395109
vt 0.311930 0.393521
vt 0.311931 0.393519
vt 0.311935 0.393512
vt 0.311223 0.396839
vt 0.311220 0.396848
vt 0.311220 0.396848
vt 0.311900 0.393521
vt 0.311902 0.393518
vt 0.311906 0.393511
vt 0.309506 0.395958
vt 0.309489 0.395932
vt 0.309499 0.395941
vt 0.313591 0.397563
vt 0.313594 0.397571
vt 0.313582 0.397561
vt 0.367540 0.907761
vt 0.367539 0.907769
vt 0.367530 0.907766
vt 0.312244 0.393904
vt 0.312256 0.393907
vt 0.312388 0.393663
vt 0.312376 0.393681
vt 0.312366 0.393666
vt 0.314141 0.398298
vt 0.314151 0.398302
vt 0.314139 0.398315
vt 0.314097 0.398218
vt 0.314083 0.398219
vt 0.314087 0.398181
vt 0.314101 0.398129
vt 0.314105 0.398081
vt 0.314108 0.398097
vt 0.345190 0.398389
vt 0.345206 0.398319
vt 0.315830 0.395504
vt 0.315823 0.395494
vt 0.315832 0.395503
vt 0.315798 0.395524
vt 0.315801 0.395537
vt 0.315797 0.395536
vt 0.315829 0.395665
vt 0.315826 0.395650
vt 0.315832 0.395652
vt 0.312449 0.393254
vt 0.312460 0.393246
vt 0.312450 0.393262
vt 0.342431 0.397102
vt 0.342437 0.397092
vt 0.342431 0.397102
vt 0.314119 0.398331
vt 0.314108 0.398323
vt 0.314120 0.398320
vt 0.314082 0.398309
vt 0.314076 0.398296
vt 0.314093 0.398304
vt 0.309841 0.395730
vt 0.309925 0.395732
vt 0.309819 0.395754
vt 0.311509 0.398935
vt 0.311491 0.398985
vt 0.311465 0.398999
vt 0.311410 0.398742
vt 0.311513 0.398747
vt 0.311406 0.398764
vt 0.364735 0.902911
vt 0.313681 0.397580
vt 0.313787 0.397578
vt 0.313658 0.397602
vt 0.309890 0.395633
vt 0.309860 0.395608
vt 0.309984 0.395765
vt 0.309927 0.395738
vt 0.310004 0.395746
vt 0.316471 0.400930
vt 0.316427 0.400923
vt 0.316424 0.400909
vt 0.365101 0.902995
vt 0.365079 0.903008
vt 0.365072 0.903001
vt 0.311513 0.398901
vt 0.311447 0.398840
vt 0.311510 0.398878
vt 0.315977 0.400547
vt 0.315973 0.400559
vt 0.315959 0.400559
vt 0.309580 0.396010
vt 0.309513 0.395948
vt 0.309513 0.395933
vt 0.311133 0.397118
vt 0.311136 0.397133
vt 0.363435 0.904523
vt 0.315788 0.395516
vt 0.310042 0.395712
vt 0.310047 0.395688
vt 0.310053 0.395704
vt 0.315989 0.400536
vt 0.315998 0.400564
vt 0.311031 0.398385
vt 0.311034 0.398306
vt 0.311043 0.398314
vt 0.309613 0.396079
vt 0.309643 0.396020
vt 0.309621 0.396099
vt 0.314092 0.398126
vt 0.314069 0.398124
vt 0.314093 0.398078
vt 0.314117 0.398305
vt 0.311425 0.397120
vt 0.311454 0.397112
vt 0.311435 0.397142
vt 0.314217 0.398371
vt 0.314250 0.398376
vt 0.314217 0.398393
vt 0.309591 0.395845
vt 0.309564 0.395901
vt 0.309578 0.395838
vt 0.314112 0.398286
vt 0.314141 0.398285
vt 0.314117 0.398299
vt 0.365271 0.907661
vt 0.365302 0.907637
vt 0.365263 0.907676
vt 0.314139 0.398035
vt 0.314169 0.400957
vt 0.314200 0.400981
vt 0.314167 0.400980
vt 0.311553 0.396597
vt 0.311597 0.396561
vt 0.311562 0.396604
vt 0.314137 0.398257
vt 0.314177 0.398264
vt 0.314748 0.393257
vt 0.314829 0.393260
vt 0.314745 0.393268
vt 0.311521 0.398841
vt 0.311476 0.396741
vt 0.311457 0.396816
vt 0.311435 0.396815
vt 0.313734 0.397879
vt 0.313650 0.397736
vt 0.313662 0.397735
vt 0.312460 0.393683
vt 0.312475 0.393665
vt 0.313774 0.397561
vt 0.313782 0.397522
vt 0.313787 0.397568
vt 0.314110 0.398494
vt 0.313993 0.398459
vt 0.314106 0.398482
vt 0.314188 0.398394
vt 0.314188 0.398315
vt 0.314197 0.398312
vt 0.313506 0.397846
vt 0.313977 0.398304
vt 0.313987 0.398385
vt 0.311559 0.398833
vt 0.311587 0.398768
vt 0.311595 0.398763
vt 0.366919 0.907601
vt 0.310009 0.395815
vt 0.310004 0.395743
vt 0.309720 0.395881
vt 0.309751 0.395802
vt 0.309743 0.395879
vt 0.314669 0.393437
vt 0.314637 0.393285
vt 0.314730 0.393499
vt 0.311262 0.397161
vt 0.311338 0.397207
vt 0.311341 0.397224
vt 0.314654 0.395287
vt 0.314670 0.395371
vt 0.314668 0.395364
vt 0.312492 0.393444
vt 0.312457 0.393414
vt 0.312520 0.393444
vt 0.312345 0.393278
vt 0.312397 0.393276
vt 0.312331 0.393302
vt 0.312435 0.393603
vt 0.312435 0.393616
vt 0.309837 0.395688
vt 0.312338 0.393727
vt 0.312311 0.393671
vt 0.312378 0.393730
vt 0.311216 0.397187
vt 0.311233 0.397206
vt 0.311591 0.396630
vt 0.311577 0.396632
vt 0.311551 0.396997
vt 0.311507 0.397115
vt 0.311500 0.397111
vt 0.311635 0.396643
vt 0.311615 0.396640
vt 0.311617 0.396626
vt 0.309819 0.395861
vt 0.309961 0.395835
vt 0.309807 0.395859
vt 0.311907 0.393556
vt 0.311890 0.393581
vt 0.313656 0.397550
vt 0.313592 0.397552
vt 0.313680 0.397538
vt 0.311419 0.399147
vt 0.311427 0.399079
vt 0.364737 0.902785
vt 0.364784 0.902776
vt 0.312010 0.393866
vt 0.311346 0.396504
vt 0.313565 0.397737
vt 0.313599 0.397710
vt 0.313601 0.397722
vt 0.311393 0.398928
vt 0.311390 0.398938
vt 0.312447 0.393500
vt 0.313668 0.397555
vt 0.314766 0.395089
vt 0.314696 0.395103
vt 0.314693 0.395079
vt 0.343213 0.394947
vt 0.343221 0.395008
vt 0.343806 0.393463
vt 0.343240 0.394946
vt 0.346824 0.392383
vt 0.342172 0.392693
vt 0.367394 0.904470
vt 0.367401 0.904439
vt 0.364971 0.902666
vt 0.365003 0.902655
vt 0.364360 0.906533
vt 0.343677 0.395883
vt 0.365163 0.902896
vt 0.363443 0.904454
vt 0.344493 0.390199
vt 0.344622 0.390606
vt 0.344594 0.390583
vt 0.348458 0.396666
vt 0.346355 0.395429
vt 0.346329 0.395354
vt 0.344508 0.390187
vt 0.344495 0.390075
vt 0.344561 0.390136
vt 0.344543 0.390065
vt 0.344651 0.390561
vt 0.344653 0.390559
vt 0.363047 0.904914
vt 0.347498 0.396582
vt 0.367218 0.905302
vt 0.342114 0.393121
vt 0.343215 0.395383
vt 0.343187 0.395368
vt 0.343203 0.395333
vt 0.343188 0.395343
vt 0.346783 0.390233
vt 0.344345 0.390843
vt 0.345865 0.394392
vt 0.343291 0.398560
vt 0.366695 0.904022
vt 0.346292 0.395244
vt 0.341735 0.392686
vt 0.365063 0.903161
vt 0.344223 0.390863
vt 0.348157 0.397482
vt 0.348150 0.397482
vt 0.343738 0.393465
vt 0.364876 0.903120
vt 0.345760 0.394499
vt 0.342957 0.398131
vt 0.341924 0.392659
vt 0.343272 0.398565
vt 0.343248 0.398658
vt 0.343263 0.398549
vt 0.343142 0.398666
vt 0.344063 0.390539
vt 0.365005 0.902985
vt 0.365006 0.902884
vt 0.365041 0.902899
vt 0.366120 0.907180
vt 0.366095 0.907182
vt 0.366110 0.907170
vt 0.366095 0.907180
vt 0.366101 0.907171
vt 0.364304 0.905278
vt 0.364689 0.902888
vt 0.348908 0.396733
vt 0.346758 0.390313
vt 0.364347 0.906703
vt 0.364413 0.906714
vt 0.367807 0.907155
vt 0.345849 0.394527
vt 0.346326 0.394871
vt 0.345585 0.394671
vt 0.346319 0.395249
vt 0.346339 0.395264
vt 0.346385 0.395318
vt 0.316775 0.400826
vt 0.344368 0.390764
vt 0.344347 0.390746
vt 0.364900 0.903186
vt 0.364884 0.903206
vt 0.319519 0.402724
vt 0.319509 0.402706
vt 0.319550 0.402697
vt 0.343803 0.393590
vt 0.346959 0.390044
vt 0.343724 0.393726
vt 0.346378 0.397839
vt 0.346373 0.397905
vt 0.348550 0.396704
vt 0.346276 0.395270
vt 0.316773 0.401014
vt 0.316722 0.400984
vt 0.367395 0.904341
vt 0.367406 0.904344
vt 0.367419 0.904389
vt 0.342208 0.393096
vt 0.342203 0.393082
vt 0.344376 0.390772
vt 0.344346 0.390773
vt 0.367539 0.907769
vt 0.346155 0.395261
vt 0.342572 0.398620
vt 0.344546 0.390677
vt 0.346018 0.394381
vt 0.364486 0.906543
vt 0.364445 0.906537
vt 0.341280 0.398633
vt 0.346921 0.390140
vt 0.346118 0.396470
vt 0.346115 0.396563
vt 0.344381 0.390460
vt 0.343785 0.395787
vt 0.343603 0.393762
vt 0.345761 0.394775
vt 0.345720 0.394695
vt 0.344725 0.390401
vt 0.346441 0.394844
vt 0.346424 0.394862
vt 0.343740 0.393734
vt 0.343774 0.393671
vt 0.347822 0.400517
vt 0.347769 0.400528
vt 0.366905 0.907585
vt 0.366936 0.907554
vt 0.341981 0.392636
vt 0.341988 0.392704
vt 0.346257 0.395387
vt 0.348063 0.397626
vt 0.343095 0.398454
vt 0.346441 0.395095
vt 0.346277 0.395236
vt 0.347821 0.400677
vt 0.347768 0.400690
vt 0.344646 0.390538
vt 0.365884 0.905482
vt 0.365843 0.905477
vt 0.341207 0.398634
vt 0.346905 0.392363
vt 0.364377 0.906489
vt 0.365099 0.903022
vt 0.365102 0.903003
vt 0.346223 0.395179
vt 0.346245 0.395243
vt 0.348696 0.397912
vt 0.345827 0.394631
vt 0.345780 0.394672
vt 0.345842 0.394679
vt 0.345820 0.394681
vt 0.346800 0.390218
vt 0.342946 0.396949
vt 0.345605 0.392862
vt 0.343698 0.395785
vt 0.343713 0.395797
vt 0.343709 0.395794
vt 0.344739 0.390057
vt 0.346118 0.395005
vt 0.346176 0.395016
vt 0.363274 0.904469
vt 0.341672 0.393090
vt 0.341987 0.392704
vt 0.341918 0.392749
vt 0.341984 0.392796
vt 0.344501 0.390775
vt 0.365289 0.907772
vt 0.363097 0.904569
vt 0.363098 0.904581
vt 0.342104 0.392708
vt 0.342152 0.392712
vt 0.342127 0.392771
vt 0.342166 0.392769
vt 0.341709 0.393331
vt 0.344499 0.390249
vt 0.347490 0.396661
vt 0.347503 0.396748
vt 0.347472 0.396739
vt 0.341779 0.393049
vt 0.354028 0.400173
vt 0.344608 0.390048
vt 0.344605 0.390124
vt 0.347300 0.397429
vt 0.347251 0.397418
vt 0.343833 0.393435
vt 0.343858 0.393458
vt 0.343810 0.393487
vt 0.343877 0.393477
vt 0.346309 0.395232
vt 0.346964 0.391973
vt 0.343675 0.393618
vt 0.343689 0.393613
vt 0.341802 0.392615
vt 0.364154 0.905341
vt 0.347583 0.394079
vt 0.363286 0.904422
vt 0.363322 0.904384
vt 0.346934 0.392036
vt 0.344628 0.390630
vt 0.365467 0.908292
vt 0.365446 0.908331
vt 0.365434 0.908292
vt 0.365442 0.908327
vt 0.347984 0.392595
vt 0.347997 0.392612
vt 0.344598 0.398653
vt 0.344600 0.398684
vt 0.341901 0.392841
vt 0.347529 0.394059
vt 0.364535 0.905030
vt 0.343767 0.393881
vt 0.347766 0.394066
vt 0.347461 0.396365
vt 0.344978 0.397541
vt 0.343854 0.394077
vt 0.343578 0.395689
vt 0.343680 0.395664
vt 0.343681 0.395687
vt 0.344737 0.390571
vt 0.365009 0.902996
vt 0.366731 0.902755
vt 0.344721 0.390476
vt 0.346701 0.398624
vt 0.346741 0.398624
vt 0.346729 0.398667
vt 0.342182 0.392776
vt 0.347270 0.397244
vt 0.347008 0.392304
vt 0.365298 0.907637
vt 0.365050 0.908569
vt 0.346079 0.396660
vt 0.345119 0.398395
vt 0.345136 0.398319
vt 0.341608 0.393202
vt 0.341529 0.393207
vt 0.344505 0.390565
vt 0.344498 0.390555
vt 0.365725 0.905713
vt 0.344103 0.390416
vt 0.344109 0.390417
vt 0.343362 0.393899
vt 0.343356 0.393892
vt 0.365878 0.905721
vt 0.343422 0.393648
vt 0.343609 0.393598
vt 0.341911 0.392586
vt 0.365881 0.905810
vt 0.365767 0.905657
vt 0.364561 0.905417
vt 0.364915 0.903198
vt 0.341681 0.392880
vt 0.345137 0.398301
vt 0.345167 0.398245
vt 0.367253 0.905176
vt 0.367265 0.905292
vt 0.344844 0.398383
vt 0.341653 0.393228
vt 0.366314 0.906327
vt 0.366287 0.906296
vt 0.366306 0.906288
vt 0.344513 0.390225
vt 0.365323 0.907638
vt 0.365337 0.907678
vt 0.364339 0.906496
vt 0.365796 0.905851
vt 0.365842 0.905809
vt 0.348558 0.396597
vt 0.348571 0.396619
vt 0.365128 0.903017
vt 0.365122 0.902993
vt 0.346251 0.395166
vt 0.346991 0.390116
vt 0.364874 0.902938
vt 0.364137 0.906125
vt 0.364101 0.906076
vt 0.364122 0.906071
vt 0.347956 0.392463
vt 0.347981 0.392433
vt 0.364938 0.902681
vt 0.364939 0.902659
vt 0.364931 0.902666
vt 0.346334 0.397814
vt 0.346365 0.397796
vt 0.343500 0.393452
vt 0.341500 0.398628
vt 0.343574 0.395711
vt 0.344628 0.390193
vt 0.347961 0.392705
vt 0.347969 0.392731
vt 0.343593 0.394004
vt 0.343733 0.393554
vt 0.364337 0.906808
vt 0.364370 0.906809
vt 0.364370 0.906853
vt 0.364361 0.906859
vt 0.366163 0.906064
vt 0.346251 0.395111
vt 0.364454 0.906595
vt 0.364436 0.906594
vt 0.343229 0.398946
vt 0.343054 0.398894
vt 0.364526 0.905138
vt 0.347795 0.400420
vt 0.347844 0.400440
vt 0.343846 0.393620
vt 0.345761 0.394777
vt 0.345529 0.394130
vt 0.367194 0.905358
vt 0.309924 0.395715
vt 0.309933 0.395721
vt 0.312328 0.393623
vt 0.312312 0.393617
vt 0.312326 0.393618
vt 0.312562 0.393749
vt 0.312217 0.393834
vt 0.312146 0.393799
vt 0.311419 0.397078
vt 0.311404 0.397065
vt 0.311417 0.397066
vt 0.311418 0.397074
vt 0.312192 0.393898
vt 0.309824 0.395693
vt 0.311323 0.396932
vt 0.311323 0.396921
vt 0.311472 0.399000
vt 0.311477 0.398996
vt 0.311483 0.398986
vt 0.312332 0.393251
vt 0.312325 0.393252
vt 0.312334 0.393250
vt 0.311129 0.397115
vt 0.314254 0.398362
vt 0.314253 0.398369
vt 0.310015 0.395807
vt 0.310042 0.395760
vt 0.315989 0.400549
vt 0.316000 0.400552
vt 0.310037 0.395680
vt 0.310038 0.395686
vt 0.314774 0.395092
vt 0.342964 0.396953
vt 0.342960 0.396953
vt 0.342958 0.396943
vt 0.311891 0.393581
vt 0.311899 0.393587
vt 0.311935 0.393469
vt 0.311943 0.393458
vt 0.311943 0.393461
vt 0.311229 0.396846
vt 0.311231 0.396848
vt 0.309500 0.395937
vt 0.309500 0.395938
vt 0.314129 0.398046
vt 0.314139 0.398033
vt 0.347353 0.399999
vt 0.313708 0.397237
vt 0.313705 0.397241
vt 0.365013 0.903149
vt 0.365007 0.903147
vt 0.312266 0.393903
vt 0.309743 0.395878
vt 0.309734 0.395894
vt 0.314142 0.398295
vt 0.313554 0.397742
vt 0.313554 0.397743
vt 0.313552 0.397748
vt 0.313415 0.397714
vt 0.313417 0.397723
vt 0.315820 0.395649
vt 0.312461 0.393236
vt 0.313515 0.397861
vt 0.313982 0.398398
vt 0.309923 0.395709
vt 0.342538 0.396536
vt 0.342510 0.396548
vt 0.309931 0.395744
vt 0.316493 0.400950
vt 0.315501 0.396877
vt 0.315513 0.396874
vt 0.315545 0.396961
vt 0.311416 0.398843
vt 0.312324 0.393614
vt 0.312274 0.393490
vt 0.309578 0.396017
vt 0.312486 0.393886
vt 0.312508 0.393888
vt 0.312488 0.393923
vt 0.363434 0.904546
vt 0.311020 0.398385
vt 0.309748 0.395645
vt 0.309764 0.395681
vt 0.309750 0.395673
vt 0.342965 0.396966
vt 0.314079 0.398147
vt 0.342388 0.397104
vt 0.342321 0.397170
vt 0.342311 0.397148
vt 0.314124 0.398297
vt 0.364961 0.903191
vt 0.364946 0.903191
vt 0.364978 0.903168
vt 0.309576 0.395920
vt 0.319489 0.402755
vt 0.319496 0.402759
vt 0.314123 0.398039
vt 0.344532 0.397540
vt 0.344548 0.397547
vt 0.314205 0.400958
vt 0.311589 0.396553
vt 0.312437 0.393255
vt 0.312437 0.393177
vt 0.314179 0.398239
vt 0.314077 0.398295
vt 0.314832 0.393249
vt 0.311492 0.396752
vt 0.313660 0.397811
vt 0.342427 0.397104
vt 0.312372 0.393685
vt 0.313770 0.397525
vt 0.313996 0.398469
vt 0.314179 0.398398
vt 0.309998 0.395822
vt 0.309729 0.395790
vt 0.314728 0.393499
vt 0.314664 0.393449
vt 0.314660 0.393363
vt 0.311512 0.398712
vt 0.311419 0.398728
vt 0.311432 0.398719
vt 0.311258 0.397144
vt 0.314663 0.395283
vt 0.312397 0.393259
vt 0.309820 0.395757
vt 0.312306 0.393680
vt 0.311254 0.397129
vt 0.311589 0.396644
vt 0.309756 0.395712
vt 0.311571 0.397002
vt 0.314763 0.393176
vt 0.314817 0.393150
vt 0.314823 0.393169
vt 0.311637 0.396662
vt 0.366098 0.907190
vt 0.309959 0.395824
vt 0.312451 0.393097
vt 0.313594 0.397563
vt 0.312213 0.393925
vt 0.312217 0.393922
vt 0.312363 0.393934
vt 0.313551 0.397734
vt 0.312446 0.393519
vt 0.313668 0.397590
vt 0.314769 0.395114
vt 0.344176 0.390250
vt 0.344189 0.390238
vt 0.363044 0.904814
vt 0.363012 0.904813
vt 0.315110 0.400224
vt 0.315076 0.400248
vt 0.315076 0.400235
vt 0.315108 0.400212
vt 0.314117 0.398374
vt 0.314115 0.398364
vt 0.346339 0.395437
vt 0.346321 0.395442
vt 0.365096 0.902693
vt 0.365097 0.902635
vt 0.365130 0.902636
vt 0.365125 0.902707
vt 0.345956 0.394646
vt 0.345997 0.394725
vt 0.347346 0.399913
vt 0.343193 0.398474
vt 0.345334 0.394012
vt 0.341538 0.393272
s 0
f 84/1/1 24/2/2 291/3/3
f 347/4/4 135/5/5 111/6/6
f 558/7/7 559/8/7 90/9/7
f 448/10/8 54/11/9 107/12/10
f 178/13/11 197/14/12 167/15/13
f 375/16/14 374/17/15 68/18/16
f 336/19/17 109/20/18 442/21/19
f 362/22/20 334/23/21 360/24/22
f 290/25/23 174/26/24 196/27/25
f 591/28/26 220/29/27 221/30/28
f 223/31/29 214/32/30 12/33/31
f 409/34/32 286/35/33 285/36/34
f 9/37/35 32/38/36 373/39/37
f 221/40/38 220/41/39 462/42/40
f 290/43/41 173/44/42 287/45/43
f 200/46/44 193/47/45 203/48/46
f 61/49/47 116/50/48 60/51/49
f 531/52/50 532/53/51 492/54/52
f 422/55/53 97/56/54 423/57/55
f 266/58/56 176/59/57 356/60/58
f 361/61/59 4/62/60 362/63/61
f 546/64/62 572/65/63 614/66/64
f 363/67/65 333/68/66 335/69/67
f 335/70/68 37/71/69 364/72/70
f 30/73/71 465/74/72 247/75/73
f 323/76/74 175/77/75 280/78/76
f 145/79/77 616/80/77 618/81/77
f 594/82/78 221/30/79 597/83/80
f 106/84/81 70/85/82 117/86/83
f 366/87/84 365/88/85 39/89/86
f 7/90/87 25/91/88 53/92/89
f 424/93/90 94/94/91 98/95/92
f 248/96/93 465/97/94 125/98/95
f 7/90/96 68/99/97 32/38/98
f 51/100/99 81/101/100 55/102/101
f 344/103/102 485/104/103 137/105/103
f 25/91/104 44/106/105 53/92/106
f 44/107/107 54/108/108 53/109/109
f 452/110/110 80/111/111 453/112/112
f 115/113/113 59/114/114 57/115/115
f 445/116/116 115/117/117 446/118/118
f 115/117/119 57/119/120 113/120/121
f 501/121/122 228/122/123 502/123/122
f 463/124/124 108/125/125 470/126/126
f 377/127/127 62/128/128 371/129/128
f 371/130/129 62/131/130 448/132/131
f 315/133/132 276/134/133 540/135/134
f 63/136/135 149/137/136 148/138/137
f 341/139/138 10/140/139 64/141/140
f 451/142/141 78/143/142 121/144/143
f 120/145/144 79/146/145 80/111/146
f 121/147/147 78/148/148 81/149/149
f 389/150/150 15/151/150 180/152/150
f 517/153/151 184/154/152 185/155/153
f 405/156/154 84/157/155 1/158/156
f 35/159/157 83/160/158 85/161/159
f 332/162/160 87/163/161 88/164/162
f 186/165/163 187/166/164 273/167/165
f 215/168/166 589/169/167 585/170/168
f 98/171/169 94/172/170 95/173/171
f 85/174/172 23/175/173 288/176/174
f 372/177/175 152/178/175 370/179/176
f 11/180/177 544/181/178 430/182/179
f 51/100/180 393/183/181 81/101/182
f 165/184/183 513/185/184 522/186/185
f 232/187/186 583/188/187 229/189/188
f 402/190/189 456/191/190 455/192/191
f 456/193/192 106/84/193 329/194/194
f 257/195/195 258/196/196 110/197/197
f 110/197/198 133/198/199 50/199/200
f 460/200/201 459/201/202 134/202/203
f 162/203/204 156/204/205 151/205/206
f 346/206/207 137/207/207 138/208/207
f 487/209/208 471/210/208 488/211/208
f 136/212/209 474/213/209 475/214/209
f 483/215/210 484/216/211 136/217/212
f 363/218/213 350/219/213 349/220/213
f 107/221/214 58/222/215 448/223/216
f 128/224/217 259/225/218 260/226/219
f 376/227/220 7/90/221 377/228/222
f 116/50/223 114/229/224 162/203/225
f 374/230/226 32/38/227 68/99/228
f 496/231/229 193/232/230 552/233/231
f 551/234/232 57/119/233 497/235/234
f 154/236/235 151/205/236 150/237/237
f 148/238/238 146/239/239 147/240/240
f 572/65/241 201/241/241 571/242/241
f 48/243/242 49/244/243 133/198/244
f 153/245/245 146/239/246 158/246/247
f 155/247/248 160/248/249 161/249/250
f 31/250/251 495/251/252 494/252/253
f 550/253/254 549/254/255 553/255/255
f 296/256/256 251/257/256 508/258/257
f 512/259/258 165/184/259 522/186/260
f 72/260/261 34/261/262 76/262/263
f 522/263/264 523/264/265 511/265/266
f 186/266/267 183/267/268 166/268/269
f 523/269/270 522/270/271 183/271/272
f 390/272/273 236/273/274 75/274/275
f 141/275/276 526/276/277 536/277/278
f 108/125/279 524/278/280 179/279/281
f 87/280/282 436/281/283 457/282/284
f 352/283/285 52/284/286 87/163/287
f 173/285/288 182/286/289 279/287/290
f 304/288/291 287/45/291 173/44/291
f 18/289/292 181/290/293 172/291/294
f 403/292/295 52/284/296 268/293/297
f 86/294/298 184/295/299 188/296/300
f 284/297/301 407/298/302 272/299/303
f 313/300/304 35/301/305 82/302/306
f 424/303/307 98/171/308 39/304/309
f 229/189/310 225/305/311 232/187/312
f 419/306/313 400/307/314 8/308/315
f 550/309/316 141/310/317 22/311/318
f 6/312/319 495/251/320 31/250/321
f 123/313/322 298/314/323 261/315/324
f 300/316/325 168/317/326 13/318/327
f 20/319/328 30/320/329 36/321/330
f 230/322/331 231/323/332 194/324/333
f 196/325/334 237/326/335 30/73/336
f 140/327/337 560/328/337 570/329/337
f 202/330/338 206/331/339 201/241/340
f 565/332/341 194/324/342 231/323/343
f 582/333/344 584/334/345 234/335/346
f 397/336/347 457/282/348 398/337/349
f 223/31/350 592/338/351 591/339/351
f 9/340/352 38/341/353 125/342/354
f 387/343/355 388/344/356 558/7/357
f 223/31/358 10/345/359 458/346/360
f 10/345/361 12/33/362 64/347/363
f 227/348/364 225/349/365 226/350/366
f 6/312/367 527/351/368 306/352/369
f 625/353/370 234/335/371 584/334/372
f 199/354/373 627/355/374 235/356/375
f 227/357/376 609/358/377 611/359/378
f 531/360/379 141/361/380 536/362/381
f 539/363/382 543/364/383 542/365/384
f 595/366/385 215/367/386 218/368/387
f 295/369/388 615/370/389 252/371/390
f 601/372/391 9/373/392 373/374/393
f 357/375/394 45/376/394 332/377/394
f 59/378/395 164/379/396 143/380/397
f 464/381/398 139/382/398 490/383/398
f 537/384/399 5/385/400 437/386/401
f 347/387/402 138/388/402 132/389/402
f 143/390/403 498/391/403 59/392/403
f 362/393/404 4/394/405 335/395/406
f 402/190/407 387/396/408 90/397/408
f 240/398/409 241/399/410 111/400/411
f 178/401/412 47/402/413 197/403/414
f 167/404/415 197/403/416 27/405/417
f 308/406/418 317/407/418 319/408/418
f 33/409/419 128/224/420 29/410/421
f 24/411/422 254/412/423 291/413/424
f 78/414/425 333/68/426 55/102/427
f 437/386/428 5/385/429 123/415/430
f 305/416/431 306/352/432 526/417/433
f 40/418/434 589/419/435 216/420/436
f 217/421/437 12/422/438 214/423/439
f 214/423/440 594/424/441 217/421/442
f 530/425/443 28/426/444 5/427/445
f 330/428/446 416/429/447 331/430/448
f 225/305/449 611/431/450 610/432/451
f 365/88/452 37/433/453 189/434/453
f 469/435/454 470/436/455 48/437/456
f 310/438/457 527/351/458 170/439/459
f 560/328/460 140/327/461 547/440/462
f 182/286/463 173/285/464 20/319/465
f 384/441/466 74/442/467 92/443/468
f 65/444/469 449/445/470 450/446/471
f 37/447/472 4/448/473 17/449/474
f 131/450/475 307/451/476 127/452/477
f 433/453/478 286/454/479 244/455/480
f 222/456/481 379/457/482 41/458/483
f 117/459/484 69/460/485 122/461/486
f 33/462/487 29/463/488 25/464/489
f 549/254/490 582/333/491 553/255/490
f 629/465/492 532/466/493 236/273/494
f 377/127/495 67/467/496 62/128/497
f 395/468/498 119/469/499 393/470/500
f 55/471/501 81/472/502 78/473/503
f 83/474/504 84/1/505 23/175/506
f 14/475/507 77/476/508 310/438/509
f 320/477/510 131/450/510 460/478/510
f 25/91/511 32/38/512 33/409/513
f 624/479/514 578/480/515 579/481/516
f 566/482/517 210/483/518 199/354/519
f 104/484/520 183/271/521 285/485/522
f 223/486/523 462/42/524 220/41/525
f 496/487/526 143/390/526 43/488/526
f 587/489/527 586/490/528 601/491/529
f 608/492/530 609/493/531 224/494/532
f 432/495/533 510/496/534 511/497/535
f 607/498/536 194/499/537 565/500/538
f 343/501/539 111/400/539 105/502/539
f 179/279/540 535/503/541 108/125/542
f 627/355/543 626/504/544 608/492/545
f 106/505/546 2/506/547 70/507/548
f 349/508/549 51/100/550 55/509/551
f 455/510/552 456/511/553 416/512/554
f 157/513/555 64/514/556 41/515/557
f 355/516/558 399/517/559 265/518/560
f 205/519/561 192/520/562 191/521/563
f 617/522/564 139/523/565 142/524/566
f 169/525/567 134/202/568 49/244/569
f 464/526/570 469/527/571 256/528/572
f 569/529/573 198/530/574 205/519/575
f 184/531/576 516/532/577 188/533/577
f 181/290/578 274/534/578 172/291/578
f 107/535/579 324/536/580 105/502/581
f 96/537/582 433/538/582 421/539/582
f 89/540/583 76/541/584 91/542/585
f 17/543/586 313/544/587 312/545/588
f 489/546/589 493/547/589 180/548/589
f 119/469/590 74/442/591 121/147/592
f 44/549/593 324/550/594 54/551/595
f 250/552/596 43/553/597 509/554/598
f 509/554/599 43/553/600 143/555/601
f 449/445/602 147/556/603 56/557/604
f 213/558/605 602/559/606 218/560/607
f 334/561/608 78/414/608 80/562/609
f 472/563/610 260/564/611 473/565/612
f 327/566/613 369/567/614 102/568/615
f 113/569/616 57/570/617 60/571/618
f 426/572/619 100/573/620 104/574/621
f 215/168/622 587/575/623 213/558/624
f 139/523/625 257/195/626 56/557/627
f 443/576/628 372/577/629 447/578/630
f 535/503/631 179/279/632 353/579/633
f 556/580/634 75/581/635 77/582/636
f 65/444/637 66/583/638 64/347/639
f 596/584/640 595/585/641 593/586/642
f 7/90/643 53/92/644 67/587/645
f 603/588/646 604/589/647 606/590/648
f 8/308/649 420/591/650 419/306/651
f 212/592/652 209/593/653 562/594/654
f 210/483/655 228/122/656 212/592/657
f 449/445/658 56/557/659 450/595/660
f 453/596/661 78/148/661 454/597/661
f 316/598/662 86/599/663 276/600/664
f 13/318/665 168/317/666 538/601/667
f 67/602/668 54/603/669 62/604/670
f 422/55/671 99/605/672 93/606/673
f 596/584/674 599/607/675 216/608/676
f 239/609/677 44/107/678 25/610/679
f 144/611/680 114/229/681 61/49/682
f 328/612/683 101/613/684 429/614/685
f 393/470/686 119/469/687 121/147/688
f 242/615/689 399/616/690 418/617/691
f 120/618/692 383/619/693 71/620/694
f 542/365/695 19/621/696 316/622/697
f 27/405/698 128/224/699 237/623/700
f 608/492/701 626/624/702 625/353/703
f 35/159/704 85/161/705 82/625/706
f 35/159/707 24/626/708 83/160/709
f 406/627/710 183/628/710 186/629/710
f 286/454/711 409/630/712 408/631/713
f 411/632/714 407/633/715 284/634/716
f 413/635/717 400/636/718 414/637/719
f 356/60/720 176/59/721 533/638/722
f 212/592/723 163/639/724 209/593/725
f 370/640/726 155/641/727 504/642/728
f 319/643/729 541/644/729 21/645/729
f 73/646/730 109/647/731 118/648/732
f 11/649/733 425/650/733 189/651/733
f 102/568/734 348/652/735 103/653/736
f 506/654/737 505/655/738 507/656/739
f 95/173/740 102/657/741 103/658/742
f 119/469/743 69/460/744 195/659/745
f 285/660/746 434/661/746 104/574/746
f 201/241/747 203/662/748 573/663/749
f 71/620/750 73/664/751 118/665/752
f 42/666/753 274/667/754 273/167/755
f 116/50/756 113/120/757 60/51/758
f 132/668/759 466/669/760 46/670/761
f 5/385/762 129/671/763 123/415/764
f 372/672/765 160/673/765 152/178/765
f 116/50/766 162/203/767 159/674/768
f 241/675/769 107/676/770 105/677/771
f 439/678/772 352/679/773 87/280/774
f 86/599/775 316/680/776 184/531/777
f 401/681/778 301/682/779 412/683/780
f 174/26/781 27/405/782 196/27/783
f 272/684/784 275/685/785 181/290/786
f 353/579/787 112/686/788 455/687/789
f 270/688/790 77/582/791 75/581/792
f 382/689/793 117/459/794 395/468/795
f 174/26/796 267/690/797 269/691/798
f 475/692/799 472/563/800 483/693/801
f 339/694/802 361/61/803 359/695/804
f 258/196/805 469/696/806 110/197/807
f 26/697/808 396/698/809 3/699/810
f 18/700/811 320/701/812 460/702/813
f 27/405/814 197/403/815 124/703/816
f 309/704/817 130/705/818 307/451/819
f 230/706/820 144/707/821 231/708/822
f 342/709/823 458/346/824 10/345/825
f 138/710/826 481/711/826 480/712/826
f 476/713/827 478/714/827 488/715/827
f 479/716/828 487/717/828 486/718/828
f 482/719/829 481/711/829 137/720/829
f 140/327/830 306/352/831 547/440/832
f 477/721/833 124/703/834 467/722/835
f 136/217/836 324/723/837 44/549/838
f 56/557/839 142/524/840 139/523/841
f 163/724/842 499/725/843 613/726/844
f 13/318/845 397/727/845 412/728/845
f 466/669/846 47/729/847 46/670/848
f 376/227/849 154/730/850 68/99/851
f 580/731/852 206/732/853 569/733/854
f 351/734/855 177/735/855 178/736/855
f 59/392/856 497/737/857 57/119/858
f 121/147/859 384/441/860 451/738/861
f 117/86/862 381/739/862 106/84/862
f 444/740/863 448/741/863 58/742/863
f 208/743/864 163/724/865 613/744/866
f 196/27/867 173/285/868 290/25/869
f 504/745/870 151/746/871 154/747/872
f 114/748/873 153/749/874 156/750/875
f 148/238/876 158/246/877 146/239/878
f 249/751/879 36/321/880 247/752/881
f 155/247/882 161/249/883 159/753/884
f 155/641/885 152/754/886 160/755/887
f 140/327/888 570/329/888 495/251/888
f 474/756/889 44/549/890 239/757/891
f 207/758/892 201/759/893 206/760/894
f 229/761/895 583/762/895 550/309/895
f 188/763/896 518/764/897 521/765/898
f 217/421/899 595/585/900 219/766/901
f 512/767/902 515/768/903 517/153/904
f 246/769/905 108/125/906 463/124/907
f 15/151/908 179/279/909 525/770/910
f 511/771/911 519/772/912 512/773/913
f 94/172/914 426/774/915 427/775/916
f 185/776/917 42/666/918 187/166/919
f 48/243/920 470/126/921 108/125/922
f 188/533/923 516/532/923 518/777/923
f 392/778/924 180/779/925 629/780/926
f 245/781/927 180/152/927 525/770/927
f 58/782/928 293/783/929 508/258/930
f 432/784/931 100/785/932 11/786/933
f 23/787/934 404/788/935 267/690/936
f 439/789/937 87/280/938 457/282/939
f 509/554/940 164/790/941 58/782/942
f 106/84/943 381/739/944 329/194/945
f 47/791/946 177/792/947 46/793/948
f 607/498/949 230/794/950 194/499/951
f 182/795/952 20/796/953 36/797/954
f 95/173/955 39/304/956 98/171/957
f 351/734/958 52/284/959 352/283/960
f 169/525/961 181/290/962 18/289/963
f 523/269/964 100/798/965 511/799/966
f 289/800/967 174/26/968 290/25/969
f 86/599/970 85/161/971 276/600/972
f 88/801/973 1/802/974 332/377/975
f 49/244/976 176/59/977 169/525/978
f 14/803/979 171/804/980 34/805/981
f 96/806/982 434/661/983 433/807/984
f 52/808/985 178/13/986 167/15/987
f 185/776/988 316/598/989 19/621/990
f 442/21/991 109/20/992 8/809/993
f 88/164/994 405/810/995 1/811/995
f 259/812/996 124/813/997 477/814/998
f 564/815/999 210/816/1000 562/817/1001
f 39/304/1002 425/650/1002 424/303/1002
f 425/650/1003 100/573/1004 426/572/1005
f 195/659/1006 559/8/1007 557/818/1008
f 298/819/1009 129/671/1010 546/64/1011
f 229/761/1012 226/820/1013 225/821/1014
f 232/187/1015 584/334/1016 583/188/1017
f 598/822/1018 131/823/1019 127/824/1020
f 322/825/1021 18/826/1022 172/827/1023
f 270/828/1024 310/829/1025 77/830/1026
f 514/831/1027 183/271/1028 522/270/1029
f 367/832/1030 51/100/1031 349/508/1032
f 261/833/1033 294/834/1034 240/398/1035
f 20/319/1036 196/27/1037 30/320/1038
f 237/326/1039 126/835/1040 30/73/1041
f 196/27/1042 27/405/1043 237/623/1044
f 571/836/1045 201/837/1045 573/838/1045
f 540/839/1046 21/840/1047 539/841/1048
f 577/842/1049 575/843/1050 563/844/1051
f 325/845/1052 243/846/1053 417/847/1054
f 202/330/1055 198/848/1056 206/331/1057
f 85/174/1058 288/176/1059 303/849/1060
f 231/323/1061 61/49/1062 228/122/1063
f 615/850/1064 190/851/1065 250/852/1066
f 38/853/1067 590/854/1068 40/418/1068
f 118/855/1069 120/145/1070 71/856/1071
f 218/368/1072 215/367/1073 213/857/1074
f 266/58/1075 181/290/1076 169/525/1077
f 514/831/1078 186/165/1079 166/858/1080
f 133/198/1081 134/202/1082 50/199/1083
f 450/859/1084 110/860/1085 50/861/1086
f 40/418/1087 127/862/1088 130/863/1089
f 167/864/1090 268/293/1091 52/284/1092
f 353/579/1093 179/279/1094 112/686/1095
f 9/373/1096 586/490/1097 38/865/1098
f 332/377/1099 1/866/1099 291/867/1099
f 317/407/1100 263/868/1101 281/869/1102
f 193/870/1103 573/871/1104 203/872/1105
f 421/873/1106 423/874/1106 96/875/1106
f 358/876/1107 340/877/1108 359/695/1109
f 226/878/1110 491/879/1111 490/880/1112
f 10/345/1113 223/31/1114 12/33/1115
f 189/434/1116 312/881/1117 544/181/1118
f 145/882/1119 146/239/1120 144/611/1121
f 402/190/1122 90/397/1123 2/506/1124
f 3/883/1125 441/884/1126 442/21/1127
f 611/885/1128 225/349/1129 227/348/1130
f 297/886/1131 299/887/1132 545/888/1133
f 441/889/1134 3/890/1135 396/891/1136
f 330/892/1137 331/893/1138 369/894/1139
f 211/895/1140 580/896/1140 581/897/1140
f 618/898/1141 617/522/1142 142/524/1143
f 446/118/1144 160/755/1145 443/899/1146
f 200/900/1147 613/901/1148 552/902/1149
f 60/51/1150 502/123/1151 61/49/1152
f 171/903/1153 16/904/1154 34/905/1155
f 494/906/1156 205/519/1157 191/907/1158
f 187/166/1159 514/831/1160 513/185/1161
f 521/908/1162 520/909/1163 511/771/1164
f 195/659/1165 557/818/1166 92/443/1167
f 222/910/1168 64/514/1169 12/422/1170
f 40/418/1171 125/911/1172 38/853/1173
f 301/912/1174 401/913/1175 386/914/1176
f 384/441/1177 89/915/1178 91/916/1179
f 621/917/1180 619/918/1181 234/335/1182
f 529/919/1183 175/77/1184 42/666/1185
f 386/920/1186 34/921/1187 16/922/1188
f 159/674/1189 151/205/1190 155/641/1191
f 563/923/1192 575/924/1193 578/925/1194
f 223/31/1195 591/339/1196 214/32/1197
f 105/502/1198 324/926/1199 343/501/1200
f 191/927/1201 129/671/1202 28/928/1203
f 148/238/1204 157/929/1205 158/246/1206
f 335/930/1207 4/62/1207 37/71/1207
f 262/931/1208 135/5/1209 261/932/1210
f 94/94/1211 99/933/1212 95/934/1213
f 157/929/1214 505/935/1215 506/654/1216
f 250/936/1217 251/937/1217 252/938/1217
f 253/939/1218 254/940/1219 255/941/1220
f 263/942/1221 264/943/1221 320/944/1221
f 267/945/1222 268/946/1222 269/947/1222
f 273/948/1223 274/949/1224 275/950/1225
f 277/951/1226 278/952/1227 279/953/1228
f 280/954/1229 281/955/1229 282/956/1229
f 287/957/1230 289/958/1231 290/959/1232
f 297/960/1233 298/961/1234 299/962/1235
f 4/963/1236 302/964/1237 255/965/1238
f 303/966/1239 304/967/1239 278/968/1239
f 308/969/1240 309/970/1241 307/971/1240
f 312/972/1242 314/973/1243 86/974/1244
f 317/975/1245 318/976/1246 319/977/1247
f 321/978/1248 322/979/1248 323/980/1248
f 326/981/1249 328/982/1250 325/983/1251
f 337/984/1252 338/985/1253 336/986/1254
f 361/987/1255 340/988/1256 253/989/1257
f 343/990/1258 345/991/1259 347/992/1260
f 348/993/1261 349/994/1262 350/995/1263
f 367/996/1264 368/997/1264 369/998/1264
f 370/999/1265 371/1000/1266 372/1001/1266
f 396/1002/1267 397/1003/1267 398/1004/1267
f 403/1005/1268 404/1006/1268 405/1007/1268
f 408/1008/1269 409/1009/1270 183/1010/1271
f 412/1011/1272 413/1012/1273 414/1013/1274
f 421/1014/1275 422/1015/1275 423/1016/1275
f 443/1017/1276 445/1018/1277 446/1019/1278
f 451/1020/1279 453/1021/1280 454/1022/1281
f 477/1023/1282 478/1024/1283 476/1025/1284
f 479/1026/1285 482/1027/1286 483/1028/1287
f 486/1029/1288 487/1030/1289 488/1031/1290
f 490/1032/1291 491/1033/1292 492/1034/1293
f 500/1035/1294 501/1036/1294 502/1037/1294
f 521/1038/1295 510/1039/1296 431/1040/1297
f 518/1041/1298 520/1042/1299 521/1041/1300
f 541/1043/1301 542/1044/1301 543/1045/1301
f 554/1046/1302 555/1047/1303 553/1048/1304
f 560/1049/1305 561/1050/1306 581/1051/1307
f 568/1052/1308 569/1053/1309 570/1054/1310
f 388/344/1311 389/1055/1312 558/1056/1313
f 585/1057/1314 586/1058/1315 587/1059/1316
f 588/1060/1317 589/1061/1317 590/1062/1317
f 597/1063/1318 599/1064/1319 596/1065/1320
f 604/1066/1321 605/1067/1322 606/1068/1323
f 616/1069/1324 617/1070/1325 618/1071/1326
f 582/1072/1327 620/1073/1328 619/1074/1329
f 234/1075/1330 623/1076/1331 622/1077/1332
f 417/1078/1333 242/1079/1334 418/1080/1335
f 335/1081/1336 364/1082/1337 363/1083/1338
f 336/1084/1339 358/1085/1340 337/1086/1341
f 259/812/1342 477/814/1343 476/1087/1344
f 612/1088/1345 552/1089/1346 613/1090/1347
f 422/1015/1348 428/1091/1349 429/1092/1350
f 410/1093/1351 242/1094/1352 411/1095/1353
f 600/1096/1354 373/1097/1355 375/1098/1356
f 281/1099/1357 318/1100/1358 317/1101/1359
f 362/1102/1360 359/1103/1361 361/1104/1362
f 311/1105/1363 544/1106/1364 312/1107/1365
f 463/1108/1366 490/1109/1367 489/1110/1368
f 377/1111/1369 370/999/1370 503/1112/1371
f 406/1113/1372 272/299/1373 407/298/1374
f 585/1057/1375 588/1114/1376 586/1058/1377
f 286/1115/1378 435/1116/1379 285/1117/1380
f 544/1106/1381 431/1118/1382 430/1119/1382
f 394/1120/1383 393/1121/1384 51/1122/1385
f 256/1123/1386 469/1124/1387 258/1125/1388
f 471/210/1389 483/693/1389 472/563/1390
f 568/1126/1391 580/1127/1392 569/1128/1393
f 619/1129/1394 553/1048/1394 582/1072/1394
f 508/1130/1395 250/1131/1396 509/1132/1397
f 628/1133/1398 392/1134/1399 629/1135/1400
f 524/1136/1401 245/1137/1402 525/1138/1403
f 622/1139/1404 548/1140/1405 621/1141/1406
f 385/1142/1407 420/1143/1408 386/1144/1409
f 569/1128/1410 495/1145/1411 570/1054/1412
f 574/1146/1413 571/1147/1414 573/1148/1415
f 560/1049/1416 568/1126/1417 570/1054/1418
f 457/1149/1419 441/1150/1420 398/1151/1421
f 547/1152/1422 305/1153/1423 548/1140/1424
f 240/1154/1425 293/1155/1426 241/1156/1427
f 4/963/1428 253/1157/1429 302/964/1430
f 538/1158/1431 437/1159/1432 438/1160/1433
f 579/1161/1434 575/1162/1435 576/1163/1436
f 442/21/1437 357/375/1438 336/19/1439
f 528/1164/1440 541/1043/1441 529/1165/1442
f 551/1166/1443 496/1167/1444 552/1168/1445
f 611/1169/1446 608/1170/1447 610/1171/1448
f 532/1172/1449 536/1173/1450 236/1174/1451
f 627/1175/1452 624/1176/1453 625/1177/1454
f 254/1178/1455 292/1179/1456 291/1180/1457
f 310/829/1458 270/828/1459 271/1181/1460
f 284/1182/1461 410/1093/1462 411/1183/1463
f 535/1184/1464 354/1185/1465 533/1186/1466
f 485/1187/1467 343/1188/1468 324/1189/1469
f 447/1190/1470 444/1191/1471 443/1192/1472
f 556/1193/1473 559/1194/1474 558/1195/1475
f 593/1196/1476 595/1197/1477 594/1198/1478
f 600/1199/1479 602/1200/1480 601/1201/1481
f 307/1202/1482 263/942/1483 308/1203/1484
f 417/1078/1485 326/981/1486 325/1204/1487
f 315/1205/1488 539/1206/1489 316/1207/1490
f 371/1208/1491 447/1190/1492 372/1209/1493
f 413/1210/1494 397/1211/1495 396/1003/1496
f 545/1212/1497 614/1213/1498 615/1214/1499
f 385/1215/1500 401/1216/1501 400/1217/1502
f 355/1218/1503 266/1219/1504 356/1220/1505
f 486/1029/1506 467/1221/1507 466/1222/1508
f 499/1223/1509 500/1224/1510 57/1225/1511
f 368/1226/1512 349/994/1513 348/1227/1514
f 474/1228/1515 238/1229/1516 475/692/1517
f 404/1230/1518 268/1231/1519 267/945/1520
f 563/1232/1521 209/1233/1522 577/1234/1523
f 334/1235/1524 335/1081/1525 333/1236/1526
f 594/1198/1527 596/1237/1528 593/1196/1529
f 612/1088/1530 499/1238/1531 57/1225/1532
f 452/1239/1533 384/1240/1534 383/1241/1535
f 347/4/1536 132/668/1537 135/5/1538
f 80/562/1539 79/1242/1540 360/1243/1541
f 79/1242/1542 338/1244/1543 337/1245/1544
f 360/1243/1545 79/1242/1546 337/1245/1547
f 90/9/1548 387/1246/1548 558/7/1548
f 244/455/1549 411/1247/1550 242/615/1551
f 448/10/1552 62/131/1553 54/11/1554
f 461/1248/1555 131/823/1555 221/1249/1555
f 154/1250/1556 150/1251/1557 68/18/1558
f 150/1251/1559 375/16/1560 68/18/1561
f 336/19/1562 338/1252/1563 109/20/1564
f 362/22/1565 335/1253/1566 334/23/1567
f 591/28/1568 592/1254/1568 220/29/1568
f 473/565/1569 259/812/1570 476/1087/1571
f 183/1255/1572 409/34/1573 285/36/1574
f 33/409/1575 32/38/1576 9/37/1577
f 32/38/1578 374/1256/1579 373/39/1580
f 529/1257/1581 541/644/1581 318/1258/1581
f 180/152/1582 15/151/1582 525/770/1582
f 200/46/1583 552/1259/1584 193/47/1583
f 61/49/1585 114/229/1586 116/50/1587
f 180/779/1588 493/1260/1589 532/53/1590
f 493/1260/1591 492/54/1591 532/53/1592
f 492/54/1593 22/1261/1594 531/52/1595
f 93/606/1596 97/56/1597 422/55/1598
f 97/56/1599 96/806/1600 423/57/1601
f 266/58/1602 169/525/1603 176/59/1604
f 244/455/1605 286/454/1606 411/632/1607
f 402/190/1608 2/506/1609 456/191/1608
f 375/1262/1610 150/1263/1611 380/1264/1612
f 150/1263/1613 507/1265/1614 380/1264/1615
f 202/330/1616 572/65/1617 546/64/1618
f 363/67/1619 55/509/1620 333/68/1621
f 30/73/1622 126/835/1623 465/74/1624
f 280/78/1625 282/1266/1626 323/76/1627
f 529/919/1628 280/78/1629 175/77/1630
f 282/1266/1631 321/1267/1632 323/76/1633
f 145/79/1634 230/1268/1635 616/80/1636
f 594/82/1637 591/28/1638 221/30/1639
f 39/89/1640 103/653/1641 366/87/1642
f 103/653/1643 348/652/1644 350/1269/1645
f 366/87/1646 103/653/1647 350/1269/1648
f 424/93/1649 426/1270/1650 94/94/1651
f 341/1271/1652 64/347/1652 66/583/1652
f 331/1272/1653 381/1273/1654 394/1274/1655
f 381/1273/1656 395/1275/1657 394/1274/1658
f 137/105/1659 345/1276/1660 344/103/1661
f 452/110/1662 120/145/1663 80/111/1664
f 86/599/1665 314/1277/1666 82/625/1667
f 59/378/1668 115/117/1669 445/116/1670
f 115/117/1671 161/1278/1672 446/118/1673
f 163/639/1674 228/122/1675 501/121/1676
f 228/122/1677 61/49/1678 502/123/1679
f 469/527/1680 463/124/1681 470/126/1682
f 341/139/1683 342/1279/1684 10/140/1685
f 451/142/1686 454/1280/1687 78/143/1688
f 554/1281/1689 619/918/1690 621/917/1691
f 389/150/1692 388/1282/1692 15/151/1692
f 185/155/1693 165/1283/1694 517/153/1695
f 404/788/1696 84/157/1697 405/156/1698
f 84/157/1699 291/1284/1700 1/158/1701
f 188/296/1702 431/1285/1703 86/294/1704
f 431/1285/1705 311/1286/1706 86/294/1707
f 332/162/1708 45/1287/1709 87/163/1710
f 187/166/1711 42/666/1712 273/167/1713
f 215/168/1714 216/608/1715 589/169/1716
f 83/474/1717 23/175/1718 85/174/1719
f 23/175/1720 289/1288/1721 288/176/1722
f 11/180/1723 189/434/1724 544/181/1725
f 500/1289/1726 60/51/1727 57/119/1728
f 455/192/1729 112/1290/1730 402/190/1731
f 126/835/1732 33/462/1733 465/74/1734
f 331/430/1735 415/1291/1736 329/194/1737
f 415/1291/1738 456/193/1739 329/194/1740
f 110/197/1741 450/595/1742 257/195/1743
f 450/595/1744 56/557/1745 257/195/1746
f 341/1292/1747 66/1293/1748 342/1294/1749
f 66/1293/1750 65/1295/1751 342/1294/1752
f 468/1296/1753 197/403/1754 47/402/1755
f 162/203/1756 114/229/1757 156/204/1758
f 248/1297/1759 125/1298/1760 130/1299/1761
f 320/1300/1762 321/1301/1763 263/1302/1764
f 321/1301/1765 282/1303/1766 281/1304/1767
f 263/1302/1768 321/1301/1769 281/1304/1770
f 346/206/1771 345/1305/1771 137/207/1771
f 487/209/1772 479/1306/1772 471/210/1772
f 475/214/1773 483/1307/1773 136/212/1773
f 482/1308/1774 484/216/1775 483/215/1776
f 132/668/1777 138/710/1777 486/718/1777
f 349/220/1778 55/1309/1779 363/218/1780
f 363/218/1781 366/1310/1781 350/219/1781
f 260/226/1782 29/410/1783 128/224/1784
f 128/224/1785 124/703/1786 259/225/1787
f 68/99/1788 7/90/1789 376/227/1790
f 7/90/1791 67/587/1792 377/228/1793
f 496/231/1794 43/1311/1795 193/232/1796
f 551/234/1797 612/1312/1798 57/119/1799
f 572/65/1800 202/330/1801 201/241/1802
f 48/243/1803 176/59/1804 49/244/1805
f 494/252/1806 191/1313/1807 31/250/1808
f 191/1313/1809 28/426/1810 31/250/1811
f 235/356/1812 224/494/1813 567/1314/1814
f 555/1315/1815 141/1316/1816 553/255/1815
f 141/1316/1817 550/253/1818 553/255/1819
f 296/256/1820 295/369/1820 251/257/1820
f 72/260/1821 14/475/1822 34/261/1823
f 511/265/1824 512/767/1825 522/263/1826
f 390/272/1827 628/1317/1828 236/273/1829
f 141/275/1830 305/416/1831 526/276/1832
f 108/125/1833 246/769/1834 524/278/1835
f 87/280/1836 45/1318/1837 436/281/1838
f 52/284/1839 88/164/1840 87/163/1841
f 278/1319/1842 304/1320/1843 279/287/1844
f 304/1320/1845 173/285/1846 279/287/1847
f 403/292/1848 88/164/1849 52/284/1850
f 82/302/1851 314/1321/1852 313/300/1853
f 313/300/1854 17/1322/1855 35/301/1856
f 141/310/1857 555/1323/1858 548/1324/1859
f 548/1324/1860 305/1325/1861 141/310/1862
f 419/306/1863 385/1326/1864 400/307/1865
f 229/761/1866 550/309/1867 22/311/1868
f 140/327/1869 495/251/1870 6/312/1871
f 123/313/1872 129/1327/1873 298/314/1874
f 300/316/1875 530/1328/1876 168/317/1877
f 614/1329/1878 572/1330/1879 190/851/1880
f 572/1330/1881 574/1331/1882 190/851/1883
f 210/483/1884 566/482/1885 231/323/1886
f 566/482/1887 565/332/1888 231/323/1889
f 234/335/1890 620/1332/1891 582/333/1892
f 13/1333/1893 440/1334/1894 397/336/1895
f 440/1334/1896 439/789/1897 397/336/1898
f 439/789/1899 457/282/1900 397/336/1901
f 40/1335/1902 216/1336/1903 598/822/1904
f 216/1336/1905 599/1337/1906 598/822/1907
f 223/31/1908 220/1338/1908 592/338/1908
f 462/1339/1909 223/31/1910 458/346/1911
f 277/1340/1912 85/161/1912 303/1341/1913
f 303/1341/1914 278/1319/1915 277/1340/1916
f 431/1040/1917 510/1039/1917 432/1342/1917
f 170/439/1918 527/351/1919 6/312/1920
f 625/353/1921 624/1343/1922 234/335/1923
f 531/360/1924 22/1344/1925 141/361/1926
f 542/365/1927 316/1345/1928 539/363/1929
f 539/363/1930 21/645/1931 543/364/1932
f 252/371/1933 251/257/1933 295/369/1933
f 601/372/1934 586/490/1935 9/373/1936
f 59/378/1937 58/1346/1938 164/379/1939
f 332/377/1940 292/1347/1941 358/1348/1942
f 537/384/1943 168/317/1944 5/385/1945
f 347/387/1946 346/1349/1946 138/388/1946
f 105/502/1947 111/400/1948 241/399/1949
f 111/400/1950 262/1350/1951 240/398/1952
f 262/1350/1953 261/833/1954 240/398/1955
f 21/1351/1956 309/1352/1956 319/408/1956
f 309/1352/1957 308/406/1957 319/408/1957
f 33/409/1958 126/1353/1959 128/224/1960
f 24/411/1961 35/1354/1962 254/412/1963
f 135/5/1964 438/1355/1965 123/415/1966
f 438/1355/1967 437/386/1968 123/415/1969
f 624/1356/1970 627/355/1971 564/1357/1972
f 627/355/1973 199/354/1974 564/1357/1975
f 527/351/1976 526/417/1977 306/352/1978
f 40/418/1979 590/854/1979 589/419/1979
f 217/421/1980 222/910/1981 12/422/1982
f 214/423/1983 591/1358/1984 594/424/1985
f 168/1359/1986 530/1360/1987 5/427/1988
f 530/1361/1989 301/1362/1990 171/1363/1991 31/1364/1992
f 236/1365/1993 527/1366/1994 271/1181/1995
f 330/428/1996 326/1367/1997 416/429/1998
f 326/1367/1999 418/1368/2000 416/429/2001
f 416/429/2002 415/1291/2003 331/430/2004
f 233/1369/2005 232/187/2006 610/432/2007
f 232/187/2008 225/305/2009 610/432/2010
f 365/88/2011 364/1370/2012 37/433/2013
f 133/1371/2014 110/860/2015 48/437/2016
f 110/860/2017 469/435/2018 48/437/2019
f 14/1372/2020 310/438/2021 170/439/2022
f 622/1373/2023 560/328/2024 547/440/2025
f 301/1362/2026 16/922/2027 171/903/2028
f 170/1374/2029 6/1375/2030 31/1364/2031
f 131/450/2032 264/1376/2033 307/451/2034
f 150/1377/2035 151/746/2036 507/1378/2037
f 151/746/2038 156/750/2039 507/1378/2040
f 243/846/2041 421/873/2042 244/455/2043
f 421/873/2044 433/453/2045 244/455/2046
f 222/456/2047 605/1379/2048 379/457/2049
f 117/459/2050 70/1380/2051 69/460/2052
f 45/376/2053 357/375/2054 436/1381/2055
f 357/375/2056 441/884/2057 436/1381/2058
f 33/409/2059 9/37/2060 465/97/2061
f 9/37/2062 125/98/2063 465/97/2064
f 529/1382/2065 318/1100/2066 280/1383/2067
f 628/1317/2068 629/465/2069 236/273/2070
f 395/468/2071 122/461/2072 119/469/2073
f 83/474/2074 24/2/2075 84/1/2076
f 72/260/2077 77/476/2078 14/475/2079
f 25/91/2080 7/90/2081 32/38/2082
f 579/481/2083 211/1384/2084 624/479/2085
f 211/1384/2086 623/1385/2087 624/479/2088
f 235/356/2089 567/1314/2090 199/354/2091
f 567/1314/2092 566/482/2093 199/354/2094
f 104/484/2095 523/269/2096 183/271/2097
f 496/487/2098 498/391/2098 143/390/2098
f 601/491/2099 213/1386/2100 587/489/2101
f 209/593/2102 208/1387/2103 577/1388/2104
f 208/1387/2105 576/1389/2106 577/1388/2107
f 576/1389/2108 575/1390/2109 577/1388/2110
f 343/501/2111 347/1391/2112 111/400/2113
f 459/1392/2114 342/1393/2115 134/202/2116
f 608/492/2117 224/494/2118 627/355/2119
f 224/494/2120 235/356/2121 627/355/2122
f 253/1394/2123 255/1395/2123 302/1396/2123
f 157/513/2124 149/1397/2125 64/514/2126
f 204/1398/2127 207/1399/2128 579/481/2129
f 207/1399/2130 211/1384/2131 579/481/2132
f 418/1400/2133 399/517/2134 355/516/2135
f 205/519/2136 198/530/2137 192/520/2138
f 617/522/2139 227/1401/2140 139/523/2141
f 416/429/2142 418/1402/2143 354/1403/2144
f 418/1402/2145 355/1404/2146 354/1403/2147
f 355/1404/2148 356/60/2149 354/1403/2150
f 464/526/2151 463/124/2152 469/527/2153
f 569/529/2154 206/760/2155 198/530/2156
f 184/531/2157 517/1405/2158 516/532/2159
f 181/290/2160 275/685/2160 274/534/2160
f 107/535/2161 54/551/2162 324/536/2163
f 89/540/2164 72/1406/2165 76/541/2166
f 63/136/2167 148/138/2168 449/445/2169
f 148/138/2170 147/556/2171 449/445/2172
f 312/545/2173 37/71/2174 17/543/2175
f 180/548/2176 245/1407/2176 489/546/2176
f 245/1407/2177 246/1408/2178 489/546/2179
f 119/469/2180 195/659/2181 74/442/2182
f 399/1409/2183 410/1410/2184 265/1411/2185
f 410/1410/2186 283/1412/2187 265/1411/2188
f 164/790/2189 509/554/2190 143/555/2191
f 147/556/2192 145/1413/2193 56/557/2194
f 213/558/2195 601/1414/2196 602/559/2197
f 334/561/2198 333/68/2198 78/414/2198
f 472/563/2199 475/692/2200 260/564/2201
f 475/692/2202 238/1229/2203 260/564/2204
f 260/564/2205 259/812/2206 473/565/2207
f 368/1415/2208 102/568/2209 369/567/2210
f 102/568/2211 101/1416/2212 327/566/2213
f 101/1416/2214 328/1417/2215 327/566/2216
f 97/56/2217 427/775/2218 104/574/2219
f 427/775/2220 426/572/2221 104/574/2222
f 215/168/2223 585/170/2224 587/575/2224
f 139/523/2225 258/1418/2226 257/195/2227
f 443/576/2228 160/673/2229 372/577/2230
f 507/1419/2231 505/1420/2232 378/1421/2233
f 77/582/2234 92/1422/2235 556/580/2236
f 92/1422/2237 557/1423/2238 556/580/2239
f 219/766/2240 218/560/2241 606/590/2242
f 218/560/2243 602/559/2244 606/590/2245
f 602/559/2246 603/588/2247 606/590/2248
f 79/1424/2249 118/1425/2250 338/1244/2251
f 118/1425/2252 109/1426/2253 338/1244/2254
f 8/308/2255 73/1427/2256 420/591/2257
f 548/1428/2258 554/1281/2259 621/917/2260
f 210/483/2261 231/323/2262 228/122/2263
f 453/596/2264 80/1429/2264 78/148/2264
f 168/317/2265 537/384/2266 538/601/2267
f 538/601/2268 439/1430/2269 13/318/2270
f 439/1430/2271 440/1431/2272 13/318/2273
f 2/1432/2274 106/84/2275 456/193/2276
f 67/602/2277 53/1433/2278 54/603/2279
f 422/55/2280 429/1434/2281 99/605/2282
f 216/608/2283 215/168/2284 596/584/2285
f 596/584/2286 215/168/2287 595/585/2288
f 264/1376/2289 131/450/2289 320/477/2289
f 144/611/2290 146/239/2291 114/229/2292
f 421/539/2293 325/1435/2294 428/1436/2295
f 325/1435/2296 328/612/2297 429/614/2298
f 428/1436/2299 325/1435/2300 429/614/2301
f 81/149/2302 393/470/2303 121/147/2304
f 120/618/2305 452/1437/2306 383/619/2307
f 542/365/2308 528/1438/2309 19/621/2310
f 74/442/2311 195/659/2312 92/443/2313
f 27/405/2314 124/703/2315 128/224/2316
f 76/541/2317 386/1144/2318 420/1143/2319
f 556/1439/2320 391/1440/2321 75/1441/2322
f 391/1440/2323 390/1442/2324 75/1441/2325
f 408/631/2326 411/632/2327 286/454/2328
f 221/40/2329 598/1443/2330 597/1444/2331
f 411/632/2332 408/631/2333 407/633/2334
f 413/635/2335 26/1445/2336 400/636/2337
f 26/1445/2338 8/1446/2339 400/636/2340
f 400/636/2341 401/681/2342 414/637/2343
f 176/59/2344 48/243/2345 534/1447/2346
f 534/1447/2347 533/638/2348 176/59/2349
f 212/592/2350 228/122/2351 163/639/2352
f 370/640/2353 152/754/2353 155/641/2353
f 318/1258/2354 541/644/2354 319/643/2354
f 541/644/2355 543/364/2355 21/645/2355
f 102/657/2356 99/605/2357 101/1448/2358
f 99/605/2359 429/1434/2360 101/1448/2361
f 73/646/2362 8/1449/2363 109/647/2364
f 102/568/2365 368/1415/2366 348/652/2367
f 156/204/2368 153/245/2369 507/656/2370
f 153/245/2371 506/654/2372 507/656/2373
f 95/173/2374 99/605/2375 102/657/2376
f 119/469/2377 122/461/2378 69/460/2379
f 192/1450/2380 198/848/2381 546/64/2382
f 198/848/2383 202/330/2384 546/64/2385
f 285/660/2386 435/1451/2387 434/661/2388
f 365/88/2389 189/1452/2390 39/89/2391
f 92/1453/2392 77/476/2393 72/260/2394
f 204/1454/2395 203/662/2396 201/241/2397
f 336/1455/2398 332/1456/2399 358/1457/2400
f 42/666/2401 175/77/2402 274/667/2403
f 175/77/2404 172/1458/2405 274/667/2406
f 116/50/2407 159/674/2408 113/120/2409
f 249/1459/2410 309/970/2410 21/840/2410
f 533/638/2411 354/1403/2412 356/60/2413
f 132/668/2414 486/718/2415 466/669/2416
f 5/385/2417 28/928/2418 129/671/2419
f 241/675/2420 293/1460/2421 107/676/2422
f 460/478/2423 131/450/2424 461/1461/2425
f 300/1462/2426 13/1463/2427 301/682/2428
f 13/1463/2429 412/683/2430 301/682/2431
f 412/683/2432 414/1464/2433 401/681/2434
f 174/26/2435 167/404/2436 27/405/2437
f 181/290/2438 266/58/2439 272/684/2440
f 266/58/2441 265/1411/2442 283/1412/2443
f 272/684/2444 266/58/2445 284/1465/2446
f 283/1412/2447 284/1465/2448 266/58/2449
f 455/687/2450 416/429/2451 353/579/2452
f 416/429/2453 354/1403/2454 353/579/2455
f 236/273/2456 271/1466/2457 75/581/2458
f 271/1466/2459 270/688/2460 75/581/2461
f 122/461/2462 395/468/2463 117/459/2464
f 382/689/2465 395/468/2466 381/1467/2467
f 269/691/2468 167/404/2469 174/26/2470
f 174/26/2471 23/787/2472 267/690/2473
f 378/1421/2474 604/589/2475 380/1264/2476
f 380/1264/2477 604/589/2478 603/588/2479
f 419/1468/2480 420/1143/2481 385/1142/2482
f 26/697/2483 413/1469/2484 396/698/2485
f 18/700/2486 322/1470/2487 320/701/2488
f 180/1471/2489 392/1472/2489 389/1055/2490
f 607/1473/2491 224/1474/2492 227/357/2493
f 224/1474/2494 609/358/2495 227/357/2496
f 309/704/2497 249/1475/2498 248/1476/2499
f 248/1476/2500 130/705/2501 309/704/2502
f 130/705/2503 127/452/2504 307/451/2505
f 230/706/2506 145/1477/2507 144/707/2508
f 138/710/2509 137/720/2509 481/711/2509
f 478/714/2510 477/721/2511 488/715/2512
f 488/715/2513 471/1478/2513 476/713/2513
f 471/1478/2514 473/1479/2514 476/713/2514
f 486/718/2515 138/710/2515 479/716/2515
f 138/710/2516 480/712/2516 479/716/2516
f 137/720/2517 485/1480/2518 482/719/2517
f 485/1480/2519 484/1481/2520 482/719/2521
f 140/327/2522 6/312/2523 306/352/2524
f 197/403/2525 468/1296/2526 124/703/2527
f 468/1296/2528 467/722/2529 124/703/2530
f 229/189/2531 22/1261/2532 492/54/2533
f 136/217/2534 484/216/2535 324/723/2536
f 163/724/2537 501/1482/2538 499/725/2539
f 466/669/2540 468/1483/2541 47/729/2542
f 580/731/2543 207/1399/2544 206/732/2545
f 351/734/2546 352/1484/2546 177/735/2546
f 59/392/2547 498/391/2548 497/737/2549
f 121/147/2550 74/442/2551 384/441/2552
f 117/86/2553 382/1485/2553 381/739/2553
f 559/8/2554 69/460/2555 70/1380/2556
f 70/1380/2557 90/9/2558 559/8/2559
f 208/743/2560 209/1486/2561 163/724/2562
f 196/27/2563 20/319/2564 173/285/2565
f 504/745/2566 155/247/2567 151/746/2568
f 114/748/2569 146/1487/2570 153/749/2571
f 21/645/2572 36/321/2573 249/751/2574
f 36/321/2575 30/320/2576 247/752/2577
f 474/756/2578 136/217/2579 44/549/2580
f 207/758/2581 204/1488/2582 201/759/2583
f 521/765/2584 431/1489/2585 188/763/2586
f 217/421/2587 594/424/2588 595/585/2589
f 165/1283/2590 512/767/2591 517/153/2592
f 489/1490/2593 246/769/2594 463/124/2595
f 112/686/2596 179/279/2597 15/151/2598
f 179/279/2599 524/278/2600 525/770/2601
f 511/771/2602 520/909/2602 519/772/2602
f 427/775/2603 97/56/2604 93/606/2605
f 93/606/2606 94/172/2607 427/775/2608
f 185/776/2609 19/621/2610 42/666/2611
f 108/125/2612 535/503/2613 48/243/2614
f 535/503/2615 534/1447/2616 48/243/2617
f 389/1055/2618 392/1472/2619 558/1056/2620
f 392/1472/2621 391/1491/2621 558/1056/2622
f 391/1491/2623 556/1492/2624 558/1056/2625
f 296/256/2626 508/258/2627 293/783/2628
f 508/258/2629 509/554/2630 58/782/2631
f 58/782/2632 107/12/2633 293/783/2634
f 11/786/2635 430/1493/2636 432/784/2637
f 432/784/2638 511/1494/2639 100/785/2640
f 23/787/2641 84/157/2642 404/788/2643
f 47/791/2644 178/1495/2645 177/792/2646
f 177/735/2647 352/1484/2648 538/601/2649
f 352/1484/2650 439/1430/2651 538/601/2652
f 607/498/2653 616/1496/2654 230/794/2655
f 540/839/2656 182/795/2657 36/797/2658
f 180/1497/2659 532/1498/2660 629/1499/2661
f 95/173/2662 103/658/2663 39/304/2664
f 380/1264/2665 603/588/2666 375/1262/2667
f 603/588/2668 600/1500/2669 375/1262/2670
f 540/135/2671 276/134/2672 182/286/2673
f 276/134/2674 279/287/2675 182/286/2676
f 351/734/2677 178/736/2678 52/284/2679
f 523/269/2680 104/484/2681 100/798/2682
f 23/787/2683 174/26/2684 289/800/2685
f 82/625/2686 85/161/2687 86/599/2688
f 85/161/2689 277/1340/2690 276/600/2691
f 96/806/2692 97/56/2693 434/661/2694
f 97/56/2695 104/574/2696 434/661/2697
f 185/776/2698 184/531/2699 316/598/2700
f 73/1501/2701 71/1502/2702 91/542/2703
f 595/585/2704 218/560/2705 219/766/2706
f 26/1503/2707 442/21/2708 8/809/2709
f 88/164/2710 403/292/2711 405/810/2711
f 199/1504/2712 210/816/2713 564/815/2714
f 210/816/2715 212/1505/2716 562/817/2717
f 39/304/2718 189/651/2718 425/650/2718
f 425/650/2719 11/649/2720 100/573/2721
f 195/659/2722 69/460/2723 559/8/2724
f 192/1450/2725 546/64/2726 129/671/2727
f 546/64/2728 545/888/2729 298/819/2730
f 545/888/2731 299/887/2732 298/819/2733
f 43/1506/2734 190/1507/2735 193/47/2736
f 190/1507/2737 574/1331/2738 193/47/2739
f 233/1369/2740 584/334/2741 232/187/2742
f 598/822/2743 221/1249/2744 131/823/2745
f 175/1508/2746 323/1509/2747 172/827/2748
f 323/1509/2749 322/825/2750 172/827/2751
f 514/831/2752 166/858/2753 183/271/2754
f 623/1385/2755 211/1384/2756 560/328/2757
f 211/1384/2758 561/1510/2759 560/328/2760
f 560/328/2761 622/1373/2762 623/1385/2763
f 367/832/2764 394/1274/2765 51/100/2766
f 261/833/2767 297/1511/2768 294/834/2769
f 237/326/2770 128/1512/2771 126/835/2772
f 334/1513/2773 80/1514/2774 360/1515/2775
f 540/839/2776 36/797/2777 21/840/2778
f 325/845/2779 421/873/2780 243/846/2781
f 588/1516/2782 38/853/2783 586/1517/2784
f 154/1250/2785 376/1518/2786 504/1519/2787
f 376/1518/2788 503/1520/2788 504/1519/2788
f 231/323/2789 144/611/2790 61/49/2791
f 43/1521/2792 250/852/2793 190/851/2794
f 250/852/2795 252/1522/2796 615/850/2797
f 615/850/2798 614/1329/2799 190/851/2800
f 38/853/2801 588/1516/2802 590/854/2803
f 118/855/2804 79/146/2805 120/145/2806
f 514/831/2807 187/166/2808 186/165/2809
f 133/198/2810 49/244/2811 134/202/2812
f 65/1295/2813 450/859/2814 50/861/2815
f 40/418/2816 598/1443/2817 127/862/2818
f 167/864/2819 269/1523/2819 268/293/2819
f 317/407/2820 308/406/2821 263/868/2822
f 193/870/2823 574/1524/2823 573/871/2823
f 339/694/2824 359/695/2825 340/877/2826
f 359/695/2827 360/1243/2828 337/1525/2829
f 358/876/2830 359/695/2831 337/1525/2832
f 139/523/2833 227/1401/2834 490/880/2835
f 227/1401/2836 226/878/2837 490/880/2838
f 222/910/2839 217/421/2840 605/1526/2841
f 461/1527/2842 221/40/2842 462/1528/2842
f 189/434/2843 37/433/2844 312/881/2845
f 145/882/2846 147/240/2847 146/239/2848
f 90/397/2849 70/507/2850 2/506/2851
f 442/21/2852 26/1503/2853 3/883/2854
f 545/888/2855 615/370/2856 297/886/2857
f 615/370/2858 295/369/2859 294/1529/2860
f 297/886/2861 615/370/2862 294/1529/2863
f 398/1530/2864 441/889/2865 396/891/2866
f 394/1531/2867 367/1532/2868 331/893/2869
f 367/1532/2870 369/894/2871 331/893/2872
f 369/894/2873 327/1533/2874 330/892/2875
f 327/1533/2876 326/1534/2877 330/892/2878
f 211/895/2879 207/1535/2880 580/896/2881
f 56/557/2882 145/1413/2883 142/524/2884
f 145/1413/2885 618/898/2886 142/524/2887
f 446/118/2888 161/1278/2888 160/755/2888
f 200/900/2889 208/1387/2890 613/901/2891
f 60/51/2892 500/1289/2892 502/123/2892
f 165/184/2893 185/776/2894 187/166/2895
f 581/1536/2896 561/1510/2896 211/1384/2896
f 292/1347/2897 253/1537/2898 358/1348/2899
f 358/1348/2900 253/1537/2901 340/1538/2902
f 64/141/2903 149/1539/2904 63/1540/2905
f 222/910/2906 41/515/2907 64/514/2908
f 254/412/2909 35/1354/2910 17/543/2911
f 17/543/2912 255/1395/2913 254/412/2914
f 40/418/2915 130/863/2916 125/911/2917
f 16/1541/2918 301/912/2919 386/914/2920
f 71/620/2921 383/619/2922 91/916/2923
f 383/619/2924 384/441/2925 91/916/2926
f 31/1364/2927 28/1542/2928 530/1543/2929
f 619/918/2930 620/1332/2931 234/335/2932
f 234/335/2933 622/1373/2934 621/917/2935
f 19/621/2936 528/1438/2937 42/666/2938
f 528/1438/2939 529/919/2940 42/666/2941
f 386/920/2942 76/1544/2943 34/921/2944
f 159/674/2945 162/203/2946 151/205/2947
f 624/1545/2948 564/1357/2949 578/925/2950
f 564/1357/2951 563/923/2952 578/925/2953
f 233/1369/2954 610/432/2955 608/492/2956
f 191/927/2957 192/1450/2958 129/671/2959
f 148/238/2960 149/1546/2961 157/929/2962
f 111/6/2963 135/5/2964 262/931/2965
f 135/5/2966 123/415/2967 261/932/2968
f 94/94/2969 93/1547/2970 99/933/2971
f 506/654/2972 153/245/2973 158/246/2974
f 158/246/2975 157/929/2976 506/654/2977
f 242/1079/2978 243/1548/2979 244/1549/2980
f 249/1550/2981 247/1551/2982 248/1552/2983
f 275/950/2984 272/1553/2985 273/948/2986
f 272/1553/2987 186/1553/2988 273/948/2989
f 276/1554/2990 277/951/2991 279/953/2992
f 287/957/2993 288/1555/2994 289/958/2995
f 296/1556/2996 293/1557/2997 294/1558/2998
f 294/1558/2999 295/1559/3000 296/1556/3001
f 86/974/3002 311/1560/3003 312/972/3004
f 312/972/3005 313/972/3006 314/973/3007
f 326/981/3008 327/1561/3009 328/982/3010
f 361/987/3011 339/988/3012 340/988/3013
f 343/990/3014 344/1562/3015 345/991/3016
f 347/992/3017 345/991/3018 346/1563/3019
f 366/1564/3020 363/1083/3021 365/1565/3022
f 363/1083/3023 364/1566/3024 365/1565/3025
f 373/1567/3026 374/1568/3027 375/1569/3028
f 377/1111/3029 503/1112/3030 376/1570/3031
f 390/1571/3032 391/1572/3033 392/1134/3034
f 183/1010/3035 406/1573/3036 407/1574/3037
f 407/1574/3038 408/1008/3039 183/1010/3040
f 430/1119/3041 431/1575/3042 432/1576/3043
f 433/1577/3044 434/1578/3045 435/1116/3046
f 443/1017/3047 444/1018/3048 445/1018/3049
f 451/1020/3050 452/1579/3051 453/1021/3052
f 462/1580/3053 458/1580/3054 461/1581/3055
f 458/1580/3056 459/1392/3057 461/1581/3058
f 459/1392/3059 460/1582/3060 461/1581/3061
f 466/1583/3062 467/1221/3063 468/1584/3064
f 471/1585/3065 472/1586/3066 473/1587/3067
f 479/1026/3068 480/1588/3069 482/1027/3070
f 480/1588/3071 481/1589/3072 482/1027/3073
f 488/1031/3074 477/1023/3075 486/1029/3076
f 493/1590/3077 489/1591/3078 492/1034/3079
f 489/1591/3080 490/1032/3081 492/1034/3082
f 205/1592/3083 494/1593/3084 495/1145/3085
f 496/1594/3086 497/737/3087 498/391/3088
f 503/1595/3089 370/999/3090 504/1596/3091
f 515/1597/3092 516/1598/3093 517/153/3094
f 518/1041/3095 519/1599/3096 520/1042/3097
f 535/1184/3098 533/1600/3099 534/1601/3100
f 554/1046/3101 548/1602/3102 555/1047/3103
f 562/1603/3104 563/1604/3105 564/1605/3106
f 565/1606/3107 566/1606/3108 567/1607/3109
f 597/1063/3110 598/1608/3111 599/1064/3112
f 604/1066/3113 379/1609/3114 605/1067/3115
f 627/1175/3116 625/1610/3117 626/1611/3118
f 332/377/3119 291/867/3120 292/1347/3121
f 417/1078/3122 243/1612/3123 242/1079/3124
f 402/1613/3125 388/344/3126 387/1614/3127
f 612/1088/3128 551/1166/3129 552/1089/3130
f 422/1015/3131 421/1014/3132 428/1091/3133
f 410/1093/3134 399/1615/3135 242/1094/3136
f 600/1096/3137 601/1616/3138 373/1097/3139
f 281/1099/3140 280/1383/3141 318/1100/3142
f 424/1617/3143 425/1618/3144 426/1619/3145
f 362/1102/3146 360/1620/3147 359/1103/3148
f 248/1552/3149 247/1621/3150 465/1622/3151
f 463/1108/3152 464/1623/3153 490/1109/3154
f 377/1111/3155 371/1000/3156 370/999/3157
f 513/1624/3158 514/1625/3159 522/1626/3160
f 406/1113/3161 186/1627/3162 272/299/3163
f 585/1057/3164 589/1060/3165 588/1114/3166
f 286/1115/3167 433/1577/3168 435/1116/3169
f 544/1106/3170 311/1105/3171 431/1118/3172
f 394/1120/3173 395/1628/3174 393/1121/3175
f 381/1629/3176 331/1630/3177 329/1631/3178
f 459/1392/3179 458/1632/3180 342/1393/3181
f 471/210/3182 479/1306/3182 483/693/3182
f 568/1126/3183 581/1633/3184 580/1127/3185
f 607/1634/3186 565/1635/3187 567/1636/3188
f 619/1129/3189 554/1637/3190 553/1048/3189
f 508/1130/3191 251/937/3192 250/1131/3192
f 519/1638/3193 518/1639/3194 516/1640/3195
f 628/1133/3196 390/1571/3197 392/1134/3198
f 524/1136/3199 246/1641/3200 245/1137/3201
f 622/1139/3202 547/1152/3203 548/1140/3204
f 582/1642/3205 549/1643/3206 550/309/3207
f 569/1128/3208 205/1644/3209 495/1145/3210
f 300/1645/3211 301/1646/3212 530/425/3213
f 574/1146/3214 572/1647/3215 571/1147/3216
f 560/1049/3217 581/1051/3218 568/1126/3219
f 457/1149/3220 436/1648/3221 441/1150/3222
f 379/1609/3223 604/1649/3224 378/1650/3225
f 315/1205/3226 316/1207/3227 276/1554/3228
f 547/1152/3229 306/1651/3230 305/1153/3231
f 623/1652/3232 234/1075/3233 624/1176/3234
f 240/1154/3235 294/1653/3236 293/1155/3237
f 4/963/3238 361/987/3239 253/1157/3240
f 538/1158/3241 537/1654/3242 437/1159/3243
f 579/1161/3244 578/1655/3245 575/1162/3246
f 442/21/3247 441/884/3248 357/375/3249
f 617/1070/3250 616/1656/3251 607/1634/3252
f 528/1164/3253 542/1657/3254 541/1043/3255
f 551/1166/3256 497/1658/3257 496/1167/3258
f 611/1169/3259 609/1659/3260 608/1170/3261
f 532/1172/3262 531/1660/3263 536/1173/3264
f 254/1178/3265 253/940/3266 292/1179/3267
f 284/1182/3268 283/1661/3269 410/1093/3270
f 535/1184/3271 353/1662/3272 354/1185/3273
f 485/1187/3274 324/1663/3275 484/1664/3276
f 485/1187/3277 344/1665/3278 343/1188/3279
f 332/1666/3280 336/1667/3281 357/1668/3282
f 447/1190/3283 448/1669/3284 444/1191/3285
f 556/1193/3286 557/1670/3287 559/1194/3288
f 600/1199/3289 603/1671/3290 602/1200/3291
f 307/1202/3292 264/943/3293 263/942/3294
f 417/1078/3295 418/1672/3296 326/981/3297
f 315/1205/3298 540/1673/3299 539/1206/3300
f 371/1208/3301 448/1674/3302 447/1190/3303
f 413/1210/3304 412/1675/3305 397/1211/3306
f 456/511/3307 415/1676/3308 416/512/3309
f 545/1212/3310 546/1677/3311 614/1213/3312
f 261/1678/3313 298/1679/3314 297/1680/3315
f 385/1215/3316 386/1681/3317 401/1216/3318
f 322/1682/3319 321/1301/3320 320/1300/3321
f 355/1218/3322 265/1683/3323 266/1219/3324
f 505/1684/3325 379/1609/3326 378/1650/3327
f 486/1029/3328 477/1023/3329 467/1221/3330
f 499/1223/3331 501/1685/3332 500/1224/3333
f 368/1226/3334 367/996/3335 349/994/3336
f 474/1228/3337 239/609/3338 238/1229/3339
f 510/1686/3340 521/1687/3341 511/1688/3342
f 404/1230/3343 403/1005/3344 268/1231/3345
f 563/1232/3346 562/1689/3347 209/1233/3348
f 594/1198/3349 597/1690/3350 596/1237/3351
f 612/1088/3352 613/1691/3353 499/1238/3354
f 452/1239/3355 451/1692/3356 384/1240/3357
f 260/226/3358 238/1693/3359 29/410/3360
f 238/1693/3361 239/1694/3362 25/91/3363
f 29/410/3364 238/1693/3365 25/91/3366
f 227/348/3367 617/1695/3368 607/1696/3369
f 92/1453/3370 72/260/3371 89/915/3372 384/441/3373
f 165/184/3374 187/166/3375 513/185/3376
f 527/1697/3377 236/1698/3378 536/1699/3379 526/1700/3380
f 91/542/3381 76/541/3382 420/1143/3383 73/1501/3384
f 256/528/3385 258/1418/3386 139/523/3387 464/526/3387
f 583/1701/3388 584/1702/3389 582/1642/3390 550/309/3391
f 492/54/3392 491/1703/3393 226/1704/3394 229/189/3395
f 379/1705/3396 505/1706/3397 157/1707/3398 41/1708/3399
f 203/1709/3400 204/1710/3401 579/481/3402 576/1389/3403
f 576/1389/3404 208/1387/3405 200/900/3406 203/1709/3407
f 310/829/3408 271/1181/3409 527/1366/3410
f 255/1395/3411 17/543/3412 4/62/3413
f 625/353/3414 584/334/3415 233/1369/3416 608/492/3417
f 402/190/3418 112/1290/3419 15/151/3420 388/1282/3421
f 169/525/3422 18/289/3423 460/200/3424 134/202/3425
f 606/590/3426 605/1526/3427 217/421/3428 219/766/3429
f 438/1355/3430 46/670/3431 177/735/3432 538/601/3433
f 65/1295/3434 64/141/3435 63/136/3436 449/445/3437
f 113/120/3438 159/674/3439 161/1278/3440 115/117/3441
f 171/804/3442 14/803/3443 170/1374/3444 31/1364/3445
f 135/5/3446 132/668/3447 46/670/3448 438/1355/3449
f 288/176/3450 287/45/3451 304/288/3452 303/849/3453
f 59/392/3454 445/1711/3455 444/740/3456 58/742/3456
f 516/1640/3457 515/768/3458 512/767/3459 519/1638/3460
f 342/1294/3461 65/1295/3462 50/861/3463 134/1712/3464
f 507/1419/3465 378/1421/3466 380/1713/3467
f 607/1634/3468 567/1714/3469 224/1474/3470
