# Blender 5.2.0 LTS
# www.blender.org
o SM_VRKS_End_B
v -1.866148 4.090456 -1.289487
v -2.318368 0.458125 -0.243496
v -1.958232 4.207113 -0.589856
v -1.965634 2.821114 -1.213448
v -0.772055 4.139575 0.109037
v -0.769243 2.189439 0.492180
v 1.877990 2.217520 -0.770850
v -2.068737 3.798916 -0.505480
v 0.857794 1.936800 -1.080277
v 0.798077 0.306809 -1.223399
v -1.901262 2.561826 -1.374462
v 2.048279 0.277751 -1.023216
v -1.379323 3.965479 -0.348102
v -1.381439 2.342401 0.068036
v -1.935564 0.157141 0.081061
v -1.530936 3.429041 0.055346
v -1.807220 3.054704 -1.358028
v 0.327971 0.187548 -1.312615
v -0.617299 0.984609 -1.383674
v -0.449006 2.639125 -1.236760
v -0.331736 1.684527 -1.206464
v -1.081039 0.660298 0.628338
v -1.390987 3.576860 -1.339774
v -1.807339 3.323075 -1.362624
v 1.462956 2.862171 -0.956386
v -1.989257 3.983240 -0.522817
v -0.365221 3.542627 -1.158370
v -0.825587 3.825766 0.203798
v 0.664530 3.113469 -1.054814
v -0.307563 2.197248 -1.089462
v -0.936268 3.230212 0.366744
v 1.717831 1.868239 -0.837947
v 0.878434 2.447372 -1.011264
v -1.561326 3.088119 0.103211
v -1.787766 3.130437 -1.362094
v -0.391824 2.110137 -1.163950
v -1.828878 2.685632 -1.299064
v 0.595420 1.773608 -1.072459
v -2.145846 1.955450 -1.122297
v 0.552425 1.460230 -1.130462
v 2.128560 0.584283 -0.827548
v -0.608678 0.619210 -1.377471
v 0.683043 3.051357 0.660142
v 1.553085 3.481953 -0.838986
v -2.028023 4.232090 -0.870475
v -0.248387 4.474057 -0.668069
v -0.572104 4.625595 -1.206284
v -0.663845 0.303505 -0.386708
v -0.307846 0.363305 -0.782779
v 0.273596 0.234565 -0.470567
v -2.198604 1.289265 -0.772156
v -1.278709 3.968367 -1.174216
v 1.732941 2.645578 -0.768662
v 1.490455 2.897131 -0.658288
v -2.029836 1.885070 -0.741994
v 0.720765 0.211898 0.543553
v 1.125525 1.991678 0.705407
v 1.225183 3.052848 0.290621
v 1.184680 2.700929 0.512792
v 1.174628 1.464184 0.701382
v 1.194816 1.087940 0.814838
v 2.009366 2.627476 -0.389732
v 1.994883 0.214678 0.028554
v 2.183518 0.301890 -0.852244
v 0.946299 0.283085 -0.458552
v 0.995433 0.250448 -0.861200
v 2.052708 2.557727 -0.542092
v 1.753370 1.871877 -0.708632
v -2.500440 0.743671 -0.258342
v -2.518689 0.355222 -0.271259
v -2.439059 3.241336 -0.409721
v -1.690669 2.394527 0.060911
v -2.344781 3.637518 -0.434368
v -2.498573 1.973585 -0.383340
v -1.776877 1.355677 0.226939
v -1.836344 3.085102 0.025652
v -1.627348 1.882736 0.119638
v -2.205502 2.163560 -0.822960
v -2.353004 3.597988 -0.710578
v -2.363377 2.963227 -0.884934
v -2.192367 1.725769 -0.817340
v -1.568419 2.923603 -1.369630
v -1.580594 3.195702 -1.365901
v -1.679439 3.750754 -1.340632
v -1.429232 2.873108 -1.347822
v -1.489958 2.593763 -1.387983
v -1.665287 4.123788 -0.865271
v -1.598946 4.190535 -1.196616
v -2.107666 2.533421 -0.243742
v -2.353657 0.263735 -0.002021
v -2.166951 3.143480 -0.291329
v -2.120471 1.941787 -0.237029
v -2.201610 0.756479 -1.310769
v -2.162754 1.249459 -1.305237
v -2.233836 1.242458 -1.099910
v -2.036674 0.237931 -1.378455
v -2.056180 0.712970 -1.410760
v -2.118069 1.819240 -1.205701
v -2.272253 0.805692 -1.113262
v -1.716981 1.472859 -1.456485
v -2.192190 0.200563 -0.932424
v -2.158217 0.778474 -0.984410
v -2.152734 1.309405 -1.003672
v -1.829760 0.727461 -1.470913
v 0.741876 3.884717 -0.163647
v -2.361402 0.274058 -0.453295
v 1.024944 3.246660 -0.022911
v -1.027064 0.308697 0.090907
v -2.141411 3.713821 -0.602746
v -0.110621 0.308784 -0.043470
v 0.292418 4.436006 -0.165036
v -1.882496 0.329597 -0.161171
v 1.229563 1.874164 0.708441
v 1.678300 0.964536 0.682315
v 1.255514 2.267164 0.650223
v 1.321798 1.447034 0.642112
v -2.495814 0.371161 -0.545994
v -2.369227 3.605102 -0.560116
v -2.420729 1.381571 -0.468290
v -2.352083 3.060924 -0.672276
v -2.437087 1.942616 -0.606370
v -2.546482 0.710631 -0.544585
v -0.370768 4.021432 0.189476
v -0.084684 3.859830 -1.113779
v 0.567590 1.686105 -1.025275
v 0.197451 2.461429 -0.977110
v 0.538514 0.975846 -1.178362
v 0.080731 2.970707 -1.084336
v -0.480886 3.925197 0.311180
v 0.513713 1.368641 -1.087310
v 0.330499 0.628352 -1.219074
v 0.025350 4.565179 -0.558079
v -0.193965 0.206732 -0.471787
v -0.000142 0.276697 -0.835770
v -0.111221 4.492500 -0.280494
v 1.454879 3.946768 -0.808626
v 0.456309 4.678515 -0.407563
v 0.144881 4.687738 -0.513849
v -0.069024 0.169469 0.557163
v -0.966693 2.150679 0.724589
v -1.122835 1.242655 0.611803
v 0.594473 0.237959 0.656137
v 1.255839 2.816429 0.725489
v 1.241850 0.544599 0.796922
v 1.242185 0.131643 0.771539
v 1.656005 0.532746 0.647458
v 1.747870 0.072417 0.686235
v 2.241846 0.217070 0.220972
v 2.453224 0.204558 -0.540877
v 2.190583 1.565886 -0.372321
v 2.136379 1.518321 0.146128
v 2.228509 2.437078 0.258215
v 2.262781 0.863089 0.168615
v 2.101365 1.839990 -0.379083
v 2.142996 1.851046 0.209947
v 2.250586 1.203104 0.262141
v 2.509281 0.547292 -0.481061
v 2.418742 0.425638 0.246859
v 1.558687 1.759752 0.624580
v 1.795302 2.403036 0.476258
v 1.598969 2.117724 0.566830
v 1.621663 1.347942 0.593693
v 1.151763 1.482269 1.124949
v 1.215310 3.233495 0.556967
v -1.278483 1.208890 -1.447473
v -1.435874 0.217189 -1.510954
v -0.870160 3.902428 -1.291227
v -1.044128 4.035619 -0.129527
v -0.434181 0.203531 -1.221560
v -0.996987 2.228931 0.306405
v -1.179134 3.289474 0.215469
v -0.069171 0.156527 -1.322948
v -0.847405 2.911978 -1.318986
v -0.886711 3.513945 -1.316308
v -0.224391 0.595195 -1.336627
v -0.792104 0.383913 -0.779259
v -0.657269 4.154747 -0.679263
v -0.934919 4.093649 -1.182348
v -1.580089 0.277297 -0.085836
v -1.469005 0.275675 0.379370
v -0.649361 0.229882 -1.310034
v -0.611649 2.302330 -1.269688
v -1.567146 0.317977 -1.471145
v -0.903455 1.693851 -1.383257
v -0.872913 1.081089 -1.414536
v -0.943524 0.211443 -1.416206
v -0.937338 0.596204 -1.437038
v -1.523712 2.548229 -1.420612
v -1.887790 2.708114 -1.331838
v 0.595514 3.260510 0.728007
v -0.952384 3.907319 0.372626
v -0.621638 3.770358 0.533630
v 0.568374 2.981926 1.099698
v 1.274419 0.000000 1.089761
v -2.398458 1.357540 -0.292228
v -0.387031 3.062964 -1.217540
v -0.450687 4.159217 -1.192803
v -0.669843 3.255398 0.784940
v 0.409758 0.673525 1.445909
v 0.819636 2.552552 1.362808
v -0.161928 3.017431 1.169826
v -0.390389 3.172799 0.879176
v 0.390345 2.735915 1.282392
v -0.177348 2.963839 1.262557
v -1.012048 3.195485 0.647676
v -0.695174 3.138908 1.002695
v -0.643245 2.971566 1.075240
v 0.838029 1.912957 1.430149
v 0.743585 1.500031 1.466793
v 0.870707 0.679448 1.510954
v -0.969774 1.890556 1.049564
v 0.846980 1.168979 1.509100
v 1.533375 1.612824 -1.177922
v 1.472742 0.273198 -1.257807
v 0.851760 1.431035 -1.209280
v 0.600569 1.373876 -1.184637
v 1.592428 0.619375 -1.243777
v 1.707861 1.274727 -1.203023
v 1.695437 0.943276 -1.240518
v 0.492023 0.232541 -1.265103
v 0.357913 0.597538 -1.254555
v 2.133120 0.595090 -0.989990
v 0.814367 0.263069 -1.256122
v 0.301468 0.292869 1.368942
v -1.223837 0.124395 0.765130
v -1.271782 0.101449 0.674588
v -0.178412 0.253123 0.745176
v 1.201926 1.084421 1.080823
v -1.263988 0.465511 0.804341
v 1.249233 0.101714 0.939060
v 1.157787 0.555954 1.057026
v -1.238234 0.506228 0.846091
v -1.255790 0.516544 0.950414
v -1.206673 1.258262 0.955928
v 0.347195 0.341188 1.437258
v -1.371543 1.304353 0.432235
v -0.310615 2.911505 -1.139518
v 1.523093 3.575668 -1.020160
v 1.592262 3.454634 -1.008030
v 0.480274 3.886102 0.121556
v 0.628894 3.865148 0.064841
v -1.717573 0.311239 -1.242785
v -1.859241 0.348077 -1.232792
v -1.775660 0.407801 -1.261779
v -1.331950 0.367188 0.328388
v -1.214523 0.324781 0.266814
v -0.306808 1.823767 -1.119957
v -0.221176 1.716343 -1.112791
v -0.302366 1.659386 -1.147828
v 0.639172 3.274671 0.532338
v 0.613359 3.283100 0.416446
v 0.572487 3.282183 0.515044
v -1.961551 3.112654 -1.198931
v -1.873394 3.153404 -1.255098
v -1.903987 3.026893 -1.234765
v -0.351329 0.218118 0.244587
v -0.190040 0.238860 0.225254
v -0.212696 0.204267 0.219928
v 0.407079 3.820143 -1.117345
v 0.570433 3.796342 -1.116038
v -0.010625 3.914337 0.193597
v 0.076147 3.937117 0.144527
v -0.046241 0.819859 -1.287816
v 0.035803 0.800922 -1.255116
v -1.250231 0.213627 -1.256577
v -1.140320 0.170984 -1.262644
v -1.301332 3.993809 -1.325816
v -1.309213 4.023784 -1.312510
v -1.196509 4.058298 -1.321790
v -1.476044 1.578015 0.280984
v -1.421746 1.394495 0.339986
v -0.870920 0.168463 -1.376922
v -0.717572 0.290762 -1.377830
v -0.636633 0.195104 -1.379402
v -0.731568 0.154007 -1.369816
v -1.269183 2.533493 -1.355272
v -1.252281 2.607491 -1.349886
v -1.214045 2.672964 -1.360629
v -1.132516 2.544237 -1.334311
v -0.082445 0.820695 -1.354617
v -0.026735 0.822202 -1.319797
v 0.056367 0.765988 -1.349993
v -1.224799 0.181763 -1.337784
v -1.238842 0.209614 -1.365521
v -1.812448 0.159342 -1.510225
v -1.715557 0.335808 -1.426066
v -1.032418 2.977218 -1.353914
v -1.200871 2.985066 -1.361613
v -1.134233 3.076098 -1.373564
v -1.055243 3.047889 -1.344429
v -1.857832 3.690402 -1.303121
v -1.997849 3.735409 -1.271528
v 0.646884 3.332894 0.269044
v 0.561301 3.335674 0.292158
v 0.587196 3.290130 0.353614
v 0.650204 3.269570 0.316327
v -0.012229 3.555592 0.316523
v -0.120118 3.651027 0.343676
v -0.107068 3.547062 0.365581
v -1.392001 3.831966 -0.103188
v -1.417234 3.633813 -0.062671
v -1.928908 3.077027 -1.234410
v -1.255440 2.828224 -1.350070
v -1.160042 2.874154 -1.349967
v -0.980885 1.512384 0.531638
v -0.938319 1.710527 0.541364
v -0.043022 1.052116 -1.242728
v -0.121859 1.024301 -1.285123
v -0.150091 1.115538 -1.242965
v -1.317804 1.889965 0.177061
v -1.663655 2.732171 -1.401280
v -1.703826 2.803740 -1.370172
v -1.734348 2.863145 -1.390553
v -1.624191 2.807333 -1.374715
v -0.716884 1.700716 -1.329825
v -0.684631 1.433091 -1.340457
v -0.150891 1.080140 -1.301657
v -0.179623 1.093858 -1.318646
v -0.132731 1.148217 -1.305087
v 0.007778 0.688029 -1.261653
v 0.034200 0.736800 -1.336734
v 0.073247 0.590547 -1.335695
v 0.016666 0.633821 -1.349614
v 1.315553 3.447733 -0.708671
v -2.038825 0.194292 -1.035330
v -2.063003 0.269551 -0.925721
v -2.018361 0.332279 -0.989981
v -2.095314 0.236011 -0.986128
v -2.170933 0.290633 -0.711602
v -2.115960 0.334876 -0.807406
v -2.158858 0.382606 -0.768231
v -2.048368 4.057805 -1.113217
v -2.139836 2.302953 -0.782306
v -2.146670 2.467704 -0.797163
v -2.048194 2.410484 -1.181442
v -2.168079 3.761629 -0.762313
v -2.223250 3.583981 -0.733352
v -2.213564 3.704978 -0.708736
v -2.094810 3.029251 -1.082866
v -2.083353 3.134586 -1.130951
v 0.602195 0.350141 -1.001130
v 0.515216 0.358199 -1.005248
v 0.447093 4.472391 -0.273725
v 0.739100 4.194932 -0.494584
v 0.400719 4.627932 -0.320442
v 0.313883 4.657104 -0.322368
v 0.314396 4.590139 -0.319709
v -2.065559 1.276129 -0.985350
v -1.985571 1.366202 -0.962273
v -2.032490 1.379531 -1.023753
v -1.122271 4.204458 -0.878766
v -1.155476 4.177471 -0.869845
v -1.661577 0.262711 -0.511635
v -1.596575 0.288673 -0.594046
v -1.291297 0.526941 -0.815795
v -1.241945 0.505765 -0.802183
v -2.073805 4.018834 -0.822365
v -2.146133 3.736866 -1.131137
v -2.167767 3.041405 -0.965339
v -2.250959 3.073647 -0.842418
v -2.070693 2.882320 -1.159045
v -2.052253 2.678174 -1.187970
v -2.021348 1.906888 -1.071700
v -1.995151 2.035413 -1.148904
v -2.072203 1.917195 -1.129032
v -2.016616 1.823878 -1.090660
v -2.027667 0.782596 -0.952826
v -2.078990 0.774882 -0.990921
v -1.992764 0.718869 -0.971964
v 2.098309 2.227222 -0.221932
v 1.914647 2.545420 -0.022534
v 1.949595 2.491463 0.098783
v 1.660536 1.597199 -0.853802
v 1.788950 1.631846 -0.827492
v 1.826535 1.541398 -0.787192
v 1.946455 2.130271 -0.505401
v 1.991067 2.202657 -0.465656
v 2.193813 1.011757 -0.733215
v 1.998100 0.828053 -0.950218
v 2.081244 1.227792 -0.786514
v -2.287796 0.463869 -0.730789
v -2.346518 0.432471 -0.716683
v -2.427044 2.773430 -0.413951
v -2.423033 2.583251 -0.384114
v -1.798284 3.562384 -0.357450
v -1.674255 3.417779 -0.228145
v -2.202899 0.212709 0.119844
v -2.073777 0.159160 0.139548
v -2.067597 0.236862 0.181070
v -1.750946 0.997259 0.272345
v -1.809339 0.945035 0.198052
v -1.760420 0.803304 0.253719
v -2.253171 1.350852 -0.749300
v -2.224813 0.779370 -0.767674
v -2.328539 0.761251 -0.719536
v -1.776550 4.053500 -0.567348
v -1.656296 4.016542 -0.481006
v -1.667596 3.992951 -0.613610
v -1.647341 0.259857 -1.214580
v -1.795141 3.627239 -0.436752
v -1.672331 3.648532 -0.399462
v -2.169074 0.334617 -0.014598
v -1.593610 4.153107 -1.291165
v -1.610660 4.040073 -1.316184
v -1.652765 4.111697 -1.313481
v -1.074828 0.197210 -1.433911
v -1.507501 0.281659 -1.431203
v -1.579880 0.360824 -1.422750
v -1.650828 0.370255 -1.450861
v -1.517805 0.265435 -1.326167
v -1.591964 0.265302 -1.365185
v -1.635771 3.887644 -0.441885
v -1.766632 3.893351 -0.455043
v -1.685629 3.801696 -0.416173
v -2.018863 0.270205 -0.724125
v -1.910247 0.323640 -0.702933
v -1.802083 0.340775 -1.020001
v -1.726644 0.302430 -0.930753
v -2.104573 3.798804 -0.392533
v -2.179116 3.771800 -0.348123
v -2.056164 0.270731 -1.292170
v -2.174874 0.368925 -1.309460
v -2.133542 0.270858 -1.329033
v -2.074580 1.997311 -1.293078
v -2.023665 2.070982 -1.313852
v -1.912608 1.390005 -1.371986
v -1.982457 1.239725 -1.376103
v -2.249760 0.157325 -1.215793
v -2.327382 0.134934 -1.121125
v -1.826053 2.649579 -1.411109
v -1.678751 2.668132 -1.430684
v -1.764235 2.580531 -1.431430
v -1.923090 0.183565 -1.425594
v -1.849773 0.315786 -1.453295
v -1.819723 0.174098 -1.482901
v -1.967087 4.159601 -0.744677
v -0.594357 4.368815 -0.293847
v -0.517161 4.343735 -0.339975
v -1.285112 4.084861 -0.592290
v -1.332199 4.099288 -0.562510
v -1.983255 4.119689 -0.690743
v -2.061397 3.970571 -0.631600
v 1.560160 2.518112 0.450432
v 1.441670 2.666202 0.367234
v 1.426780 2.578437 0.426615
v 1.481068 2.466594 0.436779
v 1.629182 2.755825 0.071863
v 1.471823 2.898626 -0.040315
v 1.616322 0.178849 0.415927
v 0.540258 0.357803 0.140021
v -2.315156 2.356249 -0.685031
v -2.293290 2.547636 -0.707664
v -2.332098 2.502550 -0.724609
v -2.253490 2.400813 -0.746728
v -2.071873 0.408900 -0.274902
v -2.150801 0.390914 -0.272419
v -1.634926 4.060677 -0.687727
v 0.492256 0.260371 -1.240584
v 0.363837 0.194075 -1.213145
v 0.338426 0.202925 -1.229781
v 0.394264 0.287479 -1.245342
v 0.416708 0.178570 -1.261498
v -0.748689 0.290872 0.280995
v -0.724193 0.319474 0.342587
v 0.317684 2.059018 -1.011748
v -0.189970 4.570723 -1.045340
v -0.025220 4.480649 -1.089949
v -0.264133 4.640664 -1.107515
v -0.587873 0.261324 0.100871
v -0.633727 0.240502 0.071925
v 0.495299 4.214269 -1.068987
v 0.600979 4.190154 -1.045984
v 0.549905 4.095060 -1.045041
v 1.417015 3.982931 -0.922465
v 1.332615 4.046890 -0.943979
v 0.356147 4.249853 -1.105062
v 0.209116 4.358009 -1.124303
v 0.272915 4.387527 -1.119399
v 0.369174 4.644948 -0.878147
v 0.328849 4.607832 -0.758421
v 0.396929 4.638697 -0.769531
v 0.490858 4.572734 -0.814776
v 0.497023 4.604547 -0.826053
v 0.991352 3.972789 -0.648174
v 0.965454 3.965501 -0.602258
v 0.176955 4.497159 -1.057880
v 0.222418 4.556376 -1.069458
v 0.234427 4.425090 -1.090799
v -1.184796 0.118005 0.498749
v -1.069344 0.100610 0.556458
v -1.221464 0.075584 0.595598
v -1.172684 0.172055 0.570984
v -1.247999 0.055258 0.532191
v -1.078079 3.333239 0.533745
v -1.048076 3.208426 0.510795
v 1.124364 2.731465 0.744452
v 1.176532 2.573254 0.750416
v 1.169186 2.703175 0.726589
v 1.164649 1.903393 0.907208
v 1.098266 1.500016 0.771891
v 1.120757 1.475005 0.904374
v 1.162252 1.430830 0.834068
v 2.124312 2.155036 -0.371707
v 2.144575 2.103101 -0.287884
v 2.497466 0.804272 -0.499039
v 2.546482 0.853954 -0.434619
v 2.328758 1.230973 -0.352256
v 0.755296 3.289058 0.453900
v 0.822190 3.243759 0.537724
v -1.771810 2.617252 -1.440944
v -1.701588 1.439929 -1.476028
v -1.508972 1.479755 -1.478076
v -1.364760 0.700221 -1.485218
v -1.398646 0.517355 -1.506915
v -1.297421 1.730983 -1.418873
v -1.338319 2.082827 -1.426001
v -1.173928 1.727607 -1.424262
v -1.493956 2.449149 -1.450827
v -1.567387 2.236515 -1.485260
v -1.555000 2.337883 -1.456284
v -1.583317 2.486663 -1.455689
v -1.537232 0.652797 -1.503182
v -1.716128 0.907935 -1.482456
v -1.553801 0.292836 0.144854
v -1.571510 0.335075 0.196110
v -1.039926 1.484815 0.509871
v -1.095042 1.691600 0.401190
v -0.384866 0.882607 -1.361197
v -0.291738 0.822225 -1.357150
v -1.063188 3.836267 0.014903
v -1.241322 0.686263 0.559122
v -1.372672 0.671794 0.552403
v -1.202641 0.208148 -0.493588
v -1.142033 0.134296 -0.445585
v -1.238254 0.202363 -0.414149
v -1.219166 1.276334 0.519248
v -0.919586 4.088080 -0.361371
v -0.909035 4.034225 -0.460345
v -0.516537 1.851695 -1.233207
v -0.570573 1.952557 -1.244573
v -0.357262 1.341687 -1.282703
v -0.543417 1.471275 -1.270965
v -0.448184 1.485929 -1.240514
v -1.743714 2.781988 -1.381526
v -0.143776 3.428563 0.507274
v -0.248088 3.384285 0.589727
v -1.121233 1.680437 0.700450
v -1.140004 1.497037 0.704498
v -1.242555 1.186108 0.758574
v -1.241937 1.124371 0.714020
v 1.159872 2.600384 0.960744
v 1.074616 2.689099 1.022870
v -1.226975 1.347889 0.725664
v -1.170378 1.453775 0.773424
v -1.146937 1.365460 0.674404
v -2.209612 1.234754 0.112380
v -2.202883 1.352039 0.049056
v -2.290881 0.659128 0.067357
v -2.355146 0.718157 0.016728
v -1.046421 1.981223 0.833918
v -0.952988 1.986685 0.899331
v 0.538009 1.212404 1.407576
v 0.462647 1.322734 1.447950
v 0.385489 1.201153 1.382385
v 0.844014 0.300495 1.402951
v 0.810138 0.422518 1.446585
v 0.706228 0.351066 1.457069
v -1.011958 2.600837 0.822758
v -1.007187 2.940767 0.762375
v -1.042497 2.777971 0.721515
v 0.243072 3.271201 1.029648
v 0.271919 3.262929 0.971744
v 0.415146 2.988822 1.091708
v 0.447178 3.025115 1.038131
v 0.418397 1.859249 1.421322
v 0.411645 1.981809 1.360402
v 0.660528 1.682222 1.482388
v -0.211746 1.845466 1.375609
v -0.210753 2.001148 1.341684
v -0.911651 2.677249 0.931970
v -0.975936 2.349668 0.864808
v -1.211133 1.230770 0.815410
v -1.280187 0.920550 0.837133
v -1.244863 1.036782 0.945024
v 0.869645 1.725309 -1.191072
v 0.844752 1.903326 -1.117688
v 0.988809 1.788946 -1.171852
v 0.643037 1.735170 -1.090859
v 0.614605 1.625782 -1.139261
v 0.638366 1.594673 -1.126539
v 0.818178 0.316111 -1.288285
v 0.781729 0.253019 -1.292146
v 0.977240 0.669431 -1.291471
v 0.925008 0.554139 -1.286326
v 1.128592 0.897307 -1.282908
v 0.612242 0.984078 -1.264372
v 0.424039 0.919107 -1.264606
v 0.467050 0.986618 -1.237541
v 0.500678 1.087687 -1.253520
v 1.735491 1.525556 -1.023323
v 1.589417 1.617095 -1.098830
v 1.839224 1.261208 -1.082494
v 1.844994 1.254724 -1.037368
v 1.884720 1.008823 -1.031550
v 2.000153 0.860023 -1.017546
v 1.925417 0.913859 -1.087494
v 0.558618 0.270695 1.040869
v -0.445127 0.355827 1.319111
v -0.413367 0.275113 1.308682
v -1.243147 0.199157 0.920166
v -1.237177 0.118440 0.861401
v 1.181222 2.024758 1.049630
v 1.156174 1.905677 1.144416
v 0.454592 3.380412 0.695400
v 0.467371 3.430407 0.641505
v 0.595791 0.238335 0.896709
v 0.535561 0.257405 0.841313
v 0.571178 0.206693 0.876209
v -1.149854 1.376710 0.817929
v -1.206986 1.296513 0.878876
v -1.145362 1.453576 0.801737
v -1.121372 1.504413 0.838147
v -1.130942 1.497668 0.976846
v -0.347798 1.314882 1.374574
v -0.426810 0.870162 1.324281
v -0.398140 0.753965 1.362803
v -0.292263 0.794478 1.353765
v -1.504625 0.905622 0.401464
v -1.512036 0.709755 0.447858
vn -0.0671 0.1041 -0.9923
vn -0.2437 0.1224 -0.9621
vn -0.1007 0.0914 -0.9907
vn -0.4204 0.5325 0.7346
vn -0.0405 0.8422 0.5377
vn 0.0487 0.7440 0.6664
vn -0.6375 -0.0338 0.7697
vn 0.6492 0.7603 0.0217
vn 0.6443 0.7632 -0.0480
vn 0.5843 0.8051 0.1020
vn -0.1783 0.5610 -0.8084
vn 0.0715 0.5333 -0.8429
vn -0.2108 0.4811 -0.8509
vn 0.9608 0.1857 -0.2058
vn 0.9228 0.2720 -0.2729
vn 0.9325 0.2572 -0.2536
vn -0.9026 0.2939 0.3146
vn -0.8952 0.3566 0.2673
vn -0.8820 0.3893 0.2657
vn -0.9191 -0.1948 -0.3425
vn -0.9447 -0.2198 -0.2434
vn -0.9307 -0.1707 -0.3235
vn 0.2239 0.0979 -0.9697
vn 0.1883 0.0829 -0.9786
vn 0.2089 -0.0721 -0.9753
vn -0.0952 -0.0247 -0.9952
vn -0.0767 0.1786 -0.9809
vn -0.0388 0.0353 -0.9986
vn 0.0905 -0.9957 -0.0219
vn 0.0290 -0.9994 -0.0205
vn -0.0710 -0.9974 -0.0128
vn 0.5459 -0.5861 0.5987
vn 0.5460 -0.5859 0.5988
vn 0.5460 -0.5860 0.5988
vn 0.2372 0.0306 -0.9710
vn 0.2511 -0.0698 -0.9654
vn 0.2946 -0.0448 -0.9546
vn -0.0090 0.0192 -0.9998
vn -0.2228 -0.0387 -0.9741
vn -0.3447 -0.0368 -0.9380
vn 0.3443 0.1453 -0.9275
vn 0.2491 0.1725 -0.9530
vn 0.2301 0.1969 -0.9530
vn 0.3594 0.6314 0.6871
vn -0.0249 0.6522 0.7576
vn 0.2290 0.5148 0.8262
vn 0.3922 0.2474 0.8860
vn 0.4091 0.3244 0.8529
vn 0.3530 0.2488 0.9019
vn -0.1001 0.0005 0.9950
vn -0.0995 -0.0013 0.9950
vn -0.0990 -0.0027 0.9951
vn -0.6478 -0.1147 -0.7531
vn -0.5231 0.0481 -0.8509
vn -0.5563 -0.0098 -0.8310
vn -0.2513 -0.8474 0.4676
vn -0.2801 -0.7422 0.6088
vn -0.2080 -0.8440 0.4944
vn -0.3350 0.1079 -0.9360
vn -0.3955 0.0872 -0.9143
vn -0.4358 0.1131 -0.8929
vn 0.0438 0.9024 0.4287
vn -0.0324 0.9178 0.3957
vn -0.1367 0.9273 0.3483
vn -0.9570 -0.1363 -0.2562
vn -0.9734 -0.0015 -0.2290
vn -0.9426 -0.1421 -0.3023
vn -0.3521 -0.0630 -0.9338
vn -0.3384 -0.1287 -0.9321
vn -0.3494 -0.1348 -0.9272
vn 0.0980 0.1194 -0.9880
vn 0.0679 0.0534 -0.9963
vn 0.0276 0.0099 -0.9996
vn -0.0306 -0.0702 -0.9971
vn -0.0365 -0.0364 -0.9987
vn -0.0424 -0.0371 -0.9984
vn 0.0626 -0.5765 0.8147
vn -0.0859 -0.0172 -0.9962
vn -0.0949 0.0078 -0.9955
vn 0.0187 0.0418 -0.9989
vn -0.5426 -0.8398 -0.0197
vn -0.5434 -0.8328 -0.1059
vn -0.4455 -0.8935 -0.0556
vn 0.3129 0.5276 0.7898
vn 0.3285 0.5299 0.7819
vn 0.3391 0.5129 0.7887
vn 0.5840 0.1827 -0.7909
vn 0.7173 0.1796 -0.6732
vn 0.7651 0.1632 -0.6229
vn -0.9427 0.0384 -0.3313
vn -0.9822 0.1435 -0.1211
vn -0.9297 0.1841 -0.3189
vn 0.1640 0.1393 -0.9766
vn 0.1570 0.0468 -0.9865
vn 0.1138 0.1121 -0.9872
vn 0.9374 -0.2693 -0.2209
vn 0.8716 -0.3547 -0.3384
vn 0.9540 -0.2552 -0.1575
vn 0.3622 -0.2512 -0.8976
vn 0.4941 -0.0443 -0.8682
vn 0.5170 -0.0737 -0.8528
vn 0.6055 0.1576 0.7801
vn 0.5735 0.1921 0.7964
vn 0.6559 0.0875 -0.7498
vn 0.5549 0.1660 -0.8152
vn 0.5086 -0.0142 -0.8609
vn 0.5428 0.1152 0.8319
vn 0.5629 0.1853 0.8055
vn 0.6489 0.2524 0.7178
vn -0.6175 0.4817 0.6219
vn -0.5988 0.2267 0.7682
vn -0.3447 0.2060 0.9158
vn 0.0791 0.2672 0.9604
vn -0.2612 0.4289 0.8648
vn -0.0630 0.1435 0.9876
vn 0.4825 0.2915 0.8260
vn 0.4797 0.2723 0.8341
vn 0.5232 0.2979 0.7984
vn 0.1415 0.3804 0.9139
vn 0.0089 0.0098 0.9999
vn 0.0410 -0.0185 0.9990
vn 0.8884 0.3339 0.3152
vn 0.8883 0.3339 0.3153
vn -0.2507 -0.9644 0.0840
vn -0.0576 -0.9885 0.1401
vn -0.2183 -0.9520 0.2145
vn 0.9682 -0.0360 0.2474
vn 0.9693 -0.0831 0.2315
vn 0.5957 0.7353 0.3232
vn 0.5803 0.7673 0.2728
vn 0.5585 0.7498 0.3547
vn 0.2628 0.1843 -0.9471
vn 0.3275 0.1178 -0.9375
vn 0.2647 0.1384 -0.9544
vn 0.0426 -0.9983 -0.0405
vn 0.0478 -0.9987 0.0167
vn -0.0419 -0.9896 0.1376
vn -0.0089 -0.9930 0.1174
vn 0.0142 -0.9856 0.1686
vn -0.0682 -0.9843 0.1629
vn -0.7135 0.0680 -0.6973
vn -0.7298 0.0584 -0.6812
vn -0.6863 0.1852 -0.7033
vn -0.9957 0.0808 0.0463
vn -0.9968 -0.0701 -0.0384
vn -0.9966 -0.0012 0.0828
vn -0.5975 0.0335 -0.8011
vn -0.6561 -0.0508 -0.7530
vn -0.7566 0.0717 -0.6500
vn -0.1173 -0.8462 0.5197
vn 0.1667 0.0569 -0.9844
vn 0.1583 0.0245 -0.9871
vn 0.1538 0.0078 -0.9881
vn -0.2903 -0.0843 -0.9532
vn -0.2401 -0.0490 -0.9695
vn -0.3458 0.2094 -0.9146
vn -0.1355 0.0049 -0.9908
vn 0.1111 0.0703 -0.9913
vn -0.1330 -0.2635 -0.9554
vn -0.3299 0.9325 0.1472
vn -0.1487 0.9883 0.0341
vn -0.2900 0.9490 0.1238
vn 0.1601 -0.0620 -0.9851
vn 0.1961 -0.0697 -0.9781
vn 0.1863 -0.0561 -0.9809
vn -0.3040 0.1384 -0.9426
vn -0.3791 0.0851 -0.9214
vn -0.1517 0.1869 -0.9706
vn -0.9434 0.0216 -0.3310
vn -0.9660 0.0275 -0.2571
vn -0.9442 0.1965 -0.2644
vn 0.1074 0.0261 -0.9939
vn 0.0950 -0.0507 -0.9942
vn 0.0939 0.0834 -0.9921
vn 0.4145 0.7873 -0.4565
vn 0.4053 0.7903 -0.4596
vn -0.7942 0.5381 -0.2822
vn -0.7732 0.5661 -0.2859
vn -0.7798 0.5458 -0.3068
vn -0.5196 -0.1048 -0.8479
vn -0.5256 -0.0390 -0.8498
vn -0.4647 -0.0846 -0.8814
vn 0.0849 0.0480 -0.9952
vn 0.0731 0.0551 -0.9958
vn 0.0860 0.0437 -0.9953
vn -0.8153 -0.0508 0.5768
vn -0.8157 -0.0931 0.5709
vn -0.8054 -0.0510 0.5905
vn 0.2233 -0.9211 -0.3189
vn 0.1241 -0.9505 -0.2848
vn 0.1657 -0.9835 -0.0731
vn 0.3897 -0.8702 0.3013
vn 0.2199 -0.9572 0.1880
vn 0.4205 -0.9029 0.0889
vn 0.8256 -0.5548 0.1024
vn 0.8266 -0.5545 0.0966
vn 0.8285 -0.5518 0.0954
vn 0.0394 -0.9909 0.1288
vn 0.1791 -0.9782 0.1048
vn 0.0296 -0.9674 0.2515
vn -0.0813 -0.9438 -0.3203
vn -0.3426 -0.8110 0.4742
vn -0.3265 -0.9419 -0.0789
vn 0.6450 0.4194 0.6388
vn 0.6223 0.3805 0.6840
vn 0.4352 0.2682 0.8595
vn -0.0351 0.9815 0.1880
vn 0.2226 0.1762 -0.9589
vn 0.5936 0.8027 0.0575
vn 0.3115 0.4754 0.8228
vn 0.3462 0.4968 0.7958
vn 0.3619 0.5101 0.7803
vn -0.7852 0.0725 0.6150
vn 0.5414 0.8318 0.1226
vn 0.6273 0.7409 0.2399
vn 0.6277 0.7768 0.0502
vn 0.0080 -0.1228 -0.9924
vn 0.0253 -0.0430 -0.9988
vn 0.0111 -0.0836 -0.9964
vn 0.8581 -0.4151 -0.3022
vn 0.8424 -0.3166 -0.4360
vn 0.8470 -0.3822 -0.3694
vn 0.1849 0.2597 0.9478
vn 0.3654 0.3162 0.8755
vn 0.0595 0.2467 0.9673
vn 0.9270 0.2597 -0.2705
vn 0.9272 0.2673 -0.2623
vn 0.9324 0.2536 -0.2575
vn 0.5651 0.8160 0.1216
vn 0.4158 0.8776 0.2386
vn 0.5713 0.7569 0.3174
vn 0.9872 -0.0261 0.1572
vn 0.9808 -0.1860 0.0592
vn 0.9870 0.0857 0.1363
vn 0.9241 0.3462 0.1620
vn 0.9567 0.2611 0.1290
vn 0.9146 0.3847 0.1247
vn 0.5485 0.2562 0.7960
vn 0.5538 0.1186 0.8242
vn 0.6942 0.1694 0.6995
vn -0.5821 0.7125 -0.3918
vn -0.3968 -0.8080 -0.4355
vn -0.2226 -0.9320 -0.2860
vn -0.1884 -0.9447 -0.2686
vn 0.3939 0.3538 0.8483
vn 0.5170 0.1824 0.8363
vn 0.5797 0.3966 0.7118
vn 0.6037 -0.1383 0.7851
vn 0.4195 -0.2275 0.8788
vn 0.5101 -0.2279 0.8293
vn -0.7735 -0.0972 -0.6264
vn -0.7918 -0.0820 -0.6053
vn -0.7960 -0.0498 -0.6032
vn -0.9908 0.0736 -0.1131
vn -0.9909 0.0723 -0.1139
vn -0.0057 0.9907 -0.1360
vn -0.0585 0.9771 -0.2046
vn 0.1620 0.0218 -0.9866
vn 0.1514 0.0171 -0.9883
vn 0.1684 0.0119 -0.9856
vn -0.2548 0.0752 0.9641
vn -0.1648 0.0978 0.9815
vn -0.3049 -0.0776 0.9492
vn -0.1101 -0.0357 -0.9933
vn -0.0578 0.0443 -0.9973
vn -0.0477 0.0442 -0.9979
vn -0.1956 -0.5353 0.8217
vn -0.1861 -0.5687 0.8012
vn -0.1234 -0.5579 0.8207
vn -0.1955 -0.1153 -0.9739
vn -0.1671 -0.0849 -0.9823
vn -0.2311 -0.0559 -0.9713
vn -0.4071 0.1090 0.9068
vn -0.4783 0.0857 0.8740
vn -0.4867 0.1494 0.8607
vn -0.5201 0.4039 0.7526
vn -0.5526 0.4331 0.7121
vn -0.5384 0.4611 0.7054
vn -0.0684 -0.9950 0.0734
vn 0.0276 -0.9995 -0.0138
vn 0.0450 -0.9969 0.0648
vn 0.2618 0.9338 0.2441
vn 0.2920 0.9074 0.3021
vn 0.2658 0.9376 0.2243
vn 0.0144 0.7917 -0.6107
vn -0.1085 0.7549 -0.6468
vn 0.1203 0.9159 -0.3830
vn 0.1389 -0.0270 -0.9899
vn 0.0542 -0.0164 -0.9984
vn 0.0233 0.0260 -0.9994
vn 0.1190 -0.1848 -0.9756
vn -0.0044 -0.2197 0.9755
vn -0.0267 -0.2652 0.9638
vn 0.0006 -0.2329 0.9725
vn 0.1996 0.9539 0.2241
vn 0.5861 0.7934 0.1643
vn 0.3831 0.9077 0.1713
vn 0.6374 0.2883 -0.7146
vn 0.4227 0.3084 -0.8522
vn 0.3628 0.3078 -0.8796
vn -0.1409 -0.8232 -0.5500
vn -0.1100 -0.8646 -0.4903
vn -0.1187 -0.9030 -0.4129
vn 0.1458 0.1245 -0.9814
vn 0.1452 0.1110 -0.9832
vn 0.1459 0.1172 -0.9823
vn -0.9084 -0.0745 -0.4115
vn -0.9322 0.1412 -0.3334
vn -0.9202 0.1278 -0.3699
vn -0.7559 -0.1900 0.6266
vn -0.7639 -0.1154 0.6350
vn -0.7729 -0.1675 0.6120
vn 0.5390 0.8285 0.1518
vn 0.5706 0.8012 0.1801
vn 0.4837 0.8374 0.2547
vn -0.6148 -0.0547 -0.7868
vn -0.6076 -0.0705 -0.7911
vn -0.6133 -0.0842 -0.7853
vn -0.7585 -0.2073 -0.6178
vn -0.7664 -0.1802 -0.6165
vn -0.7436 -0.1951 -0.6395
vn 0.0472 0.5055 0.8615
vn 0.1295 0.4358 0.8907
vn 0.2478 0.5042 0.8273
vn -0.3769 0.8317 0.4077
vn -0.3731 0.8108 0.4510
vn -0.4444 0.8201 0.3604
vn 0.6905 -0.0690 -0.7200
vn 0.6692 -0.0675 -0.7400
vn 0.6276 -0.0734 -0.7751
vn 0.9598 0.2319 -0.1584
vn 0.9887 0.1499 0.0054
vn 0.9775 0.1980 -0.0720
vn 0.6926 -0.0626 -0.7186
vn 0.6652 -0.0754 -0.7428
vn 0.6370 -0.0298 -0.7702
vn -0.7315 -0.0917 -0.6756
vn -0.0243 0.8843 0.4662
vn 0.0695 0.9009 0.4285
vn 0.0728 0.9103 0.4074
vn 0.7916 0.1551 0.5910
vn 0.7265 -0.0544 0.6850
vn 0.7408 0.3005 0.6007
vn -0.9858 0.1660 -0.0246
vn -0.9891 0.1472 0.0039
vn -0.9849 0.1728 0.0068
vn -0.9242 0.3790 0.0475
vn -0.9229 0.3817 0.0510
vn -0.9245 0.3783 0.0464
vn 0.6819 -0.4066 -0.6080
vn 0.7339 -0.3899 -0.5561
vn -0.3234 0.5716 0.7542
vn -0.3717 0.5019 0.7810
vn -0.3417 0.4611 0.8189
vn -0.3521 -0.0142 0.9359
vn -0.3660 0.0260 0.9303
vn -0.1043 0.0954 0.9900
vn 0.0297 -0.4393 0.8979
vn -0.0161 -0.5959 0.8029
vn -0.0032 -0.6201 0.7845
vn 0.0084 -0.9820 0.1888
vn 0.0120 -0.9714 0.2371
vn -0.0768 -0.9799 0.1841
vn 0.0977 -0.9784 0.1822
vn 0.0752 -0.9747 0.2103
vn 0.0841 -0.9828 0.1647
vn -0.6240 0.3866 0.6791
vn -0.6069 0.3076 0.7328
vn -0.6421 0.3388 0.6877
vn -0.3495 0.0379 0.9362
vn -0.4200 0.1236 0.8991
vn -0.4692 -0.0192 0.8829
vn -0.1444 0.0373 0.9888
vn -0.1481 0.0043 0.9890
vn -0.0946 0.0235 0.9952
vn 0.1258 -0.9849 0.1191
vn 0.1324 -0.9863 0.0987
vn 0.1768 -0.9796 0.0961
vn -0.6559 0.0676 0.7518
vn -0.6561 0.0665 0.7517
vn -0.6573 0.0630 0.7510
vn 0.3083 -0.0120 -0.9512
vn 0.4095 0.0633 -0.9101
vn 0.3041 0.0476 -0.9514
vn 0.0202 0.1838 -0.9828
vn 0.1386 0.1349 -0.9811
vn 0.1169 0.1020 -0.9879
vn 0.8107 0.5409 0.2239
vn 0.8538 0.4866 0.1850
vn 0.8506 0.5157 0.1023
vn 0.3671 0.9300 -0.0196
vn 0.4004 0.9157 -0.0348
vn 0.4418 0.8970 -0.0172
vn -0.9787 0.1967 -0.0592
vn 0.8617 -0.2349 -0.4497
vn 0.9212 0.1742 -0.3478
vn 0.9798 -0.1567 -0.1244
vn 0.0513 -0.7382 -0.6726
vn -0.6210 0.7448 0.2441
vn -0.6390 0.7155 0.2825
vn -0.5889 0.8034 0.0886
vn -0.6150 0.3437 0.7097
vn 0.7929 -0.6060 0.0638
vn -0.2366 0.0048 -0.9716
vn -0.2231 -0.0134 -0.9747
vn -0.2386 -0.0299 -0.9707
vn 0.2044 -0.8282 -0.5219
vn 0.2453 -0.7481 -0.6166
vn 0.3744 0.4330 0.8200
vn 0.3124 0.5744 0.7566
vn 0.2323 0.4962 0.8366
vn -0.0396 -0.2516 -0.9670
vn 0.0885 -0.1493 -0.9848
vn 0.1303 -0.1164 -0.9846
vn 0.1842 0.1406 -0.9728
vn 0.3875 0.0633 -0.9197
vn 0.1916 -0.0863 -0.9777
vn 0.2957 -0.1266 -0.9468
vn 0.0849 -0.1326 -0.9875
vn -0.0185 -0.0696 -0.9974
vn 0.0789 -0.1114 -0.9906
vn -0.7307 -0.1696 -0.6613
vn -0.8688 -0.1748 -0.4634
vn -0.8481 0.0431 -0.5281
vn 0.4591 0.0755 -0.8852
vn 0.4670 0.0377 -0.8835
vn 0.4719 0.0046 -0.8816
vn 0.1504 0.8672 0.4747
vn 0.0438 0.7688 0.6380
vn 0.1111 0.8873 0.4476
vn -0.3332 0.0281 0.9424
vn -0.3741 -0.0040 0.9274
vn -0.3097 0.0537 0.9493
vn -0.6226 0.2087 -0.7542
vn -0.5801 0.1756 -0.7954
vn -0.5948 0.2361 -0.7684
vn 0.3039 -0.0353 -0.9520
vn 0.2079 -0.0537 -0.9767
vn 0.3801 -0.0422 -0.9240
vn 0.1022 -0.0665 -0.9925
vn 0.0901 0.0219 -0.9957
vn 0.0851 -0.0041 -0.9964
vn -0.5315 0.3219 0.7835
vn -0.5841 0.4144 0.6980
vn -0.5015 0.4009 0.7667
vn -0.2352 -0.7395 0.6307
vn -0.3424 -0.6868 0.6411
vn -0.2368 -0.7846 0.5730
vn -0.9850 -0.0175 -0.1715
vn -0.9894 0.0664 -0.1291
vn -0.9910 0.0506 -0.1240
vn -0.0309 0.4725 0.8808
vn -0.3688 0.3106 0.8761
vn 0.4397 -0.8802 -0.1785
vn 0.5078 -0.8293 -0.2334
vn 0.3910 -0.8680 -0.3062
vn -0.6312 0.1960 0.7504
vn -0.5598 0.3038 0.7710
vn -0.6164 0.1939 0.7632
vn -0.9473 0.3056 -0.0955
vn -0.9424 0.2902 -0.1662
vn -0.9368 0.2912 -0.1941
vn 0.1808 0.0506 -0.9822
vn 0.2177 0.0311 -0.9755
vn 0.1813 -0.0421 -0.9825
vn -0.3607 0.0156 0.9325
vn -0.4474 -0.0363 0.8936
vn -0.3798 0.1495 0.9129
vn -0.1105 -0.9905 0.0823
vn -0.2464 -0.9691 -0.0106
vn -0.1496 -0.9886 -0.0148
vn -0.5888 -0.1807 -0.7878
vn -0.6425 0.0517 -0.7646
vn -0.6358 -0.0290 -0.7713
vn 0.2390 -0.1881 -0.9526
vn -0.1157 0.1810 -0.9766
vn 0.2107 0.1457 -0.9666
vn 0.3951 -0.8613 0.3196
vn 0.5088 -0.6583 0.5547
vn 0.5114 -0.6203 0.5947
vn 0.8539 0.5203 0.0146
vn 0.9050 0.4145 0.0955
vn 0.8338 0.5460 -0.0811
vn -0.9886 -0.0102 0.1502
vn -0.9997 -0.0039 0.0241
vn -0.9992 0.0093 0.0378
vn 0.0572 -0.0997 -0.9934
vn 0.1774 -0.0508 -0.9828
vn 0.0769 -0.0530 -0.9956
vn -0.9122 0.1642 0.3753
vn -0.9026 0.1725 0.3945
vn -0.5596 0.1533 0.8145
vn -0.5431 0.1857 0.8188
vn -0.5745 0.1146 0.8104
vn 0.9507 -0.0476 0.3063
vn 0.9209 -0.0887 0.3796
vn 0.9448 -0.0966 0.3130
vn -0.7101 0.2139 -0.6708
vn -0.7094 0.2111 -0.6725
vn -0.7113 0.2183 -0.6681
vn 0.4483 -0.0101 -0.8938
vn 0.3743 0.0180 -0.9271
vn 0.4546 0.0004 -0.8907
vn -0.0511 -0.0944 -0.9942
vn -0.0455 0.2215 -0.9741
vn -0.0437 -0.0870 -0.9952
vn -0.2613 0.2346 0.9363
vn -0.1892 0.1962 0.9621
vn -0.1730 0.2112 0.9620
vn 0.1357 0.0275 -0.9904
vn 0.1581 -0.1220 -0.9799
vn 0.0916 -0.0370 -0.9951
vn 0.0640 -0.0490 -0.9967
vn -0.6398 0.2075 0.7400
vn -0.6398 0.1387 0.7559
vn -0.6401 0.1886 0.7448
vn -0.0595 -0.1202 0.9910
vn -0.0589 -0.1207 0.9909
vn -0.0587 -0.1208 0.9909
vn -0.0212 0.1394 -0.9900
vn 0.0441 0.0049 -0.9990
vn -0.0317 0.1478 -0.9885
vn -0.1725 -0.1948 -0.9656
vn -0.1836 0.0801 -0.9797
vn 0.2527 -0.3816 -0.8891
vn -0.0134 0.2375 0.9713
vn 0.1740 0.6840 -0.7085
vn 0.2706 0.7169 -0.6425
vn 0.3320 0.5877 -0.7378
vn -0.0835 -0.1605 0.9835
vn -0.0790 -0.1583 0.9842
vn -0.0759 -0.1563 0.9848
vn -0.8765 -0.0465 0.4791
vn -0.8914 -0.1014 0.4417
vn -0.8914 -0.0033 0.4532
vn -0.3618 -0.8756 0.3201
vn -0.3522 -0.8684 0.3491
vn -0.3744 -0.8668 0.3294
vn 0.4687 0.3841 0.7955
vn -0.0063 -0.9789 0.2042
vn -0.0051 -0.9822 0.1877
vn -0.1120 -0.9777 0.1776
vn 0.1520 -0.1125 0.9820
vn 0.1123 -0.1487 0.9825
vn 0.1356 -0.1258 0.9827
vn 0.3202 -0.7220 0.6133
vn 0.2724 -0.7616 0.5880
vn 0.3054 -0.7534 0.5824
vn -0.7199 0.2366 -0.6525
vn -0.7311 0.2324 -0.6415
vn -0.6929 0.2309 -0.6830
vn 0.0916 -0.9579 0.2721
vn 0.1118 -0.9364 0.3328
vn 0.2381 -0.9500 0.2023
vn 0.7925 0.2119 -0.5719
vn 0.5804 0.0126 -0.8142
vn 0.7671 0.1116 -0.6318
vn 0.0026 -0.8041 0.5945
vn -0.0279 -0.8545 0.5187
vn -0.0394 -0.7721 0.6342
vn -0.1904 0.4890 0.8512
vn -0.1799 0.4229 0.8881
vn -0.3286 0.3389 0.8816
vn 0.0304 -0.9940 0.1053
vn 0.0732 -0.9897 0.1232
vn 0.0734 -0.9846 0.1587
vn -0.1607 -0.8988 0.4078
vn -0.1712 -0.8913 0.4198
vn -0.2103 -0.9293 0.3037
vn -0.2367 -0.9665 0.0990
vn -0.1878 -0.9738 0.1283
vn -0.2373 -0.9664 0.0990
vn -0.3748 0.3341 0.8648
vn -0.3470 0.5507 0.7592
vn -0.3933 0.2232 0.8919
vn 0.1408 0.0999 -0.9850
vn 0.1659 0.0775 -0.9831
vn -0.1038 -0.8966 0.4305
vn 0.7302 0.3805 0.5675
vn 0.7985 0.4456 0.4048
vn 0.8423 0.3069 0.4431
vn -0.3212 -0.9070 0.2723
vn -0.6849 0.0052 0.7286
vn -0.7284 0.0480 0.6835
vn -0.6886 -0.0510 0.7233
vn -0.8833 -0.3524 0.3092
vn -0.9046 -0.3138 0.2886
vn -0.9012 -0.3286 0.2825
vn 0.0679 -0.5216 -0.8505
vn -0.9684 0.0897 -0.2328
vn -0.9909 -0.1170 -0.0671
vn -0.9543 -0.1967 -0.2252
vn 0.3715 0.2195 0.9021
vn 0.3797 0.2061 0.9018
vn 0.4471 0.2220 0.8665
vn 0.0599 0.5047 0.8612
vn 0.0821 0.5015 0.8612
vn 0.0533 0.5254 0.8492
vn 0.0740 0.4856 0.8711
vn 0.1026 0.4629 0.8805
vn 0.1401 0.4565 0.8786
vn -0.0468 -0.9650 -0.2579
vn 0.0555 -0.9591 -0.2776
vn -0.0180 -0.9407 -0.3388
vn 0.5918 0.4622 -0.6604
vn 0.6621 0.3006 -0.6865
vn 0.5574 0.4427 -0.7024
vn 0.3835 0.0041 -0.9235
vn 0.4407 -0.0224 -0.8974
vn -0.3489 0.1539 -0.9244
vn -0.3511 0.1525 -0.9239
vn -0.3515 0.1522 -0.9237
vn -0.0052 -0.0101 0.9999
vn -0.0075 -0.0043 1.0000
vn -0.0083 -0.0025 1.0000
vn 0.1277 -0.0650 0.9897
vn -0.2090 0.0333 0.9773
vn -0.0357 0.0518 0.9980
vn -0.4197 0.2139 -0.8821
vn -0.3922 0.1339 -0.9101
vn -0.3000 0.1560 -0.9411
vn 0.0573 0.1935 -0.9794
vn 0.0201 0.0964 -0.9951
vn 0.0453 0.0194 -0.9988
vn 0.0398 -0.9761 -0.2138
vn 0.0493 -0.9733 -0.2243
vn -0.0158 -0.9754 -0.2198
vn 0.4160 0.6967 0.5844
vn 0.5879 0.6456 0.4874
vn 0.5032 0.6360 0.5850
vn -0.1314 -0.9896 0.0589
vn -0.1577 -0.9859 0.0552
vn -0.1518 -0.9863 0.0642
vn -0.3164 0.2743 0.9081
vn -0.3092 0.2815 0.9084
vn -0.3170 0.2858 0.9044
vn 0.0533 -0.9986 -0.0050
vn 0.0521 -0.9977 -0.0439
vn 0.0333 -0.9888 0.1453
vn 0.0055 0.1345 -0.9909
vn -0.0449 0.0274 -0.9986
vn -0.0283 0.0566 -0.9980
vn 0.4894 0.2182 -0.8443
vn 0.6531 0.3102 -0.6908
vn 0.6467 0.2208 -0.7301
vn 0.9186 0.0405 0.3931
vn 0.8890 0.0505 0.4552
vn 0.9261 0.0433 0.3748
vn -0.4365 0.8940 -0.1014
vn -0.3596 0.9198 -0.1572
vn -0.3883 0.9048 -0.1751
vn -0.2469 0.0138 0.9690
vn -0.2346 0.0539 0.9706
vn -0.3281 -0.0037 0.9446
vn 0.7123 -0.0773 0.6976
vn 0.7709 0.0976 0.6295
vn 0.7353 -0.0134 0.6776
vn -0.1618 -0.9418 -0.2946
vn -0.1036 -0.9261 -0.3627
vn -0.0499 -0.9526 -0.3000
vn -0.1690 -0.3323 0.9279
vn 0.1664 0.0733 -0.9833
vn 0.1481 0.1869 -0.9712
vn 0.1949 0.0203 -0.9806
vn -0.2517 0.9636 -0.0896
vn -0.1359 0.9904 0.0260
vn -0.1153 0.9872 -0.1106
vn 0.5882 0.7691 -0.2499
vn 0.4755 0.8424 -0.2535
vn 0.5754 0.7937 -0.1974
vn -0.8941 -0.1686 -0.4148
vn -0.9548 0.0847 -0.2851
vn -0.8888 -0.1815 -0.4207
vn 0.0041 0.1330 -0.9911
vn 0.0043 0.1326 -0.9912
vn 0.0089 0.1273 -0.9918
vn 0.9336 -0.1750 0.3126
vn 0.9324 -0.2652 0.2456
vn 0.9502 -0.1856 0.2502
vn 0.2286 -0.0877 0.9696
vn 0.2556 0.1513 0.9549
vn 0.2771 -0.0259 0.9605
vn 0.4502 -0.8811 -0.1449
vn 0.2892 -0.9562 0.0443
vn 0.3330 -0.9414 -0.0538
vn -0.7300 -0.2797 -0.6237
vn -0.8289 0.0204 -0.5590
vn -0.8195 -0.2483 -0.5164
vn -0.6143 -0.7802 -0.1176
vn -0.5344 -0.8452 0.0036
vn -0.5767 -0.8167 0.0196
vn -0.9655 -0.0794 -0.2481
vn -0.9536 -0.0139 -0.3008
vn -0.9317 -0.0629 -0.3577
vn 0.5921 0.1561 -0.7906
vn 0.1394 0.2505 -0.9580
vn 0.3571 0.3017 -0.8840
vn 0.2041 0.0353 -0.9783
vn 0.2455 -0.0647 -0.9672
vn 0.0235 0.0396 -0.9989
vn -0.7755 0.0032 0.6314
vn -0.7752 0.0030 0.6317
vn -0.7762 0.0037 0.6305
vn 0.2112 0.3711 -0.9043
vn 0.2079 0.0639 -0.9761
vn 0.1086 0.3340 -0.9363
vn -0.1253 -0.1049 -0.9866
vn 0.0177 0.2000 -0.9796
vn 0.1329 -0.0815 -0.9878
vn 0.1143 0.1640 -0.9798
vn 0.1488 -0.7538 -0.6401
vn 0.1559 -0.7569 -0.6346
vn 0.1601 -0.7515 -0.6400
vn -0.1695 -0.8914 -0.4203
vn -0.1427 -0.9026 -0.4062
vn -0.1558 -0.9171 -0.3669
vn -0.3355 0.1179 0.9346
vn -0.3316 0.0804 0.9400
vn -0.3231 0.1148 0.9394
vn -0.0530 -0.7652 -0.6416
vn -0.0647 -0.7918 -0.6073
vn -0.1629 -0.6592 -0.7341
vn 0.7204 0.1394 0.6794
vn 0.7161 0.1351 0.6848
vn 0.7200 0.1391 0.6799
vn 0.9473 0.2815 0.1527
vn 0.9515 0.2727 0.1423
vn 0.9452 0.2929 0.1445
vn 0.0841 0.2103 -0.9740
vn -0.4449 0.8933 -0.0641
vn -0.4013 0.8976 -0.1826
vn -0.5306 0.8316 -0.1639
vn -0.9187 0.1861 -0.3483
vn -0.1238 0.0202 0.9921
vn -0.1262 0.0126 0.9919
vn -0.1372 -0.0068 0.9905
vn 0.6565 0.4622 -0.5962
vn 0.4346 0.6050 -0.6672
vn 0.6396 0.2865 -0.7133
vn -0.7731 -0.0467 0.6326
vn -0.7770 0.0115 0.6293
vn -0.8270 -0.0366 0.5610
vn -0.9743 0.1745 0.1425
vn -0.9757 0.1641 0.1454
vn -0.9729 0.1730 0.1536
vn -0.8168 0.0150 -0.5768
vn 0.2056 0.6699 0.7134
vn 0.1221 0.7038 0.6998
vn 0.1041 0.6369 0.7638
vn -0.9478 0.2720 0.1664
vn -0.9801 0.1963 0.0301
vn -0.9841 0.1751 0.0293
vn -0.0194 -0.0032 -0.9998
vn -0.1112 -0.4175 -0.9019
vn -0.4262 0.1332 -0.8948
vn 0.4647 -0.1471 0.8732
vn 0.4236 0.1718 0.8894
vn 0.1982 -0.1472 0.9690
vn -0.3321 0.9426 0.0352
vn -0.4673 0.8799 0.0862
vn -0.3100 0.9243 0.2227
vn -0.0683 0.7419 0.6670
vn -0.0373 0.6524 0.7570
vn -0.0110 0.7742 0.6328
vn 0.0479 0.9680 0.2464
vn 0.0126 -0.1033 0.9946
vn 0.0822 0.1148 0.9900
vn 0.0061 -0.0462 0.9989
vn 0.6171 0.5547 0.5581
vn 0.8092 0.3267 0.4883
vn 0.7451 0.3692 0.5554
vn -0.0485 0.9537 0.2967
vn -0.1250 0.9619 0.2433
vn -0.1516 0.9569 0.2477
vn 0.7355 0.4384 -0.5165
vn 0.5967 0.3852 -0.7040
vn 0.5833 0.4132 -0.6993
vn -0.7302 0.2707 0.6273
vn -0.7281 0.2036 0.6545
vn -0.7888 0.3136 0.5286
vn 0.2098 0.1579 -0.9649
vn 0.3579 0.0809 -0.9302
vn 0.2550 0.0440 -0.9659
vn -0.0925 -0.6179 0.7808
vn -0.1073 -0.6869 0.7188
vn -0.1744 -0.5205 0.8359
vn -0.3622 -0.9309 -0.0465
vn -0.4644 -0.8749 -0.1371
vn -0.2481 -0.9622 -0.1119
vn -0.3749 0.2960 0.8785
vn -0.3753 0.2933 0.8793
vn -0.3602 0.2831 0.8889
vn -0.7266 -0.0041 -0.6871
vn -0.7941 0.0051 -0.6078
vn -0.7410 0.0953 -0.6647
vn 0.0658 -0.0728 -0.9952
vn 0.1139 0.0529 -0.9921
vn 0.0730 0.0545 -0.9958
vn 0.2027 0.4678 -0.8603
vn 0.2174 0.5133 -0.8302
vn 0.2148 0.4994 -0.8393
vn -0.8425 -0.0622 -0.5351
vn -0.8532 -0.0627 -0.5178
vn -0.8348 0.1391 -0.5326
vn -0.0218 -0.9263 -0.3761
vn 0.0331 -0.9194 -0.3919
vn -0.0538 -0.9552 -0.2909
vn 0.0002 0.4490 0.8935
vn 0.1271 0.4722 0.8723
vn 0.0761 0.4723 0.8782
vn 0.8409 0.4797 -0.2507
vn 0.7874 0.5732 -0.2270
vn 0.8495 0.5136 -0.1208
vn 0.1077 -0.0359 -0.9935
vn 0.2147 0.1454 -0.9658
vn 0.3069 -0.1332 -0.9424
vn 0.1373 0.2303 -0.9634
vn 0.1390 0.2286 -0.9636
vn 0.1364 0.2298 -0.9636
vn 0.9774 0.0146 0.2108
vn 0.9598 0.2042 0.1928
vn 0.9500 0.0497 0.3083
vn 0.0686 -0.9233 0.3779
vn 0.1026 -0.9431 0.3162
vn 0.0712 -0.9106 0.4072
vn -0.4176 0.7230 -0.5503
vn 0.7750 0.5077 0.3762
vn -0.7351 0.6186 0.2775
vn 0.5075 0.8435 -0.1760
vn -0.6574 0.2565 -0.7086
vn -0.6870 0.2477 -0.6832
vn -0.6654 0.2434 -0.7057
vn -0.1623 -0.0241 -0.9864
vn -0.2624 0.0199 -0.9648
vn -0.0909 0.1843 -0.9787
vn 0.4214 0.0880 0.9026
vn 0.4740 -0.0313 0.8799
vn 0.4658 0.1230 0.8763
vn 0.0087 -0.9452 0.3264
vn 0.0264 -0.9596 0.2801
vn 0.0456 -0.9588 0.2803
vn 0.9973 -0.0571 0.0455
vn 0.9929 -0.0112 0.1185
vn 0.9955 -0.0415 0.0857
vn -0.3913 0.2096 0.8961
vn 0.0925 0.9864 0.1357
vn 0.0324 0.9670 0.2528
vn 0.0701 0.9806 0.1830
vn 0.6892 0.0533 -0.7226
vn 0.6889 0.0429 -0.7236
vn 0.6882 0.0688 -0.7222
vn -0.6742 0.2015 0.7106
vn -0.6618 0.2230 0.7157
vn -0.7093 0.1769 0.6824
vn 0.1987 0.9538 -0.2255
vn 0.9962 -0.0864 -0.0123
vn 0.9732 -0.1756 0.1486
vn 0.9830 -0.1833 -0.0115
vn -0.8703 0.2769 -0.4072
vn -0.8693 0.1565 -0.4688
vn -0.8831 0.1566 -0.4422
vn -0.1679 -0.7923 -0.5865
vn 0.7866 0.5095 0.3488
vn 0.6602 -0.0835 0.7464
vn 0.6731 -0.0566 0.7374
vn 0.7113 -0.0015 0.7029
vn 0.2316 0.0499 -0.9715
vn 0.1544 0.0765 -0.9850
vn 0.2933 0.0994 -0.9508
vn 0.9851 -0.1219 -0.1217
vn 0.9849 -0.1185 -0.1265
vn 0.9836 -0.1085 -0.1443
vn 0.5551 -0.3235 0.7663
vn 0.7160 -0.1688 0.6774
vn 0.5998 -0.0385 0.7993
vn 0.4631 -0.3293 0.8229
vn 0.3698 -0.2626 0.8912
vn 0.3247 -0.5421 0.7751
vn 0.7541 0.1073 -0.6479
vn 0.7747 0.1981 -0.6005
vn 0.7961 0.1058 -0.5959
vn 0.6652 0.0742 0.7430
vn 0.4515 0.0303 0.8918
vn 0.5777 -0.0752 0.8128
vn 0.4919 -0.2451 0.8354
vn 0.5014 -0.0839 0.8611
vn 0.5375 -0.2688 0.7993
vn -0.9693 -0.1182 -0.2158
vn 0.9589 0.2793 0.0505
vn 0.9605 0.2611 0.0963
vn 0.9206 0.3455 0.1820
vn -0.1388 0.6485 0.7485
vn -0.1735 0.6743 0.7178
vn -0.1473 0.6483 0.7470
vn -0.9495 -0.0112 -0.3136
vn 0.2305 0.4072 -0.8838
vn 0.1350 0.4514 -0.8820
vn 0.1473 0.3926 -0.9078
vn 0.0475 -0.0310 -0.9984
vn 0.1087 -0.0114 -0.9940
vn 0.0753 -0.0149 -0.9971
vn -0.0329 0.2597 -0.9651
vn -0.0304 0.2570 -0.9659
vn -0.0432 0.2511 -0.9670
vn 0.0237 -0.9968 -0.0768
vn 0.0143 -0.9973 0.0726
vn -0.1807 -0.9835 0.0100
vn 0.2848 -0.9555 -0.0764
vn 0.2684 -0.9609 -0.0678
vn 0.2487 -0.9670 -0.0555
vn -0.0636 -0.0036 -0.9980
vn -0.0085 -0.0102 -0.9999
vn -0.0410 0.0054 -0.9991
vn -0.4531 0.0912 -0.8868
vn -0.3921 0.1161 -0.9126
vn -0.3677 0.0743 -0.9270
vn 0.1811 0.0723 -0.9808
vn 0.1912 -0.0012 -0.9816
vn 0.1790 0.0390 -0.9831
vn -0.1916 -0.9346 -0.2997
vn -0.2620 -0.9544 -0.1429
vn -0.1106 -0.9723 -0.2058
vn 0.8862 0.3564 -0.2961
vn -0.6471 -0.1810 0.7406
vn -0.6554 -0.1293 0.7442
vn -0.6528 -0.1788 0.7361
vn 0.3651 -0.8062 -0.4655
vn 0.5562 0.8242 -0.1062
vn 0.2832 0.9503 -0.1290
vn 0.5098 0.8575 -0.0689
vn -0.3098 0.0739 -0.9479
vn -0.3698 -0.0554 -0.9275
vn -0.3708 0.0184 -0.9285
vn -0.0899 0.1826 -0.9791
vn 0.0720 0.2470 -0.9663
vn -0.0496 -0.0503 -0.9975
vn -0.1162 0.9380 0.3267
vn -0.1843 0.9351 0.3026
vn -0.1077 0.9055 0.4104
vn 0.0561 0.8402 -0.5393
vn 0.0748 0.8215 -0.5653
vn 0.0490 0.8275 -0.5594
vn -0.6745 -0.5137 -0.5303
vn -0.6736 -0.5145 -0.5306
vn -0.6263 -0.5225 -0.5786
vn -0.6484 0.5569 0.5191
vn -0.5021 0.7051 0.5007
vn -0.5130 0.7234 0.4622
vn -0.2725 -0.8659 -0.4194
vn -0.2652 -0.8675 -0.4208
vn -0.2695 -0.8666 -0.4199
vn 0.3923 -0.0372 -0.9191
vn 0.3731 -0.1321 -0.9183
vn 0.3577 -0.1657 -0.9190
vn -0.9142 0.1392 -0.3805
vn -0.8466 0.1395 -0.5137
vn -0.9184 0.0073 -0.3957
vn -0.6503 0.7230 -0.2334
vn -0.7284 0.6225 -0.2862
vn -0.5896 0.7965 -0.1340
vn -0.0772 -0.9764 -0.2016
vn 0.0182 -0.9710 -0.2382
vn -0.0375 -0.9832 -0.1788
vn -0.6397 0.0334 -0.7679
vn -0.7071 0.1269 -0.6956
vn -0.7243 -0.0016 -0.6894
vn 0.2976 -0.0212 -0.9545
vn 0.3855 0.0051 -0.9227
vn 0.2236 -0.0247 -0.9744
vn 0.0611 0.1192 -0.9910
vn 0.1431 0.1806 -0.9731
vn 0.1139 0.1191 -0.9863
vn -0.3209 0.9311 -0.1733
vn -0.3043 0.9422 -0.1400
vn -0.3590 0.9293 -0.0865
vn -0.1234 -0.9283 0.3507
vn -0.0886 -0.9609 0.2623
vn -0.0275 -0.9225 0.3849
vn -0.1465 -0.1165 0.9823
vn -0.3783 -0.0652 0.9234
vn -0.3666 -0.0465 0.9292
vn -0.2519 -0.1663 -0.9534
vn -0.5823 -0.4129 -0.7003
vn -0.3767 -0.2493 -0.8922
vn -0.1329 0.4556 -0.8802
vn -0.0802 0.5396 -0.8381
vn -0.2573 0.3363 -0.9059
vn 0.2887 0.0099 -0.9574
vn 0.3077 0.0387 -0.9507
vn 0.2997 0.0249 -0.9537
vn -0.8526 0.3915 0.3462
vn -0.8484 0.3179 0.4233
vn -0.8489 0.2926 0.4403
vn -0.1290 0.8317 -0.5400
vn -0.1417 0.8497 -0.5079
vn -0.0318 -0.0142 -0.9994
vn -0.1410 0.0498 -0.9888
vn 0.0209 -0.0960 -0.9952
vn -0.1604 0.0766 0.9841
vn -0.1347 0.0794 0.9877
vn -0.1675 0.1202 0.9785
vn -0.8303 0.5115 -0.2211
vn -0.3713 0.0783 -0.9252
vn -0.3454 -0.0018 -0.9385
vn -0.5196 0.0197 -0.8542
vn -0.9056 0.1646 0.3909
vn -0.8589 0.1563 0.4878
vn -0.8899 0.1802 0.4191
vn 0.3585 0.5462 0.7571
vn 0.3302 0.5546 0.7638
vn 0.3799 0.6201 0.6864
vn -0.8557 -0.1845 0.4834
vn -0.8210 -0.2293 0.5229
vn -0.8739 -0.1201 0.4710
vn -0.9131 -0.0679 0.4020
vn -0.9136 -0.0633 0.4018
vn -0.9120 -0.1061 0.3963
vn -0.7258 0.3025 0.6179
vn -0.7123 0.1824 0.6777
vn -0.7517 0.3338 0.5688
vn 0.0075 -0.0335 -0.9994
vn 0.0080 -0.0320 -0.9995
vn -0.1708 0.4023 0.8994
vn -0.1790 0.4007 0.8985
vn -0.1879 0.3912 0.9009
vn -0.1322 -0.0465 -0.9901
vn -0.1162 -0.0637 -0.9912
vn -0.0941 -0.0348 -0.9950
vn -0.6260 -0.0007 -0.7798
vn -0.6830 0.0901 -0.7249
vn -0.6852 -0.0011 -0.7283
vn 0.1333 0.3365 0.9322
vn 0.2067 0.3127 0.9271
vn 0.1578 0.4121 0.8974
vn 0.6353 -0.0120 -0.7722
vn 0.6513 -0.0858 -0.7540
vn 0.5984 -0.0464 -0.7998
vn 0.3618 -0.0058 -0.9322
vn 0.3783 -0.0923 -0.9211
vn 0.1833 -0.1345 -0.9738
vn 0.7468 0.0860 -0.6594
vn 0.7592 0.0003 -0.6509
vn 0.7444 0.0654 -0.6645
vn 0.1425 0.2945 0.9450
vn 0.0993 -0.0875 -0.9912
vn -0.0009 -0.1395 -0.9902
vn 0.0413 0.0088 -0.9991
vn -0.1451 0.1094 0.9833
vn -0.2365 0.0255 0.9713
vn -0.1820 -0.0060 0.9833
vn 0.4811 -0.8597 -0.1718
vn 0.5057 -0.8338 -0.2213
vn 0.5547 -0.8169 -0.1582
vn -0.0013 0.8958 0.4445
vn -0.0879 0.9054 0.4154
vn 0.0974 0.8709 0.4818
vn -0.0292 -0.0632 -0.9976
vn -0.0247 -0.0594 -0.9979
vn -0.0302 -0.0622 -0.9976
vn 0.9962 -0.0414 -0.0762
vn 0.9984 -0.0406 -0.0394
vn 0.9950 -0.0947 0.0323
vn 0.7694 0.5698 0.2887
vn 0.7252 0.6558 0.2095
vn 0.7255 0.6558 0.2087
vn -0.2420 0.2504 -0.9374
vn -0.2898 0.2125 -0.9332
vn -0.8834 0.1974 -0.4251
vn -0.9578 0.0833 -0.2751
vn -0.9239 0.1059 -0.3678
vn 0.0404 -0.0095 -0.9991
vn 0.1242 0.1124 -0.9859
vn 0.1025 0.1003 -0.9897
vn 0.0178 -0.8700 -0.4927
vn 0.1460 -0.8913 -0.4293
vn 0.0293 -0.9015 -0.4318
vn 0.1897 0.0381 -0.9811
vn 0.2003 -0.0347 -0.9791
vn 0.1568 -0.0502 -0.9864
vn 0.0045 -0.9497 -0.3130
vn 0.0884 -0.9839 -0.1552
vn 0.0172 -0.9873 -0.1580
vn -0.0084 -0.9835 0.1809
vn 0.0837 -0.9895 0.1181
vn 0.0371 -0.9733 0.2267
vn -0.8400 0.2324 -0.4902
vn -0.9744 0.1329 -0.1815
vn -0.7198 0.2550 -0.6457
vn 0.2386 0.9185 0.3154
vn 0.1507 0.9202 0.3613
vn 0.3297 0.8164 0.4741
vn -0.1861 -0.9798 0.0727
vn -0.1952 -0.9784 0.0681
vn -0.0952 -0.9944 -0.0452
vn -0.4162 0.7410 -0.5270
vn -0.4900 0.6928 -0.5291
vn -0.4977 0.7551 -0.4267
vn -0.6962 0.0100 -0.7178
vn 0.7757 0.3421 0.5303
vn 0.7805 0.3191 0.5376
vn 0.7585 0.3569 0.5453
vn 0.0391 0.7159 0.6971
vn -0.0766 0.5789 0.8118
vn 0.0534 0.7050 0.7072
vn -0.1542 -0.9346 0.3205
vn -0.8680 0.0757 -0.4907
vn -0.8480 -0.3422 -0.4047
vn -0.9108 -0.2002 -0.3611
vn 0.2294 -0.8483 0.4773
vn 0.2595 -0.8444 0.4687
vn 0.2383 -0.8589 0.4534
vn -0.1199 -0.6711 0.7316
vn 0.0363 -0.6400 0.7675
vn -0.2213 -0.6044 0.7653
vn -0.5953 0.8032 0.0228
vn -0.3176 0.9460 -0.0648
vn -0.2771 0.9605 0.0271
vn 0.2634 -0.2221 0.9388
vn 0.4134 0.0882 0.9063
vn 0.2827 0.0053 0.9592
vn 0.3295 -0.7707 -0.5454
vn 0.2093 -0.8128 -0.5437
vn 0.2264 -0.7340 -0.6403
vn -0.9039 0.4275 -0.0131
vn -0.9048 0.4256 -0.0130
vn -0.9122 0.4094 -0.0134
vn 0.1384 -0.9870 -0.0820
vn 0.1103 -0.9889 -0.0996
vn 0.0955 -0.9946 -0.0417
vn 0.1633 0.9454 0.2822
vn 0.1404 0.9465 0.2906
vn 0.0641 0.9430 0.3264
vn 0.5024 0.7072 -0.4975
vn 0.5203 0.7020 -0.4863
vn 0.5334 0.6971 -0.4791
vn -0.7172 -0.0687 -0.6935
vn -0.7346 -0.0390 -0.6774
vn -0.7144 -0.0746 -0.6958
vn -0.9387 0.1178 0.3240
vn -0.7505 -0.6438 -0.1494
vn -0.7286 -0.6469 -0.2251
vn -0.7502 -0.6461 -0.1404
vn 0.0003 -0.0607 0.9982
vn -0.1353 -0.0545 0.9893
vn -0.2685 -0.0495 0.9620
vn 0.6977 0.2098 0.6849
vn 0.7591 0.1054 0.6424
vn 0.6996 0.1464 0.6994
vn 0.9896 0.0876 0.1143
vn 0.9842 0.0977 0.1474
vn 0.9947 0.0552 0.0864
vn -0.2980 0.1983 0.9337
vn -0.4111 0.1563 0.8981
vn -0.3580 0.1511 0.9214
vn -0.5806 0.3353 0.7419
vn -0.5613 0.4761 0.6769
vn -0.6251 0.3190 0.7124
vn 0.1171 0.0895 -0.9891
vn 0.1177 0.0862 -0.9893
vn 0.1480 0.0888 -0.9850
vn 0.0614 -0.0207 -0.9979
vn 0.0666 0.0057 -0.9978
vn -0.0122 0.0078 -0.9999
vn -0.8547 0.2359 0.4624
vn -0.8000 0.4137 0.4346
vn -0.6996 0.2406 0.6728
vn 0.9210 -0.0696 -0.3833
vn 0.9037 -0.0322 -0.4270
vn 0.8582 -0.0056 -0.5133
vn -0.9212 0.0834 -0.3800
vn -0.9739 0.1830 -0.1344
vn -0.9569 0.1393 -0.2549
vn -0.6586 0.4440 0.6076
vn -0.6886 0.3847 0.6147
vn -0.7330 0.3847 0.5610
vn -0.3749 0.0280 0.9267
vn -0.4040 0.0520 0.9133
vn -0.4184 -0.0039 0.9083
vn 0.9130 0.0525 0.4046
vn 0.9189 0.0483 0.3916
vn 0.9085 0.0481 0.4152
vn 0.1089 -0.0543 -0.9926
vn 0.0848 -0.0585 -0.9947
vn 0.1107 -0.0548 -0.9923
vn -0.8092 0.2423 0.5352
vn -0.8140 0.2568 0.5210
vn -0.8115 0.2498 0.5283
vn 0.5018 -0.2749 0.8202
vn 0.5386 -0.0093 0.8425
vn 0.6420 -0.0585 0.7645
vn -0.0174 0.0415 0.9990
vn -0.0791 0.0558 0.9953
vn -0.0643 0.0751 0.9951
vn 0.0076 -0.4530 -0.8915
vn 0.0058 -0.5188 -0.8549
vn -0.0019 -0.5286 -0.8489
vn 0.8310 0.4722 0.2940
vn 0.8053 0.4395 0.3980
vn 0.7696 0.4658 0.4367
vn -0.0621 0.9847 -0.1627
vn -0.0523 0.9833 -0.1744
vn -0.0592 0.9831 -0.1735
vn 0.8536 -0.5168 -0.0664
vn 0.8528 -0.5175 0.0697
vn 0.7868 -0.5841 0.1995
vn -0.5056 0.0345 -0.8621
vn 0.1962 0.7555 0.6250
vn 0.1222 0.5948 0.7945
vn 0.1840 0.5432 0.8192
vn -0.9224 -0.0114 -0.3860
vn -0.9790 -0.0003 -0.2039
vn -0.9145 0.1599 -0.3717
vn 0.7672 -0.1926 -0.6119
vn 0.8778 0.0889 -0.4706
vn 0.7915 0.1973 -0.5784
vn 0.0989 0.9938 0.0503
vn -0.5964 0.0178 -0.8025
vn -0.4693 0.0223 -0.8827
vn -0.5403 -0.0115 -0.8414
vn 0.3628 -0.0361 -0.9312
vn -0.1849 0.3577 -0.9153
vn 0.0753 0.3619 -0.9292
vn 0.2525 -0.3343 -0.9080
vn 0.6537 -0.3550 -0.6683
vn 0.1145 0.0808 -0.9901
vn 0.3023 -0.1627 -0.9392
vn 0.3860 0.2219 -0.8954
vn 0.3222 0.7713 -0.5489
vn 0.4175 0.2260 -0.8801
vn 0.4367 0.2894 -0.8518
vn 0.4444 0.1425 -0.8844
vn 0.4154 0.2477 0.8753
vn 0.4308 0.2305 0.8725
vn 0.4294 0.2375 0.8713
vn -0.1527 -0.0776 -0.9852
vn -0.1107 -0.0524 -0.9925
vn -0.1312 -0.0663 -0.9891
vn -0.0280 0.0604 -0.9978
vn 0.3135 0.4684 -0.8260
vn 0.3135 0.4702 -0.8250
vn 0.3135 0.4685 -0.8259
vn 0.3151 -0.0132 -0.9490
vn 0.1248 -0.0255 -0.9919
vn -0.0810 -0.0860 -0.9930
vn 0.8299 0.0777 -0.5525
vn 0.5989 0.3520 -0.7193
vn 0.7878 0.1728 -0.5912
vn 0.2887 0.0703 -0.9549
vn -0.7819 -0.1588 0.6028
vn 0.2642 -0.9307 0.2528
vn -0.6042 -0.7132 0.3555
vn -0.7158 -0.0658 -0.6952
vn -0.6736 0.5148 -0.5303
vn -0.4345 0.4774 -0.7637
vn -0.5290 0.1329 -0.8381
vn -0.6576 0.0407 -0.7522
vn -0.4412 -0.0235 -0.8971
vn 0.1132 0.6201 0.7763
vn 0.7025 0.3954 0.5917
vn 0.2095 0.0625 0.9758
vn -0.6071 0.5185 0.6021
vn -0.6230 0.3876 0.6794
vn -0.6150 0.3625 0.7002
vn -0.4747 -0.4813 0.7369
vn 0.8567 0.5151 -0.0289
vn 0.8601 0.5097 -0.0211
vn 0.4125 0.8902 -0.1935
vn 0.2375 0.1756 -0.9554
vn -0.2877 -0.7356 0.6133
vn -0.2556 -0.7650 0.5911
vn -0.3012 -0.7843 0.5424
vn -0.0848 0.3559 0.9307
vn -0.0715 0.3011 0.9509
vn -0.0803 0.3282 0.9412
vn -0.4049 -0.3401 0.8488
vn -0.2218 0.1311 0.9662
vn -0.0440 0.2434 0.9689
vn -0.0838 0.1074 0.9907
vn -0.8270 -0.2399 -0.5084
vn -0.8280 -0.2321 -0.5105
vn -0.8264 -0.2445 -0.5072
vn 0.1740 -0.0089 -0.9847
vn 0.1181 -0.0313 -0.9925
vn 0.0846 -0.0341 -0.9958
vn 0.1306 0.8688 0.4777
vn -0.1338 0.6860 0.7151
vn -0.3627 0.6529 0.6650
vn -0.3655 0.3159 -0.8755
vn -0.2914 0.2997 -0.9084
vn -0.2282 0.2499 -0.9410
vn -0.3121 -0.7793 -0.5434
vn -0.2473 -0.7930 -0.5567
vn -0.2262 -0.7961 -0.5613
vn 0.7322 0.6810 0.0043
vn -0.0122 0.0908 -0.9958
vn 0.0268 0.1503 -0.9883
vn 0.0468 0.1287 -0.9906
vn 0.0896 -0.0049 -0.9960
vn 0.0467 0.0050 -0.9989
vn 0.0952 0.0050 -0.9954
vn 0.2226 0.4003 -0.8889
vn -0.7817 0.3384 -0.5238
vn -0.7827 0.3410 -0.5206
vn -0.7814 0.3375 -0.5249
vn -0.4840 0.0463 0.8738
vn -0.4605 0.1304 0.8780
vn -0.6023 0.0327 0.7976
vn -0.9003 0.0904 0.4257
vn -0.9161 0.1143 0.3844
vn -0.9010 0.0867 0.4251
vn -0.7921 -0.1390 0.5944
vn -0.7662 -0.2423 0.5952
vn -0.7659 -0.2428 0.5953
vn -0.0507 0.3746 -0.9258
vn -0.0211 0.4256 -0.9047
vn -0.0555 0.2754 -0.9597
vn -0.6300 -0.1714 0.7575
vn -0.1054 0.1320 -0.9856
vn -0.2706 0.1898 -0.9438
vn -0.0261 -0.0088 -0.9996
vn 0.7724 0.6140 -0.1622
vn 0.7887 0.5938 -0.1591
vn 0.7589 0.6295 -0.1666
vn -0.7394 0.0704 0.6695
vn -0.6393 -0.0013 0.7690
vn -0.6086 0.3460 0.7140
vn -0.8792 0.3504 -0.3228
vn -0.8354 0.4143 -0.3611
vn -0.9199 0.2873 -0.2669
vn -0.9502 0.3076 -0.0506
vn -0.9193 0.3727 -0.1266
vn -0.9631 0.2673 -0.0327
vn -0.5192 -0.8544 0.0196
vn -0.3905 -0.9120 -0.1254
vn -0.3875 -0.9218 0.0122
vn -0.7786 -0.1737 -0.6030
vn -0.8127 -0.1739 -0.5561
vn -0.8201 -0.1932 -0.5386
vn -0.9496 0.2767 -0.1470
vn -0.9638 0.2505 -0.0913
vn -0.9718 0.2220 -0.0796
vn 0.1559 0.0694 -0.9853
vn 0.2316 -0.0028 -0.9728
vn 0.1590 0.0318 -0.9868
vn 0.8355 0.1463 0.5297
vn 0.8919 0.0723 0.4464
vn 0.8734 0.1021 0.4763
vn -0.7440 -0.0318 -0.6674
vn -0.8131 -0.0201 -0.5817
vn -0.7564 -0.0542 -0.6519
vn -0.1679 -0.9523 0.2548
vn -0.2005 -0.9396 0.2775
vn -0.1064 -0.9720 0.2094
vn 0.3200 0.9162 -0.2412
vn 0.3483 0.9200 -0.1794
vn 0.4536 0.8700 -0.1934
vn 0.5992 0.3228 -0.7327
vn 0.5838 0.3490 -0.7331
vn 0.5821 0.3425 -0.7374
vn -0.9135 -0.0109 -0.4068
vn -0.9207 -0.0577 -0.3861
vn -0.8718 -0.0890 -0.4817
vn 0.0116 0.3864 -0.9222
vn 0.0044 0.3927 -0.9197
vn -0.0032 0.4070 -0.9134
vn 0.0316 -0.9115 -0.4102
vn 0.1066 -0.9082 -0.4048
vn 0.0904 -0.9350 -0.3429
vn 0.5023 0.8096 -0.3037
vn 0.5116 0.8045 -0.3019
vn 0.4774 0.8200 -0.3156
vn -0.1863 -0.9658 0.1804
vn -0.1967 -0.9435 0.2667
vn -0.1853 -0.9655 0.1831
vn -0.2580 0.2599 -0.9305
vn -0.4768 0.2979 -0.8270
vn -0.2579 0.4211 -0.8696
vn 0.5924 -0.6379 0.4920
vn 0.6797 -0.6762 0.2840
vn 0.6509 -0.5689 0.5027
vn -0.1614 0.3121 -0.9362
vn -0.1614 0.3122 -0.9362
vn -0.3941 -0.0512 -0.9176
vn -0.3224 0.0718 -0.9439
vn -0.3319 -0.0378 -0.9425
vn -0.1174 -0.9876 -0.1046
vn -0.0628 -0.9943 -0.0867
vn -0.1175 -0.9876 -0.1040
vn 0.2920 0.5045 -0.8125
vn 0.2767 0.5115 -0.8135
vn -0.7707 0.1226 0.6253
vn -0.7661 0.1234 0.6307
vn -0.8029 0.1258 0.5827
vn -0.7742 0.3156 0.5486
vn 0.0705 0.9015 0.4269
vn 0.1432 0.9140 0.3796
vn 0.2327 0.9273 0.2934
vn -0.5783 0.2008 0.7907
vn -0.5492 0.1817 0.8157
vn -0.5507 0.2194 0.8054
vn -0.1543 -0.7672 0.6226
vn -0.2228 -0.7906 0.5704
vn -0.3443 -0.7905 0.5066
vn -0.9320 0.3563 0.0661
vn -0.9280 0.3556 0.1115
vn -0.9286 0.3548 0.1093
vn 0.3468 0.8035 0.4838
vn 0.4834 0.7464 0.4574
vn 0.4291 0.7353 0.5245
vn -0.9321 0.1753 0.3170
vn -0.9006 0.2428 0.3604
vn -0.9463 0.1309 0.2957
vn 0.5617 0.4881 0.6680
vn 0.5614 0.4882 0.6681
vn 0.5616 0.4881 0.6680
vn -0.9243 0.0583 0.3772
vn -0.9234 0.0600 0.3792
vn -0.9238 0.0582 0.3783
vn 0.0598 0.7497 0.6591
vn 0.0861 0.6445 0.7598
vn 0.1068 0.7692 0.6300
vn -0.7411 0.0708 -0.6677
vn -0.7291 0.0367 -0.6834
vn -0.7427 0.0606 -0.6669
vn 0.2769 0.3430 0.8976
vn 0.3749 0.2757 0.8851
vn 0.3156 0.3177 0.8941
vn -0.7217 0.0262 -0.6917
vn -0.6366 0.0735 -0.7676
vn -0.6969 0.0274 -0.7166
vn -0.3253 0.6227 -0.7116
vn -0.2230 0.6676 -0.7103
vn -0.1899 0.5848 -0.7886
vn -0.0219 0.4139 0.9101
vn 0.0502 0.4640 0.8844
vn -0.0799 0.4492 0.8899
vn -0.8886 0.3964 0.2307
vn -0.8987 0.4328 0.0706
vn -0.8848 0.4268 0.1872
vn 0.1492 0.2346 -0.9606
vn 0.1513 0.0637 -0.9864
vn 0.0946 0.1728 -0.9804
vn 0.8537 0.4879 0.1823
vn 0.8525 0.4950 0.1680
vn 0.8517 0.4771 0.2168
vn -0.2415 -0.5611 0.7917
vn -0.2912 -0.5451 0.7862
vn -0.2964 -0.5703 0.7661
vn -0.4336 0.1839 0.8821
vn -0.4492 0.1869 0.8736
vn -0.4655 0.1253 0.8761
vn -0.2370 -0.0799 0.9682
vn -0.2558 -0.1076 0.9607
vn -0.2976 -0.1152 0.9477
vn -0.2760 -0.1519 -0.9491
vn -0.1603 -0.1056 -0.9814
vn -0.4084 -0.0322 -0.9122
vn 0.0033 0.3143 0.9493
vn 0.0175 0.2971 0.9547
vn 0.0154 0.3238 0.9460
vn -0.1502 -0.9326 0.3281
vn -0.1935 -0.9453 0.2625
vn -0.1630 -0.9523 0.2580
vn -0.1565 -0.9803 -0.1208
vn -0.2224 -0.9595 -0.1732
vn -0.1636 -0.9761 -0.1431
vn 0.7270 0.3775 0.5736
vn 0.7303 0.3739 0.5718
vn 0.7665 0.3378 0.5462
vn 0.4537 0.6701 0.5875
vn 0.3869 0.7153 0.5819
vn 0.4572 0.6344 0.6233
vn -0.5888 0.0142 0.8082
vn -0.5921 0.0079 0.8058
vn -0.5900 0.0113 0.8073
vn 0.3566 -0.1998 -0.9126
vn 0.3382 -0.2302 -0.9125
vn 0.3670 -0.1756 -0.9135
vn 0.6195 0.3919 -0.6802
vn 0.5624 0.3434 -0.7522
vn 0.6500 0.3525 -0.6733
vn 0.4512 0.2301 -0.8623
vn 0.4420 0.0945 -0.8920
vn 0.4925 0.1710 -0.8534
vn 0.3885 -0.7800 0.4905
vn 0.3665 -0.7841 0.5008
vn 0.3772 -0.7826 0.4953
vn 0.4057 0.1008 -0.9084
vn 0.3487 0.0037 -0.9372
vn 0.2465 0.0074 -0.9691
vn 0.6207 0.7705 0.1450
vn 0.6783 0.7154 0.1675
vn 0.6694 0.7135 0.2067
vn -0.4190 0.5381 0.7314
vn -0.4121 0.5436 0.7312
vn -0.4146 0.5418 0.7311
vn 0.0165 0.7190 0.6948
vn -0.1302 0.7987 0.5875
vn -0.2545 0.7603 0.5977
vn -0.3571 0.6446 0.6760
vn -0.1812 0.7873 0.5894
vn -0.1933 0.6763 0.7108
vn -0.4633 -0.7394 0.4885
vn -0.4266 -0.8107 0.4009
vn -0.4997 -0.7632 0.4096
vn 0.1573 0.5880 -0.7934
vn -0.0067 0.4752 -0.8798
vn 0.0923 0.5470 -0.8320
vn 0.9546 -0.1616 -0.2503
vn 0.9231 -0.1709 -0.3444
vn 0.9610 -0.0016 -0.2765
vn -0.2079 -0.0146 0.9780
vn -0.1759 0.0043 0.9844
vn -0.2055 -0.0761 0.9757
vn 0.5173 0.3063 -0.7991
vn 0.4775 0.3562 -0.8032
vn 0.4772 0.3400 -0.8103
vn 0.0345 0.3974 -0.9170
vn 0.0418 0.3993 -0.9159
vn 0.0381 0.3979 -0.9166
vn 0.0089 -0.1421 0.9898
vn -0.1449 0.0106 0.9894
vn -0.0755 0.0013 0.9971
vn -0.9733 0.0266 -0.2280
vn -0.9622 -0.1286 -0.2399
vn -0.9897 -0.0463 -0.1356
vn -0.0976 0.0152 -0.9951
vn -0.0163 0.0488 -0.9987
vn -0.0817 -0.0099 -0.9966
vn 0.9926 0.0844 -0.0878
vn 0.9666 0.0917 -0.2391
vn 0.9628 0.0821 -0.2576
vn -0.9315 -0.0823 -0.3543
vn -0.9285 -0.0470 -0.3683
vn -0.9256 -0.0812 -0.3697
vn -0.1945 0.9387 0.2846
vn -0.3362 0.9179 0.2107
vn -0.2264 0.9436 0.2416
vn 0.0643 0.3146 -0.9470
vn 0.2832 0.3279 -0.9013
vn 0.1235 0.1320 -0.9835
vn -0.2692 0.3485 -0.8978
vn 0.1131 -0.0632 -0.9916
vn 0.1607 0.1352 -0.9777
vn -0.2764 0.2138 -0.9369
vn -0.1005 0.3993 -0.9113
vn -0.0635 0.5020 -0.8625
vn -0.6353 -0.0345 0.7715
vn -0.6859 -0.5158 -0.5134
vn -0.6877 -0.5156 -0.5111
vn -0.6851 -0.5170 -0.5132
vn 0.4644 0.8839 0.0554
vn 0.4835 0.8749 -0.0264
vn 0.4286 0.9016 -0.0575
vn -0.8315 -0.1136 -0.5438
vn 0.6904 0.2043 -0.6940
vn 0.6254 0.2430 -0.7415
vn 0.6885 0.2162 -0.6923
vn 0.6512 0.3034 -0.6956
vn 0.7002 0.2118 -0.6818
vn 0.7150 0.3119 -0.6257
vn -0.6095 0.7402 0.2840
vn -0.6229 0.7114 0.3254
vn -0.5277 0.7629 0.3735
vn -0.9647 -0.0058 -0.2634
vn -0.9753 -0.0758 -0.2074
vn -0.9856 0.0199 -0.1677
vn -0.1006 0.1186 -0.9878
vn 0.3441 0.0676 -0.9365
vn 0.3412 0.0907 -0.9356
vn 0.3551 0.0556 -0.9332
vn -0.0225 -0.2343 0.9719
vn 0.0429 -0.3010 0.9527
vn 0.1754 -0.3823 0.9073
vn 0.2662 0.2068 -0.9415
vn 0.2086 0.1246 -0.9700
vn 0.2351 0.1032 -0.9665
vn 0.2151 -0.0533 -0.9751
vn 0.1903 -0.0341 -0.9811
vn 0.1635 -0.0216 -0.9863
vn -0.0029 0.1415 -0.9899
vn 0.5025 -0.6997 -0.5079
vn 0.2993 0.6341 0.7130
vn 0.2892 0.6588 0.6945
vn 0.3009 0.6308 0.7152
vn 0.2988 0.2902 0.9091
vn 0.3884 0.4358 0.8120
vn 0.2958 0.3562 0.8864
vn -0.6241 -0.1755 0.7614
vn -0.5415 -0.1398 0.8290
vn -0.6895 -0.1689 0.7043
vn -0.3316 -0.0978 0.9383
vn -0.3319 -0.0978 0.9382
vn -0.5993 -0.0819 0.7963
vn -0.4799 -0.1258 0.8682
vn -0.4895 0.0532 0.8704
vn -0.4600 0.0489 -0.8866
vn -0.4961 0.0167 -0.8681
vn -0.5221 -0.1793 -0.8338
vn -0.4774 0.0315 -0.8781
vn -0.5511 0.0320 -0.8338
vn -0.4534 -0.0317 -0.8907
vn -0.0409 -0.9369 0.3472
vn -0.0027 -0.9082 0.4185
vn -0.0857 -0.9129 0.3992
vn -0.5465 -0.8224 0.1578
vn -0.5473 -0.8215 0.1598
vn -0.5473 -0.8212 0.1616
vn -0.3958 -0.8910 -0.2226
vn -0.3653 -0.9029 -0.2266
vn 0.5523 0.5162 -0.6545
vn 0.6129 0.4601 -0.6424
vn 0.5743 0.5759 -0.5817
vn 0.8522 0.2372 -0.4663
vn 0.7475 0.3242 -0.5799
vn 0.8386 0.3640 -0.4052
vn -0.0809 0.8457 0.5275
vn -0.1475 0.8397 0.5227
vn -0.2280 0.7646 0.6029
vn -0.9601 -0.2706 -0.0708
vn -0.9702 -0.2372 -0.0495
vn -0.9742 -0.1891 -0.1228
vn 0.0964 0.1120 -0.9890
vn 0.1370 0.1029 -0.9852
vn 0.0742 0.1457 -0.9865
vn 0.0203 -0.0001 -0.9998
vn 0.0267 -0.0304 -0.9992
vn 0.0194 -0.0341 -0.9992
vn 0.0085 -0.0784 -0.9969
vn 0.0249 -0.0824 -0.9963
vn 0.0066 -0.0703 -0.9975
vn 0.6642 -0.2243 0.7131
vn 0.6627 -0.2200 0.7158
vn 0.6622 -0.2176 0.7170
vn -0.1916 -0.9675 -0.1648
vn -0.1800 -0.9766 -0.1181
vn -0.0904 -0.9774 -0.1911
vn -0.0651 0.0061 -0.9979
vn -0.0894 0.0327 -0.9955
vn -0.0411 0.0768 -0.9962
vn -0.0755 0.1895 0.9790
vn -0.0534 0.1625 0.9853
vn -0.0435 0.1948 0.9799
vn -0.0442 0.3538 0.9343
vn -0.0404 0.3615 0.9315
vn -0.0403 0.3643 0.9304
vn 0.0676 0.1600 0.9848
vn 0.0727 0.1284 0.9891
vn 0.0953 0.1404 0.9855
vn -0.1635 0.1595 -0.9736
vn -0.2627 -0.0833 -0.9613
vn -0.4698 0.0495 -0.8814
vn 0.0378 -0.7606 -0.6481
vn -0.3112 -0.0455 -0.9492
vn -0.3276 -0.0526 -0.9434
vn -0.2867 0.0121 -0.9579
vn -0.4250 -0.0427 -0.9042
vn -0.3652 -0.0183 -0.9307
vn -0.3642 0.0078 -0.9313
vn 0.7135 0.3036 0.6315
vn 0.7131 0.2347 0.6606
vn 0.6885 0.3463 0.6372
vn -0.9869 -0.1205 0.1077
vn -0.9876 -0.1530 0.0357
vn -0.9828 -0.1511 0.1058
vn -0.0683 -0.0499 -0.9964
vn -0.0690 0.2320 -0.9703
vn -0.0089 -0.0124 -0.9999
vn 0.4450 0.3112 0.8397
vn 0.4686 0.2904 0.8344
vn 0.4383 0.3448 0.8301
vn 0.3497 0.4170 0.8389
vn 0.3377 0.4745 0.8129
vn 0.3972 0.4625 0.7927
vn 0.9794 0.1705 -0.1083
vn 0.9790 0.1813 -0.0934
vn 0.9909 0.1210 -0.0596
vn 0.9991 0.0347 -0.0255
vn 0.9934 0.0920 -0.0681
vn 0.9912 0.1305 -0.0207
vn 0.1678 -0.9110 0.3768
vn 0.2561 -0.9364 0.2399
vn 0.2615 -0.8800 0.3965
vn -0.1464 -0.9844 0.0978
vn -0.1318 -0.9888 0.0708
vn -0.1363 -0.9789 0.1525
vn -0.7187 0.0786 -0.6909
vn -0.7305 0.0705 -0.6792
vn -0.7473 0.0750 -0.6602
vn -0.7403 0.1740 0.6494
vn -0.7365 0.1804 0.6520
vn -0.7438 0.1737 0.6455
vn 0.3394 -0.4642 0.8181
vn 0.1164 -0.0159 -0.9931
vn 0.0951 0.0362 -0.9948
vn 0.0935 0.0174 -0.9955
vn 0.2058 -0.1053 -0.9729
vn -0.0082 -0.1071 -0.9942
vn -0.1293 -0.0841 -0.9880
vn -0.1497 -0.1390 -0.9789
vn -0.1604 0.1674 -0.9727
vn -0.2682 0.2870 -0.9196
vn 0.3374 0.2866 -0.8967
vn 0.3680 0.3658 -0.8548
vn 0.4466 0.1538 -0.8814
vn 0.3284 0.3563 -0.8748
vn 0.6400 0.3436 -0.6873
vn 0.2110 0.1380 -0.9677
vn 0.1058 0.8885 -0.4465
vn 0.1013 0.8872 -0.4501
vn 0.1032 0.8877 -0.4486
vn 0.1987 -0.0581 -0.9783
vn 0.2088 -0.0553 -0.9764
vn 0.1820 -0.0593 -0.9815
vn -0.2383 0.1588 -0.9581
vn -0.2258 0.3074 -0.9244
vn -0.2091 0.3188 -0.9245
vn -0.1891 0.0668 -0.9797
vn -0.1952 -0.0028 -0.9808
vn -0.1664 0.1374 -0.9764
vn 0.0143 -0.0470 -0.9988
vn 0.0129 -0.0538 -0.9985
vn -0.0342 -0.1388 -0.9897
vn -0.4489 0.2723 -0.8511
vn -0.4512 0.2963 -0.8418
vn -0.4276 0.2999 -0.8528
vn 0.6505 -0.0863 0.7546
vn 0.8200 -0.0112 0.5723
vn 0.6806 0.1560 0.7158
vn -0.0787 -0.9606 -0.2666
vn -0.3203 -0.9069 -0.2738
vn -0.1308 -0.8859 -0.4451
vn -0.0260 0.0515 -0.9983
vn -0.0885 -0.0113 -0.9960
vn -0.0706 0.1457 -0.9868
vn -0.0386 -0.4886 -0.8717
vn -0.0314 -0.6517 -0.7578
vn -0.1671 -0.5560 -0.8142
vn -0.0700 -0.9457 0.3174
vn -0.1271 -0.9297 0.3458
vn -0.1769 -0.9778 0.1125
vn 0.2237 -0.9568 -0.1859
vn 0.1031 -0.9724 -0.2091
vn 0.1298 -0.9683 -0.2136
vn 0.1171 -0.9282 -0.3531
vn 0.0445 -0.9155 -0.3999
vn 0.1042 -0.9181 -0.3823
vn -0.0179 -0.8993 -0.4371
vn 0.0376 -0.9340 -0.3553
vn -0.0676 -0.8603 -0.5053
vn -0.1074 -0.9912 0.0775
vn -0.2883 -0.9573 -0.0213
vn -0.2009 -0.9790 -0.0342
vn 0.4670 0.0911 -0.8795
vn 0.1830 -0.0756 -0.9802
vn 0.3027 0.0513 -0.9517
vn 0.5440 0.0861 0.8346
vn 0.5853 0.3215 0.7443
vn 0.6001 0.3303 0.7285
vn 0.1725 0.1665 -0.9708
vn 0.1151 0.1716 -0.9784
vn 0.1142 0.1706 -0.9787
vn 0.7310 0.3826 0.5650
vn 0.7251 0.4372 0.5321
vn 0.7254 0.4459 0.5243
vn 0.3637 0.0472 0.9303
vn 0.3508 0.0600 0.9345
vn 0.3796 0.0378 0.9244
vn 0.7247 0.4595 0.5135
vn 0.7382 0.4693 0.4846
vn 0.7693 0.3930 0.5037
vn 0.2432 0.7634 0.5984
vn 0.5849 0.4656 -0.6642
vn 0.5620 0.8211 0.0997
vn 0.2831 -0.0001 0.9591
vn 0.0706 0.3211 0.9444
vn -0.2786 0.1577 0.9474
vn -0.6310 0.7198 -0.2894
vn -0.9969 -0.0721 -0.0304
vn -0.9957 -0.0754 -0.0530
vn -0.9972 -0.0508 -0.0541
vn -0.9713 -0.0011 -0.2377
vn 0.1059 -0.1055 -0.9888
vn 0.0024 -0.0921 -0.9957
vn 0.0318 -0.1537 -0.9876
vn 0.0222 -0.1119 -0.9935
vn -0.0000 0.1130 -0.9936
vn -0.0184 -0.0567 -0.9982
vn 0.8948 -0.2724 -0.3537
vn 0.8693 -0.2851 -0.4039
vn 0.8946 -0.3475 -0.2809
vn 0.8602 -0.2618 -0.4376
vn 0.8903 -0.3011 -0.3416
vn 0.8940 -0.2160 -0.3926
vn 0.6217 0.7467 0.2367
vn 0.4954 0.8449 0.2018
vn 0.4575 0.8193 0.3457
vn 0.9809 0.1067 -0.1628
vn 0.9940 -0.0426 -0.1003
vn 0.9695 -0.0399 -0.2420
vn -0.1568 0.8139 0.5595
vn -0.1255 0.7522 0.6469
vn -0.1691 0.8004 0.5751
vn -0.2154 -0.9699 -0.1134
vn 0.0073 -0.9606 -0.2778
vn -0.1003 -0.9874 -0.1224
vn -0.7846 -0.0246 -0.6196
vn -0.7530 0.0102 -0.6579
vn -0.7700 -0.0375 -0.6369
vn -0.8051 0.0162 -0.5930
vn -0.7852 -0.0151 -0.6191
vn -0.8162 -0.0251 -0.5772
vn -0.0492 -0.8230 0.5658
vn -0.0097 -0.8133 0.5818
vn 0.0041 -0.7844 0.6202
vn -0.5605 0.2861 -0.7771
vn -0.5655 0.2851 -0.7739
vn -0.6968 0.0779 -0.7130
vn -0.7042 0.0844 -0.7049
vn -0.6956 0.0837 -0.7136
vn 0.3003 0.9537 -0.0184
vn 0.0515 -0.0688 0.9963
vn 0.0450 -0.0148 0.9989
vn -0.0506 0.0954 0.9942
vn -0.0244 0.0858 -0.9960
vn -0.0356 0.0002 -0.9994
vn -0.0488 -0.0111 -0.9987
vn -0.4002 0.0631 0.9143
vn -0.4291 0.1097 0.8966
vn -0.4701 0.0531 0.8810
vn -0.5463 0.4128 0.7288
vn -0.4003 0.5131 0.7592
vn -0.5072 0.4253 0.7496
vn -0.0330 -0.9775 0.2084
vn -0.0802 -0.9926 0.0916
vn 0.1206 -0.9843 0.1289
vn 0.3155 0.8689 0.3815
vn 0.2477 0.8998 0.3591
vn 0.3225 0.8761 0.3584
vn 0.5560 0.8288 0.0620
vn 0.3288 0.9417 0.0715
vn 0.3121 0.9499 0.0166
vn 0.2536 -0.0053 -0.9673
vn 0.2534 -0.0054 -0.9673
vn 0.2582 -0.0006 -0.9661
vn 0.0784 -0.0125 -0.9968
vn 0.1330 -0.0594 -0.9893
vn 0.0017 -0.0649 -0.9979
vn 0.4222 0.7779 -0.4654
vn 0.3962 0.9173 -0.0405
vn 0.5818 0.6734 -0.4562
vn 0.1313 0.1153 -0.9846
vn 0.1293 0.1153 -0.9849
vn 0.1600 0.1122 -0.9807
vn -0.5245 0.0229 -0.8511
vn -0.3886 -0.0088 -0.9214
vn -0.4494 0.0707 -0.8906
vn -0.7369 0.1874 -0.6495
vn -0.8226 0.0320 -0.5677
vn -0.8181 0.2837 -0.5003
vn -0.7305 0.1977 -0.6537
vn -0.7132 0.1849 -0.6761
vn -0.7302 0.1901 -0.6563
vn 0.4975 0.6475 0.5773
vn 0.4428 0.7455 0.4983
vn 0.5293 0.6765 0.5120
vn -0.6547 -0.0937 -0.7500
vn -0.6355 -0.0775 -0.7682
vn -0.6314 -0.0928 -0.7699
vn -0.7263 -0.1840 -0.6623
vn -0.7272 -0.1747 -0.6639
vn -0.7262 -0.1957 -0.6590
vn 0.3539 0.6270 0.6940
vn 0.3359 0.5515 0.7635
vn 0.3665 0.5415 0.7566
vn -0.2172 0.5799 0.7852
vn -0.2768 0.6281 0.7272
vn -0.2246 0.6255 0.7472
vn 0.3964 0.6482 0.6501
vn 0.4258 0.6649 0.6137
vn 0.4405 0.6854 0.5799
vn 0.5010 0.5544 0.6646
vn 0.5056 0.5536 0.6617
vn 0.5053 0.5512 0.6639
vn 0.7406 -0.1961 0.6427
vn 0.7528 0.0750 0.6540
vn 0.6289 -0.2746 0.7274
vn 0.7060 0.0989 0.7012
vn 0.7995 0.1444 0.5830
vn 0.8635 -0.0454 0.5024
vn -0.9990 0.0336 0.0306
vn -0.9998 -0.0072 -0.0206
vn -0.9997 0.0191 0.0142
vn -0.1112 0.8782 0.4652
vn -0.1091 0.8788 0.4646
vn -0.1107 0.8783 0.4651
vn -0.3331 0.5294 -0.7802
vn -0.3167 0.4878 -0.8135
vn -0.3605 0.5437 -0.7579
vn -0.0930 0.9845 0.1489
vn -0.1747 0.9529 0.2480
vn -0.1245 0.9643 0.2336
vn -0.4153 0.3251 -0.8496
vn -0.5167 0.2475 -0.8196
vn -0.5657 0.3047 -0.7663
vn -0.9369 0.3256 -0.1270
vn -0.9179 0.3800 -0.1139
vn -0.8947 0.4423 -0.0623
vn 0.0872 -0.9772 0.1937
vn 0.0136 -0.3919 0.9199
vn 0.0352 -0.3961 0.9175
vn -0.0126 -0.3806 0.9246
vn -0.0132 -0.0010 -0.9999
vn -0.0140 -0.0022 -0.9999
vn -0.2632 -0.0046 -0.9647
vn -0.1876 -0.2670 -0.9453
vn -0.3232 0.2571 -0.9107
vn -0.2162 0.2028 0.9550
vn -0.5982 0.1761 0.7818
vn -0.5518 0.2955 0.7799
vn -0.5182 0.2925 0.8037
vn -0.3864 -0.0723 0.9195
vn -0.4753 -0.0267 0.8794
vn -0.5045 0.0352 0.8627
vn -0.4869 -0.0847 0.8693
vn -0.4894 0.0767 0.8687
vn -0.4194 0.0040 0.9078
vn 0.4678 -0.1535 -0.8704
vn 0.2778 0.0875 -0.9566
vn 0.4201 -0.0273 -0.9071
vn 0.2554 -0.0028 -0.9668
vn 0.2451 -0.0403 -0.9687
vn 0.2453 -0.0561 -0.9678
vn 0.1223 0.9907 0.0599
vn 0.3198 0.5798 -0.7494
vn 0.2160 0.6908 -0.6900
vn 0.2608 0.6526 -0.7114
vn 0.9389 -0.3239 0.1162
vn 0.9836 -0.0086 -0.1802
vn 0.9777 0.1282 0.1663
vn -0.6462 0.2693 -0.7141
vn -0.7275 0.2419 -0.6421
vn -0.7021 0.2564 -0.6644
vn -0.4218 0.8986 0.1205
vn -0.5083 0.8610 0.0186
vn -0.2571 0.9584 0.1241
vn -0.7479 0.0206 0.6634
vn 0.5933 0.6675 0.4500
vn 0.4549 0.6060 0.6526
vn 0.6858 0.4288 0.5881
vn -0.0415 0.5108 0.8587
vn 0.3572 0.4618 0.8119
vn 0.2155 0.4886 0.8455
vn -0.0034 0.7386 0.6742
vn -0.0023 0.7623 0.6472
vn 0.3777 0.7822 0.4955
vn 0.8866 0.2584 0.3837
vn 0.9335 0.1354 0.3321
vn 0.1084 -0.1430 -0.9838
vn 0.0119 -0.0611 -0.9981
vn 0.0534 -0.0637 -0.9965
vn -0.6643 0.0191 -0.7473
vn -0.7269 -0.2108 -0.6536
vn -0.8779 -0.1174 -0.4642
vn -0.3364 0.8087 0.4825
vn -0.3928 0.7599 0.5179
vn -0.2613 0.7905 0.5539
vn 0.4805 0.8048 0.3483
vn 0.4215 0.8429 0.3345
vn 0.4596 0.8484 0.2627
vn -0.0125 -0.0849 0.9963
vn -0.0241 -0.0591 0.9980
vn -0.0291 -0.0399 0.9988
vn -0.1280 0.1087 0.9858
vn -0.0745 0.1345 0.9881
vn -0.1203 0.1076 0.9869
vn -0.6506 0.1446 0.7456
vn -0.6426 0.2503 0.7242
vn -0.6949 0.1962 0.6918
vn -0.2942 0.1606 0.9422
vn 0.3403 -0.0554 -0.9387
vn 0.6053 -0.1688 -0.7779
vn 0.3365 0.1382 -0.9315
vn 0.1384 -0.0305 -0.9899
vn 0.0408 0.0235 -0.9989
vn 0.0711 -0.0253 -0.9971
vn -0.6762 0.4061 0.6147
vn -0.6340 0.5153 0.5767
vn -0.5936 0.4925 0.6365
vn -0.4602 0.3593 0.8119
vn -0.4053 0.3423 0.8477
vn -0.4312 0.3257 0.8414
vn -0.3729 0.3619 0.8544
vn -0.5108 0.4731 0.7178
vn -0.5807 0.3966 0.7109
vn -0.5764 0.4541 0.6794
vn -0.1786 -0.9373 0.2992
vn -0.2493 -0.9274 0.2790
vn -0.2976 -0.8383 0.4568
vn 0.0032 -0.9932 0.1160
vn 0.1780 -0.9412 0.2872
vn -0.0040 -0.9804 0.1968
vn 0.3079 -0.2246 -0.9245
vn 0.3014 -0.2283 -0.9258
vn 0.2717 -0.2409 -0.9317
vn -0.9841 -0.0278 -0.1752
vn -0.9855 -0.0145 -0.1688
vn -0.9854 -0.0310 -0.1671
vn -0.9936 -0.0032 -0.1125
vn -0.9922 -0.0153 -0.1239
vn -0.9935 -0.0185 -0.1123
vn 0.2163 0.3231 0.9213
vn 0.0349 0.2185 0.9752
vn -0.1514 0.2590 0.9539
vn -0.0154 -0.9346 0.3553
vn -0.2304 -0.9512 0.2053
vn -0.3221 -0.9017 0.2884
vn -0.0216 -0.9974 -0.0688
vn 0.0606 -0.9864 -0.1531
vn -0.0827 -0.9770 -0.1966
vn -0.5822 0.1097 0.8056
vn -0.4776 0.0589 0.8766
vn -0.5477 0.1543 0.8223
vn -0.9608 0.1970 0.1953
vn -0.9418 0.2342 0.2411
vn -0.9737 0.1506 0.1711
vn -0.1939 0.5262 0.8280
vn -0.1694 0.5052 0.8462
vn -0.0848 0.5456 0.8337
vn -0.5786 -0.0174 0.8154
vn -0.6116 -0.0146 0.7910
vn -0.6411 0.0450 0.7661
vn 0.4315 0.0474 -0.9009
vn -0.1093 -0.1640 -0.9804
vn 0.0557 0.3389 -0.9392
vn 0.9025 0.3763 0.2094
vn 0.9245 0.3454 0.1611
vn 0.8535 0.5032 0.1352
vn 0.9038 0.3868 0.1830
vn 0.9119 0.3890 0.1306
vn 0.8667 0.4342 0.2454
vn 0.4679 -0.8097 -0.3542
vn 0.4997 -0.7647 -0.4070
vn 0.5127 -0.7908 -0.3343
vn 0.3511 -0.6551 0.6690
vn 0.3680 -0.7937 0.4845
vn 0.3358 -0.5860 0.7374
vn 0.8643 0.4651 0.1914
vn 0.7800 0.5084 0.3648
vn 0.9001 0.3718 0.2273
vn -0.9809 -0.1162 0.1558
vn -0.9946 -0.0897 0.0512
vn -0.9936 -0.1027 0.0466
vn -0.7997 0.3535 0.4853
vn -0.8151 0.1921 0.5465
vn -0.8089 0.3232 0.4910
vn -0.8792 0.4642 0.1073
vn -0.7702 0.6131 0.1759
vn -0.8628 0.4898 0.1249
vn -0.0545 0.0550 -0.9970
vn 0.0441 -0.0133 -0.9989
vn -0.0296 0.1812 -0.9830
vn 0.0541 0.0122 -0.9985
vn -0.1096 0.1698 -0.9794
vn -0.0622 -0.0738 -0.9953
vn 0.0042 0.1351 -0.9908
vn 0.0130 0.1351 -0.9907
vn 0.0228 0.1249 -0.9919
vn -0.7158 0.1537 0.6812
vn -0.7132 0.1940 0.6736
vn -0.7274 0.1474 0.6702
vn -0.7787 0.0768 -0.6226
vn -0.7782 0.0754 -0.6235
vn -0.7818 0.0850 -0.6177
vn 0.0538 -0.1160 -0.9918
vn -0.1889 0.0970 -0.9772
vn 0.0568 0.2296 -0.9716
vn 0.0066 0.0295 0.9995
vn -0.0000 0.1027 0.9947
vn -0.0120 0.1991 0.9799
vn 0.3021 -0.1059 -0.9474
vn 0.3706 -0.1454 -0.9173
vn 0.2237 0.0884 -0.9707
vn -0.3489 0.1282 0.9284
vn -0.3662 0.1060 0.9245
vn -0.3628 0.1608 0.9179
vn -0.4581 0.0091 0.8889
vn -0.4941 -0.0032 0.8694
vn -0.4786 0.0465 0.8768
vn -0.0218 -0.0444 0.9988
vn -0.0137 0.0130 0.9998
vn -0.0949 -0.0238 0.9952
vn 0.0807 0.0407 0.9959
vn 0.0660 0.0805 0.9946
vn 0.0242 0.0436 0.9988
vn -0.1246 0.1546 -0.9801
vn 0.0449 -0.1447 -0.9885
vn 0.1761 0.0736 -0.9816
vn 0.2585 -0.1886 0.9474
vn 0.3980 0.8751 -0.2754
vn 0.2958 0.8662 -0.4026
vn 0.3224 0.9333 -0.1582
vn 0.2482 0.1966 0.9485
vn 0.1151 0.1474 0.9824
vn 0.1456 -0.0147 0.9892
vn -0.2008 0.3454 0.9167
vn -0.1967 0.2296 0.9532
vn -0.0205 0.2524 0.9674
vn 0.1011 0.3864 0.9168
vn 0.0958 0.3869 0.9171
vn 0.1959 0.4119 0.8899
vn 0.2095 0.9174 0.3383
vn 0.3312 0.3297 0.8841
vn 0.4350 0.5344 0.7247
vn 0.2852 -0.8416 0.4587
vn 0.2786 -0.7966 0.5364
vn 0.2799 -0.8569 0.4329
vn -0.0707 -0.0590 0.9958
vn -0.0674 -0.0534 0.9963
vn -0.0702 -0.0304 0.9971
vn -0.4538 -0.5305 0.7160
vn -0.4576 -0.5259 0.7169
vn -0.4606 -0.5232 0.7171
vn 0.8381 0.4141 0.3553
vn 0.8260 0.1300 -0.5485
vn 0.6678 0.1928 -0.7189
vn 0.5892 -0.0029 -0.8080
vn -0.3782 0.0836 0.9219
vn -0.3777 0.0798 0.9225
vn -0.3758 0.0635 0.9245
vn -0.3801 0.0890 0.9207
vn -0.3566 0.0862 0.9303
vn -0.3539 0.0699 0.9327
vn 0.2923 -0.9440 0.1532
vn 0.2480 -0.9152 0.3176
vn 0.2677 -0.9437 0.1942
vn -0.2523 0.4517 0.8558
vn -0.2050 0.4576 0.8652
vn -0.3883 0.5320 0.7524
vn -0.1036 -0.9212 0.3752
vn -0.0339 -0.9314 0.3624
vn -0.0468 -0.9268 0.3727
vn -0.1666 -0.9822 -0.0870
vn 0.0347 -0.9994 -0.0019
vn -0.0667 -0.9963 0.0540
vn 0.5421 -0.7676 -0.3419
vn 0.3779 -0.9105 -0.1676
vn 0.4731 -0.8656 -0.1642
vn -0.1709 -0.6693 -0.7230
vn -0.1686 -0.6700 -0.7230
vn -0.0961 -0.5953 -0.7978
vn 0.2131 -0.9158 0.3405
vn 0.2836 -0.9235 0.2581
vn 0.1852 -0.9025 0.3889
vn -0.6096 0.6412 0.4661
vn -0.6240 0.6276 0.4656
vn -0.6457 0.6086 0.4612
vn 0.1247 0.0723 -0.9896
vn 0.1536 0.0775 -0.9851
vn 0.1579 0.0682 -0.9851
vn 0.3903 -0.7923 0.4689
vn 0.7606 0.3735 0.5310
vn 0.7738 0.4366 0.4589
vn 0.8359 0.3579 0.4162
vn -0.5909 -0.0927 0.8014
vn -0.6218 -0.0044 0.7832
vn -0.6647 -0.1028 0.7400
vn 0.1031 -0.9947 -0.0026
vn 0.1318 -0.9901 0.0486
vn 0.1048 -0.9887 -0.1069
vn 0.0763 -0.9434 -0.3227
vn -0.0387 -0.9785 -0.2026
vn 0.0302 -0.9292 -0.3684
vn -0.4174 -0.1889 -0.8889
vn -0.4619 -0.1739 -0.8697
vn -0.4729 -0.0966 -0.8758
vn 0.0508 -0.5430 -0.8382
vn -0.5097 -0.6752 -0.5332
vn -0.5028 -0.7512 -0.4277
vn -0.5199 -0.6696 -0.5304
vn -0.9856 -0.1097 -0.1291
vn -0.9859 -0.1067 -0.1286
vn -0.9865 -0.1020 -0.1278
vn -0.1722 -0.9501 -0.2602
vn -0.0863 -0.9776 -0.1919
vn -0.2057 -0.9587 -0.1965
vn -0.2040 -0.9376 0.2814
vn -0.2771 -0.8895 0.3632
vn -0.3211 -0.9092 0.2651
vn -0.0445 0.3950 0.9176
vn -0.0473 0.3507 0.9353
vn -0.0139 0.3298 0.9439
vn 0.0150 -0.9943 -0.1057
vn -0.2058 -0.9785 0.0114
vn -0.0627 -0.9967 -0.0512
vn 0.6358 0.5123 -0.5774
vn 0.7209 0.4162 -0.5542
vn 0.6904 0.4165 -0.5915
vn 0.5967 -0.0475 -0.8010
vn 0.1818 0.1522 -0.9715
vn 0.1713 0.1209 -0.9778
vn 0.1395 0.1286 -0.9818
vn 0.1861 0.2103 -0.9598
vn 0.1640 0.2648 -0.9503
vn 0.1046 0.2160 -0.9708
vn 0.0040 0.2104 -0.9776
vn 0.0523 0.2538 -0.9658
vn 0.0191 0.1961 -0.9804
vn 0.1667 0.4854 0.8583
vn 0.1720 0.4772 0.8618
vn 0.1669 0.4851 0.8584
vn 0.2258 0.0439 0.9732
vn 0.2299 0.0386 0.9725
vn 0.2335 0.0348 0.9717
vn 0.4974 -0.3967 0.7715
vn 0.5000 -0.3917 0.7724
vn 0.4970 -0.3977 0.7713
vn -0.4056 0.0030 -0.9140
vn -0.1781 0.1792 -0.9676
vn -0.1856 0.0369 -0.9819
vn -0.2878 0.1884 -0.9390
vn -0.1981 0.0372 -0.9795
vn -0.1889 0.0203 -0.9818
vn 0.1368 0.1576 -0.9780
vn 0.1312 0.0533 -0.9899
vn 0.7974 -0.4626 -0.3875
vn 0.7993 -0.4600 -0.3867
vn 0.7983 -0.4598 -0.3889
vn 0.2751 0.9056 0.3228
vn 0.4725 0.7748 0.4200
vn 0.4246 0.8601 0.2828
vn 0.7503 0.3421 -0.5657
vn 0.5802 0.5410 -0.6088
vn 0.7474 0.5162 -0.4182
vn -0.4849 0.4427 0.7542
vn -0.4926 0.4338 0.7544
vn -0.4922 0.4347 0.7541
vn -0.5001 0.4327 0.7501
vn -0.5017 0.3608 0.7862
vn -0.4931 0.4267 0.7582
vn 0.6029 0.1772 -0.7779
vn 0.6498 0.0561 -0.7580
vn 0.6490 0.0061 -0.7608
vn 0.7238 0.2514 -0.6425
vn 0.7367 0.1683 -0.6549
vn 0.7188 0.0581 -0.6928
vn 0.9754 0.1556 -0.1563
vn 0.9843 0.1306 -0.1188
vn 0.9889 0.1283 -0.0748
vn -0.5415 0.8405 -0.0178
vn -0.5513 0.8342 -0.0081
vn -0.5534 0.8329 -0.0063
vn -0.4488 0.8541 0.2627
vn -0.3333 0.9212 0.2010
vn -0.4054 0.9063 0.1197
vn -0.5702 0.7863 -0.2380
vn -0.5972 0.7746 -0.2081
vn -0.5129 0.8094 -0.2861
vn -0.4182 0.8373 0.3521
vn -0.3976 0.8426 0.3633
vn -0.3993 0.8493 0.3453
vn 0.7395 -0.0941 0.6665
vn 0.8158 0.1162 0.5666
vn 0.8083 -0.0541 0.5863
vn -0.8824 -0.2070 -0.4225
vn -0.8881 0.4124 -0.2027
vn -0.8038 0.3966 -0.4435
vn -0.8484 0.3831 -0.3653
vn 0.0317 0.9020 0.4306
vn -0.0820 0.9065 0.4142
vn -0.1015 0.8696 0.4832
vn 0.5227 0.7181 0.4595
vn 0.5222 0.7183 0.4597
vn 0.5114 0.7218 0.4663
vn -0.1777 -0.7437 0.6445
vn -0.1398 -0.7176 0.6823
vn -0.1741 -0.7222 0.6694
vn 0.5869 0.6836 -0.4338
vn 0.4017 0.7231 -0.5620
vn 0.4621 0.7515 -0.4708
vn -0.8446 -0.1255 -0.5205
vn -0.8603 -0.1150 -0.4966
vn -0.8888 -0.0801 -0.4512
vn -0.0280 0.3080 -0.9510
vn -0.1880 0.1013 -0.9769
vn -0.2226 0.2064 -0.9528
vn -0.0691 0.1940 -0.9786
vn 0.0343 0.0363 -0.9988
vn -0.0466 0.1350 -0.9897
vn 0.1351 0.0238 -0.9905
vn 0.2573 -0.1197 0.9589
vn 0.4833 -0.1276 0.8661
vn 0.2096 -0.0015 0.9778
vn 0.4143 -0.8846 -0.2141
vn 0.4048 -0.8835 -0.2355
vn 0.4525 -0.8370 -0.3076
vn -0.1760 -0.9676 0.1810
vn -0.3667 -0.8910 0.2676
vn -0.0042 -0.8133 0.5818
vn 0.2673 -0.9636 -0.0091
vn 0.2492 -0.9684 -0.0126
vn 0.2229 -0.9748 -0.0017
vn -0.7002 -0.1787 -0.6913
vn -0.6358 -0.2489 -0.7306
vn -0.5931 -0.0883 -0.8003
vn -0.9173 -0.1596 -0.3647
vn -0.9334 -0.0812 -0.3497
vn -0.9277 -0.0758 -0.3656
vn 0.2322 0.3165 -0.9197
vn 0.1075 0.2267 -0.9680
vn 0.3340 0.0863 -0.9386
vn -0.4382 0.1637 0.8838
vn -0.4970 0.2192 0.8396
vn -0.4479 0.1104 0.8873
vn 0.1180 0.0673 -0.9907
vn 0.3046 0.0624 -0.9504
vn 0.2010 -0.1105 -0.9733
vn 0.0596 0.4870 0.8714
vn 0.0682 0.4748 0.8774
vn 0.0531 0.4987 0.8651
vn -0.2427 -0.0499 0.9688
vn -0.2420 -0.0493 0.9690
vn -0.2517 -0.0440 0.9668
vn -0.7828 0.0349 0.6213
vn -0.7953 0.0661 0.6027
vn -0.7928 0.0198 0.6092
vn 0.1215 -0.5196 -0.8457
vn 0.1154 -0.5212 -0.8456
vn 0.1112 -0.5230 -0.8450
vn -0.7872 0.1688 0.5932
vn -0.7817 0.0926 0.6167
vn -0.7891 0.1434 0.5972
vn -0.5188 -0.3915 -0.7599
vn -0.5187 -0.3916 -0.7600
vn -0.5185 -0.3915 -0.7602
vn -0.2387 0.0985 0.9661
vn -0.2745 0.1017 0.9562
vn -0.2414 0.0789 0.9672
vn -0.1551 0.1757 0.9722
vn -0.1659 0.1393 0.9763
vn -0.1279 0.1508 0.9802
vn -0.3108 0.0589 0.9486
vn -0.3090 0.0988 0.9459
vn -0.3135 0.0923 0.9451
vn 0.4471 -0.8525 -0.2707
vn 0.3460 -0.9313 -0.1139
vn 0.2135 -0.8705 -0.4434
vn -0.2173 -0.6909 -0.6895
vn -0.1518 -0.6285 -0.7628
vn -0.0985 -0.7057 -0.7016
vn 0.7928 -0.0446 0.6079
vn 0.8041 0.0503 0.5924
vn 0.7169 0.1469 0.6815
vn 0.9700 -0.1244 -0.2087
vn 0.0648 0.1886 -0.9799
vn -0.0965 0.2229 -0.9701
vn -0.7213 0.1126 0.6834
vn -0.7405 0.1181 0.6616
vn -0.6783 0.1515 0.7190
vn -0.8193 0.0795 0.5678
vn -0.8362 -0.0539 0.5457
vn -0.7911 0.1378 0.5960
vn -0.5846 0.7777 -0.2309
vn -0.5494 0.7693 -0.3260
vn -0.5376 0.7670 -0.3502
vn -0.0014 0.0063 1.0000
vn 0.0012 0.0153 0.9999
vn -0.0015 0.0062 1.0000
vn 0.9444 0.2480 0.2157
vn 0.9463 0.2531 0.2012
vn 0.9421 0.2402 0.2339
vn 0.8938 0.3943 0.2135
vn 0.9197 0.2225 0.3235
vn 0.7639 0.3071 0.5676
vn -0.7649 -0.0258 0.6437
vn -0.7545 0.0360 0.6553
vn -0.7365 0.0286 0.6758
vn -0.9751 0.1733 0.1382
vn -0.9771 0.1651 0.1340
vn -0.9765 0.1627 0.1417
vn 0.2221 0.5005 0.8368
vn 0.2923 0.2114 0.9327
vn 0.1987 0.4805 0.8542
vn -0.1091 0.7056 0.7002
vn 0.0692 0.8535 0.5165
vn -0.0691 0.7621 0.6437
vn -0.9765 -0.1561 -0.1486
vn -0.9920 0.0484 -0.1168
vn -0.9711 -0.1713 -0.1660
vn 0.1942 0.2174 0.9566
vn 0.1925 0.2014 0.9604
vn 0.1962 0.1855 0.9629
vn -0.4980 -0.0135 0.8671
vn -0.5488 -0.0454 0.8347
vn -0.6349 -0.0348 0.7718
vn 0.1686 0.6171 0.7686
vn 0.1506 0.6263 0.7649
vn 0.2043 0.6009 0.7728
vn -0.9323 0.3377 -0.1299
vn -0.9392 0.3056 -0.1569
vn -0.9635 0.2598 -0.0649
vn 0.1152 -0.0051 -0.9933
vn 0.0933 -0.0143 -0.9955
vn 0.1005 -0.0122 -0.9949
vn 0.1050 -0.0120 -0.9944
vn 0.0948 0.0127 -0.9954
vn 0.0889 0.0008 -0.9960
vn 0.1894 -0.2416 0.9517
vn 0.1651 0.0227 0.9860
vn 0.1095 0.1190 0.9868
vn 0.8971 0.3068 -0.3178
vn -0.0485 -0.6942 -0.7181
vn 0.0129 -0.6755 -0.7372
vn 0.0186 -0.7963 -0.6046
vn 0.0316 0.9994 -0.0145
vn 0.0240 0.9989 -0.0410
vn 0.0311 0.9994 -0.0158
vn -0.3605 0.4278 0.8289
vn -0.2755 0.3725 0.8862
vn -0.2670 0.4579 0.8480
vn 0.6681 0.3408 0.6614
vn 0.6692 0.3395 0.6610
vn 0.6729 0.3336 0.6602
vn -0.5736 -0.0746 -0.8157
vn -0.2944 0.0186 -0.9555
vn 0.2584 -0.0940 -0.9614
vn -0.9859 0.1625 -0.0401
vn -0.9859 0.1086 0.1274
vn -0.9832 0.1788 0.0375
vn -0.4996 0.5269 0.6876
vn -0.5152 0.6236 0.5879
vn -0.4116 0.5655 0.7147
vn 0.2077 0.2229 0.9525
vn 0.2118 0.2255 0.9509
vn 0.2463 0.2386 0.9394
vn 0.2109 0.0038 -0.9775
vn 0.3960 0.1696 -0.9025
vn 0.2917 -0.0323 -0.9560
vn 0.0871 -0.9052 0.4159
vn 0.0851 -0.9470 0.3097
vn 0.2161 -0.9249 0.3128
vn -0.2705 -0.9199 0.2838
vn -0.3170 -0.9302 0.1847
vn -0.2697 -0.9121 0.3088
vn -0.0920 -0.9813 -0.1692
vn -0.1834 -0.9625 -0.1997
vn -0.0399 -0.9716 -0.2334
vn 0.5426 -0.3512 -0.7631
vn 0.6034 -0.3796 -0.7014
vn 0.6777 -0.3973 -0.6187
vn -0.2456 -0.9684 -0.0432
vn -0.2926 -0.9528 0.0812
vn -0.2969 -0.9515 0.0804
vn 0.0455 -0.9197 -0.3900
vn 0.0653 -0.9471 -0.3144
vn -0.0043 -0.9528 -0.3037
vn -0.3169 0.6207 0.7171
vn -0.2563 0.6312 0.7320
vn -0.2988 0.5411 0.7861
vn -0.3244 0.2159 0.9210
vn -0.3280 0.1959 0.9241
vn -0.3104 0.1969 0.9300
vn -0.6465 -0.0403 -0.7619
vn -0.5687 -0.0549 -0.8207
vn -0.6239 -0.1471 -0.7675
vn -0.2246 -0.0437 -0.9735
vn -0.2282 -0.0522 -0.9722
vn -0.2203 -0.0101 -0.9754
vn 0.1047 0.1175 -0.9875
vn 0.0317 -0.0137 -0.9994
vn 0.1224 -0.0291 -0.9921
vn 0.1162 -0.0340 -0.9926
vn 0.0888 0.1756 -0.9804
vn 0.1071 -0.0492 -0.9930
vn 0.5917 0.1786 -0.7861
vn 0.6812 0.1769 -0.7104
vn 0.7184 0.1055 -0.6875
vn 0.6828 0.0523 -0.7287
vn 0.7308 0.0978 -0.6756
vn 0.7322 0.0967 -0.6742
vn 0.2567 0.4910 0.8325
vn 0.3488 0.4851 0.8019
vn 0.2152 0.5638 0.7974
vn -0.0046 0.4179 0.9085
vn -0.0018 0.4181 0.9084
vn 0.0214 0.4213 0.9067
vn 0.8837 0.4649 0.0549
vn 0.8479 0.5302 0.0033
vn 0.8178 0.5746 0.0316
vn -0.3170 0.0504 0.9471
vn -0.3164 0.0507 0.9473
vn 0.0246 -0.9964 0.0811
vn -0.0024 -0.9971 0.0759
vn 0.0217 -0.9969 0.0752
vn 0.0300 -0.9982 0.0525
vn 0.0167 -0.9989 0.0448
vn 0.0366 -0.9970 0.0682
vn 0.2428 0.2318 -0.9420
vn 0.2440 0.2312 -0.9418
vn 0.2428 0.1760 -0.9540
vn 0.1893 0.1946 -0.9625
vn 0.1404 0.2241 -0.9644
vn 0.1393 0.2249 -0.9644
vn 0.1384 0.2315 -0.9629
vn 0.1349 0.2352 -0.9625
vn 0.1375 0.2337 -0.9625
vn 0.9911 -0.1315 -0.0209
vn 0.9817 0.1244 0.1439
vn 0.9885 0.1455 -0.0421
vn 0.0704 0.9902 -0.1205
vn -0.1468 0.4715 -0.8696
vn -0.1324 0.5592 -0.8184
vn -0.1007 0.4217 -0.9011
vn 0.3087 0.2882 -0.9065
vn 0.2283 -0.0902 -0.9694
vn -0.3647 0.8719 -0.3269
vn 0.7633 0.4980 0.4115
vn 0.7994 0.5945 -0.0866
vn 0.7971 0.5975 -0.0874
vn 0.6210 0.6432 0.4479
vn 0.6153 0.6449 0.4534
vn 0.6196 0.6422 0.4514
vn -0.7640 0.2085 -0.6107
vn -0.7602 0.2084 -0.6153
vn -0.7642 0.2419 -0.5979
vn 0.0963 0.1192 -0.9882
vn 0.3430 0.2262 -0.9117
vn 0.2064 -0.0835 -0.9749
vn 0.2743 0.0008 -0.9617
vn 0.2282 0.0105 -0.9736
vn -0.0336 -0.0483 -0.9983
vn -0.7953 0.2183 -0.5656
vn -0.7934 0.2055 -0.5729
vn -0.7985 0.1995 -0.5680
vn 0.3357 0.1691 0.9267
vn 0.3648 0.0626 0.9290
vn 0.3904 0.0566 0.9189
vn 0.9877 -0.1235 -0.0956
vn 0.9940 -0.0196 -0.1076
vn 0.9801 -0.1733 -0.0968
vn -0.3261 0.4919 0.8073
vn -0.2647 0.5032 0.8226
vn -0.2934 0.4423 0.8475
vn -0.5954 0.1487 0.7895
vn -0.5882 0.1678 0.7911
vn -0.5898 0.1797 0.7873
vn -0.2671 0.5824 0.7677
vn 0.9950 0.0694 0.0714
vn 0.9150 0.2677 0.3018
vn 0.9961 -0.0790 -0.0398
vn -0.9762 0.1316 -0.1722
vn -0.9290 0.1463 -0.3399
vn -0.9532 0.0893 -0.2888
vn 0.4902 -0.8635 0.1186
vn -0.8712 0.0261 0.4903
vn -0.8896 0.0046 0.4567
vn -0.8833 0.0242 0.4682
vn -0.8568 -0.0246 0.5150
vn -0.8555 -0.0254 0.5172
vn -0.8473 -0.0064 0.5311
vn 0.6067 -0.0959 0.7892
vn 0.6291 -0.0912 0.7720
vn 0.6508 -0.0832 0.7547
vn 0.2768 0.0168 -0.9608
vn 0.1738 0.0387 -0.9840
vn 0.1991 0.0481 -0.9788
vn 0.9998 -0.0181 0.0096
vn 0.9998 -0.0211 -0.0014
vn 0.9996 -0.0273 -0.0011
vn 0.5197 -0.0973 0.8488
vn 0.7027 -0.2640 0.6607
vn 0.6864 0.0108 0.7271
vn 0.8715 0.1582 -0.4642
vn 0.8779 0.1327 -0.4601
vn 0.8676 0.2004 -0.4552
vn 0.5746 0.1208 -0.8095
vn 0.6449 0.0349 -0.7635
vn 0.5945 0.0207 -0.8038
vn 0.9668 0.2426 -0.0804
vn 0.9586 0.2712 -0.0868
vn 0.9541 0.2851 -0.0921
vn -0.2027 0.6610 0.7225
vn -0.2066 0.6606 0.7217
vn -0.2237 0.6828 0.6955
vn 0.2016 0.2506 -0.9468
vn 0.2947 0.2581 -0.9201
vn 0.3496 0.2506 -0.9028
vn 0.0586 -0.0615 -0.9964
vn 0.0810 -0.0049 -0.9967
vn 0.0949 -0.0465 -0.9944
vn 0.1426 0.0242 -0.9895
vn 0.1510 0.0163 -0.9884
vn 0.1462 0.0044 -0.9892
vn 0.0871 -0.8006 -0.5928
vn 0.0975 -0.7512 -0.6528
vn -0.1256 -0.7800 -0.6130
vn 0.1377 -0.8402 -0.5245
vn 0.1554 -0.9259 -0.3443
vn 0.1402 -0.8461 -0.5142
vn -0.8999 -0.4189 -0.1212
vn -0.8648 -0.4655 0.1885
vn -0.9131 -0.3813 0.1448
vn -0.9750 0.1625 -0.1517
vn -0.4892 0.2765 -0.8272
vn -0.4547 0.0319 -0.8901
vn -0.6437 0.0470 -0.7638
vn -0.3786 -0.1136 -0.9186
vn -0.4620 0.1642 -0.8716
vn -0.2373 0.1204 -0.9640
vn 0.0870 0.0280 -0.9958
vn 0.1115 -0.0604 -0.9919
vn 0.1061 -0.0404 -0.9935
vn 0.1247 -0.9914 0.0403
vn 0.1469 -0.9817 0.1212
vn 0.2868 -0.9580 0.0011
vn -0.0552 -0.4667 0.8827
vn -0.0530 -0.4685 0.8819
vn -0.0505 -0.4705 0.8810
vn -0.3470 0.0690 0.9353
vn -0.3472 0.0683 0.9353
vn -0.3478 0.0680 0.9351
vn -0.3765 0.2232 0.8991
vn -0.3768 0.2225 0.8992
vn -0.2376 -0.0417 0.9705
vn -0.2390 -0.0428 0.9701
vn -0.2375 -0.0438 0.9704
vn -0.5651 0.5173 0.6427
vn -0.5682 0.5286 0.6307
vn -0.5635 0.5104 0.6495
vn 0.5219 0.8382 0.1581
vn 0.5516 0.8161 0.1726
vn 0.5752 0.8180 -0.0049
vn 0.5387 0.7871 0.3004
vn 0.3750 0.9056 0.1982
vn 0.2412 0.9126 0.3302
vn -0.3757 -0.0440 -0.9257
vn -0.4426 0.0719 -0.8938
vn -0.2876 -0.1148 -0.9508
vn -0.7876 0.0066 -0.6161
vn -0.8287 -0.0614 -0.5563
vn -0.8662 0.0148 -0.4994
vn -0.0878 0.1562 -0.9838
vn -0.1357 0.0239 -0.9905
vn 0.2697 0.1234 -0.9550
vn -0.8481 0.4734 0.2379
vn -0.8145 0.5590 0.1552
vn -0.7657 0.5623 0.3122
vn -0.0831 0.9219 0.3783
vn -0.1219 0.9007 0.4170
vn -0.1117 0.8915 0.4391
vn -0.0250 0.9431 0.3316
vn -0.0036 0.9285 0.3714
vn 0.0618 0.9317 0.3579
vn -0.2425 -0.9571 0.1586
vn -0.1084 -0.9809 0.1617
vn -0.1716 -0.9669 0.1891
vn 0.3811 0.0107 -0.9245
vn 0.4613 -0.0501 -0.8858
vn 0.4819 -0.0569 -0.8744
vn -0.6121 -0.1331 0.7795
vn -0.6421 -0.1505 0.7517
vn -0.6205 -0.1893 0.7610
vn -0.7489 0.1311 0.6496
vn -0.8111 0.2160 0.5436
vn -0.8949 0.2493 0.3702
vn 0.5861 0.5292 -0.6136
vn 0.5498 0.5889 -0.5924
vn 0.5761 0.6029 -0.5519
vn 0.8058 0.3643 -0.4668
vn 0.8026 0.3840 -0.4566
vn 0.8477 0.4458 -0.2875
vn 0.0583 -0.0722 -0.9957
vn 0.1663 -0.0788 -0.9829
vn 0.1149 -0.1138 -0.9868
vn 0.2080 0.0580 -0.9764
vn 0.2241 0.1216 -0.9669
vn 0.0947 0.0716 -0.9929
vn -0.3089 0.8160 -0.4885
vn -0.1991 0.7874 -0.5834
vn -0.2877 0.8443 -0.4521
vn -0.2075 -0.0983 -0.9733
vn -0.3478 0.1253 -0.9292
vn -0.1918 0.0433 -0.9805
vn 0.2139 0.0716 -0.9742
vn 0.1425 0.1199 -0.9825
vn 0.1934 0.0248 -0.9808
vn 0.2444 0.0675 -0.9673
vn 0.2499 0.1525 -0.9562
vn 0.1046 0.0249 -0.9942
vn 0.0130 0.1145 -0.9933
vn -0.1304 0.1265 -0.9834
vn 0.0459 0.1118 -0.9927
vn -0.2715 0.0424 -0.9615
vn -0.3816 0.0250 -0.9240
vn -0.1772 -0.1434 -0.9737
vn -0.3523 0.0137 -0.9358
vn -0.3861 -0.1327 -0.9129
vn -0.2164 -0.2062 -0.9543
vn 0.2381 0.0189 -0.9711
vn 0.2839 0.0366 -0.9582
vn 0.1939 0.1469 -0.9700
vn -0.3856 0.2057 0.8994
vn -0.3136 0.1300 0.9406
vn -0.3647 0.1777 0.9140
vn 0.0929 0.1277 -0.9874
vn 0.1569 0.1382 -0.9779
vn 0.0644 0.1099 -0.9919
vn -0.8495 0.3709 0.3753
vn -0.8114 0.4219 0.4045
vn -0.8093 0.3189 0.4933
vn -0.4192 0.8241 -0.3809
vn -0.4444 0.8241 -0.3513
vn -0.1194 0.0771 0.9899
vn -0.1067 0.1208 0.9869
vn -0.1397 0.1000 0.9851
vn -0.2854 -0.0302 0.9579
vn -0.2904 0.0495 0.9556
vn -0.3467 -0.0122 0.9379
vn -0.8744 0.1737 -0.4530
vn -0.4883 0.0236 -0.8724
vn -0.4139 -0.0162 -0.9102
vn -0.4025 -0.0594 -0.9135
vn -0.8960 0.2298 0.3800
vn -0.8566 0.1556 0.4920
vn -0.8609 0.1497 0.4862
vn 0.3648 0.5574 0.7458
vn 0.4262 0.6492 0.6301
vn 0.4697 0.5699 0.6742
vn 0.4670 0.5542 0.6890
vn 0.3847 0.6504 0.6550
vn 0.3826 0.5357 0.7527
vn 0.9013 0.1967 0.3859
vn 0.9014 0.1962 0.3859
vn 0.9014 0.1963 0.3859
vn 0.9136 0.3516 0.2043
vn 0.8696 0.3343 0.3634
vn 0.8168 0.4391 0.3742
vn 0.2552 0.7621 0.5950
vn 0.2557 0.7667 0.5889
vn 0.2557 0.7666 0.5890
vn -0.9847 0.0308 -0.1713
vn -0.9829 0.0225 -0.1827
vn -0.9839 0.0159 -0.1777
vn -0.8541 0.3102 -0.4173
vn -0.8935 0.3383 -0.2954
vn -0.9108 0.2359 -0.3389
vn -0.0293 -0.0447 -0.9986
vn -0.0230 -0.0396 -0.9990
vn -0.0126 -0.0580 -0.9982
vn 0.1789 -0.0918 -0.9796
vn 0.1800 -0.0909 -0.9795
vn 0.1803 -0.0906 -0.9794
vn -0.2206 0.0745 -0.9725
vn -0.2303 0.0025 -0.9731
vn -0.2349 -0.0137 -0.9719
vn -0.9339 0.2357 0.2688
vn -0.9275 0.2675 0.2611
vn -0.9304 0.2546 0.2635
vn -0.2693 0.9093 0.3173
vn -0.3873 0.8623 0.3262
vn -0.3400 0.7553 0.5603
vn -0.9680 0.2472 -0.0439
vn -0.9882 0.1522 -0.0169
vn -0.9688 0.2477 -0.0125
vn -0.6307 0.0427 -0.7748
vn -0.6713 0.1289 -0.7299
vn -0.6538 0.0688 -0.7535
vn 0.1627 0.3497 0.9226
vn 0.1794 0.3165 0.9315
vn 0.2032 0.3459 0.9160
vn 0.1959 -0.0401 -0.9798
vn 0.2308 -0.0739 -0.9702
vn 0.2191 -0.2874 -0.9324
vn 0.3603 -0.0077 -0.9328
vn 0.3782 0.0576 -0.9239
vn 0.4781 -0.0362 -0.8776
vn 0.3049 0.1885 -0.9336
vn 0.3644 0.1798 -0.9137
vn 0.3043 0.1371 -0.9427
vn 0.3931 -0.8850 -0.2497
vn 0.4904 -0.8265 -0.2763
vn 0.4488 -0.8323 -0.3253
vn -0.2745 0.0360 -0.9609
vn -0.2825 0.1967 -0.9389
vn -0.0916 0.1612 -0.9827
vn 0.7362 0.1021 -0.6690
vn 0.7417 0.1077 -0.6621
vn 0.7437 0.0919 -0.6622
vn 0.5003 -0.6767 -0.5402
vn 0.9673 0.0455 0.2493
vn 0.9801 -0.0179 0.1976
vn 0.9390 0.1069 0.3268
vn 0.9488 0.2856 0.1347
vn 0.9231 0.3100 0.2275
vn 0.9215 0.2435 0.3024
vn 0.2485 0.7256 -0.6417
vn 0.2482 0.7250 -0.6425
vn 0.2845 0.7666 -0.5756
vn 0.3205 0.5644 0.7607
vn 0.4455 0.5723 0.6885
vn 0.3790 0.6318 0.6761
vn -0.1446 0.3028 -0.9420
vn -0.0575 0.2747 -0.9598
vn -0.1685 0.2479 -0.9540
vn -0.9872 0.1578 -0.0214
vn -0.9815 -0.1142 -0.1539
vn -0.9936 0.0681 -0.0905
vn 0.1223 -0.0250 -0.9922
vn 0.1586 -0.0729 -0.9847
vn 0.1513 -0.0820 -0.9851
vn -0.3687 -0.9001 -0.2319
vn -0.2252 -0.9100 -0.3482
vn -0.1295 -0.9455 -0.2988
vn 0.0166 -0.9698 0.2434
vn 0.0560 -0.9884 0.1415
vn 0.1096 -0.9794 0.1694
vn -0.8498 -0.0571 0.5240
vn -0.8438 -0.0107 0.5365
vn -0.8004 0.0728 0.5950
vn 0.0133 0.2191 0.9756
vn 0.8299 0.3267 -0.4523
vn 0.8279 0.3488 -0.4392
vn 0.8356 0.3094 -0.4540
vn 0.0078 0.8257 0.5640
vn -0.9322 -0.0392 -0.3598
vn -0.9262 -0.1312 -0.3535
vn -0.7057 -0.3389 -0.6222
vn -0.8225 0.0016 -0.5687
vn -0.8836 0.1642 -0.4384
vn -0.9043 -0.0534 -0.4235
vn -0.9497 0.1171 -0.2905
vn -0.9672 -0.1903 -0.1681
vn -0.9454 -0.0406 -0.3235
vn 0.0729 -0.8987 0.4325
vn 0.0364 -0.9021 0.4299
vn 0.0811 -0.8964 0.4357
vn 0.0949 -0.9727 0.2120
vn 0.0804 -0.9697 0.2305
vn 0.1382 -0.9653 0.2217
vn 0.3530 -0.1351 -0.9258
vn 0.3757 0.0427 -0.9257
vn 0.5013 -0.0455 -0.8641
vn -0.8886 -0.1174 -0.4433
vn -0.3328 0.5957 0.7310
vn -0.2505 0.6834 0.6857
vn -0.0603 0.7314 0.6793
vn 0.0092 0.0593 0.9982
vn 0.3105 0.0789 0.9473
vn 0.1172 0.2723 0.9550
vn 0.4608 -0.7613 -0.4561
vn 0.3871 -0.7419 -0.5475
vn 0.4814 -0.6750 -0.5592
vn -0.8622 0.2166 0.4579
vn -0.7956 0.3784 0.4731
vn -0.8616 0.3393 0.3776
vn 0.0551 0.8511 0.5222
vn -0.1787 0.8991 0.3997
vn 0.0816 0.9558 0.2824
vn 0.8464 0.5142 0.1386
vn 0.7454 0.6643 0.0556
vn 0.6758 0.7000 0.2310
vn 0.2185 0.9739 0.0622
vn 0.2041 0.9776 0.0521
vn 0.1750 0.9842 0.0267
vn 0.5001 0.8175 -0.2857
vn 0.4807 0.8216 -0.3065
vn 0.5198 0.8161 -0.2525
vn -0.6019 -0.1162 -0.7900
vn -0.6686 -0.0424 -0.7424
vn -0.7075 -0.1222 -0.6961
vn -0.6918 -0.0805 -0.7176
vn -0.6520 -0.1363 -0.7459
vn -0.6816 -0.1223 -0.7214
vn -0.8408 0.0134 -0.5412
vn -0.8654 -0.0187 -0.5007
vn -0.8391 0.0173 -0.5438
vn -0.8222 0.1185 -0.5567
vn -0.8448 0.0629 -0.5313
vn -0.8609 0.0450 -0.5068
vn -0.5886 0.1722 0.7899
vn -0.6043 0.1674 0.7789
vn -0.6040 0.1618 0.7804
vn -0.1099 -0.9919 0.0643
vn -0.1564 -0.9769 0.1456
vn -0.1461 -0.9891 0.0189
vn -0.0932 -0.9942 -0.0544
vn -0.1401 -0.9812 -0.1331
vn -0.1039 -0.9835 -0.1479
vn -0.0508 0.3337 0.9413
vn 0.6491 0.1759 0.7400
vn 0.6891 0.0652 0.7217
vn 0.7067 0.0476 0.7059
vn 0.5898 0.7685 0.2482
vn 0.1016 0.0290 -0.9944
vn 0.1388 0.0504 -0.9890
vn 0.0833 0.0489 -0.9953
vn -0.9842 -0.0774 -0.1595
vn -0.6751 -0.2110 -0.7069
vn -0.6706 -0.2006 -0.7141
vn -0.6840 -0.0673 -0.7263
vn -0.4523 -0.0210 -0.8916
vn -0.4419 -0.1055 -0.8908
vn -0.5819 -0.1010 -0.8070
vn -0.1330 -0.9802 -0.1469
vn -0.1595 -0.9821 -0.1004
vn -0.1766 -0.9622 -0.2072
vn 0.9704 0.2335 0.0624
vn 0.9967 0.0649 -0.0483
vn 0.9609 0.0092 -0.2768
vn -0.7746 0.2233 -0.5917
vn -0.7395 0.2900 -0.6075
vn -0.7131 0.1239 -0.6900
vn -0.7487 0.1321 -0.6496
vn -0.7977 0.0973 -0.5951
vn -0.7778 0.1750 -0.6036
vn -0.8279 0.2882 -0.4811
vn -0.8537 0.4261 -0.2993
vn -0.8932 0.3218 -0.3142
vn -0.7246 0.6208 0.2993
vn -0.6733 0.6571 0.3390
vn -0.7476 0.5869 0.3109
vn -0.4015 -0.0612 0.9138
vn -0.4002 -0.0124 0.9164
vn -0.4392 -0.0060 0.8984
vn -0.5551 0.1097 0.8245
vn -0.5427 0.1444 0.8274
vn -0.5771 0.0856 0.8121
vn -0.5749 0.2652 0.7741
vn -0.6625 0.2851 0.6926
vn -0.5706 0.2615 0.7785
vn -0.6298 0.6980 0.3408
vn -0.6295 0.6986 0.3401
vn -0.6290 0.6995 0.3391
vn -0.9244 0.3691 0.0960
vn -0.9399 0.3335 0.0732
vn -0.9251 0.3683 0.0927
vn 0.1310 -0.0355 -0.9907
vn 0.0390 -0.0742 -0.9965
vn 0.0682 -0.0318 -0.9972
vn 0.1191 -0.0265 -0.9925
vn 0.0191 -0.0236 -0.9995
vn 0.0264 0.0130 -0.9996
vn -0.3117 0.5900 0.7448
vn -0.3137 0.5923 0.7421
vn -0.3186 0.5992 0.7344
vn 0.5324 0.0346 0.8458
vn 0.7437 0.0091 0.6684
vn 0.5104 0.0674 0.8573
vn 0.0324 -0.0059 0.9995
vn -0.0187 0.0096 0.9998
vn -0.0162 -0.0063 0.9998
vn -0.3124 -0.2762 0.9089
vn -0.3205 -0.2839 0.9037
vn -0.3158 -0.2836 0.9055
vn -0.4547 -0.0787 0.8872
vn -0.4307 -0.0539 0.9009
vn -0.3984 -0.0879 0.9130
vn 0.0122 0.9226 0.3856
vn 0.0106 0.9266 0.3760
vn 0.0157 0.9268 0.3753
vn 0.9332 -0.3471 0.0931
vn 0.9287 -0.3230 0.1823
vn 0.9171 -0.3381 0.2110
vn -0.1715 0.6838 0.7093
vn 0.0099 0.6820 0.7313
vn -0.0705 0.7522 0.6552
vn 0.0387 0.6398 0.7676
vn 0.0975 0.6160 0.7817
vn 0.2812 0.5455 0.7895
vn -0.8899 0.0244 -0.4556
vn -0.9742 -0.0137 -0.2255
vn -0.9737 0.1007 -0.2046
vn 0.9251 0.3148 0.2122
vn 0.8957 0.1957 0.3993
vn 0.9149 0.2349 0.3283
vn 0.9804 0.0197 0.1959
vn 0.9881 0.0405 0.1487
vn 0.9828 0.0273 0.1824
vn -0.1543 -0.2802 -0.9474
vn -0.1533 -0.2816 -0.9472
vn -0.1520 -0.2831 -0.9470
vn 0.1933 -0.1402 -0.9711
vn 0.2965 0.2968 -0.9078
vn 0.2390 0.1443 -0.9602
vn 0.0679 -0.3801 -0.9224
vn 0.1054 -0.3748 -0.9211
vn 0.0436 -0.3812 -0.9235
vn 0.1704 -0.2983 -0.9391
vn 0.2833 -0.2314 -0.9307
vn 0.0439 -0.2771 -0.9598
vn 0.1620 0.0981 -0.9819
vn 0.1742 -0.1746 -0.9691
vn 0.1795 -0.0620 -0.9818
vn 0.0288 -0.1564 -0.9873
vn 0.0321 -0.1591 -0.9867
vn 0.0300 -0.1701 -0.9850
vn 0.2307 0.5551 0.7991
vn 0.2371 0.5549 0.7974
vn 0.2245 0.5561 0.8002
vn 0.4856 0.7732 0.4078
vn 0.4932 0.7704 0.4040
vn 0.4955 0.7699 0.4023
vn 0.3625 0.4534 -0.8143
vn 0.1797 0.7453 -0.6420
vn 0.1072 -0.3347 -0.9362
vn -0.5483 0.5494 -0.6305
vn -0.2743 0.6732 -0.6867
vn 0.0346 0.7032 -0.7102
vn -0.4704 -0.6547 0.5916
vn -0.4920 -0.6767 0.5477
vn -0.4807 -0.6653 0.5713
vn -0.9668 -0.1936 -0.1668
vn -0.9016 0.0997 -0.4209
vn -0.8593 -0.1013 -0.5014
vn 0.6563 0.4604 0.5978
vn 0.7310 0.4217 0.5365
vn 0.7288 0.3560 0.5849
vn 0.7708 0.2012 0.6045
vn 0.7885 -0.0347 0.6140
vn 0.7416 -0.2510 0.6222
vn -0.5215 0.7985 0.3006
vn -0.5388 0.5167 0.6654
vn -0.6756 -0.5329 0.5095
vn 0.0509 0.3573 0.9326
vn -0.5630 0.6485 0.5123
vn -0.4671 0.2336 0.8528
vn 0.4538 0.0897 -0.8866
vn 0.4707 0.0804 -0.8786
vn 0.4722 0.0795 -0.8779
vn 0.6237 0.0431 -0.7805
vn 0.5855 -0.0066 -0.8106
vn 0.5425 0.0315 -0.8394
vn -0.8028 -0.0448 0.5945
vn -0.7672 -0.0355 0.6405
vn -0.7803 0.0122 0.6253
vn -0.1711 -0.8380 -0.5181
vn -0.1649 -0.8420 -0.5136
vn -0.1688 -0.8400 -0.5156
vn -0.6667 -0.6161 0.4194
vn -0.6704 -0.6026 0.4330
vn -0.6815 -0.6449 0.3459
vn -0.2974 0.1206 -0.9471
vn -0.3332 -0.0636 -0.9407
vn -0.1668 0.0508 -0.9847
vn -0.6926 0.0576 -0.7190
vn -0.3289 -0.4217 -0.8450
vn -0.6612 0.0974 -0.7439
vn 0.0393 0.4340 0.9000
vn 0.0848 0.4216 0.9028
vn 0.0525 0.4290 0.9018
vn -0.9140 -0.0106 0.4055
vn -0.7040 -0.0597 0.7077
vn -0.6497 -0.1065 0.7527
vn -0.1290 -0.9196 0.3710
vn -0.1119 -0.9213 0.3724
vn -0.0928 -0.9228 0.3739
vn 0.1682 -0.9145 -0.3680
vn 0.1737 -0.9132 -0.3686
vn 0.1864 -0.9101 -0.3702
vn -0.1637 -0.4852 -0.8589
vn 0.1356 -0.2653 -0.9546
vn 0.5635 0.1266 -0.8164
vn 0.5781 0.7665 0.2798
vn 0.6330 0.7192 0.2865
vn 0.4607 0.8450 0.2715
vn 0.2308 -0.0889 -0.9689
vn 0.2265 -0.0814 -0.9706
vn 0.2205 -0.0745 -0.9725
vn 0.1436 0.9125 0.3831
vn 0.1459 0.9197 0.3645
vn 0.1432 0.9068 0.3965
vn -0.1486 0.7513 -0.6430
vn -0.1890 0.7524 -0.6310
vn -0.2537 0.7477 -0.6137
vn -0.0101 0.3542 -0.9351
vn 0.0151 0.5104 -0.8598
vn -0.0320 0.4823 -0.8754
vn 0.2102 -0.9446 -0.2523
vn 0.2571 -0.9154 -0.3097
vn 0.0570 -0.9983 0.0127
vn -0.3361 -0.9409 -0.0408
vn -0.3923 -0.9184 -0.0522
vn -0.2829 -0.9588 -0.0259
vn -0.9806 -0.1504 0.1259
vn -0.9455 0.1308 0.2982
vn -0.9690 -0.2288 0.0930
vn 0.3770 -0.4284 0.8212
vn 0.6179 0.1740 0.7667
vn 0.6406 0.3617 0.6774
vn 0.9314 0.3633 0.0206
vn 0.9380 0.3465 -0.0000
vn 0.9345 0.3552 -0.0233
vn -0.0448 -0.0207 -0.9988
vn -0.0452 -0.0156 -0.9989
vn -0.0544 -0.0251 -0.9982
vn -0.5044 0.3166 -0.8034
vn -0.4955 0.3290 -0.8039
vn -0.5007 0.3224 -0.8033
vn -0.6096 -0.7465 -0.2666
vn -0.5679 -0.7731 -0.2825
vn -0.5746 -0.7485 -0.3312
vn -0.7697 0.4624 -0.4402
vn -0.9097 0.3120 -0.2741
vn -0.8520 0.1110 -0.5116
vn -0.0842 -0.4094 0.9084
vn -0.1201 -0.4139 0.9023
vn -0.1070 -0.4109 0.9054
vn 0.2695 -0.2281 0.9356
vn 0.2886 -0.2145 0.9331
vn 0.2410 -0.2669 0.9331
vn -0.8136 0.3524 -0.4624
vn -0.7063 0.5638 -0.4280
vn -0.7384 0.5078 -0.4437
vn 0.7892 0.6142 0.0052
vn 0.7368 0.6391 0.2207
vn 0.6937 0.6939 0.1930
vn -0.0145 0.2977 0.9545
vn -0.0234 0.2548 0.9667
vn -0.0053 0.2997 0.9540
vn -0.0480 0.4594 -0.8870
vn -0.1310 0.4145 -0.9006
vn -0.0763 0.5087 -0.8575
vn -0.2096 -0.9652 0.1564
vn -0.1102 -0.9932 0.0369
vn -0.1732 -0.9848 -0.0145
vn -0.1442 -0.7894 -0.5966
vn -0.1903 -0.7019 -0.6864
vn -0.1873 -0.7038 -0.6853
vn 0.7663 0.1523 0.6242
vn 0.7681 0.1405 0.6248
vn 0.7693 0.1250 0.6266
vn -0.2308 -0.3265 -0.9166
vn -0.2095 -0.3981 -0.8931
vn -0.1360 -0.2924 -0.9466
vn -0.4200 -0.7883 -0.4496
vn -0.4373 -0.7843 -0.4401
vn -0.4622 -0.7430 -0.4841
vn 0.5702 0.8036 -0.1705
vn 0.5828 0.8103 -0.0617
vn 0.5734 0.8180 -0.0455
vn 0.5141 0.2773 -0.8117
vn 0.5130 0.2949 -0.8061
vn 0.4984 0.3007 -0.8131
vn -0.4931 0.1312 -0.8600
vn -0.3394 0.0559 -0.9390
vn -0.5047 -0.0384 -0.8624
vn -0.7891 0.1177 -0.6029
vn -0.7984 0.2591 -0.5436
vn -0.7038 0.1293 -0.6986
vn 0.1232 0.1054 -0.9868
vn 0.0451 0.1367 -0.9896
vn 0.0850 0.0126 -0.9963
vn 0.6225 -0.7489 0.2274
vn 0.5628 -0.8241 0.0639
vn 0.5234 -0.8367 0.1611
vn 0.6881 0.6261 -0.3669
vn 0.6882 0.6265 -0.3659
vn 0.6912 0.6193 -0.3724
vn 0.0721 0.0893 -0.9934
vn 0.0727 0.0868 -0.9936
vn 0.0614 0.0965 -0.9934
vn 0.1686 -0.4945 -0.8526
vn 0.2885 -0.4565 -0.8416
vn 0.0447 -0.4836 -0.8741
vn -0.2205 0.5124 -0.8300
vn -0.3804 0.3307 -0.8637
vn -0.3751 0.5394 -0.7539
vn 0.3113 -0.5366 0.7843
vn 0.1520 -0.6516 0.7431
vn 0.4862 -0.3203 0.8130
vn 0.0214 0.4058 -0.9137
vn 0.2006 0.0906 -0.9755
vn 0.0099 0.4299 -0.9028
vn -0.3853 -0.0440 -0.9217
vn -0.4110 0.0642 -0.9094
vn -0.3487 0.0302 -0.9368
vn -0.4828 -0.4120 -0.7728
vn -0.4248 -0.4952 -0.7578
vn -0.4405 -0.4651 -0.7679
vn 0.4884 -0.8219 0.2932
vn 0.4873 -0.8222 0.2942
vn 0.4176 -0.8385 0.3500
vn 0.4563 0.4688 -0.7563
vn -0.7386 0.0048 0.6742
vn -0.7152 0.0142 0.6988
vn -0.7375 0.0158 0.6751
vn -0.2263 -0.9445 0.2382
vn -0.2614 -0.9234 0.2809
vn -0.2553 -0.9227 0.2890
vn -0.7809 0.1432 0.6080
vn -0.7855 0.1443 0.6018
vn -0.1490 0.9868 0.0640
vn -0.0646 0.9941 0.0867
vn 0.2811 0.0568 -0.9580
vn 0.2853 0.0564 -0.9568
vn 0.2822 0.0593 -0.9575
vn -0.5091 -0.0499 0.8592
vn -0.4827 -0.1069 0.8692
vn -0.4581 -0.0383 0.8880
vn -0.0080 -0.8766 0.4811
vn -0.1912 -0.8381 0.5108
vn -0.0858 -0.8906 0.4466
vn -0.9849 0.1381 0.1046
vn -0.9843 0.1274 0.1221
vn -0.9857 0.1053 0.1314
vn -0.5351 -0.4800 0.6952
vn -0.5292 -0.5000 0.6855
vn -0.5290 -0.4988 0.6865
vn -0.9444 0.1074 0.3107
vn -0.9877 0.1127 0.1088
vn -0.9379 0.2353 0.2551
vn -0.3393 0.1626 0.9265
vn -0.2819 0.2302 0.9314
vn -0.3879 0.2282 0.8930
vn 0.7362 0.6184 0.2748
vn 0.7328 0.6215 0.2771
vn 0.7350 0.6191 0.2766
vn -0.5762 0.1520 0.8030
vn -0.5861 0.0793 0.8064
vn -0.5998 0.0456 0.7989
vn 0.0949 0.8239 0.5588
vn 0.1100 0.7367 0.6672
vn 0.1527 0.7174 0.6797
vn 0.6393 0.1853 -0.7462
vn 0.6868 0.1094 -0.7186
vn 0.6173 0.0465 -0.7854
vn 0.1321 0.0226 -0.9910
vn 0.1281 0.0531 -0.9903
vn 0.1622 0.0032 -0.9868
vn -0.6711 0.1792 -0.7194
vn -0.6699 0.1398 -0.7291
vn -0.6719 0.1527 -0.7247
vn -0.4611 0.1103 0.8804
vn -0.5237 0.0375 0.8511
vn -0.4781 0.0699 0.8755
vn 0.1617 0.3683 0.9155
vn 0.2695 0.2714 0.9240
vn 0.3061 0.2686 0.9133
vn -0.4342 0.0283 -0.9004
vn -0.4428 0.1379 -0.8859
vn -0.3550 -0.0062 -0.9348
vn -0.5983 0.6725 -0.4357
vn -0.4319 0.7952 -0.4257
vn -0.4630 0.7483 -0.4750
vn -0.0827 0.2369 0.9680
vn -0.1041 0.2276 0.9682
vn -0.0732 0.2261 0.9714
vn -0.8552 0.4561 0.2462
vn -0.8265 0.5538 0.1012
vn -0.8720 0.4812 0.0902
vn -0.3450 -0.9275 0.1438
vn -0.4057 -0.8905 0.2059
vn -0.4114 -0.9034 0.1213
vn 0.0326 0.2393 -0.9704
vn 0.0298 0.2986 -0.9539
vn -0.0053 0.0906 -0.9959
vn 0.8938 0.4365 0.1027
vn 0.8925 0.4417 0.0911
vn 0.8948 0.4329 0.1096
vn -0.3974 -0.3268 0.8575
vn -0.3897 -0.3236 0.8622
vn -0.3805 -0.3169 0.8688
vn -0.0274 0.0461 0.9986
vn -0.0744 0.0676 0.9949
vn -0.0649 0.0957 0.9933
vn -0.4405 -0.1922 -0.8769
vn -0.5254 -0.1902 -0.8293
vn -0.4693 -0.2151 -0.8564
vn -0.1955 -0.7573 -0.6231
vn -0.3227 -0.7151 -0.6200
vn -0.1876 -0.7518 -0.6321
vn -0.0338 -0.9435 -0.3295
vn -0.0535 -0.9381 -0.3423
vn -0.0648 -0.9132 -0.4024
vn 0.7655 0.4111 0.4950
vn 0.7973 0.3707 0.4763
vn 0.7629 0.4101 0.4999
vn 0.7343 0.6657 0.1333
vn 0.7347 0.6653 0.1330
vn 0.7351 0.6648 0.1328
vn -0.9514 0.2897 -0.1044
vn -0.9146 0.4009 -0.0533
vn -0.9101 0.4137 0.0257
vn 0.3244 0.8365 0.4416
vn 0.4805 0.7403 0.4702
vn 0.3671 0.7237 0.5843
vn -0.9296 0.2158 0.2987
vn -0.9500 0.1300 0.2840
vn -0.9420 0.1898 0.2769
vn 0.8763 0.4659 -0.1231
vn 0.9550 0.2714 -0.1196
vn 0.9193 0.3832 -0.0899
vn 0.3769 0.2419 -0.8941
vn 0.3365 0.1958 -0.9211
vn 0.3500 0.1181 -0.9293
vn 0.1056 -0.9148 -0.3899
vn 0.1124 -0.9129 -0.3924
vn 0.1152 -0.9120 -0.3937
vn 0.3883 0.1227 -0.9133
vn 0.3827 0.0717 -0.9211
vn 0.3066 0.0465 -0.9507
vn 0.6267 0.7708 0.1148
vn 0.5833 0.7980 0.1512
vn 0.6746 0.7305 0.1064
vn -0.0571 0.2651 0.9625
vn -0.0569 0.2897 0.9554
vn -0.0448 0.2338 0.9712
vn 0.3088 -0.8386 0.4488
vn 0.4506 -0.8431 0.2936
vn 0.4186 -0.8585 0.2964
vn -0.1775 0.8401 0.5126
vn 0.0590 0.9011 0.4296
vn -0.1413 0.9112 0.3869
vn 0.4805 0.3069 0.8215
vn 0.4694 0.2816 0.8369
vn 0.4617 0.3023 0.8339
vn -0.2716 0.5836 0.7652
vn -0.1934 0.6455 0.7388
vn -0.0786 0.6881 0.7214
vn 0.8633 0.1965 0.4649
vn 0.8459 0.2253 0.4835
vn 0.8350 0.2571 0.4865
vn -0.2534 -0.7813 0.5703
vn -0.2105 -0.8189 0.5339
vn -0.2191 -0.8326 0.5088
vn 0.5219 0.1558 -0.8387
vn 0.7175 0.2018 -0.6667
vn 0.7447 0.0942 -0.6607
vn 0.1224 0.5173 -0.8470
vn 0.0290 0.4855 -0.8737
vn 0.0228 0.5473 -0.8366
vn 0.9660 -0.1810 -0.1846
vn 0.9641 -0.0591 -0.2591
vn 0.9407 -0.0686 -0.3321
vn -0.6534 0.0593 0.7547
vn -0.6533 0.0452 0.7558
vn -0.6525 0.0671 0.7548
vn 0.6144 0.3099 -0.7256
vn 0.6618 0.3896 -0.6405
vn 0.6725 0.3372 -0.6588
vn -0.0261 0.0132 -0.9996
vn -0.0611 -0.0098 -0.9981
vn -0.1213 0.0116 -0.9925
vn 0.0224 0.2239 -0.9744
vn 0.0235 0.2239 -0.9743
vn 0.0242 0.2239 -0.9743
vn 0.1642 -0.3787 0.9108
vn 0.1699 -0.3756 0.9111
vn 0.1738 -0.3733 0.9113
vn -0.0362 0.0583 -0.9976
vn -0.0241 0.1382 -0.9901
vn 0.0723 0.0501 -0.9961
vn 0.9939 -0.0977 0.0504
vn 0.9728 -0.2311 0.0170
vn 0.9874 -0.1234 0.0995
vn -0.9231 0.0502 -0.3812
vn -0.9290 0.0719 -0.3631
vn -0.9126 0.0579 -0.4048
vn 0.1212 -0.0561 -0.9910
vn 0.1122 -0.0895 -0.9897
vn 0.0751 -0.0097 -0.9971
vn 0.0260 -0.0593 -0.9979
vn 0.0025 -0.1538 -0.9881
vn 0.0203 -0.0466 -0.9987
vn 0.1527 -0.0652 -0.9861
vn 0.1202 -0.0802 -0.9895
vn 0.0506 -0.0816 -0.9954
vn 0.0228 -0.9973 0.0702
vn 0.0036 -0.9922 0.1242
vn -0.0083 -0.9952 0.0976
vn -0.4342 0.0716 0.8980
vn -0.5863 0.0441 0.8089
vn -0.5309 0.0235 0.8471
vn -0.5027 -0.0073 0.8644
vn 0.1285 0.0419 -0.9908
vn 0.1080 0.0564 -0.9926
vn 0.1269 0.0670 -0.9897
vn -0.4298 0.3057 0.8496
vn -0.3575 0.3512 0.8654
vn -0.3812 0.3379 0.8605
vn -0.4050 0.4053 0.8195
vn -0.6050 0.0523 0.7945
vn -0.6212 0.1371 0.7716
vn -0.6613 0.0172 0.7499
vn -0.6959 0.0483 0.7165
vn -0.2104 -0.9769 0.0388
vn -0.2108 -0.9768 0.0387
vn -0.2108 -0.9768 0.0384
vn -0.9672 0.2397 0.0845
vn -0.9710 0.2191 0.0953
vn -0.9685 0.2416 0.0611
vn -0.9726 0.2206 0.0729
vn -0.7691 0.2145 -0.6021
vn -0.7635 0.2109 -0.6103
vn -0.7665 0.2418 -0.5949
vn -0.7776 0.2438 -0.5796
vn 0.7381 -0.0209 -0.6744
vn 0.6684 -0.1974 -0.7171
vn 0.7496 -0.1587 -0.6425
vn 0.6819 0.1324 -0.7193
vn -0.1125 0.0657 0.9915
vn -0.0786 0.1608 0.9838
vn 0.0687 0.0075 0.9976
vn 0.0969 0.1160 0.9885
vn -0.1318 -0.0128 0.9912
vn -0.1122 0.2034 0.9726
vn -0.0556 0.0339 0.9979
vn -0.1044 0.0035 0.9945
vn -0.5301 0.4022 0.7464
vn -0.5222 0.3211 0.7901
vn -0.5170 0.3964 0.7587
vn -0.7916 0.1850 -0.5824
vn -0.7690 0.2483 -0.5890
vn -0.8059 0.1651 -0.5685
vn -0.3793 0.0739 0.9223
vn -0.4600 0.0671 0.8854
vn -0.4374 -0.0158 0.8991
vn -0.3866 -0.0075 0.9222
vn -0.1831 -0.7403 -0.6468
vn -0.3417 -0.8051 -0.4849
vn -0.1832 -0.6980 -0.6923
vn -0.3061 -0.7290 -0.6122
vn 0.0382 -0.9829 0.1800
vn 0.0117 -0.9829 0.1837
vn 0.1791 -0.8809 0.4382
vn -0.0276 -0.9763 0.2147
vn 0.5637 -0.1862 -0.8047
vn 0.5622 -0.1865 -0.8057
vn 0.4401 0.0759 -0.8947
vn 0.4519 0.0741 -0.8890
vn -0.5824 0.7997 -0.1457
vn -0.6414 0.7339 -0.2234
vn -0.6150 0.7662 -0.1861
vn -0.6145 0.7680 -0.1805
vn 0.0705 -0.9889 -0.1312
vn 0.0254 -0.9979 -0.0604
vn -0.0668 -0.9964 -0.0523
vn -0.0676 -0.9831 -0.1701
vn 0.1098 0.1386 0.9842
vn 0.4241 0.1505 0.8930
vn 0.2033 0.3415 0.9176
vn 0.1173 0.3118 0.9429
vn -0.5798 0.0191 0.8145
vn -0.5346 -0.1266 0.8356
vn -0.5258 0.0500 0.8491
vn -0.4974 0.0189 0.8673
vn -0.2677 0.9554 0.1243
vn -0.4231 0.9049 -0.0473
vn -0.4104 0.9036 0.1225
vn -0.3969 0.9134 0.0903
vn 0.0395 -0.0837 -0.9957
vn 0.0350 -0.0943 -0.9949
vn 0.0460 -0.0868 -0.9952
vn 0.0431 -0.0878 -0.9952
vn 0.5078 0.3966 0.7647
vn 0.4899 0.4490 0.7472
vn 0.4888 0.4260 0.7614
vn 0.2557 0.0066 -0.9667
vn 0.2544 0.0070 -0.9671
vn 0.2572 0.0140 -0.9662
vn 0.2572 0.0150 -0.9662
vn 0.1689 -0.9634 -0.2081
vn -0.0099 -0.9817 -0.1902
vn 0.0570 -0.9734 -0.2221
vn 0.0939 -0.9719 -0.2157
vn 0.7748 0.2524 -0.5796
vn 0.7646 0.4138 -0.4941
vn 0.8637 0.3124 -0.3956
vn 0.1344 -0.9818 0.1340
vn 0.1268 -0.9762 0.1758
vn 0.0986 -0.9830 0.1550
vt 0.364814 0.903179
vt 0.364852 0.903199
vt 0.364816 0.903199
vt 0.343491 0.393867
vt 0.343560 0.393820
vt 0.343528 0.393894
vt 0.346833 0.392322
vt 0.346842 0.392318
vt 0.346851 0.392378
vt 0.343424 0.394073
vt 0.343317 0.393955
vt 0.343477 0.394008
vt 0.364326 0.905049
vt 0.364273 0.905088
vt 0.364291 0.905026
vt 0.365010 0.902733
vt 0.365003 0.902738
vt 0.364974 0.902729
vt 0.364371 0.906529
vt 0.364348 0.906527
vt 0.364354 0.906504
vt 0.343679 0.395854
vt 0.343563 0.395864
vt 0.343582 0.395795
vt 0.344315 0.390732
vt 0.344248 0.390690
vt 0.344292 0.390592
vt 0.365156 0.902895
vt 0.365170 0.902921
vt 0.365121 0.902937
vt 0.342217 0.393147
vt 0.342248 0.393265
vt 0.342178 0.393381
vt 0.363432 0.904448
vt 0.363431 0.904446
vt 0.363439 0.904430
vt 0.344461 0.390367
vt 0.344453 0.390204
vt 0.344501 0.390213
vt 0.347972 0.392660
vt 0.349249 0.393352
vt 0.349257 0.393367
vt 0.364880 0.903109
vt 0.364889 0.903074
vt 0.364884 0.903108
vt 0.348468 0.396761
vt 0.348537 0.396700
vt 0.348544 0.396755
vt 0.345693 0.394501
vt 0.345748 0.394445
vt 0.345755 0.394474
vt 0.346342 0.395347
vt 0.346355 0.395354
vt 0.346346 0.395423
vt 0.347668 0.394043
vt 0.347728 0.393995
vt 0.347678 0.394056
vt 0.342131 0.392794
vt 0.342000 0.392898
vt 0.341975 0.392808
vt 0.343677 0.395818
vt 0.343702 0.395829
vt 0.343690 0.395840
vt 0.343739 0.393949
vt 0.343745 0.394094
vt 0.343679 0.394064
vt 0.343633 0.395946
vt 0.343244 0.395127
vt 0.343650 0.395902
vt 0.343677 0.395882
vt 0.343737 0.395844
vt 0.343659 0.395933
vt 0.364958 0.902991
vt 0.364963 0.902906
vt 0.364994 0.902994
vt 0.344666 0.390564
vt 0.344675 0.390599
vt 0.344638 0.390579
vt 0.363081 0.904902
vt 0.363043 0.904831
vt 0.363046 0.904830
vt 0.365132 0.902881
vt 0.365093 0.902930
vt 0.341850 0.392595
vt 0.341798 0.392560
vt 0.341862 0.392551
vt 0.347508 0.396515
vt 0.347520 0.396504
vt 0.347528 0.396505
vt 0.344385 0.390169
vt 0.344291 0.390251
vt 0.344319 0.390191
vt 0.367194 0.905244
vt 0.367195 0.905311
vt 0.367169 0.905257
vt 0.344495 0.390535
vt 0.344441 0.390433
vt 0.344499 0.390405
vt 0.344452 0.390181
vt 0.343215 0.395264
vt 0.343216 0.395205
vt 0.343259 0.395189
vt 0.346817 0.390315
vt 0.346831 0.390366
vt 0.346768 0.390248
vt 0.344178 0.390225
vt 0.366636 0.902950
vt 0.366722 0.902930
vt 0.366733 0.902973
vt 0.366686 0.904009
vt 0.366707 0.903965
vt 0.366692 0.904010
vt 0.349313 0.393462
vt 0.349264 0.393462
vt 0.349299 0.393446
vt 0.345944 0.394388
vt 0.345889 0.394448
vt 0.345930 0.394379
vt 0.347057 0.398056
vt 0.345821 0.394470
vt 0.345762 0.394518
vt 0.345693 0.394545
vt 0.345750 0.394509
vt 0.341756 0.392952
vt 0.341788 0.392889
vt 0.341810 0.392962
vt 0.347165 0.398502
vt 0.347108 0.398460
vt 0.347165 0.398410
vt 0.343384 0.394134
vt 0.343303 0.394067
vt 0.343422 0.394076
vt 0.344506 0.390674
vt 0.344400 0.390743
vt 0.344462 0.390633
vt 0.341909 0.393430
vt 0.342074 0.393479
vt 0.341876 0.393482
vt 0.343276 0.398565
vt 0.343362 0.398593
vt 0.343301 0.398877
vt 0.366689 0.904026
vt 0.366713 0.904036
vt 0.366683 0.904068
vt 0.366667 0.903960
vt 0.366664 0.903915
vt 0.346929 0.392121
vt 0.346973 0.392076
vt 0.346985 0.392135
vt 0.341726 0.392688
vt 0.341752 0.392710
vt 0.341708 0.392820
vt 0.365010 0.903142
vt 0.365012 0.903103
vt 0.365075 0.903101
vt 0.344165 0.390818
vt 0.344220 0.390834
vt 0.344160 0.390864
vt 0.344305 0.390861
vt 0.344297 0.390827
vt 0.344331 0.390801
vt 0.343686 0.393414
vt 0.343680 0.393514
vt 0.343602 0.393454
vt 0.344727 0.390744
vt 0.344668 0.390743
vt 0.344718 0.390694
vt 0.344549 0.390388
vt 0.344507 0.390417
vt 0.344492 0.390378
vt 0.347634 0.393845
vt 0.347671 0.393924
vt 0.347582 0.393921
vt 0.364890 0.903156
vt 0.364831 0.903141
vt 0.364885 0.903127
vt 0.343399 0.394156
vt 0.343409 0.394221
vt 0.343331 0.394130
vt 0.348157 0.397547
vt 0.348141 0.397506
vt 0.348166 0.397511
vt 0.343206 0.395242
vt 0.344581 0.390808
vt 0.344654 0.390833
vt 0.344628 0.390867
vt 0.346282 0.395379
vt 0.346285 0.395321
vt 0.346298 0.395381
vt 0.342903 0.398064
vt 0.342954 0.398061
vt 0.342961 0.398082
vt 0.341819 0.392644
vt 0.341918 0.392620
vt 0.341786 0.393054
vt 0.341800 0.393043
vt 0.341855 0.393052
vt 0.341948 0.393016
vt 0.341967 0.393106
vt 0.342183 0.393065
vt 0.342172 0.393072
vt 0.342040 0.393035
vt 0.345730 0.394401
vt 0.345707 0.394275
vt 0.345768 0.394265
vt 0.364310 0.905272
vt 0.364290 0.905272
vt 0.364303 0.905231
vt 0.364705 0.902921
vt 0.364733 0.902891
vt 0.364713 0.902920
vt 0.348860 0.396572
vt 0.348898 0.396570
vt 0.348910 0.396581
vt 0.346755 0.390316
vt 0.346830 0.390380
vt 0.346805 0.390464
vt 0.364409 0.906706
vt 0.364387 0.906754
vt 0.364378 0.906754
vt 0.364301 0.905369
vt 0.364324 0.905432
vt 0.364264 0.905414
vt 0.344307 0.390483
vt 0.344169 0.390440
vt 0.344169 0.390418
vt 0.344397 0.390125
vt 0.344378 0.390118
vt 0.345675 0.394424
vt 0.344495 0.390194
vt 0.367748 0.907155
vt 0.367792 0.907227
vt 0.367737 0.907202
vt 0.345942 0.394509
vt 0.345938 0.394472
vt 0.345820 0.394178
vt 0.345772 0.394172
vt 0.345530 0.394281
vt 0.345601 0.394425
vt 0.345516 0.394430
vt 0.343834 0.394067
vt 0.343762 0.394097
vt 0.341916 0.392940
vt 0.342019 0.392980
vt 0.345652 0.394270
vt 0.345573 0.394267
vt 0.365918 0.905550
vt 0.365983 0.905604
vt 0.365949 0.905634
vt 0.346342 0.394966
vt 0.346316 0.394978
vt 0.346309 0.394968
vt 0.346310 0.395285
vt 0.346299 0.395281
vt 0.346307 0.395262
vt 0.343587 0.394025
vt 0.343606 0.394038
vt 0.343593 0.394068
vt 0.344548 0.390848
vt 0.344909 0.397491
vt 0.344886 0.397400
vt 0.344913 0.397395
vt 0.365096 0.903202
vt 0.365094 0.903220
vt 0.365041 0.903220
vt 0.342233 0.392811
vt 0.342240 0.392681
vt 0.342248 0.392712
vt 0.344627 0.390893
vt 0.344656 0.390870
vt 0.344708 0.390872
vt 0.346421 0.395309
vt 0.346374 0.395259
vt 0.346422 0.395257
vt 0.347245 0.397152
vt 0.347276 0.397159
vt 0.347244 0.397182
vt 0.341759 0.392792
vt 0.341807 0.392780
vt 0.316713 0.400879
vt 0.316788 0.400852
vt 0.316749 0.400920
vt 0.343611 0.393578
vt 0.343561 0.393510
vt 0.344328 0.390681
vt 0.344413 0.390645
vt 0.344389 0.390753
vt 0.364901 0.903119
vt 0.342224 0.393056
vt 0.342174 0.392881
vt 0.342209 0.392983
vt 0.343570 0.393425
vt 0.343514 0.393451
vt 0.348124 0.397460
vt 0.348057 0.397372
vt 0.348145 0.397448
vt 0.363409 0.904515
vt 0.363427 0.904471
vt 0.363426 0.904557
vt 0.364898 0.903197
vt 0.364872 0.903198
vt 0.364894 0.903176
vt 0.347669 0.393824
vt 0.347597 0.393826
vt 0.346301 0.395434
vt 0.343835 0.393531
vt 0.343785 0.393573
vt 0.343816 0.393517
vt 0.319507 0.402772
vt 0.319541 0.402740
vt 0.319531 0.402836
vt 0.346340 0.395118
vt 0.346930 0.390069
vt 0.346985 0.390097
vt 0.346931 0.390123
vt 0.343758 0.393664
vt 0.343708 0.393712
vt 0.343737 0.393641
vt 0.344362 0.390605
vt 0.344429 0.390561
vt 0.344440 0.390579
vt 0.345526 0.394535
vt 0.345609 0.394553
vt 0.345517 0.394552
vt 0.364864 0.903012
vt 0.364882 0.902997
vt 0.346288 0.395130
vt 0.346266 0.395165
vt 0.346276 0.395045
vt 0.343810 0.393981
vt 0.343873 0.393956
vt 0.345577 0.394652
vt 0.346287 0.395279
vt 0.346261 0.395314
vt 0.346256 0.395275
vt 0.316782 0.400948
vt 0.316769 0.400921
vt 0.342229 0.393138
vt 0.342224 0.393148
vt 0.367854 0.908139
vt 0.367845 0.908168
vt 0.367830 0.908170
vt 0.342501 0.396552
vt 0.342508 0.396562
vt 0.342198 0.393147
vt 0.342192 0.393090
vt 0.342141 0.393414
vt 0.363057 0.904736
vt 0.363020 0.904593
vt 0.363031 0.904584
vt 0.346377 0.395189
vt 0.346345 0.395187
vt 0.346155 0.395332
vt 0.345643 0.394706
vt 0.345674 0.394793
vt 0.345595 0.394717
vt 0.341622 0.393088
vt 0.341522 0.393070
vt 0.341600 0.392910
vt 0.342589 0.398612
vt 0.342572 0.398530
vt 0.342585 0.398525
vt 0.344479 0.390618
vt 0.344534 0.390613
vt 0.344540 0.390632
vt 0.365088 0.902856
vt 0.365040 0.902872
vt 0.365056 0.902784
vt 0.343595 0.394020
vt 0.343657 0.394055
vt 0.343626 0.394051
vt 0.348661 0.397898
vt 0.348626 0.398023
vt 0.348595 0.397870
vt 0.364385 0.906505
vt 0.364395 0.906484
vt 0.364445 0.906507
vt 0.345955 0.394434
vt 0.346044 0.394426
vt 0.345979 0.394454
vt 0.363105 0.904650
vt 0.363091 0.904737
vt 0.363057 0.904608
vt 0.343660 0.393699
vt 0.343711 0.393793
vt 0.343625 0.393763
vt 0.341277 0.398633
vt 0.341294 0.398678
vt 0.341277 0.398690
vt 0.347383 0.399983
vt 0.347357 0.399992
vt 0.347358 0.399962
vt 0.367960 0.908561
vt 0.367966 0.908553
vt 0.367967 0.908584
vt 0.342867 0.398075
vt 0.342886 0.398024
vt 0.346915 0.390204
vt 0.346907 0.390227
vt 0.346827 0.390199
vt 0.344152 0.390672
vt 0.344079 0.390610
vt 0.344140 0.390592
vt 0.344187 0.390685
vt 0.344226 0.390576
vt 0.346105 0.396574
vt 0.346097 0.396573
vt 0.346091 0.396560
vt 0.344380 0.390358
vt 0.344273 0.390396
vt 0.343783 0.395759
vt 0.343727 0.395780
vt 0.343763 0.395710
vt 0.343224 0.395146
vt 0.343680 0.393866
vt 0.346347 0.395220
vt 0.346359 0.395220
vt 0.347961 0.392517
vt 0.347969 0.392484
vt 0.347978 0.392523
vt 0.344675 0.390290
vt 0.344735 0.390175
vt 0.344739 0.390303
vt 0.344678 0.390373
vt 0.340882 0.394362
vt 0.346366 0.394865
vt 0.346376 0.394822
vt 0.341944 0.392628
vt 0.341925 0.392679
vt 0.341929 0.392638
vt 0.346290 0.395437
vt 0.346274 0.395429
vt 0.348100 0.397543
vt 0.348127 0.397547
vt 0.342959 0.398423
vt 0.342964 0.398404
vt 0.343062 0.398373
vt 0.345272 0.396967
vt 0.346390 0.395107
vt 0.346305 0.395205
vt 0.346865 0.392050
vt 0.346882 0.392132
vt 0.346845 0.392134
vt 0.341992 0.393216
vt 0.341802 0.393385
vt 0.341856 0.393186
vt 0.364480 0.906636
vt 0.364455 0.906631
vt 0.364515 0.906609
vt 0.344667 0.390479
vt 0.344603 0.390550
vt 0.344608 0.390444
vt 0.342192 0.392626
vt 0.342200 0.392666
vt 0.342101 0.392668
vt 0.341184 0.398683
vt 0.341211 0.398638
vt 0.341211 0.398690
vt 0.346965 0.392341
vt 0.346890 0.392307
vt 0.346954 0.392293
vt 0.364924 0.902851
vt 0.364850 0.902877
vt 0.364863 0.902777
vt 0.346375 0.395334
vt 0.346356 0.395341
vt 0.347106 0.398491
vt 0.346994 0.392273
vt 0.346912 0.392207
vt 0.346976 0.392188
vt 0.364151 0.906184
vt 0.364121 0.906195
vt 0.364127 0.906154
vt 0.364867 0.903175
vt 0.344871 0.397500
vt 0.344926 0.397563
vt 0.344657 0.390543
vt 0.344735 0.390485
vt 0.346141 0.395248
vt 0.346130 0.395177
vt 0.346128 0.395154
vt 0.345594 0.394661
vt 0.345636 0.394660
vt 0.344637 0.390908
vt 0.342227 0.392647
vt 0.349252 0.393304
vt 0.347361 0.400004
vt 0.347429 0.400048
vt 0.348670 0.398011
vt 0.348646 0.398023
vt 0.348661 0.397898
vt 0.346161 0.395403
vt 0.345596 0.394814
vt 0.345579 0.394721
vt 0.347770 0.393728
vt 0.347772 0.393725
vt 0.347771 0.393896
vt 0.341615 0.393227
vt 0.341628 0.393361
vt 0.341547 0.393293
vt 0.346804 0.390232
vt 0.346886 0.390275
vt 0.341888 0.392829
vt 0.345668 0.394803
vt 0.342992 0.398005
vt 0.342940 0.398027
vt 0.342936 0.397969
vt 0.343589 0.396015
vt 0.343543 0.395942
vt 0.309656 0.395708
vt 0.309657 0.395702
vt 0.309757 0.395732
vt 0.344678 0.390046
vt 0.344732 0.390134
vt 0.344671 0.390150
vt 0.363271 0.904533
vt 0.363343 0.904464
vt 0.363369 0.904515
vt 0.366238 0.906046
vt 0.364501 0.905281
vt 0.364511 0.905232
vt 0.341663 0.393214
vt 0.341723 0.393092
vt 0.341711 0.393217
vt 0.342144 0.392930
vt 0.341746 0.392964
vt 0.341801 0.392970
vt 0.341781 0.393026
vt 0.364573 0.905270
vt 0.364542 0.905310
vt 0.344507 0.390723
vt 0.344452 0.390808
vt 0.344388 0.390835
vt 0.342219 0.392869
vt 0.346976 0.390310
vt 0.346902 0.390443
vt 0.363390 0.904403
vt 0.363416 0.904414
vt 0.363351 0.904406
vt 0.365323 0.907750
vt 0.365292 0.907706
vt 0.365318 0.907693
vt 0.343787 0.395805
vt 0.343793 0.395823
vt 0.343780 0.395835
vt 0.363062 0.904591
vt 0.363057 0.904587
vt 0.363081 0.904549
vt 0.346861 0.390502
vt 0.346897 0.390446
vt 0.346986 0.390473
vt 0.343622 0.394059
vt 0.343643 0.394087
vt 0.343602 0.394090
vt 0.343594 0.394185
vt 0.341741 0.393414
vt 0.341743 0.393231
vt 0.344508 0.390275
vt 0.344565 0.390223
vt 0.344571 0.390261
vt 0.343235 0.395105
vt 0.343187 0.395033
vt 0.364739 0.902875
vt 0.364778 0.902891
vt 0.364746 0.902887
vt 0.347464 0.396723
vt 0.347476 0.396672
vt 0.347511 0.396664
vt 0.365919 0.905688
vt 0.365924 0.905695
vt 0.365873 0.905691
vt 0.347724 0.393904
vt 0.347770 0.393888
vt 0.347768 0.393987
vt 0.344482 0.390365
vt 0.343509 0.394171
vt 0.343401 0.394154
vt 0.343430 0.394108
vt 0.341897 0.392737
vt 0.347245 0.397405
vt 0.347257 0.397312
vt 0.347305 0.397305
vt 0.342091 0.393209
vt 0.344615 0.390447
vt 0.344622 0.390365
vt 0.344660 0.390392
vt 0.344325 0.390124
vt 0.344564 0.390205
vt 0.344605 0.390203
vt 0.344618 0.390209
vt 0.343851 0.393527
vt 0.345710 0.394646
vt 0.345767 0.394654
vt 0.345719 0.394681
vt 0.341837 0.393182
vt 0.346943 0.392038
vt 0.346947 0.392056
vt 0.344546 0.390676
vt 0.344381 0.390825
vt 0.344385 0.390781
vt 0.343644 0.393688
vt 0.364160 0.905394
vt 0.364191 0.905333
vt 0.364181 0.905410
vt 0.347580 0.393982
vt 0.347670 0.393991
vt 0.344601 0.390464
vt 0.344543 0.390434
vt 0.366633 0.902973
vt 0.366709 0.902967
vt 0.345608 0.394504
vt 0.363273 0.904417
vt 0.363260 0.904397
vt 0.363293 0.904371
vt 0.342094 0.392683
vt 0.342088 0.392695
vt 0.341987 0.392701
vt 0.346907 0.391965
vt 0.346861 0.392026
vt 0.346849 0.391961
vt 0.344612 0.390680
vt 0.344545 0.390676
vt 0.344318 0.390570
vt 0.346150 0.395345
vt 0.344336 0.390828
vt 0.344276 0.390863
vt 0.363443 0.904523
vt 0.363448 0.904454
vt 0.363444 0.904539
vt 0.342217 0.392673
vt 0.342210 0.392687
vt 0.342172 0.392691
vt 0.342210 0.392707
vt 0.342186 0.392749
vt 0.344562 0.398646
vt 0.344555 0.398684
vt 0.344551 0.398657
vt 0.341911 0.392826
vt 0.345760 0.394554
vt 0.345884 0.394198
vt 0.345821 0.394270
vt 0.345871 0.394192
vt 0.344584 0.390576
vt 0.344556 0.390610
vt 0.344503 0.390582
vt 0.364577 0.905002
vt 0.364531 0.905010
vt 0.364564 0.904990
vt 0.347729 0.393741
vt 0.347684 0.393809
vt 0.347702 0.393716
vt 0.347506 0.396595
vt 0.347530 0.396601
vt 0.345648 0.394135
vt 0.345658 0.394131
vt 0.345710 0.394164
vt 0.347544 0.393976
vt 0.347551 0.393911
vt 0.346876 0.392219
vt 0.347780 0.394068
vt 0.347758 0.394053
vt 0.343785 0.394159
vt 0.343758 0.394132
vt 0.346838 0.391900
vt 0.346867 0.391903
vt 0.344667 0.390681
vt 0.344731 0.390684
vt 0.343492 0.393790
vt 0.343428 0.393667
vt 0.343512 0.393737
vt 0.343712 0.393862
vt 0.343400 0.394156
vt 0.343491 0.394206
vt 0.345803 0.394415
vt 0.366668 0.902761
vt 0.366715 0.902818
vt 0.366653 0.902794
vt 0.311507 0.396669
vt 0.316652 0.400945
vt 0.344541 0.390673
vt 0.346708 0.398674
vt 0.346691 0.398632
vt 0.346740 0.398655
vt 0.342208 0.392831
vt 0.342209 0.392863
vt 0.341817 0.392713
vt 0.341822 0.392667
vt 0.347283 0.397255
vt 0.347003 0.392321
vt 0.344177 0.390768
vt 0.344168 0.390754
vt 0.364733 0.902791
vt 0.364689 0.902871
vt 0.343660 0.395793
vt 0.343615 0.395787
vt 0.341820 0.392987
vt 0.365074 0.908574
vt 0.365051 0.908554
vt 0.365073 0.908556
vt 0.346087 0.396730
vt 0.346117 0.396660
vt 0.346114 0.396722
vt 0.344176 0.390521
vt 0.344591 0.390564
vt 0.344549 0.390428
vt 0.365715 0.905732
vt 0.365771 0.905711
vt 0.365772 0.905745
vt 0.342132 0.393116
vt 0.343480 0.393808
vt 0.343399 0.393795
vt 0.343403 0.393789
vt 0.344105 0.390445
vt 0.344091 0.390462
vt 0.344074 0.390459
vt 0.343386 0.393771
vt 0.343366 0.393712
vt 0.343371 0.393709
vt 0.343388 0.393796
vt 0.343461 0.393868
vt 0.344097 0.390468
vt 0.344075 0.390503
vt 0.346896 0.390447
vt 0.365876 0.905746
vt 0.365921 0.905712
vt 0.365921 0.905739
vt 0.343745 0.393579
vt 0.343757 0.393591
vt 0.343444 0.393582
vt 0.344448 0.390089
vt 0.346237 0.395071
vt 0.346187 0.394998
vt 0.346261 0.395026
vt 0.343603 0.393582
vt 0.343568 0.393681
vt 0.343513 0.393544
vt 0.347340 0.400001
vt 0.346937 0.392061
vt 0.341909 0.392593
vt 0.347358 0.399902
vt 0.347410 0.399813
vt 0.347425 0.399905
vt 0.365923 0.905799
vt 0.365922 0.905743
vt 0.365951 0.905493
vt 0.365882 0.905546
vt 0.365918 0.905486
vt 0.365818 0.905656
vt 0.365802 0.905550
vt 0.365840 0.905553
vt 0.344497 0.390572
vt 0.344480 0.390565
vt 0.365906 0.905650
vt 0.345923 0.394265
vt 0.345915 0.394349
vt 0.346792 0.390479
vt 0.346849 0.390527
vt 0.364577 0.905346
vt 0.364548 0.905410
vt 0.364574 0.905333
vt 0.319497 0.402865
vt 0.319485 0.402802
vt 0.364930 0.903180
vt 0.364939 0.903186
vt 0.364937 0.903197
vt 0.344622 0.390271
vt 0.365029 0.903183
vt 0.365011 0.903154
vt 0.341744 0.392867
vt 0.341746 0.392785
vt 0.344522 0.390879
vt 0.344434 0.390850
vt 0.344521 0.390848
vt 0.347705 0.393911
vt 0.347716 0.393920
vt 0.344599 0.390721
vt 0.344402 0.390844
vt 0.346416 0.395336
vt 0.346394 0.395397
vt 0.346385 0.395343
vt 0.341732 0.392848
vt 0.343510 0.394100
vt 0.343572 0.394013
vt 0.367259 0.905181
vt 0.367263 0.905286
vt 0.367235 0.905185
vt 0.344245 0.390779
vt 0.344178 0.390813
vt 0.316719 0.400966
vt 0.343561 0.394144
vt 0.344932 0.398392
vt 0.344855 0.398245
vt 0.344932 0.398234
vt 0.341660 0.393349
vt 0.364947 0.903049
vt 0.364912 0.903021
vt 0.364966 0.903003
vt 0.344540 0.390891
vt 0.344549 0.390890
vt 0.344310 0.390748
vt 0.364388 0.904987
vt 0.364394 0.904933
vt 0.347875 0.400665
vt 0.347813 0.400544
vt 0.347854 0.400569
vt 0.347712 0.394059
vt 0.347746 0.394064
vt 0.364359 0.905026
vt 0.364331 0.906515
vt 0.343569 0.393409
vt 0.343611 0.393376
vt 0.364777 0.902906
vt 0.364784 0.902963
vt 0.364739 0.902926
vt 0.365842 0.905841
vt 0.365790 0.905819
vt 0.365848 0.905833
vt 0.346827 0.392223
vt 0.343675 0.393916
vt 0.319522 0.402930
vt 0.319501 0.402920
vt 0.367411 0.904394
vt 0.367393 0.904434
vt 0.367397 0.904390
vt 0.365128 0.902981
vt 0.365172 0.902951
vt 0.365171 0.902998
vt 0.366927 0.907609
vt 0.366954 0.907604
vt 0.366942 0.907643
vt 0.344676 0.390835
vt 0.343576 0.396094
vt 0.346928 0.390147
vt 0.347000 0.390197
vt 0.364925 0.902921
vt 0.346368 0.397928
vt 0.346344 0.398006
vt 0.346335 0.397927
vt 0.364982 0.903035
vt 0.365009 0.903006
vt 0.364993 0.903030
vt 0.346918 0.398445
vt 0.346934 0.398415
vt 0.346934 0.398491
vt 0.342005 0.392636
vt 0.342091 0.392657
vt 0.342009 0.392678
vt 0.343825 0.393923
vt 0.364901 0.903137
vt 0.346380 0.397825
vt 0.346356 0.397837
vt 0.346353 0.397793
vt 0.347954 0.392462
vt 0.347965 0.392483
vt 0.366640 0.903917
vt 0.366628 0.903957
vt 0.365013 0.902794
vt 0.344719 0.390844
vt 0.342986 0.398619
vt 0.342997 0.398492
vt 0.343116 0.398550
vt 0.347965 0.392588
vt 0.347943 0.392526
vt 0.343462 0.393511
vt 0.348614 0.398065
vt 0.364501 0.906500
vt 0.364498 0.906543
vt 0.346099 0.396618
vt 0.346086 0.396620
vt 0.341490 0.398624
vt 0.341506 0.398644
vt 0.341490 0.398690
vt 0.342100 0.392611
vt 0.342118 0.392591
vt 0.342156 0.392608
vt 0.343680 0.395709
vt 0.343672 0.395783
vt 0.341636 0.392870
vt 0.341657 0.392879
vt 0.341674 0.392905
vt 0.348127 0.397506
vt 0.345541 0.394507
vt 0.364347 0.906481
vt 0.364368 0.906492
vt 0.363012 0.904594
vt 0.343660 0.393934
vt 0.343679 0.393929
vt 0.343719 0.393944
vt 0.343765 0.393509
vt 0.343779 0.393524
vt 0.343755 0.393555
vt 0.364338 0.906852
vt 0.364332 0.906841
vt 0.364376 0.906817
vt 0.366195 0.906177
vt 0.366205 0.906103
vt 0.366209 0.906116
vt 0.341658 0.393226
vt 0.345935 0.394370
vt 0.345928 0.394615
vt 0.345826 0.394549
vt 0.345955 0.394525
vt 0.346389 0.394964
vt 0.346427 0.394952
vt 0.346421 0.395005
vt 0.366255 0.906031
vt 0.366267 0.905965
vt 0.344398 0.390860
vt 0.344424 0.390854
vt 0.344678 0.390167
vt 0.347932 0.392472
vt 0.364505 0.905134
vt 0.364508 0.905085
vt 0.364531 0.905105
vt 0.346828 0.392052
vt 0.346816 0.391972
vt 0.346289 0.395248
vt 0.346285 0.395252
vt 0.344643 0.390613
vt 0.343809 0.393625
vt 0.343826 0.393676
vt 0.343802 0.393672
vt 0.345741 0.394688
vt 0.345818 0.394684
vt 0.345828 0.394759
vt 0.346898 0.390446
vt 0.343780 0.393809
vt 0.343735 0.393798
vt 0.345588 0.394125
vt 0.343676 0.395881
vt 0.343615 0.393918
vt 0.343634 0.393912
vt 0.367132 0.905351
vt 0.367134 0.905309
vt 0.345635 0.394125
vt 0.311445 0.397106
vt 0.311438 0.397091
vt 0.311446 0.397102
vt 0.311530 0.398838
vt 0.311545 0.398832
vt 0.311542 0.398844
vt 0.312473 0.393604
vt 0.312478 0.393591
vt 0.312483 0.393599
vt 0.312009 0.393820
vt 0.311998 0.393819
vt 0.311332 0.396504
vt 0.312550 0.393746
vt 0.312563 0.393737
vt 0.312561 0.393743
vt 0.312208 0.393825
vt 0.312206 0.393817
vt 0.312221 0.393806
vt 0.312470 0.393632
vt 0.312475 0.393621
vt 0.312483 0.393613
vt 0.312148 0.393786
vt 0.312142 0.393801
vt 0.312147 0.393785
vt 0.311492 0.396987
vt 0.311501 0.396978
vt 0.311512 0.396982
vt 0.311535 0.398871
vt 0.311541 0.398847
vt 0.311549 0.398858
vt 0.312184 0.393816
vt 0.312179 0.393799
vt 0.312196 0.393817
vt 0.365078 0.902993
vt 0.365070 0.902993
vt 0.365078 0.902993
vt 0.312184 0.393906
vt 0.312177 0.393896
vt 0.312192 0.393899
vt 0.312424 0.393630
vt 0.312426 0.393636
vt 0.312420 0.393634
vt 0.312485 0.393612
vt 0.312496 0.393606
vt 0.312498 0.393616
vt 0.309813 0.395689
vt 0.309817 0.395690
vt 0.309825 0.395691
vt 0.311072 0.397999
vt 0.311074 0.397988
vt 0.311075 0.397987
vt 0.311506 0.398861
vt 0.311503 0.398847
vt 0.311519 0.398853
vt 0.311330 0.396935
vt 0.311323 0.396929
vt 0.311323 0.396920
vt 0.311421 0.399078
vt 0.311421 0.399068
vt 0.311424 0.399073
vt 0.311408 0.399147
vt 0.311411 0.399145
vt 0.311418 0.399147
vt 0.311165 0.397179
vt 0.311219 0.397189
vt 0.311227 0.397196
vt 0.311587 0.396608
vt 0.311579 0.396618
vt 0.311570 0.396610
vt 0.311402 0.396478
vt 0.311392 0.396466
vt 0.311997 0.393871
vt 0.310042 0.395740
vt 0.310052 0.395737
vt 0.310054 0.395737
vt 0.312385 0.401697
vt 0.312394 0.401699
vt 0.312383 0.401710
vt 0.309935 0.395651
vt 0.309938 0.395639
vt 0.309950 0.395644
vt 0.313767 0.397423
vt 0.313773 0.397430
vt 0.313762 0.397432
vt 0.314773 0.395104
vt 0.314775 0.395091
vt 0.314779 0.395109
vt 0.311930 0.393521
vt 0.311931 0.393519
vt 0.311935 0.393512
vt 0.311223 0.396839
vt 0.311220 0.396848
vt 0.311220 0.396848
vt 0.311900 0.393521
vt 0.311902 0.393518
vt 0.311906 0.393511
vt 0.309506 0.395958
vt 0.309489 0.395932
vt 0.309499 0.395941
vt 0.313591 0.397563
vt 0.313594 0.397571
vt 0.313582 0.397561
vt 0.367540 0.907761
vt 0.367539 0.907769
vt 0.367530 0.907766
vt 0.312244 0.393904
vt 0.312256 0.393907
vt 0.312388 0.393663
vt 0.312376 0.393681
vt 0.312366 0.393666
vt 0.314141 0.398298
vt 0.314151 0.398302
vt 0.314139 0.398315
vt 0.314097 0.398218
vt 0.314083 0.398219
vt 0.314087 0.398181
vt 0.314101 0.398129
vt 0.314105 0.398081
vt 0.314108 0.398097
vt 0.345190 0.398389
vt 0.345206 0.398319
vt 0.315830 0.395504
vt 0.315823 0.395494
vt 0.315832 0.395503
vt 0.315798 0.395524
vt 0.315801 0.395537
vt 0.315797 0.395536
vt 0.315829 0.395665
vt 0.315826 0.395650
vt 0.315832 0.395652
vt 0.312449 0.393254
vt 0.312460 0.393246
vt 0.312450 0.393262
vt 0.342431 0.397102
vt 0.342437 0.397092
vt 0.342431 0.397102
vt 0.314119 0.398331
vt 0.314108 0.398323
vt 0.314120 0.398320
vt 0.314082 0.398309
vt 0.314076 0.398296
vt 0.314093 0.398304
vt 0.309841 0.395730
vt 0.309925 0.395732
vt 0.309819 0.395754
vt 0.311509 0.398935
vt 0.311491 0.398985
vt 0.311465 0.398999
vt 0.311410 0.398742
vt 0.311513 0.398747
vt 0.311406 0.398764
vt 0.364735 0.902911
vt 0.313681 0.397580
vt 0.313787 0.397578
vt 0.313658 0.397602
vt 0.309890 0.395633
vt 0.309860 0.395608
vt 0.309984 0.395765
vt 0.309927 0.395738
vt 0.310004 0.395746
vt 0.316471 0.400930
vt 0.316427 0.400923
vt 0.316424 0.400909
vt 0.365101 0.902995
vt 0.365079 0.903008
vt 0.365072 0.903001
vt 0.311513 0.398901
vt 0.311447 0.398840
vt 0.311510 0.398878
vt 0.315977 0.400547
vt 0.315973 0.400559
vt 0.315959 0.400559
vt 0.309580 0.396010
vt 0.309513 0.395948
vt 0.309513 0.395933
vt 0.311133 0.397118
vt 0.311136 0.397133
vt 0.363435 0.904523
vt 0.315788 0.395516
vt 0.310042 0.395712
vt 0.310047 0.395688
vt 0.310053 0.395704
vt 0.315989 0.400536
vt 0.315998 0.400564
vt 0.311031 0.398385
vt 0.311034 0.398306
vt 0.311043 0.398314
vt 0.309613 0.396079
vt 0.309643 0.396020
vt 0.309621 0.396099
vt 0.314092 0.398126
vt 0.314069 0.398124
vt 0.314093 0.398078
vt 0.314117 0.398305
vt 0.311425 0.397120
vt 0.311454 0.397112
vt 0.311435 0.397142
vt 0.314217 0.398371
vt 0.314250 0.398376
vt 0.314217 0.398393
vt 0.309591 0.395845
vt 0.309564 0.395901
vt 0.309578 0.395838
vt 0.314112 0.398286
vt 0.314141 0.398285
vt 0.314117 0.398299
vt 0.365271 0.907661
vt 0.365302 0.907637
vt 0.365263 0.907676
vt 0.314139 0.398035
vt 0.314169 0.400957
vt 0.314200 0.400981
vt 0.314167 0.400980
vt 0.311553 0.396597
vt 0.311597 0.396561
vt 0.311562 0.396604
vt 0.314137 0.398257
vt 0.314177 0.398264
vt 0.314748 0.393257
vt 0.314829 0.393260
vt 0.314745 0.393268
vt 0.311521 0.398841
vt 0.311476 0.396741
vt 0.311457 0.396816
vt 0.311435 0.396815
vt 0.313734 0.397879
vt 0.313650 0.397736
vt 0.313662 0.397735
vt 0.312460 0.393683
vt 0.312475 0.393665
vt 0.313774 0.397561
vt 0.313782 0.397522
vt 0.313787 0.397568
vt 0.314110 0.398494
vt 0.313993 0.398459
vt 0.314106 0.398482
vt 0.314188 0.398394
vt 0.314188 0.398315
vt 0.314197 0.398312
vt 0.313506 0.397846
vt 0.313977 0.398304
vt 0.313987 0.398385
vt 0.311559 0.398833
vt 0.311587 0.398768
vt 0.311595 0.398763
vt 0.366919 0.907601
vt 0.310009 0.395815
vt 0.310004 0.395743
vt 0.309720 0.395881
vt 0.309751 0.395802
vt 0.309743 0.395879
vt 0.314669 0.393437
vt 0.314637 0.393285
vt 0.314730 0.393499
vt 0.311262 0.397161
vt 0.311338 0.397207
vt 0.311341 0.397224
vt 0.314654 0.395287
vt 0.314670 0.395371
vt 0.314668 0.395364
vt 0.312492 0.393444
vt 0.312457 0.393414
vt 0.312520 0.393444
vt 0.312345 0.393278
vt 0.312397 0.393276
vt 0.312331 0.393302
vt 0.312435 0.393603
vt 0.312435 0.393616
vt 0.309837 0.395688
vt 0.312338 0.393727
vt 0.312311 0.393671
vt 0.312378 0.393730
vt 0.311216 0.397187
vt 0.311233 0.397206
vt 0.311591 0.396630
vt 0.311577 0.396632
vt 0.311551 0.396997
vt 0.311507 0.397115
vt 0.311500 0.397111
vt 0.311635 0.396643
vt 0.311615 0.396640
vt 0.311617 0.396626
vt 0.309819 0.395861
vt 0.309961 0.395835
vt 0.309807 0.395859
vt 0.311907 0.393556
vt 0.311890 0.393581
vt 0.313656 0.397550
vt 0.313592 0.397552
vt 0.313680 0.397538
vt 0.311419 0.399147
vt 0.311427 0.399079
vt 0.364737 0.902785
vt 0.364784 0.902776
vt 0.312010 0.393866
vt 0.311346 0.396504
vt 0.313565 0.397737
vt 0.313599 0.397710
vt 0.313601 0.397722
vt 0.311393 0.398928
vt 0.311390 0.398938
vt 0.312447 0.393500
vt 0.313668 0.397555
vt 0.314766 0.395089
vt 0.314696 0.395103
vt 0.314693 0.395079
vt 0.343213 0.394947
vt 0.343221 0.395008
vt 0.343806 0.393463
vt 0.343240 0.394946
vt 0.346824 0.392383
vt 0.342172 0.392693
vt 0.367394 0.904470
vt 0.367401 0.904439
vt 0.364971 0.902666
vt 0.365003 0.902655
vt 0.364360 0.906533
vt 0.343677 0.395883
vt 0.365163 0.902896
vt 0.363443 0.904454
vt 0.344493 0.390199
vt 0.344622 0.390606
vt 0.344594 0.390583
vt 0.348458 0.396666
vt 0.346355 0.395429
vt 0.346329 0.395354
vt 0.344508 0.390187
vt 0.344495 0.390075
vt 0.344561 0.390136
vt 0.344543 0.390065
vt 0.344651 0.390561
vt 0.344653 0.390559
vt 0.363047 0.904914
vt 0.347498 0.396582
vt 0.367218 0.905302
vt 0.342114 0.393121
vt 0.343215 0.395383
vt 0.343187 0.395368
vt 0.343203 0.395333
vt 0.343188 0.395343
vt 0.346783 0.390233
vt 0.344345 0.390843
vt 0.345865 0.394392
vt 0.343291 0.398560
vt 0.366695 0.904022
vt 0.346292 0.395244
vt 0.341735 0.392686
vt 0.365063 0.903161
vt 0.344223 0.390863
vt 0.348157 0.397482
vt 0.348150 0.397482
vt 0.343738 0.393465
vt 0.364876 0.903120
vt 0.345760 0.394499
vt 0.342957 0.398131
vt 0.341924 0.392659
vt 0.343272 0.398565
vt 0.343248 0.398658
vt 0.343263 0.398549
vt 0.343142 0.398666
vt 0.344063 0.390539
vt 0.365005 0.902985
vt 0.365006 0.902884
vt 0.365041 0.902899
vt 0.366120 0.907180
vt 0.366095 0.907182
vt 0.366110 0.907170
vt 0.366095 0.907180
vt 0.366101 0.907171
vt 0.364304 0.905278
vt 0.364689 0.902888
vt 0.348908 0.396733
vt 0.346758 0.390313
vt 0.364347 0.906703
vt 0.364413 0.906714
vt 0.367807 0.907155
vt 0.345849 0.394527
vt 0.346326 0.394871
vt 0.345585 0.394671
vt 0.346319 0.395249
vt 0.346339 0.395264
vt 0.346385 0.395318
vt 0.316775 0.400826
vt 0.344368 0.390764
vt 0.344347 0.390746
vt 0.364900 0.903186
vt 0.364884 0.903206
vt 0.319519 0.402724
vt 0.319509 0.402706
vt 0.319550 0.402697
vt 0.343803 0.393590
vt 0.346959 0.390044
vt 0.343724 0.393726
vt 0.346378 0.397839
vt 0.346373 0.397905
vt 0.348550 0.396704
vt 0.346276 0.395270
vt 0.316773 0.401014
vt 0.316722 0.400984
vt 0.367395 0.904341
vt 0.367406 0.904344
vt 0.367419 0.904389
vt 0.342208 0.393096
vt 0.342203 0.393082
vt 0.344376 0.390772
vt 0.344346 0.390773
vt 0.367539 0.907769
vt 0.346155 0.395261
vt 0.342572 0.398620
vt 0.344546 0.390677
vt 0.346018 0.394381
vt 0.364486 0.906543
vt 0.364445 0.906537
vt 0.341280 0.398633
vt 0.346921 0.390140
vt 0.346118 0.396470
vt 0.346115 0.396563
vt 0.344381 0.390460
vt 0.343785 0.395787
vt 0.343603 0.393762
vt 0.345761 0.394775
vt 0.345720 0.394695
vt 0.344725 0.390401
vt 0.346441 0.394844
vt 0.346424 0.394862
vt 0.343740 0.393734
vt 0.343774 0.393671
vt 0.347822 0.400517
vt 0.347769 0.400528
vt 0.366905 0.907585
vt 0.366936 0.907554
vt 0.341981 0.392636
vt 0.341988 0.392704
vt 0.346257 0.395387
vt 0.348063 0.397626
vt 0.343095 0.398454
vt 0.346441 0.395095
vt 0.346277 0.395236
vt 0.347821 0.400677
vt 0.347768 0.400690
vt 0.344646 0.390538
vt 0.365884 0.905482
vt 0.365843 0.905477
vt 0.341207 0.398634
vt 0.346905 0.392363
vt 0.364377 0.906489
vt 0.365099 0.903022
vt 0.365102 0.903003
vt 0.346223 0.395179
vt 0.346245 0.395243
vt 0.348696 0.397912
vt 0.345827 0.394631
vt 0.345780 0.394672
vt 0.345842 0.394679
vt 0.345820 0.394681
vt 0.346800 0.390218
vt 0.342946 0.396949
vt 0.345605 0.392862
vt 0.343698 0.395785
vt 0.343713 0.395797
vt 0.343709 0.395794
vt 0.344739 0.390057
vt 0.346118 0.395005
vt 0.346176 0.395016
vt 0.363274 0.904469
vt 0.341672 0.393090
vt 0.341987 0.392704
vt 0.341918 0.392749
vt 0.341984 0.392796
vt 0.344501 0.390775
vt 0.365289 0.907772
vt 0.363097 0.904569
vt 0.363098 0.904581
vt 0.342104 0.392708
vt 0.342152 0.392712
vt 0.342127 0.392771
vt 0.342166 0.392769
vt 0.341709 0.393331
vt 0.344499 0.390249
vt 0.347490 0.396661
vt 0.347503 0.396748
vt 0.347472 0.396739
vt 0.341779 0.393049
vt 0.354028 0.400173
vt 0.344608 0.390048
vt 0.344605 0.390124
vt 0.347300 0.397429
vt 0.347251 0.397418
vt 0.343833 0.393435
vt 0.343858 0.393458
vt 0.343810 0.393487
vt 0.343877 0.393477
vt 0.346309 0.395232
vt 0.346964 0.391973
vt 0.343675 0.393618
vt 0.343689 0.393613
vt 0.341802 0.392615
vt 0.364154 0.905341
vt 0.347583 0.394079
vt 0.363286 0.904422
vt 0.363322 0.904384
vt 0.346934 0.392036
vt 0.344628 0.390630
vt 0.365467 0.908292
vt 0.365446 0.908331
vt 0.365434 0.908292
vt 0.365442 0.908327
vt 0.347984 0.392595
vt 0.347997 0.392612
vt 0.344598 0.398653
vt 0.344600 0.398684
vt 0.341901 0.392841
vt 0.347529 0.394059
vt 0.364535 0.905030
vt 0.343767 0.393881
vt 0.347766 0.394066
vt 0.347461 0.396365
vt 0.344978 0.397541
vt 0.343854 0.394077
vt 0.343578 0.395689
vt 0.343680 0.395664
vt 0.343681 0.395687
vt 0.344737 0.390571
vt 0.365009 0.902996
vt 0.366731 0.902755
vt 0.344721 0.390476
vt 0.346701 0.398624
vt 0.346741 0.398624
vt 0.346729 0.398667
vt 0.342182 0.392776
vt 0.347270 0.397244
vt 0.347008 0.392304
vt 0.365298 0.907637
vt 0.365050 0.908569
vt 0.346079 0.396660
vt 0.345119 0.398395
vt 0.345136 0.398319
vt 0.341608 0.393202
vt 0.341529 0.393207
vt 0.344505 0.390565
vt 0.344498 0.390555
vt 0.365725 0.905713
vt 0.344103 0.390416
vt 0.344109 0.390417
vt 0.343362 0.393899
vt 0.343356 0.393892
vt 0.365878 0.905721
vt 0.343422 0.393648
vt 0.343609 0.393598
vt 0.341911 0.392586
vt 0.365881 0.905810
vt 0.365767 0.905657
vt 0.364561 0.905417
vt 0.364915 0.903198
vt 0.341681 0.392880
vt 0.345137 0.398301
vt 0.345167 0.398245
vt 0.367253 0.905176
vt 0.367265 0.905292
vt 0.344844 0.398383
vt 0.341653 0.393228
vt 0.366314 0.906327
vt 0.366287 0.906296
vt 0.366306 0.906288
vt 0.344513 0.390225
vt 0.365323 0.907638
vt 0.365337 0.907678
vt 0.364339 0.906496
vt 0.365796 0.905851
vt 0.365842 0.905809
vt 0.348558 0.396597
vt 0.348571 0.396619
vt 0.365128 0.903017
vt 0.365122 0.902993
vt 0.346251 0.395166
vt 0.346991 0.390116
vt 0.364874 0.902938
vt 0.364137 0.906125
vt 0.364101 0.906076
vt 0.364122 0.906071
vt 0.347956 0.392463
vt 0.347981 0.392433
vt 0.364938 0.902681
vt 0.364939 0.902659
vt 0.364931 0.902666
vt 0.346334 0.397814
vt 0.346365 0.397796
vt 0.343500 0.393452
vt 0.341500 0.398628
vt 0.343574 0.395711
vt 0.344628 0.390193
vt 0.347961 0.392705
vt 0.347969 0.392731
vt 0.343593 0.394004
vt 0.343733 0.393554
vt 0.364337 0.906808
vt 0.364370 0.906809
vt 0.364370 0.906853
vt 0.364361 0.906859
vt 0.366163 0.906064
vt 0.346251 0.395111
vt 0.364454 0.906595
vt 0.364436 0.906594
vt 0.343229 0.398946
vt 0.343054 0.398894
vt 0.364526 0.905138
vt 0.347795 0.400420
vt 0.347844 0.400440
vt 0.343846 0.393620
vt 0.345761 0.394777
vt 0.345529 0.394130
vt 0.367194 0.905358
vt 0.309924 0.395715
vt 0.309933 0.395721
vt 0.312328 0.393623
vt 0.312312 0.393617
vt 0.312326 0.393618
vt 0.312562 0.393749
vt 0.312217 0.393834
vt 0.312146 0.393799
vt 0.311419 0.397078
vt 0.311404 0.397065
vt 0.311417 0.397066
vt 0.311418 0.397074
vt 0.312192 0.393898
vt 0.309824 0.395693
vt 0.311323 0.396932
vt 0.311323 0.396921
vt 0.311472 0.399000
vt 0.311477 0.398996
vt 0.311483 0.398986
vt 0.312332 0.393251
vt 0.312325 0.393252
vt 0.312334 0.393250
vt 0.311129 0.397115
vt 0.314254 0.398362
vt 0.314253 0.398369
vt 0.310015 0.395807
vt 0.310042 0.395760
vt 0.315989 0.400549
vt 0.316000 0.400552
vt 0.310037 0.395680
vt 0.310038 0.395686
vt 0.314774 0.395092
vt 0.342964 0.396953
vt 0.342960 0.396953
vt 0.342958 0.396943
vt 0.311891 0.393581
vt 0.311899 0.393587
vt 0.311935 0.393469
vt 0.311943 0.393458
vt 0.311943 0.393461
vt 0.311229 0.396846
vt 0.311231 0.396848
vt 0.309500 0.395937
vt 0.309500 0.395938
vt 0.314129 0.398046
vt 0.314139 0.398033
vt 0.347353 0.399999
vt 0.313708 0.397237
vt 0.313705 0.397241
vt 0.365013 0.903149
vt 0.365007 0.903147
vt 0.312266 0.393903
vt 0.309743 0.395878
vt 0.309734 0.395894
vt 0.314142 0.398295
vt 0.313554 0.397742
vt 0.313554 0.397743
vt 0.313552 0.397748
vt 0.313415 0.397714
vt 0.313417 0.397723
vt 0.315820 0.395649
vt 0.312461 0.393236
vt 0.313515 0.397861
vt 0.313982 0.398398
vt 0.309923 0.395709
vt 0.342538 0.396536
vt 0.342510 0.396548
vt 0.309931 0.395744
vt 0.316493 0.400950
vt 0.315501 0.396877
vt 0.315513 0.396874
vt 0.315545 0.396961
vt 0.311416 0.398843
vt 0.312324 0.393614
vt 0.312274 0.393490
vt 0.309578 0.396017
vt 0.312486 0.393886
vt 0.312508 0.393888
vt 0.312488 0.393923
vt 0.363434 0.904546
vt 0.311020 0.398385
vt 0.309748 0.395645
vt 0.309764 0.395681
vt 0.309750 0.395673
vt 0.342965 0.396966
vt 0.314079 0.398147
vt 0.342388 0.397104
vt 0.342321 0.397170
vt 0.342311 0.397148
vt 0.314124 0.398297
vt 0.364961 0.903191
vt 0.364946 0.903191
vt 0.364978 0.903168
vt 0.309576 0.395920
vt 0.319489 0.402755
vt 0.319496 0.402759
vt 0.314123 0.398039
vt 0.344532 0.397540
vt 0.344548 0.397547
vt 0.314205 0.400958
vt 0.311589 0.396553
vt 0.312437 0.393255
vt 0.312437 0.393177
vt 0.314179 0.398239
vt 0.314077 0.398295
vt 0.314832 0.393249
vt 0.311492 0.396752
vt 0.313660 0.397811
vt 0.342427 0.397104
vt 0.312372 0.393685
vt 0.313770 0.397525
vt 0.313996 0.398469
vt 0.314179 0.398398
vt 0.309998 0.395822
vt 0.309729 0.395790
vt 0.314728 0.393499
vt 0.314664 0.393449
vt 0.314660 0.393363
vt 0.311512 0.398712
vt 0.311419 0.398728
vt 0.311432 0.398719
vt 0.311258 0.397144
vt 0.314663 0.395283
vt 0.312397 0.393259
vt 0.309820 0.395757
vt 0.312306 0.393680
vt 0.311254 0.397129
vt 0.311589 0.396644
vt 0.309756 0.395712
vt 0.311571 0.397002
vt 0.314763 0.393176
vt 0.314817 0.393150
vt 0.314823 0.393169
vt 0.311637 0.396662
vt 0.366098 0.907190
vt 0.309959 0.395824
vt 0.312451 0.393097
vt 0.313594 0.397563
vt 0.312213 0.393925
vt 0.312217 0.393922
vt 0.312363 0.393934
vt 0.313551 0.397734
vt 0.312446 0.393519
vt 0.313668 0.397590
vt 0.314769 0.395114
vt 0.344176 0.390250
vt 0.344189 0.390238
vt 0.363044 0.904814
vt 0.363012 0.904813
vt 0.315110 0.400224
vt 0.315076 0.400248
vt 0.315076 0.400235
vt 0.315108 0.400212
vt 0.314117 0.398374
vt 0.314115 0.398364
vt 0.346339 0.395437
vt 0.346321 0.395442
vt 0.365096 0.902693
vt 0.365097 0.902635
vt 0.365130 0.902636
vt 0.365125 0.902707
vt 0.345956 0.394646
vt 0.345997 0.394725
vt 0.347346 0.399913
vt 0.343193 0.398474
vt 0.345334 0.394012
vt 0.341538 0.393272
s 0
f 84/1/1 24/2/2 291/3/3
f 347/4/4 135/5/5 111/6/6
f 558/7/7 559/8/7 90/9/7
f 448/10/8 54/11/9 107/12/10
f 178/13/11 197/14/12 167/15/13
f 375/16/14 374/17/15 68/18/16
f 336/19/17 109/20/18 442/21/19
f 362/22/20 334/23/21 360/24/22
f 290/25/23 174/26/24 196/27/25
f 591/28/26 220/29/27 221/30/28
f 223/31/29 214/32/30 12/33/31
f 409/34/32 286/35/33 285/36/34
f 9/37/35 32/38/36 373/39/37
f 221/40/38 220/41/39 462/42/40
f 290/43/41 173/44/42 287/45/43
f 200/46/44 193/47/45 203/48/46
f 61/49/47 116/50/48 60/51/49
f 531/52/50 532/53/51 492/54/52
f 422/55/53 97/56/54 423/57/55
f 266/58/56 176/59/57 356/60/58
f 361/61/59 4/62/60 362/63/61
f 546/64/62 572/65/63 614/66/64
f 363/67/65 333/68/66 335/69/67
f 335/70/68 37/71/69 364/72/70
f 30/73/71 465/74/72 247/75/73
f 323/76/74 175/77/75 280/78/76
f 145/79/77 616/80/77 618/81/77
f 594/82/78 221/30/79 597/83/80
f 106/84/81 70/85/82 117/86/83
f 366/87/84 365/88/85 39/89/86
f 7/90/87 25/91/88 53/92/89
f 424/93/90 94/94/91 98/95/92
f 248/96/93 465/97/94 125/98/95
f 7/90/96 68/99/97 32/38/98
f 51/100/99 81/101/100 55/102/101
f 344/103/102 485/104/103 137/105/103
f 25/91/104 44/106/105 53/92/106
f 44/107/107 54/108/108 53/109/109
f 452/110/110 80/111/111 453/112/112
f 115/113/113 59/114/114 57/115/115
f 445/116/116 115/117/117 446/118/118
f 115/117/119 57/119/120 113/120/121
f 501/121/122 228/122/123 502/123/122
f 463/124/124 108/125/125 470/126/126
f 377/127/127 62/128/128 371/129/128
f 371/130/129 62/131/130 448/132/131
f 315/133/132 276/134/133 540/135/134
f 63/136/135 149/137/136 148/138/137
f 341/139/138 10/140/139 64/141/140
f 451/142/141 78/143/142 121/144/143
f 120/145/144 79/146/145 80/111/146
f 121/147/147 78/148/148 81/149/149
f 389/150/150 15/151/150 180/152/150
f 517/153/151 184/154/152 185/155/153
f 405/156/154 84/157/155 1/158/156
f 35/159/157 83/160/158 85/161/159
f 332/162/160 87/163/161 88/164/162
f 186/165/163 187/166/164 273/167/165
f 215/168/166 589/169/167 585/170/168
f 98/171/169 94/172/170 95/173/171
f 85/174/172 23/175/173 288/176/174
f 372/177/175 152/178/175 370/179/176
f 11/180/177 544/181/178 430/182/179
f 51/100/180 393/183/181 81/101/182
f 165/184/183 513/185/184 522/186/185
f 232/187/186 583/188/187 229/189/188
f 402/190/189 456/191/190 455/192/191
f 456/193/192 106/84/193 329/194/194
f 257/195/195 258/196/196 110/197/197
f 110/197/198 133/198/199 50/199/200
f 460/200/201 459/201/202 134/202/203
f 162/203/204 156/204/205 151/205/206
f 346/206/207 137/207/207 138/208/207
f 487/209/208 471/210/208 488/211/208
f 136/212/209 474/213/209 475/214/209
f 483/215/210 484/216/211 136/217/212
f 363/218/213 350/219/213 349/220/213
f 107/221/214 58/222/215 448/223/216
f 128/224/217 259/225/218 260/226/219
f 376/227/220 7/90/221 377/228/222
f 116/50/223 114/229/224 162/203/225
f 374/230/226 32/38/227 68/99/228
f 496/231/229 193/232/230 552/233/231
f 551/234/232 57/119/233 497/235/234
f 154/236/235 151/205/236 150/237/237
f 148/238/238 146/239/239 147/240/240
f 572/65/241 201/241/241 571/242/241
f 48/243/242 49/244/243 133/198/244
f 153/245/245 146/239/246 158/246/247
f 155/247/248 160/248/249 161/249/250
f 31/250/251 495/251/252 494/252/253
f 550/253/254 549/254/255 553/255/255
f 296/256/256 251/257/256 508/258/257
f 512/259/258 165/184/259 522/186/260
f 72/260/261 34/261/262 76/262/263
f 522/263/264 523/264/265 511/265/266
f 186/266/267 183/267/268 166/268/269
f 523/269/270 522/270/271 183/271/272
f 390/272/273 236/273/274 75/274/275
f 141/275/276 526/276/277 536/277/278
f 108/125/279 524/278/280 179/279/281
f 87/280/282 436/281/283 457/282/284
f 352/283/285 52/284/286 87/163/287
f 173/285/288 182/286/289 279/287/290
f 304/288/291 287/45/291 173/44/291
f 18/289/292 181/290/293 172/291/294
f 403/292/295 52/284/296 268/293/297
f 86/294/298 184/295/299 188/296/300
f 284/297/301 407/298/302 272/299/303
f 313/300/304 35/301/305 82/302/306
f 424/303/307 98/171/308 39/304/309
f 229/189/310 225/305/311 232/187/312
f 419/306/313 400/307/314 8/308/315
f 550/309/316 141/310/317 22/311/318
f 6/312/319 495/251/320 31/250/321
f 123/313/322 298/314/323 261/315/324
f 300/316/325 168/317/326 13/318/327
f 20/319/328 30/320/329 36/321/330
f 230/322/331 231/323/332 194/324/333
f 196/325/334 237/326/335 30/73/336
f 140/327/337 560/328/337 570/329/337
f 202/330/338 206/331/339 201/241/340
f 565/332/341 194/324/342 231/323/343
f 582/333/344 584/334/345 234/335/346
f 397/336/347 457/282/348 398/337/349
f 223/31/350 592/338/351 591/339/351
f 9/340/352 38/341/353 125/342/354
f 387/343/355 388/344/356 558/7/357
f 223/31/358 10/345/359 458/346/360
f 10/345/361 12/33/362 64/347/363
f 227/348/364 225/349/365 226/350/366
f 6/312/367 527/351/368 306/352/369
f 625/353/370 234/335/371 584/334/372
f 199/354/373 627/355/374 235/356/375
f 227/357/376 609/358/377 611/359/378
f 531/360/379 141/361/380 536/362/381
f 539/363/382 543/364/383 542/365/384
f 595/366/385 215/367/386 218/368/387
f 295/369/388 615/370/389 252/371/390
f 601/372/391 9/373/392 373/374/393
f 357/375/394 45/376/394 332/377/394
f 59/378/395 164/379/396 143/380/397
f 464/381/398 139/382/398 490/383/398
f 537/384/399 5/385/400 437/386/401
f 347/387/402 138/388/402 132/389/402
f 143/390/403 498/391/403 59/392/403
f 362/393/404 4/394/405 335/395/406
f 402/190/407 387/396/408 90/397/408
f 240/398/409 241/399/410 111/400/411
f 178/401/412 47/402/413 197/403/414
f 167/404/415 197/403/416 27/405/417
f 308/406/418 317/407/418 319/408/418
f 33/409/419 128/224/420 29/410/421
f 24/411/422 254/412/423 291/413/424
f 78/414/425 333/68/426 55/102/427
f 437/386/428 5/385/429 123/415/430
f 305/416/431 306/352/432 526/417/433
f 40/418/434 589/419/435 216/420/436
f 217/421/437 12/422/438 214/423/439
f 214/423/440 594/424/441 217/421/442
f 530/425/443 28/426/444 5/427/445
f 330/428/446 416/429/447 331/430/448
f 225/305/449 611/431/450 610/432/451
f 365/88/452 37/433/453 189/434/453
f 469/435/454 470/436/455 48/437/456
f 310/438/457 527/351/458 170/439/459
f 560/328/460 140/327/461 547/440/462
f 182/286/463 173/285/464 20/319/465
f 384/441/466 74/442/467 92/443/468
f 65/444/469 449/445/470 450/446/471
f 37/447/472 4/448/473 17/449/474
f 131/450/475 307/451/476 127/452/477
f 433/453/478 286/454/479 244/455/480
f 222/456/481 379/457/482 41/458/483
f 117/459/484 69/460/485 122/461/486
f 33/462/487 29/463/488 25/464/489
f 549/254/490 582/333/491 553/255/490
f 629/465/492 532/466/493 236/273/494
f 377/127/495 67/467/496 62/128/497
f 395/468/498 119/469/499 393/470/500
f 55/471/501 81/472/502 78/473/503
f 83/474/504 84/1/505 23/175/506
f 14/475/507 77/476/508 310/438/509
f 320/477/510 131/450/510 460/478/510
f 25/91/511 32/38/512 33/409/513
f 624/479/514 578/480/515 579/481/516
f 566/482/517 210/483/518 199/354/519
f 104/484/520 183/271/521 285/485/522
f 223/486/523 462/42/524 220/41/525
f 496/487/526 143/390/526 43/488/526
f 587/489/527 586/490/528 601/491/529
f 608/492/530 609/493/531 224/494/532
f 432/495/533 510/496/534 511/497/535
f 607/498/536 194/499/537 565/500/538
f 343/501/539 111/400/539 105/502/539
f 179/279/540 535/503/541 108/125/542
f 627/355/543 626/504/544 608/492/545
f 106/505/546 2/506/547 70/507/548
f 349/508/549 51/100/550 55/509/551
f 455/510/552 456/511/553 416/512/554
f 157/513/555 64/514/556 41/515/557
f 355/516/558 399/517/559 265/518/560
f 205/519/561 192/520/562 191/521/563
f 617/522/564 139/523/565 142/524/566
f 169/525/567 134/202/568 49/244/569
f 464/526/570 469/527/571 256/528/572
f 569/529/573 198/530/574 205/519/575
f 184/531/576 516/532/577 188/533/577
f 181/290/578 274/534/578 172/291/578
f 107/535/579 324/536/580 105/502/581
f 96/537/582 433/538/582 421/539/582
f 89/540/583 76/541/584 91/542/585
f 17/543/586 313/544/587 312/545/588
f 489/546/589 493/547/589 180/548/589
f 119/469/590 74/442/591 121/147/592
f 44/549/593 324/550/594 54/551/595
f 250/552/596 43/553/597 509/554/598
f 509/554/599 43/553/600 143/555/601
f 449/445/602 147/556/603 56/557/604
f 213/558/605 602/559/606 218/560/607
f 334/561/608 78/414/608 80/562/609
f 472/563/610 260/564/611 473/565/612
f 327/566/613 369/567/614 102/568/615
f 113/569/616 57/570/617 60/571/618
f 426/572/619 100/573/620 104/574/621
f 215/168/622 587/575/623 213/558/624
f 139/523/625 257/195/626 56/557/627
f 443/576/628 372/577/629 447/578/630
f 535/503/631 179/279/632 353/579/633
f 556/580/634 75/581/635 77/582/636
f 65/444/637 66/583/638 64/347/639
f 596/584/640 595/585/641 593/586/642
f 7/90/643 53/92/644 67/587/645
f 603/588/646 604/589/647 606/590/648
f 8/308/649 420/591/650 419/306/651
f 212/592/652 209/593/653 562/594/654
f 210/483/655 228/122/656 212/592/657
f 449/445/658 56/557/659 450/595/660
f 453/596/661 78/148/661 454/597/661
f 316/598/662 86/599/663 276/600/664
f 13/318/665 168/317/666 538/601/667
f 67/602/668 54/603/669 62/604/670
f 422/55/671 99/605/672 93/606/673
f 596/584/674 599/607/675 216/608/676
f 239/609/677 44/107/678 25/610/679
f 144/611/680 114/229/681 61/49/682
f 328/612/683 101/613/684 429/614/685
f 393/470/686 119/469/687 121/147/688
f 242/615/689 399/616/690 418/617/691
f 120/618/692 383/619/693 71/620/694
f 542/365/695 19/621/696 316/622/697
f 27/405/698 128/224/699 237/623/700
f 608/492/701 626/624/702 625/353/703
f 35/159/704 85/161/705 82/625/706
f 35/159/707 24/626/708 83/160/709
f 406/627/710 183/628/710 186/629/710
f 286/454/711 409/630/712 408/631/713
f 411/632/714 407/633/715 284/634/716
f 413/635/717 400/636/718 414/637/719
f 356/60/720 176/59/721 533/638/722
f 212/592/723 163/639/724 209/593/725
f 370/640/726 155/641/727 504/642/728
f 319/643/729 541/644/729 21/645/729
f 73/646/730 109/647/731 118/648/732
f 11/649/733 425/650/733 189/651/733
f 102/568/734 348/652/735 103/653/736
f 506/654/737 505/655/738 507/656/739
f 95/173/740 102/657/741 103/658/742
f 119/469/743 69/460/744 195/659/745
f 285/660/746 434/661/746 104/574/746
f 201/241/747 203/662/748 573/663/749
f 71/620/750 73/664/751 118/665/752
f 42/666/753 274/667/754 273/167/755
f 116/50/756 113/120/757 60/51/758
f 132/668/759 466/669/760 46/670/761
f 5/385/762 129/671/763 123/415/764
f 372/672/765 160/673/765 152/178/765
f 116/50/766 162/203/767 159/674/768
f 241/675/769 107/676/770 105/677/771
f 439/678/772 352/679/773 87/280/774
f 86/599/775 316/680/776 184/531/777
f 401/681/778 301/682/779 412/683/780
f 174/26/781 27/405/782 196/27/783
f 272/684/784 275/685/785 181/290/786
f 353/579/787 112/686/788 455/687/789
f 270/688/790 77/582/791 75/581/792
f 382/689/793 117/459/794 395/468/795
f 174/26/796 267/690/797 269/691/798
f 475/692/799 472/563/800 483/693/801
f 339/694/802 361/61/803 359/695/804
f 258/196/805 469/696/806 110/197/807
f 26/697/808 396/698/809 3/699/810
f 18/700/811 320/701/812 460/702/813
f 27/405/814 197/403/815 124/703/816
f 309/704/817 130/705/818 307/451/819
f 230/706/820 144/707/821 231/708/822
f 342/709/823 458/346/824 10/345/825
f 138/710/826 481/711/826 480/712/826
f 476/713/827 478/714/827 488/715/827
f 479/716/828 487/717/828 486/718/828
f 482/719/829 481/711/829 137/720/829
f 140/327/830 306/352/831 547/440/832
f 477/721/833 124/703/834 467/722/835
f 136/217/836 324/723/837 44/549/838
f 56/557/839 142/524/840 139/523/841
f 163/724/842 499/725/843 613/726/844
f 13/318/845 397/727/845 412/728/845
f 466/669/846 47/729/847 46/670/848
f 376/227/849 154/730/850 68/99/851
f 580/731/852 206/732/853 569/733/854
f 351/734/855 177/735/855 178/736/855
f 59/392/856 497/737/857 57/119/858
f 121/147/859 384/441/860 451/738/861
f 117/86/862 381/739/862 106/84/862
f 444/740/863 448/741/863 58/742/863
f 208/743/864 163/724/865 613/744/866
f 196/27/867 173/285/868 290/25/869
f 504/745/870 151/746/871 154/747/872
f 114/748/873 153/749/874 156/750/875
f 148/238/876 158/246/877 146/239/878
f 249/751/879 36/321/880 247/752/881
f 155/247/882 161/249/883 159/753/884
f 155/641/885 152/754/886 160/755/887
f 140/327/888 570/329/888 495/251/888
f 474/756/889 44/549/890 239/757/891
f 207/758/892 201/759/893 206/760/894
f 229/761/895 583/762/895 550/309/895
f 188/763/896 518/764/897 521/765/898
f 217/421/899 595/585/900 219/766/901
f 512/767/902 515/768/903 517/153/904
f 246/769/905 108/125/906 463/124/907
f 15/151/908 179/279/909 525/770/910
f 511/771/911 519/772/912 512/773/913
f 94/172/914 426/774/915 427/775/916
f 185/776/917 42/666/918 187/166/919
f 48/243/920 470/126/921 108/125/922
f 188/533/923 516/532/923 518/777/923
f 392/778/924 180/779/925 629/780/926
f 245/781/927 180/152/927 525/770/927
f 58/782/928 293/783/929 508/258/930
f 432/784/931 100/785/932 11/786/933
f 23/787/934 404/788/935 267/690/936
f 439/789/937 87/280/938 457/282/939
f 509/554/940 164/790/941 58/782/942
f 106/84/943 381/739/944 329/194/945
f 47/791/946 177/792/947 46/793/948
f 607/498/949 230/794/950 194/499/951
f 182/795/952 20/796/953 36/797/954
f 95/173/955 39/304/956 98/171/957
f 351/734/958 52/284/959 352/283/960
f 169/525/961 181/290/962 18/289/963
f 523/269/964 100/798/965 511/799/966
f 289/800/967 174/26/968 290/25/969
f 86/599/970 85/161/971 276/600/972
f 88/801/973 1/802/974 332/377/975
f 49/244/976 176/59/977 169/525/978
f 14/803/979 171/804/980 34/805/981
f 96/806/982 434/661/983 433/807/984
f 52/808/985 178/13/986 167/15/987
f 185/776/988 316/598/989 19/621/990
f 442/21/991 109/20/992 8/809/993
f 88/164/994 405/810/995 1/811/995
f 259/812/996 124/813/997 477/814/998
f 564/815/999 210/816/1000 562/817/1001
f 39/304/1002 425/650/1002 424/303/1002
f 425/650/1003 100/573/1004 426/572/1005
f 195/659/1006 559/8/1007 557/818/1008
f 298/819/1009 129/671/1010 546/64/1011
f 229/761/1012 226/820/1013 225/821/1014
f 232/187/1015 584/334/1016 583/188/1017
f 598/822/1018 131/823/1019 127/824/1020
f 322/825/1021 18/826/1022 172/827/1021
f 270/828/1023 310/829/1024 77/830/1025
f 514/831/1026 183/271/1027 522/270/1028
f 367/832/1029 51/100/1030 349/508/1031
f 261/833/1032 294/834/1033 240/398/1034
f 20/319/1035 196/27/1036 30/320/1037
f 237/326/1038 126/835/1039 30/73/1040
f 196/27/1041 27/405/1042 237/623/1043
f 571/836/1044 201/837/1044 573/838/1044
f 540/839/1045 21/840/1046 539/841/1047
f 577/842/1048 575/843/1049 563/844/1050
f 325/845/1051 243/846/1052 417/847/1053
f 202/330/1054 198/848/1055 206/331/1056
f 85/174/1057 288/176/1058 303/849/1059
f 231/323/1060 61/49/1061 228/122/1062
f 615/850/1063 190/851/1064 250/852/1065
f 38/853/1066 590/854/1067 40/418/1067
f 118/855/1068 120/145/1069 71/856/1070
f 218/368/1071 215/367/1072 213/857/1073
f 266/58/1074 181/290/1075 169/525/1076
f 514/831/1077 186/165/1078 166/858/1079
f 133/198/1080 134/202/1081 50/199/1082
f 450/859/1083 110/860/1084 50/861/1085
f 40/418/1086 127/862/1087 130/863/1088
f 167/864/1089 268/293/1090 52/284/1091
f 353/579/1092 179/279/1093 112/686/1094
f 9/373/1095 586/490/1096 38/865/1097
f 332/377/1098 1/866/1098 291/867/1098
f 317/407/1099 263/868/1100 281/869/1101
f 193/870/1102 573/871/1103 203/872/1104
f 421/873/1105 423/874/1105 96/875/1105
f 358/876/1106 340/877/1107 359/695/1108
f 226/878/1109 491/879/1110 490/880/1111
f 10/345/1112 223/31/1113 12/33/1114
f 189/434/1115 312/881/1116 544/181/1117
f 145/882/1118 146/239/1119 144/611/1120
f 402/190/1121 90/397/1122 2/506/1123
f 3/883/1124 441/884/1125 442/21/1126
f 611/885/1127 225/349/1128 227/348/1129
f 297/886/1130 299/887/1131 545/888/1132
f 441/889/1133 3/890/1134 396/891/1135
f 330/892/1136 331/893/1137 369/894/1138
f 211/895/1139 580/896/1139 581/897/1139
f 618/898/1140 617/522/1141 142/524/1142
f 446/118/1143 160/755/1144 443/899/1145
f 200/900/1146 613/901/1147 552/902/1148
f 60/51/1149 502/123/1150 61/49/1151
f 171/903/1152 16/904/1153 34/905/1154
f 494/906/1155 205/519/1156 191/907/1157
f 187/166/1158 514/831/1159 513/185/1160
f 521/908/1161 520/909/1162 511/771/1163
f 195/659/1164 557/818/1165 92/443/1166
f 222/910/1167 64/514/1168 12/422/1169
f 40/418/1170 125/911/1171 38/853/1172
f 301/912/1173 401/913/1174 386/914/1175
f 384/441/1176 89/915/1177 91/916/1178
f 621/917/1179 619/918/1180 234/335/1181
f 529/919/1182 175/77/1183 42/666/1184
f 386/920/1185 34/921/1186 16/922/1187
f 159/674/1188 151/205/1189 155/641/1190
f 563/923/1191 575/924/1192 578/925/1193
f 223/31/1194 591/339/1195 214/32/1196
f 105/502/1197 324/926/1198 343/501/1199
f 191/927/1200 129/671/1201 28/928/1202
f 148/238/1203 157/929/1204 158/246/1205
f 335/930/1206 4/62/1206 37/71/1206
f 262/931/1207 135/5/1208 261/932/1209
f 94/94/1210 99/933/1211 95/934/1212
f 157/929/1213 505/935/1214 506/654/1215
f 250/936/1216 251/937/1216 252/938/1216
f 253/939/1217 254/940/1218 255/941/1219
f 263/942/1220 264/943/1220 320/944/1220
f 267/945/1221 268/946/1221 269/947/1221
f 273/948/1222 274/949/1223 275/950/1224
f 277/951/1225 278/952/1226 279/953/1227
f 280/954/1228 281/955/1228 282/956/1228
f 287/957/1229 289/958/1230 290/959/1231
f 297/960/1232 298/961/1233 299/962/1234
f 4/963/1235 302/964/1236 255/965/1237
f 303/966/1238 304/967/1238 278/968/1238
f 308/969/1239 309/970/1240 307/971/1241
f 312/972/1242 314/973/1243 86/974/1244
f 317/975/1245 318/976/1246 319/977/1247
f 321/978/1248 322/979/1248 323/980/1248
f 326/981/1249 328/982/1250 325/983/1251
f 337/984/1252 338/985/1253 336/986/1254
f 361/987/1255 340/988/1256 253/989/1257
f 343/990/1258 345/991/1259 347/992/1260
f 348/993/1261 349/994/1262 350/995/1263
f 367/996/1264 368/997/1264 369/998/1264
f 370/999/1265 371/1000/1266 372/1001/1266
f 396/1002/1267 397/1003/1267 398/1004/1267
f 403/1005/1268 404/1006/1268 405/1007/1268
f 408/1008/1269 409/1009/1270 183/1010/1271
f 412/1011/1272 413/1012/1273 414/1013/1274
f 421/1014/1275 422/1015/1275 423/1016/1275
f 443/1017/1276 445/1018/1277 446/1019/1278
f 451/1020/1279 453/1021/1280 454/1022/1281
f 477/1023/1282 478/1024/1283 476/1025/1284
f 479/1026/1285 482/1027/1286 483/1028/1287
f 486/1029/1288 487/1030/1289 488/1031/1290
f 490/1032/1291 491/1033/1292 492/1034/1293
f 500/1035/1294 501/1036/1294 502/1037/1294
f 521/1038/1295 510/1039/1296 431/1040/1297
f 518/1041/1298 520/1042/1299 521/1041/1300
f 541/1043/1301 542/1044/1301 543/1045/1301
f 554/1046/1302 555/1047/1303 553/1048/1304
f 560/1049/1305 561/1050/1306 581/1051/1307
f 568/1052/1308 569/1053/1309 570/1054/1310
f 388/344/1311 389/1055/1312 558/1056/1313
f 585/1057/1314 586/1058/1315 587/1059/1316
f 588/1060/1317 589/1061/1317 590/1062/1317
f 597/1063/1318 599/1064/1319 596/1065/1320
f 604/1066/1321 605/1067/1322 606/1068/1323
f 616/1069/1324 617/1070/1325 618/1071/1326
f 582/1072/1327 620/1073/1328 619/1074/1329
f 234/1075/1330 623/1076/1331 622/1077/1332
f 417/1078/1333 242/1079/1334 418/1080/1335
f 335/1081/1336 364/1082/1337 363/1083/1338
f 336/1084/1339 358/1085/1340 337/1086/1341
f 259/812/1342 477/814/1343 476/1087/1344
f 612/1088/1345 552/1089/1346 613/1090/1347
f 422/1015/1348 428/1091/1349 429/1092/1350
f 410/1093/1351 242/1094/1352 411/1095/1353
f 600/1096/1354 373/1097/1355 375/1098/1356
f 281/1099/1357 318/1100/1358 317/1101/1359
f 362/1102/1360 359/1103/1361 361/1104/1362
f 311/1105/1363 544/1106/1364 312/1107/1365
f 463/1108/1366 490/1109/1367 489/1110/1368
f 377/1111/1369 370/999/1370 503/1112/1371
f 406/1113/1372 272/299/1373 407/298/1374
f 585/1057/1375 588/1114/1376 586/1058/1377
f 286/1115/1378 435/1116/1379 285/1117/1380
f 544/1106/1381 431/1118/1381 430/1119/1382
f 394/1120/1383 393/1121/1384 51/1122/1385
f 256/1123/1386 469/1124/1387 258/1125/1388
f 471/210/1389 483/693/1389 472/563/1390
f 568/1126/1391 580/1127/1392 569/1128/1393
f 619/1129/1394 553/1048/1394 582/1072/1394
f 508/1130/1395 250/1131/1396 509/1132/1397
f 628/1133/1398 392/1134/1399 629/1135/1400
f 524/1136/1401 245/1137/1402 525/1138/1403
f 622/1139/1404 548/1140/1405 621/1141/1406
f 385/1142/1407 420/1143/1408 386/1144/1409
f 569/1128/1410 495/1145/1411 570/1054/1412
f 574/1146/1413 571/1147/1414 573/1148/1415
f 560/1049/1416 568/1126/1417 570/1054/1418
f 457/1149/1419 441/1150/1420 398/1151/1421
f 547/1152/1422 305/1153/1423 548/1140/1424
f 240/1154/1425 293/1155/1426 241/1156/1427
f 4/963/1428 253/1157/1429 302/964/1430
f 538/1158/1431 437/1159/1432 438/1160/1433
f 579/1161/1434 575/1162/1435 576/1163/1436
f 442/21/1437 357/375/1438 336/19/1439
f 528/1164/1440 541/1043/1441 529/1165/1442
f 551/1166/1443 496/1167/1444 552/1168/1445
f 611/1169/1446 608/1170/1447 610/1171/1448
f 532/1172/1449 536/1173/1450 236/1174/1451
f 627/1175/1452 624/1176/1453 625/1177/1454
f 254/1178/1455 292/1179/1456 291/1180/1457
f 310/829/1458 270/828/1459 271/1181/1460
f 284/1182/1461 410/1093/1462 411/1183/1463
f 535/1184/1464 354/1185/1465 533/1186/1466
f 485/1187/1467 343/1188/1468 324/1189/1469
f 447/1190/1470 444/1191/1471 443/1192/1472
f 556/1193/1473 559/1194/1474 558/1195/1475
f 593/1196/1476 595/1197/1477 594/1198/1478
f 600/1199/1479 602/1200/1480 601/1201/1481
f 307/1202/1482 263/942/1483 308/1203/1484
f 417/1078/1485 326/981/1486 325/1204/1487
f 315/1205/1488 539/1206/1489 316/1207/1490
f 371/1208/1491 447/1190/1492 372/1209/1493
f 413/1210/1494 397/1211/1495 396/1003/1496
f 545/1212/1497 614/1213/1498 615/1214/1499
f 385/1215/1500 401/1216/1501 400/1217/1502
f 355/1218/1503 266/1219/1504 356/1220/1505
f 486/1029/1506 467/1221/1507 466/1222/1508
f 499/1223/1509 500/1224/1510 57/1225/1511
f 368/1226/1512 349/994/1513 348/1227/1514
f 474/1228/1515 238/1229/1516 475/692/1517
f 404/1230/1518 268/1231/1519 267/945/1520
f 563/1232/1521 209/1233/1522 577/1234/1523
f 334/1235/1524 335/1081/1525 333/1236/1526
f 594/1198/1527 596/1237/1528 593/1196/1529
f 612/1088/1530 499/1238/1531 57/1225/1532
f 452/1239/1533 384/1240/1534 383/1241/1535
f 347/4/1536 132/668/1537 135/5/1538
f 80/562/1539 79/1242/1540 360/1243/1541
f 79/1242/1542 338/1244/1543 337/1245/1544
f 360/1243/1545 79/1242/1546 337/1245/1547
f 90/9/1548 387/1246/1548 558/7/1548
f 244/455/1549 411/1247/1550 242/615/1551
f 448/10/1552 62/131/1553 54/11/1554
f 461/1248/1555 131/823/1555 221/1249/1555
f 154/1250/1556 150/1251/1557 68/18/1558
f 150/1251/1559 375/16/1560 68/18/1561
f 336/19/1562 338/1252/1563 109/20/1564
f 362/22/1565 335/1253/1566 334/23/1567
f 591/28/1568 592/1254/1568 220/29/1568
f 473/565/1569 259/812/1570 476/1087/1571
f 183/1255/1572 409/34/1573 285/36/1574
f 33/409/1575 32/38/1576 9/37/1577
f 32/38/1578 374/1256/1579 373/39/1580
f 529/1257/1581 541/644/1581 318/1258/1581
f 180/152/1582 15/151/1582 525/770/1582
f 200/46/1583 552/1259/1584 193/47/1585
f 61/49/1586 114/229/1587 116/50/1588
f 180/779/1589 493/1260/1590 532/53/1591
f 493/1260/1592 492/54/1592 532/53/1593
f 492/54/1594 22/1261/1595 531/52/1596
f 93/606/1597 97/56/1598 422/55/1599
f 97/56/1600 96/806/1601 423/57/1602
f 266/58/1603 169/525/1604 176/59/1605
f 244/455/1606 286/454/1607 411/632/1608
f 402/190/1609 2/506/1610 456/191/1609
f 375/1262/1611 150/1263/1612 380/1264/1613
f 150/1263/1614 507/1265/1615 380/1264/1616
f 202/330/1617 572/65/1618 546/64/1619
f 363/67/1620 55/509/1621 333/68/1622
f 30/73/1623 126/835/1624 465/74/1625
f 280/78/1626 282/1266/1627 323/76/1628
f 529/919/1629 280/78/1630 175/77/1631
f 282/1266/1632 321/1267/1633 323/76/1634
f 145/79/1635 230/1268/1636 616/80/1637
f 594/82/1638 591/28/1639 221/30/1640
f 39/89/1641 103/653/1642 366/87/1643
f 103/653/1644 348/652/1645 350/1269/1646
f 366/87/1647 103/653/1648 350/1269/1649
f 424/93/1650 426/1270/1651 94/94/1652
f 341/1271/1653 64/347/1653 66/583/1653
f 331/1272/1654 381/1273/1655 394/1274/1656
f 381/1273/1657 395/1275/1658 394/1274/1659
f 137/105/1660 345/1276/1661 344/103/1662
f 452/110/1663 120/145/1664 80/111/1665
f 86/599/1666 314/1277/1667 82/625/1668
f 59/378/1669 115/117/1670 445/116/1671
f 115/117/1672 161/1278/1673 446/118/1674
f 163/639/1675 228/122/1676 501/121/1677
f 228/122/1678 61/49/1679 502/123/1680
f 469/527/1681 463/124/1682 470/126/1683
f 341/139/1684 342/1279/1685 10/140/1686
f 451/142/1687 454/1280/1688 78/143/1689
f 554/1281/1690 619/918/1691 621/917/1692
f 389/150/1693 388/1282/1693 15/151/1693
f 185/155/1694 165/1283/1695 517/153/1696
f 404/788/1697 84/157/1698 405/156/1699
f 84/157/1700 291/1284/1701 1/158/1702
f 188/296/1703 431/1285/1704 86/294/1705
f 431/1285/1706 311/1286/1707 86/294/1708
f 332/162/1709 45/1287/1710 87/163/1711
f 187/166/1712 42/666/1713 273/167/1714
f 215/168/1715 216/608/1716 589/169/1717
f 83/474/1718 23/175/1719 85/174/1720
f 23/175/1721 289/1288/1722 288/176/1723
f 11/180/1724 189/434/1725 544/181/1726
f 500/1289/1727 60/51/1728 57/119/1729
f 455/192/1730 112/1290/1731 402/190/1732
f 126/835/1733 33/462/1734 465/74/1735
f 331/430/1736 415/1291/1737 329/194/1738
f 415/1291/1739 456/193/1740 329/194/1741
f 110/197/1742 450/595/1743 257/195/1744
f 450/595/1745 56/557/1746 257/195/1747
f 341/1292/1748 66/1293/1749 342/1294/1750
f 66/1293/1751 65/1295/1752 342/1294/1753
f 468/1296/1754 197/403/1755 47/402/1756
f 162/203/1757 114/229/1758 156/204/1759
f 248/1297/1760 125/1298/1761 130/1299/1762
f 320/1300/1763 321/1301/1764 263/1302/1765
f 321/1301/1766 282/1303/1767 281/1304/1768
f 263/1302/1769 321/1301/1770 281/1304/1771
f 346/206/1772 345/1305/1772 137/207/1772
f 487/209/1773 479/1306/1773 471/210/1773
f 475/214/1774 483/1307/1774 136/212/1774
f 482/1308/1775 484/216/1776 483/215/1777
f 132/668/1778 138/710/1778 486/718/1778
f 349/220/1779 55/1309/1780 363/218/1781
f 363/218/1782 366/1310/1782 350/219/1782
f 260/226/1783 29/410/1784 128/224/1785
f 128/224/1786 124/703/1787 259/225/1788
f 68/99/1789 7/90/1790 376/227/1791
f 7/90/1792 67/587/1793 377/228/1794
f 496/231/1795 43/1311/1796 193/232/1797
f 551/234/1798 612/1312/1799 57/119/1800
f 572/65/1801 202/330/1802 201/241/1803
f 48/243/1804 176/59/1805 49/244/1806
f 494/252/1807 191/1313/1808 31/250/1809
f 191/1313/1810 28/426/1811 31/250/1812
f 235/356/1813 224/494/1814 567/1314/1815
f 555/1315/1816 141/1316/1817 553/255/1816
f 141/1316/1818 550/253/1819 553/255/1820
f 296/256/1821 295/369/1821 251/257/1821
f 72/260/1822 14/475/1823 34/261/1824
f 511/265/1825 512/767/1826 522/263/1827
f 390/272/1828 628/1317/1829 236/273/1830
f 141/275/1831 305/416/1832 526/276/1833
f 108/125/1834 246/769/1835 524/278/1836
f 87/280/1837 45/1318/1838 436/281/1839
f 52/284/1840 88/164/1841 87/163/1842
f 278/1319/1843 304/1320/1844 279/287/1845
f 304/1320/1846 173/285/1847 279/287/1848
f 403/292/1849 88/164/1850 52/284/1851
f 82/302/1852 314/1321/1853 313/300/1854
f 313/300/1855 17/1322/1856 35/301/1857
f 141/310/1858 555/1323/1859 548/1324/1860
f 548/1324/1861 305/1325/1862 141/310/1863
f 419/306/1864 385/1326/1865 400/307/1866
f 229/761/1867 550/309/1868 22/311/1869
f 140/327/1870 495/251/1871 6/312/1872
f 123/313/1873 129/1327/1874 298/314/1875
f 300/316/1876 530/1328/1877 168/317/1878
f 614/1329/1879 572/1330/1880 190/851/1881
f 572/1330/1882 574/1331/1883 190/851/1884
f 210/483/1885 566/482/1886 231/323/1887
f 566/482/1888 565/332/1889 231/323/1890
f 234/335/1891 620/1332/1892 582/333/1893
f 13/1333/1894 440/1334/1895 397/336/1896
f 440/1334/1897 439/789/1898 397/336/1899
f 439/789/1900 457/282/1901 397/336/1902
f 40/1335/1903 216/1336/1904 598/822/1905
f 216/1336/1906 599/1337/1907 598/822/1908
f 223/31/1909 220/1338/1909 592/338/1909
f 462/1339/1910 223/31/1911 458/346/1912
f 277/1340/1913 85/161/1913 303/1341/1914
f 303/1341/1915 278/1319/1916 277/1340/1917
f 431/1040/1918 510/1039/1918 432/1342/1918
f 170/439/1919 527/351/1920 6/312/1921
f 625/353/1922 624/1343/1923 234/335/1924
f 531/360/1925 22/1344/1926 141/361/1927
f 542/365/1928 316/1345/1929 539/363/1930
f 539/363/1931 21/645/1932 543/364/1933
f 252/371/1934 251/257/1934 295/369/1934
f 601/372/1935 586/490/1936 9/373/1937
f 59/378/1938 58/1346/1939 164/379/1940
f 332/377/1941 292/1347/1942 358/1348/1943
f 537/384/1944 168/317/1945 5/385/1946
f 347/387/1947 346/1349/1947 138/388/1947
f 105/502/1948 111/400/1949 241/399/1950
f 111/400/1951 262/1350/1952 240/398/1953
f 262/1350/1954 261/833/1955 240/398/1956
f 21/1351/1957 309/1352/1957 319/408/1957
f 309/1352/1958 308/406/1958 319/408/1958
f 33/409/1959 126/1353/1960 128/224/1961
f 24/411/1962 35/1354/1963 254/412/1964
f 135/5/1965 438/1355/1966 123/415/1967
f 438/1355/1968 437/386/1969 123/415/1970
f 624/1356/1971 627/355/1972 564/1357/1973
f 627/355/1974 199/354/1975 564/1357/1976
f 527/351/1977 526/417/1978 306/352/1979
f 40/418/1980 590/854/1980 589/419/1980
f 217/421/1981 222/910/1982 12/422/1983
f 214/423/1984 591/1358/1985 594/424/1986
f 168/1359/1987 530/1360/1988 5/427/1989
f 530/1361/1990 301/1362/1991 171/1363/1992 31/1364/1993
f 236/1365/1994 527/1366/1995 271/1181/1996
f 330/428/1997 326/1367/1998 416/429/1999
f 326/1367/2000 418/1368/2001 416/429/2002
f 416/429/2003 415/1291/2004 331/430/2005
f 233/1369/2006 232/187/2007 610/432/2008
f 232/187/2009 225/305/2010 610/432/2011
f 365/88/2012 364/1370/2013 37/433/2014
f 133/1371/2015 110/860/2016 48/437/2017
f 110/860/2018 469/435/2019 48/437/2020
f 14/1372/2021 310/438/2022 170/439/2023
f 622/1373/2024 560/328/2025 547/440/2026
f 301/1362/2027 16/922/2028 171/903/2029
f 170/1374/2030 6/1375/2031 31/1364/2032
f 131/450/2033 264/1376/2034 307/451/2035
f 150/1377/2036 151/746/2037 507/1378/2038
f 151/746/2039 156/750/2040 507/1378/2041
f 243/846/2042 421/873/2043 244/455/2044
f 421/873/2045 433/453/2046 244/455/2047
f 222/456/2048 605/1379/2049 379/457/2050
f 117/459/2051 70/1380/2052 69/460/2053
f 45/376/2054 357/375/2055 436/1381/2056
f 357/375/2057 441/884/2058 436/1381/2059
f 33/409/2060 9/37/2061 465/97/2062
f 9/37/2063 125/98/2064 465/97/2065
f 529/1382/2066 318/1100/2067 280/1383/2068
f 628/1317/2069 629/465/2070 236/273/2071
f 395/468/2072 122/461/2073 119/469/2074
f 83/474/2075 24/2/2076 84/1/2077
f 72/260/2078 77/476/2079 14/475/2080
f 25/91/2081 7/90/2082 32/38/2083
f 579/481/2084 211/1384/2085 624/479/2086
f 211/1384/2087 623/1385/2088 624/479/2089
f 235/356/2090 567/1314/2091 199/354/2092
f 567/1314/2093 566/482/2094 199/354/2095
f 104/484/2096 523/269/2097 183/271/2098
f 496/487/2099 498/391/2099 143/390/2099
f 601/491/2100 213/1386/2101 587/489/2102
f 209/593/2103 208/1387/2104 577/1388/2105
f 208/1387/2106 576/1389/2107 577/1388/2108
f 576/1389/2109 575/1390/2110 577/1388/2111
f 343/501/2112 347/1391/2113 111/400/2114
f 459/1392/2115 342/1393/2116 134/202/2117
f 608/492/2118 224/494/2119 627/355/2120
f 224/494/2121 235/356/2122 627/355/2123
f 253/1394/2124 255/1395/2124 302/1396/2124
f 157/513/2125 149/1397/2126 64/514/2127
f 204/1398/2128 207/1399/2129 579/481/2130
f 207/1399/2131 211/1384/2132 579/481/2133
f 418/1400/2134 399/517/2135 355/516/2136
f 205/519/2137 198/530/2138 192/520/2139
f 617/522/2140 227/1401/2141 139/523/2142
f 416/429/2143 418/1402/2144 354/1403/2145
f 418/1402/2146 355/1404/2147 354/1403/2148
f 355/1404/2149 356/60/2150 354/1403/2151
f 464/526/2152 463/124/2153 469/527/2154
f 569/529/2155 206/760/2156 198/530/2157
f 184/531/2158 517/1405/2159 516/532/2160
f 181/290/2161 275/685/2161 274/534/2161
f 107/535/2162 54/551/2163 324/536/2164
f 89/540/2165 72/1406/2166 76/541/2167
f 63/136/2168 148/138/2169 449/445/2170
f 148/138/2171 147/556/2172 449/445/2173
f 312/545/2174 37/71/2175 17/543/2176
f 180/548/2177 245/1407/2177 489/546/2177
f 245/1407/2178 246/1408/2179 489/546/2180
f 119/469/2181 195/659/2182 74/442/2183
f 399/1409/2184 410/1410/2185 265/1411/2186
f 410/1410/2187 283/1412/2188 265/1411/2189
f 164/790/2190 509/554/2191 143/555/2192
f 147/556/2193 145/1413/2194 56/557/2195
f 213/558/2196 601/1414/2197 602/559/2198
f 334/561/2199 333/68/2199 78/414/2199
f 472/563/2200 475/692/2201 260/564/2202
f 475/692/2203 238/1229/2204 260/564/2205
f 260/564/2206 259/812/2207 473/565/2208
f 368/1415/2209 102/568/2210 369/567/2211
f 102/568/2212 101/1416/2213 327/566/2214
f 101/1416/2215 328/1417/2216 327/566/2217
f 97/56/2218 427/775/2219 104/574/2220
f 427/775/2221 426/572/2222 104/574/2223
f 215/168/2224 585/170/2225 587/575/2225
f 139/523/2226 258/1418/2227 257/195/2228
f 443/576/2229 160/673/2230 372/577/2231
f 507/1419/2232 505/1420/2233 378/1421/2234
f 77/582/2235 92/1422/2236 556/580/2237
f 92/1422/2238 557/1423/2239 556/580/2240
f 219/766/2241 218/560/2242 606/590/2243
f 218/560/2244 602/559/2245 606/590/2246
f 602/559/2247 603/588/2248 606/590/2249
f 79/1424/2250 118/1425/2251 338/1244/2252
f 118/1425/2253 109/1426/2254 338/1244/2255
f 8/308/2256 73/1427/2257 420/591/2258
f 548/1428/2259 554/1281/2260 621/917/2261
f 210/483/2262 231/323/2263 228/122/2264
f 453/596/2265 80/1429/2265 78/148/2265
f 168/317/2266 537/384/2267 538/601/2268
f 538/601/2269 439/1430/2270 13/318/2271
f 439/1430/2272 440/1431/2273 13/318/2274
f 2/1432/2275 106/84/2276 456/193/2277
f 67/602/2278 53/1433/2279 54/603/2280
f 422/55/2281 429/1434/2282 99/605/2283
f 216/608/2284 215/168/2285 596/584/2286
f 596/584/2287 215/168/2288 595/585/2289
f 264/1376/2290 131/450/2290 320/477/2290
f 144/611/2291 146/239/2292 114/229/2293
f 421/539/2294 325/1435/2295 428/1436/2296
f 325/1435/2297 328/612/2298 429/614/2299
f 428/1436/2300 325/1435/2301 429/614/2302
f 81/149/2303 393/470/2304 121/147/2305
f 120/618/2306 452/1437/2307 383/619/2308
f 542/365/2309 528/1438/2310 19/621/2311
f 74/442/2312 195/659/2313 92/443/2314
f 27/405/2315 124/703/2316 128/224/2317
f 76/541/2318 386/1144/2319 420/1143/2320
f 556/1439/2321 391/1440/2322 75/1441/2323
f 391/1440/2324 390/1442/2325 75/1441/2326
f 408/631/2327 411/632/2328 286/454/2329
f 221/40/2330 598/1443/2331 597/1444/2332
f 411/632/2333 408/631/2334 407/633/2335
f 413/635/2336 26/1445/2337 400/636/2338
f 26/1445/2339 8/1446/2340 400/636/2341
f 400/636/2342 401/681/2343 414/637/2344
f 176/59/2345 48/243/2346 534/1447/2347
f 534/1447/2348 533/638/2349 176/59/2350
f 212/592/2351 228/122/2352 163/639/2353
f 370/640/2354 152/754/2354 155/641/2354
f 318/1258/2355 541/644/2355 319/643/2355
f 541/644/2356 543/364/2356 21/645/2356
f 102/657/2357 99/605/2358 101/1448/2359
f 99/605/2360 429/1434/2361 101/1448/2362
f 73/646/2363 8/1449/2364 109/647/2365
f 102/568/2366 368/1415/2367 348/652/2368
f 156/204/2369 153/245/2370 507/656/2371
f 153/245/2372 506/654/2373 507/656/2374
f 95/173/2375 99/605/2376 102/657/2377
f 119/469/2378 122/461/2379 69/460/2380
f 192/1450/2381 198/848/2382 546/64/2383
f 198/848/2384 202/330/2385 546/64/2386
f 285/660/2387 435/1451/2388 434/661/2389
f 365/88/2390 189/1452/2391 39/89/2392
f 92/1453/2393 77/476/2394 72/260/2395
f 204/1454/2396 203/662/2397 201/241/2398
f 336/1455/2399 332/1456/2400 358/1457/2401
f 42/666/2402 175/77/2403 274/667/2404
f 175/77/2405 172/1458/2406 274/667/2407
f 116/50/2408 159/674/2409 113/120/2410
f 249/1459/2411 309/970/2411 21/840/2411
f 533/638/2412 354/1403/2413 356/60/2414
f 132/668/2415 486/718/2416 466/669/2417
f 5/385/2418 28/928/2419 129/671/2420
f 241/675/2421 293/1460/2422 107/676/2423
f 460/478/2424 131/450/2425 461/1461/2426
f 300/1462/2427 13/1463/2428 301/682/2429
f 13/1463/2430 412/683/2431 301/682/2432
f 412/683/2433 414/1464/2434 401/681/2435
f 174/26/2436 167/404/2437 27/405/2438
f 181/290/2439 266/58/2440 272/684/2441
f 266/58/2442 265/1411/2443 283/1412/2444
f 272/684/2445 266/58/2446 284/1465/2447
f 283/1412/2448 284/1465/2449 266/58/2450
f 455/687/2451 416/429/2452 353/579/2453
f 416/429/2454 354/1403/2455 353/579/2456
f 236/273/2457 271/1466/2458 75/581/2459
f 271/1466/2460 270/688/2461 75/581/2462
f 122/461/2463 395/468/2464 117/459/2465
f 382/689/2466 395/468/2467 381/1467/2468
f 269/691/2469 167/404/2470 174/26/2471
f 174/26/2472 23/787/2473 267/690/2474
f 378/1421/2475 604/589/2476 380/1264/2477
f 380/1264/2478 604/589/2479 603/588/2480
f 419/1468/2481 420/1143/2482 385/1142/2483
f 26/697/2484 413/1469/2485 396/698/2486
f 18/700/2487 322/1470/2488 320/701/2489
f 180/1471/2490 392/1472/2490 389/1055/2491
f 607/1473/2492 224/1474/2493 227/357/2494
f 224/1474/2495 609/358/2496 227/357/2497
f 309/704/2498 249/1475/2499 248/1476/2500
f 248/1476/2501 130/705/2502 309/704/2503
f 130/705/2504 127/452/2505 307/451/2506
f 230/706/2507 145/1477/2508 144/707/2509
f 138/710/2510 137/720/2510 481/711/2510
f 478/714/2511 477/721/2512 488/715/2513
f 488/715/2514 471/1478/2514 476/713/2514
f 471/1478/2515 473/1479/2515 476/713/2515
f 486/718/2516 138/710/2516 479/716/2516
f 138/710/2517 480/712/2517 479/716/2517
f 137/720/2518 485/1480/2519 482/719/2518
f 485/1480/2520 484/1481/2521 482/719/2522
f 140/327/2523 6/312/2524 306/352/2525
f 197/403/2526 468/1296/2527 124/703/2528
f 468/1296/2529 467/722/2530 124/703/2531
f 229/189/2532 22/1261/2533 492/54/2534
f 136/217/2535 484/216/2536 324/723/2537
f 163/724/2538 501/1482/2539 499/725/2540
f 466/669/2541 468/1483/2542 47/729/2543
f 580/731/2544 207/1399/2545 206/732/2546
f 351/734/2547 352/1484/2547 177/735/2547
f 59/392/2548 498/391/2549 497/737/2550
f 121/147/2551 74/442/2552 384/441/2553
f 117/86/2554 382/1485/2554 381/739/2554
f 559/8/2555 69/460/2556 70/1380/2557
f 70/1380/2558 90/9/2559 559/8/2560
f 208/743/2561 209/1486/2562 163/724/2563
f 196/27/2564 20/319/2565 173/285/2566
f 504/745/2567 155/247/2568 151/746/2569
f 114/748/2570 146/1487/2571 153/749/2572
f 21/645/2573 36/321/2574 249/751/2575
f 36/321/2576 30/320/2577 247/752/2578
f 474/756/2579 136/217/2580 44/549/2581
f 207/758/2582 204/1488/2583 201/759/2584
f 521/765/2585 431/1489/2586 188/763/2587
f 217/421/2588 594/424/2589 595/585/2590
f 165/1283/2591 512/767/2592 517/153/2593
f 489/1490/2594 246/769/2595 463/124/2596
f 112/686/2597 179/279/2598 15/151/2599
f 179/279/2600 524/278/2601 525/770/2602
f 511/771/2603 520/909/2603 519/772/2603
f 427/775/2604 97/56/2605 93/606/2606
f 93/606/2607 94/172/2608 427/775/2609
f 185/776/2610 19/621/2611 42/666/2612
f 108/125/2613 535/503/2614 48/243/2615
f 535/503/2616 534/1447/2617 48/243/2618
f 389/1055/2619 392/1472/2620 558/1056/2621
f 392/1472/2622 391/1491/2622 558/1056/2623
f 391/1491/2624 556/1492/2625 558/1056/2626
f 296/256/2627 508/258/2628 293/783/2629
f 508/258/2630 509/554/2631 58/782/2632
f 58/782/2633 107/12/2634 293/783/2635
f 11/786/2636 430/1493/2637 432/784/2638
f 432/784/2639 511/1494/2640 100/785/2641
f 23/787/2642 84/157/2643 404/788/2644
f 47/791/2645 178/1495/2646 177/792/2647
f 177/735/2648 352/1484/2649 538/601/2650
f 352/1484/2651 439/1430/2652 538/601/2653
f 607/498/2654 616/1496/2655 230/794/2656
f 540/839/2657 182/795/2658 36/797/2659
f 180/1497/2660 532/1498/2661 629/1499/2662
f 95/173/2663 103/658/2664 39/304/2665
f 380/1264/2666 603/588/2667 375/1262/2668
f 603/588/2669 600/1500/2670 375/1262/2671
f 540/135/2672 276/134/2673 182/286/2674
f 276/134/2675 279/287/2676 182/286/2677
f 351/734/2678 178/736/2679 52/284/2680
f 523/269/2681 104/484/2682 100/798/2683
f 23/787/2684 174/26/2685 289/800/2686
f 82/625/2687 85/161/2688 86/599/2689
f 85/161/2690 277/1340/2691 276/600/2692
f 96/806/2693 97/56/2694 434/661/2695
f 97/56/2696 104/574/2697 434/661/2698
f 185/776/2699 184/531/2700 316/598/2701
f 73/1501/2702 71/1502/2703 91/542/2704
f 595/585/2705 218/560/2706 219/766/2707
f 26/1503/2708 442/21/2709 8/809/2710
f 88/164/2711 403/292/2712 405/810/2712
f 199/1504/2713 210/816/2714 564/815/2715
f 210/816/2716 212/1505/2717 562/817/2718
f 39/304/2719 189/651/2719 425/650/2719
f 425/650/2720 11/649/2721 100/573/2722
f 195/659/2723 69/460/2724 559/8/2725
f 192/1450/2726 546/64/2727 129/671/2728
f 546/64/2729 545/888/2730 298/819/2731
f 545/888/2732 299/887/2733 298/819/2734
f 43/1506/2735 190/1507/2736 193/47/2737
f 190/1507/2738 574/1331/2739 193/47/2740
f 233/1369/2741 584/334/2742 232/187/2743
f 598/822/2744 221/1249/2745 131/823/2746
f 175/1508/2747 323/1509/2748 172/827/2749
f 323/1509/2750 322/825/2751 172/827/2752
f 514/831/2753 166/858/2754 183/271/2755
f 623/1385/2756 211/1384/2757 560/328/2758
f 211/1384/2759 561/1510/2760 560/328/2761
f 560/328/2762 622/1373/2763 623/1385/2764
f 367/832/2765 394/1274/2766 51/100/2767
f 261/833/2768 297/1511/2769 294/834/2770
f 237/326/2771 128/1512/2772 126/835/2773
f 334/1513/2774 80/1514/2775 360/1515/2776
f 540/839/2777 36/797/2778 21/840/2779
f 325/845/2780 421/873/2781 243/846/2782
f 588/1516/2783 38/853/2784 586/1517/2785
f 154/1250/2786 376/1518/2787 504/1519/2788
f 376/1518/2789 503/1520/2789 504/1519/2789
f 231/323/2790 144/611/2791 61/49/2792
f 43/1521/2793 250/852/2794 190/851/2795
f 250/852/2796 252/1522/2797 615/850/2798
f 615/850/2799 614/1329/2800 190/851/2801
f 38/853/2802 588/1516/2803 590/854/2804
f 118/855/2805 79/146/2806 120/145/2807
f 514/831/2808 187/166/2809 186/165/2810
f 133/198/2811 49/244/2812 134/202/2813
f 65/1295/2814 450/859/2815 50/861/2816
f 40/418/2817 598/1443/2818 127/862/2819
f 167/864/2820 269/1523/2820 268/293/2820
f 317/407/2821 308/406/2822 263/868/2823
f 193/870/2824 574/1524/2824 573/871/2824
f 339/694/2825 359/695/2826 340/877/2827
f 359/695/2828 360/1243/2829 337/1525/2830
f 358/876/2831 359/695/2832 337/1525/2833
f 139/523/2834 227/1401/2835 490/880/2836
f 227/1401/2837 226/878/2838 490/880/2839
f 222/910/2840 217/421/2841 605/1526/2842
f 461/1527/2843 221/40/2843 462/1528/2843
f 189/434/2844 37/433/2845 312/881/2846
f 145/882/2847 147/240/2848 146/239/2849
f 90/397/2850 70/507/2851 2/506/2852
f 442/21/2853 26/1503/2854 3/883/2855
f 545/888/2856 615/370/2857 297/886/2858
f 615/370/2859 295/369/2860 294/1529/2861
f 297/886/2862 615/370/2863 294/1529/2864
f 398/1530/2865 441/889/2866 396/891/2867
f 394/1531/2868 367/1532/2869 331/893/2870
f 367/1532/2871 369/894/2872 331/893/2873
f 369/894/2874 327/1533/2875 330/892/2876
f 327/1533/2877 326/1534/2878 330/892/2879
f 211/895/2880 207/1535/2881 580/896/2882
f 56/557/2883 145/1413/2884 142/524/2885
f 145/1413/2886 618/898/2887 142/524/2888
f 446/118/2889 161/1278/2889 160/755/2889
f 200/900/2890 208/1387/2891 613/901/2892
f 60/51/2893 500/1289/2893 502/123/2893
f 165/184/2894 185/776/2895 187/166/2896
f 581/1536/2897 561/1510/2897 211/1384/2897
f 292/1347/2898 253/1537/2899 358/1348/2900
f 358/1348/2901 253/1537/2902 340/1538/2903
f 64/141/2904 149/1539/2905 63/1540/2906
f 222/910/2907 41/515/2908 64/514/2909
f 254/412/2910 35/1354/2911 17/543/2912
f 17/543/2913 255/1395/2914 254/412/2915
f 40/418/2916 130/863/2917 125/911/2918
f 16/1541/2919 301/912/2920 386/914/2921
f 71/620/2922 383/619/2923 91/916/2924
f 383/619/2925 384/441/2926 91/916/2927
f 31/1364/2928 28/1542/2929 530/1543/2930
f 619/918/2931 620/1332/2932 234/335/2933
f 234/335/2934 622/1373/2935 621/917/2936
f 19/621/2937 528/1438/2938 42/666/2939
f 528/1438/2940 529/919/2941 42/666/2942
f 386/920/2943 76/1544/2944 34/921/2945
f 159/674/2946 162/203/2947 151/205/2948
f 624/1545/2949 564/1357/2950 578/925/2951
f 564/1357/2952 563/923/2953 578/925/2954
f 233/1369/2955 610/432/2956 608/492/2957
f 191/927/2958 192/1450/2959 129/671/2960
f 148/238/2961 149/1546/2962 157/929/2963
f 111/6/2964 135/5/2965 262/931/2966
f 135/5/2967 123/415/2968 261/932/2969
f 94/94/2970 93/1547/2971 99/933/2972
f 506/654/2973 153/245/2974 158/246/2975
f 158/246/2976 157/929/2977 506/654/2978
f 242/1079/2979 243/1548/2980 244/1549/2981
f 249/1550/2982 247/1551/2983 248/1552/2984
f 275/950/2985 272/1553/2986 273/948/2987
f 272/1553/2988 186/1553/2989 273/948/2990
f 276/1554/2991 277/951/2992 279/953/2993
f 287/957/2994 288/1555/2995 289/958/2996
f 296/1556/2997 293/1557/2998 294/1558/2999
f 294/1558/3000 295/1559/3001 296/1556/3002
f 86/974/3003 311/1560/3004 312/972/3005
f 312/972/3006 313/972/3007 314/973/3008
f 326/981/3009 327/1561/3010 328/982/3011
f 361/987/3012 339/988/3013 340/988/3014
f 343/990/3015 344/1562/3016 345/991/3017
f 347/992/3018 345/991/3019 346/1563/3020
f 366/1564/3021 363/1083/3022 365/1565/3023
f 363/1083/3024 364/1566/3025 365/1565/3026
f 373/1567/3027 374/1568/3028 375/1569/3029
f 377/1111/3030 503/1112/3031 376/1570/3032
f 390/1571/3033 391/1572/3034 392/1134/3035
f 183/1010/3036 406/1573/3037 407/1574/3038
f 407/1574/3039 408/1008/3040 183/1010/3041
f 430/1119/3042 431/1575/3043 432/1576/3044
f 433/1577/3045 434/1578/3046 435/1116/3047
f 443/1017/3048 444/1018/3049 445/1018/3050
f 451/1020/3051 452/1579/3052 453/1021/3053
f 462/1580/3054 458/1580/3055 461/1581/3056
f 458/1580/3057 459/1392/3058 461/1581/3059
f 459/1392/3060 460/1582/3061 461/1581/3062
f 466/1583/3063 467/1221/3064 468/1584/3065
f 471/1585/3066 472/1586/3067 473/1587/3068
f 479/1026/3069 480/1588/3070 482/1027/3071
f 480/1588/3072 481/1589/3073 482/1027/3074
f 488/1031/3075 477/1023/3076 486/1029/3077
f 493/1590/3078 489/1591/3079 492/1034/3080
f 489/1591/3081 490/1032/3082 492/1034/3083
f 205/1592/3084 494/1593/3085 495/1145/3086
f 496/1594/3087 497/737/3088 498/391/3089
f 503/1595/3090 370/999/3091 504/1596/3092
f 515/1597/3093 516/1598/3094 517/153/3095
f 518/1041/3096 519/1599/3097 520/1042/3098
f 535/1184/3099 533/1600/3100 534/1601/3101
f 554/1046/3102 548/1602/3103 555/1047/3104
f 562/1603/3105 563/1604/3106 564/1605/3107
f 565/1606/3108 566/1606/3109 567/1607/3110
f 597/1063/3111 598/1608/3112 599/1064/3113
f 604/1066/3114 379/1609/3115 605/1067/3116
f 627/1175/3117 625/1610/3118 626/1611/3119
f 332/377/3120 291/867/3121 292/1347/3122
f 417/1078/3123 243/1612/3124 242/1079/3125
f 402/1613/3126 388/344/3127 387/1614/3128
f 612/1088/3129 551/1166/3130 552/1089/3131
f 422/1015/3132 421/1014/3133 428/1091/3134
f 410/1093/3135 399/1615/3136 242/1094/3137
f 600/1096/3138 601/1616/3139 373/1097/3140
f 281/1099/3141 280/1383/3142 318/1100/3143
f 424/1617/3144 425/1618/3145 426/1619/3146
f 362/1102/3147 360/1620/3148 359/1103/3149
f 248/1552/3150 247/1621/3151 465/1622/3152
f 463/1108/3153 464/1623/3154 490/1109/3155
f 377/1111/3156 371/1000/3157 370/999/3158
f 513/1624/3159 514/1625/3160 522/1626/3161
f 406/1113/3162 186/1627/3163 272/299/3164
f 585/1057/3165 589/1060/3166 588/1114/3167
f 286/1115/3168 433/1577/3169 435/1116/3170
f 544/1106/3171 311/1105/3172 431/1118/3173
f 394/1120/3174 395/1628/3175 393/1121/3176
f 381/1629/3177 331/1630/3178 329/1631/3179
f 459/1392/3180 458/1632/3181 342/1393/3182
f 471/210/3183 479/1306/3183 483/693/3183
f 568/1126/3184 581/1633/3185 580/1127/3186
f 607/1634/3187 565/1635/3188 567/1636/3189
f 619/1129/3190 554/1637/3191 553/1048/3190
f 508/1130/3192 251/937/3193 250/1131/3193
f 519/1638/3194 518/1639/3195 516/1640/3196
f 628/1133/3197 390/1571/3198 392/1134/3199
f 524/1136/3200 246/1641/3201 245/1137/3202
f 622/1139/3203 547/1152/3204 548/1140/3205
f 582/1642/3206 549/1643/3207 550/309/3208
f 569/1128/3209 205/1644/3210 495/1145/3211
f 300/1645/3212 301/1646/3213 530/425/3214
f 574/1146/3215 572/1647/3216 571/1147/3217
f 560/1049/3218 581/1051/3219 568/1126/3220
f 457/1149/3221 436/1648/3222 441/1150/3223
f 379/1609/3224 604/1649/3225 378/1650/3226
f 315/1205/3227 316/1207/3228 276/1554/3229
f 547/1152/3230 306/1651/3231 305/1153/3232
f 623/1652/3233 234/1075/3234 624/1176/3235
f 240/1154/3236 294/1653/3237 293/1155/3238
f 4/963/3239 361/987/3240 253/1157/3241
f 538/1158/3242 537/1654/3243 437/1159/3244
f 579/1161/3245 578/1655/3246 575/1162/3247
f 442/21/3248 441/884/3249 357/375/3250
f 617/1070/3251 616/1656/3252 607/1634/3253
f 528/1164/3254 542/1657/3255 541/1043/3256
f 551/1166/3257 497/1658/3258 496/1167/3259
f 611/1169/3260 609/1659/3261 608/1170/3262
f 532/1172/3263 531/1660/3264 536/1173/3265
f 254/1178/3266 253/940/3267 292/1179/3268
f 284/1182/3269 283/1661/3270 410/1093/3271
f 535/1184/3272 353/1662/3273 354/1185/3274
f 485/1187/3275 324/1663/3276 484/1664/3277
f 485/1187/3278 344/1665/3279 343/1188/3280
f 332/1666/3281 336/1667/3282 357/1668/3283
f 447/1190/3284 448/1669/3285 444/1191/3286
f 556/1193/3287 557/1670/3288 559/1194/3289
f 600/1199/3290 603/1671/3291 602/1200/3292
f 307/1202/3293 264/943/3294 263/942/3295
f 417/1078/3296 418/1672/3297 326/981/3298
f 315/1205/3299 540/1673/3300 539/1206/3301
f 371/1208/3302 448/1674/3303 447/1190/3304
f 413/1210/3305 412/1675/3306 397/1211/3307
f 456/511/3308 415/1676/3309 416/512/3310
f 545/1212/3311 546/1677/3312 614/1213/3313
f 261/1678/3314 298/1679/3315 297/1680/3316
f 385/1215/3317 386/1681/3318 401/1216/3319
f 322/1682/3320 321/1301/3321 320/1300/3322
f 355/1218/3323 265/1683/3324 266/1219/3325
f 505/1684/3326 379/1609/3327 378/1650/3328
f 486/1029/3329 477/1023/3330 467/1221/3331
f 499/1223/3332 501/1685/3333 500/1224/3334
f 368/1226/3335 367/996/3336 349/994/3337
f 474/1228/3338 239/609/3339 238/1229/3340
f 510/1686/3341 521/1687/3342 511/1688/3343
f 404/1230/3344 403/1005/3345 268/1231/3346
f 563/1232/3347 562/1689/3348 209/1233/3349
f 594/1198/3350 597/1690/3351 596/1237/3352
f 612/1088/3353 613/1691/3354 499/1238/3355
f 452/1239/3356 451/1692/3357 384/1240/3358
f 260/226/3359 238/1693/3360 29/410/3361
f 238/1693/3362 239/1694/3363 25/91/3364
f 29/410/3365 238/1693/3366 25/91/3367
f 227/348/3368 617/1695/3369 607/1696/3370
f 92/1453/3371 72/260/3372 89/915/3373 384/441/3374
f 165/184/3375 187/166/3376 513/185/3377
f 527/1697/3378 236/1698/3379 536/1699/3380 526/1700/3381
f 91/542/3382 76/541/3383 420/1143/3384 73/1501/3385
f 256/528/3386 258/1418/3387 139/523/3388 464/526/3388
f 583/1701/3389 584/1702/3390 582/1642/3391 550/309/3392
f 492/54/3393 491/1703/3394 226/1704/3395 229/189/3396
f 379/1705/3397 505/1706/3398 157/1707/3399 41/1708/3400
f 203/1709/3401 204/1710/3402 579/481/3403 576/1389/3404
f 576/1389/3405 208/1387/3406 200/900/3407 203/1709/3408
f 310/829/3409 271/1181/3410 527/1366/3411
f 255/1395/3412 17/543/3413 4/62/3414
f 625/353/3415 584/334/3416 233/1369/3417 608/492/3418
f 402/190/3419 112/1290/3420 15/151/3421 388/1282/3422
f 169/525/3423 18/289/3424 460/200/3425 134/202/3426
f 606/590/3427 605/1526/3428 217/421/3429 219/766/3430
f 438/1355/3431 46/670/3432 177/735/3433 538/601/3434
f 65/1295/3435 64/141/3436 63/136/3437 449/445/3438
f 113/120/3439 159/674/3440 161/1278/3441 115/117/3442
f 171/804/3443 14/803/3444 170/1374/3445 31/1364/3446
f 135/5/3447 132/668/3448 46/670/3449 438/1355/3450
f 288/176/3451 287/45/3452 304/288/3453 303/849/3454
f 59/392/3455 445/1711/3456 444/740/3457 58/742/3457
f 516/1640/3458 515/768/3459 512/767/3460 519/1638/3461
f 342/1294/3462 65/1295/3463 50/861/3464 134/1712/3465
f 507/1419/3466 378/1421/3467 380/1713/3468
f 607/1634/3469 567/1714/3470 224/1474/3471
