# Blender 5.2.0 LTS
# www.blender.org
o SM_VRKS_Straight_A
v -2.115547 0.075527 -0.811238
v -2.073097 5.340483 -0.831427
v -1.854803 5.018202 0.839716
v 2.136547 2.118918 -0.516264
v -2.499333 3.303068 -0.750437
v -0.287984 0.203069 1.215056
v -0.100606 5.335618 0.833905
v 0.238184 5.604896 -0.821242
v 1.716312 3.897985 0.957349
v -2.286260 4.535581 0.939535
v -2.336222 4.090019 -0.833497
v -0.363624 3.876628 1.024709
v 0.435088 0.098500 1.029699
v 1.565376 2.096272 -0.731415
v 1.330052 0.249524 -0.518737
v 1.484027 3.046312 -0.812546
v -2.743492 2.773170 -0.784550
v -0.521833 1.651724 0.933762
v 1.071936 1.153063 -0.899533
v -0.995458 5.127878 0.986740
v -1.049663 2.838355 0.921432
v -0.984744 1.719877 0.970410
v -1.792757 1.505066 -1.239163
v -0.692272 0.226427 -1.226187
v -1.600090 3.921191 -1.262740
v -1.976560 3.070739 -1.181954
v 0.226701 2.207902 -1.298858
v 0.709856 0.964696 -1.296737
v 0.368020 0.075724 -1.176493
v -0.586763 3.765805 -1.240675
v 1.092339 1.073243 -1.082402
v -0.043568 3.580612 -1.220000
v 0.500068 2.142906 -1.124106
v -0.795534 0.101536 -1.065261
v -0.137342 0.704804 1.293761
v -1.884766 4.107118 -1.210841
v -2.191382 3.365974 -0.913994
v 1.875681 4.457639 -0.485609
v -0.187962 4.725703 0.890539
v 0.751299 4.831184 0.972262
v 1.531729 4.258155 -0.507524
v -1.015897 4.616006 1.153437
v -2.256034 3.608608 -0.744650
v 1.541579 2.524579 -0.742854
v 1.394737 3.057199 0.960001
v -1.126284 3.671132 1.276760
v -1.638846 3.530056 -1.167919
v 0.040022 2.816003 -1.289207
v -1.818740 3.636012 -0.958851
v 0.297033 2.794943 -1.135333
v -2.321546 2.817199 -0.742571
v -0.468345 1.864899 1.019287
v -1.025544 2.150426 0.860151
v -1.799060 2.446852 -1.203398
v 0.421068 1.466563 -1.329147
v 0.751900 1.540182 -1.155596
v -2.737172 2.229165 -0.446066
v 1.104051 0.655540 -0.763031
v 1.411650 0.742864 -0.729263
v 2.271788 0.723048 -0.527246
v -1.665786 0.853517 -1.240979
v 0.551982 0.528231 -1.227531
v -0.665727 0.615155 -1.285925
v 0.920579 0.558990 -0.999210
v 1.922037 5.136493 -0.014800
v -2.620424 4.407848 0.429144
v -2.640478 3.753469 -0.432707
v 0.610828 0.147524 0.234036
v 1.148842 0.121125 -0.376204
v 0.973975 5.896461 0.390271
v 2.417167 1.253163 -0.642336
v -2.575757 1.385294 0.392552
v -2.206258 1.438744 -0.137117
v -0.600247 5.635375 -0.453637
v -0.994175 0.175414 -0.171154
v 1.871876 4.526359 0.318242
v -2.542052 4.545530 -0.307410
v -2.643728 3.674955 0.193212
v 2.233029 1.694106 -0.665706
v -2.409259 2.250411 -0.368569
v 1.900753 0.021862 1.121500
v 2.898357 3.075713 1.160561
v 2.310005 4.549534 0.989121
v 2.913778 3.690800 0.628668
v 2.899787 1.548025 1.057618
v 2.444797 4.436987 0.598312
v 3.015155 0.076984 0.244934
v 2.656102 2.305319 -0.082926
v 2.835424 3.522511 0.049866
v 2.452369 4.139994 0.156959
v -3.408241 0.678769 1.213384
v -3.487836 0.081207 1.178556
v -3.279960 3.785014 1.089508
v -3.090063 3.063730 1.039649
v -1.379958 2.864373 1.125022
v -3.313798 4.352805 1.060524
v -3.531108 1.435438 1.290067
v -1.618694 0.030518 1.295674
v -0.986528 0.739871 1.362010
v -1.320756 2.130803 1.132605
v -3.063236 2.546302 -0.037510
v -3.356205 4.250296 0.550813
v -3.469397 1.419389 0.486738
v -3.147002 3.475909 0.220247
v -2.956668 1.972973 0.118515
v -1.443163 5.039769 0.972280
v -1.679974 4.306683 1.211676
v -1.012756 3.837655 -1.240776
v -1.396587 0.046277 -1.113864
v -1.294912 4.064556 -1.247789
v -1.174024 3.455297 -1.177108
v -1.312572 2.438909 -1.201213
v -1.384497 5.479413 0.171234
v -1.262018 5.504776 -0.423555
v -1.788745 0.163315 0.218200
v -1.612702 0.151050 -0.169542
v -2.302274 2.965396 1.048509
v -2.347766 4.308357 1.280851
v -2.323772 3.653302 1.270999
v -1.995488 0.755611 1.374902
v -3.574942 0.162745 -0.893984
v -2.894552 2.654255 -0.865345
v -3.545784 1.383607 -0.885331
v -3.179533 0.128528 -1.154695
v -3.076027 1.417956 -1.166919
v -2.668427 2.519715 -1.036775
v -3.352651 0.722981 -0.198689
v -2.447383 2.568762 -1.203855
v -2.750732 0.165946 -0.082238
v -2.853006 0.765366 -0.062406
v -2.737823 1.403971 -0.011882
v 1.566958 5.545086 0.620689
v -2.720500 0.147208 0.844261
v 1.729131 4.726279 0.719225
v -1.904349 5.121511 0.526508
v 0.096686 5.685486 0.468546
v -0.234356 0.152552 0.666998
v -2.444473 4.456236 0.713620
v -1.247104 0.056077 0.794276
v 3.127842 2.467104 1.111371
v 3.103310 3.739538 1.127875
v 3.136972 1.553353 0.991862
v -3.528830 0.165485 0.714163
v -3.518408 4.359137 0.858478
v -3.743249 1.452681 0.950064
v -3.454529 2.229028 0.778798
v -3.671710 0.692951 0.771366
v -1.971916 0.086012 0.705398
v -1.357645 5.363626 0.523744
v 0.845524 0.201292 -0.640187
v 0.266819 4.026728 0.985666
v 0.680268 5.431676 -0.818338
v 1.126665 2.179775 -0.800127
v 0.864244 3.395966 -0.917521
v 0.825494 4.175961 -0.766933
v 1.117825 2.656147 -0.888019
v 1.747198 5.744136 -0.234217
v 0.471964 3.394153 0.950217
v 0.091528 3.099096 1.172626
v 1.397543 2.588838 1.146291
v 1.859170 3.911815 1.300164
v 1.537438 2.954622 1.250015
v 2.107092 1.887490 1.348145
v 1.888131 1.399357 1.297519
v -0.506265 1.708327 1.252721
v -0.497961 1.298040 1.221154
v 2.687355 1.421696 1.312486
v 1.895146 0.722809 1.349256
v 2.604270 1.833129 1.322821
v 1.766094 0.000000 1.397474
v 2.560898 0.679098 1.364344
v 3.638272 1.350287 0.883446
v 3.478256 0.091759 1.060609
v 3.579975 0.081019 0.350012
v 3.016340 0.124099 -0.393382
v 3.308766 3.478460 0.125839
v 3.464571 3.671319 0.644931
v 3.272520 1.231429 -0.422581
v 3.740191 1.247791 0.330292
v 3.545685 3.007129 0.671102
v 3.743249 1.807504 0.485263
v 3.245595 0.686218 -0.433574
v 3.477677 2.388603 0.987644
v 3.423867 3.738916 1.016159
v 3.576246 2.995117 1.001501
v 3.613370 1.833285 0.963222
v 0.489003 2.518604 1.271357
v 0.624741 3.241022 1.154559
v 0.090934 1.739973 1.255590
v 0.012291 1.228685 1.262361
v 1.239755 1.887585 1.323927
v 0.460133 0.742928 1.293077
v 1.720990 4.430759 1.220894
v -1.564623 2.339387 -1.320768
v -1.591747 1.494466 -1.339591
v -0.861736 1.356822 -1.414252
v -0.827848 0.619110 -1.425905
v -0.891199 0.202245 -1.372354
v -0.862379 2.103236 -1.378968
v -1.204627 2.276331 -1.340060
v -1.561615 0.845949 -1.373116
v -1.230171 0.172459 -1.396444
v -1.614586 0.150606 -1.407731
v 2.162305 0.148511 -0.454989
v 1.991680 5.153072 -0.345061
v 1.504717 5.337044 0.881830
v 1.669496 5.497840 0.834931
v 0.768377 2.263396 -0.882579
v 0.658710 2.139800 -0.913569
v -0.423078 2.463639 0.915711
v -0.185508 2.651715 0.997495
v 2.077296 3.416249 -0.233018
v 2.002784 3.571961 -0.290516
v 0.067345 3.763873 -1.073939
v 0.170532 3.585371 -1.033534
v 0.038809 3.614809 -1.078777
v 1.151779 5.407100 -0.671081
v 0.986236 5.194040 -0.727605
v 0.767429 5.364995 0.901769
v 0.831855 5.575027 0.872473
v 0.479446 5.438645 0.838062
v 1.357775 3.838278 0.964566
v 1.214804 3.732431 0.976812
v 1.444907 1.192756 -0.812078
v 1.734979 1.156712 -0.784087
v -0.676796 0.030195 -0.692404
v -1.466778 0.052700 -0.750888
v -0.841549 5.458066 -0.814628
v -0.721306 5.524364 -0.783117
v -0.436131 3.946735 -1.073034
v -0.597250 4.036730 -1.124700
v -0.939582 2.755362 -1.189300
v -0.811230 2.942562 -1.223436
v -0.728183 2.803264 -1.217964
v -0.210706 3.572167 -1.279432
v -0.021763 3.397302 -1.290330
v -0.638021 1.265170 -1.319445
v -0.491978 1.296772 -1.306923
v -0.610640 1.135898 -1.294544
v 0.579092 0.121689 -0.908148
v 0.571054 0.116207 -1.014776
v -1.711430 0.138743 -1.258407
v -1.874407 0.141606 -1.257610
v -1.722889 0.267053 -1.277378
v -0.537238 3.965221 -1.203778
v -0.460083 3.895077 -1.232432
v -0.507324 3.807992 -1.222067
v -0.664230 3.934619 -1.237790
v -2.215066 4.884741 -0.894814
v -2.072228 4.716164 -0.943887
v -2.254374 4.808955 -0.786470
v -0.689497 4.635310 -0.972241
v -0.737099 4.611172 -1.060655
v -0.873138 4.739727 -1.010702
v -0.828569 4.827591 -0.976051
v -0.771335 4.802832 -1.008848
v -0.687128 4.291636 -1.157404
v -1.778216 4.530254 -1.088588
v -1.840345 4.417850 -1.145233
v -1.903224 4.456598 -1.089344
v -1.899291 4.601060 -1.086736
v 1.769603 4.722945 0.868485
v 1.614910 4.656984 0.955739
v 1.720102 4.624205 0.935779
v 1.836980 4.717025 0.975355
v -2.085053 4.734064 0.896505
v -2.115063 4.897323 0.859762
v -2.116426 4.829428 0.800443
v 0.209733 4.369758 -0.912818
v 0.389962 4.548120 -0.903082
v 0.463396 2.792749 -0.976383
v 0.450550 2.879544 -0.933285
v 0.608928 2.870941 -0.921675
v -0.003756 3.244477 1.095858
v 0.036192 3.344021 1.006174
v -0.225756 3.377306 1.063328
v 2.027152 2.497712 -0.455838
v 1.974576 2.644882 -0.539538
v -0.778395 3.266922 -1.227321
v -0.784659 3.411302 -1.203385
v 0.793824 1.691299 -0.915133
v 0.849170 1.627089 -0.982391
v 1.542262 1.388696 -0.813799
v 1.712864 1.630718 -0.830101
v -0.611461 2.184885 -1.272092
v -0.744529 2.092152 -1.286838
v -0.852420 2.163171 -1.235353
v 2.068858 2.479632 1.288567
v 2.160046 2.595785 1.272850
v 2.124069 3.175967 1.332135
v -2.266782 0.274503 -0.074124
v -2.228391 0.114090 -0.128932
v -2.234416 0.160157 0.202489
v -2.427918 0.152835 0.273358
v -2.421721 0.231681 0.233270
v -1.930895 5.236795 0.336295
v -2.180139 5.034226 -0.340021
v -2.498480 2.818950 -0.128480
v -2.632514 2.978411 -0.051872
v -2.513740 2.837494 -0.557529
v -2.552702 2.703776 -0.493194
v 0.238077 5.932892 0.132135
v 0.209160 5.979701 0.067951
v 0.219240 5.936635 -0.474724
v 0.038129 6.011540 -0.403298
v -0.112746 0.153171 0.182883
v 0.067951 0.098814 0.339988
v 0.402686 0.177807 -0.348283
v -0.883627 5.708736 0.136434
v -0.624030 5.769064 0.116615
v -0.771875 5.592645 0.050818
v -1.086407 0.101266 0.185793
v -1.189185 0.065253 0.322795
v -1.303174 0.149307 0.260739
v 1.961763 4.235991 -0.063197
v 1.827492 4.348140 -0.067050
v -2.333349 4.767248 0.307561
v -2.598108 3.491529 -0.613254
v -2.653069 3.113795 -0.491677
v -2.406426 2.146158 0.108616
v -2.302841 2.178372 0.006348
v -2.308861 2.079220 0.121124
v -2.642200 0.743242 0.381811
v -2.628481 0.657772 0.320679
v -2.278447 0.667127 -0.058752
v -2.295802 0.818565 -0.114208
v 2.415633 0.087528 1.130934
v 2.863703 2.567642 1.170353
v 2.884522 3.800673 1.111204
v 2.674035 4.054110 1.093817
v 2.634444 3.757709 1.180233
v 2.725002 3.687258 1.132608
v 3.084283 1.890276 1.014737
v 2.735517 1.872469 1.147539
v 2.921994 1.742794 1.112131
v 2.726808 0.058065 -0.362832
v 2.589826 0.091212 -0.268286
v 2.453932 0.051666 -0.367717
v 1.821447 0.087941 0.143648
v 1.437110 0.170159 0.046291
v 1.708995 0.049011 -0.420380
v 1.504836 0.102431 -0.429604
v 3.013864 1.178520 -0.455944
v 2.672843 1.258574 -0.480326
v 2.808899 1.306382 -0.380971
v 2.655737 2.765148 -0.000796
v 2.607368 2.921381 0.020947
v 2.740120 2.884701 -0.017519
v 2.758759 1.896444 -0.280800
v 2.697071 1.730220 -0.357736
v 2.874026 0.687357 -0.387188
v 2.564384 0.699889 -0.401272
v -3.069803 0.200087 0.279801
v -1.660257 4.216592 1.431256
v -1.240063 4.287746 1.392457
v -1.612964 4.328509 1.362059
v -3.359540 2.249907 1.213580
v -1.129153 1.589539 1.313819
v -1.121697 1.405889 1.368322
v -1.026044 1.501355 1.307799
v -1.535814 3.568574 1.400546
v -3.511931 0.648397 0.427670
v -3.390707 0.747196 0.354046
v -1.595237 0.017577 -0.844844
v -2.097256 0.094422 0.991581
v -1.991688 0.037267 0.977101
v -1.391198 5.435693 -0.807547
v -1.282309 0.152825 -1.245322
v -1.407867 2.848251 -1.221453
v -1.407277 3.126681 -1.209701
v -1.179749 4.530351 -1.146807
v -1.144554 4.430884 -1.178409
v -1.238100 4.812433 -0.938545
v -1.545650 4.573035 1.122583
v -2.224272 1.317303 1.383553
v -2.381670 1.455397 1.400967
v -2.481761 0.055298 1.253214
v -2.230350 0.027068 1.319656
v -2.341754 0.129422 1.336428
v -2.563286 0.069726 1.309955
v -2.392865 2.136914 1.250190
v -2.367758 2.261842 1.192415
v -3.698374 0.880267 -0.857392
v -3.654365 0.652412 -0.851829
v -3.580597 0.750595 -0.775148
v -3.210166 1.331695 -0.172060
v -3.170723 0.660335 -1.184334
v -3.114517 0.787567 -1.172298
v -3.069575 2.047098 -0.586411
v -2.903080 2.149650 -0.563183
v -3.279793 0.141973 -0.340988
v -3.097894 0.232910 -0.168968
v -2.383905 1.500293 -1.224246
v -2.375655 1.557515 -1.233088
v -2.907609 0.118989 -0.784921
v -2.402705 0.699438 -1.252056
v -2.638643 0.695744 -1.242069
v -2.666283 0.094252 -1.163882
v -2.374860 0.131174 -1.166476
v 0.775650 0.144900 0.751364
v -0.777180 5.421474 0.503479
v -0.824506 5.415391 0.538336
v 2.838198 4.120178 0.966455
v 2.311004 4.558392 0.793897
v 2.915203 0.094261 0.782744
v 1.586838 0.122959 0.742753
v 1.864333 0.079128 0.753372
v -3.428798 2.905686 0.603841
v -3.439278 2.999490 0.470885
v -3.390857 2.828471 0.479920
v -3.474586 3.731882 0.707002
v -3.409043 3.734843 0.563638
v 0.252912 5.581707 0.726534
v 0.239534 5.322913 0.865386
v 0.216352 0.129088 0.969552
v 1.225812 1.584287 -0.870329
v 1.279398 1.763767 -0.838748
v 1.488215 1.613457 -0.888079
v 0.774508 6.035669 0.155948
v 0.606464 6.023795 0.272106
v 0.591433 6.092934 -0.290581
v 0.754474 6.059573 -0.349397
v 0.680202 6.031747 -0.431980
v 0.350358 0.120963 0.173853
v 0.299348 0.082792 0.799909
v 0.204628 0.134353 0.697292
v 0.616176 5.884421 0.460306
v 0.491084 5.909780 0.383330
v 1.102636 5.832848 -0.425121
v 1.129791 5.757305 -0.580328
v 0.842312 5.596289 -0.686159
v 0.952817 5.739619 -0.619382
v 1.164012 5.985412 -0.200856
v 1.833038 5.551518 -0.023990
v 1.726243 5.734671 0.016834
v 1.701585 5.458436 0.326699
v 0.665351 6.091033 0.158004
v 0.980899 5.957803 0.259233
v 1.136535 6.019850 0.172007
v 1.016831 5.975413 0.122829
v -0.020480 2.624852 1.137322
v -0.064303 2.462245 1.169861
v 0.092898 2.541363 1.128338
v 0.331657 0.172454 1.267808
v 1.048411 0.145279 1.366938
v 0.911433 0.112754 1.258071
v 1.189316 0.042067 1.345272
v 1.318990 3.751654 1.277734
v 2.800973 3.062212 1.280444
v 2.687364 3.132365 1.294571
v 2.688237 2.561239 1.330634
v 2.844832 2.379877 1.255008
v 2.674560 3.780469 1.219317
v 2.586359 3.598719 1.291896
v 2.819180 0.037610 1.332519
v 2.636143 0.051824 1.380150
v 3.547603 0.599520 1.087722
v 3.020317 2.313756 -0.150718
v 3.146416 2.382346 -0.069540
v 3.586247 2.462630 0.601725
v 3.162438 2.876481 0.098304
v 3.114580 2.743299 -0.037867
v 3.163201 2.872118 -0.016285
v 3.283877 1.750853 -0.257110
v 3.089950 1.909231 -0.247151
v 3.595966 0.739301 0.303355
v 2.192844 4.401442 1.271373
v -0.799022 1.055809 -1.405382
v -0.723613 1.368528 -1.400670
v -1.270168 0.737916 -1.431256
v -1.183429 0.657870 -1.419081
vn 0.1044 0.1269 -0.9864
vn 0.1080 0.1587 -0.9814
vn 0.0743 0.1322 -0.9884
vn 0.0371 -0.3430 -0.9386
vn -0.1496 -0.0713 -0.9862
vn -0.1422 -0.3170 -0.9377
vn 0.3628 -0.3464 -0.8651
vn 0.3824 -0.3870 -0.8390
vn 0.5505 -0.3622 -0.7521
vn 0.2373 0.6120 -0.7544
vn -0.9586 0.0639 0.2776
vn -0.9794 0.1284 0.1561
vn -0.9597 0.0644 0.2735
vn 0.2659 -0.0729 -0.9612
vn 0.3271 -0.1226 -0.9370
vn 0.2506 -0.0729 -0.9653
vn 0.1024 -0.4630 -0.8804
vn 0.0213 -0.3385 -0.9407
vn 0.1022 -0.4566 -0.8838
vn 0.2077 -0.0288 -0.9778
vn 0.3672 0.0202 -0.9299
vn 0.2555 0.0089 -0.9668
vn -0.0782 0.1473 0.9860
vn -0.1099 0.1278 0.9857
vn -0.0175 0.0886 0.9959
vn -0.8292 -0.1540 -0.5373
vn -0.8298 -0.1553 -0.5361
vn -0.8288 -0.1467 -0.5400
vn -0.0011 -0.3365 -0.9417
vn 0.0322 -0.2976 -0.9541
vn 0.0039 -0.3175 -0.9482
vn 0.5230 0.1256 -0.8430
vn 0.4924 0.1804 -0.8515
vn 0.5352 0.1258 -0.8353
vn -0.0284 -0.1543 -0.9876
vn 0.0409 -0.1698 -0.9846
vn -0.0731 -0.1183 -0.9903
vn -0.0650 0.0230 -0.9976
vn -0.0638 -0.0249 -0.9977
vn 0.0064 -0.0021 -1.0000
vn -0.7468 0.1134 -0.6553
vn -0.7228 0.0760 -0.6868
vn 0.0128 -0.0150 -0.9998
vn -0.0241 0.0023 -0.9997
vn 0.0343 0.0119 -0.9993
vn -0.2519 -0.0573 0.9661
vn -0.2702 -0.0850 0.9591
vn -0.2693 -0.0676 0.9607
vn 0.0873 -0.9483 0.3050
vn -0.0128 -0.9551 0.2959
vn 0.0635 -0.9666 0.2482
vn 0.0020 -0.9997 -0.0246
vn 0.0028 -0.9993 -0.0382
vn -0.0092 -0.9999 -0.0060
vn 0.1196 0.1867 -0.9751
vn -0.0261 -0.0440 0.9987
vn 0.0154 -0.1338 0.9909
vn 0.0472 -0.1374 0.9894
vn 0.0540 -0.0359 -0.9979
vn 0.0689 -0.0331 -0.9971
vn 0.0615 -0.0350 -0.9975
vn 0.3950 0.3768 -0.8378
vn 0.4779 0.4319 -0.7649
vn 0.5327 0.3548 -0.7684
vn -0.4952 0.5485 -0.6737
vn -0.3679 0.2532 -0.8947
vn -0.5528 0.4523 -0.6999
vn 0.2087 0.0301 -0.9775
vn 0.1485 -0.0705 -0.9864
vn 0.1904 -0.0555 -0.9801
vn -0.0303 -0.3755 0.9263
vn 0.0161 -0.3765 0.9263
vn 0.0267 -0.2432 0.9696
vn -0.0978 -0.0697 -0.9928
vn -0.0370 0.1748 -0.9839
vn 0.1338 -0.0149 -0.9909
vn -0.9948 0.0893 0.0498
vn -0.9872 0.1592 -0.0041
vn -0.9953 0.0773 -0.0586
vn 0.0779 -0.9960 -0.0436
vn 0.0648 -0.9964 -0.0545
vn 0.0621 -0.9959 -0.0656
vn -0.9513 0.3053 0.0414
vn -0.9671 0.2436 0.0737
vn -0.9522 0.3013 0.0504
vn 0.5118 0.2255 -0.8290
vn 0.3957 0.2171 -0.8924
vn 0.3831 0.3168 -0.8677
vn -0.2146 -0.9698 0.1161
vn -0.2159 -0.9698 0.1136
vn -0.2153 -0.9700 0.1129
vn 0.3552 0.5432 0.7608
vn 0.4212 0.5170 0.7452
vn 0.3422 0.5558 0.7577
vn -0.0042 0.1974 0.9803
vn 0.0439 -0.0342 0.9985
vn 0.0507 0.2557 0.9654
vn -0.9631 -0.0778 -0.2578
vn -0.9680 -0.0350 -0.2487
vn -0.9994 -0.0325 0.0069
vn -0.7167 0.6164 0.3261
vn -0.6754 0.6612 0.3265
vn -0.6872 0.6411 0.3416
vn 0.5536 0.3926 0.7344
vn 0.4861 0.4150 0.7691
vn 0.5589 0.4096 0.7210
vn 0.0208 -0.9964 -0.0821
vn 0.0208 -0.9971 -0.0736
vn 0.0214 -0.9974 -0.0689
vn -0.3153 0.7653 0.5612
vn -0.3730 0.7637 0.5269
vn -0.3517 0.7573 0.5502
vn 0.0596 0.8249 0.5621
vn 0.0576 0.8186 0.5715
vn 0.0499 0.8343 0.5490
vn 0.1278 0.3057 -0.9435
vn 0.1378 0.3075 -0.9415
vn -0.0118 0.1944 -0.9809
vn -0.0780 0.1517 -0.9853
vn -0.0238 0.2617 -0.9648
vn -0.6517 0.4747 0.5915
vn -0.6141 0.4127 0.6727
vn -0.6719 0.4331 0.6008
vn -0.0164 0.6541 -0.7562
vn -0.2796 0.5290 -0.8012
vn -0.3847 0.3312 -0.8616
vn -0.1120 0.6891 -0.7159
vn -0.2421 0.7481 -0.6178
vn -0.1577 0.7072 -0.6892
vn 0.2367 0.4613 0.8551
vn 0.0734 0.5199 0.8511
vn 0.2274 0.4230 0.8771
vn -0.0905 0.8716 0.4819
vn -0.2123 0.8690 0.4469
vn -0.0666 0.8414 0.5362
vn 0.1440 -0.8230 -0.5495
vn 0.2108 -0.8008 -0.5607
vn 0.1530 -0.8722 -0.4646
vn 0.0845 0.2375 -0.9677
vn -0.0160 0.8112 0.5845
vn -0.0491 0.8130 0.5803
vn 0.0434 0.8374 0.5449
vn -0.5168 0.0258 -0.8557
vn -0.5211 0.0405 -0.8526
vn -0.4763 0.0310 -0.8788
vn -0.8585 0.0787 -0.5068
vn -0.8210 0.0827 -0.5649
vn -0.8435 0.0293 -0.5363
vn -0.0616 0.1607 0.9851
vn -0.0021 -0.0005 1.0000
vn -0.1318 0.1881 0.9733
vn 0.0592 -0.1076 0.9924
vn 0.0192 0.0225 0.9996
vn -0.0291 -0.0505 0.9983
vn -0.0257 -0.0396 -0.9989
vn -0.0211 -0.0474 -0.9987
vn -0.0298 -0.0467 -0.9985
vn 0.1535 -0.0507 -0.9868
vn 0.1681 -0.1925 -0.9668
vn 0.0036 -0.1292 -0.9916
vn 0.4143 0.7891 -0.4535
vn 0.3713 0.7944 -0.4807
vn 0.3636 0.7959 -0.4840
vn 0.9702 -0.2045 -0.1301
vn 0.9730 -0.1872 -0.1354
vn 0.9790 -0.1543 -0.1332
vn 0.4321 0.2408 -0.8691
vn 0.3451 0.2620 -0.9013
vn 0.4132 0.2865 -0.8644
vn -0.8276 0.4374 0.3518
vn -0.8663 0.4314 0.2517
vn -0.7976 0.5243 0.2984
vn -0.3358 -0.1197 -0.9343
vn -0.6182 -0.2461 -0.7465
vn -0.3259 0.0002 -0.9454
vn -0.2700 0.5875 0.7629
vn -0.2674 0.7546 0.5993
vn -0.1816 0.4742 0.8615
vn -0.0613 -0.9980 -0.0124
vn -0.0992 -0.9951 -0.0016
vn -0.0698 -0.9975 -0.0094
vn 0.0448 0.0198 -0.9988
vn 0.3831 0.7512 -0.5375
vn 0.3829 0.7512 -0.5376
vn 0.3838 0.7513 -0.5369
vn -0.0941 0.8915 -0.4431
vn -0.2953 0.9407 -0.1669
vn -0.0243 0.9605 -0.2772
vn -0.9004 -0.2563 0.3516
vn -0.9003 -0.2602 0.3489
vn -0.9009 -0.2575 0.3493
vn 0.0011 -0.9857 -0.1688
vn 0.0429 -0.9884 -0.1454
vn 0.0507 -0.9891 -0.1383
vn -0.7173 -0.2696 -0.6425
vn -0.4702 -0.1796 -0.8641
vn -0.6357 -0.4641 -0.6168
vn -0.2742 0.2820 -0.9194
vn -0.2335 0.2310 -0.9445
vn -0.2425 0.2540 -0.9363
vn -0.2551 0.1005 -0.9617
vn -0.0963 0.0859 -0.9916
vn -0.0472 0.0193 -0.9987
vn 0.0261 0.0238 0.9994
vn 0.0075 0.0009 1.0000
vn 0.0277 -0.0080 0.9996
vn 0.2101 0.2652 -0.9410
vn 0.1849 0.2372 -0.9537
vn 0.1655 0.2873 -0.9434
vn 0.5742 0.1889 -0.7966
vn 0.5579 0.0791 -0.8261
vn 0.5312 0.1124 -0.8398
vn 0.0289 -0.9994 0.0182
vn -0.0189 -0.9997 -0.0149
vn 0.0498 -0.9977 -0.0459
vn -0.0125 0.0408 0.9991
vn -0.0313 0.1115 0.9933
vn 0.1217 0.1416 0.9824
vn -0.0248 -0.9985 -0.0494
vn -0.0795 -0.9964 -0.0292
vn -0.0595 -0.9978 -0.0304
vn -0.0054 -0.9757 -0.2192
vn -0.0123 -0.9756 -0.2191
vn 0.0081 -0.9752 -0.2213
vn -0.0327 -0.0684 -0.9971
vn 0.0022 -0.0325 -0.9995
vn -0.0070 -0.0952 -0.9954
vn -0.0845 -0.7609 -0.6434
vn -0.0381 -0.7757 -0.6300
vn -0.0543 -0.7750 -0.6296
vn -0.1304 0.8868 -0.4433
vn 0.1086 0.8335 -0.5418
vn 0.0062 0.8670 -0.4984
vn -0.0927 0.0565 -0.9941
vn 0.9217 0.2102 -0.3260
vn 0.9211 0.0199 -0.3888
vn 0.9410 0.1104 -0.3200
vn -0.6328 -0.3160 -0.7069
vn -0.6003 -0.1483 -0.7859
vn -0.6226 -0.2298 -0.7480
vn -0.0383 0.1047 -0.9938
vn 0.0221 0.0120 -0.9997
vn -0.0674 0.0009 -0.9977
vn 0.0761 -0.9966 -0.0303
vn 0.0332 -0.9994 -0.0002
vn 0.0988 -0.9939 -0.0491
vn 0.5614 0.0130 0.8275
vn 0.6110 0.0246 0.7912
vn 0.5026 -0.0504 0.8631
vn -0.0118 -0.0415 -0.9991
vn -0.0550 0.0477 -0.9973
vn -0.0418 -0.0022 -0.9991
vn -0.0128 0.2147 0.9766
vn -0.0033 0.1262 0.9920
vn -0.0784 0.2042 0.9758
vn -0.8569 -0.1395 -0.4963
vn -0.9545 -0.1369 -0.2651
vn -0.8510 -0.1034 -0.5149
vn -0.1215 -0.0298 -0.9921
vn -0.1211 -0.0367 -0.9920
vn -0.1223 -0.0412 -0.9916
vn -0.0463 0.0642 0.9969
vn 0.2390 -0.0821 0.9675
vn 0.2850 0.2606 0.9224
vn -0.4529 -0.1139 -0.8842
vn -0.4917 -0.0392 -0.8699
vn -0.2957 -0.1333 -0.9459
vn 0.4659 -0.0567 -0.8830
vn 0.4577 -0.0734 -0.8861
vn 0.4624 -0.0640 -0.8844
vn 0.2112 0.0240 0.9772
vn 0.2483 0.0681 0.9663
vn 0.2114 0.0246 0.9771
vn -0.0011 -0.0121 -0.9999
vn 0.0437 -0.0527 -0.9977
vn 0.0756 -0.0745 -0.9944
vn -0.1206 0.9808 0.1532
vn -0.1281 0.9670 0.2201
vn -0.1333 0.9783 0.1587
vn -0.1596 0.1467 -0.9762
vn -0.1589 0.1465 -0.9764
vn -0.1605 0.1469 -0.9760
vn 0.8600 0.3121 -0.4038
vn 0.8792 0.2587 -0.4002
vn -0.0708 0.5549 -0.8289
vn -0.0444 0.5542 -0.8312
vn -0.1016 0.5306 -0.8415
vn -0.1334 0.0237 0.9908
vn -0.0353 0.0654 0.9972
vn -0.2132 -0.1413 0.9667
vn 0.2697 0.1884 -0.9443
vn 0.3541 0.2074 -0.9119
vn 0.4126 0.2075 -0.8870
vn 0.9954 -0.0212 0.0933
vn 0.9983 -0.0413 0.0404
vn 0.9937 -0.0290 0.1079
vn 0.0303 -0.9968 -0.0738
vn 0.0013 -0.9983 -0.0579
vn 0.0808 -0.9913 -0.1042
vn 0.0540 -0.9909 0.1237
vn -0.0321 -0.9897 0.1394
vn -0.0350 -0.9922 0.1198
vn 0.4630 0.2794 -0.8411
vn 0.4769 0.2798 -0.8332
vn 0.4923 0.2812 -0.8237
vn -0.0259 -0.2145 -0.9764
vn -0.0258 -0.2150 -0.9763
vn -0.0258 -0.2149 -0.9763
vn -0.0019 0.0833 -0.9965
vn -0.1160 -0.0434 -0.9923
vn -0.1014 0.0044 -0.9948
vn -0.0843 0.0516 0.9951
vn -0.0141 0.0745 0.9971
vn -0.0659 -0.0201 0.9976
vn -0.9016 0.0879 0.4236
vn -0.9211 -0.0211 0.3888
vn -0.9036 0.0677 0.4229
vn 0.8942 0.3386 0.2930
vn 0.9274 0.2783 0.2501
vn 0.8710 0.3512 0.3435
vn 0.7813 0.4365 -0.4460
vn 0.7763 0.4609 -0.4300
vn 0.8040 0.4447 -0.3948
vn 0.9832 -0.1405 -0.1169
vn 0.9874 -0.1093 -0.1147
vn 0.9864 -0.1584 -0.0436
vn -0.0492 0.0052 -0.9988
vn -0.0636 0.0283 -0.9976
vn -0.0426 0.0227 -0.9988
vn 0.3473 0.8898 -0.2961
vn 0.3209 0.8871 -0.3319
vn 0.2627 0.8941 -0.3628
vn -0.0332 -0.1378 0.9899
vn -0.0878 -0.1906 0.9777
vn -0.0723 -0.1534 0.9855
vn 0.3802 0.8177 0.4322
vn 0.2658 0.8148 0.5152
vn 0.3293 0.8152 0.4765
vn -0.3437 0.4037 0.8479
vn -0.2759 0.4319 0.8587
vn -0.2647 0.4185 0.8688
vn -0.1173 0.3325 0.9358
vn -0.1830 0.1130 0.9766
vn -0.1567 0.2296 0.9606
vn 0.0029 -0.7816 -0.6238
vn 0.1105 -0.7946 -0.5970
vn 0.0259 -0.8116 -0.5837
vn -0.2641 0.4281 0.8643
vn -0.2774 0.4409 0.8536
vn -0.2053 0.4502 0.8690
vn -0.6855 0.5598 -0.4656
vn -0.7098 0.5584 -0.4294
vn -0.7062 0.5509 -0.4447
vn -0.6436 0.0695 -0.7622
vn -0.6487 -0.0240 -0.7607
vn -0.6454 -0.1174 -0.7548
vn -0.0499 -0.9976 0.0475
vn -0.0301 -0.9972 0.0678
vn -0.0503 -0.9956 0.0793
vn 0.1874 0.4844 -0.8545
vn 0.1797 0.5333 -0.8266
vn 0.2134 0.4806 -0.8506
vn 0.1776 -0.1141 -0.9775
vn 0.2201 -0.1380 -0.9657
vn 0.2266 -0.2508 -0.9411
vn 0.0327 0.0517 -0.9981
vn 0.0173 0.0293 -0.9994
vn 0.0223 0.0415 -0.9989
vn 0.5823 0.6479 0.4910
vn 0.5826 0.6478 0.4909
vn 0.9763 0.0587 0.2083
vn 0.9759 0.0201 0.2173
vn 0.9550 0.0355 0.2945
vn 0.4067 0.1963 -0.8922
vn 0.3952 0.1414 -0.9076
vn 0.4307 0.1759 -0.8852
vn -0.4456 0.5399 -0.7140
vn -0.6658 0.4930 -0.5600
vn -0.2514 0.6552 -0.7124
vn -0.9993 0.0344 -0.0160
vn -0.9886 -0.0318 -0.1470
vn -0.9902 -0.0958 -0.1012
vn -0.0623 -0.1138 -0.9916
vn -0.1236 -0.1249 -0.9844
vn -0.0525 -0.0871 -0.9948
vn 0.1797 -0.2521 0.9509
vn 0.0263 -0.4212 0.9066
vn 0.0247 -0.4268 0.9040
vn 0.6487 0.2461 0.7201
vn 0.5767 0.2213 0.7864
vn 0.6163 0.2186 0.7566
vn 0.0085 -0.0544 -0.9985
vn 0.0022 -0.0560 -0.9984
vn 0.0178 -0.0544 -0.9984
vn 0.1688 -0.9836 0.0633
vn 0.1817 -0.9782 0.1008
vn 0.1135 -0.9928 0.0377
vn 0.7915 -0.0309 0.6104
vn 0.7910 -0.0293 0.6110
vn 0.7905 -0.0276 0.6119
vn -0.2926 0.5063 -0.8112
vn -0.4801 0.4134 -0.7737
vn -0.4619 0.4893 -0.7398
vn 0.8873 0.1936 0.4185
vn 0.9296 0.1509 0.3362
vn 0.8845 0.2459 0.3964
vn 0.0699 -0.0186 -0.9974
vn 0.0876 0.1105 -0.9900
vn 0.0980 0.0020 -0.9952
vn -0.3394 0.6589 -0.6713
vn -0.3775 0.6129 -0.6942
vn -0.4392 0.5459 -0.7134
vn 0.9860 0.1486 0.0758
vn 0.9628 0.2497 0.1034
vn 0.9860 0.1651 0.0227
vn 0.3044 0.8040 -0.5108
vn 0.3035 0.8043 -0.5109
vn 0.3051 0.8148 -0.4929
vn 0.0751 -0.2083 -0.9752
vn -0.0158 -0.0914 -0.9957
vn -0.0324 -0.2224 -0.9744
vn 0.1048 0.8537 0.5101
vn 0.0866 0.7297 0.6783
vn 0.1705 0.8425 0.5110
vn 0.8474 0.2939 0.4422
vn 0.8747 0.2794 0.3960
vn 0.8538 0.3014 0.4245
vn 0.2393 0.6033 -0.7608
vn 0.2107 0.6883 -0.6942
vn -0.2545 0.5443 -0.7994
vn 0.0977 -0.9803 -0.1715
vn 0.0150 -0.9817 -0.1901
vn 0.0587 -0.9705 -0.2340
vn -0.1822 0.4099 -0.8938
vn -0.2324 0.3076 -0.9227
vn -0.2175 0.3057 -0.9270
vn 0.9720 0.1742 0.1575
vn 0.9694 0.1495 0.1948
vn 0.9671 0.1498 0.2055
vn -0.1093 -0.4883 -0.8658
vn -0.0936 -0.4653 -0.8802
vn -0.0965 -0.4705 -0.8771
vn 0.8138 0.4856 -0.3192
vn 0.8047 0.4957 -0.3267
vn 0.8328 0.4536 -0.3172
vn 0.6029 0.7934 -0.0837
vn 0.4445 0.8957 -0.0110
vn 0.4329 0.9004 0.0432
vn -0.0043 -0.9943 0.1067
vn -0.0420 -0.9898 0.1360
vn 0.0036 -0.9945 0.1047
vn 0.3391 0.0144 -0.9407
vn 0.2602 0.1164 -0.9585
vn 0.3115 0.0254 -0.9499
vn -0.7646 0.6439 0.0270
vn -0.7892 0.6140 -0.0095
vn -0.8047 0.5935 0.0113
vn 0.0603 -0.5618 -0.8251
vn 0.1422 -0.9887 -0.0478
vn 0.1132 -0.9916 -0.0619
vn 0.1413 -0.9894 -0.0326
vn 0.8971 -0.1534 -0.4144
vn 0.9037 -0.1899 -0.3838
vn 0.8683 -0.1789 -0.4626
vn 0.0477 0.4179 0.9072
vn -0.0053 0.3668 0.9303
vn 0.1496 0.4065 0.9013
vn -0.0668 -0.0575 -0.9961
vn -0.1089 -0.0059 -0.9940
vn -0.0655 0.0098 -0.9978
vn -0.6131 0.2147 -0.7603
vn -0.4834 0.2538 -0.8378
vn -0.4415 0.2845 -0.8510
vn 0.1296 -0.3922 -0.9107
vn 0.0670 -0.3857 -0.9202
vn -0.0432 0.2346 0.9711
vn -0.0109 0.1155 0.9932
vn -0.0276 0.0435 0.9987
vn 0.3461 0.7284 -0.5913
vn 0.3185 0.7464 -0.5843
vn 0.3942 0.7168 -0.5751
vn 0.8198 0.5584 0.1273
vn 0.8039 0.5839 0.1130
vn 0.8135 0.5714 0.1082
vn -0.2071 0.7427 0.6368
vn -0.3736 0.6602 0.6516
vn -0.3677 0.6154 0.6972
vn 0.0011 -0.5136 -0.8580
vn 0.0643 -0.5115 -0.8568
vn 0.1060 -0.5483 -0.8296
vn -0.4142 -0.0786 -0.9068
vn -0.4825 -0.0840 -0.8719
vn -0.4637 -0.0742 -0.8829
vn 0.0637 -0.9764 0.2062
vn -0.0105 -0.9843 0.1761
vn 0.0504 -0.9901 0.1313
vn -0.9241 -0.3655 -0.1118
vn -0.9341 -0.3519 -0.0610
vn -0.8876 -0.4544 0.0762
vn -0.6593 -0.1857 -0.7286
vn -0.7152 -0.2728 -0.6434
vn -0.6551 -0.2085 -0.7262
vn 0.4124 0.7846 -0.4629
vn 0.3698 0.8458 -0.3845
vn 0.3952 0.8731 -0.2854
vn -0.0787 0.5407 -0.8375
vn -0.6181 0.0516 -0.7844
vn -0.6242 0.0311 -0.7807
vn -0.6551 0.0935 -0.7497
vn -0.8986 -0.1674 0.4056
vn -0.8135 -0.3617 0.4554
vn -0.8958 -0.2410 0.3736
vn -0.0777 -0.9900 0.1178
vn -0.0337 -0.9911 0.1285
vn -0.0585 -0.9796 0.1921
vn -0.0868 0.8362 0.5415
vn -0.0396 0.8354 0.5482
vn -0.0726 0.8347 0.5460
vn 0.7385 0.2910 -0.6083
vn 0.8219 0.2186 -0.5259
vn 0.7771 0.3434 -0.5275
vn 0.1223 0.9730 -0.1957
vn -0.0679 -0.9783 0.1958
vn -0.1083 -0.9675 0.2286
vn -0.1532 -0.9539 0.2580
vn 0.9025 0.0797 0.4233
vn 0.8937 0.2128 0.3949
vn 0.8686 0.1725 0.4646
vn 0.1877 0.0968 0.9774
vn 0.2358 0.0387 0.9710
vn 0.2680 0.0232 0.9631
vn 0.5239 0.1299 -0.8418
vn 0.5748 0.1038 -0.8117
vn 0.5666 0.1089 -0.8168
vn -0.4065 0.8542 0.3242
vn -0.2198 0.8804 0.4201
vn -0.2659 0.9320 0.2463
vn -0.3619 -0.0110 0.9321
vn -0.3161 -0.0360 0.9480
vn -0.3047 -0.0098 0.9524
vn -0.5824 -0.3806 -0.7183
vn -0.5936 -0.4314 -0.6793
vn -0.5848 -0.3818 -0.7157
vn 0.2365 -0.9712 0.0272
vn 0.2337 -0.9713 0.0445
vn 0.2285 -0.9735 0.0101
vn -0.0001 0.1773 -0.9842
vn 0.0009 0.1752 -0.9845
vn -0.0022 0.1746 -0.9846
vn -0.1552 0.2118 0.9649
vn -0.1974 0.3304 0.9230
vn -0.0864 0.2196 0.9718
vn 0.8140 -0.1819 -0.5516
vn 0.8106 -0.2064 -0.5480
vn 0.8140 -0.2689 -0.5149
vn 0.0428 -0.0251 -0.9988
vn 0.0433 -0.0261 -0.9987
vn 0.0440 -0.0274 -0.9987
vn 0.1485 -0.0577 0.9872
vn 0.0725 -0.1744 0.9820
vn 0.1012 -0.0744 0.9921
vn 0.5494 -0.2745 -0.7892
vn 0.5346 -0.2258 -0.8144
vn 0.4834 -0.2918 -0.8253
vn -0.8201 0.4190 0.3897
vn -0.8250 0.4248 0.3729
vn -0.8229 0.4178 0.3851
vn 0.0034 0.0186 -0.9998
vn -0.0154 0.0280 -0.9995
vn -0.0119 0.0389 -0.9992
vn 0.0438 0.9299 -0.3651
vn 0.0101 0.9395 -0.3424
vn 0.0090 0.9261 -0.3772
vn -0.0146 0.0048 0.9999
vn -0.0188 0.0385 0.9991
vn 0.0035 0.0003 1.0000
vn -0.9980 0.0625 0.0066
vn -0.9823 -0.1262 0.1384
vn -0.9955 -0.0503 0.0807
vn -0.0646 0.1184 -0.9909
vn -0.1312 0.1712 -0.9765
vn -0.0996 0.1530 -0.9832
vn 0.0742 0.0233 -0.9970
vn 0.0001 0.0111 -0.9999
vn -0.0117 0.0477 -0.9988
vn 0.1696 -0.8151 -0.5539
vn 0.1470 -0.7942 -0.5895
vn 0.1516 -0.8227 -0.5479
vn -0.1539 0.9464 0.2841
vn -0.1480 0.9652 0.2156
vn -0.1568 0.9514 0.2649
vn -0.0713 -0.0200 0.9973
vn 0.0061 0.0896 0.9960
vn -0.1299 0.0011 0.9915
vn -0.8275 -0.1140 -0.5498
vn -0.8173 -0.1182 -0.5639
vn -0.7496 -0.2480 -0.6137
vn -0.5435 0.7676 0.3396
vn -0.5976 0.7715 0.2184
vn -0.6368 0.6544 0.4078
vn -0.0000 0.0605 0.9982
vn 0.0302 0.0776 0.9965
vn 0.0562 0.1559 0.9862
vn -0.0000 0.1576 -0.9875
vn 0.0066 0.0962 -0.9953
vn 0.0967 0.0955 -0.9907
vn 0.4401 -0.0710 -0.8952
vn 0.4417 -0.0185 -0.8970
vn 0.4789 -0.0660 -0.8754
vn 0.1921 -0.9741 0.1195
vn 0.1274 -0.9817 0.1413
vn 0.1399 -0.9781 0.1540
vn -0.5825 0.5028 -0.6387
vn -0.6476 0.4117 -0.6412
vn -0.5956 0.5333 -0.6007
vn -0.1508 0.8792 0.4519
vn -0.0993 0.8105 0.5772
vn -0.2031 0.8748 0.4398
vn -0.1827 0.1844 0.9657
vn -0.3182 0.2583 0.9122
vn -0.3512 0.1820 0.9185
vn 0.8213 0.1368 -0.5538
vn 0.8118 0.0916 -0.5767
vn 0.7962 0.1458 -0.5872
vn -0.1161 -0.9791 0.1669
vn -0.0952 -0.9777 0.1874
vn -0.0837 -0.9770 0.1959
vn -0.1305 -0.9822 0.1353
vn -0.0695 -0.9926 0.0994
vn -0.1317 -0.9781 0.1611
vn -0.0535 0.2014 0.9780
vn -0.0124 0.1287 0.9916
vn 0.0387 0.0826 0.9958
vn -0.6820 0.0974 0.7249
vn -0.7332 -0.0189 0.6798
vn -0.7375 -0.0899 0.6693
vn 0.1070 -0.0616 0.9923
vn 0.1201 -0.0441 0.9918
vn -0.0029 -0.0800 0.9968
vn 0.2362 0.2520 0.9385
vn 0.3876 0.1638 0.9071
vn 0.4017 0.2120 0.8909
vn -0.0415 0.0871 -0.9953
vn 0.0271 0.0996 -0.9947
vn -0.1659 0.1567 -0.9736
vn -0.1037 0.3279 0.9390
vn 0.5584 0.2209 0.7996
vn 0.4704 0.1809 0.8637
vn 0.5151 0.1106 0.8500
vn 0.5238 0.1029 0.8456
vn 0.6440 0.1731 0.7452
vn 0.4958 -0.2426 -0.8339
vn 0.5380 -0.2763 -0.7963
vn 0.4851 -0.3158 -0.8155
vn 0.1541 -0.9718 0.1784
vn 0.1034 -0.9768 0.1874
vn 0.1034 -0.9591 0.2635
vn -0.4587 0.8879 -0.0346
vn -0.4472 0.8925 -0.0587
vn -0.4350 0.8970 -0.0787
vn -0.0901 0.4768 -0.8744
vn -0.0876 0.5356 -0.8399
vn -0.1091 0.4696 -0.8761
vn -0.2685 0.7267 0.6323
vn -0.2330 0.7351 0.6366
vn -0.2519 0.7163 0.6508
vn -0.2220 0.9746 0.0292
vn -0.2044 0.9785 -0.0272
vn -0.2244 0.9744 -0.0116
vn -0.6683 0.1711 0.7240
vn -0.6762 0.0435 0.7354
vn -0.5899 0.0382 0.8066
vn 0.0366 0.6278 -0.7775
vn 0.2614 0.5606 -0.7858
vn 0.1154 0.5638 -0.8178
vn 0.2373 -0.1720 0.9561
vn 0.0970 -0.1537 0.9833
vn 0.0995 -0.1648 0.9813
vn 0.2791 -0.1319 -0.9512
vn 0.2280 -0.1983 -0.9533
vn 0.2697 -0.0949 -0.9583
vn -0.1858 0.5760 0.7961
vn -0.0544 0.6198 0.7829
vn -0.2614 0.5681 0.7803
vn -0.0453 0.3278 -0.9437
vn -0.0422 0.3332 -0.9419
vn -0.0378 0.3421 -0.9389
vn -0.7448 0.1815 -0.6422
vn -0.7509 0.3081 -0.5841
vn -0.7727 0.2081 -0.5997
vn -0.0622 -0.9967 -0.0527
vn -0.0807 -0.9950 -0.0588
vn -0.0835 -0.9952 -0.0520
vn 0.1252 -0.4322 -0.8930
vn 0.1606 -0.4072 -0.8991
vn 0.2429 -0.3140 -0.9178
vn 0.0341 0.0908 0.9953
vn 0.0979 0.1100 0.9891
vn 0.0524 0.0938 0.9942
vn 0.8745 0.2424 0.4202
vn 0.9075 0.1873 0.3761
vn 0.9271 0.2112 0.3096
vn -0.0172 0.6580 -0.7528
vn 0.1011 0.7458 -0.6585
vn -0.0437 0.7052 -0.7076
vn -0.1278 -0.0030 0.9918
vn -0.2519 0.0652 0.9656
vn -0.2406 0.0354 0.9700
vn -0.8000 -0.1910 -0.5688
vn -0.6956 -0.0616 -0.7158
vn -0.7740 -0.0911 -0.6266
vn -0.0738 -0.2580 0.9633
vn -0.1355 -0.1204 0.9834
vn -0.2588 -0.2002 0.9450
vn 0.1391 0.1269 -0.9821
vn 0.1867 0.0109 -0.9824
vn 0.1692 0.0132 -0.9855
vn -0.1312 0.0992 0.9864
vn -0.1091 0.0144 0.9939
vn -0.0796 0.1566 0.9844
vn 0.5611 0.1992 -0.8034
vn 0.6502 0.1161 -0.7509
vn 0.6023 0.1791 -0.7779
vn 0.9852 -0.1425 0.0948
vn 0.9855 -0.1468 0.0849
vn 0.9722 -0.2284 0.0521
vn 0.2456 0.1003 -0.9642
vn 0.1967 0.0725 -0.9778
vn 0.2608 0.1627 -0.9516
vn 0.0943 0.0766 0.9926
vn 0.1967 -0.0980 0.9756
vn 0.1002 -0.0725 0.9923
vn 0.5405 -0.0449 -0.8401
vn 0.5274 -0.1117 -0.8422
vn 0.4978 -0.0853 -0.8631
vn -0.8072 0.5171 0.2846
vn -0.3170 -0.5161 0.7957
vn 0.0231 -0.9969 -0.0758
vn 0.0553 -0.9958 -0.0734
vn 0.0498 -0.9956 -0.0800
vn 0.0144 -0.0364 -0.9992
vn 0.0304 -0.0622 -0.9976
vn 0.0242 -0.0507 -0.9984
vn -0.2019 -0.9750 0.0930
vn -0.1357 -0.9797 0.1475
vn -0.1721 -0.9788 0.1112
vn 0.7913 0.6107 0.0308
vn 0.8186 0.5732 0.0359
vn 0.8297 0.5582 0.0044
vn 0.6540 -0.1049 -0.7492
vn 0.6114 -0.1222 -0.7818
vn 0.5388 -0.1250 -0.8331
vn -0.0884 0.0680 -0.9938
vn -0.0671 0.0623 -0.9958
vn -0.0529 0.0856 -0.9949
vn 0.1445 -0.9776 -0.1533
vn 0.1091 -0.9802 -0.1651
vn 0.1257 -0.9746 -0.1851
vn -0.1861 0.0566 -0.9809
vn -0.0396 0.0947 -0.9947
vn -0.0681 -0.0180 -0.9975
vn 0.0916 0.9958 -0.0026
vn -0.0368 -0.2693 0.9624
vn -0.0504 -0.2848 0.9572
vn -0.0463 -0.2798 0.9589
vn -0.1426 0.2966 -0.9443
vn -0.0600 0.1924 -0.9795
vn -0.0714 0.2868 -0.9553
vn -0.9996 -0.0262 0.0079
vn -0.9964 0.0305 0.0794
vn -0.9995 0.0276 -0.0134
vn -0.0685 0.0797 0.9945
vn -0.1292 -0.0124 0.9915
vn -0.1274 0.0461 0.9908
vn -0.2565 -0.0743 0.9637
vn -0.2070 -0.0190 0.9782
vn -0.2380 -0.0596 0.9694
vn 0.0560 0.4399 0.8963
vn 0.0449 0.4243 0.9044
vn 0.0436 0.4213 0.9059
vn 0.5913 -0.2548 0.7651
vn 0.5830 -0.1670 0.7951
vn 0.4705 -0.1497 0.8696
vn -0.5838 -0.2583 0.7697
vn -0.6003 -0.2490 0.7600
vn -0.6131 -0.2425 0.7518
vn 0.9260 -0.3345 0.1752
vn 0.9472 -0.2276 0.2258
vn 0.9215 -0.2651 0.2837
vn 0.0661 0.1724 -0.9828
vn 0.2105 0.1685 -0.9630
vn 0.1387 -0.0700 -0.9879
vn 0.9136 -0.2916 -0.2835
vn 0.9779 -0.1314 -0.1628
vn 0.9800 -0.1932 0.0475
vn 0.0004 -0.9998 0.0178
vn -0.0480 -0.9988 0.0013
vn -0.0387 -0.9987 -0.0333
vn 0.0456 -0.9876 -0.1504
vn -0.0030 -0.9938 -0.1111
vn 0.0043 -0.9913 -0.1318
vn 0.4479 0.2487 -0.8588
vn -0.0211 0.9935 0.1117
vn -0.0655 0.9897 0.1275
vn -0.0394 0.9826 0.1815
vn -0.5290 -0.0019 -0.8486
vn -0.5780 -0.0667 -0.8133
vn -0.5399 -0.0508 -0.8402
vn -0.8128 -0.2016 -0.5466
vn -0.8954 -0.0878 -0.4365
vn -0.9076 -0.0433 -0.4177
vn -0.4340 0.0326 -0.9003
vn -0.4355 0.0117 -0.9001
vn -0.4049 0.0378 -0.9136
vn -0.1593 -0.1310 0.9785
vn -0.1802 -0.1526 0.9717
vn -0.2178 -0.3379 0.9156
vn -0.1303 0.7478 0.6510
vn -0.2046 0.7728 0.6008
vn -0.1982 0.7374 0.6457
vn 0.1946 -0.0428 0.9800
vn 0.1983 0.0586 0.9784
vn 0.2182 0.0964 0.9711
vn 0.0425 0.2427 0.9692
vn 0.0117 0.1593 0.9872
vn 0.0955 0.1374 0.9859
vn 0.4339 0.1776 -0.8833
vn 0.4651 0.1488 -0.8726
vn 0.4196 0.1732 -0.8910
vn 0.0806 0.0657 0.9946
vn -0.0271 0.0837 0.9961
vn -0.0237 -0.0129 0.9996
vn 0.4683 0.7698 -0.4337
vn 0.5153 0.7511 -0.4127
vn 0.3703 0.8286 -0.4199
vn 0.7952 0.3368 -0.5041
vn 0.8039 0.3009 -0.5130
vn 0.7791 0.3505 -0.5198
vn 0.2020 0.2356 0.9506
vn -0.0229 0.2484 0.9684
vn -0.0704 0.1946 0.9784
vn -0.0774 0.8753 0.4773
vn -0.1431 0.8592 0.4912
vn -0.1184 0.8331 0.5403
vn 0.3945 0.7752 0.4933
vn 0.3326 0.8444 0.4200
vn 0.2985 0.8715 0.3891
vn 0.5085 -0.0227 0.8608
vn 0.4612 -0.0540 0.8856
vn 0.4766 -0.0129 0.8790
vn -0.6788 0.3845 0.6256
vn -0.6722 0.4092 0.6170
vn -0.6606 0.4226 0.6205
vn -0.6576 0.5973 0.4591
vn -0.7038 0.6271 0.3338
vn -0.7449 0.5199 0.4181
vn -0.9434 0.0950 -0.3177
vn -0.9294 0.0492 -0.3659
vn -0.9201 0.0294 -0.3905
vn 0.2697 0.8489 0.4546
vn 0.1332 0.8752 0.4651
vn 0.1267 0.9076 0.4004
vn -0.8743 0.1142 -0.4718
vn -0.8859 0.0388 -0.4623
vn -0.8958 0.1412 -0.4214
vn 0.7647 -0.0680 -0.6408
vn 0.7913 -0.1129 -0.6009
vn 0.8009 -0.0855 -0.5927
vn 0.0399 0.9968 -0.0690
vn -0.0523 0.9919 -0.1159
vn 0.1492 0.9812 -0.1225
vn 0.0726 0.2569 0.9637
vn -0.0369 0.2797 0.9594
vn 0.1294 0.2534 0.9587
vn -0.0999 -0.8843 -0.4561
vn -0.1237 -0.8856 -0.4478
vn -0.0159 -0.9144 -0.4046
vn -0.0058 -0.1092 -0.9940
vn 0.1100 -0.3409 -0.9337
vn 0.0736 -0.1902 -0.9790
vn 0.3173 -0.0733 0.9455
vn 0.3714 -0.0853 0.9245
vn 0.2978 -0.0084 0.9546
vn 0.3642 -0.1125 -0.9245
vn 0.2314 -0.4033 -0.8853
vn 0.3026 -0.2326 -0.9243
vn -0.1599 0.2167 0.9630
vn -0.1814 0.2619 0.9479
vn 0.0350 0.1314 0.9907
vn 0.1193 -0.1634 -0.9793
vn 0.0682 -0.2008 -0.9773
vn 0.1843 0.1336 -0.9737
vn 0.2280 0.1823 -0.9564
vn -0.7024 -0.4531 -0.5489
vn -0.7110 -0.4144 -0.5681
vn -0.7159 -0.3767 -0.5879
vn -0.2570 0.8671 -0.4266
vn -0.0319 0.8638 -0.5028
vn 0.0320 0.8444 -0.5348
vn -0.1604 0.5602 -0.8127
vn -0.4092 0.4118 -0.8142
vn -0.2979 0.5000 -0.8132
vn -0.9738 -0.1383 0.1807
vn -0.2512 0.3059 -0.9183
vn -0.2562 0.4059 -0.8773
vn -0.4531 0.2621 -0.8521
vn 0.9581 0.0598 0.2800
vn 0.9552 -0.0009 0.2958
vn 0.9531 0.0105 0.3026
vn -0.1752 0.4695 -0.8654
vn -0.3430 -0.8128 -0.4709
vn -0.3920 -0.6859 -0.6131
vn 0.2294 0.4834 0.8448
vn 0.1804 0.4786 0.8593
vn 0.3321 0.4813 0.8112
vn 0.2959 0.2264 0.9280
vn 0.3356 0.2334 0.9126
vn 0.3756 0.2349 0.8965
vn 0.2176 0.7292 -0.6488
vn -0.2034 0.2216 -0.9537
vn -0.2164 -0.0244 -0.9760
vn -0.3054 0.1315 -0.9431
vn -0.0113 0.5293 0.8484
vn -0.1565 0.4855 0.8601
vn -0.1322 0.5274 0.8393
vn -0.1581 0.4823 0.8616
vn -0.4652 -0.6435 0.6079
vn -0.3012 -0.4974 0.8135
vn -0.3947 -0.5654 0.7242
vn -0.6452 -0.1061 0.7566
vn -0.6375 -0.1054 0.7632
vn -0.6414 -0.1002 0.7607
vn -0.0923 0.0076 0.9957
vn -0.1459 -0.0012 0.9893
vn -0.1527 0.0221 0.9880
vn -0.0907 0.0101 0.9958
vn -0.0764 0.2279 -0.9707
vn -0.0881 0.1981 -0.9762
vn -0.1046 0.1704 -0.9798
vn 0.3108 0.9280 0.2054
vn 0.3113 0.9286 0.2021
vn 0.3109 0.9283 0.2039
vn 0.2248 0.0710 0.9718
vn 0.2325 0.0759 0.9696
vn 0.2499 0.0929 0.9638
vn -0.3732 -0.6487 0.6633
vn 0.8627 -0.4990 -0.0819
vn 0.9808 -0.1693 0.0969
vn 0.7995 -0.5841 -0.1399
vn 0.0349 -0.1920 -0.9808
vn 0.0427 -0.1945 -0.9800
vn 0.0321 -0.1910 -0.9811
vn 0.2332 0.7909 0.5658
vn 0.2235 0.7808 0.5834
vn 0.2196 0.7751 0.5925
vn 0.1246 0.1797 -0.9758
vn 0.1186 0.1235 -0.9852
vn 0.1654 0.1661 -0.9721
vn 0.0410 -0.9225 -0.3839
vn 0.0298 -0.9213 -0.3877
vn -0.0498 -0.9218 -0.3844
vn 0.7763 0.3613 -0.5166
vn 0.4100 0.3070 -0.8589
vn 0.4626 0.2624 -0.8469
vn 0.4360 0.2819 -0.8547
vn 0.2507 0.2925 -0.9228
vn 0.2723 0.2912 -0.9171
vn 0.2781 0.3246 -0.9040
vn 0.0100 -0.0594 -0.9982
vn -0.0047 -0.0923 -0.9957
vn 0.0297 -0.1030 -0.9942
vn -0.9396 -0.3282 -0.0973
vn -0.7834 -0.5587 -0.2724
vn -0.8758 -0.4684 -0.1169
vn -0.6728 -0.0908 -0.7342
vn -0.7405 -0.1303 -0.6594
vn -0.6272 -0.0419 -0.7777
vn 0.3135 0.3435 -0.8853
vn 0.2575 0.3514 -0.9001
vn 0.2715 0.3356 -0.9020
vn 0.2962 0.6367 0.7120
vn -0.0153 -0.2521 -0.9676
vn -0.0173 -0.2447 -0.9695
vn 0.0886 -0.2662 -0.9598
vn 0.0254 0.4343 -0.9004
vn 0.0550 0.4830 -0.8739
vn -0.0004 0.5117 -0.8592
vn -0.3444 0.8338 -0.4315
vn -0.3520 0.8155 -0.4595
vn -0.3552 0.8247 -0.4401
vn 0.5301 0.1283 -0.8382
vn 0.5008 0.0106 -0.8655
vn 0.6572 -0.0051 -0.7537
vn -0.9168 -0.0488 -0.3963
vn -0.9190 -0.0571 -0.3902
vn -0.9109 0.0288 -0.4115
vn -0.1858 0.0539 0.9811
vn -0.2654 -0.2037 0.9424
vn -0.3366 -0.1113 0.9351
vn -0.4578 0.3856 0.8011
vn -0.5401 0.4142 0.7326
vn -0.6217 0.2746 0.7335
vn -0.0234 0.0815 -0.9964
vn -0.0196 -0.0753 -0.9970
vn -0.0727 0.0206 -0.9971
vn -0.1912 0.5203 -0.8323
vn -0.0426 0.5015 -0.8641
vn -0.2492 0.6821 -0.6875
vn -0.2544 -0.9627 0.0916
vn -0.2504 -0.9644 0.0846
vn -0.2532 -0.9622 0.1007
vn -0.2177 0.7423 0.6337
vn -0.2311 0.7995 0.5544
vn -0.2294 0.7469 0.6242
vn 0.0299 0.8372 0.5461
vn 0.0174 0.7876 0.6160
vn 0.1739 0.8250 0.5377
vn 0.0720 0.0409 -0.9966
vn 0.0697 0.0561 -0.9960
vn 0.0848 0.0530 -0.9950
vn -0.7163 -0.3735 -0.5894
vn -0.7749 -0.3196 -0.5454
vn -0.7531 -0.3209 -0.5743
vn 0.1000 0.1005 0.9899
vn -0.0457 0.1480 0.9879
vn 0.0634 0.1295 0.9896
vn -0.1090 -0.0662 -0.9918
vn -0.1098 -0.0562 -0.9924
vn -0.1096 -0.0614 -0.9921
vn -0.1619 0.7626 0.6263
vn -0.1924 0.7548 0.6271
vn -0.2125 0.7378 0.6407
vn -0.0330 0.0083 -0.9994
vn -0.0015 0.0341 -0.9994
vn 0.0216 0.0324 -0.9992
vn 0.0072 -0.0833 -0.9965
vn 0.0708 -0.1613 -0.9844
vn 0.0152 -0.1134 -0.9934
vn 0.8404 0.2132 -0.4984
vn 0.8151 0.2337 -0.5300
vn 0.8218 0.2412 -0.5162
vn 0.1077 -0.0331 0.9936
vn 0.1046 -0.0546 0.9930
vn 0.0410 -0.0165 0.9990
vn -0.0913 -0.9944 -0.0528
vn -0.0761 -0.9957 -0.0519
vn -0.0926 -0.9940 -0.0583
vn 0.0884 0.4305 0.8983
vn -0.0354 0.3903 0.9200
vn 0.0495 0.3571 0.9327
vn -0.0354 -0.9672 -0.2517
vn -0.1094 -0.9673 -0.2289
vn -0.1010 -0.9558 -0.2761
vn 0.0927 -0.9904 -0.1021
vn 0.1269 -0.9822 -0.1382
vn 0.1399 -0.9891 -0.0466
vn -0.8122 0.0853 -0.5771
vn -0.6534 0.0284 -0.7565
vn -0.8108 0.1593 -0.5633
vn -0.5599 0.8080 0.1834
vn -0.5961 0.7886 0.1510
vn -0.5790 0.7970 0.1720
vn -0.1213 0.7828 0.6103
vn -0.0777 0.7560 0.6500
vn -0.0688 0.7906 0.6084
vn 0.3115 0.0163 -0.9501
vn 0.4263 0.0764 -0.9014
vn 0.5099 0.1206 -0.8517
vn -0.5861 -0.1981 -0.7857
vn -0.6387 -0.5413 -0.5470
vn -0.5867 -0.3998 -0.7042
vn -0.5849 -0.7611 -0.2804
vn -0.5849 -0.7626 -0.2762
vn -0.5848 -0.7601 -0.2833
vn -0.1653 -0.9661 0.1985
vn -0.2170 -0.9647 0.1492
vn -0.2584 -0.9457 0.1973
vn -0.0256 -0.3346 0.9420
vn -0.0235 -0.3341 0.9422
vn -0.0353 -0.3374 0.9407
vn -0.2054 -0.9785 -0.0193
vn -0.2052 -0.9778 -0.0436
vn -0.1924 -0.9813 -0.0099
vn 0.0150 -0.9770 -0.2128
vn 0.0400 -0.9762 -0.2130
vn 0.0963 -0.9705 -0.2210
vn -0.8040 0.5933 0.0383
vn -0.7255 0.6825 0.0887
vn -0.7682 0.6401 0.0136
vn 0.1472 0.0669 0.9868
vn 0.0913 0.0939 0.9914
vn 0.1736 0.1375 0.9752
vn 0.3394 0.2786 0.8984
vn 0.3802 0.2573 0.8884
vn 0.3801 0.2487 0.8909
vn -0.0391 0.4755 -0.8788
vn -0.0493 0.4662 -0.8833
vn -0.0516 0.4782 -0.8767
vn -0.3773 0.1596 0.9122
vn -0.3817 0.1660 0.9093
vn -0.3902 0.1565 0.9073
vn -0.4748 -0.1200 -0.8719
vn -0.4800 -0.1341 -0.8670
vn -0.4732 -0.1201 -0.8727
vn -0.6678 -0.7348 0.1188
vn -0.6645 -0.7353 0.1332
vn -0.6684 -0.7347 0.1161
vn -0.1956 0.9721 0.1292
vn -0.2695 0.9528 0.1394
vn -0.2720 0.9534 0.1306
vn -0.4573 0.8892 -0.0134
vn -0.4467 0.8944 -0.0216
vn -0.4614 0.8871 -0.0107
vn -0.5962 0.6670 -0.4470
vn -0.6195 0.6682 -0.4120
vn -0.6124 0.6381 -0.4667
vn 0.0643 0.2421 -0.9681
vn 0.0401 0.2027 -0.9784
vn 0.0377 0.2202 -0.9747
vn 0.0177 0.1226 -0.9923
vn -0.0367 0.2333 -0.9717
vn -0.0674 0.2552 -0.9645
vn -0.0831 0.1514 -0.9850
vn -0.0699 0.1809 -0.9810
vn -0.0334 0.2346 -0.9715
vn 0.1005 -0.3170 -0.9431
vn 0.0933 -0.1485 -0.9845
vn -0.1061 -0.0482 -0.9932
vn 0.3739 0.2766 -0.8853
vn 0.2812 0.2393 -0.9293
vn 0.2891 0.2179 -0.9322
vn 0.4403 0.1037 -0.8919
vn 0.4131 0.0684 -0.9081
vn 0.6072 0.0410 -0.7935
vn 0.2941 0.3727 -0.8801
vn 0.2951 0.3662 -0.8825
vn 0.2958 0.3764 -0.8780
vn -0.9402 -0.0324 -0.3390
vn -0.9672 0.0341 -0.2517
vn -0.9615 0.0305 -0.2732
vn -0.8001 0.2996 0.5197
vn -0.8180 0.3357 0.4671
vn -0.8281 0.3601 0.4297
vn 0.2040 -0.2523 -0.9459
vn 0.2249 -0.2716 -0.9358
vn 0.3240 -0.1647 -0.9316
vn 0.1024 -0.1580 -0.9821
vn 0.2133 -0.0848 -0.9733
vn 0.1602 -0.0903 -0.9829
vn 0.2536 -0.0844 -0.9636
vn 0.3649 -0.0727 -0.9282
vn 0.3518 -0.0469 -0.9349
vn -0.7618 0.1467 -0.6310
vn -0.7594 0.1210 -0.6392
vn -0.7760 0.1033 -0.6222
vn -0.7131 0.1120 -0.6921
vn -0.7303 0.0965 -0.6762
vn -0.7320 0.0825 -0.6763
vn 0.1812 -0.1151 -0.9767
vn 0.1892 -0.0946 -0.9774
vn 0.2733 -0.0999 -0.9567
vn 0.1169 -0.0002 -0.9931
vn 0.2005 -0.0137 -0.9796
vn 0.2205 -0.0037 -0.9754
vn 0.5576 0.2553 -0.7898
vn 0.5358 0.3367 -0.7743
vn 0.5333 0.3399 -0.7746
vn -0.0040 0.1134 -0.9935
vn -0.0904 0.1171 -0.9890
vn -0.0324 0.1615 -0.9863
vn -0.0620 0.1183 -0.9910
vn -0.0552 0.1489 -0.9873
vn -0.0333 0.1742 -0.9841
vn -0.2479 -0.0906 0.9645
vn -0.2543 -0.0930 0.9626
vn -0.2412 -0.0653 0.9683
vn 0.1597 -0.9834 0.0864
vn 0.1565 -0.9770 0.1449
vn 0.0596 -0.9958 0.0691
vn 0.0096 -0.9999 -0.0071
vn 0.0030 -0.9997 -0.0260
vn -0.0006 -0.9993 -0.0382
vn -0.0022 -0.0499 0.9988
vn -0.0444 -0.0322 0.9985
vn -0.0553 -0.1213 0.9911
vn 0.4816 0.4667 -0.7418
vn 0.4054 0.4184 -0.8128
vn 0.4956 0.4919 -0.7159
vn 0.4741 0.1666 -0.8646
vn 0.3291 0.3078 -0.8927
vn 0.4679 0.2306 -0.8532
vn 0.2893 -0.2186 -0.9320
vn 0.1639 -0.2113 -0.9636
vn 0.2765 -0.2601 -0.9251
vn 0.1220 -0.2864 -0.9503
vn 0.2763 -0.2049 -0.9390
vn 0.2459 -0.3165 -0.9162
vn 0.1390 -0.0572 -0.9886
vn 0.0384 -0.0797 -0.9961
vn 0.0684 -0.1329 -0.9888
vn 0.0338 -0.1088 -0.9935
vn -0.1175 0.0728 -0.9904
vn 0.0988 0.1348 -0.9859
vn -0.9955 0.0107 -0.0938
vn -0.9941 0.0853 -0.0671
vn -0.9883 0.0791 -0.1304
vn -0.0772 0.3205 0.9441
vn -0.1006 0.3378 0.9358
vn -0.0602 0.3178 0.9463
vn -0.0627 0.3436 0.9370
vn -0.0356 0.3249 0.9451
vn -0.0632 0.3473 0.9356
vn 0.1475 -0.9571 -0.2495
vn 0.1394 -0.9617 -0.2359
vn 0.1345 -0.9587 -0.2505
vn 0.0100 -0.9800 -0.1986
vn -0.0494 -0.9797 -0.1943
vn -0.0562 -0.9818 -0.1815
vn 0.3279 0.3985 -0.8565
vn 0.2894 0.2661 -0.9195
vn 0.2366 0.3439 -0.9087
vn -0.0124 0.3005 0.9537
vn 0.0325 0.0668 0.9972
vn 0.1029 0.0100 0.9946
vn -0.9626 -0.2454 0.1151
vn -0.9806 -0.1609 0.1121
vn -0.9689 -0.0491 0.2426
vn -0.7751 0.5953 0.2117
vn -0.7645 0.5734 0.2946
vn -0.7731 0.5789 0.2594
vn 0.5588 -0.4212 -0.7143
vn 0.5494 -0.3282 -0.7684
vn 0.5567 -0.2734 -0.7845
vn 0.6518 0.5554 0.5165
vn 0.6023 0.5539 0.5749
vn 0.5497 0.5809 0.6003
vn 0.4589 -0.1917 -0.8676
vn 0.4459 -0.1149 -0.8877
vn 0.3009 -0.2676 -0.9153
vn 0.2597 0.0078 -0.9657
vn 0.3315 -0.1478 -0.9318
vn 0.1478 -0.0953 -0.9844
vn -0.8399 -0.3059 -0.4483
vn -0.8282 -0.3785 -0.4133
vn -0.9001 -0.2134 -0.3799
vn 0.3719 -0.1304 0.9191
vn 0.4125 -0.0553 0.9093
vn 0.3217 -0.0312 0.9463
vn 0.1004 0.4495 -0.8876
vn 0.0924 0.4441 -0.8912
vn 0.1481 0.3467 -0.9262
vn 0.1417 0.3471 -0.9271
vn 0.1574 0.3421 -0.9264
vn -0.1498 0.0046 0.9887
vn -0.1126 -0.0100 0.9936
vn -0.1622 -0.0246 0.9865
vn -0.4228 0.4485 0.7874
vn -0.4277 0.4260 0.7972
vn -0.4202 0.4549 0.7852
vn -0.2544 0.5141 -0.8191
vn -0.0388 0.8151 -0.5781
vn -0.0865 0.8664 -0.4917
vn -0.3002 0.8010 -0.5179
vn -0.2574 0.8692 -0.4221
vn -0.0362 0.9917 -0.1237
vn -0.0610 0.9961 0.0644
vn -0.0959 0.9954 -0.0002
vn -0.0868 0.9920 0.0912
vn -0.2031 0.8753 0.4388
vn -0.0568 0.8341 0.5487
vn -0.1379 0.8240 0.5495
vn 0.1395 0.9897 -0.0331
vn 0.2432 0.9699 0.0077
vn 0.1450 0.9894 -0.0046
vn -0.4548 0.0807 -0.8869
vn -0.4543 0.1037 -0.8848
vn -0.4631 0.0969 -0.8810
vn 0.8285 0.1343 -0.5436
vn 0.8103 0.1189 -0.5738
vn 0.8144 0.1248 -0.5668
vn 0.7908 0.2629 -0.5528
vn 0.7837 0.2626 -0.5629
vn 0.7807 0.3011 -0.5475
vn -0.4595 -0.1761 -0.8705
vn -0.0296 0.6622 0.7487
vn -0.0306 0.6611 0.7497
vn -0.0310 0.6607 0.7500
vn -0.1138 -0.2064 0.9718
vn -0.0822 -0.1815 0.9800
vn -0.1360 -0.0755 0.9878
vn 0.0310 0.0699 -0.9971
vn 0.1017 0.0391 -0.9940
vn 0.0938 0.0471 -0.9945
vn 0.0331 -0.0558 -0.9979
vn 0.0254 -0.0481 -0.9985
vn 0.0357 -0.0462 -0.9983
vn -0.0430 -0.1960 -0.9797
vn -0.0294 -0.1944 -0.9805
vn -0.0397 -0.1965 -0.9797
vn 0.9514 -0.1602 -0.2630
vn 0.9427 -0.2018 -0.2657
vn 0.9548 -0.1353 -0.2647
vn 0.3036 0.6187 -0.7246
vn 0.3442 0.6164 -0.7083
vn 0.3477 0.6158 -0.7070
vn 0.5038 0.7185 -0.4795
vn 0.4549 0.8276 -0.3290
vn 0.6632 0.7007 -0.2631
vn 0.4877 0.7635 -0.4233
vn 0.5838 0.7548 -0.2991
vn 0.6365 0.7026 -0.3181
vn 0.8047 -0.2835 0.5217
vn 0.8051 -0.2808 0.5225
vn 0.8048 -0.2828 0.5218
vn 0.4826 0.3446 -0.8052
vn 0.4482 0.3116 -0.8379
vn 0.3989 0.3786 -0.8352
vn -0.5326 0.2721 0.8014
vn -0.6447 0.2275 0.7298
vn -0.6853 0.2716 0.6758
vn -0.3312 0.2369 -0.9133
vn -0.5444 0.2481 -0.8013
vn -0.5530 0.4645 -0.6917
vn 0.0540 0.0426 0.9976
vn 0.0137 -0.0292 0.9995
vn 0.1252 0.0160 0.9920
vn -0.0149 0.7078 0.7062
vn 0.0161 0.7024 0.7116
vn 0.0059 0.7045 0.7097
vn -0.0294 0.5891 0.8076
vn -0.2456 0.5959 0.7646
vn -0.3445 0.7044 0.6206
vn -0.5014 -0.8352 -0.2257
vn -0.4997 -0.8360 -0.2266
vn -0.4973 -0.8371 -0.2278
vn -0.3673 0.3039 0.8791
vn 0.9265 0.3643 0.0940
vn 0.9295 0.3528 0.1073
vn 0.9355 0.3479 0.0618
vn 0.8153 0.5285 -0.2366
vn 0.8178 0.5053 -0.2753
vn 0.8074 0.5143 -0.2892
vn 0.9607 0.1787 0.2124
vn 0.9594 0.2263 0.1681
vn 0.9605 0.2147 0.1770
vn -0.1631 0.9740 -0.1570
vn -0.3145 0.9491 0.0165
vn -0.2204 0.9746 0.0387
vn -0.4234 0.9023 -0.0814
vn -0.4138 0.9097 -0.0348
vn -0.3906 0.9178 -0.0714
vn 0.1027 0.9814 -0.1620
vn -0.2762 0.9299 -0.2429
vn -0.1264 0.9919 -0.0092
vn -0.9095 -0.2490 0.3330
vn -0.9086 -0.2517 0.3333
vn -0.9091 -0.2533 0.3307
vn -0.0472 -0.9673 0.2491
vn 0.0025 -0.9811 0.1933
vn 0.0371 -0.9720 0.2321
vn -0.0173 -0.9871 0.1590
vn -0.0209 -0.9725 0.2322
vn -0.0819 -0.9852 0.1503
vn -0.2211 0.3432 -0.9129
vn -0.1614 0.2709 -0.9490
vn -0.1712 0.2917 -0.9411
vn 0.0047 -0.0032 1.0000
vn 0.0877 -0.0142 0.9960
vn 0.0122 0.0320 0.9994
vn 0.0522 0.0479 0.9975
vn 0.0685 0.0171 0.9975
vn 0.0846 0.0366 0.9957
vn 0.5717 0.1977 -0.7963
vn 0.5182 0.2375 -0.8216
vn 0.5158 0.2442 -0.8212
vn 0.5672 0.1510 -0.8096
vn 0.5695 0.1158 -0.8138
vn 0.5262 0.1781 -0.8315
vn -0.3889 0.4879 0.7815
vn -0.3990 0.5515 0.7326
vn -0.4020 0.4754 0.7826
vn -0.0613 0.1140 0.9916
vn -0.1255 0.1695 0.9775
vn 0.0801 0.2351 0.9687
vn -0.1442 -0.9707 -0.1920
vn -0.0808 -0.9778 -0.1931
vn -0.0963 -0.9733 -0.2085
vn 0.0701 -0.5352 -0.8418
vn 0.0695 -0.5343 -0.8424
vn 0.0693 -0.5341 -0.8426
vn -0.0159 -0.0446 -0.9989
vn -0.0206 -0.0170 -0.9996
vn 0.0146 -0.0328 -0.9994
vn -0.0125 -0.0857 -0.9962
vn -0.0167 -0.0481 -0.9987
vn 0.0022 -0.0901 -0.9959
vn -0.0261 0.1323 -0.9909
vn -0.0018 0.2833 -0.9590
vn 0.1253 0.1585 -0.9794
vn -0.1897 0.0683 -0.9795
vn -0.0195 0.0826 -0.9964
vn -0.0725 -0.0637 -0.9953
vn 0.0433 0.6159 -0.7866
vn -0.0521 0.5928 -0.8037
vn -0.0152 0.6223 -0.7826
vn 0.0296 0.8819 -0.4705
vn 0.1870 0.8660 -0.4638
vn 0.2609 0.7883 -0.5572
vn -0.3422 -0.4925 -0.8002
vn -0.3342 -0.4994 -0.7993
vn -0.3394 -0.4964 -0.7990
vn 0.9357 0.2219 -0.2742
vn 0.9142 0.1544 -0.3747
vn 0.9428 0.0296 -0.3321
vn -0.8953 0.4429 -0.0471
vn -0.9318 0.3493 -0.0986
vn -0.9333 0.3571 0.0372
vn -0.8733 0.4858 -0.0360
vn -0.8758 0.4821 -0.0235
vn -0.8781 0.4768 -0.0406
vn -0.8185 0.5703 -0.0699
vn -0.8086 0.5784 -0.1076
vn -0.7457 0.6384 -0.1905
vn -0.6473 -0.3551 -0.6744
vn -0.7014 -0.2711 -0.6592
vn -0.8574 -0.0453 -0.5127
vn -0.0843 0.0798 -0.9932
vn -0.0132 -0.0458 -0.9989
vn -0.0099 -0.0207 -0.9997
vn -0.0049 -0.9832 0.1823
vn -0.0028 -0.9773 0.2120
vn -0.0337 -0.9861 0.1624
vn -0.1255 0.8510 0.5100
vn -0.2401 0.8171 0.5241
vn -0.1307 0.7791 0.6131
vn -0.2249 0.8048 0.5494
vn -0.1895 0.7374 0.6483
vn -0.1239 0.7777 0.6162
vn 0.6733 -0.0968 0.7330
vn 0.6571 0.0549 0.7518
vn 0.7441 0.0097 0.6680
vn -0.1865 0.2556 -0.9486
vn -0.1850 0.2733 -0.9440
vn -0.1882 0.2378 -0.9529
vn 0.0137 0.2330 0.9724
vn -0.0069 0.1521 0.9883
vn 0.0623 0.1418 0.9879
vn -0.6646 -0.2655 -0.6984
vn -0.7148 -0.3367 -0.6130
vn -0.7000 -0.2568 -0.6663
vn 0.1275 0.4397 0.8890
vn 0.0859 0.2983 0.9506
vn 0.4199 0.2663 0.8677
vn 0.3291 -0.0059 0.9443
vn 0.2339 -0.1105 0.9660
vn 0.3418 0.0511 0.9384
vn -0.1479 0.9817 0.1200
vn -0.1910 0.9688 0.1577
vn -0.1353 0.9783 0.1569
vn -0.1012 0.0718 -0.9923
vn -0.1123 0.0044 -0.9937
vn -0.1022 0.0094 -0.9947
vn 0.5020 0.8606 -0.0857
vn -0.1009 0.0937 0.9905
vn -0.0748 0.2036 0.9762
vn -0.0760 0.0472 0.9960
vn 0.9793 -0.1153 0.1664
vn 0.9755 -0.1594 0.1519
vn 0.9831 -0.1426 0.1151
vn 0.0428 -0.9927 -0.1132
vn 0.0506 -0.9950 -0.0856
vn 0.0297 -0.9920 -0.1229
vn 0.5979 0.2262 -0.7690
vn 0.6143 0.2286 -0.7553
vn 0.6099 0.2103 -0.7641
vn 0.4372 0.0779 -0.8960
vn 0.5027 0.1459 -0.8521
vn 0.4485 0.0131 -0.8937
vn 0.5269 -0.1057 -0.8433
vn 0.5079 -0.0866 -0.8571
vn 0.4724 -0.0391 -0.8805
vn 0.0844 0.0947 -0.9919
vn 0.1339 0.1375 -0.9814
vn 0.1626 0.0778 -0.9836
vn 0.0113 0.1259 -0.9920
vn 0.1162 0.0846 -0.9896
vn 0.0675 0.0362 -0.9971
vn 0.1193 0.0109 -0.9928
vn 0.0270 -0.0225 -0.9994
vn 0.0635 -0.0144 -0.9979
vn -0.0668 0.0251 -0.9974
vn 0.0599 0.0521 -0.9968
vn -0.1616 0.0493 -0.9856
vn 0.0328 -0.1021 0.9942
vn 0.0621 -0.1548 0.9860
vn 0.0861 -0.1419 0.9861
vn -0.9298 -0.3555 -0.0958
vn -0.9159 -0.3826 0.1215
vn -0.9668 -0.1523 0.2054
vn -0.1228 -0.3573 0.9259
vn -0.1232 -0.3569 0.9260
vn -0.1246 -0.3553 0.9264
vn 0.8523 0.3971 -0.3406
vn 0.8379 0.4244 -0.3433
vn 0.8274 0.4249 -0.3673
vn 0.6133 0.1707 -0.7712
vn 0.6007 0.1476 -0.7857
vn 0.6258 0.1577 -0.7639
vn 0.7504 0.1435 -0.6452
vn 0.7572 0.0905 -0.6468
vn 0.7686 0.1456 -0.6229
vn 0.9147 0.2314 0.3314
vn 0.9348 0.1703 0.3117
vn 0.9223 0.2093 0.3248
vn 0.9444 0.1611 0.2866
vn 0.9645 0.1499 0.2175
vn 0.9517 0.1630 0.2603
vn 0.2813 0.9166 -0.2842
vn 0.3071 0.8894 -0.3386
vn 0.3147 0.8838 -0.3462
vn -0.1519 -0.0598 0.9866
vn -0.1177 -0.1517 0.9814
vn -0.0522 -0.1163 0.9918
vn -0.1541 -0.0619 0.9861
vn -0.1221 -0.0306 0.9920
vn -0.1407 -0.0766 0.9871
vn 0.1858 0.8501 0.4927
vn 0.1423 0.8257 0.5458
vn 0.1211 0.8674 0.4827
vn -0.1054 0.6509 0.7518
vn -0.0678 0.6011 0.7963
vn -0.0900 0.5705 0.8163
vn -0.2584 0.4284 0.8658
vn -0.2067 0.4568 0.8652
vn -0.2820 0.4113 0.8668
vn -0.8225 0.0316 -0.5679
vn -0.8283 0.0779 -0.5548
vn -0.8607 -0.0020 -0.5091
vn -0.8274 0.0791 -0.5560
vn -0.8076 -0.0090 -0.5897
vn -0.8479 -0.0125 -0.5300
vn -0.6000 -0.0204 -0.7998
vn -0.5342 -0.0195 -0.8451
vn -0.5557 -0.0795 -0.8276
vn -0.0051 -0.9978 0.0665
vn 0.0374 -0.9980 0.0502
vn -0.0017 -0.9979 0.0655
vn 0.1159 -0.9773 0.1772
vn 0.1531 -0.9648 0.2138
vn 0.1244 -0.9683 0.2167
vn 0.2548 0.1425 -0.9564
vn 0.2300 0.1790 -0.9566
vn 0.1647 0.1539 -0.9743
vn 0.0961 0.2865 -0.9532
vn 0.0956 0.1799 -0.9790
vn 0.0798 0.2475 -0.9656
vn 0.1948 0.0281 0.9804
vn 0.0172 -0.0082 0.9998
vn 0.0393 0.0080 0.9992
vn 0.0506 0.0104 0.9987
vn 0.0730 -0.2773 -0.9580
vn 0.1294 -0.2108 -0.9689
vn 0.2012 -0.1945 -0.9600
vn 0.7612 0.4319 0.4838
vn 0.7253 0.4474 0.5232
vn 0.7613 0.4315 0.4839
vn 0.9899 -0.0772 0.1188
vn 0.9782 0.0022 0.2077
vn 0.9843 -0.0132 0.1761
vn 0.5208 0.3016 -0.7986
vn 0.6012 0.2877 -0.7455
vn 0.5367 0.3091 -0.7851
vn -0.4417 0.3959 -0.8051
vn -0.4829 0.4389 -0.7577
vn -0.6085 0.4784 -0.6331
vn 0.3301 -0.3359 0.8821
vn 0.4042 -0.1918 0.8943
vn 0.3010 -0.1688 0.9386
vn 0.5565 -0.3438 0.7564
vn 0.4732 -0.4036 0.7831
vn 0.3781 -0.2864 0.8804
vn -0.9888 -0.1468 0.0280
vn -0.9963 -0.0678 -0.0521
vn -0.9707 -0.2347 -0.0522
vn -0.0321 -0.1090 -0.9935
vn -0.0356 -0.0580 -0.9977
vn -0.0172 -0.0705 -0.9974
vn 0.2452 0.0393 0.9687
vn 0.1120 -0.0661 0.9915
vn 0.0821 -0.1367 0.9872
vn -0.0363 0.0696 0.9969
vn -0.0840 0.0076 0.9964
vn 0.0981 -0.0552 0.9936
vn -0.1092 0.8876 0.4475
vn -0.1115 0.8869 0.4483
vn -0.1146 0.8860 0.4492
vn 0.3622 0.5661 0.7405
vn 0.3700 0.6665 0.6473
vn 0.4188 0.6313 0.6527
vn -0.0636 0.0265 -0.9976
vn -0.0671 -0.0087 -0.9977
vn -0.0578 0.0237 -0.9980
vn -0.0892 0.0091 -0.9960
vn -0.0813 0.0509 -0.9954
vn -0.0920 0.0498 -0.9945
vn 0.6773 -0.2869 -0.6775
vn 0.6822 -0.3243 -0.6554
vn 0.6553 -0.3573 -0.6655
vn 0.5433 -0.3099 -0.7803
vn 0.4939 -0.4122 -0.7656
vn 0.4949 -0.4239 -0.7585
vn 0.9611 0.0534 0.2709
vn 0.9598 0.0228 0.2799
vn 0.9541 0.0760 0.2898
vn -0.3314 0.4977 -0.8015
vn -0.5252 0.3145 -0.7907
vn -0.4801 0.3813 -0.7900
vn -0.9355 0.3135 0.1629
vn -0.9233 0.3130 0.2226
vn -0.8769 0.4190 0.2356
vn -0.8523 0.1540 0.4999
vn -0.8089 0.2942 0.5091
vn -0.7965 0.2937 0.5284
vn 0.1222 -0.0354 -0.9919
vn 0.0495 -0.1125 -0.9924
vn 0.0716 -0.0269 -0.9971
vn 0.1421 -0.0837 -0.9863
vn 0.1011 0.0035 -0.9949
vn 0.1814 -0.1156 -0.9766
vn -0.1423 -0.0461 0.9887
vn -0.0685 -0.0155 0.9975
vn -0.1224 -0.0718 0.9899
vn 0.9952 0.0853 -0.0478
vn 0.9833 0.1588 -0.0888
vn 0.9936 0.1097 -0.0258
vn 0.1122 -0.1727 -0.9786
vn 0.0953 -0.0374 -0.9947
vn 0.0091 -0.0906 -0.9959
vn -0.1744 -0.9787 0.1086
vn -0.0550 -0.9919 0.1149
vn -0.0440 -0.9977 0.0517
vn -0.4515 -0.8916 0.0355
vn -0.5128 -0.8566 0.0570
vn -0.5064 -0.8597 -0.0678
vn 0.8670 0.4714 -0.1612
vn 0.8883 0.4399 -0.1318
vn 0.8844 0.4610 -0.0735
vn 0.6740 0.4293 -0.6012
vn 0.7099 0.4277 -0.5595
vn 0.7304 0.3832 -0.5654
vn 0.2718 0.1005 -0.9571
vn 0.2030 0.2417 -0.9489
vn 0.1033 0.0561 -0.9931
vn 0.1175 0.1475 -0.9821
vn 0.1996 0.1758 -0.9640
vn -0.2727 0.1763 -0.9458
vn 0.0446 -0.9974 -0.0571
vn -0.0406 -0.9991 -0.0139
vn -0.0388 -0.9972 -0.0646
vn -0.2652 0.3520 -0.8976
vn -0.1710 0.3339 -0.9270
vn -0.2703 0.3252 -0.9062
vn 0.8038 0.5364 -0.2573
vn 0.7755 0.5647 -0.2822
vn 0.7931 0.5477 -0.2665
vn 0.2846 -0.1000 -0.9534
vn 0.2118 -0.0386 -0.9766
vn 0.2217 -0.0296 -0.9747
vn -0.0980 -0.8522 -0.5139
vn -0.1329 -0.8427 -0.5217
vn -0.1440 -0.8443 -0.5161
vn -0.0403 -0.9908 -0.1295
vn -0.0629 -0.9866 -0.1507
vn -0.0744 -0.9867 -0.1446
vn 0.1907 -0.9717 0.1395
vn 0.1163 -0.9832 0.1404
vn 0.1778 -0.9718 0.1547
vn -0.0943 -0.0553 -0.9940
vn -0.0754 0.0496 -0.9959
vn -0.0357 0.0247 -0.9991
vn -0.0977 0.0993 -0.9902
vn -0.1205 0.0329 -0.9922
vn -0.1911 0.0268 -0.9812
vn 0.9767 -0.2139 0.0185
vn 0.9732 -0.2297 0.0137
vn 0.9628 -0.2661 0.0474
vn -0.1675 -0.9656 -0.1989
vn -0.0386 -0.9723 -0.2305
vn -0.0163 -0.9695 -0.2447
vn 0.2868 -0.0457 0.9569
vn 0.3933 -0.2136 0.8943
vn 0.3870 0.0273 0.9217
vn 0.2464 0.0324 0.9686
vn 0.4153 0.1082 0.9032
vn 0.1898 0.2713 0.9436
vn -0.0502 -0.0561 -0.9972
vn -0.1104 0.0060 -0.9939
vn -0.1074 -0.0065 -0.9942
vn 0.0188 -0.0391 -0.9991
vn 0.0221 0.0213 -0.9995
vn -0.0082 -0.0343 -0.9994
vn -0.5781 0.1406 -0.8038
vn -0.5215 0.2400 -0.8188
vn -0.5131 0.2804 -0.8113
vn -0.0069 -0.1015 0.9948
vn 0.0257 -0.1311 0.9910
vn 0.0248 -0.1013 0.9945
vn -0.4274 0.8047 0.4121
vn -0.4212 0.8052 0.4174
vn -0.3444 0.8383 0.4227
vn -0.3834 0.8364 0.3918
vn -0.3344 0.8131 0.4765
vn -0.3993 0.8182 0.4136
vn -0.0255 -0.9798 -0.1986
vn -0.0592 -0.9840 -0.1678
vn -0.0237 -0.9858 -0.1662
vn -0.0916 -0.9921 0.0862
vn -0.0884 -0.9921 0.0889
vn -0.0640 -0.9925 0.1039
vn 0.0890 -0.1273 -0.9879
vn 0.1090 -0.0755 -0.9912
vn 0.0277 -0.1445 -0.9891
vn -0.0765 0.1266 0.9890
vn -0.0780 0.0138 0.9969
vn 0.0475 0.1026 0.9936
vn -0.1906 0.1783 0.9654
vn -0.0472 0.1602 0.9859
vn -0.0523 0.2708 0.9612
vn -0.7486 0.1096 -0.6538
vn -0.7500 -0.0432 -0.6601
vn -0.7699 0.0631 -0.6351
vn 0.0095 -0.9994 0.0339
vn 0.0047 -0.9994 0.0353
vn 0.0036 -0.9998 0.0192
vn 0.7204 0.3780 -0.5816
vn 0.7382 0.3820 -0.5560
vn 0.7407 0.2877 -0.6072
vn 0.7524 -0.4241 -0.5040
vn 0.6725 -0.5360 -0.5104
vn 0.6895 -0.5606 -0.4585
vn 0.8019 0.2927 -0.5209
vn 0.8038 0.2901 -0.5193
vn 0.8015 0.2933 -0.5212
vn -0.2692 0.3183 0.9090
vn -0.2159 0.3852 0.8972
vn -0.1971 0.3411 0.9191
vn -0.1501 -0.6343 -0.7583
vn -0.1471 -0.6346 -0.7587
vn -0.0968 -0.6647 -0.7408
vn -0.7692 0.0255 -0.6384
vn -0.7777 -0.0294 -0.6280
vn -0.8038 0.0181 -0.5946
vn -0.0063 -0.9695 0.2450
vn -0.0717 -0.9558 0.2850
vn -0.0765 -0.9760 0.2040
vn 0.9903 -0.1272 -0.0560
vn 0.9766 -0.1938 -0.0936
vn 0.9858 -0.1589 -0.0549
vn -0.8702 0.0682 -0.4880
vn -0.9531 -0.0233 -0.3016
vn -0.9181 -0.0321 -0.3951
vn 0.3876 0.8235 -0.4143
vn 0.3661 0.8404 -0.3996
vn 0.4622 0.7720 -0.4363
vn 0.4002 0.7216 -0.5649
vn 0.4042 0.7381 -0.5402
vn 0.4780 0.6978 -0.5335
vn -0.0439 0.2796 -0.9591
vn -0.4125 0.2180 -0.8845
vn -0.6339 0.0851 -0.7687
vn -0.6381 0.0629 -0.7674
vn -0.5591 0.1218 -0.8201
vn -0.6399 0.0089 -0.7684
vn -0.6384 0.0016 -0.7697
vn -0.6976 0.0452 -0.7151
vn -0.7543 -0.0050 0.6565
vn -0.7993 -0.1788 0.5737
vn -0.6909 -0.1807 0.7000
vn 0.3011 -0.0066 -0.9536
vn 0.3365 -0.0448 -0.9406
vn 0.4150 -0.1273 -0.9009
vn -0.0213 -0.9120 0.4096
vn -0.0469 -0.8907 0.4522
vn -0.1110 -0.8959 0.4301
vn 0.1480 -0.9843 0.0964
vn 0.1009 -0.9816 0.1621
vn 0.1048 -0.9788 0.1758
vn 0.4652 0.0572 -0.8833
vn 0.5132 0.1163 -0.8503
vn 0.4939 0.1654 -0.8537
vn 0.3992 0.8772 0.2667
vn 0.3424 0.9360 0.0820
vn 0.3049 0.9225 0.2366
vn 0.2643 0.9610 -0.0820
vn 0.1864 0.9822 0.0240
vn 0.2100 0.9772 0.0320
vn 0.9516 0.1006 0.2903
vn 0.9589 0.1258 0.2542
vn 0.9391 0.2322 0.2534
vn 0.2356 0.3753 0.8964
vn 0.2687 0.3091 0.9123
vn 0.5227 0.1190 -0.8442
vn 0.5695 0.1630 -0.8057
vn 0.5088 0.1156 -0.8531
vn -0.4216 0.7924 0.4408
vn -0.2285 0.8250 0.5169
vn -0.2160 0.8135 0.5400
vn -0.2846 0.0610 0.9567
vn -0.2474 0.0216 0.9687
vn -0.2489 0.0107 0.9685
vn 0.1182 -0.9886 -0.0930
vn 0.1189 -0.9872 -0.1064
vn 0.1046 -0.9863 -0.1275
vn 0.1233 -0.9919 -0.0317
vn 0.1482 -0.9890 -0.0032
vn 0.1552 -0.9878 -0.0147
vn -0.6935 -0.1341 -0.7078
vn -0.6470 -0.1420 -0.7492
vn -0.7336 -0.1556 -0.6615
vn 0.0521 -0.0637 -0.9966
vn 0.0007 -0.1389 -0.9903
vn 0.0358 -0.0544 -0.9979
vn 0.1027 0.0767 -0.9918
vn 0.0204 0.0251 -0.9995
vn -0.0710 0.1917 -0.9789
vn 0.0667 0.2035 -0.9768
vn -0.0758 0.0788 -0.9940
vn -0.0769 0.0820 -0.9937
vn -0.0991 0.8559 -0.5075
vn -0.1450 0.8459 -0.5132
vn -0.1195 0.8417 -0.5265
vn -0.0672 0.0457 0.9967
vn -0.0325 0.1719 0.9846
vn -0.1005 0.1052 0.9894
vn 0.8805 -0.0393 -0.4723
vn 0.8992 0.0057 -0.4374
vn 0.8925 -0.0038 -0.4510
vn -0.0834 -0.1224 -0.9890
vn -0.0928 -0.0542 -0.9942
vn -0.1045 -0.1818 -0.9778
vn 0.3773 -0.1468 -0.9144
vn 0.4458 -0.2546 -0.8582
vn 0.4274 -0.1263 -0.8952
vn 0.5491 0.4167 -0.7245
vn 0.6629 0.4359 -0.6088
vn 0.6508 0.4195 -0.6328
vn 0.3313 0.8682 -0.3694
vn 0.3324 0.8678 -0.3693
vn 0.3338 0.8673 -0.3694
vn 0.2034 0.1112 -0.9728
vn 0.1778 0.0550 -0.9825
vn 0.1773 0.0981 -0.9793
vn 0.1403 0.9447 -0.2963
vn 0.1273 0.9581 -0.2565
vn 0.1272 0.9578 -0.2579
vn 0.2260 -0.1887 0.9557
vn 0.2871 -0.2368 0.9282
vn 0.1848 -0.1052 0.9771
vn 0.0302 0.0636 0.9975
vn 0.0331 0.0552 0.9979
vn 0.0102 0.0310 0.9995
vn -0.9438 0.3274 0.0448
vn -0.9798 0.1855 -0.0742
vn -0.9547 0.2649 0.1354
vn 0.0322 -0.9994 0.0131
vn 0.0122 -0.9995 0.0297
vn 0.0029 -0.9996 0.0288
vn -0.0018 -0.9999 0.0105
vn 0.0625 -0.8460 -0.5295
vn 0.1431 -0.8416 -0.5208
vn 0.1533 -0.8156 -0.5579
vn -0.3119 0.9438 0.1096
vn -0.3296 0.9418 0.0661
vn -0.3041 0.9511 0.0547
vn -0.1605 -0.0541 0.9856
vn -0.0351 -0.1294 0.9910
vn -0.1466 -0.0261 0.9888
vn 0.0734 0.8225 0.5640
vn 0.0872 0.9197 0.3829
vn -0.0696 0.8738 0.4813
vn -0.1892 -0.1751 0.9662
vn -0.3127 0.0398 0.9490
vn -0.2889 -0.5271 0.7992
vn 0.0788 -0.0806 -0.9936
vn 0.1284 -0.2053 -0.9702
vn 0.0432 -0.2216 -0.9742
vn -0.2890 -0.1849 0.9393
vn -0.1546 -0.1713 0.9730
vn -0.2014 -0.1981 0.9593
vn 0.0049 0.1439 -0.9896
vn 0.0113 0.1245 -0.9922
vn 0.0108 0.1257 -0.9920
vn 0.1316 0.8281 -0.5450
vn 0.1868 0.7920 -0.5813
vn 0.1291 0.7475 -0.6516
vn -0.2233 -0.9720 -0.0725
vn -0.2285 -0.9700 -0.0833
vn -0.2299 -0.9696 -0.0837
vn -0.2619 0.9134 0.3116
vn -0.3578 0.8149 0.4561
vn -0.2867 0.9150 0.2840
vn -0.0780 -0.9911 -0.1078
vn -0.0755 -0.9907 -0.1131
vn -0.0715 -0.9933 -0.0905
vn -0.1361 -0.9366 -0.3229
vn -0.1350 -0.9318 -0.3369
vn -0.1517 -0.9320 -0.3292
vn -0.1715 -0.9802 0.0986
vn -0.1529 -0.9608 0.2315
vn -0.1610 -0.9807 0.1105
vn 0.0848 -0.9958 -0.0339
vn 0.0986 -0.9950 0.0162
vn 0.1250 -0.9919 0.0242
vn -0.7988 0.6010 -0.0272
vn -0.8285 0.5549 0.0754
vn -0.7888 0.6145 0.0112
vn 0.3290 0.2201 0.9183
vn 0.3428 0.2007 0.9177
vn 0.3527 0.1787 0.9185
vn -0.0675 0.0377 -0.9970
vn -0.0535 0.1792 -0.9824
vn -0.0890 0.0553 -0.9945
vn 0.3282 0.7586 -0.5629
vn 0.3026 0.7800 -0.5477
vn 0.2712 0.7974 -0.5391
vn 0.7475 -0.1149 0.6543
vn 0.8264 -0.1099 0.5523
vn 0.7625 -0.0403 0.6458
vn 0.7143 0.0833 0.6949
vn 0.7462 0.0617 0.6629
vn 0.6200 0.1547 0.7692
vn 0.4497 0.7644 0.4621
vn 0.5414 0.7264 0.4234
vn 0.5521 0.7503 0.3637
vn 0.4780 -0.2880 -0.8298
vn 0.5202 -0.2870 -0.8044
vn 0.5566 -0.3025 -0.7738
vn -0.4423 0.8923 -0.0908
vn -0.4319 0.8954 -0.1082
vn -0.4265 0.8961 -0.1227
vn 0.1339 0.6204 -0.7728
vn 0.1588 0.5868 -0.7940
vn 0.1346 0.5364 -0.8331
vn -0.0079 -0.9973 0.0726
vn -0.0352 -0.9874 0.1540
vn -0.0950 -0.9889 0.1142
vn 0.1287 -0.9917 0.0086
vn 0.1370 -0.9898 0.0383
vn 0.0646 -0.9973 0.0345
vn 0.0844 -0.9963 0.0173
vn 0.1393 -0.9889 0.0526
vn 0.0804 -0.9933 0.0834
vn -0.1031 0.9368 0.3344
vn -0.1213 0.9458 0.3012
vn -0.0644 0.9329 0.3542
vn -0.1973 0.8988 -0.3914
vn -0.0711 0.9250 -0.3733
vn -0.1233 0.9111 -0.3934
vn -0.5266 0.1134 0.8425
vn -0.6386 0.0982 0.7632
vn -0.5897 -0.0267 0.8072
vn 0.1908 0.6674 -0.7199
vn 0.1386 0.7444 -0.6532
vn 0.0029 0.6392 -0.7691
vn 0.1919 -0.1158 -0.9746
vn 0.2180 -0.1623 -0.9624
vn 0.1095 -0.1579 -0.9814
vn -0.2439 0.5525 0.7970
vn -0.2038 0.4278 0.8806
vn -0.2030 0.6026 0.7718
vn -0.0571 0.3196 -0.9458
vn 0.0481 0.1244 -0.9911
vn 0.0324 0.3243 -0.9454
vn -0.8129 0.1630 -0.5592
vn -0.8106 0.2601 -0.5246
vn -0.8165 0.2857 -0.5018
vn -0.0320 0.5483 -0.8357
vn -0.0444 0.5959 -0.8019
vn 0.0056 0.5773 -0.8165
vn -0.0892 0.5815 -0.8087
vn -0.0746 0.5911 -0.8032
vn -0.0705 0.5410 -0.8380
vn -0.0265 -0.9953 -0.0929
vn -0.0078 -0.9951 -0.0987
vn -0.0213 -0.9957 -0.0902
vn -0.0326 -0.4455 -0.8947
vn -0.0312 -0.4493 -0.8928
vn -0.0312 -0.4496 -0.8927
vn 0.2424 -0.5092 -0.8258
vn 0.2008 -0.4290 -0.8807
vn 0.2011 -0.4375 -0.8765
vn -0.0717 0.0567 0.9958
vn -0.0056 0.0017 1.0000
vn -0.0554 0.0287 0.9981
vn 0.0205 0.6823 -0.7308
vn 0.1221 0.7447 -0.6562
vn 0.1114 0.7700 -0.6283
vn -0.1444 -0.1136 0.9830
vn -0.1571 -0.0799 0.9843
vn -0.2314 -0.0169 0.9727
vn -0.0905 0.8335 0.5450
vn 0.1059 0.8726 0.4767
vn 0.0505 0.8550 0.5161
vn -0.2443 0.7066 0.6641
vn -0.1226 0.7279 0.6747
vn -0.2534 0.7045 0.6629
vn -0.8249 -0.1113 -0.5542
vn -0.7480 -0.0143 -0.6636
vn -0.6968 -0.0168 -0.7171
vn -0.1855 -0.1658 0.9685
vn 0.0080 -0.2160 0.9763
vn -0.1381 -0.3996 0.9062
vn 0.3244 0.3259 -0.8880
vn 0.2701 0.4029 -0.8745
vn 0.2608 0.3856 -0.8850
vn 0.2108 0.2719 -0.9390
vn 0.2093 0.2596 -0.9428
vn 0.2202 0.3170 -0.9225
vn 0.2892 0.0514 -0.9559
vn 0.1585 0.0311 -0.9869
vn 0.1422 -0.0148 -0.9897
vn 0.6569 0.1622 -0.7364
vn 0.7195 0.1982 -0.6657
vn 0.6803 0.0933 -0.7269
vn 0.9684 -0.1729 0.1799
vn 0.9760 -0.1564 0.1516
vn 0.9779 -0.0970 0.1853
vn 0.0187 0.0515 0.9985
vn 0.0875 0.0163 0.9960
vn -0.0177 0.2163 0.9762
vn -0.0724 -0.1019 0.9922
vn 0.0052 0.0588 0.9983
vn -0.0242 0.0764 0.9968
vn 0.2249 0.1560 -0.9618
vn 0.1998 0.1470 -0.9687
vn 0.1188 0.2109 -0.9703
vn 0.0762 0.0561 0.9955
vn 0.1665 -0.0442 0.9851
vn 0.1608 -0.1820 0.9701
vn 0.1709 -0.1885 -0.9671
vn -0.4026 0.9146 0.0374
vn -0.4155 0.9023 -0.1152
vn -0.3015 0.9534 0.0078
vn 0.3357 0.9366 0.1002
vn 0.6297 0.7764 -0.0261
vn 0.3391 0.9299 -0.1425
vn 0.6772 -0.0344 -0.7350
vn 0.5958 0.0138 -0.8030
vn 0.6266 0.0064 -0.7793
vn 0.6078 -0.1624 -0.7773
vn 0.6048 -0.1582 -0.7805
vn 0.6169 -0.1445 -0.7737
vn 0.5428 -0.0296 -0.8393
vn 0.5455 -0.0630 -0.8357
vn 0.5237 -0.0904 -0.8471
vn 0.0242 0.9279 0.3721
vn 0.0309 0.9229 0.3839
vn 0.0413 0.9257 0.3761
vn -0.1487 -0.4295 0.8908
vn -0.0758 -0.3024 0.9502
vn -0.1234 -0.2858 0.9503
vn -0.0326 -0.4527 0.8911
vn -0.1770 -0.3516 0.9192
vn -0.0998 -0.3230 0.9411
vn 0.3405 0.7277 -0.5954
vn 0.3140 0.7593 -0.5699
vn 0.3266 0.7013 -0.6336
vn 0.3270 0.7532 -0.5707
vn 0.2940 0.7643 -0.5739
vn 0.3943 0.7069 -0.5872
vn 0.0117 0.8846 -0.4661
vn -0.0138 0.8974 -0.4411
vn 0.0177 0.9107 -0.4128
vn -0.2566 -0.0113 0.9664
vn 0.2369 -0.7572 0.6087
vn -0.2149 -0.1494 -0.9651
vn -0.2113 -0.1564 -0.9648
vn -0.2120 -0.1551 -0.9649
vn 0.0343 0.0338 -0.9988
vn 0.0376 0.0384 -0.9986
vn 0.0247 0.0218 -0.9995
vn -0.0121 -0.9997 -0.0224
vn -0.0031 -0.9984 0.0557
vn -0.0698 -0.9973 0.0216
vn 0.0848 -0.9774 -0.1937
vn 0.0259 -0.9889 -0.1464
vn -0.0016 -0.9765 -0.2153
vn 0.3089 0.0732 0.9483
vn 0.2505 0.0354 0.9675
vn 0.2825 0.0289 0.9588
vn 0.2223 0.0412 0.9741
vn 0.2696 0.0888 0.9589
vn 0.2889 0.0517 0.9560
vn 0.3666 -0.1300 0.9213
vn 0.4066 -0.1299 0.9043
vn 0.4050 -0.0687 0.9117
vn 0.6607 -0.1073 -0.7430
vn 0.6600 -0.1191 -0.7418
vn 0.6692 -0.1751 -0.7222
vn -0.0402 0.0640 -0.9971
vn -0.0198 0.1296 -0.9914
vn -0.0142 0.1109 -0.9937
vn 0.3006 0.6763 0.6725
vn 0.2834 0.6691 0.6870
vn 0.2975 0.6754 0.6748
vn 0.2526 0.7469 0.6151
vn 0.2632 0.7520 0.6043
vn 0.2530 0.7471 0.6147
vn 0.0588 -0.0048 -0.9983
vn -0.0795 -0.0249 -0.9965
vn -0.3309 -0.1551 -0.9308
vn -0.0718 0.1470 -0.9865
vn 0.0361 -0.0806 -0.9961
vn -0.1830 -0.1484 -0.9719
vn 0.3323 0.9421 0.0444
vn 0.3323 0.9430 0.0160
vn 0.3267 0.9447 0.0272
vn 0.2922 0.9508 -0.1031
vn 0.2904 0.9535 -0.0805
vn 0.2864 0.9542 -0.0861
vn -0.1159 -0.3111 0.9433
vn 0.0718 -0.0951 0.9929
vn 0.0713 -0.0980 0.9926
vn -0.1362 0.3774 -0.9160
vn -0.0483 0.4092 -0.9112
vn -0.0359 0.4297 -0.9023
vn -0.0325 0.2481 -0.9682
vn 0.0655 0.1971 -0.9782
vn -0.0097 0.2695 -0.9630
vn -0.8902 -0.1956 0.4114
vn -0.9151 -0.1061 0.3889
vn -0.9091 -0.2048 0.3626
vn -0.1537 0.0051 0.9881
vn -0.0686 -0.1036 0.9923
vn -0.1605 -0.0322 0.9865
vn -0.1057 -0.1652 0.9806
vn -0.0463 -0.1141 0.9924
vn -0.1512 -0.1271 0.9803
vn -0.2351 -0.0813 0.9686
vn -0.1789 -0.0734 0.9811
vn -0.1673 -0.0692 0.9835
vn 0.0622 0.2736 0.9598
vn 0.0694 0.1543 0.9856
vn 0.1728 0.2285 0.9581
vn -0.0405 0.3061 0.9511
vn 0.0853 0.2808 0.9560
vn 0.0569 0.3846 0.9213
vn 0.5597 0.7216 0.4074
vn 0.5426 0.7314 0.4131
vn 0.5750 0.7115 0.4039
vn 0.6864 0.0341 0.7264
vn 0.6835 0.0370 0.7291
vn 0.6806 0.0400 0.7315
vn -0.9206 -0.2004 0.3351
vn -0.9161 -0.2044 0.3448
vn -0.9110 -0.2182 0.3500
vn -0.7691 0.0828 0.6338
vn -0.7647 0.0671 0.6409
vn -0.7615 0.0611 0.6453
vn -0.8722 -0.1883 0.4514
vn -0.8740 -0.2015 0.4423
vn -0.8621 -0.1913 0.4693
vn 0.9816 -0.1790 0.0668
vn 0.9886 -0.1376 0.0616
vn 0.9945 -0.0715 0.0769
vn 0.0512 -0.0306 -0.9982
vn 0.1646 -0.0157 -0.9862
vn 0.2647 -0.0633 -0.9623
vn 0.9592 0.0635 -0.2756
vn 0.9277 0.1283 -0.3505
vn 0.9198 0.1110 -0.3763
vn 0.8124 -0.1872 -0.5522
vn 0.8414 -0.1583 -0.5167
vn 0.8313 -0.1241 -0.5418
vn -0.0858 -0.9939 -0.0686
vn -0.0922 -0.9933 -0.0695
vn -0.0752 -0.9963 -0.0424
vn -0.0253 -0.9894 -0.1432
vn 0.0011 -0.9940 -0.1092
vn -0.0097 -0.9930 -0.1173
vn -0.1577 0.9595 -0.2334
vn -0.2123 0.9529 -0.2167
vn -0.2060 0.9535 -0.2200
vn -0.5364 0.0072 -0.8439
vn -0.5818 0.0036 -0.8133
vn -0.5897 -0.0527 -0.8059
vn -0.6239 -0.1572 -0.7655
vn -0.7274 -0.2521 -0.6382
vn -0.6804 -0.2014 -0.7046
vn -0.4452 0.0368 -0.8947
vn -0.4368 -0.0039 -0.8995
vn -0.4580 0.0208 -0.8887
vn -0.2174 0.9680 -0.1254
vn -0.2187 0.9687 -0.1177
vn -0.1929 0.9809 -0.0233
vn -0.3555 0.8538 0.3803
vn -0.3644 0.8195 0.4424
vn -0.3491 0.8299 0.4353
vn -0.6593 -0.2573 -0.7064
vn -0.6369 -0.1447 -0.7572
vn -0.4260 -0.2077 -0.8806
vn -0.1133 0.4302 0.8956
vn -0.0793 0.5378 0.8393
vn -0.1917 0.4533 0.8705
vn -0.3223 0.7803 0.5360
vn -0.4115 0.7451 0.5249
vn -0.3633 0.7359 0.5714
vn -0.3319 0.9104 -0.2471
vn -0.2763 0.9217 -0.2723
vn -0.3382 0.9150 -0.2203
vn -0.0464 0.1593 0.9861
vn -0.1448 0.0895 0.9854
vn -0.0831 0.0050 0.9965
vn 0.4240 0.1768 -0.8882
vn 0.4472 0.1874 -0.8746
vn 0.4201 0.1447 -0.8959
vn 0.3721 0.7453 -0.5532
vn 0.4219 0.6983 -0.5782
vn 0.4262 0.7630 -0.4859
vn 0.4930 0.4314 -0.7556
vn 0.4030 0.4280 -0.8089
vn 0.3712 0.4502 -0.8121
vn -0.8740 0.1505 0.4621
vn -0.8944 0.1196 0.4309
vn -0.8933 0.1170 0.4339
vn -0.4299 0.1728 0.8862
vn -0.4291 0.1719 0.8867
vn -0.4288 0.1717 0.8869
vn -0.9108 0.1889 0.3670
vn -0.9045 0.2140 0.3690
vn -0.8959 0.2410 0.3732
vn 0.3897 0.1635 0.9063
vn 0.3785 0.2082 0.9019
vn 0.4283 0.1558 0.8901
vn 0.2578 0.0612 0.9643
vn 0.2870 -0.0123 0.9578
vn 0.3050 0.0058 0.9523
vn 0.2782 0.8999 0.3359
vn 0.2924 0.9424 0.1625
vn 0.2942 0.9392 0.1772
vn 0.2889 -0.1504 0.9455
vn 0.3952 -0.2602 0.8809
vn 0.3499 -0.2135 0.9121
vn -0.6547 0.7476 0.1119
vn -0.6376 0.7609 0.1200
vn -0.6449 0.7555 0.1160
vn -0.6636 0.7020 0.2587
vn -0.6625 0.7270 0.1806
vn -0.7674 0.6191 0.1668
vn -0.9084 -0.2113 0.3608
vn -0.8900 -0.0707 0.4504
vn -0.9063 -0.1943 0.3753
vn -0.9212 0.0857 -0.3796
vn -0.9032 -0.0123 -0.4291
vn -0.8746 0.1282 -0.4676
vn -0.2552 0.7456 0.6156
vn -0.1664 0.7732 0.6119
vn -0.1752 0.8116 0.5573
vn -0.8121 0.1448 -0.5652
vn -0.8751 0.1080 -0.4717
vn -0.8502 0.2214 -0.4776
vn 0.8689 -0.3585 -0.3413
vn 0.8201 -0.4009 -0.4083
vn 0.8234 -0.4066 -0.3959
vn 0.0615 0.9922 -0.1084
vn 0.0156 0.9894 -0.1443
vn 0.0034 0.9826 -0.1858
vn 0.1182 -0.0579 0.9913
vn 0.1560 0.0141 0.9877
vn 0.0407 0.1435 0.9888
vn 0.0948 -0.0032 0.9955
vn 0.1849 0.0495 0.9815
vn 0.0504 -0.0511 0.9974
vn -0.0880 -0.9763 -0.1976
vn -0.0492 -0.9946 -0.0918
vn -0.0842 -0.9754 -0.2039
vn -0.0363 -0.1515 -0.9878
vn 0.0317 -0.2458 -0.9688
vn 0.0867 -0.2542 -0.9633
vn -0.1282 -0.1011 -0.9866
vn -0.0991 -0.1395 -0.9853
vn -0.1196 -0.1202 -0.9855
vn -0.7075 -0.4655 -0.5317
vn -0.7579 -0.3540 -0.5479
vn -0.7975 -0.1935 -0.5714
vn -0.0182 0.0612 -0.9980
vn -0.0208 0.0945 -0.9953
vn -0.0226 0.1063 -0.9941
vn -0.0725 0.2400 -0.9681
vn -0.1114 0.2192 -0.9693
vn 0.0113 0.2695 -0.9629
vn 0.3659 0.6316 -0.6835
vn 0.4181 0.5902 -0.6906
vn 0.4188 0.5897 -0.6906
vn -0.1912 0.3219 -0.9272
vn -0.1503 0.3485 -0.9252
vn -0.0995 0.3927 -0.9143
vn -0.3430 0.8076 0.4797
vn -0.0958 0.8318 0.5467
vn -0.6730 0.3420 0.6558
vn 0.1082 0.6245 0.7735
vn 0.2589 0.5743 0.7767
vn 0.1398 0.8479 0.5113
vn 0.0750 0.5463 -0.8342
vn 0.4196 0.2154 -0.8818
vn 0.2707 0.3402 -0.9006
vn 0.1013 0.5625 0.8206
vn 0.2630 0.4964 0.8273
vn 0.3537 0.4844 0.8002
vn 0.3114 -0.2554 -0.9153
vn 0.2584 -0.1751 -0.9500
vn 0.2205 -0.2474 -0.9435
vn 0.1063 -0.3421 -0.9336
vn 0.1120 -0.3695 -0.9225
vn 0.1170 -0.4169 -0.9014
vn 0.2522 0.0872 0.9637
vn 0.1947 0.0876 0.9769
vn 0.2332 0.0850 0.9687
vn -0.0267 -0.9389 0.3431
vn 0.1183 -0.9518 0.2830
vn 0.0213 -0.9246 0.3804
vn 0.0158 -0.7147 0.6993
vn 0.0498 -0.6881 0.7239
vn 0.0814 -0.6554 0.7509
vn 0.6412 0.7672 -0.0151
vn 0.6209 0.7816 -0.0593
vn 0.6202 0.7844 0.0029
vn -0.9653 -0.2541 -0.0603
vn -0.9749 -0.1740 -0.1390
vn -0.9310 -0.3408 -0.1311
vn -0.2897 0.5665 0.7714
vn -0.1978 0.3697 0.9078
vn -0.0680 0.5153 0.8543
vn 0.0232 0.9073 -0.4198
vn 0.0414 0.9468 -0.3191
vn 0.0196 0.9172 -0.3979
vn -0.3113 0.9486 0.0563
vn -0.2583 0.9625 0.0835
vn -0.3572 0.9296 -0.0915
vn 0.1098 0.8103 0.5757
vn 0.1076 0.8251 0.5547
vn 0.1345 0.8206 0.5555
vn 0.1806 0.2736 -0.9448
vn 0.2314 0.2515 -0.9398
vn 0.1824 0.2914 -0.9391
vn 0.2354 -0.9392 0.2500
vn 0.2276 -0.9449 0.2352
vn 0.2424 -0.9404 0.2385
vn 0.0763 -0.9961 0.0434
vn 0.0435 -0.9990 0.0123
vn 0.0609 -0.9960 0.0651
vn 0.3999 0.0667 -0.9141
vn 0.4062 0.2501 -0.8789
vn 0.3973 0.1967 -0.8964
vn 0.8487 0.4067 0.3380
vn 0.8082 0.4151 0.4178
vn 0.8120 0.3989 0.4260
vn 0.1675 0.3287 -0.9295
vn 0.3600 0.2905 -0.8866
vn 0.1117 0.3995 -0.9099
vn 0.1122 0.4867 -0.8663
vn 0.1303 0.4678 -0.8742
vn 0.1244 0.2790 -0.9522
vn 0.0438 -0.0474 -0.9979
vn 0.1255 -0.0041 -0.9921
vn 0.0891 -0.0091 -0.9960
vn -0.9888 0.0703 0.1314
vn -0.9789 0.2042 0.0072
vn -0.9994 -0.0006 0.0351
vn 0.8310 0.2443 -0.4998
vn 0.8507 0.2056 -0.4837
vn 0.8252 0.2653 -0.4987
vn 0.4433 0.4224 0.7906
vn -0.4184 0.4771 0.7728
vn -0.4966 0.4656 0.7326
vn -0.4139 0.5037 0.7583
vn -0.9953 -0.0258 0.0937
vn -0.9999 0.0110 -0.0062
vn -0.9887 -0.0106 0.1496
vn 0.0708 -0.0066 -0.9975
vn 0.0447 0.0124 -0.9989
vn 0.0482 -0.0131 -0.9988
vn 0.3271 -0.0850 0.9412
vn 0.3365 -0.0923 0.9372
vn 0.3215 -0.0871 0.9429
vn -0.1394 0.0017 0.9902
vn -0.1154 -0.1763 0.9776
vn -0.1577 -0.1852 0.9700
vn -0.5199 0.2697 0.8105
vn -0.5318 0.3672 0.7631
vn -0.6391 0.3125 0.7027
vn -0.0395 0.9199 -0.3901
vn -0.0091 0.9211 -0.3893
vn -0.0106 0.8808 -0.4734
vn -0.2413 -0.9646 0.1069
vn -0.2387 -0.9646 0.1123
vn -0.2198 -0.9696 0.1078
vn 0.0810 0.5443 0.8350
vn 0.0745 0.7824 0.6183
vn 0.0609 0.6233 0.7796
vn 0.0795 0.0408 -0.9960
vn 0.0661 0.0464 -0.9967
vn 0.0789 0.0572 -0.9952
vn -0.6420 0.3157 -0.6987
vn -0.7036 0.4090 -0.5810
vn -0.7211 0.3427 -0.6021
vn 0.0701 0.1462 0.9868
vn 0.1436 0.2319 0.9621
vn 0.0124 0.1590 0.9872
vn -0.1106 0.1482 -0.9827
vn -0.1211 0.1502 -0.9812
vn -0.0665 0.1564 -0.9854
vn -0.1785 0.9660 -0.1870
vn -0.1784 0.9660 -0.1870
vn -0.1763 0.9664 -0.1870
vn 0.0266 -0.1743 -0.9843
vn 0.0290 -0.1743 -0.9843
vn 0.0237 -0.1746 -0.9843
vn -0.0741 -0.1201 -0.9900
vn -0.0852 -0.1569 -0.9839
vn -0.0201 -0.2182 -0.9757
vn 0.6296 -0.1828 -0.7551
vn 0.6284 -0.1831 -0.7560
vn 0.6291 -0.1829 -0.7555
vn 0.1674 0.0523 0.9845
vn 0.2473 0.1401 0.9587
vn 0.1411 0.0944 0.9855
vn 0.0253 0.2868 0.9577
vn -0.0006 0.2527 0.9675
vn 0.0204 0.2987 0.9541
vn -0.0456 -0.9889 -0.1413
vn -0.0762 -0.9950 -0.0638
vn -0.1145 -0.9869 -0.1140
vn -0.9702 -0.1035 0.2191
vn -0.9711 -0.0937 0.2193
vn -0.9692 -0.1144 0.2181
vn -0.4681 -0.8028 -0.3693
vn -0.4812 -0.7995 -0.3596
vn -0.4856 -0.7975 -0.3580
vn 0.1643 0.0270 0.9860
vn 0.1311 -0.0281 0.9910
vn 0.1436 0.0130 0.9896
vn -0.6934 -0.1017 -0.7133
vn -0.8233 -0.2232 -0.5219
vn -0.6593 -0.5129 -0.5497
vn -0.8228 -0.5665 -0.0460
vn -0.8224 -0.5677 -0.0382
vn -0.8235 -0.5642 -0.0586
vn -0.0087 0.1720 0.9851
vn -0.1076 0.1158 0.9874
vn -0.0602 0.0508 0.9969
vn -0.1558 -0.9878 0.0004
vn -0.1759 -0.9844 -0.0041
vn -0.1429 -0.9895 -0.0199
vn -0.0190 -0.9235 0.3832
vn -0.0428 -0.9060 0.4210
vn -0.0360 -0.9332 0.3576
vn 0.0246 -0.8717 -0.4895
vn 0.0273 -0.8405 -0.5412
vn 0.1085 -0.8656 -0.4889
vn 0.0568 -0.9410 -0.3335
vn -0.0096 -0.9338 -0.3575
vn 0.0175 -0.9335 -0.3582
vn 0.4408 -0.0077 0.8976
vn 0.4408 -0.0080 0.8976
vn 0.4406 -0.0087 0.8976
vn -0.0839 0.2794 -0.9565
vn -0.0899 0.2620 -0.9609
vn -0.0945 0.2653 -0.9595
vn -0.5402 0.3320 -0.7733
vn -0.5380 0.3322 -0.7747
vn -0.5418 0.3317 -0.7723
vn -0.0736 0.2546 -0.9642
vn -0.0294 0.2733 -0.9615
vn -0.0044 0.3048 -0.9524
vn 0.1752 0.2435 -0.9539
vn 0.1872 0.2423 -0.9520
vn -0.1740 0.3209 -0.9310
vn 0.0211 -0.9800 -0.1979
vn 0.0049 -0.9816 -0.1911
vn 0.0134 -0.9869 -0.1609
vn 0.0079 -0.9845 -0.1750
vn 0.3241 -0.0872 -0.9420
vn 0.3810 -0.1149 -0.9174
vn 0.3493 0.0243 -0.9367
vn 0.3021 0.0510 -0.9519
vn 0.3835 -0.0264 -0.9232
vn -0.1475 0.0765 0.9861
vn -0.1336 0.1257 0.9830
vn 0.0115 0.0410 0.9991
vn -0.0750 0.1726 0.9821
vn 0.0506 0.1579 -0.9861
vn 0.1593 0.0670 -0.9850
vn 0.1456 0.1246 -0.9815
vn 0.1068 0.1474 -0.9833
vn 0.1896 -0.0301 0.9814
vn 0.2144 -0.0761 0.9738
vn 0.1564 -0.1025 0.9824
vn 0.0732 -0.1089 0.9914
vn -0.0887 0.0531 0.9946
vn -0.0307 0.0939 0.9951
vn -0.0673 0.0807 0.9945
vn -0.0092 0.0579 0.9983
vn -0.0967 -0.0931 0.9909
vn -0.0848 -0.1118 0.9901
vn 0.0240 -0.0764 0.9968
vn 0.0507 -0.0699 0.9963
vn 0.0062 -1.0000 -0.0062
vn -0.0002 -1.0000 0.0004
vn -0.0027 -1.0000 0.0058
vn 0.0106 -0.9999 -0.0098
vn 0.4831 0.8323 0.2720
vn 0.5249 0.8296 -0.1904
vn 0.2657 0.9609 0.0786
vn 0.0945 0.1677 0.9813
vn 0.0396 0.0896 0.9952
vn 0.0523 0.1180 0.9916
vn 0.0310 0.1319 0.9908
vn 0.0533 -0.0760 -0.9957
vn 0.0925 -0.0357 -0.9951
vn 0.1027 -0.0629 -0.9927
vn 0.0026 -0.1014 -0.9948
vn -0.9475 -0.2389 0.2124
vn -0.9443 -0.2445 0.2203
vn -0.8933 -0.3714 0.2530
vn -0.9202 -0.2047 0.3337
vn 0.0006 0.0043 1.0000
vn 0.0268 -0.0406 0.9988
vn 0.0455 -0.0086 0.9989
vn 0.0110 0.0097 0.9999
vn -0.5800 0.4281 0.6930
vn -0.7246 0.2664 0.6356
vn -0.5535 0.4090 0.7256
vn -0.5529 0.4155 0.7223
vn 0.1816 0.8250 0.5351
vn 0.0741 0.8335 0.5475
vn 0.0184 0.7925 0.6096
vn -0.0426 0.0757 0.9962
vn -0.0042 -0.0448 0.9990
vn -0.0401 0.0409 0.9984
vn -0.0042 -0.9998 -0.0185
vn -0.0078 -0.9987 -0.0494
vn -0.0155 -0.9998 -0.0138
vn -0.0091 -0.9993 -0.0375
vn 0.0019 0.0309 0.9995
vn -0.0902 0.1589 0.9832
vn 0.0629 0.0311 0.9975
vn 0.0782 -0.0278 0.9965
vn 0.0744 0.0866 0.9935
vn -0.0005 0.1134 0.9936
vn 0.0714 0.1237 0.9897
vn -0.8156 0.4003 0.4179
vn -0.8028 0.3853 0.4551
vn -0.8260 0.3844 0.4123
vn -0.0553 0.0600 -0.9967
vn -0.0440 0.0456 -0.9980
vn -0.1357 -0.0320 -0.9902
vn -0.1013 0.2461 -0.9639
vn -0.0420 0.2123 -0.9763
vn -0.0427 0.2061 -0.9776
vn -0.0395 0.1749 -0.9838
vn -0.0974 0.0604 -0.9934
vn -0.0737 0.0458 -0.9962
vn -0.0878 0.0361 -0.9955
vn -0.0856 -0.0202 -0.9961
vn -0.1313 -0.0569 -0.9897
vn -0.4053 -0.2167 -0.8881
vn -0.4517 -0.1497 -0.8795
vn -0.3927 -0.0852 -0.9157
vn -0.9305 -0.0063 -0.3663
vn -0.7715 0.2487 -0.5857
vn -0.7806 0.2158 -0.5866
vn -0.8345 0.0863 -0.5443
vn -0.8298 0.0571 -0.5552
vn 0.5810 0.2334 -0.7797
vn 0.5814 0.2333 -0.7794
vn 0.5748 0.2344 -0.7840
vn 0.5809 0.2528 -0.7737
vn 0.0024 -0.9957 -0.0930
vn 0.0611 -0.9971 -0.0455
vn -0.0008 -0.9985 -0.0539
vn -0.0036 -0.9970 -0.0775
vn -0.0167 -0.2083 -0.9779
vn -0.0152 -0.1235 -0.9922
vn 0.0576 -0.0798 -0.9951
vn -0.0375 -0.1547 -0.9873
vn -0.0671 -0.9977 -0.0003
vn -0.0706 -0.9974 -0.0114
vn -0.0620 -0.9981 -0.0044
vn 0.1875 0.0263 0.9819
vn 0.1523 -0.0709 0.9858
vn 0.0840 -0.0118 0.9964
vn 0.0840 -0.0116 0.9964
vn -0.1001 -0.9773 -0.1869
vn -0.1070 -0.9909 -0.0822
vn -0.1119 -0.9867 -0.1181
vn -0.1028 -0.9896 -0.1010
vn -0.0768 -0.9895 -0.1220
vn 0.1320 0.0924 0.9869
vn 0.0117 0.1692 0.9855
vn 0.0795 0.0764 0.9939
vn 0.0164 0.0410 0.9990
vn 0.6644 0.2042 -0.7190
vn 0.7001 0.1743 -0.6925
vn 0.6642 0.2548 -0.7028
vn 0.7351 0.1539 -0.6603
vn -0.0712 -0.9972 0.0237
vn -0.0670 -0.9975 0.0211
vn -0.0695 -0.9972 0.0294
vn -0.0812 -0.9961 0.0359
vn 0.0475 -0.0763 0.9960
vn 0.0284 -0.1174 0.9927
vn 0.0430 -0.1128 0.9927
vn 0.0593 -0.0865 0.9945
vn -0.0088 0.0267 0.9996
vn 0.0138 0.0722 0.9973
vn -0.0040 0.0700 0.9975
vn 0.0033 0.1475 0.9891
vn -0.0414 -0.9780 -0.2044
vn -0.0275 -0.9789 -0.2025
vn -0.0368 -0.9813 -0.1890
vn -0.0410 -0.9787 -0.2014
vn 0.0209 -0.9997 -0.0133
vn -0.0382 -0.9989 0.0284
vn 0.0189 -0.9997 0.0177
vn -0.0606 -0.0402 -0.9974
vn -0.0798 0.0112 -0.9967
vn -0.1150 -0.0177 -0.9932
vn -0.1357 -0.0416 -0.9899
vn 0.7393 -0.5825 -0.3377
vn 0.7032 -0.5780 -0.4140
vn 0.7660 -0.5279 -0.3668
vn 0.7370 -0.5836 -0.3410
vn 0.0447 -0.9933 0.1070
vn 0.0294 -0.9989 0.0372
vn 0.0327 -0.9970 0.0705
vn 0.0939 -0.9939 0.0578
vn 0.8488 0.1594 -0.5042
vn 0.8523 0.1403 -0.5039
vn 0.8029 0.1437 -0.5785
vn 0.8262 0.1140 -0.5518
vn -0.6600 -0.0836 -0.7466
vn -0.6873 0.2361 -0.6869
vn -0.5821 0.1771 -0.7936
vn -0.7125 -0.0504 -0.6999
vn 0.4657 0.6557 0.5943
vn 0.4488 0.6488 0.6145
vn 0.4728 0.6913 0.5464
vn 0.0651 -0.1807 0.9814
vn 0.0884 -0.1763 0.9803
vn 0.1318 -0.1626 0.9778
vn -0.0061 -0.1640 0.9864
vn -0.8640 -0.0922 0.4950
vn -0.8767 -0.1971 0.4389
vn -0.8816 -0.1635 0.4427
vn -0.8463 -0.2790 0.4538
vn -0.0200 0.4210 0.9068
vn -0.1255 0.4184 0.8995
vn -0.2804 0.3121 0.9077
vt 0.344079 0.393563
vt 0.344105 0.393575
vt 0.344056 0.393620
vt 0.344083 0.393698
vt 0.344034 0.393634
vt 0.344079 0.393649
vt 0.344346 0.393821
vt 0.344399 0.393798
vt 0.344412 0.393819
vt 0.349264 0.397104
vt 0.349275 0.397075
vt 0.349306 0.397083
vt 0.344809 0.393766
vt 0.344902 0.393672
vt 0.344872 0.393769
vt 0.345595 0.399286
vt 0.345633 0.399234
vt 0.345646 0.399310
vt 0.344433 0.394142
vt 0.344389 0.394136
vt 0.344371 0.394076
vt 0.344229 0.393546
vt 0.344289 0.393438
vt 0.344284 0.393585
vt 0.347745 0.391984
vt 0.347827 0.391979
vt 0.348103 0.399152
vt 0.364049 0.907416
vt 0.365448 0.906086
vt 0.364005 0.907407
vt 0.344337 0.393946
vt 0.344346 0.393979
vt 0.344319 0.393954
vt 0.344500 0.393836
vt 0.344505 0.393774
vt 0.349036 0.398066
vt 0.349157 0.398028
vt 0.349157 0.398069
vt 0.344107 0.393725
vt 0.344108 0.393771
vt 0.344069 0.393749
vt 0.344921 0.393658
vt 0.344898 0.393558
vt 0.344961 0.393581
vt 0.364733 0.905113
vt 0.364716 0.905121
vt 0.364701 0.905101
vt 0.367111 0.906912
vt 0.367132 0.906963
vt 0.367105 0.906969
vt 0.345011 0.395138
vt 0.344954 0.395249
vt 0.344917 0.395117
vt 0.345978 0.400634
vt 0.346030 0.400602
vt 0.346077 0.400664
vt 0.344147 0.393521
vt 0.344214 0.393563
vt 0.344152 0.393628
vt 0.347594 0.391944
vt 0.347633 0.392033
vt 0.347545 0.392021
vt 0.344082 0.393842
vt 0.344068 0.393774
vt 0.344104 0.393793
vt 0.344482 0.393923
vt 0.344413 0.393934
vt 0.344418 0.393874
vt 0.345145 0.393545
vt 0.345178 0.393579
vt 0.345144 0.393595
vt 0.344316 0.393869
vt 0.344352 0.393879
vt 0.340987 0.395429
vt 0.341030 0.395444
vt 0.340991 0.395458
vt 0.348279 0.396507
vt 0.348319 0.396387
vt 0.348311 0.396525
vt 0.344983 0.393558
vt 0.345055 0.393425
vt 0.345086 0.393528
vt 0.344702 0.395392
vt 0.344659 0.395447
vt 0.344653 0.395384
vt 0.346397 0.399148
vt 0.346444 0.399148
vt 0.346455 0.399161
vt 0.344499 0.393573
vt 0.344435 0.393690
vt 0.344446 0.393563
vt 0.345026 0.394940
vt 0.344895 0.394958
vt 0.344908 0.394927
vt 0.346833 0.395122
vt 0.346898 0.395141
vt 0.346802 0.395153
vt 0.340876 0.395233
vt 0.340889 0.395332
vt 0.340811 0.395325
vt 0.346387 0.399246
vt 0.346426 0.399356
vt 0.346367 0.399262
vt 0.347539 0.399444
vt 0.344931 0.393455
vt 0.344897 0.393443
vt 0.347076 0.392509
vt 0.347114 0.392453
vt 0.347097 0.392551
vt 0.344858 0.395497
vt 0.344971 0.395496
vt 0.344839 0.395550
vt 0.365146 0.907240
vt 0.365188 0.907216
vt 0.365181 0.907252
vt 0.367714 0.906438
vt 0.367743 0.906473
vt 0.367708 0.906490
vt 0.364751 0.905043
vt 0.364740 0.905068
vt 0.364721 0.905052
vt 0.344025 0.393612
vt 0.367128 0.906853
vt 0.367111 0.906771
vt 0.367120 0.906775
vt 0.344910 0.396798
vt 0.344910 0.396735
vt 0.344919 0.396725
vt 0.349315 0.392327
vt 0.349264 0.392327
vt 0.349302 0.392311
vt 0.347493 0.396155
vt 0.347550 0.396040
vt 0.347541 0.396159
vt 0.344736 0.396825
vt 0.344743 0.396873
vt 0.344653 0.396843
vt 0.344958 0.395314
vt 0.344340 0.394138
vt 0.344987 0.395339
vt 0.344188 0.393661
vt 0.345587 0.400592
vt 0.346702 0.394562
vt 0.344752 0.396737
vt 0.342975 0.396881
vt 0.342889 0.396799
vt 0.342973 0.396797
vt 0.344921 0.393680
vt 0.345020 0.393710
vt 0.340943 0.395344
vt 0.340924 0.395439
vt 0.340949 0.395596
vt 0.340912 0.395666
vt 0.340895 0.395595
vt 0.364693 0.905430
vt 0.364713 0.905434
vt 0.364699 0.905475
vt 0.364722 0.905472
vt 0.317215 0.401001
vt 0.317253 0.401035
vt 0.317180 0.401019
vt 0.347078 0.392746
vt 0.347057 0.392815
vt 0.347062 0.392722
vt 0.345606 0.398820
vt 0.345699 0.398899
vt 0.345600 0.398876
vt 0.348610 0.393551
vt 0.348634 0.393635
vt 0.348589 0.393658
vt 0.345205 0.393537
vt 0.345154 0.393482
vt 0.364085 0.908354
vt 0.364073 0.908379
vt 0.364063 0.908383
vt 0.346089 0.400598
vt 0.346032 0.400584
vt 0.346059 0.400526
vt 0.344107 0.393659
vt 0.344120 0.393646
vt 0.344152 0.393688
vt 0.344824 0.396812
vt 0.344905 0.396866
vt 0.344810 0.396826
vt 0.344967 0.396811
vt 0.341829 0.398415
vt 0.341870 0.398514
vt 0.341829 0.398520
vt 0.345084 0.395131
vt 0.345078 0.395261
vt 0.345035 0.395136
vt 0.365411 0.905038
vt 0.365458 0.905006
vt 0.365452 0.905050
vt 0.363386 0.907447
vt 0.363394 0.907508
vt 0.363364 0.907540
vt 0.344031 0.394071
vt 0.344067 0.394002
vt 0.344042 0.394081
vt 0.347608 0.391934
vt 0.347719 0.391906
vt 0.345590 0.398823
vt 0.344484 0.393985
vt 0.346184 0.400847
vt 0.346101 0.400877
vt 0.346105 0.400825
vt 0.341150 0.395376
vt 0.341060 0.395392
vt 0.341065 0.395292
vt 0.346162 0.400673
vt 0.344714 0.395544
vt 0.344668 0.395472
vt 0.344702 0.395465
vt 0.344119 0.394010
vt 0.344170 0.393988
vt 0.344198 0.394064
vt 0.345137 0.395132
vt 0.345122 0.395237
vt 0.348138 0.398405
vt 0.348100 0.398505
vt 0.348076 0.398403
vt 0.343109 0.396881
vt 0.343129 0.396904
vt 0.343112 0.396975
vt 0.347634 0.394500
vt 0.347712 0.394591
vt 0.347610 0.394520
vt 0.345258 0.393553
vt 0.345263 0.393475
vt 0.345289 0.393493
vt 0.344115 0.393886
vt 0.346096 0.400771
vt 0.347046 0.391743
vt 0.347004 0.391645
vt 0.347049 0.391643
vt 0.344104 0.393877
vt 0.344108 0.393795
vt 0.341224 0.395258
vt 0.341145 0.395275
vt 0.344955 0.393982
vt 0.344910 0.394058
vt 0.344890 0.393984
vt 0.348598 0.392473
vt 0.348617 0.392432
vt 0.348639 0.392461
vt 0.349309 0.397523
vt 0.349247 0.397444
vt 0.349336 0.397438
vt 0.345154 0.393660
vt 0.345656 0.399045
vt 0.345685 0.399018
vt 0.348029 0.401786
vt 0.348080 0.401977
vt 0.348030 0.401888
vt 0.345576 0.399354
vt 0.345558 0.399274
vt 0.365279 0.907213
vt 0.365241 0.907236
vt 0.365223 0.907203
vt 0.348590 0.392648
vt 0.348647 0.392564
vt 0.348598 0.392660
vt 0.349131 0.394788
vt 0.349111 0.394809
vt 0.349058 0.394801
vt 0.349121 0.395406
vt 0.349158 0.395437
vt 0.349095 0.395441
vt 0.341042 0.395389
vt 0.340978 0.395339
vt 0.341041 0.395291
vt 0.345558 0.399185
vt 0.345581 0.399059
vt 0.346820 0.395256
vt 0.346697 0.395313
vt 0.344635 0.394044
vt 0.345211 0.395056
vt 0.345159 0.395088
vt 0.345160 0.395044
vt 0.344963 0.395336
vt 0.344883 0.395347
vt 0.345723 0.399169
vt 0.344142 0.393506
vt 0.348287 0.396521
vt 0.348321 0.396614
vt 0.348277 0.396623
vt 0.340699 0.395257
vt 0.340725 0.395322
vt 0.340695 0.395328
vt 0.344843 0.394071
vt 0.344833 0.393985
vt 0.368209 0.905906
vt 0.368222 0.905920
vt 0.368193 0.905920
vt 0.349102 0.395936
vt 0.349141 0.396009
vt 0.349036 0.395962
vt 0.367204 0.905816
vt 0.367182 0.905858
vt 0.367128 0.905802
vt 0.344045 0.393868
vt 0.344025 0.393979
vt 0.344027 0.393857
vt 0.348981 0.395442
vt 0.348928 0.395523
vt 0.341148 0.395494
vt 0.341245 0.395592
vt 0.341132 0.395507
vt 0.344722 0.396602
vt 0.344684 0.396670
vt 0.344688 0.396598
vt 0.347718 0.392188
vt 0.347681 0.392200
vt 0.347665 0.392152
vt 0.362584 0.906349
vt 0.362621 0.906322
vt 0.362613 0.906360
vt 0.365416 0.906105
vt 0.365447 0.906112
vt 0.347719 0.392265
vt 0.347747 0.392253
vt 0.344964 0.393970
vt 0.343013 0.396784
vt 0.343011 0.396636
vt 0.343018 0.396778
vt 0.345025 0.395012
vt 0.344901 0.395009
vt 0.344320 0.393929
vt 0.344359 0.393945
vt 0.344357 0.394075
vt 0.344311 0.394013
vt 0.344349 0.394008
vt 0.344056 0.394091
vt 0.344074 0.394040
vt 0.344073 0.394102
vt 0.347004 0.391798
vt 0.347060 0.391824
vt 0.347055 0.391842
vt 0.346731 0.395078
vt 0.346815 0.395086
vt 0.344157 0.393886
vt 0.344241 0.393971
vt 0.346616 0.399024
vt 0.346531 0.399053
vt 0.346560 0.399008
vt 0.345111 0.393571
vt 0.345031 0.393653
vt 0.344102 0.393704
vt 0.347555 0.392069
vt 0.347544 0.392055
vt 0.346991 0.391742
vt 0.344055 0.393836
vt 0.344751 0.395094
vt 0.344677 0.395194
vt 0.344658 0.395066
vt 0.347069 0.392651
vt 0.347088 0.392651
vt 0.345115 0.393569
vt 0.347535 0.394600
vt 0.347587 0.394567
vt 0.347574 0.394636
vt 0.364876 0.905372
vt 0.364863 0.905335
vt 0.364882 0.905332
vt 0.344885 0.393398
vt 0.344876 0.393389
vt 0.344882 0.393364
vt 0.346835 0.394917
vt 0.346786 0.394826
vt 0.346846 0.394822
vt 0.365264 0.907172
vt 0.365266 0.907138
vt 0.365295 0.907169
vt 0.364816 0.905480
vt 0.364743 0.905432
vt 0.364815 0.905441
vt 0.349182 0.394880
vt 0.349207 0.394865
vt 0.349257 0.394880
vt 0.348584 0.395232
vt 0.348539 0.395295
vt 0.348575 0.395221
vt 0.344516 0.393999
vt 0.344492 0.393998
vt 0.346254 0.400689
vt 0.346190 0.400778
vt 0.346189 0.400677
vt 0.344891 0.393478
vt 0.347709 0.394811
vt 0.347597 0.394759
vt 0.347652 0.394719
vt 0.368249 0.904778
vt 0.368289 0.904816
vt 0.368237 0.904816
vt 0.344597 0.393630
vt 0.344533 0.393537
vt 0.347540 0.394493
vt 0.344847 0.395049
vt 0.344849 0.395006
vt 0.344424 0.393996
vt 0.344965 0.393403
vt 0.344959 0.395436
vt 0.344964 0.395365
vt 0.365410 0.906144
vt 0.365379 0.906102
vt 0.348561 0.395366
vt 0.348579 0.395289
vt 0.348598 0.395360
vt 0.346650 0.396089
vt 0.346636 0.396141
vt 0.346625 0.396146
vt 0.348590 0.392500
vt 0.348647 0.392483
vt 0.342959 0.396633
vt 0.342915 0.396621
vt 0.342146 0.397239
vt 0.342184 0.397230
vt 0.342192 0.397319
vt 0.340974 0.395450
vt 0.345646 0.400504
vt 0.346897 0.398662
vt 0.344900 0.396668
vt 0.348588 0.395208
vt 0.348554 0.395134
vt 0.347769 0.392242
vt 0.347779 0.392181
vt 0.347793 0.392228
vt 0.346308 0.400952
vt 0.346328 0.400924
vt 0.346319 0.400978
vt 0.343102 0.396789
vt 0.343048 0.396882
vt 0.343045 0.396792
vt 0.345014 0.395068
vt 0.344920 0.395060
vt 0.345052 0.393669
vt 0.345096 0.393621
vt 0.345096 0.393669
vt 0.365401 0.905343
vt 0.365370 0.905384
vt 0.365352 0.905357
vt 0.344372 0.398523
vt 0.344415 0.398555
vt 0.344359 0.398532
vt 0.364818 0.904946
vt 0.364766 0.904954
vt 0.364774 0.904946
vt 0.345169 0.393388
vt 0.345215 0.393407
vt 0.345218 0.393420
vt 0.344877 0.393558
vt 0.344835 0.393651
vt 0.344817 0.393558
vt 0.348423 0.395557
vt 0.348521 0.395519
vt 0.348466 0.395608
vt 0.343782 0.398416
vt 0.343815 0.398403
vt 0.343815 0.398515
vt 0.348427 0.395660
vt 0.348400 0.395679
vt 0.348415 0.395633
vt 0.365125 0.906223
vt 0.365155 0.906229
vt 0.365126 0.906266
vt 0.347685 0.394656
vt 0.340982 0.395507
vt 0.341028 0.395493
vt 0.341020 0.395580
vt 0.364770 0.905285
vt 0.364802 0.905218
vt 0.364817 0.905279
vt 0.344772 0.396930
vt 0.344802 0.396874
vt 0.347583 0.396167
vt 0.347550 0.396244
vt 0.345106 0.393681
vt 0.345101 0.393744
vt 0.344292 0.394157
vt 0.344283 0.394150
vt 0.344535 0.393827
vt 0.362466 0.906345
vt 0.362418 0.906290
vt 0.362462 0.906278
vt 0.344645 0.393983
vt 0.344514 0.394074
vt 0.348047 0.402070
vt 0.348098 0.402110
vt 0.348063 0.402143
vt 0.364988 0.905361
vt 0.364968 0.905409
vt 0.364955 0.905361
vt 0.344062 0.402379
vt 0.344124 0.402288
vt 0.344104 0.393640
vt 0.342133 0.398073
vt 0.342171 0.398153
vt 0.342119 0.398166
vt 0.340702 0.395676
vt 0.340694 0.395599
vt 0.340761 0.395595
vt 0.348643 0.393664
vt 0.348600 0.393715
vt 0.344394 0.398678
vt 0.344363 0.398624
vt 0.344399 0.398626
vt 0.340934 0.395517
vt 0.345001 0.393796
vt 0.344932 0.393348
vt 0.340794 0.395270
vt 0.340747 0.395341
vt 0.340756 0.395256
vt 0.344508 0.393748
vt 0.344517 0.393665
vt 0.344536 0.393756
vt 0.344333 0.393750
vt 0.345111 0.394983
vt 0.345105 0.394960
vt 0.342906 0.396604
vt 0.365175 0.907346
vt 0.365129 0.907383
vt 0.365113 0.907353
vt 0.347517 0.396034
vt 0.344557 0.393757
vt 0.344648 0.393729
vt 0.346767 0.394990
vt 0.365146 0.906324
vt 0.365129 0.906187
vt 0.365159 0.906205
vt 0.340768 0.395151
vt 0.340733 0.395068
vt 0.340770 0.395063
vt 0.344800 0.393471
vt 0.344841 0.393474
vt 0.340740 0.395424
vt 0.340695 0.395496
vt 0.340699 0.395432
vt 0.347055 0.391397
vt 0.347004 0.391508
vt 0.346981 0.391401
vt 0.343165 0.398171
vt 0.343171 0.398224
vt 0.343138 0.398227
vt 0.348491 0.395780
vt 0.348498 0.398445
vt 0.348598 0.395792
vt 0.347076 0.392561
vt 0.347101 0.392638
vt 0.344222 0.394112
vt 0.344283 0.394030
vt 0.344292 0.394097
vt 0.345056 0.395270
vt 0.344880 0.396954
vt 0.341161 0.398488
vt 0.341149 0.398415
vt 0.341164 0.398462
vt 0.344746 0.396835
vt 0.348465 0.395442
vt 0.348409 0.395513
vt 0.348397 0.395474
vt 0.340926 0.395253
vt 0.340957 0.395317
vt 0.340939 0.395321
vt 0.344225 0.393395
vt 0.344290 0.393322
vt 0.344255 0.393417
vt 0.348096 0.402060
vt 0.348096 0.401960
vt 0.345615 0.399360
vt 0.347557 0.395956
vt 0.347519 0.395952
vt 0.365024 0.905251
vt 0.364999 0.905295
vt 0.365007 0.905251
vt 0.344940 0.393881
vt 0.346169 0.400553
vt 0.346162 0.400486
vt 0.344335 0.394077
vt 0.340817 0.395425
vt 0.340760 0.395499
vt 0.344414 0.398587
vt 0.344359 0.398567
vt 0.341236 0.395164
vt 0.341139 0.395082
vt 0.341243 0.395077
vt 0.346506 0.399139
vt 0.346619 0.399089
vt 0.346635 0.399185
vt 0.341143 0.395177
vt 0.344272 0.393875
vt 0.344284 0.393935
vt 0.344224 0.393878
vt 0.344241 0.393785
vt 0.344259 0.393866
vt 0.347536 0.394677
vt 0.344203 0.393678
vt 0.344237 0.393563
vt 0.347505 0.396234
vt 0.344113 0.394025
vt 0.344118 0.394099
vt 0.367723 0.906510
vt 0.367716 0.906509
vt 0.362516 0.906283
vt 0.362550 0.906275
vt 0.362544 0.906283
vt 0.344945 0.395453
vt 0.363958 0.907420
vt 0.363953 0.907368
vt 0.363980 0.907362
vt 0.344844 0.395092
vt 0.344856 0.395106
vt 0.366765 0.904284
vt 0.366783 0.904282
vt 0.366784 0.904335
vt 0.344896 0.398583
vt 0.344944 0.398553
vt 0.344944 0.398614
vt 0.364709 0.905191
vt 0.364686 0.905188
vt 0.364698 0.905147
vt 0.344763 0.395388
vt 0.344700 0.395437
vt 0.363998 0.907416
vt 0.363989 0.907360
vt 0.348981 0.395507
vt 0.348982 0.395531
vt 0.348971 0.395545
vt 0.340958 0.395213
vt 0.341035 0.395177
vt 0.344151 0.393406
vt 0.344137 0.393503
vt 0.344114 0.393496
vt 0.349149 0.397814
vt 0.349069 0.397860
vt 0.349048 0.397814
vt 0.340747 0.395239
vt 0.340808 0.395164
vt 0.341078 0.395095
vt 0.341156 0.395392
vt 0.366762 0.904554
vt 0.366795 0.904548
vt 0.366757 0.904578
vt 0.342805 0.396966
vt 0.342784 0.396951
vt 0.342783 0.396881
vt 0.346707 0.395159
vt 0.344255 0.393774
vt 0.344298 0.393799
vt 0.344557 0.393667
vt 0.344854 0.395270
vt 0.344765 0.395363
vt 0.344753 0.395293
vt 0.344762 0.395032
vt 0.344288 0.393438
vt 0.344278 0.393379
vt 0.348502 0.395474
vt 0.342973 0.396905
vt 0.342887 0.396977
vt 0.342882 0.396898
vt 0.346495 0.399069
vt 0.346469 0.399146
vt 0.346466 0.399044
vt 0.343091 0.396667
vt 0.343026 0.396655
vt 0.344679 0.396757
vt 0.348087 0.401881
vt 0.344476 0.393522
vt 0.344440 0.393555
vt 0.344648 0.393896
vt 0.344535 0.393925
vt 0.364057 0.908339
vt 0.364082 0.908294
vt 0.346669 0.396417
vt 0.346651 0.396453
vt 0.346649 0.396406
vt 0.344870 0.393412
vt 0.344946 0.393397
vt 0.344963 0.393339
vt 0.365242 0.905001
vt 0.365275 0.905050
vt 0.365267 0.905058
vt 0.365196 0.907191
vt 0.365211 0.907189
vt 0.365211 0.907216
vt 0.345145 0.393388
vt 0.344515 0.394158
vt 0.344644 0.394140
vt 0.342132 0.398223
vt 0.342176 0.398234
vt 0.346647 0.396149
vt 0.345093 0.395075
vt 0.345136 0.395048
vt 0.342118 0.397155
vt 0.342176 0.397224
vt 0.346587 0.396245
vt 0.346634 0.396329
vt 0.346597 0.396334
vt 0.312034 0.396732
vt 0.312018 0.396726
vt 0.312027 0.396722
vt 0.348601 0.395856
vt 0.348613 0.395853
vt 0.348611 0.395855
vt 0.311934 0.397065
vt 0.311944 0.397066
vt 0.311945 0.397078
vt 0.317172 0.401009
vt 0.317169 0.401010
vt 0.312707 0.400515
vt 0.312988 0.396441
vt 0.312977 0.396441
vt 0.312988 0.396436
vt 0.311966 0.396567
vt 0.311969 0.396556
vt 0.311969 0.396558
vt 0.313059 0.396464
vt 0.313050 0.396472
vt 0.313055 0.396468
vt 0.315579 0.395305
vt 0.315600 0.395294
vt 0.312716 0.396451
vt 0.311941 0.396938
vt 0.311936 0.396930
vt 0.346777 0.394919
vt 0.346827 0.395005
vt 0.312642 0.399879
vt 0.312646 0.399855
vt 0.312656 0.399865
vt 0.312688 0.398159
vt 0.312675 0.398156
vt 0.312676 0.398145
vt 0.346369 0.399258
vt 0.314468 0.399194
vt 0.314479 0.399190
vt 0.314479 0.399201
vt 0.314489 0.399459
vt 0.314498 0.399458
vt 0.314501 0.399470
vt 0.312316 0.397050
vt 0.312304 0.397050
vt 0.312316 0.397038
vt 0.345280 0.397636
vt 0.345280 0.397637
vt 0.345279 0.397650
vt 0.367719 0.906516
vt 0.314890 0.394892
vt 0.314887 0.394895
vt 0.314887 0.394884
vt 0.345979 0.400563
vt 0.345974 0.400564
vt 0.345973 0.400559
vt 0.310715 0.399926
vt 0.310714 0.399951
vt 0.310703 0.399938
vt 0.362694 0.906516
vt 0.362669 0.906458
vt 0.362762 0.906462
vt 0.362706 0.906523
vt 0.345093 0.397831
vt 0.345095 0.397818
vt 0.345106 0.397821
vt 0.312639 0.399696
vt 0.312651 0.399695
vt 0.308775 0.398397
vt 0.308773 0.398387
vt 0.308774 0.398385
vt 0.308668 0.398720
vt 0.308670 0.398733
vt 0.308657 0.398733
vt 0.312369 0.396828
vt 0.312368 0.396809
vt 0.312389 0.396810
vt 0.311907 0.397062
vt 0.311908 0.397062
vt 0.311906 0.397093
vt 0.365219 0.907209
vt 0.365219 0.907204
vt 0.345585 0.398837
vt 0.345595 0.398891
vt 0.312867 0.398189
vt 0.312888 0.398323
vt 0.312843 0.398191
vt 0.311984 0.396681
vt 0.311969 0.396589
vt 0.311979 0.396573
vt 0.312367 0.396880
vt 0.312361 0.396953
vt 0.312364 0.396890
vt 0.312315 0.396976
vt 0.312350 0.396965
vt 0.312362 0.396977
vt 0.345142 0.397888
vt 0.345120 0.397855
vt 0.345132 0.397821
vt 0.312863 0.396705
vt 0.312928 0.396673
vt 0.312884 0.396722
vt 0.312938 0.396720
vt 0.312939 0.396647
vt 0.315494 0.397779
vt 0.315547 0.397867
vt 0.315489 0.397780
vt 0.314489 0.399156
vt 0.314482 0.399142
vt 0.316869 0.398989
vt 0.312796 0.398418
vt 0.312799 0.398409
vt 0.312805 0.398455
vt 0.311983 0.396459
vt 0.311949 0.396456
vt 0.311985 0.396447
vt 0.347670 0.402539
vt 0.347678 0.402558
vt 0.312046 0.396615
vt 0.312020 0.396714
vt 0.312721 0.396616
vt 0.312734 0.396725
vt 0.312709 0.396610
vt 0.308790 0.398266
vt 0.308789 0.398370
vt 0.308773 0.398282
vt 0.316442 0.396604
vt 0.316465 0.396588
vt 0.316477 0.396599
vt 0.310845 0.399837
vt 0.310851 0.399945
vt 0.310843 0.399949
vt 0.312090 0.396378
vt 0.312122 0.396375
vt 0.312086 0.396385
vt 0.312715 0.398400
vt 0.312529 0.399761
vt 0.312588 0.399731
vt 0.312586 0.399745
vt 0.348971 0.395600
vt 0.348926 0.395551
vt 0.311952 0.397063
vt 0.311941 0.396941
vt 0.311947 0.396938
vt 0.312900 0.397011
vt 0.312823 0.397020
vt 0.312905 0.396998
vt 0.316479 0.395536
vt 0.316430 0.395525
vt 0.316471 0.395513
vt 0.345581 0.400560
vt 0.311940 0.396823
vt 0.311900 0.396827
vt 0.311898 0.396813
vt 0.363969 0.907419
vt 0.312521 0.396875
vt 0.308964 0.398560
vt 0.308865 0.398522
vt 0.308980 0.398547
vt 0.312491 0.398505
vt 0.312532 0.398492
vt 0.312500 0.398525
vt 0.308982 0.398428
vt 0.309072 0.398421
vt 0.308988 0.398445
vt 0.312685 0.398266
vt 0.312688 0.398296
vt 0.312664 0.398272
vt 0.312683 0.398309
vt 0.312788 0.398292
vt 0.367077 0.906921
vt 0.367073 0.906971
vt 0.367073 0.906961
vt 0.310158 0.401519
vt 0.312231 0.401679
vt 0.309703 0.401471
vt 0.312580 0.399872
vt 0.345546 0.399269
vt 0.346373 0.399250
vt 0.346384 0.399148
vt 0.312725 0.398059
vt 0.312681 0.398059
vt 0.312676 0.398045
vt 0.308527 0.398381
vt 0.308568 0.398385
vt 0.308514 0.398396
vt 0.312698 0.398415
vt 0.312597 0.398416
vt 0.312705 0.400000
vt 0.312623 0.399997
vt 0.312605 0.399985
vt 0.308519 0.398313
vt 0.308523 0.398311
vt 0.314953 0.395510
vt 0.314940 0.395619
vt 0.314929 0.395604
vt 0.311877 0.396594
vt 0.311911 0.396616
vt 0.311872 0.396605
vt 0.315550 0.395241
vt 0.310805 0.399946
vt 0.344894 0.396680
vt 0.344814 0.396670
vt 0.344815 0.396672
vt 0.344829 0.396720
vt 0.344814 0.396802
vt 0.344102 0.393634
vt 0.344109 0.393404
vt 0.344067 0.393424
vt 0.344062 0.393484
vt 0.344052 0.393685
vt 0.349264 0.397084
vt 0.344443 0.394066
vt 0.364005 0.907352
vt 0.364047 0.907351
vt 0.367143 0.906910
vt 0.345974 0.400576
vt 0.347498 0.391932
vt 0.344488 0.393901
vt 0.344369 0.394012
vt 0.348268 0.396365
vt 0.347789 0.392141
vt 0.347727 0.392143
vt 0.344715 0.395254
vt 0.346449 0.399228
vt 0.347089 0.392550
vt 0.347074 0.392432
vt 0.344476 0.394069
vt 0.366800 0.903666
vt 0.366779 0.903663
vt 0.366795 0.903610
vt 0.364749 0.905034
vt 0.364719 0.905061
vt 0.362767 0.906521
vt 0.367105 0.906853
vt 0.344968 0.396720
vt 0.344654 0.396884
vt 0.342883 0.396873
vt 0.344538 0.393775
vt 0.340929 0.395333
vt 0.340959 0.395667
vt 0.345349 0.399502
vt 0.345347 0.399390
vt 0.345356 0.399496
vt 0.364682 0.905477
vt 0.364701 0.905426
vt 0.317251 0.401048
vt 0.317215 0.401064
vt 0.317182 0.401005
vt 0.317199 0.400997
vt 0.347092 0.392818
vt 0.345698 0.398821
vt 0.348645 0.393546
vt 0.341757 0.400828
vt 0.341762 0.400749
vt 0.341810 0.400825
vt 0.364050 0.908374
vt 0.344110 0.393649
vt 0.347487 0.394614
vt 0.347516 0.394598
vt 0.344969 0.396878
vt 0.341871 0.398418
vt 0.346287 0.400857
vt 0.346297 0.400898
vt 0.346218 0.400933
vt 0.363414 0.907438
vt 0.344472 0.393997
vt 0.344067 0.402357
vt 0.346180 0.400616
vt 0.346176 0.400661
vt 0.343116 0.398151
vt 0.343125 0.398056
vt 0.343169 0.398152
vt 0.343174 0.398060
vt 0.348138 0.398504
vt 0.343124 0.396889
vt 0.347725 0.394569
vt 0.345149 0.393311
vt 0.345155 0.393371
vt 0.345065 0.393353
vt 0.346164 0.400797
vt 0.344748 0.396811
vt 0.341238 0.395357
vt 0.344979 0.394046
vt 0.349243 0.397525
vt 0.348070 0.401782
vt 0.365282 0.907243
vt 0.348646 0.392659
vt 0.349134 0.395405
vt 0.346817 0.395328
vt 0.345211 0.395090
vt 0.345726 0.399151
vt 0.340732 0.395253
vt 0.340836 0.395667
vt 0.340825 0.395681
vt 0.340768 0.395685
vt 0.349162 0.395935
vt 0.349146 0.396047
vt 0.349044 0.396056
vt 0.349038 0.396020
vt 0.349161 0.396019
vt 0.341254 0.395490
vt 0.341110 0.395586
vt 0.344747 0.396656
vt 0.344848 0.393881
vt 0.344868 0.395376
vt 0.347614 0.391900
vt 0.347714 0.391900
vt 0.347102 0.391551
vt 0.347068 0.391536
vt 0.347621 0.392089
vt 0.347523 0.394503
vt 0.347514 0.394520
vt 0.344035 0.393745
vt 0.344058 0.393756
vt 0.364849 0.905475
vt 0.364864 0.905430
vt 0.347078 0.392747
vt 0.344800 0.393885
vt 0.344263 0.393704
vt 0.344247 0.393772
vt 0.364756 0.905466
vt 0.344768 0.395195
vt 0.344729 0.395234
vt 0.344767 0.395232
vt 0.344753 0.395241
vt 0.348528 0.395227
vt 0.344530 0.393924
vt 0.346295 0.400817
vt 0.365370 0.906102
vt 0.343011 0.396896
vt 0.366735 0.903644
vt 0.366735 0.903695
vt 0.348589 0.392561
vt 0.348584 0.392546
vt 0.341083 0.395685
vt 0.344796 0.396685
vt 0.344813 0.396716
vt 0.344772 0.396689
vt 0.341242 0.395381
vt 0.346190 0.401093
vt 0.346171 0.401149
vt 0.346089 0.401084
vt 0.348588 0.395135
vt 0.348597 0.395148
vt 0.365407 0.905382
vt 0.344413 0.398523
vt 0.364760 0.905023
vt 0.364757 0.905021
vt 0.345817 0.399232
vt 0.345745 0.399163
vt 0.345828 0.399144
vt 0.345029 0.395060
vt 0.343765 0.398495
vt 0.344819 0.396642
vt 0.344873 0.396621
vt 0.341020 0.395486
vt 0.364762 0.905220
vt 0.344734 0.396931
vt 0.347596 0.396241
vt 0.345199 0.395124
vt 0.345119 0.393667
vt 0.344514 0.393760
vt 0.344524 0.393837
vt 0.362413 0.906346
vt 0.344494 0.394071
vt 0.364990 0.905411
vt 0.344203 0.393789
vt 0.344186 0.393673
vt 0.342176 0.398055
vt 0.346091 0.400977
vt 0.344758 0.395479
vt 0.365446 0.906145
vt 0.344363 0.398685
vt 0.348932 0.395604
vt 0.364912 0.905415
vt 0.364903 0.905369
vt 0.364913 0.905377
vt 0.345987 0.400553
vt 0.345976 0.400547
vt 0.365169 0.907386
vt 0.365113 0.906319
vt 0.365116 0.906279
vt 0.365390 0.904929
vt 0.365390 0.904967
vt 0.365331 0.904943
vt 0.347089 0.391459
vt 0.347108 0.392565
vt 0.344773 0.396932
vt 0.341147 0.398522
vt 0.344832 0.395219
vt 0.344856 0.395243
vt 0.340941 0.395229
vt 0.344254 0.393333
vt 0.365020 0.905295
vt 0.368141 0.906358
vt 0.368158 0.906334
vt 0.368164 0.906364
vt 0.368195 0.906334
vt 0.346081 0.400441
vt 0.346179 0.400544
vt 0.344359 0.398615
vt 0.344756 0.396679
vt 0.344679 0.396699
vt 0.344281 0.393865
vt 0.347731 0.392067
vt 0.342006 0.401031
vt 0.342017 0.401114
vt 0.348690 0.404986
vt 0.344355 0.393572
vt 0.344383 0.393547
vt 0.344421 0.393666
vt 0.344810 0.396635
vt 0.344831 0.396586
vt 0.344085 0.394010
vt 0.344102 0.394012
vt 0.341073 0.395193
vt 0.344942 0.396650
vt 0.344913 0.396676
vt 0.344916 0.396637
vt 0.344935 0.396637
vt 0.362541 0.906228
vt 0.344960 0.395459
vt 0.363946 0.907418
vt 0.363960 0.907360
vt 0.346903 0.395244
vt 0.346884 0.395325
vt 0.346897 0.395312
vt 0.344907 0.398523
vt 0.364719 0.905155
vt 0.347026 0.391869
vt 0.346981 0.391818
vt 0.340979 0.395338
vt 0.344130 0.393510
vt 0.349157 0.397868
vt 0.341033 0.395469
vt 0.366771 0.904546
vt 0.366789 0.904592
vt 0.342871 0.396885
vt 0.344639 0.393636
vt 0.344772 0.394966
vt 0.344838 0.394990
vt 0.342962 0.396978
vt 0.344973 0.396942
vt 0.344681 0.396724
vt 0.344701 0.396720
vt 0.342784 0.396810
vt 0.364050 0.908285
vt 0.346678 0.396453
vt 0.344861 0.393441
vt 0.365226 0.905059
vt 0.365277 0.905003
vt 0.365187 0.907211
vt 0.346641 0.396239
vt 0.345141 0.395030
vt 0.342154 0.397112
vt 0.311936 0.396846
vt 0.311940 0.396836
vt 0.311940 0.396839
vt 0.365454 0.906082
vt 0.365454 0.906083
vt 0.317173 0.401009
vt 0.311968 0.396568
vt 0.313065 0.396475
vt 0.348496 0.395776
vt 0.348498 0.395776
vt 0.348488 0.395776
vt 0.312073 0.396837
vt 0.312080 0.396836
vt 0.312084 0.396837
vt 0.315383 0.395121
vt 0.315375 0.395117
vt 0.315376 0.395108
vt 0.345118 0.397856
vt 0.345111 0.397822
vt 0.312670 0.398043
vt 0.314480 0.399189
vt 0.312788 0.398500
vt 0.312792 0.398512
vt 0.312777 0.398506
vt 0.316934 0.398988
vt 0.316868 0.399001
vt 0.312750 0.396711
vt 0.312753 0.396733
vt 0.348610 0.395884
vt 0.348608 0.395896
vt 0.312745 0.399728
vt 0.312736 0.399728
vt 0.312732 0.399722
vt 0.312642 0.399688
vt 0.312856 0.397993
vt 0.312743 0.397975
vt 0.312767 0.397973
vt 0.312899 0.398318
vt 0.311978 0.396674
vt 0.348346 0.398438
vt 0.348309 0.398477
vt 0.348298 0.398456
vt 0.312367 0.396978
vt 0.312318 0.396965
vt 0.345126 0.397884
vt 0.312943 0.396623
vt 0.315562 0.397873
vt 0.310616 0.399859
vt 0.310685 0.399748
vt 0.310689 0.399759
vt 0.312753 0.396711
vt 0.310956 0.399942
vt 0.311899 0.397055
vt 0.348114 0.402059
vt 0.308811 0.398391
vt 0.316445 0.396592
vt 0.312126 0.396364
vt 0.312700 0.398429
vt 0.312511 0.399753
vt 0.311944 0.397065
vt 0.312826 0.397032
vt 0.348610 0.395781
vt 0.316422 0.395552
vt 0.345569 0.400562
vt 0.345186 0.397695
vt 0.345173 0.397674
vt 0.348408 0.398377
vt 0.308860 0.398545
vt 0.312751 0.398290
vt 0.367080 0.906905
vt 0.346025 0.400595
vt 0.308898 0.398151
vt 0.308910 0.398148
vt 0.308906 0.398237
vt 0.312733 0.398062
vt 0.308557 0.398375
vt 0.312595 0.398440
vt 0.308738 0.398721
vt 0.308678 0.398732
vt 0.312584 0.398346
vt 0.312585 0.398294
vt 0.312595 0.398296
vt 0.311906 0.396609
vt 0.310805 0.399958
vt 0.311946 0.396549
vt 0.311897 0.396549
vt 0.311894 0.396537
vt 0.311942 0.396634
vt 0.346000 0.400454
vt 0.345586 0.398902
vt 0.349348 0.397395
vt 0.345094 0.397806
vt 0.345091 0.397819
vt 0.346603 0.396416
vt 0.344875 0.396572
vt 0.347824 0.391916
vt 0.312321 0.397206
vt 0.312308 0.397121
vt 0.312320 0.397122
vt 0.347571 0.396042
vt 0.347576 0.395972
vt 0.341840 0.400725
vt 0.340709 0.395160
vt 0.344040 0.393553
vt 0.345326 0.399360
vt 0.312821 0.397097
vt 0.312787 0.397035
vt 0.312797 0.397036
vt 0.346319 0.399368
vt 0.345079 0.393864
vt 0.345073 0.393945
vt 0.344991 0.393967
vt 0.312324 0.397050
vt 0.312326 0.397123
vt 0.312320 0.397121
vt 0.346383 0.400492
vt 0.346275 0.400466
vt 0.346379 0.400433
vt 0.362384 0.906351
vt 0.362370 0.906299
vt 0.345101 0.394916
vt 0.341147 0.395670
vt 0.341136 0.395682
vt 0.362427 0.906398
vt 0.362427 0.906464
vt 0.362381 0.906467
vt 0.362382 0.906395
vt 0.344666 0.394989
vt 0.344718 0.394963
vt 0.346455 0.398525
vt 0.346478 0.398523
vt 0.346478 0.398610
vt 0.346455 0.398611
vt 0.345233 0.393422
vt 0.347524 0.394579
vt 0.362606 0.906454
vt 0.362650 0.906526
vt 0.362564 0.906514
vt 0.362557 0.906465
vt 0.365237 0.905354
vt 0.365214 0.905285
vt 0.365247 0.905282
vt 0.365276 0.905352
s 0
f 372/1/1 257/2/2 110/3/3
f 111/4/4 25/5/5 108/6/6
f 44/7/7 278/8/8 277/9/9
f 32/10/10 235/11/10 30/12/10
f 357/13/11 408/14/12 146/15/13
f 156/16/14 16/17/15 44/18/16
f 204/19/17 15/20/18 59/21/19
f 270/22/20 218/23/21 155/24/22
f 40/25/23 219/26/24 414/27/25
f 203/28/26 242/29/27 244/30/28
f 418/31/29 283/32/30 416/33/31
f 88/34/32 277/9/33 346/35/34
f 63/36/35 28/37/36 62/38/37
f 279/39/38 233/40/39 370/41/40
f 409/42/41 412/43/42 104/44/41
f 248/45/43 108/46/44 110/47/45
f 130/48/46 392/49/47 129/50/48
f 226/51/49 308/52/50 75/53/51
f 98/54/52 366/55/53 139/56/54
f 252/57/55 269/58/55 230/59/55
f 223/60/56 151/61/57 158/62/58
f 112/63/59 369/64/60 232/65/61
f 350/66/62 79/67/63 4/68/64
f 43/69/65 37/70/66 5/71/67
f 153/72/68 44/7/69 14/73/70
f 52/74/71 22/75/72 18/76/73
f 394/77/74 54/78/75 23/79/76
f 78/80/77 77/81/78 67/82/79
f 81/83/80 456/84/81 170/85/82
f 298/86/83 300/87/84 301/88/85
f 90/89/86 212/90/87 315/91/88
f 395/92/89 129/93/90 392/94/91
f 142/95/92 167/96/93 172/97/94
f 188/98/95 187/99/96 160/100/97
f 321/101/98 73/102/99 322/103/100
f 317/104/101 66/105/102 138/106/103
f 330/107/104 467/108/105 453/109/106
f 87/110/107 175/111/108 174/112/109
f 413/113/110 428/114/111 136/115/112
f 10/116/113 118/117/114 107/118/115
f 253/119/116 257/120/116 371/121/117
f 110/3/118 25/5/119 36/122/120
f 386/123/121 57/124/122 390/125/123
f 74/126/124 305/127/125 304/128/126
f 17/129/127 126/130/128 122/131/129
f 73/132/130 57/133/131 131/134/132
f 402/135/133 149/136/134 20/137/135
f 69/138/136 150/139/137 15/140/138
f 214/141/139 230/59/139 269/58/139
f 302/142/140 303/143/141 136/144/142
f 388/145/143 123/146/144 125/147/145
f 410/148/146 104/44/147 101/149/148
f 187/99/149 442/150/150 189/151/151
f 35/152/152 444/153/153 192/154/154
f 471/155/155 197/156/156 202/157/157
f 202/157/158 197/156/159 198/158/160
f 230/159/161 214/160/162 246/161/163
f 452/162/164 334/163/165 328/164/166
f 430/165/167 205/166/168 217/167/169
f 442/168/170 52/169/171 165/170/172
f 49/171/173 43/69/174 11/172/175
f 158/173/176 275/174/177 274/175/178
f 148/176/179 365/177/180 133/178/181
f 30/179/182 246/180/182 32/181/182
f 311/182/183 114/183/184 309/184/185
f 229/185/186 114/183/187 74/126/188
f 448/186/189 45/187/190 162/188/191
f 34/189/192 241/190/193 227/191/194
f 67/192/195 11/193/196 43/194/197
f 104/195/198 299/196/199 101/197/200
f 201/198/201 196/199/202 470/200/203
f 222/201/204 263/202/205 40/25/206
f 432/203/207 430/165/208 217/167/209
f 79/67/210 350/66/211 345/204/212
f 68/205/213 400/206/214 426/207/215
f 382/208/216 100/209/217 95/210/218
f 313/211/219 139/56/220 148/176/221
f 173/212/222 455/213/223 327/214/224
f 238/215/225 55/216/226 28/217/227
f 34/189/228 24/218/229 29/219/230
f 128/220/231 51/221/232 54/222/233
f 201/223/234 471/224/234 203/225/234
f 207/226/235 134/227/236 132/228/237
f 47/229/238 36/230/239 25/231/240
f 285/232/241 55/216/242 238/215/243
f 313/211/244 137/233/245 139/56/246
f 100/234/247 21/235/248 95/236/249
f 287/237/250 112/63/251 234/238/252
f 94/239/253 382/208/254 117/240/255
f 362/241/256 143/242/257 147/243/258
f 280/244/259 30/245/260 235/246/261
f 20/247/262 39/248/263 7/249/264
f 51/250/265 5/71/266 37/70/267
f 41/251/268 205/166/269 38/252/270
f 184/253/271 140/254/272 185/255/273
f 208/256/274 273/257/275 156/16/276
f 421/258/277 303/259/278 419/260/279
f 287/261/280 48/262/281 285/263/282
f 231/264/283 257/265/284 253/266/284
f 258/267/285 250/268/286 373/269/287
f 53/270/288 210/271/289 21/272/290
f 154/273/291 155/274/292 41/251/293
f 457/275/294 174/276/295 466/277/296
f 203/278/297 368/279/298 242/280/299
f 69/138/300 342/281/301 340/282/302
f 212/283/303 16/17/304 154/273/305
f 269/58/306 252/57/307 256/284/308
f 393/285/309 61/286/310 396/287/311
f 450/288/312 289/289/313 451/290/314
f 147/243/315 92/291/316 91/292/317
f 231/293/318 245/294/319 257/295/320
f 403/296/321 84/297/322 86/298/323
f 76/299/324 316/300/325 65/301/326
f 200/302/327 195/303/328 194/304/329
f 76/305/330 404/306/331 86/298/332
f 376/307/333 91/308/334 375/309/335
f 132/310/336 220/311/337 207/312/338
f 374/313/339 107/314/340 355/315/341
f 52/316/342 53/317/343 22/318/344
f 109/319/345 242/29/346 368/320/347
f 10/321/348 374/313/349 266/322/350
f 363/323/351 362/241/352 147/243/353
f 393/324/354 128/325/355 394/326/356
f 395/92/357 1/327/358 292/328/359
f 418/31/360 417/329/361 284/330/362
f 59/331/363 19/332/364 224/333/365
f 470/334/366 468/335/367 197/336/368
f 22/337/369 358/338/370 360/339/370
f 172/97/371 181/340/372 186/341/373
f 27/342/374 56/343/375 55/216/376
f 47/344/377 37/345/378 49/346/379
f 78/80/380 318/347/381 299/348/382
f 108/6/383 280/349/384 111/4/385
f 158/62/386 276/350/387 275/351/388
f 22/337/389 53/352/390 100/234/391
f 369/64/392 112/63/393 54/353/394
f 139/354/395 6/355/396 98/356/397
f 328/164/398 82/357/399 449/358/400
f 43/69/401 318/359/402 67/82/403
f 434/360/404 436/361/405 65/362/406
f 19/363/407 281/364/408 416/365/409
f 268/366/410 267/367/411 3/368/412
f 185/369/413 177/370/414 184/371/415
f 433/372/416 157/373/417 430/374/418
f 29/375/419 63/376/420 62/377/421
f 142/378/422 85/379/423 167/380/424
f 281/381/425 31/382/426 282/383/427
f 178/384/428 343/385/429 345/204/430
f 75/386/431 306/387/432 312/388/433
f 102/389/434 78/80/435 104/44/436
f 213/390/437 38/391/438 316/392/439
f 72/393/440 103/394/441 105/395/442
f 84/396/443 90/89/444 86/397/445
f 132/228/446 436/361/447 70/398/448
f 292/328/449 115/399/450 293/400/451
f 71/401/452 284/330/453 79/67/454
f 66/105/455 317/402/456 77/81/457
f 204/19/458 338/403/458 341/404/458
f 34/405/459 364/406/460 109/319/461
f 64/407/462 19/408/463 58/409/464
f 403/410/465 329/411/466 141/412/467
f 48/262/468 279/413/469 236/414/470
f 126/415/471 123/146/472 122/416/473
f 105/417/474 322/418/475 72/419/475
f 189/151/476 442/150/477 165/420/478
f 433/421/479 429/422/480 422/423/481
f 281/424/482 282/383/483 33/425/484
f 267/426/485 106/427/486 3/428/487
f 342/429/488 15/430/489 204/431/490
f 195/432/491 61/433/492 23/434/493
f 227/435/494 75/53/495 116/436/496
f 298/437/497 319/438/498 300/439/499
f 325/440/500 295/441/501 324/442/502
f 286/443/503 200/444/504 287/445/505
f 8/446/506 228/447/506 229/448/506
f 250/449/507 261/450/508 260/451/509
f 411/452/510 94/453/511 93/454/512
f 116/436/513 1/327/514 227/435/515
f 10/455/516 96/456/517 118/457/518
f 236/458/519 32/459/520 50/460/521
f 356/461/522 355/462/522 107/463/522
f 444/464/523 13/465/524 446/466/525
f 436/361/526 76/467/527 65/362/528
f 166/468/529 359/469/530 99/470/531
f 27/471/532 50/472/533 33/473/534
f 296/474/535 149/136/536 113/475/537
f 386/476/538 130/477/539 131/134/540
f 301/478/541 51/250/542 80/479/543
f 150/139/544 240/480/545 241/481/546
f 346/35/547 459/482/548 88/34/549
f 191/483/550 288/484/551 160/485/552
f 466/277/553 178/384/554 179/486/555
f 182/487/556 343/385/557 178/384/558
f 186/488/559 142/489/560 172/490/561
f 344/491/562 60/492/563 71/493/564
f 123/146/565 389/494/566 122/495/567
f 248/496/568 30/179/569 108/6/570
f 176/497/571 84/498/572 177/499/573
f 456/500/574 171/501/575 168/502/576
f 165/170/577 18/503/578 166/504/579
f 393/324/580 125/147/581 126/415/582
f 110/3/583 108/6/584 25/5/585
f 34/405/586 109/319/587 368/320/588
f 448/505/589 9/506/590 222/507/591
f 165/420/592 190/508/593 189/151/594
f 146/15/595 410/148/596 105/509/597
f 268/366/598 3/368/599 135/510/600
f 162/511/601 288/512/602 289/513/603
f 347/514/604 89/515/605 463/516/606
f 278/8/607 44/7/608 16/517/609
f 399/518/610 395/92/611 398/519/612
f 17/520/613 128/325/614 126/415/615
f 149/521/616 3/522/617 106/523/618
f 73/132/619 80/524/620 57/133/621
f 461/525/622 180/526/623 460/527/624
f 446/466/625 13/465/626 81/528/627
f 6/529/628 415/530/629 444/464/630
f 161/531/631 467/532/632 193/533/633
f 93/454/634 96/534/635 144/535/636
f 163/536/637 167/537/638 169/538/639
f 42/539/640 12/540/641 39/541/642
f 324/542/643 295/543/644 353/544/645
f 263/545/646 262/546/647 206/547/648
f 332/548/649 450/549/650 82/357/651
f 62/550/652 31/551/653 64/552/654
f 226/51/655 240/553/656 150/139/657
f 297/554/658 113/475/659 114/183/660
f 431/555/661 423/556/662 432/557/663
f 113/475/664 401/558/665 309/184/666
f 102/559/667 138/560/668 66/561/669
f 159/562/670 211/563/671 441/564/672
f 8/565/673 423/566/674 152/567/675
f 333/568/676 140/254/677 328/569/678
f 156/16/679 44/18/680 153/570/681
f 17/571/682 80/524/683 51/572/684
f 458/573/685 349/574/686 88/575/687
f 103/576/688 146/15/689 105/509/690
f 294/577/691 133/178/692 353/578/693
f 59/331/694 150/139/695 58/579/696
f 191/580/697 168/502/698 164/581/699
f 436/361/700 132/228/701 134/227/702
f 194/582/703 112/583/704 200/444/705
f 93/584/706 118/585/707 96/586/708
f 51/587/709 26/588/710 54/589/711
f 94/239/712 119/590/713 93/584/714
f 209/591/715 153/72/716 281/592/717
f 40/25/718 414/27/719 151/61/720
f 33/593/721 271/594/722 208/595/723
f 38/391/724 205/596/725 316/392/726
f 155/24/727 215/597/728 269/598/729
f 131/134/730 326/599/731 73/132/732
f 239/600/733 63/601/734 468/335/735
f 107/118/736 354/602/736 356/603/736
f 187/604/737 441/605/737 443/606/737
f 337/607/738 175/111/739 87/110/740
f 398/608/741 387/609/742 397/610/743
f 314/611/744 116/436/745 312/612/746
f 404/613/747 83/614/748 330/615/749
f 198/616/750 63/617/751 24/618/752
f 370/619/753 26/620/754 47/621/755
f 407/622/756 327/623/757 81/83/758
f 243/624/759 396/625/760 244/30/761
f 134/626/762 262/627/762 265/628/762
f 21/272/763 276/629/764 46/630/765
f 228/631/766 255/632/767 373/633/768
f 9/634/769 193/635/770 264/636/771
f 290/637/772 161/531/773 448/638/774
f 119/590/775 354/639/776 118/585/777
f 100/209/778 382/208/779 381/640/780
f 335/641/781 169/642/782 85/643/783
f 391/644/784 392/645/785 127/646/786
f 172/97/787 466/277/788 179/647/789
f 273/648/790 16/517/791 156/649/792
f 461/525/793 463/516/794 176/650/795
f 68/651/796 406/652/797 400/653/798
f 293/400/799 115/399/800 148/654/801
f 218/655/802 152/567/802 431/656/802
f 96/456/803 138/560/804 144/657/805
f 387/658/806 121/659/807 384/660/808
f 5/661/809 300/662/810 318/663/811
f 194/664/812 23/434/813 54/665/814
f 160/100/815 162/511/816 188/98/817
f 7/666/818 136/144/819 402/135/820
f 328/569/821 140/254/822 82/667/823
f 35/152/824 166/468/825 99/470/826
f 28/217/827 56/343/828 31/551/829
f 35/152/830 192/154/831 190/508/832
f 76/668/833 90/89/834 316/669/835
f 459/482/836 181/670/837 464/671/838
f 191/483/839 160/485/840 187/604/841
f 7/666/842 402/135/843 20/137/844
f 188/672/845 45/673/846 158/173/847
f 335/674/848 142/675/849 333/676/850
f 268/366/851 138/106/852 266/677/853
f 317/678/854 135/510/855 296/679/856
f 144/680/857 412/681/858 411/682/859
f 70/683/860 438/684/861 420/685/862
f 251/686/863 11/172/864 77/81/865
f 175/687/866 466/277/867 174/688/868
f 184/689/869 84/498/870 141/690/871
f 141/412/872 329/411/873 332/691/874
f 109/692/875 399/518/876 242/693/877
f 101/694/878 320/695/879 105/417/880
f 185/696/881 140/697/882 183/698/883
f 215/699/884 216/700/885 214/701/886
f 219/702/887 220/703/888 221/704/889
f 237/705/890 238/706/890 239/707/890
f 245/708/891 247/709/892 248/710/893
f 250/711/894 251/712/895 249/713/896
f 254/714/897 255/715/898 256/716/899
f 258/717/900 260/718/901 261/719/902
f 266/720/903 267/721/903 268/722/903
f 286/723/904 287/724/905 285/723/906
f 460/527/907 180/725/908 183/726/909
f 309/727/910 310/728/910 311/729/910
f 312/730/911 313/731/911 314/732/911
f 320/733/912 321/101/912 322/103/912
f 329/734/913 331/735/914 332/736/915
f 333/737/916 334/738/917 335/739/918
f 343/740/919 344/741/919 345/742/919
f 347/743/920 348/744/921 346/745/922
f 354/602/923 355/746/923 356/603/923
f 359/747/924 360/748/925 358/749/926
f 377/750/927 379/751/928 380/752/929
f 383/753/930 384/754/931 385/755/932
f 379/756/933 120/757/934 91/758/935 380/759/936
f 416/760/937 417/761/938 418/762/939
f 438/763/940 440/764/941 437/763/942
f 442/765/943 443/766/944 441/767/945
f 445/768/946 446/769/946 447/770/946
f 462/771/947 463/772/948 461/773/949
f 196/774/950 469/775/951 468/776/952
f 420/685/953 437/777/954 419/778/955
f 431/779/956 217/167/957 218/780/958
f 227/781/959 240/782/960 226/783/961
f 230/784/962 253/785/962 252/786/962
f 459/787/963 465/788/964 458/789/965
f 350/790/966 465/791/967 464/792/968
f 225/793/969 283/794/970 284/795/971
f 299/796/972 319/797/973 298/798/974
f 300/799/975 319/797/976 318/800/977
f 315/801/978 213/802/979 316/803/980
f 330/804/981 403/805/981 404/806/981
f 341/807/982 342/808/983 204/809/984
f 228/810/985 367/811/986 229/812/987
f 429/813/988 433/421/989 430/814/990
f 269/815/991 215/699/992 214/816/993
f 412/817/994 408/818/995 411/819/996
f 276/820/997 211/821/998 274/822/999
f 442/823/1000 211/824/1001 210/825/1002
f 393/826/1003 396/827/1004 397/828/1005
f 305/829/1006 423/830/1007 304/831/1008
f 341/807/1009 340/832/1010 342/808/1011
f 413/833/1012 427/834/1013 428/835/1014
f 264/636/1015 193/836/1016 83/837/1017
f 238/838/1018 286/839/1019 285/840/1020
f 325/841/1021 323/842/1022 326/843/1023
f 206/547/1024 220/703/1025 219/702/1026
f 236/844/1027 280/845/1028 235/846/1029
f 302/142/1030 419/847/1031 303/143/1032
f 233/848/1033 369/849/1034 370/850/1035
f 397/610/1036 399/851/1037 398/608/1038
f 461/773/1039 460/852/1040 462/771/1041
f 375/853/1042 358/854/1043 376/855/1044
f 456/856/1045 327/857/1046 455/858/1047
f 382/859/1048 357/860/1049 381/861/1050
f 306/862/1051 424/863/1052 307/864/1053
f 68/865/1054 424/863/1055 308/866/1056
f 325/867/1057 292/868/1058 291/869/1059
f 448/870/1060 222/871/1061 223/872/1062
f 309/727/1063 401/873/1064 310/728/1065
f 208/256/1066 271/874/1067 273/257/1068
f 298/86/1069 320/875/1070 299/876/1071
f 291/877/1072 293/878/1073 295/879/1074
f 13/465/1075 444/464/1076 415/530/1077
f 451/880/1078 288/881/1079 452/882/1080
f 339/883/1081 406/884/1082 340/832/1083
f 306/387/1084 313/211/1085 312/388/1086
f 297/885/1087 317/886/1088 296/887/1089
f 451/880/1090 449/888/1091 450/889/1092
f 467/890/1093 454/891/1094 453/892/1095
f 258/893/1096 372/894/1097 259/895/1098
f 266/720/1099 374/896/1100 267/721/1101
f 388/897/1102 384/754/1103 383/753/1104
f 421/898/1105 419/899/1106 437/900/1107
f 303/901/1108 305/127/1109 310/902/1110
f 305/127/1111 74/126/1112 311/182/1113
f 311/182/1114 310/902/1115 305/127/1116
f 257/2/1117 248/903/1118 110/3/1119
f 367/904/1120 373/633/1121 2/905/1122
f 373/633/1123 249/906/1124 2/905/1125
f 111/4/1126 47/907/1127 25/5/1128
f 277/9/1129 4/68/1130 14/73/1131
f 14/73/1132 44/7/1133 277/9/1134
f 32/10/1135 236/908/1136 235/11/1137
f 410/148/1138 146/15/1139 408/14/1140
f 357/13/1141 94/453/1142 408/14/1143
f 60/909/1144 204/19/1145 59/21/1146
f 155/24/1147 269/598/1148 270/22/1149
f 270/22/1150 152/567/1151 218/23/1152
f 61/910/1153 201/911/1154 244/30/1155
f 201/911/1156 203/28/1157 244/30/1158
f 224/333/1159 19/332/1160 283/32/1161
f 19/332/1162 416/33/1163 283/32/1164
f 88/34/1165 4/68/1166 277/9/1167
f 111/4/1168 280/349/1169 370/41/1170
f 280/349/1171 279/39/1172 370/41/1173
f 127/912/1174 392/49/1175 130/48/1176
f 226/51/1177 150/139/1178 308/52/1179
f 98/54/1180 378/913/1181 366/55/1182
f 45/914/1183 223/60/1184 158/62/1185
f 88/34/1186 349/915/1187 4/68/1188
f 349/915/1189 350/66/1190 4/68/1191
f 71/401/1192 60/909/1193 225/916/1194
f 60/909/1195 59/21/1196 225/916/1197
f 23/79/1198 393/285/1199 394/77/1200
f 394/77/1201 128/917/1202 54/78/1203
f 78/80/1204 66/105/1205 77/81/1206
f 20/918/1207 106/427/1208 42/919/1209
f 106/427/1210 374/313/1211 42/919/1212
f 81/83/1213 327/623/1214 456/84/1215
f 400/653/1216 406/652/1217 13/920/1218
f 90/89/1219 89/515/1220 212/90/1221
f 188/98/1222 159/562/1223 187/99/1224
f 80/921/1225 73/102/1226 321/101/1227
f 268/366/1228 317/678/1229 138/106/1230
f 453/109/1231 331/922/1232 330/107/1233
f 330/107/1234 83/923/1235 467/108/1236
f 60/909/1237 352/924/1238 204/19/1239
f 352/924/1240 338/403/1241 204/19/1242
f 101/149/1243 105/509/1244 410/148/1245
f 361/925/1246 46/926/1247 355/927/1248
f 371/121/1249 254/928/1250 253/119/1250
f 257/120/1251 372/929/1252 371/121/1253
f 91/758/1254 92/930/1255 380/759/1256
f 386/123/1257 131/931/1258 57/124/1259
f 304/128/1260 8/932/1261 74/126/1262
f 8/932/1263 229/185/1264 74/126/1265
f 401/558/1266 149/136/1267 402/135/1268
f 149/136/1269 106/933/1270 20/137/1271
f 421/898/1272 437/900/1273 422/423/1274
f 388/145/1275 383/934/1276 123/146/1277
f 462/935/1278 460/527/1279 459/482/1280
f 460/527/1281 181/670/1282 459/482/1283
f 410/148/1284 409/42/1284 104/44/1284
f 187/99/1285 443/936/1286 442/150/1287
f 35/152/1288 6/937/1289 444/153/1290
f 196/938/1291 199/939/1292 469/940/1293
f 202/157/1294 203/941/1295 471/155/1296
f 471/155/1297 470/942/1298 197/156/1299
f 216/943/1300 32/944/1301 214/160/1302
f 32/944/1303 246/161/1304 214/160/1305
f 246/161/1306 245/945/1307 230/159/1308
f 245/945/1309 231/946/1310 230/159/1311
f 452/162/1312 169/947/1313 334/163/1314
f 430/165/1315 157/948/1316 205/166/1317
f 442/168/1318 210/949/1319 52/169/1320
f 49/171/1321 37/70/1322 43/69/1323
f 450/950/1324 454/951/1325 290/952/1326
f 274/175/1327 159/953/1328 188/672/1329
f 188/672/1330 158/173/1331 274/175/1332
f 148/176/1333 366/55/1334 365/177/1335
f 30/179/1336 247/954/1336 246/180/1336
f 157/955/1337 435/956/1338 205/596/1339
f 435/956/1340 434/360/1341 205/596/1342
f 434/360/1343 65/362/1344 205/596/1345
f 74/126/1346 114/183/1347 311/182/1348
f 114/183/1349 113/475/1350 309/184/1351
f 229/185/1352 367/957/1353 114/183/1354
f 448/186/1355 223/958/1356 45/187/1357
f 34/189/1358 29/219/1359 241/190/1360
f 308/959/1361 69/960/1362 340/961/1363
f 104/195/1364 78/962/1365 299/196/1366
f 40/25/1367 151/61/1368 223/60/1369
f 222/201/1370 40/25/1371 223/60/1372
f 345/204/1373 344/963/1374 71/401/1375
f 79/67/1376 345/204/1377 71/401/1378
f 389/494/1379 390/964/1380 122/495/1381
f 117/240/1382 382/208/1383 95/210/1384
f 148/176/1385 115/965/1386 313/211/1387
f 115/965/1388 314/966/1389 313/211/1390
f 63/601/1391 239/600/1392 28/217/1393
f 239/600/1394 238/215/1395 28/217/1396
f 363/967/1397 103/968/1398 323/969/1399
f 103/968/1400 72/970/1401 323/969/1402
f 323/969/1403 324/542/1404 363/967/1405
f 128/220/1406 17/971/1407 51/221/1408
f 201/223/1409 470/972/1410 471/224/1411
f 207/226/1412 262/973/1413 134/227/1414
f 2/974/1415 249/975/1416 297/976/1417
f 249/975/1418 251/686/1419 297/976/1420
f 251/686/1421 77/81/1422 297/976/1423
f 47/229/1424 49/171/1425 36/230/1426
f 285/232/1427 27/342/1428 55/216/1429
f 313/211/1430 307/977/1431 137/233/1432
f 303/143/1433 310/902/1434 136/144/1435
f 310/902/1436 401/978/1437 136/144/1438
f 100/234/1439 53/352/1440 21/235/1441
f 112/63/1442 232/65/1443 234/238/1444
f 94/239/1445 357/979/1446 382/208/1447
f 362/241/1448 353/980/1449 143/242/1450
f 20/247/1451 42/981/1452 39/248/1453
f 184/253/1454 141/982/1455 140/254/1456
f 421/258/1457 305/983/1458 303/259/1459
f 48/262/1460 27/984/1461 285/263/1462
f 258/267/1463 261/985/1463 250/268/1463
f 53/270/1464 52/74/1465 210/271/1466
f 457/275/1467 173/986/1468 174/276/1469
f 203/278/1470 202/987/1471 368/279/1472
f 16/517/1473 212/90/1474 278/8/1475
f 154/273/1476 41/251/1477 213/988/1478
f 213/988/1479 212/283/1480 154/273/1481
f 256/284/1482 8/565/1483 270/22/1484
f 8/565/1485 152/567/1486 270/22/1487
f 270/22/1488 269/58/1489 256/284/1490
f 393/285/1491 23/79/1492 61/286/1493
f 450/288/1494 290/989/1495 289/289/1496
f 147/243/1497 143/242/1498 92/291/1499
f 445/990/1500 447/991/1501 170/992/1502
f 403/296/1503 141/993/1504 84/297/1505
f 469/994/1506 199/995/1507 286/996/1508
f 286/996/1509 237/997/1510 469/994/1511
f 183/726/1512 186/341/1513 460/527/1514
f 186/341/1515 181/340/1516 460/527/1517
f 76/305/1518 134/626/1519 404/306/1520
f 97/998/1521 91/308/1522 376/307/1523
f 91/308/1524 120/999/1525 375/309/1526
f 132/310/1527 70/1000/1528 220/311/1529
f 42/919/1530 374/313/1531 355/315/1532
f 10/321/1533 107/314/1534 374/313/1535
f 145/1001/1536 103/576/1537 147/243/1538
f 103/576/1539 363/323/1540 147/243/1541
f 393/324/1542 126/415/1543 128/325/1544
f 341/404/1545 338/403/1546 339/1002/1547
f 338/403/1548 337/607/1549 339/1002/1550
f 153/72/1551 14/73/1552 417/329/1553
f 14/73/1554 284/330/1555 417/329/1556
f 9/1003/1557 264/1004/1557 263/202/1557
f 263/202/1558 222/201/1559 9/1003/1560
f 59/331/1561 58/579/1562 19/332/1563
f 22/337/1564 100/234/1565 358/338/1566
f 172/97/1567 179/647/1568 181/340/1569
f 27/342/1570 33/593/1571 56/343/1572
f 47/344/1573 26/588/1574 37/345/1575
f 361/1005/1576 95/236/1577 46/1006/1578
f 95/236/1579 21/235/1580 46/1006/1581
f 78/80/1582 67/82/1583 318/347/1584
f 30/179/1585 280/349/1586 108/6/1587
f 158/62/1588 151/61/1589 276/350/1590
f 151/61/1591 12/1007/1592 276/350/1593
f 438/1008/1594 70/398/1595 439/1009/1596
f 70/398/1597 436/361/1598 439/1009/1599
f 26/1010/1600 370/1011/1601 54/353/1602
f 370/1011/1603 369/64/1604 54/353/1605
f 29/375/1606 62/377/1607 241/1012/1608
f 62/377/1609 64/1013/1610 241/1012/1611
f 449/358/1612 452/1014/1613 328/164/1614
f 43/69/1615 5/71/1616 318/359/1617
f 146/15/1618 145/1001/1619 357/13/1620
f 145/1001/1621 97/1015/1622 357/13/1623
f 154/1016/1624 273/648/1625 272/1017/1626
f 272/1017/1627 215/597/1628 154/1016/1629
f 192/154/1630 444/153/1631 445/990/1632
f 185/369/1633 180/725/1634 177/370/1635
f 29/375/1636 24/1018/1637 63/376/1638
f 6/355/1639 137/1019/1640 415/1020/1641
f 426/1021/1642 425/1022/1643 415/1020/1644
f 19/408/1645 31/382/1646 281/381/1647
f 31/382/1648 56/1023/1649 282/383/1650
f 350/66/1651 464/1024/1652 345/204/1653
f 464/1024/1654 178/384/1655 345/204/1656
f 75/386/1657 308/1025/1658 306/387/1659
f 102/389/1660 66/105/1661 78/80/1662
f 84/396/1663 89/515/1664 90/89/1665
f 71/401/1666 225/916/1667 284/330/1668
f 406/652/1669 407/622/1670 13/920/1671
f 407/622/1672 81/83/1673 13/920/1674
f 34/405/1675 227/1026/1676 364/406/1677
f 388/145/1678 125/147/1679 393/324/1680
f 393/324/1681 397/1027/1682 388/145/1683
f 64/407/1684 31/382/1685 19/408/1686
f 69/138/1687 308/52/1688 150/139/1689
f 355/927/1690 46/926/1691 12/1028/1692
f 46/926/1693 276/1029/1694 12/1028/1695
f 48/262/1696 234/1030/1697 279/413/1698
f 234/1030/1699 233/1031/1700 279/413/1701
f 126/415/1702 125/147/1703 123/146/1704
f 99/470/1705 120/999/1706 98/1032/1707
f 420/1033/1708 302/1034/1709 428/1035/1710
f 302/1034/1711 136/144/1712 428/1035/1713
f 148/176/1714 139/56/1715 366/55/1716
f 129/93/1717 395/92/1718 292/328/1719
f 105/417/1720 320/695/1721 322/418/1722
f 357/1036/1723 97/998/1724 381/640/1725
f 97/998/1726 376/307/1727 381/640/1728
f 412/43/1729 102/389/1730 104/44/1731
f 87/1037/1732 174/1038/1733 405/1039/1734
f 56/1023/1735 33/425/1736 282/383/1737
f 33/425/1738 208/1040/1739 209/1041/1740
f 281/424/1741 33/425/1742 209/1041/1743
f 267/426/1744 374/313/1745 106/427/1746
f 342/429/1747 69/960/1748 15/430/1749
f 195/432/1750 201/223/1751 61/433/1752
f 227/435/1753 226/51/1754 75/53/1755
f 185/369/1756 183/726/1757 180/725/1758
f 325/440/1759 291/1042/1760 295/441/1761
f 199/1043/1762 200/444/1763 286/443/1764
f 200/444/1765 112/583/1766 287/445/1767
f 8/446/1768 256/1044/1768 228/447/1768
f 256/1044/1769 255/1045/1769 228/447/1769
f 260/451/1770 11/172/1771 251/686/1772
f 251/686/1773 250/449/1774 260/451/1775
f 411/452/1776 408/14/1777 94/453/1778
f 347/1046/1779 212/1047/1780 89/1048/1781
f 1/327/1782 364/1049/1783 227/435/1784
f 139/354/1785 137/1019/1786 6/355/1787
f 50/460/1788 48/1050/1789 236/458/1790
f 440/1051/1791 433/1052/1792 437/900/1793
f 433/1052/1794 422/423/1795 437/900/1796
f 436/361/1797 134/227/1798 76/467/1799
f 166/468/1800 360/1053/1801 359/469/1801
f 27/471/1802 48/1054/1803 50/472/1804
f 296/474/1805 135/1055/1806 149/136/1807
f 386/476/1808 127/1056/1809 130/477/1810
f 202/987/1811 198/1057/1812 368/279/1813
f 198/1057/1814 24/218/1815 368/279/1816
f 301/478/1817 300/1058/1818 51/250/1819
f 348/1059/1820 463/516/1821 346/35/1822
f 463/516/1823 462/935/1824 346/35/1825
f 462/935/1826 459/482/1827 346/35/1828
f 459/482/1829 458/1060/1830 88/34/1831
f 191/483/1832 163/1061/1833 288/484/1834
f 466/277/1835 182/487/1836 178/384/1837
f 182/487/1838 351/1062/1839 343/385/1840
f 344/491/1841 352/1063/1842 60/492/1843
f 271/594/1844 50/1064/1845 272/1017/1846
f 32/181/1847 216/1065/1848 215/597/1849
f 248/496/1850 247/954/1851 30/179/1852
f 176/497/1853 89/1066/1854 84/498/1855
f 183/698/1856 140/697/1857 333/676/1858
f 170/992/1859 456/500/1860 168/502/1861
f 165/170/1862 52/169/1863 18/503/1864
f 407/1067/1865 87/1037/1866 405/1068/1867 327/623/1868
f 24/1069/1869 34/405/1870 368/320/1871
f 448/505/1872 161/1070/1873 9/506/1874
f 165/420/1875 166/468/1876 190/508/1877
f 467/1071/1878 83/837/1879 193/836/1880
f 83/837/1881 265/628/1882 264/636/1883
f 59/1072/1884 224/1073/1885 225/1074/1886
f 162/511/1887 160/100/1888 288/512/1889
f 176/650/1890 463/516/1891 89/515/1892
f 463/516/1893 348/1059/1894 347/514/1895
f 133/178/1896 377/1075/1897 380/1076/1898
f 149/521/1899 135/1077/1900 3/522/1901
f 170/1078/1902 447/1079/1903 81/528/1904
f 447/1079/1905 446/466/1906 81/528/1907
f 415/1020/1908 425/1022/1909 13/920/1910
f 425/1022/1911 400/653/1912 13/920/1913
f 297/1080/1914 77/1081/1915 317/1082/1916
f 42/539/1917 355/1083/1918 12/540/1919
f 353/544/1920 363/967/1921 324/542/1922
f 331/922/1923 453/109/1924 332/548/1925
f 453/109/1926 454/1084/1927 332/548/1928
f 454/1084/1929 450/549/1930 332/548/1931
f 450/549/1932 449/358/1933 82/357/1934
f 62/550/1935 28/217/1936 31/551/1937
f 297/554/1938 296/1085/1939 113/475/1940
f 152/1086/1941 423/556/1942 431/555/1943
f 137/1019/1944 307/1087/1945 426/1021/1946
f 307/1087/1947 424/1088/1948 68/651/1949
f 426/1021/1950 307/1087/1951 68/651/1952
f 113/475/1953 149/136/1954 401/558/1955
f 102/559/1956 144/657/1957 138/560/1958
f 159/562/1959 274/1089/1960 211/563/1961
f 8/565/1962 304/1090/1963 423/566/1964
f 208/256/1965 156/16/1966 153/570/1967
f 17/571/1968 57/133/1969 80/524/1970
f 458/573/1971 465/1091/1972 349/574/1973
f 103/576/1974 145/1001/1975 146/15/1976
f 254/1092/1977 371/1093/1978 373/1094/1979
f 371/1093/1980 258/1095/1981 373/1094/1982
f 143/1096/1983 353/578/1984 133/178/1985
f 353/578/1986 295/1097/1987 294/577/1988
f 59/331/1989 15/20/1990 150/139/1991
f 191/580/1992 192/154/1993 168/502/1994
f 194/582/1995 54/1098/1996 112/583/1997
f 93/584/1998 119/590/1999 118/585/2000
f 220/311/2001 70/1000/2002 427/1099/2003
f 427/1099/2004 221/1100/2005 220/311/2006
f 51/587/2007 37/345/2008 26/588/2009
f 94/239/2010 117/240/2011 119/590/2012
f 4/68/2013 79/67/2014 14/73/2015
f 79/67/2016 284/330/2017 14/73/2018
f 208/1101/2019 153/72/2020 209/591/2021
f 33/593/2022 50/1064/2023 271/594/2024
f 65/362/2025 316/392/2026 205/596/2027
f 39/1102/2028 12/1007/2029 151/61/2030
f 189/1103/2031 190/1104/2032 191/1105/2033
f 155/24/2034 154/1016/2035 215/597/2036
f 131/134/2037 130/477/2038 326/599/2039
f 41/1106/2040 38/1107/2040 213/1108/2040
f 433/1052/2041 440/1051/2042 439/1109/2043
f 439/1109/2044 435/1110/2045 433/1052/2046
f 63/601/2047 197/336/2048 468/335/2049
f 468/335/2050 469/1111/2051 237/1112/2052
f 237/1112/2053 239/600/2054 468/335/2055
f 107/118/2056 118/117/2057 354/602/2058
f 119/590/2059 117/240/2060 361/1113/2061
f 117/240/2062 95/210/2063 361/1113/2064
f 432/1114/2065 423/1115/2066 429/1116/2067
f 429/1116/2068 423/1115/2069 422/423/2070
f 429/1116/2071 430/1117/2072 432/1114/2073
f 187/604/2074 159/1118/2074 441/605/2074
f 337/607/2075 336/1119/2075 175/111/2075
f 124/1120/2076 387/609/2077 398/608/2078
f 387/609/2079 388/1121/2080 397/610/2081
f 115/399/2082 116/436/2083 314/611/2084
f 116/436/2085 75/53/2086 312/612/2087
f 457/275/2088 171/1122/2089 455/1123/2090
f 171/1122/2091 456/1124/2092 455/1123/2093
f 455/1123/2094 173/986/2095 457/275/2096
f 198/616/2097 197/1125/2098 63/617/2099
f 111/1126/2100 370/619/2101 47/621/2102
f 360/339/2103 166/1127/2104 18/1128/2105
f 18/1128/2106 22/337/2107 360/339/2108
f 399/851/2109 396/625/2110 243/624/2111
f 396/625/2112 61/910/2113 244/30/2114
f 265/628/2115 83/837/2116 404/306/2117
f 404/306/2118 134/626/2119 265/628/2120
f 21/272/2121 210/1129/2122 276/629/2123
f 254/1130/2124 373/633/2125 255/632/2126
f 373/633/2127 367/904/2128 228/631/2129
f 161/1131/2130 193/635/2131 9/634/2132
f 448/638/2133 162/511/2134 290/637/2135
f 162/511/2136 289/513/2137 290/637/2138
f 119/590/2139 361/1113/2140 354/639/2141
f 381/640/2142 376/307/2143 100/209/2144
f 376/307/2145 358/1132/2146 100/209/2147
f 334/1133/2148 169/642/2149 335/641/2150
f 169/642/2151 167/1134/2152 85/643/2153
f 127/646/2154 385/1135/2155 391/644/2156
f 385/1135/2157 384/660/2158 391/644/2159
f 384/660/2160 121/659/2161 391/644/2162
f 172/97/2163 457/275/2164 466/277/2165
f 273/648/2166 154/1016/2167 16/517/2168
f 177/1136/2169 180/526/2170 176/650/2171
f 180/526/2172 461/525/2173 176/650/2174
f 133/1137/2175 294/1138/2176 148/654/2177
f 294/1138/2178 293/400/2179 148/654/2180
f 96/456/2181 10/455/2182 138/560/2183
f 387/658/2184 124/1139/2185 121/659/2186
f 5/661/2187 51/587/2188 300/662/2189
f 194/664/2190 195/432/2191 23/434/2192
f 367/957/2193 2/1140/2194 114/183/2195
f 2/1140/2196 297/554/2197 114/183/2198
f 49/171/2199 11/172/2200 36/230/2201
f 7/666/2202 414/1141/2203 413/1142/2204
f 413/1142/2205 136/144/2206 7/666/2207
f 136/144/2208 401/978/2209 402/135/2210
f 35/152/2211 190/508/2212 166/468/2213
f 28/217/2214 55/216/2215 56/343/2216
f 86/397/2217 90/89/2218 76/668/2219
f 90/89/2220 315/91/2221 316/669/2222
f 386/1143/2223 123/146/2224 385/1135/2225
f 123/146/2226 383/934/2227 385/1135/2228
f 385/1135/2229 127/646/2230 386/1143/2231
f 172/97/2232 167/96/2233 457/275/2234
f 167/96/2235 171/1122/2236 457/275/2237
f 188/672/2238 162/1144/2239 45/673/2240
f 335/674/2241 85/1145/2242 142/675/2243
f 138/106/2244 10/1146/2245 266/677/2246
f 317/678/2247 268/366/2248 135/510/2249
f 411/682/2250 93/1147/2251 144/680/2252
f 144/680/2253 102/1148/2254 412/681/2255
f 420/685/2256 428/114/2257 427/1149/2258
f 11/172/2259 67/82/2260 77/81/2261
f 182/487/2262 466/277/2263 175/687/2264
f 184/689/2265 177/499/2266 84/498/2267
f 332/691/2268 82/1150/2269 141/412/2270
f 82/1150/2271 140/697/2272 141/412/2273
f 399/518/2274 243/1151/2275 242/693/2276
f 101/694/2277 299/1152/2278 320/695/2279
f 232/1153/2280 233/1154/2281 234/1155/2282
f 242/29/2283 243/1156/2284 244/1157/2285
f 245/708/2286 246/1158/2287 247/709/2288
f 256/716/2289 252/1159/2290 254/714/2291
f 252/1159/2292 253/1159/2293 254/714/2294
f 258/717/2295 259/1160/2296 260/718/2297
f 265/1161/2298 262/1162/2299 264/1163/2300
f 264/1163/2301 262/1162/2302 263/545/2303
f 271/1164/2304 272/1165/2305 273/1166/2306
f 276/1167/2307 274/1168/2308 275/1169/2309
f 284/795/2310 283/1170/2311 418/1171/2312
f 295/879/2313 293/878/2314 294/1172/2315
f 329/734/2316 330/1173/2317 331/735/2318
f 338/1174/2319 336/1175/2320 337/1176/2321
f 377/750/2322 378/913/2323 379/751/2324
f 404/806/2325 403/1177/2326 86/1178/2327
f 408/818/2328 409/1179/2329 410/1180/2330
f 221/1181/2331 413/1182/2332 414/27/2333
f 423/1183/2334 421/1184/2335 422/1185/2336
f 438/763/2337 439/1186/2338 440/764/2339
f 420/685/2340 438/684/2341 437/777/2342
f 431/779/2343 432/203/2344 217/167/2345
f 395/1187/2346 392/1188/2347 391/1189/2348
f 227/781/2349 241/1190/2350 240/782/2351
f 230/784/2352 231/1191/2353 253/785/2354
f 436/1192/2355 434/1193/2356 435/1194/2357
f 459/787/2358 464/1195/2359 465/788/2360
f 350/790/2361 349/1196/2362 465/791/2363
f 225/793/2364 224/1197/2365 283/794/2366
f 299/796/2367 318/1198/2368 319/797/2369
f 315/801/2370 212/1199/2371 213/802/2372
f 330/804/2373 329/734/2373 403/805/2373
f 386/1200/2374 390/1201/2375 389/1202/2376
f 412/817/2377 409/1203/2378 408/818/2379
f 470/1204/2380 196/1205/2381 468/776/2382
f 334/1206/2383 333/568/2384 328/569/2385
f 276/820/2386 210/1207/2387 211/821/2388
f 442/823/2389 441/1208/2390 211/824/2391
f 305/829/2392 421/1209/2393 423/830/2394
f 341/807/2395 339/1210/2396 340/832/2397
f 413/833/2398 221/1211/2399 427/834/2400
f 238/838/2401 237/1212/2402 286/839/2403
f 325/841/2404 324/1213/2405 323/842/2406
f 206/547/2407 207/1214/2408 220/703/2409
f 236/844/2410 279/1215/2411 280/845/2412
f 302/142/2413 420/1216/2414 419/847/2415
f 233/848/2416 232/1153/2417 369/849/2418
f 397/610/2419 396/625/2420 399/851/2421
f 346/745/2422 277/1217/2423 278/1218/2424
f 262/546/2425 207/1219/2426 206/547/2427
f 375/853/2428 359/1220/2429 358/854/2430
f 306/862/2431 308/1221/2432 424/863/2433
f 325/867/2434 326/1222/2435 292/868/2436
f 365/1223/2437 366/55/2438 378/913/2439
f 355/1224/2440 354/1225/2441 361/1226/2442
f 298/86/2443 321/101/2444 320/875/2445
f 291/877/2446 292/1227/2447 293/878/2448
f 451/880/2449 289/1228/2450 288/881/2451
f 339/883/2452 407/1229/2453 406/884/2454
f 444/1230/2455 446/1231/2456 445/768/2457
f 400/1232/2458 425/1233/2459 426/1234/2460
f 306/387/2461 307/977/2462 313/211/2463
f 451/880/2464 452/882/2465 449/888/2466
f 258/893/2467 371/1235/2468 372/894/2469
f 388/897/2470 387/1236/2471 384/754/2472
f 373/1237/2473 250/1238/2474 249/1239/2475
f 248/710/2476 257/1240/2477 245/708/2478
f 92/1241/2479 143/1096/2480 133/178/2481 380/1076/2482
f 205/166/2483 41/1106/2484 155/24/2485 218/1242/2486 217/167/2487
f 414/1243/2488 7/249/2489 39/1102/2490 151/61/2491
f 281/592/2492 153/72/2493 417/1244/2494 416/1245/2495
f 186/1246/2496 183/698/2497 333/568/2498 142/489/2499
f 445/990/2500 170/992/2501 168/502/2502 192/154/2503
f 163/536/2504 191/1105/2505 164/581/2506 167/537/2507
f 405/1039/2508 174/1038/2509 173/212/2510 327/214/2511
f 435/1110/2512 157/1247/2513 433/1052/2514
f 206/1248/2515 219/26/2516 40/25/2517 263/202/2518
f 336/1249/2519 338/1174/2520 352/1250/2521 351/1251/2522
f 298/86/2523 301/88/2524 80/921/2525 321/101/2526
f 359/469/2527 375/309/2528 120/999/2529 99/470/2530
f 390/1252/2531 57/133/2532 17/571/2533 122/1253/2534
f 70/683/2535 420/685/2536 427/1149/2537
f 191/580/2538 190/508/2539 192/154/2540
f 339/1002/2541 337/607/2542 87/1037/2543 407/1067/2544
f 191/1105/2545 187/99/2546 189/1103/2547
f 161/1254/2548 290/952/2549 454/1255/2550 467/532/2551
f 123/146/2552 386/1143/2553 389/494/2554
f 234/1030/2555 48/262/2556 287/261/2557
f 36/122/2558 259/1256/2559 372/1/2560 110/3/2561
f 195/303/2562 200/1257/2563 199/939/2564 196/199/2565 201/198/2566
f 353/1258/2567 362/1259/2568 363/1260/2569
f 72/1261/2570 322/103/2571 73/1262/2572 326/1263/2573 323/1264/2574
f 347/743/2575 346/745/2576 278/8/2577 212/90/2578
f 68/205/2579 308/959/2580 340/282/2581 406/652/2582
f 343/1265/2583 351/1266/2584 352/1267/2585 344/740/2586
f 395/1268/2587 391/1269/2588 121/1270/2589
f 326/1222/2590 130/48/2591 129/50/2592 292/868/2593
f 399/518/2594 109/692/2595 364/1049/2596 1/327/2597 395/92/2598
f 163/1061/2599 169/1271/2600 452/1272/2601 288/484/2602
f 215/597/2603 272/1017/2604 50/1064/2605 32/181/2606
f 395/1268/2607 121/1270/2608 124/1273/2609 398/519/2610
f 98/1032/2611 120/999/2612 379/1274/2613 378/1275/2614
f 164/1276/2615 168/1277/2616 171/1278/2617 167/1279/2618
f 377/1280/2619 133/1281/2620 365/1223/2621 378/913/2622
f 137/1019/2623 426/1021/2624 415/1020/2625
f 351/1282/2626 182/1283/2627 175/1284/2628 336/1285/2629
f 150/139/2630 241/481/2631 64/552/2632 58/579/2633
f 116/436/2634 115/399/2635 292/328/2636 1/327/2637
f 464/671/2638 181/670/2639 179/486/2640 178/384/2641
f 36/230/2642 11/172/2643 260/451/2644 259/1286/2645
f 435/1287/2646 439/1009/2647 436/1192/2648
f 99/1288/2649 98/1289/2650 6/1290/2651 35/1291/2652
f 91/1292/2653 97/1293/2654 145/1294/2655 147/1295/2656
f 414/27/2657 219/26/2658 221/1181/2659
