# Extracted losslessly from Unity Mesh asset: C:/Users/slicc/Documents/Changing My Life/Game/Assets/_Project/Art/Environment/StarterIsland/VerticalRockKit_Sculpted/Meshes/MESH_VRKS_End_A.asset
o MESH_VRKS_End_A
v 14.9801999 -133.567095 493.776608
v 43.2022005 -132.975304 398.304105
v 42.9322004 -115.3602 468.476105
v -46.3371992 -225.074911 67.7928984
v -34.3353003 -238.611102 98.8644004
v -79.6829998 -215.55779 101.611495
v -107.960498 9.88600031 1.09599996
v -95.1741993 -93.3405995 18.8711002
v -114.734304 -80.4269016 13.2193998
v 106.395102 -35.8671993 5.84460013
v 130.9268 -30.8443993 8.63920003
v 142.8316 -89.3868983 12.0224997
v 112.767303 -183.325303 165.706801
v 96.6802001 -143.636096 128.644598
v 101.934397 -145.998394 165.508103
v -88.7044013 -132.296503 120.2739
v -98.9684999 -159.810805 118.359196
v -87.0482981 -140.458703 149.169397
v -106.043601 -160.628903 63.7630999
v -102.266002 -145.434403 70.0716972
v -97.7324009 -132.022905 62.9312992
v -106.043601 -160.628903 63.7630999
v -97.519201 -142.950106 21.6259003
v 70.1717019 34.4655007 343.080401
v 81.3939989 39.3496007 288.871694
v 87.3578012 89.8548007 321.610999
v 105.915296 -48.3038008 328.342295
v 97.4439025 11.9484998 350.350404
v 73.5791981 -8.07550028 348.728204
v 119.458199 11.9672 344.622493
v 97.4439025 11.9484998 350.350404
v 116.032302 68.1213021 115.594304
v 90.7575011 43.0440992 125.346804
v 91.2986994 55.1940978 166.596305
v 15.6916007 -207.347798 248.703194
v 12.6518995 -214.834905 304.232693
v 7.32970014 -214.105296 257.652402
v -102.4418 22.5182995 352.857494
v -72.0295012 -56.4631999 416.617489
v -111.128902 21.8223006 422.770119
v -63.5104001 -66.9059992 400.201988
v -72.0295012 -56.4631999 416.617489
v 124.202895 -139.441395 106.563103
v 101.149297 -140.987003 116.892397
v 102.226198 -130.9322 62.5150025
v 81.3939989 39.3496007 288.871694
v 66.1264002 31.5270007 221.530294
v 61.1294985 89.3622994 250.907612
v 97.4439025 11.9484998 350.350404
v 119.458199 11.9672 344.622493
v 115.907097 38.1790996 344.9471
v -135.818601 102.342403 106.68
v -141.689003 76.5559971 87.6676023
v -136.001897 102.579296 128.408301
v -127.922297 -72.0412016 59.3599021
v -134.924495 -4.52959985 111.749601
v -137.445998 3.95109989 52.5165021
v -55.3999007 169.412005 190.205097
v -43.7204003 182.133901 127.0329
v -68.1981027 199.869299 188.759005
v 79.5773029 174.687004 69.1682994
v 78.3957005 130.746806 72.3262012
v 88.9660001 141.1834 8.15099999
v -57.5955987 148.124301 236.810994
v -11.3926999 171.353805 266.2678
v -7.28399977 154.009998 193.515897
v -118.317497 119.400203 303.827596
v -108.894801 136.008704 298.636007
v -126.359105 115.957201 254.404402
v -124.068201 229.246211 125.760996
v -125.371599 232.734299 123.689198
v -133.207095 184.019399 185.524201
v -57.8191996 -172.029495 187.763
v -67.4355984 -116.207898 193.014395
v -75.1299024 -131.274402 158.1038
v 94.7704017 -167.200196 397.232509
v 86.0661983 -115.181506 410.81748
v 69.4220006 -126.133096 408.680677
v 29.0109009 -119.361401 15.2858004
v 68.2232976 -124.486601 12.0610997
v 77.3913026 -219.120407 12.5420004
v 57.1623981 -248.222804 162.748098
v -24.5624006 -219.020605 161.585903
v 55.9494972 -254.235411 105.532396
v 48.8323003 -242.218995 64.2886996
v 55.9494972 -254.235411 105.532396
v -34.3353003 -238.611102 98.8644004
v 90.7263994 187.503099 323.18399
v 78.1264007 177.364802 372.790504
v 82.2794974 166.525805 378.34301
v 93.8207984 101.568794 358.605695
v 70.1717019 34.4655007 343.080401
v 87.3578012 89.8548007 321.610999
v 101.478004 138.531303 303.042603
v 87.3578012 89.8548007 321.610999
v 23.8818005 216.841507 11.3191001
v 67.6980972 236.875296 9.82280001
v 49.1400003 185.759103 8.77169967
v -133.406198 114.971197 360.910296
v -133.874595 111.844301 305.489302
v -148.020995 85.9764993 358.548689
v 117.047799 44.8731989 173.489594
v 146.005499 44.8199004 162.353301
v 122.894096 65.6663001 166.124904
v 70.1717019 34.4655007 343.080401
v 73.5791981 -8.07550028 348.728204
v 97.4439025 11.9484998 350.350404
v 30.8519006 -76.1150002 506.284094
v 42.8663999 -99.1594017 480.083084
v 41.3993001 -71.2531984 485.261297
v 119.542599 45.9306985 284.030199
v 115.907097 38.1790996 344.9471
v 119.458199 11.9672 344.622493
v 114.177096 33.434099 223.397994
v 121.801805 3.80209982 280.038404
v 119.458199 11.9672 344.622493
v 121.801805 3.80209982 280.038404
v 69.9566007 -12.2340001 457.883883
v 79.689002 -47.0209986 473.399878
v 75.8701026 -52.9600024 412.590313
v -72.7068007 169.647801 396.313906
v -116.521001 145.920098 364.908195
v -113.488495 141.373503 415.055609
v -73.7465978 -92.3197985 131.738603
v -70.2884972 -102.074301 166.406202
v -67.6339984 -63.7301028 165.454698
v -11.3926999 171.353805 266.2678
v -12.5659004 199.102604 179.580402
v -7.28399977 154.009998 193.515897
v 68.1501985 105.978 7.62370005
v 65.9865022 40.4498994 19.5461005
v 39.1786009 102.460206 5.82100004
v -12.5659004 199.102604 179.580402
v -16.5631995 214.114904 124.297202
v -8.92589986 165.477705 130.633998
v -95.1741993 -93.3405995 18.8711002
v -39.4495994 -44.8545009 13.3203998
v -97.519201 -142.950106 21.6259003
v 81.9238007 132.984102 378.035307
v 102.081895 124.071503 368.40241
v 82.2794974 166.525805 378.34301
v -113.245904 -105.891895 57.624203
v -127.2645 -84.3668997 64.5097971
v -123.037803 -92.1784997 58.4226012
v 106.395102 -35.8671993 5.84460013
v 142.8316 -89.3868983 12.0224997
v 126.388502 -130.8797 11.0054001
v 30.3142995 159.852004 388.923597
v 23.5565007 153.417897 419.613695
v 46.2478995 148.104799 432.440615
v -108.894801 136.008704 298.636007
v -116.521001 145.920098 364.908195
v -75.4590988 173.029804 338.848591
v 23.5565007 153.417897 419.613695
v 16.911 151.951504 432.825708
v 46.2478995 148.104799 432.440615
v -39.4495994 -44.8545009 13.3203998
v 29.0109009 -119.361401 15.2858004
v -76.2714982 -185.276794 14.2480001
v -147.165895 71.4136004 214.59341
v -144.938397 97.0772028 173.569703
v -142.317998 88.3450985 122.742701
v 18.4812993 -41.2371993 518.043804
v 17.0880005 -58.3857 515.655518
v 35.7863992 -47.4404991 486.851501
v -111.231601 58.0182016 434.657907
v -111.128902 21.8223006 422.770119
v -102.391899 34.2916995 478.752899
v -45.1828986 40.7422006 454.897594
v -15.8896998 -37.9233003 504.707718
v 19.1009998 -3.42009999 490.71908
v -47.4034995 -74.6149004 514.351702
v -45.5567002 -85.2669001 508.281803
v -37.8221989 -96.795702 518.176699
v 71.5089977 145.938694 5.62250018
v 88.9660001 141.1834 8.15099999
v 66.2934005 113.788199 9.83679965
v -10.6848001 173.315406 60.1252973
v -15.6665996 227.395606 56.9548011
v -20.6286997 200.482106 24.1401002
v 70.8943009 187.694705 179.474998
v 68.976599 122.970605 186.883199
v 76.4365971 124.520504 122.062397
v -24.5588005 170.801699 272.408104
v -69.2067981 142.548001 252.163696
v -76.6242027 164.638197 292.644691
v -134.380305 -39.7419006 210.185194
v -116.327596 -43.6791003 249.577689
v -136.819005 -43.1432992 250.0772
v 0.0250000012 165.666401 391.820788
v -12.7584994 151.976204 442.013502
v 13.9065996 159.021902 420.428514
v 73.0897009 -170.948601 385.194612
v 56.2587976 -128.591001 396.131706
v 43.2022005 -132.975304 398.304105
v -138.758898 20.6874996 164.461696
v -131.568599 -36.4890009 194.635999
v -141.607904 42.8903013 218.029594
v 86.156702 -56.6767991 14.2811999
v 57.9138994 -55.854398 15.9971997
v 83.0717981 -53.0646026 4.65800017
v -15.8896998 -37.9233003 504.707718
v -67.9234028 -61.2158 500.61059
v -44.3574995 -71.7954993 506.900406
v -59.8083019 -116.751301 263.103795
v -44.5886999 -162.5512 228.850389
v -25.4579991 -170.454502 294.617009
v -126.071894 26.0940999 4.87920009
v -129.317605 105.795705 11.05
v -104.991806 40.5705005 7.52220005
v -48.0354011 -84.1525018 535.550594
v -44.3574995 -71.7954993 506.900406
v -47.4034995 -74.6149004 514.351702
v -63.5104001 -66.9059992 400.201988
v -102.4418 22.5182995 352.857494
v -78.6163986 -63.8581991 288.281488
v -112.651098 81.5518022 425.605583
v -111.073804 77.5851011 472.35651
v -114.397395 113.959002 475.081015
v 68.2232976 -124.486601 12.0610997
v 102.670598 -125.338805 9.82540026
v 108.527195 -170.877695 13.5836005
v -116.521001 145.920098 364.908195
v -133.406198 114.971197 360.910296
v -131.584203 111.938405 408.957005
v 64.509201 13.9360994 408.699608
v 70.1717019 34.4655007 343.080401
v 79.4562995 88.3670986 412.229204
v 69.9566007 -12.2340001 457.883883
v 68.9979017 10.2903001 454.875994
v 52.6292026 12.8950998 465.283918
v -98.0593979 -104.021001 29.1076988
v -92.0939028 -115.140605 60.8627021
v -113.245904 -105.891895 57.624203
v 5.7746999 206.677008 370.903301
v -1.15369996 218.371892 318.947506
v 1.2875 191.402197 322.295499
v -66.4601982 -107.701004 229.446507
v -71.0085988 -71.3557005 243.478203
v -68.3517992 -75.6232977 203.436303
v 124.767303 -37.2938007 268.572903
v 103.874099 -70.0441003 270.093989
v 95.5118001 -62.4768019 237.372589
v -102.4418 22.5182995 352.857494
v -126.524901 17.7296996 390.02769
v -127.964401 25.3744006 344.540811
v -108.864903 -45.1267004 199.937904
v -81.3495994 -39.9251014 215.825701
v -78.9155006 -40.7018989 248.347306
v 78.7850022 -40.3717011 403.390694
v 73.5791981 -8.07550028 348.728204
v 69.6597993 -15.0670007 417.859221
v 101.442301 -153.7058 211.985993
v 112.767303 -183.325303 165.706801
v 101.934397 -145.998394 165.508103
v -134.924495 -4.52959985 111.749601
v -126.714206 -83.4335029 99.8399973
v -127.361906 -58.1875026 151.014102
v -127.922297 -72.0412016 59.3599021
v -126.714206 -83.4335029 99.8399973
v -70.2884972 -102.074301 166.406202
v -75.1299024 -131.274402 158.1038
v -67.4355984 -116.207898 193.014395
v -79.261899 -102.852094 119.165397
v -75.1299024 -131.274402 158.1038
v 29.0109009 -119.361401 15.2858004
v -43.8822001 -224.675298 6.67020008
v -76.2714982 -185.276794 14.2480001
v 114.177096 33.434099 223.397994
v 84.7567976 52.0177007 218.600106
v 99.1111994 63.9573991 286.068606
v -88.7044013 -132.296503 120.2739
v -89.1373992 -113.777494 79.9794018
v -102.266002 -145.434403 70.0716972
v -44.5886999 -162.5512 228.850389
v -66.4601982 -107.701004 229.446507
v -67.4355984 -116.207898 193.014395
v -59.8083019 -116.751301 263.103795
v -66.4601982 -107.701004 229.446507
v 52.9380977 -22.5133002 17.9528996
v 70.6211984 -1.37379998 12.2707002
v 83.0717981 -53.0646026 4.65800017
v 72.7726996 192.018402 245.623207
v 86.6106987 192.749298 306.54459
v 101.478004 138.531303 303.042603
v 60.6409013 254.235411 248.871493
v 86.6106987 192.749298 306.54459
v -147.165895 71.4136004 214.59341
v -151.542199 108.916605 229.361105
v -144.938397 97.0772028 173.569703
v 81.3939989 39.3496007 288.871694
v 61.1294985 89.3622994 250.907612
v 87.3578012 89.8548007 321.610999
v 112.741494 -189.593697 268.517995
v 107.0472 -187.596703 215.888
v 96.5388 -141.134501 225.99349
v 121.801805 3.80209982 280.038404
v 119.458199 11.9672 344.622493
v 128.082895 -28.738901 318.442607
v 124.767303 -37.2938007 268.572903
v 117.658699 0.587899983 220.972705
v 121.801805 3.80209982 280.038404
v 114.177096 33.434099 223.397994
v 145.223701 49.0446001 112.195802
v 116.032302 68.1213021 115.594304
v 122.894096 65.6663001 166.124904
v -50.0804007 56.1367989 15.7434002
v -39.4495994 -44.8545009 13.3203998
v -98.7851977 16.1311001 6.50969967
v -53.5076022 -227.66881 117.181301
v -78.233403 -204.397798 146.525705
v -76.0748982 -213.38129 121.981001
v 23.8304004 231.191492 68.6031997
v -18.6927006 223.019791 105.149496
v -16.5631995 214.114904 124.297202
v -54.2877972 82.2017014 448.202991
v -112.097096 124.421704 460.741186
v -111.073804 77.5851011 472.35651
v 112.767303 -183.325303 165.706801
v 107.0472 -187.596703 215.888
v 94.5765972 -219.282198 202.617407
v 90.0157988 -214.427304 265.048599
v 94.5765972 -219.282198 202.617407
v 22.9980007 242.511296 242.62929
v 60.6409013 254.235411 248.871493
v 62.6950026 249.100399 177.068102
v -135.818601 102.342403 106.68
v -145.531499 133.669198 59.6006989
v -135.792196 102.914703 62.4198973
v -63.5104001 -66.9059992 400.201988
v -68.283999 -98.3362973 282.379794
v -41.7569011 -119.205296 410.246277
v 122.056198 45.3047991 25.8078992
v 144.957495 28.6350012 16.4322004
v 137.672901 15.4841006 17.3289001
v 122.620904 1.38229998 120.358801
v 132.824898 -34.0714008 156.207597
v 133.064997 -26.7942011 118.271303
v 19.4995001 -105.789995 523.2512
v -10.8078003 -55.5432022 529.430819
v -8.69819969 -135.197306 544.179916
v -57.2758973 100.383496 18.0037007
v -3.83989997 127.050495 15.5818
v 7.39120021 90.200001 0
v -79.261899 -102.852094 119.165397
v -73.7465978 -92.3197985 131.738603
v -98.7160027 -70.924902 158.270597
v 45.2163011 -30.282101 475.777483
v 43.4069008 -22.4096 490.05022
v 35.7863992 -47.4404991 486.851501
v -143.086195 142.441499 121.512306
v -133.207095 184.019399 185.524201
v -140.591395 184.273696 123.910606
v 90.526098 52.9648006 343.2163
v 70.1717019 34.4655007 343.080401
v 97.4439025 11.9484998 350.350404
v 97.4439025 11.9484998 350.350404
v 115.907097 38.1790996 344.9471
v 79.689002 -47.0209986 473.399878
v 55.3788006 -50.6388009 480.25279
v 79.1981995 -110.829699 470.094824
v 70.6211984 -1.37379998 12.2707002
v 65.9865022 40.4498994 19.5461005
v 106.992698 12.7563998 16.1595002
v -120.458198 237.787294 77.5848985
v -71.8695998 228.632092 60.5158985
v -70.2661991 215.713906 21.6102004
v 55.181402 90.9044981 182.237995
v 61.1294985 89.3622994 250.907612
v 66.1264002 31.5270007 221.530294
v 52.463901 161.4838 397.989511
v 25.8648008 174.911702 391.599393
v 30.3142995 159.852004 388.923597
v 76.4365971 124.520504 122.062397
v 57.4037015 102.170801 68.0302978
v 78.3957005 130.746806 72.3262012
v 37.0519012 78.7163973 448.768616
v 74.0324974 92.1781003 434.288883
v 60.8453989 119.573796 431.613588
v 16.9931993 -125.770903 513.687277
v 39.3424004 -110.629499 493.795586
v 19.4995001 -105.789995 523.2512
v -109.442699 -66.0908997 282.505393
v -116.327596 -43.6791003 249.577689
v -78.9155006 -40.7018989 248.347306
v 79.4562995 88.3670986 412.229204
v 65.9990013 28.3814013 446.126699
v 64.509201 13.9360994 408.699608
v 142.8316 -89.3868983 12.0224997
v 130.9268 -30.8443993 8.63920003
v 132.490802 -31.9727004 51.1286974
v 72.7726996 192.018402 245.623207
v 79.6905994 125.188899 247.213507
v 68.976599 122.970605 186.883199
v -69.2067981 142.548001 252.163696
v -57.5955987 148.124301 236.810994
v -53.1871021 131.947696 192.212796
v 125.363505 -155.290496 168.176997
v 122.434998 -156.104004 222.371602
v 101.442301 -153.7058 211.985993
v 117.658699 0.587899983 220.972705
v 120.590901 -37.1270001 224.983692
v 132.824898 -34.0714008 156.207597
v 54.0621996 90.2025998 123.818302
v 55.181402 90.9044981 182.237995
v 70.4074979 31.9317013 167.612302
v 54.0621996 90.2025998 123.818302
v 65.7369971 26.9317001 123.932397
v 104.709005 -138.499606 336.782908
v 94.7704017 -167.200196 397.232509
v 114.2434 -188.155496 329.326105
v 107.0472 -187.596703 215.888
v 112.741494 -189.593697 268.517995
v 90.0157988 -214.427304 265.048599
v 18.8970998 225.941491 375.782204
v 60.1104021 224.521208 377.269292
v 63.1711006 248.743296 315.170598
v 23.5565007 153.417897 419.613695
v 13.9065996 159.021902 420.428514
v -12.7584994 151.976204 442.013502
v 101.149297 -140.987003 116.892397
v 115.248096 -177.708101 59.4859004
v 102.226198 -130.9322 62.5150025
v -8.53319988 171.566796 384.721994
v -7.94560015 181.238198 327.606702
v -75.4590988 173.029804 338.848591
v 151.542199 45.3574002 58.7296009
v 117.9986 61.4763021 20.1942995
v 122.147095 69.8415995 62.3094022
v 77.3913026 -219.120407 12.5420004
v 90.9223974 -209.184098 6.54440001
v 115.248096 -177.708101 59.4859004
v 83.1053972 63.5354996 19.1303
v 65.9865022 40.4498994 19.5461005
v 70.7527995 36.0410988 55.7713985
v 79.689002 -47.0209986 473.399878
v 55.1196992 -18.1903005 475.481319
v 55.3788006 -50.6388009 480.25279
v -131.282496 103.447199 142.431605
v -126.689303 110.273302 200.201988
v -128.141904 150.160694 196.677494
v 0.571900001 -208.410597 205.089998
v 8.07280019 -198.555005 248.383188
v 1.83249991 -162.033999 243.55619
v 20.1072007 173.086095 17.1682
v 14.5832002 224.658704 14.5983994
v 23.8818005 216.841507 11.3191001
v -139.684403 43.8306004 22.2154006
v -137.445998 3.95109989 52.5165021
v -139.196503 27.8044999 65.9179986
v 28.6114007 112.568796 438.902521
v 60.8453989 119.573796 431.613588
v 46.2478995 148.104799 432.440615
v 25.4240006 -29.8234999 10.3473999
v -39.4495994 -44.8545009 13.3203998
v 18.0876002 14.9207994 9.08500031
v -108.864903 -45.1267004 199.937904
v -131.568599 -36.4890009 194.635999
v -127.361906 -58.1875026 151.014102
v -40.3447002 -203.621411 154.111099
v -34.3353003 -238.611102 98.8644004
v -24.5624006 -219.020605 161.585903
v -98.0593979 -104.021001 29.1076988
v -97.7324009 -132.022905 62.9312992
v -92.0939028 -115.140605 60.8627021
v -140.591395 184.273696 123.910606
v -125.371599 232.734299 123.689198
v -127.739096 234.482908 67.4793005
v -138.380098 183.2322 13.4766996
v -136.028695 151.944005 7.22569972
v -137.353098 138.369596 24.3260995
v -108.894801 136.008704 298.636007
v -76.6242027 164.638197 292.644691
v -105.963898 129.834902 263.60929
v 151.542199 45.3574002 58.7296009
v 145.223701 49.0446001 112.195802
v 146.982598 19.3773001 109.239304
v -67.9234028 -61.2158 500.61059
v -15.8896998 -37.9233003 504.707718
v -45.1828986 40.7422006 454.897594
v -139.684403 43.8306004 22.2154006
v -139.196503 27.8044999 65.9179986
v -142.059696 75.720799 68.988198
v -123.037803 -92.1784997 58.4226012
v -126.245701 -79.0098011 12.0304003
v -118.615198 -88.3274019 17.6912993
v -131.282496 103.447199 142.431605
v -136.001897 102.579296 128.408301
v -144.938397 97.0772028 173.569703
v 56.7764997 242.582393 20.4549998
v 17.4618006 230.129695 27.0310998
v 29.5055002 238.572311 59.1144025
v 132.824898 -34.0714008 156.207597
v 146.028495 -102.852201 159.072399
v 141.337597 -94.6081996 120.567298
v 148.7306 -21.5785995 15.8124
v 132.490802 -31.9727004 51.1286974
v 130.9268 -30.8443993 8.63920003
v 52.463901 161.4838 397.989511
v 82.2794974 166.525805 378.34301
v 78.1264007 177.364802 372.790504
v 79.4562995 88.3670986 412.229204
v 78.7675977 103.425002 404.773712
v 60.8453989 119.573796 431.613588
v 69.1760004 -238.217306 214.347601
v 15.6916007 -207.347798 248.703194
v 5.9661001 -217.97471 195.346904
v -6.76319972 154.957998 21.8958005
v -55.2392006 150.634301 67.9422021
v -10.6848001 173.315406 60.1252973
v 104.709005 -138.499606 336.782908
v 86.4524007 -68.1367993 334.489989
v 86.0661983 -115.181506 410.81748
v 20.5094993 226.132488 52.2873998
v 17.4618006 230.129695 27.0310998
v 14.5832002 224.658704 14.5983994
v 69.1760004 -238.217306 214.347601
v 90.0157988 -214.427304 265.048599
v 67.6967978 -236.998606 265.426993
v 144.059598 -12.6137003 107.735705
v 139.228201 7.25530013 114.226198
v 122.620904 1.38229998 120.358801
v -68.1981027 199.869299 188.759005
v -106.470299 180.101705 214.210892
v -104.537499 157.031 218.908811
v -72.0295012 -56.4631999 416.617489
v -61.2762988 -69.5134997 497.14222
v -67.9234028 -61.2158 500.61059
v 120.503795 2.84470003 173.808002
v 114.177096 33.434099 223.397994
v 117.658699 0.587899983 220.972705
v 25.4240006 -29.8234999 10.3473999
v 52.9380977 -22.5133002 17.9528996
v 57.9138994 -55.854398 15.9971997
v -109.442699 -66.0908997 282.505393
v -78.6163986 -63.8581991 288.281488
v -102.4418 22.5182995 352.857494
v -50.0804007 56.1367989 15.7434002
v 7.39120021 90.200001 0
v 18.0876002 14.9207994 9.08500031
v 6.57059997 232.74281 311.382604
v 63.1711006 248.743296 315.170598
v 60.6409013 254.235411 248.871493
v -54.164499 143.155503 18.6912999
v -6.76319972 154.957998 21.8958005
v -3.83989997 127.050495 15.5818
v -126.245701 -79.0098011 12.0304003
v -114.734304 -80.4269016 13.2193998
v -118.615198 -88.3274019 17.6912993
v 84.7567976 52.0177007 218.600106
v 66.1264002 31.5270007 221.530294
v 81.3939989 39.3496007 288.871694
v 82.2794974 166.525805 378.34301
v 52.463901 161.4838 397.989511
v 81.9238007 132.984102 378.035307
v 71.5089977 145.938694 5.62250018
v 88.6600018 186.912405 3.68009992
v 88.9660001 141.1834 8.15099999
v 82.2794974 166.525805 378.34301
v 101.288605 134.472203 353.560901
v 106.529999 138.504195 325.235295
v -130.666804 64.5089984 402.790022
v -126.524901 17.7296996 390.02769
v -116.761506 20.8734006 413.673306
v 68.976599 122.970605 186.883199
v 79.6905994 125.188899 247.213507
v 61.1294985 89.3622994 250.907612
v 101.478004 138.531303 303.042603
v 87.3578012 89.8548007 321.610999
v -76.2714982 -185.276794 14.2480001
v -81.8413019 -196.889699 13.5746002
v -90.921402 -188.648903 15.1528999
v -136.819005 -43.1432992 250.0772
v -128.985405 -55.1795006 287.110591
v -140.882599 13.5811999 332.255292
v -90.4289007 -207.848001 75.1250029
v -98.9684999 -159.810805 118.359196
v -106.043601 -160.628903 63.7630999
v 13.4601995 165.838897 387.093496
v 25.8648008 174.911702 391.599393
v 3.48769985 182.976997 375.180602
v 77.3913026 -219.120407 12.5420004
v 48.8323003 -242.218995 64.2886996
v 55.0957024 -247.817302 7.77399987
v 102.670598 -125.338805 9.82540026
v 86.156702 -56.6767991 14.2811999
v 106.395102 -35.8671993 5.84460013
v 46.2478995 148.104799 432.440615
v 60.8453989 119.573796 431.613588
v 81.9238007 132.984102 378.035307
v 64.509201 13.9360994 408.699608
v 73.5791981 -8.07550028 348.728204
v 70.1717019 34.4655007 343.080401
v 112.741494 -189.593697 268.517995
v 114.2434 -188.155496 329.326105
v 67.0933008 -224.875093 321.089911
v -145.531499 133.669198 59.6006989
v -137.353098 138.369596 24.3260995
v -137.316298 123.381102 20.2366993
v -126.359105 115.957201 254.404402
v -105.963898 129.834902 263.60929
v -96.4519024 111.514997 223.890209
v -71.0085988 -71.3557005 243.478203
v -68.283999 -98.3362973 282.379794
v -78.6163986 -63.8581991 288.281488
v -10.8158 -147.378004 514.779902
v -33.6582989 -87.8876984 541.463089
v -37.8221989 -96.795702 518.176699
v 109.669006 -181.737196 113.450301
v 112.767303 -183.325303 165.706801
v 94.5765972 -219.282198 202.617407
v -55.6134999 192.181504 64.2601013
v -71.8695998 228.632092 60.5158985
v -69.6492016 217.870402 71.4118004
v -128.985405 -55.1795006 287.110591
v -136.819005 -43.1432992 250.0772
v -116.327596 -43.6791003 249.577689
v 108.527195 -170.877695 13.5836005
v 102.670598 -125.338805 9.82540026
v 102.226198 -130.9322 62.5150025
v -43.7204003 182.133901 127.0329
v -45.697701 144.987798 127.120495
v -55.2392006 150.634301 67.9422021
v 80.2006006 -85.3752971 269.542909
v 86.4524007 -68.1367993 334.489989
v 104.709005 -138.499606 336.782908
v 128.202295 17.3915997 167.424405
v 146.005499 44.8199004 162.353301
v 117.047799 44.8731989 173.489594
v -98.7160027 -70.924902 158.270597
v -67.6339984 -63.7301028 165.454698
v -81.3495994 -39.9251014 215.825701
v 116.032302 68.1213021 115.594304
v 122.147095 69.8415995 62.3094022
v 89.0320003 49.0785986 59.2724025
v 12.7280995 -150.515401 364.580107
v 58.1367016 -181.865799 386.097407
v 43.2022005 -132.975304 398.304105
v -99.434799 141.097295 217.897606
v -96.4519024 111.514997 223.890209
v -53.1871021 131.947696 192.212796
v 30.8263004 139.104295 7.71799982
v 52.3559988 145.453 10.5163001
v 57.8429997 105.786598 3.57719995
v 82.6490998 -215.591002 63.1606996
v 84.4497979 -222.39151 109.995103
v 55.9494972 -254.235411 105.532396
v -55.3999007 169.412005 190.205097
v -53.1871021 131.947696 192.212796
v -45.697701 144.987798 127.120495
v 7.70820007 81.9841981 458.280897
v 37.0519012 78.7163973 448.768616
v 28.6114007 112.568796 438.902521
v 148.868501 17.3261002 22.6276994
v 147.341704 16.5673003 60.1375997
v 150.592601 -25.5196989 54.053098
v 132.824898 -34.0714008 156.207597
v 120.590901 -37.1270001 224.983692
v 140.259302 -106.374097 220.231605
v -140.882599 13.5811999 332.255292
v -146.506906 55.0390005 338.880897
v -146.387398 67.7154005 287.236691
v -120.606899 237.108302 120.443499
v -64.3189013 219.778395 126.408398
v -68.4150994 227.436209 78.7546992
v -132.800102 67.1100974 378.030896
v -131.800699 64.4315004 361.787605
v -126.524901 17.7296996 390.02769
v 126.083803 -139.73 124.330699
v 125.363505 -155.290496 168.176997
v 101.934397 -145.998394 165.508103
v -112.651098 81.5518022 425.605583
v -115.290403 125.276697 421.042585
v -131.584203 111.938405 408.957005
v -120.606899 237.108302 120.443499
v -68.1981027 199.869299 188.759005
v -64.3189013 219.778395 126.408398
v 117.9986 61.4763021 20.1942995
v 83.1053972 63.5354996 19.1303
v 89.0320003 49.0785986 59.2724025
v -139.701605 189.164603 64.8064017
v -145.531499 133.669198 59.6006989
v -143.086195 142.441499 121.512306
v -144.233406 79.7120988 15.9091994
v -137.316298 123.381102 20.2366993
v -134.218597 56.4453006 10.5766997
v -71.0085988 -71.3557005 243.478203
v -78.9155006 -40.7018989 248.347306
v -81.3495994 -39.9251014 215.825701
v 114.177096 33.434099 223.397994
v 117.047799 44.8731989 173.489594
v 91.2986994 55.1940978 166.596305
v 60.6409013 254.235411 248.871493
v 72.7726996 192.018402 245.623207
v 70.8943009 187.694705 179.474998
v 115.907097 38.1790996 344.9471
v 119.542599 45.9306985 284.030199
v 99.1111994 63.9573991 286.068606
v 114.2434 -188.155496 329.326105
v 112.741494 -189.593697 268.517995
v 105.215204 -141.816401 274.150491
v 49.1400003 185.759103 8.77169967
v 67.6980972 236.875296 9.82280001
v 88.6600018 186.912405 3.68009992
v 90.7575011 43.0440992 125.346804
v 65.7369971 26.9317001 123.932397
v 70.4074979 31.9317013 167.612302
v 5.9661001 -217.97471 195.346904
v -24.5624006 -219.020605 161.585903
v 57.1623981 -248.222804 162.748098
v -141.168702 49.0193993 119.2186
v -142.317998 88.3450985 122.742701
v -141.689003 76.5559971 87.6676023
v -52.1058977 176.799905 21.1998999
v -55.2392006 150.634301 67.9422021
v -54.164499 143.155503 18.6912999
v 147.810996 -91.2832975 59.3644023
v 124.202895 -139.441395 106.563103
v 126.388502 -130.8797 11.0054001
v -68.283999 -98.3362973 282.379794
v -59.8083019 -116.751301 263.103795
v -55.5248976 -116.587198 281.386709
v -68.283999 -98.3362973 282.379794
v -41.7569011 -119.205296 410.246277
v -126.524901 17.7296996 390.02769
v -102.4418 22.5182995 352.857494
v -111.128902 21.8223006 422.770119
v 75.8701026 -52.9600024 412.590313
v 79.689002 -47.0209986 473.399878
v 79.1981995 -110.829699 470.094824
v 14.9801999 -133.567095 493.776608
v -10.8158 -147.378004 514.779902
v -28.5641015 -176.882994 399.290109
v -78.9016008 -99.2102981 111.938906
v -88.7044013 -132.296503 120.2739
v -79.261899 -102.852094 119.165397
v -15.6665996 227.395606 56.9548011
v -10.6848001 173.315406 60.1252973
v -18.6927006 223.019791 105.149496
v 110.461104 48.8516003 19.9085996
v 83.1053972 63.5354996 19.1303
v 117.9986 61.4763021 20.1942995
v 117.047799 44.8731989 173.489594
v 122.894096 65.6663001 166.124904
v 91.2986994 55.1940978 166.596305
v 65.9865022 40.4498994 19.5461005
v 68.1501985 105.978 7.62370005
v 57.4037015 102.170801 68.0302978
v 125.363505 -155.290496 168.176997
v 140.259302 -106.374097 220.231605
v 122.434998 -156.104004 222.371602
v 122.5425 7.49199986 133.249903
v 135.795105 5.58860004 168.018305
v 125.743103 3.56260017 157.407403
v -141.607904 42.8903013 218.029594
v -136.819005 -43.1432992 250.0772
v -146.387398 67.7154005 287.236691
v -141.607904 42.8903013 218.029594
v -134.380305 -39.7419006 210.185194
v -46.3371992 -225.074911 67.7928984
v -80.7380974 -205.963492 68.561101
v -76.2714982 -185.276794 14.2480001
v 68.9979017 10.2903001 454.875994
v 69.9566007 -12.2340001 457.883883
v 69.6597993 -15.0670007 417.859221
v 8.07280019 -198.555005 248.383188
v 8.59109983 -175.983 288.070607
v 1.83249991 -162.033999 243.55619
v -12.1389002 161.665702 407.217312
v -72.7068007 169.647801 396.313906
v -61.2320006 145.125699 432.947779
v -7.28399977 154.009998 193.515897
v -8.92589986 165.477705 130.633998
v -45.697701 144.987798 127.120495
v 148.868501 17.3261002 22.6276994
v 151.542199 45.3574002 58.7296009
v 147.341704 16.5673003 60.1375997
v -148.020995 85.9764993 358.548689
v -146.506906 55.0390005 338.880897
v -135.494399 69.145298 362.537599
v 90.7575011 43.0440992 125.346804
v 89.0320003 49.0785986 59.2724025
v 70.7527995 36.0410988 55.7713985
v -123.7113 191.1304 12.8644004
v -129.209805 217.659402 14.9276003
v -125 220.264602 13.2376999
v 7.39120021 90.200001 0
v -3.83989997 127.050495 15.5818
v 30.8263004 139.104295 7.71799982
v 95.5118001 -62.4768019 237.372589
v 103.874099 -70.0441003 270.093989
v 80.2006006 -85.3752971 269.542909
v 133.064997 -26.7942011 118.271303
v 141.337597 -94.6081996 120.567298
v 147.810996 -91.2832975 59.3644023
v -151.207197 106.101096 297.665
v -146.387398 67.7154005 287.236691
v -146.506906 55.0390005 338.880897
v 67.9032028 231.817198 65.3144002
v 79.5773029 174.687004 69.1682994
v 88.6600018 186.912405 3.68009992
v 122.056198 45.3047991 25.8078992
v 110.461104 48.8516003 19.9085996
v 117.9986 61.4763021 20.1942995
v 18.4812993 -41.2371993 518.043804
v 28.2144994 -25.3719985 486.491394
v -15.8896998 -37.9233003 504.707718
v 55.181402 90.9044981 182.237995
v 54.0621996 90.2025998 123.818302
v 76.4365971 124.520504 122.062397
v -151.542199 108.916605 229.361105
v -126.359105 115.957201 254.404402
v -126.689303 110.273302 200.201988
v 19.1009998 -3.42009999 490.71908
v -15.8896998 -37.9233003 504.707718
v 28.2144994 -25.3719985 486.491394
v 19.1009998 -3.42009999 490.71908
v 28.2144994 -25.3719985 486.491394
v 43.4069008 -22.4096 490.05022
v 90.526098 52.9648006 343.2163
v 99.1111994 63.9573991 286.068606
v 81.3939989 39.3496007 288.871694
v 78.7850022 -40.3717011 403.390694
v 86.4524007 -68.1367993 334.489989
v 73.5791981 -8.07550028 348.728204
v -98.7851977 16.1311001 6.50969967
v -57.2758973 100.383496 18.0037007
v -50.0804007 56.1367989 15.7434002
v -11.2631999 -168.303299 200.02501
v 1.83249991 -162.033999 243.55619
v -44.5886999 -162.5512 228.850389
v -67.6339984 -63.7301028 165.454698
v -68.3517992 -75.6232977 203.436303
v -81.3495994 -39.9251014 215.825701
v -137.842703 3.16549987 19.3682998
v -139.684403 43.8306004 22.2154006
v -134.218597 56.4453006 10.5766997
v -127.361906 -58.1875026 151.014102
v -126.714206 -83.4335029 99.8399973
v -103.518605 -105.332303 113.801098
v 7.39120021 90.200001 0
v 39.1786009 102.460206 5.82100004
v 46.6455013 22.7414995 9.35460031
v 8.59140009 -160.978901 352.40159
v 12.9866004 -173.963201 305.725503
v 11.9331002 -194.327998 359.630609
v 52.9380977 -22.5133002 17.9528996
v 25.4240006 -29.8234999 10.3473999
v 18.0876002 14.9207994 9.08500031
v -1.73049998 181.769001 319.298291
v -7.29969963 232.527089 307.0503
v -11.3926999 171.353805 266.2678
v 80.9090972 182.656503 118.034399
v 62.6950026 249.100399 177.068102
v 70.8943009 187.694705 179.474998
v 31.0196996 -70.5958009 19.077
v 64.9800003 -110.344005 6.68170005
v 29.0109009 -119.361401 15.2858004
v 80.9090972 182.656503 118.034399
v 76.4365971 124.520504 122.062397
v 78.3957005 130.746806 72.3262012
v 147.341704 16.5673003 60.1375997
v 146.982598 19.3773001 109.239304
v 148.962998 -22.7682993 91.3052976
v 48.8323003 -242.218995 64.2886996
v -46.3371992 -225.074911 67.7928984
v -43.8822001 -224.675298 6.67020008
v 136.835003 -21.8456998 77.2316992
v 148.962998 -22.7682993 91.3052976
v 139.904702 -23.6864999 94.5375979
v 14.9801999 -133.567095 493.776608
v 12.7280995 -150.515401 364.580107
v 43.2022005 -132.975304 398.304105
v -25.4579991 -170.454502 294.617009
v -28.5641015 -176.882994 399.290109
v -41.7569011 -119.205296 410.246277
v -129.317605 105.795705 11.05
v -54.164499 143.155503 18.6912999
v -57.2758973 100.383496 18.0037007
v 95.5118001 -62.4768019 237.372589
v 77.4142027 -69.0253019 223.466802
v 96.5388 -141.134501 225.99349
v -143.086195 142.441499 121.512306
v -136.1094 112.511206 119.974697
v -128.141904 150.160694 196.677494
v 65.9990013 28.3814013 446.126699
v 52.6292026 12.8950998 465.283918
v 68.9979017 10.2903001 454.875994
v 106.395102 -35.8671993 5.84460013
v 86.156702 -56.6767991 14.2811999
v 83.0717981 -53.0646026 4.65800017
v -107.960498 9.88600031 1.09599996
v -104.991806 40.5705005 7.52220005
v -98.7851977 16.1311001 6.50969967
v -134.924495 -4.52959985 111.749601
v -132.929301 0.660300022 123.622203
v -135.052896 13.7430996 125.909305
v -82.4616015 -195.188606 144.832098
v -78.233403 -204.397798 146.525705
v -65.6971991 -197.954404 153.311801
v -123.037803 -92.1784997 58.4226012
v -127.2645 -84.3668997 64.5097971
v -127.922297 -72.0412016 59.3599021
v 42.9322004 -115.3602 468.476105
v 54.3896973 -109.570599 477.237177
v 42.8663999 -99.1594017 480.083084
v 3.48769985 182.976997 375.180602
v -8.53319988 171.566796 384.721994
v 0.0250000012 165.666401 391.820788
v -76.0748982 -213.38129 121.981001
v -91.0058975 -212.413692 118.964398
v -79.6829998 -215.55779 101.611495
v 12.1570997 -165.026999 363.059402
v 2.12549996 -158.238006 362.970304
v 8.59140009 -160.978901 352.40159
v 1.2875 191.402197 322.295499
v -1.73049998 181.769001 319.298291
v -7.94560015 181.238198 327.606702
v 6.57059997 232.74281 311.382604
v -7.29969963 232.527089 307.0503
v -1.15369996 218.371892 318.947506
v -135.494399 69.145298 362.537599
v -131.800699 64.4315004 361.787605
v -132.800102 67.1100974 378.030896
v -68.4150994 227.436209 78.7546992
v -69.6492016 217.870402 71.4118004
v -71.8695998 228.632092 60.5158985
v 30.3142995 159.852004 388.923597
v 25.8648008 174.911702 391.599393
v 13.4601995 165.838897 387.093496
v 23.8818005 216.841507 11.3191001
v 14.5832002 224.658704 14.5983994
v 17.4618006 230.129695 27.0310998
v 23.8304004 231.191492 68.6031997
v 29.5055002 238.572311 59.1144025
v 20.5094993 226.132488 52.2873998
v -45.5567002 -85.2669001 508.281803
v -47.4034995 -74.6149004 514.351702
v -44.3574995 -71.7954993 506.900406
v -72.0295012 -56.4631999 416.617489
v -63.5104001 -66.9059992 400.201988
v -59.0744972 -85.8241022 416.516685
v 43.4069008 -22.4096 490.05022
v 45.2163011 -30.282101 475.777483
v 55.1196992 -18.1903005 475.481319
v 137.672901 15.4841006 17.3289001
v 126.651394 6.39650002 11.0027
v 106.992698 12.7563998 16.1595002
v 125.743103 3.56260017 157.407403
v 135.795105 5.58860004 168.018305
v 128.202295 17.3915997 167.424405
v 137.672901 15.4841006 17.3289001
v 144.957495 28.6350012 16.4322004
v 148.868501 17.3261002 22.6276994
v 19.4995001 -105.789995 523.2512
v 4.34440002 -129.942501 536.90362
v 16.9931993 -125.770903 513.687277
v 30.8519006 -76.1150002 506.284094
v 41.3993001 -71.2531984 485.261297
v 35.7863992 -47.4404991 486.851501
v 124.202895 -139.441395 106.563103
v 126.083803 -139.73 124.330699
v 96.6802001 -143.636096 128.644598
v 15.6916007 -207.347798 248.703194
v 8.07280019 -198.555005 248.383188
v 0.571900001 -208.410597 205.089998
v 78.7675977 103.425002 404.773712
v 79.4562995 88.3670986 412.229204
v 93.8207984 101.568794 358.605695
v -57.5955987 148.124301 236.810994
v -69.2067981 142.548001 252.163696
v -24.5588005 170.801699 272.408104
v 2.12549996 -158.238006 362.970304
v 12.7280995 -150.515401 364.580107
v 14.9801999 -133.567095 493.776608
v -128.141904 150.160694 196.677494
v -136.1094 112.511206 119.974697
v -131.282496 103.447199 142.431605
v 14.9801999 -133.567095 493.776608
v 42.9322004 -115.3602 468.476105
v 39.3424004 -110.629499 493.795586
v -116.521001 145.920098 364.908195
v -108.894801 136.008704 298.636007
v -118.317497 119.400203 303.827596
v 52.3559988 145.453 10.5163001
v 71.5089977 145.938694 5.62250018
v 66.2934005 113.788199 9.83679965
v -53.5076022 -227.66881 117.181301
v -76.0748982 -213.38129 121.981001
v -79.6829998 -215.55779 101.611495
v -142.059696 75.720799 68.988198
v -139.196503 27.8044999 65.9179986
v -141.116095 40.8405989 77.2894979
v 55.1196992 -18.1903005 475.481319
v 52.6292026 12.8950998 465.283918
v 38.3996993 14.5808995 467.683697
v -54.1194022 155.7639 195.901
v -55.3999007 169.412005 190.205097
v -104.537499 157.031 218.908811
v -61.2762988 -69.5134997 497.14222
v -72.0295012 -56.4631999 416.617489
v -59.0744972 -85.8241022 416.516685
v -141.607904 42.8903013 218.029594
v -131.568599 -36.4890009 194.635999
v -134.380305 -39.7419006 210.185194
v -140.614498 39.5985007 168.079197
v -138.758898 20.6874996 164.461696
v -141.607904 42.8903013 218.029594
v 101.442301 -153.7058 211.985993
v 122.434998 -156.104004 222.371602
v 120.548904 -147.717595 232.312202
v -89.1373992 -113.777494 79.9794018
v -92.0939028 -115.140605 60.8627021
v -97.7324009 -132.022905 62.9312992
v -16.5631995 214.114904 124.297202
v -18.6927006 223.019791 105.149496
v -15.5243993 166.209102 115.204799
v -127.922297 -72.0412016 59.3599021
v -129.312599 -62.7721012 12.2331001
v -126.245701 -79.0098011 12.0304003
v -71.7236996 -191.3975 160.8477
v -75.1299024 -131.274402 158.1038
v -87.0482981 -140.458703 149.169397
v 148.7306 -21.5785995 15.8124
v 130.9268 -30.8443993 8.63920003
v 137.672901 15.4841006 17.3289001
v -136.028695 151.944005 7.22569972
v -129.317605 105.795705 11.05
v -137.316298 123.381102 20.2366993
v -1.15369996 218.371892 318.947506
v 5.7746999 206.677008 370.903301
v 18.8970998 225.941491 375.782204
v -115.290403 125.276697 421.042585
v -114.397395 113.959002 475.081015
v -112.097096 124.421704 460.741186
v 122.056198 45.3047991 25.8078992
v 137.672901 15.4841006 17.3289001
v 106.992698 12.7563998 16.1595002
v 132.824898 -34.0714008 156.207597
v 141.867602 -104.240704 173.603499
v 146.028495 -102.852201 159.072399
v 12.9866004 -173.963201 305.725503
v 8.59109983 -175.983 288.070607
v 12.6518995 -214.834905 304.232693
v 13.4601995 165.838897 387.093496
v 13.9065996 159.021902 420.428514
v 23.5565007 153.417897 419.613695
v 101.478004 138.531303 303.042603
v 86.6106987 192.749298 306.54459
v 90.7263994 187.503099 323.18399
v 82.2794974 166.525805 378.34301
v 102.081895 124.071503 368.40241
v 101.288605 134.472203 353.560901
v 20.5094993 226.132488 52.2873998
v -18.6945006 229.842901 44.1224009
v -15.6665996 227.395606 56.9548011
v -111.231601 58.0182016 434.657907
v -112.132001 56.6811979 468.340921
v -111.073804 77.5851011 472.35651
v 56.2587976 -128.591001 396.131706
v 73.0897009 -170.948601 385.194612
v 94.7704017 -167.200196 397.232509
v -7.94560015 181.238198 327.606702
v -8.53319988 171.566796 384.721994
v 3.48769985 182.976997 375.180602
v 106.395102 -35.8671993 5.84460013
v 83.0717981 -53.0646026 4.65800017
v 70.6211984 -1.37379998 12.2707002
v -53.5076022 -227.66881 117.181301
v -34.3353003 -238.611102 98.8644004
v -40.3447002 -203.621411 154.111099
v 146.982598 19.3773001 109.239304
v 139.228201 7.25530013 114.226198
v 144.059598 -12.6137003 107.735705
v 139.904702 -23.6864999 94.5375979
v 148.962998 -22.7682993 91.3052976
v 144.059598 -12.6137003 107.735705
v 122.5425 7.49199986 133.249903
v 122.620904 1.38229998 120.358801
v 139.228201 7.25530013 114.226198
v 67.9032028 231.817198 65.3144002
v 67.6980972 236.875296 9.82280001
v 56.7764997 242.582393 20.4549998
v -95.1741993 -93.3405995 18.8711002
v -98.0593979 -104.021001 29.1076988
v -118.615198 -88.3274019 17.6912993
v -120.458198 237.787294 77.5848985
v -125 220.264602 13.2376999
v -129.209805 217.659402 14.9276003
v 57.1623981 -248.222804 162.748098
v 66.9378996 -246.93749 153.802001
v 76.0055006 -238.153195 206.8223
v -10.8158 -147.378004 514.779902
v 14.9801999 -133.567095 493.776608
v 16.9931993 -125.770903 513.687277
v -132.800102 67.1100974 378.030896
v -134.450805 110.976195 380.285907
v -137.658203 107.518303 367.952299
v -81.8413019 -196.889699 13.5746002
v -80.7380974 -205.963492 68.561101
v -90.4289007 -207.848001 75.1250029
v 30.8519006 -76.1150002 506.284094
v 17.0880005 -58.3857 515.655518
v 19.4995001 -105.789995 523.2512
v -116.761506 20.8734006 413.673306
v -111.128902 21.8223006 422.770119
v -111.231601 58.0182016 434.657907
v 136.835003 -21.8456998 77.2316992
v 132.490802 -31.9727004 51.1286974
v 150.592601 -25.5196989 54.053098
v -120.458198 237.787294 77.5848985
v -127.739096 234.482908 67.4793005
v -125.371599 232.734299 123.689198
v -139.196503 27.8044999 65.9179986
v -137.445998 3.95109989 52.5165021
v -134.924495 -4.52959985 111.749601
v -73.7465978 -92.3197985 131.738603
v -79.261899 -102.852094 119.165397
v -70.2884972 -102.074301 166.406202
v -90.921402 -188.648903 15.1528999
v -90.4289007 -207.848001 75.1250029
v -106.043601 -160.628903 63.7630999
v 0.0250000012 165.666401 391.820788
v 13.9065996 159.021902 420.428514
v 13.4601995 165.838897 387.093496
v -46.3371992 -225.074911 67.7928984
v -79.6829998 -215.55779 101.611495
v -80.7380974 -205.963492 68.561101
v -39.4495994 -44.8545009 13.3203998
v -95.1741993 -93.3405995 18.8711002
v -98.7851977 16.1311001 6.50969967
v -98.7851977 16.1311001 6.50969967
v -95.1741993 -93.3405995 18.8711002
v -107.960498 9.88600031 1.09599996
v -59.8083019 -116.751301 263.103795
v -71.0085988 -71.3557005 243.478203
v -66.4601982 -107.701004 229.446507
v -71.0085988 -71.3557005 243.478203
v -59.8083019 -116.751301 263.103795
v -68.283999 -98.3362973 282.379794
v 101.149297 -140.987003 116.892397
v 96.6802001 -143.636096 128.644598
v 109.669006 -181.737196 113.450301
v 109.669006 -181.737196 113.450301
v 96.6802001 -143.636096 128.644598
v 112.767303 -183.325303 165.706801
v -80.7380974 -205.963492 68.561101
v -81.8413019 -196.889699 13.5746002
v -76.2714982 -185.276794 14.2480001
v -88.7044013 -132.296503 120.2739
v -87.0482981 -140.458703 149.169397
v -75.1299024 -131.274402 158.1038
v 105.915296 -48.3038008 328.342295
v 73.5791981 -8.07550028 348.728204
v 86.4524007 -68.1367993 334.489989
v 116.032302 68.1213021 115.594304
v 91.2986994 55.1940978 166.596305
v 122.894096 65.6663001 166.124904
v 67.0933008 -224.875093 321.089911
v 12.6518995 -214.834905 304.232693
v 67.6967978 -236.998606 265.426993
v 67.6967978 -236.998606 265.426993
v 12.6518995 -214.834905 304.232693
v 15.6916007 -207.347798 248.703194
v 101.288605 134.472203 353.560901
v 93.8207984 101.568794 358.605695
v 106.529999 138.504195 325.235295
v 106.529999 138.504195 325.235295
v 93.8207984 101.568794 358.605695
v 101.478004 138.531303 303.042603
v 93.8207984 101.568794 358.605695
v 101.288605 134.472203 353.560901
v 102.081895 124.071503 368.40241
v -142.317998 88.3450985 122.742701
v -136.001897 102.579296 128.408301
v -141.689003 76.5559971 87.6676023
v -141.689003 76.5559971 87.6676023
v -135.818601 102.342403 106.68
v -142.059696 75.720799 68.988198
v -142.059696 75.720799 68.988198
v -135.792196 102.914703 62.4198973
v -126.714206 -83.4335029 99.8399973
v -127.922297 -72.0412016 59.3599021
v -127.2645 -84.3668997 64.5097971
v -68.1981027 199.869299 188.759005
v -43.7204003 182.133901 127.0329
v -64.3189013 219.778395 126.408398
v 79.5773029 174.687004 69.1682994
v 88.9660001 141.1834 8.15099999
v 88.6600018 186.912405 3.68009992
v -57.5955987 148.124301 236.810994
v -7.28399977 154.009998 193.515897
v -53.1871021 131.947696 192.212796
v 8.59109983 -175.983 288.070607
v -25.4579991 -170.454502 294.617009
v 1.83249991 -162.033999 243.55619
v 1.83249991 -162.033999 243.55619
v -25.4579991 -170.454502 294.617009
v -44.5886999 -162.5512 228.850389
v 8.59109983 -175.983 288.070607
v -20.1115996 -168.551803 304.958296
v -25.4579991 -170.454502 294.617009
v -133.874595 111.844301 305.489302
v -118.317497 119.400203 303.827596
v -126.359105 115.957201 254.404402
v -126.359105 115.957201 254.404402
v -108.894801 136.008704 298.636007
v -105.963898 129.834902 263.60929
v -124.068201 229.246211 125.760996
v -133.207095 184.019399 185.524201
v -106.470299 180.101705 214.210892
v -57.8191996 -172.029495 187.763
v -75.1299024 -131.274402 158.1038
v -71.7236996 -191.3975 160.8477
v 29.0109009 -119.361401 15.2858004
v 77.3913026 -219.120407 12.5420004
v 55.0957024 -247.817302 7.77399987
v 66.9378996 -246.93749 153.802001
v 57.1623981 -248.222804 162.748098
v 55.9494972 -254.235411 105.532396
v 55.9494972 -254.235411 105.532396
v -24.5624006 -219.020605 161.585903
v -34.3353003 -238.611102 98.8644004
v 48.8323003 -242.218995 64.2886996
v -34.3353003 -238.611102 98.8644004
v -46.3371992 -225.074911 67.7928984
v 78.1264007 177.364802 372.790504
v 90.7263994 187.503099 323.18399
v 60.1104021 224.521208 377.269292
v 60.1104021 224.521208 377.269292
v 86.6106987 192.749298 306.54459
v 63.1711006 248.743296 315.170598
v 90.7263994 187.503099 323.18399
v 86.6106987 192.749298 306.54459
v 60.1104021 224.521208 377.269292
v 23.8818005 216.841507 11.3191001
v 49.1400003 185.759103 8.77169967
v 20.1072007 173.086095 17.1682
v -43.7204003 182.133901 127.0329
v -55.6134999 192.181504 64.2601013
v -64.3189013 219.778395 126.408398
v -64.3189013 219.778395 126.408398
v -55.6134999 192.181504 64.2601013
v -68.4150994 227.436209 78.7546992
v -68.4150994 227.436209 78.7546992
v -55.6134999 192.181504 64.2601013
v -69.6492016 217.870402 71.4118004
v -137.658203 107.518303 367.952299
v -133.406198 114.971197 360.910296
v -148.020995 85.9764993 358.548689
v -148.020995 85.9764993 358.548689
v -133.874595 111.844301 305.489302
v -151.207197 106.101096 297.665
v 110.461104 48.8516003 19.9085996
v 106.992698 12.7563998 16.1595002
v 83.1053972 63.5354996 19.1303
v 65.9865022 40.4498994 19.5461005
v 70.6211984 -1.37379998 12.2707002
v 46.6455013 22.7414995 9.35460031
v 46.6455013 22.7414995 9.35460031
v 70.6211984 -1.37379998 12.2707002
v 52.9380977 -22.5133002 17.9528996
v 39.3424004 -110.629499 493.795586
v 42.8663999 -99.1594017 480.083084
v 30.8519006 -76.1150002 506.284094
v 38.3996993 14.5808995 467.683697
v 65.9990013 28.3814013 446.126699
v 37.0519012 78.7163973 448.768616
v 37.0519012 78.7163973 448.768616
v 65.9990013 28.3814013 446.126699
v 74.0324974 92.1781003 434.288883
v 65.9990013 28.3814013 446.126699
v 38.3996993 14.5808995 467.683697
v 52.6292026 12.8950998 465.283918
v -33.6582989 -87.8876984 541.463089
v -10.8078003 -55.5432022 529.430819
v -48.0354011 -84.1525018 535.550594
v 69.9566007 -12.2340001 457.883883
v 75.8701026 -52.9600024 412.590313
v 69.6597993 -15.0670007 417.859221
v -116.521001 145.920098 364.908195
v -72.7068007 169.647801 396.313906
v -75.4590988 173.029804 338.848591
v -12.5659004 199.102604 179.580402
v -11.3926999 171.353805 266.2678
v -13.1043002 221.977401 242.526293
v 57.8429997 105.786598 3.57719995
v 68.1501985 105.978 7.62370005
v 39.1786009 102.460206 5.82100004
v 39.1786009 102.460206 5.82100004
v 65.9865022 40.4498994 19.5461005
v 46.6455013 22.7414995 9.35460031
v 67.0933008 -224.875093 321.089911
v 73.0897009 -170.948601 385.194612
v 58.1367016 -181.865799 386.097407
v -12.5659004 199.102604 179.580402
v -8.92589986 165.477705 130.633998
v -7.28399977 154.009998 193.515897
v 90.0157988 -214.427304 265.048599
v 67.0933008 -224.875093 321.089911
v 67.6967978 -236.998606 265.426993
v 94.5765972 -219.282198 202.617407
v 66.9378996 -246.93749 153.802001
v 84.4497979 -222.39151 109.995103
v 84.4497979 -222.39151 109.995103
v 66.9378996 -246.93749 153.802001
v 55.9494972 -254.235411 105.532396
v -127.2645 -84.3668997 64.5097971
v -113.245904 -105.891895 57.624203
v -126.714206 -83.4335029 99.8399973
v -126.714206 -83.4335029 99.8399973
v -113.245904 -105.891895 57.624203
v -103.518605 -105.332303 113.801098
v 30.3142995 159.852004 388.923597
v 46.2478995 148.104799 432.440615
v 52.463901 161.4838 397.989511
v -108.894801 136.008704 298.636007
v -75.4590988 173.029804 338.848591
v -76.6242027 164.638197 292.644691
v -142.059696 75.720799 68.988198
v -135.792196 102.914703 62.4198973
v -144.233406 79.7120988 15.9091994
v -144.233406 79.7120988 15.9091994
v -135.792196 102.914703 62.4198973
v -137.316298 123.381102 20.2366993
v 31.0196996 -70.5958009 19.077
v 29.0109009 -119.361401 15.2858004
v -39.4495994 -44.8545009 13.3203998
v -147.165895 71.4136004 214.59341
v -142.317998 88.3450985 122.742701
v -141.168702 49.0193993 119.2186
v -133.207095 184.019399 185.524201
v -128.141904 150.160694 196.677494
v -106.470299 180.101705 214.210892
v -128.141904 150.160694 196.677494
v -104.537499 157.031 218.908811
v -106.470299 180.101705 214.210892
v 18.4812993 -41.2371993 518.043804
v 35.7863992 -47.4404991 486.851501
v 28.2144994 -25.3719985 486.491394
v -133.406198 114.971197 360.910296
v -123.712695 139.889598 360.891604
v -133.874595 111.844301 305.489302
v -133.874595 111.844301 305.489302
v -123.712695 139.889598 360.891604
v -118.317497 119.400203 303.827596
v -111.231601 58.0182016 434.657907
v -102.391899 34.2916995 478.752899
v -112.132001 56.6811979 468.340921
v -45.1828986 40.7422006 454.897594
v 19.1009998 -3.42009999 490.71908
v 7.70820007 81.9841981 458.280897
v -47.4034995 -74.6149004 514.351702
v -37.8221989 -96.795702 518.176699
v -48.0354011 -84.1525018 535.550594
v -48.0354011 -84.1525018 535.550594
v -37.8221989 -96.795702 518.176699
v -33.6582989 -87.8876984 541.463089
v -6.76319972 154.957998 21.8958005
v -10.6848001 173.315406 60.1252973
v -20.6286997 200.482106 24.1401002
v -20.6286997 200.482106 24.1401002
v -15.6665996 227.395606 56.9548011
v -18.6945006 229.842901 44.1224009
v 70.8943009 187.694705 179.474998
v 76.4365971 124.520504 122.062397
v 80.9090972 182.656503 118.034399
v -108.864903 -45.1267004 199.937904
v -116.327596 -43.6791003 249.577689
v -131.568599 -36.4890009 194.635999
v -131.568599 -36.4890009 194.635999
v -116.327596 -43.6791003 249.577689
v -134.380305 -39.7419006 210.185194
v 28.6114007 112.568796 438.902521
v 16.911 151.951504 432.825708
v 7.70820007 81.9841981 458.280897
v 7.70820007 81.9841981 458.280897
v 16.911 151.951504 432.825708
v -12.7584994 151.976204 442.013502
v 73.0897009 -170.948601 385.194612
v 43.2022005 -132.975304 398.304105
v 58.1367016 -181.865799 386.097407
v -123.037803 -92.1784997 58.4226012
v -118.615198 -88.3274019 17.6912993
v -113.245904 -105.891895 57.624203
v 57.9138994 -55.854398 15.9971997
v 86.156702 -56.6767991 14.2811999
v 64.9800003 -110.344005 6.68170005
v 64.9800003 -110.344005 6.68170005
v 86.156702 -56.6767991 14.2811999
v 68.2232976 -124.486601 12.0610997
v 68.2232976 -124.486601 12.0610997
v 86.156702 -56.6767991 14.2811999
v 102.670598 -125.338805 9.82540026
v -44.3574995 -71.7954993 506.900406
v -67.9234028 -61.2158 500.61059
v -61.2762988 -69.5134997 497.14222
v -15.8896998 -37.9233003 504.707718
v -44.3574995 -71.7954993 506.900406
v -10.8078003 -55.5432022 529.430819
v -10.8078003 -55.5432022 529.430819
v -44.3574995 -71.7954993 506.900406
v -48.0354011 -84.1525018 535.550594
v 29.0109009 -119.361401 15.2858004
v 55.0957024 -247.817302 7.77399987
v -43.8822001 -224.675298 6.67020008
v 7.70820007 81.9841981 458.280897
v -12.7584994 151.976204 442.013502
v -54.2877972 82.2017014 448.202991
v -54.2877972 82.2017014 448.202991
v -12.7584994 151.976204 442.013502
v -61.2320006 145.125699 432.947779
v -112.651098 81.5518022 425.605583
v -114.397395 113.959002 475.081015
v -115.290403 125.276697 421.042585
v -128.141904 150.160694 196.677494
v -126.689303 110.273302 200.201988
v -104.537499 157.031 218.908811
v -104.537499 157.031 218.908811
v -96.4519024 111.514997 223.890209
v -99.434799 141.097295 217.897606
v -126.689303 110.273302 200.201988
v -96.4519024 111.514997 223.890209
v -104.537499 157.031 218.908811
v 68.2232976 -124.486601 12.0610997
v 108.527195 -170.877695 13.5836005
v 90.9223974 -209.184098 6.54440001
v 105.215204 -141.816401 274.150491
v 96.5388 -141.134501 225.99349
v 80.2006006 -85.3752971 269.542909
v 80.2006006 -85.3752971 269.542909
v 96.5388 -141.134501 225.99349
v 77.4142027 -69.0253019 223.466802
v -115.290403 125.276697 421.042585
v -113.488495 141.373503 415.055609
v -131.584203 111.938405 408.957005
v -131.584203 111.938405 408.957005
v -133.406198 114.971197 360.910296
v -134.450805 110.976195 380.285907
v -113.488495 141.373503 415.055609
v -116.521001 145.920098 364.908195
v -131.584203 111.938405 408.957005
v -133.406198 114.971197 360.910296
v -116.521001 145.920098 364.908195
v -123.712695 139.889598 360.891604
v -127.922297 -72.0412016 59.3599021
v -137.445998 3.95109989 52.5165021
v -129.312599 -62.7721012 12.2331001
v -129.312599 -62.7721012 12.2331001
v -137.445998 3.95109989 52.5165021
v -137.842703 3.16549987 19.3682998
v 125.363505 -155.290496 168.176997
v 126.083803 -139.73 124.330699
v 141.867602 -104.240704 173.603499
v 141.867602 -104.240704 173.603499
v 126.083803 -139.73 124.330699
v 146.028495 -102.852201 159.072399
v 146.028495 -102.852201 159.072399
v 126.083803 -139.73 124.330699
v 141.337597 -94.6081996 120.567298
v 79.4562995 88.3670986 412.229204
v 70.1717019 34.4655007 343.080401
v 93.8207984 101.568794 358.605695
v 55.1196992 -18.1903005 475.481319
v 69.9566007 -12.2340001 457.883883
v 52.6292026 12.8950998 465.283918
v -118.615198 -88.3274019 17.6912993
v -98.0593979 -104.021001 29.1076988
v -113.245904 -105.891895 57.624203
v -113.245904 -105.891895 57.624203
v -92.0939028 -115.140605 60.8627021
v -90.7849014 -108.7484 74.8333991
v 58.1367016 -181.865799 386.097407
v 11.9331002 -194.327998 359.630609
v 67.0933008 -224.875093 321.089911
v 67.0933008 -224.875093 321.089911
v 11.9331002 -194.327998 359.630609
v 12.6518995 -214.834905 304.232693
v -45.697701 144.987798 127.120495
v -15.5243993 166.209102 115.204799
v -55.2392006 150.634301 67.9422021
v -55.2392006 150.634301 67.9422021
v -15.5243993 166.209102 115.204799
v -10.6848001 173.315406 60.1252973
v 5.7746999 206.677008 370.903301
v 1.2875 191.402197 322.295499
v 3.48769985 182.976997 375.180602
v -66.4601982 -107.701004 229.446507
v -68.3517992 -75.6232977 203.436303
v -67.4355984 -116.207898 193.014395
v -70.2884972 -102.074301 166.406202
v -67.4355984 -116.207898 193.014395
v 124.767303 -37.2938007 268.572903
v 95.5118001 -62.4768019 237.372589
v 120.590901 -37.1270001 224.983692
v -108.864903 -45.1267004 199.937904
v -78.9155006 -40.7018989 248.347306
v -116.327596 -43.6791003 249.577689
v 78.7850022 -40.3717011 403.390694
v 69.6597993 -15.0670007 417.859221
v 75.8701026 -52.9600024 412.590313
v -134.924495 -4.52959985 111.749601
v -127.361906 -58.1875026 151.014102
v -132.929301 0.660300022 123.622203
v -67.9234028 -61.2158 500.61059
v -102.391899 34.2916995 478.752899
v -72.0295012 -56.4631999 416.617489
v -72.0295012 -56.4631999 416.617489
v -102.391899 34.2916995 478.752899
v -111.128902 21.8223006 422.770119
v -141.168702 49.0193993 119.2186
v -141.116095 40.8405989 77.2894979
v -135.052896 13.7430996 125.909305
v -135.052896 13.7430996 125.909305
v -141.116095 40.8405989 77.2894979
v -139.196503 27.8044999 65.9179986
v 114.177096 33.434099 223.397994
v 99.1111994 63.9573991 286.068606
v 119.542599 45.9306985 284.030199
v -88.7044013 -132.296503 120.2739
v -102.266002 -145.434403 70.0716972
v -98.9684999 -159.810805 118.359196
v -44.5886999 -162.5512 228.850389
v -67.4355984 -116.207898 193.014395
v -57.8191996 -172.029495 187.763
v 52.9380977 -22.5133002 17.9528996
v 83.0717981 -53.0646026 4.65800017
v 57.9138994 -55.854398 15.9971997
v 72.7726996 192.018402 245.623207
v 101.478004 138.531303 303.042603
v 79.6905994 125.188899 247.213507
v -102.266002 -145.434403 70.0716972
v -106.043601 -160.628903 63.7630999
v -98.9684999 -159.810805 118.359196
v 130.9268 -30.8443993 8.63920003
v 106.395102 -35.8671993 5.84460013
v 126.651394 6.39650002 11.0027
v 126.651394 6.39650002 11.0027
v 106.395102 -35.8671993 5.84460013
v 106.992698 12.7563998 16.1595002
v -129.317605 105.795705 11.05
v -52.1058977 176.799905 21.1998999
v -54.164499 143.155503 18.6912999
v 145.223701 49.0446001 112.195802
v 122.894096 65.6663001 166.124904
v 146.005499 44.8199004 162.353301
v -65.6971991 -197.954404 153.311801
v -78.233403 -204.397798 146.525705
v -53.5076022 -227.66881 117.181301
v -18.6927006 223.019791 105.149496
v 23.8304004 231.191492 68.6031997
v -15.6665996 227.395606 56.9548011
v -114.397395 113.959002 475.081015
v -111.073804 77.5851011 472.35651
v -112.097096 124.421704 460.741186
v -112.097096 124.421704 460.741186
v -54.2877972 82.2017014 448.202991
v -61.2320006 145.125699 432.947779
v 22.9980007 242.511296 242.62929
v 62.6950026 249.100399 177.068102
v 24.8756006 234.539199 170.705497
v -145.531499 133.669198 59.6006989
v -136.1094 112.511206 119.974697
v -143.086195 142.441499 121.512306
v -136.1094 112.511206 119.974697
v -145.531499 133.669198 59.6006989
v -135.818601 102.342403 106.68
v -68.283999 -98.3362973 282.379794
v -63.5104001 -66.9059992 400.201988
v -78.6163986 -63.8581991 288.281488
v -63.5104001 -66.9059992 400.201988
v -41.7569011 -119.205296 410.246277
v -59.0744972 -85.8241022 416.516685
v 144.957495 28.6350012 16.4322004
v 122.056198 45.3047991 25.8078992
v 146.674204 46.142599 19.7366998
v 4.34440002 -129.942501 536.90362
v 19.4995001 -105.789995 523.2512
v -8.69819969 -135.197306 544.179916
v -8.69819969 -135.197306 544.179916
v -10.8078003 -55.5432022 529.430819
v -33.6582989 -87.8876984 541.463089
v -57.2758973 100.383496 18.0037007
v 7.39120021 90.200001 0
v -50.0804007 56.1367989 15.7434002
v -103.518605 -105.332303 113.801098
v -79.261899 -102.852094 119.165397
v -98.7160027 -70.924902 158.270597
v -98.7160027 -70.924902 158.270597
v -73.7465978 -92.3197985 131.738603
v -67.6339984 -63.7301028 165.454698
v 55.3788006 -50.6388009 480.25279
v 45.2163011 -30.282101 475.777483
v 35.7863992 -47.4404991 486.851501
v 35.7863992 -47.4404991 486.851501
v 43.4069008 -22.4096 490.05022
v 28.2144994 -25.3719985 486.491394
v 54.3896973 -109.570599 477.237177
v 79.1981995 -110.829699 470.094824
v 55.3788006 -50.6388009 480.25279
v 106.992698 12.7563998 16.1595002
v 65.9865022 40.4498994 19.5461005
v 83.1053972 63.5354996 19.1303
v -120.458198 237.787294 77.5848985
v -70.2661991 215.713906 21.6102004
v -125 220.264602 13.2376999
v 55.181402 90.9044981 182.237995
v 66.1264002 31.5270007 221.530294
v 70.4074979 31.9317013 167.612302
v -141.607904 42.8903013 218.029594
v -146.387398 67.7154005 287.236691
v -147.165895 71.4136004 214.59341
v -57.8191996 -172.029495 187.763
v -42.5498009 -190.874803 158.171499
v -11.2631999 -168.303299 200.02501
v 25.8648008 174.911702 391.599393
v 52.463901 161.4838 397.989511
v 18.8970998 225.941491 375.782204
v 18.8970998 225.941491 375.782204
v 52.463901 161.4838 397.989511
v 60.1104021 224.521208 377.269292
v 54.0621996 90.2025998 123.818302
v 57.4037015 102.170801 68.0302978
v 76.4365971 124.520504 122.062397
v 37.0519012 78.7163973 448.768616
v 60.8453989 119.573796 431.613588
v 28.6114007 112.568796 438.902521
v -12.5659004 199.102604 179.580402
v 24.8756006 234.539199 170.705497
v -16.5631995 214.114904 124.297202
v -109.442699 -66.0908997 282.505393
v -78.9155006 -40.7018989 248.347306
v -78.6163986 -63.8581991 288.281488
v 65.9990013 28.3814013 446.126699
v 79.4562995 88.3670986 412.229204
v 74.0324974 92.1781003 434.288883
v 142.8316 -89.3868983 12.0224997
v 132.490802 -31.9727004 51.1286974
v 147.810996 -91.2832975 59.3644023
v 133.064997 -26.7942011 118.271303
v 132.490802 -31.9727004 51.1286974
v 72.7726996 192.018402 245.623207
v 68.976599 122.970605 186.883199
v 70.8943009 187.694705 179.474998
v -69.2067981 142.548001 252.163696
v -53.1871021 131.947696 192.212796
v -96.4519024 111.514997 223.890209
v 125.363505 -155.290496 168.176997
v 101.442301 -153.7058 211.985993
v 101.934397 -145.998394 165.508103
v 117.658699 0.587899983 220.972705
v 132.824898 -34.0714008 156.207597
v 120.503795 2.84470003 173.808002
v 54.3896973 -109.570599 477.237177
v 69.4220006 -126.133096 408.680677
v 79.1981995 -110.829699 470.094824
v 79.1981995 -110.829699 470.094824
v 69.4220006 -126.133096 408.680677
v 86.0661983 -115.181506 410.81748
v -72.7068007 169.647801 396.313906
v -12.1389002 161.665702 407.217312
v -8.53319988 171.566796 384.721994
v -8.53319988 171.566796 384.721994
v -12.1389002 161.665702 407.217312
v 0.0250000012 165.666401 391.820788
v 18.8970998 225.941491 375.782204
v 63.1711006 248.743296 315.170598
v 6.57059997 232.74281 311.382604
v 16.911 151.951504 432.825708
v 23.5565007 153.417897 419.613695
v -12.7584994 151.976204 442.013502
v 115.248096 -177.708101 59.4859004
v 101.149297 -140.987003 116.892397
v 109.669006 -181.737196 113.450301
v -8.53319988 171.566796 384.721994
v -75.4590988 173.029804 338.848591
v -72.7068007 169.647801 396.313906
v 117.9986 61.4763021 20.1942995
v 151.542199 45.3574002 58.7296009
v 146.674204 46.142599 19.7366998
v 82.6490998 -215.591002 63.1606996
v 77.3913026 -219.120407 12.5420004
v 115.248096 -177.708101 59.4859004
v 109.669006 -181.737196 113.450301
v 82.6490998 -215.591002 63.1606996
v 115.248096 -177.708101 59.4859004
v 90.9223974 -209.184098 6.54440001
v 108.527195 -170.877695 13.5836005
v -91.0058975 -212.413692 118.964398
v -90.4289007 -207.848001 75.1250029
v -79.6829998 -215.55779 101.611495
v -79.6829998 -215.55779 101.611495
v -90.4289007 -207.848001 75.1250029
v -80.7380974 -205.963492 68.561101
v 83.1053972 63.5354996 19.1303
v 70.7527995 36.0410988 55.7713985
v 89.0320003 49.0785986 59.2724025
v 45.2163011 -30.282101 475.777483
v 55.3788006 -50.6388009 480.25279
v 55.1196992 -18.1903005 475.481319
v 55.1196992 -18.1903005 475.481319
v 79.689002 -47.0209986 473.399878
v 69.9566007 -12.2340001 457.883883
v 112.741494 -189.593697 268.517995
v 96.5388 -141.134501 225.99349
v 105.215204 -141.816401 274.150491
v 15.6916007 -207.347798 248.703194
v 69.1760004 -238.217306 214.347601
v 67.6967978 -236.998606 265.426993
v 0.571900001 -208.410597 205.089998
v 1.83249991 -162.033999 243.55619
v -11.2631999 -168.303299 200.02501
v 14.5832002 224.658704 14.5983994
v 20.1072007 173.086095 17.1682
v -20.6286997 200.482106 24.1401002
v -20.6286997 200.482106 24.1401002
v 20.1072007 173.086095 17.1682
v -6.76319972 154.957998 21.8958005
v -137.445998 3.95109989 52.5165021
v -139.684403 43.8306004 22.2154006
v -137.842703 3.16549987 19.3682998
v 28.6114007 112.568796 438.902521
v 46.2478995 148.104799 432.440615
v 16.911 151.951504 432.825708
v 0.571900001 -208.410597 205.089998
v -42.5498009 -190.874803 158.171499
v -24.5624006 -219.020605 161.585903
v -24.5624006 -219.020605 161.585903
v -42.5498009 -190.874803 158.171499
v -40.3447002 -203.621411 154.111099
v -42.5498009 -190.874803 158.171499
v 0.571900001 -208.410597 205.089998
v -11.2631999 -168.303299 200.02501
v 126.083803 -139.73 124.330699
v 124.202895 -139.441395 106.563103
v 141.337597 -94.6081996 120.567298
v 141.337597 -94.6081996 120.567298
v 124.202895 -139.441395 106.563103
v 147.810996 -91.2832975 59.3644023
v -98.7160027 -70.924902 158.270597
v -108.864903 -45.1267004 199.937904
v -127.361906 -58.1875026 151.014102
v 62.8834009 236.873889 73.9341974
v 80.9090972 182.656503 118.034399
v 67.9032028 231.817198 65.3144002
v 67.9032028 231.817198 65.3144002
v 80.9090972 182.656503 118.034399
v 79.5773029 174.687004 69.1682994
v 2.12549996 -158.238006 362.970304
v -25.4579991 -170.454502 294.617009
v -20.1115996 -168.551803 304.958296
v -25.4579991 -170.454502 294.617009
v 2.12549996 -158.238006 362.970304
v -28.5641015 -176.882994 399.290109
v -97.7324009 -132.022905 62.9312992
v -98.0593979 -104.021001 29.1076988
v -97.519201 -142.950106 21.6259003
v -97.519201 -142.950106 21.6259003
v -98.0593979 -104.021001 29.1076988
v -95.1741993 -93.3405995 18.8711002
v -140.591395 184.273696 123.910606
v -127.739096 234.482908 67.4793005
v -139.701605 189.164603 64.8064017
v -45.1828986 40.7422006 454.897594
v -54.2877972 82.2017014 448.202991
v -102.391899 34.2916995 478.752899
v -102.391899 34.2916995 478.752899
v -111.073804 77.5851011 472.35651
v -112.132001 56.6811979 468.340921
v -54.2877972 82.2017014 448.202991
v -111.073804 77.5851011 472.35651
v -102.391899 34.2916995 478.752899
v -113.245904 -105.891895 57.624203
v -90.7849014 -108.7484 74.8333991
v -103.518605 -105.332303 113.801098
v -103.518605 -105.332303 113.801098
v -78.9016008 -99.2102981 111.938906
v -79.261899 -102.852094 119.165397
v -90.7849014 -108.7484 74.8333991
v -78.9016008 -99.2102981 111.938906
v -103.518605 -105.332303 113.801098
v -138.380098 183.2322 13.4766996
v -137.353098 138.369596 24.3260995
v -139.701605 189.164603 64.8064017
v -139.701605 189.164603 64.8064017
v -137.353098 138.369596 24.3260995
v -145.531499 133.669198 59.6006989
v 151.542199 45.3574002 58.7296009
v 146.982598 19.3773001 109.239304
v 147.341704 16.5673003 60.1375997
v -67.9234028 -61.2158 500.61059
v -45.1828986 40.7422006 454.897594
v -102.391899 34.2916995 478.752899
v -139.684403 43.8306004 22.2154006
v -142.059696 75.720799 68.988198
v -144.233406 79.7120988 15.9091994
v -131.282496 103.447199 142.431605
v -144.938397 97.0772028 173.569703
v -126.689303 110.273302 200.201988
v 62.8834009 236.873889 73.9341974
v 56.7764997 242.582393 20.4549998
v 29.5055002 238.572311 59.1144025
v 25.4195988 232.795 114.717197
v 23.8304004 231.191492 68.6031997
v 29.5055002 238.572311 59.1144025
v 17.4618006 230.129695 27.0310998
v 20.5094993 226.132488 52.2873998
v 132.824898 -34.0714008 156.207597
v 141.337597 -94.6081996 120.567298
v 133.064997 -26.7942011 118.271303
v -127.361906 -58.1875026 151.014102
v -131.568599 -36.4890009 194.635999
v -132.929301 0.660300022 123.622203
v 132.490802 -31.9727004 51.1286974
v 148.7306 -21.5785995 15.8124
v 150.592601 -25.5196989 54.053098
v 52.463901 161.4838 397.989511
v 78.1264007 177.364802 372.790504
v 60.1104021 224.521208 377.269292
v 74.0324974 92.1781003 434.288883
v 79.4562995 88.3670986 412.229204
v 60.8453989 119.573796 431.613588
v 60.8453989 119.573796 431.613588
v 78.7675977 103.425002 404.773712
v 81.9238007 132.984102 378.035307
v 69.1760004 -238.217306 214.347601
v 5.9661001 -217.97471 195.346904
v 57.1623981 -248.222804 162.748098
v -54.164499 143.155503 18.6912999
v -55.2392006 150.634301 67.9422021
v -6.76319972 154.957998 21.8958005
v 6.57059997 232.74281 311.382604
v 22.9980007 242.511296 242.62929
v -7.29969963 232.527089 307.0503
v 104.709005 -138.499606 336.782908
v 86.0661983 -115.181506 410.81748
v 94.7704017 -167.200196 397.232509
v 20.5094993 226.132488 52.2873998
v 14.5832002 224.658704 14.5983994
v -18.6945006 229.842901 44.1224009
v -18.6945006 229.842901 44.1224009
v 14.5832002 224.658704 14.5983994
v -20.6286997 200.482106 24.1401002
v 90.0157988 -214.427304 265.048599
v 69.1760004 -238.217306 214.347601
v 94.5765972 -219.282198 202.617407
v 94.5765972 -219.282198 202.617407
v 69.1760004 -238.217306 214.347601
v 76.0055006 -238.153195 206.8223
v -33.6582989 -87.8876984 541.463089
v -10.8158 -147.378004 514.779902
v -8.69819969 -135.197306 544.179916
v 144.059598 -12.6137003 107.735705
v 122.620904 1.38229998 120.358801
v 133.064997 -26.7942011 118.271303
v -68.1981027 199.869299 188.759005
v -104.537499 157.031 218.908811
v -55.3999007 169.412005 190.205097
v 19.1009998 -3.42009999 490.71908
v 38.3996993 14.5808995 467.683697
v 7.70820007 81.9841981 458.280897
v 7.70820007 81.9841981 458.280897
v 38.3996993 14.5808995 467.683697
v 37.0519012 78.7163973 448.768616
v 114.177096 33.434099 223.397994
v 120.503795 2.84470003 173.808002
v 117.047799 44.8731989 173.489594
v 117.047799 44.8731989 173.489594
v 120.503795 2.84470003 173.808002
v 128.202295 17.3915997 167.424405
v -109.442699 -66.0908997 282.505393
v -102.4418 22.5182995 352.857494
v -127.964401 25.3744006 344.540811
v -50.0804007 56.1367989 15.7434002
v 18.0876002 14.9207994 9.08500031
v -39.4495994 -44.8545009 13.3203998
v 6.57059997 232.74281 311.382604
v 60.6409013 254.235411 248.871493
v 22.9980007 242.511296 242.62929
v -54.164499 143.155503 18.6912999
v -3.83989997 127.050495 15.5818
v -57.2758973 100.383496 18.0037007
v -129.312599 -62.7721012 12.2331001
v -114.734304 -80.4269016 13.2193998
v -126.245701 -79.0098011 12.0304003
v 84.7567976 52.0177007 218.600106
v 81.3939989 39.3496007 288.871694
v 99.1111994 63.9573991 286.068606
v 128.082895 -28.738901 318.442607
v 103.874099 -70.0441003 270.093989
v 124.767303 -37.2938007 268.572903
v 88.6600018 186.912405 3.68009992
v 52.3559988 145.453 10.5163001
v 49.1400003 185.759103 8.77169967
v 52.3559988 145.453 10.5163001
v 88.6600018 186.912405 3.68009992
v 71.5089977 145.938694 5.62250018
v 82.2794974 166.525805 378.34301
v 106.529999 138.504195 325.235295
v 90.7263994 187.503099 323.18399
v -130.666804 64.5089984 402.790022
v -116.761506 20.8734006 413.673306
v -112.651098 81.5518022 425.605583
v 68.976599 122.970605 186.883199
v 61.1294985 89.3622994 250.907612
v 55.181402 90.9044981 182.237995
v -76.2714982 -185.276794 14.2480001
v -90.921402 -188.648903 15.1528999
v -97.519201 -142.950106 21.6259003
v -136.819005 -43.1432992 250.0772
v -140.882599 13.5811999 332.255292
v -146.387398 67.7154005 287.236691
v -91.0058975 -212.413692 118.964398
v -98.9684999 -159.810805 118.359196
v -90.4289007 -207.848001 75.1250029
v 25.4195988 232.795 114.717197
v 62.6950026 249.100399 177.068102
v 62.8834009 236.873889 73.9341974
v 48.8323003 -242.218995 64.2886996
v 77.3913026 -219.120407 12.5420004
v 82.6490998 -215.591002 63.1606996
v 126.388502 -130.8797 11.0054001
v 102.670598 -125.338805 9.82540026
v 106.395102 -35.8671993 5.84460013
v -10.8078003 -55.5432022 529.430819
v 17.0880005 -58.3857 515.655518
v 18.4812993 -41.2371993 518.043804
v 46.2478995 148.104799 432.440615
v 81.9238007 132.984102 378.035307
v 52.463901 161.4838 397.989511
v 69.6597993 -15.0670007 417.859221
v 73.5791981 -8.07550028 348.728204
v 64.509201 13.9360994 408.699608
v -10.8158 -147.378004 514.779902
v -41.7569011 -119.205296 410.246277
v -28.5641015 -176.882994 399.290109
v 112.741494 -189.593697 268.517995
v 67.0933008 -224.875093 321.089911
v 90.0157988 -214.427304 265.048599
v -145.531499 133.669198 59.6006989
v -137.316298 123.381102 20.2366993
v -135.792196 102.914703 62.4198973
v -126.359105 115.957201 254.404402
v -96.4519024 111.514997 223.890209
v -126.689303 110.273302 200.201988
v -71.0085988 -71.3557005 243.478203
v -78.6163986 -63.8581991 288.281488
v -78.9155006 -40.7018989 248.347306
v 106.395102 -35.8671993 5.84460013
v 70.6211984 -1.37379998 12.2707002
v 106.992698 12.7563998 16.1595002
v -71.8695998 228.632092 60.5158985
v -55.6134999 192.181504 64.2601013
v -70.2661991 215.713906 21.6102004
v -70.2661991 215.713906 21.6102004
v -55.6134999 192.181504 64.2601013
v -52.1058977 176.799905 21.1998999
v -128.985405 -55.1795006 287.110591
v -116.327596 -43.6791003 249.577689
v -109.442699 -66.0908997 282.505393
v 108.527195 -170.877695 13.5836005
v 102.226198 -130.9322 62.5150025
v 115.248096 -177.708101 59.4859004
v -43.7204003 182.133901 127.0329
v -55.2392006 150.634301 67.9422021
v -55.6134999 192.181504 64.2601013
v -70.2884972 -102.074301 166.406202
v -68.3517992 -75.6232977 203.436303
v -67.6339984 -63.7301028 165.454698
v 80.2006006 -85.3752971 269.542909
v 104.709005 -138.499606 336.782908
v 105.215204 -141.816401 274.150491
v 146.005499 44.8199004 162.353301
v 135.795105 5.58860004 168.018305
v 147.761595 11.4419997 160.359597
v 135.795105 5.58860004 168.018305
v 146.005499 44.8199004 162.353301
v 128.202295 17.3915997 167.424405
v -98.7160027 -70.924902 158.270597
v -81.3495994 -39.9251014 215.825701
v -108.864903 -45.1267004 199.937904
v -125.371599 232.734299 123.689198
v -140.591395 184.273696 123.910606
v -133.207095 184.019399 185.524201
v 116.032302 68.1213021 115.594304
v 89.0320003 49.0785986 59.2724025
v 90.7575011 43.0440992 125.346804
v 58.1367016 -181.865799 386.097407
v 12.7280995 -150.515401 364.580107
v 11.9331002 -194.327998 359.630609
v 11.9331002 -194.327998 359.630609
v 12.7280995 -150.515401 364.580107
v 12.1570997 -165.026999 363.059402
v -99.434799 141.097295 217.897606
v -53.1871021 131.947696 192.212796
v -54.1194022 155.7639 195.901
v 81.9238007 132.984102 378.035307
v 78.7675977 103.425002 404.773712
v 94.5501029 117.7953 368.283391
v 42.8663999 -99.1594017 480.083084
v 55.3788006 -50.6388009 480.25279
v 41.3993001 -71.2531984 485.261297
v 55.3788006 -50.6388009 480.25279
v 42.8663999 -99.1594017 480.083084
v 54.3896973 -109.570599 477.237177
v 30.8263004 139.104295 7.71799982
v 57.8429997 105.786598 3.57719995
v 39.1786009 102.460206 5.82100004
v 82.6490998 -215.591002 63.1606996
v 55.9494972 -254.235411 105.532396
v 48.8323003 -242.218995 64.2886996
v -136.001897 102.579296 128.408301
v -142.317998 88.3450985 122.742701
v -144.938397 97.0772028 173.569703
v -53.1871021 131.947696 192.212796
v -55.3999007 169.412005 190.205097
v -54.1194022 155.7639 195.901
v -55.3999007 169.412005 190.205097
v -45.697701 144.987798 127.120495
v -43.7204003 182.133901 127.0329
v 148.868501 17.3261002 22.6276994
v 150.592601 -25.5196989 54.053098
v 148.7306 -21.5785995 15.8124
v 132.824898 -34.0714008 156.207597
v 140.259302 -106.374097 220.231605
v 141.867602 -104.240704 173.603499
v -91.0058975 -212.413692 118.964398
v -76.0748982 -213.38129 121.981001
v -82.4616015 -195.188606 144.832098
v -82.4616015 -195.188606 144.832098
v -76.0748982 -213.38129 121.981001
v -78.233403 -204.397798 146.525705
v -130.666804 64.5089984 402.790022
v -132.800102 67.1100974 378.030896
v -126.524901 17.7296996 390.02769
v -126.524901 17.7296996 390.02769
v -131.800699 64.4315004 361.787605
v -127.964401 25.3744006 344.540811
v 126.083803 -139.73 124.330699
v 101.934397 -145.998394 165.508103
v 96.6802001 -143.636096 128.644598
v -147.165895 71.4136004 214.59341
v -141.168702 49.0193993 119.2186
v -140.614498 39.5985007 168.079197
v -140.614498 39.5985007 168.079197
v -141.168702 49.0193993 119.2186
v -138.758898 20.6874996 164.461696
v -138.758898 20.6874996 164.461696
v -141.168702 49.0193993 119.2186
v -135.052896 13.7430996 125.909305
v -130.666804 64.5089984 402.790022
v -112.651098 81.5518022 425.605583
v -131.584203 111.938405 408.957005
v -140.882599 13.5811999 332.255292
v -135.494399 69.145298 362.537599
v -146.506906 55.0390005 338.880897
v -106.470299 180.101705 214.210892
v -68.1981027 199.869299 188.759005
v -124.068201 229.246211 125.760996
v -124.068201 229.246211 125.760996
v -68.1981027 199.869299 188.759005
v -120.606899 237.108302 120.443499
v 117.9986 61.4763021 20.1942995
v 89.0320003 49.0785986 59.2724025
v 122.147095 69.8415995 62.3094022
v -139.701605 189.164603 64.8064017
v -143.086195 142.441499 121.512306
v -140.591395 184.273696 123.910606
v -144.233406 79.7120988 15.9091994
v -134.218597 56.4453006 10.5766997
v -139.684403 43.8306004 22.2154006
v -71.0085988 -71.3557005 243.478203
v -81.3495994 -39.9251014 215.825701
v -68.3517992 -75.6232977 203.436303
v 114.177096 33.434099 223.397994
v 91.2986994 55.1940978 166.596305
v 84.7567976 52.0177007 218.600106
v 60.6409013 254.235411 248.871493
v 70.8943009 187.694705 179.474998
v 62.6950026 249.100399 177.068102
v 115.907097 38.1790996 344.9471
v 99.1111994 63.9573991 286.068606
v 90.526098 52.9648006 343.2163
v -10.8078003 -55.5432022 529.430819
v 19.4995001 -105.789995 523.2512
v 17.0880005 -58.3857 515.655518
v 114.2434 -188.155496 329.326105
v 105.215204 -141.816401 274.150491
v 104.709005 -138.499606 336.782908
v 7.70820007 81.9841981 458.280897
v -54.2877972 82.2017014 448.202991
v -45.1828986 40.7422006 454.897594
v 117.658699 0.587899983 220.972705
v 124.767303 -37.2938007 268.572903
v 120.590901 -37.1270001 224.983692
v 90.7575011 43.0440992 125.346804
v 70.4074979 31.9317013 167.612302
v 91.2986994 55.1940978 166.596305
v -24.5624006 -219.020605 161.585903
v 5.9661001 -217.97471 195.346904
v 0.571900001 -208.410597 205.089998
v -141.168702 49.0193993 119.2186
v -141.689003 76.5559971 87.6676023
v -141.116095 40.8405989 77.2894979
v -55.6134999 192.181504 64.2601013
v -55.2392006 150.634301 67.9422021
v -52.1058977 176.799905 21.1998999
v 147.810996 -91.2832975 59.3644023
v 126.388502 -130.8797 11.0054001
v 142.8316 -89.3868983 12.0224997
v -126.524901 17.7296996 390.02769
v -111.128902 21.8223006 422.770119
v -116.761506 20.8734006 413.673306
v -69.2067981 142.548001 252.163696
v -105.963898 129.834902 263.60929
v -76.6242027 164.638197 292.644691
v -105.963898 129.834902 263.60929
v -69.2067981 142.548001 252.163696
v -96.4519024 111.514997 223.890209
v 14.9801999 -133.567095 493.776608
v -28.5641015 -176.882994 399.290109
v 2.12549996 -158.238006 362.970304
v -71.7236996 -191.3975 160.8477
v -42.5498009 -190.874803 158.171499
v -57.8191996 -172.029495 187.763
v -42.5498009 -190.874803 158.171499
v -71.7236996 -191.3975 160.8477
v -65.6971991 -197.954404 153.311801
v -18.6927006 223.019791 105.149496
v -10.6848001 173.315406 60.1252973
v -15.5243993 166.209102 115.204799
v 23.8304004 231.191492 68.6031997
v 62.8834009 236.873889 73.9341974
v 29.5055002 238.572311 59.1144025
v 70.7527995 36.0410988 55.7713985
v 65.9865022 40.4498994 19.5461005
v 57.4037015 102.170801 68.0302978
v 57.4037015 102.170801 68.0302978
v 68.1501985 105.978 7.62370005
v 66.2934005 113.788199 9.83679965
v 120.548904 -147.717595 232.312202
v 122.434998 -156.104004 222.371602
v 140.259302 -106.374097 220.231605
v 140.259302 -106.374097 220.231605
v 125.363505 -155.290496 168.176997
v 141.867602 -104.240704 173.603499
v 4.34440002 -129.942501 536.90362
v -8.69819969 -135.197306 544.179916
v 16.9931993 -125.770903 513.687277
v 135.795105 5.58860004 168.018305
v 122.5425 7.49199986 133.249903
v 147.761595 11.4419997 160.359597
v 147.761595 11.4419997 160.359597
v 122.5425 7.49199986 133.249903
v 146.982598 19.3773001 109.239304
v 151.542199 45.3574002 58.7296009
v 122.147095 69.8415995 62.3094022
v 145.223701 49.0446001 112.195802
v 145.223701 49.0446001 112.195802
v 122.147095 69.8415995 62.3094022
v 116.032302 68.1213021 115.594304
v -46.3371992 -225.074911 67.7928984
v -76.2714982 -185.276794 14.2480001
v -43.8822001 -224.675298 6.67020008
v 68.9979017 10.2903001 454.875994
v 69.6597993 -15.0670007 417.859221
v 64.509201 13.9360994 408.699608
v 12.6518995 -214.834905 304.232693
v 8.59109983 -175.983 288.070607
v 7.32970014 -214.105296 257.652402
v 7.32970014 -214.105296 257.652402
v 8.59109983 -175.983 288.070607
v 8.07280019 -198.555005 248.383188
v 20.1072007 173.086095 17.1682
v 49.1400003 185.759103 8.77169967
v 30.8263004 139.104295 7.71799982
v -6.76319972 154.957998 21.8958005
v 20.1072007 173.086095 17.1682
v -3.83989997 127.050495 15.5818
v 30.8263004 139.104295 7.71799982
v 49.1400003 185.759103 8.77169967
v 52.3559988 145.453 10.5163001
v -12.7584994 151.976204 442.013502
v -12.1389002 161.665702 407.217312
v -61.2320006 145.125699 432.947779
v -53.1871021 131.947696 192.212796
v -7.28399977 154.009998 193.515897
v -45.697701 144.987798 127.120495
v -45.697701 144.987798 127.120495
v -8.92589986 165.477705 130.633998
v -15.5243993 166.209102 115.204799
v 151.542199 45.3574002 58.7296009
v 148.868501 17.3261002 22.6276994
v 146.674204 46.142599 19.7366998
v 146.674204 46.142599 19.7366998
v 148.868501 17.3261002 22.6276994
v 144.957495 28.6350012 16.4322004
v -148.020995 85.9764993 358.548689
v -135.494399 69.145298 362.537599
v -137.658203 107.518303 367.952299
v 54.3896973 -109.570599 477.237177
v 42.9322004 -115.3602 468.476105
v 69.4220006 -126.133096 408.680677
v 69.4220006 -126.133096 408.680677
v 43.2022005 -132.975304 398.304105
v 56.2587976 -128.591001 396.131706
v 42.9322004 -115.3602 468.476105
v 43.2022005 -132.975304 398.304105
v 69.4220006 -126.133096 408.680677
v 90.7575011 43.0440992 125.346804
v 70.7527995 36.0410988 55.7713985
v 65.7369971 26.9317001 123.932397
v -129.209805 217.659402 14.9276003
v -123.7113 191.1304 12.8644004
v -138.380098 183.2322 13.4766996
v -124.386406 180.906403 9.20320004
v -136.028695 151.944005 7.22569972
v -138.380098 183.2322 13.4766996
v -124.386406 180.906403 9.20320004
v -138.380098 183.2322 13.4766996
v -123.7113 191.1304 12.8644004
v 94.5501029 117.7953 368.283391
v 102.081895 124.071503 368.40241
v 81.9238007 132.984102 378.035307
v 7.39120021 90.200001 0
v 30.8263004 139.104295 7.71799982
v 39.1786009 102.460206 5.82100004
v 95.5118001 -62.4768019 237.372589
v 80.2006006 -85.3752971 269.542909
v 77.4142027 -69.0253019 223.466802
v -151.207197 106.101096 297.665
v -146.506906 55.0390005 338.880897
v -148.020995 85.9764993 358.548689
v 67.9032028 231.817198 65.3144002
v 88.6600018 186.912405 3.68009992
v 67.6980972 236.875296 9.82280001
v 122.056198 45.3047991 25.8078992
v 117.9986 61.4763021 20.1942995
v 146.674204 46.142599 19.7366998
v 18.4812993 -41.2371993 518.043804
v -15.8896998 -37.9233003 504.707718
v -10.8078003 -55.5432022 529.430819
v 68.976599 122.970605 186.883199
v 55.181402 90.9044981 182.237995
v 76.4365971 124.520504 122.062397
v -151.542199 108.916605 229.361105
v -126.689303 110.273302 200.201988
v -144.938397 97.0772028 173.569703
v 63.1711006 248.743296 315.170598
v 86.6106987 192.749298 306.54459
v 60.6409013 254.235411 248.871493
v 94.5765972 -219.282198 202.617407
v 76.0055006 -238.153195 206.8223
v 66.9378996 -246.93749 153.802001
v 19.1009998 -3.42009999 490.71908
v 43.4069008 -22.4096 490.05022
v 38.3996993 14.5808995 467.683697
v -112.097096 124.421704 460.741186
v -61.2320006 145.125699 432.947779
v -113.488495 141.373503 415.055609
v -113.488495 141.373503 415.055609
v -61.2320006 145.125699 432.947779
v -72.7068007 169.647801 396.313906
v -88.7044013 -132.296503 120.2739
v -75.1299024 -131.274402 158.1038
v -79.261899 -102.852094 119.165397
v -52.1058977 176.799905 21.1998999
v -123.7113 191.1304 12.8644004
v -70.2661991 215.713906 21.6102004
v -70.2661991 215.713906 21.6102004
v -123.7113 191.1304 12.8644004
v -125 220.264602 13.2376999
v 90.526098 52.9648006 343.2163
v 81.3939989 39.3496007 288.871694
v 70.1717019 34.4655007 343.080401
v 75.8701026 -52.9600024 412.590313
v 86.4524007 -68.1367993 334.489989
v 78.7850022 -40.3717011 403.390694
v -57.2758973 100.383496 18.0037007
v -98.7851977 16.1311001 6.50969967
v -104.991806 40.5705005 7.52220005
v 57.4037015 102.170801 68.0302978
v 66.2934005 113.788199 9.83679965
v 78.3957005 130.746806 72.3262012
v 78.3957005 130.746806 72.3262012
v 66.2934005 113.788199 9.83679965
v 88.9660001 141.1834 8.15099999
v -11.2631999 -168.303299 200.02501
v -44.5886999 -162.5512 228.850389
v -57.8191996 -172.029495 187.763
v -137.842703 3.16549987 19.3682998
v -134.218597 56.4453006 10.5766997
v -126.071894 26.0940999 4.87920009
v -129.312599 -62.7721012 12.2331001
v -137.842703 3.16549987 19.3682998
v -127.361906 -58.1875026 151.014102
v -103.518605 -105.332303 113.801098
v -98.7160027 -70.924902 158.270597
v 7.39120021 90.200001 0
v 46.6455013 22.7414995 9.35460031
v 18.0876002 14.9207994 9.08500031
v -13.1043002 221.977401 242.526293
v 24.8756006 234.539199 170.705497
v -12.5659004 199.102604 179.580402
v 94.7704017 -167.200196 397.232509
v 73.0897009 -170.948601 385.194612
v 114.2434 -188.155496 329.326105
v 114.2434 -188.155496 329.326105
v 73.0897009 -170.948601 385.194612
v 67.0933008 -224.875093 321.089911
v 12.1570997 -165.026999 363.059402
v 8.59140009 -160.978901 352.40159
v 11.9331002 -194.327998 359.630609
v 11.9331002 -194.327998 359.630609
v 12.9866004 -173.963201 305.725503
v 12.6518995 -214.834905 304.232693
v 52.9380977 -22.5133002 17.9528996
v 18.0876002 14.9207994 9.08500031
v 46.6455013 22.7414995 9.35460031
v -13.1043002 221.977401 242.526293
v -11.3926999 171.353805 266.2678
v -7.29969963 232.527089 307.0503
v -7.29969963 232.527089 307.0503
v -1.73049998 181.769001 319.298291
v -1.15369996 218.371892 318.947506
v -1.15369996 218.371892 318.947506
v -1.73049998 181.769001 319.298291
v 1.2875 191.402197 322.295499
v 62.6950026 249.100399 177.068102
v 80.9090972 182.656503 118.034399
v 62.8834009 236.873889 73.9341974
v 68.2232976 -124.486601 12.0610997
v 29.0109009 -119.361401 15.2858004
v 64.9800003 -110.344005 6.68170005
v 64.9800003 -110.344005 6.68170005
v 31.0196996 -70.5958009 19.077
v 57.9138994 -55.854398 15.9971997
v 80.9090972 182.656503 118.034399
v 78.3957005 130.746806 72.3262012
v 79.5773029 174.687004 69.1682994
v 79.6905994 125.188899 247.213507
v 87.3578012 89.8548007 321.610999
v 61.1294985 89.3622994 250.907612
v -11.3926999 171.353805 266.2678
v -24.5588005 170.801699 272.408104
v -1.73049998 181.769001 319.298291
v -7.94560015 181.238198 327.606702
v -76.6242027 164.638197 292.644691
v -75.4590988 173.029804 338.848591
v 48.8323003 -242.218995 64.2886996
v -43.8822001 -224.675298 6.67020008
v 55.0957024 -247.817302 7.77399987
v 119.458199 11.9672 344.622493
v 105.915296 -48.3038008 328.342295
v 128.082895 -28.738901 318.442607
v -25.4579991 -170.454502 294.617009
v -41.7569011 -119.205296 410.246277
v -55.5248976 -116.587198 281.386709
v -129.317605 105.795705 11.05
v -57.2758973 100.383496 18.0037007
v -104.991806 40.5705005 7.52220005
v 95.5118001 -62.4768019 237.372589
v 96.5388 -141.134501 225.99349
v 120.548904 -147.717595 232.312202
v 103.874099 -70.0441003 270.093989
v 86.4524007 -68.1367993 334.489989
v 80.2006006 -85.3752971 269.542909
v -143.086195 142.441499 121.512306
v -128.141904 150.160694 196.677494
v -133.207095 184.019399 185.524201
v 57.8429997 105.786598 3.57719995
v 66.2934005 113.788199 9.83679965
v 68.1501985 105.978 7.62370005
v 94.5501029 117.7953 368.283391
v 93.8207984 101.568794 358.605695
v 102.081895 124.071503 368.40241
v -135.818601 102.342403 106.68
v -136.001897 102.579296 128.408301
v -136.1094 112.511206 119.974697
v -136.1094 112.511206 119.974697
v -136.001897 102.579296 128.408301
v -131.282496 103.447199 142.431605
v -134.450805 110.976195 380.285907
v -133.406198 114.971197 360.910296
v -137.658203 107.518303 367.952299
v -82.4616015 -195.188606 144.832098
v -65.6971991 -197.954404 153.311801
v -71.7236996 -191.3975 160.8477
v -89.1373992 -113.777494 79.9794018
v -90.7849014 -108.7484 74.8333991
v -92.0939028 -115.140605 60.8627021
v 16.9931993 -125.770903 513.687277
v 14.9801999 -133.567095 493.776608
v 39.3424004 -110.629499 493.795586
v 42.9322004 -115.3602 468.476105
v 42.8663999 -99.1594017 480.083084
v 39.3424004 -110.629499 493.795586
v 3.48769985 182.976997 375.180602
v 0.0250000012 165.666401 391.820788
v 13.4601995 165.838897 387.093496
v 2.12549996 -158.238006 362.970304
v 12.1570997 -165.026999 363.059402
v 12.7280995 -150.515401 364.580107
v -40.3447002 -203.621411 154.111099
v -42.5498009 -190.874803 158.171499
v -65.6971991 -197.954404 153.311801
v 15.6916007 -207.347798 248.703194
v 7.32970014 -214.105296 257.652402
v 8.07280019 -198.555005 248.383188
v -125.371599 232.734299 123.689198
v -124.068201 229.246211 125.760996
v -120.606899 237.108302 120.443499
v -45.5567002 -85.2669001 508.281803
v -44.3574995 -71.7954993 506.900406
v -61.2762988 -69.5134997 497.14222
v 125.743103 3.56260017 157.407403
v 128.202295 17.3915997 167.424405
v 120.503795 2.84470003 173.808002
v 30.8519006 -76.1150002 506.284094
v 35.7863992 -47.4404991 486.851501
v 17.0880005 -58.3857 515.655518
v 124.202895 -139.441395 106.563103
v 96.6802001 -143.636096 128.644598
v 101.149297 -140.987003 116.892397
v 15.6916007 -207.347798 248.703194
v 0.571900001 -208.410597 205.089998
v 5.9661001 -217.97471 195.346904
v 78.7675977 103.425002 404.773712
v 93.8207984 101.568794 358.605695
v 94.5501029 117.7953 368.283391
v -57.5955987 148.124301 236.810994
v -24.5588005 170.801699 272.408104
v -11.3926999 171.353805 266.2678
v 64.509201 13.9360994 408.699608
v 65.9990013 28.3814013 446.126699
v 68.9979017 10.2903001 454.875994
v -116.521001 145.920098 364.908195
v -118.317497 119.400203 303.827596
v -123.712695 139.889598 360.891604
v 52.3559988 145.453 10.5163001
v 66.2934005 113.788199 9.83679965
v 57.8429997 105.786598 3.57719995
v -53.5076022 -227.66881 117.181301
v -79.6829998 -215.55779 101.611495
v -34.3353003 -238.611102 98.8644004
v -142.059696 75.720799 68.988198
v -141.116095 40.8405989 77.2894979
v -141.689003 76.5559971 87.6676023
v 55.1196992 -18.1903005 475.481319
v 38.3996993 14.5808995 467.683697
v 43.4069008 -22.4096 490.05022
v -129.317605 105.795705 11.05
v -134.218597 56.4453006 10.5766997
v -137.316298 123.381102 20.2366993
v -54.1194022 155.7639 195.901
v -104.537499 157.031 218.908811
v -99.434799 141.097295 217.897606
v 55.3788006 -50.6388009 480.25279
v 35.7863992 -47.4404991 486.851501
v 41.3993001 -71.2531984 485.261297
v -61.2762988 -69.5134997 497.14222
v -59.0744972 -85.8241022 416.516685
v -45.5567002 -85.2669001 508.281803
v -12.7584994 151.976204 442.013502
v 0.0250000012 165.666401 391.820788
v -12.1389002 161.665702 407.217312
v 101.442301 -153.7058 211.985993
v 120.548904 -147.717595 232.312202
v 96.5388 -141.134501 225.99349
v -89.1373992 -113.777494 79.9794018
v -97.7324009 -132.022905 62.9312992
v -102.266002 -145.434403 70.0716972
v -16.5631995 214.114904 124.297202
v -15.5243993 166.209102 115.204799
v -8.92589986 165.477705 130.633998
v -127.922297 -72.0412016 59.3599021
v -126.245701 -79.0098011 12.0304003
v -123.037803 -92.1784997 58.4226012
v -71.7236996 -191.3975 160.8477
v -87.0482981 -140.458703 149.169397
v -82.4616015 -195.188606 144.832098
v 148.7306 -21.5785995 15.8124
v 137.672901 15.4841006 17.3289001
v 148.868501 17.3261002 22.6276994
v -136.028695 151.944005 7.22569972
v -137.316298 123.381102 20.2366993
v -137.353098 138.369596 24.3260995
v -1.15369996 218.371892 318.947506
v 18.8970998 225.941491 375.782204
v 6.57059997 232.74281 311.382604
v -115.290403 125.276697 421.042585
v -112.097096 124.421704 460.741186
v -113.488495 141.373503 415.055609
v 122.056198 45.3047991 25.8078992
v 106.992698 12.7563998 16.1595002
v 110.461104 48.8516003 19.9085996
v 13.4601995 165.838897 387.093496
v 23.5565007 153.417897 419.613695
v 30.3142995 159.852004 388.923597
v 101.478004 138.531303 303.042603
v 90.7263994 187.503099 323.18399
v 106.529999 138.504195 325.235295
v 20.5094993 226.132488 52.2873998
v -15.6665996 227.395606 56.9548011
v 23.8304004 231.191492 68.6031997
v 136.835003 -21.8456998 77.2316992
v 133.064997 -26.7942011 118.271303
v 132.490802 -31.9727004 51.1286974
v -111.231601 58.0182016 434.657907
v -111.073804 77.5851011 472.35651
v -112.651098 81.5518022 425.605583
v 120.503795 2.84470003 173.808002
v 132.824898 -34.0714008 156.207597
v 125.743103 3.56260017 157.407403
v 56.2587976 -128.591001 396.131706
v 94.7704017 -167.200196 397.232509
v 69.4220006 -126.133096 408.680677
v -7.94560015 181.238198 327.606702
v 3.48769985 182.976997 375.180602
v 1.2875 191.402197 322.295499
v 68.2232976 -124.486601 12.0610997
v 90.9223974 -209.184098 6.54440001
v 77.3913026 -219.120407 12.5420004
v -53.5076022 -227.66881 117.181301
v -40.3447002 -203.621411 154.111099
v -65.6971991 -197.954404 153.311801
v 146.982598 19.3773001 109.239304
v 144.059598 -12.6137003 107.735705
v 148.962998 -22.7682993 91.3052976
v 139.904702 -23.6864999 94.5375979
v 144.059598 -12.6137003 107.735705
v 133.064997 -26.7942011 118.271303
v 122.5425 7.49199986 133.249903
v 139.228201 7.25530013 114.226198
v 146.982598 19.3773001 109.239304
v 67.9032028 231.817198 65.3144002
v 56.7764997 242.582393 20.4549998
v 62.8834009 236.873889 73.9341974
v -95.1741993 -93.3405995 18.8711002
v -118.615198 -88.3274019 17.6912993
v -114.734304 -80.4269016 13.2193998
v -120.458198 237.787294 77.5848985
v -129.209805 217.659402 14.9276003
v -127.739096 234.482908 67.4793005
v -52.1058977 176.799905 21.1998999
v -124.386406 180.906403 9.20320004
v -123.7113 191.1304 12.8644004
v 57.1623981 -248.222804 162.748098
v 76.0055006 -238.153195 206.8223
v 69.1760004 -238.217306 214.347601
v -10.8158 -147.378004 514.779902
v 16.9931993 -125.770903 513.687277
v -8.69819969 -135.197306 544.179916
v -107.960498 9.88600031 1.09599996
v -126.071894 26.0940999 4.87920009
v -104.991806 40.5705005 7.52220005
v -132.800102 67.1100974 378.030896
v -137.658203 107.518303 367.952299
v -135.494399 69.145298 362.537599
v -81.8413019 -196.889699 13.5746002
v -90.4289007 -207.848001 75.1250029
v -90.921402 -188.648903 15.1528999
v 30.8519006 -76.1150002 506.284094
v 19.4995001 -105.789995 523.2512
v 39.3424004 -110.629499 493.795586
v -116.761506 20.8734006 413.673306
v -111.231601 58.0182016 434.657907
v -112.651098 81.5518022 425.605583
v 136.835003 -21.8456998 77.2316992
v 150.592601 -25.5196989 54.053098
v 148.962998 -22.7682993 91.3052976
v -120.458198 237.787294 77.5848985
v -125.371599 232.734299 123.689198
v -120.606899 237.108302 120.443499
v -139.196503 27.8044999 65.9179986
v -134.924495 -4.52959985 111.749601
v -135.052896 13.7430996 125.909305
v 150.592601 -25.5196989 54.053098
v 147.341704 16.5673003 60.1375997
v 148.962998 -22.7682993 91.3052976
v -90.921402 -188.648903 15.1528999
v -106.043601 -160.628903 63.7630999
v -97.519201 -142.950106 21.6259003
v -126.071894 26.0940999 4.87920009
v -134.218597 56.4453006 10.5766997
v -129.317605 105.795705 11.05
v 25.4195988 232.795 114.717197
v 23.8304004 231.191492 68.6031997
v -16.5631995 214.114904 124.297202
v -55.5248976 -116.587198 281.386709
v -59.8083019 -116.751301 263.103795
v -25.4579991 -170.454502 294.617009
v -141.607904 42.8903013 218.029594
v -147.165895 71.4136004 214.59341
v -140.614498 39.5985007 168.079197
v 136.835003 -21.8456998 77.2316992
v 139.904702 -23.6864999 94.5375979
v 133.064997 -26.7942011 118.271303
v 12.9866004 -173.963201 305.725503
v 8.59140009 -160.978901 352.40159
v 2.12549996 -158.238006 362.970304
v -76.2714982 -185.276794 14.2480001
v -97.519201 -142.950106 21.6259003
v -39.4495994 -44.8545009 13.3203998
v 130.9268 -30.8443993 8.63920003
v 126.651394 6.39650002 11.0027
v 137.672901 15.4841006 17.3289001
v -82.4616015 -195.188606 144.832098
v -87.0482981 -140.458703 149.169397
v -98.9684999 -159.810805 118.359196
v -91.0058975 -212.413692 118.964398
v 140.259302 -106.374097 220.231605
v 95.5118001 -62.4768019 237.372589
v 120.548904 -147.717595 232.312202
v 120.590901 -37.1270001 224.983692
v -146.387398 67.7154005 287.236691
v -151.207197 106.101096 297.665
v -151.542199 108.916605 229.361105
v -147.165895 71.4136004 214.59341
v -138.758898 20.6874996 164.461696
v -132.929301 0.660300022 123.622203
v -131.568599 -36.4890009 194.635999
v -135.052896 13.7430996 125.909305
v 146.005499 44.8199004 162.353301
v 147.761595 11.4419997 160.359597
v 146.982598 19.3773001 109.239304
v 145.223701 49.0446001 112.195802
v -130.666804 64.5089984 402.790022
v -131.584203 111.938405 408.957005
v -134.450805 110.976195 380.285907
v -132.800102 67.1100974 378.030896
v -135.494399 69.145298 362.537599
v -140.882599 13.5811999 332.255292
v -127.964401 25.3744006 344.540811
v -131.800699 64.4315004 361.787605
v 31.0196996 -70.5958009 19.077
v -39.4495994 -44.8545009 13.3203998
v 25.4240006 -29.8234999 10.3473999
v 57.9138994 -55.854398 15.9971997
v 112.767303 -183.325303 165.706801
v 101.442301 -153.7058 211.985993
v 107.0472 -187.596703 215.888
v 96.5388 -141.134501 225.99349
v 125.743103 3.56260017 157.407403
v 132.824898 -34.0714008 156.207597
v 122.5425 7.49199986 133.249903
v 122.620904 1.38229998 120.358801
v -133.874595 111.844301 305.489302
v -126.359105 115.957201 254.404402
v -151.542199 108.916605 229.361105
v -151.207197 106.101096 297.665
v -16.5631995 214.114904 124.297202
v 62.6950026 249.100399 177.068102
v 25.4195988 232.795 114.717197
v 24.8756006 234.539199 170.705497
v 70.7527995 36.0410988 55.7713985
v 57.4037015 102.170801 68.0302978
v 54.0621996 90.2025998 123.818302
v 65.7369971 26.9317001 123.932397
v -78.9016008 -99.2102981 111.938906
v -90.7849014 -108.7484 74.8333991
v -89.1373992 -113.777494 79.9794018
v -88.7044013 -132.296503 120.2739
v 126.388502 -130.8797 11.0054001
v 124.202895 -139.441395 106.563103
v 102.226198 -130.9322 62.5150025
v 102.670598 -125.338805 9.82540026
v -41.7569011 -119.205296 410.246277
v -10.8158 -147.378004 514.779902
v -37.8221989 -96.795702 518.176699
v -59.0744972 -85.8241022 416.516685
v -45.5567002 -85.2669001 508.281803
v 109.669006 -181.737196 113.450301
v 94.5765972 -219.282198 202.617407
v 84.4497979 -222.39151 109.995103
v 82.6490998 -215.591002 63.1606996
v -24.5588005 170.801699 272.408104
v -76.6242027 164.638197 292.644691
v -7.94560015 181.238198 327.606702
v -1.73049998 181.769001 319.298291
v 70.4074979 31.9317013 167.612302
v 66.1264002 31.5270007 221.530294
v 84.7567976 52.0177007 218.600106
v 91.2986994 55.1940978 166.596305
v 25.8648008 174.911702 391.599393
v 18.8970998 225.941491 375.782204
v 5.7746999 206.677008 370.903301
v 3.48769985 182.976997 375.180602
v 22.9980007 242.511296 242.62929
v 24.8756006 234.539199 170.705497
v -13.1043002 221.977401 242.526293
v -7.29969963 232.527089 307.0503
v -129.312599 -62.7721012 12.2331001
v -126.071894 26.0940999 4.87920009
v -107.960498 9.88600031 1.09599996
v -114.734304 -80.4269016 13.2193998
v -20.1115996 -168.551803 304.958296
v 8.59109983 -175.983 288.070607
v 12.9866004 -173.963201 305.725503
v 2.12549996 -158.238006 362.970304
v -127.964401 25.3744006 344.540811
v -140.882599 13.5811999 332.255292
v -128.985405 -55.1795006 287.110591
v -109.442699 -66.0908997 282.505393
v -129.317605 105.795705 11.05
v -136.028695 151.944005 7.22569972
v -124.386406 180.906403 9.20320004
v -52.1058977 176.799905 21.1998999
v -129.209805 217.659402 14.9276003
v -138.380098 183.2322 13.4766996
v -139.701605 189.164603 64.8064017
v -127.739096 234.482908 67.4793005
v 86.0661983 -115.181506 410.81748
v 86.4524007 -68.1367993 334.489989
v 75.8701026 -52.9600024 412.590313
v 79.1981995 -110.829699 470.094824
v 23.8818005 216.841507 11.3191001
v 17.4618006 230.129695 27.0310998
v 56.7764997 242.582393 20.4549998
v 67.6980972 236.875296 9.82280001
v 105.915296 -48.3038008 328.342295
v 86.4524007 -68.1367993 334.489989
v 103.874099 -70.0441003 270.093989
v 128.082895 -28.738901 318.442607
v -68.4150994 227.436209 78.7546992
v -71.8695998 228.632092 60.5158985
v -120.458198 237.787294 77.5848985
v -120.606899 237.108302 120.443499
vt 0.347921997 0.392948002
vt 0.347970009 0.393050998
vt 0.347961992 0.392955989
vt 0.365994006 0.906355023
vt 0.366008013 0.906319976
vt 0.365956008 0.906320989
vt 0.346549988 0.395702988
vt 0.346531004 0.395832002
vt 0.346585006 0.395812988
vt 0.346184999 0.395785987
vt 0.349162012 0.396627992
vt 0.346130013 0.395848006
vt 0.366261989 0.904551983
vt 0.36628899 0.904578984
vt 0.366284013 0.904546976
vt 0.367855012 0.904953003
vt 0.367873996 0.904963017
vt 0.367859006 0.904929996
vt 0.348643988 0.393483013
vt 0.348632991 0.393478006
vt 0.348619998 0.393485993
vt 0.348643988 0.393483013
vt 0.348609 0.393532991
vt 0.366396993 0.904392004
vt 0.366407007 0.904438972
vt 0.366452992 0.904408991
vt 0.368142992 0.904120028
vt 0.368194997 0.904121995
vt 0.368185014 0.904093981
vt 0.368185014 0.904147983
vt 0.368194997 0.904121995
vt 0.347166002 0.392724007
vt 0.347222 0.39271
vt 0.347213 0.392657995
vt 0.34602201 0.395200014
vt 0.34602201 0.395143986
vt 0.346011996 0.395190001
vt 0.345716 0.395047009
vt 0.345809013 0.394977003
vt 0.345708013 0.394971013
vt 0.345827013 0.394993991
vt 0.345809013 0.394977003
vt 0.346363008 0.397401005
vt 0.346323013 0.397404999
vt 0.346332997 0.397464007
vt 0.34652999 0.392659992
vt 0.34650901 0.392746001
vt 0.346567988 0.392711014
vt 0.349119991 0.392199993
vt 0.349106997 0.392237991
vt 0.349141002 0.392239988
vt 0.36540699 0.90673703
vt 0.365435004 0.906759024
vt 0.365415007 0.906728983
vt 0.345694005 0.395429999
vt 0.345634997 0.395348996
vt 0.345622003 0.395417988
vt 0.348632991 0.392167985
vt 0.348648012 0.392246991
vt 0.348657012 0.392168999
vt 0.346682996 0.392933995
vt 0.346628994 0.392928988
vt 0.346652001 0.393011004
vt 0.344891995 0.395830005
vt 0.345490009 0.396221012
vt 0.344810992 0.395886004
vt 0.365359008 0.906569004
vt 0.365343988 0.906574011
vt 0.365379989 0.906614006
vt 0.344431013 0.397689998
vt 0.344440997 0.397693008
vt 0.344487995 0.397612989
vt 0.345892012 0.395280004
vt 0.345838994 0.395265996
vt 0.345836997 0.395298004
vt 0.368227005 0.905304015
vt 0.368225992 0.905264974
vt 0.368209004 0.905264974
vt 0.346323013 0.39587301
vt 0.346275985 0.39588201
vt 0.346249998 0.396001011
vt 0.346101999 0.395312011
vt 0.345961004 0.395314991
vt 0.346105009 0.395381004
vt 0.346087009 0.395435989
vt 0.346105009 0.395381004
vt 0.345950991 0.39538601
vt 0.346693009 0.392612994
vt 0.346679986 0.392547011
vt 0.346677005 0.392558992
vt 0.346605986 0.392569989
vt 0.346515 0.392592013
vt 0.346596003 0.392616004
vt 0.346644998 0.392637014
vt 0.346596003 0.392616004
vt 0.346318007 0.395475
vt 0.346240014 0.39545399
vt 0.346273005 0.395514011
vt 0.345072001 0.395677
vt 0.345064998 0.395743012
vt 0.345133007 0.395678997
vt 0.346634001 0.398449004
vt 0.346673995 0.398483008
vt 0.346662015 0.398438007
vt 0.349159986 0.392168999
vt 0.349106997 0.392159998
vt 0.349119991 0.392199993
vt 0.347975999 0.392895013
vt 0.347970009 0.392935991
vt 0.348001003 0.392919987
vt 0.346563011 0.392663985
vt 0.346552014 0.392589986
vt 0.346524 0.392594993
vt 0.346547991 0.392744005
vt 0.346525013 0.392675012
vt 0.346524 0.392594993
vt 0.346525013 0.392675012
vt 0.346462995 0.392446995
vt 0.346441001 0.392439008
vt 0.346439987 0.39250201
vt 0.344906002 0.395633012
vt 0.344996989 0.39567101
vt 0.344994992 0.395603001
vt 0.348592013 0.393375009
vt 0.348614007 0.393344015
vt 0.348589003 0.393332988
vt 0.345490009 0.396221012
vt 0.345470995 0.396311998
vt 0.345506012 0.396297008
vt 0.346249998 0.395613015
vt 0.346253008 0.395689011
vt 0.346298993 0.395613015
vt 0.365676999 0.906958997
vt 0.365667999 0.907003999
vt 0.365695 0.907001972
vt 0.346533 0.395835996
vt 0.34643501 0.395779997
vt 0.348609 0.393532991
vt 0.348738015 0.394984007
vt 0.348749012 0.395018011
vt 0.348764986 0.394960999
vt 0.345755011 0.395429999
vt 0.345705003 0.395419002
vt 0.345717013 0.395431012
vt 0.346184999 0.395785987
vt 0.346130013 0.395848006
vt 0.346159011 0.395898014
vt 0.344743997 0.395637006
vt 0.344763011 0.395601988
vt 0.34472701 0.395583987
vt 0.344985008 0.395750999
vt 0.344996989 0.39567101
vt 0.344909012 0.395705014
vt 0.344763011 0.395601988
vt 0.344772011 0.395579994
vt 0.34472701 0.395583987
vt 0.347887993 0.401428014
vt 0.347755015 0.401490986
vt 0.347912997 0.401473999
vt 0.345546991 0.395217001
vt 0.345533013 0.39526999
vt 0.345544994 0.395337999
vt 0.36659801 0.907392979
vt 0.366602004 0.907379985
vt 0.366575986 0.907383025
vt 0.345678002 0.394942999
vt 0.345708013 0.394971013
vt 0.345716 0.394899994
vt 0.346881986 0.397067994
vt 0.346857011 0.396964014
vt 0.346792012 0.396988004
vt 0.345858008 0.394854993
vt 0.345867008 0.394863009
vt 0.345880002 0.394859999
vt 0.346242994 0.39556101
vt 0.346206993 0.395568997
vt 0.346603006 0.393002003
vt 0.345492989 0.39646399
vt 0.345456988 0.396458
vt 0.345463991 0.396510988
vt 0.346684992 0.39279601
vt 0.346617013 0.39278999
vt 0.346617997 0.392868996
vt 0.344826996 0.395792007
vt 0.344902992 0.395819992
vt 0.344913989 0.395761013
vt 0.36580801 0.906216025
vt 0.365846008 0.906184971
vt 0.365805 0.906180978
vt 0.344794005 0.395637006
vt 0.346147001 0.401178986
vt 0.346109003 0.40121001
vt 0.368196011 0.905305982
vt 0.368193001 0.905265987
vt 0.368176997 0.905265987
vt 0.345604002 0.395283014
vt 0.345665991 0.395258993
vt 0.345596999 0.395231009
vt 0.346221 0.395803005
vt 0.346271992 0.395803005
vt 0.346235007 0.395794004
vt 0.346857011 0.396964014
vt 0.346949995 0.396955013
vt 0.346920013 0.396932989
vt 0.345854998 0.395177007
vt 0.345905006 0.395222992
vt 0.345934987 0.395150006
vt 0.346596003 0.39568001
vt 0.346614003 0.395588994
vt 0.346549004 0.395669997
vt 0.34304601 0.397312999
vt 0.343080014 0.397321999
vt 0.343068004 0.397311002
vt 0.345827013 0.394993991
vt 0.345716 0.395047009
vt 0.345802009 0.395137012
vt 0.36580801 0.906019986
vt 0.366726011 0.907526016
vt 0.365797013 0.905987024
vt 0.346251011 0.395884007
vt 0.346201003 0.395889014
vt 0.346190006 0.395945013
vt 0.344996989 0.39567101
vt 0.345061004 0.395666003
vt 0.345063001 0.395610988
vt 0.366384 0.904344976
vt 0.366396993 0.904392004
vt 0.366439998 0.904340029
vt 0.346704006 0.39695999
vt 0.346702993 0.396988988
vt 0.346729994 0.396999002
vt 0.345784009 0.395464003
vt 0.345795989 0.395428985
vt 0.345755011 0.395429999
vt 0.365186989 0.906508982
vt 0.365193993 0.90655899
vt 0.365200996 0.90655297
vt 0.345840007 0.395218998
vt 0.34581399 0.395199001
vt 0.345815003 0.395245999
vt 0.346482009 0.392686993
vt 0.346437007 0.392686009
vt 0.346437007 0.392731011
vt 0.345716 0.395047009
vt 0.345658988 0.395011991
vt 0.345649987 0.395058006
vt 0.365857005 0.906221986
vt 0.365891993 0.906213999
vt 0.365893006 0.906181991
vt 0.346435994 0.39251399
vt 0.346471012 0.392585993
vt 0.346459001 0.392500013
vt 0.346341997 0.392760009
vt 0.34631899 0.392823994
vt 0.346350998 0.392816991
vt 0.345634997 0.395348996
vt 0.345708013 0.395375997
vt 0.345696002 0.395310998
vt 0.345694005 0.395429999
vt 0.345708013 0.395375997
vt 0.348614007 0.393344015
vt 0.348625004 0.393352985
vt 0.348621011 0.393310994
vt 0.348601997 0.393395007
vt 0.348625004 0.393352985
vt 0.343721986 0.396901995
vt 0.346460015 0.395983994
vt 0.34651199 0.395947993
vt 0.347187012 0.392591
vt 0.347220987 0.392589986
vt 0.347191989 0.392509013
vt 0.348628014 0.39340499
vt 0.348605007 0.393453985
vt 0.348632991 0.393478006
vt 0.345905006 0.395222992
vt 0.345840007 0.395218998
vt 0.345838994 0.395265996
vt 0.345854998 0.395177007
vt 0.345840007 0.395218998
vt 0.346282005 0.395756006
vt 0.346246988 0.395741999
vt 0.346235007 0.395794004
vt 0.346684009 0.392711997
vt 0.346695006 0.392637014
vt 0.346644998 0.392637014
vt 0.346742004 0.392711014
vt 0.346695006 0.392637014
vt 0.345546991 0.395217001
vt 0.345515996 0.395193994
vt 0.345533013 0.39526999
vt 0.34652999 0.392659992
vt 0.346567988 0.392711014
vt 0.346596003 0.392616004
vt 0.346311003 0.392690986
vt 0.346309006 0.392756999
vt 0.346340001 0.392737001
vt 0.346525013 0.392675012
vt 0.346524 0.392594993
vt 0.346489996 0.392623991
vt 0.346482009 0.392686993
vt 0.346516997 0.392744005
vt 0.346525013 0.392675012
vt 0.346547991 0.392744005
vt 0.347133011 0.392722994
vt 0.347166002 0.392724007
vt 0.347153991 0.392659992
vt 0.346446007 0.39565599
vt 0.34643501 0.395779997
vt 0.346534997 0.395695001
vt 0.345921993 0.39536801
vt 0.345871001 0.395332992
vt 0.345876008 0.395363986
vt 0.34472999 0.396037996
vt 0.344799995 0.395994008
vt 0.344797999 0.395971
vt 0.366667002 0.907518983
vt 0.366719007 0.907563984
vt 0.366726011 0.907526016
vt 0.34631899 0.392823994
vt 0.346309006 0.392756999
vt 0.346264988 0.392773002
vt 0.346264988 0.392693996
vt 0.346264988 0.392773002
vt 0.344725996 0.395821989
vt 0.344660997 0.395819992
vt 0.344662994 0.395909011
vt 0.348513007 0.392013997
vt 0.348455995 0.392073005
vt 0.348515004 0.392071992
vt 0.345827013 0.394993991
vt 0.345829993 0.395152986
vt 0.345889002 0.394993007
vt 0.346157998 0.395687997
vt 0.346118003 0.395711005
vt 0.346130997 0.395723999
vt 0.346525013 0.392872989
vt 0.346496999 0.392829001
vt 0.346502006 0.392879009
vt 0.346823007 0.396863014
vt 0.346864998 0.396932989
vt 0.345954001 0.394823998
vt 0.346457005 0.395601988
vt 0.346359015 0.395581007
vt 0.346349001 0.395622998
vt 0.345807999 0.395350993
vt 0.345815003 0.395334005
vt 0.345766008 0.395303994
vt 0.346751988 0.396943003
vt 0.346763015 0.396955997
vt 0.346772999 0.396928012
vt 0.365047008 0.907916009
vt 0.364998996 0.907855988
vt 0.365022987 0.907916009
vt 0.349173009 0.39221099
vt 0.349159986 0.392168999
vt 0.349119991 0.392199993
vt 0.349119991 0.392199993
vt 0.349141002 0.392239988
vt 0.366528988 0.907369018
vt 0.366553992 0.907374978
vt 0.366537005 0.907324016
vt 0.346246988 0.395741999
vt 0.346253008 0.395689011
vt 0.346181989 0.395723999
vt 0.34443301 0.397774994
vt 0.344339013 0.397778988
vt 0.344341993 0.397828996
vt 0.346565008 0.392793
vt 0.346567988 0.392711014
vt 0.34650901 0.392746001
vt 0.348726988 0.394924015
vt 0.348715007 0.394881994
vt 0.348711014 0.394897014
vt 0.346617997 0.392868996
vt 0.346585989 0.392933995
vt 0.346628994 0.392928988
vt 0.366551012 0.907489002
vt 0.366510004 0.907489002
vt 0.366512001 0.907514989
vt 0.315744996 0.395963997
vt 0.315784007 0.395978004
vt 0.315762997 0.39595601
vt 0.365866989 0.90615499
vt 0.365846008 0.906184971
vt 0.365893006 0.906181991
vt 0.346576005 0.392506987
vt 0.346504986 0.392462999
vt 0.346482009 0.39251399
vt 0.346448004 0.393011987
vt 0.349162012 0.396627992
vt 0.346498996 0.392953992
vt 0.346684009 0.392711997
vt 0.34661901 0.392711997
vt 0.346617013 0.39278999
vt 0.344902992 0.395819992
vt 0.344891995 0.395830005
vt 0.344888985 0.395884991
vt 0.366299987 0.907660007
vt 0.366293997 0.907615006
vt 0.366266012 0.907625973
vt 0.36639899 0.904497027
vt 0.366373003 0.904493988
vt 0.366382003 0.904538989
vt 0.366434008 0.904582977
vt 0.366432011 0.904531002
vt 0.366398007 0.904543996
vt 0.366434008 0.904582977
vt 0.366393 0.904583991
vt 0.346356004 0.392610997
vt 0.346322 0.392529994
vt 0.346316993 0.392616987
vt 0.346309006 0.392756999
vt 0.346311003 0.392690986
vt 0.346264988 0.392693996
vt 0.344738007 0.395660996
vt 0.344669998 0.395651996
vt 0.34465301 0.395731986
vt 0.346098006 0.40119499
vt 0.346109003 0.40121001
vt 0.346147001 0.401178986
vt 0.346354008 0.392879993
vt 0.346332997 0.392951995
vt 0.346370012 0.392948002
vt 0.344799995 0.395646989
vt 0.344797999 0.395718008
vt 0.344909012 0.395705014
vt 0.347128987 0.392807007
vt 0.347162992 0.392845988
vt 0.347158998 0.392793
vt 0.346267015 0.393002987
vt 0.346280992 0.393014997
vt 0.346332997 0.392951995
vt 0.347220987 0.392845005
vt 0.347259998 0.392845005
vt 0.347256005 0.392789006
vt 0.346709996 0.396923989
vt 0.346738994 0.396955997
vt 0.346745014 0.396921009
vt 0.348518014 0.391970992
vt 0.348531991 0.391900003
vt 0.348935008 0.392675996
vt 0.366032988 0.906231999
vt 0.366043001 0.906193018
vt 0.366019994 0.906193972
vt 0.346323997 0.395525992
vt 0.346329004 0.395464987
vt 0.346318007 0.395475
vt 0.345575988 0.395464003
vt 0.345613003 0.395428002
vt 0.345595002 0.395413011
vt 0.346740991 0.397123992
vt 0.346682012 0.397118986
vt 0.34472701 0.395583987
vt 0.34632799 0.395767003
vt 0.34643501 0.395779997
vt 0.346334994 0.395720005
vt 0.365857005 0.906221986
vt 0.365814 0.906229973
vt 0.365832001 0.906268001
vt 0.345925003 0.395319998
vt 0.345946997 0.395381987
vt 0.345961004 0.395314991
vt 0.348591 0.393510997
vt 0.348619998 0.393485993
vt 0.348598003 0.393476009
vt 0.344523013 0.397698998
vt 0.344440997 0.397693008
vt 0.34445399 0.397763014
vt 0.365022004 0.908006012
vt 0.365029991 0.908007026
vt 0.365034997 0.907999992
vt 0.365343988 0.906574011
vt 0.365292996 0.906578004
vt 0.365339994 0.906605005
vt 0.345829993 0.404603988
vt 0.348854005 0.393987
vt 0.348829001 0.393997014
vt 0.346949995 0.396955013
vt 0.346857011 0.396964014
vt 0.346881986 0.397067994
vt 0.365750015 0.906373978
vt 0.365752012 0.906340003
vt 0.365435988 0.906776011
vt 0.345717013 0.395431012
vt 0.345701993 0.39548701
vt 0.345726013 0.395482987
vt 0.345066994 0.395949006
vt 0.345086008 0.395969987
vt 0.345126003 0.395911992
vt 0.344673008 0.396100014
vt 0.344734013 0.396095008
vt 0.344718993 0.396050006
vt 0.366385013 0.904555023
vt 0.366337001 0.904552996
vt 0.366340995 0.904583991
vt 0.349146992 0.396607012
vt 0.349108011 0.396631002
vt 0.349162012 0.396627992
vt 0.348726988 0.394924015
vt 0.348764986 0.394960999
vt 0.348782003 0.394950002
vt 0.346576005 0.392506987
vt 0.346590996 0.392517
vt 0.346596986 0.392484009
vt 0.346105993 0.395244986
vt 0.346020997 0.395206988
vt 0.346006989 0.395262986
vt 0.344814003 0.396102995
vt 0.344882995 0.396046013
vt 0.344808012 0.396054
vt 0.347784996 0.398023009
vt 0.347847998 0.398021996
vt 0.347790003 0.397920996
vt 0.344731003 0.396063
vt 0.344734013 0.396095008
vt 0.344747007 0.396106005
vt 0.346224993 0.392751992
vt 0.346264988 0.392693996
vt 0.34622401 0.392697006
vt 0.349276006 0.394585997
vt 0.349299014 0.394591004
vt 0.349299014 0.394562006
vt 0.368095011 0.904551983
vt 0.368088007 0.904491007
vt 0.368065 0.904495001
vt 0.365909994 0.906037986
vt 0.365933001 0.905964017
vt 0.365918994 0.905966997
vt 0.346527994 0.392803997
vt 0.346547991 0.392744005
vt 0.346516997 0.392744005
vt 0.34632799 0.395767003
vt 0.346282005 0.395756006
vt 0.346271992 0.395803005
vt 0.366842985 0.905771971
vt 0.366806 0.905749977
vt 0.366800994 0.905829012
vt 0.347880006 0.401261985
vt 0.347775996 0.401226997
vt 0.347761989 0.401329994
vt 0.365152001 0.906560004
vt 0.36511299 0.90655899
vt 0.365117997 0.906619012
vt 0.347885996 0.401149988
vt 0.347802997 0.401136994
vt 0.347788006 0.401181012
vt 0.346614003 0.395806998
vt 0.346585006 0.395812988
vt 0.345726013 0.395482987
vt 0.347220987 0.392589986
vt 0.347263992 0.392589003
vt 0.347232014 0.39250499
vt 0.348764986 0.394960999
vt 0.348726988 0.394924015
vt 0.348738015 0.394984007
vt 0.346242994 0.39556101
vt 0.346210003 0.395514011
vt 0.346206993 0.395568997
vt 0.366508991 0.90437001
vt 0.36648801 0.904377997
vt 0.366488993 0.904407978
vt 0.34909299 0.393916994
vt 0.349038005 0.393929005
vt 0.349036008 0.393961996
vt 0.346617013 0.39278999
vt 0.34661901 0.392711997
vt 0.346567988 0.392711014
vt 0.346644998 0.392637014
vt 0.346596003 0.392616004
vt 0.347950995 0.401573002
vt 0.347956985 0.401573986
vt 0.347974002 0.401564002
vt 0.365805 0.906180978
vt 0.365826994 0.90614599
vt 0.365770996 0.906109989
vt 0.345854998 0.395420015
vt 0.345813006 0.395361006
vt 0.345800996 0.395424992
vt 0.367902994 0.905960977
vt 0.367915004 0.905972004
vt 0.367906988 0.905945003
vt 0.366219014 0.904684007
vt 0.366185993 0.904639006
vt 0.36618799 0.90468502
vt 0.366180986 0.906666994
vt 0.36619401 0.906606972
vt 0.366174012 0.906596005
vt 0.368333012 0.905426025
vt 0.367900997 0.906031013
vt 0.367931008 0.90604198
vt 0.346482009 0.39251399
vt 0.346471012 0.392585993
vt 0.346515 0.392592013
vt 0.366255999 0.904461026
vt 0.366261005 0.904410005
vt 0.36620301 0.904413998
vt 0.348455995 0.392073005
vt 0.348482013 0.392123997
vt 0.34850201 0.392127007
vt 0.345039994 0.395812005
vt 0.344983011 0.395799994
vt 0.344969988 0.395848989
vt 0.365913987 0.906190991
vt 0.365925014 0.906158984
vt 0.365904987 0.906148016
vt 0.345952988 0.39486599
vt 0.345887989 0.394825011
vt 0.345880002 0.394859999
vt 0.34632501 0.392881006
vt 0.34631899 0.392823994
vt 0.346264988 0.392773002
vt 0.348645985 0.392327994
vt 0.348668009 0.392331988
vt 0.348663986 0.392320007
vt 0.345687985 0.395134002
vt 0.345656991 0.395184994
vt 0.345716 0.395191014
vt 0.366272002 0.904684007
vt 0.366302013 0.90468502
vt 0.366297007 0.904637992
vt 0.36786899 0.904154003
vt 0.367837995 0.904151976
vt 0.367837012 0.904196024
vt 0.347833991 0.398104995
vt 0.347847998 0.398021996
vt 0.347784996 0.398023009
vt 0.34661901 0.398476988
vt 0.346673995 0.398483008
vt 0.346634001 0.398449004
vt 0.365880996 0.906262994
vt 0.365911007 0.90625602
vt 0.365891993 0.906213999
vt 0.347166002 0.392724007
vt 0.347158998 0.392793
vt 0.347216994 0.39278999
vt 0.368142992 0.905264974
vt 0.368180007 0.905305982
vt 0.368176997 0.905265987
vt 0.348908007 0.392744988
vt 0.348874986 0.392749012
vt 0.348886013 0.392834991
vt 0.346307993 0.395568997
vt 0.346267015 0.395559013
vt 0.346262008 0.395604014
vt 0.346266001 0.392951012
vt 0.346262008 0.39288801
vt 0.346206993 0.392894
vt 0.348632991 0.392167985
vt 0.348591 0.392159998
vt 0.348603994 0.392244011
vt 0.346787006 0.397089988
vt 0.346736997 0.397080004
vt 0.346740991 0.397123992
vt 0.348825008 0.394102007
vt 0.348825991 0.394068003
vt 0.348785013 0.394064993
vt 0.346493006 0.392803997
vt 0.346480012 0.392740011
vt 0.34641701 0.392749995
vt 0.345607013 0.395081997
vt 0.345569015 0.395060986
vt 0.345553011 0.395130992
vt 0.344422013 0.397700012
vt 0.344325989 0.397697985
vt 0.344336003 0.397754997
vt 0.365772992 0.906066
vt 0.365776986 0.906077981
vt 0.365806997 0.906060994
vt 0.346363008 0.397376001
vt 0.346374005 0.397329003
vt 0.346332014 0.397334993
vt 0.349103987 0.393968999
vt 0.349155009 0.393972993
vt 0.349146992 0.393920988
vt 0.344422013 0.397700012
vt 0.34433201 0.397617996
vt 0.344325989 0.397697985
vt 0.347162992 0.392845988
vt 0.347220987 0.392845005
vt 0.347216994 0.39278999
vt 0.344529003 0.397763997
vt 0.344565988 0.397765994
vt 0.344558001 0.397700012
vt 0.346679002 0.395613998
vt 0.346646994 0.395567
vt 0.346632004 0.395644993
vt 0.34581399 0.395199001
vt 0.345784009 0.39518699
vt 0.345782012 0.395231992
vt 0.347187012 0.392591
vt 0.347173989 0.392652005
vt 0.347213 0.392657995
vt 0.346742004 0.392711014
vt 0.346684009 0.392711997
vt 0.346684992 0.39279601
vt 0.347180009 0.392437011
vt 0.347166002 0.39251101
vt 0.347191989 0.392509013
vt 0.346316993 0.392616987
vt 0.346311003 0.392690986
vt 0.346347988 0.392684013
vt 0.366230011 0.906408012
vt 0.366207004 0.906365991
vt 0.366185993 0.906408012
vt 0.366885006 0.90447402
vt 0.366914004 0.904475987
vt 0.366908014 0.904435992
vt 0.346006989 0.395262986
vt 0.345961004 0.395314991
vt 0.346101999 0.395312011
vt 0.365749002 0.906287014
vt 0.365727991 0.906286001
vt 0.365734994 0.906316996
vt 0.348623991 0.392381012
vt 0.3486 0.392331004
vt 0.348591 0.392381012
vt 0.346442997 0.392944008
vt 0.346383005 0.392946005
vt 0.346390009 0.393014997
vt 0.345829993 0.395152986
vt 0.345854998 0.395177007
vt 0.345863014 0.395155013
vt 0.345829993 0.395152986
vt 0.345889002 0.394993007
vt 0.345658988 0.395011991
vt 0.345716 0.395047009
vt 0.345708013 0.394971013
vt 0.346421003 0.39250499
vt 0.34641999 0.392435998
vt 0.346361995 0.392432004
vt 0.347907007 0.392940998
vt 0.345952988 0.39486599
vt 0.347873986 0.393077999
vt 0.34859401 0.393402994
vt 0.348628014 0.39340499
vt 0.348601997 0.393395007
vt 0.345456988 0.396458
vt 0.345492989 0.39646399
vt 0.345454991 0.396403015
vt 0.346174985 0.395678997
vt 0.346219003 0.395666987
vt 0.346159011 0.395662993
vt 0.366479009 0.90843302
vt 0.366499007 0.908425987
vt 0.366465002 0.908401012
vt 0.366403997 0.904675007
vt 0.366450995 0.904681027
vt 0.366445988 0.904627979
vt 0.346363991 0.39281401
vt 0.34641701 0.392749995
vt 0.346356004 0.392747998
vt 0.349227995 0.398411989
vt 0.349186003 0.398402005
vt 0.349198997 0.398411006
vt 0.365745008 0.906186998
vt 0.365805 0.906180978
vt 0.365734011 0.906144023
vt 0.365745008 0.906186998
vt 0.36580801 0.906216025
vt 0.34593001 0.395437002
vt 0.345867991 0.395428985
vt 0.34651199 0.395947993
vt 0.366376013 0.904299021
vt 0.366360992 0.904291987
vt 0.366358995 0.904327989
vt 0.346000999 0.395202011
vt 0.345991999 0.395150006
vt 0.345968992 0.395202994
vt 0.346150011 0.401216
vt 0.346242011 0.401237011
vt 0.346233994 0.401185006
vt 0.344810992 0.395886004
vt 0.344810992 0.39596501
vt 0.344877005 0.39596799
vt 0.367991 0.905434012
vt 0.368012011 0.905412018
vt 0.367992014 0.905411005
vt 0.347193986 0.394822001
vt 0.347207993 0.39478001
vt 0.347162992 0.394773006
vt 0.347222 0.39271
vt 0.347216994 0.39278999
vt 0.347256005 0.392789006
vt 0.346583009 0.395489991
vt 0.346603006 0.395449996
vt 0.346587986 0.395451993
vt 0.347775996 0.401226997
vt 0.347788006 0.401181012
vt 0.347732991 0.401169002
vt 0.346437007 0.392731011
vt 0.346437007 0.392686009
vt 0.346403003 0.392688006
vt 0.346502006 0.392879009
vt 0.346433014 0.392870992
vt 0.346442997 0.392944008
vt 0.345530003 0.395114988
vt 0.345553011 0.395130992
vt 0.345569015 0.395060986
vt 0.346727014 0.392939001
vt 0.346682996 0.392933995
vt 0.346697986 0.393007994
vt 0.346157998 0.395687997
vt 0.346174985 0.395678997
vt 0.346159011 0.395662993
vt 0.343043 0.397433996
vt 0.343080014 0.397462994
vt 0.343075991 0.397390008
vt 0.346565008 0.392793
vt 0.346569002 0.392868996
vt 0.346617997 0.392868996
vt 0.345131993 0.395835996
vt 0.345039994 0.395812005
vt 0.34504199 0.395880997
vt 0.346792012 0.396988004
vt 0.346857011 0.396964014
vt 0.346780986 0.396957994
vt 0.346792012 0.396988004
vt 0.346780986 0.396957994
vt 0.346763015 0.396955997
vt 0.347205997 0.392432004
vt 0.347191989 0.392509013
vt 0.347232014 0.39250499
vt 0.346435994 0.39251399
vt 0.346415997 0.392610013
vt 0.346471012 0.392585993
vt 0.346534997 0.395695001
vt 0.346457005 0.395601988
vt 0.346446007 0.39565599
vt 0.345955014 0.39526099
vt 0.345968992 0.395202994
vt 0.345905006 0.395222992
vt 0.365911007 0.90625602
vt 0.365913987 0.906222999
vt 0.365891993 0.906213999
vt 0.366492003 0.90653801
vt 0.366504997 0.906508982
vt 0.366477996 0.906498015
vt 0.345696002 0.395310998
vt 0.345708013 0.395375997
vt 0.345773995 0.395357996
vt 0.347775996 0.401226997
vt 0.347723007 0.401216
vt 0.347716987 0.401318997
vt 0.345984995 0.395069003
vt 0.345995009 0.395125002
vt 0.346017003 0.395063013
vt 0.346282005 0.395756006
vt 0.34632799 0.395767003
vt 0.346334994 0.395720005
vt 0.365691006 0.90684098
vt 0.365669996 0.906850994
vt 0.365687013 0.906884015
vt 0.346686006 0.392875999
vt 0.346740007 0.392800987
vt 0.346684992 0.39279601
vt 0.346320003 0.395815998
vt 0.346264988 0.39587
vt 0.346323013 0.39587301
vt 0.346686006 0.392875999
vt 0.346617997 0.392868996
vt 0.346628994 0.392928988
vt 0.348825991 0.394044012
vt 0.348829001 0.393997014
vt 0.349061996 0.396607012
vt 0.346087009 0.395435989
vt 0.34593001 0.395437002
vt 0.345925003 0.395502001
vt 0.349855989 0.400498003
vt 0.349061996 0.396607012
vt 0.349054009 0.396618992
vt 0.362966001 0.908169985
vt 0.362966001 0.908276021
vt 0.362991989 0.908246994
vt 0.345941007 0.395121008
vt 0.345943004 0.395011008
vt 0.345889002 0.394993007
vt 0.348006994 0.401170999
vt 0.347885996 0.401149988
vt 0.347891986 0.40120399
vt 0.349157989 0.393429011
vt 0.349162996 0.393388003
vt 0.349072993 0.393388003
vt 0.348453999 0.392006993
vt 0.348500013 0.392003
vt 0.348935008 0.392675996
vt 0.314530998 0.400065988
vt 0.314545989 0.400052994
vt 0.314536989 0.400054008
vt 0.314054996 0.398844004
vt 0.314052999 0.398855001
vt 0.314067006 0.398846
vt 0.314381987 0.398755997
vt 0.31437999 0.398730993
vt 0.314366996 0.39874801
vt 0.313457012 0.398400992
vt 0.313457996 0.398398995
vt 0.313452005 0.398398012
vt 0.313703001 0.398386002
vt 0.313703001 0.398386002
vt 0.313712001 0.398375005
vt 0.313549012 0.398483992
vt 0.313538015 0.398483992
vt 0.313535988 0.398487002
vt 0.315793991 0.396008998
vt 0.315793008 0.395994008
vt 0.315793008 0.395992994
vt 0.312620014 0.398707002
vt 0.312631994 0.398699999
vt 0.312626004 0.398701012
vt 0.313708007 0.398416996
vt 0.313699007 0.398425996
vt 0.313710004 0.398427993
vt 0.313816011 0.398113996
vt 0.313814014 0.398110986
vt 0.313816994 0.398120999
vt 0.312619001 0.398773998
vt 0.312620997 0.398784995
vt 0.312629998 0.398770988
vt 0.312586993 0.398788005
vt 0.312602013 0.398800999
vt 0.312599003 0.398788989
vt 0.366843998 0.905897021
vt 0.366838008 0.905888021
vt 0.366836995 0.905896008
vt 0.316500992 0.395372987
vt 0.316496015 0.395372987
vt 0.316500008 0.395384997
vt 0.316543013 0.397949994
vt 0.316547006 0.39793399
vt 0.316538006 0.397938997
vt 0.314150006 0.39852801
vt 0.312579006 0.399159014
vt 0.314150006 0.398512006
vt 0.312561989 0.399091005
vt 0.312550992 0.399102986
vt 0.312563002 0.399114996
vt 0.313699007 0.397915989
vt 0.313692003 0.397917986
vt 0.313686997 0.397920012
vt 0.313661009 0.39803499
vt 0.313659012 0.398047
vt 0.313672006 0.398036987
vt 0.314595014 0.400009006
vt 0.314583987 0.399996012
vt 0.314570993 0.400009006
vt 0.313980013 0.398777992
vt 0.313989013 0.398790002
vt 0.314006001 0.398777008
vt 0.314363003 0.395868987
vt 0.314363003 0.395868987
vt 0.31437099 0.395866007
vt 0.313962013 0.398777008
vt 0.313950002 0.398763001
vt 0.313950002 0.398773998
vt 0.315762997 0.39595601
vt 0.315737009 0.395942986
vt 0.315744996 0.395963997
vt 0.315807998 0.395947993
vt 0.315833002 0.395972013
vt 0.315842003 0.395967007
vt 0.314195007 0.400453001
vt 0.314195007 0.400427997
vt 0.314155012 0.400433004
vt 0.313850999 0.398259014
vt 0.313840985 0.398254991
vt 0.313827008 0.398312002
vt 0.366443992 0.904340982
vt 0.366439998 0.904340029
vt 0.366456002 0.904374003
vt 0.312723994 0.398882985
vt 0.312734991 0.398873001
vt 0.312658995 0.398844987
vt 0.313814014 0.398110986
vt 0.315771997 0.396153003
vt 0.315746009 0.395998001
vt 0.316327989 0.394955993
vt 0.316332012 0.395056009
vt 0.316350013 0.395024002
vt 0.315746009 0.395998001
vt 0.315793991 0.396008998
vt 0.315784007 0.395978004
vt 0.312828988 0.39872399
vt 0.312819988 0.398802996
vt 0.312830001 0.398799002
vt 0.314099014 0.398611993
vt 0.314074993 0.398613989
vt 0.314085007 0.398653001
vt 0.313753992 0.39842099
vt 0.313708007 0.398416996
vt 0.313710004 0.398427993
vt 0.365435988 0.906776011
vt 0.365752012 0.906340003
vt 0.365752012 0.906323016
vt 0.314570993 0.400009006
vt 0.314565986 0.400050998
vt 0.314577013 0.400058001
vt 0.368063986 0.90455699
vt 0.368070006 0.904555976
vt 0.368065 0.904495001
vt 0.313685 0.397924989
vt 0.313661009 0.39803499
vt 0.313672006 0.398036987
vt 0.313421994 0.398274004
vt 0.313497007 0.398310006
vt 0.313492 0.398299992
vt 0.313428998 0.39832899
vt 0.313436002 0.398335993
vt 0.313421994 0.398274004
vt 0.316891015 0.396441013
vt 0.316868991 0.396474987
vt 0.314195991 0.395790011
vt 0.316437006 0.396506011
vt 0.316430002 0.396528989
vt 0.316451997 0.396539003
vt 0.312629998 0.399033993
vt 0.31328699 0.399455994
vt 0.312642992 0.39904201
vt 0.313535988 0.398487002
vt 0.314453989 0.398840994
vt 0.313533992 0.398539007
vt 0.313706011 0.398364991
vt 0.313668996 0.39835
vt 0.313670993 0.398364007
vt 0.316617012 0.397159994
vt 0.313962013 0.398824006
vt 0.313962013 0.398777008
vt 0.31446901 0.398589998
vt 0.314446986 0.398642987
vt 0.314471006 0.398615986
vt 0.31259799 0.398782998
vt 0.31258601 0.398716003
vt 0.312573999 0.398714006
vt 0.312835991 0.398649007
vt 0.312840015 0.398602992
vt 0.312828004 0.398606986
vt 0.313989997 0.398741007
vt 0.313980013 0.398777992
vt 0.314006001 0.398777008
vt 0.314328998 0.395879
vt 0.314254999 0.395866007
vt 0.314262003 0.395866007
vt 0.313827991 0.398176998
vt 0.313825995 0.398189008
vt 0.313854992 0.398187011
vt 0.312597007 0.398694009
vt 0.31261301 0.398660004
vt 0.312601 0.398660988
vt 0.314476997 0.395689994
vt 0.314527005 0.395689994
vt 0.314527005 0.395678014
vt 0.316597015 0.398021013
vt 0.316583991 0.398054987
vt 0.316592991 0.398068011
vt 0.312563002 0.399116009
vt 0.312631994 0.399116009
vt 0.313107997 0.399399012
vt 0.313510001 0.397996008
vt 0.313522995 0.397949994
vt 0.313513011 0.397953987
vt 0.368193001 0.905265987
vt 0.368196011 0.905305982
vt 0.368227005 0.905304015
vt 0.312629998 0.398770988
vt 0.312631994 0.398699999
vt 0.312620014 0.398707002
vt 0.314054996 0.39884299
vt 0.314067006 0.398846
vt 0.31408 0.398795009
vt 0.313753992 0.39842099
vt 0.313778996 0.398434997
vt 0.313757002 0.398371994
vt 0.349602997 0.397873014
vt 0.350071996 0.398467004
vt 0.350050002 0.398463011
vt 0.349828005 0.400496006
vt 0.349835008 0.400483996
vt 0.350050002 0.398463011
vt 0.350084007 0.398438007
vt 0.350071996 0.39843899
vt 0.350071996 0.398467004
vt 0.312492013 0.399100989
vt 0.312492996 0.399165004
vt 0.312505007 0.399152994
vt 0.314363003 0.398883998
vt 0.313616008 0.398517013
vt 0.314117014 0.398746014
vt 0.345203996 0.401641011
vt 0.345214009 0.401708007
vt 0.345225006 0.40170899
vt 0.313933998 0.398364991
vt 0.313998014 0.397110999
vt 0.31406799 0.395817012
vt 0.315506011 0.396185011
vt 0.315746009 0.395998001
vt 0.315744996 0.395963997
vt 0.313443005 0.398070991
vt 0.313412994 0.398063004
vt 0.314981014 0.397870004
vt 0.313681006 0.398544997
vt 0.313688993 0.398485005
vt 0.31367901 0.398481995
vt 0.315807998 0.395947993
vt 0.315807998 0.395934999
vt 0.315762997 0.39595601
vt 0.313529015 0.398023993
vt 0.313529015 0.398025006
vt 0.313510001 0.397996008
vt 0.349855989 0.400498003
vt 0.349882007 0.400507003
vt 0.349878997 0.400485009
vt 0.345203996 0.401641011
vt 0.345227987 0.401639014
vt 0.345214009 0.401569992
vt 0.313418001 0.398463011
vt 0.313445002 0.398479998
vt 0.313466996 0.398402005
vt 0.316424012 0.396427989
vt 0.316430986 0.396449
vt 0.316442013 0.396396995
vt 0.345840007 0.395489991
vt 0.345854998 0.395420015
vt 0.345800996 0.395424992
vt 0.344794005 0.395637006
vt 0.344781011 0.395606995
vt 0.344772011 0.395644009
vt 0.365994006 0.906355023
vt 0.365956008 0.906320989
vt 0.365949988 0.906350017
vt 0.34643501 0.395779997
vt 0.346531004 0.395832002
vt 0.346534997 0.395695001
vt 0.346534997 0.395695001
vt 0.346531004 0.395832002
vt 0.346549988 0.395702988
vt 0.345854998 0.395177007
vt 0.34581399 0.395199001
vt 0.345840007 0.395218998
vt 0.34581399 0.395199001
vt 0.345854998 0.395177007
vt 0.345829993 0.395152986
vt 0.366284013 0.904587984
vt 0.36628899 0.904578984
vt 0.366266012 0.904591978
vt 0.366266012 0.904591978
vt 0.36628899 0.904578984
vt 0.366261989 0.904551983
vt 0.349184006 0.396811992
vt 0.349251986 0.396815002
vt 0.34651199 0.395947993
vt 0.367855012 0.904953003
vt 0.367859006 0.904929996
vt 0.367855012 0.904929996
vt 0.368142992 0.904120028
vt 0.368185014 0.904093981
vt 0.368135989 0.904093027
vt 0.347166002 0.392724007
vt 0.347213 0.392657995
vt 0.347153991 0.392659992
vt 0.346233994 0.392623991
vt 0.34602201 0.395143986
vt 0.34611699 0.395182997
vt 0.34611699 0.395182997
vt 0.34602201 0.395143986
vt 0.34602201 0.395200014
vt 0.346646994 0.392571986
vt 0.346605986 0.392569989
vt 0.346648008 0.39261499
vt 0.346648008 0.39261499
vt 0.346605986 0.392569989
vt 0.346644998 0.392637014
vt 0.346605986 0.392569989
vt 0.346646994 0.392571986
vt 0.346632987 0.392560005
vt 0.365438998 0.906728983
vt 0.365415007 0.906728983
vt 0.365435004 0.906759024
vt 0.365435004 0.906759024
vt 0.36540699 0.90673703
vt 0.365435988 0.906776011
vt 0.365435988 0.906776011
vt 0.36541 0.906777024
vt 0.345708013 0.395375997
vt 0.345694005 0.395429999
vt 0.345705003 0.395419002
vt 0.348657012 0.392168999
vt 0.348648012 0.392246991
vt 0.348670006 0.392250001
vt 0.346682996 0.392933995
vt 0.346652001 0.393011004
vt 0.346697986 0.393007994
vt 0.344891995 0.395830005
vt 0.344810992 0.395886004
vt 0.344888985 0.395884991
vt 0.366035998 0.906156003
vt 0.365996987 0.906157017
vt 0.366019994 0.906193972
vt 0.366019994 0.906193972
vt 0.365996987 0.906157017
vt 0.365976006 0.906207025
vt 0.366035998 0.906156003
vt 0.366008997 0.906147003
vt 0.365996987 0.906157017
vt 0.365397006 0.906566024
vt 0.365359008 0.906569004
vt 0.365379989 0.906614006
vt 0.365379989 0.906614006
vt 0.365343988 0.906574011
vt 0.365339994 0.906605005
vt 0.344431013 0.397689998
vt 0.344487995 0.397612989
vt 0.344415992 0.397587001
vt 0.345892012 0.395280004
vt 0.345836997 0.395298004
vt 0.345874012 0.395312011
vt 0.346323013 0.39587301
vt 0.346249998 0.396001011
vt 0.346291989 0.396026999
vt 0.346217006 0.392834991
vt 0.346101999 0.395312011
vt 0.346105009 0.395381004
vt 0.346105009 0.395381004
vt 0.345961004 0.395314991
vt 0.345952004 0.39538601
vt 0.346087009 0.395435989
vt 0.345950991 0.39538601
vt 0.34593001 0.395437002
vt 0.346679986 0.392547011
vt 0.346693009 0.392612994
vt 0.346713006 0.392544001
vt 0.346713006 0.392544001
vt 0.346695006 0.392637014
vt 0.346742988 0.392623991
vt 0.346693009 0.392612994
vt 0.346695006 0.392637014
vt 0.346713006 0.392544001
vt 0.346318007 0.395475
vt 0.346273005 0.395514011
vt 0.346323997 0.395525992
vt 0.348648012 0.392246991
vt 0.348645985 0.392327994
vt 0.348670006 0.392250001
vt 0.348670006 0.392250001
vt 0.348645985 0.392327994
vt 0.348670006 0.392307997
vt 0.348670006 0.392307997
vt 0.348645985 0.392327994
vt 0.348663986 0.392320007
vt 0.345086008 0.395668
vt 0.345072001 0.395677
vt 0.345133007 0.395678997
vt 0.345133007 0.395678997
vt 0.345064998 0.395743012
vt 0.34513101 0.395756006
vt 0.346174985 0.395678997
vt 0.346181989 0.395723999
vt 0.346219003 0.395666987
vt 0.346253008 0.395689011
vt 0.346246988 0.395741999
vt 0.346291989 0.395709008
vt 0.346291989 0.395709008
vt 0.346246988 0.395741999
vt 0.346282005 0.395756006
vt 0.347952008 0.392926008
vt 0.347970009 0.392935991
vt 0.347975999 0.392895013
vt 0.346744001 0.397009999
vt 0.346698999 0.397013009
vt 0.346736997 0.397080004
vt 0.346736997 0.397080004
vt 0.346698999 0.397013009
vt 0.346679002 0.397080988
vt 0.346698999 0.397013009
vt 0.346744001 0.397009999
vt 0.346729994 0.396999002
vt 0.346915007 0.396901995
vt 0.346864998 0.396932989
vt 0.346926987 0.396923006
vt 0.346462995 0.392446995
vt 0.346439987 0.39250201
vt 0.346459001 0.392500013
vt 0.344996989 0.39567101
vt 0.344906002 0.395633012
vt 0.344909012 0.395705014
vt 0.345470995 0.396311998
vt 0.345490009 0.396221012
vt 0.345454007 0.396232009
vt 0.346262008 0.395604014
vt 0.346249998 0.395613015
vt 0.346298993 0.395613015
vt 0.346298993 0.395613015
vt 0.346253008 0.395689011
vt 0.346291989 0.395709008
vt 0.346233994 0.392623991
vt 0.346289992 0.392544001
vt 0.346269011 0.392544001
vt 0.365676999 0.906958997
vt 0.365695 0.907001972
vt 0.36570099 0.90694797
vt 0.366223991 0.904462993
vt 0.36620301 0.904413998
vt 0.36619699 0.904464006
vt 0.346264988 0.392773002
vt 0.346217006 0.392834991
vt 0.346262008 0.39288801
vt 0.346262008 0.39288801
vt 0.346217006 0.392834991
vt 0.346206993 0.392894
vt 0.345705003 0.395419002
vt 0.345755011 0.395429999
vt 0.345708013 0.395375997
vt 0.345708013 0.395375997
vt 0.345755011 0.395429999
vt 0.345773995 0.395357996
vt 0.344743997 0.395637006
vt 0.34472701 0.395583987
vt 0.344716012 0.395635009
vt 0.344985008 0.395750999
vt 0.344909012 0.395705014
vt 0.344913989 0.395761013
vt 0.365435988 0.906776011
vt 0.36541 0.906777024
vt 0.365440011 0.906816006
vt 0.365440011 0.906816006
vt 0.36541 0.906777024
vt 0.36540401 0.906817973
vt 0.347746015 0.401432008
vt 0.347755015 0.401490986
vt 0.347887993 0.401428014
vt 0.345546991 0.395217001
vt 0.345544994 0.395337999
vt 0.345575988 0.395337999
vt 0.348975986 0.392664999
vt 0.348935008 0.392675996
vt 0.348966002 0.392735988
vt 0.348935008 0.392675996
vt 0.348931015 0.392740011
vt 0.348966002 0.392735988
vt 0.36659801 0.907392979
vt 0.366575986 0.907383025
vt 0.366580993 0.907405019
vt 0.365399003 0.906517982
vt 0.365363985 0.906516016
vt 0.365397006 0.906566024
vt 0.365397006 0.906566024
vt 0.365363985 0.906516016
vt 0.365359008 0.906569004
vt 0.345678002 0.394942999
vt 0.345716 0.394899994
vt 0.345690995 0.394897014
vt 0.346881986 0.397067994
vt 0.346792012 0.396988004
vt 0.346787006 0.397089988
vt 0.345858008 0.394854993
vt 0.345880002 0.394859999
vt 0.345863998 0.394832999
vt 0.345863998 0.394832999
vt 0.345880002 0.394859999
vt 0.345887989 0.394825011
vt 0.345506012 0.396512985
vt 0.345492989 0.39646399
vt 0.345463991 0.396510988
vt 0.345463991 0.396510988
vt 0.345456988 0.396458
vt 0.345454007 0.396472991
vt 0.346684992 0.39279601
vt 0.346617997 0.392868996
vt 0.346686006 0.392875999
vt 0.365857005 0.906221986
vt 0.365846008 0.906184971
vt 0.365814 0.906229973
vt 0.365814 0.906229973
vt 0.365846008 0.906184971
vt 0.36580801 0.906216025
vt 0.346740991 0.397123992
vt 0.346749008 0.397170991
vt 0.346787006 0.397089988
vt 0.346787006 0.397089988
vt 0.346749008 0.397170991
vt 0.346798986 0.397181004
vt 0.368196011 0.905305982
vt 0.368176997 0.905265987
vt 0.368180007 0.905305982
vt 0.345717013 0.395431012
vt 0.345726013 0.395482987
vt 0.345755011 0.395429999
vt 0.346271992 0.395803005
vt 0.346221 0.395803005
vt 0.346264988 0.39587
vt 0.346264988 0.39587
vt 0.346221 0.395803005
vt 0.346251011 0.395884007
vt 0.346251011 0.395884007
vt 0.346221 0.395803005
vt 0.346201003 0.395889014
vt 0.346920013 0.396932989
vt 0.346949995 0.396955013
vt 0.346938998 0.396939009
vt 0.343075991 0.397390008
vt 0.343080014 0.397321999
vt 0.343041003 0.397374988
vt 0.343041003 0.397374988
vt 0.343080014 0.397321999
vt 0.34304601 0.397312999
vt 0.343721986 0.396901995
vt 0.346291989 0.396026999
vt 0.346460015 0.395983994
vt 0.346787006 0.397089988
vt 0.346798986 0.397181004
vt 0.346890986 0.397123009
vt 0.346890986 0.397123009
vt 0.346798986 0.397181004
vt 0.344909012 0.395594001
vt 0.36580801 0.906019986
vt 0.365797013 0.905987024
vt 0.365786999 0.906018972
vt 0.368059993 0.90445298
vt 0.368032992 0.904452026
vt 0.368057013 0.904488981
vt 0.368057013 0.904488981
vt 0.368025988 0.904501021
vt 0.368048012 0.904497027
vt 0.368032992 0.904452026
vt 0.368025988 0.904501021
vt 0.368057013 0.904488981
vt 0.346251011 0.395884007
vt 0.346190006 0.395945013
vt 0.346228987 0.395983011
vt 0.347775996 0.398101002
vt 0.347775996 0.398164988
vt 0.347833991 0.398104995
vt 0.347833991 0.398104995
vt 0.347775996 0.398164988
vt 0.347840011 0.398162007
vt 0.345016003 0.395599008
vt 0.344994992 0.395603001
vt 0.345063001 0.395610988
vt 0.345063001 0.395610988
vt 0.345061004 0.395666003
vt 0.345070988 0.395653009
vt 0.344994992 0.395603001
vt 0.344996989 0.39567101
vt 0.345063001 0.395610988
vt 0.345061004 0.395666003
vt 0.344996989 0.39567101
vt 0.345017999 0.39567101
vt 0.365830988 0.906350017
vt 0.365776002 0.906349003
vt 0.366472989 0.906597018
vt 0.366472989 0.906597018
vt 0.365776002 0.906349003
vt 0.365776986 0.906373978
vt 0.346363991 0.39281401
vt 0.346372992 0.392861992
vt 0.346423 0.392803013
vt 0.346423 0.392803013
vt 0.346372992 0.392861992
vt 0.346428007 0.392825007
vt 0.346428007 0.392825007
vt 0.346372992 0.392861992
vt 0.346433014 0.392870992
vt 0.366439998 0.904340029
vt 0.366396993 0.904392004
vt 0.366456002 0.904374003
vt 0.346738994 0.396955997
vt 0.346704006 0.39695999
vt 0.346729994 0.396999002
vt 0.345726013 0.395482987
vt 0.345784009 0.395464003
vt 0.345755011 0.395429999
vt 0.345755011 0.395429999
vt 0.345795989 0.395428985
vt 0.345788002 0.395420015
vt 0.346071988 0.395027012
vt 0.346017003 0.395063013
vt 0.346233994 0.392623991
vt 0.346233994 0.392623991
vt 0.346017003 0.395063013
vt 0.34602201 0.395143986
vt 0.344877005 0.39596799
vt 0.344810992 0.395989001
vt 0.344882995 0.396046013
vt 0.344882995 0.396046013
vt 0.344810992 0.395989001
vt 0.344808012 0.396054
vt 0.365186989 0.906508982
vt 0.365200996 0.90655297
vt 0.365200996 0.906503022
vt 0.345840007 0.395218998
vt 0.345815003 0.395245999
vt 0.345838994 0.395265996
vt 0.345824003 0.395296007
vt 0.345838994 0.395265996
vt 0.346482009 0.392686993
vt 0.346437007 0.392731011
vt 0.346480012 0.392740011
vt 0.365857005 0.906221986
vt 0.365893006 0.906181991
vt 0.365846008 0.906184971
vt 0.346435994 0.39251399
vt 0.346459001 0.392500013
vt 0.346439987 0.39250201
vt 0.345634997 0.395348996
vt 0.345696002 0.395310998
vt 0.345634997 0.395341009
vt 0.365918994 0.905966997
vt 0.365846008 0.905983984
vt 0.365909994 0.906037986
vt 0.365909994 0.906037986
vt 0.365846008 0.905983984
vt 0.365837991 0.906029999
vt 0.345575988 0.395337999
vt 0.345578998 0.395390987
vt 0.345615 0.395343989
vt 0.345615 0.395343989
vt 0.345578998 0.395390987
vt 0.345595002 0.395413011
vt 0.347187012 0.392591
vt 0.347191989 0.392509013
vt 0.347166002 0.39251101
vt 0.348628014 0.39340499
vt 0.348632991 0.393478006
vt 0.348655999 0.393420011
vt 0.345905006 0.395222992
vt 0.345838994 0.395265996
vt 0.345892012 0.395280004
vt 0.346282005 0.395756006
vt 0.346235007 0.395794004
vt 0.346271992 0.395803005
vt 0.346684009 0.392711997
vt 0.346644998 0.392637014
vt 0.34661901 0.392711997
vt 0.348632991 0.393478006
vt 0.348643988 0.393483013
vt 0.348655999 0.393420011
vt 0.349162012 0.396627992
vt 0.346184999 0.395785987
vt 0.346157014 0.395738006
vt 0.346157014 0.395738006
vt 0.346184999 0.395785987
vt 0.346181989 0.395723999
vt 0.348006994 0.401170999
vt 0.347882986 0.401113987
vt 0.347885996 0.401149988
vt 0.347133011 0.392722994
vt 0.347153991 0.392659992
vt 0.347124994 0.392663985
vt 0.345887989 0.395321995
vt 0.345871001 0.395332992
vt 0.345921993 0.39536801
vt 0.344799995 0.395994008
vt 0.34472999 0.396037996
vt 0.345456988 0.396458
vt 0.366726995 0.907553017
vt 0.366726011 0.907526016
vt 0.366719007 0.907563984
vt 0.366719007 0.907563984
vt 0.366667002 0.907518983
vt 0.366665989 0.907567978
vt 0.344725996 0.395821989
vt 0.344662994 0.395909011
vt 0.34472999 0.395909011
vt 0.348455995 0.392073005
vt 0.348500013 0.392003
vt 0.348453999 0.392006993
vt 0.348500013 0.392003
vt 0.348455995 0.392073005
vt 0.348513007 0.392013997
vt 0.345829993 0.395152986
vt 0.345827013 0.394993991
vt 0.345802009 0.395137012
vt 0.345827013 0.394993991
vt 0.345889002 0.394993007
vt 0.345840007 0.394984007
vt 0.346118003 0.395711005
vt 0.346157998 0.395687997
vt 0.346118987 0.395689011
vt 0.346850991 0.396844
vt 0.346823007 0.396863014
vt 0.345954001 0.394823998
vt 0.345954001 0.394823998
vt 0.346864998 0.396932989
vt 0.346915007 0.396901995
vt 0.346457005 0.395601988
vt 0.346349001 0.395622998
vt 0.346446007 0.39565599
vt 0.345773995 0.395357996
vt 0.345807999 0.395350993
vt 0.345766008 0.395303994
vt 0.345766008 0.395303994
vt 0.345815003 0.395334005
vt 0.345809996 0.395292997
vt 0.346745014 0.396921009
vt 0.346751988 0.396943003
vt 0.346772999 0.396928012
vt 0.346772999 0.396928012
vt 0.346763015 0.396955997
vt 0.346780986 0.396957994
vt 0.366566986 0.907329977
vt 0.366537005 0.907324016
vt 0.366553992 0.907374978
vt 0.346181989 0.395723999
vt 0.346253008 0.395689011
vt 0.346219003 0.395666987
vt 0.34443301 0.397774994
vt 0.344341993 0.397828996
vt 0.344440997 0.397832006
vt 0.346565008 0.392793
vt 0.34650901 0.392746001
vt 0.346516013 0.392812014
vt 0.365745008 0.906186998
vt 0.365734011 0.906144023
vt 0.365729004 0.906202972
vt 0.345892012 0.395280004
vt 0.345918 0.395312995
vt 0.345955014 0.39526099
vt 0.348715007 0.394881994
vt 0.348726988 0.394924015
vt 0.348774999 0.394856006
vt 0.348774999 0.394856006
vt 0.348726988 0.394924015
vt 0.348803997 0.394888997
vt 0.346569002 0.392868996
vt 0.346585989 0.392933995
vt 0.346617997 0.392868996
vt 0.366551012 0.907489002
vt 0.366512001 0.907514989
vt 0.366553009 0.907518983
vt 0.344797999 0.395902008
vt 0.34472999 0.395909011
vt 0.344797999 0.395971
vt 0.365866989 0.90615499
vt 0.365893006 0.906181991
vt 0.365904987 0.906148016
vt 0.346504986 0.392462999
vt 0.346576005 0.392506987
vt 0.346569985 0.392477006
vt 0.346448004 0.393011987
vt 0.346498996 0.392953992
vt 0.346442997 0.392944008
vt 0.346502006 0.392879009
vt 0.346498996 0.392953992
vt 0.346684009 0.392711997
vt 0.346617013 0.39278999
vt 0.346684992 0.39279601
vt 0.344902992 0.395819992
vt 0.344888985 0.395884991
vt 0.344969988 0.395848989
vt 0.366299987 0.907660007
vt 0.366266012 0.907625973
vt 0.366270989 0.907664001
vt 0.36639899 0.904497027
vt 0.366382003 0.904538989
vt 0.366405994 0.904537976
vt 0.344314009 0.398404986
vt 0.34433201 0.398501992
vt 0.34435001 0.398416013
vt 0.34435001 0.398416013
vt 0.34433201 0.398501992
vt 0.344350994 0.398499995
vt 0.344906002 0.395633012
vt 0.344812989 0.395615995
vt 0.344799995 0.395646989
vt 0.344799995 0.395646989
vt 0.344812989 0.395615995
vt 0.344794005 0.395637006
vt 0.344738007 0.395660996
vt 0.34465301 0.395731986
vt 0.344752997 0.395734996
vt 0.346098989 0.401181012
vt 0.346098006 0.40119499
vt 0.346147001 0.401178986
vt 0.346332997 0.392951995
vt 0.346354008 0.392879993
vt 0.34632501 0.392881006
vt 0.344799995 0.395646989
vt 0.344909012 0.395705014
vt 0.344906002 0.395633012
vt 0.347162992 0.392845988
vt 0.347128987 0.392807007
vt 0.347133994 0.392847002
vt 0.346266001 0.392951012
vt 0.346267015 0.393002987
vt 0.346332997 0.392951995
vt 0.34632501 0.392881006
vt 0.346266001 0.392951012
vt 0.346332997 0.392951995
vt 0.346280992 0.393014997
vt 0.34633401 0.393014997
vt 0.365940988 0.906307995
vt 0.365943015 0.906343997
vt 0.365956008 0.906320989
vt 0.365956008 0.906320989
vt 0.365943015 0.906343997
vt 0.365949988 0.906350017
vt 0.347220987 0.392845005
vt 0.347256005 0.392789006
vt 0.347216994 0.39278999
vt 0.346751988 0.396943003
vt 0.346745014 0.396921009
vt 0.346738994 0.396955997
vt 0.346738994 0.396955997
vt 0.346709996 0.396923989
vt 0.346704006 0.39695999
vt 0.346311003 0.392690986
vt 0.346340001 0.392737001
vt 0.346347988 0.392684013
vt 0.366057009 0.906192005
vt 0.366120994 0.906219006
vt 0.366122991 0.906180024
vt 0.366032988 0.906231999
vt 0.366019994 0.906193972
vt 0.366010994 0.906234026
vt 0.346329004 0.395464987
vt 0.346323997 0.395525992
vt 0.346388012 0.395482004
vt 0.346388012 0.395482004
vt 0.346323997 0.395525992
vt 0.346374005 0.395538986
vt 0.345613003 0.395428002
vt 0.345575988 0.395464003
vt 0.345616013 0.395464003
vt 0.346740991 0.397123992
vt 0.34472701 0.395583987
vt 0.346749008 0.397170991
vt 0.342036992 0.398680001
vt 0.34208101 0.39863199
vt 0.342032999 0.398636997
vt 0.342032999 0.398636997
vt 0.34208101 0.39863199
vt 0.342067987 0.398627013
vt 0.34208101 0.39863199
vt 0.342036992 0.398680001
vt 0.34208101 0.398687989
vt 0.366308004 0.904586017
vt 0.366301 0.904595017
vt 0.366340995 0.904583991
vt 0.366340995 0.904583991
vt 0.366301 0.904595017
vt 0.366346985 0.904635012
vt 0.365880996 0.906262994
vt 0.365857005 0.906221986
vt 0.365832001 0.906268001
vt 0.346736014 0.392924011
vt 0.346686006 0.392875999
vt 0.346727014 0.392939001
vt 0.346727014 0.392939001
vt 0.346686006 0.392875999
vt 0.346682996 0.392933995
vt 0.347932011 0.393105
vt 0.347920001 0.393180996
vt 0.345948994 0.395128012
vt 0.347920001 0.393180996
vt 0.347932011 0.393105
vt 0.347873986 0.393077999
vt 0.348619998 0.393485993
vt 0.348591 0.393510997
vt 0.348609 0.393532991
vt 0.348609 0.393532991
vt 0.348591 0.393510997
vt 0.34859401 0.393527001
vt 0.344523013 0.397698998
vt 0.34445399 0.397763014
vt 0.344529003 0.397763997
vt 0.346881986 0.397067994
vt 0.346890986 0.397123009
vt 0.346983999 0.397074014
vt 0.346983999 0.397074014
vt 0.346976995 0.397121012
vt 0.346987993 0.397107989
vt 0.346890986 0.397123009
vt 0.346976995 0.397121012
vt 0.346983999 0.397074014
vt 0.365873009 0.906350017
vt 0.365902007 0.906337976
vt 0.365886003 0.906301022
vt 0.365886003 0.906301022
vt 0.365913987 0.906302989
vt 0.365909994 0.906296015
vt 0.365902007 0.906337976
vt 0.365913987 0.906302989
vt 0.365886003 0.906301022
vt 0.365022004 0.908006012
vt 0.365034997 0.907999992
vt 0.36502701 0.907959998
vt 0.36502701 0.907959998
vt 0.365034997 0.907999992
vt 0.365052998 0.907962024
vt 0.345829993 0.404603988
vt 0.348829001 0.393997014
vt 0.348825991 0.394044012
vt 0.346949995 0.396955013
vt 0.346881986 0.397067994
vt 0.346983999 0.397074014
vt 0.365750015 0.906373978
vt 0.365435988 0.906776011
vt 0.365729004 0.906373978
vt 0.345066994 0.395949006
vt 0.345126003 0.395911992
vt 0.34504199 0.395880997
vt 0.344662994 0.396037012
vt 0.344673008 0.396100014
vt 0.344718993 0.396050006
vt 0.34472999 0.395985991
vt 0.34472999 0.396037996
vt 0.344718993 0.396050006
vt 0.344734013 0.396095008
vt 0.344731003 0.396063
vt 0.366385013 0.904555023
vt 0.366340995 0.904583991
vt 0.366387993 0.904590011
vt 0.345696002 0.395310998
vt 0.345665991 0.395258993
vt 0.345634997 0.395341009
vt 0.349108011 0.396631002
vt 0.349146992 0.396607012
vt 0.349106014 0.396609008
vt 0.348726988 0.394924015
vt 0.348782003 0.394950002
vt 0.348803997 0.394888997
vt 0.346569985 0.392477006
vt 0.346576005 0.392506987
vt 0.346596986 0.392484009
vt 0.346596986 0.392484009
vt 0.346590996 0.392517
vt 0.346610993 0.39252001
vt 0.346105993 0.395244986
vt 0.346006989 0.395262986
vt 0.346101999 0.395312011
vt 0.344891012 0.396106005
vt 0.344882995 0.396046013
vt 0.344814003 0.396102995
vt 0.344752997 0.395734996
vt 0.344725996 0.395821989
vt 0.344770014 0.395747989
vt 0.347784996 0.398023009
vt 0.347790003 0.397920996
vt 0.347748011 0.397937
vt 0.344731003 0.396063
vt 0.344747007 0.396106005
vt 0.344799995 0.396064013
vt 0.344799995 0.396064013
vt 0.344747007 0.396106005
vt 0.344808012 0.396102011
vt 0.346264988 0.392693996
vt 0.346224993 0.392751992
vt 0.346264988 0.392773002
vt 0.346264988 0.392773002
vt 0.346224993 0.392751992
vt 0.346235991 0.392764002
vt 0.345887989 0.394825011
vt 0.345952988 0.39486599
vt 0.345954001 0.394823998
vt 0.349276006 0.394585997
vt 0.349299014 0.394562006
vt 0.349265009 0.394564003
vt 0.368095011 0.904551983
vt 0.368065 0.904495001
vt 0.368070006 0.904555976
vt 0.366587996 0.907424986
vt 0.366558999 0.907436013
vt 0.366584003 0.907489002
vt 0.366584003 0.907489002
vt 0.366558999 0.907436013
vt 0.366551012 0.907489002
vt 0.346547991 0.392744005
vt 0.346527994 0.392803997
vt 0.346561998 0.39280501
vt 0.346561998 0.39280501
vt 0.346527994 0.392803997
vt 0.346538991 0.392812997
vt 0.366842985 0.905771971
vt 0.366800994 0.905829012
vt 0.366843998 0.905855
vt 0.347880006 0.401261985
vt 0.347761989 0.401329994
vt 0.347864002 0.401383996
vt 0.365152001 0.906560004
vt 0.365117997 0.906619012
vt 0.365162998 0.906620979
vt 0.347885996 0.401149988
vt 0.347788006 0.401181012
vt 0.347891986 0.40120399
vt 0.34662199 0.395787001
vt 0.346585006 0.395812988
vt 0.346614003 0.395806998
vt 0.347220987 0.392589986
vt 0.347232014 0.39250499
vt 0.347191989 0.392509013
vt 0.346489996 0.392623991
vt 0.346437007 0.392686009
vt 0.346482009 0.392686993
vt 0.346210003 0.395514011
vt 0.346267015 0.395559013
vt 0.346273005 0.395514011
vt 0.346267015 0.395559013
vt 0.346210003 0.395514011
vt 0.346242994 0.39556101
vt 0.366508991 0.90437001
vt 0.366488993 0.904407978
vt 0.366519988 0.904407024
vt 0.34909299 0.393916994
vt 0.349036008 0.393961996
vt 0.349103004 0.393967003
vt 0.346617013 0.39278999
vt 0.346567988 0.392711014
vt 0.346565008 0.392793
vt 0.347950995 0.401573002
vt 0.347974002 0.401564002
vt 0.347990006 0.401515007
vt 0.365805 0.906180978
vt 0.365770996 0.906109989
vt 0.365734011 0.906144023
vt 0.345854014 0.395368993
vt 0.345813006 0.395361006
vt 0.345854998 0.395420015
vt 0.346053988 0.401612997
vt 0.345982999 0.401531011
vt 0.345979005 0.401612997
vt 0.366185993 0.904639006
vt 0.366219014 0.904684007
vt 0.366225004 0.904640019
vt 0.366151989 0.906673014
vt 0.366180986 0.906666994
vt 0.366174012 0.906596005
vt 0.346864998 0.396932989
vt 0.346818 0.396921992
vt 0.346807003 0.396941006
vt 0.368333012 0.905426025
vt 0.367931008 0.90604198
vt 0.367922992 0.906000972
vt 0.346459001 0.392500013
vt 0.346471012 0.392585993
vt 0.346482009 0.39251399
vt 0.345952988 0.39486599
vt 0.345889002 0.394993007
vt 0.345943004 0.395011008
vt 0.366255999 0.904461026
vt 0.36620301 0.904413998
vt 0.366223991 0.904462993
vt 0.348455995 0.392073005
vt 0.34850201 0.392127007
vt 0.348515004 0.392071992
vt 0.345039994 0.395812005
vt 0.344969988 0.395848989
vt 0.34504199 0.395880997
vt 0.365913987 0.906190991
vt 0.365904987 0.906148016
vt 0.365893006 0.906181991
vt 0.366174012 0.906596005
vt 0.366198987 0.906560004
vt 0.366181999 0.906551003
vt 0.348668009 0.392331988
vt 0.348645985 0.392327994
vt 0.348657995 0.392381996
vt 0.348657995 0.392381996
vt 0.348645985 0.392327994
vt 0.348623991 0.392381012
vt 0.345687985 0.395134002
vt 0.345716 0.395191014
vt 0.345746994 0.395146996
vt 0.366272002 0.904684007
vt 0.366297007 0.904637992
vt 0.366272002 0.904640973
vt 0.36786899 0.904154003
vt 0.367837012 0.904196024
vt 0.367866993 0.904196024
vt 0.345824003 0.395296007
vt 0.345815003 0.395245999
vt 0.345809996 0.395292997
vt 0.347833991 0.398104995
vt 0.347784996 0.398023009
vt 0.347775996 0.398101002
vt 0.346673995 0.398483008
vt 0.346623987 0.398494005
vt 0.346650004 0.398508996
vt 0.346623987 0.398494005
vt 0.346673995 0.398483008
vt 0.34661901 0.398476988
vt 0.365880996 0.906262994
vt 0.365891993 0.906213999
vt 0.365857005 0.906221986
vt 0.344440997 0.397693008
vt 0.344523013 0.397698998
vt 0.344487995 0.397612989
vt 0.347166002 0.392724007
vt 0.347216994 0.39278999
vt 0.347222 0.39271
vt 0.368180007 0.905305982
vt 0.368142992 0.905264974
vt 0.368135989 0.905299008
vt 0.368135989 0.905299008
vt 0.368142992 0.905264974
vt 0.368137002 0.90527302
vt 0.348908007 0.392744988
vt 0.348886013 0.392834991
vt 0.348919004 0.392832994
vt 0.367931008 0.90604198
vt 0.367902994 0.90605402
vt 0.367927015 0.90606302
vt 0.366576999 0.90733999
vt 0.366553992 0.907374978
vt 0.366573989 0.907366991
vt 0.366553992 0.907374978
vt 0.366576999 0.90733999
vt 0.366566986 0.907329977
vt 0.346307993 0.395568997
vt 0.346262008 0.395604014
vt 0.346298993 0.395613015
vt 0.346266001 0.392951012
vt 0.346206993 0.392894
vt 0.34620899 0.392949998
vt 0.345086008 0.395969987
vt 0.345126003 0.395978987
vt 0.345126003 0.395911992
vt 0.348591 0.392159998
vt 0.348632991 0.392167985
vt 0.348616987 0.392161995
vt 0.348632991 0.392167985
vt 0.348603994 0.392244011
vt 0.348648012 0.392246991
vt 0.348825008 0.394102007
vt 0.348785013 0.394064993
vt 0.348785013 0.394107014
vt 0.346493006 0.392803997
vt 0.34641701 0.392749995
vt 0.346423 0.392803013
vt 0.345854014 0.395368993
vt 0.345876008 0.395363986
vt 0.345865011 0.395332992
vt 0.345865011 0.395332992
vt 0.345876008 0.395363986
vt 0.345871001 0.395332992
vt 0.365779012 0.906041026
vt 0.365772992 0.906066
vt 0.365806997 0.906060994
vt 0.365806997 0.906060994
vt 0.365776986 0.906077981
vt 0.365799993 0.906094015
vt 0.346363008 0.397376001
vt 0.346332014 0.397334993
vt 0.346323013 0.397381008
vt 0.365729004 0.906202972
vt 0.365749002 0.906287014
vt 0.365756989 0.906244993
vt 0.365756989 0.906244993
vt 0.365749002 0.906287014
vt 0.365767002 0.906253994
vt 0.365767002 0.906253994
vt 0.365749002 0.906287014
vt 0.365779996 0.906284988
vt 0.34909299 0.393916994
vt 0.349103987 0.393968999
vt 0.349146992 0.393920988
vt 0.36687699 0.905867994
vt 0.366843998 0.905897021
vt 0.366876006 0.905901015
vt 0.344415992 0.397587001
vt 0.34433201 0.397617996
vt 0.344431013 0.397689998
vt 0.344431013 0.397689998
vt 0.34433201 0.397617996
vt 0.344422013 0.397700012
vt 0.347162992 0.392845988
vt 0.347216994 0.39278999
vt 0.347158998 0.392793
vt 0.344529003 0.397763997
vt 0.344558001 0.397700012
vt 0.344523013 0.397698998
vt 0.346679002 0.395613998
vt 0.346632004 0.395644993
vt 0.346671999 0.395660013
vt 0.34581399 0.395199001
vt 0.345782012 0.395231992
vt 0.345815003 0.395245999
vt 0.347187012 0.392591
vt 0.347213 0.392657995
vt 0.347220987 0.392589986
vt 0.346742004 0.392711014
vt 0.346684992 0.39279601
vt 0.346740007 0.392800987
vt 0.347180009 0.392437011
vt 0.347191989 0.392509013
vt 0.347205997 0.392432004
vt 0.346864998 0.396932989
vt 0.346823007 0.396863014
vt 0.346818 0.396921992
vt 0.346316993 0.392616987
vt 0.346347988 0.392684013
vt 0.346356004 0.392610997
vt 0.346787006 0.397089988
vt 0.346890986 0.397123009
vt 0.346881986 0.397067994
vt 0.346516997 0.392744005
vt 0.346482009 0.392686993
vt 0.346480012 0.392740011
vt 0.366885006 0.90447402
vt 0.366908014 0.904435992
vt 0.366878986 0.904437006
vt 0.345961004 0.395314991
vt 0.346006989 0.395262986
vt 0.345990002 0.39526701
vt 0.365749002 0.906287014
vt 0.365734994 0.906316996
vt 0.365752012 0.906323016
vt 0.348645985 0.392327994
vt 0.3486 0.392331004
vt 0.348623991 0.392381012
vt 0.346442997 0.392944008
vt 0.346390009 0.393014997
vt 0.346448004 0.393011987
vt 0.345658988 0.395011991
vt 0.345708013 0.394971013
vt 0.345688999 0.394980013
vt 0.344902992 0.395819992
vt 0.344983011 0.395799994
vt 0.344913989 0.395761013
vt 0.344983011 0.395799994
vt 0.344902992 0.395819992
vt 0.344969988 0.395848989
vt 0.347907007 0.392940998
vt 0.347873986 0.393077999
vt 0.347932011 0.393105
vt 0.345874012 0.395312011
vt 0.345918 0.395312995
vt 0.345892012 0.395280004
vt 0.345918 0.395312995
vt 0.345874012 0.395312011
vt 0.345887989 0.395321995
vt 0.345454991 0.396403015
vt 0.345492989 0.39646399
vt 0.344810992 0.395989001
vt 0.34472999 0.396037996
vt 0.344662994 0.396037012
vt 0.344718993 0.396050006
vt 0.366400003 0.904636025
vt 0.366403997 0.904675007
vt 0.366445988 0.904627979
vt 0.366445988 0.904627979
vt 0.366450995 0.904681027
vt 0.366456002 0.904673994
vt 0.349049985 0.393424988
vt 0.346356004 0.392747998
vt 0.34641701 0.392749995
vt 0.34641701 0.392749995
vt 0.346363991 0.39281401
vt 0.346423 0.392803013
vt 0.34789601 0.39288801
vt 0.345954001 0.394823998
vt 0.347912997 0.392910987
vt 0.349186003 0.398402005
vt 0.349227995 0.398411989
vt 0.34918201 0.398380995
vt 0.34918201 0.398380995
vt 0.349227995 0.398411989
vt 0.349251002 0.398380011
vt 0.345829993 0.404603988
vt 0.347158998 0.392793
vt 0.347133011 0.392722994
vt 0.347133011 0.392722994
vt 0.347158998 0.392793
vt 0.347166002 0.392724007
vt 0.34593001 0.395437002
vt 0.34651199 0.395947993
vt 0.345925003 0.395502001
vt 0.366376013 0.904299021
vt 0.366358995 0.904327989
vt 0.366373003 0.904335976
vt 0.34602201 0.395143986
vt 0.345991999 0.395150006
vt 0.346011996 0.395190001
vt 0.346011996 0.395190001
vt 0.345991999 0.395150006
vt 0.346000999 0.395202011
vt 0.346323997 0.395525992
vt 0.346273005 0.395514011
vt 0.346307993 0.395568997
vt 0.346374005 0.395538986
vt 0.346323997 0.395525992
vt 0.346359015 0.395581007
vt 0.346307993 0.395568997
vt 0.346273005 0.395514011
vt 0.346267015 0.395559013
vt 0.346147001 0.401178986
vt 0.346150011 0.401216
vt 0.346233994 0.401185006
vt 0.344888985 0.395884991
vt 0.344810992 0.395886004
vt 0.344877005 0.39596799
vt 0.344877005 0.39596799
vt 0.344810992 0.39596501
vt 0.344810992 0.395989001
vt 0.368012011 0.905412018
vt 0.367991 0.905434012
vt 0.368010014 0.905439973
vt 0.368010014 0.905439973
vt 0.367991 0.905434012
vt 0.367998004 0.905441999
vt 0.347193986 0.394822001
vt 0.347162992 0.394773006
vt 0.347149014 0.394816995
vt 0.344314009 0.398404986
vt 0.344300002 0.398418009
vt 0.34433201 0.398501992
vt 0.34433201 0.398501992
vt 0.344300002 0.398512989
vt 0.344316989 0.398508012
vt 0.344300002 0.398418009
vt 0.344300002 0.398512989
vt 0.34433201 0.398501992
vt 0.347222 0.39271
vt 0.347256005 0.392789006
vt 0.347263992 0.39271301
vt 0.346603006 0.395449996
vt 0.346583009 0.395489991
vt 0.346650988 0.395489007
vt 0.346590012 0.395509005
vt 0.346637011 0.395536989
vt 0.346650988 0.395489007
vt 0.346590012 0.395509005
vt 0.346650988 0.395489007
vt 0.346583009 0.395489991
vt 0.348731995 0.395013988
vt 0.348749012 0.395018011
vt 0.348738015 0.394984007
vt 0.347775996 0.401226997
vt 0.347732991 0.401169002
vt 0.347723007 0.401216
vt 0.346437007 0.392731011
vt 0.346403003 0.392688006
vt 0.346408993 0.392742008
vt 0.345530003 0.395114988
vt 0.345569015 0.395060986
vt 0.345542014 0.395038992
vt 0.346727014 0.392939001
vt 0.346697986 0.393007994
vt 0.346736014 0.393005013
vt 0.346157998 0.395687997
vt 0.346159011 0.395662993
vt 0.346118987 0.395689011
vt 0.343043 0.397433996
vt 0.343075991 0.397390008
vt 0.343041003 0.397374988
vt 0.346617013 0.39278999
vt 0.346565008 0.392793
vt 0.346617997 0.392868996
vt 0.345131993 0.395835996
vt 0.34504199 0.395880997
vt 0.345126003 0.395911992
vt 0.346742988 0.392623991
vt 0.346695006 0.392637014
vt 0.346742004 0.392711014
vt 0.346264988 0.392773002
vt 0.346235991 0.392764002
vt 0.346217006 0.392834991
vt 0.346792012 0.396988004
vt 0.346763015 0.396955997
vt 0.346758008 0.396995008
vt 0.344996005 0.395554006
vt 0.344909012 0.395594001
vt 0.344994992 0.395603001
vt 0.344994992 0.395603001
vt 0.344909012 0.395594001
vt 0.344906002 0.395633012
vt 0.348628014 0.39340499
vt 0.348625004 0.393352985
vt 0.348601997 0.393395007
vt 0.346455008 0.395491987
vt 0.346583009 0.395489991
vt 0.346471995 0.39546299
vt 0.346471995 0.39546299
vt 0.346583009 0.395489991
vt 0.346587986 0.395451993
vt 0.347205997 0.392432004
vt 0.347232014 0.39250499
vt 0.347250015 0.392435998
vt 0.346421003 0.39250499
vt 0.346415997 0.392610013
vt 0.346435994 0.39251399
vt 0.346457005 0.395601988
vt 0.346534997 0.395695001
vt 0.346549004 0.395669997
vt 0.346585989 0.392933995
vt 0.346603006 0.393002003
vt 0.346628994 0.392928988
vt 0.346628994 0.392928988
vt 0.346603006 0.393002003
vt 0.346652001 0.393011004
vt 0.345955014 0.39526099
vt 0.345905006 0.395222992
vt 0.345892012 0.395280004
vt 0.366492003 0.90653801
vt 0.366477996 0.906498015
vt 0.366465002 0.90654099
vt 0.366472989 0.906597018
vt 0.366492003 0.90653801
vt 0.345696002 0.395310998
vt 0.345773995 0.395357996
vt 0.345766008 0.395303994
vt 0.347775996 0.401226997
vt 0.347716987 0.401318997
vt 0.347761989 0.401329994
vt 0.344790995 0.395823002
vt 0.34472999 0.395909011
vt 0.344797999 0.395902008
vt 0.346322 0.392529994
vt 0.346289992 0.392544001
vt 0.346316993 0.392616987
vt 0.346316993 0.392616987
vt 0.346289992 0.392544001
vt 0.346233994 0.392623991
vt 0.345991999 0.395058006
vt 0.345984995 0.395069003
vt 0.346017003 0.395063013
vt 0.346017003 0.395063013
vt 0.345995009 0.395125002
vt 0.34602201 0.395143986
vt 0.346282005 0.395756006
vt 0.346334994 0.395720005
vt 0.346291989 0.395709008
vt 0.365664989 0.906903982
vt 0.365687013 0.906884015
vt 0.365669996 0.906850994
vt 0.365669996 0.906850994
vt 0.365691006 0.90684098
vt 0.365675986 0.906840026
vt 0.365675986 0.906840026
vt 0.365691006 0.90684098
vt 0.365685999 0.90683502
vt 0.346740007 0.392800987
vt 0.346686006 0.392875999
vt 0.346736014 0.392924011
vt 0.346275985 0.39588201
vt 0.346323013 0.39587301
vt 0.346264988 0.39587
vt 0.346264988 0.39587
vt 0.346320003 0.395815998
vt 0.346271992 0.395803005
vt 0.346686006 0.392875999
vt 0.346628994 0.392928988
vt 0.346682996 0.392933995
vt 0.34661901 0.392711997
vt 0.346596003 0.392616004
vt 0.346567988 0.392711014
vt 0.344803989 0.395787001
vt 0.344826996 0.395792007
vt 0.344788998 0.395731986
vt 0.344797999 0.395718008
vt 0.344913989 0.395761013
vt 0.344909012 0.395705014
vt 0.346087009 0.395435989
vt 0.345925003 0.395502001
vt 0.346091002 0.395502001
vt 0.368185014 0.904147983
vt 0.368142992 0.904120028
vt 0.368153006 0.904150009
vt 0.345941007 0.395121008
vt 0.345889002 0.394993007
vt 0.345863014 0.395155013
vt 0.348006994 0.401170999
vt 0.347891986 0.40120399
vt 0.347999007 0.401230007
vt 0.349157989 0.393429011
vt 0.349072993 0.393388003
vt 0.349049985 0.393424988
vt 0.347871006 0.398102999
vt 0.347847998 0.398021996
vt 0.347833991 0.398104995
vt 0.348453999 0.392006993
vt 0.348935008 0.392675996
vt 0.348466992 0.391911
vt 0.314094007 0.398656994
vt 0.314085007 0.398653001
vt 0.314085007 0.398654014
vt 0.314451009 0.395613998
vt 0.314440995 0.395624012
vt 0.314466 0.395613015
vt 0.312911004 0.399031013
vt 0.312918007 0.399022996
vt 0.312914997 0.399028987
vt 0.312914997 0.399028987
vt 0.312918007 0.399022996
vt 0.312920004 0.39901799
vt 0.312905014 0.398717999
vt 0.312904 0.398725986
vt 0.312918007 0.398721009
vt 0.313703001 0.398386002
vt 0.313712001 0.398375005
vt 0.313708007 0.398375005
vt 0.313632011 0.398470014
vt 0.313627005 0.398472011
vt 0.313627988 0.398481995
vt 0.315744996 0.395963997
vt 0.315746009 0.395998001
vt 0.315784007 0.395978004
vt 0.315793991 0.396008998
vt 0.315793008 0.395992994
vt 0.315784007 0.395978004
vt 0.312620014 0.398707002
vt 0.312626004 0.398701012
vt 0.312620014 0.398701996
vt 0.313814014 0.398110986
vt 0.313816011 0.398113996
vt 0.313814998 0.398108989
vt 0.313746989 0.398378015
vt 0.313744992 0.398373991
vt 0.313733995 0.398373991
vt 0.313850999 0.398259014
vt 0.313840985 0.398254007
vt 0.313840985 0.398254991
vt 0.345214009 0.401569992
vt 0.345205009 0.401565999
vt 0.345198989 0.401576012
vt 0.313699007 0.397915989
vt 0.313686997 0.397920012
vt 0.313685 0.397924989
vt 0.314363003 0.395868987
vt 0.31437099 0.395866007
vt 0.314359993 0.395857006
vt 0.315807998 0.395947993
vt 0.315842003 0.395967007
vt 0.315807998 0.395934999
vt 0.314195007 0.400453001
vt 0.314155012 0.400433004
vt 0.314155012 0.400458008
vt 0.313850999 0.398259014
vt 0.313827008 0.398312002
vt 0.313838989 0.398315996
vt 0.366443992 0.904340982
vt 0.366456002 0.904374003
vt 0.366463006 0.904368997
vt 0.312723994 0.398882985
vt 0.312658995 0.398844987
vt 0.313320994 0.399266988
vt 0.314321995 0.395565987
vt 0.314336985 0.395516008
vt 0.314325988 0.395514011
vt 0.312828988 0.39872399
vt 0.312830001 0.398799002
vt 0.312837005 0.398725003
vt 0.314099014 0.398611993
vt 0.314085007 0.398653001
vt 0.314094007 0.398656994
vt 0.313753992 0.39842099
vt 0.313710004 0.398427993
vt 0.313771993 0.398431987
vt 0.365435988 0.906776011
vt 0.365752012 0.906323016
vt 0.365734994 0.906316996
vt 0.314570993 0.400009006
vt 0.314577013 0.400058001
vt 0.314595014 0.400009006
vt 0.314446986 0.398642987
vt 0.314464986 0.398698002
vt 0.314478993 0.398620009
vt 0.368063986 0.90455699
vt 0.368065 0.904495001
vt 0.368055999 0.904496014
vt 0.314577997 0.399973005
vt 0.314604998 0.399980009
vt 0.314601988 0.399967998
vt 0.313685 0.397924989
vt 0.313672006 0.398036987
vt 0.313699007 0.397915989
vt 0.346147001 0.401178986
vt 0.346127987 0.401212007
vt 0.346150011 0.401216
vt 0.316891015 0.396441013
vt 0.314195991 0.395790011
vt 0.314172 0.395799994
vt 0.316437006 0.396506011
vt 0.316451997 0.396539003
vt 0.31646499 0.396530986
vt 0.312629998 0.399033993
vt 0.312642992 0.39904201
vt 0.313327014 0.399441004
vt 0.313535988 0.398487002
vt 0.313533992 0.398539007
vt 0.313549012 0.398483992
vt 0.313706011 0.398364991
vt 0.313670993 0.398364007
vt 0.313701004 0.398375005
vt 0.316617012 0.397159994
vt 0.313962013 0.398777008
vt 0.316657007 0.397154987
vt 0.31446901 0.398589998
vt 0.314471006 0.398615986
vt 0.314480007 0.398597002
vt 0.31259799 0.398782998
vt 0.312573999 0.398714006
vt 0.312586993 0.398788005
vt 0.312835991 0.398649007
vt 0.312828004 0.398606986
vt 0.312826991 0.398656011
vt 0.313989997 0.398741007
vt 0.314006001 0.398777008
vt 0.314007014 0.398730993
vt 0.312597007 0.398694009
vt 0.312601 0.398660988
vt 0.312575996 0.398689985
vt 0.314476997 0.395689994
vt 0.314527005 0.395678014
vt 0.31448099 0.39568001
vt 0.312563002 0.399116009
vt 0.313107997 0.399399012
vt 0.312561989 0.399091005
vt 0.349855989 0.400498003
vt 0.349808991 0.40050301
vt 0.349869013 0.400507987
vt 0.313510001 0.397996008
vt 0.313513011 0.397953987
vt 0.313501 0.398003995
vt 0.314363003 0.395868987
vt 0.314328998 0.395879
vt 0.314363003 0.395880997
vt 0.368193001 0.905265987
vt 0.368227005 0.905304015
vt 0.368209004 0.905264974
vt 0.312629998 0.398770988
vt 0.312620014 0.398707002
vt 0.312617987 0.398773015
vt 0.314090997 0.398936003
vt 0.314060986 0.39903599
vt 0.314071 0.399046004
vt 0.313753992 0.39842099
vt 0.313757002 0.398371994
vt 0.313733995 0.398373991
vt 0.349602997 0.397873014
vt 0.350050002 0.398463011
vt 0.349559009 0.397897005
vt 0.349828005 0.400496006
vt 0.350050002 0.398463011
vt 0.350039005 0.398440987
vt 0.350084007 0.398438007
vt 0.350071996 0.398467004
vt 0.350084007 0.398481995
vt 0.312492013 0.399100989
vt 0.312505007 0.399152994
vt 0.312503994 0.399102002
vt 0.314363003 0.398883998
vt 0.314117014 0.398746014
vt 0.314417005 0.398865998
vt 0.345203996 0.401641011
vt 0.345225006 0.40170899
vt 0.345216006 0.401641011
vt 0.314280003 0.398557007
vt 0.314422011 0.398562014
vt 0.314415008 0.398543
vt 0.313933998 0.398364991
vt 0.31406799 0.395817012
vt 0.314056993 0.395806015
vt 0.315506011 0.396185011
vt 0.315744996 0.395963997
vt 0.315708995 0.39595601
vt 0.314381987 0.398755997
vt 0.314431995 0.398737997
vt 0.31437999 0.398730993
vt 0.313443005 0.398070991
vt 0.314981014 0.397870004
vt 0.314994991 0.397825986
vt 0.313681006 0.398544997
vt 0.31367901 0.398481995
vt 0.313672006 0.398543
vt 0.315807998 0.395947993
vt 0.315762997 0.39595601
vt 0.315784007 0.395978004
vt 0.313529015 0.398023993
vt 0.313510001 0.397996008
vt 0.313501 0.398003995
vt 0.349855989 0.400498003
vt 0.349878997 0.400485009
vt 0.349855006 0.400485009
vt 0.345203996 0.401641011
vt 0.345214009 0.401569992
vt 0.345196009 0.401576012
vt 0.313418001 0.398463011
vt 0.313466996 0.398402005
vt 0.313452005 0.398398012
vt 0.349559009 0.397940993
vt 0.349599987 0.397926003
vt 0.349559009 0.397915989
vt 0.345840007 0.395489991
vt 0.345800996 0.395424992
vt 0.348609 0.393532991
vt 0.314431995 0.398737997
vt 0.314453006 0.398694009
vt 0.314446986 0.398642987
vt 0.346053988 0.401612997
vt 0.34472999 0.396037996
vt 0.344797999 0.395971
vt 0.313695014 0.398207992
vt 0.313686997 0.398229986
vt 0.31377399 0.398185998
vt 0.365745008 0.906186998
vt 0.365729004 0.906202972
vt 0.365756989 0.906244993
vt 0.349855989 0.400498003
vt 0.349054009 0.396618992
vt 0.349808991 0.40050301
vt 0.345995009 0.395125002
vt 0.345984995 0.395069003
vt 0.347932011 0.393105
vt 0.34651199 0.395947993
vt 0.348609 0.393532991
vt 0.34643501 0.395779997
vt 0.349162012 0.396627992
vt 0.346157014 0.395738006
vt 0.346130997 0.395723999
vt 0.344677001 0.398541003
vt 0.344678015 0.398611009
vt 0.344704986 0.398593009
vt 0.344696999 0.398523003
vt 0.349079996 0.393469989
vt 0.349157989 0.393429011
vt 0.349049985 0.393424988
vt 0.349168986 0.393476009
vt 0.345553011 0.395130992
vt 0.345530003 0.395114988
vt 0.345515996 0.395193994
vt 0.345546991 0.395217001
vt 0.345604002 0.395283014
vt 0.345634997 0.395341009
vt 0.345665991 0.395258993
vt 0.34562099 0.395334989
vt 0.348854005 0.393927008
vt 0.348823994 0.393927991
vt 0.348829001 0.393997014
vt 0.348854005 0.393987
vt 0.345618993 0.39498201
vt 0.345591009 0.39496699
vt 0.345580995 0.395009995
vt 0.345609993 0.395018011
vt 0.366843998 0.905897021
vt 0.36687699 0.905867994
vt 0.366843998 0.905855
vt 0.366838008 0.905888021
vt 0.346320003 0.395815998
vt 0.34643501 0.395779997
vt 0.34632799 0.395767003
vt 0.346271992 0.395803005
vt 0.34631899 0.392823994
vt 0.346341997 0.392760009
vt 0.346309006 0.392756999
vt 0.346340001 0.392737001
vt 0.346531004 0.392827988
vt 0.346496999 0.392829001
vt 0.346531987 0.392856985
vt 0.346525013 0.392872989
vt 0.365397006 0.906566024
vt 0.365379989 0.906614006
vt 0.365442991 0.906630993
vt 0.365442991 0.906575024
vt 0.344797999 0.395971
vt 0.345982999 0.401531011
vt 0.346053988 0.401612997
vt 0.34472999 0.395909011
vt 0.366400003 0.904636025
vt 0.366445988 0.904627979
vt 0.366434008 0.904582977
vt 0.366393 0.904583991
vt 0.34859401 0.393402994
vt 0.348598987 0.393451989
vt 0.348605007 0.393453985
vt 0.348628014 0.39340499
vt 0.346374005 0.397527993
vt 0.346363008 0.397401005
vt 0.346332997 0.397464007
vt 0.34633401 0.397533
vt 0.345889002 0.394993007
vt 0.345952988 0.39486599
vt 0.345880002 0.394859999
vt 0.345840007 0.394984007
vt 0.345867008 0.394863009
vt 0.34632501 0.392881006
vt 0.346264988 0.392773002
vt 0.346262008 0.39288801
vt 0.346266001 0.392951012
vt 0.344826996 0.395792007
vt 0.344913989 0.395761013
vt 0.344797999 0.395718008
vt 0.344788998 0.395731986
vt 0.347254992 0.392655998
vt 0.347263992 0.392589003
vt 0.347220987 0.392589986
vt 0.347213 0.392657995
vt 0.367915004 0.905972004
vt 0.367944986 0.905939996
vt 0.367929012 0.905933976
vt 0.367906988 0.905945003
vt 0.344725996 0.395821989
vt 0.34472999 0.395909011
vt 0.344790995 0.395823002
vt 0.344770014 0.395747989
vt 0.34662199 0.395787001
vt 0.346614003 0.395705998
vt 0.346549988 0.395702988
vt 0.346585006 0.395812988
vt 0.345948994 0.395128012
vt 0.345986009 0.395135999
vt 0.345995009 0.395125002
vt 0.347932011 0.393105
vt 0.347162992 0.394713014
vt 0.34720999 0.394730985
vt 0.34720999 0.394632012
vt 0.347160995 0.394591987
vt 0.348006994 0.401170999
vt 0.346637011 0.395536989
vt 0.346590012 0.395509005
vt 0.347882986 0.401113987
vt 0.364982009 0.908007026
vt 0.365022004 0.908006012
vt 0.36502701 0.907959998
vt 0.364975005 0.907959998
vt 0.346361011 0.392515987
vt 0.346415997 0.392610013
vt 0.346421003 0.39250499
vt 0.346361995 0.392432004
vt 0.314150006 0.39852801
vt 0.312566012 0.399147987
vt 0.312505007 0.399152994
vt 0.314072013 0.398505986
vt 0.346451014 0.392612994
vt 0.347847998 0.398021996
vt 0.347871006 0.398102999
vt 0.346489996 0.392623991
vt 0.344336003 0.397754997
vt 0.345113009 0.401654989
vt 0.345203996 0.401641011
vt 0.344422013 0.397700012
vn 0.689930499 -0.708331347 0.149206609
vn 0.626185358 -0.755282342 0.193495467
vn 0.667509615 -0.728310466 0.154902235
vn -0.501006663 -0.851811409 -0.153002039
vn -0.418006688 -0.878714085 -0.230503693
vn -0.392895639 -0.896190107 -0.206097722
vn 0.18299897 -0.176199004 -0.967194557
vn 0.207801729 -0.150601238 -0.966507971
vn 0.230611145 -0.148507178 -0.961646497
vn 0.11039827 -0.028299557 -0.993484437
vn 0.114498951 -0.0256997626 -0.993090868
vn 0.121601999 -0.030300498 -0.992116272
vn 0.958125353 0.262806982 -0.113703005
vn 0.948641479 0.284712464 -0.13790603
vn 0.951357722 0.276987731 -0.134894013
vn -0.919135094 0.359313697 0.161506176
vn -0.929497302 0.338399023 0.146699563
vn -0.929883182 0.336593926 0.148397312
vn -0.965195298 0.136799335 -0.222898915
vn -0.96727407 0.224993959 -0.117296852
vn -0.986748457 0.159607843 -0.0292014349
vn -0.993909121 0.0878008157 -0.0666006133
vn -0.889065146 0.448482424 -0.0917963982
vn 0.937708199 -0.231002033 0.259502262
vn 0.943700969 -0.256900281 0.208400205
vn 0.967102766 -0.22030063 0.127200365
vn 0.219203219 -0.400005877 0.889913082
vn 0.21109502 -0.40879035 0.887879074
vn 0.159395382 -0.293191493 0.942672729
vn 0.347088575 -0.330489129 0.877671063
vn 0.341700554 -0.301300466 0.890201449
vn -0.537390351 0.808285475 -0.240595669
vn -0.595207632 0.770309806 -0.228802919
vn -0.752678394 0.658381104 0.00309991115
vn 0.460216999 -0.873232186 -0.160205901
vn 0.697810829 -0.709111035 -0.10110157
vn 0.637499869 -0.762899876 0.107599989
vn -0.921203017 -0.356701165 -0.1554005
vn -0.9188025 -0.354000986 -0.174600482
vn -0.874269783 -0.4805834 0.068497628
vn -0.903396189 -0.379098386 -0.200399145
vn -0.827714086 -0.505708575 -0.243204132
vn -0.00549997995 -0.983596444 -0.180299342
vn -0.00799975544 -0.983469903 -0.180894449
vn -0.0180002172 -0.981111825 -0.192602307
vn 0.939592242 0.246497959 -0.237498045
vn 0.957080305 0.0832982883 -0.277594298
vn 0.935822725 0.193804711 -0.294407129
vn 0.310605735 0.107701987 0.944417477
vn 0.236308262 -0.0959033519 0.966933787
vn 0.301898301 -0.0722995922 0.950594664
vn -0.949953496 0.303717136 -0.0731041208
vn -0.973037422 0.220208481 -0.0686026439
vn -0.97745949 0.209491313 0.0261989143
vn -0.988776088 -0.140896603 -0.0496987998
vn -0.988967359 -0.110196367 0.0989967287
vn -0.986709535 -0.131901279 0.0949009135
vn 0.857167959 0.460382789 0.230891362
vn 0.908010304 0.395004511 0.139601573
vn 0.833740115 0.469922632 0.289913952
vn 0.995183647 -0.0598990172 0.0775987282
vn 0.970184624 0.0330994762 0.240096197
vn 0.999467432 -0.0321989506 0.00529982708
vn -0.294391483 0.921973288 -0.251592696
vn -0.398393184 0.916484296 -0.0365993753
vn -0.289511114 0.917235255 -0.273610502
vn -0.856300652 0.512100399 0.0671000555
vn -0.86203903 0.49522242 0.107904889
vn -0.815189004 0.549392581 0.183397532
vn 0.653964341 0.551769912 0.517571807
vn 0.653964341 0.551769912 0.517571807
vn 0.653964341 0.551769912 0.517571807
vn -0.903138936 -0.327014089 0.278211981
vn -0.915659547 -0.291187137 0.277087748
vn -0.975186765 -0.101398624 0.196797326
vn 0.0374990702 -0.252093762 0.966976047
vn 0.11260239 -0.261105508 0.958720326
vn -0.0051001017 -0.214004263 0.976819456
vn -0.0745005533 -0.0320002362 -0.99670732
vn -0.106001459 -0.010200141 -0.994313717
vn -0.085196659 0.00249990192 -0.996360958
vn -0.33638981 -0.938771546 0.0744977519
vn -0.337300688 -0.930701911 0.141500294
vn -0.265501082 -0.959003866 0.0991004035
vn -0.122195855 -0.943867981 -0.306889594
vn -0.156397775 -0.942986608 -0.293795824
vn -0.152106509 -0.966141403 -0.208408937
vn 0.85538584 0.425992936 0.294695109
vn 0.792188823 0.524792552 0.311495632
vn 0.783979952 0.541486144 0.303592265
vn 0.949718714 -0.297305882 -0.0982019305
vn 0.925427318 -0.378811181 -0.00930027477
vn 0.929677963 -0.355291575 -0.0972976908
vn 0.927769005 -0.370587587 -0.0436985381
vn 0.941796005 -0.334798574 -0.03049987
vn -0.0454989932 0.0192995742 -0.998777926
vn -0.0587005876 0.0336003378 -0.99770999
vn -0.0436994694 0.0624992438 -0.997087896
vn -0.939615071 0.341205478 -0.0265004262
vn -0.884389043 0.45469436 0.105398692
vn -0.911293924 0.380897462 0.156398952
vn 0.319298297 0.236398727 0.917695105
vn 0.327290684 0.157095522 0.931773424
vn 0.35099709 0.23659803 0.905992508
vn -0.09680143 0.0923013613 0.991014659
vn -0.193590596 0.106794812 0.975252628
vn -0.245009288 0.0479018167 0.968336701
vn 0.933395028 -0.0158999171 0.358498096
vn 0.775286973 -0.0122997919 0.631489396
vn 0.893482029 -0.110897772 0.435191274
vn 0.989048481 0.139906853 -0.0470023006
vn 0.997738123 0.0665025413 -0.00980037451
vn 0.959296644 0.24879913 0.133599535
vn 0.984398305 0.0669998899 -0.162699729
vn 0.983540237 0.155806378 -0.0915037468
vn 0.986017764 0.161102891 -0.0426007658
vn 0.99049288 0.0621995553 0.122699119
vn 0.954610467 0.268902957 -0.128101408
vn 0.959480107 0.278994232 -0.0394991823
vn 0.970486403 0.237696677 -0.0406994298
vn -0.579779506 0.804271579 0.130395383
vn -0.510712206 0.850820363 0.123602964
vn -0.563374341 0.820962667 0.0928957835
vn -0.992841482 0.0874036476 0.0814034045
vn -0.993119955 0.0833016708 0.0823016539
vn -0.993956685 0.0240989495 0.107095338
vn -0.919402897 -0.335301071 0.205600634
vn -0.993608952 -0.104200929 -0.0434003919
vn -0.994273245 -0.0999973118 -0.0376989879
vn 0.138899758 -0.143199757 -0.979898334
vn 0.119494274 -0.201590344 -0.972153425
vn 0.102996245 -0.227291703 -0.968364656
vn -0.98723942 -0.148805931 0.0567022599
vn -0.989742577 -0.141906112 0.0165007096
vn -0.985085487 -0.17039749 0.0238996483
vn -0.0769032687 -0.0546023212 -0.995542347
vn -0.0828002691 -0.0818002671 -0.993203282
vn -0.0355991237 -0.0597985275 -0.997575462
vn 0.426603258 0.0245001856 0.904106915
vn 0.340299636 -0.0148999849 0.940199018
vn 0.426498801 -0.0127999643 0.904397488
vn -0.828802705 -0.525201738 0.19300063
vn -0.762413681 -0.623811185 0.17200309
vn -0.807867467 -0.557077587 0.192392245
vn 0.125506595 -0.0167008787 -0.99195224
vn 0.128700659 -0.0235001184 -0.99140501
vn 0.128404424 -0.0311010703 -0.991234124
vn 0.126803622 0.962727547 0.238906845
vn 0.105398342 0.973884642 0.201096833
vn 0.121995457 0.961564183 0.245990857
vn -0.608693361 0.774891555 -0.170398131
vn -0.617118299 0.75732249 -0.213606343
vn -0.663602889 0.731403172 -0.157100677
vn 0.151506171 0.970739543 0.186307579
vn 0.157098398 0.980289996 0.119798772
vn 0.160995364 0.970772028 0.177994877
vn 0.0138004245 -0.0524016134 -0.998530746
vn 0.00259996625 0.0043999427 -0.999987006
vn 0.244198278 0.278098047 -0.928993404
vn -0.996242046 0.0230009705 -0.0835035145
vn -0.999335825 0.0108003877 -0.0348012485
vn -0.99007833 -0.0168996286 -0.139496952
vn 0.851239204 0.201809302 0.484422326
vn 0.808196366 0.194699124 0.555797517
vn 0.868749678 0.198511347 0.453725964
vn -0.989794195 -0.0265998431 0.139999181
vn -0.994909942 0.0463004671 0.0895008966
vn -0.961805642 -0.0850005001 0.260201544
vn -0.0570975356 0.431381345 0.900361061
vn -0.236900091 0.519300163 0.821100295
vn -0.0936036631 0.46841833 0.878534377
vn -0.889895797 -0.332498431 0.312298506
vn -0.902964592 -0.306987971 0.300688207
vn -0.854817748 -0.371607721 0.362207532
vn 0.102195024 -0.149592727 -0.983452141
vn 0.102604881 -0.142606795 -0.984446824
vn 0.105101518 -0.152402207 -0.982714236
vn -0.969254315 -0.10229519 0.223789454
vn -0.972151756 -0.0996950567 0.212089479
vn -0.982747078 -0.0853040889 0.164107859
vn 0.99541384 -0.0569007881 0.0769010633
vn 0.980829358 -0.074402228 0.180105388
vn 0.988611877 -0.0172002055 0.149501786
vn -0.365100205 0.804900467 -0.467800289
vn -0.288793832 0.817682564 -0.497989357
vn -0.288003027 0.809008598 -0.512405455
vn -0.0408991054 -0.989878416 0.13589704
vn -0.0567014143 -0.987224698 -0.148903713
vn -0.103104502 -0.994543433 -0.0159006957
vn -0.0141994953 0.944366455 0.328588337
vn -0.115304485 0.948136866 0.296211541
vn -0.0678996444 0.962594986 0.262298644
vn 0.161600798 -0.0957004875 0.982204974
vn 0.228203133 -0.149202064 0.962113261
vn 0.192597941 -0.147098437 0.970189631
vn -0.993104517 -0.114600524 0.0247001145
vn -0.997962117 -0.00519980257 -0.0635975823
vn -0.988474429 -0.151096076 -0.00939975679
vn -0.0191996992 -0.938885212 -0.343694568
vn -0.0287003089 -0.933010101 -0.358703882
vn -0.0193997417 -0.938587487 -0.344495416
vn -0.141205013 0.100803576 0.984834909
vn -0.0705984011 0.0872980207 0.993677437
vn -0.11780604 0.0341017507 0.992450893
vn -0.831836998 -0.501822352 0.237110555
vn -0.901522875 -0.397810102 0.170304328
vn -0.888102412 -0.440701187 0.130600348
vn 0.0846016854 0.104502082 -0.990919709
vn 0.0713984072 0.0593986735 -0.995677769
vn 0.0618014969 0.101402462 -0.992924094
vn 0.273393989 0.760183275 0.589387
vn 0.300989687 0.762673855 0.572480321
vn 0.256091833 0.759575725 0.5978809
vn -0.940406263 -0.339602262 0.0175001174
vn -0.944314599 -0.275704265 0.179602787
vn -0.958707929 -0.270402223 0.0881007314
vn -0.997521818 -0.0540011823 -0.045100987
vn -0.994297206 -0.103599712 -0.0252999291
vn -0.995139599 0.0191007592 0.0966038406
vn -0.0519019887 -0.107604131 -0.992838085
vn -0.081601955 -0.0752017945 -0.993823767
vn -0.0694016367 -0.1312031 -0.988923311
vn -0.886678219 0.454488844 0.0850979164
vn -0.81608367 0.572888494 0.076198481
vn -0.880532622 0.469617367 0.0642023757
vn 0.990722835 -0.133503065 0.0254005846
vn 0.966184378 -0.255095869 -0.0375993922
vn 0.983598828 -0.0752999112 0.163899794
vn 0.508595705 0.128298923 0.851392865
vn 0.543180883 0.101396427 0.833470643
vn 0.593692601 0.121998481 0.795390129
vn -0.400806218 -0.879813671 -0.255503953
vn -0.380096555 -0.881992042 -0.278597504
vn -0.297694713 -0.924183667 -0.239295766
vn -0.968412936 -0.124401651 0.216102883
vn -0.994857073 0.0425981581 0.0918960348
vn -0.990573227 -0.135796338 0.0179995131
vn -0.993552089 -0.0388981216 -0.106494866
vn -0.978550434 -0.186690539 -0.087095581
vn -0.995185196 -0.0938986093 0.0280995835
vn 0.777511001 -0.493406981 -0.389905512
vn 0.822141409 -0.467966646 -0.324176908
vn 0.744300306 -0.530800164 -0.40530017
vn -0.0554003008 -0.978105366 -0.200601101
vn -0.0556992255 -0.984686375 -0.1651977
vn -0.054399915 -0.988698423 -0.139699787
vn 0.248498708 -0.968195021 0.0290998518
vn 0.155307606 -0.986048222 -0.0599029288
vn 0.217409298 -0.976041794 -0.00870037265
vn 0.947961926 0.305487722 0.0896963924
vn 0.966452003 0.242513046 0.0846045464
vn 0.953161538 0.298787951 0.0469981022
vn 0.950359344 0.298687249 0.0871962756
vn 0.962619841 0.266405493 0.0489010103
vn 0.963298023 0.262399465 0.0565998852
vn -0.998535037 -0.0346012153 0.0416014604
vn -0.991140306 -0.130705327 -0.0236009602
vn -0.993108869 -0.109600976 0.0415003709
vn -0.996432543 -0.0580018945 -0.0613019988
vn -0.98520112 -0.171400189 0.000900001032
vn -0.975285292 0.0955985561 0.199196994
vn -0.985838234 0.128204957 0.108104184
vn -0.994799972 0.0736000016 0.0703999996
vn -0.971753776 0.187591076 0.14319317
vn -0.987008512 0.0630005449 0.147801265
vn -0.0899027959 0.119703725 -0.988730729
vn 0.0583023131 0.137105435 -0.988839209
vn 0.289610118 0.039401371 -0.956333339
vn 0.588294804 0.75619334 -0.286497474
vn 0.590105772 0.758207381 -0.277302712
vn 0.543683767 0.805076003 -0.237192944
vn -0.936170578 0.307490319 0.170394629
vn -0.919879675 0.351492226 0.17399615
vn -0.905298769 0.383999467 0.181599751
vn -0.919216275 -0.389906913 0.054900974
vn -0.889128745 -0.444314361 0.109703548
vn -0.914844394 -0.343116671 0.212910339
vn -0.90008533 -0.434392899 0.0338994488
vn -0.906772852 -0.389588356 0.161195174
vn -0.317207515 0.00800018944 -0.948322415
vn -0.363085568 0.0302987974 -0.93126303
vn -0.325603962 0.0700008497 -0.942911446
vn 0.969032288 0.201806739 -0.142304733
vn 0.898312926 0.345504969 -0.271403909
vn 0.914981782 0.343993157 -0.210895792
vn 0.927324414 0.280907422 -0.247306511
vn 0.938077629 0.291493058 -0.187195539
vn -0.995260179 -0.0413983464 -0.0879964828
vn -0.99275583 -0.0863961577 -0.0834962875
vn -0.993185401 -0.0570991635 -0.101598501
vn 0.942880213 0.130297258 -0.306593567
vn 0.929179668 0.0595986992 -0.364792019
vn 0.941320419 0.138903007 -0.307606667
vn 0.969652474 0.228788793 -0.0861957744
vn 0.966977954 0.234294653 -0.100297712
vn 0.975745738 0.197409257 -0.0946044326
vn 0.986824036 0.140003413 0.0811019763
vn 0.963477135 0.241794243 -0.115097262
vn 0.994184196 0.102798365 0.0320994891
vn 0.996670902 0.080797635 -0.0108996825
vn 0.997083127 0.0666988641 -0.0370993726
vn 0.976988494 0.141498327 -0.159598127
vn 0.982414544 0.150502235 -0.11050164
vn 0.553224683 0.832037151 -0.0407018177
vn 0.535705626 0.843408823 -0.0410004295
vn 0.538476706 0.842363536 -0.0215990655
vn 0.136702791 0.0195003971 -0.990420163
vn 0.144799605 0.0802997872 -0.986197293
vn 0.164294034 0.0296989214 -0.985964179
vn -0.560295343 -0.778593481 0.282597631
vn -0.390078992 -0.867853284 0.307683438
vn -0.477221906 -0.81773752 0.321814746
vn 0.212594226 0.886875927 0.410188884
vn 0.183795765 0.902979255 0.388391078
vn 0.160091758 0.901053667 0.403079301
vn 0.32578811 0.22829169 0.917466581
vn 0.358681202 0.243087247 0.901252747
vn 0.365916878 0.298313737 0.881540596
vn 0.925261438 -0.377684265 0.03529853
vn 0.921778679 -0.377691239 0.0875979662
vn 0.930004895 -0.361201912 0.0680003613
vn 0.92149663 -0.382598579 0.0667997524
vn 0.9150998 -0.3831999 0.125499964
vn -0.253505498 0.958920717 -0.127302751
vn -0.316785216 0.947755754 -0.0374982506
vn -0.257696003 0.950485229 -0.173697293
vn -0.953016579 -0.302905262 -0.00280004856
vn -0.963709593 -0.266502649 -0.0155001543
vn -0.973285675 -0.229396626 -0.00959985983
vn -0.881800413 -0.447200179 0.149800077
vn -0.915747225 -0.332017124 0.226211667
vn -0.887680769 -0.454890132 0.0713984519
vn -0.312817007 0.11060603 -0.943351388
vn -0.307105154 0.108101815 -0.945515931
vn -0.307506382 0.110402294 -0.945119679
vn 0.929905713 0.363002241 0.0592003651
vn 0.92614156 0.375316828 0.0374016799
vn 0.957828581 0.287208557 0.00870025996
vn 0.577802718 0.0969004557 0.810403824
vn 0.561503291 0.187701106 0.805904686
vn 0.425212562 0.108003199 0.898626566
vn -0.155198947 0.319197834 -0.934893608
vn -0.260501921 0.2990022 -0.918006778
vn -0.218802318 0.372403949 -0.90190959
vn 0.0129991462 -0.780148745 0.625458896
vn 0.0284015145 -0.762440681 0.646434486
vn 0.0608014986 -0.805319786 0.589714527
vn 0.905614555 -0.314605057 0.284404546
vn 0.906703949 -0.312001377 0.283801258
vn 0.908536673 -0.307812423 0.282511413
vn -0.975347519 0.181508839 0.125506118
vn -0.988761961 -0.143594474 0.0415983982
vn -0.979171038 0.0117996512 0.202694014
vn -0.102599151 0.291697592 0.950992107
vn -0.102002442 0.208804995 0.972623229
vn -0.219395563 0.212195709 0.95228076
vn 0.0184994228 0.279491305 0.959970057
vn 0.00640028855 0.0739033297 0.997244954
vn 0.285312802 -0.0937042087 0.953842819
vn 0.335485399 -0.0430981256 0.941059053
vn 0.296794653 -0.162097096 0.941083133
vn 0.0459982306 0.193292558 -0.980062306
vn -0.00439996133 0.185198367 -0.982691348
vn 0.0297993682 0.180196181 -0.983179212
vn 0.0839969441 0.940765798 -0.328488052
vn 0.0859983265 0.953581393 -0.288594365
vn 0.0877967626 0.937765419 -0.335987598
vn 0.989282489 -0.0171996951 -0.144997418
vn 0.977920294 0.17540364 -0.113602355
vn 0.999478281 0.0322992988 -0.000299993495
vn -0.382406771 -0.282604963 0.879715562
vn -0.332095742 -0.271296501 0.903388381
vn -0.366309106 -0.250206262 0.896222353
vn 0.809067547 -0.582676649 -0.0767969266
vn 0.786505103 -0.617403984 0.0149000967
vn 0.834306479 -0.54800427 -0.060200464
vn 0.313497245 0.280897528 0.907092094
vn 0.214998499 0.212598503 0.953193307
vn 0.305117428 0.178410202 0.935453475
vn 0.749000907 -0.3194004 0.580500662
vn 0.737822056 -0.366210967 0.567016959
vn 0.762628198 -0.317911744 0.563320816
vn 0.0277006738 -0.859720886 -0.510012388
vn 0.0583020858 -0.857530713 -0.511118293
vn 0.0715986937 -0.812185228 -0.578989446
vn 0.99736625 -0.0152994823 0.0708976015
vn 0.947995543 -0.272598714 0.16429922
vn 0.979757726 -0.174392477 0.0982957557
vn 0.982243955 0.184789464 -0.0323981531
vn 0.977699757 0.205599949 -0.0427999906
vn 0.969942868 0.234710366 -0.0642028376
vn 0.969367862 0.0159994699 -0.245091885
vn 0.963051379 0.200410679 -0.179909617
vn 0.965357602 0.0557033233 -0.254915237
vn -0.705999672 0.639599681 -0.304099888
vn -0.719500124 0.633500099 -0.284600049
vn -0.70866549 0.647568464 -0.280086339
vn -0.100699231 -0.994392455 -0.0322997533
vn -0.113501444 -0.993012607 -0.0323004089
vn -0.119195782 -0.99276489 -0.0144994874
vn 0.98842597 0.0713018775 0.133903533
vn 0.975327134 0.148004115 0.163804561
vn 0.969616354 0.0929015651 0.226303801
vn 0.952681601 0.289394408 -0.0929982066
vn 0.920904756 0.372001916 -0.116400614
vn 0.994577527 0.103997655 0.000399990939
vn 0.955690503 0.253997505 -0.148798525
vn 0.968423605 0.242105901 -0.0595014542
vn 0.966258407 0.124494635 0.225490287
vn 0.961932123 0.172205746 0.212207094
vn 0.963047981 0.133506641 0.233911648
vn 0.739992619 -0.66059339 -0.126598731
vn 0.759677887 -0.644681215 -0.08529751
vn 0.765039742 -0.635933042 -0.101505265
vn -0.0569979101 0.938265622 0.341187477
vn -0.0648990721 0.942586482 0.327595294
vn 0.0733971372 0.922364056 0.379285216
vn 0.382902294 0.594703555 0.706904233
vn 0.421387017 0.585581958 0.692478657
vn 0.414885938 0.592779875 0.690276563
vn 0.960277498 0.267393708 0.0797981322
vn 0.966416359 0.250304222 0.0582009852
vn 0.957705975 0.282501757 0.0547003411
vn -0.176298395 0.978591084 0.106199034
vn -0.054002773 0.987450719 0.148407608
vn -0.0332003087 0.987309158 0.155301452
vn 0.619889319 0.761786878 -0.188196763
vn 0.593387604 0.766083956 -0.246994838
vn 0.585809171 0.78091228 -0.216803417
vn 0.63782841 -0.750633419 0.172407672
vn 0.616705 -0.768106222 0.172301382
vn 0.653426051 -0.733629286 0.18660745
vn -0.73818773 0.662988961 0.124597922
vn -0.727174699 0.646277547 0.231391951
vn -0.798575163 0.548882902 0.246992305
vn 0.210206062 0.128103688 0.96922797
vn 0.256510586 0.177307323 0.950139225
vn 0.247792676 0.202694014 0.947372019
vn -0.996556759 0.036398422 0.0744967759
vn -0.995962799 -0.0313988253 0.0840968564
vn -0.992304623 -0.0884004161 0.0867004097
vn -0.974246383 -0.196389183 0.110793896
vn -0.962432623 -0.164905593 0.215707302
vn -0.971295476 -0.105099507 0.213399008
vn -0.395488799 -0.0589983314 -0.916574001
vn -0.391805828 -0.105201572 -0.914013624
vn -0.407696396 -0.0704993755 -0.910391927
vn -0.996545017 -0.00290013105 -0.0830037445
vn -0.998393953 -0.00919994432 -0.0558996648
vn -0.991893947 -0.119499266 -0.0431997366
vn 0.230694368 0.130196825 0.964276433
vn 0.152608246 0.0649035051 0.986153245
vn 0.235095948 0.17719695 0.955683529
vn -0.102602892 -0.0242006816 -0.994428039
vn 0.00139997853 -0.0206996854 -0.999784768
vn -0.0672017708 -0.064901717 -0.995626211
vn -0.430981696 -0.85036391 0.301887184
vn -0.277693421 -0.872979343 0.400990486
vn -0.498109967 -0.822516441 0.274505496
vn -0.735181808 -0.605985045 0.303792477
vn -0.735181808 -0.605985045 0.303792477
vn -0.735181808 -0.605985045 0.303792477
vn -0.968642533 0.186108172 0.164607242
vn -0.890718818 0.417308807 0.180203795
vn -0.918617487 0.212404042 0.333206326
vn -0.953673244 0.297291666 0.0460987054
vn -0.953429461 0.29760921 0.0490015149
vn -0.948502481 0.310400844 0.0632001609
vn -0.994462192 0.0208992064 -0.102996089
vn -0.984536946 -0.0591022186 -0.164906204
vn -0.968160808 -0.181792632 -0.172093034
vn -0.668527186 0.714729071 -0.205508381
vn -0.682815552 0.707916081 -0.1806041
vn -0.643597603 0.749297202 -0.155999422
vn 0.995480776 0.0526989847 0.0789984763
vn 0.997755587 0.0476978756 0.0469979085
vn 0.983338177 0.0594023094 0.171806678
vn -0.116496988 0.444288522 0.888277054
vn -0.311106354 0.350407153 0.883418083
vn -0.230805099 0.350907743 0.907520056
vn -0.992594779 -0.0620996729 -0.10439945
vn -0.996948898 -0.0376018435 -0.0684033558
vn -0.997906685 -0.0372002497 0.0529003553
vn -0.706517458 -0.689717054 -0.15850392
vn -0.712372065 -0.689372957 -0.13149485
vn -0.733216345 -0.668814898 -0.122802742
vn -0.324685246 0.944457054 0.0507976897
vn -0.324685246 0.944457054 0.0507976897
vn -0.318202853 0.947708547 0.0244002193
vn -0.208507568 0.968135118 -0.138705015
vn -0.212504253 0.975519478 -0.0566011332
vn -0.337599099 0.941197515 0.0131999645
vn 0.984270632 0.142595738 -0.104296885
vn 0.972455382 0.218489975 -0.0811962783
vn 0.991119683 0.130202591 -0.0270005353
vn 0.54519695 -0.834395349 -0.0808995515
vn 0.45638752 -0.888575733 0.0462987386
vn 0.528191209 -0.849085927 0.00819986407
vn 0.400098294 0.534597754 0.744396865
vn 0.349178672 0.497869581 0.793851495
vn 0.439884633 0.557980537 0.703675449
vn 0.869468153 0.238891274 0.432384163
vn 0.878615141 0.277104765 0.388906717
vn 0.893372059 0.227292895 0.387587875
vn -0.365917385 -0.898142695 0.243811578
vn -0.348697543 -0.904293656 0.246298268
vn -0.360794783 -0.898487031 0.250096381
vn -0.401402503 0.746904671 -0.530103326
vn -0.542623758 0.779234171 -0.313613743
vn -0.39929679 0.861193061 -0.314497471
vn 0.947609961 0.260402739 0.18500194
vn 0.956010938 0.262403011 0.131101504
vn 0.940540791 0.284812331 0.185108021
vn -0.956798017 0.290699363 0.00559998816
vn -0.950991571 0.308397293 0.0224998016
vn -0.949891329 0.311497182 0.025999764
vn 0.695275724 -0.718674898 0.00989965443
vn 0.697630227 -0.716431081 0.00620026886
vn 0.753768682 -0.653072894 0.072996974
vn 0.542390287 -0.288094819 0.789185822
vn 0.559321105 -0.33001247 0.760428667
vn 0.33089149 -0.186895192 0.92497617
vn 0.541770041 0.262285501 0.798555851
vn 0.48709318 0.235896677 0.840888202
vn 0.459197849 0.243898869 0.854196012
vn -0.770027518 -0.628922462 0.107303835
vn -0.754176021 -0.652779281 0.0713977367
vn -0.803989768 -0.588892519 0.0824989527
vn 0.995969534 0.0694978684 0.0566982664
vn 0.983434618 0.155405462 0.0933032855
vn 0.986132979 0.151205048 0.0684022829
vn 0.305392325 0.0949976072 -0.947476149
vn 0.183498472 0.0770993531 -0.979991794
vn 0.283697516 0.10729906 -0.952891707
vn -0.151795641 -0.616382301 0.772677779
vn -0.115703136 -0.630617142 0.767420888
vn -0.0989019424 -0.553110898 0.827216268
vn -0.156402811 -0.152702764 -0.975817561
vn -0.224196389 -0.168397307 -0.959884584
vn -0.187408492 -0.101304598 -0.977044284
vn -0.256410927 0.965941191 0.0348014832
vn -0.303111583 0.942835987 0.138505295
vn -0.230398774 0.966994882 0.10879942
vn -0.00369988359 0.170394644 -0.985369027
vn -0.0210990291 0.175491929 -0.984254718
vn 0.00439996785 0.281697929 -0.959493041
vn 0.0244995598 -0.469891548 -0.882384121
vn -0.0185993779 -0.508482933 -0.860871136
vn 0.00549999997 -0.47419998 -0.880400002
vn -0.724620521 0.684719384 0.078002207
vn -0.717956662 0.69315815 0.0637961477
vn -0.760474622 0.644678473 0.0778973997
vn 0.551784933 -0.0134996315 0.833877206
vn 0.570328116 -0.0112005519 0.821340561
vn 0.527310133 0.00980018824 0.849616349
vn 0.120902844 -0.0969022885 -0.987923324
vn 0.115302853 -0.0986024365 -0.98842442
vn 0.119895153 -0.0946961716 -0.988260031
vn 0.920115888 0.365306318 0.14120245
vn 0.876717806 0.395608038 0.273605555
vn 0.934218228 0.34150669 0.103002012
vn -0.822612703 -0.214703321 0.526508093
vn -0.835916638 -0.0757015049 0.543610871
vn -0.814326286 -0.27370882 0.511816561
vn 0.862529814 -0.489416927 -0.12850444
vn 0.87604773 -0.440724045 -0.195710659
vn 0.894739211 -0.426818728 -0.131405771
vn 0.865281224 -0.375591874 -0.331992775
vn 0.916194797 -0.331198126 -0.225598738
vn -0.374816775 -0.126405641 -0.918441057
vn -0.0836991742 0.0976990312 -0.991690159
vn -0.0836991742 0.0976990312 -0.991690159
vn -0.983079314 -0.171896383 0.063298665
vn -0.982843101 -0.174307644 0.060302645
vn -0.983468175 -0.166794613 0.0704977214
vn -0.949110389 -0.313303441 0.0321003534
vn -0.902607143 -0.331502616 0.274602175
vn -0.975107968 -0.217401788 0.0436003581
vn -0.501899183 0.288199514 0.81549871
vn -0.51578933 0.26719445 0.813983142
vn -0.488017201 0.271209538 0.829629183
vn 0.759493589 -0.634194613 0.144798771
vn 0.776197851 -0.602398336 0.186099499
vn 0.760984242 -0.635386884 0.131097287
vn -0.343800485 -0.0163000226 -0.938901305
vn -0.353315234 -0.0378016308 -0.934740305
vn -0.356598973 -0.017299952 -0.93409735
vn 0.751223564 0.489015311 0.443313897
vn 0.786931455 0.450718015 0.421416849
vn 0.798665464 0.394782931 0.45418036
vn 0.992137849 0.113604337 0.0525020026
vn 0.984413207 0.0675009117 0.162402198
vn 0.992325187 0.118803017 0.0343008712
vn 0.619310856 -0.784613788 -0.028900506
vn 0.638987243 -0.768784642 0.0257994849
vn 0.674100816 -0.738500893 0.0143000176
vn -0.991146505 -0.131692886 0.0168990884
vn -0.997873783 -0.0364990421 0.0539985858
vn -0.87930578 -0.172801152 -0.443802923
vn -0.2804977 0.803293467 -0.525395691
vn -0.385892063 0.789783776 -0.47679019
vn -0.252797753 0.828792632 -0.499195516
vn -0.967649877 -0.250612944 -0.0291015003
vn -0.957671762 -0.209993795 -0.196894184
vn -0.943933189 -0.324711412 -0.0596020967
vn -0.858217895 -0.394808233 0.328006834
vn -0.826133549 -0.461418718 0.323413134
vn -0.85615629 -0.447877169 0.257686853
vn 0.861001551 -0.485700905 -0.150900275
vn 0.879874468 -0.472286314 -0.0525984727
vn 0.869312108 -0.48560676 -0.0921012834
vn 0.878221452 0.415910155 0.236105785
vn 0.880444467 0.415120959 0.229111582
vn 0.880993068 0.413796753 0.229398206
vn -0.0518996827 -0.987093985 -0.151499078
vn -0.111301847 -0.925115407 -0.363006055
vn -0.101205863 -0.948454976 -0.300317407
vn 0.994659841 0.102995843 0.00659973361
vn 0.988552213 0.150792703 0.00509975338
vn 0.989955425 0.133993968 0.0450979695
vn 0.991414845 -0.0120001798 -0.130201951
vn 0.996271729 -0.0173995066 -0.0844976008
vn 0.979489565 -0.0604993552 -0.192197964
vn 0.953173578 0.246793166 -0.174795151
vn 0.948908567 0.273202479 -0.157901436
vn 0.950263858 0.268689781 -0.157494009
vn 0.328808665 -0.0958025232 0.93952477
vn 0.390309423 -0.12380299 0.912321985
vn 0.358992666 -0.0258994699 0.932980955
vn 0.120794639 -0.852262139 0.508977354
vn 0.11620079 -0.910606205 0.39660269
vn 0.0898013562 -0.858312905 0.505207658
vn -0.565777123 0.798567772 0.205391705
vn -0.550574005 0.822361171 0.143493235
vn -0.563592672 0.809589505 -0.16409789
vn -0.664673507 -0.361285597 0.653973937
vn -0.524226487 -0.434421927 0.732437015
vn -0.57636416 -0.274382949 0.769752145
vn 0.524102271 0.216400921 0.823703527
vn 0.497518331 0.224008262 0.838030875
vn 0.523379385 0.23179087 0.819967687
vn 0.0952991918 0.155098692 -0.983291686
vn 0.0563980937 0.176594019 -0.982666731
vn 0.0789036155 0.16130738 -0.983744979
vn 0.742713928 -0.668512523 -0.0383007191
vn 0.743323565 -0.640120268 -0.194206148
vn 0.681408167 -0.726508677 -0.0887010619
vn 0.999655008 0.0216990244 0.0147993341
vn 0.983969748 -0.0736977383 0.162395015
vn 0.991588056 -0.0222997312 0.127498463
vn 0.350992948 0.377792418 0.856782794
vn 0.259889394 0.344585955 0.902063251
vn 0.337705463 0.280404508 0.898514509
vn 0.994619966 0.10350208 0.00430008629
vn 0.997501433 0.0698001012 0.0109000159
vn 0.997638106 0.0472018011 0.0499019027
vn 0.952002943 0.220400676 0.21240066
vn 0.959802628 0.250400692 0.126800343
vn 0.962783098 0.177296892 0.203996405
vn -0.982645273 -0.182589844 -0.0326981768
vn -0.993726373 -0.110702932 -0.0159004219
vn -0.987892807 -0.154898867 0.00859993789
vn 0.198797986 0.9758901 0.0900990814
vn 0.203408971 0.978743136 0.026201155
vn 0.287793547 0.939278901 0.186895803
vn -0.985666454 -0.16619435 -0.028999012
vn -0.990275264 -0.131296724 -0.045998849
vn -0.989697754 -0.140099689 -0.0294999331
vn -0.319597393 -0.891092718 -0.322197348
vn -0.309697479 -0.897492647 -0.313997447
vn -0.312501371 -0.895603955 -0.316601396
vn -0.712690532 0.0601991974 0.698890686
vn -0.571806014 0.033400353 0.819708645
vn -0.668873966 -0.00269989483 0.74337101
vn 0.22389172 0.948264897 0.225091651
vn 0.105000697 0.893505931 0.43660292
vn 0.136597082 0.917480409 0.373592019
vn -0.0598980002 0.970367551 0.234092176
vn -0.0611000173 0.970000267 0.235300064
vn -0.0660001785 0.968402565 0.240500629
vn -0.993725121 0.109802775 0.0213005375
vn -0.995194256 0.0959994495 0.0192998908
vn -0.991097569 0.0829997957 -0.104099743
vn -0.262104154 0.082401298 -0.961515129
vn -0.201992452 0.191592842 -0.96046412
vn -0.215992138 0.182093367 -0.959265053
vn -0.981405199 -0.191801012 0.00750003941
vn -0.960045278 -0.277784169 0.0338980705
vn -0.970318735 -0.223604321 0.0921017826
vn 0.316896737 0.902490616 0.291696966
vn 0.392713457 0.902130961 0.178706124
vn 0.25080514 0.953819513 0.165303379
vn 0.961587548 0.274496466 -0.00109998567
vn 0.954549015 0.296015203 -0.0348017886
vn 0.980378866 0.196595758 0.0143996887
vn 0.618698716 0.760398388 0.197499603
vn 0.66830641 0.727707028 0.154301494
vn 0.650912821 0.749414802 0.121202394
vn 0.98538512 0.169697434 -0.0147997756
vn 0.987292528 0.153398842 -0.0414996855
vn 0.989740372 0.139605686 -0.0304012392
vn -0.105103545 0.0680022985 -0.992133498
vn -0.129998296 0.0584992282 -0.989786983
vn -0.130198091 0.0703989714 -0.988985538
vn -0.605423391 0.787330389 0.116504498
vn -0.609872758 0.781765044 -0.129994184
vn -0.557708263 0.827312291 0.067200996
vn -0.318980962 -0.893146634 0.317081034
vn -0.346617222 -0.873743415 0.341216952
vn -0.351988554 -0.879971385 0.318989635
vn -0.995168447 -0.095996961 -0.0205993485
vn -0.998122513 0.0521011725 0.0322007276
vn -0.998598039 0.0108999787 -0.0517998971
vn 0.997465372 -0.0639977828 0.031098919
vn 0.995900571 -0.0667000413 0.0611000359
vn 0.994766355 -0.0492983349 0.0894969776
vn 0.8941136 -0.447406769 -0.0197002999
vn 0.889163435 -0.457281202 -0.0167993084
vn 0.88702184 -0.46011129 -0.0386009514
vn -0.740028679 -0.646025062 0.18710725
vn -0.821525037 -0.513215601 0.248407573
vn -0.826248467 -0.543431818 0.148308709
vn -0.791996777 -0.586697638 0.168899313
vn -0.742401004 -0.667500913 0.0573000796
vn 0.222010747 -0.974847198 0.0196009483
vn 0.189496353 -0.981881082 -0.000799984555
vn 0.233297259 -0.955788732 -0.178997889
vn 0.99888128 -0.0349993445 -0.0317994058
vn 0.994210005 0.0504005067 -0.0949009508
vn 0.997262478 -0.0585977919 -0.0450983047
vn 0.521287322 -0.850079298 0.0749981776
vn 0.599071205 -0.796361744 0.0831959993
vn 0.509699643 -0.852899373 0.112999909
vn -0.945498705 0.307299584 0.107699849
vn -0.950576663 0.299792647 0.080798015
vn -0.933591187 0.300897181 0.194598153
vn -0.996834219 -0.0604020767 -0.051701773
vn -0.989214718 -0.122301824 -0.0806012005
vn -0.990638852 -0.10860426 -0.0827032402
vn 0.0331005827 0.00830014516 -0.999417543
vn 0.0271008778 0.000800025882 -0.999632359
vn 0.0307005942 0.0043000835 -0.999519348
vn -0.121800169 0.32940048 0.936301291
vn -0.0926974788 0.363490105 0.926974773
vn -0.101203226 0.378312081 0.920129299
vn 0.972290099 -0.18439813 0.143698528
vn 0.981239855 0.150006101 0.121104926
vn 0.994472325 0.0826977044 0.0646982044
vn 0.942440391 -0.3333143 0.0266011413
vn 0.944045186 -0.326215625 0.048602324
vn 0.941459537 -0.332821041 0.0537033975
vn 0.393801928 -0.891004324 -0.225901097
vn 0.375990719 -0.897677839 -0.229794323
vn 0.41020447 -0.884409666 -0.222602427
vn -0.997825801 -0.0637016445 -0.016900437
vn -0.990952969 -0.132293716 -0.0225989278
vn -0.991190851 -0.107399017 -0.0774992853
vn -0.992600977 -0.106400102 -0.0585000552
vn -0.988954306 0.141193479 -0.0450979173
vn -0.488912553 -0.775419891 -0.399610281
vn -0.363820881 -0.87285012 -0.325218678
vn -0.542112231 -0.805718124 -0.23860538
vn 0.997960806 0.0634975061 0.00649974495
vn 0.997140646 0.0610024855 0.0446018167
vn 0.998690546 0.0436995812 0.0265997481
vn -0.98174262 -0.174107552 0.0766033232
vn -0.97093147 -0.203506604 0.126004085
vn -0.988961399 -0.124595135 0.0801968724
vn -0.0227004252 0.821115375 0.570310652
vn 0.0715997741 0.822597444 0.564098239
vn -0.0486996137 0.830493391 0.55489558
vn -0.482801974 0.850103438 0.210300863
vn -0.474197298 0.865795076 0.159799069
vn -0.464219213 0.87383616 0.144605994
vn 0.989207923 -0.146001175 -0.0123000983
vn 0.992821515 -0.119302586 0.00850018486
vn 0.99314487 -0.111805052 0.0341015421
vn -0.75805819 -0.2794846 0.589267492
vn -0.724927902 -0.331112713 0.604023218
vn -0.675927877 -0.393016249 0.623425722
vn -0.628802478 0.773303092 -0.0813003257
vn -0.472500771 0.878601432 0.0693001151
vn -0.635177612 0.771872818 0.0275990274
vn -0.368385881 -0.00399984699 -0.929664373
vn -0.373679698 -0.00389978802 -0.92754966
vn -0.37450707 0.003500066 -0.927217484
vn -0.284205854 0.335306853 -0.898218393
vn -0.289102346 0.234201893 -0.928207576
vn -0.338000894 0.278800756 -0.898902357
vn 0.526495874 -0.749294162 -0.401696831
vn 0.505305648 -0.778208673 -0.372904181
vn 0.447185397 -0.85297209 -0.269191176
vn 0.96972847 0.20600605 0.131103843
vn 0.970621049 0.189004093 0.148903221
vn 0.995524526 0.0887021795 0.0326008014
vn -0.994565487 -0.103696398 -0.00929967687
vn -0.995856464 -0.0901960582 0.0115994932
vn -0.99223727 -0.124204658 -0.00620023254
vn 0.954973996 0.235393599 0.180595085
vn 0.939644337 0.299514115 0.165407807
vn 0.973095059 0.124299377 0.193999007
vn 0.3905164 -0.212908924 -0.895637572
vn 0.394501954 -0.214101076 -0.893604457
vn 0.3905164 -0.212908924 -0.895637572
vn -0.0154997287 0.855185091 0.518090963
vn -0.117899403 0.847095728 0.518197358
vn -0.211201191 0.869704902 0.44610247
vn 0.848270059 -0.529281318 -0.0172993895
vn 0.81218642 -0.583390236 0.00299994973
vn 0.817567587 -0.575777173 -0.0079996828
vn -0.249904901 0.962818921 -0.102602012
vn -0.237890929 0.956863523 -0.166793644
vn -0.109097265 0.983575344 -0.143796399
vn 0.424013317 0.0203006398 0.905428469
vn 0.373289704 0.0885975584 0.92347455
vn 0.383783102 -0.0173992328 0.923259377
vn -0.0997998565 -0.169299766 0.980498612
vn -0.196706742 -0.189206481 0.962032974
vn -0.167394981 -0.186594412 0.968070984
vn -0.840800762 0.539300501 -0.0470000431
vn -0.80890882 0.58790642 0.00570006249
vn -0.797623873 0.601217985 -0.0483014509
vn 0.977649033 0.209610522 0.016300818
vn 0.984520495 0.172903612 0.0287005976
vn 0.98352921 0.179405332 -0.0220006537
vn 0.13980028 0.0805001631 -0.986901999
vn 0.105698556 0.0248996597 -0.994086385
vn 0.115297444 0.0949978903 -0.988778055
vn -0.0406999998 -0.986599982 0.158000007
vn 0.0382011198 -0.971628487 0.233406857
vn -0.0918963552 -0.982960999 0.159193695
vn -0.959673882 -0.217094094 -0.178595141
vn -0.940807223 -0.278902113 -0.192601472
vn -0.93699342 -0.338697612 -0.0855994076
vn -0.874012887 -0.0368005447 -0.484507143
vn -0.892805517 -0.118400738 -0.434602708
vn -0.915554225 -0.0474976264 -0.399380028
vn -0.698471069 -0.581675947 0.416882783
vn -0.792582214 -0.526088178 0.308293074
vn -0.82338655 -0.516991556 0.233996168
vn 0.215006471 -0.0696020871 -0.97412926
vn 0.14180176 -0.0441005491 -0.988912225
vn 0.184006184 0.0311010443 -0.982432961
vn -0.998899579 -0.0366999842 -0.0291999876
vn -0.994155228 -0.103795327 -0.0296986625
vn -0.98452872 -0.174805105 -0.0121003529
vn 0.220000699 0.0608001947 -0.97360307
vn 0.27319774 0.0803993344 -0.958592117
vn 0.269089252 -0.0260989573 -0.962761581
vn -0.975545108 -0.0686961338 0.208788261
vn -0.982204497 -0.0512002297 0.180700824
vn -0.991323948 -0.0252006091 -0.129003108
vn 0.972728372 0.139504075 0.185305402
vn 0.984143496 0.147306517 0.0988043696
vn 0.970695972 0.190799206 0.146099389
vn -0.233500257 0.0494000576 -0.971101046
vn -0.23909536 0.100498058 -0.965781271
vn -0.232098058 0.0902992412 -0.968491912
vn 0.994699359 -0.102699935 0.00509999692
vn 0.998867512 -0.0388987325 0.0273991078
vn 0.984727859 -0.165804699 0.0531015024
vn 0.999463022 0.0212992113 0.0248990804
vn 0.994767666 0.100996725 -0.0153994998
vn 0.997902513 0.0305000767 0.057100147
vn -0.118702061 -0.992917299 -0.00500008697
vn -0.107804529 -0.994041741 -0.0161006767
vn -0.356583834 -0.930857837 -0.0796963945
vn 0.0499010086 -0.975819707 -0.212804303
vn 0.0632968917 -0.986151636 -0.153292477
vn 0.188691586 -0.978756309 -0.0801964179
vn 0.416187823 -0.907773435 0.0522984639
vn 0.400603443 -0.905707836 0.138601214
vn 0.400996953 -0.912393093 0.0820993707
vn -0.953533947 -0.235508382 -0.187906697
vn -0.926536322 -0.359114081 0.112104394
vn -0.961987972 -0.264996678 0.0659991726
vn 0.117097914 0.00869984552 -0.993082285
vn 0.0646008626 0.0528007038 -0.996513307
vn 0.10039755 0.0609985106 -0.993075728
vn -0.567621529 -0.0929035172 0.818031013
vn -0.605119705 -0.118103847 0.787325621
vn -0.581016004 -0.0907024965 0.808822274
vn -0.915858805 -0.217190221 0.33768484
vn -0.956561804 -0.254889816 0.141494349
vn -0.953127086 -0.257607341 0.158704504
vn 0.555498362 0.48419857 0.675998032
vn 0.560068965 0.466874093 0.684362054
vn 0.502505779 0.447405159 0.7398085
vn 0.544380844 -0.713074923 -0.441784441
vn 0.549218893 -0.709024429 -0.442315251
vn 0.546785772 -0.710981488 -0.442188472
vn 0.451212972 0.161804646 -0.877625227
vn 0.425119132 0.123005547 -0.896740377
vn 0.423807353 0.159402758 -0.89161545
vn -0.957742512 -0.226710051 0.177007854
vn -0.988204718 -0.126300603 0.086600408
vn -0.966279745 -0.0720984861 0.247194812
vn -0.443699092 0.0117999772 0.896098197
vn -0.542321503 -0.0352013968 0.839433312
vn -0.424901575 0.043300163 0.904203415
vn -0.906843007 -0.202787265 -0.369476795
vn -0.906843007 -0.202787265 -0.369476795
vn -0.906843007 -0.202787265 -0.369476795
vn 0.596200705 -0.491500527 0.634800732
vn 0.59538871 -0.505990386 0.624088228
vn 0.594994009 -0.511094809 0.620293736
vn 0.0808989182 0.910287797 0.405994564
vn -0.0382994525 0.757689238 0.651490748
vn -0.200695798 0.760384083 0.617687047
vn -0.100004733 -0.993046939 0.0621029399
vn -0.0340009779 -0.984228253 0.173604995
vn -0.124501616 -0.976412654 0.176402286
vn 0.123699665 -0.967397332 0.22099939
vn -0.21288757 -0.793753624 0.5697667
vn -0.254186213 -0.776057839 0.577168643
vn -0.746126771 0.399514318 -0.532619119
vn -0.746126771 0.399514318 -0.532619119
vn -0.746126771 0.399514318 -0.532619119
vn -0.255999893 0.554399788 0.791899621
vn -0.255999893 0.554399788 0.791899621
vn -0.255999893 0.554399788 0.791899621
vn -0.781741917 -0.621233344 0.0543029085
vn -0.781741917 -0.621233344 0.0543029085
vn -0.781741917 -0.621233344 0.0543029085
vn 0.98260051 0.0153000085 -0.185100108
vn 0.98260051 0.0153000085 -0.185100108
vn 0.98260051 0.0153000085 -0.185100108
vn -0.202004224 -0.234404892 0.950919867
vn -0.178199291 -0.24229902 0.953696132
vn -0.173796296 -0.220495299 0.959779501
vn 0.479603052 0.756804824 -0.444102854
vn 0.479603052 0.756804824 -0.444102854
vn 0.479603052 0.756804824 -0.444102854
vn -0.804885626 0.593089461 -0.0200996399
vn -0.804224133 0.590117693 0.070602119
vn -0.787059247 0.607368529 -0.107894406
vn -0.4448888 0.501387358 0.742081285
vn -0.448982865 0.484981507 0.750471413
vn -0.468302071 0.39770177 0.789003491
vn -0.845820963 -0.487112075 -0.217505395
vn -0.929471672 -0.342989564 -0.135795861
vn -0.900034428 -0.365413964 -0.237509087
vn 0.714211702 -0.570709288 0.405206621
vn 0.709322572 -0.575218379 0.407412976
vn 0.71177578 -0.572980523 0.40628621
vn -0.0271001849 0.594004035 -0.804005504
vn -0.0263006054 0.590213537 -0.806818545
vn -0.01440077 0.586331427 -0.809943318
vn 0.280193835 -0.53178829 0.799182415
vn 0.273092985 -0.58888489 0.760680437
vn 0.260804325 -0.64621073 0.717211843
vn 0.447902769 -0.305401921 -0.840305209
vn 0.447902769 -0.305401921 -0.840305209
vn 0.447902769 -0.305401921 -0.840305209
vn 0.881115139 -0.289404988 0.37400645
vn 0.858210504 -0.305203736 0.412705034
vn 0.835070848 -0.312189102 0.452984184
vn 0.873333275 0.247409418 0.419615984
vn 0.82571435 0.166002885 0.539109349
vn 0.858184993 0.265595347 0.439292312
vn 0.12949799 -0.990784645 -0.0396993831
vn 0.129498914 -0.991091669 -0.0310997386
vn 0.124698162 -0.991785407 -0.0284995809
vn -0.731728435 -0.63132453 0.256909996
vn -0.723973095 -0.636776328 0.265290141
vn -0.739187002 -0.619689167 0.263795346
vn 0.920900404 0.211700097 0.327300161
vn 0.938140154 0.157006726 0.308613211
vn 0.910331964 0.410314381 0.0542019047
vn -0.495197296 0.866795242 -0.0586996749
vn -0.507904291 0.858107209 -0.0754006356
vn -0.571891546 0.813887954 -0.102598481
vn 0.55546689 -0.823450983 0.115693115
vn 0.554603279 -0.826604903 0.0956005678
vn 0.574198186 -0.817997515 0.0342998952
vn -0.980285406 -0.160097614 0.115798272
vn -0.991732597 -0.0739024282 0.104903445
vn -0.984541178 -0.144006014 0.0997041687
vn 0.711668193 -0.664970279 0.226589873
vn 0.640978992 -0.735475898 0.219592825
vn 0.668410361 -0.711311042 0.217403382
vn -0.879428506 0.434614092 -0.194206282
vn -0.881792247 0.448796034 -0.144998714
vn -0.861339331 0.476121724 -0.177208096
vn -0.237107947 -0.103703469 -0.965932369
vn -0.24841024 -0.0870035812 -0.96473974
vn -0.239207044 -0.0917027071 -0.966628492
vn -0.580679357 -0.804071426 0.127595469
vn -0.447989672 -0.878379703 0.166596144
vn -0.486108065 -0.839113951 0.244104072
vn -0.99798584 -0.00219996856 -0.0633990988
vn -0.994608521 0.00910007861 -0.103300884
vn -0.982495904 -0.105399564 -0.153599352
vn 0.181707293 0.288311571 0.940137684
vn 0.190203503 0.265304893 0.945217431
vn 0.253804982 0.312106103 0.915517867
vn 0.426805615 0.369504869 0.825410843
vn 0.391023904 0.30901888 0.866953015
vn 0.416808814 0.391808301 0.820217431
vn -0.927852929 -0.354482025 0.115894116
vn -0.891592741 -0.431996495 0.135798901
vn -0.927897453 -0.368498981 0.0566998422
vn -0.976437986 -0.0947036818 -0.193907544
vn -0.983371377 0.12619634 -0.130596206
vn -0.916274726 -0.0211994145 -0.399988979
vn -0.993954003 -0.109794922 0.000699967612
vn -0.997651041 -0.0679966658 -0.00829959288
vn -0.993675768 -0.105297431 -0.0389990471
vn -0.396798998 -0.736598074 0.547698557
vn -0.35941112 -0.752323329 0.552117109
vn -0.355203032 -0.74870646 0.559704781
vn -0.938675225 0.315191656 0.139796302
vn -0.896787226 0.371394724 0.240496591
vn -0.886280537 0.451090068 0.104997687
vn -0.99378866 -0.0430995077 0.102598831
vn -0.993029773 -0.0465013981 0.108303249
vn -0.9941836 -0.0495991819 0.095598422
vn -0.967042446 -0.253384918 0.0249985121
vn -0.982240617 -0.174907222 0.0679028109
vn -0.97759676 -0.207899332 -0.0328998938
vn -0.629594028 -0.0873991773 0.771992743
vn -0.574898422 -0.0849997699 0.813797772
vn -0.574572861 0.0493976697 0.816961408
vn 0.31921491 0.122405723 -0.939743876
vn 0.316911638 0.12460456 -0.940234423
vn 0.303309083 0.128203839 -0.944228351
vn -0.88537699 -0.116696969 -0.449988306
vn -0.881588042 -0.144698039 -0.449293882
vn -0.905231833 -0.164905801 -0.391613781
vn -0.82028389 0.553689122 0.143397182
vn -0.873820007 0.425909758 0.234605357
vn -0.810377121 0.502085805 0.301991463
vn -0.943160355 0.324086368 0.0735969096
vn -0.941369772 0.328589439 0.0764975399
vn -0.940295756 0.328998506 0.087199606
vn 0.0113001028 0.284502596 -0.958608687
vn 0.00969951414 0.282385856 -0.959251881
vn 0.0206001606 0.27990219 -0.959807456
vn 0.946539164 0.143905967 0.288711965
vn 0.929917991 0.246304765 0.273105294
vn 0.928413033 0.18880266 0.320004493
vn -0.970086217 -0.0344995074 0.240296587
vn -0.968173742 0.0552984998 0.244093388
vn -0.980575681 -0.0458988585 0.190695256
vn 0.522702694 0.83500427 0.171900883
vn 0.505313337 0.850322485 0.147003889
vn 0.483817339 0.858930767 0.167806
vn 0.932976186 0.338991314 -0.120996907
vn 0.948002875 0.215500653 -0.234200701
vn 0.940231502 0.319510728 -0.117803954
vn 0.928873479 0.341890216 0.14249593
vn 0.91387701 0.324191839 0.244393826
vn 0.916303158 0.315401077 0.24680087
vn -0.00209994242 0.974473298 0.224493846
vn 0.137393489 0.966254175 0.217889652
vn 0.018300198 0.975910544 0.217402354
vn -0.997807324 0.0317002311 -0.0581004247
vn -0.998642743 0.0473020263 -0.0218009334
vn -0.999850392 0.00369981653 -0.016899161
vn -0.403618515 -0.356916368 0.842438638
vn -0.429726571 -0.293718189 0.853852808
vn -0.333004564 -0.430505872 0.838911533
vn -0.617212534 0.78201592 0.0866017565
vn -0.625517607 0.779921949 0.0212005954
vn -0.584194422 0.789492428 0.188198194
vn -0.0381008945 0.132703125 -0.990423322
vn -0.0139993485 0.112494759 -0.993553758
vn -0.0377014838 0.1168046 -0.992439032
vn 0.0624992102 -0.782590091 0.619392216
vn -0.0940007567 -0.806506515 0.58370471
vn -0.0509985462 -0.735979021 0.675080776
vn 0.789665341 -0.288687348 0.541376293
vn 0.652529955 0.153107032 0.742134094
vn 0.695487559 -0.261695296 0.669188023
vn 0.477001429 -0.750502288 0.457401395
vn 0.465876758 -0.769761622 0.436378241
vn 0.459398329 -0.778697193 0.427298456
vn 0.603583992 -0.590984344 0.535185814
vn 0.595483661 -0.590983808 0.544185102
vn 0.596939683 -0.590939283 0.542636037
vn 0.498794526 0.859190524 0.113998741
vn 0.579980969 0.813473284 0.0433985777
vn 0.438697368 0.898594618 0.00849994924
vn -0.0535994321 -0.653193057 -0.755291998
vn -0.0576998405 -0.669798136 -0.740297973
vn -0.0776996464 -0.67869693 -0.730296731
vn -0.571491063 0.795687616 -0.200696871
vn -0.560984075 0.808177054 -0.179294899
vn -0.57060498 0.801006973 -0.181101575
vn 0.247905195 -0.957520127 0.147303104
vn 0.213005468 -0.966924787 0.140303612
vn 0.239700526 -0.963302076 0.120800272
vn 0.65940851 -0.714209259 0.234703034
vn 0.55598104 -0.784773231 0.273890644
vn 0.596693516 -0.77869153 0.193897888
vn -0.955699801 -0.135499969 0.261299968
vn -0.977665544 -0.0889968649 0.190393299
vn -0.980321467 0.00120002637 0.197404325
vn 0.0752978772 -0.973972499 -0.213793963
vn 0.0504003055 -0.972705901 -0.226501375
vn 0.135106564 -0.987747908 -0.0781037882
vn 0.648593962 0.0722993314 0.757692993
vn 0.737107277 0.154801533 0.657806516
vn 0.607115984 0.0453011878 0.793320835
vn -0.933443367 -0.100304663 0.344415992
vn -0.919980049 -0.163596436 0.356192291
vn -0.834481418 -0.136396959 0.533888161
vn 0.225197956 -0.892591894 0.390596449
vn 0.215301067 -0.944004714 0.250001252
vn 0.194697767 -0.950389028 0.242597207
vn -0.468681723 0.880565643 0.0702972561
vn -0.457295507 0.887991309 0.0484995246
vn -0.463684827 0.882871151 0.0743975714
vn -0.988943577 -0.12499287 0.0797954425
vn -0.997555494 -0.0275987685 0.064197138
vn -0.986930609 -0.133804157 0.0898027867
vn -0.928606153 0.322802126 0.183001205
vn -0.942482948 0.320794225 0.0938983038
vn -0.948815525 0.284904689 0.136302218
vn -0.952806652 -0.2957021 -0.0687004849
vn -0.898007512 -0.422203511 -0.123801045
vn -0.969564915 -0.23839137 -0.0557979792
vn 0.142392248 0.975346923 0.168590814
vn 0.0490995385 0.982090771 0.181898296
vn 0.0720007345 0.974110007 0.214302212
vn -0.536989927 -0.81188482 -0.229095712
vn -0.429326087 -0.859552205 -0.277216852
vn -0.492801934 -0.862103343 -0.118000463
vn -0.0373994038 -0.0916985497 -0.995084226
vn 0.00599989248 -0.134597585 -0.990882158
vn -0.000799973204 -0.126495764 -0.991966784
vn 0.534018517 -0.0836028904 -0.841329157
vn 0.560377061 -0.0896963328 -0.823366344
vn 0.548296273 -0.107899256 -0.829294324
vn -0.98582989 -0.155304715 0.0634019226
vn -0.949374974 -0.258093208 0.179095283
vn -0.979646266 -0.100794472 0.173590481
vn -0.937306046 -0.3430022 -0.0617004
vn -0.961402714 -0.217900619 -0.168000489
vn -0.91257149 -0.355088919 -0.202793673
vn 0.912319064 0.167603523 0.373607814
vn 0.906374454 0.179194942 0.382589221
vn 0.915815294 0.160102665 0.36830616
vn 0.936878324 0.34839192 -0.0296993125
vn 0.932087004 0.358794987 -0.0497993082
vn 0.942685843 0.332094997 -0.0324995108
vn 0.920528412 -0.383111835 -0.0765023604
vn 0.920578122 -0.382690907 -0.0779981464
vn 0.920507014 -0.383302957 -0.0758005753
vn -0.696805358 0.678805172 0.231701791
vn -0.714470863 0.676672399 0.177892745
vn -0.759916723 0.616613567 0.205704525
vn 0.498978347 -0.139193967 0.855362892
vn 0.412491024 -0.0806982443 0.907380283
vn 0.391883105 -0.144093782 0.908660829
vn -0.545720279 0.834630966 -0.0747027695
vn -0.568417311 0.81902492 -0.07810238
vn -0.52497071 0.846252799 -0.0908949301
vn -0.236404881 -0.964919984 0.114202373
vn -0.264611572 -0.927540541 0.263911545
vn -0.308809638 -0.94102931 0.138204306
vn -0.492792308 -0.847086787 -0.198996887
vn -0.330487221 -0.94206357 -0.0573977791
vn -0.576305091 -0.813407183 -0.079000704
vn 0.964742959 -0.248711064 0.0861038342
vn 0.95055145 -0.26178661 0.167091459
vn 0.964533746 -0.24630861 0.0949033201
vn 0.879462481 -0.430981636 -0.201991394
vn 0.878847361 -0.440073639 -0.184288964
vn 0.847821057 -0.513512671 -0.132303283
vn 0.918594003 -0.310097933 -0.24499841
vn 0.919165611 -0.307688504 -0.245890811
vn 0.958923399 -0.224105462 -0.17390424
vn -0.892659068 0.397981733 -0.211590305
vn -0.896550238 0.405422747 -0.178409994
vn -0.938416064 0.34530589 0.0118002035
vn -0.987381101 0.157696977 0.014499722
vn -0.952342749 0.299713463 0.0567025431
vn -0.968922913 0.242005706 -0.0512012094
vn -0.979878306 0.19169575 -0.0555987656
vn -0.907631874 0.404214203 -0.11320398
vn -0.993340075 -0.0964038894 0.0631025508
vn -0.999140978 0.029501209 0.029101193
vn -0.993222356 -0.00250005606 0.116202615
vn 0.821815312 0.477708906 0.310505778
vn 0.903029561 0.407313317 0.136504471
vn 0.876080573 0.458889812 0.147996724
vn 0.998108149 0.037400309 0.0488003977
vn 0.991728842 -0.113303296 0.0603017546
vn 0.997118711 -0.0297005568 0.0698013008
vn -0.396003246 0.841106832 -0.368403018
vn -0.358807355 0.861817718 -0.358507365
vn -0.377289653 0.85907644 -0.345890522
vn -0.0630001575 -0.968602359 -0.240500584
vn -0.136394754 -0.983662188 -0.117495485
vn -0.180405706 -0.911828816 -0.368811667
vn 0.156995431 -0.972471714 -0.172194973
vn 0.213501468 -0.972806752 -0.0898006186
vn 0.0191995744 -0.984078169 -0.176696077
vn -0.11799667 -0.976472437 0.180494919
vn 0.0957991928 -0.989491701 0.108299091
vn -0.220301941 -0.900507927 0.374903321
vn -0.414885044 0.90276742 -0.113495901
vn -0.468099177 0.883598447 0.0116999792
vn -0.41899392 0.902286947 0.101598531
vn -0.416212589 0.895627081 -0.156904757
vn -0.499297708 0.840396106 -0.210799024
vn -0.495294958 0.856991291 -0.142298549
vn -0.411616594 0.732729554 0.541921854
vn -0.429114431 0.750625193 0.502416849
vn -0.472314328 0.767623305 0.433213174
vn -0.807481647 -0.0866980255 0.583486736
vn -0.865024388 0.101702869 0.491313815
vn -0.913691819 -0.079799287 0.398496449
vn 0.113001324 0.059500698 -0.991811633
vn 0.102001436 0.0942013264 -0.990313947
vn 0.115597844 0.0785985366 -0.990181506
vn 0.209996387 -0.975383222 0.0672988445
vn 0.239612311 -0.967849731 0.076503925
vn 0.277407169 -0.959124804 0.0559014454
vn -0.128500417 -0.921102941 0.367501169
vn -0.160403252 -0.924418688 0.346006989
vn -0.210499734 -0.943098783 0.257399708
vn -0.121698715 -0.927790225 -0.3526963
vn -0.15160808 -0.941650212 -0.300516009
vn -0.155000508 -0.949703097 -0.272100896
vn 0.890988529 0.290896267 0.34859553
vn 0.918143809 0.261983961 0.297281802
vn 0.905536711 0.28651163 0.312912703
vn 0.908985376 0.38169387 0.167497307
vn 0.955917597 0.264604867 0.127302334
vn 0.956881821 0.269694865 0.107897952
vn 0.802982092 0.59428674 0.0451989956
vn 0.834323585 0.550815582 0.0225006379
vn 0.777391851 0.628993392 0.00539994333
vn -0.241497278 -0.127498567 -0.961989164
vn -0.247307479 -0.0902027264 -0.96472919
vn -0.211806968 -0.089202933 -0.973232031
vn 0.91655916 0.398382246 -0.0347984508
vn 0.873659551 0.474378049 -0.10809499
vn 0.847805142 0.514303088 -0.129300788
vn 0.913435519 0.406315804 -0.0233009066
vn 0.940804601 0.336901635 -0.0372001827
vn 0.930522799 0.363908947 -0.0412010103
vn 0.504523516 0.498523295 -0.704932988
vn 0.522306681 0.46270597 -0.71630919
vn 0.494597405 0.494697422 -0.714596272
vn -0.845077813 0.526686192 0.0918975845
vn -0.929115534 0.369306177 0.0189003162
vn -0.950666606 0.306889206 0.0452984087
vn -0.304105073 0.838413954 0.452307522
vn -0.446196705 0.795494139 0.409997016
vn -0.475913227 0.855623782 0.203505665
vn 0.0753974095 0.0975966454 -0.992365897
vn 0.0803007483 0.104200967 -0.991309166
vn 0.0745031685 0.0944040194 -0.992742181
vn 0.293086678 0.234989315 -0.926757872
vn 0.300686985 0.214190736 -0.929359794
vn 0.350099504 0.155599773 -0.923698664
vn -0.0711025968 -0.251909226 -0.965135336
vn -0.0991051495 -0.199610367 -0.974850595
vn -0.0395001024 -0.149300382 -0.988002539
vn 0.857785463 -0.0517991222 0.511391342
vn 0.906720102 -0.100802228 0.409509063
vn 0.96279031 0.0514994785 0.265297323
vn 0.511977255 0.307786316 0.801964343
vn 0.568923354 0.215208858 0.793732584
vn 0.546271861 0.193890035 0.814858079
vn 0.377091885 0.155196667 0.913080335
vn 0.316107512 0.0631015003 0.946622491
vn 0.302389145 0.064997673 0.950965881
vn 0.254609644 0.710126936 0.65642494
vn 0.243595675 0.710687399 0.659988344
vn 0.143007115 0.702234924 0.697434664
vn -0.354600459 0.391300499 0.849201083
vn -0.157307804 0.398119748 0.903744876
vn -0.0346009247 0.435911655 0.899324059
vn 0.97492224 0.221505046 -0.0215004925
vn 0.981150031 0.192809835 0.0130006624
vn 0.991483986 0.127997935 -0.0239996109
vn -0.494384229 0.867072403 0.061398048
vn -0.561823905 0.826235175 0.04110175
vn -0.512083232 0.848372221 0.134295598
vn -0.999262512 -0.0305988528 -0.0231991298
vn -0.937413752 -0.344005078 0.0540007949
vn -0.99847573 -0.0526987202 0.0163996015
vn 0.182494268 -0.924270928 -0.335289448
vn 0.182494268 -0.924270928 -0.335289448
vn 0.193106025 -0.927628934 -0.319709957
vn 0.467389464 -0.0473989286 -0.882780015
vn 0.497029752 0.0221013222 -0.867451906
vn 0.501707077 0.0400005654 -0.864112258
vn 0.513074994 -0.627769351 0.585371435
vn 0.515907824 -0.729111016 0.449706823
vn 0.586902499 -0.633502662 0.504202127
vn -0.995757997 -0.0906961709 0.015499346
vn -0.992533922 -0.121104136 -0.014500495
vn -0.993238807 -0.114004456 -0.021900855
vn 0.677169085 -0.718467176 0.158892721
vn 0.730795264 -0.677195668 0.0856994465
vn 0.674179256 -0.703078389 0.226193041
vn 0.748910666 -0.656309366 -0.0916013047
vn 0.765790641 -0.641392112 -0.0466994308
vn 0.732193768 -0.68109417 -0.00169998547
vn 0.698579729 -0.711279392 -0.0778977424
vn 0.761996448 -0.638697028 -0.1068995
vn 0.68689388 -0.713593602 -0.13769877
vn -0.822388053 -0.562691808 0.083998777
vn -0.865269005 -0.499382108 0.0438984297
vn -0.778440058 -0.626332223 0.0417021476
vn -0.69838959 -0.680189788 0.222696677
vn -0.736963809 -0.650068104 0.185190901
vn -0.737279654 -0.675581396 0.00289991987
vn -0.171602756 0.933515012 0.314805061
vn -0.194003686 0.91551733 0.352406681
vn -0.231005311 0.911720991 0.339707822
vn -0.653799534 0.747299492 -0.118699916
vn -0.701094687 0.696394742 -0.15329884
vn -0.670694351 0.734893799 -0.100499153
vn -0.980599701 0.0732999742 0.181799933
vn -0.911962628 0.386826545 0.136709392
vn -0.964202046 0.235900506 -0.121100254
vn -0.999554694 0.0208990518 -0.0212990344
vn -0.949979007 0.135697007 0.28129378
vn -0.958981574 0.280294597 0.0422991887
vn 0.0838002935 0.0394001342 -0.995703399
vn 0.108400062 0.0935000479 -0.989700556
vn 0.13810122 0.044700399 -0.989408851
vn -0.995458245 -0.0173992701 -0.093596071
vn -0.991642237 0.0363015458 -0.123805277
vn -0.991476238 -0.0459988974 -0.121897079
vn -0.725110233 0.140201986 0.674209535
vn -0.724593043 0.174598336 0.666693568
vn -0.733190119 0.0841988623 0.674790859
vn -0.663095474 0.129799128 0.737195015
vn -0.717851222 0.0803057328 0.691549361
vn -0.685715735 0.0519011915 0.7260167
vn 0.878300428 0.0553000271 0.474900246
vn 0.874208748 0.0569005683 0.482204825
vn 0.870267451 0.0585978068 0.48908174
vn -0.926198661 0.353099525 -0.132199809
vn -0.946345091 0.321715325 0.0305014532
vn -0.90487498 0.414688528 0.0960973427
vn -0.326210827 0.878429115 -0.349211574
vn -0.444380194 0.798564374 -0.405981869
vn -0.442899793 0.842699647 -0.306099892
vn -0.942218721 -0.334606647 0.0162003227
vn -0.945836008 -0.324612349 -0.00460017519
vn -0.944276869 -0.329091966 0.00629984541
vn -0.206110299 0.370818496 0.905545235
vn -0.304598659 0.250698864 0.9188959
vn -0.28818956 0.253290832 0.923466563
vn -0.882179797 -0.419990361 -0.212995112
vn -0.882257819 -0.419879913 -0.212889805
vn -0.882138789 -0.420018464 -0.213109374
vn -0.379904419 -0.839809716 0.387804478
vn -0.380004704 -0.839810371 0.38770479
vn -0.379786909 -0.839871109 0.387786657
vn -0.96433717 -0.25440982 0.0730028152
vn -0.952628374 -0.295708835 0.0711021125
vn -0.966929913 -0.254507869 0.0165005103
vn -0.974624753 -0.12180309 0.187804773
vn -0.975763798 -0.0956964493 0.196792707
vn -0.970663726 -0.127595231 0.203792363
vn 0.99140501 -0.0686003491 0.11140056
vn 0.981117427 -0.0377006717 0.189703375
vn 0.980529368 -0.101503037 0.168105036
vn -0.422205836 -0.905512512 -0.0423005857
vn -0.339186072 -0.936061621 -0.0934961662
vn -0.28949067 -0.942269623 0.168294579
vn 0.127305552 -0.991543412 0.0252011027
vn 0.147293895 -0.959860206 -0.238690108
vn 0.25380832 -0.966731668 0.0318010449
vn 0.392616183 0.214508846 0.894336879
vn 0.440312475 0.202005744 0.874824822
vn 0.430101812 0.310501337 0.847703636
vn 0.26750201 0.345702559 0.899406672
vn 0.274986267 0.237888128 0.931553423
vn 0.268310338 0.33841303 0.901934743
vn 0.119596928 -0.233494028 0.964975238
vn 0.188800305 -0.154400244 0.969801545
vn 0.176599219 -0.108399518 0.978295624
vn -0.799244583 -0.587432802 -0.127007097
vn -0.808010399 -0.57710737 -0.118601523
vn -0.815608442 -0.543305635 -0.199002072
vn -0.0956037492 0.139905483 -0.985538602
vn -0.0304990932 0.150295526 -0.988170624
vn -0.0367012993 0.153705433 -0.987434924
vn 0.625936151 -0.14410831 -0.766444266
vn 0.632974625 -0.14129433 -0.761169493
vn 0.640682936 -0.121196777 -0.758179843
vn -0.0408988073 0.0487985723 -0.997970879
vn -0.0658003092 0.0354001634 -0.997204602
vn -0.0510974713 0.0668966845 -0.996450663
vn -0.375478804 -0.726059079 0.576067507
vn -0.420625269 -0.725943625 0.54413265
vn -0.38890627 -0.72791177 0.564709127
vn -0.555913627 0.566813886 0.608014882
vn -0.75124377 0.440825671 0.49122861
vn -0.674187779 0.418292433 0.608688951
vn -0.527303219 0.734704554 0.426802635
vn -0.63290745 0.766909003 0.106201246
vn -0.619637787 0.65914017 0.426125944
vn 0.01410033 0.0464010872 -0.998823345
vn 0.031299606 0.0680991337 -0.997187436
vn 0.0774002746 -0.0564002022 -0.995403528
vn -0.2110091 0.179607749 0.960841477
vn -0.121801354 0.210802361 0.9699108
vn -0.135599807 0.215699688 0.966998637
vn -0.212510198 0.249211952 0.944845319
vn -0.162405238 0.203406543 0.965531051
vn -0.189799055 0.214098945 0.95819521
vn -0.993195176 -0.093599543 -0.0692996681
vn -0.990098774 -0.0394999534 0.134699821
vn -0.984587908 -0.152398124 0.0857989416
vn -0.647111058 0.0491008423 0.760812998
vn -0.692295551 0.0363997668 0.720695376
vn -0.703090549 0.0124998316 0.710990429
vn 0.758633435 0.192508474 0.622427404
vn 0.748426795 0.203507304 0.631222606
vn 0.757337093 0.182408929 0.627030671
vn -0.618121922 -0.0236008391 0.785727918
vn -0.619104862 -0.0332002603 0.784606218
vn -0.610288024 -0.0532989539 0.790384531
vn 0.165798262 0.0849991068 -0.982489705
vn 0.199303105 0.0971015096 -0.97511518
vn 0.166097015 0.12399777 -0.978282392
vn 0.89940995 0.407004505 -0.159401774
vn 0.90992856 0.398212492 -0.116003633
vn 0.900997758 0.406098992 -0.152599618
vn 0.963639915 0.262310863 0.0509021096
vn 0.954426944 0.293808281 0.0524014793
vn 0.967466414 0.249091372 0.0442984663
vn -0.726210415 0.255303651 0.638309181
vn -0.715648353 0.312721133 0.624542177
vn -0.722421885 0.236307159 0.649819672
vn -0.840604067 0.53740257 0.0677003264
vn -0.829102695 0.527601719 0.185000598
vn -0.895355105 0.443377763 0.0418979004
vn -0.86526531 0.484380603 0.129194826
vn -0.854640305 0.503623724 0.126305968
vn -0.858019888 0.504411697 0.0968022421
vn -0.571703136 0.351601958 0.7413041
vn -0.627392769 0.227297381 0.744791389
vn -0.593613267 0.296806633 0.748016775
vn -0.980104089 -0.198200837 -0.0106000444
vn -0.980978012 -0.193795651 0.0111997491
vn -0.998577952 -0.0494989082 0.0197995622
vn -0.998338819 -0.0572022237 -0.00690026814
vn -0.981544733 -0.19000864 -0.021600984
vn -0.979048491 -0.170391038 0.111494139
vn 0.944705725 -0.316001952 -0.0876005292
vn 0.946459174 -0.304786831 -0.106395409
vn 0.949480414 -0.296993881 -0.101397909
vn 0.80498302 -0.581887722 0.115797564
vn 0.787072241 -0.589279175 0.182393566
vn 0.77758503 -0.611088276 0.148097157
vn 0.921916723 -0.321105838 -0.216703936
vn 0.928898454 -0.32869944 -0.170599714
vn 0.927167773 -0.320388854 -0.194193244
vn 0.86226958 -0.380186617 0.3345882
vn 0.884702444 -0.437101215 0.162000448
vn 0.916314006 -0.381005824 0.123301893
vn 0.664100051 0.265800029 0.698800087
vn 0.683295846 0.234098569 0.691595793
vn 0.715692878 0.227297753 0.660393417
vn -0.452110261 -0.844219208 -0.287906557
vn -0.460600972 -0.815601707 -0.350200742
vn -0.435712129 -0.825823009 -0.358009994
vn -0.366580278 -0.815656066 0.447575897
vn -0.7089113 -0.672110736 0.213803411
vn -0.425323516 -0.888949156 0.169909388
vn -0.0828034431 -0.875636399 0.475819826
vn -0.163394228 -0.822770953 0.544380784
vn -0.152401611 -0.795108378 0.587006211
vn -0.354087263 -0.884668231 0.303289086
vn -0.299001753 -0.86820507 0.396002322
vn -0.334902555 -0.885306716 0.322602481
vn -0.549281836 0.824872673 0.133695573
vn -0.521502376 0.833503842 0.182500839
vn -0.517500162 0.843700349 0.142700061
vn -0.452105612 0.890211046 0.0559006967
vn -0.455992937 0.885886312 0.0852986798
vn -0.469478965 0.875760734 0.112394966
vn -0.97371608 0.170602813 0.15090251
vn -0.986884832 0.154997632 -0.0450993069
vn -0.99569726 0.00349999033 0.0925997496
vn -0.997689724 -0.0498994887 -0.0460995287
vn -0.991615474 -0.0960014984 0.086501345
vn -0.995664418 0.0709974691 0.0600978509
vn -0.993053257 -0.022498941 0.115494564
vn -0.999937296 0.00560020888 -0.00970036257
vn 0.731880307 -0.672381938 -0.110697024
vn 0.620405674 -0.779407084 -0.0873007998
vn 0.707980454 -0.693480849 -0.133596301
vn 0.0684997067 -0.990395844 0.120099492
vn 0.108700782 -0.99250716 0.0558004007
vn 0.149206713 -0.988044441 0.0388017483
vn 0.904192686 0.0813993439 0.419296592
vn 0.916984499 0.0605989769 0.394293338
vn 0.898787916 0.133398205 0.417594373
vn -0.985110044 -0.0134001365 0.171401739
vn -0.985110044 -0.0134001365 0.171401739
vn -0.985110044 -0.0134001365 0.171401739
vn -0.914830148 -0.393612981 0.0903029814
vn -0.968370497 -0.242392614 0.059198197
vn -0.963728249 -0.251607388 0.0890026093
vn -0.903489292 -0.352795839 0.243397102
vn -0.85696733 -0.401684701 0.322887689
vn -0.887601316 -0.344100505 0.306200445
vn -0.990637004 -0.104203887 0.0882032961
vn -0.983411372 -0.151001751 0.100501165
vn -0.972905338 -0.227301255 0.0423002318
vn -0.973502159 -0.217700481 0.0700001568
vn -0.974925816 -0.203605399 0.0898023769
vn -0.990014672 -0.123201825 0.0685010105
vn 0.638795257 0.719994664 -0.271197975
vn 0.6220873 0.757184505 -0.199195921
vn 0.620298028 0.758597553 -0.199399352
vn -0.925915778 0.326405585 0.190103248
vn -0.912228703 0.347110927 0.217606857
vn -0.928777933 0.333892077 0.160896182
vn -0.911475718 -0.248393387 0.32789129
vn -0.877305925 -0.267301798 0.398602694
vn -0.937688053 -0.267896563 0.22129719
vn -0.400198638 -0.0693997592 -0.913796902
vn -0.393692136 0.0290994197 -0.918781638
vn -0.375605375 0.0294004213 -0.926313221
vn 0.926663756 -0.0194992367 -0.375385314
vn 0.89196378 0.134994522 -0.431482464
vn 0.952811122 0.109301284 -0.283203304
vn -0.96938175 0.169896796 0.177296668
vn -0.973833084 0.19090648 0.123304188
vn -0.974400818 0.188900158 0.121900097
vn 0.105497524 0.0789981559 -0.991276741
vn 0.0890968516 0.0684975758 -0.993664861
vn 0.0984044075 0.069103092 -0.992744446
vn -0.18759194 0.201491341 -0.961358666
vn -0.188591912 0.196191594 -0.962258756
vn -0.185498595 0.1974985 -0.962592661
vn 0.0843033344 0.0798031613 -0.993239284
vn 0.0599995963 0.0760994852 -0.995293319
vn 0.116198286 0.0905986577 -0.989085376
vn 0.676000178 0.735900223 0.038400013
vn 0.663788974 0.745887578 0.055099085
vn 0.65291369 0.756015837 0.04630097
vn 0.0668014213 -0.816117406 0.57401222
vn 0.0376995206 -0.697091043 0.715990841
vn -0.0141996415 -0.704882264 0.709182143
vn -0.118295468 0.990862012 0.0647975206
vn -0.0880042091 0.989447355 0.115105502
vn -0.0942038372 0.994240522 0.0511020832
vn 0.973448992 0.0830956399 0.213288829
vn 0.973364055 0.0827969462 0.213792101
vn 0.973503232 0.0832002759 0.2130007
vn 0.368496865 0.259097785 0.892792404
vn 0.346702158 0.281601757 0.894705534
vn 0.38549009 0.238793865 0.891277075
vn -0.338407457 0.925220311 -0.171603769
vn -0.252204746 0.954917908 -0.156602934
vn -0.241789401 0.965657651 -0.0950958282
vn -0.975638032 -0.216608435 0.0348013602
vn -0.951173484 -0.301991582 0.063798219
vn -0.932879865 -0.354492337 0.0637986213
vn -0.967508674 -0.194701746 0.161301449
vn -0.9888888 -0.131198511 0.0698992088
vn -0.982426405 -0.158604264 0.0984026417
vn -0.968289971 -0.210597828 0.134398594
vn -0.94447279 -0.327790558 0.0228993408
vn -0.953325033 -0.244406417 0.17730467
vn -0.857986629 -0.483592451 -0.173197314
vn -0.907609284 -0.366303742 -0.205102101
vn -0.861965418 -0.444282204 -0.244190216
vn -0.239293322 0.201194376 -0.949873447
vn -0.246107712 0.204006374 -0.947529674
vn -0.243707195 0.199405879 -0.949128032
vn 0.306401998 0.266601771 0.913805962
vn 0.510195732 0.297697455 0.806893229
vn 0.322319895 0.226814002 0.919056773
vn 0.248296991 0.10209877 0.963288367
vn 0.346610606 0.135104135 0.928228378
vn 0.20510447 0.328907192 0.921820104
vn -0.25859952 -0.0457999147 -0.964898229
vn -0.315809339 0.0134003963 -0.948728085
vn -0.247710645 0.0238010231 -0.968541622
vn -0.0439970419 -0.701152861 0.71165216
vn -0.0434989296 -0.793980479 0.606385112
vn -0.0288997237 -0.827992082 0.559994638
vn 0.0980991796 -0.74669373 0.657894433
vn 0.042998407 -0.768771529 0.638076365
vn 0.0856974646 -0.763177454 0.640481114
vn 0.292611331 0.373114437 0.880434096
vn 0.38459751 0.350397706 0.85399437
vn 0.344789594 0.327290118 0.879773438
vn -0.238591969 -0.047298409 0.969967425
vn -0.266008645 -0.00870028324 0.963931382
vn -0.148299456 -0.0475998223 0.987796307
vn 0.270011783 0.0442019254 0.961841881
vn 0.360193998 -0.117998041 0.925384641
vn 0.295305729 -0.109402113 0.949118376
vn -0.0666998625 0.0366999246 -0.997097969
vn -0.090598233 -0.00369992806 -0.995880604
vn -0.0666971058 0.03209861 -0.997256815
vn 0.118901573 0.949212551 -0.291303843
vn 0.152102202 0.950313807 -0.271603972
vn 0.122603402 0.952926457 -0.277307719
vn 0.980382323 0.183796674 -0.0711987168
vn 0.947597086 0.247499242 0.201999396
vn 0.988634348 0.142704949 -0.0473016426
vn -0.986425638 -0.164204255 -0.00120003114
vn -0.978900075 -0.198500022 -0.0485000014
vn -0.973831415 -0.227207333 0.0054001743
vn -0.0652027056 -0.856135547 0.512621284
vn -0.0981033221 -0.835528314 0.5406183
vn -0.0698985234 -0.858581841 0.507889271
vn -0.0884004161 0.302301407 0.949104428
vn -0.0618012697 0.252505183 0.965619862
vn -0.07510297 0.263110399 0.961838067
vn 0.00119994709 0.313286215 0.949658096
vn -0.0220001414 0.275301754 0.961106122
vn 0.0131995389 0.327188551 0.944866955
vn 0.841351092 -0.540032804 -0.0222013481
vn 0.797122657 -0.601617098 -0.0515014641
vn 0.822689533 -0.559892893 -0.0984987468
vn 0.129101321 0.372003824 0.919209421
vn 0.119504265 0.266009539 0.956534207
vn 0.203303605 0.322105736 0.924616396
vn -0.567378938 0.809270024 0.152194366
vn -0.707023382 0.657221735 0.261108637
vn -0.668696582 0.722696364 0.174799114
vn 0.0876041353 -0.874241233 -0.477522522
vn 0.163799301 -0.83899641 -0.518897772
vn 0.154493719 -0.835466027 -0.527378559
vn 0.939007461 -0.222401753 0.262302101
vn 0.990707159 0.059100423 0.122500889
vn 0.965896606 -0.25259912 0.0568997972
vn 0.967796206 0.22969909 -0.102999598
vn 0.962679029 0.230094984 -0.142496899
vn 0.982888341 0.182197839 -0.0270996783
vn 0.955801904 0.290500551 0.0453000925
vn 0.977023661 0.205504984 -0.0565013662
vn 0.990497112 -0.0392998867 -0.131799608
vn 0.991767645 -0.11809615 -0.0494983867
vn 0.995998859 -0.0870998949 -0.0199999772
vn -0.574725568 0.765234053 -0.290012866
vn -0.579625607 0.770034015 -0.266611785
vn -0.623292744 0.699291825 -0.349995911
vn -0.338512838 -0.926735103 -0.163006186
vn -0.351795495 -0.925488174 -0.140398219
vn -0.353100479 -0.923401237 -0.150500208
vn 0.957692444 0.287097722 0.0199998431
vn 0.944817662 0.307305753 0.113502115
vn 0.955614865 0.291904539 0.0399006233
vn 0.12300694 -0.953653812 0.274615496
vn -0.00910028536 -0.98593092 0.166905224
vn 0.115299538 -0.942496181 0.313698709
vn 0.515491068 -0.820885777 0.245795742
vn 0.472621769 -0.876140296 0.0949043632
vn 0.422379076 -0.893855691 0.150392547
vn 0.108604468 0.911537528 0.39661634
vn 0.00950014126 0.916113734 0.40080598
vn 0.031400796 0.865621924 0.499712646
vn 0.318008184 0.818121076 0.479112357
vn 0.254991382 0.885470092 0.388486892
vn 0.193605408 0.849423707 0.490913689
vn -0.342201889 0.919905007 0.191501036
vn -0.247401908 0.947707355 0.20160155
vn -0.223705322 0.964922965 0.13740328
vn -0.0164998341 0.988790035 0.148398504
vn 0.0298992246 0.987774432 0.152996033
vn -0.00250008656 0.993534446 0.113503933
vn 0.976535141 0.191406891 0.0987035632
vn 0.97129041 0.205297962 0.120198809
vn 0.97740823 0.180601522 0.109800927
vn -0.120299995 0.98969996 0.0776000023
vn 0.0301993992 0.99518013 0.0932981372
vn -0.0219989475 0.999752223 -0.00339983753
vn 0.437682569 0.897464216 -0.0546978191
vn 0.460885853 0.887272775 -0.018199442
vn 0.444878578 0.895556867 -0.00779962353
vn 0.756479323 -0.64308244 -0.119096741
vn 0.757502913 -0.652602494 -0.0173000675
vn 0.783176899 -0.621181667 -0.0276991818
vn 0.772014916 -0.625712097 0.111702152
vn 0.812476933 -0.581983507 0.0342990272
vn 0.898007631 -0.407503456 -0.165901423
vn 0.897713482 -0.407906145 -0.166502506
vn 0.897627473 -0.40801248 -0.166705117
vn -0.305806905 -0.952021599 0.0117002651
vn -0.491874307 -0.86245501 -0.119293772
vn -0.428877711 -0.889153719 -0.15959169
vn -0.00409993017 -0.939583898 -0.342294127
vn -0.0843015164 -0.97191745 -0.219703943
vn -0.0505996309 -0.97199291 -0.229498327
vn -0.582593858 0.771791875 0.25479731
vn -0.641881943 0.671581089 0.370089561
vn -0.543296218 0.69059521 0.477396727
vn -0.161403969 0.166604087 0.972723842
vn -0.17140469 0.195905373 0.965526462
vn -0.116005592 0.164407924 0.979547203
vn 0.570099473 0.485199511 0.662999332
vn 0.563765168 0.487169951 0.666958869
vn 0.630292773 0.433595031 0.643992603
vn 0.971878052 0.158896416 -0.173796088
vn 0.979211569 0.148101762 -0.138601631
vn 0.966073811 0.173295304 -0.191494808
vn -0.486691743 -0.859185457 0.157897338
vn -0.491307467 -0.87051326 -0.0287004355
vn -0.460493952 -0.885888338 -0.0560992584
vn -0.900222957 -0.332108468 0.281607181
vn -0.913520575 -0.21790491 0.343507707
vn -0.898955822 -0.189390689 0.394980609
vn -0.226798847 -0.0841995776 -0.970295131
vn -0.226095155 -0.0446990393 -0.973079145
vn -0.235799357 -0.0710998029 -0.969197392
vn -0.183292344 0.0139994146 -0.982958853
vn -0.199095592 0.00189995789 -0.979978263
vn -0.152601093 0.050300356 -0.987007022
vn -0.997176528 -0.0476988778 -0.0579986311
vn -0.998921633 0.0461010002 -0.00550011918
vn -0.997096777 0.0490998439 0.0581998117
vn 0.0169001352 0.22020179 0.975307941
vn 0.139502808 0.181103632 0.973519564
vn 0.0940952301 0.154192194 0.983550191
vn -0.677057505 -0.408474356 0.612161577
vn -0.829491854 -0.349196583 0.435895681
vn -0.791006029 -0.265902013 0.551004231
vn -0.740655422 -0.219086796 0.635161817
vn -0.717085719 -0.209395826 0.664786696
vn -0.745799541 -0.261499852 0.612699568
vn -0.827596605 -0.188299224 0.528797805
vn -0.692822754 -0.212706983 0.68902266
vn -0.70670408 -0.220401257 0.672303855
vn 0.943498909 -0.316799641 -0.097199887
vn 0.938233197 -0.328911662 -0.1074038
vn 0.94359684 -0.313398927 -0.10679964
vn 0.926019311 -0.36740765 0.0866018012
vn 0.921564817 -0.380185485 0.0785969943
vn 0.925417185 -0.37270692 0.0685012713
vn -0.518893003 -0.771289647 0.368595034
vn -0.437021583 -0.841241539 0.318315715
vn -0.572788775 -0.735785604 0.361292899
vn 0.851895988 0.492497683 0.17809917
vn 0.845437825 0.494722158 0.201209009
vn 0.872442305 0.451521903 0.187009081
vn 0.971553683 0.216089711 -0.0968953818
vn 0.971487939 0.221097261 -0.0855989456
vn 0.977026641 0.210305721 0.0345009416
vn 0.0458003767 -0.986408114 0.1578013
vn -0.11320354 -0.960130036 0.255607992
vn -0.0654985011 -0.99607724 -0.0594986416
vn 0.302014798 -0.952846706 0.0295014475
vn 0.497009367 -0.865216255 -0.0662012473
vn 0.499768853 -0.866146028 0.0046997075
vn -0.990220547 -0.04770099 -0.131102726
vn -0.98061955 0.186603725 -0.0597011894
vn -0.98344326 0.0701030865 -0.167107344
vn -0.925575793 0.219694242 -0.308291942
vn -0.99581629 0.0831013545 -0.0380006209
vn -0.967680454 0.232695296 -0.0971980393
vn -0.967973232 0.250993073 0.00549984816
vn -0.966867387 0.254091442 0.0245991703
vn -0.958460271 0.284788162 -0.0157993454
vn 0.249293223 0.21139425 0.94507432
vn 0.36201939 0.18340984 0.913949013
vn 0.253205985 0.175704166 0.951322615
vn -0.861775756 -0.00189994648 0.507285714
vn -0.862585783 -0.00439992733 0.505891681
vn -0.863431096 -0.0070002526 0.504418194
vn 0.340991139 0.180495307 0.92257601
vn 0.432097077 0.208498582 0.87739408
vn 0.335592568 0.097197853 0.936979294
vn -0.142396629 -0.984876633 0.0986976624
vn -0.108603686 -0.983933449 -0.141704813
vn -0.112101786 -0.989915788 -0.086601384
vn 0.310506642 -0.860818446 -0.403208613
vn 0.020600969 -0.931943834 -0.362017006
vn 0.0124001568 -0.863610923 -0.504006386
vn 0.0739967227 -0.98935622 0.125294447
vn 0.141305014 -0.989835203 0.0161005743
vn 0.373084158 -0.914861143 0.154393449
vn -0.99695456 0.0236989222 -0.0742966086
vn -0.984442651 -0.086203739 -0.15310663
vn -0.979635298 0.0837030113 -0.182506576
vn -0.99410522 -0.0389002077 -0.101200536
vn -0.948289871 0.317396611 0.0023999745
vn -0.967153311 -0.179191351 -0.180291295
vn 0.987817109 -0.154302672 -0.0202003494
vn 0.995533347 -0.0876029283 0.035201177
vn 0.989082932 -0.139897585 0.0462992005
vn 0.19659315 0.391186357 0.899068654
vn 0.308814824 0.221610621 0.924944341
vn 0.231389761 0.385182947 0.893360436
vn -0.979204834 -0.202500999 -0.0123000601
vn -0.984335184 -0.151305407 0.0905032307
vn -0.998397529 -0.0499998815 -0.0264999345
vn -0.527904451 0.847307205 -0.0582004972
vn -0.509981155 0.85676837 -0.076597169
vn -0.544201374 0.838802099 0.0160000417
vn -0.0699975491 0.99516511 0.0688975826
vn 0.0781970546 0.996762514 0.0186992958
vn -0.133601397 0.981210291 0.139201462
vn -0.131794557 0.981959522 -0.135594413
vn -0.116197795 0.986581206 -0.114697814
vn -0.875859678 0.431680143 0.215690076
vn -0.867385805 0.386393696 0.313594878
vn -0.886991739 0.433695942 0.158598527
vn 0.991198361 0.13109979 -0.0183999706
vn 0.983629405 0.14930445 0.100903019
vn 0.982975066 0.180895403 -0.0321991853
vn -0.969845533 -0.192009017 -0.150107041
vn -0.972105682 -0.171400994 -0.160100922
vn -0.995619595 -0.0722014233 -0.0594011694
vn 0.275809824 -0.958534181 -0.0717025548
vn 0.356811285 -0.911628842 -0.204006448
vn 0.389891326 -0.896480083 -0.210495323
vn 0.634507179 0.170801938 0.753808498
vn 0.634507179 0.170801938 0.753808498
vn 0.634507179 0.170801938 0.753808498
vn 0.88990438 0.426902086 0.160700783
vn 0.892464519 0.430382907 0.135194629
vn 0.909437299 0.399216354 0.116404779
vn 0.885521412 0.291207045 0.362008721
vn 0.886191845 0.237197816 0.397996336
vn 0.864108562 0.251602501 0.435904324
vn -0.365211755 -0.89562881 0.253908157
vn -0.359406114 -0.896315217 0.259704411
vn -0.387496084 -0.880491138 0.273097247
vn -0.171693847 0.974965036 -0.141294912
vn -0.242909744 0.962038577 -0.124404989
vn -0.103795223 0.976555049 -0.188591331
vn -0.114300065 0.985100567 0.128500089
vn -0.0689026415 0.98033762 0.184907094
vn -0.0846025422 0.986229658 0.142104283
vn 0.96738404 0.096298404 0.234296128
vn 0.968478501 0.148496687 0.199995548
vn 0.965157866 0.128594384 0.227890044
vn 0.0313998275 0.998994529 -0.0319998227
vn 0.0117997816 0.987781644 -0.155397102
vn 0.187209383 0.977449 -0.0977048948
vn -0.455178142 0.642669201 -0.616270423
vn -0.466093957 0.643391669 -0.607292116
vn -0.45838064 0.642972827 -0.613574088
vn 0.627512872 -0.775515914 0.0693014264
vn 0.597201824 -0.79500252 0.106400341
vn 0.606903672 -0.784004748 0.130400792
vn 0.618318498 -0.523815691 0.585917532
vn 0.618540525 -0.501332819 0.605039656
vn 0.636462986 -0.520869732 0.568866909
vn -0.863591671 -0.441495776 0.243497655
vn -0.885617673 -0.375407517 0.273405492
vn -0.860865116 -0.446081907 0.244790077
vn 0.700981379 0.235193774 0.673282146
vn 0.528217375 0.210406929 0.822627068
vn 0.55160892 0.0920014977 0.829013467
vn 0.466592044 0.330294371 0.820486069
vn 0.464606166 0.249603301 0.849611282
vn 0.374288887 0.217793539 0.901373267
vn 0.557521641 0.28901121 0.778230131
vn 0.525476217 0.328185171 0.784964502
vn 0.580110312 0.308605492 0.753813386
vn 0.375387371 0.267690957 0.88737011
vn 0.299603492 0.325803787 0.896710455
vn 0.324687749 0.208892122 0.922465205
vn 0.985933483 0.0963032693 0.136604637
vn 0.994419992 0.0537010767 0.0908018276
vn 0.994144261 0.0604026914 0.0896039829
vn 0.596811473 0.074501425 0.798915267
vn 0.589791894 0.0327995494 0.806888938
vn 0.607688665 0.0278994776 0.793685138
vn -0.343723029 -0.597640038 0.724348605
vn -0.255808473 -0.546218038 0.797626376
vn -0.335497558 -0.508996308 0.792694211
vn -0.0814011395 -0.0116001619 -0.99661392
vn -0.124604382 0.036501281 -0.991534829
vn -0.0648005903 0.0487004444 -0.996709108
vn -0.314095497 0.949386358 0.00309995562
vn -0.287094235 0.951680839 0.108997807
vn -0.2492093 0.965835989 0.071102649
vn -0.108504646 0.0103004416 -0.994042575
vn -0.114396468 0.0389987975 -0.992669344
vn -0.00850022025 0.0433011204 -0.999025822
vn 0.0827007145 0.0593005158 -0.994808614
vn 0.0712987408 0.0626988932 -0.995482445
vn 0.0694024041 0.0301010422 -0.997134566
vn -0.806859553 0.588270485 0.0539972931
vn -0.82560885 0.563106 0.0358003825
vn -0.813085437 0.57698971 0.0772986114
vn 0.849891961 -0.520895123 0.0796992481
vn 0.863195837 -0.498697579 0.0786996186
vn 0.815775335 -0.578082561 -0.0181994513
vn -0.129203573 -0.0525014475 -0.990227342
vn -0.114099503 -0.0391998328 -0.992695689
vn -0.124093436 -0.0773959011 -0.98924762
vn -0.230690762 0.0585976541 -0.971261084
vn -0.250988901 0.0561975166 -0.96635735
vn -0.247008666 0.0619021729 -0.967033982
vn 0.911005735 0.36120227 0.199001253
vn 0.957778811 0.204195485 0.202395529
vn 0.934188604 0.292496443 0.204297513
vn -0.732108593 0.072600849 0.677307963
vn -0.725410044 -0.241903365 0.644408941
vn -0.698621213 -0.187005684 0.690620959
vn 0.910409689 -0.399604261 -0.10710115
vn 0.927790225 -0.3526963 -0.121698715
vn 0.916795552 -0.39329806 -0.0692996681
vn -0.403583467 0.292687982 -0.866864502
vn -0.0902005211 0.126900747 -0.987805724
vn -0.10850203 0.121702276 -0.986618459
vn -0.988545358 -0.150706917 -0.00810037181
vn -0.992007613 -0.108800836 0.0639004931
vn -0.99004072 -0.138905719 0.0229009409
vn -0.952555418 -0.299785972 -0.0525975376
vn -0.989165485 -0.0849970356 0.119695827
vn -0.990230858 -0.0888027698 -0.107503355
vn -0.141195282 0.974767327 -0.17289421
vn -0.200288713 0.979544878 -0.0193989091
vn -0.151296422 0.983776808 -0.0963977277
vn 0.605500817 -0.795201063 0.0320000425
vn 0.611295938 -0.79139477 0.00339997769
vn 0.548801482 -0.835602283 -0.0242000651
vn 0.0419004038 -0.0492004715 -0.997909606
vn 0.0502990633 -0.0639988184 -0.996681511
vn 0.0390003286 -0.0355002992 -0.99860841
vn 0.423090905 -0.0426990837 0.905080557
vn 0.362385631 -0.209991679 0.908064008
vn 0.422197282 -0.132999152 0.896694243
vn 0.701970696 0.563476443 0.435581833
vn 0.742433488 0.552324891 0.379117101
vn 0.777190149 0.528993249 0.340795666
vn 0.970588923 0.231997341 0.0642992631
vn 0.983842134 0.148706362 0.0997042656
vn 0.984566271 0.174394026 0.0146994963
vn -0.951967835 -0.273490757 0.137695357
vn -0.945046604 -0.161407962 0.284314036
vn -0.902329564 -0.423613846 0.0797026083
vn 0.737222314 -0.658719897 0.150304541
vn 0.759923577 -0.640219927 0.11240349
vn 0.701607466 -0.684007287 0.199702114
vn -0.954527259 -0.284808129 -0.0881025121
vn -0.970870912 -0.17259483 -0.16619502
vn -0.943842947 -0.27481252 -0.18340835
vn 0.0403012931 0.979331374 -0.19820635
vn 0.127404094 0.990731895 -0.0471015126
vn 0.0532992668 0.98238647 -0.179097548
vn -0.98369056 -0.141298637 -0.111298934
vn -0.940416813 -0.303705424 -0.152902737
vn -0.957918048 -0.263604939 -0.113602139
vn 0.0272990074 0.197292835 -0.979964375
vn 0.0444007479 0.204703435 -0.977816463
vn 0.015900651 0.204008341 -0.978839993
vn 0.911785007 0.399193406 -0.0963984132
vn 0.912173033 0.399688184 -0.0904973298
vn 0.912325859 0.397711277 -0.0974027663
vn 0.901905656 0.424702674 -0.0787004903
vn 0.901281297 0.426391155 -0.0766984075
vn 0.903211236 0.422305286 -0.0766009614
vn -0.626491666 -0.719590425 -0.299495995
vn -0.536577821 -0.771668136 -0.341485888
vn -0.469425231 -0.799843013 -0.374020159
vn 0.954533756 0.268309474 -0.129904583
vn 0.952392578 0.292197704 -0.0869993195
vn 0.961494982 0.259598672 -0.0901995301
vn 0.990856528 -0.00779965753 -0.134694099
vn 0.979237318 -0.0348013267 -0.199707597
vn 0.981533706 -0.0104003567 -0.191006541
vn -0.994189858 0.107598901 0.00299996953
vn -0.997670352 0.0203993935 -0.0650980696
vn -0.998420835 0.0384008028 0.0410008579
vn 0.907482624 0.419491947 -0.0223995708
vn 0.906986237 0.419793636 -0.0338994861
vn 0.914246678 0.405120671 0.00550028076
vn 0.604400575 -0.0395000391 0.795700788
vn 0.53169322 -0.103498675 0.840589285
vn 0.643484652 -0.105297498 0.758181989
vn 0.158099115 0.053099703 0.985994458
vn 0.16430518 0.0753023773 0.983531058
vn 0.0619994923 0.138698861 0.988391936
vn -0.14110367 -0.816721141 0.559514523
vn -0.0969022289 -0.828518987 0.551512659
vn -0.0578008071 -0.841211796 0.537607551
vn -0.947877407 0.296692938 0.116197228
vn -0.947520256 0.299806416 0.111002371
vn -0.94760555 0.298101723 0.114800669
vn -0.528497696 0.810296476 0.253198892
vn -0.641028345 0.766333938 -0.0426018834
vn -0.679181635 0.728080332 -0.092797488
vn -0.386394411 -0.0953986198 0.917386711
vn -0.527204037 -0.00740005728 0.849706531
vn -0.515403092 -0.175401062 0.838805079
vn 0.355789661 0.0131996162 0.934472799
vn 0.443313897 -0.186605856 0.876727462
vn 0.43490845 -0.196303815 0.878817081
vn 0.481874377 -0.111994043 0.869053721
vn 0.483087271 -0.128596604 0.866077185
vn 0.471820176 -0.078003332 0.878237545
vn 0.820655048 0.327482045 0.468274355
vn 0.79588598 0.316894442 0.515890956
vn 0.837480903 0.320392698 0.442689955
vn 0.503714859 -0.0636018813 0.861525476
vn 0.485321999 -0.190908656 0.853238702
vn 0.536995411 -0.0798993111 0.839792788
vn 0.192300737 -0.113900423 0.97470361
vn 0.248113543 -0.012300672 0.968652904
vn 0.118195303 0.00769969402 0.992960513
vn -0.115703657 -0.0102003235 -0.993231416
vn -0.104899913 0.0128999893 -0.99439913
vn -0.0726029873 0.0322013237 -0.996840954
vn 0.535107136 -0.802010715 -0.265403539
vn 0.563091874 -0.795288503 -0.224596754
vn 0.543174922 -0.773964226 -0.325484961
vn -0.894414425 0.442207128 -0.0669010803
vn -0.853070199 0.498182625 -0.155194581
vn -0.888356745 0.442678422 -0.121894062
vn 0.982348263 -0.0644965991 -0.175590768
vn 0.99388051 -0.0668986887 -0.0878982767
vn 0.981483757 0.069998838 -0.178297043
vn 0.998147845 -0.0282013528 0.0539025851
vn 0.966760635 -0.117295228 0.227190748
vn 0.989526629 -0.00650017522 0.144203886
vn 0.997372508 0.0546984933 -0.0474986881
vn 0.999657989 -0.00579975639 -0.0254989266
vn 0.997051954 -0.0136993397 -0.0754963532
vn 0.99455148 0.0902955979 0.0520974584
vn 0.988528788 0.0979028568 0.115003355
vn 0.986122727 0.134803116 0.0969022289
vn -0.169495359 -0.793578327 0.584384024
vn -0.169495359 -0.793578327 0.584384024
vn -0.169495359 -0.793578327 0.584384024
vn -0.911361992 -0.405883074 0.0683971494
vn -0.911361992 -0.405883074 0.0683971494
vn -0.911361992 -0.405883074 0.0683971494
vn -0.989573777 -0.0806978643 0.119296841
vn -0.988277018 -0.10919746 0.106697515
vn -0.989986479 -0.116098411 0.0802989006
vn -0.994319439 -0.103602029 0.0244004764
vn -0.995321214 -0.095602043 0.0140002994
vn -0.99408555 -0.108598419 0.000399994198
vn 0.118400909 -0.989507616 -0.0828006342
vn 0.12710458 -0.988435507 -0.082702972
vn 0.117396355 -0.989669263 -0.0822974443
vn -0.982071936 -0.179394871 -0.0578983463
vn -0.988031507 -0.132604226 -0.0788025111
vn -0.988101006 -0.151400164 -0.0271000285
vn -0.993832946 -0.108303592 -0.0238007903
vn -0.998259127 -0.038598422 -0.0445981696
vn -0.996287584 -0.0781990215 -0.0359995514
vn -0.978422582 -0.186604306 -0.0887020454
vn -0.98986125 -0.105595864 -0.094996281
vn -0.969555616 -0.216190085 -0.114994742
vn -0.819980919 -0.00219994877 0.572386682
vn -0.760782123 -0.2171949 0.611585557
vn -0.792429149 -0.0701025799 0.605922282
vn -0.879119813 -0.181204066 0.440809965
vn -0.835198343 -0.133899733 0.533398926
vn -0.812113583 -0.152902558 0.563109398
vn -0.0973014385 0.898713231 0.427606285
vn -0.0231008325 0.867031276 0.497717977
vn -0.0749966353 0.847061992 0.526176333
vn -0.403404742 0.663307786 0.630307436
vn -0.347400606 0.606701076 0.715001225
vn -0.405480385 0.626369715 0.665767789
vn -0.411681831 0.911159694 -0.0174992252
vn -0.629093111 0.763091624 -0.148098379
vn -0.661275268 0.737172425 -0.138894796
vn -0.997851372 0.0629969314 -0.0179991219
vn -0.983674169 0.142196268 -0.110297106
vn -0.998282909 -0.0226996113 -0.0539990775
vn -0.728354454 -0.146490857 -0.669358134
vn -0.802908003 -0.154601529 -0.575705707
vn -0.742205024 -0.130700886 -0.657304466
vn -0.932443142 -0.341915816 -0.116805412
vn -0.943576574 -0.330691814 0.0174995661
vn -0.966148078 -0.257986128 -0.00099994638
vn 0.559100807 0.814501166 0.154900223
vn 0.512305677 0.858409524 0.0260002892
vn 0.498996228 0.864593446 0.058999557
vn 0.980284929 0.168497413 0.103198409
vn 0.983619392 0.17060335 0.0582011491
vn 0.994836092 0.0996036232 -0.0195007101
vn 0.478703886 0.820706606 0.311902493
vn 0.477909535 0.852017045 0.213704273
vn 0.476714343 0.862025917 0.17220518
vn 0.494403005 0.260101616 0.829405069
vn 0.428114653 0.0187006406 0.903530955
vn 0.502187669 0.10319747 0.85857892
vn 0.9826262 0.185004935 0.0148003949
vn 0.984251618 0.176309243 0.0128006712
vn 0.981873989 0.187395051 -0.0283992495
vn -0.201690093 0.0894955993 0.975352049
vn -0.117096983 0.122996837 0.985474586
vn -0.181304514 0.229705706 0.956223786
vn 0.995864272 0.0161994193 -0.0893967971
vn 0.984514415 0.133001953 -0.114201672
vn 0.996184289 0.0770987868 -0.0408993512
vn -0.72171241 0.69211185 -0.0106001822
vn -0.800459564 0.585670412 -0.12749356
vn -0.636726439 0.768031955 -0.0686028525
vn -0.513224244 -0.72103411 0.465522021
vn -0.488111883 -0.743318081 0.45741111
vn -0.477907509 -0.742911696 0.468707353
vn -0.996567011 -0.0670977831 0.0484983958
vn -0.999056399 0.0402982421 0.0161992926
vn -0.998434961 0.0515018068 0.0218007639
vn 0.997223854 0.0186004452 0.0721017271
vn 0.995602608 -0.00840002205 0.0933002457
vn 0.996984422 0.0151997628 0.0760988072
vn 0.926880002 -0.36109218 -0.102497786
vn 0.917687118 -0.37849471 -0.120798305
vn 0.927588105 -0.351895481 -0.125498384
vn -0.134599343 -0.973095179 0.186999083
vn -0.217298314 -0.976092458 0.00499996077
vn -0.244694263 -0.896479011 0.369391352
vn -0.41790542 0.764309943 -0.491106391
vn -0.37231493 0.777831256 -0.506320298
vn -0.42602405 0.753042579 -0.501428306
vn -0.403914541 0.763227463 -0.504318178
vn -0.41688925 0.783679783 -0.460488141
vn -0.365500003 0.753199995 -0.546899974
vn 0.587222815 -0.808831394 0.0310012028
vn 0.559893489 -0.820390463 0.116098642
vn 0.571392953 -0.816589952 0.0817989931
vn 0.067795746 -0.82314831 0.563764572
vn 0.0195002127 -0.834009051 0.551406026
vn 0.0676978081 -0.826073289 0.559481919
vn 0.0393009 -0.743917048 0.667115331
vn 0.0808997974 -0.720998228 0.688198268
vn 0.0294997022 -0.668093264 0.743492484
vn -0.99157083 -0.089697361 -0.093497254
vn -0.988980412 -0.0820983723 -0.123197563
vn -0.993166268 -0.0777973607 -0.0869970471
vn -0.264716476 0.841852427 0.470329285
vn -0.227799609 0.863798499 0.449399233
vn -0.256610483 0.84833473 0.46311897
vn 0.987532556 0.150904968 -0.0448014773
vn 0.955981016 0.12579751 -0.265094727
vn 0.956693053 0.17409873 -0.233298302
vn 0.955535829 0.280610532 0.0906033963
vn 0.986533642 0.161605507 0.0252008587
vn 0.969187975 0.243496984 0.0371995382
vn 0.864104569 -0.28550151 0.414502203
vn 0.859078586 -0.300992519 0.413989693
vn 0.864497364 -0.298099101 0.404698789
vn 0.951889277 -0.305196583 0.0275996886
vn 0.947381437 -0.320093751 0.00289994315
vn 0.948121548 -0.317707211 0.0113002574
vn 0.398799717 -0.91549933 0.0530999638
vn 0.40009439 -0.914687157 0.0571992025
vn 0.368299723 -0.925599277 0.0872999355
vn 0.360913992 -0.910635233 -0.201207772
vn 0.331793368 -0.920181572 -0.207795843
vn 0.362216085 -0.915440738 -0.175407797
vn 0.318896741 -0.939390421 -0.125898719
vn 0.282195598 -0.945785224 -0.160797492
vn 0.299098521 -0.94449532 -0.135899335
vn 0.66079551 0.750194907 0.0235998426
vn 0.640186548 0.768183827 -0.00739984494
vn 0.643389404 0.764687419 0.0360994078
vn 0.561787248 0.821681321 0.0960978195
vn 0.572782218 0.816574693 0.0715977773
vn 0.544318318 0.833028018 0.0989033282
vn -0.770499229 -0.628599346 -0.105799899
vn -0.509474039 -0.854056418 0.10499464
vn -0.826489806 -0.549193203 -0.12369848
vn 0.987260699 0.148894086 -0.0560977682
vn 0.9841277 0.169204772 -0.0535015054
vn 0.994147897 0.0868041888 -0.0643031001
vn -0.98530221 -0.125300288 0.116100259
vn -0.985330582 -0.0404012538 0.165805146
vn -0.992017508 -0.0875015408 0.0908016041
vn -0.999962568 0.00719973026 0.00479982048
vn -0.999283254 0.0103998259 0.0363993905
vn -0.997557163 0.0603974089 -0.0350984931
vn -0.314588457 0.13509506 -0.939565599
vn -0.357107908 0.143203169 -0.923020422
vn -0.32280308 0.184501752 -0.928308845
vn -0.230807722 0.157105267 -0.960232139
vn -0.295512974 0.153406739 -0.942941368
vn -0.222304255 0.198203802 -0.954618275
vn 0.170598358 -0.0221997872 -0.985090494
vn 0.129004419 -0.0547018796 -0.99013406
vn 0.136604667 -0.0135004604 -0.99053371
vn -0.151099816 0.931098878 0.33199957
vn -0.18390657 0.936933458 0.297210604
vn -0.261805654 0.935820222 0.236005113
vn -0.429126322 0.896954954 0.106406517
vn -0.399184555 0.903964996 0.153294072
vn -0.395789146 0.907375157 0.141496122
vn -0.477488965 0.852480292 0.212795064
vn -0.476303637 0.837506413 0.26780206
vn -0.473195821 0.844592571 0.250497788
vn 0.986860216 0.0998959765 -0.126994878
vn 0.98814255 0.023000991 -0.151806548
vn 0.994948149 0.0117993858 -0.0996948034
vn 0.851749659 -0.0424024723 -0.522230446
vn 0.858286738 -0.036199443 -0.51189208
vn 0.832579911 -0.0300992727 -0.553086638
vn -0.582734466 -0.156009242 0.797547221
vn -0.434188634 -0.199394777 0.878477037
vn -0.495202392 -0.275901318 0.823803961
vn 0.333705097 -0.920714021 0.202303082
vn 0.259397477 -0.912991107 0.314896971
vn 0.246793553 -0.947375238 0.203894675
vn 0.34848994 -0.928873181 -0.125496373
vn 0.30030328 -0.949010432 -0.0959010497
vn 0.273693293 -0.951676667 -0.139296591
vn 0.191395402 -0.953677118 0.232094422
vn 0.129297599 -0.957482219 0.257895201
vn 0.214297891 -0.958190501 0.189598128
vn -0.682405353 0.728305697 0.06240049
vn -0.540491343 0.84128654 -0.0102998354
vn -0.622273505 0.768567264 0.148593679
vn -0.0760040954 0.0655035228 -0.994953573
vn -0.0733993948 0.0632994846 -0.995291829
vn -0.0769035444 0.061402835 -0.995145977
vn -0.264200807 0.169800505 -0.949402809
vn -0.25740847 0.122304015 -0.958531439
vn -0.3167831 0.211788684 -0.924550653
vn -0.222703189 0.343904912 -0.912213027
vn -0.289799929 0.314899951 -0.903799832
vn -0.223506927 0.342810631 -0.912428319
vn 0.0876004994 -0.39820227 0.91310519
vn 0.226592571 -0.424386054 0.876671195
vn 0.306089789 -0.360587955 0.881070614
vn 0.194694579 0.102697149 -0.975472867
vn 0.133005053 0.0541020557 -0.989637613
vn 0.13609384 0.134993896 -0.981455624
vn 0.601284444 -0.731681108 -0.321091712
vn 0.508116901 -0.833527744 -0.216907218
vn 0.578671694 -0.781661749 -0.232688606
vn -0.998255789 -0.0444980301 0.0387982838
vn -0.995024741 -0.0925023034 0.0370009206
vn -0.997350693 -0.0550972782 0.0474976487
vn 0.917152286 0.39427951 0.0580969788
vn 0.933009923 0.343103647 0.108501144
vn 0.936530948 0.344411373 0.0655021593
vn -0.21088773 -0.367378622 -0.905847311
vn -0.21088773 -0.367378622 -0.905847311
vn -0.21088773 -0.367378622 -0.905847311
vn -0.0383981206 0.812660158 0.581471503
vn -0.255191684 0.822573245 0.50818342
vn -0.319293559 0.7682845 0.554788768
vn 0.91774565 -0.390176892 0.074195601
vn 0.914792001 -0.388996601 0.108799055
vn 0.898385465 -0.421193182 0.124497987
vn -0.359315693 0.918940187 -0.162607104
vn -0.262696236 0.944886506 -0.195397213
vn -0.311911374 0.926633775 -0.209907651
vn 0.888392389 0.447496116 -0.10249912
vn 0.957267284 0.286590189 0.0387986749
vn 0.901423752 0.424611181 -0.0845022276
vn 0.691096604 -0.72249651 -0.0195999052
vn 0.708725214 -0.705325067 0.0150005333
vn 0.715056956 -0.69895792 0.0122992601
vn 0.356895179 0.49679324 0.791089296
vn 0.387295306 0.542993367 0.745090961
vn 0.425496787 0.460396528 0.7790941
vn -0.193007901 0.880035996 0.433917761
vn -0.158993319 0.903862059 0.397183299
vn -0.165689677 0.939541399 0.299681306
vn -0.290811777 0.781331599 0.552222371
vn -0.27880761 0.724719763 0.630117238
vn -0.241091281 0.72827363 0.64147681
vn -0.906083882 0.309394509 0.288594872
vn -0.912404656 0.243601233 0.328901678
vn -0.863705754 0.378402531 0.332902223
vn 0.136594653 0.0752970427 -0.987761259
vn 0.119204022 0.066602245 -0.990633368
vn 0.118301697 0.0557008013 -0.991414249
vn 0.134199008 0.0178998671 -0.990792692
vn 0.149503201 0.0089001907 -0.988721192
vn 0.148000911 0.0339002088 -0.988406062
vn -0.711100399 0.702100396 -0.0373000242
vn -0.637626588 0.767632008 -0.064602688
vn -0.71201241 0.700312138 -0.0510008857
vn 0.988333941 -0.0795027241 0.129904449
vn 0.979613423 -0.142101958 0.142001942
vn 0.98250097 -0.118500113 0.143700153
vn 0.0934001282 0.0324000455 -0.995101392
vn 0.13210322 0.085702084 -0.987524033
vn 0.131503105 0.0506011955 -0.990023434
vn 0.821785033 -0.56608969 0.0648988187
vn 0.792215049 -0.610211551 -0.00610011583
vn 0.820611954 -0.569508314 0.0475006923
vn 0.75932765 -0.646723568 0.0719026178
vn 0.755634964 -0.654230297 0.0316014625
vn 0.747889817 -0.662790954 0.0369994976
vn 0.0149995098 -0.975768089 0.218292862
vn 0.00109998987 -0.963391125 0.26809752
vn 0.019900376 -0.975318491 0.219904169
vn -0.690259397 -0.111893415 -0.714857936
vn -0.724608481 -0.116701365 -0.679207921
vn -0.741077423 -0.0547983311 -0.669179618
vn -0.754805624 -0.0267001968 -0.655404866
vn -0.788276494 -0.0579982698 -0.61258173
vn -0.480894089 -0.577192903 0.65999192
vn -0.493478715 -0.582074881 0.646272123
vn -0.454494834 -0.725291789 0.517094076
vn 0.0476987325 -0.164195642 -0.985273898
vn 0.0120002348 -0.0649012774 -0.997819543
vn 0.0815967545 -0.102695905 -0.991360486
vn -0.760023355 0.596918344 -0.257007897
vn -0.741010308 0.652809083 -0.157302186
vn -0.623974741 0.75766933 -0.191292271
vn 0.0634988919 -0.933883667 0.351893842
vn 0.0773977414 -0.938572586 0.336290181
vn 0.124001123 -0.911008298 0.393303573
vn 0.360902637 -0.801205814 0.477303505
vn 0.50058049 -0.721571922 0.478281409
vn 0.455987602 -0.647882342 0.610183418
vn -0.945193231 0.0528996214 0.322197676
vn -0.945884943 0.0532991514 0.320094913
vn -0.939319968 0.0470009968 0.339807242
vn -0.997962594 0.0050998088 0.0635976121
vn -0.999879718 -0.00309993722 0.0151996929
vn -0.996369839 0.00629980955 -0.0848974362
vn 0.0496022329 -0.11740528 -0.991844594
vn 0.0865977779 -0.208994642 -0.97407496
vn 0.0030001034 -0.193306655 -0.981133819
vn -0.993661404 0.0150994137 0.111395665
vn -0.965154886 -0.227789357 -0.128793985
vn -0.995775402 0.0221994519 0.0890978053
vn -0.885993183 0.0192998536 0.463296443
vn -0.875831306 -0.00020000714 0.482617229
vn -0.879710793 -0.00180002197 0.475505799
vn -0.731083751 -0.00199995562 0.682284772
vn -0.732724488 -0.00190006359 0.68052274
vn -0.720867693 0.00229989691 0.693068922
vn 0.941916049 0.329905629 -0.0629010722
vn 0.947887897 0.318495959 -0.0082998937
vn 0.966412544 0.249103233 -0.0632008165
vn -0.129507348 -0.356820226 -0.92515254
vn -0.104102604 -0.380209506 -0.919023037
vn -0.11989589 -0.367987394 -0.922068417
vn -0.169299871 0.144599885 -0.974899232
vn -0.148501366 0.145101339 -0.978209019
vn -0.220498815 0.172599077 -0.959994793
vn 0.997625887 -0.0345008932 -0.0596015453
vn 0.995804846 -0.0642003119 0.0652003139
vn 0.992381632 -0.122197732 -0.0156997088
vn 0.795486212 -0.507391214 -0.331294268
vn 0.85688448 -0.416992456 -0.303094506
vn 0.842739403 -0.470422 -0.261712253
vn 0.0929968581 0.971867144 -0.216392681
vn -0.0460993163 0.977885485 -0.203996971
vn -0.12410555 0.976043642 -0.178707987
vn -0.114997573 0.982279241 -0.147996873
vn -0.133503959 0.977029026 -0.166104928
vn -0.14840363 0.961423576 -0.231605694
vn -0.195994765 -0.972974062 0.122096755
vn -0.387393832 -0.906385541 0.168497324
vn -0.199998751 -0.979793847 0.00209998689
vn 0.695707798 -0.260802925 0.66930753
vn 0.551480293 -0.408585399 0.727274001
vn 0.469491214 -0.313294142 0.825484574
vn -0.91027528 -0.409588873 0.0602983609
vn -0.815719962 -0.566613913 0.11640285
vn -0.859278798 -0.493887812 0.13309671
vn 0.112096384 0.0735976249 -0.990968049
vn 0.0505019091 0.095603615 -0.994137526
vn 0.116700158 0.109600142 -0.987101316
vn -0.30379501 -0.110698186 0.946284533
vn -0.266792238 -0.115796633 0.956772149
vn -0.257601082 -0.147000611 0.955003977
vn 0.481394321 -0.860389888 0.167298034
vn 0.533199131 -0.82339859 0.194199651
vn 0.552586377 -0.814379871 0.177295625
vn -0.951120317 -0.00840017851 0.308706582
vn -0.990993321 -0.0893993974 0.0996993259
vn -0.911283314 -0.210696146 0.353793532
vn 0.927197576 -0.305099189 -0.217299432
vn 0.753709555 -0.541306853 -0.372704715
vn 0.859679759 -0.422390044 -0.287293226
vn 0.382399976 -0.310399979 0.870299935
vn 0.51511085 -0.666913986 0.53841126
vn 0.394198358 -0.560397685 0.728396952
vn -0.676420808 0.361811131 0.641519725
vn -0.850596488 -0.39079836 0.351798534
vn -0.864519119 0.468410403 0.182204038
vn -0.966893196 0.174598783 -0.186098695
vn -0.971577406 0.151496485 -0.181895763
vn -0.968555152 0.1665923 -0.184791446
vn -0.837416649 0.517110229 0.177003518
vn -0.838695884 0.512897491 0.183099091
vn -0.917271852 0.388888091 0.0858973712
vn -0.349405229 -0.83761251 0.419906259
vn -0.433910251 -0.810719192 0.393009335
vn -0.353606045 -0.829814196 0.431707382
vn -0.744994819 0.392197281 0.53959626
vn -0.88770932 -0.31970337 0.331303447
vn -0.910962701 0.142794162 0.38698414
vn 0.700508118 -0.689808011 0.182902128
vn 0.67480123 -0.687501252 0.268300474
vn 0.662693679 -0.718493164 0.211197972
vn 0.690090895 -0.46149388 0.557492673
vn 0.977289438 -0.207097769 -0.0448995158
vn 0.924698651 0.000599999155 0.380699426
vn 0.180290923 0.896554828 0.40457961
vn 0.264097959 0.741994321 0.616195261
vn -0.0779981911 0.754382491 0.651784837
vn -0.192000896 0.628902912 0.753403544
vn 0.195095435 -0.739482701 0.644284904
vn -0.235200286 -0.817701042 0.525400639
vn 0.0818985403 -0.377493262 0.922383547
vn -0.0794959664 -0.358981818 0.929952919
vn -0.0165006556 -0.290811568 0.956638038
vn -0.384798765 -0.551798284 -0.739897668
vn -0.382607907 -0.550611377 -0.741915345
vn -0.421507716 -0.562210321 -0.711513042
vn 0.085498713 0.540191889 0.83718735
vn 0.0618978515 0.566880345 0.821471453
vn 0.0856010839 0.523506641 0.847710669
vn -0.902588248 0.0789989755 0.423194498
vn -0.896879196 0.15239647 0.415190369
vn -0.901365638 0.106795922 0.419683993
vn 0.13990353 -0.791820049 0.594515026
vn 0.14980565 -0.887333512 0.436116487
vn 0.14360483 -0.853028655 0.501716852
vn 0.70039618 0.339398146 0.627896547
vn 0.790996552 0.325898558 0.517797709
vn 0.75780642 0.344202906 0.554304719
vn -0.0322988257 -0.969964862 -0.241091251
vn -0.0414991044 -0.971879065 -0.231795013
vn -0.0453018621 -0.972440004 -0.2287094
vn -0.698786259 -0.670186818 0.250095069
vn -0.709284425 -0.65398562 0.263094217
vn -0.705280662 -0.658182025 0.263392776
vn 0.907504618 -0.252201289 0.335901707
vn 0.980704844 -0.195100948 -0.0124000618
vn 0.969032943 -0.21530731 0.12090411
vn -0.195790261 0.9101547 -0.365081817
vn -0.262888998 0.864063799 -0.429282039
vn -0.103401206 0.973911345 -0.202002361
vn 0.992922425 0.11680264 -0.021500485
vn 0.969263911 0.245990872 -0.00399985164
vn 0.992518783 0.101601921 -0.0677012801
vn -0.512600005 0.784499943 -0.348999977
vn -0.486905664 0.819509566 -0.302203506
vn -0.439704746 0.808708727 -0.390704215
vn 0.4452025 0.195601106 -0.873804867
vn 0.448803604 0.215701744 -0.86720705
vn 0.433995903 0.196198151 -0.879291713
vn -0.375914454 -0.926635623 -0.005900227
vn -0.394912034 -0.913927913 0.0937028602
vn -0.4539029 -0.890905738 0.0161001049
vn -0.999087095 0.0425994471 0.00319995848
vn -0.998885214 0.0469993018 0.00439993478
vn -0.996808231 -0.0134001104 0.0787006468
vn 0.641101718 0.437701195 0.630401731
vn 0.643404484 0.414802879 0.643404484
vn 0.62026763 0.501573861 0.603068531
vn -0.688122332 0.0873028412 -0.720323443
vn -0.671103895 0.127000734 -0.730404258
vn -0.683993757 0.135498747 -0.716793418
vn 0.443611234 0.100002535 0.890622556
vn 0.443279028 0.0747964531 0.893257678
vn 0.409194678 0.094998762 0.907488227
vn 0.287005395 -0.0369006917 0.957217932
vn 0.282090157 0.00639977679 0.95936656
vn 0.305794656 0.0756986737 0.949083447
vn -0.792103291 -0.600702524 0.108300447
vn -0.74269259 -0.652593493 0.150098503
vn -0.727114737 -0.679513752 0.0978019759
vn -0.0154008232 0.942050278 0.335117906
vn 0.00160005433 0.936031759 0.351911932
vn 0.0477000102 0.96960026 0.240000054
vn -0.373114347 -0.76562947 0.524020135
vn -0.349897772 -0.759495139 0.548396468
vn -0.329302847 -0.760306597 0.559904873
vn -0.92810148 0.356800556 0.106400169
vn -0.877513707 0.448406965 0.170002669
vn -0.910889208 0.408295184 0.0597992949
vn -0.920250595 -0.0774958357 0.383579403
vn -0.923880935 -0.0837982744 0.373392284
vn -0.910573542 -0.113396704 0.397488445
vn -0.967482805 -0.24099572 0.0767986402
vn -0.972956598 -0.228589788 -0.0331985205
vn -0.97911042 -0.20330216 -0.00330003514
vn -0.771699607 -0.196099877 0.604999661
vn -0.782515168 -0.148302868 0.604711771
vn -0.830104053 -0.139400691 0.539902627
vn 0.39740172 0.145700619 -0.906003952
vn 0.397310615 0.149503991 -0.905424118
vn 0.411594361 0.160697788 -0.897087693
vn -0.948459387 -0.0643972531 -0.310286731
vn -0.94776541 -0.315988511 -0.0434984118
vn -0.951164186 -0.236991078 -0.197792545
vn -0.852921546 0.502212644 0.142503589
vn -0.825877666 0.49478659 0.270392656
vn -0.786408961 0.557306349 0.266403049
vn -0.988053858 0.13429372 0.0755964667
vn -0.986364841 0.136995107 0.0911967531
vn -0.987635791 0.132104784 0.0844030529
vn 0.468802065 0.0497002192 -0.881903887
vn 0.468006283 0.055000741 -0.88201189
vn 0.463925719 0.0426023602 -0.884849072
vn 0.315399826 0.916599452 0.245699853
vn 0.291409343 0.927129745 0.235607564
vn 0.309314966 0.907243848 0.285013765
vn 0.946892977 0.290997863 -0.136798993
vn 0.909527242 0.338210136 -0.241607249
vn 0.943783998 0.285395175 -0.166797191
vn 0.042900119 0.970902681 -0.23560065
vn -0.0616008081 0.949712455 -0.307004035
vn -0.0170006324 0.967235923 -0.253309399
vn 0.842882454 -0.538088858 0.00309993559
vn 0.842035949 -0.539323032 0.0103004398
vn 0.842482626 -0.538688898 0.00609987462
vn -0.995575428 -0.0896977857 0.0279993098
vn -0.996158421 -0.087396346 -0.00549976993
vn -0.999502659 0.0297000799 0.0106000286
vn 0.930641711 0.198087588 0.307680726
vn 0.92187345 0.208693996 0.326490611
vn 0.930517495 0.151802868 0.333306283
vn -0.533936203 -0.497533709 0.683646321
vn -0.535920143 -0.522419691 0.663224995
vn -0.510306656 -0.492206395 0.705209196
vn -0.715910375 0.689709961 0.108501568
vn -0.720784903 0.661686182 0.206495658
vn -0.635502458 0.762302935 0.122600473
vn -0.376999795 -0.0639999658 -0.923999488
vn -0.387799621 -0.025199974 -0.921399057
vn -0.367310643 -0.032600943 -0.929526865
vn -0.220293209 -0.719177842 0.658979654
vn -0.0951046497 -0.690933764 0.716634989
vn -0.10660506 -0.80513823 0.583427727
vn 0.880332649 -0.0999037027 0.463717192
vn 0.881359398 -0.0905958265 0.463678658
vn 0.884220541 -0.0712016523 0.461610734
vn 0.741102934 -0.592802346 0.315201253
vn 0.742699385 -0.5892995 0.317999721
vn 0.743086636 -0.588489473 0.318594277
vn 0.682124853 -0.407414883 0.60722214
vn 0.55207473 -0.318985432 0.770364761
vn 0.716759443 -0.495871961 0.490272284
vn 0.729518175 0.683617055 0.0217005406
vn 0.72151494 0.682714105 -0.115402393
vn 0.667098463 0.74489826 -0.0102999769
vn -0.00299992668 -0.497987807 -0.867178798
vn -0.0443992577 -0.446492523 -0.893685043
vn -0.0674008578 -0.493006259 -0.867411017
vn -0.0227005742 0.946123898 -0.32300815
vn -0.00840013381 0.951315284 -0.308104932
vn -0.0146005675 0.949636877 -0.313012153
vn 0.174907058 0.329713285 -0.927737415
vn 0.17509976 0.32259956 -0.930198669
vn 0.164202377 0.328804761 -0.930013478
vn 0.179704875 -0.96742624 0.178304821
vn 0.176307455 -0.973341107 0.146706194
vn 0.175906971 -0.973638594 0.145205766
vn 0.600710332 -0.724312425 0.338405788
vn 0.559669971 -0.783158004 0.270985454
vn 0.6004017 -0.751802206 0.2726008
vn -0.0163000617 0.238100916 -0.971103668
vn 0.00920019485 0.20210427 -0.979320765
vn -0.0382006317 0.193703204 -0.980316222
vn -0.965981007 -0.140997231 0.216795728
vn -0.985776126 0.00749981822 0.167895928
vn -0.96813488 -0.0572020598 0.243808791
vn -0.648595273 -0.715094805 -0.26069811
vn -0.6658144 -0.690114975 -0.283606142
vn -0.686892867 -0.706692696 -0.169598237
vn 0.846856833 -0.0831957608 0.525273263
vn 0.73752135 0.0024000695 0.675319493
vn 0.837785482 -0.241895795 0.489491463
vn -0.979726434 -0.0353009552 0.19720532
vn -0.966657877 0.0317986161 0.254088908
vn -0.960767031 0.0865970254 0.263490975
vn -0.246800408 -0.967901528 0.0475000739
vn -0.248096257 -0.961885452 0.114998259
vn -0.121501371 -0.991611183 0.0441005006
vn -0.672637045 0.739240706 0.0329018123
vn -0.682203412 0.730403662 0.0333001651
vn -0.638819695 0.763823569 0.0921028405
vn -0.99103725 -0.065002434 0.116704389
vn -0.990664005 -0.125895426 0.0522980988
vn -0.987780571 0.0301994067 0.152897
vn 0.99835676 0.0531976968 0.0212990772
vn 0.998569369 0.0405987538 0.0347989313
vn 0.991029143 0.109303214 0.0769022629
vn -0.966715932 -0.0553009138 -0.249804109
vn -0.986143827 -0.100604467 -0.131905854
vn -0.963709891 -0.157001615 -0.215902224
vn -0.438996702 0.0802993998 -0.894893289
vn -0.421187311 0.00139995769 -0.906972647
vn -0.437005252 0.0314003751 -0.898910761
vn -0.383411169 0.920226872 0.0786022916
vn -0.309900403 0.95000124 -0.0382000506
vn -0.462207526 0.886614501 -0.0167002715
vn -0.855803668 -0.484302074 0.181800783
vn -0.853122354 -0.434811383 0.288307548
vn -0.906548738 -0.3875781 0.167190552
vn -0.980716288 -0.192403197 -0.0343005694
vn -0.976367176 -0.21289283 -0.0371987484
vn -0.982639968 -0.185107544 0.0124005051
vn 0.0836038664 -0.974845052 -0.206609547
vn 0.0878966898 -0.966163695 -0.242490888
vn 0.314406097 -0.943618298 -0.103602007
vn -0.152906775 -0.970442951 0.186708272
vn -0.138996989 -0.965479136 0.220295236
vn -0.14230147 -0.965110004 0.219802275
vn -0.238592073 0.41628617 -0.877370894
vn -0.239494368 0.0373991206 -0.970177174
vn -0.24910602 0.0172004178 -0.96832341
vn 0.435909957 0.105202407 -0.893820465
vn 0.431419998 0.109005041 -0.895541489
vn 0.420185328 0.108996198 -0.900868595
vn -0.895730197 -0.15280515 0.417514086
vn -0.885244489 -0.159090012 0.437072575
vn -0.91494 -0.10150443 0.390617073
vn -0.904876709 -0.110097162 0.411189407
vn 0.415394068 0.05959915 0.907687008
vn 0.420311511 0.0625017062 0.905224741
vn 0.40709582 0.068799302 0.910790682
vn 0.410685599 0.0383986607 0.910968125
vn -0.996794522 -0.0779995695 -0.0177999008
vn -0.990381658 -0.136697471 0.0213996042
vn -0.994576216 -0.103997514 0.00159996166
vn -0.991978288 -0.119297393 0.0417990871
vn -0.982049525 -0.181709185 -0.0506025515
vn -0.983877897 -0.143896773 -0.10619761
vn -0.978730381 -0.0933028981 -0.182705671
vn -0.991362274 -0.0898965821 -0.0954963639
vn 0.993376791 0.110997416 0.0296993069
vn 0.998958945 0.0112995356 0.0441981852
vn 0.999976635 -0.00139996724 0.00669984333
vn 0.999754012 -0.00979954936 -0.0198990833
vn -0.990830421 -0.0849026069 0.105103225
vn -0.996531665 -0.0674021393 0.0488015488
vn -0.999131143 0.00800024997 0.0409012735
vn -0.996674538 -0.00889977254 0.080997929
vn -0.432395935 -0.346396744 0.832492173
vn -0.474900633 -0.373600513 0.79680109
vn -0.353009492 -0.465112537 0.811821878
vn -0.36110878 -0.421910256 0.831620216
vn -0.0168006234 -0.173806459 -0.984636545
vn 0.0435009338 -0.2187047 -0.974820912
vn 0.0267002452 -0.268502474 -0.962908864
vn 0.020400241 -0.167201966 -0.985711634
vn 0.97850877 0.173201546 0.111901008
vn 0.968563259 0.212891936 0.12869513
vn 0.976242185 0.17190744 0.131905705
vn 0.973508656 0.164701462 0.158601418
vn 0.974850297 0.21578899 -0.0556971617
vn 0.967125535 0.234906182 -0.0974025726
vn 0.971100628 0.216200128 -0.101100065
vn 0.974550247 0.194590062 -0.111294314
vn -0.419891864 0.907482445 -0.0128997508
vn -0.325496107 0.936688781 0.129098445
vn -0.336910248 0.940728664 -0.0390011929
vn -0.405421615 0.909548521 0.0914048702
vn -0.462207526 0.886614501 -0.0167002715
vn -0.313708574 0.949225962 0.0236006472
vn -0.383411169 0.920226872 0.0786022916
vn -0.458808273 0.882415891 -0.104101874
vn 0.991803765 0.123800471 0.0316001177
vn 0.997090936 0.0758993179 0.00699993689
vn 0.96058023 0.228395313 0.158496737
vn 0.967172265 0.250792831 0.0409988239
vn -0.946514308 0.266704053 0.181602746
vn -0.945850074 0.260186255 0.194089755
vn -0.95153892 0.260710657 0.163106665
vn -0.95554781 0.243112162 0.166808352
vn -0.199503198 -0.97441566 -0.10350167
vn -0.199806005 -0.975929379 -0.0874026269
vn -0.214404568 -0.972220719 -0.0939020067
vn -0.218498215 -0.970492005 -0.101999156
vn -0.909110904 -0.415204972 0.0335004032
vn -0.888911486 -0.454105914 0.0602007769
vn -0.880014777 -0.434007257 0.192903236
vn -0.864608109 -0.473704427 0.167501569
vn -0.865460634 -0.475178391 0.158692792
vn 0.890405178 -0.444002599 -0.100200579
vn 0.850539565 -0.51252383 -0.117905483
vn 0.856177568 -0.516486466 -0.0141996285
vn 0.8770836 -0.480091035 -0.0153997121
vn -0.140904769 0.988233447 -0.0595020168
vn -0.161695272 0.977271378 -0.137095973
vn -0.184095785 0.97867763 -0.0910979137
vn -0.184093267 0.974864304 -0.125495404
vn -0.78461659 0.605612814 -0.132702798
vn -0.755296409 0.65079689 -0.0773996338
vn -0.737564623 0.673867702 -0.0435979068
vn -0.633098662 0.752298474 -0.182299629
vn -0.56231761 0.190305948 0.80472517
vn -0.544909298 0.161402762 0.822814047
vn -0.555386305 0.187495366 0.810179949
vn -0.540990233 0.201696366 0.816485286
vn -0.516103685 0.855106115 -0.049300354
vn -0.491414011 0.870924771 0.00150004274
vn -0.513902605 0.835204303 -0.19580102
vn -0.495399714 0.865799546 -0.0704999641
vn -0.214798689 -0.113899305 -0.969994128
vn -0.173596665 -0.122397646 -0.977181196
vn -0.208307862 -0.0743028 -0.975236833
vn -0.18729113 -0.05149756 -0.980953574
vn -0.053798683 -0.89697808 0.438789278
vn -0.179704875 -0.96742624 0.178304821
vn -0.152906775 -0.970442951 0.186708272
vn -0.14230147 -0.965110004 0.219802275
vn -0.11059925 -0.534196377 0.838094294
vn -0.197409987 -0.506325543 0.839442432
vn -0.288908958 -0.641519964 0.710622132
vn -0.180500209 -0.609200716 0.772200882
vn 0.187606588 -0.0203007143 -0.982034445
vn 0.12539874 -0.0376996174 -0.99138993
vn 0.174503386 -0.0381007381 -0.983919084
vn 0.174304307 -0.0269006658 -0.984324336
vn -0.952107608 0.290102333 -0.0966007784
vn -0.950989068 0.309096456 -0.00889989734
vn -0.969112635 0.232303038 -0.0828010812
vn -0.968705058 0.244101301 -0.0450002365
vn 0.985137582 0.120604604 0.122304671
vn 0.987068534 0.140595526 0.0769975483
vn 0.986897171 0.149699569 0.060199827
vn 0.978831112 0.134804294 0.154004887
vn -0.378386945 0.596079409 -0.70817554
vn -0.3671951 0.697290778 -0.615591824
vn -0.38110891 0.596314013 -0.706516564
vn -0.287209213 0.605119348 -0.742523789
vn 0.711872458 -0.676373839 0.189092696
vn 0.699523389 -0.672022402 0.243008122
vn 0.696682155 -0.660483122 0.279992849
vn 0.740988493 -0.627890229 0.238096327
vn 0.150199056 0.986893773 0.0589996278
vn 0.217205614 0.9761253 0.00110002852
vn 0.216311485 0.976251841 0.0119006326
vn 0.110700063 0.992200673 0.0573000386
g MESH_VRKS_End_A_Submesh0
f 1/1/1 2/2/2 3/3/3
f 4/4/4 5/5/5 6/6/6
f 7/7/7 8/8/8 9/9/9
f 10/10/10 11/11/11 12/12/12
f 13/13/13 14/14/14 15/15/15
f 16/16/16 17/17/17 18/18/18
f 19/19/19 20/20/20 21/21/21
f 22/22/22 21/21/21 23/23/23
f 24/24/24 25/25/25 26/26/26
f 27/27/27 28/28/28 29/29/29
f 30/30/30 31/31/31 27/27/27
f 32/32/32 33/33/33 34/34/34
f 35/35/35 36/36/36 37/37/37
f 38/38/38 39/39/39 40/40/40
f 38/38/38 41/41/41 42/42/42
f 43/43/43 44/44/44 45/45/45
f 46/46/46 47/47/47 48/48/48
f 49/49/49 50/50/50 51/51/51
f 52/52/52 53/53/53 54/54/54
f 55/55/55 56/56/56 57/57/57
f 58/58/58 59/59/59 60/60/60
f 61/61/61 62/62/62 63/63/63
f 64/64/64 65/65/65 66/66/66
f 67/67/67 68/68/68 69/69/69
f 70/70/70 71/71/71 72/72/72
f 73/73/73 74/74/74 75/75/75
f 76/76/76 77/77/77 78/78/78
f 79/79/79 80/80/80 81/81/81
f 82/82/82 83/83/83 84/84/84
f 85/85/85 86/86/86 87/87/87
f 88/88/88 89/89/89 90/90/90
f 91/91/91 92/92/92 93/93/93
f 94/94/94 91/91/91 95/95/95
f 96/96/96 97/97/97 98/98/98
f 99/99/99 100/100/100 101/101/101
f 102/102/102 103/103/103 104/104/104
f 105/105/105 106/106/106 107/107/107
f 108/108/108 109/109/109 110/110/110
f 111/111/111 112/112/112 113/113/113
f 114/114/114 111/111/111 115/115/115
f 111/111/111 116/116/116 117/117/117
f 118/118/118 119/119/119 120/120/120
f 121/121/121 122/122/122 123/123/123
f 124/124/124 125/125/125 126/126/126
f 127/127/127 128/128/128 129/129/129
f 130/130/130 131/131/131 132/132/132
f 133/133/133 134/134/134 135/135/135
f 136/136/136 137/137/137 138/138/138
f 139/139/139 140/140/140 141/141/141
f 142/142/142 143/143/143 144/144/144
f 145/145/145 146/146/146 147/147/147
f 148/148/148 149/149/149 150/150/150
f 151/151/151 152/152/152 153/153/153
f 154/154/154 155/155/155 156/156/156
f 157/157/157 158/158/158 159/159/159
f 160/160/160 161/161/161 162/162/162
f 163/163/163 164/164/164 165/165/165
f 166/166/166 167/167/167 168/168/168
f 169/169/169 170/170/170 171/171/171
f 172/172/172 173/173/173 174/174/174
f 175/175/175 176/176/176 177/177/177
f 178/178/178 179/179/179 180/180/180
f 181/181/181 182/182/182 183/183/183
f 184/184/184 185/185/185 186/186/186
f 187/187/187 188/188/188 189/189/189
f 190/190/190 191/191/191 192/192/192
f 193/193/193 194/194/194 195/195/195
f 196/196/196 197/197/197 198/198/198
f 199/199/199 200/200/200 201/201/201
f 202/202/202 203/203/203 204/204/204
f 205/205/205 206/206/206 207/207/207
f 208/208/208 209/209/209 210/210/210
f 211/211/211 212/212/212 213/213/213
f 214/214/214 215/215/215 216/216/216
f 217/217/217 218/218/218 219/219/219
f 220/220/220 221/221/221 222/222/222
f 223/223/223 224/224/224 225/225/225
f 226/226/226 227/227/227 228/228/228
f 229/229/229 230/230/230 231/231/231
f 232/232/232 233/233/233 234/234/234
f 235/235/235 236/236/236 237/237/237
f 238/238/238 239/239/239 240/240/240
f 241/241/241 242/242/242 243/243/243
f 244/244/244 245/245/245 246/246/246
f 247/247/247 248/248/248 249/249/249
f 250/250/250 251/251/251 252/252/252
f 253/253/253 254/254/254 255/255/255
f 256/256/256 257/257/257 258/258/258
f 256/256/256 259/259/259 260/260/260
f 261/261/261 262/262/262 263/263/263
f 264/264/264 265/265/265 261/261/261
f 266/266/266 267/267/267 268/268/268
f 269/269/269 270/270/270 271/271/271
f 272/272/272 273/273/273 274/274/274
f 275/275/275 276/276/276 277/277/277
f 278/278/278 279/279/279 275/275/275
f 280/280/280 281/281/281 282/282/282
f 283/283/283 284/284/284 285/285/285
f 286/286/286 287/287/287 283/283/283
f 288/288/288 289/289/289 290/290/290
f 291/291/291 292/292/292 293/293/293
f 294/294/294 295/295/295 296/296/296
f 297/297/297 298/298/298 299/299/299
f 299/299/299 300/300/300 301/301/301
f 301/301/301 302/302/302 299/299/299
f 301/301/301 303/303/303 302/302/302
f 304/304/304 305/305/305 306/306/306
f 307/307/307 308/308/308 309/309/309
f 310/310/310 311/311/311 312/312/312
f 313/313/313 314/314/314 315/315/315
f 316/316/316 317/317/317 318/318/318
f 319/319/319 320/320/320 321/321/321
f 320/320/320 322/322/322 323/323/323
f 324/324/324 325/325/325 326/326/326
f 327/327/327 328/328/328 329/329/329
f 330/330/330 331/331/331 332/332/332
f 333/333/333 334/334/334 335/335/335
f 336/336/336 337/337/337 338/338/338
f 339/339/339 340/340/340 341/341/341
f 342/342/342 343/343/343 344/344/344
f 345/345/345 346/346/346 347/347/347
f 348/348/348 349/349/349 350/350/350
f 351/351/351 352/352/352 353/353/353
f 354/354/354 355/355/355 356/356/356
f 354/354/354 357/357/357 358/358/358
f 359/359/359 360/360/360 361/361/361
f 362/362/362 363/363/363 364/364/364
f 365/365/365 366/366/366 367/367/367
f 368/368/368 369/369/369 370/370/370
f 371/371/371 372/372/372 373/373/373
f 374/374/374 375/375/375 376/376/376
f 377/377/377 378/378/378 379/379/379
f 380/380/380 381/381/381 382/382/382
f 383/383/383 384/384/384 385/385/385
f 386/386/386 387/387/387 388/388/388
f 389/389/389 390/390/390 391/391/391
f 392/392/392 393/393/393 394/394/394
f 395/395/395 396/396/396 397/397/397
f 398/398/398 399/399/399 400/400/400
f 401/401/401 402/402/402 403/403/403
f 404/404/404 405/405/405 406/406/406
f 407/407/407 406/406/406 408/408/408
f 409/409/409 410/410/410 411/411/411
f 412/412/412 413/413/413 414/414/414
f 415/415/415 416/416/416 417/417/417
f 418/418/418 419/419/419 420/420/420
f 421/421/421 422/422/422 423/423/423
f 424/424/424 425/425/425 426/426/426
f 427/427/427 428/428/428 429/429/429
f 430/430/430 431/431/431 432/432/432
f 433/433/433 434/434/434 435/435/435
f 436/436/436 437/437/437 438/438/438
f 439/439/439 440/440/440 441/441/441
f 442/442/442 443/443/443 444/444/444
f 445/445/445 446/446/446 447/447/447
f 448/448/448 449/449/449 450/450/450
f 451/451/451 452/452/452 453/453/453
f 454/454/454 455/455/455 456/456/456
f 457/457/457 458/458/458 459/459/459
f 460/460/460 461/461/461 462/462/462
f 463/463/463 464/464/464 465/465/465
f 466/466/466 467/467/467 468/468/468
f 469/469/469 470/470/470 471/471/471
f 472/472/472 473/473/473 474/474/474
f 475/475/475 476/476/476 477/477/477
f 478/478/478 479/479/479 480/480/480
f 481/481/481 482/482/482 483/483/483
f 484/484/484 485/485/485 486/486/486
f 487/487/487 488/488/488 489/489/489
f 490/490/490 491/491/491 492/492/492
f 493/493/493 494/494/494 495/495/495
f 496/496/496 497/497/497 498/498/498
f 499/499/499 500/500/500 501/501/501
f 502/502/502 503/503/503 504/504/504
f 505/505/505 506/506/506 507/507/507
f 508/508/508 509/509/509 510/510/510
f 511/511/511 512/512/512 513/513/513
f 514/514/514 515/515/515 516/516/516
f 517/517/517 518/518/518 519/519/519
f 520/520/520 521/521/521 522/522/522
f 523/523/523 524/524/524 525/525/525
f 526/526/526 527/527/527 528/528/528
f 529/529/529 530/530/530 531/531/531
f 532/532/532 533/533/533 534/534/534
f 535/535/535 536/536/536 537/537/537
f 538/538/538 539/539/539 540/540/540
f 541/541/541 542/542/542 543/543/543
f 544/544/544 545/545/545 546/546/546
f 547/547/547 548/548/548 549/549/549
f 550/550/550 551/551/551 552/552/552
f 553/553/553 554/554/554 555/555/555
f 556/556/556 557/557/557 558/558/558
f 559/559/559 560/560/560 561/561/561
f 562/562/562 563/563/563 564/564/564
f 565/565/565 566/566/566 567/567/567
f 568/568/568 569/569/569 566/566/566
f 570/570/570 571/571/571 572/572/572
f 573/573/573 574/574/574 575/575/575
f 576/576/576 577/577/577 578/578/578
f 579/579/579 580/580/580 581/581/581
f 582/582/582 583/583/583 584/584/584
f 585/585/585 586/586/586 587/587/587
f 588/588/588 589/589/589 590/590/590
f 591/591/591 592/592/592 593/593/593
f 594/594/594 595/595/595 596/596/596
f 597/597/597 598/598/598 599/599/599
f 600/600/600 601/601/601 602/602/602
f 603/603/603 604/604/604 605/605/605
f 606/606/606 607/607/607 608/608/608
f 609/609/609 610/610/610 611/611/611
f 612/612/612 613/613/613 614/614/614
f 615/615/615 616/616/616 617/617/617
f 618/618/618 619/619/619 620/620/620
f 621/621/621 622/622/622 623/623/623
f 624/624/624 625/625/625 626/626/626
f 627/627/627 628/628/628 629/629/629
f 630/630/630 631/631/631 632/632/632
f 633/633/633 634/634/634 635/635/635
f 636/636/636 637/637/637 638/638/638
f 639/639/639 640/640/640 641/641/641
f 642/642/642 643/643/643 644/644/644
f 645/645/645 646/646/646 647/647/647
f 648/648/648 649/649/649 650/650/650
f 651/651/651 652/652/652 653/653/653
f 654/654/654 655/655/655 656/656/656
f 657/657/657 658/658/658 659/659/659
f 660/660/660 661/661/661 662/662/662
f 663/663/663 664/664/664 665/665/665
f 666/666/666 667/667/667 668/668/668
f 669/669/669 670/670/670 671/671/671
f 672/672/672 673/673/673 674/674/674
f 675/675/675 676/676/676 677/677/677
f 678/678/678 679/679/679 680/680/680
f 681/681/681 682/682/682 683/683/683
f 684/684/684 685/685/685 686/686/686
f 687/687/687 688/688/688 689/689/689
f 690/690/690 691/691/691 692/692/692
f 693/693/693 694/694/694 695/695/695
f 696/696/696 697/697/697 698/698/698
f 699/699/699 700/700/700 701/701/701
f 702/702/702 703/703/703 704/704/704
f 705/705/705 706/706/706 707/707/707
f 708/708/708 709/709/709 710/710/710
f 711/711/711 712/712/712 713/713/713
f 714/714/714 715/715/715 716/716/716
f 717/717/717 718/718/718 719/719/719
f 720/720/720 721/721/721 722/722/722
f 723/723/723 722/722/722 724/724/724
f 725/725/725 726/726/726 727/727/727
f 728/728/728 729/729/729 730/730/730
f 731/731/731 732/732/732 733/733/733
f 734/734/734 735/735/735 736/736/736
f 737/737/737 738/738/738 739/739/739
f 740/740/740 741/741/741 742/742/742
f 743/743/743 744/744/744 745/745/745
f 746/746/746 747/747/747 748/748/748
f 749/749/749 750/750/750 751/751/751
f 752/752/752 753/753/753 754/754/754
f 755/755/755 756/756/756 757/757/757
f 756/756/756 758/758/758 759/759/759
f 760/760/760 761/761/761 762/762/762
f 763/763/763 764/764/764 765/765/765
f 766/766/766 767/767/767 768/768/768
f 769/769/769 770/770/770 771/771/771
f 772/772/772 773/773/773 774/774/774
f 775/775/775 776/776/776 777/777/777
f 778/778/778 779/779/779 780/780/780
f 781/781/781 782/782/782 783/783/783
f 784/784/784 785/785/785 786/786/786
f 787/787/787 788/788/788 789/789/789
f 790/790/790 791/791/791 792/792/792
f 793/793/793 794/794/794 795/795/795
f 796/796/796 797/797/797 798/798/798
f 799/799/799 800/800/800 801/801/801
f 802/802/802 803/803/803 804/804/804
f 805/805/805 806/806/806 807/807/807
f 808/808/808 809/809/809 810/810/810
f 811/811/811 812/812/812 813/813/813
f 814/814/814 815/815/815 816/816/816
f 817/817/817 818/818/818 819/819/819
f 820/820/820 821/821/821 822/822/822
f 823/823/823 824/824/824 825/825/825
f 826/826/826 827/827/827 828/828/828
f 829/829/829 830/830/830 831/831/831
f 832/832/832 833/833/833 834/834/834
f 835/835/835 836/836/836 837/837/837
f 838/838/838 839/839/839 840/840/840
f 841/841/841 842/842/842 843/843/843
f 844/844/844 845/845/845 846/846/846
f 847/847/847 848/848/848 849/849/849
f 850/850/850 851/851/851 852/852/852
f 853/853/853 854/854/854 855/855/855
f 856/856/856 857/857/857 858/858/858
f 859/859/859 860/860/860 861/861/861
f 862/862/862 863/863/863 864/864/864
f 865/865/865 866/866/866 867/867/867
f 868/868/868 869/869/869 870/870/870
f 871/871/871 872/872/872 873/873/873
f 874/874/874 875/875/875 876/876/876
f 877/877/877 878/878/878 879/879/879
f 880/880/880 881/881/881 882/882/882
f 883/883/883 884/884/884 885/885/885
f 886/886/886 887/887/887 888/888/888
f 889/889/889 890/890/890 891/891/891
f 892/892/892 893/893/893 894/894/894
f 895/895/895 896/896/896 897/897/897
f 898/898/898 899/899/899 900/900/900
f 901/901/901 902/902/902 903/903/903
f 904/904/904 905/905/905 906/906/906
f 907/907/907 908/908/908 909/909/909
f 910/910/910 911/911/911 912/912/912
f 913/913/913 914/914/914 915/915/915
f 916/916/916 917/917/917 918/918/918
f 919/919/919 920/920/920 921/921/921
f 922/922/922 923/923/923 924/924/924
f 925/925/925 926/926/926 927/927/927
f 928/928/928 929/929/929 930/930/930
f 931/931/931 932/932/932 933/933/933
f 934/934/934 935/935/935 936/936/936
f 937/937/937 938/938/938 939/939/939
f 940/940/940 941/941/941 942/942/942
f 943/943/943 944/944/944 945/945/945
f 946/946/946 947/947/947 948/948/948
f 949/949/949 950/950/950 951/951/951
f 952/952/952 953/953/953 954/954/954
f 955/955/955 956/956/956 957/957/957
f 958/958/958 959/959/959 960/960/960
f 961/961/961 962/962/962 963/963/963
f 964/964/964 965/965/965 966/966/966
f 967/967/967 968/968/968 969/969/969
f 970/970/970 971/971/971 972/972/972
f 973/973/973 974/974/974 975/975/975
f 976/976/976 977/977/977 978/978/978
f 979/979/979 980/980/980 981/981/981
f 982/982/982 983/983/983 984/984/984
f 985/985/985 986/986/986 987/987/987
f 988/988/988 989/989/989 990/990/990
f 991/991/991 992/992/992 993/993/993
f 994/994/994 995/995/995 996/996/996
f 997/997/997 998/998/998 999/999/999
f 1000/1000/1000 1001/1001/1001 1002/1002/1002
f 1003/1003/1003 1004/1004/1004 1005/1005/1005
f 1006/1006/1006 1007/1007/1007 1008/1008/1008
f 1009/1009/1009 1010/1010/1010 1011/1011/1011
f 1012/1012/1012 1013/1013/1013 1014/1014/1014
f 1015/1015/1015 1016/1016/1016 1017/1017/1017
f 1018/1018/1018 1019/1019/1019 1020/1020/1020
f 1021/1021/1021 1022/1022/1022 1023/1023/1023
f 1024/1024/1024 1025/1025/1025 1026/1026/1026
f 1027/1027/1027 1028/1028/1028 1029/1029/1029
f 1030/1030/1030 1031/1031/1031 1032/1032/1032
f 1033/1033/1033 1034/1034/1034 1035/1035/1035
f 1036/1036/1036 1037/1037/1037 1038/1038/1038
f 1039/1039/1039 1040/1040/1040 1041/1041/1041
f 1042/1042/1042 1043/1043/1043 1044/1044/1044
f 1045/1045/1045 1046/1046/1046 1047/1047/1047
f 1048/1048/1048 1049/1049/1049 1050/1050/1050
f 1051/1051/1051 1052/1052/1052 1053/1053/1053
f 1054/1054/1054 1055/1055/1055 1056/1056/1056
f 1057/1057/1057 1058/1058/1058 1059/1059/1059
f 1060/1060/1060 1061/1061/1061 1062/1062/1062
f 1063/1063/1063 1064/1064/1064 1065/1065/1065
f 1066/1066/1066 1067/1067/1067 1068/1068/1068
f 1069/1069/1069 1070/1070/1070 1071/1071/1071
f 1072/1072/1072 1073/1073/1073 1074/1074/1074
f 1075/1075/1075 1076/1076/1076 1077/1077/1077
f 1078/1078/1078 1079/1079/1079 1080/1080/1080
f 1081/1081/1081 1082/1082/1082 1083/1083/1083
f 1084/1084/1084 1085/1085/1085 1086/1086/1086
f 1087/1087/1087 1088/1088/1088 1089/1089/1089
f 1090/1090/1090 1091/1091/1091 1092/1092/1092
f 1093/1093/1093 1094/1094/1094 1095/1095/1095
f 1096/1096/1096 1097/1097/1097 1098/1098/1098
f 1099/1099/1099 1100/1100/1100 1101/1101/1101
f 1102/1102/1102 1103/1103/1103 1104/1104/1104
f 1105/1105/1105 1106/1106/1106 1107/1107/1107
f 1108/1108/1108 1109/1109/1109 1110/1110/1110
f 1111/1111/1111 1112/1112/1112 1113/1113/1113
f 1114/1114/1114 1115/1115/1115 1116/1116/1116
f 1117/1117/1117 1118/1118/1118 1119/1119/1119
f 1120/1120/1120 1121/1121/1121 1122/1122/1122
f 1123/1123/1123 1124/1124/1124 1125/1125/1125
f 1126/1126/1126 1127/1127/1127 1128/1128/1128
f 1129/1129/1129 1130/1130/1130 1131/1131/1131
f 1132/1132/1132 1133/1133/1133 1134/1134/1134
f 1135/1135/1135 1136/1136/1136 1137/1137/1137
f 1138/1138/1138 1139/1139/1139 1140/1140/1140
f 1141/1141/1141 1142/1142/1142 1143/1143/1143
f 1144/1144/1144 1145/1145/1145 1146/1146/1146
f 1147/1147/1147 1148/1148/1148 1149/1149/1149
f 1150/1150/1150 1151/1151/1151 1152/1152/1152
f 1153/1153/1153 1154/1154/1154 1155/1155/1155
f 1156/1156/1156 1157/1157/1157 1158/1158/1158
f 1159/1159/1159 1160/1160/1160 1161/1161/1161
f 1162/1162/1162 1163/1163/1163 1164/1164/1164
f 1165/1165/1165 1166/1166/1166 1167/1167/1167
f 1168/1168/1168 1169/1169/1169 1170/1170/1170
f 1171/1171/1171 1172/1172/1172 1173/1173/1173
f 1174/1174/1174 1175/1175/1175 1176/1176/1176
f 1177/1177/1177 1178/1178/1178 1179/1179/1179
f 1180/1180/1180 1178/1178/1178 1181/1181/1181
f 1182/1182/1182 1183/1183/1183 1184/1184/1184
f 1185/1185/1185 1186/1186/1186 1187/1187/1187
f 1188/1188/1188 1189/1189/1189 1190/1190/1190
f 1191/1191/1191 1192/1192/1192 1193/1193/1193
f 1194/1194/1194 1195/1195/1195 1196/1196/1196
f 1197/1197/1197 1198/1198/1198 1199/1199/1199
f 1200/1200/1200 1201/1201/1201 1202/1202/1202
f 1203/1203/1203 1204/1204/1204 1205/1205/1205
f 1206/1206/1206 1207/1207/1207 1208/1208/1208
f 1209/1209/1209 1210/1210/1210 1211/1211/1211
f 1212/1212/1212 1213/1213/1213 1214/1214/1214
f 1215/1215/1215 1216/1216/1216 1217/1217/1217
f 1218/1218/1218 1219/1219/1219 1220/1220/1220
f 1221/1221/1221 1222/1222/1222 1223/1223/1223
f 1224/1224/1224 1225/1225/1225 1226/1226/1226
f 1227/1227/1227 1228/1228/1228 1229/1229/1229
f 1230/1230/1230 1231/1231/1231 1232/1232/1232
f 1233/1233/1233 1234/1234/1234 1235/1235/1235
f 1236/1236/1236 1237/1237/1237 1238/1238/1238
f 1239/1239/1239 1240/1240/1240 1241/1241/1241
f 1242/1242/1242 1243/1243/1243 1244/1244/1244
f 1245/1245/1245 1246/1246/1246 1247/1247/1247
f 1248/1248/1248 1249/1249/1249 1250/1250/1250
f 1251/1251/1251 1252/1252/1252 1253/1253/1253
f 1254/1254/1254 1255/1255/1255 1256/1256/1256
f 1257/1257/1257 1258/1258/1258 1259/1259/1259
f 1260/1260/1260 1261/1261/1261 1262/1262/1262
f 1263/1263/1263 1264/1264/1264 1265/1265/1265
f 1266/1266/1266 1267/1267/1267 1268/1268/1268
f 1269/1269/1269 1270/1270/1270 1271/1271/1271
f 1272/1272/1272 1273/1273/1273 1274/1274/1274
f 1275/1275/1275 1276/1276/1276 1277/1277/1277
f 1278/1278/1278 1279/1279/1279 1280/1280/1280
f 1281/1281/1281 1282/1282/1282 1283/1283/1283
f 1284/1284/1284 1285/1285/1285 1286/1286/1286
f 1287/1287/1287 1288/1288/1288 1289/1289/1289
f 1290/1290/1290 1291/1291/1291 1292/1292/1292
f 1293/1293/1293 1294/1294/1294 1295/1295/1295
f 1296/1296/1296 1297/1297/1297 1298/1298/1298
f 1299/1299/1299 1300/1300/1300 1301/1301/1301
f 1302/1302/1302 1303/1303/1303 1304/1304/1304
f 1305/1305/1305 1306/1306/1306 1307/1307/1307
f 1308/1308/1308 1309/1309/1309 1310/1310/1310
f 1311/1311/1311 1312/1312/1312 1313/1313/1313
f 1314/1314/1314 1315/1315/1315 1316/1316/1316
f 1317/1317/1317 1318/1318/1318 1319/1319/1319
f 1320/1320/1320 1321/1321/1321 1322/1322/1322
f 1323/1323/1323 1324/1324/1324 1325/1325/1325
f 1326/1326/1326 1327/1327/1327 1328/1328/1328
f 1329/1329/1329 1330/1330/1330 1331/1331/1331
f 1332/1332/1332 1333/1333/1333 1334/1334/1334
f 1335/1335/1335 1336/1336/1336 1337/1337/1337
f 1338/1338/1338 1339/1339/1339 1340/1340/1340
f 1341/1341/1341 1342/1342/1342 1343/1343/1343
f 1344/1344/1344 1345/1345/1345 1346/1346/1346
f 1347/1347/1347 1348/1348/1348 1349/1349/1349
f 1350/1350/1350 1351/1351/1351 1352/1352/1352
f 1353/1353/1353 1354/1354/1354 1355/1355/1355
f 1356/1356/1356 1357/1357/1357 1358/1358/1358
f 1359/1359/1359 1360/1360/1360 1361/1361/1361
f 1362/1362/1362 1363/1363/1363 1364/1364/1364
f 1365/1365/1365 1366/1366/1366 1367/1367/1367
f 1368/1368/1368 1369/1369/1369 1370/1370/1370
f 1371/1371/1371 1372/1372/1372 1373/1373/1373
f 1374/1374/1374 1375/1375/1375 1376/1376/1376
f 1377/1377/1377 1378/1378/1378 1379/1379/1379
f 1380/1380/1380 1381/1381/1381 1382/1382/1382
f 1383/1383/1383 1384/1384/1384 1385/1385/1385
f 1386/1386/1386 1387/1387/1387 1388/1388/1388
f 1389/1389/1389 1390/1390/1390 1391/1391/1391
f 1392/1392/1392 1393/1393/1393 1394/1394/1394
f 1395/1395/1395 1396/1396/1396 1397/1397/1397
f 1398/1398/1398 1399/1399/1399 1400/1400/1400
f 1401/1401/1401 1402/1402/1402 1403/1403/1403
f 1404/1404/1404 1405/1405/1405 1406/1406/1406
f 1407/1407/1407 1408/1408/1408 1409/1409/1409
f 1410/1410/1410 1411/1411/1411 1412/1412/1412
f 1413/1413/1413 1414/1414/1414 1415/1415/1415
f 1416/1416/1416 1417/1417/1417 1418/1418/1418
f 1419/1419/1419 1420/1420/1420 1421/1421/1421
f 1422/1422/1422 1423/1423/1423 1424/1424/1424
f 1425/1425/1425 1426/1426/1426 1427/1427/1427
f 1428/1428/1428 1429/1429/1429 1430/1430/1430
f 1431/1431/1431 1432/1432/1432 1433/1433/1433
f 1434/1434/1434 1435/1435/1435 1436/1436/1436
f 1437/1437/1437 1438/1438/1438 1439/1439/1439
f 1440/1440/1440 1441/1441/1441 1442/1442/1442
f 1443/1443/1443 1444/1444/1444 1445/1445/1445
f 1446/1446/1446 1447/1447/1447 1448/1448/1448
f 1449/1449/1449 1450/1450/1450 1451/1451/1451
f 1452/1452/1452 1453/1453/1453 1454/1454/1454
f 1455/1455/1455 1456/1456/1456 1457/1457/1457
f 1458/1458/1458 1459/1459/1459 1460/1460/1460
f 1461/1461/1461 1462/1462/1462 1463/1463/1463
f 1464/1464/1464 1465/1465/1465 1466/1466/1466
f 1467/1467/1467 1468/1468/1468 1469/1469/1469
f 1470/1470/1470 1471/1471/1471 1472/1472/1472
f 1473/1473/1473 1474/1474/1474 1475/1475/1475
f 1476/1476/1476 1477/1477/1477 1478/1478/1478
f 1479/1479/1479 1480/1480/1480 1481/1481/1481
f 1482/1482/1482 1483/1483/1483 1484/1484/1484
f 1485/1485/1485 1486/1486/1486 1487/1487/1487
f 1488/1488/1488 1489/1489/1489 1490/1490/1490
f 1489/1489/1489 1491/1491/1491 1492/1492/1492
f 1493/1493/1493 1494/1494/1494 1495/1495/1495
f 1496/1496/1496 1497/1497/1497 1498/1498/1498
f 1499/1499/1499 1500/1500/1500 1501/1501/1501
f 1502/1502/1502 1503/1503/1503 1504/1504/1504
f 1505/1505/1505 1506/1506/1506 1507/1507/1507
f 1508/1508/1508 1509/1509/1509 1510/1510/1510
f 1511/1511/1511 1512/1512/1512 1513/1513/1513
f 1514/1514/1514 1515/1515/1515 1516/1516/1516
f 1517/1517/1517 1518/1518/1518 1519/1519/1519
f 1520/1520/1520 1521/1521/1521 1522/1522/1522
f 1523/1523/1523 1524/1524/1524 1525/1525/1525
f 1526/1526/1526 1527/1527/1527 1528/1528/1528
f 1529/1529/1529 1530/1530/1530 1531/1531/1531
f 1532/1532/1532 1533/1533/1533 1534/1534/1534
f 1535/1535/1535 1536/1536/1536 1537/1537/1537
f 1538/1538/1538 1539/1539/1539 1540/1540/1540
f 1541/1541/1541 1542/1542/1542 1543/1543/1543
f 1544/1544/1544 1545/1545/1545 1546/1546/1546
f 1547/1547/1547 1548/1548/1548 1549/1549/1549
f 1550/1550/1550 1551/1551/1551 1552/1552/1552
f 1553/1553/1553 1554/1554/1554 1555/1555/1555
f 1556/1556/1556 1557/1557/1557 1558/1558/1558
f 1559/1559/1559 1560/1560/1560 1561/1561/1561
f 1562/1562/1562 1563/1563/1563 1564/1564/1564
f 1565/1565/1565 1566/1566/1566 1567/1567/1567
f 1568/1568/1568 1569/1569/1569 1570/1570/1570
f 1571/1571/1571 1572/1572/1572 1573/1573/1573
f 1574/1574/1574 1575/1575/1575 1576/1576/1576
f 1577/1577/1577 1578/1578/1578 1579/1579/1579
f 1580/1580/1580 1581/1581/1581 1582/1582/1582
f 1583/1583/1583 1584/1584/1584 1585/1585/1585
f 1586/1586/1586 1587/1587/1587 1588/1588/1588
f 1589/1589/1589 1590/1590/1590 1591/1591/1591
f 1592/1592/1592 1593/1593/1593 1594/1594/1594
f 1595/1595/1595 1596/1596/1596 1597/1597/1597
f 1598/1598/1598 1599/1599/1599 1600/1600/1600
f 1601/1601/1601 1602/1602/1602 1603/1603/1603
f 1604/1604/1604 1605/1605/1605 1606/1606/1606
f 1607/1607/1607 1608/1608/1608 1609/1609/1609
f 1610/1610/1610 1611/1611/1611 1612/1612/1612
f 1613/1613/1613 1614/1614/1614 1615/1615/1615
f 1616/1616/1616 1617/1617/1617 1618/1618/1618
f 1619/1619/1619 1620/1620/1620 1621/1621/1621
f 1622/1622/1622 1623/1623/1623 1624/1624/1624
f 1625/1625/1625 1626/1626/1626 1627/1627/1627
f 1628/1628/1628 1629/1629/1629 1630/1630/1630
f 1631/1631/1631 1632/1632/1632 1633/1633/1633
f 1634/1634/1634 1635/1635/1635 1636/1636/1636
f 1637/1637/1637 1638/1638/1638 1639/1639/1639
f 1640/1640/1640 1639/1639/1639 1641/1641/1641
f 1642/1642/1642 1643/1643/1643 1644/1644/1644
f 1645/1645/1645 1646/1646/1646 1647/1647/1647
f 1648/1648/1648 1649/1649/1649 1650/1650/1650
f 1651/1651/1651 1652/1652/1652 1653/1653/1653
f 1654/1654/1654 1655/1655/1655 1656/1656/1656
f 1657/1657/1657 1658/1658/1658 1659/1659/1659
f 1660/1660/1660 1661/1661/1661 1662/1662/1662
f 1663/1663/1663 1664/1664/1664 1665/1665/1665
f 1666/1666/1666 1667/1667/1667 1668/1668/1668
f 1669/1669/1669 1670/1670/1670 1671/1671/1671
f 1672/1672/1672 1673/1673/1673 1674/1674/1674
f 1675/1675/1675 1676/1676/1676 1677/1677/1677
f 1678/1678/1678 1679/1679/1679 1680/1680/1680
f 1681/1681/1681 1682/1682/1682 1683/1683/1683
f 1684/1684/1684 1685/1685/1685 1683/1683/1683
f 1686/1686/1686 1687/1687/1687 1688/1688/1688
f 1689/1689/1689 1690/1690/1690 1691/1691/1691
f 1692/1692/1692 1693/1693/1693 1694/1694/1694
f 1695/1695/1695 1696/1696/1696 1697/1697/1697
f 1698/1698/1698 1699/1699/1699 1700/1700/1700
f 1701/1701/1701 1702/1702/1702 1703/1703/1703
f 1704/1704/1704 1705/1705/1705 1706/1706/1706
f 1707/1707/1707 1708/1708/1708 1709/1709/1709
f 1710/1710/1710 1711/1711/1711 1712/1712/1712
f 1713/1713/1713 1714/1714/1714 1715/1715/1715
f 1716/1716/1716 1717/1717/1717 1718/1718/1718
f 1719/1719/1719 1720/1720/1720 1721/1721/1721
f 1722/1722/1722 1723/1723/1723 1724/1724/1724
f 1725/1725/1725 1726/1726/1726 1727/1727/1727
f 1728/1728/1728 1729/1729/1729 1730/1730/1730
f 1731/1731/1731 1732/1732/1732 1733/1733/1733
f 1734/1734/1734 1735/1735/1735 1736/1736/1736
f 1737/1737/1737 1738/1738/1738 1739/1739/1739
f 1740/1740/1740 1741/1741/1741 1742/1742/1742
f 1743/1743/1743 1744/1744/1744 1745/1745/1745
f 1746/1746/1746 1747/1747/1747 1748/1748/1748
f 1749/1749/1749 1750/1750/1750 1751/1751/1751
f 1752/1752/1752 1753/1753/1753 1754/1754/1754
f 1755/1755/1755 1756/1756/1756 1757/1757/1757
f 1758/1758/1758 1759/1759/1759 1760/1760/1760
f 1761/1761/1761 1762/1762/1762 1763/1763/1763
f 1764/1764/1764 1765/1765/1765 1766/1766/1766
f 1767/1767/1767 1768/1768/1768 1769/1769/1769
f 1770/1770/1770 1771/1771/1771 1772/1772/1772
f 1773/1773/1773 1774/1774/1774 1775/1775/1775
f 1776/1776/1776 1777/1777/1777 1778/1778/1778
f 1779/1779/1779 1780/1780/1780 1781/1781/1781
f 1782/1782/1782 1783/1783/1783 1784/1784/1784
f 1785/1785/1785 1786/1786/1786 1787/1787/1787
f 1788/1788/1788 1789/1789/1789 1790/1790/1790
f 1791/1791/1791 1792/1792/1792 1793/1793/1793
f 1794/1794/1794 1795/1795/1795 1796/1796/1796
f 1797/1797/1797 1798/1798/1798 1799/1799/1799
f 1800/1800/1800 1801/1801/1801 1802/1802/1802
f 1803/1803/1803 1800/1800/1800 1804/1804/1804
f 1805/1805/1805 1806/1806/1806 1807/1807/1807
f 1808/1808/1808 1809/1809/1809 1810/1810/1810
f 1811/1811/1811 1812/1812/1812 1813/1813/1813
f 1814/1814/1814 1815/1815/1815 1816/1816/1816
f 1817/1817/1817 1818/1818/1818 1819/1819/1819
f 1820/1820/1820 1821/1821/1821 1822/1822/1822
f 1823/1823/1823 1824/1824/1824 1825/1825/1825
f 1826/1826/1826 1827/1827/1827 1828/1828/1828
f 1829/1829/1829 1830/1830/1830 1831/1831/1831
f 1832/1832/1832 1833/1833/1833 1834/1834/1834
f 1835/1835/1835 1836/1836/1836 1837/1837/1837
f 1838/1838/1838 1839/1839/1839 1840/1840/1840
f 1841/1841/1841 1842/1842/1842 1843/1843/1843
f 1844/1844/1844 1845/1845/1845 1846/1846/1846
f 1847/1847/1847 1848/1848/1848 1849/1849/1849
f 1850/1850/1850 1851/1851/1851 1852/1852/1852
f 1853/1853/1853 1854/1854/1854 1855/1855/1855
f 1856/1856/1856 1857/1857/1857 1858/1858/1858
f 1859/1859/1859 1860/1860/1860 1861/1861/1861
f 1862/1862/1862 1863/1863/1863 1864/1864/1864
f 1865/1865/1865 1866/1866/1866 1867/1867/1867
f 1868/1868/1868 1869/1869/1869 1870/1870/1870
f 1871/1871/1871 1872/1872/1872 1873/1873/1873
f 1874/1874/1874 1875/1875/1875 1876/1876/1876
f 1877/1877/1877 1878/1878/1878 1879/1879/1879
f 1880/1880/1880 1881/1881/1881 1882/1882/1882
f 1883/1883/1883 1884/1884/1884 1885/1885/1885
f 1886/1886/1886 1887/1887/1887 1888/1888/1888
f 1889/1889/1889 1890/1890/1890 1891/1891/1891
f 1892/1892/1892 1893/1893/1893 1894/1894/1894
f 1895/1895/1895 1896/1896/1896 1897/1897/1897
f 1898/1898/1898 1899/1899/1899 1900/1900/1900
f 1901/1901/1901 1902/1902/1902 1903/1903/1903
f 1904/1904/1904 1905/1905/1905 1906/1906/1906
f 1907/1907/1907 1908/1908/1908 1909/1909/1909
f 1910/1910/1910 1911/1911/1911 1912/1912/1912
f 1913/1913/1913 1914/1914/1914 1915/1915/1915
f 1916/1916/1916 1917/1917/1917 1918/1918/1918
f 1919/1919/1919 1920/1920/1920 1921/1921/1921
f 1922/1922/1922 1923/1923/1923 1924/1924/1924
f 1925/1925/1925 1926/1926/1926 1927/1927/1927
f 1928/1928/1928 1929/1929/1929 1930/1930/1930
f 1931/1931/1931 1932/1932/1932 1933/1933/1933
f 1934/1934/1934 1935/1935/1935 1936/1936/1936
f 1937/1937/1937 1938/1938/1938 1939/1939/1939
f 1940/1940/1940 1941/1941/1941 1942/1942/1942
f 1943/1943/1943 1944/1944/1944 1945/1945/1945
f 1946/1946/1946 1947/1947/1947 1948/1948/1948
f 1949/1949/1949 1950/1950/1950 1951/1951/1951
f 1952/1952/1952 1953/1953/1953 1954/1954/1954
f 1955/1955/1955 1956/1956/1956 1957/1957/1957
f 1958/1958/1958 1959/1959/1959 1960/1960/1960
f 1961/1961/1961 1962/1962/1962 1963/1963/1963
f 1964/1964/1964 1965/1965/1965 1966/1966/1966
f 1967/1967/1967 1968/1968/1968 1969/1969/1969
f 1970/1970/1970 1971/1971/1971 1972/1972/1972
f 1973/1973/1973 1974/1974/1974 1975/1975/1975
f 1976/1976/1976 1977/1977/1977 1978/1978/1978
f 1979/1979/1979 1980/1980/1980 1981/1981/1981
f 1982/1982/1982 1983/1983/1983 1984/1984/1984
f 1985/1985/1985 1986/1986/1986 1987/1987/1987
f 1988/1988/1988 1989/1989/1989 1990/1990/1990
f 1991/1991/1991 1992/1992/1992 1993/1993/1993
f 1994/1994/1994 1995/1995/1995 1996/1996/1996
f 1997/1997/1997 1998/1998/1998 1999/1999/1999
f 2000/2000/2000 2001/2001/2001 2002/2002/2002
f 2003/2003/2003 2004/2004/2004 2005/2005/2005
f 2006/2006/2006 2007/2007/2007 2008/2008/2008
f 2009/2009/2009 2010/2010/2010 2011/2011/2011
f 2012/2012/2012 2013/2013/2013 2014/2014/2014
f 2015/2015/2015 2016/2016/2016 2017/2017/2017
f 2018/2018/2018 2019/2019/2019 2020/2020/2020
f 2021/2021/2021 2022/2022/2022 2023/2023/2023
f 2024/2024/2024 2025/2025/2025 2026/2026/2026
f 2027/2027/2027 2028/2028/2028 2029/2029/2029
f 2030/2030/2030 2031/2031/2031 2032/2032/2032
f 2033/2033/2033 2034/2034/2034 2035/2035/2035
f 2036/2036/2036 2037/2037/2037 2038/2038/2038
f 2039/2039/2039 2040/2040/2040 2041/2041/2041
f 2042/2042/2042 2043/2043/2043 2044/2044/2044
f 2045/2045/2045 2046/2046/2046 2047/2047/2047
f 2048/2048/2048 2049/2049/2049 2050/2050/2050
f 2051/2051/2051 2052/2052/2052 2053/2053/2053
f 2054/2054/2054 2055/2055/2055 2056/2056/2056
f 2057/2057/2057 2058/2058/2058 2059/2059/2059
f 2060/2060/2060 2061/2061/2061 2062/2062/2062
f 2063/2063/2063 2064/2064/2064 2065/2065/2065
f 2066/2066/2066 2067/2067/2067 2068/2068/2068
f 2069/2069/2069 2070/2070/2070 2071/2071/2071
f 2072/2072/2072 2073/2073/2073 2074/2074/2074
f 2075/2075/2075 2076/2076/2076 2077/2077/2077
f 2078/2078/2078 2079/2079/2079 2080/2080/2080
f 2081/2081/2081 2082/2082/2082 2083/2083/2083
f 2084/2084/2084 2085/2085/2085 2086/2086/2086
f 2087/2087/2087 2088/2088/2088 2089/2089/2089
f 2090/2090/2090 2091/2091/2091 2092/2092/2092
f 2093/2093/2093 2094/2094/2094 2095/2095/2095
f 2096/2096/2096 2097/2097/2097 2098/2098/2098
f 2099/2099/2099 2100/2100/2100 2101/2101/2101
f 2102/2102/2102 2103/2103/2103 2104/2104/2104
f 2105/2105/2105 2106/2106/2106 2107/2107/2107
f 2108/2108/2108 2109/2109/2109 2110/2110/2110
f 2111/2111/2111 2112/2112/2112 2113/2113/2113
f 2114/2114/2114 2115/2115/2115 2116/2116/2116
f 2117/2117/2117 2118/2118/2118 2119/2119/2119
f 2120/2120/2120 2121/2121/2121 2122/2122/2122
f 2123/2123/2123 2124/2124/2124 2125/2125/2125
f 2126/2126/2126 2127/2127/2127 2128/2128/2128
f 2129/2129/2129 2130/2130/2130 2131/2131/2131
f 2132/2132/2132 2133/2133/2133 2134/2134/2134
f 2135/2135/2135 2136/2136/2136 2137/2137/2137
f 2138/2138/2138 2139/2139/2139 2140/2140/2140
f 2141/2141/2141 2142/2142/2142 2143/2143/2143
f 2144/2144/2144 2145/2145/2145 2146/2146/2146
f 2147/2147/2147 2148/2148/2148 2149/2149/2149
f 2150/2150/2150 2151/2151/2151 2152/2152/2152
f 2153/2153/2153 2154/2154/2154 2155/2155/2155
f 2156/2156/2156 2157/2157/2157 2158/2158/2158
f 2159/2159/2159 2160/2160/2160 2161/2161/2161
f 2162/2162/2162 2163/2163/2163 2164/2164/2164
f 2165/2165/2165 2166/2166/2166 2167/2167/2167
f 2168/2168/2168 2169/2169/2169 2170/2170/2170
f 2171/2171/2171 2172/2172/2172 2173/2173/2173
f 2174/2174/2174 2175/2175/2175 2176/2176/2176
f 2177/2177/2177 2178/2178/2178 2176/2176/2176
f 2177/2177/2177 2176/2176/2176 2179/2179/2179
f 2180/2180/2180 2181/2181/2181 2182/2182/2182
f 2183/2183/2183 2184/2184/2184 2185/2185/2185
f 2186/2186/2186 2187/2187/2187 2188/2188/2188
f 2189/2189/2189 2190/2190/2190 2191/2191/2191
f 2192/2192/2192 2193/2193/2193 2194/2194/2194
f 2195/2195/2195 2196/2196/2196 2197/2197/2197
f 2198/2198/2198 2199/2199/2199 2200/2200/2200
f 2201/2201/2201 2202/2202/2202 2203/2203/2203
f 2204/2204/2204 2205/2205/2205 2206/2206/2206
f 2207/2207/2207 2208/2208/2208 2209/2209/2209
f 2210/2210/2210 2211/2211/2211 2212/2212/2212
f 2213/2213/2213 2214/2214/2214 2215/2215/2215
f 2216/2216/2216 2217/2217/2217 2218/2218/2218
f 2219/2219/2219 2220/2220/2220 2221/2221/2221
f 2222/2222/2222 2223/2223/2223 2224/2224/2224
f 2225/2225/2225 2226/2226/2226 2227/2227/2227
f 2228/2228/2228 2229/2229/2229 2230/2230/2230
f 2231/2231/2231 2232/2232/2232 2233/2233/2233
f 2234/2234/2234 2235/2235/2235 2236/2236/2236
f 2237/2237/2237 2238/2238/2238 2239/2239/2239
f 2240/2240/2240 2241/2241/2241 2242/2242/2242
f 2243/2243/2243 2244/2244/2244 2245/2245/2245
f 2246/2246/2246 2247/2247/2247 2248/2248/2248
f 2249/2249/2249 2250/2250/2250 2251/2251/2251
f 2252/2252/2252 2253/2253/2253 2254/2254/2254
f 2255/2255/2255 2256/2256/2256 2257/2257/2257
f 2258/2258/2258 2259/2259/2259 2260/2260/2260
f 2261/2261/2261 2262/2262/2262 2263/2263/2263
f 2264/2264/2264 2265/2265/2265 2266/2266/2266
f 2267/2267/2267 2268/2268/2268 2269/2269/2269
f 2270/2270/2270 2271/2271/2271 2272/2272/2272
f 2273/2273/2273 2274/2274/2274 2275/2275/2275
f 2276/2276/2276 2277/2277/2277 2278/2278/2278
f 2279/2279/2279 2280/2280/2280 2281/2281/2281
f 2282/2282/2282 2283/2283/2283 2284/2284/2284
f 2285/2285/2285 2286/2286/2286 2287/2287/2287
f 2288/2288/2288 2289/2289/2289 2290/2290/2290
f 2291/2291/2291 2292/2292/2292 2293/2293/2293
f 2293/2293/2293 2294/2294/2294 2295/2295/2295
f 2296/2296/2296 2297/2297/2297 2298/2298/2298
f 2299/2299/2299 2300/2300/2300 2301/2301/2301
f 2302/2302/2302 2303/2303/2303 2304/2304/2304
f 2305/2305/2305 2306/2306/2306 2307/2307/2307
f 2308/2308/2308 2309/2309/2309 2310/2310/2310
f 2311/2311/2311 2312/2312/2312 2313/2313/2313
f 2314/2314/2314 2315/2315/2315 2316/2316/2316
f 2317/2317/2317 2318/2318/2318 2319/2319/2319
f 2320/2320/2320 2321/2321/2321 2322/2322/2322
f 2323/2323/2323 2324/2324/2324 2325/2325/2325
f 2326/2326/2326 2327/2327/2327 2328/2328/2328
f 2329/2329/2329 2330/2330/2330 2331/2331/2331
f 2332/2332/2332 2333/2333/2333 2334/2334/2334
f 2335/2335/2335 2336/2336/2336 2337/2337/2337
f 2338/2338/2338 2339/2339/2339 2340/2340/2340
f 2341/2341/2341 2342/2342/2342 2343/2343/2343
f 2344/2344/2344 2345/2345/2345 2346/2346/2346
f 2347/2347/2347 2348/2348/2348 2349/2349/2349
f 2350/2350/2350 2351/2351/2351 2352/2352/2352
f 2353/2353/2353 2354/2354/2354 2355/2355/2355
f 2356/2356/2356 2357/2357/2357 2358/2358/2358
f 2359/2359/2359 2360/2360/2360 2361/2361/2361
f 2362/2362/2362 2363/2363/2363 2364/2364/2364
f 2365/2365/2365 2366/2366/2366 2367/2367/2367
f 2368/2368/2368 2369/2369/2369 2370/2370/2370
f 2371/2371/2371 2372/2372/2372 2373/2373/2373
f 2374/2374/2374 2375/2375/2375 2376/2376/2376
f 2377/2377/2377 2378/2378/2378 2379/2379/2379
f 2380/2380/2380 2381/2381/2381 2382/2382/2382
f 2383/2383/2383 2384/2384/2384 2385/2385/2385
f 2386/2386/2386 2387/2387/2387 2388/2388/2388
f 2389/2389/2389 2390/2390/2390 2391/2391/2391
f 2392/2392/2392 2393/2393/2393 2394/2394/2394
f 2395/2395/2395 2396/2396/2396 2397/2397/2397
f 2398/2398/2398 2399/2399/2399 2400/2400/2400
f 2401/2401/2401 2402/2402/2402 2403/2403/2403
f 2404/2404/2404 2405/2405/2405 2406/2406/2406
f 2407/2407/2407 2408/2408/2408 2409/2409/2409
f 2410/2410/2410 2411/2411/2411 2412/2412/2412
f 2413/2413/2413 2414/2414/2414 2415/2415/2415
f 2416/2416/2416 2417/2417/2417 2418/2418/2418
f 2419/2419/2419 2420/2420/2420 2421/2421/2421
f 2422/2422/2422 2423/2423/2423 2424/2424/2424
f 2425/2425/2425 2426/2426/2426 2427/2427/2427
f 2428/2428/2428 2429/2429/2429 2430/2430/2430
f 2431/2431/2431 2432/2432/2432 2433/2433/2433
f 2434/2434/2434 2435/2435/2435 2436/2436/2436
f 2437/2437/2437 2438/2438/2438 2439/2439/2439
f 2440/2440/2440 2441/2441/2441 2442/2442/2442
f 2443/2443/2443 2444/2444/2444 2445/2445/2445
f 2446/2446/2446 2447/2447/2447 2448/2448/2448
f 2449/2449/2449 2450/2450/2450 2451/2451/2451
f 2452/2452/2452 2453/2453/2453 2454/2454/2454
f 2455/2455/2455 2456/2456/2456 2457/2457/2457
f 2458/2458/2458 2459/2459/2459 2460/2460/2460
f 2461/2461/2461 2462/2462/2462 2463/2463/2463
f 2464/2464/2464 2465/2465/2465 2466/2466/2466
f 2467/2467/2467 2468/2468/2468 2469/2469/2469
f 2470/2470/2470 2471/2471/2471 2472/2472/2472
f 2473/2473/2473 2474/2474/2474 2475/2475/2475
f 2476/2476/2476 2477/2477/2477 2478/2478/2478
f 2479/2479/2479 2480/2480/2480 2481/2481/2481
f 2482/2482/2482 2483/2483/2483 2484/2484/2484
f 2485/2485/2485 2486/2486/2486 2487/2487/2487
f 2488/2488/2488 2489/2489/2489 2490/2490/2490
f 2491/2491/2491 2492/2492/2492 2493/2493/2493
f 2494/2494/2494 2495/2495/2495 2496/2496/2496
f 2497/2497/2497 2498/2498/2498 2499/2499/2499
f 2500/2500/2500 2501/2501/2501 2502/2502/2502
f 2503/2503/2503 2504/2504/2504 2505/2505/2505
f 2506/2506/2506 2507/2507/2507 2508/2508/2508
f 2509/2509/2509 2510/2510/2510 2511/2511/2511
f 2512/2512/2512 2513/2513/2513 2514/2514/2514
f 2515/2515/2515 2516/2516/2516 2517/2517/2517
f 2518/2518/2518 2519/2519/2519 2520/2520/2520
f 2521/2521/2521 2522/2522/2522 2523/2523/2523
f 2524/2524/2524 2525/2525/2525 2526/2526/2526
f 2527/2527/2527 2528/2528/2528 2529/2529/2529
f 2530/2530/2530 2531/2531/2531 2532/2532/2532
f 2533/2533/2533 2534/2534/2534 2535/2535/2535
f 2536/2536/2536 2537/2537/2537 2538/2538/2538
f 2539/2539/2539 2540/2540/2540 2541/2541/2541
f 2542/2542/2542 2543/2543/2543 2544/2544/2544
f 2545/2545/2545 2546/2546/2546 2547/2547/2547
f 2548/2548/2548 2549/2549/2549 2550/2550/2550
f 2551/2551/2551 2552/2552/2552 2553/2553/2553
f 2554/2554/2554 2555/2555/2555 2556/2556/2556
f 2557/2557/2557 2558/2558/2558 2559/2559/2559
f 2560/2560/2560 2561/2561/2561 2562/2562/2562
f 2563/2563/2563 2564/2564/2564 2565/2565/2565
f 2566/2566/2566 2567/2567/2567 2568/2568/2568
f 2569/2569/2569 2570/2570/2570 2571/2571/2571
f 2572/2572/2572 2573/2573/2573 2574/2574/2574
f 2575/2575/2575 2576/2576/2576 2577/2577/2577
f 2578/2578/2578 2579/2579/2579 2580/2580/2580
f 2581/2581/2581 2582/2582/2582 2583/2583/2583
f 2584/2584/2584 2585/2585/2585 2586/2586/2586
f 2587/2587/2587 2588/2588/2588 2589/2589/2589
f 2590/2590/2590 2591/2591/2591 2592/2592/2592
f 2593/2593/2593 2594/2594/2594 2595/2595/2595
f 2596/2596/2596 2597/2597/2597 2598/2598/2598
f 2599/2599/2599 2600/2600/2600 2601/2601/2601
f 2602/2602/2602 2603/2603/2603 2604/2604/2604
f 2605/2605/2605 2606/2606/2606 2607/2607/2607
f 2608/2608/2608 2609/2609/2609 2610/2610/2610
f 2608/2608/2608 2610/2610/2610 2611/2611/2611
f 2612/2612/2612 2613/2613/2613 2614/2614/2614
f 2613/2613/2613 2612/2612/2612 2615/2615/2615
f 2616/2616/2616 2617/2617/2617 2618/2618/2618
f 2616/2616/2616 2618/2618/2618 2619/2619/2619
f 2620/2620/2620 2621/2621/2621 2622/2622/2622
f 2621/2621/2621 2620/2620/2620 2623/2623/2623
f 2624/2624/2624 2625/2625/2625 2626/2626/2626
f 2624/2624/2624 2626/2626/2626 2627/2627/2627
f 2628/2628/2628 2629/2629/2629 2630/2630/2630
f 2628/2628/2628 2630/2630/2630 2631/2631/2631
f 2632/2632/2632 2633/2633/2633 2634/2634/2634
f 2632/2632/2632 2634/2634/2634 2635/2635/2635
f 2636/2636/2636 2637/2637/2637 2638/2638/2638
f 2636/2636/2636 2638/2638/2638 2639/2639/2639
f 2640/2640/2640 2641/2641/2641 2642/2642/2642
f 2642/2642/2642 2641/2641/2641 2643/2643/2643
f 2644/2644/2644 2645/2645/2645 2646/2646/2646
f 2646/2646/2646 2645/2645/2645 2647/2647/2647
f 2648/2648/2648 2649/2649/2649 2650/2650/2650
f 2648/2648/2648 2650/2650/2650 2651/2651/2651
f 2652/2652/2652 2653/2653/2653 2654/2654/2654
f 2652/2652/2652 2655/2655/2655 2653/2653/2653
f 2656/2656/2656 2657/2657/2657 2658/2658/2658
f 2656/2656/2656 2658/2658/2658 2659/2659/2659
f 2660/2660/2660 2661/2661/2661 2662/2662/2662
f 2660/2660/2660 2662/2662/2662 2663/2663/2663
f 2664/2664/2664 2665/2665/2665 2666/2666/2666
f 2664/2664/2664 2666/2666/2666 2667/2667/2667
f 2668/2668/2668 2669/2669/2669 2670/2670/2670
f 2670/2670/2670 2671/2671/2671 2668/2668/2668
f 2670/2670/2670 2672/2672/2672 2671/2671/2671
f 2673/2673/2673 2674/2674/2674 2675/2675/2675
f 2673/2673/2673 2675/2675/2675 2676/2676/2676
f 2677/2677/2677 2678/2678/2678 2679/2679/2679
f 2677/2677/2677 2679/2679/2679 2680/2680/2680
f 2681/2681/2681 2682/2682/2682 2683/2683/2683
f 2681/2681/2681 2683/2683/2683 2684/2684/2684
f 2685/2685/2685 2686/2686/2686 2687/2687/2687
f 2685/2685/2685 2687/2687/2687 2688/2688/2688
f 2689/2689/2689 2690/2690/2690 2691/2691/2691
f 2689/2689/2689 2691/2691/2691 2692/2692/2692
f 2693/2693/2693 2694/2694/2694 2695/2695/2695
f 2693/2693/2693 2695/2695/2695 2696/2696/2696
f 2697/2697/2697 2698/2698/2698 2699/2699/2699
f 2699/2699/2699 2700/2700/2700 2697/2697/2697
f 2701/2701/2701 2702/2702/2702 2703/2703/2703
f 2701/2701/2701 2703/2703/2703 2704/2704/2704
f 2705/2705/2705 2706/2706/2706 2707/2707/2707
f 2705/2705/2705 2707/2707/2707 2708/2708/2708
f 2709/2709/2709 2710/2710/2710 2711/2711/2711
f 2709/2709/2709 2711/2711/2711 2712/2712/2712
f 2713/2713/2713 2714/2714/2714 2715/2715/2715
f 2713/2713/2713 2715/2715/2715 2716/2716/2716
f 2717/2717/2717 2718/2718/2718 2719/2719/2719
f 2717/2717/2717 2719/2719/2719 2720/2720/2720
f 2721/2721/2721 2722/2722/2722 2723/2723/2723
f 2721/2721/2721 2723/2723/2723 2724/2724/2724
f 2725/2725/2725 2726/2726/2726 2727/2727/2727
f 2725/2725/2725 2727/2727/2727 2728/2728/2728
