# Extracted losslessly from Unity Mesh asset: C:/Users/slicc/Documents/Changing My Life/Game/Assets/_Project/Art/Environment/StarterIsland/VerticalRockKit_Sculpted/Meshes/MESH_VRKS_Corner_A.asset
o MESH_VRKS_Corner_A
v -79.0084004 252.600098 427.370596
v -51.702702 263.486004 417.554283
v -76.2044013 271.33069 376.704311
v -51.6053975 -60.2729976 581.485319
v -30.3415 -71.1291015 561.155081
v -17.1267003 -22.6203993 554.310894
v 181.3972 184.687901 73.3637989
v 182.480502 195.511699 29.1952997
v 179.9914 197.424304 79.8111022
v -92.0799971 -193.088996 398.436904
v -62.105602 -151.865995 431.652689
v -167.373705 -138.410401 398.801994
v -92.9259002 147.217202 482.660818
v -126.107001 159.771097 461.6189
v -131.203997 101.784396 503.203917
v -187.158799 -158.431399 217.948294
v -180.223501 -158.823204 263.101006
v -188.666904 -150.9763 230.03161
v 72.2723007 234.384203 421.052122
v 80.2397013 210.822606 445.999289
v 90.6022012 217.743897 416.052008
v -4.82349992 265.06381 300.864697
v 68.8748002 251.245403 343.14661
v 65.9712017 234.803796 276.343107
v -128.657603 189.237106 357.177401
v -139.336705 98.5760987 371.877694
v -132.084799 166.4873 415.297985
v -196.229005 -5.60050011 41.4045006
v -179.222798 31.1358005 75.8644998
v -184.548104 19.8855996 29.7672004
v -192.558897 -11.6915002 34.4527006
v -205.127311 -156.807494 40.0822997
v -210.537791 -71.5040982 37.5921011
v -115.914798 272.35651 42.0958012
v -117.130804 299.137807 17.9045007
v -103.648102 274.536896 38.0616993
v -178.900194 -38.6938989 254.46701
v -186.693704 -136.865497 222.836804
v -187.631798 -143.081999 261.825109
v -179.222798 31.1358005 75.8644998
v -181.635904 26.1597008 22.7323994
v -184.548104 19.8855996 29.7672004
v -128.657603 189.237106 357.177401
v -133.324301 189.152205 349.276495
v -134.900701 162.688196 344.829893
v 143.885505 -258.786893 334.463501
v 155.854905 -206.974792 348.271704
v 122.325695 -209.836006 384.082007
v 43.0453986 -244.124794 146.4661
v 28.4355015 -231.789589 196.817696
v 11.8312001 -240.94491 196.660697
v 164.700198 24.4818002 79.5979977
v 166.267395 13.0016997 19.9168995
v 173.213601 39.0682012 77.4401009
v -26.4284015 300.30489 41.1271006
v -36.2818986 299.588299 30.1890999
v -71.2768972 309.31499 79.9576998
v -24.5869994 303.785896 84.4478011
v -26.4284015 300.30489 41.1271006
v -36.2818986 299.588299 30.1890999
v -61.7439985 299.758911 26.5861988
v -93.9307988 178.771198 19.8275998
v -4.91480008 135.826504 58.6227
v -34.6423 87.7705991 45.4937011
v 3.04550007 263.028693 323.61021
v -4.82349992 265.06381 300.864697
v -17.6902995 258.957911 317.895508
v 99.8833001 -79.7444999 414.195824
v 74.1208971 -162.351596 432.154322
v 122.173202 -168.266499 412.226105
v 15.4202998 246.564603 214.396596
v -3.64560001 263.602591 270.814991
v 67.3732996 232.695889 257.938099
v -3.64560001 263.602591 270.814991
v -1.02779996 252.957702 229.073191
v -52.4577975 259.26199 304.166198
v -118.1463 71.9731987 267.959309
v -123.225403 75.3369987 222.412705
v -145.960104 3.44079994 260.886407
v -182.568502 83.862102 78.7506998
v -180.285001 94.7912991 101.372099
v -171.008694 103.699803 72.8789985
v 35.246101 -245.455599 17.8041995
v 90.763098 -189.524603 26.5969008
v 91.8447971 -193.652999 30.7213008
v -199.015903 -15.2500004 73.1422007
v -183.2389 27.4379998 117.224705
v -179.222798 31.1358005 75.8644998
v 128.778696 232.194901 30.3391993
v 129.729605 258.263302 41.0293013
v 167.094004 238.846397 39.2446011
v 11.8012004 248.145008 205.092406
v 16.6572005 267.0012 218.953204
v 9.22100022 259.241199 215.1896
v -188.357401 -163.384295 314.835596
v -184.587705 -149.854004 371.193695
v -189.342201 -105.855298 393.169498
v -30.0141007 285.373306 224.163604
v -2.97979992 275.081205 203.871107
v -26.2665004 298.0896 139.764798
v -127.539098 66.0920978 210.350108
v -160.516596 -18.8830003 217.158008
v -145.960104 3.44079994 260.886407
v -188.357401 -163.384295 314.835596
v -187.631798 -143.081999 261.825109
v -180.223501 -158.823204 263.101006
v 73.7991989 238.733196 144.059706
v 63.6138976 216.394806 211.881304
v 67.3291981 241.88621 192.930198
v -105.6059 -84.0161979 546.621799
v -73.9374995 -65.4893994 598.157501
v -135.132205 -94.8023021 524.969482
v -189.342201 -105.855298 393.169498
v -184.587705 -149.854004 371.193695
v -184.898901 -125.125206 481.642818
v -184.898901 -125.125206 481.642818
v -184.587705 -149.854004 371.193695
v -167.373705 -138.410401 398.801994
v 90.2098 244.884896 284.048891
v 91.4725006 251.169491 278.724408
v 73.1251001 269.047594 329.798508
v 18.2549998 -236.139798 306.586599
v 32.4234992 -227.697706 266.757107
v 3.99659984 -217.133403 363.319397
v -22.2113997 -232.870603 353.216791
v -24.0961 -238.987303 339.310408
v 18.2549998 -236.139798 306.586599
v 18.2549998 -236.139798 306.586599
v 26.8947005 -238.271093 252.949595
v 32.4234992 -227.697706 266.757107
v 59.8361015 -245.0243 197.487199
v 47.6615012 -242.709398 192.157698
v 79.5346022 -269.025612 146.073401
v 98.0028987 -5.64760007 34.5212996
v 63.271302 0.217300002 28.7014991
v 92.4731016 39.4270003 36.1097008
v -169.811106 -203.2758 315.667391
v -115.420902 -237.277102 362.461495
v -163.659298 -212.039804 377.098703
v -115.420902 -237.277102 362.461495
v -92.0799971 -193.088996 398.436904
v -163.659298 -212.039804 377.098703
v -145.122302 151.229596 202.713299
v -131.893396 119.736099 234.600997
v -115.941095 212.95321 293.820095
v -112.361598 -249.762797 30.8643013
v -101.223195 -290.2318 31.8906993
v -187.865102 -239.98251 30.6383997
v -157.241595 -26.5516013 45.1761007
v -198.0147 -186.654401 44.0829009
v -188.791394 -15.7342002 40.1345015
v 95.0372994 245.712996 262.540102
v 116.235101 255.019593 215.771508
v 67.6702976 243.970394 241.818094
v 99.9381006 249.334002 340.777302
v 73.1251001 269.047594 329.798508
v 95.1157987 252.673197 400.592804
v 116.235101 255.019593 215.771508
v 67.3291981 241.88621 192.930198
v 67.6702976 243.970394 241.818094
v 182.159197 145.073295 26.4403999
v 161.703503 61.581701 31.5508008
v 159.792805 137.590301 17.5706998
v -143.828702 218.494892 201.230001
v -158.5302 185.748506 127.768505
v -149.2957 182.2837 199.925804
v -72.052902 243.786597 469.024515
v -46.8953997 261.700392 462.695217
v -79.0084004 252.600098 427.370596
v -77.5183976 269.025898 355.125499
v -101.106405 227.74229 330.837488
v -95.777297 247.923994 365.599298
v 9.75119993 254.861212 456.008911
v -44.1264987 216.955805 479.095602
v 17.6522002 186.9748 470.172596
v -154.042006 192.2647 24.7960001
v -156.793201 161.1642 34.5636994
v -159.544206 196.295404 70.1730013
v -190.2753 -20.8174005 187.942505
v -189.389205 -24.7529 226.871896
v -175.665998 -9.22890007 210.048509
v -2.97979992 275.081205 203.871107
v 28.4332007 274.70839 138.675904
v -26.2665004 298.0896 139.764798
v 28.4332007 274.70839 138.675904
v 16.6572005 267.0012 218.953204
v -101.106405 227.74229 330.837488
v -123.757803 207.833791 347.354102
v -101.829803 222.3001 412.614489
v -99.5980978 -252.492499 355.814195
v -149.384999 -236.84411 322.070503
v -90.8007979 -295.444298 356.366897
v -72.3178029 284.131503 289.337707
v -91.2433028 284.233093 300.106692
v -87.9007995 268.723202 316.127801
v 73.7991989 238.733196 144.059706
v 67.3291981 241.88621 192.930198
v 81.4303994 243.409801 150.701499
v -142.347598 233.28681 140.076101
v -136.394298 268.847299 74.6981978
v -144.472003 248.213506 80.754602
v 203.316307 -1.3177 58.6862981
v 200.0875 4.73669991 53.8896978
v 201.42529 6.33819997 106.623197
v 164.335501 174.190295 37.292701
v 126.944995 181.990004 45.7569003
v 133.754897 191.0694 43.6224014
v 133.754897 191.0694 43.6224014
v 79.3398023 230.254292 32.3653996
v 128.778696 232.194901 30.3391993
v 53.3670008 -57.5601995 29.2602003
v 12.0722003 -41.8498009 38.0308002
v 54.4344008 -55.0294995 24.9716997
v 12.0722003 -41.8498009 38.0308002
v -67.940098 -43.8165992 29.5910001
v -36.1290008 1.68399997 25.3030002
v -174.477696 28.0066997 25.6942987
v -97.9839981 14.6851003 34.3035996
v -173.124695 22.8733003 24.6207997
v -11.8854001 -265.984797 187.499499
v -104.507303 -274.107504 220.30549
v -94.6372986 -295.823193 176.324904
v -51.9621015 -59.9695027 589.944983
v -67.6747978 -25.8435994 587.507677
v -73.9374995 -65.4893994 598.157501
v -152.629101 22.3033994 573.826218
v -156.1759 23.7085 557.714701
v -166.2395 -3.17200013 540.190506
v -180.040896 -118.660402 541.799784
v -186.195505 -93.1207001 550.4179
v -187.224698 -103.122199 545.172977
v -135.888696 -29.3554991 590.273905
v -180.040896 -118.660402 541.799784
v -142.565799 -92.7312016 526.917696
v 15.4202998 246.564603 214.396596
v 30.0265998 230.989695 153.752697
v 24.4305 242.532992 154.998195
v -62.105602 -151.865995 431.652689
v -92.0799971 -193.088996 398.436904
v -28.9104015 -201.070189 411.880684
v -143.950605 35.2490991 370.823598
v -174.435902 -4.52070013 489.099598
v -167.552102 10.5149001 486.854076
v -174.435902 -4.52070013 489.099598
v -170.449901 -22.1359 403.679514
v -173.771298 -47.8845 322.022605
v -134.397304 11.4698 309.480596
v -171.540499 -195.451999 304.1682
v -169.811106 -203.2758 315.667391
v -188.357401 -163.384295 314.835596
v 11.8312001 -240.94491 196.660697
v -11.8854001 -265.984797 187.499499
v -3.03440001 -279.420805 134.795797
v -188.666904 -150.9763 230.03161
v -180.223501 -158.823204 263.101006
v -187.631798 -143.081999 261.825109
v 40.8358991 -233.051991 365.796208
v 83.277297 -254.081988 358.817101
v 122.325695 -209.836006 384.082007
v 69.4476008 -256.672502 349.154711
v 38.1366998 -238.412189 345.93749
v 32.4234992 -227.697706 266.757107
v -166.0743 -221.950889 266.160989
v -168.843699 -230.869794 228.256798
v -104.507303 -274.107504 220.30549
v -101.223195 -290.2318 31.8906993
v -7.31920004 -285.963392 10.2334999
v -6.93159997 -273.859 74.3494987
v 122.173202 -168.266499 412.226105
v 131.882906 -170.5832 412.50248
v 171.984303 -139.386201 371.167898
v 7.72700012 41.0764992 36.1927986
v -36.1290008 1.68399997 25.3030002
v -69.4240987 39.8961991 44.2299008
v -109.155202 -287.817097 126.665998
v -107.799494 -309.31499 63.3975983
v -6.93159997 -273.859 74.3494987
v -95.065999 -281.257701 268.708491
v -12.7259001 -262.374902 294.009995
v -35.3585005 -273.958111 338.881993
v 111.759901 13.1595999 380.78959
v 143.565595 13.5749996 390.184689
v 137.988496 12.7143994 376.111388
v 181.200695 13.7529001 130.495703
v 180.120504 12.1776998 156.576598
v 186.575401 10.3215002 137.665498
v 8.54699984 -146.589696 423.46921
v 22.3444 -170.1913 429.068804
v 24.9879003 -152.257204 424.162579
v -133.8781 262.560105 169.728601
v -136.394298 268.847299 74.6981978
v -142.347598 233.28681 140.076101
v 122.213995 122.442698 272.662711
v 129.031098 141.468203 349.328494
v 118.9183 104.085898 353.576994
v -136.394298 268.847299 74.6981978
v -119.052804 282.5804 163.824999
v -119.095504 284.936404 103.174603
v -154.042006 192.2647 24.7960001
v -144.196498 259.015298 24.8643994
v -127.2192 266.92729 36.2563998
v -119.095504 284.936404 103.174603
v -127.2192 266.92729 36.2563998
v -136.394298 268.847299 74.6981978
v 161.539304 106.301999 113.188803
v 154.6453 115.0208 153.771496
v 152.298105 52.6196003 150.512195
v 161.539304 106.301999 113.188803
v 160.984504 67.5999999 103.836906
v 158.914196 10.2683 145.064294
v 153.214002 28.6356986 148.316205
v 138.480198 11.1656003 174.065495
v 92.4731016 39.4270003 36.1097008
v 109.958506 112.927997 31.5836012
v 137.520504 90.7096982 33.4012002
v 17.6522002 186.9748 470.172596
v 39.0053988 168.130398 463.547611
v 57.9317987 209.615993 468.779993
v -22.2562 134.046197 487.224102
v 17.6522002 186.9748 470.172596
v -64.3360019 180.425 460.147715
v -134.900701 162.688196 344.829893
v -118.9821 194.177198 297.008491
v -135.977006 128.743005 276.030397
v -122.655702 200.861001 335.096407
v -134.900701 162.688196 344.829893
v -133.324301 189.152205 349.276495
v -185.836399 45.0737 23.7232998
v -174.011898 85.0022018 19.2892998
v -141.632295 138.648605 27.4062008
v -69.6995974 232.875204 474.915218
v -99.3012011 208.031893 465.917301
v -64.3360019 180.425 460.147715
v -110.447299 243.388009 297.843289
v -118.548095 254.099798 292.190289
v -149.2957 182.2837 199.925804
v -119.564199 210.752106 24.2163002
v -147.667205 176.090395 19.8091999
v -121.145904 253.350496 32.1821988
v -91.8995976 269.839692 325.474405
v -97.9212999 247.408795 334.627891
v -77.5183976 269.025898 355.125499
v -30.0141007 285.373306 224.163604
v 16.6572005 267.0012 218.953204
v -2.97979992 275.081205 203.871107
v 200.0875 4.73669991 53.8896978
v 203.316307 -1.3177 58.6862981
v 195.468295 1.6578 14.3300995
v 114.523101 195.7219 426.084423
v 97.0691025 201.043296 426.606512
v 84.0974987 164.229 411.393309
v 181.200695 13.7529001 130.495703
v 162.8003 1.40819997 77.1754026
v 158.914196 10.2683 145.064294
v 115.881598 -14.3432006 260.290003
v 111.759901 13.1595999 380.78959
v 137.988496 12.7143994 376.111388
v 57.3608994 -34.1789007 488.722801
v 34.7912014 -71.0078001 485.886097
v 60.2231026 -72.083199 450.221586
v 84.0668976 100.5288 442.041016
v 63.8840973 111.806202 457.707119
v 58.3316028 64.3692017 473.224878
v -139.025295 107.310295 319.281411
v -126.333702 89.7745013 256.088901
v -118.1463 71.9731987 267.959309
v 57.5389981 -261.041307 13.7601003
v 76.4373004 -276.863599 0
v 78.7400007 -262.479806 74.6509016
v -139.336705 98.5760987 371.877694
v -118.1463 71.9731987 267.959309
v -128.224504 79.3869972 355.022502
v 159.370601 -13.5187998 253.100395
v 163.999403 -5.18580005 325.728512
v 179.283798 -14.6191001 232.228208
v 146.439004 -89.7558987 385.150003
v 171.984303 -139.386201 371.167898
v 181.035495 -67.9898977 374.696398
v 144.536102 -262.576389 39.4320995
v 78.7400007 -262.479806 74.6509016
v 76.4373004 -276.863599 0
v 191.5084 2.29390003 143.066895
v 209.324098 -10.0483 146.297002
v 212.091804 -6.04449995 120.302498
v 67.5664008 152.787697 458.103704
v 51.1955023 165.321505 455.197906
v 39.0053988 168.130398 463.547611
v -192.558897 -11.6915002 34.4527006
v -196.229005 -5.60050011 41.4045006
v -195.679998 -1.57459993 33.0552012
v -178.900194 -38.6938989 254.46701
v -160.516596 -18.8830003 217.158008
v -167.496002 -15.8340007 228.856707
v 185.637105 166.139698 23.6148998
v 181.3972 184.687901 73.3637989
v 178.205895 148.684502 17.7011997
v -192.558897 -11.6915002 34.4527006
v -181.492603 15.4531002 33.335501
v -188.791394 -15.7342002 40.1345015
v -188.791394 -15.7342002 40.1345015
v -198.0147 -186.654401 44.0829009
v -205.127311 -156.807494 40.0822997
v 121.056902 -103.578603 31.0458004
v 187.391806 14.2896995 11.6357997
v 195.468295 1.6578 14.3300995
v 115.881598 -14.3432006 260.290003
v 134.716797 -1.5904 201.568508
v 126.907301 27.0666003 197.7965
v 209.435201 -125.782704 105.332196
v 212.091804 -6.04449995 120.302498
v 209.324098 -10.0483 146.297002
v 213.170099 -125.565195 42.9803014
v 217.9708 -8.22279975 59.8322988
v 212.091804 -6.04449995 120.302498
v 175.433302 -222.530699 85.8067989
v 179.092705 -216.168809 43.257001
v 205.333805 -142.541206 96.9106972
v 121.056902 -103.578603 31.0458004
v 208.951092 -5.10540009 13.6416003
v 210.288692 -128.282797 33.2720995
v 164.700198 24.4818002 79.5979977
v 153.214002 28.6356986 148.316205
v 158.914196 10.2683 145.064294
v -132.638597 112.386096 223.1498
v -139.588594 121.499801 177.017105
v -138.278198 106.619799 179.733801
v -204.571795 -33.5790008 120.221496
v -213.673306 -99.2022991 178.542805
v -190.2753 -20.8174005 187.942505
v 17.5956994 -143.772995 424.321604
v 41.3075 -157.278597 422.878695
v 66.1351025 -158.906305 438.903904
v -200.513792 -103.036499 224.338508
v -186.693704 -136.865497 222.836804
v -178.900194 -38.6938989 254.46701
v 56.4759016 228.516102 451.233578
v 9.75119993 254.861212 456.008911
v 46.1479992 227.548194 475.9305
v 3.99659984 -217.133403 363.319397
v 31.6464007 -244.963288 380.853796
v 11.7099002 -226.368403 435.942507
v 104.112804 -13.2625997 37.9723012
v 157.825696 2.9383 11.6625004
v 89.6511972 -98.6469984 20.8943993
v 28.5562009 65.2405024 482.369518
v 14.5647004 26.3981014 524.393511
v 73.0117977 14.1886994 492.176008
v -51.6053975 -60.2729976 581.485319
v -65.4788017 -10.3505 567.939997
v -67.6747978 -25.8435994 587.507677
v 31.6464007 -244.963288 380.853796
v 3.99659984 -217.133403 363.319397
v 35.7356995 -235.834599 363.205504
v -4.82349992 265.06381 300.864697
v -3.64560001 263.602591 270.814991
v -17.6902995 258.957911 317.895508
v 164.335501 174.190295 37.292701
v 182.480502 195.511699 29.1952997
v 185.637105 166.139698 23.6148998
v -5.24020009 -113.897002 497.629881
v -30.3415 -71.1291015 561.155081
v -22.4270001 -123.3145 499.874115
v -92.9259002 147.217202 482.660818
v -131.203997 101.784396 503.203917
v -126.647902 116.247797 555.895185
v -126.107001 159.771097 461.6189
v -129.098797 87.8928006 430.655193
v -131.203997 101.784396 503.203917
v -165.510905 83.1291974 126.240396
v -169.186497 88.5811985 141.426206
v -167.603505 89.447099 132.894099
v -173.771298 -47.8845 322.022605
v -170.449901 -22.1359 403.679514
v -143.950605 35.2490991 370.823598
v -167.552102 10.5149001 486.854076
v -139.897001 55.5751026 476.988697
v -76.2044013 271.33069 376.704311
v -51.702702 263.486004 417.554283
v -36.0040009 255.7338 356.561303
v -76.2044013 271.33069 376.704311
v -77.5183976 269.025898 355.125499
v 67.6702976 243.970394 241.818094
v 63.6138976 216.394806 211.881304
v 67.3732996 232.695889 257.938099
v 14.5647004 26.3981014 524.393511
v 57.3608994 -34.1789007 488.722801
v 73.0117977 14.1886994 492.176008
v 137.221897 3.13149989 177.820802
v 138.480198 11.1656003 174.065495
v 134.716797 -1.5904 201.568508
v -171.988201 -4.94769998 187.869596
v -179.944599 -1.79089997 177.333403
v -175.665998 -9.22890007 210.048509
v -213.5427 -83.7812006 85.9860003
v -210.537791 -71.5040982 37.5921011
v -205.127311 -156.807494 40.0822997
v -210.537791 -71.5040982 37.5921011
v -213.5427 -83.7812006 85.9860003
v -199.015903 -15.2500004 73.1422007
v 77.1013021 54.9295008 449.420881
v 73.0117977 14.1886994 492.176008
v 86.5613997 13.2222995 453.589582
v 62.3308003 231.890106 37.3878986
v 71.025002 233.605289 42.6811993
v 59.2216015 199.354994 36.393401
v 195.468295 1.6578 14.3300995
v 216.157293 -8.97080004 23.0024993
v 208.951092 -5.10540009 13.6416003
v 9.22100022 259.241199 215.1896
v -58.5147977 272.867393 306.032801
v -52.4577975 259.26199 304.166198
v 63.7184024 -6.78659976 31.2772989
v 7.72700012 41.0764992 36.1927986
v 63.271302 0.217300002 28.7014991
v 112.0314 70.7464993 218.682098
v 106.186998 25.9056985 261.926103
v 126.907301 27.0666003 197.7965
v 179.283798 -14.6191001 232.228208
v 167.843604 4.17059995 196.2327
v 159.370601 -13.5187998 253.100395
v -135.977006 128.743005 276.030397
v -139.025295 107.310295 319.281411
v -134.900701 162.688196 344.829893
v 143.241501 234.546208 287.080407
v 135.575294 184.692204 217.607999
v 150.740898 245.108104 218.950891
v 132.604301 194.664705 351.851296
v 133.647895 183.735597 284.076095
v 141.477799 238.847589 360.131407
v 139.801502 237.566209 308.200192
v 135.575294 184.692204 217.607999
v 143.241501 234.546208 287.080407
v 122.213995 122.442698 272.662711
v -111.053002 -108.774304 37.4264002
v -6.58029988 -121.360099 45.9697008
v -36.254099 -249.263811 24.9077007
v -52.4577975 259.26199 304.166198
v -74.4848013 270.181704 346.269107
v -17.6902995 258.957911 317.895508
v -173.274004 27.5541991 79.6379983
v -176.437604 2.30749995 125.423503
v -161.145401 67.602098 130.2917
v -86.7627025 297.205997 20.5605
v -44.7398007 245.570397 46.1432993
v -103.648102 274.536896 38.0616993
v -205.620503 -167.3455 86.3865018
v -195.985305 -183.557796 84.7846985
v -199.933398 -158.977604 118.7971
v 129.729605 258.263302 41.0293013
v 135.741699 266.531706 78.6696017
v 166.790402 234.930491 82.3854983
v -173.771298 -47.8845 322.022605
v -189.342201 -105.855298 393.169498
v -170.449901 -22.1359 403.679514
v 186.575401 10.3215002 137.665498
v 180.120504 12.1776998 156.576598
v 191.5084 2.29390003 143.066895
v 169.320703 63.2884026 81.319201
v 152.298105 52.6196003 150.512195
v 173.213601 39.0682012 77.4401009
v -169.811106 -203.2758 315.667391
v -163.659298 -212.039804 377.098703
v -178.686798 -200.954008 368.432498
v 91.8757975 250.272989 84.6688986
v 81.4303994 243.409801 150.701499
v 132.2896 241.250801 153.456998
v 63.6138976 216.394806 211.881304
v 67.6702976 243.970394 241.818094
v 67.3291981 241.88621 192.930198
v -95.777297 247.923994 365.599298
v -101.829803 222.3001 412.614489
v -79.0084004 252.600098 427.370596
v 100.996006 87.7947986 270.282197
v 112.0314 70.7464993 218.682098
v 126.671898 109.4522 214.918709
v -166.492105 65.7027006 85.4330003
v -174.477696 28.0066997 25.6942987
v -173.274004 27.5541991 79.6379983
v -189.342201 -105.855298 393.169498
v -173.771298 -47.8845 322.022605
v -187.631798 -143.081999 261.825109
v 209.131098 -137.010598 159.944701
v 195.276701 -147.660899 245.414996
v 199.931896 -150.571704 226.283193
v 152.285802 -262.986994 55.3175986
v 175.433302 -222.530699 85.8067989
v 157.272506 -274.606109 89.3369973
v -107.2155 295.334506 82.2632015
v -117.130804 299.137807 17.9045007
v -127.2192 266.92729 36.2563998
v -192.558897 -11.6915002 34.4527006
v -184.548104 19.8855996 29.7672004
v -181.635904 26.1597008 22.7323994
v 40.8358991 -233.051991 365.796208
v 54.3669999 -181.188405 396.085906
v 31.6464007 -244.963288 380.853796
v -191.012096 -38.411501 237.237501
v -200.513792 -103.036499 224.338508
v -181.959105 -32.7699989 249.838996
v 213.170099 -125.565195 42.9803014
v 172.985899 -205.735302 37.016201
v 210.288692 -128.282797 33.2720995
v -102.705002 281.738997 292.982006
v -119.052804 282.5804 163.824999
v -104.930401 284.428501 297.06471
v 113.346303 -202.581 34.8073989
v 144.536102 -262.576389 39.4320995
v 76.4373004 -276.863599 0
v -53.9043009 -77.3099005 571.435213
v -62.1088982 -112.9022 506.282187
v -30.3415 -71.1291015 561.155081
v 109.958506 112.927997 31.5836012
v 92.4731016 39.4270003 36.1097008
v 45.3714997 102.291703 23.3765006
v 205.333805 -142.541206 96.9106972
v 213.170099 -125.565195 42.9803014
v 213.36689 -132.5405 91.4102972
v 128.778696 232.194901 30.3391993
v 167.094004 238.846397 39.2446011
v 151.669502 209.178901 50.8957982
v 30.0265998 230.989695 153.752697
v 63.6138976 216.394806 211.881304
v 73.7991989 238.733196 144.059706
v 126.944995 181.990004 45.7569003
v 59.2216015 199.354994 36.393401
v 133.754897 191.0694 43.6224014
v -186.346304 -250.181508 82.1578979
v -195.985305 -183.557796 84.7846985
v -198.0147 -186.654401 44.0829009
v -3.19910012 142.256296 60.9466016
v -83.8504016 188.859499 24.6692002
v -42.7931994 223.746395 29.5031011
v 153.711295 -3.00689992 375.281
v 117.966604 11.5018003 460.271406
v 117.623794 -37.1959001 451.87602
v 88.1263018 -182.833803 33.0549002
v 59.7151995 -172.396898 30.6769013
v 89.6511972 -98.6469984 20.8943993
v -133.326304 101.068103 24.5548993
v -69.4240987 39.8961991 44.2299008
v -97.9839981 14.6851003 34.3035996
v 104.112804 -13.2625997 37.9723012
v 66.8646991 -43.2204992 26.4468014
v 63.7184024 -6.78659976 31.2772989
v 167.563498 -12.8230006 345.434809
v 153.711295 -3.00689992 375.281
v 150.932395 -51.9707024 389.134908
v -149.2957 182.2837 199.925804
v -118.548095 254.099798 292.190289
v -133.510494 235.811901 240.772104
v -141.632295 138.648605 27.4062008
v -174.011898 85.0022018 19.2892998
v -161.277294 153.453302 23.2654005
v -62.105602 -151.865995 431.652689
v -62.1088982 -112.9022 506.282187
v -165.066004 -116.936195 468.28661
v -62.1088982 -112.9022 506.282187
v -53.9043009 -77.3099005 571.435213
v -61.7439985 299.758911 26.5861988
v -30.8975995 282.831907 30.2552015
v -86.7627025 297.205997 20.5605
v 133.647895 183.735597 284.076095
v 132.604301 194.664705 351.851296
v 129.031098 141.468203 349.328494
v -74.4848013 270.181704 346.269107
v -87.1029973 261.802101 319.108796
v -91.8995976 269.839692 325.474405
v 158.302796 20.0707003 13.6102006
v 161.703503 61.581701 31.5508008
v 167.735898 23.5119 6.27389997
v 132.2896 241.250801 153.456998
v 116.235101 255.019593 215.771508
v 150.740898 245.108104 218.950891
v -184.898901 -125.125206 481.642818
v -167.373705 -138.410401 398.801994
v -165.066004 -116.936195 468.28661
v 39.9708003 -165.667295 423.812103
v 30.3689986 -184.690404 425.126696
v 54.3669999 -181.188405 396.085906
v 30.3689986 -184.690404 425.126696
v 31.6464007 -244.963288 380.853796
v 54.3669999 -181.188405 396.085906
v -36.254099 -249.263811 24.9077007
v 36.7733985 -174.847806 27.553001
v -7.31920004 -285.963392 10.2334999
v -205.712795 -86.7537022 222.781992
v -213.673306 -99.2022991 178.542805
v -205.411911 -128.390896 178.520298
v 65.9712017 234.803796 276.343107
v 73.1251001 269.047594 329.798508
v 67.6702976 243.970394 241.818094
v -168.3671 -15.6402007 540.91239
v -165.780401 -11.3009997 526.823807
v -174.435902 -4.52070013 489.099598
v 28.7072986 237.352705 37.2209996
v 41.0650015 253.138208 87.0238006
v 29.2800993 232.683802 80.8013976
v 26.8947005 -238.271093 252.949595
v 28.4355015 -231.789589 196.817696
v 32.4234992 -227.697706 266.757107
v -70.035398 284.508801 156.845605
v -107.2155 295.334506 82.2632015
v -112.903202 280.905008 167.464006
v -190.2753 -20.8174005 187.942505
v -205.712795 -86.7537022 222.781992
v -191.012096 -38.411501 237.237501
v 89.6511972 -98.6469984 20.8943993
v 36.7733985 -174.847806 27.553001
v 53.3670008 -57.5601995 29.2602003
v -26.1770993 -248.316312 348.530793
v -85.0113988 -219.044089 383.495092
v -99.5980978 -252.492499 355.814195
v 174.757099 174.505103 137.925506
v 126.671898 109.4522 214.918709
v 154.6453 115.0208 153.771496
v -111.053002 -108.774304 37.4264002
v -198.0147 -186.654401 44.0829009
v -161.006904 -77.3806989 33.2332999
v -188.9364 10.0759 127.104998
v -201.132989 -18.6502993 88.6977017
v -204.571795 -33.5790008 120.221496
v -179.944599 -1.79089997 177.333403
v -184.473503 18.5349002 139.447606
v -188.357401 -163.384295 314.835596
v -178.686798 -200.954008 368.432498
v -184.587705 -149.854004 371.193695
v -202.222109 -134.460795 177.694702
v -207.704401 -136.417103 130.299497
v -202.478194 -139.344704 143.356395
v 97.0691025 201.043296 426.606512
v 114.523101 195.7219 426.084423
v 126.335204 200.900888 422.04752
v 158.434296 -272.100997 153.469396
v 161.821795 -231.514192 155.821502
v 158.6061 -257.937193 195.522797
v 157.272506 -274.606109 89.3369973
v 158.434296 -272.100997 153.469396
v 79.5346022 -269.025612 146.073401
v -36.254099 -249.263811 24.9077007
v -6.58029988 -121.360099 45.9697008
v 36.7733985 -174.847806 27.553001
v 91.4725006 251.169491 278.724408
v 81.734401 243.257093 267.971992
v 67.6702976 243.970394 241.818094
v -149.741197 150.265098 171.075904
v -115.941095 212.95321 293.820095
v -110.447299 243.388009 297.843289
v 63.8840973 111.806202 457.707119
v 14.6639004 72.7869987 476.2743
v 58.3316028 64.3692017 473.224878
v -178.686798 -200.954008 368.432498
v -163.659298 -212.039804 377.098703
v -167.373705 -138.410401 398.801994
v -26.4284015 300.30489 41.1271006
v -24.5869994 303.785896 84.4478011
v 29.2970002 281.020904 89.7615016
v -196.971905 -109.839702 479.335117
v -189.342201 -105.855298 393.169498
v -184.898901 -125.125206 481.642818
v 38.192299 -247.35291 73.595202
v 43.0453986 -244.124794 146.4661
v -3.03440001 -279.420805 134.795797
v 35.620299 245.870805 26.3168991
v 32.8152001 288.79149 14.8611993
v 51.6107023 252.156997 22.2652003
v 81.4303994 243.409801 150.701499
v 116.235101 255.019593 215.771508
v 132.2896 241.250801 153.456998
v -44.2602009 235.904908 35.2607995
v 14.1948 199.033999 34.2482001
v -42.7931994 223.746395 29.5031011
v 99.9381006 249.334002 340.777302
v 141.477799 238.847589 360.131407
v 139.801502 237.566209 308.200192
v -139.588594 121.499801 177.017105
v -149.741197 150.265098 171.075904
v -164.224803 153.500605 117.949498
v -129.098797 87.8928006 430.655193
v -128.224504 79.3869972 355.022502
v -143.950605 35.2490991 370.823598
v 213.170099 -125.565195 42.9803014
v 209.435201 -125.782704 105.332196
v 213.36689 -132.5405 91.4102972
v -77.5183976 269.025898 355.125499
v -97.9212999 247.408795 334.627891
v -101.106405 227.74229 330.837488
v -77.5183976 269.025898 355.125499
v -95.777297 247.923994 365.599298
v -76.2044013 271.33069 376.704311
v -150.738299 209.156704 22.9613006
v -154.042006 192.2647 24.7960001
v -127.2192 266.92729 36.2563998
v -103.648102 274.536896 38.0616993
v -113.257897 259.34 41.1428988
v -115.914798 272.35651 42.0958012
v -92.6863015 247.691298 30.1932007
v -119.564199 210.752106 24.2163002
v -121.145904 253.350496 32.1821988
v 79.4834018 162.638903 442.079401
v 78.2662988 150.435603 433.067894
v 84.0974987 164.229 411.393309
v -4.91480008 135.826504 58.6227
v 32.5046003 105.292797 24.0916997
v -34.6423 87.7705991 45.4937011
v 158.434296 -272.100997 153.469396
v 158.6061 -257.937193 195.522797
v 88.9792025 -268.371701 198.913097
v -149.384999 -236.84411 322.070503
v -158.955801 -234.631991 305.329299
v -95.065999 -281.257701 268.708491
v -169.186497 88.5811985 141.426206
v -138.451099 89.9174988 205.116105
v -153.3746 105.635595 163.114202
v 129.6628 228.504109 405.08709
v 115.802801 242.161989 401.222706
v 90.6022012 217.743897 416.052008
v -72.3178029 284.131503 289.337707
v -58.5147977 272.867393 306.032801
v -40.8982009 283.900595 232.842803
v 41.0650015 253.138208 87.0238006
v 37.587899 254.464698 146.523595
v 33.1521988 242.410707 143.205798
v -184.664595 -257.586694 128.524101
v -172.061098 -245.4952 181.626999
v -187.531102 -247.158504 120.510805
v 28.4332007 274.70839 138.675904
v 37.587899 254.464698 146.523595
v 41.0650015 253.138208 87.0238006
v 132.2896 241.250801 153.456998
v 152.569795 223.637009 150.865698
v 166.790402 234.930491 82.3854983
v -117.130804 299.137807 17.9045007
v -107.2155 295.334506 82.2632015
v -100.825596 294.387388 35.5881989
v 171.984303 -139.386201 371.167898
v 129.3823 -193.0884 381.091499
v 155.854905 -206.974792 348.271704
v 141.477799 238.847589 360.131407
v 115.802801 242.161989 401.222706
v 129.6628 228.504109 405.08709
v -162.725198 150.741005 74.1747975
v -156.793201 161.1642 34.5636994
v -161.277294 153.453302 23.2654005
v 11.8312001 -240.94491 196.660697
v 28.4355015 -231.789589 196.817696
v 26.8947005 -238.271093 252.949595
v -65.4788017 -10.3505 567.939997
v -61.3879979 26.0655999 547.594118
v -122.201502 57.8540027 561.331987
v 73.0117977 14.1886994 492.176008
v 57.3608994 -34.1789007 488.722801
v 79.9901009 -33.0529988 474.078608
v -99.5980978 -252.492499 355.814195
v -90.8007979 -295.444298 356.366897
v -35.3585005 -273.958111 338.881993
v 11.8312001 -240.94491 196.660697
v -3.25479992 -263.1459 243.558192
v -11.8854001 -265.984797 187.499499
v -22.4270001 -123.3145 499.874115
v -62.1088982 -112.9022 506.282187
v -62.105602 -151.865995 431.652689
v 24.8466998 122.915399 473.521805
v 17.6522002 186.9748 470.172596
v -22.2562 134.046197 487.224102
v -110.447299 243.388009 297.843289
v -149.2957 182.2837 199.925804
v -149.741197 150.265098 171.075904
v 79.3631017 147.597802 415.840006
v 71.0277975 147.251797 443.768883
v 89.893198 100.615203 418.699884
v -132.084799 166.4873 415.297985
v -139.336705 98.5760987 371.877694
v -129.098797 87.8928006 430.655193
v -147.667205 176.090395 19.8091999
v -141.632295 138.648605 27.4062008
v -153.717601 160.508299 18.2400003
v 64.4044995 155.713201 29.8065007
v 126.944995 181.990004 45.7569003
v 122.7332 153.138006 37.105599
v 138.240099 78.0520022 181.269395
v 154.6453 115.0208 153.771496
v 126.671898 109.4522 214.918709
v 93.8466012 252.302194 47.9993999
v 91.8757975 250.272989 84.6688986
v 129.729605 258.263302 41.0293013
v -132.084799 166.4873 415.297985
v -111.342096 198.749006 472.38431
v -104.407501 210.176802 462.609291
v -186.195505 -93.1207001 550.4179
v -135.888696 -29.3554991 590.273905
v -168.3671 -15.6402007 540.91239
v 19.4581002 256.375504 339.841294
v 44.4224 252.595711 340.402603
v 3.04550007 263.028693 323.61021
v 54.4344008 -55.0294995 24.9716997
v 12.0722003 -41.8498009 38.0308002
v 63.7184024 -6.78659976 31.2772989
v 88.3606017 193.352997 448.541117
v 77.196902 195.4965 474.283886
v 65.6880975 173.291194 460.092115
v -185.836399 45.0737 23.7232998
v -174.477696 28.0066997 25.6942987
v -166.492105 65.7027006 85.4330003
v -129.098797 87.8928006 430.655193
v -139.897001 55.5751026 476.988697
v -131.203997 101.784396 503.203917
v -155.7809 77.9650986 137.261498
v -161.145401 67.602098 130.2917
v -164.988804 -7.0081003 175.638103
v 57.5389981 -261.041307 13.7601003
v 78.7400007 -262.479806 74.6509016
v 38.192299 -247.35291 73.595202
v -153.460705 -17.8868994 45.9434986
v -188.791394 -15.7342002 40.1345015
v -181.492603 15.4531002 33.335501
v -67.6747978 -25.8435994 587.507677
v -115.413702 -20.3424007 584.264421
v -121.714306 -25.5881995 590.777397
v -164.217901 14.1867995 539.816713
v -156.1759 23.7085 557.714701
v -162.242305 23.9285007 554.335785
v -134.906995 -12.3090997 590.507793
v -148.179197 25.0566989 564.752388
v -152.629101 22.3033994 573.826218
v -134.065294 -29.9589008 585.9622
v -73.9374995 -65.4893994 598.157501
v -121.714306 -25.5881995 590.777397
v 159.370601 -13.5187998 253.100395
v 167.843604 4.17059995 196.2327
v 134.716797 -1.5904 201.568508
v -159.5819 30.3995013 548.385
v -140.654194 47.6707011 555.705786
v -139.897001 55.5751026 476.988697
v -180.040896 -118.660402 541.799784
v -184.898901 -125.125206 481.642818
v -165.066004 -116.936195 468.28661
v 36.7733985 -174.847806 27.553001
v 89.6511972 -98.6469984 20.8943993
v 59.7151995 -172.396898 30.6769013
v 88.9792025 -268.371701 198.913097
v 92.6425993 -271.377707 255.800509
v 58.632803 -250.2321 255.666089
v 63.8840973 111.806202 457.707119
v 71.0277975 147.251797 443.768883
v 67.5664008 152.787697 458.103704
v -122.201502 57.8540027 561.331987
v -61.3879979 26.0655999 547.594118
v -126.647902 116.247797 555.895185
v -171.540499 -195.451999 304.1682
v -180.223501 -158.823204 263.101006
v -166.0743 -221.950889 266.160989
v 183.296597 -37.4289006 315.986991
v 167.563498 -12.8230006 345.434809
v 181.035495 -67.9898977 374.696398
v -26.1166006 131.542099 491.151714
v -92.9259002 147.217202 482.660818
v -33.189401 66.9462025 497.007895
v 3.99659984 -217.133403 363.319397
v 32.4234992 -227.697706 266.757107
v 38.1366998 -238.412189 345.93749
v 116.235101 255.019593 215.771508
v 95.0372994 245.712996 262.540102
v 143.241501 234.546208 287.080407
v 129.729605 258.263302 41.0293013
v 128.778696 232.194901 30.3391993
v 86.8544996 246.093512 51.5802979
v -31.3607991 -228.888106 365.650296
v -28.9104015 -201.070189 411.880684
v -92.0799971 -193.088996 398.436904
v 149.449098 -264.973688 250.985909
v 92.6425993 -271.377707 255.800509
v 88.9792025 -268.371701 198.913097
v -139.336705 98.5760987 371.877694
v -128.657603 189.237106 357.177401
v -134.900701 162.688196 344.829893
v -158.955801 -234.631991 305.329299
v -166.0743 -221.950889 266.160989
v -104.507303 -274.107504 220.30549
v -3.03440001 -279.420805 134.795797
v -94.6372986 -295.823193 176.324904
v -109.155202 -287.817097 126.665998
v -101.223195 -290.2318 31.8906993
v -6.93159997 -273.859 74.3494987
v -107.799494 -309.31499 63.3975983
v -128.562999 78.4385026 202.397704
v -123.225403 75.3369987 222.412705
v -126.333702 89.7745013 256.088901
v -95.065999 -281.257701 268.708491
v -3.25479992 -263.1459 243.558192
v -12.7259001 -262.374902 294.009995
v -95.065999 -281.257701 268.708491
v -35.3585005 -273.958111 338.881993
v -90.8007979 -295.444298 356.366897
v 159.370601 -13.5187998 253.100395
v 137.988496 12.7143994 376.111388
v 163.999403 -5.18580005 325.728512
v -187.224698 -103.122199 545.172977
v -196.971905 -109.839702 479.335117
v -184.898901 -125.125206 481.642818
v 186.883998 -79.4475019 355.703902
v 181.035495 -67.9898977 374.696398
v 171.984303 -139.386201 371.167898
v 186.883998 -79.4475019 355.703902
v 185.224998 -145.866799 364.233088
v 200.0875 4.73669991 53.8896978
v 181.200695 13.7529001 130.495703
v 201.42529 6.33819997 106.623197
v -118.548095 254.099798 292.190289
v -123.854995 267.096496 284.41689
v -129.283798 256.883788 281.195402
v -213.5427 -83.7812006 85.9860003
v -217.9708 -92.604202 132.007396
v -204.571795 -33.5790008 120.221496
v -133.8781 262.560105 169.728601
v -143.828702 218.494892 201.230001
v -134.037805 229.90191 200.460505
v 128.363001 44.2360997 37.6446992
v 98.0028987 -5.64760007 34.5212996
v 92.4731016 39.4270003 36.1097008
v 159.792805 137.590301 17.5706998
v 144.981003 88.5962009 38.2117987
v 109.958506 112.927997 31.5836012
v -119.052804 282.5804 163.824999
v -133.8781 262.560105 169.728601
v -131.809795 270.217109 255.962491
v -26.2665004 298.0896 139.764798
v -65.7001019 293.256998 139.519894
v -70.035398 284.508801 156.845605
v -158.5302 185.748506 127.768505
v -159.544206 196.295404 70.1730013
v -162.725198 150.741005 74.1747975
v 7.72700012 41.0764992 36.1927986
v 92.4731016 39.4270003 36.1097008
v 63.271302 0.217300002 28.7014991
v -118.548095 254.099798 292.190289
v -129.283798 256.883788 281.195402
v -133.510494 235.811901 240.772104
v 161.686397 107.751298 91.1092997
v 169.320703 63.2884026 81.319201
v 161.703503 61.581701 31.5508008
v 144.288099 51.7642975 42.3413992
v 144.981003 88.5962009 38.2117987
v 161.703503 61.581701 31.5508008
v -28.9104015 -201.070189 411.880684
v 22.3444 -170.1913 429.068804
v 2.36469992 -142.070198 431.570196
v -102.705002 281.738997 292.982006
v -72.3178029 284.131503 289.337707
v -112.903202 280.905008 167.464006
v -101.829803 222.3001 412.614489
v -104.407501 210.176802 462.609291
v -76.3010979 239.900804 461.656094
v 24.8466998 122.915399 473.521805
v 39.0053988 168.130398 463.547611
v 17.6522002 186.9748 470.172596
v 30.3689986 -184.690404 425.126696
v -28.9104015 -201.070189 411.880684
v 11.7099002 -226.368403 435.942507
v 128.778696 232.194901 30.3391993
v 79.3398023 230.254292 32.3653996
v 86.8544996 246.093512 51.5802979
v -126.647902 116.247797 555.895185
v -61.3879979 26.0655999 547.594118
v -33.189401 66.9462025 497.007895
v 113.346303 -202.581 34.8073989
v 76.4373004 -276.863599 0
v 57.5389981 -261.041307 13.7601003
v -135.977006 128.743005 276.030397
v -126.333702 89.7745013 256.088901
v -139.025295 107.310295 319.281411
v -26.1166006 131.542099 491.151714
v -22.2562 134.046197 487.224102
v -64.3360019 180.425 460.147715
v -133.326304 101.068103 24.5548993
v -185.836399 45.0737 23.7232998
v -141.632295 138.648605 27.4062008
v -119.095504 284.936404 103.174603
v -119.052804 282.5804 163.824999
v -112.903202 280.905008 167.464006
v -132.742095 204.094791 359.093809
v -128.657603 189.237106 357.177401
v -132.084799 166.4873 415.297985
v -110.447299 243.388009 297.843289
v -115.941095 212.95321 293.820095
v -101.106405 227.74229 330.837488
v -44.1264987 216.955805 479.095602
v 9.75119993 254.861212 456.008911
v -46.8953997 261.700392 462.695217
v -69.4240987 39.8961991 44.2299008
v -133.326304 101.068103 24.5548993
v -34.6423 87.7705991 45.4937011
v -93.9307988 178.771198 19.8275998
v -34.6423 87.7705991 45.4937011
v 100.996006 87.7947986 270.282197
v 118.9183 104.085898 353.576994
v 108.029699 52.1897018 383.196211
v -61.7439985 299.758911 26.5861988
v -86.7627025 297.205997 20.5605
v -100.825596 294.387388 35.5881989
v -64.3360019 180.425 460.147715
v -126.107001 159.771097 461.6189
v -92.9259002 147.217202 482.660818
v -158.5302 185.748506 127.768505
v -164.224803 153.500605 117.949498
v -149.741197 150.265098 171.075904
v 80.2397013 210.822606 445.999289
v 97.0691025 201.043296 426.606512
v 90.6022012 217.743897 416.052008
v -44.1264987 216.955805 479.095602
v -46.8953997 261.700392 462.695217
v -72.052902 243.786597 469.024515
v -167.552102 10.5149001 486.854076
v -159.5819 30.3995013 548.385
v -139.897001 55.5751026 476.988697
v 167.137003 -213.6868 152.822399
v 161.821795 -231.514192 155.821502
v 157.272506 -274.606109 89.3369973
v 16.6572005 267.0012 218.953204
v -30.0141007 285.373306 224.163604
v -40.8982009 283.900595 232.842803
v -40.8982009 283.900595 232.842803
v -70.035398 284.508801 156.845605
v -112.903202 280.905008 167.464006
v 152.569795 223.637009 150.865698
v 165.256 179.509699 151.065505
v 179.9914 197.424304 79.8111022
v 60.2231026 -72.083199 450.221586
v 99.8833001 -79.7444999 414.195824
v 79.9901009 -33.0529988 474.078608
v 200.0875 4.73669991 53.8896978
v 195.468295 1.6578 14.3300995
v 187.391806 14.2896995 11.6357997
v 203.316307 -1.3177 58.6862981
v 201.42529 6.33819997 106.623197
v 212.091804 -6.04449995 120.302498
v -181.241095 18.5700998 126.208603
v -176.437604 2.30749995 125.423503
v -173.274004 27.5541991 79.6379983
v -182.053196 75.1116991 73.6240029
v -174.011898 85.0022018 19.2892998
v -185.836399 45.0737 23.7232998
v 138.240099 78.0520022 181.269395
v 126.671898 109.4522 214.918709
v 112.0314 70.7464993 218.682098
v -146.132898 254.784203 59.5327973
v -136.394298 268.847299 74.6981978
v -127.2192 266.92729 36.2563998
v 34.939599 234.834194 87.8693998
v 30.0265998 230.989695 153.752697
v 73.7991989 238.733196 144.059706
v 34.7912014 -71.0078001 485.886097
v -5.24020009 -113.897002 497.629881
v 10.6408998 -135.603094 429.441595
v -139.025295 107.310295 319.281411
v -118.1463 71.9731987 267.959309
v -139.336705 98.5760987 371.877694
v -128.224504 79.3869972 355.022502
v -118.1463 71.9731987 267.959309
v -134.397304 11.4698 309.480596
v -139.336705 98.5760987 371.877694
v -128.224504 79.3869972 355.022502
v -129.098797 87.8928006 430.655193
v 131.882906 -170.5832 412.50248
v 129.3823 -193.0884 381.091499
v 171.984303 -139.386201 371.167898
v -131.893396 119.736099 234.600997
v -132.638597 112.386096 223.1498
v -138.451099 89.9174988 205.116105
v 165.525699 -250.972295 218.020797
v 171.513402 -227.356791 169.154096
v 170.544696 -220.531702 237.098789
v 23.1793001 244.438195 21.6783002
v 6.64220005 216.149998 38.4921014
v -30.4394007 249.773002 39.2320991
v 146.439004 -89.7558987 385.150003
v 181.035495 -67.9898977 374.696398
v 150.932395 -51.9707024 389.134908
v -101.106405 227.74229 330.837488
v -115.449405 210.474396 328.254008
v -123.757803 207.833791 347.354102
v 78.7400007 -262.479806 74.6509016
v 79.5346022 -269.025612 146.073401
v 43.0453986 -244.124794 146.4661
v 66.1351025 -158.906305 438.903904
v 39.9708003 -165.667295 423.812103
v 70.1204002 -179.375899 420.738888
v -167.496002 -15.8340007 228.856707
v -171.988201 -4.94769998 187.869596
v -175.125599 -13.2134005 206.360698
v 115.802801 242.161989 401.222706
v 141.477799 238.847589 360.131407
v 99.9381006 249.334002 340.777302
v -213.673306 -99.2022991 178.542805
v -205.712795 -86.7537022 222.781992
v -190.2753 -20.8174005 187.942505
v -93.9307988 178.771198 19.8275998
v -133.326304 101.068103 24.5548993
v -141.632295 138.648605 27.4062008
v -146.132898 254.784203 59.5327973
v -144.196498 259.015298 24.8643994
v -154.042006 192.2647 24.7960001
v -36.1290008 1.68399997 25.3030002
v -67.940098 -43.8165992 29.5910001
v -97.9839981 14.6851003 34.3035996
v -6.58029988 -121.360099 45.9697008
v -67.940098 -43.8165992 29.5910001
v 12.0722003 -41.8498009 38.0308002
v -171.988201 -4.94769998 187.869596
v -164.988804 -7.0081003 175.638103
v -176.437604 2.30749995 125.423503
v -126.107001 159.771097 461.6189
v -64.3360019 180.425 460.147715
v -99.3012011 208.031893 465.917301
v -178.900194 -38.6938989 254.46701
v -167.496002 -15.8340007 228.856707
v -181.959105 -32.7699989 249.838996
v 9.75119993 254.861212 456.008911
v -51.702702 263.486004 417.554283
v -46.8953997 261.700392 462.695217
v -167.603505 89.447099 132.894099
v -175.976598 81.2729001 101.900899
v -169.166398 76.1829972 101.490605
v 122.325695 -209.836006 384.082007
v 155.854905 -206.974792 348.271704
v 129.3823 -193.0884 381.091499
v -30.8975995 282.831907 30.2552015
v -61.7439985 299.758911 26.5861988
v -36.2818986 299.588299 30.1890999
v 14.7110999 268.3254 418.567514
v 44.4224 252.595711 340.402603
v 9.65579972 260.849309 351.798201
v 19.4581002 256.375504 339.841294
v 9.65579972 260.849309 351.798201
v 187.391806 14.2896995 11.6357997
v 157.825696 2.9383 11.6625004
v 173.842001 15.4559001 8.6515002
v -188.791394 -15.7342002 40.1345015
v -205.127311 -156.807494 40.0822997
v -192.558897 -11.6915002 34.4527006
v -58.5147977 272.867393 306.032801
v -87.9007995 268.723202 316.127801
v -87.1029973 261.802101 319.108796
v 35.246101 -245.455599 17.8041995
v 38.192299 -247.35291 73.595202
v -6.93159997 -273.859 74.3494987
v 164.335501 174.190295 37.292701
v 151.669502 209.178901 50.8957982
v 182.480502 195.511699 29.1952997
v 77.196902 195.4965 474.283886
v 80.2397013 210.822606 445.999289
v 66.2302017 206.869197 464.012718
v 208.951092 -5.10540009 13.6416003
v 121.056902 -103.578603 31.0458004
v 195.468295 1.6578 14.3300995
v 49.3142992 -80.3049028 441.310406
v 82.6533973 -83.4039986 422.201395
v 61.728102 -74.9372005 437.741089
v 66.2302017 206.869197 464.012718
v 65.6880975 173.291194 460.092115
v 77.196902 195.4965 474.283886
v 62.3308003 231.890106 37.3878986
v 29.2800993 232.683802 80.8013976
v 71.025002 233.605289 42.6811993
v 202.9248 -41.6072011 222.448802
v 178.225994 -24.5032996 276.403594
v 183.296597 -37.4289006 315.986991
v 90.763098 -189.524603 26.5969008
v 59.7151995 -172.396898 30.6769013
v 88.1263018 -182.833803 33.0549002
v -24.0961 -238.987303 339.310408
v -26.1770993 -248.316312 348.530793
v -35.3585005 -273.958111 338.881993
v 143.885505 -258.786893 334.463501
v 83.277297 -254.081988 358.817101
v 92.6425993 -271.377707 255.800509
v 28.4355015 -231.789589 196.817696
v 43.0453986 -244.124794 146.4661
v 47.6615012 -242.709398 192.157698
v 108.029699 52.1897018 383.196211
v 118.9183 104.085898 353.576994
v 112.009501 103.840399 393.136501
v 143.565595 13.5749996 390.184689
v 117.966604 11.5018003 460.271406
v 153.711295 -3.00689992 375.281
v -159.544206 196.295404 70.1730013
v -144.472003 248.213506 80.754602
v -146.132898 254.784203 59.5327973
v -123.854995 267.096496 284.41689
v -119.052804 282.5804 163.824999
v -126.049197 264.163995 267.714596
v 152.569795 223.637009 150.865698
v 135.575294 184.692204 217.607999
v 165.256 179.509699 151.065505
v -205.620503 -167.3455 86.3865018
v -205.127311 -156.807494 40.0822997
v -198.0147 -186.654401 44.0829009
v -171.988201 -4.94769998 187.869596
v -167.496002 -15.8340007 228.856707
v -160.516596 -18.8830003 217.158008
v 89.893198 100.615203 418.699884
v 101.573098 133.352494 389.50119
v 79.3631017 147.597802 415.840006
v 183.866501 -2.68670004 169.523203
v 209.324098 -10.0483 146.297002
v 186.739302 -3.88959982 160.517001
v -172.781205 115.400803 100.3088
v -162.725198 150.741005 74.1747975
v -171.008694 103.699803 72.8789985
v 101.573098 133.352494 389.50119
v 112.009501 103.840399 393.136501
v 118.9183 104.085898 353.576994
v -3.25479992 -263.1459 243.558192
v -95.065999 -281.257701 268.708491
v -104.507303 -274.107504 220.30549
v 171.513402 -227.356791 169.154096
v 199.931896 -150.571704 226.283193
v 170.544696 -220.531702 237.098789
v -192.558897 -11.6915002 34.4527006
v -210.537791 -71.5040982 37.5921011
v -196.229005 -5.60050011 41.4045006
v 117.966604 11.5018003 460.271406
v 86.5613997 13.2222995 453.589582
v 79.9901009 -33.0529988 474.078608
v -101.223195 -290.2318 31.8906993
v -107.799494 -309.31499 63.3975983
v -186.346304 -250.181508 82.1578979
v -3.64560001 263.602591 270.814991
v -52.4577975 259.26199 304.166198
v -17.6902995 258.957911 317.895508
v 22.8312001 -75.4858971 491.326284
v 34.7912014 -71.0078001 485.886097
v -17.1267003 -22.6203993 554.310894
v -26.2665004 298.0896 139.764798
v 28.4332007 274.70839 138.675904
v 29.2970002 281.020904 89.7615016
v -186.346304 -250.181508 82.1578979
v -184.664595 -257.586694 128.524101
v -187.531102 -247.158504 120.510805
v 39.9708003 -165.667295 423.812103
v 41.3075 -157.278597 422.878695
v 24.9879003 -152.257204 424.162579
v -14.6927997 256.312895 350.813603
v -28.0674994 255.554104 341.86089
v -36.0040009 255.7338 356.561303
v -169.166398 76.1829972 101.490605
v -166.492105 65.7027006 85.4330003
v -166.764998 61.9654 99.6434987
v -104.407501 210.176802 462.609291
v -111.342096 198.749006 472.38431
v -99.3012011 208.031893 465.917301
v -156.793201 161.1642 34.5636994
v -153.717601 160.508299 18.2400003
v -161.277294 153.453302 23.2654005
v -115.414596 209.967494 302.667189
v -118.9821 194.177198 297.008491
v -122.133899 208.705807 310.8289
v -180.285001 94.7912991 101.372099
v -184.083104 80.4298997 95.4187989
v -175.976598 81.2729001 101.900899
v -133.324301 189.152205 349.276495
v -128.657603 189.237106 357.177401
v -132.742095 204.094791 359.093809
v 49.3142992 -80.3049028 441.310406
v 61.728102 -74.9372005 437.741089
v 60.2231026 -72.083199 450.221586
v -17.6902995 258.957911 317.895508
v -28.0674994 255.554104 341.86089
v -25.9027988 258.246493 347.207403
v -115.449405 210.474396 328.254008
v -122.133899 208.705807 310.8289
v -122.655702 200.861001 335.096407
v -165.510905 83.1291974 126.240396
v -161.145401 67.602098 130.2917
v -155.7809 77.9650986 137.261498
v -87.1029973 261.802101 319.108796
v -110.447299 243.388009 297.843289
v -95.1855004 254.421902 320.56191
v -167.603505 89.447099 132.894099
v -169.186497 88.5811985 141.426206
v -169.838297 95.9758997 134.353101
v -181.093097 79.3048978 91.6540027
v -182.568502 83.862102 78.7506998
v -182.053196 75.1116991 73.6240029
v 41.8294996 236.296391 30.1151991
v 23.1793001 244.438195 21.6783002
v 35.620299 245.870805 26.3168991
v 80.7440996 238.521099 400.479984
v 72.2723007 234.384203 421.052122
v 83.1183016 235.255694 414.128399
v 3.04550007 263.028693 323.61021
v -14.6927997 256.312895 350.813603
v 9.65579972 260.849309 351.798201
v -53.9043009 -77.3099005 571.435213
v -51.6053975 -60.2729976 581.485319
v -57.5627983 -68.4678018 589.546108
v 33.1521988 242.410707 143.205798
v 24.4305 242.532992 154.998195
v 30.0265998 230.989695 153.752697
v 34.939599 234.834194 87.8693998
v 29.2800993 232.683802 80.8013976
v 33.4816992 244.479704 86.8493021
v -149.384999 -236.84411 322.070503
v -99.5980978 -252.492499 355.814195
v -115.420902 -237.277102 362.461495
v 65.6880975 173.291194 460.092115
v 51.1955023 165.321505 455.197906
v 67.5664008 152.787697 458.103704
v -69.6995974 232.875204 474.915218
v -72.052902 243.786597 469.024515
v -76.3010979 239.900804 461.656094
v -113.257897 259.34 41.1428988
v -127.2192 266.92729 36.2563998
v -115.914798 272.35651 42.0958012
v 71.0277975 147.251797 443.768883
v 78.2662988 150.435603 433.067894
v 79.4834018 162.638903 442.079401
v -30.8975995 282.831907 30.2552015
v -36.2818986 299.588299 30.1890999
v -26.4284015 300.30489 41.1271006
v -26.1770993 -248.316312 348.530793
v -24.0961 -238.987303 339.310408
v -22.2113997 -232.870603 353.216791
v 95.0372994 245.712996 262.540102
v 81.734401 243.257093 267.971992
v 91.4725006 251.169491 278.724408
v -159.5819 30.3995013 548.385
v -164.217901 14.1867995 539.816713
v -162.242305 23.9285007 554.335785
v -134.906995 -12.3090997 590.507793
v -135.888696 -29.3554991 590.273905
v -134.065294 -29.9589008 585.9622
v -148.179197 25.0566989 564.752388
v -156.1759 23.7085 557.714701
v -152.629101 22.3033994 573.826218
v 157.825696 2.9383 11.6625004
v 166.267395 13.0016997 19.9168995
v 173.842001 15.4559001 8.6515002
v 42.6082999 -230.64959 200.508189
v 47.6615012 -242.709398 192.157698
v 59.8361015 -245.0243 197.487199
v -123.854995 267.096496 284.41689
v -109.478903 272.501802 303.975797
v -104.930401 284.428501 297.06471
v -129.283798 256.883788 281.195402
v -123.854995 267.096496 284.41689
v -126.049197 264.163995 267.714596
v -153.3746 105.635595 163.114202
v -138.278198 106.619799 179.733801
v -139.588594 121.499801 177.017105
v 181.853795 2.42790002 169.342506
v 180.120504 12.1776998 156.576598
v 167.896402 8.02590027 159.225905
v 179.283798 -14.6191001 232.228208
v 178.225994 -24.5032996 276.403594
v 181.796503 -30.2774996 233.95319
v 175.091195 -17.0480996 305.413699
v 163.999403 -5.18580005 325.728512
v 167.563498 -12.8230006 345.434809
v 178.205895 148.684502 17.7011997
v 181.3972 184.687901 73.3637989
v 182.159197 145.073295 26.4403999
v -189.389205 -24.7529 226.871896
v -191.012096 -38.411501 237.237501
v -181.959105 -32.7699989 249.838996
v -171.545005 -18.0228993 224.617696
v -175.125599 -13.2134005 206.360698
v -175.665998 -9.22890007 210.048509
v -183.2389 27.4379998 117.224705
v -188.9364 10.0759 127.104998
v -184.473503 18.5349002 139.447606
v -202.478194 -139.344704 143.356395
v -207.704401 -136.417103 130.299497
v -204.338408 -151.669097 123.406506
v 91.8447971 -193.652999 30.7213008
v 90.763098 -189.524603 26.5969008
v 88.1263018 -182.833803 33.0549002
v 191.5084 2.29390003 143.066895
v 186.739302 -3.88959982 160.517001
v 199.042201 -3.27860005 150.745904
v 209.324098 -10.0483 146.297002
v 186.732304 -8.19810033 175.661504
v 205.534291 -19.0638006 174.794197
v 6.64220005 216.149998 38.4921014
v 14.1948 199.033999 34.2482001
v -44.2602009 235.904908 35.2607995
v -3.64560001 263.602591 270.814991
v 15.4202998 246.564603 214.396596
v -1.02779996 252.957702 229.073191
v 72.2723007 234.384203 421.052122
v 80.7440996 238.521099 400.479984
v 14.7110999 268.3254 418.567514
v -167.552102 10.5149001 486.854076
v -164.217901 14.1867995 539.816713
v -159.5819 30.3995013 548.385
v 78.3361018 -265.416598 272.29321
v 92.6425993 -271.377707 255.800509
v 83.277297 -254.081988 358.817101
v -26.4284015 300.30489 41.1271006
v 32.8152001 288.79149 14.8611993
v 6.09919988 292.207909 17.3960999
v -84.7092986 230.801511 30.3070009
v -92.6863015 247.691298 30.1932007
v -44.2602009 235.904908 35.2607995
v -198.891604 -125.651002 214.12499
v -187.158799 -158.431399 217.948294
v -186.693704 -136.865497 222.836804
v -175.976598 81.2729001 101.900899
v -167.603505 89.447099 132.894099
v -169.838297 95.9758997 134.353101
v -4.82349992 265.06381 300.864697
v 3.04550007 263.028693 323.61021
v 44.4224 252.595711 340.402603
v -101.280296 264.68811 311.467004
v -87.1029973 261.802101 319.108796
v -87.9007995 268.723202 316.127801
v 98.0028987 -5.64760007 34.5212996
v 158.302796 20.0707003 13.6102006
v 157.825696 2.9383 11.6625004
v -169.811106 -203.2758 315.667391
v -166.575205 -224.577689 312.32729
v -149.384999 -236.84411 322.070503
v -150.738299 209.156704 22.9613006
v -121.145904 253.350496 32.1821988
v -147.667205 176.090395 19.8091999
v -189.389205 -24.7529 226.871896
v -181.959105 -32.7699989 249.838996
v -171.545005 -18.0228993 224.617696
v -103.648102 274.536896 38.0616993
v -117.130804 299.137807 17.9045007
v -110.639703 295.963907 19.5705995
v -87.9007995 268.723202 316.127801
v -91.2433028 284.233093 300.106692
v -109.478903 272.501802 303.975797
v 76.6465008 241.4886 86.944598
v 73.7991989 238.733196 144.059706
v 81.4303994 243.409801 150.701499
v 66.8646991 -43.2204992 26.4468014
v 54.4344008 -55.0294995 24.9716997
v 63.7184024 -6.78659976 31.2772989
v -166.2395 -3.17200013 540.190506
v -168.3671 -15.6402007 540.91239
v -135.888696 -29.3554991 590.273905
v 175.091195 -17.0480996 305.413699
v 167.563498 -12.8230006 345.434809
v 183.296597 -37.4289006 315.986991
v 186.739302 -3.88959982 160.517001
v 191.5084 2.29390003 143.066895
v 180.120504 12.1776998 156.576598
v 22.3444 -170.1913 429.068804
v 30.3689986 -184.690404 425.126696
v 39.9708003 -165.667295 423.812103
v 160.984504 67.5999999 103.836906
v 169.320703 63.2884026 81.319201
v 161.686397 107.751298 91.1092997
v 137.520504 90.7096982 33.4012002
v 144.981003 88.5962009 38.2117987
v 144.288099 51.7642975 42.3413992
v 186.732304 -8.19810033 175.661504
v 183.866501 -2.68670004 169.523203
v 170.569503 5.22259995 174.640799
v 94.6108997 157.851899 403.986406
v 101.573098 133.352494 389.50119
v 126.335204 200.900888 422.04752
v 167.563498 -12.8230006 345.434809
v 163.999403 -5.18580005 325.728512
v 137.988496 12.7143994 376.111388
v 120.381498 -191.6677 386.525989
v 129.3823 -193.0884 381.091499
v 131.882906 -170.5832 412.50248
v 179.283798 -14.6191001 232.228208
v 163.999403 -5.18580005 325.728512
v 175.091195 -17.0480996 305.413699
v 39.0053988 168.130398 463.547611
v 51.1955023 165.321505 455.197906
v 66.2302017 206.869197 464.012718
v 167.843604 4.17059995 196.2327
v 170.569503 5.22259995 174.640799
v 137.221897 3.13149989 177.820802
v -5.24020009 -113.897002 497.629881
v -22.4270001 -123.3145 499.874115
v 2.36469992 -142.070198 431.570196
v -17.6902995 258.957911 317.895508
v -25.9027988 258.246493 347.207403
v -14.6927997 256.312895 350.813603
v 14.6639004 72.7869987 476.2743
v 2.90929992 22.7769002 523.597193
v 14.5647004 26.3981014 524.393511
v 195.276701 -147.660899 245.414996
v 162.749004 -214.478302 252.617908
v 170.544696 -220.531702 237.098789
v 80.2397013 210.822606 445.999289
v 72.2723007 234.384203 421.052122
v 56.4759016 228.516102 451.233578
v -169.727695 125.436294 107.101297
v -172.781205 115.400803 100.3088
v -153.3746 105.635595 163.114202
v 69.4476008 -256.672502 349.154711
v 83.277297 -254.081988 358.817101
v 40.8358991 -233.051991 365.796208
v 208.951092 -5.10540009 13.6416003
v 216.157293 -8.97080004 23.0024993
v 213.170099 -125.565195 42.9803014
v 173.213601 39.0682012 77.4401009
v 152.298105 52.6196003 150.512195
v 153.214002 28.6356986 148.316205
v 205.333805 -142.541206 96.9106972
v 209.435201 -125.782704 105.332196
v 209.131098 -137.010598 159.944701
v -36.0040009 255.7338 356.561303
v -51.702702 263.486004 417.554283
v -30.4798007 272.726893 420.492601
v 112.0314 70.7464993 218.682098
v 143.231201 66.3349986 160.558903
v 138.240099 78.0520022 181.269395
v -119.564199 210.752106 24.2163002
v -92.6863015 247.691298 30.1932007
v -84.7092986 230.801511 30.3070009
v 45.3714997 102.291703 23.3765006
v 32.5046003 105.292797 24.0916997
v 48.8721013 155.591702 32.863301
v -135.132205 -94.8023021 524.969482
v -165.066004 -116.936195 468.28661
v -53.9043009 -77.3099005 571.435213
v -85.0113988 -219.044089 383.495092
v -26.1770993 -248.316312 348.530793
v -31.3607991 -228.888106 365.650296
v 174.757099 174.505103 137.925506
v 181.3972 184.687901 73.3637989
v 179.9914 197.424304 79.8111022
v -201.132989 -18.6502993 88.6977017
v -199.015903 -15.2500004 73.1422007
v -204.571795 -33.5790008 120.221496
v -198.891604 -125.651002 214.12499
v -200.513792 -103.036499 224.338508
v -205.411911 -128.390896 178.520298
v -161.145401 67.602098 130.2917
v -165.510905 83.1291974 126.240396
v -169.166398 76.1829972 101.490605
v 6.64220005 216.149998 38.4921014
v 23.1793001 244.438195 21.6783002
v 41.8294996 236.296391 30.1151991
v -145.122302 151.229596 202.713299
v -149.741197 150.265098 171.075904
v -132.638597 112.386096 223.1498
v -115.420902 -237.277102 362.461495
v -99.5980978 -252.492499 355.814195
v -85.0113988 -219.044089 383.495092
v -85.0113988 -219.044089 383.495092
v -92.0799971 -193.088996 398.436904
v 79.4834018 162.638903 442.079401
v 65.6880975 173.291194 460.092115
v 67.5664008 152.787697 458.103704
v 82.6533973 -83.4039986 422.201395
v 66.1351025 -158.906305 438.903904
v 74.1208971 -162.351596 432.154322
v 94.6108997 157.851899 403.986406
v 84.0974987 164.229 411.393309
v 79.3631017 147.597802 415.840006
v -3.19910012 142.256296 60.9466016
v -4.91480008 135.826504 58.6227
v -93.9307988 178.771198 19.8275998
v -148.179197 25.0566989 564.752388
v -122.201502 57.8540027 561.331987
v -140.654194 47.6707011 555.705786
v 58.632803 -250.2321 255.666089
v 32.4234992 -227.697706 266.757107
v 42.6082999 -230.64959 200.508189
v 33.4816992 244.479704 86.8493021
v 33.1521988 242.410707 143.205798
v 30.0265998 230.989695 153.752697
v -187.224698 -103.122199 545.172977
v -186.195505 -93.1207001 550.4179
v -196.107399 -101.997602 493.492794
v -76.3010979 239.900804 461.656094
v -104.407501 210.176802 462.609291
v -99.3012011 208.031893 465.917301
v 171.513402 -227.356791 169.154096
v 165.525699 -250.972295 218.020797
v 158.6061 -257.937193 195.522797
v 65.9712017 234.803796 276.343107
v 67.3732996 232.695889 257.938099
v -3.64560001 263.602591 270.814991
v -199.015903 -15.2500004 73.1422007
v -201.132989 -18.6502993 88.6977017
v -188.9364 10.0759 127.104998
v 78.3361018 -265.416598 272.29321
v 32.4234992 -227.697706 266.757107
v 58.632803 -250.2321 255.666089
v 90.2098 244.884896 284.048891
v 139.801502 237.566209 308.200192
v 143.241501 234.546208 287.080407
v -51.6053975 -60.2729976 581.485319
v -17.1267003 -22.6203993 554.310894
v -65.4788017 -10.3505 567.939997
v 73.1251001 269.047594 329.798508
v 68.8748002 251.245403 343.14661
v 95.1157987 252.673197 400.592804
v 95.1157987 252.673197 400.592804
v 80.7440996 238.521099 400.479984
v 83.1183016 235.255694 414.128399
v 68.8748002 251.245403 343.14661
v 80.7440996 238.521099 400.479984
v 95.1157987 252.673197 400.592804
v 182.480502 195.511699 29.1952997
v 181.3972 184.687901 73.3637989
v 185.637105 166.139698 23.6148998
v -44.7398007 245.570397 46.1432993
v -44.2602009 235.904908 35.2607995
v -92.6863015 247.691298 30.1932007
v -92.0799971 -193.088996 398.436904
v -167.373705 -138.410401 398.801994
v -163.659298 -212.039804 377.098703
v -178.838098 25.4947007 36.5644991
v -179.222798 31.1358005 75.8644998
v -173.274004 27.5541991 79.6379983
v -166.0743 -221.950889 266.160989
v -180.223501 -158.823204 263.101006
v -168.843699 -230.869794 228.256798
v -168.843699 -230.869794 228.256798
v -180.223501 -158.823204 263.101006
v -187.158799 -158.431399 217.948294
v 72.2723007 234.384203 421.052122
v 90.6022012 217.743897 416.052008
v 83.1183016 235.255694 414.128399
v -4.82349992 265.06381 300.864697
v 65.9712017 234.803796 276.343107
v -3.64560001 263.602591 270.814991
v -196.229005 -5.60050011 41.4045006
v -184.548104 19.8855996 29.7672004
v -195.679998 -1.57459993 33.0552012
v -165.780401 -11.3009997 526.823807
v -164.217901 14.1867995 539.816713
v -167.552102 10.5149001 486.854076
v -127.2192 266.92729 36.2563998
v -117.130804 299.137807 17.9045007
v -115.914798 272.35651 42.0958012
v -173.771298 -47.8845 322.022605
v -178.900194 -38.6938989 254.46701
v -187.631798 -143.081999 261.825109
v -187.631798 -143.081999 261.825109
v -186.693704 -136.865497 222.836804
v -188.666904 -150.9763 230.03161
v -172.781205 115.400803 100.3088
v -169.838297 95.9758997 134.353101
v -153.3746 105.635595 163.114202
v 161.703503 61.581701 31.5508008
v 144.981003 88.5962009 38.2117987
v 159.792805 137.590301 17.5706998
v 143.885505 -258.786893 334.463501
v 122.325695 -209.836006 384.082007
v 83.277297 -254.081988 358.817101
v 43.0453986 -244.124794 146.4661
v 11.8312001 -240.94491 196.660697
v -3.03440001 -279.420805 134.795797
v 161.703503 61.581701 31.5508008
v 173.213601 39.0682012 77.4401009
v 167.735898 23.5119 6.27389997
v 167.735898 23.5119 6.27389997
v 173.213601 39.0682012 77.4401009
v 166.267395 13.0016997 19.9168995
v 166.267395 13.0016997 19.9168995
v 164.700198 24.4818002 79.5979977
v 162.8003 1.40819997 77.1754026
v -44.7398007 245.570397 46.1432993
v -92.6863015 247.691298 30.1932007
v -103.648102 274.536896 38.0616993
v 164.335501 174.190295 37.292701
v 133.754897 191.0694 43.6224014
v 151.669502 209.178901 50.8957982
v -187.158799 -158.431399 217.948294
v -193.352997 -181.940401 177.339494
v -168.843699 -230.869794 228.256798
v -168.843699 -230.869794 228.256798
v -193.352997 -181.940401 177.339494
v -172.061098 -245.4952 181.626999
v 146.439004 -89.7558987 385.150003
v 99.8833001 -79.7444999 414.195824
v 122.173202 -168.266499 412.226105
v 15.4202998 246.564603 214.396596
v 67.3732996 232.695889 257.938099
v 63.6138976 216.394806 211.881304
v -118.1463 71.9731987 267.959309
v -145.960104 3.44079994 260.886407
v -134.397304 11.4698 309.480596
v -180.285001 94.7912991 101.372099
v -182.568502 83.862102 78.7506998
v -184.083104 80.4298997 95.4187989
v -172.781205 115.400803 100.3088
v -171.008694 103.699803 72.8789985
v -180.285001 94.7912991 101.372099
v -184.083104 80.4298997 95.4187989
v -182.568502 83.862102 78.7506998
v -181.093097 79.3048978 91.6540027
v 35.246101 -245.455599 17.8041995
v 91.8447971 -193.652999 30.7213008
v 57.5389981 -261.041307 13.7601003
v -199.015903 -15.2500004 73.1422007
v -179.222798 31.1358005 75.8644998
v -196.229005 -5.60050011 41.4045006
v 16.6572005 267.0012 218.953204
v 11.8012004 248.145008 205.092406
v 37.587899 254.464698 146.523595
v 37.587899 254.464698 146.523595
v 24.4305 242.532992 154.998195
v 33.1521988 242.410707 143.205798
v 11.8012004 248.145008 205.092406
v 24.4305 242.532992 154.998195
v 37.587899 254.464698 146.523595
v -30.0141007 285.373306 224.163604
v -26.2665004 298.0896 139.764798
v -70.035398 284.508801 156.845605
v -157.241595 -26.5516013 45.1761007
v -161.006904 -77.3806989 33.2332999
v -198.0147 -186.654401 44.0829009
v 71.025002 233.605289 42.6811993
v 76.6465008 241.4886 86.944598
v 86.8544996 246.093512 51.5802979
v 86.8544996 246.093512 51.5802979
v 76.6465008 241.4886 86.944598
v 91.8757975 250.272989 84.6688986
v -73.9374995 -65.4893994 598.157501
v -105.6059 -84.0161979 546.621799
v -57.5627983 -68.4678018 589.546108
v 90.2098 244.884896 284.048891
v 73.1251001 269.047594 329.798508
v 99.9381006 249.334002 340.777302
v -110.447299 243.388009 297.843289
v -97.9212999 247.408795 334.627891
v -95.1855004 254.421902 320.56191
v 3.99659984 -217.133403 363.319397
v -22.2113997 -232.870603 353.216791
v 18.2549998 -236.139798 306.586599
v 18.2549998 -236.139798 306.586599
v -24.0961 -238.987303 339.310408
v -12.7259001 -262.374902 294.009995
v 88.9792025 -268.371701 198.913097
v 59.8361015 -245.0243 197.487199
v 79.5346022 -269.025612 146.073401
v 79.5346022 -269.025612 146.073401
v 47.6615012 -242.709398 192.157698
v 43.0453986 -244.124794 146.4661
v 63.7184024 -6.78659976 31.2772989
v 63.271302 0.217300002 28.7014991
v 98.0028987 -5.64760007 34.5212996
v -157.241595 -26.5516013 45.1761007
v -188.791394 -15.7342002 40.1345015
v -153.460705 -17.8868994 45.9434986
v 95.0372994 245.712996 262.540102
v 67.6702976 243.970394 241.818094
v 81.734401 243.257093 267.971992
v 181.853795 2.42790002 169.342506
v 183.866501 -2.68670004 169.523203
v 186.739302 -3.88959982 160.517001
v 182.159197 145.073295 26.4403999
v 159.792805 137.590301 17.5706998
v 178.205895 148.684502 17.7011997
v -158.5302 185.748506 127.768505
v -143.828702 218.494892 201.230001
v -142.347598 233.28681 140.076101
v -76.3010979 239.900804 461.656094
v -72.052902 243.786597 469.024515
v -79.0084004 252.600098 427.370596
v -79.0084004 252.600098 427.370596
v -46.8953997 261.700392 462.695217
v -51.702702 263.486004 417.554283
v -118.548095 254.099798 292.190289
v -110.447299 243.388009 297.843289
v -109.478903 272.501802 303.975797
v -109.478903 272.501802 303.975797
v -110.447299 243.388009 297.843289
v -101.280296 264.68811 311.467004
v 9.75119993 254.861212 456.008911
v 17.6522002 186.9748 470.172596
v 46.1479992 227.548194 475.9305
v -159.544206 196.295404 70.1730013
v -156.793201 161.1642 34.5636994
v -162.725198 150.741005 74.1747975
v -190.2753 -20.8174005 187.942505
v -175.665998 -9.22890007 210.048509
v -179.944599 -1.79089997 177.333403
v -95.777297 247.923994 365.599298
v -101.106405 227.74229 330.837488
v -101.829803 222.3001 412.614489
v -101.829803 222.3001 412.614489
v -123.757803 207.833791 347.354102
v -132.742095 204.094791 359.093809
v -72.3178029 284.131503 289.337707
v -87.9007995 268.723202 316.127801
v -58.5147977 272.867393 306.032801
v 42.6082999 -230.64959 200.508189
v 32.4234992 -227.697706 266.757107
v 28.4355015 -231.789589 196.817696
v 126.944995 181.990004 45.7569003
v 164.335501 174.190295 37.292701
v 122.7332 153.138006 37.105599
v -134.397304 11.4698 309.480596
v -145.960104 3.44079994 260.886407
v -173.771298 -47.8845 322.022605
v 71.025002 233.605289 42.6811993
v 79.3398023 230.254292 32.3653996
v 65.2171016 213.495803 30.2347004
v 65.2171016 213.495803 30.2347004
v 79.3398023 230.254292 32.3653996
v 133.754897 191.0694 43.6224014
v 12.0722003 -41.8498009 38.0308002
v 53.3670008 -57.5601995 29.2602003
v -6.58029988 -121.360099 45.9697008
v -6.58029988 -121.360099 45.9697008
v 53.3670008 -57.5601995 29.2602003
v 36.7733985 -174.847806 27.553001
v -157.241595 -26.5516013 45.1761007
v -153.460705 -17.8868994 45.9434986
v -161.006904 -77.3806989 33.2332999
v -161.006904 -77.3806989 33.2332999
v -153.460705 -17.8868994 45.9434986
v -111.053002 -108.774304 37.4264002
v -127.9598 72.5012004 567.455578
v -126.647902 116.247797 555.895185
v -131.203997 101.784396 503.203917
v -11.8854001 -265.984797 187.499499
v -94.6372986 -295.823193 176.324904
v -3.03440001 -279.420805 134.795797
v -127.539098 66.0920978 210.350108
v -164.988804 -7.0081003 175.638103
v -160.516596 -18.8830003 217.158008
v -166.492105 65.7027006 85.4330003
v -169.166398 76.1829972 101.490605
v -181.093097 79.3048978 91.6540027
v -181.093097 79.3048978 91.6540027
v -175.976598 81.2729001 101.900899
v -184.083104 80.4298997 95.4187989
v -169.166398 76.1829972 101.490605
v -175.976598 81.2729001 101.900899
v -181.093097 79.3048978 91.6540027
v -51.9621015 -59.9695027 589.944983
v -73.9374995 -65.4893994 598.157501
v -57.5627983 -68.4678018 589.546108
v -152.629101 22.3033994 573.826218
v -166.2395 -3.17200013 540.190506
v -134.906995 -12.3090997 590.507793
v -186.195505 -93.1207001 550.4179
v -180.040896 -118.660402 541.799784
v -135.888696 -29.3554991 590.273905
v -134.065294 -29.9589008 585.9622
v -135.888696 -29.3554991 590.273905
v -142.565799 -92.7312016 526.917696
v -65.4788017 -10.3505 567.939997
v -148.179197 25.0566989 564.752388
v -67.6747978 -25.8435994 587.507677
v 30.0265998 230.989695 153.752697
v 15.4202998 246.564603 214.396596
v 63.6138976 216.394806 211.881304
v 15.4202998 246.564603 214.396596
v 24.4305 242.532992 154.998195
v 11.8012004 248.145008 205.092406
v -180.223501 -158.823204 263.101006
v -171.540499 -195.451999 304.1682
v -188.357401 -163.384295 314.835596
v -188.357401 -163.384295 314.835596
v -169.811106 -203.2758 315.667391
v -178.686798 -200.954008 368.432498
v 40.8358991 -233.051991 365.796208
v 122.325695 -209.836006 384.082007
v 54.3669999 -181.188405 396.085906
v 69.4476008 -256.672502 349.154711
v 32.4234992 -227.697706 266.757107
v 78.3361018 -265.416598 272.29321
v 122.173202 -168.266499 412.226105
v 171.984303 -139.386201 371.167898
v 146.439004 -89.7558987 385.150003
v 7.72700012 41.0764992 36.1927986
v -69.4240987 39.8961991 44.2299008
v -34.6423 87.7705991 45.4937011
v 143.565595 13.5749996 390.184689
v 111.759901 13.1595999 380.78959
v 117.966604 11.5018003 460.271406
v 117.966604 11.5018003 460.271406
v 111.759901 13.1595999 380.78959
v 86.5613997 13.2222995 453.589582
v 179.092705 -216.168809 43.257001
v 159.998095 -253.678393 45.6239015
v 172.985899 -205.735302 37.016201
v 167.896402 8.02590027 159.225905
v 180.120504 12.1776998 156.576598
v 158.914196 10.2683 145.064294
v 158.914196 10.2683 145.064294
v 180.120504 12.1776998 156.576598
v 181.200695 13.7529001 130.495703
v 8.54699984 -146.589696 423.46921
v 24.9879003 -152.257204 424.162579
v 17.5956994 -143.772995 424.321604
v 122.213995 122.442698 272.662711
v 118.9183 104.085898 353.576994
v 100.996006 87.7947986 270.282197
v -119.052804 282.5804 163.824999
v -136.394298 268.847299 74.6981978
v -133.8781 262.560105 169.728601
v 158.914196 10.2683 145.064294
v 138.480198 11.1656003 174.065495
v 137.221897 3.13149989 177.820802
v 92.4731016 39.4270003 36.1097008
v 137.520504 90.7096982 33.4012002
v 128.363001 44.2360997 37.6446992
v 17.6522002 186.9748 470.172596
v 57.9317987 209.615993 468.779993
v 46.1479992 227.548194 475.9305
v -64.3360019 180.425 460.147715
v 17.6522002 186.9748 470.172596
v -44.1264987 216.955805 479.095602
v -122.133899 208.705807 310.8289
v -118.9821 194.177198 297.008491
v -122.655702 200.861001 335.096407
v -122.655702 200.861001 335.096407
v -118.9821 194.177198 297.008491
v -134.900701 162.688196 344.829893
v -69.6995974 232.875204 474.915218
v -64.3360019 180.425 460.147715
v -44.1264987 216.955805 479.095602
v -97.9212999 247.408795 334.627891
v -91.8995976 269.839692 325.474405
v -95.1855004 254.421902 320.56191
v -91.8995976 269.839692 325.474405
v -77.5183976 269.025898 355.125499
v -74.4848013 270.181704 346.269107
v 158.914196 10.2683 145.064294
v 170.569503 5.22259995 174.640799
v 167.896402 8.02590027 159.225905
v 170.569503 5.22259995 174.640799
v 158.914196 10.2683 145.064294
v 137.221897 3.13149989 177.820802
v 114.523101 195.7219 426.084423
v 84.0974987 164.229 411.393309
v 94.6108997 157.851899 403.986406
v 200.0875 4.73669991 53.8896978
v 162.8003 1.40819997 77.1754026
v 181.200695 13.7529001 130.495703
v 159.370601 -13.5187998 253.100395
v 115.881598 -14.3432006 260.290003
v 137.988496 12.7143994 376.111388
v 57.3608994 -34.1789007 488.722801
v 60.2231026 -72.083199 450.221586
v 79.9901009 -33.0529988 474.078608
v 84.0668976 100.5288 442.041016
v 58.3316028 64.3692017 473.224878
v 77.1013021 54.9295008 449.420881
v 74.1208971 -162.351596 432.154322
v 70.1204002 -179.375899 420.738888
v 122.173202 -168.266499 412.226105
v 122.173202 -168.266499 412.226105
v 70.1204002 -179.375899 420.738888
v 120.381498 -191.6677 386.525989
v 157.272506 -274.606109 89.3369973
v 78.7400007 -262.479806 74.6509016
v 152.285802 -262.986994 55.3175986
v 152.285802 -262.986994 55.3175986
v 78.7400007 -262.479806 74.6509016
v 144.536102 -262.576389 39.4320995
v 209.324098 -10.0483 146.297002
v 191.5084 2.29390003 143.066895
v 199.042201 -3.27860005 150.745904
v 63.8840973 111.806202 457.707119
v 67.5664008 152.787697 458.103704
v 32.2921991 125.255299 474.165201
v 32.2921991 125.255299 474.165201
v 67.5664008 152.787697 458.103704
v 24.8466998 122.915399 473.521805
v 24.8466998 122.915399 473.521805
v 67.5664008 152.787697 458.103704
v 39.0053988 168.130398 463.547611
v -171.988201 -4.94769998 187.869596
v -181.241095 18.5700998 126.208603
v -179.944599 -1.79089997 177.333403
v -179.944599 -1.79089997 177.333403
v -181.241095 18.5700998 126.208603
v -184.473503 18.5349002 139.447606
v -192.558897 -11.6915002 34.4527006
v -195.679998 -1.57459993 33.0552012
v -184.548104 19.8855996 29.7672004
v -181.635904 26.1597008 22.7323994
v -181.492603 15.4531002 33.335501
v -192.558897 -11.6915002 34.4527006
v -115.414596 209.967494 302.667189
v -115.449405 210.474396 328.254008
v -101.106405 227.74229 330.837488
v -115.449405 210.474396 328.254008
v -115.414596 209.967494 302.667189
v -122.133899 208.705807 310.8289
v -109.478903 272.501802 303.975797
v -102.705002 281.738997 292.982006
v -104.930401 284.428501 297.06471
v 106.186998 25.9056985 261.926103
v 115.881598 -14.3432006 260.290003
v 126.907301 27.0666003 197.7965
v 209.435201 -125.782704 105.332196
v 209.324098 -10.0483 146.297002
v 209.131098 -137.010598 159.944701
v 164.700198 24.4818002 79.5979977
v 158.914196 10.2683 145.064294
v 162.8003 1.40819997 77.1754026
v -139.588594 121.499801 177.017105
v -132.638597 112.386096 223.1498
v -149.741197 150.265098 171.075904
v -132.638597 112.386096 223.1498
v -138.278198 106.619799 179.733801
v -138.451099 89.9174988 205.116105
v 41.3075 -157.278597 422.878695
v 17.5956994 -143.772995 424.321604
v 24.9879003 -152.257204 424.162579
v -200.513792 -103.036499 224.338508
v -178.900194 -38.6938989 254.46701
v -181.959105 -32.7699989 249.838996
v 3.99659984 -217.133403 363.319397
v 11.7099002 -226.368403 435.942507
v -28.9104015 -201.070189 411.880684
v 9.75119993 254.861212 456.008911
v 14.7110999 268.3254 418.567514
v -30.4798007 272.726893 420.492601
v 28.5562009 65.2405024 482.369518
v 73.0117977 14.1886994 492.176008
v 58.3316028 64.3692017 473.224878
v -51.6053975 -60.2729976 581.485319
v -67.6747978 -25.8435994 587.507677
v -51.9621015 -59.9695027 589.944983
v -62.1088982 -112.9022 506.282187
v -22.4270001 -123.3145 499.874115
v -30.3415 -71.1291015 561.155081
v -30.3415 -71.1291015 561.155081
v -5.24020009 -113.897002 497.629881
v 22.8312001 -75.4858971 491.326284
v 22.8312001 -75.4858971 491.326284
v -5.24020009 -113.897002 497.629881
v 34.7912014 -71.0078001 485.886097
v -138.451099 89.9174988 205.116105
v -169.186497 88.5811985 141.426206
v -155.7809 77.9650986 137.261498
v -155.7809 77.9650986 137.261498
v -169.186497 88.5811985 141.426206
v -165.510905 83.1291974 126.240396
v -17.1267003 -22.6203993 554.310894
v 57.3608994 -34.1789007 488.722801
v 2.90929992 22.7769002 523.597193
v 2.90929992 22.7769002 523.597193
v 57.3608994 -34.1789007 488.722801
v 14.5647004 26.3981014 524.393511
v 209.131098 -137.010598 159.944701
v 167.137003 -213.6868 152.822399
v 205.333805 -142.541206 96.9106972
v 205.333805 -142.541206 96.9106972
v 167.137003 -213.6868 152.822399
v 175.433302 -222.530699 85.8067989
v 126.907301 27.0666003 197.7965
v 134.716797 -1.5904 201.568508
v 138.480198 11.1656003 174.065495
v -171.988201 -4.94769998 187.869596
v -175.665998 -9.22890007 210.048509
v -175.125599 -13.2134005 206.360698
v -213.5427 -83.7812006 85.9860003
v -205.127311 -156.807494 40.0822997
v -205.620503 -167.3455 86.3865018
v -210.537791 -71.5040982 37.5921011
v -199.015903 -15.2500004 73.1422007
v -196.229005 -5.60050011 41.4045006
v 58.3316028 64.3692017 473.224878
v 73.0117977 14.1886994 492.176008
v 77.1013021 54.9295008 449.420881
v 152.298105 52.6196003 150.512195
v 143.231201 66.3349986 160.558903
v 126.907301 27.0666003 197.7965
v 62.3308003 231.890106 37.3878986
v 59.2216015 199.354994 36.393401
v 41.8294996 236.296391 30.1151991
v 41.8294996 236.296391 30.1151991
v 59.2216015 199.354994 36.393401
v 14.1948 199.033999 34.2482001
v 59.2216015 199.354994 36.393401
v 71.025002 233.605289 42.6811993
v 65.2171016 213.495803 30.2347004
v 217.9708 -8.22279975 59.8322988
v 216.157293 -8.97080004 23.0024993
v 203.316307 -1.3177 58.6862981
v 217.9708 -8.22279975 59.8322988
v 212.091804 -6.04449995 120.302498
v 203.316307 -1.3177 58.6862981
v 216.157293 -8.97080004 23.0024993
v 195.468295 1.6578 14.3300995
v 9.22100022 259.241199 215.1896
v -52.4577975 259.26199 304.166198
v -1.02779996 252.957702 229.073191
v -36.1290008 1.68399997 25.3030002
v 7.72700012 41.0764992 36.1927986
v 12.0722003 -41.8498009 38.0308002
v 12.0722003 -41.8498009 38.0308002
v 7.72700012 41.0764992 36.1927986
v 63.7184024 -6.78659976 31.2772989
v 100.996006 87.7947986 270.282197
v 106.186998 25.9056985 261.926103
v 112.0314 70.7464993 218.682098
v 186.732304 -8.19810033 175.661504
v 167.843604 4.17059995 196.2327
v 179.283798 -14.6191001 232.228208
v 89.893198 100.615203 418.699884
v 108.029699 52.1897018 383.196211
v 112.009501 103.840399 393.136501
v 106.186998 25.9056985 261.926103
v 111.759901 13.1595999 380.78959
v 115.881598 -14.3432006 260.290003
v -173.274004 27.5541991 79.6379983
v -161.145401 67.602098 130.2917
v -166.764998 61.9654 99.6434987
v -168.843699 -230.869794 228.256798
v -172.061098 -245.4952 181.626999
v -104.507303 -274.107504 220.30549
v -104.507303 -274.107504 220.30549
v -172.061098 -245.4952 181.626999
v -94.6372986 -295.823193 176.324904
v -30.4394007 249.773002 39.2320991
v -44.7398007 245.570397 46.1432993
v -30.8975995 282.831907 30.2552015
v -30.8975995 282.831907 30.2552015
v -44.7398007 245.570397 46.1432993
v -86.7627025 297.205997 20.5605
v -205.620503 -167.3455 86.3865018
v -199.933398 -158.977604 118.7971
v -204.338408 -151.669097 123.406506
v 129.729605 258.263302 41.0293013
v 166.790402 234.930491 82.3854983
v 167.094004 238.846397 39.2446011
v 46.1479992 227.548194 475.9305
v 57.9317987 209.615993 468.779993
v 56.4759016 228.516102 451.233578
v 56.4759016 228.516102 451.233578
v 57.9317987 209.615993 468.779993
v 66.2302017 206.869197 464.012718
v -173.771298 -47.8845 322.022605
v -145.960104 3.44079994 260.886407
v -178.900194 -38.6938989 254.46701
v -178.900194 -38.6938989 254.46701
v -145.960104 3.44079994 260.886407
v -160.516596 -18.8830003 217.158008
v -172.781205 115.400803 100.3088
v -180.285001 94.7912991 101.372099
v -169.838297 95.9758997 134.353101
v 160.984504 67.5999999 103.836906
v 152.298105 52.6196003 150.512195
v 169.320703 63.2884026 81.319201
v 91.8757975 250.272989 84.6688986
v 132.2896 241.250801 153.456998
v 135.741699 266.531706 78.6696017
v -95.777297 247.923994 365.599298
v -79.0084004 252.600098 427.370596
v -76.2044013 271.33069 376.704311
v 122.213995 122.442698 272.662711
v 100.996006 87.7947986 270.282197
v 126.671898 109.4522 214.918709
v -189.342201 -105.855298 393.169498
v -187.631798 -143.081999 261.825109
v -188.357401 -163.384295 314.835596
v 195.276701 -147.660899 245.414996
v 209.131098 -137.010598 159.944701
v 202.9248 -41.6072011 222.448802
v 186.883998 -79.4475019 355.703902
v 195.276701 -147.660899 245.414996
v 185.224998 -145.866799 364.233088
v 195.276701 -147.660899 245.414996
v 202.9248 -41.6072011 222.448802
v 209.131098 -137.010598 159.944701
v 205.534291 -19.0638006 174.794197
v 179.092705 -216.168809 43.257001
v 175.433302 -222.530699 85.8067989
v 159.998095 -253.678393 45.6239015
v 159.998095 -253.678393 45.6239015
v 175.433302 -222.530699 85.8067989
v 152.285802 -262.986994 55.3175986
v -107.2155 295.334506 82.2632015
v -127.2192 266.92729 36.2563998
v -119.095504 284.936404 103.174603
v 40.8358991 -233.051991 365.796208
v 31.6464007 -244.963288 380.853796
v 35.7356995 -235.834599 363.205504
v -200.513792 -103.036499 224.338508
v -191.012096 -38.411501 237.237501
v -205.712795 -86.7537022 222.781992
v 158.6061 -257.937193 195.522797
v 165.525699 -250.972295 218.020797
v 149.449098 -264.973688 250.985909
v 149.449098 -264.973688 250.985909
v 165.525699 -250.972295 218.020797
v 162.749004 -214.478302 252.617908
v 162.749004 -214.478302 252.617908
v 165.525699 -250.972295 218.020797
v 170.544696 -220.531702 237.098789
v -53.9043009 -77.3099005 571.435213
v -30.3415 -71.1291015 561.155081
v -51.6053975 -60.2729976 581.485319
v -173.124695 22.8733003 24.6207997
v -97.9839981 14.6851003 34.3035996
v -153.460705 -17.8868994 45.9434986
v 213.170099 -125.565195 42.9803014
v 205.333805 -142.541206 96.9106972
v 172.985899 -205.735302 37.016201
v 172.985899 -205.735302 37.016201
v 205.333805 -142.541206 96.9106972
v 179.092705 -216.168809 43.257001
v -14.6927997 256.312895 350.813603
v -25.9027988 258.246493 347.207403
v -28.0674994 255.554104 341.86089
v -186.346304 -250.181508 82.1578979
v -198.0147 -186.654401 44.0829009
v -187.865102 -239.98251 30.6383997
v 14.1948 199.033999 34.2482001
v -3.19910012 142.256296 60.9466016
v -42.7931994 223.746395 29.5031011
v 153.711295 -3.00689992 375.281
v 117.623794 -37.1959001 451.87602
v 150.932395 -51.9707024 389.134908
v 88.1263018 -182.833803 33.0549002
v 89.6511972 -98.6469984 20.8943993
v 121.056902 -103.578603 31.0458004
v 59.2216015 199.354994 36.393401
v 48.8721013 155.591702 32.863301
v 14.1948 199.033999 34.2482001
v 14.1948 199.033999 34.2482001
v 48.8721013 155.591702 32.863301
v -3.19910012 142.256296 60.9466016
v -3.19910012 142.256296 60.9466016
v 48.8721013 155.591702 32.863301
v -4.91480008 135.826504 58.6227
v 104.112804 -13.2625997 37.9723012
v 63.7184024 -6.78659976 31.2772989
v 98.0028987 -5.64760007 34.5212996
v 167.563498 -12.8230006 345.434809
v 150.932395 -51.9707024 389.134908
v 181.035495 -67.9898977 374.696398
v -149.2957 182.2837 199.925804
v -133.510494 235.811901 240.772104
v -143.828702 218.494892 201.230001
v -141.632295 138.648605 27.4062008
v -161.277294 153.453302 23.2654005
v -153.717601 160.508299 18.2400003
v -62.105602 -151.865995 431.652689
v -165.066004 -116.936195 468.28661
v -167.373705 -138.410401 398.801994
v 133.647895 183.735597 284.076095
v 129.031098 141.468203 349.328494
v 122.213995 122.442698 272.662711
v -112.361598 -249.762797 30.8643013
v -36.254099 -249.263811 24.9077007
v -101.223195 -290.2318 31.8906993
v -101.223195 -290.2318 31.8906993
v -36.254099 -249.263811 24.9077007
v -7.31920004 -285.963392 10.2334999
v -87.1029973 261.802101 319.108796
v -74.4848013 270.181704 346.269107
v -52.4577975 259.26199 304.166198
v 161.703503 61.581701 31.5508008
v 158.302796 20.0707003 13.6102006
v 144.288099 51.7642975 42.3413992
v 144.288099 51.7642975 42.3413992
v 158.302796 20.0707003 13.6102006
v 128.363001 44.2360997 37.6446992
v 132.2896 241.250801 153.456998
v 150.740898 245.108104 218.950891
v 152.569795 223.637009 150.865698
v -42.7931994 223.746395 29.5031011
v -83.8504016 188.859499 24.6692002
v -84.7092986 230.801511 30.3070009
v -84.7092986 230.801511 30.3070009
v -83.8504016 188.859499 24.6692002
v -110.957003 202.795291 20.9950998
v 11.7099002 -226.368403 435.942507
v 31.6464007 -244.963288 380.853796
v 30.3689986 -184.690404 425.126696
v -7.31920004 -285.963392 10.2334999
v 36.7733985 -174.847806 27.553001
v 35.246101 -245.455599 17.8041995
v -205.712795 -86.7537022 222.781992
v -205.411911 -128.390896 178.520298
v -200.513792 -103.036499 224.338508
v 65.9712017 234.803796 276.343107
v 67.6702976 243.970394 241.818094
v 67.3732996 232.695889 257.938099
v -168.3671 -15.6402007 540.91239
v -174.435902 -4.52070013 489.099598
v -186.195505 -93.1207001 550.4179
v -186.195505 -93.1207001 550.4179
v -174.435902 -4.52070013 489.099598
v -196.107399 -101.997602 493.492794
v -174.435902 -4.52070013 489.099598
v -165.780401 -11.3009997 526.823807
v -167.552102 10.5149001 486.854076
v 33.4816992 244.479704 86.8493021
v 29.2800993 232.683802 80.8013976
v 41.0650015 253.138208 87.0238006
v 41.0650015 253.138208 87.0238006
v 28.7072986 237.352705 37.2209996
v 51.6107023 252.156997 22.2652003
v 51.6107023 252.156997 22.2652003
v 28.7072986 237.352705 37.2209996
v 35.620299 245.870805 26.3168991
v -71.2768972 309.31499 79.9576998
v -107.2155 295.334506 82.2632015
v -65.7001019 293.256998 139.519894
v -65.7001019 293.256998 139.519894
v -107.2155 295.334506 82.2632015
v -70.035398 284.508801 156.845605
v -190.2753 -20.8174005 187.942505
v -191.012096 -38.411501 237.237501
v -189.389205 -24.7529 226.871896
v 89.6511972 -98.6469984 20.8943993
v 53.3670008 -57.5601995 29.2602003
v 54.4344008 -55.0294995 24.9716997
v -26.1770993 -248.316312 348.530793
v -99.5980978 -252.492499 355.814195
v -35.3585005 -273.958111 338.881993
v -172.061098 -245.4952 181.626999
v -193.040395 -197.526896 147.567999
v -187.531102 -247.158504 120.510805
v 126.671898 109.4522 214.918709
v 174.757099 174.505103 137.925506
v 135.575294 184.692204 217.607999
v 135.575294 184.692204 217.607999
v 174.757099 174.505103 137.925506
v 165.256 179.509699 151.065505
v -217.9708 -92.604202 132.007396
v -207.704401 -136.417103 130.299497
v -213.673306 -99.2022991 178.542805
v -213.673306 -99.2022991 178.542805
v -207.704401 -136.417103 130.299497
v -205.411911 -128.390896 178.520298
v -205.411911 -128.390896 178.520298
v -207.704401 -136.417103 130.299497
v -202.222109 -134.460795 177.694702
v 95.1157987 252.673197 400.592804
v 83.1183016 235.255694 414.128399
v 115.802801 242.161989 401.222706
v 115.802801 242.161989 401.222706
v 83.1183016 235.255694 414.128399
v 90.6022012 217.743897 416.052008
v 97.0691025 201.043296 426.606512
v 126.335204 200.900888 422.04752
v 129.6628 228.504109 405.08709
v 170.569503 5.22259995 174.640799
v 183.866501 -2.68670004 169.523203
v 181.853795 2.42790002 169.342506
v 157.272506 -274.606109 89.3369973
v 79.5346022 -269.025612 146.073401
v 78.7400007 -262.479806 74.6509016
v 91.4725006 251.169491 278.724408
v 67.6702976 243.970394 241.818094
v 73.1251001 269.047594 329.798508
v 58.3316028 64.3692017 473.224878
v 14.6639004 72.7869987 476.2743
v 28.5562009 65.2405024 482.369518
v 14.6639004 72.7869987 476.2743
v 63.8840973 111.806202 457.707119
v 24.8466998 122.915399 473.521805
v 24.8466998 122.915399 473.521805
v 63.8840973 111.806202 457.707119
v 32.2921991 125.255299 474.165201
v 151.669502 209.178901 50.8957982
v 133.754897 191.0694 43.6224014
v 128.778696 232.194901 30.3391993
v -178.686798 -200.954008 368.432498
v -167.373705 -138.410401 398.801994
v -184.587705 -149.854004 371.193695
v -26.4284015 300.30489 41.1271006
v 29.2970002 281.020904 89.7615016
v 32.8152001 288.79149 14.8611993
v -179.944599 -1.79089997 177.333403
v -188.9364 10.0759 127.104998
v -190.2753 -20.8174005 187.942505
v -188.9364 10.0759 127.104998
v -204.571795 -33.5790008 120.221496
v -190.2753 -20.8174005 187.942505
v -166.764998 61.9654 99.6434987
v -166.492105 65.7027006 85.4330003
v -173.274004 27.5541991 79.6379983
v 38.192299 -247.35291 73.595202
v -3.03440001 -279.420805 134.795797
v -6.93159997 -273.859 74.3494987
v -30.8975995 282.831907 30.2552015
v 6.09919988 292.207909 17.3960999
v 23.1793001 244.438195 21.6783002
v 23.1793001 244.438195 21.6783002
v 32.8152001 288.79149 14.8611993
v 35.620299 245.870805 26.3168991
v 6.09919988 292.207909 17.3960999
v 32.8152001 288.79149 14.8611993
v 23.1793001 244.438195 21.6783002
v 67.3291981 241.88621 192.930198
v 116.235101 255.019593 215.771508
v 81.4303994 243.409801 150.701499
v 99.9381006 249.334002 340.777302
v 139.801502 237.566209 308.200192
v 90.2098 244.884896 284.048891
v -139.588594 121.499801 177.017105
v -164.224803 153.500605 117.949498
v -169.727695 125.436294 107.101297
v 150.740898 245.108104 218.950891
v 135.575294 184.692204 217.607999
v 152.569795 223.637009 150.865698
v -129.098797 87.8928006 430.655193
v -143.950605 35.2490991 370.823598
v -139.897001 55.5751026 476.988697
v 129.031098 141.468203 349.328494
v 126.335204 200.900888 422.04752
v 101.573098 133.352494 389.50119
v 174.757099 174.505103 137.925506
v 154.6453 115.0208 153.771496
v 156.857598 118.835294 107.006001
v 156.857598 118.835294 107.006001
v 154.6453 115.0208 153.771496
v 161.539304 106.301999 113.188803
v -113.257897 259.34 41.1428988
v -103.648102 274.536896 38.0616993
v -92.6863015 247.691298 30.1932007
v -179.222798 31.1358005 75.8644998
v -183.2389 27.4379998 117.224705
v -181.241095 18.5700998 126.208603
v -92.6863015 247.691298 30.1932007
v -121.145904 253.350496 32.1821988
v -113.257897 259.34 41.1428988
v 79.4834018 162.638903 442.079401
v 84.0974987 164.229 411.393309
v 88.3606017 193.352997 448.541117
v 88.3606017 193.352997 448.541117
v 84.0974987 164.229 411.393309
v 97.0691025 201.043296 426.606512
v 84.0974987 164.229 411.393309
v 78.2662988 150.435603 433.067894
v 79.3631017 147.597802 415.840006
v -34.6423 87.7705991 45.4937011
v 34.3142003 94.9042022 15.5487999
v 7.72700012 41.0764992 36.1927986
v 34.3142003 94.9042022 15.5487999
v -34.6423 87.7705991 45.4937011
v 32.5046003 105.292797 24.0916997
v 158.434296 -272.100997 153.469396
v 88.9792025 -268.371701 198.913097
v 79.5346022 -269.025612 146.073401
v -149.384999 -236.84411 322.070503
v -95.065999 -281.257701 268.708491
v -90.8007979 -295.444298 356.366897
v -169.838297 95.9758997 134.353101
v -169.186497 88.5811985 141.426206
v -153.3746 105.635595 163.114202
v -153.3746 105.635595 163.114202
v -138.451099 89.9174988 205.116105
v -138.278198 106.619799 179.733801
v 41.0650015 253.138208 87.0238006
v 51.6107023 252.156997 22.2652003
v 29.2970002 281.020904 89.7615016
v 29.2970002 281.020904 89.7615016
v 51.6107023 252.156997 22.2652003
v 32.8152001 288.79149 14.8611993
v 129.6628 228.504109 405.08709
v 90.6022012 217.743897 416.052008
v 97.0691025 201.043296 426.606512
v 41.0650015 253.138208 87.0238006
v 33.1521988 242.410707 143.205798
v 33.4816992 244.479704 86.8493021
v -94.6372986 -295.823193 176.324904
v -172.061098 -245.4952 181.626999
v -109.155202 -287.817097 126.665998
v -109.155202 -287.817097 126.665998
v -172.061098 -245.4952 181.626999
v -184.664595 -257.586694 128.524101
v 28.4332007 274.70839 138.675904
v 41.0650015 253.138208 87.0238006
v 29.2970002 281.020904 89.7615016
v 132.2896 241.250801 153.456998
v 166.790402 234.930491 82.3854983
v 135.741699 266.531706 78.6696017
v 117.623794 -37.1959001 451.87602
v 99.8833001 -79.7444999 414.195824
v 150.932395 -51.9707024 389.134908
v 150.932395 -51.9707024 389.134908
v 99.8833001 -79.7444999 414.195824
v 146.439004 -89.7558987 385.150003
v -117.130804 299.137807 17.9045007
v -100.825596 294.387388 35.5881989
v -110.639703 295.963907 19.5705995
v 9.22100022 259.241199 215.1896
v 16.6572005 267.0012 218.953204
v -58.5147977 272.867393 306.032801
v 135.575294 184.692204 217.607999
v 122.213995 122.442698 272.662711
v 126.671898 109.4522 214.918709
v 185.224998 -145.866799 364.233088
v 171.984303 -139.386201 371.167898
v 155.854905 -206.974792 348.271704
v 72.2723007 234.384203 421.052122
v 14.7110999 268.3254 418.567514
v 9.75119993 254.861212 456.008911
v -162.725198 150.741005 74.1747975
v -161.277294 153.453302 23.2654005
v -171.008694 103.699803 72.8789985
v -171.008694 103.699803 72.8789985
v -161.277294 153.453302 23.2654005
v -174.011898 85.0022018 19.2892998
v 11.8312001 -240.94491 196.660697
v 26.8947005 -238.271093 252.949595
v -3.25479992 -263.1459 243.558192
v -128.562999 78.4385026 202.397704
v -138.451099 89.9174988 205.116105
v -155.7809 77.9650986 137.261498
v 32.5046003 105.292797 24.0916997
v -4.91480008 135.826504 58.6227
v 48.8721013 155.591702 32.863301
v -65.4788017 -10.3505 567.939997
v -122.201502 57.8540027 561.331987
v -148.179197 25.0566989 564.752388
v 73.0117977 14.1886994 492.176008
v 79.9901009 -33.0529988 474.078608
v 86.5613997 13.2222995 453.589582
v -22.4270001 -123.3145 499.874115
v -62.105602 -151.865995 431.652689
v 2.36469992 -142.070198 431.570196
v -174.477696 28.0066997 25.6942987
v -178.838098 25.4947007 36.5644991
v -173.274004 27.5541991 79.6379983
v 84.0668976 100.5288 442.041016
v 89.893198 100.615203 418.699884
v 63.8840973 111.806202 457.707119
v 63.8840973 111.806202 457.707119
v 89.893198 100.615203 418.699884
v 71.0277975 147.251797 443.768883
v 71.0277975 147.251797 443.768883
v 79.3631017 147.597802 415.840006
v 78.2662988 150.435603 433.067894
v -132.084799 166.4873 415.297985
v -129.098797 87.8928006 430.655193
v -126.107001 159.771097 461.6189
v -141.632295 138.648605 27.4062008
v -147.667205 176.090395 19.8091999
v -93.9307988 178.771198 19.8275998
v -93.9307988 178.771198 19.8275998
v -110.957003 202.795291 20.9950998
v -83.8504016 188.859499 24.6692002
v -147.667205 176.090395 19.8091999
v -119.564199 210.752106 24.2163002
v -93.9307988 178.771198 19.8275998
v -110.957003 202.795291 20.9950998
v -93.9307988 178.771198 19.8275998
v -119.564199 210.752106 24.2163002
v 126.944995 181.990004 45.7569003
v 64.4044995 155.713201 29.8065007
v 59.2216015 199.354994 36.393401
v 59.2216015 199.354994 36.393401
v 64.4044995 155.713201 29.8065007
v 48.8721013 155.591702 32.863301
v 152.298105 52.6196003 150.512195
v 154.6453 115.0208 153.771496
v 143.231201 66.3349986 160.558903
v 143.231201 66.3349986 160.558903
v 154.6453 115.0208 153.771496
v 138.240099 78.0520022 181.269395
v 135.741699 266.531706 78.6696017
v 129.729605 258.263302 41.0293013
v 91.8757975 250.272989 84.6688986
v 93.8466012 252.302194 47.9993999
v 86.8544996 246.093512 51.5802979
v 91.8757975 250.272989 84.6688986
v -111.342096 198.749006 472.38431
v -132.084799 166.4873 415.297985
v -126.107001 159.771097 461.6189
v -132.084799 166.4873 415.297985
v -104.407501 210.176802 462.609291
v -101.829803 222.3001 412.614489
v -193.040395 -197.526896 147.567999
v -193.352997 -181.940401 177.339494
v -202.478194 -139.344704 143.356395
v -193.352997 -181.940401 177.339494
v -202.222109 -134.460795 177.694702
v -202.478194 -139.344704 143.356395
v 114.523101 195.7219 426.084423
v 94.6108997 157.851899 403.986406
v 126.335204 200.900888 422.04752
v 88.3606017 193.352997 448.541117
v 65.6880975 173.291194 460.092115
v 79.4834018 162.638903 442.079401
v -185.836399 45.0737 23.7232998
v -166.492105 65.7027006 85.4330003
v -182.053196 75.1116991 73.6240029
v 161.703503 61.581701 31.5508008
v 182.159197 145.073295 26.4403999
v 161.686397 107.751298 91.1092997
v 113.346303 -202.581 34.8073989
v 121.056902 -103.578603 31.0458004
v 172.985899 -205.735302 37.016201
v 172.985899 -205.735302 37.016201
v 121.056902 -103.578603 31.0458004
v 210.288692 -128.282797 33.2720995
v -155.7809 77.9650986 137.261498
v -127.539098 66.0920978 210.350108
v -128.562999 78.4385026 202.397704
v -127.539098 66.0920978 210.350108
v -155.7809 77.9650986 137.261498
v -164.988804 -7.0081003 175.638103
v -164.988804 -7.0081003 175.638103
v -161.145401 67.602098 130.2917
v -176.437604 2.30749995 125.423503
v 57.5389981 -261.041307 13.7601003
v 38.192299 -247.35291 73.595202
v 35.246101 -245.455599 17.8041995
v -67.6747978 -25.8435994 587.507677
v -121.714306 -25.5881995 590.777397
v -73.9374995 -65.4893994 598.157501
v -162.242305 23.9285007 554.335785
v -156.1759 23.7085 557.714701
v -159.5819 30.3995013 548.385
v -156.1759 23.7085 557.714701
v -164.217901 14.1867995 539.816713
v -166.2395 -3.17200013 540.190506
v -166.2395 -3.17200013 540.190506
v -164.217901 14.1867995 539.816713
v -165.780401 -11.3009997 526.823807
v -148.179197 25.0566989 564.752388
v -134.906995 -12.3090997 590.507793
v -67.6747978 -25.8435994 587.507677
v -67.6747978 -25.8435994 587.507677
v -134.906995 -12.3090997 590.507793
v -115.413702 -20.3424007 584.264421
v -73.9374995 -65.4893994 598.157501
v -134.065294 -29.9589008 585.9622
v -135.132205 -94.8023021 524.969482
v -135.132205 -94.8023021 524.969482
v -134.065294 -29.9589008 585.9622
v -142.565799 -92.7312016 526.917696
v 159.370601 -13.5187998 253.100395
v 134.716797 -1.5904 201.568508
v 115.881598 -14.3432006 260.290003
v -131.203997 101.784396 503.203917
v -139.897001 55.5751026 476.988697
v -127.9598 72.5012004 567.455578
v -127.9598 72.5012004 567.455578
v -139.897001 55.5751026 476.988697
v -140.654194 47.6707011 555.705786
v 200.0875 4.73669991 53.8896978
v 166.267395 13.0016997 19.9168995
v 162.8003 1.40819997 77.1754026
v -180.040896 -118.660402 541.799784
v -165.066004 -116.936195 468.28661
v -142.565799 -92.7312016 526.917696
v 88.9792025 -268.371701 198.913097
v 58.632803 -250.2321 255.666089
v 59.8361015 -245.0243 197.487199
v -122.201502 57.8540027 561.331987
v -126.647902 116.247797 555.895185
v -127.9598 72.5012004 567.455578
v 183.296597 -37.4289006 315.986991
v 181.035495 -67.9898977 374.696398
v 186.883998 -79.4475019 355.703902
v -26.1166006 131.542099 491.151714
v -33.189401 66.9462025 497.007895
v -22.2562 134.046197 487.224102
v 3.99659984 -217.133403 363.319397
v 38.1366998 -238.412189 345.93749
v 35.7356995 -235.834599 363.205504
v 116.235101 255.019593 215.771508
v 143.241501 234.546208 287.080407
v 150.740898 245.108104 218.950891
v 129.729605 258.263302 41.0293013
v 86.8544996 246.093512 51.5802979
v 93.8466012 252.302194 47.9993999
v 179.9914 197.424304 79.8111022
v 167.094004 238.846397 39.2446011
v 166.790402 234.930491 82.3854983
v 167.094004 238.846397 39.2446011
v 179.9914 197.424304 79.8111022
v 182.480502 195.511699 29.1952997
v 149.449098 -264.973688 250.985909
v 88.9792025 -268.371701 198.913097
v 158.6061 -257.937193 195.522797
v -139.336705 98.5760987 371.877694
v -134.900701 162.688196 344.829893
v -139.025295 107.310295 319.281411
v -158.955801 -234.631991 305.329299
v -104.507303 -274.107504 220.30549
v -95.065999 -281.257701 268.708491
v -3.03440001 -279.420805 134.795797
v -109.155202 -287.817097 126.665998
v -6.93159997 -273.859 74.3494987
v -138.451099 89.9174988 205.116105
v -128.562999 78.4385026 202.397704
v -126.333702 89.7745013 256.088901
v -126.333702 89.7745013 256.088901
v -123.225403 75.3369987 222.412705
v -118.1463 71.9731987 267.959309
v -187.224698 -103.122199 545.172977
v -184.898901 -125.125206 481.642818
v -180.040896 -118.660402 541.799784
v -123.854995 267.096496 284.41689
v -118.548095 254.099798 292.190289
v -109.478903 272.501802 303.975797
v -213.5427 -83.7812006 85.9860003
v -204.571795 -33.5790008 120.221496
v -199.015903 -15.2500004 73.1422007
v -142.347598 233.28681 140.076101
v -143.828702 218.494892 201.230001
v -133.8781 262.560105 169.728601
v 158.302796 20.0707003 13.6102006
v 98.0028987 -5.64760007 34.5212996
v 128.363001 44.2360997 37.6446992
v 122.7332 153.138006 37.105599
v 159.792805 137.590301 17.5706998
v 109.958506 112.927997 31.5836012
v 109.958506 112.927997 31.5836012
v 144.981003 88.5962009 38.2117987
v 137.520504 90.7096982 33.4012002
v -119.052804 282.5804 163.824999
v -131.809795 270.217109 255.962491
v -126.049197 264.163995 267.714596
v -65.7001019 293.256998 139.519894
v -24.5869994 303.785896 84.4478011
v -71.2768972 309.31499 79.9576998
v -24.5869994 303.785896 84.4478011
v -65.7001019 293.256998 139.519894
v -26.2665004 298.0896 139.764798
v 92.4731016 39.4270003 36.1097008
v 7.72700012 41.0764992 36.1927986
v 45.3714997 102.291703 23.3765006
v 45.3714997 102.291703 23.3765006
v 7.72700012 41.0764992 36.1927986
v 34.3142003 94.9042022 15.5487999
v 182.159197 145.073295 26.4403999
v 181.3972 184.687901 73.3637989
v 161.686397 107.751298 91.1092997
v 161.686397 107.751298 91.1092997
v 181.3972 184.687901 73.3637989
v 156.857598 118.835294 107.006001
v 156.857598 118.835294 107.006001
v 181.3972 184.687901 73.3637989
v 174.757099 174.505103 137.925506
v 8.54699984 -146.589696 423.46921
v 2.36469992 -142.070198 431.570196
v 22.3444 -170.1913 429.068804
v 22.3444 -170.1913 429.068804
v -28.9104015 -201.070189 411.880684
v 30.3689986 -184.690404 425.126696
v -28.9104015 -201.070189 411.880684
v 2.36469992 -142.070198 431.570196
v -62.105602 -151.865995 431.652689
v -72.3178029 284.131503 289.337707
v -102.705002 281.738997 292.982006
v -91.2433028 284.233093 300.106692
v -102.705002 281.738997 292.982006
v -112.903202 280.905008 167.464006
v -119.052804 282.5804 163.824999
v -101.829803 222.3001 412.614489
v -76.3010979 239.900804 461.656094
v -79.0084004 252.600098 427.370596
v -126.647902 116.247797 555.895185
v -33.189401 66.9462025 497.007895
v -92.9259002 147.217202 482.660818
v -33.189401 66.9462025 497.007895
v 14.6639004 72.7869987 476.2743
v -22.2562 134.046197 487.224102
v -22.2562 134.046197 487.224102
v 14.6639004 72.7869987 476.2743
v 24.8466998 122.915399 473.521805
v 113.346303 -202.581 34.8073989
v 57.5389981 -261.041307 13.7601003
v 91.8447971 -193.652999 30.7213008
v -131.893396 119.736099 234.600997
v -126.333702 89.7745013 256.088901
v -135.977006 128.743005 276.030397
v 161.703503 61.581701 31.5508008
v 169.320703 63.2884026 81.319201
v 173.213601 39.0682012 77.4401009
v 28.4332007 274.70839 138.675904
v 16.6572005 267.0012 218.953204
v 37.587899 254.464698 146.523595
v -193.352997 -181.940401 177.339494
v -187.158799 -158.431399 217.948294
v -202.222109 -134.460795 177.694702
v -202.222109 -134.460795 177.694702
v -187.158799 -158.431399 217.948294
v -198.891604 -125.651002 214.12499
v -131.893396 119.736099 234.600997
v -135.977006 128.743005 276.030397
v -115.941095 212.95321 293.820095
v -115.941095 212.95321 293.820095
v -135.977006 128.743005 276.030397
v -118.9821 194.177198 297.008491
v -26.1166006 131.542099 491.151714
v -64.3360019 180.425 460.147715
v -92.9259002 147.217202 482.660818
v -119.095504 284.936404 103.174603
v -112.903202 280.905008 167.464006
v -107.2155 295.334506 82.2632015
v -101.829803 222.3001 412.614489
v -132.742095 204.094791 359.093809
v -132.084799 166.4873 415.297985
v -97.9212999 247.408795 334.627891
v -110.447299 243.388009 297.843289
v -101.106405 227.74229 330.837488
v -101.106405 227.74229 330.837488
v -115.941095 212.95321 293.820095
v -115.414596 209.967494 302.667189
v -61.7439985 299.758911 26.5861988
v -100.825596 294.387388 35.5881989
v -71.2768972 309.31499 79.9576998
v -71.2768972 309.31499 79.9576998
v -100.825596 294.387388 35.5881989
v -107.2155 295.334506 82.2632015
v -158.5302 185.748506 127.768505
v -149.741197 150.265098 171.075904
v -149.2957 182.2837 199.925804
v 129.6628 228.504109 405.08709
v 132.604301 194.664705 351.851296
v 141.477799 238.847589 360.131407
v -204.571795 -33.5790008 120.221496
v -217.9708 -92.604202 132.007396
v -213.673306 -99.2022991 178.542805
v 88.3606017 193.352997 448.541117
v 97.0691025 201.043296 426.606512
v 80.2397013 210.822606 445.999289
v -44.1264987 216.955805 479.095602
v -72.052902 243.786597 469.024515
v -69.6995974 232.875204 474.915218
v 175.433302 -222.530699 85.8067989
v 167.137003 -213.6868 152.822399
v 157.272506 -274.606109 89.3369973
v 157.272506 -274.606109 89.3369973
v 161.821795 -231.514192 155.821502
v 158.434296 -272.100997 153.469396
v 16.6572005 267.0012 218.953204
v -40.8982009 283.900595 232.842803
v -58.5147977 272.867393 306.032801
v -40.8982009 283.900595 232.842803
v -112.903202 280.905008 167.464006
v -72.3178029 284.131503 289.337707
v 152.569795 223.637009 150.865698
v 179.9914 197.424304 79.8111022
v 166.790402 234.930491 82.3854983
v 117.623794 -37.1959001 451.87602
v 79.9901009 -33.0529988 474.078608
v 99.8833001 -79.7444999 414.195824
v 99.8833001 -79.7444999 414.195824
v 60.2231026 -72.083199 450.221586
v 82.6533973 -83.4039986 422.201395
v 82.6533973 -83.4039986 422.201395
v 60.2231026 -72.083199 450.221586
v 61.728102 -74.9372005 437.741089
v 54.3669999 -181.188405 396.085906
v 122.325695 -209.836006 384.082007
v 70.1204002 -179.375899 420.738888
v 70.1204002 -179.375899 420.738888
v 122.325695 -209.836006 384.082007
v 120.381498 -191.6677 386.525989
v -181.241095 18.5700998 126.208603
v -173.274004 27.5541991 79.6379983
v -179.222798 31.1358005 75.8644998
v -171.008694 103.699803 72.8789985
v -174.011898 85.0022018 19.2892998
v -182.568502 83.862102 78.7506998
v -182.568502 83.862102 78.7506998
v -174.011898 85.0022018 19.2892998
v -182.053196 75.1116991 73.6240029
v -146.132898 254.784203 59.5327973
v -127.2192 266.92729 36.2563998
v -144.196498 259.015298 24.8643994
v 205.534291 -19.0638006 174.794197
v 179.283798 -14.6191001 232.228208
v 202.9248 -41.6072011 222.448802
v 202.9248 -41.6072011 222.448802
v 179.283798 -14.6191001 232.228208
v 181.796503 -30.2774996 233.95319
v 179.283798 -14.6191001 232.228208
v 205.534291 -19.0638006 174.794197
v 186.732304 -8.19810033 175.661504
v 34.939599 234.834194 87.8693998
v 73.7991989 238.733196 144.059706
v 76.6465008 241.4886 86.944598
v 34.7912014 -71.0078001 485.886097
v 10.6408998 -135.603094 429.441595
v 49.3142992 -80.3049028 441.310406
v -128.224504 79.3869972 355.022502
v -134.397304 11.4698 309.480596
v -143.950605 35.2490991 370.823598
v 65.9712017 234.803796 276.343107
v 68.8748002 251.245403 343.14661
v 73.1251001 269.047594 329.798508
v -131.893396 119.736099 234.600997
v -138.451099 89.9174988 205.116105
v -126.333702 89.7745013 256.088901
v 23.1793001 244.438195 21.6783002
v -30.4394007 249.773002 39.2320991
v -30.8975995 282.831907 30.2552015
v -171.545005 -18.0228993 224.617696
v -181.959105 -32.7699989 249.838996
v -167.496002 -15.8340007 228.856707
v -166.0743 -221.950889 266.160989
v -158.955801 -234.631991 305.329299
v -171.540499 -195.451999 304.1682
v -171.540499 -195.451999 304.1682
v -158.955801 -234.631991 305.329299
v -166.575205 -224.577689 312.32729
v 78.7400007 -262.479806 74.6509016
v 43.0453986 -244.124794 146.4661
v 38.192299 -247.35291 73.595202
v 54.3669999 -181.188405 396.085906
v 70.1204002 -179.375899 420.738888
v 39.9708003 -165.667295 423.812103
v 39.9708003 -165.667295 423.812103
v 66.1351025 -158.906305 438.903904
v 41.3075 -157.278597 422.878695
v 66.1351025 -158.906305 438.903904
v 70.1204002 -179.375899 420.738888
v 74.1208971 -162.351596 432.154322
v -167.496002 -15.8340007 228.856707
v -175.125599 -13.2134005 206.360698
v -171.545005 -18.0228993 224.617696
v 115.802801 242.161989 401.222706
v 99.9381006 249.334002 340.777302
v 95.1157987 252.673197 400.592804
v -146.132898 254.784203 59.5327973
v -154.042006 192.2647 24.7960001
v -159.544206 196.295404 70.1730013
v -36.1290008 1.68399997 25.3030002
v -97.9839981 14.6851003 34.3035996
v -69.4240987 39.8961991 44.2299008
v -111.053002 -108.774304 37.4264002
v -67.940098 -43.8165992 29.5910001
v -6.58029988 -121.360099 45.9697008
v -171.988201 -4.94769998 187.869596
v -176.437604 2.30749995 125.423503
v -181.241095 18.5700998 126.208603
v -126.107001 159.771097 461.6189
v -99.3012011 208.031893 465.917301
v -111.342096 198.749006 472.38431
v -167.603505 89.447099 132.894099
v -169.166398 76.1829972 101.490605
v -165.510905 83.1291974 126.240396
v 122.325695 -209.836006 384.082007
v 129.3823 -193.0884 381.091499
v 120.381498 -191.6677 386.525989
v 44.4224 252.595711 340.402603
v 80.7440996 238.521099 400.479984
v 68.8748002 251.245403 343.14661
v 14.7110999 268.3254 418.567514
v 80.7440996 238.521099 400.479984
v 44.4224 252.595711 340.402603
v 89.6511972 -98.6469984 20.8943993
v 157.825696 2.9383 11.6625004
v 121.056902 -103.578603 31.0458004
v 121.056902 -103.578603 31.0458004
v 157.825696 2.9383 11.6625004
v 187.391806 14.2896995 11.6357997
v -205.620503 -167.3455 86.3865018
v -204.338408 -151.669097 123.406506
v -213.5427 -83.7812006 85.9860003
v -178.838098 25.4947007 36.5644991
v -181.635904 26.1597008 22.7323994
v -179.222798 31.1358005 75.8644998
v -58.5147977 272.867393 306.032801
v -87.1029973 261.802101 319.108796
v -52.4577975 259.26199 304.166198
v 35.246101 -245.455599 17.8041995
v -6.93159997 -273.859 74.3494987
v -7.31920004 -285.963392 10.2334999
v 182.480502 195.511699 29.1952997
v 151.669502 209.178901 50.8957982
v 167.094004 238.846397 39.2446011
v 80.2397013 210.822606 445.999289
v 77.196902 195.4965 474.283886
v 88.3606017 193.352997 448.541117
v 82.6533973 -83.4039986 422.201395
v 49.3142992 -80.3049028 441.310406
v 66.1351025 -158.906305 438.903904
v 66.1351025 -158.906305 438.903904
v 10.6408998 -135.603094 429.441595
v 17.5956994 -143.772995 424.321604
v 49.3142992 -80.3049028 441.310406
v 10.6408998 -135.603094 429.441595
v 66.1351025 -158.906305 438.903904
v 51.1955023 165.321505 455.197906
v 65.6880975 173.291194 460.092115
v 66.2302017 206.869197 464.012718
v 76.6465008 241.4886 86.944598
v 71.025002 233.605289 42.6811993
v 34.939599 234.834194 87.8693998
v 34.939599 234.834194 87.8693998
v 71.025002 233.605289 42.6811993
v 29.2800993 232.683802 80.8013976
v 29.2800993 232.683802 80.8013976
v 62.3308003 231.890106 37.3878986
v 28.7072986 237.352705 37.2209996
v 28.7072986 237.352705 37.2209996
v 41.8294996 236.296391 30.1151991
v 202.9248 -41.6072011 222.448802
v 183.296597 -37.4289006 315.986991
v 186.883998 -79.4475019 355.703902
v 36.7733985 -174.847806 27.553001
v 59.7151995 -172.396898 30.6769013
v 35.246101 -245.455599 17.8041995
v 35.246101 -245.455599 17.8041995
v 59.7151995 -172.396898 30.6769013
v 90.763098 -189.524603 26.5969008
v -24.0961 -238.987303 339.310408
v -35.3585005 -273.958111 338.881993
v -12.7259001 -262.374902 294.009995
v 143.885505 -258.786893 334.463501
v 92.6425993 -271.377707 255.800509
v 149.449098 -264.973688 250.985909
v 28.4355015 -231.789589 196.817696
v 47.6615012 -242.709398 192.157698
v 42.6082999 -230.64959 200.508189
v 178.225994 -24.5032996 276.403594
v 202.9248 -41.6072011 222.448802
v 181.796503 -30.2774996 233.95319
v -30.4798007 272.726893 420.492601
v 14.7110999 268.3254 418.567514
v -14.6927997 256.312895 350.813603
v 14.7110999 268.3254 418.567514
v 9.65579972 260.849309 351.798201
v -14.6927997 256.312895 350.813603
v -198.0147 -186.654401 44.0829009
v -112.361598 -249.762797 30.8643013
v -187.865102 -239.98251 30.6383997
v -205.620503 -167.3455 86.3865018
v -198.0147 -186.654401 44.0829009
v -195.985305 -183.557796 84.7846985
v -36.0040009 255.7338 356.561303
v -74.4848013 270.181704 346.269107
v -77.5183976 269.025898 355.125499
v -74.4848013 270.181704 346.269107
v -36.0040009 255.7338 356.561303
v -28.0674994 255.554104 341.86089
v -171.988201 -4.94769998 187.869596
v -160.516596 -18.8830003 217.158008
v -164.988804 -7.0081003 175.638103
v 112.009501 103.840399 393.136501
v 101.573098 133.352494 389.50119
v 89.893198 100.615203 418.699884
v 139.801502 237.566209 308.200192
v 132.604301 194.664705 351.851296
v 143.241501 234.546208 287.080407
v 111.759901 13.1595999 380.78959
v 77.1013021 54.9295008 449.420881
v 86.5613997 13.2222995 453.589582
v 186.739302 -3.88959982 160.517001
v 209.324098 -10.0483 146.297002
v 199.042201 -3.27860005 150.745904
v 209.324098 -10.0483 146.297002
v 183.866501 -2.68670004 169.523203
v 186.732304 -8.19810033 175.661504
v -169.727695 125.436294 107.101297
v -162.725198 150.741005 74.1747975
v -172.781205 115.400803 100.3088
v 101.573098 133.352494 389.50119
v 118.9183 104.085898 353.576994
v 129.031098 141.468203 349.328494
v -3.25479992 -263.1459 243.558192
v -104.507303 -274.107504 220.30549
v -11.8854001 -265.984797 187.499499
v 209.131098 -137.010598 159.944701
v 199.931896 -150.571704 226.283193
v 167.137003 -213.6868 152.822399
v 167.137003 -213.6868 152.822399
v 199.931896 -150.571704 226.283193
v 171.513402 -227.356791 169.154096
v 217.9708 -8.22279975 59.8322988
v 213.170099 -125.565195 42.9803014
v 216.157293 -8.97080004 23.0024993
v 117.966604 11.5018003 460.271406
v 79.9901009 -33.0529988 474.078608
v 117.623794 -37.1959001 451.87602
v -101.223195 -290.2318 31.8906993
v -186.346304 -250.181508 82.1578979
v -187.865102 -239.98251 30.6383997
v -30.3415 -71.1291015 561.155081
v 22.8312001 -75.4858971 491.326284
v -17.1267003 -22.6203993 554.310894
v -17.1267003 -22.6203993 554.310894
v 34.7912014 -71.0078001 485.886097
v 57.3608994 -34.1789007 488.722801
v -26.2665004 298.0896 139.764798
v 29.2970002 281.020904 89.7615016
v -24.5869994 303.785896 84.4478011
v -184.664595 -257.586694 128.524101
v -107.799494 -309.31499 63.3975983
v -109.155202 -287.817097 126.665998
v -107.799494 -309.31499 63.3975983
v -184.664595 -257.586694 128.524101
v -186.346304 -250.181508 82.1578979
v -44.2602009 235.904908 35.2607995
v -44.7398007 245.570397 46.1432993
v -30.4394007 249.773002 39.2320991
v -128.562999 78.4385026 202.397704
v -127.539098 66.0920978 210.350108
v -123.225403 75.3369987 222.412705
v -153.717601 160.508299 18.2400003
v -156.793201 161.1642 34.5636994
v -147.667205 176.090395 19.8091999
v -147.667205 176.090395 19.8091999
v -156.793201 161.1642 34.5636994
v -154.042006 192.2647 24.7960001
v -115.941095 212.95321 293.820095
v -118.9821 194.177198 297.008491
v -115.414596 209.967494 302.667189
v -133.324301 189.152205 349.276495
v -132.742095 204.094791 359.093809
v -123.757803 207.833791 347.354102
v 8.54699984 -146.589696 423.46921
v 10.6408998 -135.603094 429.441595
v 2.36469992 -142.070198 431.570196
v 10.6408998 -135.603094 429.441595
v 8.54699984 -146.589696 423.46921
v 17.5956994 -143.772995 424.321604
v -110.447299 243.388009 297.843289
v -87.1029973 261.802101 319.108796
v -101.280296 264.68811 311.467004
v -87.1029973 261.802101 319.108796
v -95.1855004 254.421902 320.56191
v -91.8995976 269.839692 325.474405
v 41.8294996 236.296391 30.1151991
v 35.620299 245.870805 26.3168991
v 28.7072986 237.352705 37.2209996
v 3.04550007 263.028693 323.61021
v 9.65579972 260.849309 351.798201
v 19.4581002 256.375504 339.841294
v -53.9043009 -77.3099005 571.435213
v -57.5627983 -68.4678018 589.546108
v -105.6059 -84.0161979 546.621799
v -51.6053975 -60.2729976 581.485319
v -51.9621015 -59.9695027 589.944983
v -57.5627983 -68.4678018 589.546108
v 11.8012004 248.145008 205.092406
v 9.22100022 259.241199 215.1896
v 15.4202998 246.564603 214.396596
v 15.4202998 246.564603 214.396596
v 9.22100022 259.241199 215.1896
v -1.02779996 252.957702 229.073191
v -186.693704 -136.865497 222.836804
v -187.158799 -158.431399 217.948294
v -188.666904 -150.9763 230.03161
v -169.811106 -203.2758 315.667391
v -171.540499 -195.451999 304.1682
v -166.575205 -224.577689 312.32729
v 161.539304 106.301999 113.188803
v 161.686397 107.751298 91.1092997
v 156.857598 118.835294 107.006001
v -127.2192 266.92729 36.2563998
v -121.145904 253.350496 32.1821988
v -150.738299 209.156704 22.9613006
v -121.145904 253.350496 32.1821988
v -127.2192 266.92729 36.2563998
v -113.257897 259.34 41.1428988
v -91.2433028 284.233093 300.106692
v -102.705002 281.738997 292.982006
v -109.478903 272.501802 303.975797
v -86.7627025 297.205997 20.5605
v -110.639703 295.963907 19.5705995
v -100.825596 294.387388 35.5881989
v -26.1770993 -248.316312 348.530793
v -22.2113997 -232.870603 353.216791
v -31.3607991 -228.888106 365.650296
v 95.0372994 245.712996 262.540102
v 91.4725006 251.169491 278.724408
v 90.2098 244.884896 284.048891
v -181.635904 26.1597008 22.7323994
v -178.838098 25.4947007 36.5644991
v -181.492603 15.4531002 33.335501
v -181.492603 15.4531002 33.335501
v -178.838098 25.4947007 36.5644991
v -173.124695 22.8733003 24.6207997
v -173.124695 22.8733003 24.6207997
v -178.838098 25.4947007 36.5644991
v -174.477696 28.0066997 25.6942987
v -122.201502 57.8540027 561.331987
v -127.9598 72.5012004 567.455578
v -140.654194 47.6707011 555.705786
v -166.2395 -3.17200013 540.190506
v -165.780401 -11.3009997 526.823807
v -168.3671 -15.6402007 540.91239
v -134.906995 -12.3090997 590.507793
v -134.065294 -29.9589008 585.9622
v -115.413702 -20.3424007 584.264421
v -115.413702 -20.3424007 584.264421
v -134.065294 -29.9589008 585.9622
v -121.714306 -25.5881995 590.777397
v -156.1759 23.7085 557.714701
v -148.179197 25.0566989 564.752388
v -159.5819 30.3995013 548.385
v -148.179197 25.0566989 564.752388
v -140.654194 47.6707011 555.705786
v 167.735898 23.5119 6.27389997
v 166.267395 13.0016997 19.9168995
v 158.302796 20.0707003 13.6102006
v 158.302796 20.0707003 13.6102006
v 166.267395 13.0016997 19.9168995
v 157.825696 2.9383 11.6625004
v 153.711295 -3.00689992 375.281
v 137.988496 12.7143994 376.111388
v 143.565595 13.5749996 390.184689
v 40.8358991 -233.051991 365.796208
v 35.7356995 -235.834599 363.205504
v 38.1366998 -238.412189 345.93749
v -166.575205 -224.577689 312.32729
v -158.955801 -234.631991 305.329299
v -149.384999 -236.84411 322.070503
v -134.037805 229.90191 200.460505
v -143.828702 218.494892 201.230001
v -133.510494 235.811901 240.772104
v -129.283798 256.883788 281.195402
v -126.049197 264.163995 267.714596
v -131.809795 270.217109 255.962491
v 45.3714997 102.291703 23.3765006
v 34.3142003 94.9042022 15.5487999
v 32.5046003 105.292797 24.0916997
v 181.853795 2.42790002 169.342506
v 167.896402 8.02590027 159.225905
v 170.569503 5.22259995 174.640799
v 161.821795 -231.514192 155.821502
v 167.137003 -213.6868 152.822399
v 171.513402 -227.356791 169.154096
v 144.536102 -262.576389 39.4320995
v 159.998095 -253.678393 45.6239015
v 152.285802 -262.986994 55.3175986
v -183.2389 27.4379998 117.224705
v -184.473503 18.5349002 139.447606
v -181.241095 18.5700998 126.208603
v -202.478194 -139.344704 143.356395
v -204.338408 -151.669097 123.406506
v -199.933398 -158.977604 118.7971
v 205.333805 -142.541206 96.9106972
v 213.36689 -132.5405 91.4102972
v 209.435201 -125.782704 105.332196
v 9.75119993 254.861212 456.008911
v -30.4798007 272.726893 420.492601
v -51.702702 263.486004 417.554283
v 6.64220005 216.149998 38.4921014
v -44.2602009 235.904908 35.2607995
v -30.4394007 249.773002 39.2320991
v 164.335501 174.190295 37.292701
v 185.637105 166.139698 23.6148998
v 178.205895 148.684502 17.7011997
v 78.3361018 -265.416598 272.29321
v 83.277297 -254.081988 358.817101
v 69.4476008 -256.672502 349.154711
v -26.4284015 300.30489 41.1271006
v 6.09919988 292.207909 17.3960999
v -30.8975995 282.831907 30.2552015
v -84.7092986 230.801511 30.3070009
v -44.2602009 235.904908 35.2607995
v -42.7931994 223.746395 29.5031011
v -198.891604 -125.651002 214.12499
v -186.693704 -136.865497 222.836804
v -200.513792 -103.036499 224.338508
v -175.976598 81.2729001 101.900899
v -169.838297 95.9758997 134.353101
v -180.285001 94.7912991 101.372099
v -30.0141007 285.373306 224.163604
v -70.035398 284.508801 156.845605
v -40.8982009 283.900595 232.842803
v -4.82349992 265.06381 300.864697
v 44.4224 252.595711 340.402603
v 68.8748002 251.245403 343.14661
v -127.539098 66.0920978 210.350108
v -145.960104 3.44079994 260.886407
v -123.225403 75.3369987 222.412705
v 98.0028987 -5.64760007 34.5212996
v 157.825696 2.9383 11.6625004
v 104.112804 -13.2625997 37.9723012
v -169.811106 -203.2758 315.667391
v -149.384999 -236.84411 322.070503
v -115.420902 -237.277102 362.461495
v -144.472003 248.213506 80.754602
v -136.394298 268.847299 74.6981978
v -146.132898 254.784203 59.5327973
v -150.738299 209.156704 22.9613006
v -147.667205 176.090395 19.8091999
v -154.042006 192.2647 24.7960001
v -189.389205 -24.7529 226.871896
v -171.545005 -18.0228993 224.617696
v -175.665998 -9.22890007 210.048509
v -103.648102 274.536896 38.0616993
v -110.639703 295.963907 19.5705995
v -86.7627025 297.205997 20.5605
v -87.9007995 268.723202 316.127801
v -109.478903 272.501802 303.975797
v -101.280296 264.68811 311.467004
v 76.6465008 241.4886 86.944598
v 81.4303994 243.409801 150.701499
v 91.8757975 250.272989 84.6688986
v 86.8544996 246.093512 51.5802979
v 79.3398023 230.254292 32.3653996
v 71.025002 233.605289 42.6811993
v -173.124695 22.8733003 24.6207997
v -153.460705 -17.8868994 45.9434986
v -181.492603 15.4531002 33.335501
v -166.2395 -3.17200013 540.190506
v -135.888696 -29.3554991 590.273905
v -134.906995 -12.3090997 590.507793
v 175.091195 -17.0480996 305.413699
v 183.296597 -37.4289006 315.986991
v 178.225994 -24.5032996 276.403594
v 113.346303 -202.581 34.8073989
v 159.998095 -253.678393 45.6239015
v 144.536102 -262.576389 39.4320995
v 186.739302 -3.88959982 160.517001
v 180.120504 12.1776998 156.576598
v 181.853795 2.42790002 169.342506
v 22.3444 -170.1913 429.068804
v 39.9708003 -165.667295 423.812103
v 24.9879003 -152.257204 424.162579
v -131.809795 270.217109 255.962491
v -133.510494 235.811901 240.772104
v -129.283798 256.883788 281.195402
v 160.984504 67.5999999 103.836906
v 161.686397 107.751298 91.1092997
v 161.539304 106.301999 113.188803
v 137.520504 90.7096982 33.4012002
v 144.288099 51.7642975 42.3413992
v 128.363001 44.2360997 37.6446992
v 186.732304 -8.19810033 175.661504
v 170.569503 5.22259995 174.640799
v 167.843604 4.17059995 196.2327
v 191.5084 2.29390003 143.066895
v 181.200695 13.7529001 130.495703
v 186.575401 10.3215002 137.665498
v 167.563498 -12.8230006 345.434809
v 137.988496 12.7143994 376.111388
v 153.711295 -3.00689992 375.281
v 84.0668976 100.5288 442.041016
v 77.1013021 54.9295008 449.420881
v 89.893198 100.615203 418.699884
v 120.381498 -191.6677 386.525989
v 131.882906 -170.5832 412.50248
v 122.173202 -168.266499 412.226105
v 179.283798 -14.6191001 232.228208
v 175.091195 -17.0480996 305.413699
v 178.225994 -24.5032996 276.403594
v 39.0053988 168.130398 463.547611
v 66.2302017 206.869197 464.012718
v 57.9317987 209.615993 468.779993
v -199.933398 -158.977604 118.7971
v -193.040395 -197.526896 147.567999
v -202.478194 -139.344704 143.356395
v -145.122302 151.229596 202.713299
v -115.941095 212.95321 293.820095
v -149.741197 150.265098 171.075904
v 167.843604 4.17059995 196.2327
v 137.221897 3.13149989 177.820802
v 134.716797 -1.5904 201.568508
v 205.534291 -19.0638006 174.794197
v 209.131098 -137.010598 159.944701
v 209.324098 -10.0483 146.297002
v -5.24020009 -113.897002 497.629881
v 2.36469992 -142.070198 431.570196
v 10.6408998 -135.603094 429.441595
v -17.6902995 258.957911 317.895508
v -14.6927997 256.312895 350.813603
v 3.04550007 263.028693 323.61021
v 14.6639004 72.7869987 476.2743
v 14.5647004 26.3981014 524.393511
v 28.5562009 65.2405024 482.369518
v 195.276701 -147.660899 245.414996
v 170.544696 -220.531702 237.098789
v 199.931896 -150.571704 226.283193
v 80.2397013 210.822606 445.999289
v 56.4759016 228.516102 451.233578
v 66.2302017 206.869197 464.012718
v 88.1263018 -182.833803 33.0549002
v 113.346303 -202.581 34.8073989
v 91.8447971 -193.652999 30.7213008
v -169.727695 125.436294 107.101297
v -153.3746 105.635595 163.114202
v -139.588594 121.499801 177.017105
v 69.4476008 -256.672502 349.154711
v 40.8358991 -233.051991 365.796208
v 38.1366998 -238.412189 345.93749
v 208.951092 -5.10540009 13.6416003
v 213.170099 -125.565195 42.9803014
v 210.288692 -128.282797 33.2720995
v 173.213601 39.0682012 77.4401009
v 153.214002 28.6356986 148.316205
v 164.700198 24.4818002 79.5979977
v -36.0040009 255.7338 356.561303
v -30.4798007 272.726893 420.492601
v -14.6927997 256.312895 350.813603
v -119.564199 210.752106 24.2163002
v -84.7092986 230.801511 30.3070009
v -110.957003 202.795291 20.9950998
v 45.3714997 102.291703 23.3765006
v 48.8721013 155.591702 32.863301
v 64.4044995 155.713201 29.8065007
v -135.132205 -94.8023021 524.969482
v -142.565799 -92.7312016 526.917696
v -165.066004 -116.936195 468.28661
v -135.132205 -94.8023021 524.969482
v -53.9043009 -77.3099005 571.435213
v -105.6059 -84.0161979 546.621799
v 9.75119993 254.861212 456.008911
v 56.4759016 228.516102 451.233578
v 72.2723007 234.384203 421.052122
v -85.0113988 -219.044089 383.495092
v -31.3607991 -228.888106 365.650296
v -92.0799971 -193.088996 398.436904
v 174.757099 174.505103 137.925506
v 179.9914 197.424304 79.8111022
v 165.256 179.509699 151.065505
v -198.891604 -125.651002 214.12499
v -205.411911 -128.390896 178.520298
v -202.222109 -134.460795 177.694702
v -161.145401 67.602098 130.2917
v -169.166398 76.1829972 101.490605
v -166.764998 61.9654 99.6434987
v 6.64220005 216.149998 38.4921014
v 41.8294996 236.296391 30.1151991
v 14.1948 199.033999 34.2482001
v -145.122302 151.229596 202.713299
v -132.638597 112.386096 223.1498
v -131.893396 119.736099 234.600997
v 79.4834018 162.638903 442.079401
v 67.5664008 152.787697 458.103704
v 71.0277975 147.251797 443.768883
v 133.754897 191.0694 43.6224014
v 59.2216015 199.354994 36.393401
v 65.2171016 213.495803 30.2347004
v 82.6533973 -83.4039986 422.201395
v 74.1208971 -162.351596 432.154322
v 99.8833001 -79.7444999 414.195824
v 34.7912014 -71.0078001 485.886097
v 49.3142992 -80.3049028 441.310406
v 60.2231026 -72.083199 450.221586
v 94.6108997 157.851899 403.986406
v 79.3631017 147.597802 415.840006
v 101.573098 133.352494 389.50119
v -182.053196 75.1116991 73.6240029
v -166.492105 65.7027006 85.4330003
v -181.093097 79.3048978 91.6540027
v -3.19910012 142.256296 60.9466016
v -93.9307988 178.771198 19.8275998
v -83.8504016 188.859499 24.6692002
v -187.531102 -247.158504 120.510805
v -193.040395 -197.526896 147.567999
v -199.933398 -158.977604 118.7971
v 58.632803 -250.2321 255.666089
v 42.6082999 -230.64959 200.508189
v 59.8361015 -245.0243 197.487199
v 33.4816992 244.479704 86.8493021
v 30.0265998 230.989695 153.752697
v 34.939599 234.834194 87.8693998
v -187.224698 -103.122199 545.172977
v -196.107399 -101.997602 493.492794
v -196.971905 -109.839702 479.335117
v -104.930401 284.428501 297.06471
v -119.052804 282.5804 163.824999
v -123.854995 267.096496 284.41689
v -76.3010979 239.900804 461.656094
v -99.3012011 208.031893 465.917301
v -69.6995974 232.875204 474.915218
v 171.513402 -227.356791 169.154096
v 158.6061 -257.937193 195.522797
v 161.821795 -231.514192 155.821502
v -199.015903 -15.2500004 73.1422007
v -188.9364 10.0759 127.104998
v -183.2389 27.4379998 117.224705
v 78.3361018 -265.416598 272.29321
v 58.632803 -250.2321 255.666089
v 92.6425993 -271.377707 255.800509
v 90.2098 244.884896 284.048891
v 143.241501 234.546208 287.080407
v 95.0372994 245.712996 262.540102
v -174.435902 -4.52070013 489.099598
v -170.449901 -22.1359 403.679514
v -196.107399 -101.997602 493.492794
v -189.342201 -105.855298 393.169498
v -196.107399 -101.997602 493.492794
v -196.971905 -109.839702 479.335117
v 121.056902 -103.578603 31.0458004
v 113.346303 -202.581 34.8073989
v 88.1263018 -182.833803 33.0549002
v 112.0314 70.7464993 218.682098
v 126.907301 27.0666003 197.7965
v 143.231201 66.3349986 160.558903
v -28.0674994 255.554104 341.86089
v -17.6902995 258.957911 317.895508
v -74.4848013 270.181704 346.269107
v -172.061098 -245.4952 181.626999
v -193.352997 -181.940401 177.339494
v -193.040395 -197.526896 147.567999
v 113.346303 -202.581 34.8073989
v 172.985899 -205.735302 37.016201
v 159.998095 -253.678393 45.6239015
v 45.3714997 102.291703 23.3765006
v 64.4044995 155.713201 29.8065007
v 109.958506 112.927997 31.5836012
v 122.7332 153.138006 37.105599
v 77.1013021 54.9295008 449.420881
v 111.759901 13.1595999 380.78959
v 108.029699 52.1897018 383.196211
v 89.893198 100.615203 418.699884
v -158.5302 185.748506 127.768505
v -162.725198 150.741005 74.1747975
v -164.224803 153.500605 117.949498
v -169.727695 125.436294 107.101297
v -142.347598 233.28681 140.076101
v -159.544206 196.295404 70.1730013
v -158.5302 185.748506 127.768505
v -144.472003 248.213506 80.754602
v 126.907301 27.0666003 197.7965
v 138.480198 11.1656003 174.065495
v 153.214002 28.6356986 148.316205
v 152.298105 52.6196003 150.512195
v 132.604301 194.664705 351.851296
v 129.6628 228.504109 405.08709
v 126.335204 200.900888 422.04752
v 129.031098 141.468203 349.328494
v 66.8646991 -43.2204992 26.4468014
v 104.112804 -13.2625997 37.9723012
v 89.6511972 -98.6469984 20.8943993
v 54.4344008 -55.0294995 24.9716997
v 201.42529 6.33819997 106.623197
v 181.200695 13.7529001 130.495703
v 191.5084 2.29390003 143.066895
v 212.091804 -6.04449995 120.302498
v 166.267395 13.0016997 19.9168995
v 200.0875 4.73669991 53.8896978
v 187.391806 14.2896995 11.6357997
v 173.842001 15.4559001 8.6515002
v -199.933398 -158.977604 118.7971
v -195.985305 -183.557796 84.7846985
v -186.346304 -250.181508 82.1578979
v -187.531102 -247.158504 120.510805
v 155.854905 -206.974792 348.271704
v 162.749004 -214.478302 252.617908
v 195.276701 -147.660899 245.414996
v 185.224998 -145.866799 364.233088
v 162.749004 -214.478302 252.617908
v 155.854905 -206.974792 348.271704
v 143.885505 -258.786893 334.463501
v 149.449098 -264.973688 250.985909
v 164.335501 174.190295 37.292701
v 178.205895 148.684502 17.7011997
v 159.792805 137.590301 17.5706998
v 122.7332 153.138006 37.105599
v -133.326304 101.068103 24.5548993
v -97.9839981 14.6851003 34.3035996
v -174.477696 28.0066997 25.6942987
v -185.836399 45.0737 23.7232998
v -207.704401 -136.417103 130.299497
v -217.9708 -92.604202 132.007396
v -213.5427 -83.7812006 85.9860003
v -204.338408 -151.669097 123.406506
v 2.90929992 22.7769002 523.597193
v 14.6639004 72.7869987 476.2743
v -33.189401 66.9462025 497.007895
v -61.3879979 26.0655999 547.594118
v -111.053002 -108.774304 37.4264002
v -36.254099 -249.263811 24.9077007
v -112.361598 -249.762797 30.8643013
v -198.0147 -186.654401 44.0829009
v 26.8947005 -238.271093 252.949595
v 18.2549998 -236.139798 306.586599
v -12.7259001 -262.374902 294.009995
v -3.25479992 -263.1459 243.558192
v 108.029699 52.1897018 383.196211
v 111.759901 13.1595999 380.78959
v 106.186998 25.9056985 261.926103
v 100.996006 87.7947986 270.282197
v -17.1267003 -22.6203993 554.310894
v 2.90929992 22.7769002 523.597193
v -61.3879979 26.0655999 547.594118
v -65.4788017 -10.3505 567.939997
v -123.757803 207.833791 347.354102
v -115.449405 210.474396 328.254008
v -122.655702 200.861001 335.096407
v -133.324301 189.152205 349.276495
v 3.99659984 -217.133403 363.319397
v -28.9104015 -201.070189 411.880684
v -31.3607991 -228.888106 365.650296
v -22.2113997 -232.870603 353.216791
v -133.510494 235.811901 240.772104
v -131.809795 270.217109 255.962491
v -133.8781 262.560105 169.728601
v -134.037805 229.90191 200.460505
v -153.460705 -17.8868994 45.9434986
v -97.9839981 14.6851003 34.3035996
v -67.940098 -43.8165992 29.5910001
v -111.053002 -108.774304 37.4264002
vt 0.364814013 0.90317899
vt 0.36481601 0.903199017
vt 0.364852011 0.903199017
vt 0.343490988 0.393866986
vt 0.343528003 0.393893987
vt 0.34356001 0.393819988
vt 0.346832991 0.392322004
vt 0.346850991 0.392378002
vt 0.346841991 0.39231801
vt 0.343423992 0.394073009
vt 0.343477011 0.394008011
vt 0.343317002 0.393954992
vt 0.364326 0.905049026
vt 0.364291012 0.905026019
vt 0.364273012 0.905088007
vt 0.365009993 0.902733028
vt 0.364973992 0.902728975
vt 0.36500299 0.902737975
vt 0.364371002 0.906529009
vt 0.364354014 0.906503975
vt 0.364347994 0.906526983
vt 0.343679011 0.395853996
vt 0.343582004 0.395794988
vt 0.34356299 0.39586401
vt 0.344314992 0.39073199
vt 0.344292015 0.390592009
vt 0.344247997 0.390689999
vt 0.365155995 0.902894974
vt 0.365121007 0.902936995
vt 0.365170002 0.902921021
vt 0.342216998 0.393146992
vt 0.342177987 0.393381
vt 0.342247993 0.393265009
vt 0.36343199 0.904447973
vt 0.363438994 0.904429972
vt 0.363431007 0.904446006
vt 0.344460994 0.390367001
vt 0.344500989 0.390213013
vt 0.344453007 0.390204012
vt 0.347972006 0.392659992
vt 0.349256992 0.393366992
vt 0.349249005 0.393352002
vt 0.364879996 0.903109014
vt 0.364883989 0.903108001
vt 0.364888996 0.903074026
vt 0.348468006 0.396761
vt 0.348544002 0.39675501
vt 0.348536998 0.396699995
vt 0.345692992 0.394501001
vt 0.345755011 0.394474
vt 0.345748007 0.394445002
vt 0.346341997 0.395346999
vt 0.346345991 0.395422995
vt 0.346354991 0.395354003
vt 0.347667992 0.394042999
vt 0.347678006 0.394055992
vt 0.347728014 0.393994987
vt 0.347669989 0.393990993
vt 0.347667992 0.394042999
vt 0.347678006 0.394055992
vt 0.34771201 0.394059002
vt 0.342130989 0.392794013
vt 0.341975003 0.39280799
vt 0.342000008 0.392897993
vt 0.343677014 0.395817995
vt 0.343690008 0.395839989
vt 0.343701988 0.395828992
vt 0.343739003 0.393949002
vt 0.343679011 0.394064009
vt 0.343744993 0.39409399
vt 0.343632996 0.395945996
vt 0.343650013 0.395902008
vt 0.343243986 0.395126998
vt 0.343677014 0.39588201
vt 0.343659014 0.395933002
vt 0.343737006 0.395844012
vt 0.364957988 0.902990997
vt 0.364993989 0.902993977
vt 0.364962995 0.902906001
vt 0.344666004 0.390563995
vt 0.34463799 0.390578985
vt 0.344675004 0.390599012
vt 0.363081008 0.904901981
vt 0.36304599 0.904829979
vt 0.36304301 0.904830992
vt 0.365132004 0.902881026
vt 0.365092993 0.902930021
vt 0.365121007 0.902936995
vt 0.341850013 0.392594993
vt 0.341861993 0.392551005
vt 0.341798007 0.392560005
vt 0.347508013 0.396515012
vt 0.347528011 0.396504998
vt 0.347519994 0.396504015
vt 0.344384998 0.390168995
vt 0.344318986 0.390190989
vt 0.344291002 0.390251011
vt 0.367193997 0.905243993
vt 0.367168993 0.905256987
vt 0.36719501 0.905310988
vt 0.344494998 0.390534997
vt 0.344498992 0.390404999
vt 0.344440997 0.390433013
vt 0.344384998 0.390168995
vt 0.344453007 0.390204012
vt 0.344451994 0.390181005
vt 0.343214989 0.395264
vt 0.343259007 0.395188987
vt 0.343216002 0.395204991
vt 0.346816987 0.390314996
vt 0.346767992 0.390248001
vt 0.346830994 0.390365988
vt 0.344291002 0.390251011
vt 0.344318986 0.390190989
vt 0.344177991 0.390224993
vt 0.366636008 0.902949989
vt 0.366733015 0.902972996
vt 0.366721988 0.902930021
vt 0.366685987 0.904008985
vt 0.366692007 0.904009998
vt 0.366706997 0.903964996
vt 0.349312991 0.393462002
vt 0.349299014 0.393445998
vt 0.349263996 0.393462002
vt 0.345943987 0.39438799
vt 0.34593001 0.39437899
vt 0.345889002 0.394448012
vt 0.345889002 0.394448012
vt 0.345820993 0.394470006
vt 0.347057015 0.398056
vt 0.345762014 0.394517988
vt 0.345750004 0.394508988
vt 0.345692992 0.394544989
vt 0.341755986 0.392951995
vt 0.341809988 0.392962009
vt 0.341787994 0.392888993
vt 0.347164989 0.398501992
vt 0.347164989 0.398409992
vt 0.347108006 0.398460001
vt 0.343383998 0.394134015
vt 0.343421996 0.39407599
vt 0.343302995 0.394066989
vt 0.344505996 0.390673995
vt 0.344462007 0.390632987
vt 0.344399989 0.390742987
vt 0.341908991 0.393429995
vt 0.341876 0.393482
vt 0.342074007 0.39347899
vt 0.343275994 0.398564994
vt 0.343300998 0.398876995
vt 0.343362004 0.398593009
vt 0.366688997 0.904025972
vt 0.366683006 0.904067993
vt 0.366712987 0.904035985
vt 0.366667002 0.90395999
vt 0.366706997 0.903964996
vt 0.366663992 0.903914988
vt 0.346929014 0.392120987
vt 0.346985012 0.392134994
vt 0.346973002 0.392075986
vt 0.341726005 0.392688006
vt 0.341708004 0.392820001
vt 0.341751993 0.39271
vt 0.365009993 0.903141975
vt 0.365074992 0.903101027
vt 0.36501199 0.903102994
vt 0.344164997 0.390818
vt 0.344159991 0.390864015
vt 0.344220012 0.390834004
vt 0.344305009 0.390861005
vt 0.344330996 0.390801013
vt 0.344296992 0.390827
vt 0.343686014 0.393413991
vt 0.343602002 0.393453985
vt 0.343679994 0.393514007
vt 0.34472701 0.390744001
vt 0.344718009 0.390693992
vt 0.344668001 0.390742987
vt 0.344549 0.390388012
vt 0.344491988 0.390377998
vt 0.344507009 0.39041701
vt 0.347633988 0.393844992
vt 0.347582012 0.393920988
vt 0.347671002 0.393923998
vt 0.347582012 0.393920988
vt 0.347597003 0.393826008
vt 0.364890009 0.903155982
vt 0.364885002 0.903127015
vt 0.364831001 0.903141022
vt 0.343398988 0.394156009
vt 0.343331009 0.394129992
vt 0.343409002 0.394221008
vt 0.348156989 0.397547007
vt 0.348165989 0.397511005
vt 0.348141015 0.397505999
vt 0.343214989 0.395264
vt 0.343216002 0.395204991
vt 0.343205988 0.395242006
vt 0.344581008 0.390807986
vt 0.344628006 0.390866995
vt 0.344653994 0.39083299
vt 0.346282005 0.395379007
vt 0.346298009 0.395381004
vt 0.346284986 0.395321012
vt 0.342902988 0.398063987
vt 0.342961013 0.398081988
vt 0.34295401 0.398061007
vt 0.341818988 0.392643988
vt 0.341917992 0.392619997
vt 0.341850013 0.392594993
vt 0.341785997 0.393054008
vt 0.34185499 0.393052012
vt 0.341800004 0.393043011
vt 0.34185499 0.393052012
vt 0.341966987 0.393106014
vt 0.341948003 0.393016011
vt 0.342182994 0.393065006
vt 0.342040002 0.393034995
vt 0.342171997 0.393072009
vt 0.345730007 0.394401014
vt 0.345768005 0.394264996
vt 0.345706999 0.39427501
vt 0.364309996 0.905272007
vt 0.364302993 0.905230999
vt 0.364289999 0.905272007
vt 0.364704996 0.902921021
vt 0.364713013 0.902920008
vt 0.364733011 0.90289098
vt 0.348859996 0.396571994
vt 0.348910004 0.396580994
vt 0.348897994 0.396569997
vt 0.346754998 0.39031601
vt 0.346805006 0.390464008
vt 0.34683001 0.390379995
vt 0.364409 0.906705976
vt 0.364378005 0.906754017
vt 0.364387006 0.906754017
vt 0.364300996 0.905368984
vt 0.364264011 0.905413985
vt 0.364324003 0.905431986
vt 0.344307005 0.390482992
vt 0.344168991 0.390417993
vt 0.344168991 0.390439987
vt 0.344168991 0.390417993
vt 0.344273001 0.390395999
vt 0.344379991 0.390358001
vt 0.344381005 0.390460014
vt 0.344397008 0.390125006
vt 0.344377995 0.390118003
vt 0.344384998 0.390168995
vt 0.345748007 0.394445002
vt 0.345730007 0.394401014
vt 0.345674992 0.394423991
vt 0.344494998 0.390193999
vt 0.344451994 0.390181005
vt 0.344453007 0.390204012
vt 0.367747992 0.907154977
vt 0.367736995 0.907202005
vt 0.36779201 0.90722698
vt 0.345941991 0.394508988
vt 0.345937997 0.394472003
vt 0.347057015 0.398056
vt 0.34582001 0.394178003
vt 0.345771998 0.394172013
vt 0.345768005 0.394264996
vt 0.345530003 0.394281
vt 0.345515996 0.394430012
vt 0.345600992 0.394425005
vt 0.343744993 0.39409399
vt 0.34376201 0.394097
vt 0.343834013 0.394066989
vt 0.341915995 0.392940015
vt 0.341948003 0.393016011
vt 0.342018992 0.392980009
vt 0.345652014 0.394270003
vt 0.345573008 0.394266993
vt 0.345600992 0.394425005
vt 0.36591801 0.905550003
vt 0.365949005 0.905633986
vt 0.365983009 0.905604005
vt 0.346341997 0.394966006
vt 0.346309006 0.394968003
vt 0.34631601 0.394977987
vt 0.34630999 0.39528501
vt 0.346307009 0.395262003
vt 0.346298993 0.395280987
vt 0.343587011 0.394024998
vt 0.343593001 0.394068003
vt 0.343605995 0.394037992
vt 0.344547987 0.390848011
vt 0.344628006 0.390866995
vt 0.344581008 0.390807986
vt 0.344909012 0.397491008
vt 0.344913006 0.397395015
vt 0.344886005 0.397399992
vt 0.365096003 0.903201997
vt 0.365040988 0.903219998
vt 0.365094006 0.903219998
vt 0.342233002 0.392811
vt 0.342247993 0.392711997
vt 0.342240006 0.392681003
vt 0.344626993 0.390893012
vt 0.344707996 0.390872002
vt 0.344655991 0.390870005
vt 0.346421003 0.395309001
vt 0.346421987 0.395256996
vt 0.346374005 0.395258993
vt 0.346421003 0.395309001
vt 0.346385002 0.395318002
vt 0.347245008 0.397152007
vt 0.347243994 0.397181988
vt 0.347276002 0.39715901
vt 0.341787994 0.392888993
vt 0.341807008 0.392780006
vt 0.341758996 0.392791986
vt 0.316713005 0.400878996
vt 0.316749007 0.400920004
vt 0.316787988 0.400851995
vt 0.343611002 0.393577993
vt 0.343679994 0.393514007
vt 0.343560994 0.393510014
vt 0.344327986 0.390680999
vt 0.344388992 0.390753001
vt 0.344413012 0.390644997
vt 0.364901006 0.903119028
vt 0.364888996 0.903074026
vt 0.364883989 0.903108001
vt 0.342224002 0.393056005
vt 0.342209011 0.39298299
vt 0.342173994 0.392881006
vt 0.343569994 0.393424988
vt 0.343513995 0.393451005
vt 0.343560994 0.393510014
vt 0.348123997 0.397460014
vt 0.348145008 0.397448003
vt 0.348057002 0.397372007
vt 0.363409013 0.904515028
vt 0.363426 0.90455699
vt 0.363427013 0.90447098
vt 0.364897996 0.90319699
vt 0.364894003 0.90317601
vt 0.364872009 0.903198004
vt 0.347669005 0.393824011
vt 0.347597003 0.393826008
vt 0.347633988 0.393844992
vt 0.346298009 0.395381004
vt 0.346282005 0.395379007
vt 0.346300989 0.395433992
vt 0.343834996 0.393530995
vt 0.343816012 0.393516988
vt 0.343784988 0.393572986
vt 0.319507003 0.402772009
vt 0.319530994 0.402835995
vt 0.319541007 0.402740002
vt 0.346340001 0.395117998
vt 0.346341997 0.394966006
vt 0.34631601 0.394977987
vt 0.346929997 0.390069008
vt 0.34693101 0.39012301
vt 0.346985012 0.390096992
vt 0.343757987 0.393664002
vt 0.343737006 0.393640995
vt 0.343708009 0.393712014
vt 0.344361991 0.390605003
vt 0.344440013 0.390578985
vt 0.344428986 0.390561014
vt 0.34552601 0.394535005
vt 0.345517009 0.394551992
vt 0.345609009 0.394553006
vt 0.364863992 0.903011978
vt 0.364957988 0.902990997
vt 0.364881992 0.902997017
vt 0.346287996 0.395130008
vt 0.346275985 0.395045012
vt 0.346266001 0.395164996
vt 0.343809992 0.39398101
vt 0.343834013 0.394066989
vt 0.343872994 0.393956006
vt 0.345577002 0.394652009
vt 0.345609009 0.394553006
vt 0.345517009 0.394551992
vt 0.346287012 0.39527899
vt 0.346255988 0.395274997
vt 0.346260995 0.395314008
vt 0.316781998 0.400947988
vt 0.316769004 0.400920987
vt 0.316749007 0.400920004
vt 0.342216998 0.393146992
vt 0.342224002 0.393148005
vt 0.342229009 0.393137991
vt 0.367853999 0.90813899
vt 0.367830008 0.908169985
vt 0.367844999 0.908168018
vt 0.342501014 0.396551996
vt 0.346832991 0.392322004
vt 0.342507988 0.39656201
vt 0.342216998 0.393146992
vt 0.342191994 0.39309001
vt 0.342198014 0.393146992
vt 0.342198014 0.393146992
vt 0.342141002 0.393413991
vt 0.342177987 0.393381
vt 0.363056988 0.904735982
vt 0.363031 0.904583991
vt 0.363020003 0.904592991
vt 0.346340001 0.395117998
vt 0.346345007 0.39518699
vt 0.346376985 0.395188987
vt 0.346154988 0.395332009
vt 0.346260995 0.395314008
vt 0.346255988 0.395274997
vt 0.346161008 0.395402998
vt 0.346257001 0.395386994
vt 0.346260995 0.395314008
vt 0.345643014 0.394706011
vt 0.345595002 0.394717008
vt 0.345674008 0.394793004
vt 0.341621995 0.393088013
vt 0.341600001 0.392910004
vt 0.341522008 0.393070012
vt 0.342588991 0.398611993
vt 0.342584997 0.398525
vt 0.342572004 0.398530006
vt 0.344478995 0.390617996
vt 0.34454 0.390632004
vt 0.34453401 0.39061299
vt 0.365087986 0.902855992
vt 0.365056008 0.90278399
vt 0.365040004 0.902872026
vt 0.343594998 0.394019991
vt 0.343625993 0.394050986
vt 0.343656987 0.394055009
vt 0.348661005 0.397897989
vt 0.348594993 0.397870004
vt 0.348625988 0.398023009
vt 0.364385009 0.906504989
vt 0.364445001 0.906507015
vt 0.364394993 0.906484008
vt 0.345955014 0.394434005
vt 0.345979005 0.394454002
vt 0.346044004 0.394425988
vt 0.363104999 0.904649973
vt 0.363056988 0.904608011
vt 0.363090992 0.904736996
vt 0.343659997 0.39369899
vt 0.343625009 0.393763006
vt 0.343710989 0.393792987
vt 0.341277003 0.398633003
vt 0.341277003 0.398689985
vt 0.341293991 0.398678005
vt 0.347382993 0.399982989
vt 0.347357988 0.399962008
vt 0.347357005 0.399991989
vt 0.367960006 0.908560991
vt 0.36796701 0.908583999
vt 0.367965996 0.908553004
vt 0.342902988 0.398063987
vt 0.342886001 0.398023993
vt 0.342866987 0.398075014
vt 0.346915007 0.390204012
vt 0.346827 0.390199006
vt 0.34690699 0.39022699
vt 0.344152004 0.390671998
vt 0.344139993 0.390592009
vt 0.344078988 0.390610009
vt 0.344186991 0.390684992
vt 0.344226003 0.390576005
vt 0.344139993 0.390592009
vt 0.346105009 0.396573991
vt 0.346091002 0.396560013
vt 0.346096992 0.396573007
vt 0.344379991 0.390358001
vt 0.344273001 0.390395999
vt 0.344307005 0.390482992
vt 0.344168991 0.390439987
vt 0.344175994 0.39052099
vt 0.343782991 0.395758986
vt 0.343762994 0.395709991
vt 0.343726993 0.395779997
vt 0.343782991 0.395758986
vt 0.343784988 0.395787001
vt 0.343223989 0.395146012
vt 0.343259007 0.395188987
vt 0.343243986 0.395126998
vt 0.343625009 0.393763006
vt 0.343679994 0.393866003
vt 0.343710989 0.393792987
vt 0.346347004 0.395220011
vt 0.346359015 0.395220011
vt 0.346345007 0.39518699
vt 0.347961009 0.392517
vt 0.347977996 0.392522991
vt 0.347968996 0.392484009
vt 0.344675004 0.390289992
vt 0.34473899 0.390302986
vt 0.344734997 0.390175015
vt 0.34473899 0.390302986
vt 0.344675004 0.390289992
vt 0.344678015 0.390372992
vt 0.340882003 0.394362003
vt 0.346376002 0.394822001
vt 0.346365988 0.394865006
vt 0.341944009 0.392628014
vt 0.341928989 0.392637998
vt 0.341924995 0.392679006
vt 0.346300989 0.395433992
vt 0.346273988 0.395428985
vt 0.346289992 0.395437002
vt 0.347519994 0.396504015
vt 0.348127007 0.397547007
vt 0.348100007 0.397543013
vt 0.342958987 0.398422986
vt 0.343062013 0.398373008
vt 0.342963994 0.398404002
vt 0.345272005 0.396966994
vt 0.346390009 0.395107001
vt 0.346376985 0.395188987
vt 0.346266001 0.395164996
vt 0.346305013 0.395204991
vt 0.346287996 0.395130008
vt 0.344413012 0.390644997
vt 0.344361991 0.390605003
vt 0.344327986 0.390680999
vt 0.346864998 0.392049998
vt 0.346845001 0.392134011
vt 0.346881986 0.392132014
vt 0.346816003 0.391972005
vt 0.346828014 0.392051995
vt 0.346848994 0.391961008
vt 0.346861005 0.392026007
vt 0.344978005 0.397540987
vt 0.346864998 0.392049998
vt 0.344909012 0.397491008
vt 0.341991991 0.393216014
vt 0.341856003 0.393186003
vt 0.341802001 0.393384993
vt 0.364479989 0.906636
vt 0.364515007 0.906608999
vt 0.364455014 0.906630993
vt 0.344666988 0.390478998
vt 0.344608009 0.39044401
vt 0.344603002 0.390549988
vt 0.342191994 0.392625988
vt 0.342101008 0.392668009
vt 0.342200011 0.392666012
vt 0.34118399 0.398683012
vt 0.341210991 0.398689985
vt 0.341210991 0.39863801
vt 0.346964985 0.392340988
vt 0.346953988 0.392293006
vt 0.346890002 0.392307013
vt 0.364924014 0.902850986
vt 0.364863008 0.902777016
vt 0.364850014 0.902876973
vt 0.346298993 0.395280987
vt 0.346307009 0.395262003
vt 0.346287012 0.39527899
vt 0.346374989 0.395334005
vt 0.346374005 0.395258993
vt 0.346356004 0.395341009
vt 0.347164989 0.398501992
vt 0.347108006 0.398460001
vt 0.34710601 0.398490995
vt 0.346994013 0.392273009
vt 0.346976012 0.392188013
vt 0.346911997 0.392206997
vt 0.364151001 0.906184018
vt 0.36412701 0.906153977
vt 0.36412099 0.906194985
vt 0.364867002 0.903174996
vt 0.364831001 0.903141022
vt 0.364814013 0.90317899
vt 0.344871014 0.397500008
vt 0.345272005 0.396966994
vt 0.344926 0.39756301
vt 0.344657004 0.390543014
vt 0.344734997 0.390484989
vt 0.344666988 0.390478998
vt 0.344291002 0.390251011
vt 0.344379991 0.390358001
vt 0.344453007 0.390204012
vt 0.346141011 0.395247996
vt 0.346127987 0.395153999
vt 0.346130013 0.395177007
vt 0.345593989 0.394661009
vt 0.345643014 0.394706011
vt 0.34563601 0.394659996
vt 0.344637007 0.390908003
vt 0.342227012 0.392646998
vt 0.344707996 0.390872002
vt 0.349251986 0.39330399
vt 0.349249005 0.393352002
vt 0.349256992 0.393366992
vt 0.347360998 0.400003999
vt 0.347429007 0.400047988
vt 0.347382993 0.399982989
vt 0.348670006 0.398010999
vt 0.348661005 0.397897989
vt 0.348645985 0.398023009
vt 0.346161008 0.395402998
vt 0.345578998 0.394721001
vt 0.345595986 0.394814014
vt 0.347770005 0.393727988
vt 0.347770989 0.393896013
vt 0.347772002 0.393725008
vt 0.341614991 0.393227011
vt 0.341547012 0.393292993
vt 0.341627985 0.393361002
vt 0.346803993 0.390231997
vt 0.346886009 0.390275002
vt 0.346827 0.390199006
vt 0.341807008 0.392780006
vt 0.341787994 0.392888993
vt 0.341888011 0.392829001
vt 0.345674008 0.394793004
vt 0.346161008 0.395402998
vt 0.345667988 0.394802988
vt 0.342992008 0.398005009
vt 0.342936009 0.397969007
vt 0.342940003 0.398027003
vt 0.343589008 0.396014988
vt 0.343542993 0.395942003
vt 0.343214989 0.395264
vt 0.309655994 0.395707995
vt 0.309756994 0.395731986
vt 0.309657007 0.395702004
vt 0.344678015 0.390046
vt 0.344671011 0.390150011
vt 0.344731987 0.390134007
vt 0.363270998 0.904533029
vt 0.363368988 0.904515028
vt 0.363343 0.904464006
vt 0.366237998 0.906045973
vt 0.364511013 0.905232012
vt 0.364500999 0.905281007
vt 0.341663003 0.393213987
vt 0.341711015 0.393216997
vt 0.341722995 0.393092006
vt 0.342144012 0.392930001
vt 0.342018992 0.392980009
vt 0.342040002 0.393034995
vt 0.341746002 0.392964005
vt 0.34178099 0.393025994
vt 0.341800988 0.392969996
vt 0.364573002 0.90526998
vt 0.366237998 0.906045973
vt 0.364542007 0.905309975
vt 0.344507009 0.39072299
vt 0.344388008 0.390834987
vt 0.344451994 0.390807986
vt 0.342173994 0.392881006
vt 0.342209011 0.39298299
vt 0.342218995 0.392868996
vt 0.346976012 0.390309989
vt 0.346886009 0.390275002
vt 0.346902013 0.390442997
vt 0.346886009 0.390275002
vt 0.346803993 0.390231997
vt 0.363389999 0.904402971
vt 0.363350987 0.904406011
vt 0.363415986 0.904413998
vt 0.365323007 0.90775001
vt 0.365318 0.907693028
vt 0.365292013 0.907706022
vt 0.343787014 0.395805001
vt 0.343780011 0.395835012
vt 0.343793005 0.395823002
vt 0.363061994 0.904591024
vt 0.363081008 0.904549003
vt 0.363056988 0.904586971
vt 0.346911997 0.392206997
vt 0.346929014 0.392120987
vt 0.346881986 0.392132014
vt 0.346861005 0.390502006
vt 0.346985996 0.390473008
vt 0.346897006 0.390446007
vt 0.343621999 0.394059002
vt 0.343602002 0.394089997
vt 0.34364301 0.394086987
vt 0.343602002 0.394089997
vt 0.343594015 0.394185007
vt 0.34364301 0.394086987
vt 0.341802001 0.393384993
vt 0.341742992 0.393231004
vt 0.341740996 0.393413991
vt 0.344507992 0.390275002
vt 0.344570994 0.390260994
vt 0.344565004 0.390222996
vt 0.343234986 0.395105004
vt 0.343187004 0.395033002
vt 0.343223989 0.395146012
vt 0.364739001 0.902875006
vt 0.364746004 0.902886987
vt 0.364778012 0.90289098
vt 0.347463995 0.396723002
vt 0.347510993 0.396663994
vt 0.347476006 0.39667201
vt 0.365918994 0.905687988
vt 0.365873009 0.905691028
vt 0.365924001 0.905695021
vt 0.347723991 0.393904001
vt 0.347768009 0.393987
vt 0.347770005 0.393887997
vt 0.344549 0.390388012
vt 0.344507992 0.390275002
vt 0.344482005 0.390365005
vt 0.341722995 0.393092006
vt 0.341742992 0.393231004
vt 0.341785997 0.393054008
vt 0.343508989 0.394171
vt 0.343430012 0.394107997
vt 0.343401015 0.394154012
vt 0.347245008 0.397404999
vt 0.347305 0.397305012
vt 0.347256988 0.397311985
vt 0.341991991 0.393216014
vt 0.342141002 0.393413991
vt 0.342090994 0.39320901
vt 0.344615012 0.390446991
vt 0.344660014 0.390392005
vt 0.344621986 0.390365005
vt 0.34454301 0.390433997
vt 0.344601005 0.390464008
vt 0.344384998 0.390168995
vt 0.344325006 0.390123993
vt 0.344318986 0.390190989
vt 0.344563991 0.390204996
vt 0.344617993 0.390208989
vt 0.344604999 0.390202999
vt 0.343816012 0.393516988
vt 0.343834996 0.393530995
vt 0.343851 0.393527001
vt 0.345710009 0.394645989
vt 0.34571901 0.394681007
vt 0.345766991 0.394654006
vt 0.34563601 0.394659996
vt 0.345710009 0.394645989
vt 0.345692992 0.394544989
vt 0.341802001 0.393384993
vt 0.341836989 0.393182009
vt 0.341742992 0.393231004
vt 0.346942991 0.392037988
vt 0.346947014 0.392055988
vt 0.346973002 0.392075986
vt 0.34454599 0.390675992
vt 0.344384998 0.390780985
vt 0.344381005 0.390825003
vt 0.343737006 0.393640995
vt 0.343643993 0.393687993
vt 0.343708009 0.393712014
vt 0.364160001 0.905394018
vt 0.364181012 0.905409992
vt 0.364190996 0.905332983
vt 0.347667992 0.394042999
vt 0.347669989 0.393990993
vt 0.347579986 0.393981993
vt 0.366632998 0.902972996
vt 0.366708994 0.902966976
vt 0.366636008 0.902949989
vt 0.345607996 0.394504011
vt 0.345692992 0.394501001
vt 0.345674992 0.394423991
vt 0.363272995 0.904416978
vt 0.363292992 0.904371023
vt 0.363260001 0.904397011
vt 0.346976012 0.392188013
vt 0.346929014 0.392120987
vt 0.346911997 0.392206997
vt 0.342094004 0.392682999
vt 0.341987014 0.392701
vt 0.342088014 0.39269501
vt 0.34690699 0.391965002
vt 0.346848994 0.391961008
vt 0.346861005 0.392026007
vt 0.34454 0.390632004
vt 0.344545007 0.390675992
vt 0.344612002 0.390679985
vt 0.344226003 0.390576005
vt 0.344318002 0.390570015
vt 0.344307005 0.390482992
vt 0.346161008 0.395402998
vt 0.346154988 0.395332009
vt 0.346150011 0.395345002
vt 0.344305009 0.390861005
vt 0.344336003 0.390828013
vt 0.344330996 0.390801013
vt 0.344305009 0.390861005
vt 0.344296992 0.390827
vt 0.344276011 0.390863001
vt 0.363442987 0.904523015
vt 0.363444 0.904538989
vt 0.363447994 0.904453993
vt 0.342200011 0.392666012
vt 0.342209995 0.392686993
vt 0.342216998 0.392672986
vt 0.342171997 0.392690986
vt 0.342186004 0.392749012
vt 0.342209995 0.39270699
vt 0.344561994 0.398645997
vt 0.344550997 0.398656994
vt 0.344554991 0.398683995
vt 0.341975003 0.39280799
vt 0.341910988 0.392825991
vt 0.342000008 0.392897993
vt 0.345710009 0.394645989
vt 0.345766991 0.394654006
vt 0.345759988 0.394553989
vt 0.345883995 0.394198
vt 0.345871001 0.39419201
vt 0.345820993 0.394270003
vt 0.344583988 0.390576005
vt 0.344502985 0.390581995
vt 0.344556004 0.390610009
vt 0.364576995 0.905001998
vt 0.364564002 0.904990017
vt 0.36453101 0.905009985
vt 0.347728997 0.393741012
vt 0.347701997 0.393716007
vt 0.347683996 0.393808991
vt 0.347510993 0.396663994
vt 0.347530007 0.396600991
vt 0.347505987 0.396595001
vt 0.345647991 0.394134998
vt 0.345710009 0.394163996
vt 0.345658004 0.394131005
vt 0.347582012 0.393920988
vt 0.347550988 0.393911004
vt 0.347544014 0.393976003
vt 0.346911997 0.392206997
vt 0.346875995 0.392219007
vt 0.346890002 0.392307013
vt 0.347779989 0.394068003
vt 0.347768009 0.393987
vt 0.347757995 0.394053012
vt 0.343834013 0.394066989
vt 0.343757987 0.394131988
vt 0.343784988 0.394158989
vt 0.346848994 0.391961008
vt 0.346866995 0.391903013
vt 0.346837997 0.391900003
vt 0.344666988 0.390680999
vt 0.344718009 0.390693992
vt 0.344731003 0.390684009
vt 0.345748007 0.394445002
vt 0.345755011 0.394474
vt 0.345820993 0.394470006
vt 0.343492001 0.393790007
vt 0.343511999 0.393736988
vt 0.343427986 0.393667012
vt 0.343710989 0.393792987
vt 0.343679994 0.393866003
vt 0.343712002 0.393862009
vt 0.343400002 0.394156009
vt 0.343409002 0.394221008
vt 0.343490988 0.394205987
vt 0.345748007 0.394445002
vt 0.345802993 0.394414991
vt 0.345730007 0.394401014
vt 0.366667986 0.902760983
vt 0.366652995 0.902794003
vt 0.366715014 0.902818024
vt 0.311506987 0.396669
vt 0.316713005 0.400878996
vt 0.316652 0.400945008
vt 0.344381005 0.390825003
vt 0.344507009 0.39072299
vt 0.344541013 0.390673012
vt 0.346708 0.398674011
vt 0.346740007 0.398654997
vt 0.346691012 0.39863199
vt 0.344247997 0.390689999
vt 0.344292015 0.390592009
vt 0.344226003 0.390576005
vt 0.342207998 0.392830998
vt 0.342173994 0.392881006
vt 0.342209011 0.392863005
vt 0.341897011 0.392737001
vt 0.341821998 0.392666996
vt 0.341816992 0.39271301
vt 0.347283006 0.397255003
vt 0.347256988 0.397311985
vt 0.347305 0.397305012
vt 0.347003013 0.392320991
vt 0.346994013 0.392273009
vt 0.346964985 0.392340988
vt 0.344247997 0.390689999
vt 0.344168007 0.390754014
vt 0.344177008 0.390767992
vt 0.364733011 0.902791023
vt 0.364688993 0.902871013
vt 0.364739001 0.902875006
vt 0.343659997 0.395792991
vt 0.343614995 0.395787001
vt 0.343677014 0.395817995
vt 0.341800004 0.393043011
vt 0.34185499 0.393052012
vt 0.341820002 0.392987013
vt 0.365074009 0.908573985
vt 0.365072995 0.908555984
vt 0.365051001 0.908554018
vt 0.346087009 0.396730006
vt 0.34611401 0.396721989
vt 0.34611699 0.39666
vt 0.344226003 0.390576005
vt 0.344175994 0.39052099
vt 0.344139993 0.390592009
vt 0.344590992 0.390563995
vt 0.344603002 0.390549988
vt 0.344549 0.390428007
vt 0.365714997 0.905731976
vt 0.365772009 0.905745029
vt 0.365770996 0.905710995
vt 0.342132002 0.393115997
vt 0.342198014 0.393146992
vt 0.342191994 0.39309001
vt 0.343479991 0.393808007
vt 0.343403012 0.393788993
vt 0.343398988 0.393795013
vt 0.344105005 0.390444994
vt 0.344074011 0.390459001
vt 0.344090998 0.390462011
vt 0.343385994 0.393770993
vt 0.343371004 0.393709004
vt 0.343365997 0.393712014
vt 0.343387991 0.393795997
vt 0.343461007 0.393867999
vt 0.343398988 0.393795013
vt 0.346287996 0.395130008
vt 0.346305013 0.395204991
vt 0.346345007 0.39518699
vt 0.344096988 0.390468001
vt 0.344074994 0.390502989
vt 0.344175994 0.39052099
vt 0.346805006 0.390464008
vt 0.346861005 0.390502006
vt 0.346895993 0.390446991
vt 0.341742992 0.393231004
vt 0.341722995 0.393092006
vt 0.341711015 0.393216997
vt 0.365875989 0.905745983
vt 0.365920991 0.905739009
vt 0.365920991 0.905712008
vt 0.343737006 0.393640995
vt 0.343757004 0.393590987
vt 0.343744993 0.393579006
vt 0.343427986 0.393667012
vt 0.343511999 0.393736988
vt 0.34344399 0.393581986
vt 0.344397008 0.390125006
vt 0.344451994 0.390181005
vt 0.344448 0.390089005
vt 0.346237004 0.395071
vt 0.346260995 0.395025998
vt 0.346186996 0.394998014
vt 0.343602985 0.393581986
vt 0.343513012 0.393543988
vt 0.343567997 0.39368099
vt 0.347357988 0.399962008
vt 0.347057015 0.398056
vt 0.347339988 0.400000989
vt 0.346929014 0.392120987
vt 0.346937001 0.392060995
vt 0.346864998 0.392049998
vt 0.341861993 0.392551005
vt 0.341850013 0.392594993
vt 0.341908991 0.392592996
vt 0.347357988 0.399901986
vt 0.347425014 0.399904996
vt 0.347409993 0.399812996
vt 0.365922987 0.905798972
vt 0.365922004 0.905743003
vt 0.365875989 0.905745983
vt 0.344292015 0.390592009
vt 0.344314992 0.39073199
vt 0.344327986 0.390680999
vt 0.365951002 0.905493021
vt 0.36591801 0.905485988
vt 0.365882009 0.90554601
vt 0.365817994 0.90565598
vt 0.365839988 0.905552983
vt 0.36580199 0.905550003
vt 0.345530003 0.394281
vt 0.345600992 0.394425005
vt 0.345573008 0.394266993
vt 0.344496995 0.390572011
vt 0.344480008 0.390565008
vt 0.344440013 0.390578985
vt 0.36591801 0.905550003
vt 0.365906 0.90565002
vt 0.365949005 0.905633986
vt 0.345820993 0.394270003
vt 0.34591499 0.394349009
vt 0.345923007 0.394264996
vt 0.346287996 0.395130008
vt 0.34631601 0.394977987
vt 0.346275985 0.395045012
vt 0.346792012 0.390478998
vt 0.346848994 0.39052701
vt 0.346861005 0.390502006
vt 0.364576995 0.905345976
vt 0.364573985 0.905332983
vt 0.364547998 0.905409992
vt 0.364576995 0.905345976
vt 0.364560992 0.905417025
vt 0.319496989 0.402864993
vt 0.319507003 0.402772009
vt 0.319485009 0.402801991
vt 0.364930004 0.903180003
vt 0.364937007 0.90319699
vt 0.364939004 0.903186023
vt 0.344675004 0.390289992
vt 0.344621986 0.390271008
vt 0.344621986 0.390365005
vt 0.365029007 0.903182983
vt 0.365009993 0.903141975
vt 0.365011007 0.903154016
vt 0.341744006 0.392866999
vt 0.341755986 0.392951995
vt 0.341787994 0.392888993
vt 0.341751993 0.39271
vt 0.341746002 0.392785013
vt 0.341807008 0.392780006
vt 0.344521999 0.390879005
vt 0.344520986 0.390848011
vt 0.344433993 0.390850008
vt 0.347671002 0.393923998
vt 0.347716004 0.393920004
vt 0.347705007 0.393911004
vt 0.344599009 0.390720993
vt 0.344668001 0.390742987
vt 0.344666988 0.390680999
vt 0.341915995 0.392940015
vt 0.341787994 0.392888993
vt 0.341809988 0.392962009
vt 0.344388008 0.390834987
vt 0.344401985 0.390843987
vt 0.344451994 0.390807986
vt 0.346415997 0.395336002
vt 0.346385002 0.395343006
vt 0.346394002 0.395397007
vt 0.341731995 0.392848015
vt 0.341746002 0.392785013
vt 0.341708004 0.392820001
vt 0.343510002 0.39410001
vt 0.343593001 0.394068003
vt 0.343571991 0.394012988
vt 0.367258996 0.905180991
vt 0.367235005 0.905184984
vt 0.367262989 0.905286014
vt 0.344244987 0.390778989
vt 0.344177008 0.390767992
vt 0.344177991 0.390812993
vt 0.316718996 0.400965989
vt 0.316749007 0.400920004
vt 0.316713005 0.400878996
vt 0.343602002 0.394089997
vt 0.343510002 0.39410001
vt 0.343560994 0.394143999
vt 0.341850013 0.392594993
vt 0.341917992 0.392619997
vt 0.341908991 0.392592996
vt 0.34493199 0.398391992
vt 0.34493199 0.39823401
vt 0.344855011 0.398245007
vt 0.341614991 0.393227011
vt 0.341627985 0.393361002
vt 0.341659993 0.393348992
vt 0.364946991 0.903048992
vt 0.364966005 0.903002977
vt 0.364912003 0.903020978
vt 0.343602985 0.393581986
vt 0.343611002 0.393577993
vt 0.343560994 0.393510014
vt 0.342144012 0.392930001
vt 0.342224002 0.393056005
vt 0.342173994 0.392881006
vt 0.344626993 0.390893012
vt 0.344549 0.390890002
vt 0.34454 0.390890986
vt 0.344309986 0.390747994
vt 0.344314992 0.39073199
vt 0.344247997 0.390689999
vt 0.344381005 0.390825003
vt 0.344384998 0.390780985
vt 0.344330996 0.390801013
vt 0.364387989 0.904986978
vt 0.364445001 0.906507015
vt 0.364394009 0.904932976
vt 0.342018992 0.392980009
vt 0.342144012 0.392930001
vt 0.342000008 0.392897993
vt 0.342130989 0.392794013
vt 0.342000008 0.392897993
vt 0.347874999 0.400664985
vt 0.347853988 0.400568992
vt 0.34781301 0.400543988
vt 0.34771201 0.394059002
vt 0.347746015 0.394064009
vt 0.347757995 0.394053012
vt 0.364358991 0.905026019
vt 0.364291012 0.905026019
vt 0.364326 0.905049026
vt 0.344599009 0.390720993
vt 0.344612002 0.390679985
vt 0.34454599 0.390675992
vt 0.364354014 0.906503975
vt 0.364331007 0.906515002
vt 0.364347994 0.906526983
vt 0.343602002 0.393453985
vt 0.343611002 0.393375993
vt 0.34356901 0.393409014
vt 0.364776999 0.902906001
vt 0.364739001 0.902926028
vt 0.364784002 0.902962983
vt 0.365842015 0.905840993
vt 0.365848005 0.905833006
vt 0.365790009 0.905818999
vt 0.347597003 0.393826008
vt 0.347669005 0.393824011
vt 0.347683996 0.393808991
vt 0.347683996 0.393808991
vt 0.347723991 0.393904001
vt 0.347770005 0.393887997
vt 0.346875995 0.392219007
vt 0.346827 0.392223001
vt 0.346841991 0.39231801
vt 0.343674988 0.393916011
vt 0.343739003 0.393949002
vt 0.343712002 0.393862009
vt 0.319496989 0.402864993
vt 0.319501013 0.402920008
vt 0.319521993 0.402929991
vt 0.346282005 0.395379007
vt 0.346284986 0.395321012
vt 0.346260995 0.395314008
vt 0.367410988 0.904393971
vt 0.36739701 0.904389977
vt 0.367392987 0.904434025
vt 0.365128011 0.902980983
vt 0.365170985 0.902997971
vt 0.365171999 0.902951002
vt 0.366926998 0.907608986
vt 0.366941988 0.90764302
vt 0.366953999 0.907603979
vt 0.344675988 0.390834987
vt 0.344655991 0.390870005
vt 0.344707996 0.390872002
vt 0.343576014 0.396093994
vt 0.343589008 0.396014988
vt 0.343214989 0.395264
vt 0.346928 0.390147001
vt 0.346915007 0.390204012
vt 0.347000003 0.390197009
vt 0.344361991 0.390605003
vt 0.344428986 0.390561014
vt 0.344292015 0.390592009
vt 0.364881992 0.902997017
vt 0.364957988 0.902990997
vt 0.364924997 0.902921021
vt 0.344292015 0.390592009
vt 0.344318002 0.390570015
vt 0.344226003 0.390576005
vt 0.346368015 0.397927999
vt 0.346334994 0.397926986
vt 0.346343994 0.398005992
vt 0.364982009 0.903034985
vt 0.364993006 0.903029978
vt 0.36500901 0.903006017
vt 0.346917987 0.39844501
vt 0.346933991 0.398490995
vt 0.346933991 0.398414999
vt 0.342005014 0.392636001
vt 0.342009008 0.392677993
vt 0.342090994 0.392657012
vt 0.343809992 0.39398101
vt 0.343872994 0.393956006
vt 0.343825012 0.393923014
vt 0.364890009 0.903155982
vt 0.364901006 0.903137028
vt 0.364885002 0.903127015
vt 0.345609009 0.394553006
vt 0.345692992 0.394544989
vt 0.345692992 0.394501001
vt 0.346379995 0.397825003
vt 0.346352994 0.397792995
vt 0.346356004 0.397837013
vt 0.347954005 0.392461985
vt 0.347961009 0.392517
vt 0.347965002 0.392482996
vt 0.366640002 0.903917015
vt 0.366627991 0.903957009
vt 0.366667002 0.90395999
vt 0.365056008 0.90278399
vt 0.365013003 0.902794003
vt 0.365040004 0.902872026
vt 0.342130989 0.392794013
vt 0.342144012 0.392930001
vt 0.342173994 0.392881006
vt 0.344675988 0.390834987
vt 0.344718993 0.390843987
vt 0.34472701 0.390744001
vt 0.341948003 0.393016011
vt 0.341966987 0.393106014
vt 0.342040002 0.393034995
vt 0.342985988 0.398618996
vt 0.343115985 0.398550004
vt 0.342997015 0.398492008
vt 0.347961009 0.392517
vt 0.347943008 0.392526001
vt 0.347965002 0.39258799
vt 0.34346199 0.393510997
vt 0.343560994 0.393510014
vt 0.343513995 0.393451005
vt 0.348625988 0.398023009
vt 0.348614007 0.398065001
vt 0.348645985 0.398023009
vt 0.364445001 0.906507015
vt 0.364497989 0.906543016
vt 0.364500999 0.906499982
vt 0.346096992 0.396573007
vt 0.346085995 0.396620005
vt 0.346098989 0.396618009
vt 0.34149 0.398624003
vt 0.34149 0.398689985
vt 0.341506004 0.398644
vt 0.342099994 0.392610997
vt 0.342155993 0.392607987
vt 0.342117995 0.392591
vt 0.343679994 0.395709008
vt 0.343614995 0.395787001
vt 0.343672007 0.395783007
vt 0.343659997 0.395792991
vt 0.343672007 0.395783007
vt 0.341636002 0.392870009
vt 0.341674 0.392904997
vt 0.341657013 0.392879009
vt 0.342198014 0.393146992
vt 0.342177987 0.393381
vt 0.342216998 0.393146992
vt 0.348127007 0.397547007
vt 0.348141015 0.397505999
vt 0.348127007 0.397505999
vt 0.345541 0.394506991
vt 0.345607996 0.394504011
vt 0.345600992 0.394425005
vt 0.342902988 0.398063987
vt 0.342940003 0.398027003
vt 0.342886001 0.398023993
vt 0.364347011 0.906481028
vt 0.364354014 0.906503975
vt 0.364367992 0.906491995
vt 0.363011986 0.904594004
vt 0.363056988 0.904735982
vt 0.363020003 0.904592991
vt 0.343659997 0.393934011
vt 0.343719006 0.393943995
vt 0.343679011 0.393929005
vt 0.343764991 0.393509001
vt 0.343755007 0.393554986
vt 0.343778998 0.393523991
vt 0.364338011 0.906852007
vt 0.364376009 0.906817019
vt 0.36433199 0.90684098
vt 0.366194993 0.906176984
vt 0.366209 0.906116009
vt 0.366205007 0.906103015
vt 0.341657996 0.393225998
vt 0.341711015 0.393216997
vt 0.341663003 0.393213987
vt 0.34593001 0.39437899
vt 0.345934987 0.39436999
vt 0.34591499 0.394349009
vt 0.345928013 0.394614995
vt 0.345955014 0.394524992
vt 0.345826 0.394549012
vt 0.345755011 0.394474
vt 0.345692992 0.394501001
vt 0.345750004 0.394508988
vt 0.346388996 0.39496401
vt 0.346421003 0.395004988
vt 0.346426994 0.394951999
vt 0.366254985 0.906031013
vt 0.366266996 0.905964971
vt 0.366237998 0.906045973
vt 0.344668001 0.390742987
vt 0.344653994 0.39083299
vt 0.344675988 0.390834987
vt 0.344397992 0.390859991
vt 0.344521999 0.390879005
vt 0.344424009 0.390854001
vt 0.346875995 0.392219007
vt 0.346845001 0.392134011
vt 0.346827 0.392223001
vt 0.344678015 0.390166998
vt 0.344734997 0.390175015
vt 0.344731987 0.390134007
vt 0.347961009 0.392517
vt 0.347954005 0.392461985
vt 0.347932011 0.392471999
vt 0.364504993 0.905134022
vt 0.36453101 0.905104995
vt 0.364508003 0.905085027
vt 0.346289009 0.395247996
vt 0.346255988 0.395274997
vt 0.346284986 0.395251989
vt 0.344642997 0.39061299
vt 0.344666988 0.390680999
vt 0.344675004 0.390599012
vt 0.343809009 0.393624991
vt 0.343802005 0.393671989
vt 0.343825996 0.393676013
vt 0.345802993 0.394414991
vt 0.345820993 0.394270003
vt 0.345768005 0.394264996
vt 0.345741004 0.39468801
vt 0.345827997 0.394758999
vt 0.345818013 0.394683987
vt 0.342216998 0.393146992
vt 0.342247993 0.393265009
vt 0.342224002 0.393148005
vt 0.343780011 0.393808991
vt 0.343735009 0.393797994
vt 0.343712002 0.393862009
vt 0.345530003 0.394281
vt 0.345573008 0.394266993
vt 0.345587999 0.394125015
vt 0.343676001 0.395880997
vt 0.343737006 0.395844012
vt 0.343701988 0.395828992
vt 0.343614995 0.393918008
vt 0.343634009 0.393911988
vt 0.34356001 0.393819988
vt 0.36719501 0.905310988
vt 0.367134005 0.905309021
vt 0.367132008 0.905350983
vt 0.345587999 0.394125015
vt 0.345647991 0.394134998
vt 0.345634997 0.394125015
vt 0.311444998 0.397105992
vt 0.311446011 0.397101998
vt 0.311437994 0.397091001
vt 0.311529994 0.398838013
vt 0.311542004 0.398844004
vt 0.311545014 0.398831993
vt 0.312472999 0.39360401
vt 0.312483013 0.393599004
vt 0.312478006 0.393590987
vt 0.312009007 0.393819988
vt 0.311331987 0.396504015
vt 0.31199801 0.393819004
vt 0.312550008 0.393745989
vt 0.312561005 0.393743008
vt 0.312563002 0.393736988
vt 0.312207997 0.393824995
vt 0.312220991 0.39380601
vt 0.312206 0.393817008
vt 0.312469989 0.393631995
vt 0.312483013 0.393613011
vt 0.312474996 0.393620998
vt 0.312148005 0.393786013
vt 0.312146991 0.393785
vt 0.312142015 0.393801004
vt 0.311491996 0.396986991
vt 0.311511993 0.396982014
vt 0.311500996 0.396977991
vt 0.311535001 0.398871005
vt 0.311549008 0.398858011
vt 0.311540991 0.398847014
vt 0.312184006 0.393815994
vt 0.312195987 0.393817008
vt 0.312178999 0.393799007
vt 0.365078002 0.902993023
vt 0.365078002 0.902993023
vt 0.365069985 0.902993023
vt 0.312184006 0.393905997
vt 0.312191993 0.393898994
vt 0.312177002 0.393896013
vt 0.312424004 0.393629998
vt 0.312420011 0.393633991
vt 0.312426001 0.393635988
vt 0.312485009 0.393611997
vt 0.312498003 0.393615991
vt 0.312496006 0.393606007
vt 0.309812993 0.395689011
vt 0.309825003 0.395691007
vt 0.309816986 0.395689994
vt 0.311071992 0.397998989
vt 0.311075002 0.397987008
vt 0.311073989 0.397987992
vt 0.311506003 0.398860991
vt 0.311518997 0.398853004
vt 0.311502993 0.398847014
vt 0.311329991 0.396934986
vt 0.311322987 0.396919996
vt 0.311322987 0.396928996
vt 0.311421007 0.399078012
vt 0.311423987 0.399073005
vt 0.311421007 0.399067998
vt 0.311408013 0.399147004
vt 0.311417997 0.399147004
vt 0.311410993 0.399145007
vt 0.311165005 0.397179008
vt 0.311226994 0.397195995
vt 0.311219007 0.397188991
vt 0.311587006 0.396607995
vt 0.311569989 0.396609992
vt 0.311578989 0.396618009
vt 0.311401993 0.396477997
vt 0.311996996 0.393871009
vt 0.311392009 0.396465987
vt 0.310041994 0.395740002
vt 0.310054004 0.395736992
vt 0.310052007 0.395736992
vt 0.312384993 0.40169701
vt 0.312382996 0.401710004
vt 0.312393993 0.401699007
vt 0.309935004 0.395651013
vt 0.309949994 0.395644009
vt 0.309938014 0.395639002
vt 0.313766986 0.397422999
vt 0.313762009 0.397431999
vt 0.313773006 0.397430003
vt 0.314772993 0.395103991
vt 0.314779013 0.395108998
vt 0.31477499 0.395090997
vt 0.311930001 0.393521011
vt 0.311935008 0.393512011
vt 0.311931014 0.393519014
vt 0.311223 0.396838993
vt 0.31121999 0.396847993
vt 0.31121999 0.396847993
vt 0.31189999 0.393521011
vt 0.31190601 0.393510997
vt 0.311901987 0.393518001
vt 0.309505999 0.395958006
vt 0.309498996 0.395940989
vt 0.309489012 0.395931989
vt 0.313591003 0.39756301
vt 0.313582003 0.397561014
vt 0.313594013 0.397570997
vt 0.367540002 0.907760978
vt 0.367529988 0.907765985
vt 0.367538989 0.907769024
vt 0.312243998 0.393904001
vt 0.312243998 0.393904001
vt 0.312256008 0.393907011
vt 0.312388003 0.393662989
vt 0.312366009 0.393665999
vt 0.312375993 0.39368099
vt 0.314141005 0.398297995
vt 0.314139009 0.398315012
vt 0.314150989 0.398301989
vt 0.314096987 0.398218006
vt 0.314087003 0.398180991
vt 0.31408301 0.398218989
vt 0.314101011 0.398128986
vt 0.314108014 0.398097008
vt 0.314105004 0.398081005
vt 0.342507988 0.39656201
vt 0.345205992 0.398319006
vt 0.345189989 0.398389012
vt 0.315829992 0.395503998
vt 0.315831989 0.395503014
vt 0.315822989 0.395494014
vt 0.315798014 0.395523995
vt 0.315797001 0.395536005
vt 0.315800995 0.395536989
vt 0.315829009 0.39566499
vt 0.315831989 0.395651996
vt 0.315825999 0.395649999
vt 0.312449008 0.393254012
vt 0.312449992 0.393261999
vt 0.312460005 0.393245995
vt 0.342431009 0.397101998
vt 0.342431009 0.397101998
vt 0.342436999 0.397092015
vt 0.314119011 0.398330986
vt 0.314119995 0.398319989
vt 0.314108014 0.398322999
vt 0.314081997 0.398308992
vt 0.314092994 0.398303986
vt 0.314076006 0.398295999
vt 0.309841007 0.395729989
vt 0.309819013 0.395754009
vt 0.30992499 0.395731986
vt 0.311509013 0.39893499
vt 0.311464995 0.398999006
vt 0.311491013 0.398984998
vt 0.31141001 0.39874199
vt 0.311405987 0.398764014
vt 0.311513007 0.398746997
vt 0.364776999 0.902906001
vt 0.364735007 0.902911007
vt 0.364739001 0.902926028
vt 0.313681006 0.397579998
vt 0.313657999 0.397601992
vt 0.313787013 0.397578001
vt 0.309938014 0.395639002
vt 0.309859991 0.395608008
vt 0.309890002 0.395633012
vt 0.309983999 0.395765007
vt 0.310003996 0.395745993
vt 0.309926987 0.395738006
vt 0.31647101 0.400929987
vt 0.316424012 0.400909007
vt 0.316426992 0.400923014
vt 0.36510101 0.90299499
vt 0.365072012 0.90300101
vt 0.365078986 0.903007984
vt 0.311513007 0.398900986
vt 0.311509997 0.398878008
vt 0.311446995 0.39884001
vt 0.315977007 0.400546998
vt 0.315959007 0.400559008
vt 0.315973014 0.400559008
vt 0.309579998 0.396010011
vt 0.309513003 0.395933002
vt 0.309513003 0.395947993
vt 0.311132997 0.397118002
vt 0.311136007 0.397132993
vt 0.311165005 0.397179008
vt 0.363435 0.904523015
vt 0.363427013 0.90447098
vt 0.363426 0.90455699
vt 0.315829992 0.395503998
vt 0.315822989 0.395494014
vt 0.315788001 0.395516008
vt 0.310041994 0.395711988
vt 0.310052991 0.395704001
vt 0.310047001 0.395687997
vt 0.315973014 0.400559008
vt 0.315997988 0.400563985
vt 0.315988988 0.400536001
vt 0.311031014 0.398384988
vt 0.311042994 0.398313999
vt 0.311033994 0.398306012
vt 0.309612989 0.396079004
vt 0.309621006 0.396099001
vt 0.309643 0.396019995
vt 0.364733011 0.90289098
vt 0.364739001 0.902875006
vt 0.364688993 0.902871013
vt 0.31409201 0.398126006
vt 0.314092994 0.398077995
vt 0.314069003 0.398124009
vt 0.314117014 0.398304999
vt 0.314119011 0.398330986
vt 0.314139009 0.398315012
vt 0.311425 0.397119999
vt 0.311435014 0.397141993
vt 0.311453998 0.397112012
vt 0.314217001 0.398371011
vt 0.314217001 0.398393005
vt 0.314249992 0.398375988
vt 0.309590995 0.395844996
vt 0.309578001 0.395837992
vt 0.309563994 0.395900995
vt 0.314112008 0.398286015
vt 0.314117014 0.398299009
vt 0.314141005 0.398285002
vt 0.365271002 0.907661021
vt 0.365262985 0.907675982
vt 0.365301996 0.907637
vt 0.314092994 0.398077995
vt 0.314108014 0.398097008
vt 0.314139009 0.39803499
vt 0.31416899 0.400956988
vt 0.314166993 0.400979996
vt 0.314200014 0.400981009
vt 0.314096987 0.398218006
vt 0.314108014 0.398097008
vt 0.31409201 0.398126006
vt 0.311553001 0.396596998
vt 0.311562002 0.396604002
vt 0.31159699 0.396560997
vt 0.314137012 0.398256987
vt 0.314141005 0.398285002
vt 0.314177006 0.398263991
vt 0.314747989 0.393256992
vt 0.314745009 0.393267989
vt 0.314828992 0.393260002
vt 0.311535001 0.398871005
vt 0.311540991 0.398847014
vt 0.311520994 0.398840994
vt 0.311475992 0.396741003
vt 0.311435014 0.396815002
vt 0.311457008 0.396815985
vt 0.313733995 0.397879004
vt 0.313661993 0.397735
vt 0.313650012 0.397736013
vt 0.364354014 0.906503975
vt 0.364371002 0.906529009
vt 0.364385009 0.906504989
vt 0.312460005 0.393682986
vt 0.312474996 0.393664986
vt 0.312388003 0.393662989
vt 0.31377399 0.397561014
vt 0.313787013 0.397567987
vt 0.313782007 0.397522002
vt 0.314110011 0.398494005
vt 0.314105988 0.398481995
vt 0.313993007 0.398458987
vt 0.314188004 0.398393989
vt 0.314197004 0.398312002
vt 0.314188004 0.398315012
vt 0.313506007 0.397846013
vt 0.313986987 0.398384988
vt 0.313977003 0.398303986
vt 0.311558992 0.398833007
vt 0.311594993 0.398763001
vt 0.311587006 0.398768008
vt 0.366953999 0.907603979
vt 0.366919011 0.907600999
vt 0.366926998 0.907608986
vt 0.310009003 0.395815015
vt 0.310003996 0.395743012
vt 0.309983999 0.395765007
vt 0.30972001 0.395880997
vt 0.309742987 0.395879
vt 0.309751004 0.395801991
vt 0.314669013 0.393436998
vt 0.314729989 0.393498987
vt 0.314637005 0.393285006
vt 0.311262012 0.397161007
vt 0.311340988 0.397224009
vt 0.311338007 0.397206992
vt 0.314653993 0.395287007
vt 0.314668 0.395363986
vt 0.314669997 0.39537099
vt 0.312492013 0.393444002
vt 0.312519997 0.393444002
vt 0.312456995 0.393413991
vt 0.312344998 0.393278003
vt 0.312330991 0.393301994
vt 0.312397003 0.393276006
vt 0.312435001 0.393602997
vt 0.312435001 0.393615991
vt 0.312472999 0.39360401
vt 0.309841007 0.395729989
vt 0.309837013 0.395687997
vt 0.309812993 0.395689011
vt 0.312337995 0.393727005
vt 0.312377989 0.393730015
vt 0.312310994 0.393671006
vt 0.311215997 0.397186995
vt 0.311233014 0.397206008
vt 0.311262012 0.397161007
vt 0.311262012 0.397161007
vt 0.311253995 0.397128999
vt 0.311590999 0.396629989
vt 0.311578989 0.396618009
vt 0.311576992 0.396631986
vt 0.311551005 0.396997005
vt 0.311500013 0.397110999
vt 0.311506987 0.397114992
vt 0.311634988 0.396643013
vt 0.311616987 0.396625996
vt 0.31161499 0.396640003
vt 0.309819013 0.395861
vt 0.309807003 0.395859003
vt 0.309960991 0.395835012
vt 0.31189999 0.393521011
vt 0.311890006 0.393581003
vt 0.311906993 0.393555999
vt 0.313656002 0.397549987
vt 0.313679993 0.397538006
vt 0.313591987 0.397552013
vt 0.31141901 0.399147004
vt 0.311426997 0.399078995
vt 0.311421007 0.399067998
vt 0.364737004 0.902785003
vt 0.364733011 0.902791023
vt 0.364784002 0.902776003
vt 0.31200999 0.393866003
vt 0.312009007 0.393819988
vt 0.311345994 0.396504015
vt 0.313564986 0.397736996
vt 0.313600987 0.397722006
vt 0.31359899 0.397709996
vt 0.311392993 0.398927987
vt 0.311390013 0.398938
vt 0.311509013 0.39893499
vt 0.312519997 0.393444002
vt 0.312492013 0.393444002
vt 0.312447011 0.3935
vt 0.313681006 0.397579998
vt 0.313679993 0.397538006
vt 0.313668013 0.397554994
vt 0.31476599 0.395089
vt 0.314693004 0.395078987
vt 0.314696014 0.395103008
vt 0.343490988 0.393866986
vt 0.34356001 0.393819988
vt 0.343492001 0.393790007
vt 0.343187004 0.395033002
vt 0.343221009 0.395007998
vt 0.343212992 0.394946992
vt 0.343212992 0.394946992
vt 0.343239993 0.394946009
vt 0.343805999 0.393462986
vt 0.343221009 0.395007998
vt 0.343239993 0.394946009
vt 0.343212992 0.394946992
vt 0.346850991 0.392378002
vt 0.346832991 0.392322004
vt 0.34682399 0.392383009
vt 0.342101008 0.392668009
vt 0.342094004 0.392682999
vt 0.342171997 0.392693013
vt 0.343423992 0.394073009
vt 0.343317002 0.393954992
vt 0.343302995 0.394066989
vt 0.367394 0.904470026
vt 0.367401004 0.904438972
vt 0.367392987 0.904434025
vt 0.364971012 0.902665973
vt 0.364973992 0.902728975
vt 0.36500299 0.902655005
vt 0.36500299 0.902655005
vt 0.364973992 0.902728975
vt 0.365009993 0.902733028
vt 0.364371002 0.906529009
vt 0.364347994 0.906526983
vt 0.364360005 0.906533003
vt 0.343679011 0.395853996
vt 0.34356299 0.39586401
vt 0.343677014 0.395882994
vt 0.365155995 0.902894974
vt 0.365170002 0.902921021
vt 0.365162998 0.902895987
vt 0.364746004 0.902886987
vt 0.364735007 0.902911007
vt 0.364776999 0.902906001
vt 0.363442987 0.904453993
vt 0.363438994 0.904429972
vt 0.36343199 0.904447973
vt 0.344379991 0.390358001
vt 0.344460994 0.390367001
vt 0.344453007 0.390204012
vt 0.344453007 0.390204012
vt 0.344500989 0.390213013
vt 0.344493002 0.390199006
vt 0.344621986 0.390605986
vt 0.344594002 0.390583009
vt 0.344556004 0.390610009
vt 0.341708004 0.392820001
vt 0.341746002 0.392785013
vt 0.341751993 0.39271
vt 0.348468006 0.396761
vt 0.348536998 0.396699995
vt 0.348457992 0.39666599
vt 0.345692992 0.394501001
vt 0.345748007 0.394445002
vt 0.345674992 0.394423991
vt 0.346394002 0.395397007
vt 0.346354991 0.395354003
vt 0.346354991 0.395428985
vt 0.346354991 0.395428985
vt 0.346354991 0.395354003
vt 0.346345991 0.395422995
vt 0.346345991 0.395422995
vt 0.346341997 0.395346999
vt 0.346329004 0.395354003
vt 0.342101008 0.392668009
vt 0.342171997 0.392690986
vt 0.342200011 0.392666012
vt 0.342902988 0.398063987
vt 0.34295401 0.398061007
vt 0.342940003 0.398027003
vt 0.344507992 0.390186995
vt 0.344561011 0.390136003
vt 0.344494998 0.390074998
vt 0.344494998 0.390074998
vt 0.344561011 0.390136003
vt 0.34454301 0.390065014
vt 0.343809992 0.39398101
vt 0.343739003 0.393949002
vt 0.343744993 0.39409399
vt 0.343632996 0.395945996
vt 0.343243986 0.395126998
vt 0.343542993 0.395942003
vt 0.364957988 0.902990997
vt 0.364962995 0.902906001
vt 0.364924997 0.902921021
vt 0.34463799 0.390578985
vt 0.344666004 0.390563995
vt 0.344651014 0.390561014
vt 0.344642997 0.39061299
vt 0.344675004 0.390599012
vt 0.34463799 0.390578985
vt 0.344651014 0.390561014
vt 0.344666004 0.390563995
vt 0.34465301 0.390558988
vt 0.363081008 0.904901981
vt 0.36304301 0.904830992
vt 0.363047004 0.904914021
vt 0.365132004 0.902881026
vt 0.365121007 0.902936995
vt 0.365155995 0.902894974
vt 0.347528011 0.396504998
vt 0.347508013 0.396515012
vt 0.347530007 0.396600991
vt 0.347530007 0.396600991
vt 0.347498 0.396582007
vt 0.347505987 0.396595001
vt 0.347508013 0.396515012
vt 0.347498 0.396582007
vt 0.347530007 0.396600991
vt 0.367193997 0.905243993
vt 0.36719501 0.905310988
vt 0.367217988 0.905301988
vt 0.342114002 0.393121004
vt 0.342090994 0.39320901
vt 0.342141002 0.393413991
vt 0.343214989 0.395383
vt 0.343203008 0.395332992
vt 0.343187004 0.39536801
vt 0.343187004 0.39536801
vt 0.343203008 0.395332992
vt 0.343187988 0.395343006
vt 0.346767992 0.390248001
vt 0.346816987 0.390314996
vt 0.346783012 0.39023301
vt 0.366685987 0.904008985
vt 0.366706997 0.903964996
vt 0.366667002 0.90395999
vt 0.344381005 0.390825003
vt 0.344336003 0.390828013
vt 0.344345003 0.390843004
vt 0.345955014 0.394434005
vt 0.345943987 0.39438799
vt 0.345889002 0.394448012
vt 0.345889002 0.394448012
vt 0.34593001 0.39437899
vt 0.345865011 0.394392014
vt 0.345759988 0.394553989
vt 0.345762014 0.394517988
vt 0.345692992 0.394544989
vt 0.345692992 0.394544989
vt 0.345750004 0.394508988
vt 0.345692992 0.394501001
vt 0.341800988 0.392969996
vt 0.341809988 0.392962009
vt 0.341755986 0.392951995
vt 0.343275994 0.398564994
vt 0.343362004 0.398593009
vt 0.343291014 0.398559988
vt 0.366688997 0.904025972
vt 0.366712987 0.904035985
vt 0.366694987 0.904021978
vt 0.346291989 0.395244002
vt 0.346289009 0.395247996
vt 0.346284986 0.395251989
vt 0.341726005 0.392688006
vt 0.341751993 0.39271
vt 0.341735005 0.392686009
vt 0.365074992 0.903101027
vt 0.365009993 0.903141975
vt 0.365063012 0.903160989
vt 0.344177991 0.390812993
vt 0.344164997 0.390818
vt 0.344220012 0.390834004
vt 0.344220012 0.390834004
vt 0.344159991 0.390864015
vt 0.344222993 0.390863001
vt 0.348145008 0.397448003
vt 0.348123997 0.397460014
vt 0.348156989 0.397482008
vt 0.348156989 0.397482008
vt 0.348123997 0.397460014
vt 0.348150015 0.397482008
vt 0.343686014 0.393413991
vt 0.343679994 0.393514007
vt 0.34373799 0.393465012
vt 0.344668001 0.390742987
vt 0.344718009 0.390693992
vt 0.344666988 0.390680999
vt 0.344549 0.390388012
vt 0.344507009 0.39041701
vt 0.34454301 0.390433997
vt 0.364867002 0.903174996
vt 0.364890009 0.903155982
vt 0.364831001 0.903141022
vt 0.364831001 0.903141022
vt 0.364885002 0.903127015
vt 0.364876002 0.903119981
vt 0.348156989 0.397547007
vt 0.348141015 0.397505999
vt 0.348127007 0.397547007
vt 0.345759988 0.394499004
vt 0.347057015 0.398056
vt 0.345755011 0.394474
vt 0.342961013 0.398081988
vt 0.342902988 0.398063987
vt 0.34295699 0.398131013
vt 0.364924997 0.902921021
vt 0.364962995 0.902906001
vt 0.364924014 0.902850986
vt 0.341928989 0.392637998
vt 0.341917992 0.392619997
vt 0.341924012 0.392659009
vt 0.341924012 0.392659009
vt 0.341917992 0.392619997
vt 0.341818988 0.392643988
vt 0.34185499 0.393052012
vt 0.341785997 0.393054008
vt 0.341836989 0.393182009
vt 0.341836989 0.393182009
vt 0.341785997 0.393054008
vt 0.341742992 0.393231004
vt 0.343272001 0.398564994
vt 0.343263 0.39854899
vt 0.34324801 0.398658007
vt 0.34324801 0.398658007
vt 0.343263 0.39854899
vt 0.343142003 0.398665994
vt 0.344063014 0.39053899
vt 0.344078988 0.390610009
vt 0.344139993 0.390592009
vt 0.345730007 0.394401014
vt 0.345706999 0.39427501
vt 0.345674992 0.394423991
vt 0.365004987 0.902984977
vt 0.365040988 0.902899027
vt 0.365006 0.902884007
vt 0.366120011 0.907180011
vt 0.366109997 0.907169998
vt 0.366095006 0.907181978
vt 0.366095006 0.907181978
vt 0.366100997 0.907171011
vt 0.366095006 0.907180011
vt 0.366109997 0.907169998
vt 0.366100997 0.907171011
vt 0.366095006 0.907181978
vt 0.364309996 0.905272007
vt 0.364289999 0.905272007
vt 0.364304006 0.905278027
vt 0.364704996 0.902921021
vt 0.364733011 0.90289098
vt 0.364688993 0.902888
vt 0.348910004 0.396580994
vt 0.348859996 0.396571994
vt 0.348908007 0.396732986
vt 0.346758008 0.390312999
vt 0.346754998 0.39031601
vt 0.34683001 0.390379995
vt 0.343492001 0.393790007
vt 0.343371004 0.393709004
vt 0.343479991 0.393808007
vt 0.364378005 0.906754017
vt 0.364409 0.906705976
vt 0.364347011 0.906702995
vt 0.364409 0.906705976
vt 0.364387006 0.906754017
vt 0.364412993 0.906714022
vt 0.344451994 0.390181005
vt 0.344397008 0.390125006
vt 0.344384998 0.390168995
vt 0.344384998 0.390168995
vt 0.344377995 0.390118003
vt 0.344325006 0.390123993
vt 0.367747992 0.907154977
vt 0.36779201 0.90722698
vt 0.367807001 0.907154977
vt 0.345941991 0.394508988
vt 0.347057015 0.398056
vt 0.345849007 0.394526988
vt 0.343744993 0.39409399
vt 0.343834013 0.394066989
vt 0.343809992 0.39398101
vt 0.341915995 0.392940015
vt 0.342018992 0.392980009
vt 0.342000008 0.392897993
vt 0.346309006 0.394968003
vt 0.346341997 0.394966006
vt 0.346325994 0.394870996
vt 0.346325994 0.394870996
vt 0.346341997 0.394966006
vt 0.346365988 0.394865006
vt 0.345595002 0.394717008
vt 0.345584989 0.394670993
vt 0.345578998 0.394721001
vt 0.34631899 0.395249009
vt 0.346307009 0.395262003
vt 0.346338987 0.395264
vt 0.346338987 0.395264
vt 0.346307009 0.395262003
vt 0.34630999 0.39528501
vt 0.343587011 0.394024998
vt 0.343605995 0.394037992
vt 0.343594998 0.394019991
vt 0.344909012 0.397491008
vt 0.344886005 0.397399992
vt 0.344871014 0.397500008
vt 0.365040988 0.903219998
vt 0.365096003 0.903201997
vt 0.365029007 0.903182983
vt 0.347245008 0.397152007
vt 0.347276002 0.39715901
vt 0.346347004 0.395220011
vt 0.341787994 0.392888993
vt 0.341758996 0.392791986
vt 0.341744006 0.392866999
vt 0.316713005 0.400878996
vt 0.316787988 0.400851995
vt 0.316774994 0.400826007
vt 0.343560994 0.393510014
vt 0.343679994 0.393514007
vt 0.343602002 0.393453985
vt 0.344368011 0.390763998
vt 0.344388992 0.390753001
vt 0.344347 0.390745997
vt 0.344347 0.390745997
vt 0.344388992 0.390753001
vt 0.344327986 0.390680999
vt 0.343569994 0.393424988
vt 0.343560994 0.393510014
vt 0.343602002 0.393453985
vt 0.364894003 0.90317601
vt 0.364897996 0.90319699
vt 0.364899993 0.903186023
vt 0.364897996 0.90319699
vt 0.364872009 0.903198004
vt 0.364883989 0.903205991
vt 0.319541007 0.402740002
vt 0.319509 0.402705997
vt 0.319519013 0.402723998
vt 0.319509 0.402705997
vt 0.319541007 0.402740002
vt 0.319550008 0.402696997
vt 0.343834996 0.393530995
vt 0.343784988 0.393572986
vt 0.343802989 0.393590003
vt 0.319496989 0.402864993
vt 0.319530994 0.402835995
vt 0.319507003 0.402772009
vt 0.346287996 0.395130008
vt 0.346340001 0.395117998
vt 0.34631601 0.394977987
vt 0.346929997 0.390069008
vt 0.346985012 0.390096992
vt 0.346958995 0.390044004
vt 0.343757987 0.393664002
vt 0.343708009 0.393712014
vt 0.343724012 0.393725991
vt 0.346377999 0.39783901
vt 0.346356004 0.397837013
vt 0.346372992 0.397904992
vt 0.346372992 0.397904992
vt 0.346356004 0.397837013
vt 0.348549992 0.396703988
vt 0.34563601 0.394659996
vt 0.345609009 0.394553006
vt 0.345593989 0.394661009
vt 0.345593989 0.394661009
vt 0.345609009 0.394553006
vt 0.345577002 0.394652009
vt 0.346255988 0.395274997
vt 0.346287012 0.39527899
vt 0.346275985 0.39526999
vt 0.316772997 0.401014
vt 0.316781998 0.400947988
vt 0.316722006 0.400983989
vt 0.316722006 0.400983989
vt 0.316781998 0.400947988
vt 0.316718996 0.400965989
vt 0.316718996 0.400965989
vt 0.316781998 0.400947988
vt 0.316749007 0.400920004
vt 0.367395014 0.904340982
vt 0.367410988 0.904393971
vt 0.367406011 0.904344022
vt 0.367406011 0.904344022
vt 0.367410988 0.904393971
vt 0.367419004 0.904389024
vt 0.342216998 0.393146992
vt 0.342229009 0.393137991
vt 0.342207998 0.393096
vt 0.342202991 0.393081993
vt 0.342191994 0.39309001
vt 0.342216998 0.393146992
vt 0.344375998 0.390772015
vt 0.344345987 0.390772998
vt 0.344330996 0.390801013
vt 0.344345987 0.390772998
vt 0.344375998 0.390772015
vt 0.344368011 0.390763998
vt 0.367529988 0.907765985
vt 0.367538989 0.907769024
vt 0.367538989 0.907769024
vt 0.346390009 0.395107001
vt 0.346340001 0.395117998
vt 0.346376985 0.395188987
vt 0.346154988 0.395332009
vt 0.346255988 0.395274997
vt 0.346154988 0.39526099
vt 0.342588991 0.398611993
vt 0.342572004 0.398530006
vt 0.342572004 0.398620009
vt 0.34454 0.390632004
vt 0.344478995 0.390617996
vt 0.34454599 0.390677005
vt 0.344478995 0.390617996
vt 0.34453401 0.39061299
vt 0.344502985 0.390581995
vt 0.343625993 0.394050986
vt 0.343594998 0.394019991
vt 0.343605995 0.394037992
vt 0.348661005 0.397897989
vt 0.348625988 0.398023009
vt 0.348645985 0.398023009
vt 0.345955014 0.394434005
vt 0.346044004 0.394425988
vt 0.346017987 0.394380987
vt 0.364445001 0.906507015
vt 0.364445001 0.906536996
vt 0.364486009 0.906543016
vt 0.343659997 0.39369899
vt 0.343710989 0.393792987
vt 0.343708009 0.393712014
vt 0.341277003 0.398633003
vt 0.341293991 0.398678005
vt 0.341280013 0.398633003
vt 0.346886009 0.390275002
vt 0.34690699 0.39022699
vt 0.346827 0.390199006
vt 0.346827 0.390199006
vt 0.346915007 0.390204012
vt 0.346920997 0.390139997
vt 0.346920997 0.390139997
vt 0.346915007 0.390204012
vt 0.346928 0.390147001
vt 0.346118003 0.39647001
vt 0.346091002 0.396560013
vt 0.346114993 0.396562994
vt 0.346114993 0.396562994
vt 0.346091002 0.396560013
vt 0.346105009 0.396573991
vt 0.34356001 0.393819988
vt 0.343679994 0.393866003
vt 0.343602985 0.393761992
vt 0.343602985 0.393761992
vt 0.343679994 0.393866003
vt 0.343625009 0.393763006
vt 0.345761001 0.394775003
vt 0.345719993 0.394695014
vt 0.345674008 0.394793004
vt 0.345674008 0.394793004
vt 0.345719993 0.394695014
vt 0.345643014 0.394706011
vt 0.346376985 0.395188987
vt 0.346345007 0.39518699
vt 0.346359015 0.395220011
vt 0.347961009 0.392517
vt 0.347968996 0.392484009
vt 0.347965002 0.392482996
vt 0.344675004 0.390289992
vt 0.344734997 0.390175015
vt 0.344678015 0.390166998
vt 0.34473899 0.390302986
vt 0.344678015 0.390372992
vt 0.344725013 0.390401006
vt 0.346441001 0.394843996
vt 0.346376002 0.394822001
vt 0.346424013 0.394861996
vt 0.366905004 0.907585025
vt 0.366919011 0.907600999
vt 0.366935998 0.907553971
vt 0.341944009 0.392628014
vt 0.341924995 0.392679006
vt 0.341980994 0.392636001
vt 0.341980994 0.392636001
vt 0.341924995 0.392679006
vt 0.341987997 0.39270401
vt 0.341924995 0.392679006
vt 0.341928989 0.392637998
vt 0.341924012 0.392659009
vt 0.346257001 0.395386994
vt 0.346273988 0.395428985
vt 0.346282005 0.395379007
vt 0.346257001 0.395386994
vt 0.346260995 0.395314008
vt 0.346282005 0.395379007
vt 0.346273988 0.395428985
vt 0.346300989 0.395433992
vt 0.347519994 0.396504015
vt 0.348100007 0.397543013
vt 0.348062992 0.397626013
vt 0.343095005 0.39845401
vt 0.343062013 0.398373008
vt 0.342997015 0.398492008
vt 0.342997015 0.398492008
vt 0.343062013 0.398373008
vt 0.342958987 0.398422986
vt 0.346441001 0.395094991
vt 0.346390009 0.395107001
vt 0.345272005 0.396966994
vt 0.346276999 0.395235986
vt 0.346305013 0.395204991
vt 0.346266001 0.395164996
vt 0.343773991 0.393671006
vt 0.346388996 0.39496401
vt 0.343802005 0.393671989
vt 0.347820997 0.400676996
vt 0.347768992 0.400528014
vt 0.347768009 0.400689989
vt 0.344666988 0.390478998
vt 0.344603002 0.390549988
vt 0.344646007 0.390538007
vt 0.365884006 0.905481994
vt 0.365842998 0.905476987
vt 0.365882009 0.90554601
vt 0.365882009 0.90554601
vt 0.365842998 0.905476987
vt 0.365839988 0.905552983
vt 0.342090994 0.392657012
vt 0.342101008 0.392668009
vt 0.342099994 0.392610997
vt 0.342099994 0.392610997
vt 0.342101008 0.392668009
vt 0.342191994 0.392625988
vt 0.34118399 0.398683012
vt 0.341210991 0.39863801
vt 0.341206998 0.398633987
vt 0.346964985 0.392340988
vt 0.346890002 0.392307013
vt 0.346904993 0.392363012
vt 0.364394993 0.906484008
vt 0.364376992 0.906489015
vt 0.364385009 0.906504989
vt 0.364385009 0.906504989
vt 0.364376992 0.906489015
vt 0.364367992 0.906491995
vt 0.344379991 0.390358001
vt 0.344440997 0.390433013
vt 0.344460994 0.390367001
vt 0.344460994 0.390367001
vt 0.344440997 0.390433013
vt 0.344498992 0.390404999
vt 0.365099013 0.903021991
vt 0.365101993 0.903002977
vt 0.365078986 0.903007984
vt 0.346385002 0.395318002
vt 0.346374005 0.395258993
vt 0.346374989 0.395334005
vt 0.346994013 0.392273009
vt 0.346911997 0.392206997
vt 0.346953988 0.392293006
vt 0.364867002 0.903174996
vt 0.364814013 0.90317899
vt 0.364852011 0.903199017
vt 0.344909012 0.397491008
vt 0.344871014 0.397500008
vt 0.344926 0.39756301
vt 0.344291002 0.390251011
vt 0.344453007 0.390204012
vt 0.344384998 0.390168995
vt 0.346127987 0.395153999
vt 0.346141011 0.395247996
vt 0.346222997 0.395179003
vt 0.346175998 0.395016015
vt 0.346127987 0.395153999
vt 0.346118003 0.395004988
vt 0.346127987 0.395153999
vt 0.346222997 0.395179003
vt 0.346141011 0.395247996
vt 0.346244991 0.395242989
vt 0.345595002 0.394717008
vt 0.345643014 0.394706011
vt 0.345584989 0.394670993
vt 0.345584989 0.394670993
vt 0.345643014 0.394706011
vt 0.345593989 0.394661009
vt 0.344637007 0.390908003
vt 0.344707996 0.390872002
vt 0.344626993 0.390893012
vt 0.347360998 0.400003999
vt 0.347382993 0.399982989
vt 0.347357005 0.399991989
vt 0.348661005 0.397897989
vt 0.348670006 0.398010999
vt 0.348695993 0.397911996
vt 0.345766991 0.394654006
vt 0.345779985 0.394672006
vt 0.345827013 0.394630998
vt 0.345827013 0.394630998
vt 0.345779985 0.394672006
vt 0.345842004 0.39467901
vt 0.345842004 0.39467901
vt 0.345779985 0.394672006
vt 0.34582001 0.394681007
vt 0.346803993 0.390231997
vt 0.346827 0.390199006
vt 0.346799999 0.39021799
vt 0.342945993 0.396948993
vt 0.342040002 0.393034995
vt 0.345604986 0.392861992
vt 0.346161008 0.395402998
vt 0.345674008 0.394793004
vt 0.345578998 0.394721001
vt 0.345578998 0.394721001
vt 0.345674008 0.394793004
vt 0.345595002 0.394717008
vt 0.343697995 0.395785004
vt 0.343708992 0.395794004
vt 0.343712986 0.395797014
vt 0.344678015 0.390046
vt 0.344731987 0.390134007
vt 0.34473899 0.390056998
vt 0.363274008 0.904469013
vt 0.363270998 0.904533029
vt 0.363343 0.904464006
vt 0.366237998 0.906045973
vt 0.364500999 0.905281007
vt 0.364542007 0.905309975
vt 0.341663003 0.393213987
vt 0.341722995 0.393092006
vt 0.341672003 0.39309001
vt 0.341924995 0.392679006
vt 0.341917992 0.392749012
vt 0.341987014 0.39270401
vt 0.341987014 0.39270401
vt 0.341917992 0.392749012
vt 0.341984004 0.39279601
vt 0.341984004 0.39279601
vt 0.341917992 0.392749012
vt 0.341975003 0.39280799
vt 0.341746002 0.392964005
vt 0.341800988 0.392969996
vt 0.341755986 0.392951995
vt 0.364573002 0.90526998
vt 0.364542007 0.905309975
vt 0.364573985 0.905332983
vt 0.344507009 0.39072299
vt 0.344451994 0.390807986
vt 0.344500989 0.390774995
vt 0.342173994 0.392881006
vt 0.342218995 0.392868996
vt 0.342209011 0.392863005
vt 0.346976012 0.390309989
vt 0.346902013 0.390442997
vt 0.346985996 0.390473008
vt 0.365323007 0.90775001
vt 0.365292013 0.907706022
vt 0.365289003 0.907772005
vt 0.341908991 0.393429995
vt 0.341802001 0.393384993
vt 0.341876 0.393482
vt 0.341876 0.393482
vt 0.341802001 0.393384993
vt 0.341740996 0.393413991
vt 0.343780011 0.395835012
vt 0.343787014 0.395805001
vt 0.343737006 0.395844012
vt 0.363081008 0.904549003
vt 0.363061994 0.904591024
vt 0.363097012 0.90456897
vt 0.363097012 0.90456897
vt 0.363061994 0.904591024
vt 0.363097996 0.90458101
vt 0.346911997 0.392206997
vt 0.346881986 0.392132014
vt 0.346875995 0.392219007
vt 0.342103988 0.392708004
vt 0.342126995 0.392771006
vt 0.342151999 0.392711997
vt 0.342151999 0.392711997
vt 0.342126995 0.392771006
vt 0.342166007 0.392769009
vt 0.343560994 0.394143999
vt 0.343594015 0.394185007
vt 0.343602002 0.394089997
vt 0.341740996 0.393413991
vt 0.341742992 0.393231004
vt 0.341708988 0.393330991
vt 0.344507992 0.390275002
vt 0.344565004 0.390222996
vt 0.344498992 0.390249014
vt 0.343234986 0.395105004
vt 0.343223989 0.395146012
vt 0.343243986 0.395126998
vt 0.364739001 0.902875006
vt 0.364778012 0.90289098
vt 0.364733011 0.902791023
vt 0.364733011 0.902791023
vt 0.364778012 0.90289098
vt 0.364784002 0.902776003
vt 0.364778012 0.90289098
vt 0.364746004 0.902886987
vt 0.364776999 0.902906001
vt 0.347490013 0.396661013
vt 0.347476006 0.39667201
vt 0.347510993 0.396663994
vt 0.347510993 0.396663994
vt 0.347463995 0.396723002
vt 0.347503006 0.396748006
vt 0.347503006 0.396748006
vt 0.347463995 0.396723002
vt 0.347472012 0.396739006
vt 0.347728014 0.393994987
vt 0.347768009 0.393987
vt 0.347716004 0.393920004
vt 0.347716004 0.393920004
vt 0.347768009 0.393987
vt 0.347723991 0.393904001
vt 0.344549 0.390388012
vt 0.344482005 0.390365005
vt 0.344491988 0.390377998
vt 0.341722995 0.393092006
vt 0.341785997 0.393054008
vt 0.341778994 0.393049002
vt 0.343508989 0.394171
vt 0.343401015 0.394154012
vt 0.343490988 0.394205987
vt 0.354027987 0.400173008
vt 0.344604999 0.390123993
vt 0.344608009 0.390047997
vt 0.347305 0.397305012
vt 0.347245008 0.397404999
vt 0.347299993 0.397428989
vt 0.347299993 0.397428989
vt 0.347245008 0.397404999
vt 0.347250998 0.397417992
vt 0.344621986 0.390271008
vt 0.344617993 0.390208989
vt 0.344570994 0.390260994
vt 0.344570994 0.390260994
vt 0.344617993 0.390208989
vt 0.344565004 0.390222996
vt 0.344565004 0.390222996
vt 0.344617993 0.390208989
vt 0.344563991 0.390204996
vt 0.343832999 0.393435001
vt 0.343805999 0.393462986
vt 0.343858004 0.393458009
vt 0.343858004 0.393458009
vt 0.343805999 0.393462986
vt 0.343809992 0.393487006
vt 0.343816012 0.393516988
vt 0.343851 0.393527001
vt 0.343876988 0.393476993
vt 0.346309006 0.395231992
vt 0.346289009 0.395247996
vt 0.346291989 0.395244002
vt 0.34563601 0.394659996
vt 0.345692992 0.394544989
vt 0.345609009 0.394553006
vt 0.346942991 0.392037988
vt 0.346973002 0.392075986
vt 0.346964002 0.391972989
vt 0.343708009 0.393712014
vt 0.343643993 0.393687993
vt 0.343659997 0.39369899
vt 0.343643993 0.393687993
vt 0.343737006 0.393640995
vt 0.343674988 0.393617988
vt 0.343674988 0.393617988
vt 0.343737006 0.393640995
vt 0.343688995 0.393613011
vt 0.341802001 0.39261499
vt 0.341818988 0.392643988
vt 0.341850013 0.392594993
vt 0.364160001 0.905394018
vt 0.364190996 0.905332983
vt 0.364154011 0.905341029
vt 0.347667992 0.394042999
vt 0.347579986 0.393981993
vt 0.347582996 0.394079
vt 0.34454301 0.390433997
vt 0.344615012 0.390446991
vt 0.344549 0.390388012
vt 0.344615012 0.390446991
vt 0.344621986 0.390365005
vt 0.344549 0.390388012
vt 0.344646007 0.390538007
vt 0.344657004 0.390543014
vt 0.344666988 0.390478998
vt 0.345607996 0.394504011
vt 0.345674992 0.394423991
vt 0.345600992 0.394425005
vt 0.363350987 0.904406011
vt 0.36332199 0.904384017
vt 0.363285989 0.904421985
vt 0.363285989 0.904421985
vt 0.363292992 0.904371023
vt 0.363272995 0.904416978
vt 0.36332199 0.904384017
vt 0.363292992 0.904371023
vt 0.363285989 0.904421985
vt 0.346985012 0.392134994
vt 0.346929014 0.392120987
vt 0.346976012 0.392188013
vt 0.34690699 0.391965002
vt 0.346861005 0.392026007
vt 0.346933991 0.392035991
vt 0.34454 0.390632004
vt 0.344612002 0.390679985
vt 0.344628006 0.390630007
vt 0.346881986 0.392132014
vt 0.346845001 0.392134011
vt 0.346875995 0.392219007
vt 0.344226003 0.390576005
vt 0.344307005 0.390482992
vt 0.344175994 0.39052099
vt 0.365292013 0.907706022
vt 0.365301996 0.907637
vt 0.365262985 0.907675982
vt 0.365467012 0.908291996
vt 0.365433991 0.908291996
vt 0.365446001 0.908330977
vt 0.365446001 0.908330977
vt 0.365433991 0.908291996
vt 0.365442008 0.908326983
vt 0.342209995 0.392686993
vt 0.342200011 0.392666012
vt 0.342171997 0.392690986
vt 0.347972006 0.392659992
vt 0.34799701 0.39261201
vt 0.347983986 0.392594993
vt 0.342171997 0.392690986
vt 0.342209995 0.39270699
vt 0.342209995 0.392686993
vt 0.344561994 0.398645997
vt 0.344554991 0.398683995
vt 0.344597995 0.398653001
vt 0.344597995 0.398653001
vt 0.344554991 0.398683995
vt 0.344599992 0.398683995
vt 0.344554991 0.398683995
vt 0.344550997 0.398656994
vt 0.346708 0.398674011
vt 0.342000008 0.392897993
vt 0.341901004 0.392841011
vt 0.341915995 0.392940015
vt 0.341901004 0.392841011
vt 0.342000008 0.392897993
vt 0.341910988 0.392825991
vt 0.345710009 0.394645989
vt 0.345759988 0.394553989
vt 0.345692992 0.394544989
vt 0.345883995 0.394198
vt 0.345820993 0.394270003
vt 0.345923007 0.394264996
vt 0.344594002 0.390583009
vt 0.344583988 0.390576005
vt 0.344556004 0.390610009
vt 0.344556004 0.390610009
vt 0.344502985 0.390581995
vt 0.34453401 0.39061299
vt 0.347544014 0.393976003
vt 0.347528994 0.394059002
vt 0.347579986 0.393981993
vt 0.347579986 0.393981993
vt 0.347528994 0.394059002
vt 0.347582996 0.394079
vt 0.364576995 0.905001998
vt 0.36453101 0.905009985
vt 0.364535004 0.905030012
vt 0.347510993 0.396663994
vt 0.347505987 0.396595001
vt 0.347490013 0.396661013
vt 0.345706999 0.39427501
vt 0.345710009 0.394163996
vt 0.345652014 0.394270003
vt 0.345652014 0.394270003
vt 0.345710009 0.394163996
vt 0.345647991 0.394134998
vt 0.347582012 0.393920988
vt 0.347544014 0.393976003
vt 0.347579986 0.393981993
vt 0.346911997 0.392206997
vt 0.346890002 0.392307013
vt 0.346953988 0.392293006
vt 0.343766987 0.393880993
vt 0.343739003 0.393949002
vt 0.343825012 0.393923014
vt 0.343825012 0.393923014
vt 0.343739003 0.393949002
vt 0.343809992 0.39398101
vt 0.347779989 0.394068003
vt 0.347757995 0.394053012
vt 0.347766012 0.394066006
vt 0.347519994 0.396504015
vt 0.347528011 0.396504998
vt 0.347460985 0.396364987
vt 0.344978005 0.397540987
vt 0.344909012 0.397491008
vt 0.344926 0.39756301
vt 0.34385401 0.394077003
vt 0.343834013 0.394066989
vt 0.343784988 0.394158989
vt 0.343578011 0.395689011
vt 0.343681008 0.395687014
vt 0.343679994 0.395664006
vt 0.344666988 0.390680999
vt 0.344731003 0.390684009
vt 0.344675004 0.390599012
vt 0.344675004 0.390599012
vt 0.344731003 0.390684009
vt 0.344736993 0.390570998
vt 0.345748007 0.394445002
vt 0.345820993 0.394470006
vt 0.345802993 0.394414991
vt 0.36500901 0.902996004
vt 0.36500901 0.903006017
vt 0.365069985 0.902993023
vt 0.341910988 0.392825991
vt 0.341975003 0.39280799
vt 0.341917992 0.392749012
vt 0.343492001 0.393790007
vt 0.343427986 0.393667012
vt 0.343371004 0.393709004
vt 0.343710989 0.393792987
vt 0.343712002 0.393862009
vt 0.343735009 0.393797994
vt 0.366667986 0.902760983
vt 0.366715014 0.902818024
vt 0.366730988 0.902755022
vt 0.344734997 0.390484989
vt 0.344720989 0.390475988
vt 0.344666988 0.390478998
vt 0.346700996 0.398624003
vt 0.346691012 0.39863199
vt 0.346740991 0.398624003
vt 0.346740991 0.398624003
vt 0.346691012 0.39863199
vt 0.346740007 0.398654997
vt 0.346740007 0.398654997
vt 0.346708 0.398674011
vt 0.34672901 0.398667008
vt 0.344247997 0.390689999
vt 0.344226003 0.390576005
vt 0.344186991 0.390684992
vt 0.342173994 0.392881006
vt 0.342207998 0.392830998
vt 0.342130989 0.392794013
vt 0.342130989 0.392794013
vt 0.342166007 0.392769009
vt 0.342126995 0.392771006
vt 0.342207998 0.392830998
vt 0.34218201 0.392776012
vt 0.342130989 0.392794013
vt 0.342166007 0.392769009
vt 0.342130989 0.392794013
vt 0.34218201 0.392776012
vt 0.341821998 0.392666996
vt 0.341897011 0.392737001
vt 0.341924995 0.392679006
vt 0.341924995 0.392679006
vt 0.341897011 0.392737001
vt 0.341917992 0.392749012
vt 0.346374005 0.395258993
vt 0.347256988 0.397311985
vt 0.347270012 0.397244006
vt 0.347270012 0.397244006
vt 0.347256988 0.397311985
vt 0.347283006 0.397255003
vt 0.346953988 0.392293006
vt 0.346964985 0.392340988
vt 0.346994013 0.392273009
vt 0.347003013 0.392320991
vt 0.34700799 0.392304003
vt 0.346994013 0.392273009
vt 0.344168007 0.390754014
vt 0.344247997 0.390689999
vt 0.344186991 0.390684992
vt 0.344247997 0.390689999
vt 0.344177008 0.390767992
vt 0.344244987 0.390778989
vt 0.344604999 0.390123993
vt 0.344561011 0.390136003
vt 0.344604999 0.390202999
vt 0.344561011 0.390136003
vt 0.344563991 0.390204996
vt 0.344604999 0.390202999
vt 0.365298003 0.907637
vt 0.365271002 0.907661021
vt 0.365301996 0.907637
vt 0.365074009 0.908573985
vt 0.365051001 0.908554018
vt 0.365049988 0.908568978
vt 0.346087009 0.396730006
vt 0.34611699 0.39666
vt 0.346078992 0.39666
vt 0.345118999 0.398395002
vt 0.345189989 0.398389012
vt 0.345135987 0.398319006
vt 0.341607988 0.393202007
vt 0.341621995 0.393088013
vt 0.341529012 0.393207014
vt 0.341529012 0.393207014
vt 0.341621995 0.393088013
vt 0.341522008 0.393070012
vt 0.344590992 0.390563995
vt 0.344498008 0.390554994
vt 0.344505012 0.390565008
vt 0.344498008 0.390554994
vt 0.344590992 0.390563995
vt 0.344549 0.390428007
vt 0.344549 0.390428007
vt 0.344603002 0.390549988
vt 0.344608009 0.39044401
vt 0.365714997 0.905731976
vt 0.365770996 0.905710995
vt 0.365725011 0.905713022
vt 0.343479991 0.393808007
vt 0.343398988 0.393795013
vt 0.343461007 0.393867999
vt 0.344090998 0.390462011
vt 0.344074011 0.390459001
vt 0.344096988 0.390468001
vt 0.344074011 0.390459001
vt 0.344105005 0.390444994
vt 0.344103009 0.390415996
vt 0.344103009 0.390415996
vt 0.344105005 0.390444994
vt 0.344108999 0.39041701
vt 0.343371004 0.393709004
vt 0.343385994 0.393770993
vt 0.343479991 0.393808007
vt 0.343479991 0.393808007
vt 0.343385994 0.393770993
vt 0.343403012 0.393788993
vt 0.343461007 0.393867999
vt 0.343387991 0.393795997
vt 0.343362004 0.393898994
vt 0.343362004 0.393898994
vt 0.343387991 0.393795997
vt 0.343356013 0.39389199
vt 0.346287996 0.395130008
vt 0.346345007 0.39518699
vt 0.346340001 0.395117998
vt 0.344139993 0.390592009
vt 0.344175994 0.39052099
vt 0.344063014 0.39053899
vt 0.344063014 0.39053899
vt 0.344175994 0.39052099
vt 0.344074994 0.390502989
vt 0.346298009 0.395381004
vt 0.346345991 0.395422995
vt 0.346329004 0.395354003
vt 0.346805006 0.390464008
vt 0.346895993 0.390446991
vt 0.34683001 0.390379995
vt 0.365875989 0.905745983
vt 0.365920991 0.905712008
vt 0.365877986 0.905721009
vt 0.343427986 0.393667012
vt 0.34344399 0.393581986
vt 0.343421996 0.393647999
vt 0.346237004 0.395071
vt 0.346186996 0.394998014
vt 0.346175998 0.395016015
vt 0.343602985 0.393581986
vt 0.343567997 0.39368099
vt 0.343609005 0.39359799
vt 0.347357988 0.399962008
vt 0.347339988 0.400000989
vt 0.347357005 0.399991989
vt 0.346929014 0.392120987
vt 0.346864998 0.392049998
vt 0.346881986 0.392132014
vt 0.341861993 0.392551005
vt 0.341908991 0.392592996
vt 0.341910988 0.392585993
vt 0.346841991 0.39231801
vt 0.346904993 0.392363012
vt 0.346890002 0.392307013
vt 0.346904993 0.392363012
vt 0.346841991 0.39231801
vt 0.346850991 0.392378002
vt 0.365922987 0.905798972
vt 0.365875989 0.905745983
vt 0.365880996 0.905809999
vt 0.344292015 0.390592009
vt 0.344327986 0.390680999
vt 0.344361991 0.390605003
vt 0.365951002 0.905493021
vt 0.365882009 0.90554601
vt 0.36591801 0.905550003
vt 0.365817994 0.90565598
vt 0.36580199 0.905550003
vt 0.365767002 0.905656993
vt 0.344502985 0.390581995
vt 0.344496995 0.390572011
vt 0.344440013 0.390578985
vt 0.344440013 0.390578985
vt 0.344480008 0.390565008
vt 0.344428986 0.390561014
vt 0.346792012 0.390478998
vt 0.346861005 0.390502006
vt 0.346805006 0.390464008
vt 0.364937007 0.90319699
vt 0.364930004 0.903180003
vt 0.364915013 0.903198004
vt 0.344675004 0.390289992
vt 0.344621986 0.390365005
vt 0.344678015 0.390372992
vt 0.365063012 0.903160989
vt 0.365009993 0.903141975
vt 0.365029007 0.903182983
vt 0.341681004 0.392879993
vt 0.341755986 0.392951995
vt 0.341744006 0.392866999
vt 0.341816992 0.39271301
vt 0.341751993 0.39271
vt 0.341807008 0.392780006
vt 0.341807008 0.392780006
vt 0.341746002 0.392785013
vt 0.341758996 0.392791986
vt 0.344521999 0.390879005
vt 0.344433993 0.390850008
vt 0.344424009 0.390854001
vt 0.347716004 0.393920004
vt 0.347669989 0.393990993
vt 0.347728014 0.393994987
vt 0.347669989 0.393990993
vt 0.347716004 0.393920004
vt 0.347671002 0.393923998
vt 0.341787994 0.392888993
vt 0.341915995 0.392940015
vt 0.341888011 0.392829001
vt 0.341888011 0.392829001
vt 0.341915995 0.392940015
vt 0.341901004 0.392841011
vt 0.345189989 0.398389012
vt 0.345205992 0.398319006
vt 0.345135987 0.398319006
vt 0.345135987 0.398319006
vt 0.345205992 0.398319006
vt 0.345137 0.398301005
vt 0.345137 0.398301005
vt 0.345205992 0.398319006
vt 0.345167011 0.398245007
vt 0.343587011 0.394024998
vt 0.343571991 0.394012988
vt 0.343593001 0.394068003
vt 0.343593001 0.394068003
vt 0.343510002 0.39410001
vt 0.343602002 0.394089997
vt 0.343510002 0.39410001
vt 0.343571991 0.394012988
vt 0.343477011 0.394008011
vt 0.367235005 0.905184984
vt 0.367258996 0.905180991
vt 0.367253006 0.905175984
vt 0.367258996 0.905180991
vt 0.367262989 0.905286014
vt 0.367264986 0.905291975
vt 0.344244987 0.390778989
vt 0.344177991 0.390812993
vt 0.344220012 0.390834004
vt 0.34493199 0.398391992
vt 0.344855011 0.398245007
vt 0.344844013 0.398382992
vt 0.343567997 0.39368099
vt 0.343643993 0.393687993
vt 0.343609005 0.39359799
vt 0.343609005 0.39359799
vt 0.343643993 0.393687993
vt 0.343674988 0.393617988
vt 0.341614991 0.393227011
vt 0.341659993 0.393348992
vt 0.341652989 0.393227994
vt 0.364982009 0.903034985
vt 0.364966005 0.903002977
vt 0.364946991 0.903048992
vt 0.366313994 0.906327009
vt 0.366306007 0.906288028
vt 0.366286993 0.906296015
vt 0.347582012 0.393920988
vt 0.347597003 0.393826008
vt 0.347550988 0.393911004
vt 0.344561011 0.390136003
vt 0.344507992 0.390186995
vt 0.344563991 0.390204996
vt 0.344563991 0.390204996
vt 0.344507992 0.390186995
vt 0.344512999 0.390224993
vt 0.344462007 0.390632987
vt 0.344413012 0.390644997
vt 0.344399989 0.390742987
vt 0.344399989 0.390742987
vt 0.344413012 0.390644997
vt 0.344388992 0.390753001
vt 0.343602985 0.393581986
vt 0.343560994 0.393510014
vt 0.343513012 0.393543988
vt 0.344626993 0.390893012
vt 0.34454 0.390890986
vt 0.344637007 0.390908003
vt 0.344244987 0.390778989
vt 0.344309986 0.390747994
vt 0.344247997 0.390689999
vt 0.344336003 0.390828013
vt 0.344381005 0.390825003
vt 0.344330996 0.390801013
vt 0.344330996 0.390801013
vt 0.344384998 0.390780985
vt 0.344375998 0.390772015
vt 0.34771201 0.394059002
vt 0.347757995 0.394053012
vt 0.347728014 0.393994987
vt 0.347728014 0.393994987
vt 0.347757995 0.394053012
vt 0.347768009 0.393987
vt 0.344599009 0.390720993
vt 0.34454599 0.390675992
vt 0.344507009 0.39072299
vt 0.365323007 0.907638013
vt 0.365318 0.907693028
vt 0.365337014 0.907678008
vt 0.344621986 0.390365005
vt 0.344621986 0.390271008
vt 0.344570994 0.390260994
vt 0.364338994 0.906495988
vt 0.364331007 0.906515002
vt 0.364354014 0.906503975
vt 0.343602002 0.393453985
vt 0.34356901 0.393409014
vt 0.343569994 0.393424988
vt 0.365796 0.905851007
vt 0.365842015 0.905840993
vt 0.365790009 0.905818999
vt 0.365790009 0.905818999
vt 0.365848005 0.905833006
vt 0.365842015 0.905808985
vt 0.347597003 0.393826008
vt 0.347683996 0.393808991
vt 0.347701997 0.393716007
vt 0.347683996 0.393808991
vt 0.347770005 0.393887997
vt 0.347728997 0.393741012
vt 0.346875995 0.392219007
vt 0.346841991 0.39231801
vt 0.346890002 0.392307013
vt 0.343766987 0.393880993
vt 0.343712002 0.393862009
vt 0.343739003 0.393949002
vt 0.343739003 0.393949002
vt 0.343674988 0.393916011
vt 0.343719006 0.393943995
vt 0.343719006 0.393943995
vt 0.343674988 0.393916011
vt 0.343679011 0.393929005
vt 0.348558009 0.396596998
vt 0.348536998 0.396699995
vt 0.348571002 0.396618992
vt 0.348571002 0.396618992
vt 0.348536998 0.396699995
vt 0.348549992 0.396703988
vt 0.367410988 0.904393971
vt 0.367392987 0.904434025
vt 0.367401004 0.904438972
vt 0.365128011 0.903016984
vt 0.365170985 0.902997971
vt 0.36512199 0.902993023
vt 0.36512199 0.902993023
vt 0.365170985 0.902997971
vt 0.365128011 0.902980983
vt 0.344675988 0.390834987
vt 0.344707996 0.390872002
vt 0.344718993 0.390843987
vt 0.346244991 0.395242989
vt 0.346266001 0.395164996
vt 0.346222997 0.395179003
vt 0.346222997 0.395179003
vt 0.346266001 0.395164996
vt 0.346251011 0.39516601
vt 0.346266001 0.395164996
vt 0.346244991 0.395242989
vt 0.346276999 0.395235986
vt 0.343576014 0.396093994
vt 0.343214989 0.395264
vt 0.343203008 0.395332992
vt 0.346928 0.390147001
vt 0.347000003 0.390197009
vt 0.346991003 0.390116006
vt 0.364881992 0.902997017
vt 0.364924997 0.902921021
vt 0.364874005 0.902938008
vt 0.364136994 0.906125009
vt 0.364122003 0.906071007
vt 0.364100993 0.906076014
vt 0.364982009 0.903034985
vt 0.36500901 0.903006017
vt 0.364966005 0.903002977
vt 0.342005014 0.392636001
vt 0.342090994 0.392657012
vt 0.342099994 0.392610997
vt 0.347956002 0.392462999
vt 0.347981006 0.392432988
vt 0.347954005 0.392461985
vt 0.364971012 0.902665973
vt 0.364939004 0.902658999
vt 0.364937991 0.902680993
vt 0.364937991 0.902680993
vt 0.364939004 0.902658999
vt 0.364930987 0.902665973
vt 0.345609009 0.394553006
vt 0.345692992 0.394501001
vt 0.345607996 0.394504011
vt 0.34633401 0.397814006
vt 0.346356004 0.397837013
vt 0.346352994 0.397792995
vt 0.346352994 0.397792995
vt 0.346379995 0.397825003
vt 0.346365005 0.397796005
vt 0.346379995 0.397825003
vt 0.346356004 0.397837013
vt 0.346377999 0.39783901
vt 0.347954005 0.392461985
vt 0.347965002 0.392482996
vt 0.347956002 0.392462999
vt 0.366640002 0.903917015
vt 0.366667002 0.90395999
vt 0.366663992 0.903914988
vt 0.344675988 0.390834987
vt 0.34472701 0.390744001
vt 0.344668001 0.390742987
vt 0.341948003 0.393016011
vt 0.342040002 0.393034995
vt 0.342018992 0.392980009
vt 0.343142003 0.398665994
vt 0.343115985 0.398550004
vt 0.342985988 0.398618996
vt 0.347961009 0.392517
vt 0.347965002 0.39258799
vt 0.347983986 0.392594993
vt 0.34346199 0.393510997
vt 0.343513995 0.393451005
vt 0.343499988 0.393451989
vt 0.346096992 0.396573007
vt 0.346098989 0.396618009
vt 0.346105009 0.396573991
vt 0.34149 0.398624003
vt 0.341506004 0.398644
vt 0.341500014 0.398627996
vt 0.343614995 0.395787001
vt 0.343573987 0.395711005
vt 0.343221009 0.395007998
vt 0.343679994 0.395709008
vt 0.343573987 0.395711005
vt 0.343614995 0.395787001
vt 0.341722995 0.393092006
vt 0.341674 0.392904997
vt 0.341672003 0.39309001
vt 0.341672003 0.39309001
vt 0.341674 0.392904997
vt 0.341636002 0.392870009
vt 0.344678015 0.390166998
vt 0.344628006 0.390192986
vt 0.344675004 0.390289992
vt 0.347961009 0.392704993
vt 0.347968996 0.392731011
vt 0.347972006 0.392659992
vt 0.348127007 0.397547007
vt 0.348127007 0.397505999
vt 0.348100007 0.397543013
vt 0.345541 0.394506991
vt 0.345600992 0.394425005
vt 0.345515996 0.394430012
vt 0.342886001 0.398023993
vt 0.342940003 0.398027003
vt 0.342936009 0.397969007
vt 0.364354014 0.906503975
vt 0.364347011 0.906481028
vt 0.364338994 0.906495988
vt 0.343719006 0.393943995
vt 0.343659997 0.393934011
vt 0.343656987 0.394055009
vt 0.343656987 0.394055009
vt 0.343593001 0.394003987
vt 0.343594998 0.394019991
vt 0.343659997 0.393934011
vt 0.343593001 0.394003987
vt 0.343656987 0.394055009
vt 0.343733013 0.393554002
vt 0.343755007 0.393554986
vt 0.343764991 0.393509001
vt 0.364336997 0.906808019
vt 0.36433199 0.90684098
vt 0.364369988 0.906808972
vt 0.364369988 0.906808972
vt 0.36433199 0.90684098
vt 0.364376009 0.906817019
vt 0.364376009 0.906817019
vt 0.364338011 0.906852007
vt 0.364369988 0.90685302
vt 0.364369988 0.90685302
vt 0.364360988 0.906858981
vt 0.366194993 0.906176984
vt 0.366205007 0.906103015
vt 0.366162986 0.906063974
vt 0.341742992 0.393231004
vt 0.341711015 0.393216997
vt 0.341708988 0.393330991
vt 0.341708988 0.393330991
vt 0.341711015 0.393216997
vt 0.341657996 0.393225998
vt 0.34593001 0.39437899
vt 0.34591499 0.394349009
vt 0.345865011 0.394392014
vt 0.345928013 0.394614995
vt 0.345826 0.394549012
vt 0.345827013 0.394630998
vt 0.345755011 0.394474
vt 0.345750004 0.394508988
vt 0.345759988 0.394499004
vt 0.346251011 0.395110995
vt 0.346222997 0.395179003
vt 0.346251011 0.39516601
vt 0.364486009 0.906543016
vt 0.364445001 0.906536996
vt 0.364454001 0.906594992
vt 0.364445001 0.906536996
vt 0.364436001 0.906593978
vt 0.364454001 0.906594992
vt 0.343300998 0.398876995
vt 0.343053997 0.398894012
vt 0.343228996 0.398945987
vt 0.344678015 0.390166998
vt 0.344731987 0.390134007
vt 0.344671011 0.390150011
vt 0.343726993 0.395779997
vt 0.343787014 0.395805001
vt 0.343784988 0.395787001
vt 0.343787014 0.395805001
vt 0.343726993 0.395779997
vt 0.343712986 0.395797014
vt 0.347961009 0.392517
vt 0.347932011 0.392471999
vt 0.347943008 0.392526001
vt 0.364526004 0.905138016
vt 0.36453101 0.905104995
vt 0.364504993 0.905134022
vt 0.346861005 0.392026007
vt 0.346816003 0.391972005
vt 0.346864998 0.392049998
vt 0.347768992 0.400528014
vt 0.347844005 0.400440007
vt 0.34779501 0.40042001
vt 0.346284986 0.395251989
vt 0.346255988 0.395274997
vt 0.346275985 0.39526999
vt 0.346255988 0.395274997
vt 0.346289009 0.395247996
vt 0.346276999 0.395235986
vt 0.344628006 0.390630007
vt 0.344666988 0.390680999
vt 0.344642997 0.39061299
vt 0.343809009 0.393624991
vt 0.343825996 0.393676013
vt 0.343845993 0.393620014
vt 0.345802993 0.394414991
vt 0.345768005 0.394264996
vt 0.345730007 0.394401014
vt 0.345761001 0.394777
vt 0.345827997 0.394758999
vt 0.345719993 0.394695014
vt 0.345719993 0.394695014
vt 0.345827997 0.394758999
vt 0.345741004 0.39468801
vt 0.346257001 0.395386994
vt 0.346161008 0.395402998
vt 0.346273988 0.395428985
vt 0.343780011 0.393808991
vt 0.343712002 0.393862009
vt 0.343766987 0.393880993
vt 0.345530003 0.394281
vt 0.345587999 0.394125015
vt 0.34552899 0.394129992
vt 0.343528003 0.393893987
vt 0.343614995 0.393918008
vt 0.34356001 0.393819988
vt 0.34356001 0.393819988
vt 0.343634009 0.393911988
vt 0.343679994 0.393866003
vt 0.36719501 0.905310988
vt 0.367132008 0.905350983
vt 0.367193997 0.905358016
vt 0.345647991 0.394134998
vt 0.345573008 0.394266993
vt 0.345652014 0.394270003
vt 0.345573008 0.394266993
vt 0.345647991 0.394134998
vt 0.345587999 0.394125015
vt 0.30992499 0.395731986
vt 0.309933007 0.395720989
vt 0.309924006 0.395714998
vt 0.312328011 0.393622994
vt 0.312326014 0.393617988
vt 0.312312007 0.393617004
vt 0.312561005 0.393743008
vt 0.312550008 0.393745989
vt 0.312561989 0.393748999
vt 0.312561989 0.393748999
vt 0.312550008 0.393745989
vt 0.312561989 0.393748999
vt 0.312216997 0.393833995
vt 0.312220991 0.39380601
vt 0.312207997 0.393824995
vt 0.312148005 0.393786013
vt 0.312142015 0.393801004
vt 0.312146008 0.393799007
vt 0.31141901 0.397078007
vt 0.311417013 0.397065997
vt 0.31140399 0.397065014
vt 0.311417013 0.397065997
vt 0.31141901 0.397078007
vt 0.311417997 0.397074014
vt 0.312191993 0.393898994
vt 0.312184006 0.393905997
vt 0.312191993 0.39389801
vt 0.312184006 0.393905997
vt 0.312177002 0.393896013
vt 0.312184006 0.393905997
vt 0.309812993 0.395689011
vt 0.309816986 0.395689994
vt 0.30982399 0.395693004
vt 0.311506003 0.398860991
vt 0.311502993 0.398847014
vt 0.311502993 0.398847014
vt 0.311329991 0.396934986
vt 0.311322987 0.396928996
vt 0.311322987 0.396932006
vt 0.311322987 0.396919996
vt 0.311322987 0.396921009
vt 0.311322987 0.396928996
vt 0.311471999 0.398999989
vt 0.311477005 0.398995996
vt 0.311464995 0.398999006
vt 0.311464995 0.398999006
vt 0.311477005 0.398995996
vt 0.311482996 0.398986012
vt 0.312332004 0.393251002
vt 0.312334001 0.393249989
vt 0.312325001 0.393251985
vt 0.311132997 0.397118002
vt 0.311129004 0.397114992
vt 0.311136007 0.397132993
vt 0.314253986 0.398362011
vt 0.314249992 0.398375988
vt 0.314253002 0.398369014
vt 0.310054004 0.395736992
vt 0.310041994 0.39576
vt 0.310014993 0.395806998
vt 0.310041994 0.39576
vt 0.310054004 0.395736992
vt 0.310041994 0.395740002
vt 0.315997988 0.400563985
vt 0.316000015 0.400552005
vt 0.315988988 0.400548995
vt 0.310036987 0.39568001
vt 0.310047001 0.395687997
vt 0.310038 0.395686001
vt 0.313766986 0.397422999
vt 0.313773006 0.397430003
vt 0.313773006 0.397430003
vt 0.314772993 0.395103991
vt 0.31477499 0.395090997
vt 0.314774007 0.39509201
vt 0.342963994 0.396952987
vt 0.34296 0.396952987
vt 0.342963994 0.396952987
vt 0.342963994 0.396952987
vt 0.34296 0.396952987
vt 0.342945993 0.396948993
vt 0.342945993 0.396948993
vt 0.34296 0.396952987
vt 0.342958003 0.396943003
vt 0.31189099 0.393581003
vt 0.311899006 0.393586993
vt 0.311906993 0.393555999
vt 0.311935008 0.393469006
vt 0.311942995 0.393460989
vt 0.311942995 0.393458009
vt 0.311223 0.396838993
vt 0.31121999 0.396847993
vt 0.311228991 0.396845996
vt 0.311228991 0.396845996
vt 0.31121999 0.396847993
vt 0.311230987 0.396847993
vt 0.31190601 0.393510997
vt 0.31189999 0.393521011
vt 0.311930001 0.393521011
vt 0.31189999 0.393521011
vt 0.311906993 0.393555999
vt 0.309500009 0.395936996
vt 0.309498996 0.395940989
vt 0.309500009 0.395938009
vt 0.309500009 0.395938009
vt 0.309498996 0.395940989
vt 0.309505999 0.395958006
vt 0.314128995 0.398045987
vt 0.314139009 0.39803499
vt 0.314139009 0.398032993
vt 0.347353011 0.399998993
vt 0.347357005 0.399991989
vt 0.347339988 0.400000989
vt 0.313708007 0.397237003
vt 0.313704997 0.397240996
vt 0.311165005 0.397179008
vt 0.365013003 0.903149009
vt 0.365009993 0.903141975
vt 0.365007013 0.903146982
vt 0.312243998 0.393904001
vt 0.312256008 0.393907011
vt 0.312265992 0.393902987
vt 0.30972001 0.395880997
vt 0.309733987 0.395893991
vt 0.309742987 0.395877987
vt 0.314141005 0.398297995
vt 0.314150989 0.398301989
vt 0.314141989 0.398294985
vt 0.313553989 0.397742003
vt 0.313551992 0.397747993
vt 0.313553989 0.397742987
vt 0.313414991 0.397713989
vt 0.313416988 0.397722989
vt 0.313414991 0.397713989
vt 0.315829009 0.39566499
vt 0.315825999 0.395649999
vt 0.315820009 0.395648986
vt 0.312449008 0.393254012
vt 0.312460005 0.393245995
vt 0.312460989 0.393236011
vt 0.313506007 0.397846013
vt 0.31398201 0.398398012
vt 0.313515007 0.397861004
vt 0.364445001 0.906507015
vt 0.364486009 0.906543016
vt 0.364497989 0.906543016
vt 0.309841007 0.395729989
vt 0.30992499 0.395731986
vt 0.309922993 0.395709008
vt 0.342537999 0.396535993
vt 0.342510015 0.396548003
vt 0.342507988 0.39656201
vt 0.313681006 0.397579998
vt 0.313787013 0.397578001
vt 0.31377399 0.397561014
vt 0.309938014 0.395639002
vt 0.309890002 0.395633012
vt 0.309935004 0.395651013
vt 0.309983999 0.395765007
vt 0.309926987 0.395738006
vt 0.30993101 0.395743996
vt 0.31647101 0.400929987
vt 0.316426992 0.400923014
vt 0.316493005 0.400950015
vt 0.36510101 0.90299499
vt 0.365078986 0.903007984
vt 0.365101993 0.903002977
vt 0.315501004 0.396876991
vt 0.315544993 0.396961004
vt 0.315513015 0.396874011
vt 0.311513007 0.398900986
vt 0.311446995 0.39884001
vt 0.311416 0.39884299
vt 0.312326014 0.393617988
vt 0.312274009 0.393489987
vt 0.312323987 0.393613994
vt 0.309579998 0.396010011
vt 0.309513003 0.395947993
vt 0.309578001 0.396016985
vt 0.311132997 0.397118002
vt 0.311165005 0.397179008
vt 0.311219007 0.397188991
vt 0.312485993 0.393886
vt 0.31248799 0.393923014
vt 0.312507987 0.393887997
vt 0.363435 0.904523015
vt 0.363426 0.90455699
vt 0.363433987 0.904546022
vt 0.315829992 0.395503998
vt 0.315788001 0.395516008
vt 0.315798014 0.395523995
vt 0.310041994 0.395711988
vt 0.310047001 0.395687997
vt 0.310036987 0.39568001
vt 0.315973014 0.400559008
vt 0.315988988 0.400536001
vt 0.315977007 0.400546998
vt 0.311031014 0.398384988
vt 0.311033994 0.398306012
vt 0.311019987 0.398384988
vt 0.309747994 0.395644993
vt 0.309749991 0.395673007
vt 0.309763998 0.395680994
vt 0.342945993 0.396948993
vt 0.345604986 0.392861992
vt 0.342965007 0.39696601
vt 0.364733011 0.90289098
vt 0.364688993 0.902871013
vt 0.364688993 0.902888
vt 0.31409201 0.398126006
vt 0.314069003 0.398124009
vt 0.314078987 0.398146987
vt 0.342388004 0.397103995
vt 0.342310995 0.397148013
vt 0.342321008 0.397170007
vt 0.314117014 0.398304999
vt 0.314139009 0.398315012
vt 0.314123988 0.398297012
vt 0.311425 0.397119999
vt 0.311453998 0.397112012
vt 0.311437994 0.397091001
vt 0.364960998 0.90319097
vt 0.364977986 0.903168023
vt 0.364946008 0.90319097
vt 0.314217001 0.398371011
vt 0.314249992 0.398375988
vt 0.314253986 0.398362011
vt 0.309590995 0.395844996
vt 0.309563994 0.395900995
vt 0.309576005 0.395920008
vt 0.314112008 0.398286015
vt 0.314141005 0.398285002
vt 0.314137012 0.398256987
vt 0.319489002 0.402754992
vt 0.319507003 0.402772009
vt 0.319496006 0.402758986
vt 0.314092994 0.398077995
vt 0.314139009 0.39803499
vt 0.314123005 0.398039013
vt 0.344532013 0.397540003
vt 0.340882003 0.394362003
vt 0.344547987 0.397547007
vt 0.31416899 0.400956988
vt 0.314200014 0.400981009
vt 0.314204991 0.400958002
vt 0.314096987 0.398218006
vt 0.31409201 0.398126006
vt 0.314087003 0.398180991
vt 0.311553001 0.396596998
vt 0.31159699 0.396560997
vt 0.311589003 0.39655301
vt 0.312460989 0.393236011
vt 0.312436998 0.393177003
vt 0.312436998 0.393254995
vt 0.312337995 0.393727005
vt 0.312216997 0.393833995
vt 0.312377989 0.393730015
vt 0.314137012 0.398256987
vt 0.314177006 0.398263991
vt 0.314179003 0.398238987
vt 0.31407699 0.398294985
vt 0.313977003 0.398303986
vt 0.314081997 0.398308992
vt 0.314747989 0.393256992
vt 0.314828992 0.393260002
vt 0.314832002 0.393249005
vt 0.311535001 0.398871005
vt 0.311520994 0.398840994
vt 0.311506003 0.398860991
vt 0.311475992 0.396741003
vt 0.311457008 0.396815985
vt 0.311491996 0.396752
vt 0.313733995 0.397879004
vt 0.313650012 0.397736013
vt 0.313659996 0.397810996
vt 0.364354014 0.906503975
vt 0.364385009 0.906504989
vt 0.364367992 0.906491995
vt 0.342436999 0.397092015
vt 0.342388004 0.397103995
vt 0.342426986 0.397103995
vt 0.312460005 0.393682986
vt 0.312388003 0.393662989
vt 0.312371999 0.393685013
vt 0.31377399 0.397561014
vt 0.313782007 0.397522002
vt 0.313769996 0.397525012
vt 0.314110011 0.398494005
vt 0.313993007 0.398458987
vt 0.313995987 0.398469001
vt 0.314188004 0.398393989
vt 0.314188004 0.398315012
vt 0.314179003 0.398398012
vt 0.311558992 0.398833007
vt 0.311587006 0.398768008
vt 0.311545014 0.398831993
vt 0.310009003 0.395815015
vt 0.309983999 0.395765007
vt 0.309998006 0.395821989
vt 0.30972001 0.395880997
vt 0.309751004 0.395801991
vt 0.30972901 0.395790011
vt 0.314669013 0.393436998
vt 0.314664006 0.393449008
vt 0.314727992 0.393498987
vt 0.314669013 0.393436998
vt 0.314637005 0.393285006
vt 0.314660013 0.393362999
vt 0.311511993 0.398712009
vt 0.311432004 0.398719013
vt 0.31141901 0.398728013
vt 0.311262012 0.397161007
vt 0.311338007 0.397206992
vt 0.311257988 0.39714399
vt 0.314653993 0.395287007
vt 0.314669997 0.39537099
vt 0.314662993 0.395283014
vt 0.312344998 0.393278003
vt 0.312397003 0.393276006
vt 0.312397003 0.393258989
vt 0.312435001 0.393602997
vt 0.312472999 0.39360401
vt 0.312478006 0.393590987
vt 0.309841007 0.395729989
vt 0.309812993 0.395689011
vt 0.309819996 0.39575699
vt 0.312337995 0.393727005
vt 0.312310994 0.393671006
vt 0.312305987 0.393680006
vt 0.311590999 0.396629989
vt 0.311576992 0.396631986
vt 0.311589003 0.396643996
vt 0.309657007 0.395702004
vt 0.309756994 0.395731986
vt 0.309756011 0.395711988
vt 0.311551005 0.396997005
vt 0.311506987 0.397114992
vt 0.311571002 0.397002012
vt 0.31476301 0.393175989
vt 0.314823002 0.393168986
vt 0.314817011 0.393150002
vt 0.311634988 0.396643013
vt 0.31161499 0.396640003
vt 0.311637014 0.396661997
vt 0.366097987 0.907190025
vt 0.366120011 0.907180011
vt 0.366095006 0.907181978
vt 0.309819013 0.395861
vt 0.309960991 0.395835012
vt 0.309958994 0.395823985
vt 0.312451005 0.393097013
vt 0.312436998 0.393177003
vt 0.312460989 0.393236011
vt 0.313656002 0.397549987
vt 0.313591987 0.397552013
vt 0.313594013 0.39756301
vt 0.31141901 0.399147004
vt 0.311421007 0.399067998
vt 0.311408013 0.399147004
vt 0.364737004 0.902785003
vt 0.364784002 0.902776003
vt 0.366632998 0.902972996
vt 0.312213004 0.393925011
vt 0.312362999 0.393934011
vt 0.312216997 0.393922001
vt 0.31200999 0.393866003
vt 0.311345994 0.396504015
vt 0.311401993 0.396477997
vt 0.313564986 0.397736996
vt 0.31359899 0.397709996
vt 0.313551009 0.397733986
vt 0.312519997 0.393444002
vt 0.312447011 0.3935
vt 0.312445998 0.393519014
vt 0.313681006 0.397579998
vt 0.313668013 0.397554994
vt 0.313668013 0.397590011
vt 0.31476599 0.395089
vt 0.314696014 0.395103008
vt 0.314769 0.395114005
vt 0.344168991 0.390417993
vt 0.344273001 0.390395999
vt 0.344175994 0.390249997
vt 0.344291002 0.390251011
vt 0.344175994 0.390249997
vt 0.344188988 0.390237987
vt 0.363056988 0.904735982
vt 0.363011986 0.904812992
vt 0.363043994 0.904814005
vt 0.366953999 0.907603979
vt 0.366935998 0.907553971
vt 0.366919011 0.907600999
vt 0.343712986 0.395797014
vt 0.343701988 0.395828992
vt 0.343787014 0.395805001
vt 0.354027987 0.400173008
vt 0.345333993 0.394012004
vt 0.344604999 0.390123993
vt 0.342388004 0.397103995
vt 0.341529012 0.393207014
vt 0.341538012 0.393272012
vt 0.341888011 0.392829001
vt 0.341897011 0.392737001
vt 0.341807008 0.392780006
vt 0.341816992 0.39271301
vt 0.343739986 0.393734008
vt 0.347768992 0.400528014
vt 0.347822011 0.400516987
vt 0.343773991 0.393671006
vt 0.344599009 0.390720993
vt 0.344666988 0.390680999
vt 0.344612002 0.390679985
vt 0.344628006 0.390630007
vt 0.344581008 0.390807986
vt 0.344668001 0.390742987
vt 0.344599009 0.390720993
vt 0.344653994 0.39083299
vt 0.315109998 0.400224
vt 0.315108001 0.40021199
vt 0.315075994 0.400234997
vt 0.315075994 0.400247991
vt 0.365318 0.907693028
vt 0.365323007 0.907638013
vt 0.365301996 0.907637
vt 0.365292013 0.907706022
vt 0.34178099 0.393025994
vt 0.341746002 0.392964005
vt 0.341722995 0.393092006
vt 0.341778994 0.393049002
vt 0.314117014 0.398373991
vt 0.319507003 0.402772009
vt 0.319489002 0.402754992
vt 0.314114988 0.398364007
vt 0.346345991 0.395422995
vt 0.346298009 0.395381004
vt 0.346320987 0.395442009
vt 0.346338987 0.395437002
vt 0.365096003 0.902692974
vt 0.365125 0.902706981
vt 0.365130007 0.902635992
vt 0.365096986 0.902634978
vt 0.345955998 0.394645989
vt 0.345842004 0.39467901
vt 0.346127987 0.395153999
vt 0.345997006 0.394724995
vt 0.345842004 0.39467901
vt 0.345955998 0.394645989
vt 0.345928013 0.394614995
vt 0.345827013 0.394630998
vt 0.342902988 0.398063987
vt 0.341735005 0.392686009
vt 0.341751993 0.39271
vt 0.34295699 0.398131013
vt 0.342144012 0.392930001
vt 0.342040002 0.393034995
vt 0.342182994 0.393065006
vt 0.342224002 0.393056005
vt 0.344617993 0.390208989
vt 0.344621986 0.390271008
vt 0.344675004 0.390289992
vt 0.344628006 0.390192986
vt 0.343602985 0.393761992
vt 0.343643993 0.393687993
vt 0.343567997 0.39368099
vt 0.343511999 0.393736988
vt 0.343142003 0.398665994
vt 0.341802001 0.393384993
vt 0.341908991 0.393429995
vt 0.343300998 0.398876995
vt 0.345820993 0.394470006
vt 0.345889002 0.394448012
vt 0.345865011 0.394392014
vt 0.345802993 0.394414991
vt 0.34781301 0.400543988
vt 0.347768992 0.400528014
vt 0.347820997 0.400676996
vt 0.347874999 0.400664985
vt 0.34356001 0.393819988
vt 0.343602985 0.393761992
vt 0.343511999 0.393736988
vt 0.343492001 0.393790007
vt 0.364885002 0.903127015
vt 0.364901006 0.903137028
vt 0.364901006 0.903119028
vt 0.364883989 0.903108001
vt 0.347357988 0.399962008
vt 0.347425014 0.399904996
vt 0.347357988 0.399901986
vt 0.347346008 0.399913013
vt 0.364977986 0.903168023
vt 0.364960998 0.90319097
vt 0.365029007 0.903182983
vt 0.365011007 0.903154016
vt 0.343263 0.39854899
vt 0.343192995 0.398474008
vt 0.343115985 0.398550004
vt 0.343142003 0.398665994
vn -0.416694403 0.851388574 0.318595707
vn -0.38880536 0.868912041 0.306304246
vn -0.247603908 0.913114369 0.32390511
vn 0.864870369 0.110496216 0.489683241
vn 0.574917614 -0.186705738 0.796624482
vn 0.509485662 -0.00239993259 0.860475779
vn 0.995185912 0.086698778 0.0456993505
vn 0.995185912 0.086698778 0.0456993505
vn 0.995185912 0.086698778 0.0456993505
vn -0.335898429 -0.476297796 0.812596202
vn -0.231388882 -0.471877277 0.850759089
vn -0.388394564 -0.424894094 0.817688644
vn -0.126505837 0.580826819 0.804137111
vn -0.163795933 0.647583902 0.744181514
vn -0.313705564 0.430707663 0.84621501
vn -0.880908787 -0.469804645 0.0573005676
vn -0.901508331 -0.414103806 0.125701159
vn -0.90899986 -0.39289993 0.13909997
vn 0.726509511 0.581507623 0.366104811
vn 0.671392381 0.586693347 0.45279485
vn 0.67831111 0.601009846 0.422706902
vn 0.288988173 0.924062192 -0.250189781
vn 0.313509285 0.922027409 -0.22710675
vn 0.385795355 0.8825894 -0.268696785
vn -0.993132651 0.0729023963 0.0915030092
vn -0.993877351 0.0824981257 -0.0734983236
vn -0.989861608 0.119095378 0.0773969963
vn -0.899406493 0.436303169 -0.0266001914
vn -0.9229877 0.3835949 0.0307995901
vn -0.894545913 0.409521013 0.179109201
vn -0.0886020213 -0.104002371 -0.99062258
vn -0.0351003893 0.0484005325 -0.998211026
vn -0.0701999515 -0.0453999676 -0.9964993
vn -0.127905726 -0.667729855 -0.733332753
vn -0.127796888 -0.668683648 -0.732482135
vn -0.127803117 -0.667216361 -0.733817935
vn -0.992539108 0.120804764 0.01650065
vn -0.997084081 0.0549991205 -0.0528991595
vn -0.991899133 0.0980999097 -0.0806999281
vn -0.924736559 0.380515009 0.00840033125
vn -0.742236435 0.668132782 -0.0518025421
vn -0.823586464 0.563290715 -0.0663989112
vn -0.878399134 -0.134199873 0.458699554
vn -0.865723848 -0.0104002859 0.500413775
vn -0.878373027 -0.0350989215 0.476685345
vn 0.459794343 -0.519393563 0.720291138
vn 0.638779283 -0.467484802 0.61108017
vn 0.684444129 -0.188612148 0.704245389
vn 0.457991123 -0.837983787 0.296694249
vn 0.494583756 -0.815973222 0.29929015
vn 0.420808345 -0.826416373 0.37410742
vn 0.888903499 -0.447001755 0.100200392
vn 0.888531685 -0.448616028 0.0962034315
vn 0.88869226 -0.44799608 0.0975991413
vn 0.214695707 0.958180845 -0.189196214
vn 0.106904499 0.99014169 -0.0905038044
vn 0.0181998108 0.998789489 -0.0456995182
vn 0.00369982701 0.999753296 0.0218989775
vn 0.108595766 0.967162311 -0.229791045
vn -0.00659996131 0.991094172 -0.132999212
vn 0.118299268 0.991193831 -0.0594996326
vn 0.33930853 0.0423010625 -0.939723611
vn 0.340215772 -0.0027001251 -0.940343499
vn 0.494706482 -0.00920012034 -0.869011402
vn -0.310383439 0.92925036 0.200389281
vn -0.207892194 0.960363925 0.185693026
vn -0.255796641 0.952787399 0.163597837
vn 0.416012019 -0.0365010537 0.908626199
vn 0.41431129 0.160204366 0.895924449
vn 0.410112947 0.0449014157 0.910928726
vn 0.361799061 0.914397657 -0.181599542
vn 0.322687477 0.925864041 -0.196592361
vn 0.396093875 0.91698581 -0.0473992676
vn -0.260994017 0.946778297 -0.188395679
vn -0.243795082 0.934881151 -0.257994801
vn -0.256406546 0.932623804 -0.253906459
vn -0.901364863 0.399984419 0.165993527
vn -0.883765101 0.464781612 0.054197859
vn -0.899578691 0.426589906 0.0936977714
vn -0.877816558 0.452708572 -0.156502947
vn -0.875778615 0.46648863 -0.124096967
vn -0.877925396 0.462913424 -0.122303538
vn 0.591994464 -0.486695439 -0.642394006
vn 0.591994464 -0.486695439 -0.642394006
vn 0.591994464 -0.486695439 -0.642394006
vn -0.905697346 0.420698762 -0.0521998443
vn -0.947587371 0.319495738 0.000899987994
vn -0.901977003 0.430788994 -0.0292992517
vn 0.211697832 0.331796587 -0.919290543
vn 0.123002388 0.264105111 -0.956618547
vn 0.140304461 0.380612105 -0.914029002
vn 0.292982757 -0.596964896 0.746856093
vn 0.277685612 -0.620067894 0.733761966
vn 0.277987868 -0.604573607 0.746467412
vn -0.998186886 -0.0340995491 0.0495993495
vn -0.959947884 -0.277684927 0.037297979
vn -0.97543484 -0.213207617 0.0554019809
vn 0.371107042 0.925917506 0.0704013333
vn 0.353303045 0.916607857 0.187101603
vn 0.555922508 0.817933142 0.148106009
vn -0.934887052 0.320895553 0.151697904
vn -0.922323108 0.367509216 0.119402997
vn -0.941720068 0.3323071 0.0523011163
vn -0.881979167 -0.464989036 -0.0767981857
vn -0.852821231 -0.518412888 -0.0628015622
vn -0.927330256 -0.334010899 -0.16880551
vn -0.941932738 0.176606134 -0.285609931
vn -0.993407488 0.0187001415 -0.113100857
vn -0.995646179 0.0445020646 -0.0819038004
vn 0.138704866 -0.968734026 0.205707222
vn 0.176897764 -0.955787957 0.234897032
vn 0.176897764 -0.955787957 0.234897032
vn -0.981139362 -0.185807452 0.053302139
vn -0.997899294 -0.0117999921 -0.0636999533
vn -0.989578903 -0.0672985613 0.127297267
vn 0.311107606 -0.940822959 0.134403273
vn 0.157299504 -0.951997101 0.2625992
vn 0.284797907 -0.935993195 0.206898496
vn 0.814136684 0.201409072 0.544624507
vn 0.938781619 -0.21549578 0.268794715
vn 0.946543813 0.0755034909 0.313614517
vn 0.853362858 -0.416981846 0.312886387
vn 0.932889223 -0.31079638 0.181997895
vn 0.894180655 -0.0559987873 0.444190383
vn 0.341106296 -0.883116245 0.322105944
vn 0.294405311 -0.897116125 0.329405934
vn 0.347199827 -0.887799501 0.302099824
vn 0.721268773 -0.57017535 0.39328298
vn 0.841439486 -0.540325344 -0.00530024851
vn 0.856478631 -0.515787125 0.0201994944
vn -0.306693733 -0.899981618 0.309793681
vn -0.306693733 -0.899981618 0.309793681
vn -0.307411522 -0.899833739 0.309511602
vn 0.160002455 0.163302496 -0.973514974
vn 0.263705879 0.0586013086 -0.962821484
vn 0.111003488 -0.0278008711 -0.993431151
vn -0.46770063 -0.883401155 -0.0293000359
vn -0.480325907 -0.87374717 -0.0765041262
vn -0.480325907 -0.87374717 -0.0765041262
vn -0.0795022473 -0.618917525 0.781422138
vn -0.0312990509 -0.606881499 0.794175863
vn -0.105199181 -0.571695507 0.813693643
vn -0.931100965 -0.035800036 0.363000393
vn -0.946189106 -0.0332996175 0.321896315
vn -0.946977913 -0.104897551 0.303692907
vn -0.0717992261 -0.0160998255 -0.997289181
vn 0.12440218 -0.0548009612 -0.990717351
vn -0.0356995352 -0.0611991994 -0.997486949
vn 0.0981972367 -0.019699445 -0.994971991
vn 0.16450125 -0.0117000882 -0.986307442
vn 0.143895954 -0.0912974402 -0.985372365
vn -0.170903638 0.978820801 0.112702392
vn -0.200098753 0.954294026 0.221998617
vn -0.144199759 0.984298348 0.101799831
vn 0.583402634 0.808103621 0.0813003629
vn 0.615796566 0.78789556 -0.00389997801
vn 0.510189295 0.857882023 -0.0611987151
vn -0.335490137 0.941972315 0.0115996599
vn -0.100599818 0.994098186 0.0405999273
vn -0.255495727 0.964883924 -0.0609989874
vn 0.4086079 -0.155203 -0.8994174
vn 0.4086079 -0.155203 -0.8994174
vn 0.4086079 -0.155203 -0.8994174
vn -0.982244313 0.133306012 0.132005945
vn -0.985419273 0.148802921 0.0825016126
vn -0.984505594 0.144800842 0.098900564
vn -0.394299984 0.915899873 0.0751999915
vn -0.272495776 0.900986016 0.337594748
vn -0.445504367 0.888508737 0.109901085
vn -0.705592513 0.689092696 -0.165198237
vn -0.662465155 0.616667569 -0.425277621
vn -0.861516774 0.501209736 -0.0811015815
vn 0.291391462 0.281091779 0.914373219
vn 0.254887998 0.261087686 0.931056142
vn 0.0953012332 0.202602625 0.974612653
vn -0.988497734 0.0746998265 -0.131499708
vn -0.99102813 0.0486013778 -0.124503538
vn -0.989950955 0.0365981869 -0.136593238
vn -0.640308321 0.749609768 0.167602181
vn -0.721361637 0.659764886 0.210588798
vn -0.573108017 0.814411461 0.0910012722
vn 0.365379959 0.927449167 0.0795956329
vn 0.423087656 0.869174659 0.255992562
vn 0.452804565 0.888208866 0.0778007805
vn 0.354409397 0.917424321 0.180904791
vn 0.227300331 0.954101384 0.195000276
vn -0.763584971 0.642587364 0.0633987561
vn -0.748448312 0.651742101 0.122707918
vn -0.759412766 0.650510907 -0.0113001904
vn -0.580898941 -0.108599782 0.806698442
vn -0.577670753 -0.0996949375 0.810158908
vn -0.580898941 -0.108599782 0.806698442
vn 0.365802735 0.71070534 0.600904524
vn 0.336094558 0.71988833 0.607290149
vn 0.349192321 0.697284698 0.625986218
vn -0.386407375 0.911017358 -0.144002736
vn -0.44358936 0.88867873 -0.116097212
vn -0.383411825 0.920928419 -0.0699021518
vn -0.90936476 0.397984594 0.121095315
vn -0.910374463 0.396988899 0.11669673
vn -0.904007971 0.407903612 0.128001139
vn 0.895284772 0.445192426 -0.0163997225
vn 0.903817952 0.427508503 -0.0187003724
vn 0.89278388 0.446591914 -0.0590989292
vn -0.343482226 0.00379980379 -0.939151466
vn -0.103297047 -0.0806976929 -0.991371632
vn -0.257599801 0.0687999502 -0.963799238
vn 0.0381020196 -0.411421806 -0.910648286
vn -0.157102063 -0.318504184 -0.934812248
vn 0.037198592 -0.201592356 -0.978762925
vn -0.394879609 -0.745761514 -0.536572278
vn -0.402303159 -0.743705869 -0.533904195
vn -0.400107771 -0.743014395 -0.536510408
vn 0.0375983492 -0.104095429 -0.99385637
vn 0.149007678 -0.166308567 -0.974750221
vn -0.0572009496 -0.201503351 -0.977816224
vn -0.171592146 0.186491475 -0.967355728
vn 0.173298553 0.27259773 -0.946392119
vn 0.564882755 -0.114596508 -0.81717509
vn 0.0627994388 -0.888992131 0.453595966
vn 0.377499789 -0.878199458 0.293699831
vn 0.120996095 -0.910770595 0.394787252
vn 0.297488838 0.20359236 0.932764947
vn 0.297488838 0.20359236 0.932764947
vn 0.297488838 0.20359236 0.932764947
vn -0.951321781 0.207804754 0.227605194
vn -0.951321781 0.207804754 0.227605194
vn -0.951321781 0.207804754 0.227605194
vn -0.441711247 -0.380609691 0.812420666
vn -0.441711247 -0.380609691 0.812420666
vn -0.441711247 -0.380609691 0.812420666
vn 0.61550492 -0.588704765 0.524004221
vn 0.558266342 -0.603363574 0.569465697
vn 0.578896642 -0.597096562 0.555296779
vn 0.899104953 0.42430234 0.107600592
vn 0.899104953 0.42430234 0.107600592
vn 0.899104953 0.42430234 0.107600592
vn -0.18209812 -0.441495448 0.878590941
vn -0.282409102 -0.482315511 0.829226673
vn -0.128899634 -0.595698357 0.792797744
vn -0.906198144 0.382299215 -0.180699632
vn -0.911985338 0.385193795 -0.141097724
vn -0.919624627 0.380810201 -0.0963025764
vn -0.935547054 0.323616266 -0.141507119
vn -0.897579551 0.416290492 -0.145096689
vn -0.908903539 0.353001356 -0.222000867
vn -0.878732324 0.451616615 -0.15450567
vn -0.869592071 -0.442795962 -0.218498021
vn -0.904432714 -0.384413928 -0.185006693
vn -0.937341034 -0.32661429 -0.121305309
vn 0.674756229 -0.675256252 0.297880679
vn 0.762928843 -0.584222138 0.276810467
vn 0.511792302 -0.786488175 0.34569481
vn -0.904904723 -0.407302111 0.123500645
vn -0.899489522 -0.420595109 0.118398614
vn -0.900981128 -0.413291335 0.131997228
vn -0.182099268 -0.42539829 0.886496484
vn -0.0281992182 -0.557084501 0.829976916
vn 0.00669993134 -0.37699616 0.926190555
vn -0.43388626 -0.900771439 -0.0187994037
vn -0.44769758 -0.88899523 0.0961994827
vn -0.523398042 -0.834896803 -0.170299351
vn -0.487513036 -0.830122173 0.270607203
vn -0.515509188 -0.799614191 0.308005482
vn -0.528082013 -0.829571724 0.181493819
vn 0.191094249 -0.949071407 0.250492454
vn 0.0207008719 -0.986341536 0.163406879
vn 0.211808428 -0.970038652 0.119004741
vn 0.150696427 0.713283062 0.684483767
vn 0.150696427 0.713283062 0.684483767
vn 0.150696427 0.713283062 0.684483767
vn -0.0662994832 0.534295857 -0.842693448
vn -0.0596995577 0.263198048 -0.96289283
vn -0.0484018102 0.306511462 -0.950635552
vn 0.361398011 -0.864795208 0.348598093
vn 0.127705529 -0.915539622 0.3814165
vn 0.263212055 -0.94764334 0.180808276
vn 0.144896746 -0.975778103 -0.163896337
vn 0.228793442 -0.938473046 -0.258692592
vn 0.321891338 -0.907075584 -0.271292657
vn -0.00810031965 0.996339202 -0.0851033479
vn 0.0289007071 0.99872452 -0.0414010175
vn 0.0211992562 0.997165024 -0.0721974671
vn 0.466828734 0.881254256 0.0739045441
vn 0.466119826 0.881737471 0.0726030841
vn 0.466119826 0.881737471 0.0726030841
vn 0.0479010865 0.257005841 0.965221941
vn 0.00440014806 0.330111146 0.943931818
vn 0.0479010865 0.257005841 0.965221941
vn -0.970874369 0.23639375 0.0389989689
vn -0.972562134 0.230891019 0.0284988917
vn -0.968329668 0.247307584 0.03430105
vn 0.957657993 -0.281087667 0.0622972623
vn 0.968649924 -0.230888084 -0.091695264
vn 0.928283155 -0.360993445 0.089298375
vn -0.696186423 0.717485964 -0.0231995471
vn -0.736115634 0.67431432 0.0586012416
vn -0.729193509 0.681793928 0.0585994795
vn 0.592401147 -0.0559001043 -0.80370152
vn 0.558304071 -0.121400878 -0.82070595
vn 0.564813852 -0.0497012176 -0.823720217
vn -0.528984129 0.823575258 -0.204693854
vn -0.502894521 0.851790667 -0.146798387
vn -0.554909766 0.813014328 -0.176303104
vn 0.975509703 -0.0842008442 0.203202024
vn 0.970656991 0.0134994015 0.240089357
vn 0.983852744 -0.00500026811 0.178909585
vn 0.982927144 -0.0996027514 0.154704258
vn 0.978211522 -0.0643007532 0.197402328
vn 0.856213689 0.128802076 0.500307977
vn 0.8169806 0.17209591 0.550386965
vn 0.833019912 0.17950429 0.523312509
vn 0.0830033943 0.0147006027 -0.996440828
vn 0.0107997926 -0.0728985891 -0.997280836
vn -0.0464994684 -0.0160998162 -0.998788536
vn 0.0791970566 -0.186993048 0.979163587
vn 0.0601999834 -0.183899954 0.981099784
vn 0.108998179 -0.248095855 0.962583899
vn -0.271503836 0.351604968 0.895912707
vn -0.139904559 0.1349044 0.980931938
vn -0.232394651 0.483588904 0.843880653
vn -0.960278273 0.255494207 -0.112197459
vn -0.926696301 0.369898528 -0.0663997382
vn -0.934502542 0.338500917 -0.110100307
vn -0.842773974 0.137595743 -0.520383894
vn -0.842773974 0.137595743 -0.520383894
vn -0.842773974 0.137595743 -0.520383894
vn 0.631406307 -0.2722027 -0.726107299
vn 0.620502234 -0.273400992 -0.735002637
vn 0.609202325 -0.236900896 -0.756802857
vn 0.0275011212 -0.0629025623 0.997640729
vn -0.101804033 -0.188207433 0.976838648
vn -0.200694486 -0.413788646 0.887975633
vn -0.69536531 -0.540373087 0.47377637
vn -0.795120358 -0.24690634 0.553914249
vn -0.782992542 -0.306997091 0.540994883
vn -0.12280082 0.235001564 -0.964206457
vn 0.00400009518 0.135103211 -0.990823507
vn -0.0699030608 0.179107845 -0.981342971
vn -0.848078847 0.327691823 0.416389614
vn -0.850519836 0.328407645 0.410809606
vn -0.852767646 0.329687476 0.40508461
vn 0.375193506 0.921184063 -0.103198215
vn 0.370898306 0.922695756 0.105199516
vn 0.425697386 0.898694456 0.10549935
vn 0.912415028 0.374706179 -0.164602712
vn 0.906682551 0.397692353 -0.140597284
vn 0.921074927 0.37888968 -0.0897975564
vn -0.11380136 -0.390104651 0.913710892
vn 0.0047001373 -0.402911782 0.915226758
vn -0.109694801 -0.436979294 0.892757654
vn -0.238108128 0.962832868 -0.127504349
vn -0.236306578 0.958926678 -0.156904384
vn -0.244795457 0.958882153 -0.14359732
vn -0.022600485 0.972020864 -0.233805016
vn -0.0489980988 0.97386229 -0.221791402
vn -0.0161997713 0.97818619 -0.207097083
vn 0.730993748 -0.389796704 0.560095191
vn 0.600006461 -0.542005837 0.588406324
vn 0.713810503 -0.484807163 0.505407393
vn 0.626291633 0.116798446 0.770789742
vn 0.624190092 0.201696813 0.754788101
vn 0.654105306 0.0902007297 0.751006067
vn -0.877313554 -0.471307248 -0.0905013904
vn -0.915324152 -0.389110237 -0.103802733
vn -0.895656347 -0.434678853 -0.0940954164
vn -0.656313896 -0.726915359 0.202104256
vn -0.592515528 -0.788520694 0.164804325
vn -0.532102704 -0.838104188 0.120200597
vn -0.866777956 -0.494387418 -0.0653983355
vn -0.904514432 -0.423606724 -0.0491007827
vn -0.882626712 -0.461513966 -0.0893026963
vn -0.0603996888 0.992094815 -0.109999426
vn -0.0603996888 0.992094815 -0.109999426
vn -0.0603996888 0.992094815 -0.109999426
vn 0.425816953 -0.0374014899 0.904035985
vn 0.322099894 -0.0813999772 0.943199694
vn 0.343018293 -0.0885047242 0.935149908
vn -0.0951976553 -0.982775748 0.158396095
vn -0.0589991175 -0.952585697 0.298495531
vn 0.0254000761 -0.998303056 -0.0524001606
vn 0.518898845 0.836098194 0.177999616
vn 0.544012487 0.818018734 0.18680428
vn 0.546218097 0.821827292 0.16200538
vn 0.539987266 0.737282574 0.405990392
vn 0.539791763 0.737588823 0.405693829
vn 0.546111822 0.727915764 0.414608955
vn -0.943673253 -0.242793113 -0.224793643
vn -0.925079226 -0.314692944 -0.212595209
vn -0.925079226 -0.314692944 -0.212595209
vn 0.836679935 0.158396184 0.524287403
vn 0.901034892 0.119304612 0.417016119
vn 0.879264593 0.172293067 0.444082111
vn 0.965278745 -0.235994801 0.11199753
vn 0.857208431 -0.454404444 0.242302373
vn 0.964887917 -0.216997281 0.147998154
vn 0.732598484 -0.41279918 -0.54119885
vn 0.669214427 -0.252605438 -0.698815048
vn 0.691909134 -0.246203229 -0.678708911
vn 0.34691903 -0.100905545 -0.932451189
vn 0.36680609 -0.0184003059 -0.930115461
vn 0.361699969 -0.126299992 -0.923699856
vn 0.0546016581 -0.162904933 -0.985129833
vn 0.0455002859 -0.141400889 -0.988906264
vn 0.089399986 -0.157899976 -0.983399808
vn 0.861026108 0.268808156 0.431713104
vn 0.879261255 0.280787617 0.38478303
vn 0.906396508 0.227399141 0.355998635
vn 0.987626374 -0.105202802 0.116303109
vn 0.998381615 0.0227995813 0.0520990416
vn 0.980437458 -0.0210008007 0.195707485
vn 0.995450199 -0.0736963153 0.0603969768
vn 0.998592794 -0.0184998661 0.0496996418
vn 0.991394818 0.0114999395 0.130399317
vn 0.938818574 -0.338106662 0.0656012967
vn 0.921019197 -0.385908037 0.0529011041
vn 0.941159904 -0.336385667 0.032598611
vn 0.00609984808 -0.164395913 -0.986375511
vn -0.0409016982 -0.192007974 -0.980540693
vn -0.0140999053 -0.156398937 -0.987593353
vn 0.960548878 0.242087126 0.136892691
vn 0.960800707 0.243200198 0.133100092
vn 0.960633397 0.242308423 0.135904729
vn -0.996032536 -0.0732023939 0.0506016538
vn -0.991191685 -0.072999388 0.110499077
vn -0.974939108 -0.184907407 0.123704955
vn -0.944777846 0.271993637 0.182795703
vn -0.977186322 0.182697445 0.108298488
vn -0.976656258 0.164609492 0.138007939
vn -0.271818995 -0.791055262 0.548038244
vn -0.394113421 -0.747925401 0.534118116
vn -0.338500559 -0.80160135 0.492800832
vn -0.449716687 -0.217708096 0.866232097
vn -0.486620843 -0.282912135 0.826535404
vn -0.475816518 -0.238008276 0.846729398
vn 0.495287359 0.83497864 0.239793882
vn 0.495287359 0.83497864 0.239793882
vn 0.495287359 0.83497864 0.239793882
vn -0.80474931 -0.555034041 -0.210512891
vn -0.559721231 -0.816230953 -0.143105417
vn -0.727896512 -0.65929687 0.188399091
vn -0.485688865 0.24979426 -0.837680757
vn -0.485688865 0.24979426 -0.837680757
vn -0.485688865 0.24979426 -0.837680757
vn 0.564586222 0.457188845 0.687183261
vn 0.417810857 0.518113494 0.746319354
vn 0.604995251 0.448796481 0.657694817
vn 0.866023302 0.34010914 0.366509855
vn 0.866023302 0.34010914 0.366509855
vn 0.866023302 0.34010914 0.366509855
vn -0.443618298 -0.749930978 -0.490720272
vn -0.443618298 -0.749930978 -0.490720272
vn -0.443618298 -0.749930978 -0.490720272
vn -0.500698864 0.865098 -0.0300999284
vn -0.494576991 0.866759717 -0.0641970187
vn -0.510095477 0.858692288 -0.0494995564
vn -0.394881576 0.0831961185 -0.914957345
vn -0.5079934 0.107798599 -0.854588926
vn -0.5079934 0.107798599 -0.854588926
vn 0.470292807 -0.707589209 0.52739197
vn 0.568080544 -0.574280381 0.589479864
vn 0.460007191 -0.597709358 0.65661025
vn -0.752223194 0.57741785 -0.317409813
vn -0.861662745 0.479079306 -0.167392775
vn -0.829806805 0.515304208 -0.214201748
vn -0.984755933 0.131294131 0.114094898
vn -0.988918364 0.0971018001 -0.112302087
vn -0.994404197 -0.0915003791 0.0528002232
vn -0.973932505 -0.119503982 -0.192806438
vn -0.973932505 -0.119503982 -0.192806438
vn -0.973932505 -0.119503982 -0.192806438
vn -0.921727002 0.349610239 -0.167904913
vn -0.921174943 0.359990239 -0.14779599
vn -0.887201548 0.446300775 -0.1170002
vn -0.851982892 0.516189635 -0.0875982419
vn -0.847072423 0.525082886 0.082197316
vn 0.228790849 0.952961862 -0.19879204
vn 0.377982467 0.925057173 0.0373982675
vn 0.470405221 0.871209681 -0.140401557
vn 0.113702111 0.991918385 -0.0563010424
vn 0.225404412 0.943318427 -0.243604749
vn -0.991313994 0.0995014012 0.0860012174
vn -0.996201932 0.0857001618 0.0154000297
vn -0.994391024 0.0943991467 0.0476995669
vn 0.381207287 -0.181403488 0.906517386
vn 0.373500913 -0.133300334 0.918002248
vn 0.571903527 -0.187501147 0.798604906
vn 0.986475766 -0.143996462 0.0782980695
vn 0.980350256 -0.167308584 0.10450536
vn 0.993852139 -0.100705281 0.0460024141
vn 0.173309401 0.957051933 0.232412606
vn 0.139795408 0.953868628 0.26569128
vn 0.112499997 0.972000003 0.206300005
vn -0.999528289 0.0165004674 -0.0259007346
vn -0.997545898 -0.064302966 -0.0277012736
vn -0.992622495 0.112902552 -0.0442009978
vn -0.9818362 0.164806083 -0.0940034613
vn -0.983033359 0.181006134 -0.0297010075
vn -0.983988822 0.17819798 -0.0033999614
vn 0.929460287 0.180792287 0.321586251
vn 0.903572798 0.163795069 0.39588809
vn 0.873979568 0.27039367 0.403790563
vn 0.532813251 -0.137903422 -0.834920704
vn 0.478310138 -0.105602242 -0.871818483
vn 0.606595993 -0.0521996543 -0.793294728
vn 0.415617734 0.909338832 -0.0191008132
vn 0.461101085 0.886102021 0.0470001064
vn 0.456405342 0.8875103 0.0634007379
vn 0.652387023 -0.00129997416 0.75788492
vn 0.789802969 0.27650103 0.5475021
vn 0.789802969 0.27650103 0.5475021
vn -0.370710284 -0.287207961 -0.883224487
vn -0.449191868 -0.178196788 -0.875484228
vn -0.450783908 -0.315888703 -0.834870219
vn 0.937526345 0.237106681 0.254607171
vn 0.940546274 0.221610889 0.257412672
vn 0.914877594 0.171295792 0.365591019
vn 0.475691408 0.821085215 0.315494329
vn 0.38838771 0.870572448 0.302090466
vn 0.417322189 0.856645525 0.303316116
vn -0.993520439 0.111302286 0.0230004732
vn -0.991977274 0.106697559 -0.0677984506
vn -0.9972018 0.0744001344 0.00730001321
vn 0.970084965 -0.239596292 0.0390993953
vn 0.965409696 -0.199902013 0.167401686
vn 0.988871276 -0.148195714 -0.0130996192
vn 0.985906601 -0.166901112 0.0115000764
vn 0.980641425 -0.184707791 0.0650027469
vn 0.978404343 -0.194700867 -0.0694003105
vn 0.980089784 -0.197397947 -0.0213997774
vn 0.957156539 -0.278587371 0.0789964199
vn 0.978802562 -0.204800531 0.00150000385
vn 0.993648469 -0.104794562 0.040997874
vn 0.139806122 0.0586025603 -0.988443196
vn 0.0673997402 0.143199444 -0.987396181
vn 0.115797706 0.220095649 -0.968580782
vn 0.0885031596 0.952434003 -0.29161039
vn 0.116403282 0.984827757 -0.128703624
vn 0.1220017 0.991113842 -0.0530007407
vn -0.979691088 0.0926991478 -0.177798375
vn -0.978504539 0.130600601 0.15960075
vn -0.87924701 0.438123465 0.187010005
vn -0.255290717 -0.304188937 -0.91776669
vn -0.0421012118 -0.597017169 -0.801123023
vn -0.0951961949 -0.578276873 -0.810267568
vn -0.833588541 -0.466893613 0.295195937
vn -0.865306735 -0.378502965 0.328602552
vn -0.801764965 -0.564275324 0.196891382
vn 0.703294396 0.699894369 -0.12459901
vn 0.623594403 0.774893045 -0.103299066
vn 0.617299855 0.778999865 -0.109999985
vn -0.957058489 0.269188344 -0.107595339
vn -0.965675771 0.251793683 -0.0637984052
vn -0.986690521 0.157198489 -0.0415996015
vn 0.767702699 0.608002067 0.202400699
vn 0.767702699 0.608002067 0.202400699
vn 0.778795123 0.590296328 0.212198675
vn 0.961688519 0.106298722 0.252696991
vn 0.96947372 0.119696751 0.21399419
vn 0.953758657 0.0924959853 0.285987616
vn -0.574813724 -0.818219483 -0.0103002461
vn -0.569983959 -0.819476962 -0.0597983152
vn -0.51081115 -0.858118773 -0.0520011373
vn -0.172507107 0.956439435 0.235509709
vn -0.167796612 0.955480754 0.242695108
vn -0.165096268 0.954978466 0.246494457
vn -0.993522584 0.113202579 -0.0099002244
vn -0.994290471 0.106598981 0.00479995413
vn -0.980968416 0.193293765 0.0183994081
vn -0.791725039 0.609719276 0.0376011878
vn -0.794091582 0.605993629 0.0467995033
vn -0.73442471 0.587319791 0.340111434
vn 0.917661011 -0.23119016 0.323186249
vn 0.897573411 -0.321190506 0.301991045
vn 0.907063425 -0.308387578 0.28658843
vn -0.984906018 0.17150104 0.0234001409
vn -0.984906018 0.17150104 0.0234001409
vn -0.984906018 0.17150104 0.0234001409
vn -0.979074121 0.172795445 -0.107497163
vn -0.961355329 0.270987391 -0.0485977419
vn -0.969913602 0.242203385 -0.0246003438
vn 0.935792029 0.267797738 0.229298055
vn 0.940648675 0.265985489 0.210788518
vn 0.952337086 0.25891006 0.161306277
vn 0.897652626 -0.411678284 -0.157291695
vn 0.899413526 -0.408806175 -0.154702321
vn 0.898888946 -0.409694999 -0.155398086
vn -0.84048599 0.491991818 0.226996228
vn -0.833696783 0.497198105 0.240299091
vn -0.889222443 0.446411282 0.100002527
vn -0.867805123 0.400302351 -0.294401735
vn -0.89902693 -0.0510015301 -0.434913039
vn -0.890241623 0.453621179 -0.041201923
vn 0.89278549 -0.376993895 0.246595994
vn 0.89278549 -0.376993895 0.246595994
vn 0.89278549 -0.376993895 0.246595994
vn -0.784648478 0.0999061763 0.611837804
vn -0.868456304 -0.0420978814 0.493975133
vn -0.77561909 -0.0104002561 0.631115556
vn 0.890790224 -0.430895269 -0.144298419
vn 0.887992918 -0.437996477 -0.140098885
vn 0.889098585 -0.435099274 -0.142099783
vn 0.720406294 0.691106081 -0.0582005121
vn 0.741601646 0.662901461 -0.102900237
vn 0.690784872 0.713284373 -0.118497409
vn 0.444293082 0.197296932 -0.873886406
vn 0.457108617 0.203503847 -0.865816355
vn 0.465591937 0.175196961 -0.867484927
vn 0.392485023 -0.827068388 0.402384609
vn 0.392485023 -0.827068388 0.402384609
vn 0.392485023 -0.827068388 0.402384609
vn 0.132198557 -0.094698973 -0.98668927
vn 0.164295614 0.00859977026 -0.986373663
vn 0.117605992 -0.0869044289 -0.989250422
vn 0.736087322 -0.671388447 -0.0860985145
vn 0.745918989 -0.658516765 -0.0998025388
vn 0.759041786 -0.639335215 -0.122906767
vn 0.285487682 -0.50187844 -0.816464841
vn 0.264407963 -0.470014095 -0.842125297
vn 0.289699316 -0.444198966 -0.847798049
vn -0.0613025837 0.951140106 0.302612752
vn -0.102100916 0.949308455 0.297302663
vn -0.0459001213 0.952802539 0.300100803
vn 0.140000135 -0.166800171 -0.976000965
vn -0.00269997353 -0.246297583 -0.969190478
vn 0.177495822 -0.219294846 -0.959377408
vn -0.940783501 -0.326594263 0.090898402
vn -0.96200043 -0.272400111 -0.018800009
vn -0.992278099 -0.0159996487 -0.122997291
vn 0.291016906 -0.257714957 -0.921353459
vn 0.351284653 -0.249689072 -0.902360559
vn 0.238105938 -0.181004509 -0.954223812
vn 0.841800034 -0.132400021 0.523299992
vn 0.930272341 -0.0317990556 0.365489125
vn 0.871099591 -0.157399923 0.465199769
vn 0.0311010983 -0.0857030228 -0.995835185
vn 0.0584981963 -0.153795257 -0.98636961
vn 0.0287013482 -0.131906196 -0.990846574
vn 0.325901091 -0.0138000455 -0.945303142
vn 0.250010163 0.0787031949 -0.965039194
vn 0.335512817 -0.0137005234 -0.941936016
vn 0.184308127 0.144806385 -0.972142875
vn 0.184699059 0.145299271 -0.971995056
vn 0.188891545 0.0878960714 -0.978056312
vn 0.928253174 0.02480142 0.371121258
vn 0.964675188 0.0169995632 0.26289323
vn 0.811496258 0.0634997115 0.580897331
vn -0.956127465 0.122503527 0.266107649
vn -0.964388371 0.0963988379 0.246297032
vn -0.964388371 0.0963988379 0.246297032
vn 0.217907816 0.0162005816 -0.975834966
vn 0.217907816 0.0162005816 -0.975834966
vn 0.217907816 0.0162005816 -0.975834966
vn -0.021100061 -0.916402698 0.399701148
vn -0.187592745 -0.927764058 0.32258752
vn -0.190809309 -0.863142133 0.46752283
vn -0.291413516 -0.811237693 0.506923556
vn -0.145397976 -0.861387968 0.486693174
vn 0.212893754 0.17989473 -0.960371852
vn 0.212893754 0.17989473 -0.960371852
vn 0.212893754 0.17989473 -0.960371852
vn 0.995946348 -0.0790036768 0.0430020019
vn 0.997123301 -0.0746017471 -0.0134003125
vn 0.996593654 -0.0125999199 0.0814994872
vn 0.609295845 0.645095587 -0.461096883
vn 0.599117339 0.679419696 -0.423612267
vn 0.612099588 0.671399593 -0.417799741
vn -0.651403487 0.345301837 -0.675603569
vn -0.651403487 0.345301837 -0.675603569
vn -0.651403487 0.345301837 -0.675603569
vn 0.31678459 0.947553873 0.0422979407
vn 0.310194999 0.919985175 -0.239596128
vn 0.455089748 0.873280346 -0.173996076
vn 0.568693995 -0.796491563 0.205397815
vn 0.501307368 -0.830912292 0.24140358
vn 0.566015005 -0.795321047 0.21700573
vn 0.745422959 -0.33651036 0.575417697
vn 0.7385934 -0.320497125 0.593094707
vn 0.73540622 -0.356602997 0.576204836
vn 0.743308425 -0.371804237 0.556106269
vn 0.721303761 -0.437802285 0.536702812
vn 0.738421202 -0.405211657 0.539015472
vn -0.14599961 0.162799567 -0.975797355
vn -0.241011307 0.180208474 -0.953644812
vn -0.213693485 0.0805975497 -0.973570347
vn -0.919065416 -0.220291719 0.32678771
vn -0.934534311 -0.172606334 0.311211437
vn -0.950002313 -0.26990065 0.157000378
vn -0.98019284 0.197998554 0.00429996848
vn -0.990993202 0.133199096 -0.0137999048
vn -0.98019284 0.197998554 0.00429996848
vn -0.31839937 0.926898241 0.198699608
vn -0.315212846 0.928537846 0.196107998
vn -0.315386772 0.928461075 0.196191773
vn 0.830279946 -0.55638659 -0.0326992087
vn 0.834254146 -0.551069736 -0.0184989832
vn 0.832367241 -0.553678155 -0.0245990288
vn 0.809614122 -0.581810117 -0.0776013583
vn 0.896514595 -0.441407174 0.0377006158
vn 0.959669769 -0.28029114 0.0216993168
vn -0.0387010798 0.95492667 0.294308215
vn -0.16279389 0.955064118 0.247690707
vn -0.0760982856 0.973778069 0.214395165
vn -0.956235647 0.230908617 0.179706708
vn -0.972599685 0.232299924 0.00929999724
vn -0.96007663 0.26769346 0.0811980292
vn -0.170305297 0.043501351 -0.984430611
vn -0.144396722 0.0925979093 -0.985177696
vn -0.184401497 0.0407003313 -0.982007921
vn 0.224093333 -0.621381521 0.750777662
vn 0.172993243 -0.69077307 0.702072561
vn 0.0396010838 -0.699719191 0.71331954
vn 0.897915661 -0.199803486 0.392206848
vn 0.893609405 -0.197202086 0.403204232
vn 0.893474698 -0.205794185 0.399188697
vn -0.0595980473 -0.055698175 -0.996667325
vn 0.0744995251 -0.124699198 -0.989393711
vn -0.103302188 -0.0569012091 -0.993021071
vn -0.946526706 0.294608325 0.131503716
vn -0.942181051 0.330593348 0.0547988974
vn -0.938946366 0.343280405 0.0231986754
vn -0.947079301 0.282893836 0.151696682
vn -0.944017887 0.288105458 0.160703033
vn -0.994117618 0.0161002856 0.10710191
vn -0.977808714 -0.175701559 0.114101015
vn -0.958962083 -0.190292478 0.210191682
vn -0.675409615 -0.737410426 -0.00690009771
vn -0.686189175 -0.727388501 -0.00709988736
vn -0.621591926 -0.783189893 0.0153998006
vn 0.183797091 0.394593775 0.90028578
vn 0.0957013741 0.397005707 0.912813067
vn 0.0939012393 0.364104807 0.926612198
vn 0.988706708 -0.149101034 0.0151001029
vn 0.997784674 -0.0662989765 -0.00549991569
vn 0.98556906 -0.160294965 0.0543982945
vn 0.0475021377 -0.995944798 -0.076403439
vn 0.0157997273 -0.999782741 -0.0135997655
vn -0.0413989313 -0.994374394 0.0974974781
vn -0.106996886 0.256992519 -0.960472047
vn -0.173097223 0.168497309 -0.970384479
vn -0.205296516 0.245595798 -0.947383821
vn 0.806904495 -0.389002144 -0.444502473
vn 0.806904495 -0.389002144 -0.444502473
vn 0.806904495 -0.389002144 -0.444502473
vn -0.970517755 0.149702743 0.188903451
vn -0.983032882 0.122304089 0.136704579
vn -0.938895822 0.172599241 0.297798663
vn 0.162908733 0.375120103 0.912548959
vn 0.0641999021 0.282899559 0.956998527
vn 0.185599223 0.219499081 0.957795978
vn -0.664916992 -0.273306966 0.695117772
vn -0.62250644 -0.294703037 0.725007534
vn -0.620031893 -0.177909151 0.764139295
vn 0.277602106 0.944807231 -0.174001321
vn 0.281514764 0.937749147 -0.20341067
vn 0.462288439 0.885477841 0.0470988192
vn -0.731897771 -0.675497949 -0.0895997286
vn -0.773790896 -0.625892639 -0.0974988416
vn -0.767790437 -0.615392387 -0.178297773
vn 0.629921734 -0.771926641 -0.0856029615
vn 0.596104145 -0.802605629 -0.0220001526
vn 0.612181842 -0.775476933 0.154495388
vn -0.352319628 -0.234013051 -0.90615052
vn -0.220108181 -0.179406643 -0.958835602
vn -0.109696418 -0.184093982 -0.976768136
vn -0.135806188 0.93834269 -0.317914456
vn 0.00090001279 0.95481354 -0.297204226
vn -0.0242004488 0.998918533 -0.0397007391
vn 0.206000686 0.507601738 -0.836602807
vn 0.307503372 0.400604337 -0.86310941
vn 0.271305263 0.374807298 -0.886517286
vn 0.317502886 0.944808602 -0.080800727
vn 0.193794489 0.978972077 -0.0636981875
vn 0.25889957 0.965598524 -0.0242999624
vn -0.854920745 -0.480711669 0.195004717
vn -0.88726896 -0.247091338 0.389486372
vn -0.918690979 -0.0363996476 0.393296152
vn -0.964673936 0.263292879 0.00899975654
vn -0.90128988 0.433195144 0.00429995172
vn -0.973733723 0.212907374 -0.080702804
vn 0.906691968 0.420096278 0.0377996638
vn 0.90634352 0.420820177 0.0381018296
vn 0.90688318 0.419692218 0.0376993045
vn -0.638607979 0.0059000738 0.769509614
vn -0.654114842 0.114902601 0.747616947
vn -0.849405825 0.0158001073 0.52750361
vn -0.683383107 0.71898222 -0.12669687
vn -0.851182163 0.518089175 -0.0840982422
vn -0.756105363 0.627904475 0.184501305
vn -0.827815533 0.218004093 0.516909719
vn -0.827815533 0.218004093 0.516909719
vn -0.827815533 0.218004093 0.516909719
vn -0.308195442 0.0083998749 -0.951285958
vn -0.314096957 -0.000499995134 -0.949390769
vn -0.30661124 0.000200007315 -0.951834857
vn -0.0199002009 0.21180214 -0.977109909
vn 0.00980042014 0.170307308 -0.985342264
vn -0.0323985107 0.182591632 -0.98265487
vn 0.968838215 -0.194707692 0.153106034
vn 0.966379166 -0.207895502 0.151296735
vn 0.972450197 -0.202310443 0.115805976
vn -0.408479571 0.342782855 -0.845957696
vn -0.431502312 0.492202669 -0.756004095
vn -0.376219451 0.329016984 -0.866144776
vn 0.058299087 -0.984384537 0.166097388
vn 0.0614018701 -0.984529972 0.164104998
vn 0.0573023334 -0.984340072 0.166706786
vn -0.502021015 -0.84483546 0.185007766
vn -0.507400334 -0.83910054 0.196100131
vn -0.511812687 -0.841020882 0.175304353
vn -0.867076695 0.279192477 0.412588924
vn -0.867076695 0.279192477 0.412588924
vn -0.867076695 0.279192477 0.412588924
vn 0.204707727 0.355113417 0.912134469
vn 0.170693114 0.485580385 0.857365429
vn 0.0820023492 0.387711048 0.918126225
vn 0.428319544 0.872639835 0.234610707
vn 0.428319544 0.872639835 0.234610707
vn 0.428319544 0.872639835 0.234610707
vn 0.905111134 -0.423005193 0.0429005288
vn 0.909721136 -0.414609641 0.0225005243
vn 0.906099379 -0.421399742 0.0374999791
vn -0.927170038 -0.276591063 0.252691835
vn -0.981723905 -0.180504397 0.0603014715
vn -0.906018734 -0.0700014457 0.417408615
vn 0.909710824 0.413904935 -0.0333003998
vn 0.860013545 0.510108054 -0.0129002035
vn 0.904026747 0.426812649 0.0238007046
vn 0.648726881 0.716129661 0.257510662
vn 0.657286823 0.708685815 0.256394863
vn 0.652884483 0.715883017 0.247494131
vn 0.263200045 0.964600205 0.0165000018
vn 0.263200045 0.964600205 0.0165000018
vn 0.263200045 0.964600205 0.0165000018
vn 0.529587805 -0.379391253 0.758682489
vn 0.622667432 -0.325083017 0.711762786
vn 0.550921023 -0.306011677 0.776429653
vn 0.637566507 0.680164278 0.361781001
vn 0.553920507 0.790829241 0.260309637
vn 0.544790149 0.786685824 0.290394753
vn -0.862687647 0.50569272 -0.00669990387
vn -0.572209716 0.809913754 0.128902197
vn -0.72716707 0.54407537 -0.418581039
vn 0.372493237 -0.913483441 -0.163697034
vn 0.613590658 -0.768788338 -0.180197254
vn 0.421185017 -0.894368172 0.150694638
vn 0.259499252 0.445598692 0.856797516
vn 0.411312252 0.337710083 0.846625209
vn 0.369120359 0.529429197 0.763842165
vn 0.610872686 -0.0993955508 0.785464883
vn 0.557498455 -0.127699643 0.820297718
vn 0.67719245 -0.185297906 0.712092042
vn 0.275694281 0.0687985718 0.95878011
vn 0.275694281 0.0687985718 0.95878011
vn 0.275694281 0.0687985718 0.95878011
vn 0.810484111 -0.568288863 -0.141997218
vn 0.822193682 -0.562395692 -0.087799333
vn 0.775574028 -0.625079036 0.0880970508
vn 0.0606966615 -0.830054402 0.554369569
vn -0.0326006711 -0.924819052 0.379007816
vn -0.120795451 -0.932164907 0.341287166
vn 0.288393587 0.0287993588 0.957078695
vn 0.303388089 0.141094461 0.942362964
vn 0.287595689 0.12249817 0.949885726
vn -0.468707085 -0.667910159 0.578108788
vn -0.631093204 -0.49469468 0.597493589
vn -0.645229638 -0.506423235 0.572026312
vn 0.927647948 0.174809024 0.33001706
vn 0.886188328 0.28229627 0.367395163
vn 0.951541483 0.152906656 0.266811609
vn -0.97426492 0.0765972361 0.211992353
vn -0.99382633 0.0222005881 0.108702883
vn -0.986111283 -0.0817009285 0.144601658
vn 0.405714244 -0.0818028674 -0.910331964
vn 0.515204132 -0.0281002223 -0.856606781
vn 0.329386771 -0.0371985063 -0.943462074
vn 0.134708256 0.266916364 -0.954258502
vn 0.0118002389 0.215104342 -0.976519704
vn 0.129400015 0.405700028 -0.904800117
vn 0.904724002 -0.0917024314 0.416011065
vn 0.907679737 -0.111097522 0.404690981
vn 0.90567255 -0.0923971981 0.413787454
vn -0.200996578 0.979583323 0.00409993017
vn -0.181508929 0.97794807 0.103305072
vn -0.0964975134 0.995074332 0.0226994138
vn -0.869270921 0.489883572 -0.0661977828
vn -0.867524207 0.493713796 0.0604016893
vn -0.886876166 0.457787722 0.062298324
vn -0.795180678 0.26129365 0.547186732
vn -0.775675654 0.24959217 0.579681814
vn -0.768424749 0.241507769 0.592619061
vn 0.0944998711 0.993798673 0.0585999265
vn 0.139401779 0.957712233 0.251703233
vn 0.110800177 0.9924016 0.0535000861
vn -0.241196245 0.171597332 -0.955185175
vn -0.152801856 0.143301755 -0.977811992
vn -0.288000911 0.138900444 -0.94750309
vn 0.707221508 -0.4656142 0.532016218
vn 0.665794492 -0.504095852 0.550095499
vn 0.642321944 -0.529818058 0.553818941
vn -0.825869977 -0.451783568 0.337387711
vn -0.740711212 -0.554708421 0.37900576
vn -0.787604213 -0.437502325 0.433902323
vn -0.949989557 0.301296681 -0.082099095
vn -0.983465552 0.08669696 -0.158994421
vn -0.971108496 0.214001879 0.105600923
vn -0.909802556 0.249200702 0.331900954
vn -0.909709036 0.250202507 0.331403285
vn -0.910825491 0.24770695 0.330209255
vn -0.436017722 -0.899936616 -0.00160006504
vn -0.347395718 -0.936988413 0.0369995423
vn -0.4459005 -0.874900937 0.189000189
vn 0.184302241 -0.213002577 -0.959511638
vn 0.202506244 -0.245807603 -0.947929263
vn 0.0998011306 -0.201402277 -0.974411011
vn 0.0430013984 0.757324636 0.651621163
vn 0.0430013984 0.757324636 0.651621163
vn 0.0430013984 0.757324636 0.651621163
vn -0.337100357 -0.759900749 0.555800557
vn -0.337100357 -0.759900749 0.555800557
vn -0.337100357 -0.759900749 0.555800557
vn 0.653672576 0.572975993 0.494379252
vn 0.653672576 0.572975993 0.494379252
vn 0.653672576 0.572975993 0.494379252
vn -0.299298078 -0.185298815 0.935994029
vn -0.299298078 -0.185298815 0.935994029
vn -0.299298078 -0.185298815 0.935994029
vn -0.120805688 0.951744795 0.282113284
vn -0.113999762 0.95639801 0.268899471
vn -0.0828993097 0.958692014 0.272097737
vn -0.662483871 0.748981714 -0.0118997097
vn -0.67987442 0.704673529 0.20299238
vn -0.57629925 0.816698849 0.0296999589
vn 0.471186042 -0.875774145 0.104896903
vn 0.414708972 -0.898519456 0.14380312
vn 0.397779226 -0.917452157 -0.00729961926
vn 0.215509489 -0.183308065 -0.959142208
vn 0.154293373 -0.179092318 -0.97165823
vn 0.163705483 -0.162505448 -0.973032653
vn -0.518028796 -0.853547454 -0.0557030998
vn -0.485201478 -0.873402655 -0.0418001264
vn -0.455807775 -0.890015125 -0.0106001804
vn 0.959850729 -0.0887954384 0.26608631
vn 0.959850729 -0.0887954384 0.26608631
vn 0.959850729 -0.0887954384 0.26608631
vn 0.143301785 0.107601345 0.983812273
vn 0.195393339 0.119095936 0.973466814
vn 0.273284763 0.109793887 0.955646753
vn -0.975832343 -0.21820724 0.0117003871
vn -0.975948334 -0.21631071 0.0271013435
vn -0.975903034 -0.218200684 0.00130000408
vn 0.921477139 0.331291765 0.202794969
vn 0.911831856 0.371912986 0.173906058
vn 0.921203673 0.318201274 0.223900914
vn -0.102104425 0.100904375 0.989642918
vn -0.102104425 0.100904375 0.989642918
vn -0.102104425 0.100904375 0.989642918
vn -0.553802252 -0.829503357 -0.0723002926
vn -0.547605813 -0.819408774 -0.16940181
vn -0.408401132 -0.897802532 -0.164800465
vn 0.139303043 0.93132031 0.33650735
vn 0.110098682 0.968788385 0.222097337
vn 0.0760969818 0.971361518 0.22509107
vn -0.319583178 0.36948058 -0.872554123
vn -0.319583178 0.36948058 -0.872554123
vn -0.319583178 0.36948058 -0.872554123
vn -0.214106649 -0.831925809 0.511915863
vn -0.214106649 -0.831925809 0.511915863
vn -0.214106649 -0.831925809 0.511915863
vn 0.11019583 -0.988662541 -0.101996139
vn 0.0496021099 -0.998642504 -0.0159006771
vn 0.0972978547 -0.992478132 -0.0742983595
vn -0.985829532 0.0921027586 0.140204191
vn -0.979504168 0.0324001387 0.198800847
vn -0.972551048 0.171291366 0.157492071
vn -0.677033961 -0.727036476 -0.114205733
vn -0.69460696 -0.712207139 -0.101401016
vn -0.680907845 -0.723908365 -0.111001283
vn 0.143508121 -0.933952868 -0.327318549
vn 0.157900125 -0.9865008 -0.0434000343
vn -0.0216004271 -0.986619413 -0.161603168
vn 0.3006109 -0.894832492 -0.330011994
vn 0.337500066 -0.76060009 -0.55460006
vn 0.402311087 -0.871824026 -0.27940768
vn -0.853067458 -0.506780684 0.124295264
vn -0.817766964 -0.563177288 0.118695199
vn -0.814774215 -0.538082957 0.215893149
vn 0.0887977481 -0.993274808 0.0742981061
vn 0.184695318 -0.97887522 -0.0876977816
vn 0.340991914 -0.939977765 0.0128996959
vn 0.244604766 -0.931618094 -0.268805236
vn 0.187994674 -0.938073397 -0.290991783
vn 0.272785842 -0.956350327 -0.104794562
vn 0.379881293 0.915954888 -0.129293621
vn 0.379881293 0.915954888 -0.129293621
vn 0.379881293 0.915954888 -0.129293621
vn -0.85530287 -0.496301711 0.148800492
vn -0.774023294 -0.585617661 0.240707263
vn -0.833093524 -0.530795872 0.155598789
vn 0.731097102 -0.0944996178 0.675697327
vn 0.734934449 -0.0763035789 0.673831582
vn 0.720398307 -0.0302999299 0.692898393
vn 0.741417289 -0.006200145 0.67101562
vn 0.739307821 -0.0147001557 0.673207164
vn 0.305587262 0.951460421 -0.0365984775
vn 0.305587262 0.951460421 -0.0365984775
vn 0.305587262 0.951460421 -0.0365984775
vn -0.652094603 0.0781993493 0.754093766
vn -0.638995945 0.173898876 0.749295235
vn -0.588801324 0.144800335 0.795201778
vn -0.968622148 0.238505453 -0.069901593
vn -0.975931764 0.211206868 -0.0543017685
vn -0.982737839 0.178906903 -0.0471018143
vn -0.596691668 0.548992336 0.585291803
vn -0.594804883 0.559604585 0.577104747
vn -0.599776983 0.54787904 0.583177626
vn -0.0935971066 0.0218993239 -0.995369256
vn 0.0935015529 0.132102177 -0.986816347
vn 0.0500019118 -0.0649024844 -0.99663806
vn -0.212902874 -0.12980175 -0.968413055
vn -0.194211036 -0.121106885 -0.97345531
vn -0.199004769 -0.123202957 -0.972223282
vn -0.77438134 0.632184803 -0.0259993728
vn -0.788398325 0.614898682 -0.0180999637
vn -0.807817996 0.588513136 -0.0329007357
vn -0.0086997645 0.942074478 0.335290909
vn -0.113500521 0.941204369 0.318201452
vn -0.0819014683 0.93111676 0.355406374
vn -0.994391859 0.0679994449 0.0809993371
vn -0.996471524 0.0691980273 0.0474986434
vn -0.998342752 0.0570024401 0.00790033769
vn -0.131306782 0.301915556 -0.944248676
vn -0.102699541 0.184799165 -0.977395594
vn 0.0339001901 0.267701477 -0.962905347
vn -0.60351932 -0.679421782 0.417313337
vn -0.60351932 -0.679421782 0.417313337
vn -0.60351932 -0.679421782 0.417313337
vn 0.967430592 0.200206339 -0.154904902
vn 0.966145217 0.207509711 -0.153307185
vn 0.972661018 0.20799166 -0.103295855
vn -0.488303095 -0.0882005692 -0.868205547
vn -0.488303095 -0.0882005692 -0.868205547
vn -0.488303095 -0.0882005692 -0.868205547
vn -0.31520775 -0.289707124 0.903722227
vn -0.260213763 -0.261913866 0.929349184
vn -0.194997326 -0.0374994911 0.980086565
vn -0.155195624 0.985372245 0.0703980178
vn -0.0929971486 0.995569408 0.0138995722
vn -0.0984019637 0.993419826 -0.0586011708
vn -0.641728759 0.720532238 0.262711734
vn -0.70760411 0.705504119 0.0395002328
vn -0.721694946 0.599995852 0.345197588
vn 0.319393069 0.0679985285 0.945179522
vn 0.385912746 0.0139004597 0.922430515
vn 0.332592398 0.137596875 0.932978749
vn -0.28110376 0.347604632 0.894511938
vn -0.297491223 0.362389326 0.883273959
vn -0.318199396 0.34479934 0.883098304
vn -0.0560993254 0.781090558 -0.621892512
vn -0.123499662 0.768597901 -0.627698243
vn -0.0569982864 0.78047657 -0.622581303
vn 0.701799691 0.45969978 0.544199765
vn 0.570187151 0.399590969 0.717783809
vn 0.59989059 0.375694096 0.706388891
vn -0.125302181 0.445807695 -0.886315346
vn -0.126199365 0.444797695 -0.886695445
vn -0.129403561 0.441412151 -0.887924492
vn -0.976901591 -0.188900307 -0.0999001637
vn -0.959062278 -0.168393373 -0.227691039
vn -0.96526897 -0.176094338 -0.19299379
vn 0.279994845 0.660687864 0.696487188
vn 0.324513823 0.551823497 0.768232703
vn 0.25208801 0.757364035 0.602371454
vn -0.0605015717 0.100202598 -0.993125796
vn -0.0478982851 0.0544980541 -0.997364342
vn -0.124095112 0.0284988768 -0.991860986
vn 0.0733978599 0.996170938 0.0474986136
vn 0.184407771 0.982741416 0.0146006159
vn 0.200595796 0.967779696 0.152196795
vn -0.970142722 -0.214809462 -0.112604961
vn -0.981453896 -0.134093702 -0.136993557
vn -0.947552264 -0.307416946 -0.0874048173
vn -0.908878028 0.234794319 0.344691664
vn -0.924516499 0.186303332 0.332505941
vn -0.905165553 0.142994568 0.400284767
vn 0.125398889 0.376496673 0.91789186
vn 0.22749798 0.344796926 0.910691917
vn 0.151293635 0.348385334 0.925061047
vn 0.24160324 -0.0432005823 -0.969412982
vn 0.217708185 -0.13850522 -0.966136336
vn 0.159696445 -0.0131997047 -0.987077951
vn 0.171704173 -0.0784019083 -0.982023895
vn 0.242697164 -0.063999258 -0.967988729
vn 0.916987121 -0.363194913 -0.164997682
vn 0.984478593 -0.145596847 -0.0979978666
vn 0.984189451 -0.132798567 -0.117198743
vn -0.267986208 0.959450603 -0.0873954967
vn -0.107298963 0.975590587 -0.191598147
vn 0.253107399 0.922726989 -0.290708512
vn -0.234902203 0.629305899 0.740806997
vn -0.190102533 0.755710065 0.626708329
vn -0.215908393 0.546821296 0.80893147
vn -0.985458493 -0.0421982221 0.164593071
vn -0.985394359 -0.0424997583 0.164899066
vn -0.985334277 -0.0427014865 0.165205732
vn 0.709064424 0.536773086 0.45727706
vn 0.79667455 0.481684625 0.365088344
vn 0.781712413 0.490607768 0.3850061
vn -0.0470996834 0.346697688 0.936793685
vn -0.00849952921 0.343680948 0.939047992
vn -0.00849952921 0.343680948 0.939047992
vn -0.844098449 0.532899022 -0.0592998937
vn -0.863635242 0.485619813 -0.135305524
vn -0.776193798 0.630394936 -0.0111999102
vn 0.956119835 -0.275705725 0.0991020575
vn 0.953701198 -0.26480034 0.142600179
vn 0.948368728 -0.300390065 0.101796642
vn 0.35511443 0.740230024 0.570923209
vn 0.35511443 0.740230024 0.570923209
vn 0.35511443 0.740230024 0.570923209
vn -0.0866977721 0.990374565 0.107897222
vn 0.05900006 0.997801006 0.0302000307
vn -0.135594532 0.990360141 0.0282988623
vn 0.894028902 0.376312166 0.243107855
vn 0.902376175 0.345190883 0.257993162
vn 0.931714833 0.2758044 0.236303762
vn 0.441703439 -0.627804816 0.640904963
vn 0.368891656 -0.599986434 0.709883988
vn 0.461999863 -0.606799841 0.646799803
vn 0.839330435 0.517718792 -0.165806025
vn 0.836197078 0.53889811 -0.101799645
vn 0.856386065 0.470492363 -0.212696522
vn 0.798358798 0.600169003 -0.0491974615
vn 0.794570625 0.600877762 -0.0871967748
vn 0.799010694 0.599608004 -0.0453006029
vn 0.861690223 0.451294839 0.231997356
vn 0.826511264 0.495406747 0.267303675
vn 0.907107174 0.403903186 0.118400931
vn -0.951639712 0.294312268 -0.0881036744
vn -0.951586485 0.294395804 -0.0883987397
vn -0.95209378 0.293698102 -0.0851994455
vn 0.806496859 -0.259599 0.531197906
vn 0.81793493 -0.246510535 0.51982218
vn 0.810185313 -0.251895428 0.529290378
vn -0.679488301 0.715487719 -0.162397221
vn -0.708629608 0.689428866 -0.150106266
vn -0.690328479 0.7011289 -0.178507343
vn -0.226796612 0.973885536 0.0104998443
vn -0.147196293 0.989075005 0.00799979828
vn -0.145799756 0.984398365 0.098499842
vn 0.739773333 -0.559079826 0.374386489
vn 0.702694476 -0.548895657 0.452696413
vn 0.695870161 -0.623273253 0.356784672
vn -0.902071476 -0.430486381 -0.0307990238
vn -0.919494689 -0.385997772 -0.0743995756
vn -0.885932446 -0.452816606 -0.100403674
vn -0.996268868 0.0654979572 -0.0561982468
vn -0.951948822 0.232011884 -0.199910253
vn -0.989827514 0.0369010232 -0.137403816
vn -0.846976101 -0.523785233 0.0909974277
vn -0.855672181 -0.513583243 0.0636979267
vn -0.844278216 -0.535886168 0.00449988386
vn 0.767992258 -0.547994435 0.331496656
vn 0.767992258 -0.547994435 0.331496656
vn 0.767992258 -0.547994435 0.331496656
vn -0.907074511 0.366789699 -0.206594184
vn -0.89541626 0.430307806 -0.114302084
vn -0.854064167 0.449081123 -0.262488961
vn 0.960339606 -0.253510445 0.116104782
vn 0.974238873 -0.225508988 -0.00210008374
vn 0.985122979 -0.169603959 0.0277006477
vn -0.291503698 -0.301803827 -0.907711446
vn -0.32789731 -0.367996991 -0.870092869
vn -0.349396169 -0.288696826 -0.891390145
vn 0.378887445 -0.0352988318 0.924769402
vn 0.369000107 -0.143400043 0.918300271
vn 0.398601532 0.0545002036 0.915503442
vn -0.731573343 0.641976595 -0.229491636
vn -0.731022179 0.642919481 -0.228606939
vn -0.735203326 0.639202893 -0.225601032
vn -0.605494976 -0.795193374 -0.0322997309
vn -0.511814952 -0.85512501 -0.0825024173
vn -0.574574172 -0.817963243 -0.0282987282
vn -0.177391872 -0.754165411 0.632271051
vn -0.232891113 -0.669274449 0.705573082
vn -0.232512787 -0.669336796 0.705638826
vn -0.558905125 0.770507038 0.306502789
vn -0.524223626 0.80703634 0.27181226
vn -0.524223626 0.80703634 0.27181226
vn 0.113099582 0.970396399 0.213399217
vn 0.177807823 0.976842999 0.11900524
vn 0.287893057 0.953377008 0.0904978141
vn -0.965525806 0.260306984 -0.000500013353
vn -0.975006044 0.195801228 0.105000645
vn -0.972952545 0.181809828 0.142507702
vn -0.208091706 0.114695422 -0.971361279
vn -0.167499945 0.0668999702 -0.983599663
vn -0.206191987 -0.0430983268 -0.97756201
vn -0.989076972 0.146996588 0.0108997459
vn -0.981125593 0.177204624 -0.077402018
vn -0.98918581 0.133198097 -0.0613991171
vn -0.229795679 0.147597209 -0.961981893
vn -0.11860089 0.0407003053 -0.992107451
vn -0.154105842 -0.0207007844 -0.987837434
vn 0.113900743 -0.0943006203 -0.989006519
vn 0.132604182 -0.155904919 -0.978830874
vn 0.0119004119 -0.125404343 -0.992034256
vn 0.465307087 0.85541302 0.227503464
vn 0.280990005 0.92496717 0.255890906
vn 0.739195883 0.664496303 0.109699398
vn 0.0651992038 -0.12439847 0.990087926
vn 0.102293983 -0.324480921 0.940344691
vn 0.145793691 -0.0667971149 0.987057388
vn 0.175507426 0.661927998 0.728730798
vn 0.305192918 0.648684919 0.697183788
vn 0.20890227 0.711507738 0.670907259
vn 0.122896731 0.992073596 0.0261993017
vn 0.122896731 0.992073596 0.0261993017
vn 0.122896731 0.992073596 0.0261993017
vn -0.524383128 -0.774275124 0.354288608
vn -0.504377782 -0.783065498 0.363883972
vn -0.522396386 -0.78659451 0.329197705
vn 0.610494792 -0.165698588 0.774493396
vn 0.613412619 -0.185303807 0.767715812
vn 0.763110757 -0.141401991 0.630608857
vn 0.14029327 0.0411980227 -0.989252508
vn 0.14029327 0.0411980227 -0.989252508
vn 0.14029327 0.0411980227 -0.989252508
vn 0.180205047 0.982727587 0.0421011858
vn 0.335287452 0.918665528 -0.208892167
vn 0.2747868 0.890357196 -0.362982541
vn 0.321407378 0.937821507 -0.131102994
vn 0.0276016351 0.886852562 -0.461227328
vn 0.20319958 -0.420599133 -0.884198129
vn 0.178701922 -0.412604421 -0.893209577
vn 0.17849651 -0.439191401 -0.880482793
vn 0.768104076 -0.061100319 -0.637403369
vn 0.817885101 -0.0102998121 -0.575289488
vn 0.748926699 -0.258809239 -0.61002177
vn 0.397802949 0.413103044 0.819206059
vn 0.27448687 0.199090481 0.94075501
vn 0.149004757 0.290409267 0.945230186
vn 0.544822037 -0.808132768 -0.223809078
vn 0.556329608 -0.83094424 0.00540028745
vn 0.43840757 -0.893815458 0.0943016335
vn -0.544281244 0.0522981919 -0.837271094
vn -0.562202156 0.192000747 -0.804403126
vn -0.46670109 0.150000364 -0.871601999
vn 0.489785403 0.73037827 0.476085842
vn 0.492580235 0.73557049 0.465081334
vn 0.490177482 0.730966389 0.474778146
vn -0.136205405 -0.0825032741 -0.987239182
vn -0.0785014257 -0.0705012754 -0.994418025
vn -0.135097295 -0.049798999 -0.989580095
vn 0.194604605 -0.0708016753 0.978323102
vn 0.233701319 -0.0463002585 0.971205413
vn 0.203291386 -0.0649972409 0.976958573
vn -0.568804741 -0.104500867 0.815806806
vn -0.569381118 -0.110796325 0.81457299
vn -0.569292426 -0.110398524 0.814689159
vn -0.120604441 0.986236274 -0.113104165
vn -0.123399086 0.985292733 -0.118199125
vn -0.099701494 0.991714895 -0.0810012147
vn 0.733721852 0.668019891 0.124103703
vn 0.733721852 0.668019891 0.124103703
vn 0.733721852 0.668019891 0.124103703
vn 0.335799068 0.711898029 -0.616798282
vn 0.342599779 0.705499589 -0.620399654
vn 0.261398047 0.739194393 -0.620695293
vn 0.899824858 -0.429911882 -0.0741020516
vn 0.97833544 -0.173006266 -0.113704123
vn 0.947981 -0.304193914 -0.0937981233
vn 0.0646019951 -0.978930235 0.193705976
vn 0.0702983066 -0.989176214 0.128796905
vn -0.00970009249 -0.995609462 0.0931008831
vn -0.478595644 -0.874792099 0.0753993243
vn -0.502912283 -0.863321185 0.0419010259
vn -0.448594153 -0.889588416 0.0859988853
vn 0.963632941 -0.160305485 0.2138073
vn 0.981295228 -0.106299482 0.16049923
vn 0.98547852 -0.0485989414 0.162696466
vn 0.906929195 0.25050807 0.338710904
vn 0.898362219 0.302087277 0.318886578
vn 0.836196482 0.271698862 0.476397991
vn -0.953228712 0.263307929 0.148404464
vn -0.961073816 0.232993662 0.148495957
vn -0.953686357 0.262996256 0.145997912
vn -0.876915991 0.480608732 -0.00580010563
vn -0.838374555 0.544583499 0.0235992838
vn -0.878784299 0.476791471 0.0201996397
vn 0.914563298 0.298688024 0.272689074
vn 0.967354298 0.0549973994 0.247388318
vn 0.853813529 0.262404144 0.449607104
vn -0.877917767 -0.478609681 0.0139002809
vn -0.935268223 -0.344988286 0.0790973082
vn -0.89818424 -0.43659237 0.0514990985
vn 0.464886785 0.882574916 0.0702980012
vn 0.578698218 0.807897568 0.111399665
vn 0.672305286 0.725205719 0.148601159
vn 0.795527935 0.142505005 0.588920772
vn 0.820827127 0.224007398 0.525417387
vn 0.833036065 0.157506824 0.530322969
vn -0.230304614 -0.97001946 0.077601552
vn -0.21879968 -0.972898602 0.0747998953
vn -0.243299395 -0.967297614 0.0716998279
vn -0.976705849 0.169101015 -0.132100791
vn -0.976986706 0.166997716 -0.132698193
vn -0.971671343 0.192294329 -0.137395948
vn 0.934017897 0.232504457 0.271205187
vn 0.932449639 0.235287294 0.274185181
vn 0.932025611 0.236006483 0.275007576
vn 0.212901786 -0.93260783 -0.291402429
vn 0.0988011062 -0.993211091 -0.0614006855
vn 0.226695836 -0.973682106 -0.0234995689
vn 0.9009009 -0.431100458 0.0503000468
vn 0.919405282 -0.384302199 0.0837004855
vn 0.925602198 -0.373200864 0.0631001517
vn -0.80508554 0.251095504 -0.537390351
vn -0.772139549 0.208910719 -0.600130737
vn -0.780773163 0.203693002 -0.590679646
vn 0.0985018313 0.204403803 0.97391814
vn 0.0854002386 0.205600575 0.974902749
vn 0.0966031775 0.218107164 0.971131861
vn -0.668786645 -0.651587009 -0.357992858
vn -0.436485529 -0.777474165 -0.452784985
vn -0.575182855 -0.733078122 -0.362989187
vn -0.0268989373 0.995560646 0.0901964381
vn -0.0268989373 0.995560646 0.0901964381
vn -0.0268989373 0.995560646 0.0901964381
vn 0.430611759 -0.373510212 0.821622491
vn 0.611393392 -0.490094662 0.621293247
vn 0.622097671 -0.403098524 0.671197474
vn 0.368004024 0.929810166 0.00510005606
vn 0.336407989 0.922121882 0.191104531
vn 0.515585482 0.855475843 0.0482986383
vn -0.949923992 -0.243606165 -0.195704952
vn -0.943357348 -0.268416315 0.195011854
vn -0.908341169 -0.406318426 0.0991044939
vn 0.106503695 0.0932032391 0.989934385
vn 0.106503695 0.0932032391 0.989934385
vn 0.106503695 0.0932032391 0.989934385
vn 0.0405987352 0.999068916 -0.0145995459
vn -0.0305009466 0.998830974 -0.0375011638
vn -0.115300387 0.993203402 -0.0159000549
vn -0.985481977 -0.158597097 -0.060598895
vn -0.985481977 -0.158597097 -0.060598895
vn -0.985481977 -0.158597097 -0.060598895
vn -0.16089806 0.696091652 0.699691594
vn -0.16089806 0.696091652 0.699691594
vn -0.16089806 0.696091652 0.699691594
vn -0.813161552 0.525475204 0.250288159
vn -0.909070969 -0.143395409 -0.391187519
vn -0.842161059 0.325723618 -0.429731131
vn -0.872320056 0.374608606 -0.314207226
vn -0.983524323 0.113002792 -0.141103491
vn -0.850587189 0.118998215 -0.512192309
vn -0.605811536 -0.162603095 0.778814852
vn -0.605811536 -0.162603095 0.778814852
vn -0.605811536 -0.162603095 0.778814852
vn -0.834429562 -0.293410391 0.466516554
vn -0.87502408 -0.288507938 0.388710707
vn -0.792779267 -0.30469203 0.527886212
vn 0.456805021 -0.851209283 0.258402824
vn 0.443983525 -0.860368013 0.250290692
vn 0.444184512 -0.862269878 0.243291497
vn -0.588398755 0.79159832 -0.164799646
vn -0.607605755 0.778907418 -0.155301481
vn -0.625111163 0.76791364 -0.139802486
vn -0.708511293 0.675810754 0.203203231
vn -0.708511293 0.675810754 0.203203231
vn -0.708511293 0.675810754 0.203203231
vn -0.761340737 -0.0764040798 0.643834412
vn -0.761340737 -0.0764040798 0.643834412
vn -0.761989236 -0.0761989281 0.643090904
vn -0.893189013 0.442794561 0.0783990398
vn -0.660322607 0.750425696 -0.0289009884
vn -0.79264015 0.607230783 0.05470277
vn -0.722274363 -0.680975854 0.120795719
vn -0.740412295 -0.651610792 0.164902732
vn -0.81752044 -0.490112275 0.302407563
vn -0.991663218 -0.103396162 0.0768971443
vn -0.991663218 -0.103396162 0.0768971443
vn -0.991663218 -0.103396162 0.0768971443
vn 0.888131678 0.331511796 -0.318311363
vn 0.524508119 0.327705055 -0.78581214
vn -0.128906354 -0.270513356 -0.954047024
vn -0.135905251 0.990438282 -0.0237009171
vn -0.394020945 0.786041796 0.476325303
vn -0.0655999556 0.834099412 0.54769963
vn -0.116194233 0.978151441 0.17239143
vn -0.218204886 0.975721896 0.0188004207
vn 0.0270004086 0.997815013 0.0603009053
vn 0.605118454 -0.397812128 0.689621031
vn 0.750528872 -0.631224275 0.195607528
vn 0.17779474 -0.832775354 0.524284482
vn 0.725695074 0.256798238 0.63829565
vn 0.836896122 0.216099009 0.50289768
vn 0.821402729 0.240200803 0.517301738
vn 0.772216022 0.0497010313 -0.633413136
vn 0.772216022 0.0497010313 -0.633413136
vn 0.772216022 0.0497010313 -0.633413136
vn -0.528086305 -0.726981163 0.438888609
vn -0.523807466 -0.733810425 0.432606131
vn -0.523807466 -0.733810425 0.432606131
vn -0.259491563 -0.116696216 0.958668888
vn -0.259491563 -0.116696216 0.958668888
vn -0.259491563 -0.116696216 0.958668888
vn -0.879006445 0.0654004738 0.47230345
vn -0.879006445 0.0654004738 0.47230345
vn -0.879006445 0.0654004738 0.47230345
vn 0.415493011 0.0943984166 -0.904684782
vn 0.345311522 0.156005204 -0.925430894
vn 0.386097163 0.0738994554 -0.919493258
vn 0.802815199 -0.384707272 0.45550862
vn 0.810418904 -0.398209304 0.429710001
vn 0.814404249 -0.415302187 0.405302107
vn 0.716042817 0.227513611 -0.659939468
vn 0.716042817 0.227513611 -0.659939468
vn 0.716042817 0.227513611 -0.659939468
vn 0.980465055 -0.173693821 0.0922967046
vn 0.946385205 -0.310395151 0.0894986019
vn 0.915584683 -0.333894402 0.224096254
vn 0.0454008356 0.949617445 -0.310105711
vn 0.0494974107 0.941950738 -0.332082659
vn 0.0486003906 0.943807602 -0.326902658
vn -0.967236817 0.252509624 -0.0263010003
vn -0.942134559 0.327212006 -0.072902672
vn -0.952960789 0.295887828 -0.0656972975
vn 0.374694318 -0.0866986811 0.923085928
vn 0.75460583 0.20840162 0.62220484
vn 0.699613631 -0.0360006988 0.713613868
vn -0.243106693 0.90702492 0.343809456
vn -0.413816214 0.863733768 0.287611276
vn -0.333196372 0.880690396 0.336696327
vn -0.18200098 0.493302643 -0.850604594
vn -0.224687144 0.452774048 -0.862850606
vn -0.216511145 0.460323691 -0.860944271
vn -0.409006387 -0.6291098 0.661010325
vn -0.409006387 -0.6291098 0.661010325
vn -0.409006387 -0.6291098 0.661010325
vn -0.749900222 0.562500179 0.348200113
vn -0.768375576 0.508983791 0.387987673
vn -0.749823034 0.521715999 0.406912476
vn -0.900586367 0.434393406 0.015699761
vn -0.903010309 0.428604901 0.0295003373
vn -0.880770028 0.47288388 0.0249991491
vn -0.740706742 0.0570005178 0.669406056
vn -0.740706742 0.0570005178 0.669406056
vn -0.740706742 0.0570005178 0.669406056
vn 0.0826953426 0.926347852 0.367479324
vn 0.0920029953 0.922930062 0.373812169
vn 0.103496693 0.918270648 0.382187784
vn 0.995692909 0.0588995777 0.0715994835
vn 0.978797317 0.198199451 0.0516998544
vn 0.987164855 0.0392985977 0.154794484
vn 0.797285974 0.596989512 0.0890984386
vn 0.797096312 0.597797215 0.0852996036
vn 0.768732846 0.629126906 0.115104906
vn 0.920678973 0.356691867 -0.15849638
vn 0.908715189 0.327105463 -0.259304345
vn 0.90875715 0.326684594 -0.259687752
vn -0.818624258 0.405712038 0.406512052
vn -0.855311513 0.416105568 0.308704138
vn -0.819810867 0.357904732 0.447005928
vn 0.961508989 0.245202303 -0.124001153
vn 0.961508989 0.245202303 -0.124001153
vn 0.961508989 0.245202303 -0.124001153
vn -0.890697598 0.432598829 0.139699623
vn -0.935872376 0.352289617 0.00589982606
vn -0.79651612 0.567711532 0.208004206
vn -0.777582526 -0.492988944 0.390291244
vn -0.777080417 -0.487187713 0.398489922
vn -0.778427005 -0.499717355 0.379913181
vn 0.909416795 0.405807495 0.091001682
vn 0.889005125 0.271801591 0.36850211
vn 0.962177098 0.271293551 0.0247994103
vn 0.270107239 0.891123891 0.364609778
vn 0.348108739 0.884922147 0.309407741
vn 0.210397631 0.880790114 0.42419523
vn 0.484399289 0.812598825 0.324099511
vn 0.510995269 0.810292482 0.286897331
vn 0.403093725 0.828887045 0.387893945
vn 0.284597933 0.368497372 -0.884993672
vn 0.208307654 0.259409547 -0.943034708
vn 0.0943061411 0.343622357 -0.934360802
vn 0.09899728 0.962573528 -0.25229305
vn 0.179795891 0.948778391 -0.259794056
vn 0.157498166 0.956388831 -0.245997146
vn 0.401299447 0.847098827 0.34839952
vn 0.477202088 0.828403592 0.293301255
vn 0.45920676 0.828612208 0.320204705
vn -0.963265717 0.260490745 0.0652976781
vn -0.965621054 0.258505642 0.0274005979
vn -0.983746171 0.179508418 0.00450021122
vn -0.13349463 -0.982260525 0.131694704
vn -0.196403682 -0.97691828 0.0840015784
vn -0.231010586 -0.971544445 0.0523023941
vn 0.0764992386 0.971490324 -0.224397764
vn 0.0899969786 0.967967451 -0.234392136
vn 0.174405873 0.965732455 -0.192206472
vn 0.165098697 0.0540995747 -0.984792233
vn 0.0838965625 0.0426982529 -0.995559216
vn 0.205799073 0.0503997728 -0.977295578
vn -0.634103119 -0.0916004479 0.767803729
vn -0.684983671 -0.213794917 0.696483433
vn -0.624398947 -0.144099742 0.767698646
vn -0.871011138 -0.374704808 0.317704052
vn -0.871344864 -0.358218461 0.335317284
vn -0.867031813 -0.36081326 0.343612641
vn 0.274799764 0.961499155 0.0020999983
vn 0.178204894 0.982426882 -0.0555015169
vn 0.281499773 0.95829916 -0.0491999574
vn -0.400803 0.357802689 0.84340632
vn -0.388290763 0.358891457 0.848779798
vn -0.396401465 0.358701319 0.845103085
vn -0.266308248 0.128904015 -0.95522964
vn -0.239093766 0.0577984974 -0.969274759
vn -0.304695636 0.0737989396 -0.949586391
vn -0.592311919 -0.210904241 0.777615666
vn -0.591602087 -0.18250066 0.785302818
vn -0.596681297 -0.218793139 0.772075772
vn 0.14330487 0.107403658 -0.983833492
vn 0.145107821 0.105705708 -0.983753085
vn 0.229807347 0.0882028192 -0.969231009
vn -0.40569374 0.843886971 0.351094574
vn -0.347613007 0.785429299 0.512119114
vn -0.180603892 0.916319788 0.357407719
vn -0.131398082 -0.619290948 -0.774088681
vn -0.129300907 -0.688304901 -0.713805079
vn -0.335707396 -0.559612334 -0.757716715
vn -0.278088659 0.658973038 0.698871434
vn -0.278292596 0.658982456 0.698781431
vn -0.278292596 0.658982456 0.698781431
vn -0.513591409 0.856685698 -0.0480991937
vn -0.570800662 0.820400953 -0.0336000361
vn -0.569705427 0.817807794 0.0814007744
vn -0.00710012112 0.131302238 -0.991316915
vn -0.0065003084 0.131106213 -0.991347015
vn -0.0173992068 0.074696593 -0.997054577
vn -0.800895035 0.169898957 0.574196458
vn -0.794778943 0.185095102 0.577984691
vn -0.800895035 0.169898957 0.574196458
vn 0.897315741 0.423407465 0.124702193
vn 0.873274565 0.47118628 0.123996377
vn 0.900064468 0.417083561 0.126195028
vn 0.820319235 0.4303101 0.376708865
vn 0.820319235 0.4303101 0.376708865
vn 0.820319235 0.4303101 0.376708865
vn 0.385806113 -0.0674010664 0.920114577
vn 0.191502973 -0.133902088 0.972315133
vn 0.305486023 -0.0886959434 0.948056638
vn 0.93953532 0.120604537 0.320512056
vn 0.936889648 0.0897990093 0.337896258
vn 0.949862182 0.0813967586 0.301887989
vn 0.5290941 -0.178898007 -0.829490781
vn 0.53060019 0.0436000116 -0.846500218
vn 0.517506242 -0.0930011347 -0.850610375
vn 0.542412162 0.750416815 0.377708465
vn 0.577412546 0.72471565 0.376008123
vn 0.579209864 0.722812295 0.376906395
vn 0.228496775 -0.41409412 0.881087542
vn 0.214297473 -0.511893928 0.831890166
vn 0.126404777 -0.518419683 0.845732093
vn 0.733192444 0.65639329 0.177698165
vn 0.724178076 0.676979482 0.131396025
vn 0.74603653 0.616130173 0.252612382
vn 0.211104706 -0.803017855 0.557312369
vn 0.211300954 -0.802903652 0.557402492
vn 0.211485431 -0.802744687 0.557561636
vn 0.780200899 0.622100711 0.0654000714
vn 0.781003833 0.621103048 0.0653003231
vn 0.781362832 0.620470464 0.0669968128
vn 0.474811345 -0.270706475 0.837420046
vn 0.418602645 -0.29300189 0.859605491
vn 0.544587374 -0.369991422 0.752682507
vn -0.0515976585 0.997354746 0.0511976741
vn -0.0502987765 0.99787581 0.0413989983
vn -0.0730971172 0.997160673 0.0180992875
vn 0.569889724 -0.726586938 0.383793116
vn 0.542003691 -0.761805236 0.35480243
vn 0.506412029 -0.798818946 0.324707687
vn 0.161799818 0.985698879 0.0470999442
vn 0.127003282 0.990725577 0.048301246
vn 0.0599985868 0.990776718 0.121497139
vn -0.182205752 0.725722909 0.663420916
vn -0.333387822 0.672675371 0.660575807
vn -0.236702695 0.647907376 0.724008203
vn 0.805085659 -0.329694122 0.493091166
vn 0.812888622 -0.264896274 0.518692732
vn 0.748272479 -0.376386166 0.546279907
vn 0.646193564 0.604694009 0.465595365
vn 0.609992862 0.62069273 0.492594242
vn 0.512093306 0.701390862 0.495793551
vn -0.924955904 0.0562973134 0.375882059
vn -0.937918484 0.130902573 0.321206331
vn -0.971434534 0.100003555 0.215207651
vn -0.353898019 -0.792995572 0.495897233
vn -0.343404144 -0.800309658 0.491505921
vn -0.359114707 -0.788932323 0.49862045
vn 0.766351223 -0.165789455 -0.620660543
vn 0.770887971 -0.105398357 -0.628190219
vn 0.787175477 -0.11929629 -0.605081141
vn 0.955989599 -0.0216997638 0.292596817
vn 0.972252905 0.00449978188 0.233888671
vn 0.955640137 -0.00380015955 0.294512331
vn 0.971641421 -0.230209813 -0.0540023036
vn 0.981540561 -0.168106943 -0.0912037641
vn 0.974291742 -0.209798217 -0.0820992962
vn -0.321391404 0.905375838 -0.277492613
vn -0.195907727 0.96203804 -0.190007508
vn -0.44490549 0.868210673 -0.219702706
vn 0.76963824 -0.452522457 0.450422406
vn 0.759596705 -0.460298002 0.459498018
vn 0.768805623 -0.469103426 0.434603155
vn 0.170103908 0.0282006469 -0.985022604
vn 0.117695078 0.0831965134 -0.989558578
vn 0.11710079 0.104500711 -0.987606704
vn 0.00229992834 0.157795087 -0.987469196
vn -0.0123999286 0.176098973 -0.984294295
vn -0.00739980768 0.242693692 -0.970074773
vn -0.00690003252 -0.929204345 0.36950174
vn -0.0544971563 -0.941850901 0.331582725
vn -0.0108995344 -0.930360317 0.366484344
vn 0.209798753 -0.645596147 0.734295607
vn 0.246603757 -0.653409958 0.715710878
vn 0.243396521 -0.571891785 0.783388793
vn 0.994294703 0.0327998251 0.101499461
vn 0.994432986 0.033501111 0.0999033079
vn 0.994591177 0.0346996933 0.0978991389
vn -0.982412696 -0.105001353 -0.154401988
vn -0.985566854 -0.110096298 -0.12859568
vn -0.978022337 -0.0920021012 -0.18710427
vn -0.96629703 -0.174999461 0.188799426
vn -0.96662885 -0.206506148 0.151604518
vn -0.986487329 -0.0855989009 0.139698207
vn -0.930416167 -0.260504544 0.257804483
vn -0.934270144 -0.294790596 0.200593591
vn -0.965881586 -0.225595698 0.127197579
vn 0.0635009333 -0.484807104 -0.872312844
vn 0.068200767 -0.482005417 -0.873509765
vn 0.074902758 -0.478417575 -0.87493217
vn -0.952210724 -0.259002924 0.161901817
vn -0.992310524 -0.0819008723 0.0928009823
vn -0.980294883 -0.181099057 0.0788995922
vn -0.225891143 -0.55747813 0.798868716
vn -0.194000155 -0.635300517 0.747500598
vn -0.235101059 -0.622702837 0.74630338
vn -0.298799485 -0.565799057 0.768498659
vn -0.207490772 -0.513277173 0.832762957
vn 0.780717731 0.057701312 0.622214079
vn 0.778289855 0.0549992844 0.625491858
vn 0.777023613 0.0532016158 0.627219081
vn 0.624020636 -0.141304657 0.768525362
vn 0.645395458 0.148398951 0.749294698
vn 0.584896028 0.0526996441 0.809394479
vn 0.697063982 0.0326983072 0.716262996
vn 0.637965381 -0.119993486 0.760658681
vn 0.517702401 -0.0548002534 0.853803933
vn 0.503801286 0.177900448 -0.845302165
vn 0.450991869 0.250395477 -0.856684566
vn 0.398607165 0.205003679 -0.893916011
vn -0.485272199 0.385577917 0.784755051
vn -0.497015625 0.459614456 0.736023128
vn -0.498787582 0.563685954 0.658383608
vn -0.68670696 -0.712407231 -0.144601464
vn -0.710165858 -0.703966141 0.00979952887
vn -0.750285625 -0.642687738 -0.154997036
vn 0.943185508 -0.331794918 -0.0176997278
vn 0.940495849 -0.33039853 -0.0793996453
vn 0.931754053 -0.363082081 -0.00239988184
vn -0.985872746 -0.0596983507 0.156495675
vn -0.980385661 -0.0164997578 0.196397126
vn -0.978338718 -0.028001111 0.205108121
vn -0.393906713 0.393806696 0.830514133
vn -0.395179421 0.391379595 0.831056654
vn -0.396189481 0.388389647 0.831977904
vn 0.854286313 -0.490592122 -0.171797246
vn 0.908702314 -0.416201085 -0.0322000869
vn 0.935451269 -0.352719337 -0.0228012484
vn 0.400590152 0.916177452 0.0120997019
vn 0.481082112 0.874967456 -0.0546979643
vn 0.384685993 0.911966801 -0.142594799
vn -0.899693012 0.436496645 -0.00479996298
vn -0.904512882 0.425206035 -0.0325004607
vn -0.933882713 0.357293397 0.0142997345
vn -0.574204326 -0.815306187 0.0746005699
vn -0.707786202 -0.702686369 0.0725985914
vn -0.69537276 -0.714272022 0.0791969001
vn 0.205508307 0.972039223 -0.113604583
vn 0.189097524 0.975687265 -0.110798553
vn 0.191303641 0.978418589 -0.0781014934
vn 0.436709791 0.243505448 0.866019428
vn 0.415687442 0.288691282 0.862473965
vn 0.44937852 0.386381537 0.805461466
vn -0.772010267 0.485606432 0.410105467
vn -0.848579407 0.475588471 0.231794387
vn -0.857697487 0.283399165 0.428998739
vn -0.540901542 0.729002118 0.419501215
vn -0.870315135 0.442207724 0.216803774
vn -0.863094449 0.504996777 0.00679995632
vn -0.574089289 0.769685626 0.279294789
vn -0.607675672 0.551077962 0.571877122
vn -0.631826937 0.614426196 0.472520143
vn 0.994042695 0.0977041945 0.0483020768
vn 0.994042695 0.0977041945 0.0483020768
vn 0.994042695 0.0977041945 0.0483020768
vn 0.242301792 0.730305433 -0.638704777
vn 0.24179107 0.72927314 -0.640076399
vn 0.245104432 0.729013145 -0.639111578
vn -0.176104128 -0.321407497 0.93042177
vn -0.248200282 -0.225900233 0.942000985
vn -0.250302643 -0.291603059 0.923209786
vn 0.563729823 0.818343282 -0.111905918
vn 0.563729823 0.818343282 -0.111905918
vn 0.563729823 0.818343282 -0.111905918
vn -0.967691183 -0.221697986 0.120098904
vn -0.96637851 -0.219995111 0.133097038
vn -0.978034616 -0.139804944 0.154605463
vn -0.9801296 -0.145604402 0.134704068
vn -0.959682107 -0.236895576 0.151297182
vn -0.979962468 -0.193892568 0.0455982536
vn 0.490986586 0.358290225 0.79407829
vn 0.517493606 0.24119705 0.820989907
vn 0.534610391 0.346906722 0.770614982
vn 0.365693629 0.930583715 -0.0167997051
vn 0.453099012 0.891298115 0.0169999655
vn 0.415485442 0.905468345 -0.0865969732
vn -0.863479435 0.474188745 0.171895906
vn -0.863479435 0.474188745 0.171895906
vn -0.863479435 0.474188745 0.171895906
vn -0.997699082 0.0301999729 0.0606999435
vn -0.998577714 0.0170996189 0.050498873
vn -0.995966911 0.0317989439 0.0838972107
vn 0.649724305 -0.51041913 -0.563321114
vn 0.436880797 -0.594373882 -0.675170302
vn 0.576112509 -0.533311605 -0.619413495
vn -0.979509115 0.0959008932 0.177101642
vn -0.988473117 0.133396357 0.071598053
vn -0.983454943 0.160292655 0.0843961313
vn -0.990027368 0.121203355 -0.0718019903
vn -0.985255718 0.165492564 -0.0433980487
vn -0.989278078 0.136396974 -0.0521988422
vn -0.832911551 0.446606159 0.326804519
vn -0.832911551 0.446606159 0.326804519
vn -0.832911551 0.446606159 0.326804519
vn -0.579212785 -0.161503568 -0.799017608
vn -0.579212785 -0.161503568 -0.799017608
vn -0.579212785 -0.161503568 -0.799017608
vn 0.420690507 -0.546687603 0.723983586
vn 0.420690507 -0.546687603 0.723983586
vn 0.419791073 -0.544588387 0.72608459
vn 0.53578496 -0.772878349 0.339990497
vn 0.51668942 -0.75368458 0.406191677
vn 0.394382149 -0.785464406 0.476978391
vn 0.972569346 0.186294124 -0.139295623
vn 0.952595651 0.272498757 -0.13529937
vn 0.991825223 0.084402144 -0.0957024395
vn 0.982397318 -0.183399498 -0.0354999043
vn 0.982454717 -0.183091551 -0.0354983658
vn 0.982397318 -0.183399498 -0.0354999043
vn 0.989644289 0.142291978 -0.0188989341
vn 0.992294788 0.0178999044 0.122599356
vn 0.998568773 0.0029999062 -0.053398326
vn 0.30490461 0.382005781 -0.872413218
vn 0.308291912 0.379590064 -0.8722772
vn 0.307004869 0.381006062 -0.872113824
vn 0.00890021306 0.365108758 -0.930922329
vn 0.00890021306 0.365108758 -0.930922329
vn -0.0126002925 0.341707915 -0.939721823
vn -0.960048497 -0.0969948024 0.262485921
vn -0.929384291 -0.158197314 0.333494335
vn -0.967294574 -0.148699164 0.205498844
vn -0.941420794 -0.326707214 0.0836018473
vn -0.907497883 -0.358999163 0.218099475
vn -0.970319629 -0.174803525 0.16710338
vn 0.508481383 0.0228991602 0.860768497
vn 0.637977183 0.0965965539 0.7639727
vn 0.532603264 0.0828005075 0.842305183
vn 0.461504817 0.821208596 -0.335603505
vn 0.440878302 0.862657547 -0.247887805
vn 0.486106336 0.818610668 -0.305904001
vn -0.9034096 0.406504303 0.136401445
vn -0.888227105 0.428013057 0.16690509
vn -0.919322908 0.370309204 0.133103326
vn -0.960903525 0.276101023 -0.0208000764
vn -0.959435642 0.276510268 -0.0550020449
vn -0.961911738 0.268503278 -0.0513006262
vn -0.924462438 0.329986602 -0.190992236
vn -0.925012469 0.332904458 -0.183102459
vn -0.929469049 0.314389527 -0.192993581
vn -0.545498908 -0.804198384 -0.235999539
vn -0.545807779 -0.803811431 -0.236603349
vn -0.546186388 -0.803380013 -0.237194121
vn -0.00389995216 0.245896995 -0.969288111
vn -0.0851996839 0.180399343 -0.979896426
vn 0.0300005134 0.21150364 -0.97691673
vn -0.91714251 0.398418486 0.0106004914
vn -0.922507405 0.377103031 0.082300663
vn -0.905163586 0.422882974 0.0429982692
vn 0.841615975 -0.430508196 0.326106191
vn 0.824726939 -0.457014889 0.333110869
vn 0.838283837 -0.454491228 0.301194191
vn 0.726090908 -0.431694597 0.535193264
vn 0.719974518 -0.431584716 0.543480754
vn 0.721185446 -0.432191283 0.541389108
vn 0.738774061 -0.617378294 0.270290524
vn 0.725681961 -0.641084015 0.249793783
vn 0.743296444 -0.62469703 0.23929885
vn -0.334311008 0.905829787 0.260208547
vn -0.0461977832 0.989452481 0.137293398
vn -0.263210356 0.964737892 0.00110004318
vn -0.768256903 0.199788794 -0.60816592
vn -0.768256903 0.199788794 -0.60816592
vn -0.768256903 0.199788794 -0.60816592
vn -0.590923667 0.80423218 -0.063402541
vn -0.613660932 0.789549768 -0.00559964357
vn -0.577002048 0.813702881 -0.0704002455
vn -0.49519366 0.867188931 -0.0525993258
vn -0.553999305 0.832498908 -0.00549999299
vn -0.55159241 0.833588541 -0.0295995921
vn 0.00510012731 -0.942023396 0.335508347
vn 0.028700335 -0.926010847 0.376404405
vn 0.0179999638 -0.963998079 0.265299499
vn 0.627514541 0.76041764 -0.167303875
vn 0.625494063 0.754792809 -0.197598115
vn 0.565095305 0.802493334 -0.191498399
vn -0.719988465 0.689888895 0.0752987936
vn -0.752463818 0.648068845 0.117494352
vn -0.664508939 0.657408834 0.355304807
vn 0.392302305 -0.848905027 0.354202092
vn 0.388596177 -0.837991774 0.383096248
vn 0.373497248 -0.865993679 0.332497597
vn 0.475684494 -0.739575922 0.476184517
vn 0.410286188 -0.745974898 0.524582386
vn 0.461307883 -0.708012164 0.534709156
vn -0.594693601 -0.789491534 0.151798382
vn -0.558004439 -0.823206484 0.104700834
vn -0.581515551 -0.797221303 0.162104324
vn -0.5612064 -0.827409446 0.02100024
vn -0.557128429 -0.822141945 0.117005974
vn -0.596190035 -0.798986673 0.0785986856
vn 0.156693026 -0.335385054 -0.928958654
vn 0.12589781 -0.417992741 -0.89968431
vn -0.00639981264 -0.31799069 -0.948072255
vn 0.178196177 0.0644986033 -0.981878817
vn 0.219596669 -0.00329994969 -0.975585163
vn 0.163299799 0.0669999197 -0.984298825
vn -0.15699634 0.981577098 0.10889747
vn -0.114505924 0.988151073 0.102205284
vn -0.140092924 0.984850287 0.102194846
vn 0.900905848 0.366802394 0.232001513
vn 0.898827732 0.37211147 0.231607139
vn 0.90070802 0.362903237 0.23880212
vn 0.447482526 -0.736771226 -0.506880224
vn 0.447482526 -0.736771226 -0.506880224
vn 0.447482526 -0.736771226 -0.506880224
vn -0.959234118 0.282410055 0.0107003804
vn -0.951168716 0.305689931 0.0427985936
vn -0.950744212 0.303814113 0.0615028664
vn -0.935608745 0.347003251 0.0650006011
vn -0.765893877 0.637094915 0.086699307
vn -0.836918056 0.543211758 0.0670014471
vn -0.417600393 0.904300809 -0.0886000842
vn -0.231892571 0.919470489 0.317489803
vn -0.382706016 0.898814201 0.213703364
vn -0.738446236 -0.113207087 0.664741635
vn -0.812227309 -0.210807085 0.543918312
vn -0.670976877 -0.158794522 0.724275053
vn -0.708615839 -0.12730284 0.694015563
vn -0.862275302 -0.0124996426 0.506285489
vn -0.617702723 -0.4665021 0.633102775
vn -0.180802971 0.175602883 0.967715859
vn -0.182896659 0.192096502 0.964182436
vn -0.181798413 0.184398398 0.9658916
vn -0.990475714 0.0404990055 -0.131596774
vn -0.989438236 0.0574022159 -0.133105144
vn -0.991308033 0.0304002464 -0.128001034
vn -0.745594203 0.640495062 0.18399857
vn -0.723611891 0.579509556 0.374906182
vn -0.707878172 0.609481215 0.356988996
vn -0.842552722 0.534870028 0.063396439
vn -0.845519781 0.521412194 0.115002692
vn -0.841744781 0.539728642 0.0126006696
vn -0.589072347 0.805462122 -0.0649969429
vn -0.538514614 0.823922336 -0.176504776
vn -0.585800529 0.805900753 -0.0858000815
vn 0.0609012544 0.85901773 0.508310497
vn 0.0466987044 0.844076574 0.534185171
vn 0.0744026154 0.846029699 0.527918518
vn 0.113300912 -0.989207923 -0.0929007456
vn 0.0695981532 -0.985973835 0.151695967
vn -0.130694941 -0.991361558 -0.0109995734
vn -0.166495264 0.176195011 -0.970172465
vn -0.275000453 0.317800522 -0.907401562
vn -0.0224987492 0.376979053 -0.925948501
vn -0.833737969 0.545824826 0.0834038034
vn -0.79862839 0.575420439 0.176306263
vn -0.810289443 0.585892379 0.0126998341
vn -0.632877588 0.482682884 -0.605378628
vn -0.503281355 0.545379817 -0.670275152
vn -0.534309506 0.388706893 -0.750613272
vn 0.235510558 -0.115005173 -0.965043306
vn 0.125297874 0.089398481 -0.988083184
vn 0.292907 -0.0831019878 -0.952522755
vn -0.244394436 -0.136796907 -0.959978163
vn -0.222698867 -0.0416997895 -0.97399503
vn -0.203309208 -0.0230010413 -0.978844345
vn -0.308198214 0.0371997841 -0.950594544
vn -0.328510463 0.0625019893 -0.942430019
vn -0.317015052 0.123505846 -0.940344572
vn -0.358597457 0.189798668 -0.913993537
vn -0.400713861 0.264709145 -0.87713027
vn -0.305696279 0.10529872 -0.946288466
vn 0.147092938 0.0623970032 -0.987152636
vn 0.105199963 0.188099921 -0.976499617
vn 0.155497357 0.262995571 -0.952183843
vn -0.983983397 -0.126597866 0.125497863
vn -0.996144176 0.0491021797 0.0727032274
vn -0.983747661 0.170990899 -0.0547970831
vn 0.278305352 -0.955018342 0.102401964
vn 0.154594496 -0.920567214 0.358687222
vn 0.175097778 -0.921188235 0.347495586
vn -0.927313089 0.313804448 0.204002887
vn -0.907058835 0.369383216 0.201990843
vn -0.907209039 0.368403703 0.203102022
vn -0.491184533 -0.778775454 0.390187711
vn -0.517295122 -0.7349931 0.438395858
vn -0.507113755 -0.747920275 0.428311586
vn -0.0309997387 -0.984591782 0.172098547
vn -0.0419022106 -0.985551953 0.164108664
vn -0.0244004596 -0.983618557 0.178603366
vn -0.49699834 -0.755197465 0.427398533
vn -0.534501016 -0.764001489 0.361400694
vn -0.525605798 -0.729308069 0.438004822
vn 0.399498522 -0.303898871 0.864896774
vn 0.399498522 -0.303898871 0.864896774
vn 0.399498522 -0.303898871 0.864896774
vn -0.847914934 -0.196903467 0.49220866
vn -0.847914934 -0.196903467 0.49220866
vn -0.847914934 -0.196903467 0.49220866
vn -0.250594854 -0.363192499 0.897381485
vn -0.250594854 -0.363192499 0.897381485
vn -0.250594854 -0.363192499 0.897381485
vn 0.701373279 -0.706273139 0.0961963385
vn 0.959018648 -0.200303882 0.200403899
vn 0.781818748 -0.48011151 0.397809535
vn 0.290606558 0.734016597 0.613813877
vn 0.290606558 0.734016597 0.613813877
vn 0.290606558 0.734016597 0.613813877
vn 0.525015116 0.846224368 -0.0909026191
vn 0.50428766 0.860578954 -0.0713982582
vn 0.505496085 0.857693315 -0.0939992666
vn 0.402507097 0.915416121 -0.00110001944
vn 0.402507097 0.915416121 -0.00110001944
vn 0.402507097 0.915416121 -0.00110001944
vn -0.903182745 -0.423191965 -0.0718986318
vn -0.867185354 -0.475391954 -0.148297504
vn -0.926110923 -0.367504328 -0.0852009952
vn -0.930165052 -0.325987786 -0.16889365
vn -0.918536007 -0.377314776 -0.118004628
vn -0.887474835 -0.413888276 -0.202694267
vn -0.131997019 -0.555487454 0.820981443
vn 0.055500336 -0.484902889 0.872805238
vn -0.0886992067 -0.42339623 0.901591957
vn -0.629772484 -0.769066334 0.109195217
vn -0.699503362 -0.713903487 -0.0322001576
vn -0.587112129 -0.808516681 -0.0400008261
vn 0.576011181 0.0691013485 0.814515889
vn 0.594892561 0.0706991106 0.800689995
vn 0.645195186 -0.00599995535 0.763994277
vn 0.0509010814 0.206504375 -0.977120757
vn -0.0184000153 0.103100076 -0.994500756
vn -0.208503842 0.11260207 -0.971517861
vn 0.00900021754 0.999924183 0.00840020273
vn -0.0156995598 0.999871969 -0.00309991324
vn -0.0389995724 0.998189032 0.0457994975
vn 0.0585007668 0.997213066 0.0463006087
vn 0.0740034059 0.997245908 0.00490022544
vn 0.0222001225 0.999605596 0.0172000974
vn 0.427096575 -0.227598161 -0.875092983
vn 0.452311456 -0.301307619 -0.839421272
vn 0.422917843 -0.269911379 -0.865036547
vn -0.247091472 0.920568228 0.302489579
vn -0.247091472 0.920568228 0.302489579
vn -0.241704121 0.92251575 0.300905138
vn -0.117604844 0.991840839 0.0492020249
vn -0.119095653 0.991363883 0.0548980013
vn -0.106897898 0.99268049 0.056198895
vn -0.0690989569 -0.0788988099 0.994484961
vn -0.0690989569 -0.0788988099 0.994484961
vn -0.0690989569 -0.0788988099 0.994484961
vn 0.805104315 -0.586703181 -0.0871004611
vn 0.863132358 -0.500418782 0.0677025393
vn 0.813504279 -0.580303073 -0.0382001996
vn -0.78408736 0.609790146 0.115598127
vn -0.775537491 0.63103044 0.0185008943
vn -0.783304811 0.62090385 0.0302001853
vn 0.845288455 0.179397538 0.503293157
vn 0.842696607 0.13649945 0.520797908
vn 0.790646195 0.0474027731 0.610435724
vn 0.160106555 -0.0872035697 -0.983240306
vn 0.00499992725 -0.159497693 -0.987185657
vn 0.0810014457 0.0281005017 -0.996317744
vn 0.141003236 -0.305106997 0.941821575
vn 0.118199959 -0.293899924 0.94849968
vn 0.164090708 -0.234586716 0.958145738
vn -0.247514591 -0.306118071 0.919254184
vn -0.133706138 -0.0714032799 0.988445401
vn -0.113902077 -0.12000218 0.986217916
vn -0.990609169 -0.126201168 -0.0526004881
vn -0.990553021 -0.127093986 -0.05149756
vn -0.990577579 -0.126697138 -0.0519988239
vn -0.947887063 0.296895951 -0.115598425
vn -0.916021824 0.363508642 -0.169604033
vn -0.95809561 0.23899889 -0.15789929
vn -0.439777553 -0.0830957592 0.894254327
vn -0.515001118 -0.276700616 0.811301768
vn -0.0132001266 -0.26950258 0.962909222
vn -0.970877647 0.231494665 0.061698582
vn -0.97598809 0.209397435 0.0599992648
vn -0.969918966 0.235504583 0.0616012029
vn 0.0792034939 0.996744037 0.0151006682
vn 0.00670014042 0.992420852 0.122702576
vn -0.0696982443 0.996974826 0.0343991332
vn -0.0476989374 0.981278121 0.186595842
vn 0.123403445 0.953026652 0.276607722
vn 0.0592972822 0.997954249 0.0238989051
vn -0.0421014242 0.980333149 0.192806512
vn -0.0446992852 0.981684268 0.185197026
vn -0.0705996305 0.981294751 0.179099053
vn 0.189496845 -0.611789823 0.767987192
vn 0.120102122 -0.597910523 0.792514026
vn 0.150299594 -0.511398613 0.846097708
vn -0.170206562 0.970737398 -0.169406518
vn -0.200690031 0.964652121 -0.170791522
vn -0.197699741 0.967898726 -0.155199796
vn -0.064800635 0.975009561 -0.212502092
vn -0.0626018569 0.972528875 -0.224206641
vn -0.065900825 0.976812303 -0.203702569
vn 0.393779129 -0.580069244 0.713062227
vn 0.441099226 -0.634698868 0.634498894
vn 0.463281989 -0.61187619 0.641075075
vn 0.769578993 -0.0848976821 0.632882774
vn 0.738466382 -0.0558974557 0.671969414
vn 0.744416773 -0.000500011258 0.667715013
vn 0.330705702 -0.586810112 0.739112735
vn 0.249606639 -0.573815286 0.780020773
vn 0.284305751 -0.587011874 0.758015335
vn 0.262101918 -0.722905278 0.639304698
vn 0.258902341 -0.726606607 0.636405766
vn 0.257199377 -0.725198269 0.638698518
vn -0.0101999529 -0.981595457 -0.190699115
vn 0.11970599 -0.95464772 -0.272613615
vn 0.0226006471 -0.996828496 0.0763021857
vn 0.0500020012 -0.993139684 0.105704226
vn -0.205003247 -0.978015482 -0.0382006019
vn -0.10129828 -0.983083248 0.152597412
vn 0.568915606 0.821422517 0.0400010943
vn 0.554303527 0.831905246 0.0261001643
vn 0.522087932 0.852880359 0.00439989846
vn 0.414683729 -0.00149994122 0.909964323
vn 0.416513503 0 0.9091295
vn 0.415293992 -0.000999985496 0.909686744
vn -0.281102687 0.727907002 0.625405967
vn -0.244399622 0.733698845 0.63399905
vn -0.324000984 0.738502264 0.591301799
vn 0.200002521 0.136701733 0.970212221
vn 0.286900699 0.11190027 0.951402247
vn 0.326516211 0.146007255 0.933846354
vn -0.162204981 0.893327415 0.419112831
vn 0.0106996605 0.924970686 0.379887968
vn -0.0664975643 0.938365579 0.339187562
vn 0.701627553 0.670726359 0.24050945
vn 0.722315252 0.608612895 0.32840693
vn 0.705206573 0.65050602 0.282002628
vn -0.0179992858 -0.142294347 -0.98966074
vn -0.0179992858 -0.142294347 -0.98966074
vn -0.0179992858 -0.142294347 -0.98966074
vn 0.817911625 -0.319904566 -0.478206784
vn 0.835051894 -0.292183161 -0.466173142
vn 0.807382822 -0.341592729 -0.481089771
vn -0.76818192 0.640084982 -0.0136996778
vn -0.767667472 0.640672803 -0.0149993636
vn -0.76818192 0.640084982 -0.0136996778
vn -0.207507432 0.978034973 -0.0197007041
vn -0.134706602 0.960447073 0.243711948
vn -0.239203557 0.927613854 -0.286904275
vn 0.8656919 -0.0409996174 0.498895317
vn 0.8656919 -0.0409996174 0.498895317
vn 0.8656919 -0.0409996174 0.498895317
vn 0.947876453 0.212094724 0.237794101
vn 0.924166322 0.137494996 0.356387019
vn 0.91780144 0.176200271 0.355800569
vn 0.997547209 -0.0568026863 -0.0409019329
vn 0.995045185 0.0795036107 0.059702713
vn 0.999104679 0.0423001982 0.000700003235
vn 0.99980098 0.010600009 -0.016900016
vn 0.99516654 -0.0640978366 0.0743974969
vn 0.989655137 0.0197991021 0.142093569
vn -0.927874684 -0.347090513 -0.136296272
vn -0.954179406 -0.299193531 -0.00499989185
vn -0.97680819 -0.167401403 0.133501112
vn -0.993456185 0.102195494 0.0509977527
vn -0.992836654 0.119204395 -0.00810029916
vn -0.993081391 0.117097802 0.00879983511
vn 0.0988998562 0.0675999001 0.992798567
vn 0.0988998562 0.0675999001 0.992798567
vn 0.0988998562 0.0675999001 0.992798567
vn -0.882964253 -0.0155993681 0.469180971
vn -0.833003342 0.0374001488 0.552002192
vn -0.80020678 0.0601005107 0.596705079
vn -0.442683041 -0.83896786 -0.316487879
vn -0.405498952 -0.905397654 0.125799686
vn -0.709490836 -0.704690874 0.00579992495
vn 0.0935032293 0.92053175 0.379313111
vn 0.160394594 0.919768929 0.358187944
vn 0.193198353 0.918992221 0.343697071
vn 0.395291954 0.402891815 0.825483203
vn 0.322704315 0.262703508 0.909312248
vn 0.341303259 0.523904979 0.780407429
vn 0.907466054 0.419484288 0.0231991317
vn 0.907466054 0.419484288 0.0231991317
vn 0.907466054 0.419484288 0.0231991317
vn 0.0187009107 -0.698634028 0.715234816
vn 0.0681990236 -0.866387665 0.494692981
vn 0.252003372 -0.690309227 0.678209066
vn 0.771724045 -0.284208834 0.568917692
vn 0.640600741 -0.506200552 0.577400684
vn 0.530114532 -0.602616549 0.596516371
vn 0.600784123 -0.148596078 0.785479248
vn 0.244507581 -0.338810533 0.908528209
vn 0.578803658 -0.125800774 0.805705011
vn -0.541785598 -0.793178916 0.278092623
vn -0.541785598 -0.793178916 0.278092623
vn -0.541785598 -0.793178916 0.278092623
vn -0.586392105 -0.797089279 0.14419806
vn -0.586392105 -0.797089279 0.14419806
vn -0.586392105 -0.797089279 0.14419806
vn 0.59172523 0.224209532 0.774332941
vn 0.619273841 0.119894937 0.77596724
vn 0.649085701 0.244994611 0.720184147
vn 0.0720989034 -0.460193008 0.884886503
vn 0.00570007507 -0.397205234 0.917712092
vn 0.0980038121 -0.398915529 0.911735535
vn 0.874006808 -0.482903779 -0.0540004224
vn 0.883156121 -0.468976706 -0.00979951303
vn 0.88018018 -0.473789334 -0.0283993613
vn 0.924098015 -0.348999262 0.15569967
vn 0.921417534 -0.356406808 0.154802933
vn 0.899824739 -0.396010906 0.183005035
vn 0.944815934 0.252104253 0.209203511
vn 0.911924839 0.322608799 0.253606915
vn 0.914436817 0.261610538 0.308812469
vn 0.986873686 -0.0149996001 0.160795704
vn 0.986873686 -0.0149996001 0.160795704
vn 0.986873686 -0.0149996001 0.160795704
vn -0.99736625 -0.00579980388 -0.0722975582
vn -0.992671847 0.00329990638 0.120796576
vn -0.933595121 -0.315598369 -0.169699103
vn -0.991607308 0.122100912 -0.0425003171
vn -0.981238365 0.189407423 -0.0360014066
vn -0.975012302 0.221702799 0.0141001781
vn 0.836798012 0.374499112 0.399399072
vn 0.820883274 0.301393867 0.485090107
vn 0.783544242 0.362920493 0.504328489
vn 0.812912643 0.141602203 0.564908743
vn 0.81281662 0.21620442 0.540911019
vn 0.847952783 0.203312665 0.489530474
vn 0.222693563 -0.00569983525 -0.974871814
vn 0.431097656 0.0042999764 -0.902295053
vn 0.246703371 0.0603008233 -0.967213154
vn 0.0543993451 -0.0354995765 -0.997888029
vn 0.125301838 -0.0732010826 -0.989414573
vn 0.0926026553 -0.281008035 -0.955227375
vn -0.931305349 0.25910148 -0.256001472
vn -0.924877048 0.273793191 -0.263893455
vn -0.930304408 0.261301249 -0.257401228
vn 0.417680264 0.90755707 -0.0433979481
vn 0.425878227 0.903553784 -0.0470975935
vn 0.42341122 0.905423939 -0.0305008069
vn 0.42149961 0.906599164 0.0203999821
vn 0.41171664 0.911236763 0.0117004719
vn 0.468169749 0.883542895 -0.0129991602
vn 0.469091117 0.882683277 -0.0286994539
vn 0.458710313 0.888219893 -0.0255005714
vn 0.651707351 -0.408904612 0.638807178
vn 0.81912142 -0.0814021304 0.567814827
vn 0.78684622 -0.269981563 0.554962099
vn 0.26021111 -0.175107494 -0.949540675
vn 0.369586945 0.119595774 -0.921467483
vn 0.241998792 0.0866995677 -0.966395199
vn -0.0321985893 0.0254988801 -0.999156117
vn -0.120200105 0.154200137 -0.98070085
vn -0.154394463 0.00939966179 -0.987964511
vn 0.975512564 0.158102036 0.152901962
vn 0.971956432 0.124194443 0.199691042
vn 0.993013918 0.0333004706 0.113201588
vn 0.65642333 0.723725677 0.212907568
vn 0.644430995 0.746535897 0.165507957
vn 0.687788308 0.681688428 0.249495775
vn 0.785818934 -0.150303617 0.599914491
vn 0.736585617 -0.246595189 0.629787743
vn 0.791385889 -0.185196698 0.582589567
vn 0.985603571 0.167500615 -0.0230000839
vn 0.968764365 0.245790958 0.0328987911
vn 0.977804005 0.208000854 -0.0252001025
vn -0.980697513 -0.169199571 0.0979997441
vn -0.897793591 0.182998687 0.400597125
vn -0.918600261 0.383500099 -0.0954000279
vn -0.44152084 -0.852340221 0.280313224
vn -0.483371377 -0.771454334 0.413775533
vn -0.491700709 -0.83470124 0.248000368
vn -0.463787287 -0.834577084 0.297291875
vn -0.393807918 -0.853917241 0.340206861
vn -0.510028958 -0.807945907 0.295116782
vn -0.339318037 -0.299415886 -0.891747415
vn -0.358301133 -0.345301062 -0.867402673
vn -0.398094267 -0.3051956 -0.865087569
vn -0.0242008138 -0.46831575 -0.883229673
vn 0.0831014663 -0.517209113 -0.851815045
vn -0.208387583 -0.356278777 -0.910845757
vn -0.762700379 -0.581500232 0.283100158
vn -0.741464555 -0.641669333 0.196190625
vn -0.616305649 -0.703706503 0.353503257
vn 0.656579375 0.749576449 -0.0838973597
vn 0.567797244 0.819996059 -0.0721996501
vn 0.575802207 0.815703094 -0.0555002131
vn 0.786105275 0.454303086 0.419102818
vn 0.799661577 0.458777905 0.387381375
vn 0.859452248 0.434975863 0.268585086
vn 0.526904821 0.669406116 0.523704827
vn 0.534120679 0.644324958 0.5473212
vn 0.520087719 0.535387278 0.66548425
vn -0.81997937 0.569385648 0.0585985258
vn -0.813583016 0.546988606 0.197195888
vn -0.876382709 0.48159048 -0.00489990367
vn -0.88081646 0.471408814 0.0440008231
vn -0.827804625 0.557203114 -0.0653003752
vn -0.775484264 0.607487679 0.171996519
vn -0.896271467 0.349688858 0.272791296
vn -0.9053756 0.333991021 0.262192935
vn -0.899484992 0.341494292 0.272595465
vn 0.916429281 0.319110185 0.241507709
vn 0.911811829 0.337404341 0.234003022
vn 0.903550029 0.324182093 0.280184537
vn -0.124404147 0.977032542 0.173005745
vn -0.117395319 0.976061106 0.183092698
vn -0.121802084 0.976716757 0.176603034
vn -0.839495182 0.543196857 0.0135999219
vn -0.780142307 0.519128144 0.349118918
vn -0.651187539 0.729486048 0.209295988
vn 0.836306691 -0.539304376 0.0987007916
vn 0.824370086 -0.49998185 0.265390366
vn 0.832637072 -0.526723504 0.17110762
vn -0.988410473 0.101701081 -0.112701192
vn -0.979583085 0.184696808 0.079398632
vn -0.988038421 0.014700572 -0.153505981
vn 0.984182656 -0.0607989319 0.166397065
vn 0.979307294 -0.0428003184 0.197801456
vn 0.988570154 -0.0452986322 0.143795654
vn 0.997172713 -0.0071998029 0.0747979507
vn 0.993902087 -0.0671001449 0.0875001773
vn 0.996902645 -0.00620001648 0.0784002021
vn 0.998211741 -0.0102001196 0.0589006916
vn 0.997944653 0.0322014429 0.0554024763
vn 0.994320869 0.0585012287 0.0889018625
vn 0.996523261 0.0723016858 0.041400969
vn 0.875518799 -0.482810378 -0.0190004073
vn 0.908905208 -0.41700238 0.000600003463
vn 0.871277213 -0.489387214 0.0370990299
vn 0.803905904 -0.589104295 0.0818006024
vn 0.837346554 -0.540165544 0.0840946287
vn 0.81016922 -0.573678255 0.120495424
vn -0.693586648 0.713286281 0.100798063
vn -0.872836113 0.487320185 0.0260010771
vn -0.789821923 0.580016077 -0.199405536
vn 0.563812017 -0.779616654 -0.272605807
vn 0.563812017 -0.779616654 -0.272605807
vn 0.563812017 -0.779616654 -0.272605807
vn -0.589932621 -0.172809556 0.788743556
vn -0.452512294 -0.145403966 0.879823983
vn -0.648896933 -0.029699862 0.760296464
vn 0.663945794 -0.724249959 0.186112836
vn 0.749507964 -0.661407113 -0.0279002972
vn 0.76930964 -0.626407862 0.125601575
vn 0.91701597 -0.145902544 0.371206462
vn 0.889900982 -0.341600358 0.302300334
vn 0.948674619 -0.175495312 0.263092935
vn 0.74280268 -0.469801694 0.477001697
vn 0.675819874 -0.539115787 0.502614796
vn 0.746034145 -0.464221239 0.47742188
vn 0.210294679 -0.174295589 0.961975694
vn 0.415291309 -0.624686956 0.661286175
vn 0.629383504 -0.636583328 0.445688307
vn 0.0677977875 -0.437885702 -0.896470726
vn 0.0537009388 -0.413507223 -0.908915877
vn 0.135901794 -0.486206383 -0.863211393
vn 0.893992543 -0.447796255 -0.0159998666
vn 0.893835604 -0.448217809 0.012600502
vn 0.892612755 -0.450706452 -0.0103001473
vn 0.817003727 0.104400478 -0.567102611
vn 0.821665645 0.110395387 -0.559176624
vn 0.820059776 0.107594728 -0.562072396
vn -0.305700123 -0.794900298 0.524100184
vn -0.305700123 -0.794900298 0.524100184
vn -0.305700123 -0.794900298 0.524100184
vn -0.943764567 -0.30048874 0.137894824
vn -0.999215126 0.0386005864 -0.00890013482
vn -0.97844851 -0.0752037317 0.192309543
vn -0.109002061 -0.260804921 -0.959218144
vn -0.0750970393 -0.263389587 -0.961762071
vn 0.0473997444 -0.324798256 -0.94459486
vn 0.868725419 -0.0728021339 0.489914328
vn 0.829288065 0.09949857 0.549892068
vn 0.857583284 -0.118997686 0.500390232
vn 0.306008041 -0.0883023217 -0.947924972
vn 0.275005102 -0.135702521 -0.951817691
vn 0.259594172 -0.138196886 -0.95577848
vn 0.00879985839 0.167197302 -0.98588413
vn 0.0676002726 0.00410001725 -0.997704089
vn -0.0348006822 -0.0524010248 -0.998019576
vn -0.526004374 -0.27320227 -0.80540669
vn -0.333186239 -0.305887371 -0.891863167
vn -0.276293129 -0.231494233 -0.932776749
vn -0.408509463 0.47021091 -0.782318175
vn -0.520613313 0.459311754 -0.719718337
vn -0.409604371 0.468104988 -0.783008337
vn 0.0998042151 -0.343214482 -0.933939457
vn 0.155506507 -0.351614714 -0.923138678
vn -0.00879946165 -0.344778895 -0.938642621
vn 0.70732367 0.364412189 0.605720282
vn 0.712022364 0.375811815 0.593118608
vn 0.709271431 0.368785143 0.600775778
vn -0.965750694 0.172991171 0.193390116
vn -0.971339345 0.139705658 0.192307785
vn -0.968929708 0.143704414 0.201306149
vn -0.158099487 -0.454898536 -0.876397133
vn -0.158099487 -0.454898536 -0.876397133
vn -0.158099487 -0.454898536 -0.876397133
vn -0.0900982991 -0.931882501 0.351393372
vn -0.231892809 -0.90947181 0.345089287
vn -0.165494904 -0.889272571 0.426386833
vn 0.979772806 -0.194394603 -0.0474986807
vn 0.993128657 -0.0995028764 -0.0616017804
vn 0.987285674 -0.154297769 0.0381994434
vn -0.0583021231 -0.116004221 -0.99153614
vn -0.161200315 -0.0470000915 -0.985801995
vn -0.0453014746 -0.170405537 -0.984332085
vn -0.297197729 0.0917992964 -0.950392723
vn -0.298898846 0.155099407 -0.941596389
vn -0.119402088 0.106501862 -0.987117231
vn -0.00979956053 0.943057656 -0.33248508
vn 0.0228003822 0.972016335 -0.233803928
vn 0.036298953 0.952872574 -0.30119133
vn -0.628211796 0.351506621 -0.694113076
vn -0.628211796 0.351506621 -0.694113076
vn -0.628211796 0.351506621 -0.694113076
vn -0.0918950886 0.641665757 -0.761459351
vn -0.0836024359 0.648718953 -0.756422043
vn 0.0041999463 0.572792709 -0.819689572
vn 0.432591319 0.883582234 -0.179296389
vn 0.434786528 0.884072602 -0.171394676
vn 0.430210263 0.882721066 -0.189004496
vn 0.00220004562 0.202304184 -0.979320288
vn 0.0583006144 0.179601878 -0.982010305
vn 0.00440013781 0.0831026062 -0.996531308
vn 0.16690512 0.0986030251 -0.981030107
vn 0.198697656 0.20589757 -0.958188653
vn 0.279600501 0.0930001661 -0.955601692
vn 0.86306262 -0.265188515 0.429881364
vn 0.874771595 -0.312389851 0.370387971
vn 0.879018247 -0.277505755 0.387708038
vn -0.0679994896 0.0421996824 -0.996792495
vn 0.0234004185 0.0762013644 -0.996817827
vn 0.147495344 0.170994624 -0.974169314
vn -0.939682722 -0.1846966 0.287894696
vn -0.957102597 -0.22440061 0.183300495
vn -0.945072889 -0.266892344 0.188694596
vn -0.995204687 -0.0706003383 -0.067700319
vn -0.995204687 -0.0706003383 -0.067700319
vn -0.995204687 -0.0706003383 -0.067700319
vn -0.961338818 0.224609062 0.159306422
vn -0.955362558 0.265689611 0.12919493
vn -0.965555489 0.226989537 0.127194136
vn -0.975015938 0.182802975 0.126202062
vn -0.957481802 0.261195034 0.122497678
vn -0.963748634 0.195389584 0.18169032
vn -0.850716531 0.465609044 0.243904725
vn -0.857377946 0.457188219 0.236393929
vn -0.856895089 0.422597587 0.295198292
vn 0.510511041 -0.557312071 0.654814184
vn 0.51049608 -0.556995749 0.655094981
vn 0.511113882 -0.565915406 0.646917582
vn 0.622620642 -0.77822578 0.0819027126
vn 0.619188309 -0.781585276 0.0756985694
vn 0.620875418 -0.779969156 0.0784969032
vn 0.263808846 -0.821927547 -0.504816949
vn 0.263988346 -0.821463704 -0.505477667
vn 0.263003051 -0.824209511 -0.501505792
vn -0.201694027 0.964671433 0.169494972
vn -0.417083442 0.881264985 0.222291172
vn -0.382686257 0.849069476 0.364186913
vn -0.309707969 0.870322347 0.382909834
vn -0.451720536 0.860239148 0.236510754
vn -0.435712963 0.864725709 0.249807417
vn -0.980773389 0.134396344 0.141496167
vn -0.988628507 0.145704195 0.037201073
vn -0.988628507 0.145704195 0.037201073
vn -0.702761054 -0.522271097 -0.483073235
vn -0.704584956 -0.522288859 -0.480389774
vn -0.703215778 -0.524111807 -0.480410784
vn 0.154406175 -0.276811093 0.948437929
vn 0.0294984411 -0.369780451 0.928650856
vn 0.111797631 -0.508989215 0.853481889
vn -0.966988385 -0.227597252 0.114598624
vn -0.893461883 -0.327286065 0.307586879
vn -0.942198157 -0.0760998502 0.32629934
vn 0.879534125 -0.127204955 0.45851782
vn 0.884455144 -0.12169382 0.450477153
vn 0.88491112 -0.121601529 0.449605703
vn 0.71121192 0.650910914 0.26550445
vn 0.719902813 0.642602503 0.262301028
vn 0.754491031 0.624192595 0.202797607
vn -0.943117321 -0.291205376 0.160402954
vn -0.940066397 -0.340987802 -0.00159994268
vn -0.939474165 -0.339490682 0.0461987294
vn -0.923022032 -0.344108224 0.172104105
vn -0.946561933 -0.321287066 -0.0281988662
vn -0.931684136 -0.353893965 0.081998609
vn -0.903845608 -0.426974267 0.027498344
vn -0.864415765 -0.50270915 0.00830015074
vn -0.886432827 -0.462817132 0.00610022573
vn 0.259400785 0.392301202 0.882502675
vn 0.272511035 0.395215988 0.877235472
vn 0.27140525 0.394907653 0.877716959
vn 0.405908078 0.241904825 0.881317556
vn 0.258995205 0.285294712 0.922782898
vn 0.286689967 0.180493668 0.940867066
vn 0.154394105 0.538179457 0.828568339
vn 0.0811000764 0.51870048 0.851100802
vn 0.193505585 0.543615758 0.816723585
vn 0.467304438 0.229802191 0.853708088
vn 0.449478298 0.218889415 0.866058171
vn 0.464490145 0.208095595 0.860781729
vn 0.010999891 -0.995790184 -0.0909990966
vn -0.094601281 -0.994313478 -0.0489006639
vn -0.107398577 -0.986886919 0.120498404
vn 0.146402597 0.948916852 -0.279504985
vn 0.146402597 0.948916852 -0.279504985
vn 0.146402597 0.948916852 -0.279504985
vn 0.340113908 0.797932684 0.497620374
vn 0.181608647 0.854640722 0.486423165
vn 0.0911962911 0.856765151 0.507579327
vn 0.336392313 -0.0743983015 0.93877846
vn 0.454278558 -0.00179991487 0.890857935
vn 0.383994251 0.0287995692 0.922886252
vn 0.0905991048 -0.565594375 0.819691896
vn 0.0887053832 -0.5665344 0.819249749
vn 0.0894003958 -0.566202521 0.819403648
vn 0.514600158 -0.181500047 -0.838000238
vn 0.535483778 -0.200193942 -0.820475161
vn 0.526090741 -0.235795856 -0.817085624
vn -0.815388799 -0.197197288 0.544292569
vn -0.794410348 -0.0667008683 0.60370785
vn -0.823749065 0.0323019214 0.566033661
vn 0.339689106 0.938169837 -0.0666978508
vn 0.360597342 0.93129313 -0.0515996218
vn 0.348509222 0.935324669 -0.0609016083
vn -0.781998217 0.476398915 0.40189907
vn -0.716187239 0.633888721 0.29199478
vn -0.766696155 0.616696894 0.178499088
vn -0.908933461 0.365013421 0.201507419
vn -0.927440643 0.345215142 0.143806309
vn -0.955203891 0.293601185 0.0372001529
vn -0.984907627 0.171101332 0.0261002015
vn -0.984907627 0.171101332 0.0261002015
vn -0.984907627 0.171101332 0.0261002015
vn 0.566112041 -0.811617315 -0.144203067
vn 0.621011674 -0.783114731 -0.0328006186
vn 0.351492137 -0.925679326 -0.13989687
vn -0.227999762 -0.238499731 -0.943998992
vn -0.342600793 -0.200200483 -0.917902172
vn -0.236290887 -0.212491795 -0.94816339
vn 0.0351011567 0.162205353 -0.986132503
vn 0.304783106 -0.210588351 -0.928848565
vn 0.214498624 0.267098308 -0.939493954
vn -0.0866979212 -0.191395417 -0.977676511
vn -0.0700984895 -0.160896525 -0.984478772
vn -0.0872014686 -0.174902946 -0.980716527
vn -0.165898547 0.967291474 -0.191898316
vn -0.334914297 0.937940121 -0.0900038555
vn -0.249689996 0.931162775 -0.265689403
vn 0.183491647 0.964956045 -0.187591463
vn 0.191503167 0.975816131 -0.105401747
vn 0.208698243 0.97159183 -0.111599058
vn -0.869787395 -0.065999046 0.488992929
vn -0.947401047 -0.130800143 0.29210034
vn -0.900583565 0.0979982093 0.423492253
vn 0.973626733 -0.141703904 0.178804919
vn 0.981850564 -0.140307233 0.127606571
vn 0.970981598 -0.0651987642 0.23009564
vn -0.940193236 0.337397575 0.0468996614
vn -0.961518526 0.244604707 -0.125102416
vn -0.987561584 0.148594216 0.0513979979
vn 0.848034441 -0.397816151 0.350114226
vn 0.847927332 -0.394312739 0.354311436
vn 0.848005712 -0.401802719 0.345602334
vn 0.948616028 -0.315905333 0.0182003099
vn 0.951401651 -0.307000548 0.0242000427
vn 0.948435545 -0.316411853 0.0188007038
vn 0.926531851 0.36551255 0.0891030654
vn 0.921509385 0.381103873 0.0747007579
vn 0.912877858 0.390290558 0.119697101
vn -0.433725983 0.0868052021 -0.896853685
vn -0.427399814 0.0945999622 -0.899099648
vn -0.430291206 0.0910981372 -0.89808166
vn 0.880967259 0.458382994 0.117395632
vn 0.883344173 0.457822919 0.100505032
vn 0.890725076 0.44981271 0.0654018447
vn 0.111696333 0.77877444 -0.617279708
vn 0.111796893 0.778678298 -0.617382824
vn 0.111803807 0.778726459 -0.617320955
vn 0.93961823 -0.315406114 0.132802576
vn 0.94239831 -0.314899474 0.112799801
vn 0.951087296 -0.279396266 0.131798238
vn 0.890030921 -0.392213613 0.232408077
vn 0.882394314 -0.420597285 0.210898638
vn 0.900741637 -0.388017952 0.195209026
vn 0.967331409 -0.239507779 0.0831026956
vn 0.965023518 -0.234605715 0.117002852
vn 0.963460386 -0.237890214 0.123094939
vn -0.409891397 -0.256994605 -0.875181615
vn -0.416388065 0.0359989665 -0.908473969
vn -0.218104139 -0.253904819 -0.942317903
vn -0.353206009 0.519108832 -0.77831322
vn -0.435893595 0.429893672 -0.790688396
vn -0.457493752 0.517392993 -0.723190129
vn -0.0778997317 -0.995696545 -0.050199829
vn 0.0321994536 -0.989783108 0.138897642
vn -0.092998147 -0.994680226 0.0442991219
vn -0.679370284 -0.728868127 -0.0848962814
vn -0.679370284 -0.728868127 -0.0848962814
vn -0.679370284 -0.728868127 -0.0848962814
vn -0.867593586 0.301697761 0.39529708
vn -0.867593586 0.301697761 0.39529708
vn -0.867593586 0.301697761 0.39529708
vn -0.548708379 0.700110734 0.456906974
vn -0.548708379 0.700110734 0.456906974
vn -0.548708379 0.700110734 0.456906974
vn 0.921537459 0.35661447 0.153606251
vn 0.932134986 0.304411411 0.196107358
vn 0.909810245 0.384304345 0.156701759
vn 0.876918077 0.468209624 0.108602233
vn 0.883052945 0.436926186 0.171210274
vn 0.865785241 0.49989146 -0.0228996091
vn 0.155904934 0.557617664 0.815325797
vn 0.0303981118 0.589563429 0.807149887
vn 0.0556995831 0.58489567 0.809193909
vn 0.804095864 -0.594496965 0.00179999077
vn 0.803927898 -0.594720662 0.00270009367
vn 0.803184867 -0.59568882 0.00699986843
vn -0.436082035 -0.859264553 0.26738897
vn -0.423691034 -0.867481649 0.260694474
vn -0.443308055 -0.854515553 0.270704955
vn -0.512086868 -0.807779312 0.291992515
vn -0.167795926 -0.965176642 0.200695142
vn -0.43528381 -0.894666731 0.100496262
vn 0.910309315 0.41390422 -0.00450004591
vn 0.927128553 0.371311456 0.0506015569
vn 0.915747106 0.397777051 0.0563967451
vn 0.671365678 0.689964712 0.270586163
vn 0.675796688 0.689596593 0.260298729
vn 0.669689655 0.694589198 0.262795925
vn 0.587716579 -0.581616402 0.562415838
vn 0.619335532 -0.57113272 0.53873086
vn 0.628276765 -0.723873198 0.285089463
vn 0.657201231 -0.0910001695 0.74820143
vn 0.591191828 -0.0968986675 0.800688982
vn 0.409597784 -0.12619932 0.903495133
vn 0.491724044 0.848541498 -0.195409551
vn 0.471883625 0.857570231 -0.204692885
vn 0.576705039 0.816907167 -0.00860007573
vn 0.49503395 -0.712948859 0.496634036
vn 0.504582107 -0.725074291 0.468683392
vn 0.503394246 -0.716591775 0.482794464
vn 0.971735418 -0.223908171 0.0748027265
vn 0.997226179 -0.0573015064 0.0475012474
vn 0.985228181 -0.166604772 0.0396011323
vn 0.57439965 -0.409299731 0.708899558
vn 0.55859679 -0.448697448 0.697596014
vn 0.581700981 -0.384100616 0.71700114
vn 0.402181268 0.830361247 0.385681987
vn 0.479612499 0.817321301 0.319308311
vn 0.389585674 0.847168803 0.3612867
vn -0.986201346 0.164200217 -0.0211000293
vn -0.983491004 0.178698361 -0.0284997392
vn -0.9820894 0.185897991 -0.0306996666
vn -0.983768165 0.177694246 -0.024999192
vn -0.981003284 0.19360064 -0.0123000406
vn -0.982206941 0.187801316 -0.000300002139
vn 0.642186284 -0.714984715 -0.276394099
vn 0.739996076 -0.66789645 0.0794995725
vn 0.705996513 -0.707996547 -0.0175999142
vn -0.689090669 -0.662890971 0.292796046
vn -0.689090669 -0.662890971 0.292796046
vn -0.689090669 -0.662890971 0.292796046
vn -0.477184206 0.383987308 -0.790473819
vn -0.408419102 0.258112073 -0.875540972
vn -0.527899384 0.346299589 -0.775499105
vn 0.138496459 0.207994685 0.968275249
vn 0.135997221 0.210995659 0.967980146
vn 0.132604718 0.214707643 0.967634439
vn 0.901789188 0.0391995311 0.430394858
vn 0.879150033 -0.0421976 0.474673033
vn 0.918776512 -0.0684982464 0.388790071
vn 0.0696990713 -0.932987571 0.353095293
vn 0.068701677 -0.933622777 0.351608574
vn 0.0710978806 -0.931972265 0.355489433
vn -0.173194215 0.98076725 -0.089997001
vn -0.865583003 0.496290267 -0.066798687
vn -0.465408891 0.884916842 0.0178003386
vn 0.515083969 0.837573946 0.182094336
vn 0.575869501 0.794557869 0.192489788
vn 0.651091635 0.750690341 0.111998565
vn 0.889030099 0.0900030509 0.448915213
vn 0.870242238 0 0.492623895
vn 0.825101137 0.157800227 0.542500794
vn 0.624821424 -0.734525144 0.264709055
vn 0.594306707 -0.754808545 0.27760312
vn 0.62198627 -0.736283779 0.266494125
vn -0.994738281 0.0651025027 0.0791030452
vn -0.998461962 -0.0304988381 0.0462982394
vn -0.959091425 -0.117198952 0.257697701
vn 0.0898966789 -0.190492958 -0.977563798
vn -0.0643010587 -0.240503952 -0.968515933
vn 0.0319011658 -0.116004251 -0.99273634
vn 0.242687494 0.139992788 -0.959950507
vn 0.290297478 0.140998781 -0.946491778
vn 0.174591377 0.247787744 -0.952952921
vn 0.0178998504 0.0478996001 -0.998691738
vn -0.0272013284 0.0562027469 -0.998048782
vn 0.0698992163 0.168098122 -0.983288944
vn -0.690118074 -0.352909207 -0.631816566
vn -0.565209329 -0.530308843 -0.631910503
vn -0.641726196 -0.441617996 -0.627025545
vn 0.0489000268 0.19840011 -0.978900552
vn 0.180192202 0.168692693 -0.969058096
vn 0.178307489 0.165006936 -0.970040798
vn -0.294303745 0.1330017 -0.946412086
vn -0.192899913 0.127499938 -0.972899497
vn -0.241699785 0.0768999383 -0.967299163
vn 0.676214159 -0.0341007151 0.735915422
vn 0.737557113 -0.0899947658 0.669261098
vn 0.656192303 -0.0933989063 0.748791218
vn 0.928665876 -0.163194016 0.333087772
vn 0.931380391 -0.181296185 0.315693349
vn 0.935149193 -0.162891164 0.314582914
vn -0.321893215 0.941680133 -0.0980979279
vn -0.335604817 0.919913232 -0.202802911
vn -0.415512323 0.901926756 -0.117803492
vn -0.667110085 0.743711293 -0.0431006514
vn -0.673672736 0.738970101 -0.00939961895
vn -0.669133842 0.741437495 -0.0503025427
vn -0.918585598 0.32779485 0.220796525
vn -0.947370887 0.310390472 0.0783975944
vn -0.915638566 0.392116517 0.088603735
vn -0.910688937 0.412395 0.0239997078
vn -0.907186091 0.420693576 0.00549991615
vn -0.875341892 0.429520577 0.222010627
vn -0.997426927 -0.0365009867 0.0617016666
vn -0.980985463 -0.19399713 -0.00569991581
vn -0.985951781 -0.153092504 0.0667967349
vn -0.992964506 -0.11679583 -0.0194993038
vn -0.981932044 -0.187106103 0.0283009242
vn -0.982262373 -0.185192913 0.0293988734
vn 0.526217699 -0.596620083 0.605920374
vn 0.524898529 -0.533898532 0.662898064
vn 0.446794629 -0.65629214 0.607992709
vn 0.719547749 -0.420527905 0.552636683
vn 0.71480751 -0.426504463 0.554205835
vn 0.721798062 -0.417498857 0.551998496
vn -0.681411505 -0.645910919 0.344205827
vn -0.66558814 -0.589189529 0.458091825
vn -0.707087219 -0.578189552 0.407092661
vn 0.958838999 -0.224309117 0.174107075
vn 0.958668232 -0.224892557 0.174294218
vn 0.958838999 -0.224309117 0.174107075
vn 0.0315006748 -0.0718015432 -0.99692142
vn 0.0328013264 -0.066602692 -0.997240305
vn 0.0434989259 -0.046398852 -0.997975409
vn 0.0102002388 -0.0636014938 -0.997923315
vn 0.0220009256 -0.0763032138 -0.996841908
vn 0.0101998551 -0.0481993072 -0.998785675
vn -0.910176218 0.169195578 0.378090143
vn -0.927767873 0.182493687 0.325488746
vn -0.910671353 0.16809471 0.377388149
vn -0.90704596 0.22571145 0.355417997
vn -0.882716835 0.270405143 0.384307325
vn -0.883370399 0.269290984 0.383587152
vn -0.946322024 0.201404676 0.252805859
vn -0.945562303 0.202091932 0.255089849
vn -0.944695413 0.204099014 0.256698757
vn -0.546301126 -0.827201724 -0.131500274
vn -0.571498752 -0.807798207 0.144399673
vn -0.40869537 -0.903889775 0.126298577
vn 0.059697222 0.250188351 0.966355026
vn 0.059697222 0.250188351 0.966355026
vn 0.059697222 0.250188351 0.966355026
vn -0.345891893 0.707583368 0.616185486
vn -0.406892061 0.711986125 0.572288811
vn -0.297905922 0.658913136 0.690713763
vn -0.927602172 0.115700267 0.355200827
vn -0.927602172 0.115700267 0.355200827
vn -0.927602172 0.115700267 0.355200827
vn -0.988295078 0.11289943 -0.102599487
vn -0.988295078 0.11289943 -0.102599487
vn -0.988295078 0.11289943 -0.102599487
vn 0.155405208 0.597420096 0.786726415
vn 0.155405208 0.597420096 0.786726415
vn 0.155405208 0.597420096 0.786726415
vn -0.131700754 -0.787404537 0.602203429
vn -0.131700754 -0.787404537 0.602203429
vn -0.131700754 -0.787404537 0.602203429
vn -0.482407063 -0.595908701 0.642009437
vn -0.482407063 -0.595908701 0.642009437
vn -0.482005477 -0.593206763 0.644807339
vn -0.00339990458 -0.683780849 0.729679585
vn 0 -0.685124516 0.728426039
vn 0.00419995887 -0.682693362 0.730692923
vn 0.0206989478 0.97535038 0.219688833
vn 0.0338995233 0.967186332 0.251796454
vn 0.0145005267 0.975435436 0.219807982
vn -0.944910765 0.291703314 0.148501694
vn -0.98456037 0.167693242 -0.0501979813
vn -0.964695573 0.0286998674 0.261798799
vn -0.962887645 0.266996562 0.0394994989
vn -0.833463609 0.550975919 -0.0419981629
vn -0.949112236 0.31380406 0.0267003439
vn 0.0535983779 0.977670431 0.203193843
vn 0.0528000332 0.981600642 0.183500126
vn 0.0476995967 0.980391741 0.191198379
vn 0.597281098 -0.782775283 0.174694493
vn 0.540499866 -0.838599741 0.0678999797
vn 0.563808978 -0.822813094 0.0714011341
vn -0.587084532 -0.80277878 -0.104297236
vn -0.580910981 -0.799515069 -0.152702883
vn -0.59926194 -0.80054909 -0.00249984092
vn 0.81240201 0.166900411 0.558701456
vn 0.844416916 0.113102265 0.523610473
vn 0.805077851 0.107297041 0.583383918
vn 0.961538851 0.231509358 0.147805974
vn 0.957068741 0.227992564 0.178994164
vn 0.959916413 0.224803835 0.167402864
vn 0.718035221 -0.0155007606 0.69583416
vn 0.718035221 -0.0155007606 0.69583416
vn 0.718035221 -0.0155007606 0.69583416
vn -0.506612241 -0.86022079 0.0580014028
vn -0.589310229 -0.802013934 -0.0974016935
vn -0.273088366 -0.926860631 0.257589042
vn 0.360616803 0.914342701 0.184208602
vn 0.246409267 0.957736075 0.148405582
vn 0.192504376 0.959621787 0.205104664
vn -0.110101402 -0.400605083 -0.909611583
vn -0.110101402 -0.400605083 -0.909611583
vn -0.110101402 -0.400605083 -0.909611583
vn 0.951265275 0.306288809 0.0357986912
vn 0.943227172 0.33030951 0.0349010043
vn 0.939096689 0.343298793 0.0155999446
vn 0.943728447 0.32900992 0.0336010121
vn 0.948923588 0.311207712 0.0519012883
vn 0.944621801 0.326507539 0.0329007618
vn 0.179799259 -0.976195931 -0.121299498
vn 0.125398949 -0.98649174 -0.105399124
vn 0.152104259 -0.981627524 -0.115203232
vn -0.999934793 0.00370012899 0.0108003765
vn -0.995431662 0.0871027708 0.039101243
vn -0.993327975 0.112603165 0.0249007009
vn -0.578081667 -0.815974116 -0.00279991119
vn -0.586816072 -0.809622169 -0.0126003455
vn -0.586981416 -0.809574306 -0.00649979385
vn 0.241595536 -0.964482188 -0.106798023
vn 0.0446019247 -0.99894315 0.0111004794
vn -0.0303995237 -0.965184867 -0.259795934
vn -0.784104884 -0.599003673 0.162401021
vn -0.77959007 -0.59709239 0.188997582
vn -0.784139037 -0.603430033 0.144907206
vn -0.93731463 -0.32210502 0.133002073
vn -0.938864231 -0.342986941 0.0298988614
vn -0.915826321 -0.399211466 0.0435012504
vn -0.802139878 -0.574028492 0.164508179
vn -0.805297196 -0.557398081 0.201999322
vn -0.803789198 -0.563792408 0.189897448
vn -0.807787776 0.092998594 0.582091153
vn -0.820534647 -0.0620026141 0.568223953
vn -0.814725399 -0.0058001806 0.57981807
vn -0.976056576 0.206011936 -0.0698040426
vn -0.983293533 0.173198864 -0.0559996367
vn -0.981702983 0.190100566 -0.0110000335
vn -0.967140377 0.250210434 0.045101881
vn -0.968754053 0.246688306 0.0256987792
vn -0.969677329 0.241494358 0.037499126
vn -0.437703937 0.16840151 -0.883207917
vn -0.330105603 0.352105975 -0.875814855
vn -0.492410421 0.198104203 -0.847518027
vn -0.395687014 0.0967968181 -0.913269997
vn -0.395300359 0.0893000811 -0.914200842
vn -0.255687773 -0.0279986653 -0.966353893
vn 0.363986433 0.808869839 -0.461782783
vn 0.599311411 0.671812773 -0.435308248
vn 0.60209167 0.604591608 -0.52149272
vn 0.509391844 0.840786517 0.183297068
vn 0.509391844 0.840786517 0.183297068
vn 0.509391844 0.840786517 0.183297068
vn 0.0513009802 0.918017507 0.39320752
vn 0.221095383 0.960179925 0.170796424
vn -0.0213006642 0.984830737 0.172205374
vn -0.0893027261 0.994630337 -0.0523015931
vn -0.254400194 0.952500701 0.167400122
vn -0.00190002564 0.976013184 0.21770294
vn -0.0671981946 -0.117696844 -0.990773439
vn -0.185391217 -0.220289588 -0.957654715
vn -0.00789970905 -0.17819345 -0.983963788
vn 0.704191983 -0.439294964 -0.557793617
vn 0.700880826 -0.441287935 -0.560384691
vn 0.70218122 -0.440488219 -0.559385061
vn 0.960979581 -0.203195676 0.18769601
vn 0.961338282 -0.202408046 0.186707437
vn 0.961114824 -0.203103125 0.187102884
vn 0.913481474 -0.146497026 0.379592299
vn 0.913800299 -0.146300048 0.378900111
vn 0.913481474 -0.146497026 0.379592299
vn 0.943185508 -0.329094946 0.0457992963
vn 0.943285227 -0.329094857 0.043699313
vn 0.943721175 -0.32770732 0.0447010025
vn 0.80811733 0.327307016 0.48971048
vn 0.808996558 0.326498598 0.488797903
vn 0.796657562 0.337582022 0.501373291
vn -0.0790997669 -0.395398825 0.915097296
vn -0.270004541 -0.335505635 0.902515113
vn -0.1137003 -0.437701166 0.891902387
vn 0.0200005695 -0.479113638 0.877524972
vn 0.203002632 -0.236403063 0.950212359
vn 0.0150004737 -0.26170826 0.965030432
vn -0.104502708 0.980925381 -0.163904235
vn -0.194098964 0.955694795 -0.221298799
vn -0.0366001651 0.998404443 -0.0430001915
vn 0.25690937 0.966435254 -0.000600021915
vn 0.392490983 0.919678867 -0.0118997265
vn 0.310198128 0.947094262 -0.0823995024
vn -0.728774846 0.611478925 0.308189362
vn -0.907047153 0.290015072 0.305215865
vn -0.7332021 0.653101861 0.189400554
vn 0.578898132 0.685597777 0.441398561
vn 0.592189133 0.591889143 0.546790004
vn 0.476710171 0.704315007 0.526011229
vn 0.372415453 0.0566023476 0.926338434
vn 0.439277917 0.0422978774 0.897354901
vn 0.426284581 0.0674975589 0.902067423
vn 0.307703704 0.0227002744 0.951211452
vn 0.286507368 -0.0642016456 0.955924571
vn 0.329196483 -0.0179998055 0.94408989
vn 0.250008255 0.14950493 -0.956631601
vn 0.235407144 0.0746022686 -0.969029367
vn 0.181690842 0.0344982557 -0.982750416
vn -0.985014141 -0.170502439 -0.0260003731
vn -0.955244124 -0.282583475 -0.08749488
vn -0.961579263 -0.264394283 -0.0738984048
vn 0.980921566 0.16250357 -0.10670235
vn 0.970074892 0.180595323 -0.162295818
vn 0.970737278 0.205407888 -0.124404773
vn 0.903890371 0.390195817 0.175298125
vn 0.705470562 0.648872912 0.285088122
vn 0.825185716 0.498791367 0.265095413
vn -0.96390748 -0.094500728 0.248901933
vn -0.930704176 -0.131800592 0.341201514
vn -0.940672219 -0.0857974663 0.328290284
vn -0.968425035 -0.197605118 0.152003929
vn -0.898214459 -0.361605853 0.249904037
vn -0.963645458 -0.203009576 0.1737082
vn -0.937368274 0.304489732 -0.169194281
vn -0.94731909 0.246504962 -0.204504117
vn -0.966373146 0.199294463 -0.162495479
vn -0.971005499 0.128000736 0.201901138
vn -0.948923588 0.241606027 0.202905059
vn -0.956816435 0.115401983 0.266804576
vn 0.0222002733 0.54780674 0.836310327
vn 0.048400607 0.510506392 0.858510733
vn -0.125203297 0.535314143 0.835322022
vn -0.507117093 0.861129105 -0.0359012112
vn -0.527011156 0.843617797 0.102802172
vn -0.376410156 0.90742451 0.186805055
vn -0.892964065 0.319187164 0.317387223
vn -0.902845085 0.349017441 0.25111255
vn -0.854940712 0.385018349 0.347616583
vn -0.957329154 0.0347010568 0.286908746
vn -0.950107038 0.188001394 0.248901844
vn -0.931682467 0.0279994737 0.362193197
vn -0.851614594 0.46290797 0.245904222
vn -0.867254794 0.433077425 0.2455872
vn -0.773078322 0.582883656 0.25019297
vn -0.272204876 0.957317233 -0.0972017497
vn -0.338604957 0.902013183 -0.267803937
vn -0.14369452 0.984362364 -0.1018961
vn -0.266508073 0.963229179 -0.0341010317
vn -0.394296467 0.886192024 -0.2432978
vn -0.224108964 0.959938407 -0.168206722
vn -0.994459867 -0.0653973594 0.0822966844
vn -0.980336607 -0.0169006288 0.196607336
vn -0.987683713 -0.120998003 0.0991983712
vn 0.947472215 -0.184594586 0.261192352
vn 0.950556517 -0.206790537 0.231689408
vn 0.943633437 -0.269609571 0.192006811
vn -0.965038955 0.218208805 0.14520587
vn -0.96192807 0.243907124 0.123303607
vn -0.976562083 0.151794121 0.15259409
vn 0.722328603 0.533421099 0.440117449
vn 0.808599353 0.435599655 0.395499676
vn 0.723807514 0.487905055 0.487905055
vn 0.132293314 0.491875112 0.860556483
vn 0.169700518 0.496301532 0.85140264
vn 0.169700518 0.496301532 0.85140264
vn 0.932604611 -0.339001656 0.123800613
vn 0.937113285 -0.317204505 0.145602062
vn 0.923022151 -0.346708328 0.166804016
vn 0.993207395 -0.111400835 -0.0336002484
vn 0.998745918 -0.0473021716 -0.0164007545
vn 0.993508816 -0.103500925 0.0472004227
vn 0.32278493 0.921356976 0.216589883
vn 0.32278493 0.921356976 0.216589883
vn 0.32278493 0.921356976 0.216589883
vn 0.0407996587 0.999091625 0.0122998962
vn -0.0649969578 0.995753407 -0.0651969463
vn -0.042699568 0.99868995 -0.0281997155
vn 0.86956197 0.389482975 0.303586721
vn 0.929178298 0.29539308 0.222194806
vn 0.92999953 0.288299859 0.227999896
vn 0.414499253 -0.645598829 0.641398787
vn 0.295703113 -0.690807223 0.659806907
vn 0.27259329 -0.624884605 0.731581986
vn 0.318122119 -0.68554765 0.654845476
vn 0.415811867 -0.661118805 0.624517739
vn 0.324408293 -0.602615356 0.729118586
vn -0.256304294 -0.948215783 0.187603131
vn -0.256309092 -0.948233545 0.187506631
vn -0.256289572 -0.94826144 0.187392384
vn -0.388494313 -0.854187489 0.345594943
vn -0.212308556 -0.874835253 0.435417533
vn -0.243699402 -0.913097739 0.326899201
vn 0.426203996 -0.297502816 0.854308069
vn 0.430491 -0.299993724 0.851282179
vn 0.436305463 -0.303103775 0.847210586
vn 0.678394914 0.689394891 0.253998131
vn 0.74499774 0.64209801 0.180799454
vn 0.753184497 0.582988024 0.304693699
vn -0.880967438 0.459683031 -0.112195849
vn -0.887583435 0.443391711 -0.124897666
vn -0.884192824 0.454796344 -0.106599145
vn -0.988938093 0.0205007903 -0.146905646
vn -0.989172578 0.0191994682 -0.145495966
vn -0.98910892 0.0194001757 -0.145901307
vn -0.49801442 0.860124886 0.110303186
vn -0.491706133 0.87041086 0.0247003082
vn -0.49369514 0.868691504 0.0404996015
vn 0.672085822 0.695985317 0.252794683
vn 0.666378796 0.69647783 0.266191512
vn 0.659491956 0.69559145 0.28499651
vn 0.350186557 0.180293083 0.919164717
vn 0.607116461 0.0990026742 0.788421333
vn 0.416984141 0.257190228 0.871766865
vn 0.496187538 0.829679132 0.255793571
vn 0.520805776 0.813309014 0.259402871
vn 0.536685586 0.828377783 0.160495698
vn -0.224399701 0.972598672 0.0607999153
vn -0.191200301 0.978001475 0.0834001377
vn -0.167001575 0.97600925 0.139701307
vn 0.71719563 -0.578196466 0.388997644
vn 0.691683471 -0.607785523 0.390090674
vn 0.715589762 -0.599091411 0.359194875
vn -0.963269114 0.243792191 -0.112596385
vn -0.920106351 0.167801157 -0.353902459
vn -0.969800532 0.198300108 -0.142000094
vn -0.974669933 0.223293111 -0.0125996117
vn -0.994821668 0.0941020474 -0.03840084
vn -0.978803575 0.198400736 0.0508001857
vn -0.959392965 -0.0194998588 0.281397939
vn -0.972795486 -0.0146999322 0.231198922
vn -0.959967077 -0.0840971246 0.267190844
vn -0.273689717 -0.251090586 -0.928465128
vn -0.374494463 -0.257396191 -0.890786827
vn -0.33558324 -0.32148394 -0.885455787
vn -0.61331296 0.785716593 0.0806016997
vn -0.716289401 0.651790321 0.249196321
vn -0.575312197 0.783416629 0.235104993
vn -0.95310241 -0.294700742 0.0689001679
vn -0.950628579 -0.304709136 0.0588017665
vn -0.950069606 -0.302990288 0.0745976195
vn -0.822814465 -0.279004931 -0.495108694
vn -0.822814465 -0.279004931 -0.495108694
vn -0.822814465 -0.279004931 -0.495108694
vn -0.404017925 -0.913940489 0.038501706
vn -0.327398092 -0.939494491 0.100799412
vn -0.452305079 -0.89151001 -0.0251002833
vn -0.458899945 -0.847199857 0.267699957
vn -0.316111386 -0.92143321 0.22590813
vn -0.370217353 -0.879641235 0.298613995
vn -0.524618506 0.175606191 0.83302933
vn -0.491081566 0.103296116 0.864967525
vn -0.525172651 0.176190823 0.832556605
vn 0.474119931 -0.576324284 0.665628016
vn 0.369407475 -0.574611604 0.730314791
vn 0.349990278 -0.645782053 0.678581178
vn -0.688298106 0.6301983 0.359299004
vn -0.681605756 0.663505614 0.308502614
vn -0.751295447 0.574396551 0.324998021
vn 0.527603984 0.836106241 0.150201127
vn 0.471785992 0.879473925 0.062798135
vn 0.408686787 0.904870749 -0.119096138
vn -0.965967774 0.235992119 -0.105896458
vn -0.965859532 0.202491507 -0.161593229
vn -0.968632579 0.196506619 -0.152105108
vn 0.073800534 0.402802914 -0.912306607
vn -0.130894482 0.247289583 -0.960059583
vn -0.108601891 0.354006141 -0.928916156
vn 0.151592344 -0.169791415 -0.97375077
vn 0.0382014103 -0.194107175 -0.980236232
vn 0.0427987389 -0.136095971 -0.98977077
vn 0.82136488 0.570375621 -0.00559976045
vn 0.860993862 0.501496434 0.084799394
vn 0.829276204 0.558284044 0.0248992871
vn 0.659393132 -0.42169559 0.622393489
vn 0.659393132 -0.42169559 0.622393489
vn 0.659393132 -0.42169559 0.622393489
vn -0.816988945 -0.50959307 0.269896358
vn -0.81874162 -0.513726115 0.256413013
vn -0.809680402 -0.510387659 0.289692998
vn 0.50880605 -0.0611007251 0.85871017
vn 0.50880605 -0.0611007251 0.85871017
vn 0.50880605 -0.0611007251 0.85871017
vn 0.0379016288 0.998342872 0.043301858
vn 0.204700574 0.97850275 -0.025100071
vn 0.197506845 0.961033285 0.193406686
vn 0.293893516 0.951778889 0.0879980475
vn 0.280401945 0.958206594 -0.0567003898
vn 0.417393595 0.885486424 -0.20419687
vn 0.250901341 -0.266501427 -0.930604935
vn 0.249396622 -0.275496244 -0.928387344
vn 0.268301964 -0.234701708 -0.9343068
vn 0.090199098 -0.18179819 -0.97919023
vn 0.0752015859 -0.22340472 -0.971820533
vn 0.114805453 -0.181608617 -0.976646364
vn -0.983032525 -0.0184006095 -0.18250604
vn -0.98168993 -0.163998336 -0.0968990102
vn -0.999224424 -0.0389009528 -0.00610014889
vn 0.667103469 0.73830384 -0.0994005129
vn 0.667103469 0.73830384 -0.0994005129
vn 0.667103469 0.73830384 -0.0994005129
vn 0.46759218 0.191796795 0.862885594
vn 0.242794782 0.0538988411 0.968579113
vn 0.340491921 0.14449659 0.929077983
vn 0.789218187 -0.610314071 0.0682015717
vn 0.693403661 -0.661703467 0.28520149
vn 0.569403768 -0.817105353 0.0901005864
vn -0.5353176 -0.0690022632 -0.841827631
vn -0.639000297 -0.0279000122 -0.768700361
vn -0.564708769 0.0459007137 -0.824012816
vn 0.81770879 0.504105449 0.277902991
vn 0.741197228 0.540797949 0.397698551
vn 0.784161747 0.443078399 0.434478819
vn 0.455401361 -0.0798002407 0.886702597
vn 0.226703957 0.0169002935 0.97381705
vn 0.436677873 0.184690639 0.880455434
vn -0.363019586 -0.764541268 0.532628715
vn -0.167797834 -0.685791194 0.708190858
vn -0.366689593 -0.627482176 0.686880529
vn 0.059301883 -0.0376011916 0.997531652
vn 0.0594975278 -0.0391983725 0.997458518
vn 0.058398854 -0.0319993757 0.997780383
vn -0.392404854 -0.145501807 0.908211291
vn -0.381204754 -0.17220214 0.908311307
vn -0.397092044 -0.124597505 0.90928179
vn -0.25759843 0.953494132 -0.156499043
vn -0.118393727 0.979548097 -0.16269137
vn -0.182904318 0.979423106 -0.0853020176
vn -0.121803239 0.986726284 -0.107402861
vn -0.13060385 0.980728924 -0.145304278
vn -0.165401459 0.972308576 -0.165101454
vn 0.0807986781 0.996083736 0.0358994156
vn 0.078097716 0.996170819 0.0392988473
vn 0.126297563 0.991980791 0.00479990756
vn 0.0604007095 0.991711617 0.113401331
vn 0.0969045386 0.993246555 0.0638029948
vn 0.948000729 0.249100193 0.19810015
vn 0.9453789 0.266794026 0.187295824
vn 0.943966031 0.267590374 0.193193063
vn 0.118097737 0.0692986771 -0.990580976
vn 0.0898034722 0.130005017 -0.987438142
vn 0.208592936 0.073097527 -0.975266993
vn 0.0314991772 0.0939975381 -0.995073974
vn -0.0379004702 0.15420191 -0.987312198
vn -0.00810002629 0.176300555 -0.984303117
vn 0.882707417 -0.288802415 0.370703101
vn 0.882707417 -0.288802415 0.370703101
vn 0.882707417 -0.288802415 0.370703101
vn 0.131598607 -0.978289545 0.160098284
vn 0.0629984215 -0.997375011 0.0356991068
vn 0.0875014663 -0.994816601 0.0518008657
vn -0.15459542 -0.605382144 0.780776918
vn -0.15459542 -0.605382144 0.780776918
vn -0.15459542 -0.605382144 0.780776918
vn 0.434304208 0.896708727 -0.0854008272
vn 0.434304208 0.896708727 -0.0854008272
vn 0.434304208 0.896708727 -0.0854008272
vn 0.104598105 0.950282812 -0.293294698
vn 0.0871007442 0.984208405 -0.154101312
vn 0.0826979429 0.954776287 -0.285592914
vn -0.222902641 0.972911477 -0.0613007247
vn -0.0739964917 0.985853195 -0.15039286
vn -0.238702476 0.960609972 -0.14230147
vn -0.0102001643 0.21200341 -0.977215707
vn -0.0223007686 0.292410105 -0.956032991
vn 0.0393982455 0.201691031 -0.978656471
vn -0.83670938 -0.532405972 0.128301427
vn -0.967881083 -0.226695567 -0.108697876
vn -0.893087447 -0.447293699 -0.0481993221
vn 0.346808434 0.898321867 0.269706577
vn 0.224799976 0.955099881 0.192999974
vn 0.30200538 0.887515903 0.348006219
vn 0.255393326 0.944375277 0.207194567
vn 0.307791084 0.921773374 0.235793188
vn 0.316890657 0.934972405 0.159395292
vn 0.407099694 0.876599371 0.256599814
vn 0.564805686 0.779107809 0.272002727
vn 0.554002345 0.74180311 0.377901584
vn 0.661501825 0.353500992 0.661401868
vn 0.690595508 0.362397641 0.625895917
vn 0.653810382 0.291604608 0.698211074
vn 0.988176107 -0.00289992988 0.153296292
vn 0.990849137 0.0262013003 0.132406577
vn 0.982360959 -0.0172993131 0.186192602
vn 0.937337041 0.218608633 0.271310687
vn 0.939716518 0.210603699 0.269404709
vn 0.901105642 0.33300209 0.277701735
vn 0.564820826 0.393914491 0.725126684
vn 0.562217653 0.394512355 0.726822793
vn 0.563717782 0.394212425 0.725822866
vn 0.563797772 0.72749722 0.390998513
vn 0.561518967 0.729624629 0.390313178
vn 0.550421536 0.754229486 0.358014017
vn -0.975243628 0.219209805 -0.0291013028
vn -0.951084137 0.308794856 0.00919984654
vn -0.949014306 0.314004749 -0.0278004184
vn 0.881219447 -0.0769016966 0.466410249
vn 0.882812381 -0.080901131 0.462706506
vn 0.882689118 -0.0805990025 0.462994277
vn 0.240604684 -0.970318913 0.0243004728
vn 0.265998453 -0.96289432 0.0455997325
vn -0.0358987153 -0.9992643 0.0134995179
vn 0.854308069 -0.519404888 0.0194001831
vn 0.878768682 -0.476983041 0.0158994347
vn 0.879755139 -0.474375814 0.0315983891
vn 0.939831734 -0.106203586 -0.324710965
vn 0.937886119 -0.101398498 -0.331795096
vn 0.938221216 -0.0965021849 -0.332307518
vn 0.999664307 -0.00509981811 -0.0253990926
vn 0.997173548 -0.0674982071 -0.0329991244
vn 0.999484539 -0.032099504 0.00039999382
vn 0.331184477 0.00439979369 0.943555772
vn 0.324203819 0.0120001407 0.945911169
vn 0.319609553 0.0063001886 0.947528362
vn -0.612173438 -0.73086822 -0.3017869
vn -0.516790628 -0.804085374 -0.293894678
vn -0.544501841 -0.791102707 -0.278700948
vn 0.710316658 -0.0349008143 0.70301646
vn 0.609232724 -0.101705469 0.78644228
vn 0.638705313 -0.198501661 0.743406117
vn 0.657390177 -0.29029566 0.695389569
vn 0.558088779 -0.527189434 0.640787125
vn 0.642994046 -0.356396735 0.677893758
vn 0.277585715 0.95955056 0.0469975807
vn 0.506008625 0.847914398 0.158102691
vn 0.490204215 0.871607423 -0.000600005151
vn -0.531208992 -0.810313702 0.247404173
vn -0.439377487 -0.884654701 0.155992016
vn -0.356484711 -0.927060187 0.116095014
vn -0.531903327 -0.845505297 0.0469002947
vn -0.544598818 -0.836798191 0.0563998818
vn -0.577983558 -0.812776864 0.0729979202
vn -0.459700435 0.651600599 -0.603400528
vn -0.460077912 0.649968803 -0.604870975
vn -0.459879816 0.650571465 -0.604373455
vn -0.977475286 0.208594725 -0.0320991874
vn -0.957810402 0.147601604 0.246602684
vn -0.916375041 0.0674981624 0.394589245
vn -0.819402039 0.295800745 -0.491001189
vn -0.814388812 0.30759576 -0.492093235
vn -0.83286953 0.26559028 -0.485582262
vn -0.818000317 -0.00450000167 -0.5752002
vn -0.830671132 0.117695913 -0.544181108
vn -0.855235934 -0.121805117 -0.503721237
vn -0.971486926 0.158197865 0.176597625
vn -0.990165651 0.138095215 0.0223992243
vn -0.983416677 0.154302627 -0.0953016132
vn -0.789521098 0.363609701 -0.494413197
vn -0.784666717 0.357884824 -0.506178558
vn -0.790089011 0.359795004 -0.496293128
vn 0.571695983 -0.495696574 0.653795481
vn 0.574273407 -0.492477208 0.653969705
vn 0.567479432 -0.50028187 0.653976321
vn 0.0934000313 -0.50270015 0.859400272
vn 0.0767036006 -0.512524068 0.855240166
vn 0.0801028609 -0.5115183 0.85553056
vn -0.646757603 -0.125191808 0.752350688
vn -0.824818611 0.498111278 0.267506033
vn -0.225596935 -0.113498457 0.967586815
vn -0.446007758 0.886115372 0.126002192
vn -0.81311059 0.549707174 0.191502497
vn -0.657378912 0.731476545 0.181094185
vn 0.782303929 0.159600809 -0.602103055
vn 0.745419741 0.221505865 -0.628716648
vn 0.837079227 0.0454988666 -0.5451864
vn 0.431890488 0.875680745 -0.215995252
vn 0.145199746 0.984898269 -0.0942998379
vn 0.222509503 0.972341537 0.0710030347
vn 0.0335995145 -0.863287628 0.503592789
vn -0.0158999469 -0.915896893 0.401098669
vn -0.0508989617 -0.888681829 0.455690712
vn 0.0962958336 -0.912760556 0.396982878
vn 0.0682023987 -0.997335136 -0.0259009134
vn 0.0657014176 -0.979621172 0.189804092
vn 0.549278438 0.35778597 0.755170405
vn 0.726790845 0.340195715 -0.596692502
vn 0.858139157 0.246411249 0.450420529
vn 0.675109565 -0.433506101 0.596908391
vn 0.901722848 0.082802102 0.424310744
vn 0.548025846 0.340016037 0.764236033
vn -0.965038419 -0.058002308 0.255610168
vn -0.964979053 -0.121497363 0.232494965
vn -0.965222836 -0.0974023044 0.242605731
vn -0.98019582 -0.197499156 0.0144999372
vn -0.994906425 -0.100400649 -0.00900005829
vn -0.986534894 -0.158405602 -0.0407014377
vn 0.915530741 0.402113497 0.0104003502
vn 0.927810252 0.36750409 0.0641007051
vn 0.938232064 0.345511794 0.0185006317
vn -0.0812024325 0.259107769 -0.962428868
vn -0.0796973407 0.255691469 -0.963467836
vn -0.0791992024 0.251197457 -0.964690268
vn 0.532690227 0.443191886 -0.720986784
vn 0.46720615 0.4905065 -0.73560971
vn 0.549719751 0.430915475 -0.715625703
vn -0.308910489 0.882429957 0.354812026
vn -0.446905583 0.838110447 0.312803864
vn -0.30060938 0.934629142 0.190005928
vn 0.208805591 0.96842593 0.136203647
vn 0.16860792 0.97594589 0.138206497
vn -0.280013263 0.899642646 -0.335015893
vn 0.78060329 -0.35590148 0.513802171
vn 0.775297701 -0.3733989 0.50939852
vn 0.761817038 -0.404209048 0.50621134
vn 0.853901505 0.520300865 0.0118000209
vn 0.993269503 0.103296824 -0.0523983911
vn 0.977584064 0.209296584 0.0228996277
vn 0.375889122 0.107796878 -0.92037338
vn 0.384283662 0.141793981 -0.912261248
vn 0.35698083 0.0259986054 -0.933749855
vn -0.341802627 -0.203801572 -0.917407095
vn -0.346811384 -0.210406914 -0.914030015
vn -0.38560164 -0.259901106 -0.885303736
vn -0.7576828 0.372191548 -0.536087811
vn -0.977451265 -0.136993155 0.160691977
vn -0.935494184 0.158699006 -0.315697998
vn -0.109505937 -0.444524109 0.889048219
vn -0.0462990664 -0.337793171 0.940081
vn -0.138603404 -0.503812313 0.85262084
vn -0.987442791 0.123105332 -0.099004291
vn -0.986985505 0.133198038 -0.0900986791
vn -0.98727721 0.128397033 -0.0937978327
vn 0.310000658 -0.0853001848 0.946902037
vn 0.33559531 -0.107198499 0.935886919
vn 0.309293002 -0.0847980753 0.947178543
vn -0.171492785 0.62327379 0.762967944
vn -0.102803245 0.664121032 0.740523398
vn -0.14990294 0.635612428 0.757314861
vn -0.628299057 0.579999089 0.518499196
vn -0.545129597 0.545229614 0.636834621
vn -0.562883735 0.49558565 0.661480844
vn -0.613077283 0.422784328 0.667375267
vn -0.541093469 0.510493815 0.668291867
vn -0.275990158 0.0134995189 -0.96106571
vn -0.033399269 -0.0180996079 -0.999278247
vn -0.358394802 0.0124998195 -0.933486462
vn 0.0561980344 0.322888702 -0.944766998
vn 0.0509996712 0.305598021 -0.950793862
vn 0.0686022937 0.359212011 -0.930731118
vn 0.592598975 0.778498709 -0.206799641
vn 0.575196385 0.775395095 -0.260598361
vn 0.733240604 0.673537254 0.0933051631
vn 0.427184135 -0.799070299 -0.423084289
vn 0.142496571 -0.915477991 0.376290947
vn 0.220306337 -0.960127592 0.17210494
vn -0.63541621 -0.713718235 0.294707537
vn -0.669502079 -0.685502172 0.286100894
vn -0.654207349 -0.703407884 0.27790311
vn -0.758845091 0.646338403 -0.0800047517
vn -0.752287865 0.653289437 -0.0852986202
vn -0.758789957 0.646991432 -0.0750989988
vn 0.0245007873 0.877628207 0.47871542
vn 0.0235986151 0.875648618 0.482371688
vn 0.0226004366 0.874216855 0.485009402
vn 0.151702896 0.598911464 -0.786314964
vn 0.0825975239 0.609881699 -0.788176417
vn 0.125000596 0.575202763 -0.80840379
vn 0.0862014219 0.889914751 0.447907418
vn 0.0989955291 0.988055408 0.118094675
vn 0.314998478 0.89679569 0.310698509
vn 0.798002005 -0.356500924 -0.485901237
vn 0.807000637 -0.33520028 -0.486200392
vn 0.809867382 -0.322087049 -0.490280271
vn 0.569803596 -0.777504861 -0.266101658
vn 0.583676457 -0.752369642 -0.305387706
vn 0.558189154 -0.790584624 -0.251795113
vn 0.136797667 0.920984209 0.364793748
vn 0.133902982 0.880619526 0.454510093
vn 0.135406584 0.844641089 0.517925143
vn -0.814182818 -0.450890511 0.365792304
vn -0.664634287 -0.529327273 0.52732718
vn -0.642795682 -0.578196168 0.50249666
vn 0.797786891 -0.432792902 0.419793129
vn 0.792256594 -0.440275878 0.422476858
vn 0.817382038 -0.434490472 0.378291726
vn -0.353798479 0.578197479 0.735196829
vn -0.296486497 0.572173953 0.764665186
vn -0.317002565 0.650905252 0.689805627
vn 0.200192228 0.0540978983 -0.978261948
vn 0.0359988995 0.132195964 -0.990569711
vn 0.0360001139 0.0479001477 -0.998203158
vn -0.302814215 0.340515971 -0.890141785
vn -0.364711016 0.434313118 -0.823624909
vn -0.364116222 0.437619478 -0.822136581
vn -0.0409013294 -0.989932179 0.13550441
vn -0.0413992032 -0.991480947 0.123497628
vn -0.0411985926 -0.990566194 0.130695552
vn -0.354599088 0.616598427 -0.702898204
vn -0.448206156 0.56820786 -0.690109551
vn -0.326196074 0.560793221 -0.760990798
vn 0.105296865 0.423887372 -0.899573267
vn 0.105299711 0.498798609 -0.86029762
vn 0.119695909 0.45488447 -0.882469893
vn -0.776495755 -0.280398488 0.564296901
vn -0.70722121 -0.372311145 0.601018012
vn -0.716173947 -0.363186777 0.595978379
vn -0.91163981 -0.291412711 0.289812624
vn -0.907767892 -0.278490126 0.313688874
vn -0.90568614 -0.292695522 0.306695282
vn 0.00609989557 0.985183179 0.171397075
vn 0.00969991926 0.999391675 -0.0334997214
vn -0.155704886 0.98383081 0.0885027722
vn -0.00689989794 0.951685905 0.306995481
vn -0.130297497 0.930882037 0.341293424
vn 0.062401522 0.901521981 0.428210437
vn -0.923166394 0.362886757 0.126795381
vn -0.917804241 0.396001816 0.0286001321
vn -0.886759758 0.437080175 0.150393173
vn -0.163397178 -0.624689221 -0.763586819
vn -0.164204523 -0.515314162 -0.841123164
vn -0.278994232 -0.488289833 -0.826882839
vn -0.726022899 -0.32501024 0.60601908
vn -0.732050002 -0.324577838 0.598959088
vn -0.725397587 -0.325698942 0.606398046
vn -0.893298686 0.411099404 0.181699738
vn -0.888008356 0.419503957 0.188301772
vn -0.894301951 0.410100937 0.179000393
vn -0.577107012 0.024200296 -0.816309929
vn -0.574595332 0.149898797 -0.804593503
vn -0.615404606 -0.0913006738 -0.782905757
vn -0.302295268 0.715088785 0.630290091
vn -0.149502426 0.769412458 0.621010065
vn -0.275511414 0.857235551 0.435018003
vn 0.12150155 -0.6004076 -0.790410101
vn 0.117197514 -0.788483262 -0.603787184
vn 0.219610259 -0.447420925 -0.866940558
vn -0.401012719 0.386112243 0.830726326
vn -0.376787722 0.379987597 0.844772458
vn -0.70221293 0.350506455 0.619711459
vn -0.53178525 0.845876575 -0.0411988609
vn -0.565306067 0.824208856 0.0333003625
vn -0.509377658 0.85796231 0.0665970817
vn -0.329915196 0.78733623 -0.520823956
vn -0.346113354 0.744328737 -0.57112205
vn -0.340811551 0.723424554 -0.600420356
vn -0.313601404 -0.554402471 -0.770903409
vn -0.232501298 -0.536403 -0.81130451
vn -0.312113941 -0.55422473 -0.771634459
vn -0.844793677 0.0412996896 0.533496022
vn -0.844793677 0.0412996896 0.533496022
vn -0.844793677 0.0412996896 0.533496022
vn 0.927187026 0.374594748 0.00169997627
vn 0.927704751 0.37310192 0.0126000652
vn 0.939362347 0.342786252 0.0097996071
vn 0.292590022 0.0953967422 -0.951467574
vn 0.351907343 0.0958019942 -0.931119382
vn 0.349011064 0.103103265 -0.931429505
vn 0.888915896 0.414207429 0.195603505
vn 0.888915896 0.414207429 0.195603505
vn 0.885422528 0.421110719 0.196705014
vn 0.236105174 0.308906764 0.92132014
vn 0.224607125 0.226207182 0.947830081
vn 0.224607125 0.226207182 0.947830081
vn -0.99472636 0.00860022847 0.102202713
vn -0.994524717 0.00790019613 0.104202591
vn -0.994796097 0.00419998309 0.101799607
vn 0.999759614 0.0171993058 0.0135994507
vn 0.998722136 -0.0424009375 0.0275006089
vn 0.999079704 -0.0125997439 -0.0409991667
vn 0.329287678 -0.227691486 -0.916365743
vn 0.339199126 -0.142899647 -0.92979759
vn 0.457510144 -0.0968021452 -0.883919597
vn 0.602386951 0.78468293 0.146296829
vn 0.629621565 0.767826259 0.118404053
vn 0.619009972 0.772912443 0.139402255
vn 0.835339844 0.132506311 -0.533525467
vn 0.823446929 0.132807568 -0.551631391
vn 0.822601259 0.13360019 -0.552700818
vn 0.739512384 0.664011121 0.110501856
vn 0.681586683 0.693886459 0.232295468
vn 0.587610483 0.802714348 0.10180182
vn 0.978860438 -0.107995637 0.173692986
vn 0.971843839 -0.0493022203 0.230410382
vn 0.956361175 -0.159993514 0.244490072
vn -0.19380559 -0.719020724 0.667419255
vn -0.19159916 -0.718796849 0.668296993
vn -0.189693719 -0.717176199 0.670577765
vn 0.975034177 0.147705168 0.165805802
vn 0.983258069 0.172092661 0.0598974489
vn 0.982993484 0.157698959 0.0940993801
vn 0.373998284 -0.226698935 0.899295807
vn 0.442327797 -0.362222761 0.820451617
vn 0.458588749 -0.311192334 0.83237958
vn -0.990280449 -0.0984980538 0.0981980637
vn -0.996951222 -0.0628032237 -0.0463023782
vn -0.987739623 -0.154406205 0.0230009221
vn -0.961332321 0.256708652 0.0997033417
vn -0.97117269 0.223793715 0.0820976868
vn -0.957304358 0.258101195 0.130200595
vn -0.128404319 0.975432813 0.179006025
vn -0.133903727 0.979127228 0.152904257
vn -0.136401504 0.980610847 0.140701547
vn 0.982193589 0.040299736 0.183498815
vn 0.988384962 0.0561991483 0.14119786
vn 0.988231122 0.106603362 0.109703459
vn 0.680392385 -0.605393231 0.412995368
vn 0.60051477 -0.732918084 0.31970787
vn 0.62800771 -0.709908724 0.318803906
vn -0.223391205 0.971761763 0.0759970024
vn -0.305292994 0.95127821 0.0431990102
vn -0.211191177 0.959759951 0.18509227
vn 0.129694596 0.762568235 0.633773625
vn 0.0302991997 0.682581961 0.730180681
vn 0.0560007505 0.629708409 0.774810374
vn 0.898835421 -0.325312823 0.293711573
vn 0.898094714 -0.335898042 0.283898324
vn 0.908401787 -0.307300597 0.283500552
vn 0.633294702 0.572095156 0.52119565
vn 0.506711304 0.672115028 0.539912045
vn 0.488301069 0.622401357 0.611701369
vn 0.314013273 0.243210286 -0.917738795
vn 0.322296917 0.308697045 -0.8948915
vn 0.388093382 0.251695693 -0.886584878
vn -0.803274512 0.386487722 0.453185648
vn -0.829486549 0.459992558 0.316794872
vn -0.775727212 0.376413226 0.506517768
vn -0.427810282 -0.801819324 0.417210042
vn -0.422906697 -0.805812776 0.414506555
vn -0.426709473 -0.802717805 0.416609257
vn 0.944024861 -0.0470012352 -0.326508611
vn 0.94612509 -0.0674017891 -0.316708416
vn 0.944598198 -0.0560998917 -0.323399395
vn 0.849041045 -0.506524503 0.150207266
vn 0.860328317 -0.469415426 0.198706537
vn 0.869474113 -0.463586211 0.170594931
vn -0.135402396 0.939916611 -0.313405544
vn -0.100196734 0.937769413 -0.332489163
vn -0.0359988064 0.953168392 -0.300290048
vn -0.0467010029 0.303706497 -0.9516204
vn -0.0768999681 0.318199873 -0.944899619
vn 0.026499996 0.406199962 -0.913399875
vn -0.193894222 0.16009523 -0.96787113
vn -0.239504844 0.228104636 -0.943719149
vn -0.194609582 0.184109062 -0.963447452
vn -0.140908375 -0.896553278 0.419924945
vn -0.135802478 -0.89781636 0.418907642
vn -0.1727072 -0.909837902 0.37731573
vn -0.233898833 -0.701496542 0.673196673
vn -0.234213948 -0.701541781 0.673040092
vn -0.234103665 -0.701510966 0.673110545
vn 0.440504432 0.827008367 0.349303514
vn 0.507500172 0.714900255 0.481000155
vn 0.445707291 0.765412509 0.46420756
vn 0.189399973 -0.377099961 0.906599879
vn 0.295801878 -0.508903205 0.808405101
vn 0.162098333 -0.541094422 0.825191498
vn 0.742308021 0.593406439 0.31120339
vn 0.734285951 0.616488218 0.284194559
vn 0.751448214 0.619957268 0.225784436
vn -0.874671698 -0.39728716 0.277691036
vn -0.869403183 -0.453001678 0.197300717
vn -0.892192423 -0.444496214 0.0800993219
vn -0.941269517 -0.182494104 0.284090817
vn -0.977552891 -0.132893592 0.163492113
vn -0.964507043 -0.123300895 0.233501703
vn -0.245804504 0.0557010248 -0.967717767
vn -0.26059112 0.0456984378 -0.964367092
vn -0.254411519 0.0492022224 -0.965843618
vn -0.949363172 -0.227591157 0.216591597
vn -0.979221165 -0.131002828 0.154803351
vn -0.961120963 -0.216804728 0.171003744
vn 0.822421312 -0.444911569 0.354509205
vn 0.826507807 -0.46180436 0.32190305
vn 0.816108823 -0.438504755 0.376404047
vn 0.164698586 -0.435096264 -0.885192454
vn -0.0243008453 -0.437415242 -0.898931265
vn -0.0446012132 -0.463212609 -0.885124087
vn 0.553215265 0.0957026333 0.827522755
vn 0.415792257 0.157697052 0.895683229
vn 0.370911181 -0.0395011902 0.927827895
vn 0.373289227 -0.866775036 0.330690503
vn 0.394511461 -0.858925045 0.326509506
vn 0.392287999 -0.867173433 0.30679062
vn 0.732380331 -0.0902975723 0.674881876
vn 0.582185268 -0.219094455 0.782980204
vn 0.663201749 -0.133700356 0.736401916
vn -0.61691308 -0.767916262 0.172403648
vn -0.582879901 -0.777473152 0.236191869
vn -0.590804219 -0.779005587 0.210001498
vn 0.430299222 -0.0227999613 -0.902398407
vn 0.351400942 -0.00650001736 -0.936202526
vn 0.36900419 -0.0310003515 -0.928910613
vn -0.997953534 0.0426980108 0.0475977845
vn -0.970487654 -0.241096929 -0.00509993546
vn -0.971087575 -0.212897286 0.107998624
vn -0.643005013 -0.748205781 -0.163501263
vn -0.755604446 -0.653403878 -0.0461002737
vn -0.705114484 -0.707714558 -0.0442009084
vn 0.970606685 0.224201545 0.087500602
vn 0.97015208 0.223111987 0.095005095
vn 0.971911132 0.223902568 0.0725008324
vn -0.987309039 -0.0661006048 0.144401327
vn -0.973912716 -0.154502004 0.166202158
vn -0.963371873 -0.154495478 0.219193593
vn -0.722113192 0.689512551 0.055901017
vn -0.652306974 0.756408036 0.0484005138
vn -0.697164774 0.716363847 0.0279985871
vn -0.6116907 0.521592081 0.594790936
vn -0.61228472 0.520787001 0.59488517
vn -0.612132311 0.521027505 0.594831347
vn 0.653264225 -0.614666402 -0.442075789
vn 0.643129885 -0.634629488 -0.428519905
vn 0.647099078 -0.626199186 -0.43489939
vn -0.938134491 0.343412638 0.0444016308
vn -0.969958127 0.241889551 0.0258988831
vn -0.932604194 0.34040153 0.119900532
vn -0.513692379 -0.855187356 -0.0690989792
vn -0.465382457 -0.879166842 -0.102396138
vn -0.532396257 -0.821794212 -0.202998564
vn 0.183099613 0.980697989 0.0685998574
vn 0.156907007 0.984543979 0.0778034702
vn 0.202292457 0.975363612 0.0879967213
vn -0.981827199 0.180404991 -0.0589016266
vn -0.974417686 0.22370407 -0.0216003936
vn -0.979357898 0.180392236 -0.09119609
vn -0.96965003 0.242587477 -0.0304984301
vn -0.971423686 0.233405679 -0.0431010462
vn -0.959781706 0.243695349 -0.139397338
vn 0.0274004247 -0.0649010018 -0.99751544
vn 0.0670971498 -0.0506978445 -0.996457636
vn 0.0830007344 -0.0765006766 -0.993608832
vn 0.855448544 0.149208471 0.495928138
vn 0.860437214 0.131405681 0.492321312
vn 0.898382604 0.114997774 0.423891813
vn 0.310592473 0.91067785 0.272393376
vn 0.333186179 0.907162309 0.25698933
vn 0.275088102 0.903160989 0.329585791
vn -0.977020919 -0.196904212 0.0816017538
vn -0.909778595 -0.385190934 0.15469636
vn -0.934941769 -0.247611076 0.25411135
vn -0.00199992536 -0.196192652 -0.980563283
vn 0.0351984389 -0.17769213 -0.983456433
vn 0.0398994163 -0.211396888 -0.976585627
vn 0.0954996943 0.0619997978 -0.993496776
vn 0.111694962 0.0756965876 -0.990855336
vn 0.107204847 0.0856038779 -0.990544796
vn -0.018900834 0.0845037252 -0.996243954
vn 0.917195916 0.092299588 0.387598276
vn 0.916498363 -0.00559998956 0.399999291
vn 0.932689667 0.0462994911 0.357696027
vn 0.925808907 0.0228002183 0.3773036
vn -0.976181388 0.216895878 -0.00509990333
vn -0.978376627 0.19389537 -0.0719982833
vn -0.977879822 0.187996119 -0.0916981027
vn -0.960721195 0.255805671 -0.10760238
vn -0.9531703 0.294690818 0.0679978877
vn -0.94597584 0.312292039 0.0871977732
vn -0.961844325 0.258611917 0.0893041119
vn -0.960219502 0.255005151 0.113802306
vn 0.908960581 -0.00049997837 0.416881949
vn 0.859997213 0.000699997705 0.510298312
vn 0.891712785 -0.0465006642 0.450206429
vn 0.883105338 -0.0688004196 0.464102805
vn 0.98980999 -0.108001091 0.0928009376
vn 0.996481657 0.00829984713 0.0833984688
vn 0.998055696 -0.0296986829 0.0547975674
vn 0.982334852 -0.0737026185 0.172006115
vn 0.129298374 0.15069811 -0.980087698
vn 0.12920101 0.15130119 -0.980007708
vn 0.12920101 0.15130119 -0.980007708
vn 0.129499912 0.15109989 -0.979999304
vn 0.587997556 0.765596867 0.260998935
vn 0.580288053 0.777284026 0.243095011
vn 0.56759882 0.779898405 0.263799459
vn 0.598171353 0.763863385 0.242288381
vn 0.00939988066 0.979587674 0.200797468
vn 0.032400284 0.97250855 0.230602026
vn 0.0130999601 0.973197043 0.229599297
vn -0.000300012849 0.980441928 0.196808398
vn -0.972079992 -0.234195173 -0.0145996995
vn -0.977860987 -0.160893574 0.133794665
vn -0.951919615 -0.264005452 -0.155403182
vn -0.968586266 -0.152797833 -0.196197212
vn 0.93463552 -0.351513356 0.0538020469
vn 0.838080645 -0.532387733 0.119097248
vn 0.853976846 -0.520085931 0.0152995866
vn 0.91583252 -0.370813191 0.154105484
vn 0.961264372 -0.274589837 -0.0238991156
vn 0.9552266 -0.295808226 -0.00630017556
vn 0.940128207 -0.339910179 0.0249007475
vn 0.942544043 -0.273812801 0.191408947
vn -0.356611311 0.403912842 -0.842426777
vn -0.25709644 0.484793365 -0.835988522
vn -0.394986391 0.429185212 -0.812272072
vn -0.123602949 0.436810434 -0.891021252
vn 0.0699978024 -0.0964969769 -0.992868841
vn 0.136298001 -0.0593991317 -0.988885522
vn 0.125994638 -0.385983586 -0.913861096
vn 0.0876032189 -0.0762027949 -0.993236482
vn -0.966992855 -0.226198331 -0.117299125
vn -0.988436699 -0.0654024258 0.136805087
vn -0.990362704 -0.0563978739 0.126495227
vn -0.966916203 -0.226003781 -0.11830198
vn 0.308597147 0.616694272 0.724193335
vn 0.297806948 0.660315394 0.689416111
vn 0.294619083 0.662442863 0.688744605
vn 0.276904583 0.704911768 0.653010845
vn -0.167802855 -0.0143002439 -0.98571682
vn -0.138097972 0.120298244 -0.983085632
vn -0.0267002527 0.0476004519 -0.998509467
vn -0.0983966589 -0.0126995696 -0.995066285
vn 0.738006592 -0.660405934 0.138601243
vn 0.706287026 -0.636688292 0.309494317
vn 0.642902553 -0.685902715 0.340901375
vn 0.480904341 -0.861807823 0.161301464
vn 0.988579512 0.150696874 0.000999979326
vn 0.998490334 0.0546994694 0.00499995146
vn 0.995892286 0.0841993541 0.0332997441
vn 0.985309184 0.0929008648 -0.143301338
vn 0.331511468 0.338511705 0.880630434
vn 0.373799503 0.451499403 0.810198903
vn 0.407812983 0.438414007 0.800925553
vn 0.265111595 0.546723902 0.794234753
vn -0.856646955 0.415074319 -0.306381017
vn -0.857359767 0.410980731 -0.309885442
vn -0.858917654 0.408608377 -0.308706343
vn -0.852067828 0.41668427 -0.316788018
vn 0.293602109 -0.841506064 0.453503281
vn 0.305012494 -0.822233677 0.480519682
vn 0.305012494 -0.822233677 0.480519682
vn 0.291988492 -0.813667953 0.502680182
vn -0.999360859 0.0332986936 0.0129994908
vn -0.999245763 0.0324014872 0.0214009825
vn -0.999278843 0.0318993218 0.0205995645
vn -0.999287188 0.0350995511 0.0138998218
vn -0.249798283 -0.0695995241 -0.965793371
vn -0.217395514 0.00269994442 -0.976079881
vn -0.207904756 0.0321007334 -0.977622271
vn -0.137993902 0.0713968426 -0.987856328
g MESH_VRKS_Corner_A_Submesh0
f 1/1/1 2/2/2 3/3/3
f 4/4/4 5/5/5 6/6/6
f 7/7/7 8/8/8 9/9/9
f 10/10/10 11/11/11 12/12/12
f 13/13/13 14/14/14 15/15/15
f 16/16/16 17/17/17 18/18/18
f 19/19/19 20/20/20 21/21/21
f 22/22/22 23/23/23 24/24/24
f 25/25/25 26/26/26 27/27/27
f 28/28/28 29/29/29 30/30/30
f 31/31/31 32/32/32 33/33/33
f 34/34/34 35/35/35 36/36/36
f 37/37/37 38/38/38 39/39/39
f 40/40/40 41/41/41 42/42/42
f 43/43/43 44/44/44 45/45/45
f 46/46/46 47/47/47 48/48/48
f 49/49/49 50/50/50 51/51/51
f 52/52/52 53/53/53 54/54/54
f 55/55/55 56/56/56 57/57/57
f 58/58/58 59/59/59 57/57/57
f 57/57/57 60/60/60 61/61/61
f 62/62/62 63/63/63 64/64/64
f 65/65/65 66/66/66 67/67/67
f 68/68/68 69/69/69 70/70/70
f 71/71/71 72/72/72 73/73/73
f 74/74/74 75/75/75 76/76/76
f 77/77/77 78/78/78 79/79/79
f 80/80/80 81/81/81 82/82/82
f 83/83/83 84/84/84 85/85/85
f 86/86/86 87/87/87 88/88/88
f 89/89/89 90/90/90 91/91/91
f 92/92/92 93/93/93 94/94/94
f 95/95/95 96/96/96 97/97/97
f 98/98/98 99/99/99 100/100/100
f 101/101/101 102/102/102 103/103/103
f 104/104/104 105/105/105 106/106/106
f 107/107/107 108/108/108 109/109/109
f 110/110/110 111/111/111 112/112/112
f 113/113/113 114/114/114 115/115/115
f 116/116/116 117/117/117 118/118/118
f 119/119/119 120/120/120 121/121/121
f 122/122/122 123/123/123 124/124/124
f 125/125/125 126/126/126 127/127/127
f 128/128/128 129/129/129 130/130/130
f 131/131/131 132/132/132 133/133/133
f 134/134/134 135/135/135 136/136/136
f 137/137/137 138/138/138 139/139/139
f 140/140/140 141/141/141 142/142/142
f 143/143/143 144/144/144 145/145/145
f 146/146/146 147/147/147 148/148/148
f 149/149/149 150/150/150 151/151/151
f 152/152/152 153/153/153 154/154/154
f 155/155/155 156/156/156 157/157/157
f 158/158/158 159/159/159 160/160/160
f 161/161/161 162/162/162 163/163/163
f 164/164/164 165/165/165 166/166/166
f 167/167/167 168/168/168 169/169/169
f 170/170/170 171/171/171 172/172/172
f 173/173/173 174/174/174 175/175/175
f 176/176/176 177/177/177 178/178/178
f 179/179/179 180/180/180 181/181/181
f 182/182/182 183/183/183 184/184/184
f 185/185/185 182/182/182 186/186/186
f 187/187/187 188/188/188 189/189/189
f 190/190/190 191/191/191 192/192/192
f 193/193/193 194/194/194 195/195/195
f 196/196/196 197/197/197 198/198/198
f 199/199/199 200/200/200 201/201/201
f 202/202/202 203/203/203 204/204/204
f 205/205/205 206/206/206 207/207/207
f 208/208/208 209/209/209 210/210/210
f 211/211/211 212/212/212 213/213/213
f 214/214/214 215/215/215 216/216/216
f 217/217/217 218/218/218 219/219/219
f 220/220/220 221/221/221 222/222/222
f 223/223/223 224/224/224 225/225/225
f 226/226/226 227/227/227 228/228/228
f 229/229/229 230/230/230 231/231/231
f 232/232/232 233/233/233 234/234/234
f 235/235/235 236/236/236 237/237/237
f 238/238/238 239/239/239 240/240/240
f 241/241/241 242/242/242 243/243/243
f 244/244/244 241/241/241 245/245/245
f 246/246/246 241/241/241 247/247/247
f 248/248/248 249/249/249 250/250/250
f 251/251/251 252/252/252 253/253/253
f 254/254/254 255/255/255 256/256/256
f 257/257/257 258/258/258 259/259/259
f 260/260/260 261/261/261 262/262/262
f 263/263/263 264/264/264 265/265/265
f 266/266/266 267/267/267 268/268/268
f 269/269/269 270/270/270 271/271/271
f 272/272/272 273/273/273 274/274/274
f 275/275/275 276/276/276 277/277/277
f 278/278/278 279/279/279 280/280/280
f 281/281/281 282/282/282 283/283/283
f 284/284/284 285/285/285 286/286/286
f 287/287/287 288/288/288 289/289/289
f 290/290/290 291/291/291 292/292/292
f 293/293/293 294/294/294 295/295/295
f 296/296/296 297/297/297 298/298/298
f 299/299/299 300/300/300 301/301/301
f 302/302/302 303/303/303 304/304/304
f 305/305/305 306/306/306 307/307/307
f 308/308/308 307/307/307 309/309/309
f 310/310/310 311/311/311 312/312/312
f 313/313/313 314/314/314 315/315/315
f 316/316/316 317/317/317 318/318/318
f 319/319/319 320/320/320 321/321/321
f 322/322/322 323/323/323 324/324/324
f 325/325/325 326/326/326 327/327/327
f 328/328/328 329/329/329 330/330/330
f 331/331/331 332/332/332 333/333/333
f 334/334/334 335/335/335 336/336/336
f 337/337/337 338/338/338 339/339/339
f 340/340/340 341/341/341 342/342/342
f 343/343/343 344/344/344 345/345/345
f 346/346/346 347/347/347 348/348/348
f 349/349/349 350/350/350 351/351/351
f 352/352/352 353/353/353 354/354/354
f 355/355/355 356/356/356 357/357/357
f 358/358/358 359/359/359 360/360/360
f 361/361/361 362/362/362 363/363/363
f 364/364/364 365/365/365 366/366/366
f 367/367/367 368/368/368 369/369/369
f 370/370/370 371/371/371 372/372/372
f 373/373/373 374/374/374 375/375/375
f 376/376/376 377/377/377 378/378/378
f 379/379/379 380/380/380 381/381/381
f 382/382/382 383/383/383 384/384/384
f 385/385/385 386/386/386 387/387/387
f 388/388/388 389/389/389 390/390/390
f 391/391/391 392/392/392 393/393/393
f 394/394/394 395/395/395 396/396/396
f 397/397/397 398/398/398 399/399/399
f 400/400/400 401/401/401 402/402/402
f 403/403/403 404/404/404 405/405/405
f 406/406/406 407/407/407 408/408/408
f 409/409/409 410/410/410 411/411/411
f 409/409/409 412/412/412 413/413/413
f 409/409/409 413/413/413 414/414/414
f 415/415/415 416/416/416 417/417/417
f 418/418/418 419/419/419 420/420/420
f 421/421/421 422/422/422 423/423/423
f 424/424/424 425/425/425 426/426/426
f 427/427/427 428/428/428 429/429/429
f 430/430/430 431/431/431 432/432/432
f 433/433/433 434/434/434 435/435/435
f 436/436/436 437/437/437 438/438/438
f 439/439/439 440/440/440 441/441/441
f 442/442/442 443/443/443 444/444/444
f 445/445/445 446/446/446 447/447/447
f 448/448/448 449/449/449 450/450/450
f 451/451/451 452/452/452 453/453/453
f 454/454/454 455/455/455 456/456/456
f 457/457/457 458/458/458 459/459/459
f 460/460/460 461/461/461 462/462/462
f 463/463/463 464/464/464 465/465/465
f 466/466/466 467/467/467 468/468/468
f 469/469/469 470/470/470 471/471/471
f 472/472/472 473/473/473 474/474/474
f 474/474/474 475/475/475 476/476/476
f 477/477/477 478/478/478 479/479/479
f 480/480/480 479/479/479 481/481/481
f 482/482/482 483/483/483 484/484/484
f 485/485/485 486/486/486 487/487/487
f 488/488/488 489/489/489 490/490/490
f 491/491/491 492/492/492 493/493/493
f 494/494/494 495/495/495 496/496/496
f 497/497/497 498/498/498 499/499/499
f 500/500/500 501/501/501 502/502/502
f 503/503/503 504/504/504 505/505/505
f 506/506/506 507/507/507 508/508/508
f 509/509/509 510/510/510 511/511/511
f 512/512/512 513/513/513 514/514/514
f 515/515/515 516/516/516 517/517/517
f 518/518/518 519/519/519 520/520/520
f 521/521/521 522/522/522 523/523/523
f 524/524/524 525/525/525 526/526/526
f 524/524/524 527/527/527 528/528/528
f 529/529/529 527/527/527 530/530/530
f 531/531/531 532/532/532 528/528/528
f 531/531/531 528/528/528 533/533/533
f 534/534/534 535/535/535 536/536/536
f 537/537/537 538/538/538 539/539/539
f 540/540/540 541/541/541 542/542/542
f 543/543/543 544/544/544 545/545/545
f 546/546/546 547/547/547 548/548/548
f 549/549/549 550/550/550 551/551/551
f 552/552/552 553/553/553 554/554/554
f 555/555/555 556/556/556 557/557/557
f 558/558/558 559/559/559 560/560/560
f 561/561/561 562/562/562 563/563/563
f 564/564/564 565/565/565 566/566/566
f 567/567/567 568/568/568 569/569/569
f 570/570/570 571/571/571 572/572/572
f 573/573/573 574/574/574 575/575/575
f 576/576/576 577/577/577 578/578/578
f 579/579/579 580/580/580 581/581/581
f 582/582/582 583/583/583 584/584/584
f 585/585/585 586/586/586 587/587/587
f 588/588/588 589/589/589 590/590/590
f 591/591/591 592/592/592 593/593/593
f 594/594/594 595/595/595 596/596/596
f 597/597/597 598/598/598 599/599/599
f 600/600/600 601/601/601 602/602/602
f 603/603/603 604/604/604 605/605/605
f 606/606/606 607/607/607 608/608/608
f 609/609/609 610/610/610 611/611/611
f 612/612/612 613/613/613 614/614/614
f 615/615/615 616/616/616 617/617/617
f 618/618/618 619/619/619 620/620/620
f 621/621/621 622/622/622 623/623/623
f 624/624/624 625/625/625 626/626/626
f 627/627/627 628/628/628 629/629/629
f 630/630/630 631/631/631 632/632/632
f 633/633/633 634/634/634 635/635/635
f 636/636/636 637/637/637 638/638/638
f 639/639/639 640/640/640 641/641/641
f 642/642/642 643/643/643 644/644/644
f 645/645/645 646/646/646 647/647/647
f 648/648/648 649/649/649 650/650/650
f 651/651/651 652/652/652 653/653/653
f 654/654/654 655/655/655 656/656/656
f 657/657/657 658/658/658 656/656/656
f 659/659/659 660/660/660 661/661/661
f 662/662/662 663/663/663 664/664/664
f 665/665/665 666/666/666 667/667/667
f 668/668/668 669/669/669 670/670/670
f 671/671/671 672/672/672 673/673/673
f 674/674/674 675/675/675 676/676/676
f 677/677/677 678/678/678 679/679/679
f 680/680/680 681/681/681 682/682/682
f 683/683/683 684/684/684 685/685/685
f 686/686/686 687/687/687 688/688/688
f 689/689/689 690/690/690 691/691/691
f 692/692/692 693/693/693 694/694/694
f 695/695/695 696/696/696 697/697/697
f 698/698/698 699/699/699 700/700/700
f 701/701/701 702/702/702 703/703/703
f 704/704/704 705/705/705 706/706/706
f 707/707/707 708/708/708 709/709/709
f 710/710/710 711/711/711 712/712/712
f 713/713/713 714/714/714 715/715/715
f 716/716/716 717/717/717 718/718/718
f 719/719/719 720/720/720 721/721/721
f 719/719/719 722/722/722 723/723/723
f 724/724/724 725/725/725 726/726/726
f 727/727/727 728/728/728 729/729/729
f 730/730/730 731/731/731 732/732/732
f 733/733/733 734/734/734 735/735/735
f 736/736/736 737/737/737 738/738/738
f 739/739/739 740/740/740 741/741/741
f 742/742/742 743/743/743 744/744/744
f 745/745/745 746/746/746 747/747/747
f 748/748/748 749/749/749 750/750/750
f 751/751/751 752/752/752 753/753/753
f 754/754/754 755/755/755 756/756/756
f 757/757/757 758/758/758 759/759/759
f 760/760/760 761/761/761 762/762/762
f 763/763/763 764/764/764 765/765/765
f 766/766/766 767/767/767 768/768/768
f 769/769/769 770/770/770 771/771/771
f 772/772/772 773/773/773 774/774/774
f 775/775/775 776/776/776 777/777/777
f 778/778/778 779/779/779 780/780/780
f 781/781/781 782/782/782 783/783/783
f 784/784/784 785/785/785 786/786/786
f 787/787/787 788/788/788 789/789/789
f 790/790/790 791/791/791 792/792/792
f 793/793/793 794/794/794 795/795/795
f 796/796/796 797/797/797 798/798/798
f 799/799/799 800/800/800 801/801/801
f 802/802/802 803/803/803 804/804/804
f 805/805/805 806/806/806 807/807/807
f 808/808/808 809/809/809 810/810/810
f 811/811/811 812/812/812 813/813/813
f 814/814/814 815/815/815 816/816/816
f 817/817/817 818/818/818 819/819/819
f 820/820/820 821/821/821 822/822/822
f 823/823/823 824/824/824 825/825/825
f 826/826/826 827/827/827 828/828/828
f 829/829/829 830/830/830 831/831/831
f 832/832/832 833/833/833 834/834/834
f 835/835/835 836/836/836 837/837/837
f 838/838/838 839/839/839 840/840/840
f 841/841/841 842/842/842 843/843/843
f 844/844/844 845/845/845 846/846/846
f 847/847/847 848/848/848 849/849/849
f 850/850/850 851/851/851 852/852/852
f 853/853/853 854/854/854 855/855/855
f 856/856/856 857/857/857 858/858/858
f 859/859/859 860/860/860 861/861/861
f 862/862/862 863/863/863 864/864/864
f 865/865/865 866/866/866 867/867/867
f 868/868/868 869/869/869 870/870/870
f 871/871/871 872/872/872 873/873/873
f 874/874/874 875/875/875 876/876/876
f 877/877/877 878/878/878 879/879/879
f 880/880/880 881/881/881 882/882/882
f 883/883/883 884/884/884 885/885/885
f 886/886/886 887/887/887 888/888/888
f 889/889/889 890/890/890 891/891/891
f 892/892/892 893/893/893 894/894/894
f 895/895/895 896/896/896 897/897/897
f 898/898/898 899/899/899 900/900/900
f 901/901/901 902/902/902 903/903/903
f 904/904/904 905/905/905 906/906/906
f 907/907/907 908/908/908 909/909/909
f 910/910/910 911/911/911 912/912/912
f 913/913/913 914/914/914 915/915/915
f 916/916/916 917/917/917 918/918/918
f 919/919/919 920/920/920 921/921/921
f 922/922/922 923/923/923 924/924/924
f 925/925/925 926/926/926 927/927/927
f 928/928/928 929/929/929 930/930/930
f 931/931/931 932/932/932 933/933/933
f 934/934/934 935/935/935 936/936/936
f 937/937/937 938/938/938 939/939/939
f 940/940/940 941/941/941 942/942/942
f 943/943/943 944/944/944 945/945/945
f 946/946/946 947/947/947 948/948/948
f 949/949/949 950/950/950 951/951/951
f 952/952/952 953/953/953 954/954/954
f 955/955/955 956/956/956 957/957/957
f 958/958/958 959/959/959 960/960/960
f 961/961/961 962/962/962 963/963/963
f 964/964/964 965/965/965 966/966/966
f 967/967/967 968/968/968 969/969/969
f 970/970/970 971/971/971 972/972/972
f 973/973/973 974/974/974 975/975/975
f 976/976/976 977/977/977 978/978/978
f 979/979/979 980/980/980 981/981/981
f 982/982/982 983/983/983 984/984/984
f 985/985/985 986/986/986 987/987/987
f 988/988/988 989/989/989 990/990/990
f 991/991/991 992/992/992 993/993/993
f 994/994/994 995/995/995 996/996/996
f 997/997/997 998/998/998 999/999/999
f 1000/1000/1000 1001/1001/1001 1002/1002/1002
f 1003/1003/1003 1002/1002/1002 1004/1004/1004
f 1005/1005/1005 1006/1006/1006 1007/1007/1007
f 1008/1008/1008 1009/1009/1009 1010/1010/1010
f 1011/1011/1011 1012/1012/1012 1013/1013/1013
f 1014/1014/1014 1015/1015/1015 1016/1016/1016
f 1017/1017/1017 1018/1018/1018 1019/1019/1019
f 1020/1020/1020 1021/1021/1021 1022/1022/1022
f 1023/1023/1023 1024/1024/1024 1025/1025/1025
f 1026/1026/1026 1027/1027/1027 1028/1028/1028
f 1029/1029/1029 1030/1030/1030 1031/1031/1031
f 1032/1032/1032 1033/1033/1033 1034/1034/1034
f 1035/1035/1035 1036/1036/1036 1037/1037/1037
f 1038/1038/1038 1039/1039/1039 1040/1040/1040
f 1041/1041/1041 1042/1042/1042 1043/1043/1043
f 1044/1044/1044 1045/1045/1045 1046/1046/1046
f 1047/1047/1047 1048/1048/1048 1049/1049/1049
f 1050/1050/1050 1051/1051/1051 1052/1052/1052
f 1053/1053/1053 1054/1054/1054 1055/1055/1055
f 1056/1056/1056 1057/1057/1057 1058/1058/1058
f 1059/1059/1059 1060/1060/1060 1061/1061/1061
f 1062/1062/1062 1063/1063/1063 1064/1064/1064
f 1065/1065/1065 1066/1066/1066 1067/1067/1067
f 1068/1068/1068 1069/1069/1069 1070/1070/1070
f 1071/1071/1071 1072/1072/1072 1073/1073/1073
f 1074/1074/1074 1075/1075/1075 1076/1076/1076
f 1077/1077/1077 1078/1078/1078 1079/1079/1079
f 1080/1080/1080 1081/1081/1081 1082/1082/1082
f 1083/1083/1083 1084/1084/1084 1085/1085/1085
f 1086/1086/1086 1087/1087/1087 1088/1088/1088
f 1089/1089/1089 1090/1090/1090 1091/1091/1091
f 1092/1092/1092 1093/1093/1093 1090/1090/1090
f 1094/1094/1094 1095/1095/1095 1096/1096/1096
f 1097/1097/1097 1098/1098/1098 1099/1099/1099
f 1100/1100/1100 1101/1101/1101 1102/1102/1102
f 1103/1103/1103 1104/1104/1104 1105/1105/1105
f 1106/1106/1106 1107/1107/1107 1108/1108/1108
f 1109/1109/1109 1110/1110/1110 1111/1111/1111
f 1112/1112/1112 1113/1113/1113 1114/1114/1114
f 1115/1115/1115 1116/1116/1116 1117/1117/1117
f 1118/1118/1118 1119/1119/1119 1120/1120/1120
f 1121/1121/1121 1122/1122/1122 1123/1123/1123
f 1124/1124/1124 1125/1125/1125 1126/1126/1126
f 1127/1127/1127 1128/1128/1128 1129/1129/1129
f 1130/1130/1130 1131/1131/1131 1132/1132/1132
f 1133/1133/1133 1134/1134/1134 1135/1135/1135
f 1136/1136/1136 1137/1137/1137 1138/1138/1138
f 1139/1139/1139 1140/1140/1140 1141/1141/1141
f 1142/1142/1142 1143/1143/1143 1144/1144/1144
f 1145/1145/1145 1146/1146/1146 1147/1147/1147
f 1148/1148/1148 1149/1149/1149 1150/1150/1150
f 1151/1151/1151 1152/1152/1152 1153/1153/1153
f 1154/1154/1154 1155/1155/1155 1156/1156/1156
f 1157/1157/1157 1158/1158/1158 1159/1159/1159
f 1160/1160/1160 1161/1161/1161 1162/1162/1162
f 1163/1163/1163 1164/1164/1164 1165/1165/1165
f 1166/1166/1166 1167/1167/1167 1168/1168/1168
f 1169/1169/1169 1170/1170/1170 1171/1171/1171
f 1172/1172/1172 1173/1173/1173 1174/1174/1174
f 1175/1175/1175 1176/1176/1176 1177/1177/1177
f 1178/1178/1178 1179/1179/1179 1180/1180/1180
f 1181/1181/1181 1182/1182/1182 1183/1183/1183
f 1184/1184/1184 1185/1185/1185 1186/1186/1186
f 1187/1187/1187 1188/1188/1188 1189/1189/1189
f 1190/1190/1190 1191/1191/1191 1192/1192/1192
f 1193/1193/1193 1194/1194/1194 1195/1195/1195
f 1196/1196/1196 1197/1197/1197 1198/1198/1198
f 1199/1199/1199 1200/1200/1200 1201/1201/1201
f 1202/1202/1202 1203/1203/1203 1204/1204/1204
f 1205/1205/1205 1206/1206/1206 1207/1207/1207
f 1208/1208/1208 1209/1209/1209 1210/1210/1210
f 1211/1211/1211 1212/1212/1212 1213/1213/1213
f 1214/1214/1214 1215/1215/1215 1216/1216/1216
f 1217/1217/1217 1218/1218/1218 1219/1219/1219
f 1220/1220/1220 1221/1221/1221 1222/1222/1222
f 1223/1223/1223 1224/1224/1224 1225/1225/1225
f 1226/1226/1226 1227/1227/1227 1228/1228/1228
f 1229/1229/1229 1230/1230/1230 1231/1231/1231
f 1232/1232/1232 1233/1233/1233 1230/1230/1230
f 1234/1234/1234 1235/1235/1235 1236/1236/1236
f 1237/1237/1237 1238/1238/1238 1239/1239/1239
f 1240/1240/1240 1241/1241/1241 1242/1242/1242
f 1243/1243/1243 1244/1244/1244 1245/1245/1245
f 1246/1246/1246 1247/1247/1247 1248/1248/1248
f 1249/1249/1249 1250/1250/1250 1251/1251/1251
f 1252/1252/1252 1253/1253/1253 1254/1254/1254
f 1255/1255/1255 1256/1256/1256 1257/1257/1257
f 1258/1258/1258 1259/1259/1259 1260/1260/1260
f 1261/1261/1261 1262/1262/1262 1263/1263/1263
f 1264/1264/1264 1265/1265/1265 1266/1266/1266
f 1267/1267/1267 1268/1268/1268 1269/1269/1269
f 1270/1270/1270 1271/1271/1271 1272/1272/1272
f 1273/1273/1273 1274/1274/1274 1275/1275/1275
f 1276/1276/1276 1277/1277/1277 1278/1278/1278
f 1279/1279/1279 1280/1280/1280 1281/1281/1281
f 1282/1282/1282 1283/1283/1283 1284/1284/1284
f 1285/1285/1285 1286/1286/1286 1287/1287/1287
f 1288/1288/1288 1289/1289/1289 1290/1290/1290
f 1291/1291/1291 1292/1292/1292 1293/1293/1293
f 1294/1294/1294 1295/1295/1295 1296/1296/1296
f 1297/1297/1297 1298/1298/1298 1299/1299/1299
f 1300/1300/1300 1301/1301/1301 1302/1302/1302
f 1303/1303/1303 1304/1304/1304 1305/1305/1305
f 1306/1306/1306 1307/1307/1307 1308/1308/1308
f 1309/1309/1309 1310/1310/1310 1311/1311/1311
f 1312/1312/1312 1313/1313/1313 1314/1314/1314
f 1315/1315/1315 1316/1316/1316 1317/1317/1317
f 1318/1318/1318 1319/1319/1319 1320/1320/1320
f 1321/1321/1321 1322/1322/1322 1323/1323/1323
f 1324/1324/1324 1325/1325/1325 1326/1326/1326
f 1327/1327/1327 1328/1328/1328 1329/1329/1329
f 1330/1330/1330 1331/1331/1331 1332/1332/1332
f 1333/1333/1333 1334/1334/1334 1335/1335/1335
f 1336/1336/1336 1337/1337/1337 1338/1338/1338
f 1339/1339/1339 1340/1340/1340 1341/1341/1341
f 1342/1342/1342 1343/1343/1343 1344/1344/1344
f 1345/1345/1345 1346/1346/1346 1347/1347/1347
f 1348/1348/1348 1349/1349/1349 1350/1350/1350
f 1351/1351/1351 1352/1352/1352 1353/1353/1353
f 1354/1354/1354 1355/1355/1355 1356/1356/1356
f 1357/1357/1357 1358/1358/1358 1359/1359/1359
f 1360/1360/1360 1361/1361/1361 1362/1362/1362
f 1363/1363/1363 1364/1364/1364 1365/1365/1365
f 1366/1366/1366 1367/1367/1367 1368/1368/1368
f 1369/1369/1369 1370/1370/1370 1371/1371/1371
f 1372/1372/1372 1373/1373/1373 1374/1374/1374
f 1375/1375/1375 1376/1376/1376 1377/1377/1377
f 1378/1378/1378 1379/1379/1379 1380/1380/1380
f 1381/1381/1381 1382/1382/1382 1383/1383/1383
f 1384/1384/1384 1385/1385/1385 1386/1386/1386
f 1387/1387/1387 1388/1388/1388 1389/1389/1389
f 1390/1390/1390 1391/1391/1391 1392/1392/1392
f 1393/1393/1393 1394/1394/1394 1395/1395/1395
f 1396/1396/1396 1397/1397/1397 1398/1398/1398
f 1399/1399/1399 1400/1400/1400 1401/1401/1401
f 1402/1402/1402 1403/1403/1403 1404/1404/1404
f 1405/1405/1405 1406/1406/1406 1407/1407/1407
f 1408/1408/1408 1409/1409/1409 1410/1410/1410
f 1411/1411/1411 1412/1412/1412 1413/1413/1413
f 1414/1414/1414 1415/1415/1415 1416/1416/1416
f 1417/1417/1417 1418/1418/1418 1419/1419/1419
f 1420/1420/1420 1421/1421/1421 1422/1422/1422
f 1423/1423/1423 1424/1424/1424 1425/1425/1425
f 1426/1426/1426 1427/1427/1427 1428/1428/1428
f 1429/1429/1429 1430/1430/1430 1431/1431/1431
f 1432/1432/1432 1433/1433/1433 1434/1434/1434
f 1435/1435/1435 1436/1436/1436 1437/1437/1437
f 1438/1438/1438 1439/1439/1439 1440/1440/1440
f 1441/1441/1441 1442/1442/1442 1443/1443/1443
f 1444/1444/1444 1445/1445/1445 1446/1446/1446
f 1447/1447/1447 1448/1448/1448 1449/1449/1449
f 1450/1450/1450 1451/1451/1451 1452/1452/1452
f 1453/1453/1453 1454/1454/1454 1455/1455/1455
f 1456/1456/1456 1457/1457/1457 1458/1458/1458
f 1459/1459/1459 1460/1460/1460 1461/1461/1461
f 1462/1462/1462 1463/1463/1463 1464/1464/1464
f 1465/1465/1465 1466/1466/1466 1467/1467/1467
f 1468/1468/1468 1469/1469/1469 1470/1470/1470
f 1471/1471/1471 1472/1472/1472 1473/1473/1473
f 1474/1474/1474 1475/1475/1475 1476/1476/1476
f 1477/1477/1477 1478/1478/1478 1479/1479/1479
f 1480/1480/1480 1481/1481/1481 1482/1482/1482
f 1483/1483/1483 1484/1484/1484 1485/1485/1485
f 1486/1486/1486 1487/1487/1487 1488/1488/1488
f 1489/1489/1489 1490/1490/1490 1491/1491/1491
f 1492/1492/1492 1493/1493/1493 1494/1494/1494
f 1495/1495/1495 1496/1496/1496 1497/1497/1497
f 1498/1498/1498 1499/1499/1499 1500/1500/1500
f 1501/1501/1501 1502/1502/1502 1503/1503/1503
f 1504/1504/1504 1505/1505/1505 1506/1506/1506
f 1507/1507/1507 1508/1508/1508 1509/1509/1509
f 1510/1510/1510 1511/1511/1511 1512/1512/1512
f 1513/1513/1513 1514/1514/1514 1515/1515/1515
f 1516/1516/1516 1517/1517/1517 1518/1518/1518
f 1519/1519/1519 1520/1520/1520 1521/1521/1521
f 1522/1522/1522 1523/1523/1523 1524/1524/1524
f 1525/1525/1525 1526/1526/1526 1527/1527/1527
f 1528/1528/1528 1529/1529/1529 1530/1530/1530
f 1531/1531/1531 1532/1532/1532 1533/1533/1533
f 1534/1534/1534 1535/1535/1535 1536/1536/1536
f 1537/1537/1537 1538/1538/1538 1539/1539/1539
f 1540/1540/1540 1541/1541/1541 1542/1542/1542
f 1543/1543/1543 1544/1544/1544 1545/1545/1545
f 1546/1546/1546 1547/1547/1547 1548/1548/1548
f 1549/1549/1549 1550/1550/1550 1551/1551/1551
f 1552/1552/1552 1553/1553/1553 1554/1554/1554
f 1555/1555/1555 1556/1556/1556 1557/1557/1557
f 1558/1558/1558 1559/1559/1559 1560/1560/1560
f 1561/1561/1561 1562/1562/1562 1563/1563/1563
f 1564/1564/1564 1565/1565/1565 1566/1566/1566
f 1567/1567/1567 1568/1568/1568 1569/1569/1569
f 1570/1570/1570 1571/1571/1571 1572/1572/1572
f 1573/1573/1573 1574/1574/1574 1575/1575/1575
f 1576/1576/1576 1577/1577/1577 1578/1578/1578
f 1579/1579/1579 1580/1580/1580 1581/1581/1581
f 1582/1582/1582 1583/1583/1583 1584/1584/1584
f 1585/1585/1585 1586/1586/1586 1587/1587/1587
f 1588/1588/1588 1589/1589/1589 1590/1590/1590
f 1591/1591/1591 1592/1592/1592 1593/1593/1593
f 1594/1594/1594 1595/1595/1595 1596/1596/1596
f 1597/1597/1597 1598/1598/1598 1599/1599/1599
f 1600/1600/1600 1601/1601/1601 1602/1602/1602
f 1603/1603/1603 1604/1604/1604 1605/1605/1605
f 1606/1606/1606 1607/1607/1607 1608/1608/1608
f 1609/1609/1609 1610/1610/1610 1611/1611/1611
f 1612/1612/1612 1613/1613/1613 1614/1614/1614
f 1615/1615/1615 1616/1616/1616 1617/1617/1617
f 1618/1618/1618 1619/1619/1619 1620/1620/1620
f 1621/1621/1621 1622/1622/1622 1623/1623/1623
f 1624/1624/1624 1625/1625/1625 1626/1626/1626
f 1627/1627/1627 1628/1628/1628 1629/1629/1629
f 1630/1630/1630 1631/1631/1631 1632/1632/1632
f 1633/1633/1633 1634/1634/1634 1635/1635/1635
f 1636/1636/1636 1637/1637/1637 1638/1638/1638
f 1639/1639/1639 1640/1640/1640 1641/1641/1641
f 1642/1642/1642 1643/1643/1643 1644/1644/1644
f 1645/1645/1645 1646/1646/1646 1647/1647/1647
f 1645/1645/1645 1648/1648/1648 1649/1649/1649
f 1650/1650/1650 1651/1651/1651 1652/1652/1652
f 1653/1653/1653 1654/1654/1654 1655/1655/1655
f 1656/1656/1656 1657/1657/1657 1658/1658/1658
f 1659/1659/1659 1660/1660/1660 1661/1661/1661
f 1662/1662/1662 1663/1663/1663 1664/1664/1664
f 1665/1665/1665 1666/1666/1666 1667/1667/1667
f 1668/1668/1668 1669/1669/1669 1670/1670/1670
f 1671/1671/1671 1672/1672/1672 1673/1673/1673
f 1674/1674/1674 1675/1675/1675 1676/1676/1676
f 1677/1677/1677 1678/1678/1678 1679/1679/1679
f 1680/1680/1680 1681/1681/1681 1682/1682/1682
f 1683/1683/1683 1684/1684/1684 1685/1685/1685
f 1686/1686/1686 1687/1687/1687 1688/1688/1688
f 1689/1689/1689 1690/1690/1690 1691/1691/1691
f 1692/1692/1692 1693/1693/1693 1694/1694/1694
f 1695/1695/1695 1696/1696/1696 1697/1697/1697
f 1698/1698/1698 1699/1699/1699 1700/1700/1700
f 1701/1701/1701 1702/1702/1702 1703/1703/1703
f 1704/1704/1704 1705/1705/1705 1706/1706/1706
f 1707/1707/1707 1708/1708/1708 1709/1709/1709
f 1710/1710/1710 1711/1711/1711 1712/1712/1712
f 1713/1713/1713 1714/1714/1714 1715/1715/1715
f 1716/1716/1716 1717/1717/1717 1718/1718/1718
f 1719/1719/1719 1720/1720/1720 1721/1721/1721
f 1722/1722/1722 1723/1723/1723 1724/1724/1724
f 1725/1725/1725 1726/1726/1726 1727/1727/1727
f 1728/1728/1728 1729/1729/1729 1730/1730/1730
f 1731/1731/1731 1732/1732/1732 1733/1733/1733
f 1734/1734/1734 1735/1735/1735 1736/1736/1736
f 1737/1737/1737 1738/1738/1738 1739/1739/1739
f 1740/1740/1740 1741/1741/1741 1742/1742/1742
f 1743/1743/1743 1744/1744/1744 1745/1745/1745
f 1746/1746/1746 1747/1747/1747 1748/1748/1748
f 1749/1749/1749 1750/1750/1750 1751/1751/1751
f 1752/1752/1752 1753/1753/1753 1754/1754/1754
f 1755/1755/1755 1756/1756/1756 1757/1757/1757
f 1758/1758/1758 1759/1759/1759 1760/1760/1760
f 1761/1761/1761 1762/1762/1762 1763/1763/1763
f 1764/1764/1764 1765/1765/1765 1766/1766/1766
f 1767/1767/1767 1768/1768/1768 1769/1769/1769
f 1770/1770/1770 1771/1771/1771 1772/1772/1772
f 1773/1773/1773 1774/1774/1774 1775/1775/1775
f 1776/1776/1776 1777/1777/1777 1778/1778/1778
f 1779/1779/1779 1780/1780/1780 1781/1781/1781
f 1782/1782/1782 1783/1783/1783 1784/1784/1784
f 1785/1785/1785 1786/1786/1786 1787/1787/1787
f 1788/1788/1788 1789/1789/1789 1790/1790/1790
f 1791/1791/1791 1792/1792/1792 1793/1793/1793
f 1794/1794/1794 1795/1795/1795 1796/1796/1796
f 1797/1797/1797 1798/1798/1798 1799/1799/1799
f 1800/1800/1800 1801/1801/1801 1802/1802/1802
f 1803/1803/1803 1804/1804/1804 1805/1805/1805
f 1806/1806/1806 1807/1807/1807 1808/1808/1808
f 1809/1809/1809 1810/1810/1810 1811/1811/1811
f 1812/1812/1812 1813/1813/1813 1814/1814/1814
f 1815/1815/1815 1816/1816/1816 1817/1817/1817
f 1818/1818/1818 1819/1819/1819 1820/1820/1820
f 1821/1821/1821 1822/1822/1822 1823/1823/1823
f 1824/1824/1824 1825/1825/1825 1826/1826/1826
f 1827/1827/1827 1828/1828/1828 1829/1829/1829
f 1830/1830/1830 1831/1831/1831 1832/1832/1832
f 1833/1833/1833 1834/1834/1834 1835/1835/1835
f 1836/1836/1836 1837/1837/1837 1838/1838/1838
f 1839/1839/1839 1840/1840/1840 1841/1841/1841
f 1842/1842/1842 1843/1843/1843 1844/1844/1844
f 1845/1845/1845 1846/1846/1846 1847/1847/1847
f 1848/1848/1848 1849/1849/1849 1850/1850/1850
f 1851/1851/1851 1852/1852/1852 1853/1853/1853
f 1854/1854/1854 1855/1855/1855 1856/1856/1856
f 1857/1857/1857 1858/1858/1858 1859/1859/1859
f 1860/1860/1860 1861/1861/1861 1862/1862/1862
f 1863/1863/1863 1864/1864/1864 1865/1865/1865
f 1866/1866/1866 1867/1867/1867 1868/1868/1868
f 1869/1869/1869 1870/1870/1870 1871/1871/1871
f 1872/1872/1872 1873/1873/1873 1874/1874/1874
f 1875/1875/1875 1876/1876/1876 1877/1877/1877
f 1878/1878/1878 1879/1879/1879 1880/1880/1880
f 1881/1881/1881 1882/1882/1882 1883/1883/1883
f 1884/1884/1884 1885/1885/1885 1886/1886/1886
f 1887/1887/1887 1888/1888/1888 1889/1889/1889
f 1890/1890/1890 1891/1891/1891 1892/1892/1892
f 1893/1893/1893 1894/1894/1894 1895/1895/1895
f 1896/1896/1896 1897/1897/1897 1898/1898/1898
f 1899/1899/1899 1900/1900/1900 1901/1901/1901
f 1902/1902/1902 1903/1903/1903 1904/1904/1904
f 1905/1905/1905 1906/1906/1906 1907/1907/1907
f 1908/1908/1908 1909/1909/1909 1910/1910/1910
f 1911/1911/1911 1912/1912/1912 1913/1913/1913
f 1914/1914/1914 1915/1915/1915 1916/1916/1916
f 1917/1917/1917 1918/1918/1918 1919/1919/1919
f 1920/1920/1920 1921/1921/1921 1922/1922/1922
f 1923/1923/1923 1924/1924/1924 1925/1925/1925
f 1926/1926/1926 1927/1927/1927 1928/1928/1928
f 1929/1929/1929 1930/1930/1930 1931/1931/1931
f 1932/1932/1932 1933/1933/1933 1934/1934/1934
f 1935/1935/1935 1936/1936/1936 1937/1937/1937
f 1938/1938/1938 1939/1939/1939 1940/1940/1940
f 1941/1941/1941 1942/1942/1942 1943/1943/1943
f 1944/1944/1944 1945/1945/1945 1946/1946/1946
f 1947/1947/1947 1948/1948/1948 1949/1949/1949
f 1950/1950/1950 1951/1951/1951 1952/1952/1952
f 1953/1953/1953 1954/1954/1954 1955/1955/1955
f 1956/1956/1956 1957/1957/1957 1958/1958/1958
f 1959/1959/1959 1960/1960/1960 1961/1961/1961
f 1962/1962/1962 1963/1963/1963 1964/1964/1964
f 1965/1965/1965 1966/1966/1966 1967/1967/1967
f 1968/1968/1968 1969/1969/1969 1970/1970/1970
f 1971/1971/1971 1972/1972/1972 1973/1973/1973
f 1974/1974/1974 1975/1975/1975 1976/1976/1976
f 1977/1977/1977 1978/1978/1978 1979/1979/1979
f 1980/1980/1980 1981/1981/1981 1982/1982/1982
f 1983/1983/1983 1984/1984/1984 1985/1985/1985
f 1986/1986/1986 1987/1987/1987 1988/1988/1988
f 1989/1989/1989 1990/1990/1990 1991/1991/1991
f 1992/1992/1992 1993/1993/1993 1994/1994/1994
f 1995/1995/1995 1996/1996/1996 1997/1997/1997
f 1998/1998/1998 1999/1999/1999 2000/2000/2000
f 2001/2001/2001 2002/2002/2002 2003/2003/2003
f 2004/2004/2004 2005/2005/2005 2006/2006/2006
f 2007/2007/2007 2008/2008/2008 2009/2009/2009
f 2010/2010/2010 2011/2011/2011 2012/2012/2012
f 2013/2013/2013 2014/2014/2014 2015/2015/2015
f 2016/2016/2016 2017/2017/2017 2018/2018/2018
f 2019/2019/2019 2020/2020/2020 2021/2021/2021
f 2022/2022/2022 2023/2023/2023 2024/2024/2024
f 2025/2025/2025 2026/2026/2026 2027/2027/2027
f 2028/2028/2028 2029/2029/2029 2030/2030/2030
f 2031/2031/2031 2032/2032/2032 2033/2033/2033
f 2034/2034/2034 2035/2035/2035 2036/2036/2036
f 2037/2037/2037 2038/2038/2038 2039/2039/2039
f 2040/2040/2040 2041/2041/2041 2042/2042/2042
f 2043/2043/2043 2044/2044/2044 2045/2045/2045
f 2046/2046/2046 2047/2047/2047 2048/2048/2048
f 2049/2049/2049 2050/2050/2050 2051/2051/2051
f 2052/2052/2052 2053/2053/2053 2054/2054/2054
f 2055/2055/2055 2056/2056/2056 2057/2057/2057
f 2058/2058/2058 2059/2059/2059 2060/2060/2060
f 2061/2061/2061 2062/2062/2062 2063/2063/2063
f 2064/2064/2064 2065/2065/2065 2066/2066/2066
f 2067/2067/2067 2068/2068/2068 2069/2069/2069
f 2070/2070/2070 2071/2071/2071 2072/2072/2072
f 2073/2073/2073 2074/2074/2074 2075/2075/2075
f 2076/2076/2076 2077/2077/2077 2078/2078/2078
f 2079/2079/2079 2080/2080/2080 2081/2081/2081
f 2082/2082/2082 2083/2083/2083 2084/2084/2084
f 2085/2085/2085 2086/2086/2086 2087/2087/2087
f 2088/2088/2088 2089/2089/2089 2090/2090/2090
f 2091/2091/2091 2092/2092/2092 2093/2093/2093
f 2094/2094/2094 2095/2095/2095 2096/2096/2096
f 2097/2097/2097 2098/2098/2098 2099/2099/2099
f 2100/2100/2100 2101/2101/2101 2102/2102/2102
f 2103/2103/2103 2104/2104/2104 2105/2105/2105
f 2106/2106/2106 2107/2107/2107 2108/2108/2108
f 2109/2109/2109 2110/2110/2110 2111/2111/2111
f 2112/2112/2112 2113/2113/2113 2114/2114/2114
f 2115/2115/2115 2116/2116/2116 2117/2117/2117
f 2118/2118/2118 2119/2119/2119 2120/2120/2120
f 2121/2121/2121 2122/2122/2122 2123/2123/2123
f 2124/2124/2124 2125/2125/2125 2126/2126/2126
f 2127/2127/2127 2128/2128/2128 2129/2129/2129
f 2130/2130/2130 2131/2131/2131 2132/2132/2132
f 2133/2133/2133 2134/2134/2134 2135/2135/2135
f 2136/2136/2136 2137/2137/2137 2138/2138/2138
f 2139/2139/2139 2140/2140/2140 2141/2141/2141
f 2142/2142/2142 2143/2143/2143 2144/2144/2144
f 2145/2145/2145 2146/2146/2146 2147/2147/2147
f 2148/2148/2148 2149/2149/2149 2150/2150/2150
f 2151/2151/2151 2152/2152/2152 2153/2153/2153
f 2154/2154/2154 2155/2155/2155 2156/2156/2156
f 2157/2157/2157 2158/2158/2158 2159/2159/2159
f 2160/2160/2160 2161/2161/2161 2162/2162/2162
f 2163/2163/2163 2164/2164/2164 2165/2165/2165
f 2166/2166/2166 2167/2167/2167 2168/2168/2168
f 2169/2169/2169 2170/2170/2170 2171/2171/2171
f 2172/2172/2172 2173/2173/2173 2174/2174/2174
f 2175/2175/2175 2176/2176/2176 2177/2177/2177
f 2178/2178/2178 2179/2179/2179 2180/2180/2180
f 2181/2181/2181 2180/2180/2180 2182/2182/2182
f 2183/2183/2183 2184/2184/2184 2185/2185/2185
f 2186/2186/2186 2187/2187/2187 2188/2188/2188
f 2189/2189/2189 2190/2190/2190 2191/2191/2191
f 2192/2192/2192 2193/2193/2193 2194/2194/2194
f 2195/2195/2195 2196/2196/2196 2197/2197/2197
f 2198/2198/2198 2199/2199/2199 2200/2200/2200
f 2201/2201/2201 2202/2202/2202 2203/2203/2203
f 2204/2204/2204 2205/2205/2205 2206/2206/2206
f 2207/2207/2207 2208/2208/2208 2209/2209/2209
f 2210/2210/2210 2211/2211/2211 2212/2212/2212
f 2213/2213/2213 2214/2214/2214 2215/2215/2215
f 2216/2216/2216 2217/2217/2217 2218/2218/2218
f 2219/2219/2219 2220/2220/2220 2221/2221/2221
f 2222/2222/2222 2223/2223/2223 2224/2224/2224
f 2225/2225/2225 2226/2226/2226 2227/2227/2227
f 2228/2228/2228 2229/2229/2229 2230/2230/2230
f 2231/2231/2231 2232/2232/2232 2233/2233/2233
f 2234/2234/2234 2235/2235/2235 2236/2236/2236
f 2237/2237/2237 2238/2238/2238 2239/2239/2239
f 2240/2240/2240 2241/2241/2241 2242/2242/2242
f 2243/2243/2243 2244/2244/2244 2245/2245/2245
f 2246/2246/2246 2247/2247/2247 2248/2248/2248
f 2249/2249/2249 2250/2250/2250 2251/2251/2251
f 2252/2252/2252 2253/2253/2253 2254/2254/2254
f 2255/2255/2255 2256/2256/2256 2257/2257/2257
f 2258/2258/2258 2259/2259/2259 2260/2260/2260
f 2261/2261/2261 2262/2262/2262 2260/2260/2260
f 2263/2263/2263 2264/2264/2264 2261/2261/2261
f 2265/2265/2265 2266/2266/2266 2267/2267/2267
f 2268/2268/2268 2269/2269/2269 2270/2270/2270
f 2271/2271/2271 2272/2272/2272 2273/2273/2273
f 2274/2274/2274 2275/2275/2275 2276/2276/2276
f 2277/2277/2277 2278/2278/2278 2279/2279/2279
f 2280/2280/2280 2281/2281/2281 2282/2282/2282
f 2283/2283/2283 2284/2284/2284 2285/2285/2285
f 2286/2286/2286 2287/2287/2287 2288/2288/2288
f 2289/2289/2289 2290/2290/2290 2291/2291/2291
f 2292/2292/2292 2293/2293/2293 2294/2294/2294
f 2295/2295/2295 2296/2296/2296 2297/2297/2297
f 2298/2298/2298 2299/2299/2299 2300/2300/2300
f 2301/2301/2301 2302/2302/2302 2303/2303/2303
f 2304/2304/2304 2305/2305/2305 2306/2306/2306
f 2307/2307/2307 2308/2308/2308 2309/2309/2309
f 2310/2310/2310 2311/2311/2311 2312/2312/2312
f 2313/2313/2313 2314/2314/2314 2315/2315/2315
f 2316/2316/2316 2317/2317/2317 2318/2318/2318
f 2319/2319/2319 2320/2320/2320 2321/2321/2321
f 2322/2322/2322 2323/2323/2323 2324/2324/2324
f 2325/2325/2325 2326/2326/2326 2327/2327/2327
f 2328/2328/2328 2329/2329/2329 2330/2330/2330
f 2331/2331/2331 2332/2332/2332 2333/2333/2333
f 2334/2334/2334 2335/2335/2335 2336/2336/2336
f 2337/2337/2337 2338/2338/2338 2339/2339/2339
f 2340/2340/2340 2341/2341/2341 2342/2342/2342
f 2343/2343/2343 2344/2344/2344 2345/2345/2345
f 2346/2346/2346 2347/2347/2347 2348/2348/2348
f 2349/2349/2349 2350/2350/2350 2351/2351/2351
f 2352/2352/2352 2353/2353/2353 2354/2354/2354
f 2355/2355/2355 2356/2356/2356 2357/2357/2357
f 2358/2358/2358 2359/2359/2359 2360/2360/2360
f 2361/2361/2361 2362/2362/2362 2363/2363/2363
f 2364/2364/2364 2365/2365/2365 2366/2366/2366
f 2367/2367/2367 2368/2368/2368 2369/2369/2369
f 2370/2370/2370 2371/2371/2371 2372/2372/2372
f 2373/2373/2373 2374/2374/2374 2375/2375/2375
f 2376/2376/2376 2377/2377/2377 2378/2378/2378
f 2379/2379/2379 2380/2380/2380 2381/2381/2381
f 2382/2382/2382 2383/2383/2383 2384/2384/2384
f 2385/2385/2385 2386/2386/2386 2387/2387/2387
f 2388/2388/2388 2389/2389/2389 2390/2390/2390
f 2391/2391/2391 2392/2392/2392 2393/2393/2393
f 2394/2394/2394 2395/2395/2395 2396/2396/2396
f 2397/2397/2397 2398/2398/2398 2399/2399/2399
f 2400/2400/2400 2401/2401/2401 2402/2402/2402
f 2403/2403/2403 2404/2404/2404 2405/2405/2405
f 2406/2406/2406 2407/2407/2407 2408/2408/2408
f 2409/2409/2409 2410/2410/2410 2411/2411/2411
f 2412/2412/2412 2413/2413/2413 2414/2414/2414
f 2415/2415/2415 2416/2416/2416 2417/2417/2417
f 2418/2418/2418 2419/2419/2419 2420/2420/2420
f 2421/2421/2421 2422/2422/2422 2423/2423/2423
f 2424/2424/2424 2425/2425/2425 2426/2426/2426
f 2427/2427/2427 2428/2428/2428 2429/2429/2429
f 2430/2430/2430 2431/2431/2431 2432/2432/2432
f 2433/2433/2433 2434/2434/2434 2435/2435/2435
f 2436/2436/2436 2437/2437/2437 2438/2438/2438
f 2439/2439/2439 2440/2440/2440 2441/2441/2441
f 2442/2442/2442 2443/2443/2443 2444/2444/2444
f 2445/2445/2445 2446/2446/2446 2447/2447/2447
f 2448/2448/2448 2449/2449/2449 2450/2450/2450
f 2451/2451/2451 2452/2452/2452 2453/2453/2453
f 2454/2454/2454 2455/2455/2455 2456/2456/2456
f 2457/2457/2457 2458/2458/2458 2459/2459/2459
f 2460/2460/2460 2461/2461/2461 2462/2462/2462
f 2463/2463/2463 2464/2464/2464 2465/2465/2465
f 2466/2466/2466 2467/2467/2467 2468/2468/2468
f 2469/2469/2469 2470/2470/2470 2471/2471/2471
f 2472/2472/2472 2473/2473/2473 2474/2474/2474
f 2475/2475/2475 2476/2476/2476 2477/2477/2477
f 2478/2478/2478 2479/2479/2479 2480/2480/2480
f 2481/2481/2481 2482/2482/2482 2483/2483/2483
f 2484/2484/2484 2485/2485/2485 2486/2486/2486
f 2487/2487/2487 2488/2488/2488 2489/2489/2489
f 2490/2490/2490 2491/2491/2491 2492/2492/2492
f 2493/2493/2493 2494/2494/2494 2495/2495/2495
f 2496/2496/2496 2497/2497/2497 2498/2498/2498
f 2499/2499/2499 2500/2500/2500 2501/2501/2501
f 2502/2502/2502 2503/2503/2503 2504/2504/2504
f 2505/2505/2505 2506/2506/2506 2507/2507/2507
f 2508/2508/2508 2509/2509/2509 2510/2510/2510
f 2511/2511/2511 2512/2512/2512 2513/2513/2513
f 2514/2514/2514 2515/2515/2515 2516/2516/2516
f 2517/2517/2517 2518/2518/2518 2519/2519/2519
f 2520/2520/2520 2521/2521/2521 2522/2522/2522
f 2523/2523/2523 2524/2524/2524 2525/2525/2525
f 2526/2526/2526 2527/2527/2527 2528/2528/2528
f 2529/2529/2529 2530/2530/2530 2531/2531/2531
f 2532/2532/2532 2533/2533/2533 2534/2534/2534
f 2535/2535/2535 2536/2536/2536 2537/2537/2537
f 2538/2538/2538 2539/2539/2539 2540/2540/2540
f 2541/2541/2541 2542/2542/2542 2543/2543/2543
f 2544/2544/2544 2545/2545/2545 2546/2546/2546
f 2547/2547/2547 2548/2548/2548 2549/2549/2549
f 2550/2550/2550 2551/2551/2551 2552/2552/2552
f 2553/2553/2553 2554/2554/2554 2555/2555/2555
f 2556/2556/2556 2557/2557/2557 2558/2558/2558
f 2559/2559/2559 2560/2560/2560 2561/2561/2561
f 2562/2562/2562 2563/2563/2563 2564/2564/2564
f 2565/2565/2565 2566/2566/2566 2567/2567/2567
f 2568/2568/2568 2569/2569/2569 2570/2570/2570
f 2571/2571/2571 2572/2572/2572 2573/2573/2573
f 2574/2574/2574 2575/2575/2575 2576/2576/2576
f 2577/2577/2577 2578/2578/2578 2579/2579/2579
f 2580/2580/2580 2581/2581/2581 2582/2582/2582
f 2583/2583/2583 2584/2584/2584 2585/2585/2585
f 2586/2586/2586 2587/2587/2587 2588/2588/2588
f 2589/2589/2589 2590/2590/2590 2591/2591/2591
f 2592/2592/2592 2593/2593/2593 2594/2594/2594
f 2595/2595/2595 2596/2596/2596 2597/2597/2597
f 2598/2598/2598 2599/2599/2599 2600/2600/2600
f 2601/2601/2601 2602/2602/2602 2603/2603/2603
f 2604/2604/2604 2605/2605/2605 2606/2606/2606
f 2607/2607/2607 2608/2608/2608 2609/2609/2609
f 2610/2610/2610 2611/2611/2611 2612/2612/2612
f 2613/2613/2613 2614/2614/2614 2615/2615/2615
f 2616/2616/2616 2617/2617/2617 2618/2618/2618
f 2619/2619/2619 2620/2620/2620 2621/2621/2621
f 2622/2622/2622 2623/2623/2623 2624/2624/2624
f 2625/2625/2625 2626/2626/2626 2627/2627/2627
f 2628/2628/2628 2629/2629/2629 2630/2630/2630
f 2631/2631/2631 2632/2632/2632 2633/2633/2633
f 2634/2634/2634 2635/2635/2635 2636/2636/2636
f 2637/2637/2637 2638/2638/2638 2639/2639/2639
f 2640/2640/2640 2641/2641/2641 2642/2642/2642
f 2643/2643/2643 2644/2644/2644 2645/2645/2645
f 2646/2646/2646 2647/2647/2647 2648/2648/2648
f 2649/2649/2649 2650/2650/2650 2651/2651/2651
f 2652/2652/2652 2653/2653/2653 2654/2654/2654
f 2655/2655/2655 2656/2656/2656 2657/2657/2657
f 2658/2658/2658 2659/2659/2659 2660/2660/2660
f 2661/2661/2661 2662/2662/2662 2663/2663/2663
f 2664/2664/2664 2665/2665/2665 2666/2666/2666
f 2667/2667/2667 2668/2668/2668 2669/2669/2669
f 2670/2670/2670 2671/2671/2671 2672/2672/2672
f 2673/2673/2673 2674/2674/2674 2675/2675/2675
f 2676/2676/2676 2677/2677/2677 2678/2678/2678
f 2679/2679/2679 2680/2680/2680 2681/2681/2681
f 2682/2682/2682 2683/2683/2683 2684/2684/2684
f 2685/2685/2685 2686/2686/2686 2687/2687/2687
f 2688/2688/2688 2689/2689/2689 2690/2690/2690
f 2691/2691/2691 2692/2692/2692 2693/2693/2693
f 2694/2694/2694 2695/2695/2695 2696/2696/2696
f 2697/2697/2697 2698/2698/2698 2699/2699/2699
f 2700/2700/2700 2701/2701/2701 2702/2702/2702
f 2703/2703/2703 2704/2704/2704 2705/2705/2705
f 2706/2706/2706 2707/2707/2707 2708/2708/2708
f 2709/2709/2709 2710/2710/2710 2711/2711/2711
f 2712/2712/2712 2713/2713/2713 2714/2714/2714
f 2715/2715/2715 2716/2716/2716 2717/2717/2717
f 2718/2718/2718 2719/2719/2719 2720/2720/2720
f 2721/2721/2721 2722/2722/2722 2723/2723/2723
f 2724/2724/2724 2725/2725/2725 2726/2726/2726
f 2727/2727/2727 2728/2728/2728 2729/2729/2729
f 2730/2730/2730 2731/2731/2731 2732/2732/2732
f 2733/2733/2733 2734/2734/2734 2735/2735/2735
f 2736/2736/2736 2737/2737/2737 2738/2738/2738
f 2739/2739/2739 2740/2740/2740 2741/2741/2741
f 2742/2742/2742 2743/2743/2743 2744/2744/2744
f 2745/2745/2745 2746/2746/2746 2747/2747/2747
f 2748/2748/2748 2749/2749/2749 2750/2750/2750
f 2751/2751/2751 2752/2752/2752 2753/2753/2753
f 2754/2754/2754 2755/2755/2755 2756/2756/2756
f 2757/2757/2757 2758/2758/2758 2759/2759/2759
f 2760/2760/2760 2761/2761/2761 2762/2762/2762
f 2763/2763/2763 2764/2764/2764 2765/2765/2765
f 2766/2766/2766 2767/2767/2767 2768/2768/2768
f 2769/2769/2769 2770/2770/2770 2771/2771/2771
f 2772/2772/2772 2773/2773/2773 2774/2774/2774
f 2775/2775/2775 2776/2776/2776 2777/2777/2777
f 2778/2778/2778 2779/2779/2779 2780/2780/2780
f 2781/2781/2781 2782/2782/2782 2783/2783/2783
f 2784/2784/2784 2785/2785/2785 2786/2786/2786
f 2787/2787/2787 2788/2788/2788 2789/2789/2789
f 2790/2790/2790 2791/2791/2791 2792/2792/2792
f 2793/2793/2793 2794/2794/2794 2795/2795/2795
f 2796/2796/2796 2797/2797/2797 2798/2798/2798
f 2799/2799/2799 2800/2800/2800 2801/2801/2801
f 2802/2802/2802 2803/2803/2803 2804/2804/2804
f 2805/2805/2805 2806/2806/2806 2807/2807/2807
f 2808/2808/2808 2809/2809/2809 2810/2810/2810
f 2811/2811/2811 2812/2812/2812 2813/2813/2813
f 2814/2814/2814 2815/2815/2815 2816/2816/2816
f 2817/2817/2817 2818/2818/2818 2819/2819/2819
f 2820/2820/2820 2821/2821/2821 2822/2822/2822
f 2823/2823/2823 2824/2824/2824 2825/2825/2825
f 2826/2826/2826 2827/2827/2827 2828/2828/2828
f 2829/2829/2829 2830/2830/2830 2831/2831/2831
f 2832/2832/2832 2833/2833/2833 2834/2834/2834
f 2835/2835/2835 2836/2836/2836 2837/2837/2837
f 2838/2838/2838 2839/2839/2839 2840/2840/2840
f 2841/2841/2841 2842/2842/2842 2843/2843/2843
f 2844/2844/2844 2845/2845/2845 2846/2846/2846
f 2847/2847/2847 2848/2848/2848 2849/2849/2849
f 2850/2850/2850 2851/2851/2851 2852/2852/2852
f 2853/2853/2853 2854/2854/2854 2855/2855/2855
f 2856/2856/2856 2857/2857/2857 2858/2858/2858
f 2859/2859/2859 2860/2860/2860 2861/2861/2861
f 2862/2862/2862 2863/2863/2863 2864/2864/2864
f 2865/2865/2865 2866/2866/2866 2867/2867/2867
f 2868/2868/2868 2869/2869/2869 2870/2870/2870
f 2871/2871/2871 2872/2872/2872 2873/2873/2873
f 2874/2874/2874 2875/2875/2875 2876/2876/2876
f 2877/2877/2877 2878/2878/2878 2879/2879/2879
f 2880/2880/2880 2881/2881/2881 2882/2882/2882
f 2883/2883/2883 2884/2884/2884 2885/2885/2885
f 2886/2886/2886 2887/2887/2887 2888/2888/2888
f 2889/2889/2889 2890/2890/2890 2891/2891/2891
f 2892/2892/2892 2893/2893/2893 2894/2894/2894
f 2895/2895/2895 2896/2896/2896 2897/2897/2897
f 2898/2898/2898 2899/2899/2899 2900/2900/2900
f 2901/2901/2901 2902/2902/2902 2903/2903/2903
f 2904/2904/2904 2905/2905/2905 2906/2906/2906
f 2907/2907/2907 2908/2908/2908 2909/2909/2909
f 2910/2910/2910 2911/2911/2911 2912/2912/2912
f 2913/2913/2913 2914/2914/2914 2915/2915/2915
f 2916/2916/2916 2917/2917/2917 2918/2918/2918
f 2919/2919/2919 2920/2920/2920 2921/2921/2921
f 2922/2922/2922 2923/2923/2923 2924/2924/2924
f 2925/2925/2925 2926/2926/2926 2927/2927/2927
f 2928/2928/2928 2929/2929/2929 2930/2930/2930
f 2931/2931/2931 2932/2932/2932 2933/2933/2933
f 2934/2934/2934 2935/2935/2935 2936/2936/2936
f 2937/2937/2937 2938/2938/2938 2939/2939/2939
f 2940/2940/2940 2941/2941/2941 2942/2942/2942
f 2943/2943/2943 2944/2944/2944 2945/2945/2945
f 2946/2946/2946 2947/2947/2947 2948/2948/2948
f 2949/2949/2949 2950/2950/2950 2951/2951/2951
f 2952/2952/2952 2953/2953/2953 2954/2954/2954
f 2955/2955/2955 2956/2956/2956 2957/2957/2957
f 2958/2958/2958 2959/2959/2959 2960/2960/2960
f 2961/2961/2961 2962/2962/2962 2963/2963/2963
f 2964/2964/2964 2965/2965/2965 2966/2966/2966
f 2967/2967/2967 2968/2968/2968 2969/2969/2969
f 2970/2970/2970 2971/2971/2971 2972/2972/2972
f 2973/2973/2973 2974/2974/2974 2975/2975/2975
f 2976/2976/2976 2977/2977/2977 2978/2978/2978
f 2979/2979/2979 2980/2980/2980 2981/2981/2981
f 2982/2982/2982 2983/2983/2983 2984/2984/2984
f 2985/2985/2985 2986/2986/2986 2987/2987/2987
f 2988/2988/2988 2989/2989/2989 2990/2990/2990
f 2991/2991/2991 2992/2992/2992 2993/2993/2993
f 2994/2994/2994 2995/2995/2995 2996/2996/2996
f 2997/2997/2997 2998/2998/2998 2999/2999/2999
f 3000/3000/3000 3001/3001/3001 3002/3002/3002
f 3003/3003/3003 3004/3004/3004 3005/3005/3005
f 3006/3006/3006 3007/3007/3007 3008/3008/3008
f 3009/3009/3009 3010/3010/3010 3011/3011/3011
f 3012/3012/3012 3013/3013/3013 3014/3014/3014
f 3015/3015/3015 3016/3016/3016 3017/3017/3017
f 3018/3018/3018 3019/3019/3019 3020/3020/3020
f 3021/3021/3021 3022/3022/3022 3023/3023/3023
f 3024/3024/3024 3025/3025/3025 3026/3026/3026
f 3027/3027/3027 3028/3028/3028 3029/3029/3029
f 3030/3030/3030 3031/3031/3031 3032/3032/3032
f 3033/3033/3033 3034/3034/3034 3035/3035/3035
f 3036/3036/3036 3037/3037/3037 3038/3038/3038
f 3039/3039/3039 3040/3040/3040 3041/3041/3041
f 3042/3042/3042 3043/3043/3043 3044/3044/3044
f 3045/3045/3045 3046/3046/3046 3047/3047/3047
f 3048/3048/3048 3049/3049/3049 3050/3050/3050
f 3051/3051/3051 3052/3052/3052 3053/3053/3053
f 3054/3054/3054 3055/3055/3055 3056/3056/3056
f 3057/3057/3057 3058/3058/3058 3059/3059/3059
f 3060/3060/3060 3061/3061/3061 3062/3062/3062
f 3063/3063/3063 3064/3064/3064 3065/3065/3065
f 3066/3066/3066 3067/3067/3067 3068/3068/3068
f 3069/3069/3069 3070/3070/3070 3071/3071/3071
f 3072/3072/3072 3073/3073/3073 3074/3074/3074
f 3075/3075/3075 3076/3076/3076 3077/3077/3077
f 3078/3078/3078 3079/3079/3079 3080/3080/3080
f 3081/3081/3081 3082/3082/3082 3083/3083/3083
f 3084/3084/3084 3085/3085/3085 3086/3086/3086
f 3087/3087/3087 3088/3088/3088 3089/3089/3089
f 3090/3090/3090 3088/3088/3088 3091/3091/3091
f 3092/3092/3092 3093/3093/3093 3094/3094/3094
f 3095/3095/3095 3096/3096/3096 3097/3097/3097
f 3098/3098/3098 3099/3099/3099 3100/3100/3100
f 3101/3101/3101 3102/3102/3102 3103/3103/3103
f 3104/3104/3104 3105/3105/3105 3106/3106/3106
f 3107/3107/3107 3108/3108/3108 3109/3109/3109
f 3110/3110/3110 3111/3111/3111 3112/3112/3112
f 3113/3113/3113 3114/3114/3114 3115/3115/3115
f 3116/3116/3116 3117/3117/3117 3118/3118/3118
f 3119/3119/3119 3120/3120/3120 3121/3121/3121
f 3122/3122/3122 3123/3123/3123 3124/3124/3124
f 3125/3125/3125 3126/3126/3126 3127/3127/3127
f 3128/3128/3128 3129/3129/3129 3130/3130/3130
f 3131/3131/3131 3132/3132/3132 3133/3133/3133
f 3134/3134/3134 3135/3135/3135 3136/3136/3136
f 3137/3137/3137 3138/3138/3138 3139/3139/3139
f 3140/3140/3140 3141/3141/3141 3142/3142/3142
f 3143/3143/3143 3144/3144/3144 3145/3145/3145
f 3146/3146/3146 3147/3147/3147 3148/3148/3148
f 3149/3149/3149 3150/3150/3150 3151/3151/3151
f 3152/3152/3152 3153/3153/3153 3154/3154/3154
f 3155/3155/3155 3156/3156/3156 3157/3157/3157
f 3158/3158/3158 3159/3159/3159 3160/3160/3160
f 3161/3161/3161 3162/3162/3162 3163/3163/3163
f 3164/3164/3164 3165/3165/3165 3166/3166/3166
f 3167/3167/3167 3168/3168/3168 3169/3169/3169
f 3170/3170/3170 3171/3171/3171 3172/3172/3172
f 3173/3173/3173 3174/3174/3174 3175/3175/3175
f 3176/3176/3176 3177/3177/3177 3178/3178/3178
f 3179/3179/3179 3180/3180/3180 3181/3181/3181
f 3182/3182/3182 3183/3183/3183 3184/3184/3184
f 3185/3185/3185 3186/3186/3186 3187/3187/3187
f 3188/3188/3188 3189/3189/3189 3190/3190/3190
f 3191/3191/3191 3192/3192/3192 3193/3193/3193
f 3194/3194/3194 3195/3195/3195 3196/3196/3196
f 3197/3197/3197 3198/3198/3198 3199/3199/3199
f 3200/3200/3200 3201/3201/3201 3202/3202/3202
f 3203/3203/3203 3204/3204/3204 3205/3205/3205
f 3206/3206/3206 3207/3207/3207 3208/3208/3208
f 3209/3209/3209 3210/3210/3210 3211/3211/3211
f 3212/3212/3212 3213/3213/3213 3214/3214/3214
f 3215/3215/3215 3216/3216/3216 3217/3217/3217
f 3218/3218/3218 3219/3219/3219 3220/3220/3220
f 3221/3221/3221 3222/3222/3222 3223/3223/3223
f 3224/3224/3224 3225/3225/3225 3226/3226/3226
f 3227/3227/3227 3228/3228/3228 3229/3229/3229
f 3230/3230/3230 3231/3231/3231 3232/3232/3232
f 3233/3233/3233 3234/3234/3234 3235/3235/3235
f 3236/3236/3236 3237/3237/3237 3238/3238/3238
f 3239/3239/3239 3240/3240/3240 3241/3241/3241
f 3242/3242/3242 3243/3243/3243 3244/3244/3244
f 3245/3245/3245 3246/3246/3246 3247/3247/3247
f 3248/3248/3248 3249/3249/3249 3250/3250/3250
f 3251/3251/3251 3252/3252/3252 3253/3253/3253
f 3254/3254/3254 3255/3255/3255 3256/3256/3256
f 3257/3257/3257 3258/3258/3258 3259/3259/3259
f 3260/3260/3260 3261/3261/3261 3262/3262/3262
f 3263/3263/3263 3264/3264/3264 3265/3265/3265
f 3266/3266/3266 3267/3267/3267 3268/3268/3268
f 3269/3269/3269 3270/3270/3270 3271/3271/3271
f 3272/3272/3272 3273/3273/3273 3274/3274/3274
f 3275/3275/3275 3276/3276/3276 3277/3277/3277
f 3278/3278/3278 3279/3279/3279 3280/3280/3280
f 3281/3281/3281 3282/3282/3282 3283/3283/3283
f 3284/3284/3284 3285/3285/3285 3286/3286/3286
f 3287/3287/3287 3288/3288/3288 3286/3286/3286
f 3289/3289/3289 3290/3290/3290 3291/3291/3291
f 3292/3292/3292 3293/3293/3293 3294/3294/3294
f 3295/3295/3295 3296/3296/3296 3297/3297/3297
f 3298/3298/3298 3299/3299/3299 3300/3300/3300
f 3301/3301/3301 3302/3302/3302 3303/3303/3303
f 3304/3304/3304 3305/3305/3305 3306/3306/3306
f 3307/3307/3307 3308/3308/3308 3309/3309/3309
f 3310/3310/3310 3311/3311/3311 3312/3312/3312
f 3313/3313/3313 3314/3314/3314 3315/3315/3315
f 3316/3316/3316 3317/3317/3317 3318/3318/3318
f 3319/3319/3319 3320/3320/3320 3321/3321/3321
f 3322/3322/3322 3323/3323/3323 3324/3324/3324
f 3325/3325/3325 3326/3326/3326 3327/3327/3327
f 3328/3328/3328 3329/3329/3329 3330/3330/3330
f 3331/3331/3331 3332/3332/3332 3333/3333/3333
f 3334/3334/3334 3335/3335/3335 3336/3336/3336
f 3337/3337/3337 3338/3338/3338 3339/3339/3339
f 3340/3340/3340 3341/3341/3341 3342/3342/3342
f 3343/3343/3343 3344/3344/3344 3345/3345/3345
f 3346/3346/3346 3347/3347/3347 3348/3348/3348
f 3349/3349/3349 3350/3350/3350 3351/3351/3351
f 3352/3352/3352 3353/3353/3353 3354/3354/3354
f 3355/3355/3355 3356/3356/3356 3357/3357/3357
f 3358/3358/3358 3359/3359/3359 3360/3360/3360
f 3361/3361/3361 3362/3362/3362 3363/3363/3363
f 3364/3364/3364 3365/3365/3365 3366/3366/3366
f 3367/3367/3367 3368/3368/3368 3369/3369/3369
f 3370/3370/3370 3371/3371/3371 3372/3372/3372
f 3373/3373/3373 3374/3374/3374 3375/3375/3375
f 3376/3376/3376 3377/3377/3377 3378/3378/3378
f 3379/3379/3379 3380/3380/3380 3381/3381/3381
f 3382/3382/3382 3383/3383/3383 3384/3384/3384
f 3385/3385/3385 3386/3386/3386 3387/3387/3387
f 3388/3388/3388 3389/3389/3389 3390/3390/3390
f 3391/3391/3391 3392/3392/3392 3393/3393/3393
f 3394/3394/3394 3395/3395/3395 3396/3396/3396
f 3397/3397/3397 3398/3398/3398 3399/3399/3399
f 3400/3400/3400 3401/3401/3401 3402/3402/3402
f 3403/3403/3403 3404/3404/3404 3405/3405/3405
f 3406/3406/3406 3407/3407/3407 3408/3408/3408
f 3409/3409/3409 3410/3410/3410 3411/3411/3411
f 3412/3412/3412 3413/3413/3413 3414/3414/3414
f 3415/3415/3415 3416/3416/3416 3417/3417/3417
f 3418/3418/3418 3419/3419/3419 3420/3420/3420
f 3421/3421/3421 3422/3422/3422 3423/3423/3423
f 3424/3424/3424 3425/3425/3425 3426/3426/3426
f 3427/3427/3427 3428/3428/3428 3429/3429/3429
f 3430/3430/3430 3431/3431/3431 3432/3432/3432
f 3433/3433/3433 3434/3434/3434 3435/3435/3435
f 3436/3436/3436 3437/3437/3437 3438/3438/3438
f 3439/3439/3439 3440/3440/3440 3441/3441/3441
f 3442/3442/3442 3443/3443/3443 3444/3444/3444
f 3445/3445/3445 3446/3446/3446 3447/3447/3447
f 3448/3448/3448 3449/3449/3449 3450/3450/3450
f 3451/3451/3451 3452/3452/3452 3453/3453/3453
f 3454/3454/3454 3455/3455/3455 3456/3456/3456
f 3457/3457/3457 3458/3458/3458 3459/3459/3459
f 3460/3460/3460 3461/3461/3461 3462/3462/3462
f 3463/3463/3463 3464/3464/3464 3465/3465/3465
f 3466/3466/3466 3467/3467/3467 3468/3468/3468
f 3469/3469/3469 3470/3470/3470 3471/3471/3471
f 3472/3472/3472 3473/3473/3473 3474/3474/3474
f 3475/3475/3475 3476/3476/3476 3477/3477/3477
f 3478/3478/3478 3479/3479/3479 3480/3480/3480
f 3481/3481/3481 3482/3482/3482 3483/3483/3483
f 3484/3484/3484 3485/3485/3485 3486/3486/3486
f 3487/3487/3487 3488/3488/3488 3489/3489/3489
f 3490/3490/3490 3491/3491/3491 3492/3492/3492
f 3493/3493/3493 3494/3494/3494 3495/3495/3495
f 3496/3496/3496 3497/3497/3497 3498/3498/3498
f 3499/3499/3499 3500/3500/3500 3501/3501/3501
f 3502/3502/3502 3503/3503/3503 3504/3504/3504
f 3505/3505/3505 3506/3506/3506 3507/3507/3507
f 3508/3508/3508 3509/3509/3509 3510/3510/3510
f 3511/3511/3511 3512/3512/3512 3513/3513/3513
f 3514/3514/3514 3515/3515/3515 3516/3516/3516
f 3517/3517/3517 3518/3518/3518 3519/3519/3519
f 3520/3520/3520 3521/3521/3521 3522/3522/3522
f 3523/3523/3523 3524/3524/3524 3525/3525/3525
f 3526/3526/3526 3527/3527/3527 3528/3528/3528
f 3529/3529/3529 3530/3530/3530 3531/3531/3531
f 3532/3532/3532 3533/3533/3533 3534/3534/3534
f 3535/3535/3535 3536/3536/3536 3537/3537/3537
f 3538/3538/3538 3539/3539/3539 3540/3540/3540
f 3541/3541/3541 3542/3542/3542 3543/3543/3543
f 3544/3544/3544 3545/3545/3545 3546/3546/3546
f 3547/3547/3547 3548/3548/3548 3549/3549/3549
f 3550/3550/3550 3551/3551/3551 3552/3552/3552
f 3553/3553/3553 3554/3554/3554 3555/3555/3555
f 3556/3556/3556 3557/3557/3557 3558/3558/3558
f 3559/3559/3559 3560/3560/3560 3561/3561/3561
f 3562/3562/3562 3563/3563/3563 3564/3564/3564
f 3565/3565/3565 3566/3566/3566 3567/3567/3567
f 3568/3568/3568 3569/3569/3569 3570/3570/3570
f 3569/3569/3569 3571/3571/3571 3572/3572/3572
f 3572/3572/3572 3571/3571/3571 3573/3573/3573
f 3574/3574/3574 3575/3575/3575 3576/3576/3576
f 3577/3577/3577 3578/3578/3578 3579/3579/3579
f 3580/3580/3580 3581/3581/3581 3582/3582/3582
f 3583/3583/3583 3584/3584/3584 3585/3585/3585
f 3586/3586/3586 3587/3587/3587 3588/3588/3588
f 3589/3589/3589 3590/3590/3590 3591/3591/3591
f 3590/3590/3590 3592/3592/3592 3591/3591/3591
f 3593/3593/3593 3594/3594/3594 3595/3595/3595
f 3593/3593/3593 3595/3595/3595 3596/3596/3596
f 3597/3597/3597 3598/3598/3598 3599/3599/3599
f 3599/3599/3599 3598/3598/3598 3600/3600/3600
f 3601/3601/3601 3602/3602/3602 3603/3603/3603
f 3601/3601/3601 3604/3604/3604 3602/3602/3602
f 3605/3605/3605 3606/3606/3606 3607/3607/3607
f 3605/3605/3605 3607/3607/3607 3608/3608/3608
f 3609/3609/3609 3610/3610/3610 3611/3611/3611
f 3609/3609/3609 3611/3611/3611 3612/3612/3612
f 3613/3613/3613 3614/3614/3614 3615/3615/3615
f 3613/3613/3613 3615/3615/3615 3616/3616/3616
f 3617/3617/3617 3618/3618/3618 3619/3619/3619
f 3617/3617/3617 3619/3619/3619 3620/3620/3620
f 3621/3621/3621 3622/3622/3622 3623/3623/3623
f 3621/3621/3621 3623/3623/3623 3624/3624/3624
f 3625/3625/3625 3626/3626/3626 3627/3627/3627
f 3625/3625/3625 3627/3627/3627 3628/3628/3628
f 3629/3629/3629 3630/3630/3630 3631/3631/3631
f 3629/3629/3629 3631/3631/3631 3632/3632/3632
f 3633/3633/3633 3634/3634/3634 3635/3635/3635
f 3633/3633/3633 3635/3635/3635 3636/3636/3636
f 3637/3637/3637 3638/3638/3638 3639/3639/3639
f 3637/3637/3637 3639/3639/3639 3640/3640/3640
f 3641/3641/3641 3642/3642/3642 3643/3643/3643
f 3641/3641/3641 3643/3643/3643 3644/3644/3644
f 3645/3645/3645 3646/3646/3646 3647/3647/3647
f 3645/3645/3645 3647/3647/3647 3648/3648/3648
f 3649/3649/3649 3650/3650/3650 3651/3651/3651
f 3649/3649/3649 3651/3651/3651 3652/3652/3652
f 3653/3653/3653 3654/3654/3654 3655/3655/3655
f 3653/3653/3653 3655/3655/3655 3656/3656/3656
f 3657/3657/3657 3658/3658/3658 3659/3659/3659
f 3657/3657/3657 3659/3659/3659 3660/3660/3660
f 3661/3661/3661 3662/3662/3662 3663/3663/3663
f 3661/3661/3661 3663/3663/3663 3664/3664/3664
f 3665/3665/3665 3666/3666/3666 3667/3667/3667
f 3665/3665/3665 3667/3667/3667 3668/3668/3668
f 3669/3669/3669 3670/3670/3670 3671/3671/3671
f 3669/3669/3669 3671/3671/3671 3672/3672/3672
f 3673/3673/3673 3674/3674/3674 3675/3675/3675
f 3673/3673/3673 3675/3675/3675 3676/3676/3676
f 3677/3677/3677 3678/3678/3678 3679/3679/3679
f 3677/3677/3677 3679/3679/3679 3680/3680/3680
f 3681/3681/3681 3682/3682/3682 3683/3683/3683
f 3681/3681/3681 3683/3683/3683 3684/3684/3684
